index,ID,stereo,satellite,satellite location,request location,time,area,strips,duration,distance,angle,sun elevation,cloud cover estimate,priority,priority mod,customer type mod,price,waiting time,uncertainty,cloud cover real
715,0180,0,0,"[50.36405275086816, 139.500248061204]","[np.float64(48.54539894304915), np.float64(135.0391574110673)]",2025-08-31 01:13:30,858.5518436290712,2,6.946500997485832,380.5247774428274,28.736249181617804,44.19753257193804,15.184340945498565,1,1,1,1287,11,0.051041666666666666,15.388507612165233
716,0180,0,0,"[49.769645293064045, 139.2499489488797]","[np.float64(48.54539894304915), np.float64(135.0391574110673)]",2025-08-31 01:13:40,858.5518436290712,2,6.946500997485832,335.0403122547176,25.769717934617894,44.21456023353888,11.184340945498565,1,1,1,1287,11,0.05115740740740741,10.775081686239306
717,0180,0,0,"[49.17487925032851, 139.00470417654122]","[np.float64(48.54539894304915), np.float64(135.0391574110673)]",2025-08-31 01:13:50,858.5518436290712,2,6.946500997485832,298.3860682167632,23.265340546695565,44.23156740457221,20.184340945498565,1,1,1,1287,11,0.05127314814814815,20.03052150105412
718,0180,0,0,"[48.579771698134465, 138.76429517813511]","[np.float64(48.54539894304915), np.float64(135.0391574110673)]",2025-08-31 01:14:00,858.5518436290712,2,6.946500997485832,274.1289449149679,21.553944570415215,44.24855408503804,14.184340945498565,1,1,1,1287,11,0.05138888888888889,14.44128538994301
719,0180,0,0,"[47.98433629686026, 138.52851704798627]","[np.float64(48.54539894304915), np.float64(135.0391574110673)]",2025-08-31 01:14:10,858.5518436290712,2,6.946500997485832,265.6881510907678,20.94864256264365,44.26552369003093,17.184340945498565,1,1,1,1287,11,0.05150462962962963,17.132836315868936
720,0180,0,0,"[47.38859012197883, 138.2971648804196]","[np.float64(48.54539894304915), np.float64(135.0391574110673)]",2025-08-31 01:14:20,858.5518436290712,2,6.946500997485832,274.5272180995336,21.582382126241026,44.28246938936174,12.184340945498565,1,1,1,1287,11,0.05162037037037037,11.874618723276344
721,0180,0,0,"[46.79254341877391, 138.07006109051667]","[np.float64(48.54539894304915), np.float64(135.0391574110673)]",2025-08-31 01:14:30,858.5518436290712,2,6.946500997485832,299.12007226971673,23.31646498753127,44.29939801321961,15.184340945498565,1,1,1,1287,11,0.05173611111111111,14.92566038994301
722,0086,0,0,"[46.19621326271844, 137.84701443298073]","[np.float64(43.75501325900639), np.float64(141.4670105056896)]",2025-08-31 01:14:40,817.8186994976703,2,5.03580988087256,393.3252787278455,29.542444906676597,50.78792746056998,15.315319400482853,2,2,2,1337,2,0.05185185185185185,15.52272680789026
723,0180,0,0,"[46.19621326271844, 137.84701443298073]","[np.float64(48.54539894304915), np.float64(135.0391574110673)]",2025-08-31 01:14:40,858.5518436290712,2,6.946500997485832,336.0254767042845,25.835642121308812,44.31630614650998,18.184340945498565,1,1,1,1287,11,0.05185185185185185,17.976933538091156
724,0086,0,0,"[45.599606484001576, 137.62787464365005]","[np.float64(43.75501325900639), np.float64(141.4670105056896)]",2025-08-31 01:14:50,817.8186994976703,2,5.03580988087256,366.2878791550719,27.824748648596994,50.803940839079075,15.315319400482853,2,2,2,1337,2,0.05196759259259259,15.783027733816185
725,0180,0,0,"[45.599606484001576, 137.62787464365005]","[np.float64(48.54539894304915), np.float64(135.0391574110673)]",2025-08-31 01:14:50,858.5518436290712,2,6.946500997485832,381.690546032918,28.810194501291637,44.33319720432742,12.184340945498565,1,1,1,1287,11,0.05196759259259259,11.976470575128195
726,0086,0,0,"[45.00274357319084, 137.41247779798454]","[np.float64(43.75501325900639), np.float64(141.4670105056896)]",2025-08-31 01:15:00,817.8186994976703,2,5.03580988087256,350.7785701619919,26.814070532872055,50.8199268968315,12.315319400482853,2,2,2,1337,2,0.052083333333333336,12.627819400482853
727,0086,0,0,"[44.40562794538082, 137.20064631106575]","[np.float64(43.75501325900639), np.float64(141.4670105056896)]",2025-08-31 01:15:10,817.8186994976703,2,5.03580988087256,348.3417624670492,26.653602022220912,50.835889048921814,15.315319400482853,2,2,2,1337,2,0.05219907407407407,14.845527733816185
728,0086,0,0,"[43.808273260949846, 136.992270899867]","[np.float64(43.75501325900639), np.float64(141.4670105056896)]",2025-08-31 01:15:20,817.8186994976703,2,5.03580988087256,359.24091632976956,27.36781048006487,50.85182388025545,9.315319400482853,2,2,2,1337,2,0.052314814814814814,9.001430511593965
729,0086,0,0,"[43.21068976518168, 136.78720130022654]","[np.float64(43.75501325900639), np.float64(141.4670105056896)]",2025-08-31 01:15:30,817.8186994976703,2,5.03580988087256,382.3377731238936,28.85120320558828,50.86773139083241,11.315319400482853,2,2,2,1337,2,0.05243055555555556,10.791013844927297
730,0026,0,0,"[38.42281936455653, 135.2511327370257]","[np.float64(34.90085176593495), np.float64(135.0445482737043)]",2025-08-31 01:16:50,989.0992515162501,2,5.526239617094406,392.05839217682626,29.46321848976284,54.633088321760795,17.06439963817758,2,2,2,962,4,0.053356481481481484,17.117756119659063
731,0026,0,0,"[37.823552227157954, 135.07061083726225]","[np.float64(34.90085176593495), np.float64(135.0445482737043)]",2025-08-31 01:17:00,989.0992515162501,2,5.526239617094406,324.99829685077606,25.09356394213999,54.658482965094905,17.06439963817758,2,2,2,962,4,0.05347222222222222,16.690094082622025
732,0026,0,0,"[37.22413482559763, 134.89231557916824]","[np.float64(34.90085176593495), np.float64(135.0445482737043)]",2025-08-31 01:17:10,989.0992515162501,2,5.526239617094406,258.699678050186,20.4437501491112,54.6838571178615,16.06439963817758,2,2,2,962,4,0.05358796296296296,16.278751490029432
733,0026,0,0,"[36.62457057497016, 134.71617866085197]","[np.float64(34.90085176593495), np.float64(135.0445482737043)]",2025-08-31 01:17:20,989.0992515162501,2,5.526239617094406,193.9450845928759,15.613540141591661,54.709207364966005,19.06439963817758,2,2,2,962,4,0.053703703703703705,18.63477000854795
734,0133,0,0,"[36.62457057497016, 134.71617866085197]","[np.float64(33.27893894963736), np.float64(135.9399414540354)]",2025-08-31 01:17:20,840.496316091555,2,5.298453901363461,388.3657578045608,29.231587519762744,56.342223633246014,17.06807868739868,2,2,2,613,12,0.053703703703703705,17.22918979850979
735,0026,0,0,"[36.02486972055928, 134.54211812004334]","[np.float64(34.90085176593495), np.float64(135.0445482737043)]",2025-08-31 01:17:30,989.0992515162501,2,5.526239617094406,133.01031795628137,10.849599059924294,54.734537121502996,19.06439963817758,2,2,2,962,4,0.05381944444444445,19.010580193733137
736,0115,0,0,"[36.02486972055928, 134.54211812004334]","[np.float64(34.20654701424958), np.float64(131.1176548214416)]",2025-08-31 01:17:30,533.5883580169184,1,4.570586865396114,371.3069906995088,28.14787178287969,52.6678209164001,20.940779281635493,1,1,1,923,10,0.05381944444444445,20.40258483719105
737,0133,0,0,"[36.02486972055928, 134.54211812004334]","[np.float64(33.27893894963736), np.float64(135.9399414540354)]",2025-08-31 01:17:30,840.496316091555,2,5.298453901363461,331.01269307667286,25.49943997139204,56.368263729456686,16.06807868739868,2,2,2,613,12,0.05381944444444445,16.55245368739868
738,0169,0,0,"[36.02486972055928, 134.54211812004334]","[np.float64(33.37960566356249), np.float64(131.6024973648121)]",2025-08-31 01:17:30,379.43114481642897,1,3.3325569866753755,398.3678122602263,29.85655745360338,53.481105201251864,26.184340945498565,2,2,2,1049,7,0.05381944444444445,26.184340945498565
739,0026,0,0,"[35.42503567745959, 134.37006565485072]","[np.float64(34.90085176593495), np.float64(135.0445482737043)]",2025-08-31 01:17:40,989.0992515162501,2,5.526239617094406,84.59642760238995,6.949889069047308,54.759842972377896,10.06439963817758,2,2,2,962,4,0.05393518518518518,10.549816304844247
740,0115,0,0,"[35.42503567745959, 134.37006565485072]","[np.float64(34.20654701424958), np.float64(131.1176548214416)]",2025-08-31 01:17:40,533.5883580169184,1,4.570586865396114,326.3422316307163,25.18449383973529,52.69552757876826,20.940779281635493,1,1,1,923,10,0.05393518518518518,20.940779281635493
741,0133,0,0,"[35.42503567745959, 134.37006565485072]","[np.float64(33.27893894963736), np.float64(135.9399414540354)]",2025-08-31 01:17:40,840.496316091555,2,5.298453901363461,278.76542177085383,21.884306060983313,56.39427992000527,16.06807868739868,2,2,2,613,12,0.05393518518518518,16.28381942813942
742,0155,1,0,"[35.42503567745959, 134.37006565485072]","[np.float64(35.28555991126415), np.float64(130.0139427660055)]",2025-08-31 01:17:40,761.2471202040422,1,5.020704164012214,395.322173117366,29.667071592909146,51.326368348315015,21.184340945498565,1,1,1,1429,7,0.05393518518518518,21.23827613068375
743,0169,0,0,"[35.42503567745959, 134.37006565485072]","[np.float64(33.37960566356249), np.float64(131.6024973648121)]",2025-08-31 01:17:40,379.43114481642897,1,3.3325569866753755,340.85374276837524,26.157672974701335,53.50919093911895,23.184340945498565,2,2,2,1049,7,0.05393518518518518,23.507952056609675
744,0026,0,0,"[34.825071860765675, 134.19993930300404]","[np.float64(34.90085176593495), np.float64(135.0445482737043)]",2025-08-31 01:17:50,989.0992515162501,2,5.526239617094406,77.51949312550705,6.373493939284983,54.78512833268528,10.06439963817758,2,2,2,962,4,0.054050925925925926,10.118450564103506
745,0115,0,0,"[34.825071860765675, 134.19993930300404]","[np.float64(34.20654701424958), np.float64(131.1176548214416)]",2025-08-31 01:17:50,533.5883580169184,1,4.570586865396114,290.643753350761,22.723693408299784,52.72321716566349,19.940779281635493,1,1,1,923,10,0.054050925925925926,20.156982985339198
746,0133,0,0,"[34.825071860765675, 134.19993930300404]","[np.float64(33.27893894963736), np.float64(135.9399414540354)]",2025-08-31 01:17:50,840.496316091555,2,5.298453901363461,235.05372142230544,18.710938393238195,56.420272204891745,17.06807868739868,2,2,2,613,12,0.054050925925925926,17.122129613324603
747,0155,1,0,"[34.825071860765675, 134.19993930300404]","[np.float64(35.28555991126415), np.float64(130.0139427660055)]",2025-08-31 01:17:50,761.2471202040422,1,5.020704164012214,384.4212929375197,28.982996824385353,51.35376765217052,20.184340945498565,1,1,1,1429,7,0.054050925925925926,20.562697426980048
748,0169,0,0,"[34.825071860765675, 134.19993930300404]","[np.float64(33.37960566356249), np.float64(131.6024973648121)]",2025-08-31 01:17:50,379.43114481642897,1,3.3325569866753755,288.1302957084962,22.546921840226887,53.53725618641854,20.184340945498565,2,2,2,1049,7,0.054050925925925926,20.076239093646713
749,0026,0,0,"[34.22498168557211, 134.0316707626116]","[np.float64(34.90085176593495), np.float64(135.0445482737043)]",2025-08-31 01:18:00,989.0992515162501,2,5.526239617094406,119.37359584365383,9.759829978305914,54.81038978733057,14.06439963817758,2,2,2,962,4,0.05416666666666667,14.55189963817758
750,0115,0,0,"[34.22498168557211, 134.0316707626116]","[np.float64(34.20654701424958), np.float64(131.1176548214416)]",2025-08-31 01:18:00,533.5883580169184,1,4.570586865396114,267.94274461162325,21.11080914209886,52.75088626199121,21.940779281635493,1,1,1,923,10,0.05416666666666667,21.399112614968825
751,0133,0,0,"[34.22498168557211, 134.0316707626116]","[np.float64(33.27893894963736), np.float64(135.9399414540354)]",2025-08-31 01:18:00,840.496316091555,2,5.298453901363461,205.40097525286458,16.487005927503986,56.44624058411614,18.06807868739868,2,2,2,613,12,0.05416666666666667,17.634745354065345
752,0155,1,0,"[34.22498168557211, 134.0316707626116]","[np.float64(35.28555991126415), np.float64(130.0139427660055)]",2025-08-31 01:18:00,761.2471202040422,1,5.020704164012214,385.49333117653435,29.050678378204065,51.3811498805531,22.184340945498565,1,1,1,1429,7,0.05416666666666667,21.859340945498566
753,0169,0,0,"[34.22498168557211, 134.0316707626116]","[np.float64(33.37960566356249), np.float64(131.6024973648121)]",2025-08-31 01:18:00,379.43114481642897,1,3.3325569866753755,243.33304694147498,19.321890192726418,53.56530435824519,23.184340945498565,2,2,2,1049,7,0.05416666666666667,22.859340945498566
754,0026,0,0,"[33.62477881225724, 133.86520539216008]","[np.float64(34.90085176593495), np.float64(135.0445482737043)]",2025-08-31 01:18:10,989.0992515162501,2,5.526239617094406,178.5457561018641,14.427634979344557,54.83562733631377,10.06439963817758,2,2,2,962,4,0.054282407407407404,10.390094082622024
755,0115,0,0,"[33.62477881225724, 133.86520539216008]","[np.float64(34.20654701424958), np.float64(131.1176548214416)]",2025-08-31 01:18:10,533.5883580169184,1,4.570586865396114,261.6468154924196,20.657080159325606,52.77853828284601,14.940779281635493,1,1,1,923,10,0.054282407407407404,15.103626503857715
756,0133,0,0,"[33.62477881225724, 133.86520539216008]","[np.float64(33.27893894963736), np.float64(135.9399414540354)]",2025-08-31 01:18:10,840.496316091555,2,5.298453901363461,196.28482013017546,15.792555793270758,56.47218505767843,21.06807868739868,2,2,2,613,12,0.054282407407407404,21.556620354065345
757,0155,1,0,"[33.62477881225724, 133.86520539216008]","[np.float64(35.28555991126415), np.float64(130.0139427660055)]",2025-08-31 01:18:10,761.2471202040422,1,5.020704164012214,398.4434166975899,29.861252102688905,51.408515033462756,21.184340945498565,1,1,1,1429,7,0.054282407407407404,21.564317797350416
758,0169,0,0,"[33.62477881225724, 133.86520539216008]","[np.float64(33.37960566356249), np.float64(131.6024973648121)]",2025-08-31 01:18:10,379.43114481642897,1,3.3325569866753755,211.56137247985612,16.953500635022813,53.59333203950434,26.184340945498565,2,2,2,1049,7,0.054282407407407404,26.184340945498565
759,0026,0,0,"[33.024459825726474, 133.70046122937936]","[np.float64(34.90085176593495), np.float64(135.0445482737043)]",2025-08-31 01:18:20,989.0992515162501,2,5.526239617094406,242.68361091036212,19.274129469544846,54.86084097963487,11.06439963817758,2,2,2,962,4,0.05439814814814815,11.445186675214616
760,0115,0,0,"[33.024459825726474, 133.70046122937936]","[np.float64(34.20654701424958), np.float64(131.1176548214416)]",2025-08-31 01:18:20,533.5883580169184,1,4.570586865396114,272.8933354455542,21.46564846404834,52.806173228227884,20.940779281635493,1,1,1,923,10,0.05439814814814815,20.7231866890429
761,0133,0,0,"[33.024459825726474, 133.70046122937936]","[np.float64(33.27893894963736), np.float64(135.9399414540354)]",2025-08-31 01:18:20,840.496316091555,2,5.298453901363461,210.39246657124005,16.865161268413672,56.498109040673214,19.06807868739868,2,2,2,613,12,0.05439814814814815,19.28567127999127
762,0169,0,0,"[33.024459825726474, 133.70046122937936]","[np.float64(33.37960566356249), np.float64(131.6024973648121)]",2025-08-31 01:18:20,379.43114481642897,1,3.3325569866753755,199.14926068055877,16.01128690630949,53.62134264529056,20.184340945498565,2,2,2,1049,7,0.05439814814814815,20.238739093646714
763,0026,0,0,"[32.424031556169, 133.53738363275613]","[np.float64(34.90085176593495), np.float64(135.0445482737043)]",2025-08-31 01:18:30,989.0992515162501,2,5.526239617094406,308.70723940099333,23.980603728068864,54.88603413238847,15.06439963817758,2,2,2,962,4,0.05451388888888889,15.55502463817758
764,0115,0,0,"[32.424031556169, 133.53738363275613]","[np.float64(34.20654701424958), np.float64(131.1176548214416)]",2025-08-31 01:18:30,533.5883580169184,1,4.570586865396114,299.7155817123739,23.35791420907672,52.833787683042246,18.940779281635493,1,1,1,923,10,0.05451388888888889,19.049807059413272
765,0133,0,0,"[32.424031556169, 133.53738363275613]","[np.float64(33.27893894963736), np.float64(135.9399414540354)]",2025-08-31 01:18:30,840.496316091555,2,5.298453901363461,243.72317229216807,19.35056731808926,56.52400570291132,15.068078687398678,2,2,2,613,12,0.05451388888888889,15.340648131843123
766,0169,0,0,"[32.424031556169, 133.53738363275613]","[np.float64(33.37960566356249), np.float64(131.6024973648121)]",2025-08-31 01:18:30,379.43114481642897,1,3.3325569866753755,209.56735805302873,16.802754399305723,53.649336175603864,20.184340945498565,2,2,2,1049,7,0.05451388888888889,20.129827056609678
767,0026,0,0,"[31.823500833773966, 133.37591796077703]","[np.float64(34.90085176593495), np.float64(135.0445482737043)]",2025-08-31 01:18:40,989.0992515162501,2,5.526239617094406,375.62313119263,28.424188740915216,54.91120679457455,16.06439963817758,2,2,2,962,4,0.05462962962962963,15.90051074928869
768,0115,0,0,"[31.823500833773966, 133.37591796077703]","[np.float64(34.20654701424958), np.float64(131.1176548214416)]",2025-08-31 01:18:40,533.5883580169184,1,4.570586865396114,338.4311835876459,25.996316210379455,52.86138506238368,13.940779281635493,1,1,1,923,10,0.05462962962962963,13.394482985339197
769,0133,0,0,"[31.823500833773966, 133.37591796077703]","[np.float64(33.27893894963736), np.float64(135.9399414540354)]",2025-08-31 01:18:40,840.496316091555,2,5.298453901363461,289.71574974126577,22.658479852687922,56.549881874581914,18.06807868739868,2,2,2,613,12,0.05462962962962963,17.90418979850979
770,0169,0,0,"[31.823500833773966, 133.37591796077703]","[np.float64(33.37960566356249), np.float64(131.6024973648121)]",2025-08-31 01:18:40,379.43114481642897,1,3.3325569866753755,239.86020774129184,19.066167897349615,53.677309215349645,24.184340945498565,2,2,2,1049,7,0.05462962962962963,23.856563167720786
771,0115,0,0,"[31.222867658541382, 133.2160095719287]","[np.float64(34.20654701424958), np.float64(131.1176548214416)]",2025-08-31 01:18:50,533.5883580169184,1,4.570586865396114,385.4741474102822,29.049468018808987,52.888965366252194,17.940779281635493,1,1,1,923,10,0.05474537037037037,18.159760763116974
772,0133,0,0,"[31.222867658541382, 133.2160095719287]","[np.float64(33.27893894963736), np.float64(135.9399414540354)]",2025-08-31 01:18:50,840.496316091555,2,5.298453901363461,343.31823219089705,26.321365780909165,56.575734140590406,13.068078687398678,2,2,2,613,12,0.05474537037037037,12.520624983694974
773,0169,0,0,"[31.222867658541382, 133.2160095719287]","[np.float64(33.37960566356249), np.float64(131.6024973648121)]",2025-08-31 01:18:50,379.43114481642897,1,3.3325569866753755,283.73295201862487,22.23656549577033,53.70526517962251,25.184340945498565,2,2,2,1049,7,0.05474537037037037,25.184340945498565
774,0133,0,0,"[30.62213886066042, 133.0575901643194]","[np.float64(33.27893894963736), np.float64(135.9399414540354)]",2025-08-31 01:19:00,840.496316091555,2,5.298453901363461,401.49449986059926,30.050340217636347,56.601559085842226,21.06807868739868,2,2,2,613,12,0.05486111111111111,21.452106465176456
775,0169,0,0,"[30.62213886066042, 133.0575901643194]","[np.float64(33.37960566356249), np.float64(131.6024973648121)]",2025-08-31 01:19:00,379.43114481642897,1,3.3325569866753755,335.9059924193078,25.827650507723934,53.733204068422445,20.184340945498565,2,2,2,1049,7,0.05486111111111111,20.51350761216523
776,0169,0,0,"[30.021317855225664, 132.90060509643584]","[np.float64(33.37960566356249), np.float64(131.6024973648121)]",2025-08-31 01:19:10,379.43114481642897,1,3.3325569866753755,393.0886824379422,29.527658461162563,53.761122466654875,28.184340945498565,2,2,2,1049,7,0.05497685185185185,28.01941038994301
777,0037,0,0,"[40.16828103714246, 111.12724609799916]","[np.float64(39.3547228231108), np.float64(115.7853521894979)]",2025-08-31 02:55:00,712.7959128775688,2,6.978466625920053,408.2553854512385,30.46677721442321,54.15055253237232,22.060720588956478,2,2,2,888,12,0.12152777777777778,22.789887255623146
778,0128,0,0,"[40.16828103714246, 111.12724609799916]","[np.float64(39.02690133784861), np.float64(115.6374539933984)]",2025-08-31 02:55:00,534.8217967473581,1,6.932685438159177,406.68641562081996,30.370451131432766,54.34530854636606,21.813479875872304,1,1,1,869,9,0.12152777777777778,22.178063209205636
779,0093,0,0,"[38.37140853067385, 110.57196537885547]","[np.float64(35.78334880271958), np.float64(113.0968741963182)]",2025-08-31 02:55:30,384.6283131937728,1,7.0220675630181,364.6429424740528,27.718428822388862,55.589673390494006,20.060720588956478,4,4,3,1401,2,0.121875,18.841970588956478
780,0029,0,0,"[37.77213114799151, 110.39162789419962]","[np.float64(35.08020700577351), np.float64(108.0991195646698)]",2025-08-31 02:55:40,817.7929203863263,2,2.291608044766971,362.8302808446777,27.601027588961003,53.10813247633956,10.060720588956478,3,3,3,856,14,0.12199074074074075,11.036646514882404
781,0047,0,0,"[37.77213114799151, 110.39162789419962]","[np.float64(34.62513784384307), np.float64(109.2612493917191)]",2025-08-31 02:55:40,747.9433181195083,2,2.971744990636447,364.3246508722522,27.697832181682013,54.13220322916708,18.311640351261754,4,4,3,1397,11,0.12199074074074075,18.921594054965457
782,0093,0,0,"[37.77213114799151, 110.39162789419962]","[np.float64(35.78334880271958), np.float64(113.0968741963182)]",2025-08-31 02:55:40,384.6283131937728,1,7.0220675630181,327.01044478047635,25.22965434825658,55.61284139215869,21.060720588956478,4,4,3,1401,2,0.12199074074074075,20.816739107474998
783,0204,0,0,"[37.77213114799151, 110.39162789419962]","[np.float64(34.55784217130976), np.float64(108.4980001147001)]",2025-08-31 02:55:40,775.3228656740221,2,2.7444955136938844,395.7530997514626,29.693925421281175,53.6916935937417,20.06439963817758,2,2,2,720,10,0.12199074074074075,18.966482971510914
784,0029,0,0,"[37.17270008605285, 110.21352388140237]","[np.float64(35.08020700577351), np.float64(108.0991195646698)]",2025-08-31 02:55:50,817.7929203863263,2,2.291608044766971,300.31513065453487,23.399618444518783,53.134514082008735,11.060720588956478,3,3,3,856,14,0.12210648148148148,10.45018818154907
785,0047,0,0,"[37.17270008605285, 110.21352388140237]","[np.float64(34.62513784384307), np.float64(109.2612493917191)]",2025-08-31 02:55:50,747.9433181195083,2,2.971744990636447,295.9724670988081,23.096953164025887,54.158342363120724,22.311640351261754,4,4,3,1397,11,0.12210648148148148,21.09057553644694
786,0093,0,0,"[37.17270008605285, 110.21352388140237]","[np.float64(35.78334880271958), np.float64(113.0968741963182)]",2025-08-31 02:55:50,384.6283131937728,1,7.0220675630181,300.52414426294115,23.414151124576016,55.63598548816128,25.060720588956478,4,4,3,1401,2,0.12210648148148148,25.671252996363886
787,0204,0,0,"[37.17270008605285, 110.21352388140237]","[np.float64(34.55784217130976), np.float64(108.4980001147001)]",2025-08-31 02:55:50,775.3228656740221,2,2.7444955136938844,329.2835497130561,25.38302876934364,53.71825961451846,19.06439963817758,2,2,2,720,10,0.12210648148148148,19.308612601140542
788,0029,0,0,"[36.57312559014162, 110.03757137819366]","[np.float64(35.08020700577351), np.float64(108.0991195646698)]",2025-08-31 02:56:00,817.7929203863263,2,2.291608044766971,241.02789553689567,19.15223915008719,53.16087861220498,18.060720588956478,3,3,3,856,14,0.12222222222222222,18.060720588956478
789,0047,0,0,"[36.57312559014162, 110.03757137819366]","[np.float64(34.62513784384307), np.float64(109.2612493917191)]",2025-08-31 02:56:00,747.9433181195083,2,2.971744990636447,227.69251486258304,18.164001098039428,54.18446442160143,17.311640351261754,4,4,3,1397,11,0.12222222222222222,16.211640351261753
790,0093,0,0,"[36.57312559014162, 110.03757137819366]","[np.float64(35.78334880271958), np.float64(113.0968741963182)]",2025-08-31 02:56:00,384.6283131937728,1,7.0220675630181,288.2728282138747,22.55695831510866,55.659105678501774,22.060720588956478,4,4,3,1401,2,0.12222222222222222,22.427387255623145
791,0204,0,0,"[36.57312559014162, 110.03757137819366]","[np.float64(34.55784217130976), np.float64(108.4980001147001)]",2025-08-31 02:56:00,775.3228656740221,2,2.7444955136938844,263.8241746045001,20.81430595283191,53.744808559822296,14.06439963817758,2,2,2,720,10,0.12222222222222222,13.45328852706647
792,0029,0,0,"[35.97341449044699, 109.86368842230348]","[np.float64(35.08020700577351), np.float64(108.0991195646698)]",2025-08-31 02:56:10,817.7929203863263,2,2.291608044766971,188.04775252382103,15.16094566962089,53.18722265183372,12.060720588956478,3,3,3,856,14,0.12233796296296297,11.449030774141663
793,0047,0,0,"[35.97341449044699, 109.86368842230348]","[np.float64(34.62513784384307), np.float64(109.2612493917191)]",2025-08-31 02:56:10,747.9433181195083,2,2.971744990636447,159.5782352644465,12.949489662859818,54.21056257442005,15.311640351261754,4,4,3,1397,11,0.12233796296296297,16.168006092002496
794,0093,0,0,"[35.97341449044699, 109.86368842230348]","[np.float64(35.78334880271958), np.float64(113.0968741963182)]",2025-08-31 02:56:10,384.6283131937728,1,7.0220675630181,292.0531991688798,22.82262049985304,55.682195132991,25.060720588956478,4,4,3,1401,2,0.12233796296296297,26.039424292660183
795,0204,0,0,"[35.97341449044699, 109.86368842230348]","[np.float64(34.55784217130976), np.float64(108.4980001147001)]",2025-08-31 02:56:10,775.3228656740221,2,2.7444955136938844,200.36824193565195,16.10422458125938,53.77133359946404,11.06439963817758,2,2,2,720,10,0.12233796296296297,10.575047786325728
796,0029,0,0,"[35.373566786968965, 109.69179988165094]","[np.float64(35.08020700577351), np.float64(108.0991195646698)]",2025-08-31 02:56:20,817.7929203863263,2,2.291608044766971,148.29716728832065,12.061828104371326,53.21354620089495,18.060720588956478,3,3,3,856,14,0.1224537037037037,18.550535403771292
797,0047,0,0,"[35.373566786968965, 109.69179988165094]","[np.float64(34.62513784384307), np.float64(109.2612493917191)]",2025-08-31 02:56:20,747.9433181195083,2,2.971744990636447,91.99879156762135,7.551278744812172,54.236640236671164,14.311640351261754,4,4,3,1397,11,0.1224537037037037,14.434094054965458
798,0093,0,0,"[35.373566786968965, 109.69179988165094]","[np.float64(35.78334880271958), np.float64(113.0968741963182)]",2025-08-31 02:56:20,384.6283131937728,1,7.0220675630181,311.28121253032236,24.157761101866285,55.70526068181813,26.060720588956478,4,4,3,1401,2,0.1224537037037037,25.570905774141664
799,0204,0,0,"[35.373566786968965, 109.69179988165094]","[np.float64(34.55784217130976), np.float64(108.4980001147001)]",2025-08-31 02:56:20,775.3228656740221,2,2.7444955136938844,141.63530785773105,11.534831066632037,53.797838148538276,15.06439963817758,2,2,2,720,10,0.1224537037037037,16.04402926780721
800,0029,0,0,"[34.77359272499129, 109.52183745434434]","[np.float64(35.08020700577351), np.float64(108.0991195646698)]",2025-08-31 02:56:30,817.7929203863263,2,2.291608044766971,134.10957120634785,10.937110871668864,53.23984925938867,18.060720588956478,3,3,3,856,14,0.12256944444444444,16.835026144512035
801,0047,0,0,"[34.77359272499129, 109.52183745434434]","[np.float64(34.62513784384307), np.float64(109.2612493917191)]",2025-08-31 02:56:30,747.9433181195083,2,2.971744990636447,28.983045106996283,2.391414632728235,54.26269740835476,14.311640351261754,4,4,3,1397,11,0.12256944444444444,15.04705701792842
802,0093,0,0,"[34.77359272499129, 109.52183745434434]","[np.float64(35.78334880271958), np.float64(113.0968741963182)]",2025-08-31 02:56:30,384.6283131937728,1,7.0220675630181,343.37077796115057,26.324850880073328,55.72830232498317,19.060720588956478,4,4,3,1401,2,0.12256944444444444,19.183290033400922
803,0204,0,0,"[34.77359272499129, 109.52183745434434]","[np.float64(34.55784217130976), np.float64(108.4980001147001)]",2025-08-31 02:56:30,775.3228656740221,2,2.7444955136938844,96.66021337152657,7.929137818794356,53.82432562213959,16.06439963817758,2,2,2,720,10,0.12256944444444444,16.06439963817758
804,0029,0,0,"[34.17349571960855, 109.353732838492]","[np.float64(35.08020700577351), np.float64(108.0991195646698)]",2025-08-31 02:56:40,817.7929203863263,2,2.291608044766971,152.78196036065745,12.415447391759674,53.26613524240946,12.060720588956478,3,3,3,856,14,0.12268518518518519,11.692665033400923
805,0047,0,0,"[34.17349571960855, 109.353732838492]","[np.float64(34.62513784384307), np.float64(109.2612493917191)]",2025-08-31 02:56:40,747.9433181195083,2,2.971744990636447,50.932172954983166,4.197372174494671,54.28873408947085,23.311640351261754,4,4,3,1397,11,0.12268518518518519,22.207473684595087
806,0093,0,0,"[34.17349571960855, 109.353732838492]","[np.float64(35.78334880271958), np.float64(113.0968741963182)]",2025-08-31 02:56:40,384.6283131937728,1,7.0220675630181,385.1196614415802,29.027097360286337,55.751316647391526,25.060720588956478,4,4,3,1401,2,0.12268518518518519,24.079239107474997
807,0204,0,0,"[34.17349571960855, 109.353732838492]","[np.float64(34.55784217130976), np.float64(108.4980001147001)]",2025-08-31 02:56:40,775.3228656740221,2,2.7444955136938844,89.41826639580896,7.341812432823865,53.8507891900788,15.06439963817758,2,2,2,720,10,0.12268518518518519,14.696344082622025
808,0224,0,0,"[34.17349571960855, 109.353732838492]","[np.float64(32.75045497784467), np.float64(113.3896982348645)]",2025-08-31 02:56:40,844.8502168837872,2,5.593412004144589,406.4182918605282,30.3539707872079,58.08839564550562,7.315319400482853,3,3,3,1089,5,0.12268518518518519,6.701893474556927
809,0029,0,0,"[33.57328260100993, 109.18741090201301]","[np.float64(35.08020700577351), np.float64(108.0991195646698)]",2025-08-31 02:56:50,817.7929203863263,2,2.291608044766971,195.09753225729457,15.701754439648273,53.29239731976816,14.060720588956478,3,3,3,856,14,0.12280092592592592,14.183521514882404
810,0047,0,0,"[33.57328260100993, 109.18741090201301]","[np.float64(34.62513784384307), np.float64(109.2612493917191)]",2025-08-31 02:56:50,747.9433181195083,2,2.971744990636447,117.1585566912014,9.58211998174715,54.314750280019425,18.311640351261754,4,4,3,1397,11,0.12280092592592592,17.20643201792842
811,0204,0,0,"[33.57328260100993, 109.18741090201301]","[np.float64(34.55784217130976), np.float64(108.4980001147001)]",2025-08-31 02:56:50,775.3228656740221,2,2.7444955136938844,126.56224568115897,10.33524611176853,53.87723568254509,15.06439963817758,2,2,2,720,10,0.12280092592592592,15.555603341881284
812,0224,0,0,"[33.57328260100993, 109.18741090201301]","[np.float64(32.75045497784467), np.float64(113.3896982348645)]",2025-08-31 02:56:50,844.8502168837872,2,5.593412004144589,401.6929298861138,30.062612827762774,58.113462439759566,9.315319400482853,3,3,3,1089,5,0.12280092592592592,9.806523104186557
813,0029,0,0,"[32.97295336919541, 109.02281700339404]","[np.float64(35.08020700577351), np.float64(108.0991195646698)]",2025-08-31 02:57:00,817.7929203863263,2,2.291608044766971,249.29554039724977,19.75907364212718,53.31864232165394,16.060720588956478,3,3,3,856,14,0.12291666666666666,15.446137255623144
814,0047,0,0,"[32.97295336919541, 109.02281700339404]","[np.float64(34.62513784384307), np.float64(109.2612493917191)]",2025-08-31 02:57:00,747.9433181195083,2,2.971744990636447,185.03092294770897,14.928662099859396,54.34074256490591,15.311640351261754,4,4,3,1397,11,0.12291666666666666,15.434557017928421
815,0204,0,0,"[32.97295336919541, 109.02281700339404]","[np.float64(34.55784217130976), np.float64(108.4980001147001)]",2025-08-31 02:57:00,775.3228656740221,2,2.7444955136938844,182.78636878911553,14.755513765570946,53.903658269349286,15.06439963817758,2,2,2,720,10,0.12291666666666666,15.06439963817758
816,0029,0,0,"[32.37251826944876, 108.85988284074338]","[np.float64(35.08020700577351), np.float64(108.0991195646698)]",2025-08-31 02:57:10,817.7929203863263,2,2.291608044766971,309.1892094947368,24.013813232814694,53.34486341787762,16.060720588956478,3,3,3,856,14,0.12303240740740741,16.675882625993516
817,0047,0,0,"[32.37251826944876, 108.85988284074338]","[np.float64(34.62513784384307), np.float64(109.2612493917191)]",2025-08-31 02:57:10,747.9433181195083,2,2.971744990636447,253.22918189361923,20.046194089528672,54.366714359224886,18.311640351261754,4,4,3,1397,11,0.12303240740740741,18.803769980891385
818,0204,0,0,"[32.37251826944876, 108.85988284074338]","[np.float64(34.55784217130976), np.float64(108.4980001147001)]",2025-08-31 02:57:10,775.3228656740221,2,2.7444955136938844,245.30433443377265,19.466691250821235,53.930063780680555,19.06439963817758,2,2,2,720,10,0.12303240740740741,18.203172786325727
819,0029,0,0,"[31.771977301769972, 108.69854694235852]","[np.float64(35.08020700577351), np.float64(108.0991195646698)]",2025-08-31 02:57:20,817.7929203863263,2,2.291608044766971,372.0385953847535,28.194809650603343,53.37106743862837,12.060720588956478,3,3,3,856,14,0.12314814814814815,12.55331318154907
820,0047,0,0,"[31.771977301769972, 108.69854694235852]","[np.float64(34.62513784384307), np.float64(109.2612493917191)]",2025-08-31 02:57:20,747.9433181195083,2,2.971744990636447,321.5466183653548,24.85940536747804,54.39266566297635,17.311640351261754,4,4,3,1397,11,0.12314814814814815,17.55793664755805
821,0204,0,0,"[31.771977301769972, 108.69854694235852]","[np.float64(34.55784217130976), np.float64(108.4980001147001)]",2025-08-31 02:57:20,775.3228656740221,2,2.7444955136938844,310.3361618215298,24.092773496036415,53.95644880144432,16.06439963817758,2,2,2,720,10,0.12314814814814815,17.049584823362764
822,0017,0,0,"[31.171337296348224, 108.53876149691524]","[np.float64(31.03278181291179), np.float64(104.4029732396626)]",2025-08-31 02:57:30,390.99000975370853,1,3.3837186155216323,394.0492699486009,29.58766497932764,53.20948565343338,15.184340945498565,3,3,3,724,5,0.1232638888888889,15.554132612165231
823,0025,0,0,"[31.171337296348224, 108.53876149691524]","[np.float64(28.10243289381832), np.float64(106.664718585556)]",2025-08-31 02:57:30,887.5950345511038,2,5.294179575268026,386.3144811570996,29.10246047930457,56.38809176861724,14.311640351261754,2,2,2,851,6,0.1232638888888889,14.9279597957062
824,0047,0,0,"[31.171337296348224, 108.53876149691524]","[np.float64(34.62513784384307), np.float64(109.2612493917191)]",2025-08-31 02:57:30,747.9433181195083,2,2.971744990636447,389.92046174131445,29.329239080008087,54.418593061065714,18.311640351261754,4,4,3,1397,11,0.1232638888888889,19.421015351261754
825,0197,0,0,"[31.171337296348224, 108.53876149691524]","[np.float64(28.19128554769927), np.float64(107.3508499153849)]",2025-08-31 02:57:30,184.4411046548023,1,6.61753112550114,350.6675978845027,26.806772634669198,56.86540929347982,10.068078687398678,3,3,3,1402,7,0.1232638888888889,9.698287020732012
826,0204,0,0,"[31.171337296348224, 108.53876149691524]","[np.float64(34.55784217130976), np.float64(108.4980001147001)]",2025-08-31 02:57:30,775.3228656740221,2,2.7444955136938844,376.5819248249178,28.485375447403037,53.982809916545975,20.06439963817758,2,2,2,720,10,0.1232638888888889,19.20155241595536
827,0017,0,0,"[30.57060166827809, 108.3804718629002]","[np.float64(31.03278181291179), np.float64(104.4029732396626)]",2025-08-31 02:57:40,390.99000975370853,1,3.3837186155216323,383.331116427465,28.914079186212984,53.240078070725865,15.184340945498565,3,3,3,724,5,0.12337962962962963,14.0739242788319
828,0025,0,0,"[30.57060166827809, 108.3804718629002]","[np.float64(28.10243289381832), np.float64(106.664718585556)]",2025-08-31 02:57:40,887.5950345511038,2,5.294179575268026,320.8960307886284,24.815170341791287,56.419930695433244,11.311640351261754,2,2,2,851,6,0.12337962962962963,11.558399610521013
829,0197,0,0,"[30.57060166827809, 108.3804718629002]","[np.float64(28.19128554769927), np.float64(107.3508499153849)]",2025-08-31 02:57:40,184.4411046548023,1,6.61753112550114,282.74752356704465,22.166826087125784,56.89692720140484,11.068078687398678,3,3,3,1402,7,0.12337962962962963,11.068078687398678
830,0017,0,0,"[29.96977041755958, 108.22361656861085]","[np.float64(31.03278181291179), np.float64(104.4029732396626)]",2025-08-31 02:57:50,390.99000975370853,1,3.3837186155216323,384.6314419545012,28.996271261882665,53.27065341254543,20.184340945498565,3,3,3,724,5,0.12349537037037037,20.307836315868936
831,0025,0,0,"[29.96977041755958, 108.22361656861085]","[np.float64(28.10243289381832), np.float64(106.664718585556)]",2025-08-31 02:57:50,887.5950345511038,2,5.294179575268026,257.05752820836443,20.32462447281601,56.45175596187092,20.311640351261754,2,2,2,851,6,0.12349537037037037,19.817658869780274
832,0197,0,0,"[29.96977041755958, 108.22361656861085]","[np.float64(28.19128554769927), np.float64(107.3508499153849)]",2025-08-31 02:57:50,184.4411046548023,1,6.61753112550114,215.17594233717963,17.226143344974584,56.92843144895153,14.068078687398678,3,3,3,1402,7,0.12349537037037037,14.8090509096209
833,0017,0,0,"[29.368853789476443, 108.06814780272302]","[np.float64(31.03278181291179), np.float64(104.4029732396626)]",2025-08-31 02:58:00,390.99000975370853,1,3.3837186155216323,397.83355587420624,29.823370275713234,53.30121509398665,23.184340945498565,3,3,3,724,5,0.12361111111111112,23.060729834387455
834,0025,0,0,"[29.368853789476443, 108.06814780272302]","[np.float64(28.10243289381832), np.float64(106.664718585556)]",2025-08-31 02:58:00,887.5950345511038,2,5.294179575268026,196.34817606501736,15.797398843302771,56.48356415283567,18.311640351261754,2,2,2,851,6,0.12361111111111112,17.446362573483977
835,0197,0,0,"[29.368853789476443, 108.06814780272302]","[np.float64(28.19128554769927), np.float64(107.3508499153849)]",2025-08-31 02:58:00,184.4411046548023,1,6.61753112550114,148.43166243741248,12.072446566174367,56.95991862102529,11.068078687398678,3,3,3,1402,7,0.12361111111111112,10.202800909620901
836,0025,0,0,"[28.767855199123264, 107.91401092372334]","[np.float64(28.10243289381832), np.float64(106.664718585556)]",2025-08-31 02:58:10,887.5950345511038,2,5.294179575268026,142.81597822484204,11.628376915988008,56.5153552683275,16.311640351261754,2,2,2,851,6,0.12372685185185185,15.816732943854348
837,0197,0,0,"[28.767855199123264, 107.91401092372334]","[np.float64(28.19128554769927), np.float64(107.3508499153849)]",2025-08-31 02:58:10,184.4411046548023,1,6.61753112550114,84.49834493553621,6.941909909385867,56.99138871762612,13.068078687398678,3,3,3,1402,7,0.12372685185185185,11.83081016888016
838,0025,0,0,"[28.166772938952757, 107.76117178066596]","[np.float64(28.10243289381832), np.float64(106.664718585556)]",2025-08-31 02:58:20,887.5950345511038,2,5.294179575268026,107.75178280217925,8.825388065142425,56.54713272344098,18.311640351261754,2,2,2,851,6,0.12384259259259259,18.55932553644694
839,0197,0,0,"[28.166772938952757, 107.76117178066596]","[np.float64(28.19128554769927), np.float64(107.3508499153849)]",2025-08-31 02:58:20,184.4411046548023,1,6.61753112550114,40.31027867930814,3.324231611196933,57.022845153848614,17.06807868739868,3,3,3,1402,7,0.12384259259259259,17.56344905776905
840,0025,0,0,"[27.56561213160679, 107.60957573203753]","[np.float64(28.10243289381832), np.float64(106.664718585556)]",2025-08-31 02:58:30,887.5950345511038,2,5.294179575268026,110.43033361722945,9.041193274780033,56.57889651817612,17.311640351261754,2,2,2,851,6,0.12395833333333334,17.06372368459509
841,0197,0,0,"[27.56561213160679, 107.60957573203753]","[np.float64(28.19128554769927), np.float64(107.3508499153849)]",2025-08-31 02:58:30,184.4411046548023,1,6.61753112550114,74.07372606773517,6.092369585258983,57.05428451459818,17.06807868739868,3,3,3,1402,7,0.12395833333333334,16.820162020732013
842,0025,0,0,"[26.96437789972725, 107.45917496651386]","[np.float64(28.10243289381832), np.float64(106.664718585556)]",2025-08-31 02:58:40,887.5950345511038,2,5.294179575268026,148.82814091016627,12.103743847003212,56.610643237438346,20.311640351261754,2,2,2,851,6,0.12407407407407407,20.18756627718768
843,0197,0,0,"[26.96437789972725, 107.45917496651386]","[np.float64(28.19128554769927), np.float64(107.3508499153849)]",2025-08-31 02:58:40,184.4411046548023,1,6.61753112550114,136.84320856292928,11.154511778889537,57.08570679987483,15.068078687398678,3,3,3,1402,7,0.12407407407407407,15.688449057769049
844,0025,0,0,"[26.363073658408712, 107.30993533314907]","[np.float64(28.10243289381832), np.float64(106.664718585556)]",2025-08-31 02:58:50,887.5950345511038,2,5.294179575268026,203.65565368535493,16.354429162748293,56.64237288122764,11.311640351261754,2,2,2,851,6,0.12418981481481481,10.566501462372866
845,0197,0,0,"[26.363073658408712, 107.30993533314907]","[np.float64(28.19128554769927), np.float64(107.3508499153849)]",2025-08-31 02:58:50,184.4411046548023,1,6.61753112550114,203.32837946330605,16.329548906929215,57.11711200967854,11.068078687398678,3,3,3,1402,7,0.12418981481481481,11.937407391102383
846,0025,0,0,"[25.761701115198477, 107.161809020619]","[np.float64(28.10243289381832), np.float64(106.664718585556)]",2025-08-31 02:59:00,887.5950345511038,2,5.294179575268026,264.9007493987029,20.89192391598165,56.67408886463859,18.311640351261754,2,2,2,851,6,0.12430555555555556,19.306084795706198
847,0197,0,0,"[25.761701115198477, 107.161809020619]","[np.float64(28.19128554769927), np.float64(107.3508499153849)]",2025-08-31 02:59:00,184.4411046548023,1,6.61753112550114,270.8063916496416,21.31627320207572,57.14850355910392,11.068078687398678,3,3,3,1402,7,0.12430555555555556,10.570856465176456
848,0025,0,0,"[25.160261977643835, 107.0147618779778]","[np.float64(28.10243289381832), np.float64(106.664718585556)]",2025-08-31 02:59:10,887.5950345511038,2,5.294179575268026,328.99922535964765,25.36386565043646,56.70579118767121,20.311640351261754,2,2,2,851,6,0.1244212962962963,21.182589425335827
849,0197,0,0,"[25.160261977643835, 107.0147618779778]","[np.float64(28.19128554769927), np.float64(107.3508499153849)]",2025-08-31 02:59:10,184.4411046548023,1,6.61753112550114,338.6845295864751,26.013211372111208,57.179874617961794,10.068078687398678,3,3,3,1402,7,0.1244212962962963,9.197129613324604
850,0025,0,0,"[24.558761368386662, 106.86874609390127]","[np.float64(28.10243289381832), np.float64(106.664718585556)]",2025-08-31 02:59:20,887.5950345511038,2,5.294179575268026,394.5628245981719,29.619716757237462,56.737476435230896,20.311640351261754,2,2,2,851,6,0.12453703703703704,19.066269980891384
851,0197,0,0,"[24.558761368386662, 106.86874609390127]","[np.float64(28.19128554769927), np.float64(107.3508499153849)]",2025-08-31 02:59:20,184.4411046548023,1,6.61753112550114,406.7624608355423,30.375124272853846,57.21123201644132,14.068078687398678,3,3,3,1402,7,0.12453703703703704,14.939837946657939
852,0175,0,0,"[19.744842333814383, 105.73363695573686]","[np.float64(17.65213607451746), np.float64(102.6669995678322)]",2025-08-31 03:00:40,655.1355633326942,1,4.506605269059221,398.06718216626933,29.837885491895534,57.3624080084358,14.43893975702494,1,1,1,754,13,0.12546296296296297,14.940791608876792
853,0175,0,0,"[19.14289946980845, 105.59537343636828]","[np.float64(17.65213607451746), np.float64(102.6669995678322)]",2025-08-31 03:00:50,655.1355633326942,1,4.506605269059221,350.6230213920113,26.803840874925616,57.40123763386732,10.43893975702494,1,1,1,754,13,0.1255787037037037,9.43431012739531
854,0175,0,0,"[18.54092074730938, 105.4578202566734]","[np.float64(17.65213607451746), np.float64(102.6669995678322)]",2025-08-31 03:01:00,655.1355633326942,1,4.506605269059221,311.08430384407217,24.14422587300522,57.44006042910967,11.43893975702494,1,1,1,754,13,0.12569444444444444,10.181995312580495
855,0175,0,0,"[17.93890616631716, 105.32093643551717]","[np.float64(17.65213607451746), np.float64(102.6669995678322)]",2025-08-31 03:01:10,655.1355633326942,1,4.506605269059221,282.78580257095297,22.169536410160138,57.47887639416285,16.43893975702494,1,1,1,754,13,0.1258101851851852,17.19380086813605
856,0175,0,0,"[17.336857434379095, 105.18470148233209]","[np.float64(17.65213607451746), np.float64(102.6669995678322)]",2025-08-31 03:01:20,655.1355633326942,1,4.506605269059221,269.2962287976056,21.207991675789096,57.517692359216035,15.43893975702494,1,1,1,754,13,0.1259259259259259,16.06856938665457
857,0175,0,0,"[16.734777966589764, 105.04908807636149]","[np.float64(17.65213607451746), np.float64(102.6669995678322)]",2025-08-31 03:01:30,655.1355633326942,1,4.506605269059221,272.82177230095084,21.46053130889459,57.55650832426922,14.43893975702494,1,1,1,754,13,0.12604166666666666,14.943106423691606
858,0092,0,0,"[16.13267117804375, 104.91406889684868]","[np.float64(14.46788384507577), np.float64(108.0873925492409)]",2025-08-31 03:01:40,394.7958966773688,1,5.7528181064319295,387.4209429267342,29.172152156409165,63.3159219079099,12.43893975702494,2,2,2,1448,5,0.1261574074074074,11.93431012739531
859,0175,0,0,"[16.13267117804375, 104.91406889684868]","[np.float64(17.65213607451746), np.float64(102.6669995678322)]",2025-08-31 03:01:40,655.1355633326942,1,4.506605269059221,292.7486699489227,22.871381775600746,57.595317459133234,19.43893975702494,1,1,1,754,13,0.1261574074074074,19.186624942210127
860,0092,0,0,"[15.530535361193769, 104.77962345322615]","[np.float64(14.46788384507577), np.float64(108.0873925492409)]",2025-08-31 03:01:50,394.7958966773688,1,5.7528181064319295,374.40168846497806,28.346138162814594,63.355659948501035,18.43893975702494,2,2,2,1448,5,0.12627314814814813,17.302481423691606
861,0175,0,0,"[15.530535361193769, 104.77962345322615]","[np.float64(17.65213607451746), np.float64(102.6669995678322)]",2025-08-31 03:01:50,655.1355633326942,1,4.506605269059221,326.08482232028894,25.167088152946864,57.63411976380807,12.43893975702494,1,1,1,754,13,0.12627314814814813,11.933847164432347
862,0092,0,0,"[14.92837563868169, 104.64571076435888]","[np.float64(14.46788384507577), np.float64(108.0873925492409)]",2025-08-31 03:02:00,394.7958966773688,1,5.7528181064319295,373.6946008850309,28.30090253466631,63.39539798909217,14.43893975702494,2,2,2,1448,5,0.12638888888888888,15.323661979247163
863,0175,0,0,"[14.92837563868169, 104.64571076435888]","[np.float64(17.65213607451746), np.float64(102.6669995678322)]",2025-08-31 03:02:00,655.1355633326942,1,4.506605269059221,369.2149492095068,28.013424582074748,57.67292206848292,12.43893975702494,1,1,1,754,13,0.12638888888888888,12.312550868136052
864,0092,0,0,"[14.326192010507516, 104.5123240000577]","[np.float64(14.46788384507577), np.float64(108.0873925492409)]",2025-08-31 03:02:10,394.7958966773688,1,5.7528181064319295,385.36425061108264,29.0425337639076,63.435129199494135,15.43893975702494,2,2,2,1448,5,0.12650462962962963,14.932921238506422
865,0092,0,0,"[13.723986184218537, 104.37942217918759]","[np.float64(14.46788384507577), np.float64(108.0873925492409)]",2025-08-31 03:02:20,394.7958966773688,1,5.7528181064319295,408.3513290846383,30.472661453847127,63.474860409896095,18.43893975702494,2,2,2,1448,5,0.12662037037037038,19.198661979247163
866,0016,0,0,"[13.121761574909344, 104.24699164137022]","[np.float64(10.86906205496359), np.float64(107.1900815224596)]",2025-08-31 03:02:30,274.2795874279427,1,3.1672415939464607,406.4480599090137,30.35580076740826,63.030829811953566,15.93710023241439,3,3,3,1217,14,0.1267361111111111,16.317308565747723
867,0219,0,0,"[13.121761574909344, 104.24699164137022]","[np.float64(10.22974759910089), np.float64(106.2799577317402)]",2025-08-31 03:02:30,582.3459770757406,1,6.608361708155503,390.39555624299453,29.359042716596516,62.15580061700489,15.435260707803842,1,1,1,541,5,0.1267361111111111,14.548107930026063
868,0016,0,0,"[12.519519036353579, 104.11501189603806]","[np.float64(10.86906205496359), np.float64(107.1900815224596)]",2025-08-31 03:02:40,274.2795874279427,1,3.1672415939464607,381.8184036437178,28.81829819884655,63.071701663946925,18.93710023241439,3,3,3,1217,14,0.12685185185185185,18.30284097315513
869,0219,0,0,"[12.519519036353579, 104.11501189603806]","[np.float64(10.22974759910089), np.float64(106.2799577317402)]",2025-08-31 03:02:40,582.3459770757406,1,6.608361708155503,347.15383697182864,26.57521074787646,62.19679541240331,22.43526070780384,1,1,1,541,5,0.12685185185185185,21.927853300396436
870,0016,0,0,"[11.917260276098535, 103.98344879224527]","[np.float64(10.86906205496359), np.float64(107.1900815224596)]",2025-08-31 03:02:50,274.2795874279427,1,3.1672415939464607,368.4495327928522,27.964150210094427,63.112573515940284,12.93710023241439,3,3,3,1217,14,0.1269675925925926,12.556197454636614
871,0219,0,0,"[11.917260276098535, 103.98344879224527]","[np.float64(10.22974759910089), np.float64(106.2799577317402)]",2025-08-31 03:02:50,582.3459770757406,1,6.608361708155503,313.0622650819716,24.280057822203037,62.23778337761256,17.43526070780384,1,1,1,541,5,0.1269675925925926,16.165584781877914
872,0016,0,0,"[11.314986147917857, 103.85228866961351]","[np.float64(10.86906205496359), np.float64(107.1900815224596)]",2025-08-31 03:03:00,274.2795874279427,1,3.1672415939464607,367.5698048230719,27.907461301740028,63.153445367933635,12.93710023241439,3,3,3,1217,14,0.12708333333333333,11.920433565747725
873,0219,0,0,"[11.314986147917857, 103.85228866961351]","[np.float64(10.22974759910089), np.float64(106.2799577317402)]",2025-08-31 03:03:00,582.3459770757406,1,6.608361708155503,291.3483662370935,22.77316715845473,62.278771342821805,21.43526070780384,1,1,1,541,5,0.12708333333333333,21.05401070780384
874,0016,0,0,"[10.712700066906132, 103.72151103757528]","[np.float64(10.86906205496359), np.float64(107.1900815224596)]",2025-08-31 03:03:10,274.2795874279427,1,3.1672415939464607,379.26446924700133,28.656189270850444,63.194317219926994,9.93710023241439,3,3,3,1217,14,0.12719907407407408,9.30110486204402
875,0219,0,0,"[10.712700066906132, 103.72151103757528]","[np.float64(10.22974759910089), np.float64(106.2799577317402)]",2025-08-31 03:03:10,582.3459770757406,1,6.608361708155503,284.8550997909971,22.315896175916233,62.31975930803105,21.43526070780384,1,1,1,541,5,0.12719907407407408,20.926464411507546
876,0016,0,0,"[10.110402886837008, 103.59108174518472]","[np.float64(10.86906205496359), np.float64(107.1900815224596)]",2025-08-31 03:03:20,274.2795874279427,1,3.1672415939464607,402.4385970450555,30.10870406601761,63.23518907192035,12.93710023241439,3,3,3,1217,14,0.12731481481481483,13.19172986204402
877,0219,0,0,"[10.110402886837008, 103.59108174518472]","[np.float64(10.22974759910089), np.float64(106.2799577317402)]",2025-08-31 03:03:20,582.3459770757406,1,6.608361708155503,294.59020523914853,23.000327581167365,62.36075410342947,13.435260707803842,1,1,1,541,5,0.12731481481481483,12.289427374470508
878,0219,0,0,"[9.508096315257772, 103.46098713206348]","[np.float64(10.22974759910089), np.float64(106.2799577317402)]",2025-08-31 03:03:30,582.3459770757406,1,6.608361708155503,319.06941392854236,24.69080536084766,62.40174206863872,17.43526070780384,1,1,1,541,5,0.12743055555555555,17.562691263359397
879,0219,0,0,"[8.905781205942075, 103.33121353783325]","[np.float64(10.22974759910089), np.float64(106.2799577317402)]",2025-08-31 03:03:40,582.3459770757406,1,6.608361708155503,355.25566538870964,27.107714710881133,62.44273003384796,17.43526070780384,1,1,1,541,5,0.1275462962962963,17.052621818914954
880,0219,0,0,"[8.303460120210856, 103.20171998135898]","[np.float64(10.22974759910089), np.float64(106.2799577317402)]",2025-08-31 03:03:50,582.3459770757406,1,6.608361708155503,399.9845240219792,29.956850734420616,62.483717999057205,18.43526070780384,1,1,1,541,5,0.12766203703703705,18.05227459669273
881,0132,0,0,"[-0.12885564081817635, 101.40829672042122]","[np.float64(-2.369268512506268), np.float64(104.0362639244141)]",2025-08-31 03:06:10,971.0363838867337,2,4.751843979190145,383.92907971423676,28.951891959214556,58.61279707941169,17.188019994719667,4,4,3,1046,10,0.1292824074074074,16.15376073546041
882,0132,0,0,"[-0.7310928299484396, 101.2807975791846]","[np.float64(-2.369268512506268), np.float64(104.0362639244141)]",2025-08-31 03:06:20,971.0363838867337,2,4.751843979190145,356.34752049287897,27.17909506695904,58.65172915768076,21.188019994719667,4,4,3,1046,10,0.12939814814814815,21.317418142867815
883,0132,0,0,"[-1.333312903585138, 101.15328477756962]","[np.float64(-2.369268512506268), np.float64(104.0362639244141)]",2025-08-31 03:06:30,971.0363838867337,2,4.751843979190145,340.479813223805,26.132796089718408,58.69066123594984,25.188019994719667,4,4,3,1046,10,0.1295138888888889,24.151908883608556
884,0132,0,0,"[-1.9355144610058836, 101.02573099481963]","[np.float64(-2.369268512506268), np.float64(104.0362639244141)]",2025-08-31 03:06:40,971.0363838867337,2,4.751843979190145,337.9785566306163,25.96611928327958,58.72958648402974,21.188019994719667,4,4,3,1046,10,0.12962962962962962,20.53987184657152
885,0132,0,0,"[-2.537696168189354, 100.89811574036712]","[np.float64(-2.369268512506268), np.float64(104.0362639244141)]",2025-08-31 03:06:50,971.0363838867337,2,4.751843979190145,349.12925012990377,26.705509121213655,58.76850490192047,17.188019994719667,4,4,3,1046,10,0.12974537037037037,17.317765365090036
886,0132,0,0,"[-3.1398567444750793, 100.77042535383373]","[np.float64(-2.369268512506268), np.float64(104.0362639244141)]",2025-08-31 03:07:00,971.0363838867337,2,4.751843979190145,372.70606212544294,28.237596661088762,58.807416489622035,17.188019994719667,4,4,3,1046,10,0.12986111111111112,16.53871443916411
887,0132,0,0,"[-3.741994268872356, 100.64263251446279]","[np.float64(-2.369268512506268), np.float64(104.0362639244141)]",2025-08-31 03:07:10,971.0363838867337,2,4.751843979190145,406.5518225917051,30.36217900624139,58.846314416945255,16.188019994719667,4,4,3,1046,10,0.12997685185185184,15.148205179904853
888,0142,0,0,"[59.12171447446934, 94.6715308778759]","[np.float64(56.37599540038676), np.float64(90.7047273741157)]",2025-08-31 04:28:20,622.8213025145664,1,5.941794181935894,385.3717889595372,29.043009447480618,39.10205435675762,13.940779281635493,1,1,1,897,7,0.1863425925925926,15.617862614968827
889,0142,0,0,"[58.53539054554793, 94.30892979521826]","[np.float64(56.37599540038676), np.float64(90.7047273741157)]",2025-08-31 04:28:30,622.8213025145664,1,5.941794181935894,322.6126591878677,24.931819694183215,39.11315682925348,19.940779281635493,1,1,1,897,7,0.18645833333333334,20.127237614968827
890,0142,0,0,"[57.94829480525032, 93.9569018453958]","[np.float64(56.37599540038676), np.float64(90.7047273741157)]",2025-08-31 04:28:40,622.8213025145664,1,5.941794181935894,262.6651031962045,20.73065076436998,39.12423881118182,21.940779281635493,1,1,1,897,7,0.1865740740740741,20.634760763116972
891,0142,0,0,"[57.360481895089855, 93.61487329251824]","[np.float64(56.37599540038676), np.float64(90.7047273741157)]",2025-08-31 04:28:50,622.8213025145664,1,5.941794181935894,207.97644027665095,16.682309876597188,39.13530371763724,16.940779281635493,1,1,1,897,7,0.1866898148148148,17.31415891126512
892,0142,0,0,"[56.771972305634044, 93.28232504220867]","[np.float64(56.37599540038676), np.float64(90.7047273741157)]",2025-08-31 04:29:00,622.8213025145664,1,5.941794181935894,163.8986458825419,13.287801641175061,39.14634813352515,20.940779281635493,1,1,1,897,7,0.18680555555555556,21.87480705941327
893,0142,0,0,"[56.18281726330167, 92.95876532084682]","[np.float64(56.37599540038676), np.float64(90.7047273741157)]",2025-08-31 04:29:10,622.8213025145664,1,5.941794181935894,140.78167845838763,11.46715816243617,39.157375473940135,21.940779281635493,1,1,1,897,7,0.1869212962962963,22.875385763116974
894,0142,0,0,"[55.59304750394399, 92.64373650575833]","[np.float64(56.37599540038676), np.float64(90.7047273741157)]",2025-08-31 04:29:20,622.8213025145664,1,5.941794181935894,148.74380781855731,12.097087361245917,39.16838573888219,12.940779281635493,1,1,1,897,7,0.18703703703703703,13.875964466820678
895,0142,0,0,"[55.0026903483177, 92.33680829502546]","[np.float64(56.37599540038676), np.float64(90.7047273741157)]",2025-08-31 04:29:30,622.8213025145664,1,5.941794181935894,183.79079463325613,14.833030986264832,39.17937892835133,19.940779281635493,1,1,1,897,7,0.18715277777777778,21.625154281635492
896,0142,0,0,"[54.41177994736863, 92.03758453767637]","[np.float64(56.37599540038676), np.float64(90.7047273741157)]",2025-08-31 04:29:40,622.8213025145664,1,5.941794181935894,234.0576257913081,18.637132668052228,39.19035162725296,14.940779281635493,1,1,1,897,7,0.18726851851851853,15.877121874228086
897,0142,0,0,"[53.82034362185347, 91.74568274311754]","[np.float64(56.37599540038676), np.float64(90.7047273741157)]",2025-08-31 04:29:50,622.8213025145664,1,5.941794181935894,291.782215371752,22.80361165256575,39.20130725068166,18.940779281635493,1,1,1,897,7,0.18738425925925925,20.439853355709566
898,0142,0,0,"[53.22840527743431, 91.46075457170129]","[np.float64(56.37599540038676), np.float64(90.7047273741157)]",2025-08-31 04:30:00,622.8213025145664,1,5.941794181935894,353.3290160905412,26.981537114132742,39.21224579863743,19.940779281635493,1,1,1,897,7,0.1875,18.815779281635493
899,0191,0,0,"[30.519026909855324, 83.70336039167013]","[np.float64(27.23273465917707), np.float64(84.8995652894349)]",2025-08-31 04:36:20,438.0207690698734,1,3.8583835993131634,383.52380042993036,28.926266753731202,59.05725797927193,18.188019994719667,2,2,2,807,14,0.19189814814814815,17.612325550275223
900,0087,0,0,"[29.918192244042228, 83.54662121059668]","[np.float64(26.6900983085824), np.float64(82.02390902942602)]",2025-08-31 04:36:30,475.8681302628163,1,4.373232486426424,388.65903395113503,29.250022591900446,57.14612323817818,20.06439963817758,1,1,1,1060,4,0.1920138888888889,20.256413527066467
901,0191,0,0,"[29.918192244042228, 83.54662121059668]","[np.float64(27.23273465917707), np.float64(84.8995652894349)]",2025-08-31 04:36:30,438.0207690698734,1,3.8583835993131634,326.52097880669805,25.19657756943407,59.0885607362381,15.188019994719667,2,2,2,807,14,0.1920138888888889,16.916144994719666
902,0087,0,0,"[29.317268785769922, 83.39126855792473]","[np.float64(26.6900983085824), np.float64(82.02390902942602)]",2025-08-31 04:36:40,475.8681302628163,1,4.373232486426424,321.48703425052275,24.85535541436267,57.1789149763834,18.06439963817758,1,1,1,1060,4,0.19212962962962962,19.40930704558499
903,0191,0,0,"[29.317268785769922, 83.39126855792473]","[np.float64(27.23273465917707), np.float64(84.8995652894349)]",2025-08-31 04:36:40,438.0207690698734,1,3.8583835993131634,274.8423206573062,21.60487321301227,59.11984983282593,22.188019994719667,2,2,2,807,14,0.19212962962962962,21.419501476201148
904,0087,0,0,"[28.71625995013299, 83.23724779214095]","[np.float64(26.6900983085824), np.float64(82.02390902942602)]",2025-08-31 04:36:50,475.8681302628163,1,4.373232486426424,255.0010788726193,20.175185388679687,57.21169305421029,13.06439963817758,1,1,1,1060,4,0.19224537037037037,14.025626490029431
905,0191,0,0,"[28.71625995013299, 83.23724779214095]","[np.float64(27.23273465917707), np.float64(84.8995652894349)]",2025-08-31 04:36:50,438.0207690698734,1,3.8583835993131634,232.07214558702847,18.489827160823403,59.15111843884625,20.188019994719667,2,2,2,807,14,0.19224537037037037,21.918228328053
906,0248,0,0,"[28.71625995013299, 83.23724779214095]","[np.float64(25.24491213164131), np.float64(82.96245616846963)]",2025-08-31 04:36:50,219.64601821232012,1,5.541899218993892,386.95555092153273,29.142850459396957,58.630562401442894,7.817158925093404,3,3,3,675,3,0.19224537037037037,8.393895036204515
907,0087,0,0,"[28.115172567320602, 83.0845179321103]","[np.float64(26.6900983085824), np.float64(82.02390902942602)]",2025-08-31 04:37:00,475.8681302628163,1,4.373232486426424,189.92445458509212,15.305187536695916,57.24445747165885,16.06439963817758,1,1,1,1060,4,0.19236111111111112,14.14078852706647
908,0191,0,0,"[28.115172567320602, 83.0845179321103]","[np.float64(27.23273465917707), np.float64(84.8995652894349)]",2025-08-31 04:37:00,438.0207690698734,1,3.8583835993131634,203.89488647057655,16.37261226437842,59.18237338448822,21.188019994719667,2,2,2,807,14,0.19236111111111112,22.534547772497444
909,0218,0,0,"[28.115172567320602, 83.0845179321103]","[np.float64(27.01997852084376), np.float64(79.18184992959758)]",2025-08-31 04:37:00,318.4257612573197,1,2.2257168653093258,403.4787879704574,30.172928665017814,54.83616009106903,10.188019994719667,2,2,2,1475,4,0.19236111111111112,9.803297772497444
910,0248,0,0,"[28.115172567320602, 83.0845179321103]","[np.float64(25.24491213164131), np.float64(82.96245616846963)]",2025-08-31 04:37:00,219.64601821232012,1,5.541899218993892,319.38909615541354,24.71258885246346,58.66403715856513,10.817158925093404,3,3,3,675,3,0.19236111111111112,9.085908925093403
911,0087,0,0,"[27.51400663733276, 82.93302433631942]","[np.float64(26.6900983085824), np.float64(82.02390902942602)]",2025-08-31 04:37:10,475.8681302628163,1,4.373232486426424,128.41728844504382,10.48339647509479,57.27720481363448,21.06439963817758,1,1,1,1060,4,0.19247685185185184,20.679445934473875
912,0191,0,0,"[27.51400663733276, 82.93302433631942]","[np.float64(27.23273465917707), np.float64(84.8995652894349)]",2025-08-31 04:37:10,438.0207690698734,1,3.8583835993131634,196.68530872458598,15.823166018067257,59.21360783956269,15.188019994719667,2,2,2,807,14,0.19247685185185184,15.188019994719667
913,0218,0,0,"[27.51400663733276, 82.93302433631942]","[np.float64(27.01997852084376), np.float64(79.18184992959758)]",2025-08-31 04:37:10,318.4257612573197,1,2.2257168653093258,374.79487246833037,28.371275286205016,54.869566546299566,11.188019994719667,2,2,2,1475,4,0.19247685185185184,12.920311661386334
914,0248,0,0,"[27.51400663733276, 82.93302433631942]","[np.float64(25.24491213164131), np.float64(82.96245616846963)]",2025-08-31 04:37:10,219.64601821232012,1,5.541899218993892,252.3291835654249,19.9805942919444,58.69749825530902,12.817158925093404,3,3,3,675,3,0.19247685185185184,11.469820962130441
915,0087,0,0,"[26.91276728281134, 82.78272602363329]","[np.float64(26.6900983085824), np.float64(82.02390902942602)]",2025-08-31 04:37:20,475.8681302628163,1,4.373232486426424,79.27791274837173,6.5168375431304835,57.30993849523176,14.06439963817758,1,1,1,1060,4,0.1925925925925926,13.101436675214616
916,0191,0,0,"[26.91276728281134, 82.78272602363329]","[np.float64(27.23273465917707), np.float64(84.8995652894349)]",2025-08-31 04:37:20,438.0207690698734,1,3.8583835993131634,212.5865982463185,17.030913177592193,59.24482180406965,17.188019994719667,2,2,2,807,14,0.1925925925925926,17.188019994719667
917,0218,0,0,"[26.91276728281134, 82.78272602363329]","[np.float64(27.01997852084376), np.float64(79.18184992959758)]",2025-08-31 04:37:20,318.4257612573197,1,2.2257168653093258,357.05228551381396,27.22512085968223,54.90296275624634,14.188019994719667,2,2,2,1475,4,0.1925925925925926,13.032464439164112
918,0248,0,0,"[26.91276728281134, 82.78272602363329]","[np.float64(25.24491213164131), np.float64(82.96245616846963)]",2025-08-31 04:37:20,219.64601821232012,1,5.541899218993892,186.32387440128443,15.028276058157749,58.73095252186374,9.817158925093404,3,3,3,675,3,0.1925925925925926,9.62456633250081
919,0087,0,0,"[26.311457918850927, 82.63358201291689]","[np.float64(26.6900983085824), np.float64(82.02390902942602)]",2025-08-31 04:37:30,475.8681302628163,1,4.373232486426424,73.8472916087761,6.073885370783562,57.342661931545294,13.06439963817758,1,1,1,1060,4,0.19270833333333334,12.871691304844246
920,0191,0,0,"[26.311457918850927, 82.63358201291689]","[np.float64(27.23273465917707), np.float64(84.8995652894349)]",2025-08-31 04:37:30,438.0207690698734,1,3.8583835993131634,247.1771244593085,19.60401798263967,59.2760152780091,20.188019994719667,2,2,2,807,14,0.19270833333333334,21.536978328053
921,0218,0,0,"[26.311457918850927, 82.63358201291689]","[np.float64(27.01997852084376), np.float64(79.18184992959758)]",2025-08-31 04:37:30,318.4257612573197,1,2.2257168653093258,351.9109816125024,26.888487874458065,54.936345305814775,11.188019994719667,2,2,2,1475,4,0.19270833333333334,10.995311661386333
922,0248,0,0,"[26.311457918850927, 82.63358201291689]","[np.float64(25.24491213164131), np.float64(82.96245616846963)]",2025-08-31 04:37:30,219.64601821232012,1,5.541899218993892,123.0813580144471,10.056873936560462,58.764386297850955,11.817158925093404,3,3,3,675,3,0.19270833333333334,10.275492258426738
923,0042,0,0,"[25.710078545451523, 82.4855513230352]","[np.float64(22.44477907087294), np.float64(82.07061950940755)]",2025-08-31 04:37:40,412.40718330777054,1,5.536524837242601,365.51958723762874,27.7751162680766,59.23564202982516,16.689859519330216,3,3,3,1340,11,0.19282407407407406,18.425276185996882
924,0087,0,0,"[25.710078545451523, 82.4855513230352]","[np.float64(26.6900983085824), np.float64(82.02390902942602)]",2025-08-31 04:37:40,475.8681302628163,1,4.373232486426424,118.30670916650652,9.674258363041174,57.37537170748048,21.06439963817758,1,1,1,1060,4,0.19282407407407406,21.835695934473875
925,0191,0,0,"[25.710078545451523, 82.4855513230352]","[np.float64(27.23273465917707), np.float64(84.8995652894349)]",2025-08-31 04:37:40,438.0207690698734,1,3.8583835993131634,293.93061215423984,22.95417056724441,59.30719509157021,19.188019994719667,2,2,2,807,14,0.19282407407407406,17.645427402127076
926,0218,0,0,"[25.710078545451523, 82.4855513230352]","[np.float64(27.01997852084376), np.float64(79.18184992959758)]",2025-08-31 04:37:40,318.4257612573197,1,2.2257168653093258,359.9124415960759,27.41151758270443,54.96971761009946,10.188019994719667,2,2,2,1475,4,0.19282407407407406,8.452603328053002
927,0248,0,0,"[25.710078545451523, 82.4855513230352]","[np.float64(25.24491213164131), np.float64(82.96245616846963)]",2025-08-31 04:37:40,219.64601821232012,1,5.541899218993892,70.47805108997932,5.798700864842875,58.797806413459824,8.817158925093404,3,3,3,675,3,0.19282407407407406,10.166927443611922
928,0042,0,0,"[25.108635992802295, 82.3385929728532]","[np.float64(22.44477907087294), np.float64(82.07061950940755)]",2025-08-31 04:37:50,412.40718330777054,1,5.536524837242601,297.4599162959624,23.20077671713721,59.271240975779264,13.689859519330216,3,3,3,1340,11,0.19293981481481481,15.04043822303392
929,0087,0,0,"[25.108635992802295, 82.3385929728532]","[np.float64(26.6900983085824), np.float64(82.02390902942602)]",2025-08-31 04:37:50,475.8681302628163,1,4.373232486426424,178.64546343387065,14.435355406954889,57.40806099284816,22.06439963817758,1,1,1,1060,4,0.19293981481481481,20.327941304844245
930,0191,0,0,"[25.108635992802295, 82.3385929728532]","[np.float64(27.23273465917707), np.float64(84.8995652894349)]",2025-08-31 04:37:50,438.0207690698734,1,3.8583835993131634,347.9779108435296,26.62960285140251,59.338361244752974,23.188019994719667,2,2,2,807,14,0.19293981481481481,21.25862184657152
931,0218,0,0,"[25.108635992802295, 82.3385929728532]","[np.float64(27.01997852084376), np.float64(79.18184992959758)]",2025-08-31 04:37:50,318.4257612573197,1,2.2257168653093258,380.2284957350418,28.717439172438908,55.003076254005805,12.188019994719667,2,2,2,1475,4,0.19293981481481481,12.766839439164112
932,0248,0,0,"[25.108635992802295, 82.3385929728532]","[np.float64(25.24491213164131), np.float64(82.96245616846963)]",2025-08-31 04:37:50,219.64601821232012,1,5.541899218993892,64.58308939250725,5.316587821025303,58.83121969887953,6.817158925093404,3,3,3,675,3,0.19293981481481481,7.395978369537848
933,0042,0,0,"[24.507130260903242, 82.19266598123588]","[np.float64(22.44477907087294), np.float64(82.07061950940755)]",2025-08-31 04:38:00,412.40718330777054,1,5.536524837242601,229.66083708977663,18.310587812882044,59.3068330915442,15.689859519330216,3,3,3,1340,11,0.19305555555555556,16.269026185996882
934,0087,0,0,"[24.507130260903242, 82.19266598123588]","[np.float64(26.6900983085824), np.float64(82.02390902942602)]",2025-08-31 04:38:00,475.8681302628163,1,4.373232486426424,243.32439982314625,19.32125445089008,57.4407366178375,16.06439963817758,1,1,1,1060,4,0.19305555555555556,14.519955193733136
935,0191,0,0,"[24.507130260903242, 82.19266598123588]","[np.float64(27.23273465917707), np.float64(84.8995652894349)]",2025-08-31 04:38:00,438.0207690698734,1,3.8583835993131634,406.4192721506258,30.35403105128332,59.36950007717906,17.188019994719667,2,2,2,807,14,0.19305555555555556,16.801908883608554
936,0248,0,0,"[24.507130260903242, 82.19266598123588]","[np.float64(25.24491213164131), np.float64(82.96245616846963)]",2025-08-31 04:38:00,219.64601821232012,1,5.541899218993892,112.96179303764882,9.244910259917493,58.86461249373172,11.817158925093404,3,3,3,675,3,0.19305555555555556,12.203270036204515
937,0042,0,0,"[23.90556647239625, 82.04773619723738]","[np.float64(22.44477907087294), np.float64(82.07061950940755)]",2025-08-31 04:38:10,412.40718330777054,1,5.536524837242601,162.44921840172537,13.174407383151976,59.34241837711996,14.689859519330216,3,3,3,1340,11,0.19317129629629629,12.95131785266355
938,0087,0,0,"[23.90556647239625, 82.04773619723738]","[np.float64(26.6900983085824), np.float64(82.02390902942602)]",2025-08-31 04:38:10,475.8681302628163,1,4.373232486426424,309.6355132092548,24.0445499070581,57.473405412637675,20.06439963817758,1,1,1,1060,4,0.19317129629629629,18.325857971510914
939,0248,0,0,"[23.90556647239625, 82.04773619723738]","[np.float64(25.24491213164131), np.float64(82.96245616846963)]",2025-08-31 04:38:10,219.64601821232012,1,5.541899218993892,175.31432933785032,14.17713419331831,58.897991628205574,9.817158925093404,3,3,3,675,3,0.19317129629629629,10.58984411027859
940,0042,0,0,"[23.3039463348286, 81.90376263972269]","[np.float64(22.44477907087294), np.float64(82.07061950940755)]",2025-08-31 04:38:20,412.40718330777054,1,5.536524837242601,97.05249352611399,7.960905225716388,59.37799000231739,13.689859519330216,3,3,3,1340,11,0.19328703703703703,14.07643359340429
941,0087,0,0,"[23.3039463348286, 81.90376263972269]","[np.float64(26.6900983085824), np.float64(82.02390902942602)]",2025-08-31 04:38:20,475.8681302628163,1,4.373232486426424,376.71799805579775,28.494053404732547,57.50605371687033,16.06439963817758,1,1,1,1060,4,0.19328703703703703,17.41740889743684
942,0248,0,0,"[23.3039463348286, 81.90376263972269]","[np.float64(25.24491213164131), np.float64(82.96245616846963)]",2025-08-31 04:38:20,219.64601821232012,1,5.541899218993892,241.02932004195952,19.152344096816087,58.931357102301085,11.817158925093404,3,3,3,675,3,0.19328703703703703,11.817158925093404
943,0042,0,0,"[22.702271555747593, 81.76071115774593]","[np.float64(22.44477907087294), np.float64(82.07061950940755)]",2025-08-31 04:38:30,412.40718330777054,1,5.536524837242601,42.80546668972774,3.5294949854716697,59.41354796713647,11.689859519330216,3,3,3,1340,11,0.19340277777777778,13.237081741552439
944,0248,0,0,"[22.702271555747593, 81.76071115774593]","[np.float64(25.24491213164131), np.float64(82.96245616846963)]",2025-08-31 04:38:30,219.64601821232012,1,5.541899218993892,307.9614988588662,23.92918571235548,58.96470891601826,8.817158925093404,3,3,3,675,3,0.19340277777777778,7.656742258426737
945,0042,0,0,"[22.1005472577951, 81.61855443055046]","[np.float64(22.44477907087294), np.float64(82.07061950940755)]",2025-08-31 04:38:40,412.40718330777054,1,5.536524837242601,60.24067919370705,4.960961082389945,59.44909910176639,12.689859519330216,3,3,3,1340,11,0.1935185185185185,10.94819285266355
946,0248,0,0,"[22.1005472577951, 81.61855443055046]","[np.float64(25.24491213164131), np.float64(82.96245616846963)]",2025-08-31 04:38:40,219.64601821232012,1,5.541899218993892,375.45973788611644,28.413754514481884,58.99804023916792,15.817158925093404,3,3,3,675,3,0.1935185185185185,14.075492258426737
947,0042,0,0,"[21.498773440971128, 81.47724464681207]","[np.float64(22.44477907087294), np.float64(82.07061950940755)]",2025-08-31 04:38:50,412.40718330777054,1,5.536524837242601,121.6923809559686,9.945660409075307,59.48464340620714,11.689859519330216,3,3,3,1340,11,0.19363425925925926,12.464396556367253
948,0042,0,0,"[20.896951812822962, 81.33676814615241]","[np.float64(22.44477907087294), np.float64(82.07061950940755)]",2025-08-31 04:39:00,412.40718330777054,1,5.536524837242601,188.07515568468003,15.163053276497395,59.520167220080374,18.689859519330216,3,3,3,1340,11,0.19375,20.239859519330217
949,0042,0,0,"[20.295087495992487, 81.19707711724732]","[np.float64(22.44477907087294), np.float64(82.07061950940755)]",2025-08-31 04:39:10,412.40718330777054,1,5.536524837242601,255.57494887326067,20.216916579509967,59.55568420376444,18.689859519330216,3,3,3,1340,11,0.19386574074074073,17.13893359340429
950,0174,1,0,"[20.295087495992487, 81.19707711724732]","[np.float64(17.40919319602953), np.float64(79.62608259559241)]",2025-08-31 04:39:10,538.0886958581815,1,5.340318109256143,360.96595043866336,27.480016955247407,58.88625736321149,13.188019994719667,2,2,2,734,4,0.19386574074074073,12.800288513238186
951,0042,0,0,"[19.693182198026992, 81.05814423934008]","[np.float64(22.44477907087294), np.float64(82.07061950940755)]",2025-08-31 04:39:20,412.40718330777054,1,5.536524837242601,323.49288614870267,24.99154794704715,59.59119435725934,12.689859519330216,3,3,3,1340,11,0.19398148148148148,11.913933593404291
952,0174,1,0,"[19.693182198026992, 81.05814423934008]","[np.float64(17.40919319602953), np.float64(79.62608259559241)]",2025-08-31 04:39:20,538.0886958581815,1,5.340318109256143,295.4419452782435,23.05988398421284,58.92503917731882,9.188019994719667,2,2,2,734,4,0.19398148148148148,7.830149624349297
953,0042,0,0,"[19.091237626473767, 80.91994902186322]","[np.float64(22.44477907087294), np.float64(82.07061950940755)]",2025-08-31 04:39:30,412.40718330777054,1,5.536524837242601,391.61090374814853,29.43520458376554,59.626690850375894,13.689859519330216,3,3,3,1340,11,0.19409722222222223,12.913470630441328
954,0066,0,0,"[19.091237626473767, 80.91994902186322]","[np.float64(17.73778874401928), np.float64(77.62397099064269)]",2025-08-31 04:39:30,706.2121924876766,1,7.459606687650723,378.88648175724774,28.632154093225168,57.02959679584317,22.93710023241439,4,4,3,1407,12,0.19409722222222223,24.101683565747724
955,0174,1,0,"[19.091237626473767, 80.91994902186322]","[np.float64(17.40919319602953), np.float64(79.62608259559241)]",2025-08-31 04:39:30,538.0886958581815,1,5.340318109256143,231.6231032807708,18.45647686810757,58.963820991426154,13.188019994719667,2,2,2,734,4,0.19409722222222223,12.411631105830779
956,0066,0,0,"[18.489255488880108, 80.78245048368169]","[np.float64(17.73778874401928), np.float64(77.62397099064269)]",2025-08-31 04:39:40,706.2121924876766,1,7.459606687650723,344.09500472383104,26.372863861559615,57.06840934580177,18.93710023241439,4,4,3,1407,12,0.19421296296296298,20.685016899081056
957,0174,1,0,"[18.489255488880108, 80.78245048368169]","[np.float64(17.40919319602953), np.float64(79.62608259559241)]",2025-08-31 04:39:40,538.0886958581815,1,5.340318109256143,171.42358437269405,13.874787832316807,59.00259597534432,12.188019994719667,2,2,2,734,4,0.19421296296296298,11.216955179904852
957,0174,1,0,"[18.489255488880108, 80.78245048368169]","[np.float64(17.40919319602953), np.float64(79.62608259559241)]",2025-08-31 04:39:40,538.0886958581815,1,5.340318109256143,171.42358437269405,13.874787832316807,59.00259597534432,12.188019994719667,2,2,2,734,4,0.19421296296296298,11.216955179904852
958,0066,0,0,"[17.887237492793307, 80.64562813422799]","[np.float64(17.73778874401928), np.float64(77.62397099064269)]",2025-08-31 04:39:50,706.2121924876766,1,7.459606687650723,320.3145438556627,24.775606887795284,57.1072150655712,21.93710023241439,4,4,3,1407,12,0.1943287037037037,23.297401158340318
959,0174,1,0,"[17.887237492793307, 80.64562813422799]","[np.float64(17.40919319602953), np.float64(79.62608259559241)]",2025-08-31 04:39:50,538.0886958581815,1,5.340318109256143,120.40167111033283,9.842247082270513,59.04136412907331,13.188019994719667,2,2,2,734,4,0.1943287037037037,14.936978328053002
959,0174,1,0,"[17.887237492793307, 80.64562813422799]","[np.float64(17.40919319602953), np.float64(79.62608259559241)]",2025-08-31 04:39:50,538.0886958581815,1,5.340318109256143,120.40167111033283,9.842247082270513,59.04136412907331,13.188019994719667,2,2,2,734,4,0.1943287037037037,14.936978328053002
960,0066,0,0,"[17.28518876085524, 80.50944782255628]","[np.float64(17.73778874401928), np.float64(77.62397099064269)]",2025-08-31 04:40:00,706.2121924876766,1,7.459606687650723,310.08880804691904,24.075753002108826,57.146020785340625,17.93710023241439,4,4,3,1407,12,0.19444444444444445,17.159322454636612
961,0174,1,0,"[17.28518876085524, 80.50944782255628]","[np.float64(17.40919319602953), np.float64(79.62608259559241)]",2025-08-31 04:40:00,538.0886958581815,1,5.340318109256143,94.76651838211409,7.775715004129771,59.08012545261313,14.188019994719667,2,2,2,734,4,0.19444444444444445,14.771353328053001
961,0174,1,0,"[17.28518876085524, 80.50944782255628]","[np.float64(17.40919319602953), np.float64(79.62608259559241)]",2025-08-31 04:40:00,538.0886958581815,1,5.340318109256143,94.76651838211409,7.775715004129771,59.08012545261313,14.188019994719667,2,2,2,734,4,0.19444444444444445,14.771353328053001
962,0044,0,0,"[16.683107585518616, 80.37388905809904]","[np.float64(14.23205713145524), np.float64(78.1642658125473)]",2025-08-31 04:40:10,654.5251796750259,1,2.754263267074829,361.0394357089136,27.484791809411302,58.271144186938486,15.689859519330216,3,3,3,1082,7,0.1945601851851852,14.522498408219105
963,0066,0,0,"[16.683107585518616, 80.37388905809904]","[np.float64(17.73778874401928), np.float64(77.62397099064269)]",2025-08-31 04:40:10,706.2121924876766,1,7.459606687650723,314.7430879741016,24.39525665163418,57.18482309001546,20.93710023241439,4,4,3,1407,12,0.1945601851851852,19.76973912130328
964,0174,1,0,"[16.683107585518616, 80.37388905809904]","[np.float64(17.40919319602953), np.float64(79.62608259559241)]",2025-08-31 04:40:10,538.0886958581815,1,5.340318109256143,113.3072398266323,9.27269163137685,59.118886776152955,15.188019994719667,2,2,2,734,4,0.1945601851851852,13.436978328053
964,0174,1,0,"[16.683107585518616, 80.37388905809904]","[np.float64(17.40919319602953), np.float64(79.62608259559241)]",2025-08-31 04:40:10,538.0886958581815,1,5.340318109256143,113.3072398266323,9.27269163137685,59.118886776152955,15.188019994719667,2,2,2,734,4,0.1945601851851852,13.436978328053
965,0044,0,0,"[16.08099738187802, 80.23891768991041]","[np.float64(14.23205713145524), np.float64(78.1642658125473)]",2025-08-31 04:40:20,654.5251796750259,1,2.754263267074829,303.0565524225026,23.58997518451518,58.31123739736646,13.689859519330216,3,3,3,1082,7,0.19467592592592592,12.716479889700587
966,0066,0,0,"[16.08099738187802, 80.23891768991041]","[np.float64(17.73778874401928), np.float64(77.62397099064269)]",2025-08-31 04:40:20,706.2121924876766,1,7.459606687650723,333.6551387295045,25.67690236040292,57.22361856450114,19.93710023241439,4,4,3,1407,12,0.19467592592592592,19.742424306488466
967,0174,1,0,"[16.08099738187802, 80.23891768991041]","[np.float64(17.40919319602953), np.float64(79.62608259559241)]",2025-08-31 04:40:20,538.0886958581815,1,5.340318109256143,161.4618222078457,13.097099335175276,59.15764809969278,15.188019994719667,2,2,2,734,4,0.19467592592592592,14.409316291015964
967,0174,1,0,"[16.08099738187802, 80.23891768991041]","[np.float64(17.40919319602953), np.float64(79.62608259559241)]",2025-08-31 04:40:20,538.0886958581815,1,5.340318109256143,161.4618222078457,13.097099335175276,59.15764809969278,15.188019994719667,2,2,2,734,4,0.19467592592592592,14.409316291015964
968,0044,0,0,"[15.478859857480744, 80.1045132274229]","[np.float64(14.23205713145524), np.float64(78.1642658125473)]",2025-08-31 04:40:30,654.5251796750259,1,2.754263267074829,250.40967162838496,19.840500889488986,58.351323777605266,13.689859519330216,3,3,3,1082,7,0.19479166666666667,11.74194285266355
969,0066,0,0,"[15.478859857480744, 80.1045132274229]","[np.float64(17.73778874401928), np.float64(77.62397099064269)]",2025-08-31 04:40:30,706.2121924876766,1,7.459606687650723,364.61406333247675,27.716560374749424,57.26241403898681,19.93710023241439,4,4,3,1407,12,0.19479166666666667,21.300641899081057
970,0174,1,0,"[15.478859857480744, 80.1045132274229]","[np.float64(17.40919319602953), np.float64(79.62608259559241)]",2025-08-31 04:40:30,538.0886958581815,1,5.340318109256143,220.6239147858854,17.635559050615853,59.19640259304343,13.188019994719667,2,2,2,734,4,0.19479166666666667,14.551561661386334
971,0044,0,0,"[14.876698427421372, 79.97064834987982]","[np.float64(14.23205713145524), np.float64(78.1642658125473)]",2025-08-31 04:40:40,654.5251796750259,1,2.754263267074829,207.20697383830384,16.62400087560013,58.3914033276549,13.689859519330216,3,3,3,1082,7,0.19490740740740742,14.07967433414503
972,0066,0,0,"[14.876698427421372, 79.97064834987982]","[np.float64(17.73778874401928), np.float64(77.62397099064269)]",2025-08-31 04:40:40,706.2121924876766,1,7.459606687650723,404.8658261272501,30.258438621852925,57.301202683283314,18.93710023241439,4,4,3,1407,12,0.19490740740740742,20.106544676858835
973,0174,1,0,"[14.876698427421372, 79.97064834987982]","[np.float64(17.40919319602953), np.float64(79.62608259559241)]",2025-08-31 04:40:40,538.0886958581815,1,5.340318109256143,283.9952716208152,22.25511834203122,59.23515025620491,11.188019994719667,2,2,2,734,4,0.19490740740740742,12.357464439164112
974,0199,0,0,"[14.876698427421372, 79.97064834987982]","[np.float64(11.99003758206099), np.float64(78.10334361938055)]",2025-08-31 04:40:40,69.31274098532398,1,7.988094894946754,379.2163334614039,28.65312906159043,58.528840394133894,11.442618806246042,3,3,3,524,13,0.19490740740740742,13.196785472912708
975,0044,0,0,"[14.274513945473553, 79.83730256671366]","[np.float64(14.23205713145524), np.float64(78.1642658125473)]",2025-08-31 04:40:50,654.5251796750259,1,2.754263267074829,180.36815669125843,14.56866033066224,58.431489707893704,15.689859519330216,3,3,3,1082,7,0.19502314814814814,14.32469748229318
976,0172,0,0,"[14.274513945473553, 79.83730256671366]","[np.float64(12.6703914164964), np.float64(76.73416482409996)]",2025-08-31 04:40:50,525.0154826812568,1,2.3056014791344026,380.00714886537753,28.703382126801728,57.192899788709006,16.188019994719667,4,4,3,960,9,0.19502314814814814,17.943228328053
977,0174,1,0,"[14.274513945473553, 79.83730256671366]","[np.float64(17.40919319602953), np.float64(79.62608259559241)]",2025-08-31 04:40:50,538.0886958581815,1,5.340318109256143,349.2922454436049,26.716247022236942,59.273891089177226,10.188019994719667,2,2,2,734,4,0.19502314814814814,9.602950550275223
978,0199,0,0,"[14.274513945473553, 79.83730256671366]","[np.float64(11.99003758206099), np.float64(78.10334361938055)]",2025-08-31 04:40:50,69.31274098532398,1,7.988094894946754,315.87613863037814,24.472794420557705,58.56952783101966,9.442618806246042,3,3,3,524,13,0.19502314814814814,9.052572509949746
979,0044,0,0,"[13.672307265410929, 79.70444855716775]","[np.float64(14.23205713145524), np.float64(78.1642658125473)]",2025-08-31 04:41:00,654.5251796750259,1,2.754263267074829,177.47892588212014,14.344995904033699,58.47156925794334,12.689859519330216,3,3,3,1082,7,0.1951388888888889,11.714165074885772
980,0172,0,0,"[13.672307265410929, 79.70444855716775]","[np.float64(12.6703914164964), np.float64(76.73416482409996)]",2025-08-31 04:41:00,525.0154826812568,1,2.3056014791344026,340.33669168910603,26.123271656022894,57.23344720671679,24.188019994719667,4,4,3,960,9,0.1951388888888889,23.99288110583078
981,0199,0,0,"[13.672307265410929, 79.70444855716775]","[np.float64(11.99003758206099), np.float64(78.10334361938055)]",2025-08-31 04:41:00,69.31274098532398,1,7.988094894946754,255.1903394013727,20.188950675826383,58.61020843771626,7.442618806246042,3,3,3,524,13,0.1951388888888889,7.052341028468264
982,0044,0,0,"[13.070081802328088, 79.5720590004854]","[np.float64(14.23205713145524), np.float64(78.1642658125473)]",2025-08-31 04:41:10,654.5251796750259,1,2.754263267074829,199.58191460120995,16.044283276905713,58.51164880799297,9.689859519330216,3,3,3,1082,7,0.19525462962962964,9.299350260070957
983,0172,0,0,"[13.070081802328088, 79.5720590004854]","[np.float64(12.6703914164964), np.float64(76.73416482409996)]",2025-08-31 04:41:10,525.0154826812568,1,2.3056014791344026,310.8236267971153,24.12630288567304,57.27399120962998,23.188019994719667,4,4,3,960,9,0.19525462962962964,21.23547369842337
984,0199,0,0,"[13.070081802328088, 79.5720590004854]","[np.float64(11.99003758206099), np.float64(78.10334361938055)]",2025-08-31 04:41:10,69.31274098532398,1,7.988094894946754,199.5948183911858,16.045267217316095,58.65088904441285,8.442618806246042,3,3,3,524,13,0.19525462962962964,9.41889195439419
985,0044,0,0,"[12.46783755622503, 79.44011340609909]","[np.float64(14.23205713145524), np.float64(78.1642658125473)]",2025-08-31 04:41:20,654.5251796750259,1,2.754263267074829,239.8653068019363,19.066543948088043,58.55172835804261,9.689859519330216,3,3,3,1082,7,0.19537037037037036,9.494489148959847
986,0172,0,0,"[12.46783755622503, 79.44011340609909]","[np.float64(12.6703914164964), np.float64(76.73416482409996)]",2025-08-31 04:41:20,525.0154826812568,1,2.3056014791344026,294.53810442479875,22.996682816794692,57.31453521254318,16.188019994719667,4,4,3,960,9,0.19537037037037036,15.601908883608557
987,0199,0,0,"[12.46783755622503, 79.44011340609909]","[np.float64(11.99003758206099), np.float64(78.10334361938055)]",2025-08-31 04:41:20,69.31274098532398,1,7.988094894946754,154.67936402494414,12.564767698870156,58.69156965110945,11.442618806246042,3,3,3,524,13,0.19537037037037036,11.442618806246042
988,0044,0,0,"[11.86557794219634, 79.30858445325215]","[np.float64(14.23205713145524), np.float64(78.1642658125473)]",2025-08-31 04:41:30,654.5251796750259,1,2.754263267074829,290.87088511698227,22.73964517035526,58.59180790809224,15.689859519330216,3,3,3,1082,7,0.1954861111111111,13.930484519330216
989,0172,0,0,"[11.86557794219634, 79.30858445325215]","[np.float64(12.6703914164964), np.float64(76.73416482409996)]",2025-08-31 04:41:30,525.0154826812568,1,2.3056014791344026,293.688908332438,22.937248721398813,57.35507921545637,22.188019994719667,4,4,3,960,9,0.1954861111111111,21.601561661386334
990,0199,0,0,"[11.86557794219634, 79.30858445325215]","[np.float64(11.99003758206099), np.float64(78.10334361938055)]",2025-08-31 04:41:30,69.31274098532398,1,7.988094894946754,131.85144403106017,10.757285328150548,58.732250257806044,7.442618806246042,3,3,3,524,13,0.1954861111111111,8.224563250690487
991,0044,0,0,"[11.26330466778931, 79.17745848156625]","[np.float64(14.23205713145524), np.float64(78.1642658125473)]",2025-08-31 04:41:40,654.5251796750259,1,2.754263267074829,347.91472520257133,26.62543418248414,58.631880627952704,9.689859519330216,3,3,3,1082,7,0.19560185185185186,10.08106322303392
992,0172,0,0,"[11.26330466778931, 79.17745848156625]","[np.float64(12.6703914164964), np.float64(76.73416482409996)]",2025-08-31 04:41:40,525.0154826812568,1,2.3056014791344026,308.40480949788514,23.95975645093415,57.39562321836957,17.188019994719667,4,4,3,960,9,0.19560185185185186,16.014408883608557
993,0199,0,0,"[11.26330466778931, 79.17745848156625]","[np.float64(11.99003758206099), np.float64(78.10334361938055)]",2025-08-31 04:41:40,69.31274098532398,1,7.988094894946754,142.18133759897964,11.578101401228968,58.77293086450264,7.442618806246042,3,3,3,524,13,0.19560185185185186,6.269007695134931
994,0044,0,0,"[10.66101773300394, 79.04670817028469]","[np.float64(14.23205713145524), np.float64(78.1642658125473)]",2025-08-31 04:41:50,654.5251796750259,1,2.754263267074829,408.47477123557854,30.480231136078196,58.67195334781317,16.689859519330216,3,3,3,1082,7,0.19571759259259258,17.0812947045154
995,0172,0,0,"[10.66101773300394, 79.04670817028469]","[np.float64(12.6703914164964), np.float64(76.73416482409996)]",2025-08-31 04:41:50,525.0154826812568,1,2.3056014791344026,336.6506988957895,25.87744202037751,57.436167221282766,22.188019994719667,4,4,3,960,9,0.19571759259259258,22.188019994719667
996,0199,0,0,"[10.66101773300394, 79.04670817028469]","[np.float64(11.99003758206099), np.float64(78.10334361938055)]",2025-08-31 04:41:50,69.31274098532398,1,7.988094894946754,180.04901988278522,14.54397710097126,58.813604641010066,7.442618806246042,3,3,3,524,13,0.19571759259259258,7.834053991431227
997,0172,0,0,"[10.058720552934814, 78.91631302883998]","[np.float64(12.6703914164964), np.float64(76.73416482409996)]",2025-08-31 04:42:00,525.0154826812568,1,2.3056014791344026,375.3849581345541,28.408978425679138,57.47671122419596,17.188019994719667,4,4,3,960,9,0.19583333333333333,15.621353328053
998,0199,0,0,"[10.058720552934814, 78.91631302883998]","[np.float64(11.99003758206099), np.float64(78.10334361938055)]",2025-08-31 04:42:00,69.31274098532398,1,7.988094894946754,232.3596528636166,18.511173461671188,58.85428524770666,14.442618806246042,3,3,3,524,13,0.19583333333333333,15.617618806246043
999,0199,0,0,"[9.456413127581932, 78.78624573647542]","[np.float64(11.99003758206099), np.float64(78.10334361938055)]",2025-08-31 04:42:10,69.31274098532398,1,7.988094894946754,291.4368085868205,22.779374526173374,58.89496585440326,11.442618806246042,3,3,3,524,13,0.19594907407407408,13.206160472912709
1000,0199,0,0,"[8.854098872039883, 78.65649263281269]","[np.float64(11.99003758206099), np.float64(78.10334361938055)]",2025-08-31 04:42:20,69.31274098532398,1,7.988094894946754,353.9077893116429,27.019471183712174,58.935639630910686,11.442618806246042,3,3,3,524,13,0.1960648148148148,10.854424361801598
1001,0166,0,0,"[58.4849700890949, 69.61468820954981]","[np.float64(55.6916650213985), np.float64(73.82550891603077)]",2025-08-31 06:07:10,332.17409282682826,1,3.837721961158011,401.3366105975417,30.040572821559092,41.48674660357587,18.689859519330216,3,3,3,652,12,0.25497685185185187,19.45479007488577
1002,0166,0,0,"[57.89781287709476, 69.26353452394112]","[np.float64(55.6916650213985), np.float64(73.82550891603077)]",2025-08-31 06:07:20,332.17409282682826,1,3.837721961158011,370.46843401733884,28.09402149904258,41.494437396581304,12.689859519330216,3,3,3,652,12,0.2550925925925926,12.689859519330216
1003,0166,0,0,"[57.30993849523176, 68.92234608433147]","[np.float64(55.6916650213985), np.float64(73.82550891603077)]",2025-08-31 06:07:30,332.17409282682826,1,3.837721961158011,350.490174647345,26.79510275327267,41.502104283924645,12.689859519330216,3,3,3,652,12,0.2552083333333333,13.71069285266355
1004,0166,0,0,"[56.72137426426259, 68.59059013596561]","[np.float64(55.6916650213985), np.float64(73.82550891603077)]",2025-08-31 06:07:40,332.17409282682826,1,3.837721961158011,343.3080184129723,26.320688327555107,41.50975068070047,11.689859519330216,3,3,3,652,12,0.2553240740740741,10.668563223033921
1005,0166,0,0,"[56.132164580416855, 68.26778173541247]","[np.float64(55.6916650213985), np.float64(73.82550891603077)]",2025-08-31 06:07:50,332.17409282682826,1,3.837721961158011,349.71157037922393,26.74386224888176,41.51738000200338,11.689859519330216,3,3,3,652,12,0.2554398148148148,13.733378037848734
1006,0166,0,0,"[55.54234017954582, 67.95346325999765]","[np.float64(55.6916650213985), np.float64(73.82550891603077)]",2025-08-31 06:08:00,332.17409282682826,1,3.837721961158011,368.994198846242,27.99921820042312,41.52498541764419,18.689859519330216,3,3,3,652,12,0.25555555555555554,17.15652618599688
1007,0166,0,0,"[54.95193521259533, 67.64721123799262]","[np.float64(55.6916650213985), np.float64(73.82550891603077)]",2025-08-31 06:08:10,332.17409282682826,1,3.837721961158011,399.29418403406726,29.914049957690892,41.532570342717484,13.689859519330216,3,3,3,652,12,0.2556712962962963,12.922845630441328
1008,0228,0,0,"[50.8050985561434, 65.69871536213888]","[np.float64(47.72787662898534), np.float64(67.74428874484721)]",2025-08-31 06:09:20,81.1778618658172,1,3.9142534574609424,372.9393358340285,28.252542255658355,47.303287889434536,26.686180470109115,1,1,1,1426,9,0.2564814814814815,25.403773062701706
1009,0228,0,0,"[50.210967721000664, 65.44450255142019]","[np.float64(47.72787662898534), np.float64(67.74428874484721)]",2025-08-31 06:09:30,81.1778618658172,1,3.9142534574609424,323.09886285386847,24.964818460357456,47.31721464515219,17.686180470109115,1,1,1,1426,9,0.2565972222222222,16.916388803442448
1010,0228,0,0,"[49.616468055642756, 65.19552166560571]","[np.float64(47.72787662898534), np.float64(67.74428874484721)]",2025-08-31 06:09:40,81.1778618658172,1,3.9142534574609424,281.2632663033209,22.061653595491073,47.33111749520776,24.686180470109115,1,1,1,1426,9,0.256712962962963,24.17275454418319
1011,0228,0,0,"[49.021613220448, 64.95154047826368]","[np.float64(47.72787662898534), np.float64(67.74428874484721)]",2025-08-31 06:09:50,81.1778618658172,1,3.9142534574609424,251.4598757964259,19.91717959391501,47.344993024506635,18.686180470109115,1,1,1,1426,9,0.2568287037037037,19.71349528492393
1012,0228,0,0,"[48.42642029088934, 64.71234725352984]","[np.float64(47.72787662898534), np.float64(67.74428874484721)]",2025-08-31 06:10:00,81.1778618658172,1,3.9142534574609424,238.24754350782916,18.947150001140063,47.35884806323801,18.686180470109115,1,1,1,1426,9,0.2569444444444444,16.630624914553557
1013,0228,0,0,"[47.83090634243968, 64.4777302555399]","[np.float64(47.72787662898534), np.float64(67.74428874484721)]",2025-08-31 06:10:10,81.1778618658172,1,3.9142534574609424,244.33309333856937,19.395380870519112,47.3726757812127,17.686180470109115,1,1,1,1426,9,0.2570601851851852,15.886759173812818
1014,0228,0,0,"[47.23508162038279, 64.24749140880795]","[np.float64(47.72787662898534), np.float64(67.74428874484721)]",2025-08-31 06:10:20,81.1778618658172,1,3.9142534574609424,268.4072628925671,21.14417674774817,47.386479593525294,20.686180470109115,1,1,1,1426,9,0.2571759259259259,21.45770824788689
1015,0228,0,0,"[46.63896320019159, 64.02144629822637]","[np.float64(47.72787662898534), np.float64(67.74428874484721)]",2025-08-31 06:10:30,81.1778618658172,1,3.9142534574609424,306.2568840992207,23.811500484685805,47.40025950017579,25.686180470109115,1,1,1,1426,9,0.25729166666666664,25.17159713677578
1016,0228,0,0,"[46.042561327149826, 63.7994309992551]","[np.float64(47.72787662898534), np.float64(67.74428874484721)]",2025-08-31 06:10:40,81.1778618658172,1,3.9142534574609424,353.4836026544961,26.99167156249079,47.4140155011642,25.686180470109115,1,1,1,1426,9,0.2574074074074074,27.488032321960965
1017,0228,0,0,"[45.44588966163585, 63.58126792697573]","[np.float64(47.72787662898534), np.float64(67.74428874484721)]",2025-08-31 06:10:50,81.1778618658172,1,3.9142534574609424,406.8353463382262,30.37960282390625,47.42774418139592,26.686180470109115,1,1,1,1426,9,0.25752314814814814,24.883518433072076
1018,0020,0,0,"[29.265646216022965, 58.71439614331563]","[np.float64(27.06543720001891), np.float64(56.14235632273806)]",2025-08-31 06:15:20,842.1571665006616,2,7.275444005099062,351.2956817178868,26.84806508141668,56.03501538475718,17.06807868739868,3,3,3,1263,10,0.26064814814814813,14.722245354065345
1019,0020,0,0,"[28.664633965291447, 58.56049149074774]","[np.float64(27.06543720001891), np.float64(56.14235632273806)]",2025-08-31 06:15:30,842.1571665006616,2,7.275444005099062,296.84573412350073,23.157926467024563,56.06791640598913,15.068078687398678,3,3,3,1263,10,0.2607638888888889,15.589606465176455
1020,0020,0,0,"[28.06353975228989, 58.40786408355463]","[np.float64(27.06543720001891), np.float64(56.14235632273806)]",2025-08-31 06:15:40,842.1571665006616,2,7.275444005099062,249.3693349889514,19.764469559685416,56.100803766842745,14.068078687398678,3,3,3,1263,10,0.26087962962962963,15.372476835546827
1021,0065,0,0,"[28.06353975228989, 58.40786408355463]","[np.float64(25.56539114408521), np.float64(56.00579791249965)]",2025-08-31 06:15:40,335.46074543268526,1,5.475179680446195,366.01769634315383,27.80729975314599,56.658437486155506,9.068078687398678,4,4,3,1012,6,0.26087962962962963,9.068078687398678
1022,0020,0,0,"[27.462366992112877, 58.25647977079046]","[np.float64(27.06543720001891), np.float64(56.14235632273806)]",2025-08-31 06:15:50,842.1571665006616,2,7.275444005099062,213.57130839178862,17.105206197915578,56.1336808824126,19.06807868739868,3,3,3,1263,10,0.26099537037037035,20.11206016888016
1023,0065,0,0,"[27.462366992112877, 58.25647977079046]","[np.float64(25.56539114408521), np.float64(56.00579791249965)]",2025-08-31 06:15:50,335.46074543268526,1,5.475179680446195,307.6275481700667,23.90614688010341,56.69237328104671,8.068078687398678,4,4,3,1012,6,0.26099537037037035,7.285092576287568
1024,0145,0,0,"[27.462366992112877, 58.25647977079046]","[np.float64(24.06850013242735), np.float64(59.08742500385519)]",2025-08-31 06:15:50,394.2765587467759,1,7.500687348686667,386.44179894953794,29.11048453821258,59.861130263447414,10.813479875872304,3,3,3,1315,9,0.26099537037037035,10.291489135131563
1025,0020,0,0,"[26.86112251494958, 58.10628391094188]","[np.float64(27.06543720001891), np.float64(56.14235632273806)]",2025-08-31 06:16:00,842.1571665006616,2,7.275444005099062,195.9599693659868,15.76771993676759,56.166544337604115,18.06807868739868,3,3,3,1263,10,0.2611111111111111,17.284745354065343
1026,0065,0,0,"[26.86112251494958, 58.10628391094188]","[np.float64(25.56539114408521), np.float64(56.00579791249965)]",2025-08-31 06:16:00,335.46074543268526,1,5.475179680446195,254.28896844412145,20.12337043804358,56.72629883065417,17.06807868739868,4,4,3,1012,6,0.2611111111111111,18.895856465176458
1027,0145,0,0,"[26.86112251494958, 58.10628391094188]","[np.float64(24.06850013242735), np.float64(59.08742500385519)]",2025-08-31 06:16:00,394.2765587467759,1,7.500687348686667,325.7685221914185,25.145693538716646,59.89515143570325,14.813479875872304,3,3,3,1315,9,0.2611111111111111,17.163479875872305
1028,0020,0,0,"[26.2598063208, 57.957235522873866]","[np.float64(27.06543720001891), np.float64(56.14235632273806)]",2025-08-31 06:16:10,842.1571665006616,2,7.275444005099062,201.36618916711345,16.180245435021227,56.19939071732271,13.068078687398678,3,3,3,1263,10,0.26122685185185185,13.32930553925053
1029,0065,0,0,"[26.2598063208, 57.957235522873866]","[np.float64(25.56539114408521), np.float64(56.00579791249965)]",2025-08-31 06:16:10,335.46074543268526,1,5.475179680446195,209.8899785350409,16.827160612744372,56.760214134977865,10.068078687398678,4,4,3,1012,6,0.26122685185185185,10.851759242954234
1030,0145,0,0,"[26.2598063208, 57.957235522873866]","[np.float64(24.06850013242735), np.float64(59.08742500385519)]",2025-08-31 06:16:10,394.2765587467759,1,7.500687348686667,268.8986839392749,21.17946049683726,59.92915894758074,9.813479875872304,3,3,3,1315,9,0.26122685185185185,7.723665061057488
1031,0189,0,0,"[26.2598063208, 57.957235522873866]","[np.float64(24.60431228843975), np.float64(54.75734952573463)]",2025-08-31 06:16:10,195.5089786039061,1,4.710080973719473,370.3019615905617,28.083324567084983,56.12264671180844,26.060720588956478,3,3,3,1063,13,0.26122685185185185,25.01581318154907
1032,0020,0,0,"[25.658423532306006, 57.80930045564056]","[np.float64(27.06543720001891), np.float64(56.14235632273806)]",2025-08-31 06:16:20,842.1571665006616,2,7.275444005099062,228.16092039181578,18.19890702707955,56.232226851757545,10.068078687398678,3,3,3,1263,10,0.26134259259259257,10.329421279991271
1033,0065,0,0,"[25.658423532306006, 57.80930045564056]","[np.float64(25.56539114408521), np.float64(56.00579791249965)]",2025-08-31 06:16:20,335.46074543268526,1,5.475179680446195,181.13025682390455,14.627581625991406,56.79411577892323,16.06807868739868,4,4,3,1012,6,0.26134259259259257,17.11344905776905
1034,0145,0,0,"[25.658423532306006, 57.80930045564056]","[np.float64(24.06850013242735), np.float64(59.08742500385519)]",2025-08-31 06:16:20,394.2765587467759,1,7.500687348686667,218.81745174779982,17.500006928557585,59.96315279907989,10.813479875872304,3,3,3,1315,9,0.26134259259259257,11.336165061057489
1035,0189,0,0,"[25.658423532306006, 57.80930045564056]","[np.float64(24.60431228843975), np.float64(54.75734952573463)]",2025-08-31 06:16:20,195.5089786039061,1,4.710080973719473,328.8230653084495,25.351989625268242,56.15750799733219,21.060720588956478,3,3,3,1063,13,0.26134259259259257,20.2766928111787
1036,0020,0,0,"[25.05697414946761, 57.66243089791778]","[np.float64(27.06543720001891), np.float64(56.14235632273806)]",2025-08-31 06:16:30,842.1571665006616,2,7.275444005099062,270.05125100247915,21.26214809998133,56.26504932581404,17.06807868739868,3,3,3,1263,10,0.26145833333333335,17.85245368739868
1037,0065,0,0,"[25.05697414946761, 57.66243089791778]","[np.float64(25.56539114408521), np.float64(56.00579791249965)]",2025-08-31 06:16:30,335.46074543268526,1,5.475179680446195,175.85792592218033,14.219312907431283,56.82800717758483,14.068078687398678,4,4,3,1012,6,0.26145833333333335,14.329537020732012
1038,0145,0,0,"[25.05697414946761, 57.66243089791778]","[np.float64(24.06850013242735), np.float64(59.08742500385519)]",2025-08-31 06:16:30,394.2765587467759,1,7.500687348686667,181.2419154127106,14.636211787255148,59.997132990200704,14.813479875872304,3,3,3,1315,9,0.26145833333333335,14.813479875872304
1039,0189,0,0,"[25.05697414946761, 57.66243089791778]","[np.float64(24.60431228843975), np.float64(54.75734952573463)]",2025-08-31 06:16:30,195.5089786039061,1,4.710080973719473,297.4503603722462,23.200110229829512,56.192362452666764,25.060720588956478,3,3,3,1063,13,0.26145833333333335,25.583637255623145
1040,0020,0,0,"[24.455465002473975, 57.516592698759666]","[np.float64(27.06543720001891), np.float64(56.14235632273806)]",2025-08-31 06:16:40,842.1571665006616,2,7.275444005099062,321.1844849929832,24.834786943127764,56.29785813949219,11.068078687398678,3,3,3,1263,10,0.26157407407407407,8.713912020732012
1041,0065,0,0,"[24.455465002473975, 57.516592698759666]","[np.float64(25.56539114408521), np.float64(56.00579791249965)]",2025-08-31 06:16:40,335.46074543268526,1,5.475179680446195,195.97904113011654,15.769178200856214,56.86188150077351,12.068078687398678,4,4,3,1012,6,0.26157407407407407,13.114374983694974
1042,0145,0,0,"[24.455465002473975, 57.516592698759666]","[np.float64(24.06850013242735), np.float64(59.08742500385519)]",2025-08-31 06:16:40,394.2765587467759,1,7.500687348686667,164.95108524137763,13.370071676831481,60.03109952094318,12.813479875872304,3,3,3,1315,9,0.26157407407407407,14.644498394390823
1043,0189,0,0,"[24.455465002473975, 57.516592698759666]","[np.float64(24.60431228843975), np.float64(54.75734952573463)]",2025-08-31 06:16:40,195.5089786039061,1,4.710080973719473,279.60821165690834,21.94419384195521,56.227203247622995,19.060720588956478,3,3,3,1063,13,0.26157407407407407,19.32229466303055
1044,0020,0,0,"[23.8538960913251, 57.371744877031205]","[np.float64(27.06543720001891), np.float64(56.14235632273806)]",2025-08-31 06:16:50,842.1571665006616,2,7.275444005099062,377.8268594577912,28.564716932575124,56.330653292792014,15.068078687398678,3,3,3,1263,10,0.2616898148148148,15.068078687398678
1045,0065,0,0,"[23.8538960913251, 57.371744877031205]","[np.float64(25.56539114408521), np.float64(56.00579791249965)]",2025-08-31 06:16:50,335.46074543268526,1,5.475179680446195,235.06107599450948,18.711483091309344,56.89574899377302,12.068078687398678,4,4,3,1012,6,0.2616898148148148,9.45118053925053
1046,0145,0,0,"[23.8538960913251, 57.371744877031205]","[np.float64(24.06850013242735), np.float64(59.08742500385519)]",2025-08-31 06:16:50,394.2765587467759,1,7.500687348686667,175.95869810804888,14.227130289706652,60.06505239130731,16.813479875872304,3,3,3,1315,9,0.2616898148148148,14.719961357353785
1047,0189,0,0,"[23.8538960913251, 57.371744877031205]","[np.float64(24.60431228843975), np.float64(54.75734952573463)]",2025-08-31 06:16:50,195.5089786039061,1,4.710080973719473,277.91543459283866,21.823855871389753,56.26203379729548,22.060720588956478,3,3,3,1063,13,0.2616898148148148,24.154239107474996
1048,0065,0,0,"[23.25227253866287, 57.22784986669196]","[np.float64(25.56539114408521), np.float64(56.00579791249965)]",2025-08-31 06:17:00,335.46074543268526,1,5.475179680446195,285.41888919879085,22.355719507301963,56.92960282639419,14.068078687398678,4,4,3,1012,6,0.26180555555555557,13.020856465176456
1049,0145,0,0,"[23.25227253866287, 57.22784986669196]","[np.float64(24.06850013242735), np.float64(59.08742500385519)]",2025-08-31 06:17:00,394.2765587467759,1,7.500687348686667,210.014604562245,16.836586878666512,60.09899160129311,17.813479875872304,3,3,3,1315,9,0.26180555555555557,16.24264654253897
1050,0189,0,0,"[23.25227253866287, 57.22784986669196]","[np.float64(24.60431228843975), np.float64(54.75734952573463)]",2025-08-31 06:17:00,195.5089786039061,1,4.710080973719473,292.65307500018974,22.86468143683706,56.296854101684204,24.060720588956478,3,3,3,1063,13,0.26180555555555557,23.798915033400924
1051,0065,0,0,"[22.650594344487274, 57.08487693189067]","[np.float64(25.56539114408521), np.float64(56.00579791249965)]",2025-08-31 06:17:10,335.46074543268526,1,5.475179680446195,342.1096033627582,26.241145567910284,56.963442998637014,17.06807868739868,4,4,3,1012,6,0.2619212962962963,18.37768516888016
1052,0145,0,0,"[22.650594344487274, 57.08487693189067]","[np.float64(24.06850013242735), np.float64(59.08742500385519)]",2025-08-31 06:17:10,394.2765587467759,1,7.500687348686667,258.1518020956019,20.40402631523577,60.13291032071139,16.813479875872304,3,3,3,1315,9,0.2619212962962963,14.194266912909342
1053,0189,0,0,"[22.650594344487274, 57.08487693189067]","[np.float64(24.60431228843975), np.float64(54.75734952573463)]",2025-08-31 06:17:10,195.5089786039061,1,4.710080973719473,321.57117218255684,24.861074221841772,56.331664160789174,21.060720588956478,3,3,3,1063,13,0.2619212962962963,18.965350218586106
1054,0065,0,0,"[22.048864923892907, 56.942791921681476]","[np.float64(25.56539114408521), np.float64(56.00579791249965)]",2025-08-31 06:17:20,335.46074543268526,1,5.475179680446195,402.46616633998605,30.110407357920977,56.9972695105015,8.068078687398678,4,4,3,1012,6,0.262037037037037,6.2338194281394195
1055,0145,0,0,"[22.048864923892907, 56.942791921681476]","[np.float64(24.06850013242735), np.float64(59.08742500385519)]",2025-08-31 06:17:20,394.2765587467759,1,7.500687348686667,313.95811946263433,24.341483215570126,60.166822209940506,16.813479875872304,3,3,3,1315,9,0.262037037037037,14.717183579576007
1056,0189,0,0,"[22.048864923892907, 56.942791921681476]","[np.float64(24.60431228843975), np.float64(54.75734952573463)]",2025-08-31 06:17:20,195.5089786039061,1,4.710080973719473,361.281059112678,27.50048886057309,56.36646397461039,26.060720588956478,3,3,3,1063,13,0.262037037037037,23.702387255623144
1057,0145,0,0,"[21.44708769197435, 56.80156068511854]","[np.float64(24.06850013242735), np.float64(59.08742500385519)]",2025-08-31 06:17:30,394.2765587467759,1,7.500687348686667,374.01567531325213,28.321447906718145,60.20072043879128,17.813479875872304,3,3,3,1315,9,0.2621527777777778,17.551327098094525
1058,0200,0,0,"[-13.475144463508402, 49.21878029121876]","[np.float64(-15.50091911811069), np.float64(46.46302837561331)]",2025-08-31 06:27:10,598.5033155730235,1,7.31154048679186,372.4893349348754,28.223707430628227,46.33163883848687,16.191699043940766,2,2,2,731,7,0.26886574074074077,16.99829626616299
1059,0200,0,0,"[-14.076661294464854, 49.0861858288613]","[np.float64(-15.50091911811069), np.float64(46.46302837561331)]",2025-08-31 06:27:20,598.5033155730235,1,7.31154048679186,323.43545124601263,24.987652440181463,46.36610738813334,18.191699043940766,2,2,2,731,7,0.2689814814814815,15.770865710607431
1060,0200,0,0,"[-14.678127752776177, 48.95311325326195]","[np.float64(-15.50091911811069), np.float64(46.46302837561331)]",2025-08-31 06:27:30,598.5033155730235,1,7.31154048679186,282.55614227400014,22.15327387707834,46.400565692496045,20.191699043940766,2,2,2,731,7,0.2690972222222222,21.537185155051876
1061,0200,0,0,"[-15.279541277121432, 48.819538658758596]","[np.float64(-15.50091911811069), np.float64(46.46302837561331)]",2025-08-31 06:27:40,598.5033155730235,1,7.31154048679186,253.831042611994,20.090032443694632,46.435013751575006,20.191699043940766,2,2,2,731,7,0.269212962962963,22.61461571060743
1062,0200,0,0,"[-15.88090186750062, 48.68543813968915]","[np.float64(-15.50091911811069), np.float64(46.46302837561331)]",2025-08-31 06:27:50,598.5033155730235,1,7.31154048679186,241.6331708706666,19.196819215397067,46.469448150275625,15.191699043940766,2,2,2,731,7,0.2693287037037037,14.922370340237062
1063,0200,0,0,"[-16.482206108819156, 48.550784375296935]","[np.float64(-15.50091911811069), np.float64(46.46302837561331)]",2025-08-31 06:28:00,598.5033155730235,1,7.31154048679186,248.40778849784482,19.694131938553024,46.50387230369249,21.191699043940766,2,2,2,731,7,0.26944444444444443,21.46114348838521
1064,0200,0,0,"[-17.083454001077037, 48.41555687501444]","[np.float64(-15.50091911811069), np.float64(46.46302837561331)]",2025-08-31 06:28:10,598.5033155730235,1,7.31154048679186,272.74416185613256,21.454981332614743,46.53828279673102,12.191699043940766,2,2,2,731,7,0.2695601851851852,13.000379599496322
1065,0200,0,0,"[-17.68464042163239, 48.27972490299039]","[np.float64(-15.50091911811069), np.float64(46.46302837561331)]",2025-08-31 06:28:20,598.5033155730235,1,7.31154048679186,310.53896130253884,24.106724821904457,46.572683044485785,20.191699043940766,2,2,2,731,7,0.26967592592592593,17.764615710607433
1066,0200,0,0,"[-18.285767078032503, 48.14326455356271]","[np.float64(-15.50091911811069), np.float64(46.46302837561331)]",2025-08-31 06:28:30,598.5033155730235,1,7.31154048679186,357.5489469245548,27.257533285242303,46.60706963186222,16.191699043940766,2,2,2,731,7,0.26979166666666665,18.619824043940767
1067,0146,0,0,"[54.310143317424256, 42.659718895404254]","[np.float64(54.85922225367985), np.float64(36.43583153325513)]",2025-08-31 07:47:00,998.9235859548695,2,3.9456329295836774,405.53216945099547,30.299465376637656,38.96552229034365,13.686180470109115,2,2,2,1439,3,0.32430555555555557,12.064652692331336
1068,0146,0,0,"[53.718618199449885, 42.36903970470685]","[np.float64(54.85922225367985), np.float64(36.43583153325513)]",2025-08-31 07:47:10,998.9235859548695,2,3.9456329295836774,405.29032117919166,30.284578745749997,38.979264630953715,18.686180470109115,2,2,2,1439,3,0.3244212962962963,21.281550840479486
1069,0220,0,0,"[47.77969016894834, 39.794174500827936]","[np.float64(44.41139282978252), np.float64(39.91154998747761)]",2025-08-31 07:48:50,938.0411421923526,2,4.312633503087475,374.6473105602545,28.361842722508143,48.949380554880534,10.689859519330216,4,4,3,954,8,0.32557870370370373,8.41080859340429
1070,0220,0,0,"[47.183841541229356, 39.56430448431116]","[np.float64(44.41139282978252), np.float64(39.91154998747761)]",2025-08-31 07:49:00,938.0411421923526,2,4.312633503087475,309.4548470618677,24.032109307035192,48.966807782547825,9.689859519330216,4,4,3,954,8,0.32569444444444445,12.621109519330217
1071,0220,0,0,"[46.58769580028147, 39.33861795866101]","[np.float64(44.41139282978252), np.float64(39.91154998747761)]",2025-08-31 07:49:10,938.0411421923526,2,4.312633503087475,246.07746090303547,19.523410872147227,48.98421110455302,15.689859519330216,4,4,3,954,8,0.3258101851851852,13.083378037848735
1072,0220,0,0,"[45.9912734366722, 39.116937338959076]","[np.float64(44.41139282978252), np.float64(39.91154998747761)]",2025-08-31 07:49:20,938.0411421923526,2,4.312633503087475,186.37788172292593,15.03243497198649,49.001587105801526,15.689859519330216,4,4,3,954,8,0.32592592592592595,13.73430396377466
1073,0220,0,0,"[45.39457786549613, 38.89909528557069]","[np.float64(44.41139282978252), np.float64(39.91154998747761)]",2025-08-31 07:49:30,938.0411421923526,2,4.312633503087475,135.3141306005932,11.032946833681674,49.01894261648253,11.689859519330216,4,4,3,954,8,0.3260416666666667,10.711734519330216
1074,0220,0,0,"[44.79762957732078, 38.68494153433411]","[np.float64(44.41139282978252), np.float64(39.91154998747761)]",2025-08-31 07:49:40,938.0411421923526,2,4.312633503087475,106.17950768852009,8.698595098961901,49.036274221501436,12.689859519330216,4,4,3,954,8,0.3261574074074074,12.363702111922809
1075,0220,0,0,"[44.20043198724071, 38.474322405993014]","[np.float64(44.41139282978252), np.float64(39.91154998747761)]",2025-08-31 07:49:50,938.0411421923526,2,4.312633503087475,116.744518004636,9.54888138299909,49.05357850576367,11.689859519330216,4,4,3,954,8,0.3262731481481482,12.66867896377466
1076,0220,0,0,"[43.60299875563428, 38.267094466574825]","[np.float64(44.41139282978252), np.float64(39.91154998747761)]",2025-08-31 07:50:00,938.0411421923526,2,4.312633503087475,159.29766786963782,12.927487621461257,49.07086229945838,9.689859519330216,4,4,3,954,8,0.3263888888888889,10.342637297107995
1077,0220,0,0,"[43.00534012778524, 38.063127942485316]","[np.float64(44.41139282978252), np.float64(39.91154998747761)]",2025-08-31 07:50:10,938.0411421923526,2,4.312633503087475,215.66984416330087,17.26333567743099,49.08811877239642,9.689859519330216,4,4,3,954,8,0.3265046296296296,11.648887297107994
1078,0220,0,0,"[42.40746293388276, 37.86229306013026]","[np.float64(44.41139282978252), np.float64(39.91154998747761)]",2025-08-31 07:50:20,938.0411421923526,2,4.312633503087475,277.5656911675879,21.798967638981722,49.10535475476695,12.689859519330216,4,4,3,954,8,0.3266203703703704,11.383378037848734
1079,0220,0,0,"[41.80938083430518, 37.664463461010016]","[np.float64(44.41139282978252), np.float64(39.91154998747761)]",2025-08-31 07:50:30,938.0411421923526,2,4.312633503087475,341.99916444499473,26.23380988512777,49.12256341638079,9.689859519330216,4,4,3,954,8,0.3267361111111111,10.67006785266355
1080,0220,0,0,"[41.21109724414708, 37.46952644700327]","[np.float64(44.41139282978252), np.float64(39.91154998747761)]",2025-08-31 07:50:40,938.0411421923526,2,4.312633503087475,407.76941326219446,30.436961534461933,49.139748172332546,8.689859519330216,4,4,3,954,8,0.32685185185185184,6.728748408219105
1081,0022,0,0,"[38.816135807911714, 36.71654931742813]","[np.float64(35.71389378659219), np.float64(36.70207253342981)]",2025-08-31 07:51:20,483.97638318685176,1,7.606402594091159,344.95643861143174,26.429921149527225,54.18764728975466,23.060720588956478,4,4,3,1460,9,0.32731481481481484,26.00655392228981
1082,0022,0,0,"[38.21697453844527, 36.5345008703852]","[np.float64(35.71389378659219), np.float64(36.70207253342981)]",2025-08-31 07:51:30,483.97638318685176,1,7.606402594091159,278.727993324939,21.88164526646322,54.21224621605046,17.060720588956478,4,4,3,1460,9,0.32743055555555556,14.113845588956478
1083,0022,0,0,"[37.61765617462792, 36.35474736690339]","[np.float64(35.71389378659219), np.float64(36.70207253342981)]",2025-08-31 07:51:40,483.97638318685176,1,7.606402594091159,213.94322870531133,17.13325091246802,54.236824651778754,15.060720588956478,4,4,3,1460,9,0.3275462962962963,17.68109095932685
1084,0022,0,0,"[37.01819096174341, 36.177206844712664]","[np.float64(35.71389378659219), np.float64(36.70207253342981)]",2025-08-31 07:51:50,483.97638318685176,1,7.606402594091159,152.45489831267622,12.389691151782605,54.261382596939534,16.060720588956478,4,4,3,1460,9,0.32766203703703706,18.0266928111787
1085,0022,0,0,"[36.41858231488633, 36.00179392644839]","[np.float64(35.71389378659219), np.float64(36.70207253342981)]",2025-08-31 07:52:00,483.97638318685176,1,7.606402594091159,100.50702103596244,8.240443058882207,54.285913221343634,16.060720588956478,4,4,3,1460,9,0.3277777777777778,16.716276144512033
1086,0022,0,0,"[35.818833649151266, 35.828433480029716]","[np.float64(35.71389378659219), np.float64(36.70207253342981)]",2025-08-31 07:52:10,483.97638318685176,1,7.606402594091159,79.68236721257387,6.549796514548346,54.31042335518023,23.060720588956478,4,4,3,1460,9,0.3278935185185185,21.421252996363886
1087,0049,0,0,"[35.818833649151266, 35.828433480029716]","[np.float64(32.3724013309903), np.float64(34.84851466648656)]",2025-08-31 07:52:10,862.735772036147,2,3.924714784060308,393.6982658138752,29.565746520957795,55.31202620073299,17.442618806246042,3,3,3,1277,7,0.3278935185185185,15.147364176616412
1088,0190,0,0,"[35.818833649151266, 35.828433480029716]","[np.float64(32.61662002150712), np.float64(35.51348908138998)]",2025-08-31 07:52:10,982.0934344574912,2,2.9547256572317333,357.24530927106525,27.237719950344456,55.603340599023205,10.940779281635491,4,4,3,920,6,0.3278935185185185,12.580246874228084
1089,0022,0,0,"[35.21895520982197, 35.65705037337575]","[np.float64(35.71389378659219), np.float64(36.70207253342981)]",2025-08-31 07:52:20,483.97638318685176,1,7.606402594091159,109.47823866755044,8.964514289930252,54.33490958335472,17.060720588956478,4,4,3,1460,9,0.3280092592592593,19.028776144512033
1090,0049,0,0,"[35.21895520982197, 35.65705037337575]","[np.float64(32.3724013309903), np.float64(34.84851466648656)]",2025-08-31 07:52:20,862.735772036147,2,3.924714784060308,325.2169761974171,25.10836889278526,55.33991727820874,19.442618806246042,3,3,3,1277,7,0.3280092592592593,16.16252621365345
1091,0190,0,0,"[35.21895520982197, 35.65705037337575]","[np.float64(32.61662002150712), np.float64(35.51348908138998)]",2025-08-31 07:52:20,982.0934344574912,2,2.9547256572317333,289.669815586954,22.655250312090743,55.63072624250037,9.940779281635491,4,4,3,920,6,0.3280092592592593,12.892862614968823
1092,0022,0,0,"[34.618950411993026, 35.48757288950023]","[np.float64(35.71389378659219), np.float64(36.70207253342981)]",2025-08-31 07:52:30,483.97638318685176,1,7.606402594091159,164.34806561146382,13.32293999184573,54.3593753209617,14.060720588956478,4,4,3,1460,9,0.328125,15.373220588956478
1093,0049,0,0,"[34.618950411993026, 35.48757288950023]","[np.float64(32.3724013309903), np.float64(34.84851466648656)]",2025-08-31 07:52:30,862.735772036147,2,3.924714784060308,256.73570274516703,20.30125689018572,55.36778786511697,21.442618806246042,3,3,3,1277,7,0.328125,22.098868806246042
1094,0190,0,0,"[34.618950411993026, 35.48757288950023]","[np.float64(32.61662002150712), np.float64(35.51348908138998)]",2025-08-31 07:52:30,982.0934344574912,2,2.9547256572317333,222.66222472691754,17.788263823422625,55.658091395410025,8.940779281635491,4,4,3,920,6,0.328125,10.909529281635491
1095,0229,0,0,"[34.618950411993026, 35.48757288950023]","[np.float64(31.36543275023828), np.float64(35.40223510540356)]",2025-08-31 07:52:30,605.8421583612454,1,4.244381104310433,361.8626526491558,27.53825369787884,56.35196348300245,14.315319400482853,1,1,1,1136,2,0.328125,12.018444400482853
1096,0022,0,0,"[34.01882608585361, 35.31993272651144]","[np.float64(35.71389378659219), np.float64(36.70207253342981)]",2025-08-31 07:52:40,483.97638318685176,1,7.606402594091159,226.76777360956117,18.095047723863114,54.38381373781201,17.060720588956478,4,4,3,1460,9,0.3282407407407407,18.70192429266018
1097,0049,0,0,"[34.01882608585361, 35.31993272651144]","[np.float64(32.3724013309903), np.float64(34.84851466648656)]",2025-08-31 07:52:40,862.735772036147,2,3.924714784060308,188.25523442725373,15.17690228269864,55.395641376552284,18.442618806246042,3,3,3,1277,7,0.3282407407407407,19.755581769209005
1098,0182,0,0,"[34.01882608585361, 35.31993272651144]","[np.float64(31.20424691988397), np.float64(33.8172340915129)]",2025-08-31 07:52:40,932.9750750599925,2,6.578107925735834,343.1468948664265,26.310000372763582,55.38027345091976,17.56623916278813,3,3,3,766,8,0.3282407407407407,16.909757681306647
1099,0190,0,0,"[34.01882608585361, 35.31993272651144]","[np.float64(32.61662002150712), np.float64(35.51348908138998)]",2025-08-31 07:52:40,982.0934344574912,2,2.9547256572317333,156.95215105759522,12.743401392002689,55.68543264265759,17.940779281635493,4,4,3,920,6,0.3282407407407407,19.581982985339195
1100,0229,0,0,"[34.01882608585361, 35.31993272651144]","[np.float64(31.36543275023828), np.float64(35.40223510540356)]",2025-08-31 07:52:40,605.8421583612454,1,4.244381104310433,295.14476196609786,23.039109949799087,56.38029852277425,13.315319400482853,1,1,1,1136,2,0.3282407407407407,16.26948606714952
1101,0022,0,0,"[33.418582231403725, 35.15406158251768]","[np.float64(35.71389378659219), np.float64(36.70207253342981)]",2025-08-31 07:52:50,483.97638318685176,1,7.606402594091159,291.93449775778237,22.814294540632364,54.40823166409481,23.060720588956478,4,4,3,1460,9,0.3283564814814815,25.35921595932685
1102,0049,0,0,"[33.418582231403725, 35.15406158251768]","[np.float64(32.3724013309903), np.float64(34.84851466648656)]",2025-08-31 07:52:50,862.735772036147,2,3.924714784060308,119.77684664138668,9.79216202814665,55.423470982325505,15.442618806246042,3,3,3,1277,7,0.3283564814814815,16.099331769209005
1103,0182,0,0,"[33.418582231403725, 35.15406158251768]","[np.float64(31.20424691988397), np.float64(33.8172340915129)]",2025-08-31 07:52:50,932.9750750599925,2,6.578107925735834,276.4137039480822,21.716929466604107,55.4094417737703,11.56623916278813,3,3,3,766,8,0.3283564814814815,12.222952125751092
1104,0190,0,0,"[33.418582231403725, 35.15406158251768]","[np.float64(32.61662002150712), np.float64(35.51348908138998)]",2025-08-31 07:52:50,982.0934344574912,2,2.9547256572317333,95.26313996250292,7.815961089117868,55.712756814432225,13.940779281635491,4,4,3,920,6,0.3283564814814815,15.91091817052438
1105,0229,0,0,"[33.418582231403725, 35.15406158251768]","[np.float64(31.36543275023828), np.float64(35.40223510540356)]",2025-08-31 07:52:50,605.8421583612454,1,4.244381104310433,229.48594055687653,18.297572768189138,56.408613071978536,11.315319400482853,1,1,1,1136,2,0.3283564814814815,13.942171252334704
1106,0022,0,0,"[32.81822909392711, 34.98990140091101]","[np.float64(35.71389378659219), np.float64(36.70207253342981)]",2025-08-31 07:53:00,483.97638318685176,1,7.606402594091159,358.3521352565036,27.309909883317328,54.43262568471551,23.060720588956478,4,4,3,1460,9,0.3284722222222222,20.4329428111787
1107,0049,0,0,"[32.81822909392711, 34.98990140091101]","[np.float64(32.3724013309903), np.float64(34.84851466648656)]",2025-08-31 07:53:00,862.735772036147,2,3.924714784060308,51.312800978206994,4.228626754190748,55.45128351262579,22.442618806246042,3,3,3,1277,7,0.3284722222222222,25.07039658402382
1108,0182,0,0,"[32.81822909392711, 34.98990140091101]","[np.float64(31.20424691988397), np.float64(33.8172340915129)]",2025-08-31 07:53:00,932.9750750599925,2,6.578107925735834,210.78820385838824,16.89507814815393,55.43858960605333,15.56623916278813,3,3,3,766,8,0.3284722222222222,13.595405829454796
1109,0190,0,0,"[32.81822909392711, 34.98990140091101]","[np.float64(32.61662002150712), np.float64(35.51348908138998)]",2025-08-31 07:53:00,982.0934344574912,2,2.9547256572317333,53.86963355057978,4.4385101755941285,55.74006049563935,11.940779281635491,4,4,3,920,6,0.3284722222222222,13.911612614968824
1110,0229,0,0,"[32.81822909392711, 34.98990140091101]","[np.float64(31.36543275023828), np.float64(35.40223510540356)]",2025-08-31 07:53:00,605.8421583612454,1,4.244381104310433,166.1476694289182,13.46354144320017,56.43690713061532,13.315319400482853,1,1,1,1136,2,0.3284722222222222,12.98684717826063
1111,0049,0,0,"[32.21776667342378, 34.827383879799726]","[np.float64(32.3724013309903), np.float64(34.84851466648656)]",2025-08-31 07:53:10,862.735772036147,2,3.924714784060308,17.3089456555361,1.4287089004355864,55.47907555235857,17.442618806246042,3,3,3,1277,7,0.32858796296296294,15.142503065505302
1112,0182,0,0,"[32.21776667342378, 34.827383879799726]","[np.float64(31.20424691988397), np.float64(33.8172340915129)]",2025-08-31 07:53:10,932.9750750599925,2,6.578107925735834,147.75349697473592,12.018896485853633,55.46772036286343,16.56623916278813,3,3,3,766,8,0.32858796296296294,14.26612342204739
1113,0190,0,0,"[32.21776667342378, 34.827383879799726]","[np.float64(32.61662002150712), np.float64(35.51348908138998)]",2025-08-31 07:53:10,982.0934344574912,2,2.9547256572317333,78.19615359740999,6.42866382002592,55.76734027118438,14.940779281635491,4,4,3,920,6,0.32858796296296294,13.62642742978364
1114,0229,0,0,"[32.21776667342378, 34.827383879799726]","[np.float64(31.36543275023828), np.float64(35.40223510540356)]",2025-08-31 07:53:10,605.8421583612454,1,4.244381104310433,109.24310983238435,8.945572693744229,56.465180698684584,10.315319400482853,1,1,1,1136,2,0.32858796296296294,7.68661569677915
1115,0049,0,0,"[31.6172018000829, 34.66645779276505]","[np.float64(32.3724013309903), np.float64(34.84851466648656)]",2025-08-31 07:53:20,862.735772036147,2,3.924714784060308,85.71153874762574,7.040585773165036,55.506847101523846,13.442618806246042,3,3,3,1277,7,0.3287037037037037,11.141692880320116
1116,0182,0,0,"[31.6172018000829, 34.66645779276505]","[np.float64(31.20424691988397), np.float64(33.8172340915129)]",2025-08-31 07:53:20,932.9750750599925,2,6.578107925735834,92.75428571654848,7.612565545521432,55.49683062910602,16.56623916278813,3,3,3,766,8,0.3287037037037037,15.90883175538072
1117,0190,0,0,"[31.6172018000829, 34.66645779276505]","[np.float64(32.61662002150712), np.float64(35.51348908138998)]",2025-08-31 07:53:20,982.0934344574912,2,2.9547256572317333,136.79602565943838,11.150762152527722,55.7945995561619,13.940779281635491,4,4,3,920,6,0.3287037037037037,14.926890392746602
1118,0229,0,0,"[31.6172018000829, 34.66645779276505]","[np.float64(31.36543275023828), np.float64(35.40223510540356)]",2025-08-31 07:53:20,605.8421583612454,1,4.244381104310433,75.1723237231256,6.182031768330619,56.49343377618634,17.315319400482853,1,1,1,1136,2,0.3287037037037037,20.273652733816185
1119,0049,0,0,"[31.016537888999054, 34.50706166810446]","[np.float64(32.3724013309903), np.float64(34.84851466648656)]",2025-08-31 07:53:30,862.735772036147,2,3.924714784060308,154.18730858693218,12.52606089704754,55.53459816012161,20.442618806246042,3,3,3,1277,7,0.32881944444444444,18.14088269513493
1120,0182,0,0,"[31.016537888999054, 34.50706166810446]","[np.float64(31.20424691988397), np.float64(33.8172340915129)]",2025-08-31 07:53:30,932.9750750599925,2,6.578107925735834,68.91004772412995,5.670540985586642,55.52592381987569,15.56623916278813,3,3,3,766,8,0.32881944444444444,15.895058607232574
1121,0190,0,0,"[31.016537888999054, 34.50706166810446]","[np.float64(32.61662002150712), np.float64(35.51348908138998)]",2025-08-31 07:53:30,982.0934344574912,2,2.9547256572317333,201.73636247551838,16.208429350848544,55.82183835057191,17.940779281635493,4,4,3,920,6,0.32881944444444444,16.625501503857716
1122,0229,0,0,"[31.016537888999054, 34.50706166810446]","[np.float64(31.36543275023828), np.float64(35.40223510540356)]",2025-08-31 07:53:30,605.8421583612454,1,4.244381104310433,93.57103360626989,7.678801629710325,56.52166636312059,11.315319400482853,1,1,1,1136,2,0.32881944444444444,12.301777733816186
1123,0049,0,0,"[30.415778355266827, 34.349144279399184]","[np.float64(32.3724013309903), np.float64(34.84851466648656)]",2025-08-31 07:53:40,862.735772036147,2,3.924714784060308,222.66902197415476,17.788772619833292,55.56232872815186,20.442618806246042,3,3,3,1277,7,0.32893518518518516,20.113683621060858
1124,0182,0,0,"[30.415778355266827, 34.349144279399184]","[np.float64(31.20424691988397), np.float64(33.8172340915129)]",2025-08-31 07:53:40,932.9750750599925,2,6.578107925735834,101.32673060972809,8.306715915214523,55.55499993517244,16.56623916278813,3,3,3,766,8,0.32893518518518516,16.237303977602945
1125,0190,0,0,"[30.415778355266827, 34.349144279399184]","[np.float64(32.61662002150712), np.float64(35.51348908138998)]",2025-08-31 07:53:40,982.0934344574912,2,2.9547256572317333,268.45454859904385,21.147572565716313,55.84905665441441,16.940779281635493,4,4,3,920,6,0.32893518518518516,17.598649652005864
1126,0229,0,0,"[30.415778355266827, 34.349144279399184]","[np.float64(31.36543275023828), np.float64(35.40223510540356)]",2025-08-31 07:53:40,605.8421583612454,1,4.244381104310433,145.7668938806767,11.861905649189099,56.549878459487324,14.315319400482853,1,1,1,1136,2,0.32893518518518516,14.644254585668039
1127,0030,0,0,"[29.81493002907539, 34.192650985135856]","[np.float64(28.2526205265435), np.float64(30.78863292207927)]",2025-08-31 07:53:50,327.27627738171503,1,5.760319537697072,373.7410940972144,28.303878100627006,54.899814039038965,22.93710023241439,1,1,1,592,4,0.32905092592592594,23.595202084266244
1128,0049,0,0,"[29.81493002907539, 34.192650985135856]","[np.float64(32.3724013309903), np.float64(34.84851466648656)]",2025-08-31 07:53:50,862.735772036147,2,3.924714784060308,291.1523765698118,22.75940951978326,55.590038805614604,16.442618806246042,3,3,3,1277,7,0.32905092592592594,16.442618806246042
1129,0182,0,0,"[29.81493002907539, 34.192650985135856]","[np.float64(31.20424691988397), np.float64(33.8172340915129)]",2025-08-31 07:53:50,932.9750750599925,2,6.578107925735834,158.6159250116417,12.874009322314654,55.58405555990167,14.56623916278813,3,3,3,766,8,0.32905092592592594,16.869595644269612
1130,0190,0,0,"[29.81493002907539, 34.192650985135856]","[np.float64(32.61662002150712), np.float64(35.51348908138998)]",2025-08-31 07:53:50,982.0934344574912,2,2.9547256572317333,335.8926179998064,25.826755902903802,55.87625105259482,17.940779281635493,4,4,3,920,6,0.32905092592592594,17.940779281635493
1131,0229,0,0,"[29.81493002907539, 34.192650985135856]","[np.float64(31.36543275023828), np.float64(35.40223510540356)]",2025-08-31 07:53:50,605.8421583612454,1,4.244381104310433,207.67314551841977,16.659330898344585,56.57807006528655,17.315319400482853,1,1,1,1136,2,0.32905092592592594,15.011962919001371
1132,0030,0,0,"[29.213992910424743, 34.037530558895696]","[np.float64(28.2526205265435), np.float64(30.78863292207927)]",2025-08-31 07:54:00,327.27627738171503,1,5.760319537697072,334.31319443677626,25.721014407707816,54.93212424890771,15.93710023241439,1,1,1,592,4,0.32916666666666666,12.645433565747725
1133,0049,0,0,"[29.213992910424743, 34.037530558895696]","[np.float64(32.3724013309903), np.float64(34.84851466648656)]",2025-08-31 07:54:00,862.735772036147,2,3.924714784060308,359.6368056461831,27.39358163566674,55.61772839250983,19.442618806246042,3,3,3,1277,7,0.32916666666666666,17.79678547291271
1134,0052,0,0,"[29.213992910424743, 34.037530558895696]","[np.float64(26.38810088974979), np.float64(32.06764196557161)]",2025-08-31 07:54:00,478.79036083132416,1,7.55704554563974,369.14104873303955,28.008669136791195,56.80467525138007,14.43893975702494,2,2,2,559,4,0.32916666666666666,14.43893975702494
1135,0182,0,0,"[29.213992910424743, 34.037530558895696]","[np.float64(31.20424691988397), np.float64(33.8172340915129)]",2025-08-31 07:54:00,932.9750750599925,2,6.578107925735834,222.31642844775115,17.762376005334524,55.613094109157984,14.56623916278813,3,3,3,766,8,0.32916666666666666,15.882905829454796
1136,0190,0,0,"[29.213992910424743, 34.037530558895696]","[np.float64(32.61662002150712), np.float64(35.51348908138998)]",2025-08-31 07:54:00,982.0934344574912,2,2.9547256572317333,403.6901974221959,30.185971515068893,55.903424960207715,14.940779281635491,4,4,3,920,6,0.32916666666666666,14.611612614968823
1137,0229,0,0,"[29.213992910424743, 34.037530558895696]","[np.float64(31.36543275023828), np.float64(35.40223510540356)]",2025-08-31 07:54:00,605.8421583612454,1,4.244381104310433,272.7563760088996,21.45585480309972,56.60624118051827,18.315319400482853,1,1,1,1136,2,0.32916666666666666,18.64448606714952
1138,0030,0,0,"[28.61297041440947, 33.88373518935452]","[np.float64(28.2526205265435), np.float64(30.78863292207927)]",2025-08-31 07:54:10,327.27627738171503,1,5.760319537697072,305.2780168672126,23.74382364792013,54.964420798398116,21.93710023241439,1,1,1,592,4,0.3292824074074074,22.924947454636612
1139,0052,0,0,"[28.61297041440947, 33.88373518935452]","[np.float64(26.38810088974979), np.float64(32.06764196557161)]",2025-08-31 07:54:10,478.79036083132416,1,7.55704554563974,305.41956388078273,23.753614268802952,56.837842649989646,21.43893975702494,2,2,2,559,4,0.3292824074074074,19.463245312580497
1140,0182,0,0,"[28.61297041440947, 33.88373518935452]","[np.float64(31.20424691988397), np.float64(33.8172340915129)]",2025-08-31 07:54:10,932.9750750599925,2,6.578107925735834,288.20846996000955,22.552426687564566,55.64211216784678,20.56623916278813,3,3,3,766,8,0.3292824074074074,22.87121601463998
1141,0229,0,0,"[28.61297041440947, 33.88373518935452]","[np.float64(31.36543275023828), np.float64(35.40223510540356)]",2025-08-31 07:54:10,605.8421583612454,1,4.244381104310433,339.19269389007667,26.04708522571498,56.63439180518248,13.315319400482853,1,1,1,1136,2,0.3292824074074074,10.681060141223593
1142,0030,0,0,"[28.01187107876604, 33.731220480282715]","[np.float64(28.2526205265435), np.float64(30.78863292207927)]",2025-08-31 07:54:20,327.27627738171503,1,5.760319537697072,289.77798809473774,22.662855467186525,54.996700272415595,20.93710023241439,1,1,1,592,4,0.32939814814814816,18.960711343525503
1143,0052,0,0,"[28.01187107876604, 33.731220480282715]","[np.float64(26.38810088974979), np.float64(32.06764196557161)]",2025-08-31 07:54:20,478.79036083132416,1,7.55704554563974,244.26482204238897,19.3903659067716,56.87099980331548,20.43893975702494,2,2,2,559,4,0.32939814814814816,22.415328645913828
1144,0182,0,0,"[28.01187107876604, 33.731220480282715]","[np.float64(31.20424691988397), np.float64(33.8172340915129)]",2025-08-31 07:54:20,932.9750750599925,2,6.578107925735834,355.0738318595784,27.095818433123814,55.671113151062656,13.56623916278813,3,3,3,766,8,0.32939814814814816,16.201424347973315
1145,0229,0,0,"[28.01187107876604, 33.731220480282715]","[np.float64(31.36543275023828), np.float64(35.40223510540356)]",2025-08-31 07:54:20,605.8421583612454,1,4.244381104310433,406.31826667419904,30.347821272940703,56.66252193927917,17.315319400482853,1,1,1,1136,2,0.32939814814814816,17.644717548631
1146,0030,0,0,"[27.410693195947147, 33.57993520526152]","[np.float64(28.2526205265435), np.float64(30.78863292207927)]",2025-08-31 07:54:30,327.27627738171503,1,5.760319537697072,289.9920350094591,22.677901723276207,55.02896950114932,22.93710023241439,1,1,1,592,4,0.3295138888888889,22.278072454636614
1147,0052,0,0,"[27.410693195947147, 33.57993520526152]","[np.float64(26.38810088974979), np.float64(32.06764196557161)]",2025-08-31 07:54:30,478.79036083132416,1,7.55704554563974,188.19548245610815,15.17230724183387,56.904139881168376,13.43893975702494,2,2,2,559,4,0.3295138888888889,15.745536979247163
1148,0030,0,0,"[26.80944188859468, 33.429838383155904]","[np.float64(28.2526205265435), np.float64(30.78863292207927)]",2025-08-31 07:54:40,327.27627738171503,1,5.760319537697072,305.8884103108414,23.786033243821585,55.06122506950471,18.93710023241439,1,1,1,592,4,0.3296296296296296,16.629692825006984
1149,0052,0,0,"[26.80944188859468, 33.429838383155904]","[np.float64(26.38810088974979), np.float64(32.06764196557161)]",2025-08-31 07:54:40,478.79036083132416,1,7.55704554563974,143.31194682105266,11.667654357739648,56.93726971373752,22.43893975702494,2,2,2,559,4,0.3296296296296296,21.12042123850642
1150,0030,0,0,"[26.20812057180322, 33.28088903283085]","[np.float64(28.2526205265435), np.float64(30.78863292207927)]",2025-08-31 07:54:50,327.27627738171503,1,5.760319537697072,335.244546444059,25.783390686940113,55.093466977481754,19.93710023241439,1,1,1,592,4,0.3297453703703704,16.63964652871069
1151,0052,0,0,"[26.20812057180322, 33.28088903283085]","[np.float64(26.38810088974979), np.float64(32.06764196557161)]",2025-08-31 07:54:50,478.79036083132416,1,7.55704554563974,122.58845054380693,10.017416216985167,56.97038588592833,13.43893975702494,2,2,2,559,4,0.3297453703703704,10.471231423691606
1152,0030,0,0,"[25.60673266066735, 33.13304617315134]","[np.float64(28.2526205265435), np.float64(30.78863292207927)]",2025-08-31 07:55:00,327.27627738171503,1,5.760319537697072,374.9125521745254,28.378796495279488,55.125695225080456,23.93710023241439,1,1,1,592,4,0.3298611111111111,23.93710023241439
1153,0052,0,0,"[25.60673266066735, 33.13304617315134]","[np.float64(26.38810088974979), np.float64(32.06764196557161)]",2025-08-31 07:55:00,478.79036083132416,1,7.55704554563974,137.42851677061182,11.201018179942723,57.003488397740796,21.43893975702494,2,2,2,559,4,0.3298611111111111,20.119495312580497
1154,0052,0,0,"[25.00527986273437, 32.986265407887764]","[np.float64(26.38810088974979), np.float64(32.06764196557161)]",2025-08-31 07:55:10,478.79036083132416,1,7.55704554563974,179.20507584664026,14.478676750755508,57.036577249174925,18.43893975702494,2,2,2,559,4,0.3299768518518518,20.418800868136053
1155,0052,0,0,"[24.403765593098857, 32.84051258609428]","[np.float64(26.38810088974979), np.float64(32.06764196557161)]",2025-08-31 07:55:20,478.79036083132416,1,7.55704554563974,233.9055548643998,18.625859318362867,57.06965244023071,13.43893975702494,2,2,2,559,4,0.3300925925925926,10.468106423691607
1156,0052,0,0,"[23.802191559308106, 32.69575014173044]","[np.float64(26.38810088974979), np.float64(32.06764196557161)]",2025-08-31 07:55:30,478.79036083132416,1,7.55704554563974,294.4127716067551,22.987914228490414,57.102713970908155,18.43893975702494,2,2,2,559,4,0.3302083333333333,19.42956475702494
1157,0052,0,0,"[23.200562884003993, 32.55193709366124]","[np.float64(26.38810088974979), np.float64(32.06764196557161)]",2025-08-31 07:55:40,478.79036083132416,1,7.55704554563974,357.7927217752194,27.27343527201115,57.13575842611268,18.43893975702494,2,2,2,559,4,0.33032407407407405,15.466023090358274
1158,0249,0,0,"[16.57966095544419, 31.023477361195788]","[np.float64(14.24980042801736), np.float64(33.58714391359199)]",2025-08-31 07:57:30,185.94202342264472,1,3.7665386017824867,377.65720353511534,28.553911544408475,62.83065745794801,9.442618806246042,4,4,3,1009,12,0.3315972222222222,9.11102158402382
1159,0209,0,0,"[15.977547336709009, 30.888608445844714]","[np.float64(13.00402657722696), np.float64(32.89808202689971)]",2025-08-31 07:57:40,110.9724766341808,1,5.147558527751857,395.10945288923597,29.653810329458988,62.37866968962241,12.93710023241439,1,1,1,1092,14,0.331712962962963,10.946822454636614
1160,0249,0,0,"[15.977547336709009, 30.888608445844714]","[np.float64(14.24980042801736), np.float64(33.58714391359199)]",2025-08-31 07:57:40,185.94202342264472,1,3.7665386017824867,347.58797928453777,26.60387228749352,62.87049795137669,10.442618806246042,4,4,3,1009,12,0.331712962962963,12.101183621060857
1161,0209,0,0,"[15.375406397217146, 30.754299606005585]","[np.float64(13.00402657722696), np.float64(32.89808202689971)]",2025-08-31 07:57:50,110.9724766341808,1,5.147558527751857,350.6141015766366,26.803254207704065,62.418988296292994,16.93710023241439,1,1,1,1092,14,0.3318287037037037,13.950641899081058
1162,0249,0,0,"[15.375406397217146, 30.754299606005585]","[np.float64(14.24980042801736), np.float64(33.58714391359199)]",2025-08-31 07:57:50,185.94202342264472,1,3.7665386017824867,329.2403547410259,25.38011787191508,62.91034527499455,18.442618806246042,4,4,3,1009,12,0.3318287037037037,15.456160472912709
1163,0209,0,0,"[14.773243259610481, 30.6205269360163]","[np.float64(13.00402657722696), np.float64(32.89808202689971)]",2025-08-31 07:58:00,110.9724766341808,1,5.147558527751857,314.8610816535871,24.403335730251435,62.45930690296358,10.93710023241439,1,1,1,1092,14,0.33194444444444443,9.609322454636613
1164,0249,0,0,"[14.773243259610481, 30.6205269360163]","[np.float64(14.24980042801736), np.float64(33.58714391359199)]",2025-08-31 07:58:00,185.94202342264472,1,3.7665386017824867,324.6066426052672,25.067039350209747,62.95017893823406,14.442618806246042,4,4,3,1009,12,0.33194444444444443,14.774563250690486
1165,0209,0,0,"[14.17105450879443, 30.48726311512018]","[np.float64(13.00402657722696), np.float64(32.89808202689971)]",2025-08-31 07:58:10,110.9724766341808,1,5.147558527751857,291.0881071211615,22.754897474973745,62.499625509634164,15.93710023241439,1,1,1,1092,14,0.3320601851851852,17.265340973155133
1166,0249,0,0,"[14.17105450879443, 30.48726311512018]","[np.float64(14.24980042801736), np.float64(33.58714391359199)]",2025-08-31 07:58:10,185.94202342264472,1,3.7665386017824867,334.2564021452644,25.717208687219564,62.990019431662745,16.442618806246042,4,4,3,1009,12,0.3320601851851852,14.782317880320116
1167,0209,0,0,"[13.568846121184515, 30.354491067844304]","[np.float64(13.00402657722696), np.float64(32.89808202689971)]",2025-08-31 07:58:20,110.9724766341808,1,5.147558527751857,282.33583723939995,22.137670268918892,62.53993728611558,17.93710023241439,1,1,1,1092,14,0.33217592592592593,15.279692825006983
1168,0249,0,0,"[13.568846121184515, 30.354491067844304]","[np.float64(14.24980042801736), np.float64(33.58714391359199)]",2025-08-31 07:58:20,185.94202342264472,1,3.7665386017824867,357.03137489370005,27.223755805737625,63.02985309490226,11.442618806246042,4,4,3,1009,12,0.33217592592592593,13.435674361801597
1169,0209,0,0,"[12.966618950554382, 30.2221800583374]","[np.float64(13.00402657722696), np.float64(32.89808202689971)]",2025-08-31 07:58:30,110.9724766341808,1,5.147558527751857,289.96666497914794,22.67611852979621,62.58025589278617,14.93710023241439,1,1,1,1092,14,0.33229166666666665,17.92772523241439
1170,0249,0,0,"[12.966618950554382, 30.2221800583374]","[np.float64(14.24980042801736), np.float64(33.58714391359199)]",2025-08-31 07:58:30,185.94202342264472,1,3.7665386017824867,390.6419629237733,29.374493439917018,63.0696799279526,18.442618806246042,4,4,3,1009,12,0.33229166666666665,16.116577139579377
1171,0209,0,0,"[12.36437299690403, 30.09030618093738]","[np.float64(13.00402657722696), np.float64(32.89808202689971)]",2025-08-31 07:58:40,110.9724766341808,1,5.147558527751857,312.78247092687633,24.26086119076828,62.62056766926759,11.93710023241439,1,1,1,1092,14,0.33240740740740743,13.26672986204402
1172,0209,0,0,"[11.762112529101694, 29.958852360171313]","[np.float64(13.00402657722696), np.float64(32.89808202689971)]",2025-08-31 07:58:50,110.9724766341808,1,5.147558527751857,347.80572022661295,26.618241870775133,62.660879445748996,15.93710023241439,1,1,1,1092,14,0.33252314814814815,14.939530787969947
1173,0209,0,0,"[11.15983754714737, 29.827791275282525]","[np.float64(13.00402657722696), np.float64(32.89808202689971)]",2025-08-31 07:59:00,110.9724766341808,1,5.147558527751857,391.7753038228394,29.445498241047652,62.70118439204124,12.93710023241439,1,1,1,1092,14,0.3326388888888889,14.267655787969947
1174,0061,0,0,"[-0.28395903160605057, 27.38468554313503]","[np.float64(-2.406371886311463), np.float64(30.14223621504588)]",2025-08-31 08:02:10,744.1598591529929,2,4.6139467844390305,386.85119798543946,29.13627796542114,58.73796712614134,13.442618806246042,4,4,3,827,10,0.334837962962963,16.456160472912707
1175,0168,0,0,"[-0.28395903160605057, 27.38468554313503]","[np.float64(-2.394222185634411), np.float64(30.17999503944243)]",2025-08-31 08:02:10,712.9143361481996,2,3.393790617889554,389.370401828126,29.29471093860338,58.77753441200323,21.06807868739868,1,1,1,1159,13,0.334837962962963,20.063564798509788
1176,0061,0,0,"[-0.8861900442175917, 27.2571864018984]","[np.float64(-2.406371886311463), np.float64(30.14223621504588)]",2025-08-31 08:02:20,744.1598591529929,2,4.6139467844390305,362.4875275054587,27.57880003029338,58.77689920441042,17.442618806246042,4,4,3,827,10,0.3349537037037037,19.452341028468265
1177,0168,0,0,"[-0.8861900442175917, 27.2571864018984]","[np.float64(-2.394222185634411), np.float64(30.17999503944243)]",2025-08-31 08:02:20,712.9143361481996,2,3.393790617889554,365.58462500482284,27.779319525413424,58.81647332046147,14.068078687398678,1,1,1,1159,13,0.3349537037037037,11.388449057769048
1178,0061,0,0,"[-1.4884035544693848, 27.12966335499968]","[np.float64(-2.406371886311463), np.float64(30.14223621504588)]",2025-08-31 08:02:30,744.1598591529929,2,4.6139467844390305,350.00114606764373,26.762924832270674,58.81583128267949,15.442618806246042,4,4,3,827,10,0.3350694444444444,15.777688250690487
1179,0168,0,0,"[-1.4884035544693848, 27.12966335499968]","[np.float64(-2.394222185634411), np.float64(30.17999503944243)]",2025-08-31 08:02:30,712.9143361481996,2,3.393790617889554,353.631072978786,27.001337779932324,58.855398568541375,13.068078687398678,1,1,1,1159,13,0.3350694444444444,12.733009242954234
1180,0061,0,0,"[-2.090598388422666, 27.00209420432406]","[np.float64(-2.406371886311463), np.float64(30.14223621504588)]",2025-08-31 08:02:40,744.1598591529929,2,4.6139467844390305,350.66138001098255,26.806363699270523,58.854756530759396,11.442618806246042,4,4,3,827,10,0.3351851851851852,8.76113732476456
1181,0168,0,0,"[-2.090598388422666, 27.00209420432406]","[np.float64(-2.394222185634411), np.float64(30.17999503944243)]",2025-08-31 08:02:40,712.9143361481996,2,3.393790617889554,354.7062560283575,27.07176242974447,58.894323816621274,18.06807868739868,1,1,1,1159,13,0.3351851851851852,16.727337946657936
1182,0061,0,0,"[-2.692772838530143, 26.874463581945907]","[np.float64(-2.406371886311463), np.float64(30.14223621504588)]",2025-08-31 08:02:50,744.1598591529929,2,4.6139467844390305,364.3943669274205,27.70234417083266,58.89367494865012,11.442618806246042,4,4,3,827,10,0.3353009259259259,13.789725287727524
1183,0168,0,0,"[-2.692772838530143, 26.874463581945907]","[np.float64(-2.394222185634411), np.float64(30.17999503944243)]",2025-08-31 08:02:50,712.9143361481996,2,3.393790617889554,368.6938116745952,27.979880776930145,58.933235404322836,15.068078687398678,1,1,1,1159,13,0.3353009259259259,13.056273131843122
1184,0061,0,0,"[-3.2949255174096406, 26.74674758220313]","[np.float64(-2.406371886311463), np.float64(30.14223621504588)]",2025-08-31 08:03:00,744.1598591529929,2,4.6139467844390305,389.819484760854,29.322902344195583,58.93257970616252,10.442618806246042,4,4,3,827,10,0.33541666666666664,10.442618806246042
1185,0168,0,0,"[-3.2949255174096406, 26.74674758220313]","[np.float64(-2.394222185634411), np.float64(30.17999503944243)]",2025-08-31 08:03:00,712.9143361481996,2,3.393790617889554,394.2202468444594,29.598338186916315,58.9721469920244,20.06807868739868,1,1,1,1159,13,0.33541666666666664,20.403495354065345
1186,0171,0,0,"[-3.897055357844101, 26.618930837170097]","[np.float64(-5.99238331348251), np.float64(29.36275774448988)]",2025-08-31 08:03:10,571.9546728383315,1,2.371149090350704,382.9728752973412,28.891412255070367,56.83975510295725,20.442618806246042,1,1,1,872,12,0.3355324074074074,19.43602158402382
1187,0171,0,0,"[-4.49916043884282, 26.4909928562793]","[np.float64(-5.99238331348251), np.float64(29.36275774448988)]",2025-08-31 08:03:20,571.9546728383315,1,2.371149090350704,358.71956907274136,27.333854089300083,56.87712989809556,18.442618806246042,1,1,1,872,12,0.33564814814814814,17.771322509949744
1188,0171,0,0,"[-5.101239906632151, 26.36291485651051]","[np.float64(-5.99238331348251), np.float64(29.36275774448988)]",2025-08-31 08:03:30,571.9546728383315,1,2.371149090350704,346.4741791748896,26.530311760684445,56.9144978630447,14.442618806246042,1,1,1,872,12,0.33576388888888886,12.428035472912708
1189,0171,0,0,"[-5.70329162677798, 26.23467634729623]","[np.float64(-5.99238331348251), np.float64(29.36275774448988)]",2025-08-31 08:03:40,571.9546728383315,1,2.371149090350704,347.5063350657076,26.598483332761763,56.9518521676155,15.442618806246042,1,1,1,872,12,0.33587962962962964,14.434979917357152
1190,0171,0,0,"[-6.305314745506658, 26.106258545616235]","[np.float64(-5.99238331348251), np.float64(29.36275774448988)]",2025-08-31 08:03:50,571.9546728383315,1,2.371149090350704,361.7001182036658,27.527702397493726,56.98919964199713,17.442618806246042,1,1,1,872,12,0.33599537037037036,16.770628065505303
1191,0171,0,0,"[-6.907307982157719, 25.977640960903017]","[np.float64(-5.99238331348251), np.float64(29.36275774448988)]",2025-08-31 08:04:00,571.9546728383315,1,2.371149090350704,387.610376552956,29.18407436013432,57.02653345600042,18.442618806246042,1,1,1,872,12,0.33611111111111114,20.79539658402382
1192,0070,0,0,"[56.03073968633675, 18.88594604568528]","[np.float64(53.90033850330105), np.float64(23.98352188543916)]",2025-08-31 09:25:10,738.0945281454173,2,3.6114570848091607,402.32648514843635,30.101776940552547,43.05879318822976,24.06439963817758,2,2,2,849,10,0.3924768518518518,27.596691304844246
1193,0070,0,0,"[55.44081624772275, 18.573046542070532]","[np.float64(53.90033850330105), np.float64(23.98352188543916)]",2025-08-31 09:25:20,738.0945281454173,2,3.6114570848091607,387.64216878416937,29.186074966015486,43.06722505676014,20.06439963817758,2,2,2,849,10,0.3925925925925926,20.456992230770172
1194,0127,0,0,"[55.44081624772275, 18.573046542070532]","[np.float64(55.64321798038925), np.float64(12.16354832122793)]",2025-08-31 09:25:20,514.5248103633304,1,3.1792204244224944,403.73279095739605,30.18859889396969,38.40114717432008,12.184340945498565,1,1,1,1461,8,0.3925925925925926,10.613970575128196
1195,0070,0,0,"[54.85031565812388, 18.26814348242658]","[np.float64(53.90033850330105), np.float64(23.98352188543916)]",2025-08-31 09:25:30,738.0945281454173,2,3.6114570848091607,384.8257235201516,29.008540371690625,43.07563301962843,17.06439963817758,2,2,2,849,10,0.3927083333333333,17.849816304844246
1196,0127,0,0,"[54.85031565812388, 18.26814348242658]","[np.float64(55.64321798038925), np.float64(12.16354832122793)]",2025-08-31 09:25:30,514.5248103633304,1,3.1792204244224944,396.72101557593095,29.754190219661087,38.41436700545864,13.184340945498565,1,1,1,1461,8,0.3927083333333333,15.9332992788319
1197,0070,0,0,"[54.25926523829683, 17.97084242332885]","[np.float64(53.90033850330105), np.float64(23.98352188543916)]",2025-08-31 09:25:40,738.0945281454173,2,3.6114570848091607,394.13153299782886,29.592800519968453,43.0840204919292,22.06439963817758,2,2,2,849,10,0.39282407407407405,20.10027926780721
1198,0127,0,0,"[54.25926523829683, 17.97084242332885]","[np.float64(55.64321798038925), np.float64(12.16354832122793)]",2025-08-31 09:25:40,514.5248103633304,1,3.1792204244224944,401.33814382749273,30.040667679982178,38.427569761124275,11.184340945498565,1,1,1,1461,8,0.39282407407407405,7.256100204757825
1199,0117,0,0,"[53.075637851363226, 17.39758635383697]","[np.float64(50.1189422399863), np.float64(15.55883485367527)]",2025-08-31 09:26:00,58.72141287104622,1,3.1751046614195824,352.4189434522856,26.92183719947155,44.189425137393236,10.442618806246042,2,2,2,863,3,0.39305555555555555,9.263452139579375
1200,0117,0,0,"[52.48310869558086, 17.120956862262286]","[np.float64(50.1189422399863), np.float64(15.55883485367527)]",2025-08-31 09:26:10,58.72141287104622,1,3.1751046614195824,284.41584535010145,22.28485362888072,44.20377536483943,8.442618806246042,2,2,2,863,3,0.39317129629629627,10.408475287727523
1201,0148,1,0,"[52.48310869558086, 17.120956862262286]","[np.float64(50.94514176179118), np.float64(12.49247470997162)]",2025-08-31 09:26:10,820.6334839857649,1,7.768170800213682,361.74568256862847,27.530660518245938,42.424087614322566,17.686180470109115,1,1,1,920,6,0.39317129629629627,14.93398139603504
1202,0117,0,0,"[51.890132162407866, 16.85057699377816]","[np.float64(50.1189422399863), np.float64(15.55883485367527)]",2025-08-31 09:26:20,58.72141287104622,1,3.1751046614195824,216.68816684636138,17.339971151389424,44.218105101718116,9.442618806246042,2,2,2,863,3,0.39328703703703705,10.622479917357154
1203,0148,1,0,"[51.890132162407866, 16.85057699377816]","[np.float64(50.94514176179118), np.float64(12.49247470997162)]",2025-08-31 09:26:20,820.6334839857649,1,7.768170800213682,319.9011085333773,24.74746205071956,42.43947261542802,18.686180470109115,1,1,1,920,6,0.39328703703703705,21.83247676640541
1204,0117,0,0,"[51.296728742411744, 16.586159880439457]","[np.float64(50.1189422399863), np.float64(15.55883485367527)]",2025-08-31 09:26:30,58.72141287104622,1,3.1751046614195824,149.6119827039036,12.165597287298597,44.232414348029295,12.442618806246042,2,2,2,863,3,0.39340277777777777,12.83602158402382
1205,0148,1,0,"[51.296728742411744, 16.586159880439457]","[np.float64(50.94514176179118), np.float64(12.49247470997162)]",2025-08-31 09:26:30,820.6334839857649,1,7.768170800213682,288.34113037461344,22.561767317453796,42.454837125965966,19.686180470109115,1,1,1,920,6,0.39340277777777777,21.653194358998004
1206,0117,0,0,"[50.70292234125459, 16.327432314679374]","[np.float64(50.1189422399863), np.float64(15.55883485367527)]",2025-08-31 09:26:40,58.72141287104622,1,3.1751046614195824,84.75171804459764,6.962521605713947,44.246699688678376,4.442618806246042,2,2,2,863,3,0.39351851851851855,5.229655843283079
1207,0148,1,0,"[50.70292234125459, 16.327432314679374]","[np.float64(50.94514176179118), np.float64(12.49247470997162)]",2025-08-31 09:26:40,820.6334839857649,1,7.768170800213682,270.6885895005737,21.307832294856844,42.47018456103098,19.686180470109115,1,1,1,920,6,0.39351851851851855,20.473217507146153
1207,0148,1,0,"[50.70292234125459, 16.327432314679374]","[np.float64(50.94514176179118), np.float64(12.49247470997162)]",2025-08-31 09:26:40,820.6334839857649,1,7.768170800213682,270.6885895005737,21.307832294856844,42.47018456103098,19.686180470109115,1,1,1,920,6,0.39351851851851855,20.473217507146153
1208,0165,0,0,"[50.70292234125459, 16.327432314679374]","[np.float64(47.43201384411275), np.float64(16.49871748024867)]",2025-08-31 09:26:40,401.4004296311611,1,7.6911579754661386,363.92265072868963,27.67180765026705,46.84396449794035,16.315319400482853,2,2,2,507,5,0.39351851851851855,13.560689770853223
1209,0117,0,0,"[50.108730034409334, 16.074136456856742]","[np.float64(50.1189422399863), np.float64(15.55883485367527)]",2025-08-31 09:26:50,58.72141287104622,1,3.1751046614195824,36.7612787195075,3.032131821555168,44.26096453875995,9.442618806246042,2,2,2,863,3,0.39363425925925927,7.080813250690486
1210,0148,1,0,"[50.108730034409334, 16.074136456856742]","[np.float64(50.94514176179118), np.float64(12.49247470997162)]",2025-08-31 09:26:50,820.6334839857649,1,7.768170800213682,269.68951704062573,21.23620651873507,42.48551150552849,21.686180470109115,1,1,1,920,6,0.39363425925925927,18.53710639603504
1210,0148,1,0,"[50.108730034409334, 16.074136456856742]","[np.float64(50.94514176179118), np.float64(12.49247470997162)]",2025-08-31 09:26:50,820.6334839857649,1,7.768170800213682,269.68951704062573,21.23620651873507,42.48551150552849,21.686180470109115,1,1,1,920,6,0.39363425925925927,18.53710639603504
1211,0165,0,0,"[50.108730034409334, 16.074136456856742]","[np.float64(47.43201384411275), np.float64(16.49871748024867)]",2025-08-31 09:26:50,401.4004296311611,1,7.6911579754661386,299.2582927284078,23.326087846573888,46.85911385751944,15.315319400482853,2,2,2,507,5,0.39363425925925927,12.559879585668039
1212,0117,0,0,"[49.51416889734889, 15.826033250350616]","[np.float64(50.1189422399863), np.float64(15.55883485367527)]",2025-08-31 09:27:00,58.72141287104622,1,3.1751046614195824,69.92687894933219,5.75365768716989,44.27520889827401,12.442618806246042,2,2,2,863,3,0.39375,15.986368806246041
1213,0148,1,0,"[49.51416889734889, 15.826033250350616]","[np.float64(50.94514176179118), np.float64(12.49247470997162)]",2025-08-31 09:27:00,820.6334839857649,1,7.768170800213682,285.5202062001885,22.362873634263302,42.500817959458494,14.686180470109115,1,1,1,920,6,0.39375,12.323680470109114
1213,0148,1,0,"[49.51416889734889, 15.826033250350616]","[np.float64(50.94514176179118), np.float64(12.49247470997162)]",2025-08-31 09:27:00,820.6334839857649,1,7.768170800213682,285.5202062001885,22.362873634263302,42.500817959458494,14.686180470109115,1,1,1,920,6,0.39375,12.323680470109114
1214,0165,0,0,"[49.51416889734889, 15.826033250350616]","[np.float64(47.43201384411275), np.float64(16.49871748024867)]",2025-08-31 09:27:00,401.4004296311611,1,7.6911579754661386,236.7738031245504,18.838236296712306,46.87423931143643,17.315319400482853,2,2,2,507,5,0.39375,16.52781940048285
1215,0117,0,0,"[48.919256005546195, 15.5828921762765]","[np.float64(50.1189422399863), np.float64(15.55883485367527)]",2025-08-31 09:27:10,58.72141287104622,1,3.1751046614195824,133.41051269029208,10.881464611115058,44.28943276722056,7.442618806246042,2,2,2,863,3,0.39386574074074077,5.473290102542338
1216,0148,1,0,"[48.919256005546195, 15.5828921762765]","[np.float64(50.94514176179118), np.float64(12.49247470997162)]",2025-08-31 09:27:10,820.6334839857649,1,7.768170800213682,315.6595957057973,24.457983164165295,42.51610392282098,14.686180470109115,1,1,1,920,6,0.39386574074074077,12.71685176640541
1217,0165,0,0,"[48.919256005546195, 15.5828921762765]","[np.float64(47.43201384411275), np.float64(16.49871748024867)]",2025-08-31 09:27:10,401.4004296311611,1,7.6911579754661386,178.770483779922,14.445035087045417,46.88934085969133,17.315319400482853,2,2,2,507,5,0.39386574074074077,17.709185141223593
1218,0117,0,0,"[48.324008434474166, 15.344498083675546]","[np.float64(50.1189422399863), np.float64(15.55883485367527)]",2025-08-31 09:27:20,58.72141287104622,1,3.1751046614195824,200.1936731484213,16.090920419437282,44.303632730505015,12.442618806246042,2,2,2,863,3,0.3939814814814815,12.442618806246042
1219,0148,1,0,"[48.324008434474166, 15.344498083675546]","[np.float64(50.94514176179118), np.float64(12.49247470997162)]",2025-08-31 09:27:20,820.6334839857649,1,7.768170800213682,356.4977324291186,27.188908081586654,42.53137281071054,14.686180470109115,1,1,1,920,6,0.3939814814814815,16.26210639603504
1220,0165,0,0,"[48.324008434474166, 15.344498083675546]","[np.float64(47.43201384411275), np.float64(16.49871748024867)]",2025-08-31 09:27:20,401.4004296311611,1,7.6911579754661386,131.32755325873248,10.715534581719107,46.90442191737872,23.315319400482853,2,2,2,507,5,0.3939814814814815,19.76948606714952
1221,0117,0,0,"[47.72843984451115, 15.110646066872649]","[np.float64(50.1189422399863), np.float64(15.55883485367527)]",2025-08-31 09:27:30,58.72141287104622,1,3.1751046614195824,267.8200634752706,21.101994117547214,44.31781220322196,9.442618806246042,2,2,2,863,3,0.3940972222222222,6.289841028468264
1222,0148,1,0,"[47.72843984451115, 15.110646066872649]","[np.float64(50.94514176179118), np.float64(12.49247470997162)]",2025-08-31 09:27:30,820.6334839857649,1,7.768170800213682,404.81037884112,30.255023186719047,42.54662462312719,22.686180470109115,1,1,1,920,6,0.3940972222222222,24.656666581220225
1223,0165,0,0,"[47.72843984451115, 15.110646066872649]","[np.float64(47.43201384411275), np.float64(16.49871748024867)]",2025-08-31 09:27:30,401.4004296311611,1,7.6911579754661386,109.2067377559644,8.94264244229964,46.91947906940401,19.315319400482853,2,2,2,507,5,0.3940972222222222,15.374347178260631
1224,0117,0,0,"[47.132563896035485, 14.881143173023759]","[np.float64(50.1189422399863), np.float64(15.55883485367527)]",2025-08-31 09:27:40,58.72141287104622,1,3.1751046614195824,335.7811826446664,25.819301550501372,44.3319711853714,8.442618806246042,2,2,2,863,3,0.394212962962963,5.288915102542338
1225,0165,0,0,"[47.132563896035485, 14.881143173023759]","[np.float64(47.43201384411275), np.float64(16.49871748024867)]",2025-08-31 09:27:40,401.4004296311611,1,7.6911579754661386,126.47785334405197,10.328502897882004,46.934508900672625,18.315319400482853,2,2,2,507,5,0.394212962962963,14.767402733816185
1226,0117,0,0,"[46.536394249425506, 14.655806694568575]","[np.float64(50.1189422399863), np.float64(15.55883485367527)]",2025-08-31 09:27:50,58.72141287104622,1,3.1751046614195824,403.9085322973874,30.199438002512366,44.346109676953326,12.442618806246042,2,2,2,863,3,0.3943287037037037,15.597248435875672
1227,0165,0,0,"[46.536394249425506, 14.655806694568575]","[np.float64(47.43201384411275), np.float64(16.49871748024867)]",2025-08-31 09:27:50,401.4004296311611,1,7.6911579754661386,171.63547400119768,13.891274059739935,46.94952165646831,16.315319400482853,2,2,2,507,5,0.3943287037037037,16.315319400482853
1228,0165,0,0,"[45.939947980154145, 14.434462461683264]","[np.float64(47.43201384411275), np.float64(16.49871748024867)]",2025-08-31 09:28:00,401.4004296311611,1,7.6911579754661386,228.71908249323408,18.240483430263772,46.96450709150732,23.315319400482853,2,2,2,507,5,0.39444444444444443,25.287541622705074
1229,0165,0,0,"[45.34323191841057, 14.216944842280453]","[np.float64(47.43201384411275), np.float64(16.49871748024867)]",2025-08-31 09:28:10,401.4004296311611,1,7.6911579754661386,290.7885540522331,22.733863381599704,46.979468620884234,20.315319400482853,2,2,2,507,5,0.3945601851851852,22.682680511593965
1230,0165,0,0,"[44.74625972457311, 14.003100157103816]","[np.float64(47.43201384411275), np.float64(16.49871748024867)]",2025-08-31 09:28:20,401.4004296311611,1,7.6911579754661386,355.23994657339057,27.106686422854427,46.99440965969364,19.315319400482853,2,2,2,507,5,0.39467592592592593,19.70999532640878
1231,0073,0,0,"[43.55159133684618, 13.585837070518568]","[np.float64(40.23704223296568), np.float64(14.597170146754)]",2025-08-31 09:28:40,187.4948632723138,1,3.3974273432930966,377.9392850582457,28.571876098605262,52.06957147718786,14.06439963817758,4,4,3,1098,3,0.39490740740740743,10.115325564103506
1232,0073,0,0,"[42.95391221842963, 13.38214460776951]","[np.float64(40.23704223296568), np.float64(14.597170146754)]",2025-08-31 09:28:50,187.4948632723138,1,3.3974273432930966,318.54056879933626,24.65475255961248,52.089764931469,15.06439963817758,4,4,3,1098,3,0.39502314814814815,17.03951537891832
1233,0073,0,0,"[42.35601794905422, 13.181571833923853]","[np.float64(40.23704223296568), np.float64(14.597170146754)]",2025-08-31 09:29:00,187.4948632723138,1,3.3974273432930966,263.6222558220498,20.799739268996866,52.10993448008805,13.06439963817758,4,4,3,1098,3,0.3951388888888889,9.50814963817758
1234,0079,0,0,"[42.35601794905422, 13.181571833923853]","[np.float64(40.41672616723248), np.float64(17.08258724973445)]",2025-08-31 09:29:00,738.5276574888547,2,5.436263172830643,390.3389356080575,29.355491704854344,53.122329024529435,21.809800826651205,3,3,3,1381,4,0.3951388888888889,20.62438415998454
1235,0073,0,0,"[41.75791877400371, 12.983996659350186]","[np.float64(40.23704223296568), np.float64(14.597170146754)]",2025-08-31 09:29:10,187.4948632723138,1,3.3974273432930966,216.6194311661412,17.33480035035506,52.130076707950415,19.06439963817758,4,4,3,1098,3,0.39525462962962965,20.6454181566961
1236,0079,0,0,"[41.75791877400371, 12.983996659350186]","[np.float64(40.41672616723248), np.float64(17.08258724973445)]",2025-08-31 09:29:10,738.5276574888547,2,5.436263172830643,374.42242865177764,28.347464426285086,53.140784195666804,25.809800826651205,3,3,3,1381,4,0.39525462962962965,23.833527678503057
1237,0073,0,0,"[41.15962152346728, 12.789302970832619]","[np.float64(40.23704223296568), np.float64(14.597170146754)]",2025-08-31 09:29:20,187.4948632723138,1,3.3974273432930966,183.71133997357865,14.826901039866572,52.150195030150684,20.06439963817758,4,4,3,1098,3,0.39537037037037037,23.622732971510914
1238,0079,0,0,"[41.15962152346728, 12.789302970832619]","[np.float64(40.41672616723248), np.float64(17.08258724973445)]",2025-08-31 09:29:20,738.5276574888547,2,5.436263172830643,370.72406602305193,28.110443361521213,53.15921546114208,19.809800826651205,3,3,3,1381,4,0.39537037037037037,18.623689715540095
1239,0147,0,0,"[41.15962152346728, 12.789302970832619]","[np.float64(38.43286023136803), np.float64(15.62649685768616)]",2025-08-31 09:29:20,300.5022316953814,1,5.185158651963225,388.13262332988177,29.216928160607583,54.049636487385385,23.188019994719667,2,2,2,617,8,0.39537037037037037,20.025057031756702
1240,0073,0,0,"[40.561133027634085, 12.597381485344432]","[np.float64(40.23704223296568), np.float64(14.597170146754)]",2025-08-31 09:29:30,187.4948632723138,1,3.3974273432930966,173.13082837955216,14.007554372418905,52.17028944668886,15.06439963817758,4,4,3,1098,3,0.3954861111111111,16.646344082622026
1241,0079,0,0,"[40.561133027634085, 12.597381485344432]","[np.float64(40.41672616723248), np.float64(17.08258724973445)]",2025-08-31 09:29:30,738.5276574888547,2,5.436263172830643,379.60060076377204,28.67755369014413,53.1776159907661,24.809800826651205,3,3,3,1381,4,0.3954861111111111,26.39174527109565
1242,0147,0,0,"[40.561133027634085, 12.597381485344432]","[np.float64(38.43286023136803), np.float64(15.62649685768616)]",2025-08-31 09:29:30,300.5022316953814,1,5.185158651963225,351.46708554941307,26.859328545416055,54.070280734151744,21.188019994719667,2,2,2,617,8,0.3954861111111111,18.02413110583078
1243,0073,0,0,"[39.96246011669329, 12.408124627406194]","[np.float64(40.23704223296568), np.float64(14.597170146754)]",2025-08-31 09:29:40,187.4948632723138,1,3.3974273432930966,188.672627640277,15.208995040622543,52.19035654247036,20.06439963817758,4,4,3,1098,3,0.39560185185185187,21.251205193733135
1244,0079,0,0,"[39.96246011669329, 12.408124627406194]","[np.float64(40.41672616723248), np.float64(17.08258724973445)]",2025-08-31 09:29:40,738.5276574888547,2,5.436263172830643,400.2160201107344,29.971195146032592,53.19599261472802,22.809800826651205,3,3,3,1381,4,0.39560185185185187,23.99660638220676
1245,0147,0,0,"[39.96246011669329, 12.408124627406194]","[np.float64(38.43286023136803), np.float64(15.62649685768616)]",2025-08-31 09:29:40,300.5022316953814,1,5.185158651963225,325.3033883105968,25.114218146624157,54.09089424506684,20.188019994719667,2,2,2,617,8,0.39560185185185187,20.583621846571518
1246,0073,0,0,"[39.36361303592867, 12.221433359274943]","[np.float64(40.23704223296568), np.float64(14.597170146754)]",2025-08-31 09:29:50,187.4948632723138,1,3.3974273432930966,224.9867403430633,17.96209209102765,52.210399732589764,12.06439963817758,4,4,3,1098,3,0.3957175925925926,10.48152926780721
1247,0147,0,0,"[39.36361303592867, 12.221433359274943]","[np.float64(38.43286023136803), np.float64(15.62649685768616)]",2025-08-31 09:29:50,300.5022316953814,1,5.185158651963225,312.2920458525564,24.22719921619351,54.11148385031985,25.188019994719667,2,2,2,617,8,0.3957175925925926,22.022279253978926
1248,0073,0,0,"[38.76460203062397, 12.037210350755005]","[np.float64(40.23704223296568), np.float64(14.597170146754)]",2025-08-31 09:30:00,187.4948632723138,1,3.3974273432930966,273.93271608387244,21.539929310528763,52.23041901704707,13.06439963817758,4,4,3,1098,3,0.3958333333333333,16.231066304844248
1249,0147,0,0,"[38.76460203062397, 12.037210350755005]","[np.float64(38.43286023136803), np.float64(15.62649685768616)]",2025-08-31 09:30:00,300.5022316953814,1,5.185158651963225,314.0716124816423,24.349260761543363,54.13204271972159,17.188019994719667,2,2,2,617,8,0.3958333333333333,15.208853328053001
1250,0073,0,0,"[38.1654236856846, 11.855363394292587]","[np.float64(40.23704223296568), np.float64(14.597170146754)]",2025-08-31 09:30:10,187.4948632723138,1,3.3974273432930966,329.9362853140199,25.426999358607766,52.2504109807477,18.06439963817758,4,4,3,1098,3,0.3959490740740741,14.500857971510914
1251,0147,0,0,"[38.1654236856846, 11.855363394292587]","[np.float64(38.43286023136803), np.float64(15.62649685768616)]",2025-08-31 09:30:10,300.5022316953814,1,5.185158651963225,330.4026426640469,25.458395211062513,54.15257768346123,24.188019994719667,2,2,2,617,8,0.3959490740740741,25.375867216941888
1252,0073,0,0,"[37.56609507658349, 11.675803697428474]","[np.float64(40.23704223296568), np.float64(14.597170146754)]",2025-08-31 09:30:20,187.4948632723138,1,3.3974273432930966,389.9679594491536,29.332219491272912,52.27037562369165,17.06439963817758,4,4,3,1098,3,0.3960648148148148,18.252594082622025
1253,0147,0,0,"[37.56609507658349, 11.675803697428474]","[np.float64(38.43286023136803), np.float64(15.62649685768616)]",2025-08-31 09:30:20,300.5022316953814,1,5.185158651963225,359.3061346494691,27.372056814660137,54.173085326444195,20.188019994719667,2,2,2,617,8,0.3960648148148148,18.999825550275222
1254,0147,0,0,"[36.96661620332064, 11.498448444118985]","[np.float64(38.43286023136803), np.float64(15.62649685768616)]",2025-08-31 09:30:30,300.5022316953814,1,5.185158651963225,398.05225545469824,29.836958220483076,54.19356564867048,19.188019994719667,2,2,2,617,8,0.39618055555555554,22.35746443916411
1255,0245,0,0,"[36.36699731117981, 11.323215672094076]","[np.float64(35.99990467485198), np.float64(6.986120917825636)]",2025-08-31 09:30:40,546.27060513076,1,6.40976410977967,391.3502940997511,29.418882634873135,50.96794392633484,13.060720588956478,1,1,1,1163,13,0.3962962962962963,15.438498366734256
1256,0245,0,0,"[35.767238400160984, 11.150028541725586]","[np.float64(35.99990467485198), np.float64(6.986120917825636)]",2025-08-31 09:30:50,546.27060513076,1,6.40976410977967,375.99411448720986,28.44787193925138,50.99469777731378,18.060720588956478,1,1,1,1163,13,0.39641203703703703,16.871484477845367
1257,0245,0,0,"[35.167349715547935, 10.978811920932646]","[np.float64(35.99990467485198), np.float64(6.986120917825636)]",2025-08-31 09:31:00,546.27060513076,1,6.40976410977967,372.71171096105144,28.237958625372137,51.0214345528198,17.060720588956478,1,1,1,1163,13,0.39652777777777776,18.25030392228981
1258,0245,0,0,"[34.567334672435244, 10.809495800276261]","[np.float64(35.99990467485198), np.float64(6.986120917825636)]",2025-08-31 09:31:10,546.27060513076,1,6.40976410977967,381.8157794695453,28.818131889675243,51.04815425285288,19.060720588956478,1,1,1,1163,13,0.39664351851851853,17.077502996363886
1259,0245,0,0,"[33.967200101012075, 10.64201017031744]","[np.float64(35.99990467485198), np.float64(6.986120917825636)]",2025-08-31 09:31:20,546.27060513076,1,6.40976410977967,402.4673907575226,30.110483003777397,51.074853462318465,16.060720588956478,1,1,1,1163,13,0.39675925925925926,18.044516885252776
1260,0018,0,0,"[14.721463595512615, 5.945461106442659]","[np.float64(12.53026569121863), np.float64(8.700910491170207)]",2025-08-31 09:36:40,460.66708945012743,1,7.347062474970287,384.73134925405293,29.002580889397564,62.96627769410778,23.311640351261754,3,3,3,885,4,0.40046296296296297,26.515344054965457
1261,0018,0,0,"[14.119273990922917, 5.812242962436615]","[np.float64(12.53026569121863), np.float64(8.700910491170207)]",2025-08-31 09:36:50,460.66708945012743,1,7.347062474970287,359.0316982917893,27.35418619132766,63.00671924418342,17.311640351261754,3,3,3,885,4,0.4005787037037037,14.107010721632125
1262,0018,0,0,"[13.517064749539356, 5.679509334974818]","[np.float64(12.53026569121863), np.float64(8.700910491170207)]",2025-08-31 09:37:00,460.66708945012743,1,7.347062474970287,345.2188273028019,26.447289319405,63.04716079425907,24.311640351261754,3,3,3,885,4,0.40069444444444446,27.51719590681731
1263,0018,0,0,"[12.91483587136193, 5.547236745281998]","[np.float64(12.53026569121863), np.float64(8.700910491170207)]",2025-08-31 09:37:10,460.66708945012743,1,7.347062474970287,344.7230154595772,26.41446588141158,63.08760234433471,23.311640351261754,3,3,3,885,4,0.4008101851851852,26.91893201792842
1264,0018,0,0,"[12.312589917711579, 5.415402141469704]","[np.float64(12.53026569121863), np.float64(8.700910491170207)]",2025-08-31 09:37:20,460.66708945012743,1,7.347062474970287,357.59822702319076,27.260748304780787,63.12804389441036,21.311640351261754,3,3,3,885,4,0.4009259259259259,22.514418129039534
1265,0018,0,0,"[11.710327742361951, 5.2839820447626655]","[np.float64(12.53026569121863), np.float64(8.700910491170207)]",2025-08-31 09:37:30,460.66708945012743,1,7.347062474970287,382.495287342395,28.861178513747472,63.16848544448601,23.311640351261754,3,3,3,885,4,0.4010416666666667,26.519973684595087
1266,0108,0,0,"[11.710327742361951, 5.2839820447626655]","[np.float64(8.435278924915844), np.float64(4.313604183204617)]",2025-08-31 09:37:30,692.2163229295968,1,2.3599640377715723,379.3447753874991,28.66129429723496,58.97353352042592,19.809800826651205,3,3,3,1140,9,0.4010416666666667,21.012925826651205
1267,0108,0,0,"[11.108052760407627, 5.152954683932903]","[np.float64(8.435278924915844), np.float64(4.313604183204617)]",2025-08-31 09:37:40,692.2163229295968,1,2.3599640377715723,311.1038924760015,24.14557249671864,59.014705900742754,23.809800826651205,3,3,3,1140,9,0.4011574074074074,21.804013789614167
1268,0108,0,0,"[10.50576497184861, 5.022297007091967]","[np.float64(8.435278924915844), np.float64(4.313604183204617)]",2025-08-31 09:37:50,692.2163229295968,1,2.3599640377715723,242.9937664350344,19.296942356801402,59.05587828105959,20.809800826651205,3,3,3,1140,9,0.40127314814814813,18.00088878961417
1269,0108,0,0,"[9.903466084232193, 4.891988096785525]","[np.float64(8.435278924915844), np.float64(4.313604183204617)]",2025-08-31 09:38:00,692.2163229295968,1,2.3599640377715723,175.1662239808177,14.165639689316162,59.09705066137643,23.809800826651205,3,3,3,1140,9,0.4013888888888889,26.218134159984537
1270,0242,0,0,"[9.903466084232193, 4.891988096785525]","[np.float64(6.793233517974094), np.float64(5.845103826830999)]",2025-08-31 09:38:00,304.0213156403179,1,2.971251882399908,361.38561568608145,27.507279985094033,60.50241672461991,27.184340945498565,3,3,3,1338,14,0.4013888888888889,23.170452056609676
1271,0108,0,0,"[9.301159512652958, 4.762006181785598]","[np.float64(8.435278924915844), np.float64(4.313604183204617)]",2025-08-31 09:38:10,692.2163229295968,1,2.3599640377715723,108.15292572688513,8.857723534697234,59.138223041693266,23.809800826651205,3,3,3,1140,9,0.40150462962962963,27.42334249331787
1272,0242,0,0,"[9.301159512652958, 4.762006181785598]","[np.float64(6.793233517974094), np.float64(5.845103826830999)]",2025-08-31 09:38:10,304.0213156403179,1,2.971251882399908,303.2917792189291,23.606283052089857,60.54361642569343,27.184340945498565,3,3,3,1338,14,0.40150462962962963,28.388854834387455
1273,0108,0,0,"[8.698844403337262, 4.632329490864205]","[np.float64(8.435278924915844), np.float64(4.313604183204617)]",2025-08-31 09:38:20,692.2163229295968,1,2.3599640377715723,45.68454926577841,3.7662259406940417,59.1793954220101,20.809800826651205,3,3,3,1140,9,0.40162037037037035,17.596837863688243
1274,0242,0,0,"[8.698844403337262, 4.632329490864205]","[np.float64(6.793233517974094), np.float64(5.845103826830999)]",2025-08-31 09:38:20,304.0213156403179,1,2.971251882399908,250.5053614402054,19.847490574978156,60.584816126766945,27.184340945498565,3,3,3,1338,14,0.40162037037037035,28.389202056609676
1275,0108,0,0,"[8.096524171379686, 4.5029379603406605]","[np.float64(8.435278924915844), np.float64(4.313604183204617)]",2025-08-31 09:38:30,692.2163229295968,1,2.3599640377715723,43.04571584918189,3.5492540652134044,59.22056780232693,24.809800826651205,3,3,3,1140,9,0.4017361111111111,21.997648048873426
1276,0149,0,0,"[8.096524171379686, 4.5029379603406605]","[np.float64(6.19828061791453), np.float64(1.76859340685918)]",2025-08-31 09:38:30,54.11851353313545,1,7.629193492553661,368.1799454173065,27.94678455454206,56.53832177941166,17.188019994719667,3,3,3,742,3,0.4017361111111111,15.982811661386334
1277,0242,0,0,"[8.096524171379686, 4.5029379603406605]","[np.float64(6.793233517974094), np.float64(5.845103826830999)]",2025-08-31 09:38:30,304.0213156403179,1,2.971251882399908,207.12305187109104,16.617639250098158,60.62601582784046,20.184340945498565,3,3,3,1338,14,0.4017361111111111,19.380868723276343
1278,0108,0,0,"[7.494199670553881, 4.373810245873807]","[np.float64(8.435278924915844), np.float64(4.313604183204617)]",2025-08-31 09:38:40,692.2163229295968,1,2.3599640377715723,104.85320548958109,8.591571271586865,59.26174018264377,21.809800826651205,3,3,3,1140,9,0.40185185185185185,21.0060971229475
1279,0149,0,0,"[7.494199670553881, 4.373810245873807]","[np.float64(6.19828061791453), np.float64(1.76859340685918)]",2025-08-31 09:38:40,54.11851353313545,1,7.629193492553661,321.69416483898885,24.86943301115893,56.57951123520142,21.188019994719667,3,3,3,742,3,0.40185185185185185,23.197279253978927
1280,0242,0,0,"[7.494199670553881, 4.373810245873807]","[np.float64(6.793233517974094), np.float64(5.845103826830999)]",2025-08-31 09:38:40,304.0213156403179,1,2.971251882399908,180.07258200031887,14.545799671695013,60.66721552891398,19.184340945498565,3,3,3,1338,14,0.40185185185185185,21.193600204757825
1281,0108,0,0,"[6.891872181520313, 4.244926283782959]","[np.float64(8.435278924915844), np.float64(4.313604183204617)]",2025-08-31 09:38:50,692.2163229295968,1,2.3599640377715723,171.78603496314332,13.902987139801409,59.30291256296061,18.809800826651205,3,3,3,1140,9,0.40196759259259257,18.809800826651205
1282,0149,0,0,"[6.891872181520313, 4.244926283782959]","[np.float64(6.19828061791453), np.float64(1.76859340685918)]",2025-08-31 09:38:50,54.11851353313545,1,7.629193492553661,284.2232363272884,22.271237408080182,56.620704106085775,15.188019994719667,3,3,3,742,3,0.40196759259259257,12.77621443916411
1283,0242,0,0,"[6.891872181520313, 4.244926283782959]","[np.float64(6.793233517974094), np.float64(5.845103826830999)]",2025-08-31 09:38:50,304.0213156403179,1,2.971251882399908,177.00456422658246,14.308231169324113,60.708415229987494,22.184340945498565,3,3,3,1338,14,0.40196759259259257,19.77253538994301
1284,0108,0,0,"[6.289543411826276, 4.116266010387429]","[np.float64(8.435278924915844), np.float64(4.313604183204617)]",2025-08-31 09:39:00,692.2163229295968,1,2.3599640377715723,239.58551808522014,19.045907282728813,59.344084943277444,18.809800826651205,3,3,3,1140,9,0.40208333333333335,19.21188415998454
1285,0149,0,0,"[6.289543411826276, 4.116266010387429]","[np.float64(6.19828061791453), np.float64(1.76859340685918)]",2025-08-31 09:39:00,54.11851353313545,1,7.629193492553661,259.6991822051691,20.51616647237297,56.66189356187554,14.188019994719667,3,3,3,742,3,0.40208333333333335,13.383853328053
1286,0242,0,0,"[6.289543411826276, 4.116266010387429]","[np.float64(6.793233517974094), np.float64(5.845103826830999)]",2025-08-31 09:39:00,304.0213156403179,1,2.971251882399908,199.02900129936384,16.002113380909048,60.74961493106101,27.184340945498565,3,3,3,1338,14,0.40208333333333335,24.36975761216523
1287,0108,0,0,"[5.687215069019063, 3.9878089351197064]","[np.float64(8.435278924915844), np.float64(4.313604183204617)]",2025-08-31 09:39:10,692.2163229295968,1,2.3599640377715723,307.67847486479747,23.909660778832666,59.38525732359428,18.809800826651205,3,3,3,1140,9,0.40219907407407407,21.222995271095648
1288,0149,0,0,"[5.687215069019063, 3.9878089351197064]","[np.float64(6.19828061791453), np.float64(1.76859340685918)]",2025-08-31 09:39:10,54.11851353313545,1,7.629193492553661,251.93168062258414,19.951603370829122,56.7030830176653,15.188019994719667,3,3,3,742,3,0.40219907407407407,11.166029253978927
1289,0242,0,0,"[5.687215069019063, 3.9878089351197064]","[np.float64(6.793233517974094), np.float64(5.845103826830999)]",2025-08-31 09:39:10,304.0213156403179,1,2.971251882399908,239.3137080546683,19.025854193738393,60.79081463213453,26.184340945498565,3,3,3,1338,14,0.40219907407407407,26.988739093646714
1290,0108,0,0,"[5.084888860645964, 3.8595358480727513]","[np.float64(8.435278924915844), np.float64(4.313604183204617)]",2025-08-31 09:39:20,692.2163229295968,1,2.3599640377715723,375.90475217913627,28.442168109226948,59.42642970391112,22.809800826651205,3,3,3,1140,9,0.4023148148148148,24.419060085910466
1291,0149,0,0,"[5.084888860645964, 3.8595358480727513]","[np.float64(6.19828061791453), np.float64(1.76859340685918)]",2025-08-31 09:39:20,54.11851353313545,1,7.629193492553661,262.41299065627106,20.712442450832487,56.744275888549645,21.188019994719667,3,3,3,742,3,0.4023148148148148,21.590334809534482
1292,0242,0,0,"[5.084888860645964, 3.8595358480727513]","[np.float64(6.793233517974094), np.float64(5.845103826830999)]",2025-08-31 09:39:20,304.0213156403179,1,2.971251882399908,290.35355701202104,22.703307124931914,60.83200750301887,24.184340945498565,3,3,3,1338,14,0.4023148148148148,24.58665576031338
1293,0244,0,0,"[5.084888860645964, 3.8595358480727513]","[np.float64(4.5268354720804), np.float64(7.494782834987832)]",2025-08-31 09:39:20,801.4184716569937,2,3.1690755918047655,407.55008800987423,30.42349937497274,62.16855258018531,19.686180470109115,2,2,2,1105,4,0.4023148148148148,22.904698988627633
1294,0149,0,0,"[4.482565640480628, 3.7314262586790536]","[np.float64(6.19828061791453), np.float64(1.76859340685918)]",2025-08-31 09:39:30,54.11851353313545,1,7.629193492553661,289.1653768798013,22.619774216729468,56.78546534433941,23.188019994719667,3,3,3,742,3,0.40243055555555557,26.809894994719667
1295,0242,0,0,"[4.482565640480628, 3.7314262586790536]","[np.float64(6.793233517974094), np.float64(5.845103826830999)]",2025-08-31 09:39:30,304.0213156403179,1,2.971251882399908,347.4393232321779,26.59405981432402,60.87320720409239,24.184340945498565,3,3,3,1338,14,0.40243055555555557,22.9770492788319
1296,0149,0,0,"[3.8802471160703456, 3.6034618108052183]","[np.float64(6.19828061791453), np.float64(1.76859340685918)]",2025-08-31 09:39:40,54.11851353313545,1,7.629193492553661,328.23418448155127,25.312272637529716,56.82665480012917,18.188019994719667,3,3,3,742,3,0.4025462962962963,21.40839036509004
1297,0242,0,0,"[3.8802471160703456, 3.6034618108052183]","[np.float64(6.793233517974094), np.float64(5.845103826830999)]",2025-08-31 09:39:40,304.0213156403179,1,2.971251882399908,408.0400930433956,30.453570706240775,60.91440690516591,24.184340945498565,3,3,3,1338,14,0.4025462962962963,27.80725761216523
1298,0149,0,0,"[3.277934994962411, 3.475622013883736]","[np.float64(6.19828061791453), np.float64(1.76859340685918)]",2025-08-31 09:39:50,54.11851353313545,1,7.629193492553661,375.79731161105144,28.435309563015487,56.867847671013514,22.188019994719667,3,3,3,742,3,0.402662037037037,25.409316291015962
1299,0064,0,0,"[58.33347649330402, -4.467692476676102]","[np.float64(55.14931047733401), np.float64(-1.225701160577773)]",2025-08-31 11:03:10,821.6296518567882,2,2.7287735725883193,405.4125896126264,30.292105372339073,41.722565714859726,14.068078687398678,1,1,1,1314,4,0.4605324074074074,12.225949057769048
1300,0064,0,0,"[57.746128036007114, -4.816219100775281]","[np.float64(55.14931047733401), np.float64(-1.225701160577773)]",2025-08-31 11:03:20,821.6296518567882,2,2.7287735725883193,363.3105761049794,27.632159579303817,41.73094294187675,14.068078687398678,1,1,1,1314,4,0.46064814814814814,14.528726835546827
1301,0064,0,0,"[57.15807265413111, -5.154926901055744]","[np.float64(55.14931047733401), np.float64(-1.225701160577773)]",2025-08-31 11:03:30,821.6296518567882,2,2.7287735725883193,330.22091241603914,25.446162814053462,41.73929967832626,13.068078687398678,1,1,1,1314,4,0.46076388888888886,13.528842576287568
1302,0064,0,0,"[56.56934108352728, -5.484328141705242]","[np.float64(55.14931047733401), np.float64(-1.225701160577773)]",2025-08-31 11:03:40,821.6296518567882,2,2.7287735725883193,309.0513072412507,24.00431301279224,41.74763250911368,12.068078687398678,1,1,1,1314,4,0.46087962962962964,7.920162020732011
1303,0064,0,0,"[55.979970890236046, -5.80490178973932]","[np.float64(55.14931047733401), np.float64(-1.225701160577773)]",2025-08-31 11:03:50,821.6296518567882,2,2.7287735725883193,302.3165516771992,23.53864577320584,41.75594826442817,17.06807868739868,1,1,1,1314,4,0.46099537037037036,16.14608794665794
1304,0064,0,0,"[55.38999622520327, -6.1170956494354405]","[np.float64(55.14931047733401), np.float64(-1.225701160577773)]",2025-08-31 11:04:00,821.6296518567882,2,2.7287735725883193,310.9560032121099,24.135405123509937,41.764240114080565,11.068078687398678,1,1,1,1314,4,0.46111111111111114,9.684745354065345
1305,0064,0,0,"[54.799447824280215, -6.421328496767087]","[np.float64(55.14931047733401), np.float64(-1.225701160577773)]",2025-08-31 11:04:10,821.6296518567882,2,2.7287735725883193,333.77791280805434,25.68513486725535,41.77251147316545,17.06807868739868,1,1,1,1314,4,0.46122685185185186,14.761944428139419
1306,0064,0,0,"[54.208353008223554, -6.717992640724713]","[np.float64(55.14931047733401), np.float64(-1.225701160577773)]",2025-08-31 11:04:20,821.6296518567882,2,2.7287735725883193,368.15417206569526,27.94512405386039,41.78076234168282,16.06807868739868,1,1,1,1314,4,0.4613425925925926,19.297476835546828
1307,0010,0,0,"[45.29184840528456, -10.465188525536856]","[np.float64(42.38827091628898), np.float64(-8.49349688780998)]",2025-08-31 11:06:50,558.5442744959782,1,3.1095504602550132,359.4801596751504,27.383385908732034,51.01366862773349,19.184340945498565,1,1,1,1150,4,0.4630787037037037,19.64741964920227
1308,0010,0,0,"[44.694855720879595, -10.678724998427198]","[np.float64(42.38827091628898), np.float64(-8.49349688780998)]",2025-08-31 11:07:00,558.5442744959782,1,3.1095504602550132,311.10869092296764,24.145902362415303,51.03162177996687,24.184340945498565,1,1,1,1150,4,0.46319444444444446,22.79475761216523
1309,0010,0,0,"[44.09761714966451, -10.88875075408415]","[np.float64(42.38827091628898), np.float64(-8.49349688780998)]",2025-08-31 11:07:10,558.5442744959782,1,3.1095504602550132,271.5820641242384,21.37182841876393,51.049547611443565,21.184340945498565,1,1,1,1150,4,0.4633101851851852,20.72103076031338
1310,0010,0,0,"[43.500146352017644, -11.095405811385703]","[np.float64(42.38827091628898), np.float64(-8.49349688780998)]",2025-08-31 11:07:20,558.5442744959782,1,3.1095504602550132,245.2155868756815,19.460177835464986,51.06744612216359,19.184340945498565,1,1,1,1150,4,0.4634259259259259,20.111192797350416
1311,0010,0,0,"[42.90245015812817, -11.29882506656796]","[np.float64(42.38827091628898), np.float64(-8.49349688780998)]",2025-08-31 11:07:30,558.5442744959782,1,3.1095504602550132,236.45313124432656,18.814518955636906,51.08532072722151,19.184340945498565,1,1,1,1150,4,0.4635416666666667,15.476007612165231
1312,0010,0,0,"[42.304538813279834, -11.49913487813057]","[np.float64(42.38827091628898), np.float64(-8.49349688780998)]",2025-08-31 11:07:40,558.5442744959782,1,3.1095504602550132,247.17394578772667,19.603785097092437,51.10317142661734,26.184340945498565,1,1,1,1150,4,0.4636574074074074,27.575313167720786
1313,0010,0,0,"[41.7064225627564, -11.696457335704947]","[np.float64(42.38827091628898), np.float64(-8.49349688780998)]",2025-08-31 11:07:50,558.5442744959782,1,3.1095504602550132,275.10951293202896,21.623939128810786,51.12099480525649,21.184340945498565,1,1,1,1150,4,0.46377314814814813,23.503206686239306
1314,0010,0,0,"[41.10810823674704, -11.890907698733333]","[np.float64(42.38827091628898), np.float64(-8.49349688780998)]",2025-08-31 11:08:00,558.5442744959782,1,3.1095504602550132,315.72270471112876,24.46230009836869,51.13879086313895,22.184340945498565,1,1,1,1150,4,0.4638888888888889,24.9676742788319
1315,0010,0,0,"[40.50960266544092, -12.082596104016094]","[np.float64(42.38827091628898), np.float64(-8.49349688780998)]",2025-08-31 11:08:10,558.5442744959782,1,3.1095504602550132,364.803597680326,27.72882186281666,51.15655960026474,24.184340945498565,1,1,1,1150,4,0.46400462962962963,26.968368723276342
1316,004,0,0,"[17.680222996786682, -18.05562043885434]","[np.float64(14.76959823779747), np.float64(-16.1333381560169)]",2025-08-31 11:14:30,183.231476261814,1,4.7198692185637405,383.2196742376154,28.90702898417008,62.29179651356902,19.43526070780384,2,2,2,694,11,0.4684027777777778,18.030052374470507
1317,004,0,0,"[17.078165727112154, -18.19158218447261]","[np.float64(14.76959823779747), np.float64(-16.1333381560169)]",2025-08-31 11:14:40,183.231476261814,1,4.7198692185637405,338.1185450603686,25.97546024331724,62.33145259189011,22.43526070780384,2,2,2,694,11,0.4685185185185185,17.75007552261866
1318,004,0,0,"[16.47607601403907, -18.326936043254758]","[np.float64(14.76959823779747), np.float64(-16.1333381560169)]",2025-08-31 11:14:50,183.231476261814,1,4.7198692185637405,301.9619705515285,23.514036397414294,62.37109500983287,28.43526070780384,2,2,2,694,11,0.4686342592592593,26.560723670766805
1319,004,0,0,"[15.873958980209302, -18.461707628410156]","[np.float64(14.76959823779747), np.float64(-16.1333381560169)]",2025-08-31 11:15:00,183.231476261814,1,4.7198692185637405,278.25773151600305,21.84820581916862,62.410744257964794,23.43526070780384,2,2,2,694,11,0.46875,26.24776070780384
1320,004,0,0,"[15.271816333170149, -18.5959225531482]","[np.float64(14.76959823779747), np.float64(-16.1333381560169)]",2025-08-31 11:15:10,183.231476261814,1,4.7198692185637405,270.3004350787876,21.28001290406566,62.450386675907545,28.43526070780384,2,2,2,694,11,0.4688657407407407,28.43526070780384
1321,004,0,0,"[14.669648072921605, -18.72960472313098]","[np.float64(14.76959823779747), np.float64(-16.1333381560169)]",2025-08-31 11:15:20,183.231476261814,1,4.7198692185637405,279.43694996264594,21.932028240274015,62.49002226366113,24.43526070780384,2,2,2,694,11,0.4689814814814815,23.49729774484088
1322,004,0,0,"[14.067458468331909, -18.862781459115183]","[np.float64(14.76959823779747), np.float64(-16.1333381560169)]",2025-08-31 11:15:30,183.231476261814,1,4.7198692185637405,304.1295095955057,23.664328500468958,62.52965785141471,27.43526070780384,2,2,2,694,11,0.4690972222222222,24.62067737447051
1323,004,0,0,"[13.4652483731747, -18.99547325166831]","[np.float64(14.76959823779747), np.float64(-16.1333381560169)]",2025-08-31 11:15:40,183.231476261814,1,4.7198692185637405,341.01388664989975,26.168323826353866,62.5692934391683,19.43526070780384,2,2,2,694,11,0.46921296296296294,18.496834781877915
1324,004,0,0,"[12.86301864122363, -19.12770742154705]","[np.float64(14.76959823779747), np.float64(-16.1333381560169)]",2025-08-31 11:15:50,183.231476261814,1,4.7198692185637405,386.615488371612,29.121429098400327,62.60892219673271,19.43526070780384,2,2,2,694,11,0.4693287037037037,23.18989033743347
1325,0170,0,0,"[46.330829461070216, -84.07525053159898]","[np.float64(43.72445183481355), np.float64(-87.3078308908022)]",2025-08-31 16:02:30,642.3419040928243,1,6.451096504761524,385.3299058463385,29.040366490934616,47.680194803308765,17.06807868739868,4,4,3,634,4,0.6684027777777778,15.731273131843123
1326,0170,0,0,"[45.73429098424506, -84.2952509247651]","[np.float64(43.72445183481355), np.float64(-87.3078308908022)]",2025-08-31 16:02:40,642.3419040928243,1,6.451096504761524,326.42460321237934,25.190062650316897,47.700043333036824,17.06807868739868,4,4,3,634,4,0.6685185185185185,18.405115724435717
1327,0170,0,0,"[45.13748613004227, -84.51148788369854]","[np.float64(43.72445183481355), np.float64(-87.3078308908022)]",2025-08-31 16:02:50,642.3419040928243,1,6.451096504761524,271.9831433998114,21.400538000276526,47.71987137219737,13.068078687398678,4,4,3,634,4,0.6686342592592592,13.068078687398678
1328,0170,0,0,"[44.54042855884019, -84.72410484237186]","[np.float64(43.72445183481355), np.float64(-87.3078308908022)]",2025-08-31 16:03:00,642.3419040928243,1,6.451096504761524,225.2681477117979,17.9831127397353,47.73967550569582,11.068078687398678,4,4,3,634,4,0.66875,9.061828687398679
1329,0170,0,0,"[43.94313193101716, -84.93324523475765]","[np.float64(43.72445183481355), np.float64(-87.3078308908022)]",2025-08-31 16:03:10,642.3419040928243,1,6.451096504761524,192.00635466130473,15.464968487346768,47.75945914862677,13.068078687398678,4,4,3,634,4,0.6688657407407408,13.736944428139418
1330,0170,0,0,"[43.34560307676235, -85.1390456646393]","[np.float64(43.72445183481355), np.float64(-87.3078308908022)]",2025-08-31 16:03:20,642.3419040928243,1,6.451096504761524,179.82622129349892,14.526741756351708,47.7792223009902,18.06807868739868,4,4,3,634,4,0.6689814814814815,16.061134242954232
1331,0170,0,0,"[42.74785224135952, -85.34164956598939]","[np.float64(43.72445183481355), np.float64(-87.3078308908022)]",2025-08-31 16:03:30,642.3419040928243,1,6.451096504761524,192.7668930028407,15.523276731886064,47.798964962786116,15.068078687398678,4,4,3,634,4,0.6690972222222222,16.406273131843122
1332,0170,0,0,"[42.149886254997824, -85.54117305202381]","[np.float64(43.72445183481355), np.float64(-87.3078308908022)]",2025-08-31 16:03:40,642.3419040928243,1,6.451096504761524,226.56604064935038,18.079998280442677,47.81868371891994,11.068078687398678,4,4,3,634,4,0.669212962962963,12.406504613324604
1333,0170,0,0,"[41.551718778055616, -85.73774589633678]","[np.float64(43.72445183481355), np.float64(-87.3078308908022)]",2025-08-31 16:03:50,642.3419040928243,1,6.451096504761524,273.59989211535463,21.516151821769476,47.83838198448626,20.06807868739868,4,4,3,634,4,0.6693287037037037,17.390763872583864
1334,0170,0,0,"[40.95335664072206, -85.93147055176584]","[np.float64(43.72445183481355), np.float64(-87.3078308908022)]",2025-08-31 16:04:00,642.3419040928243,1,6.451096504761524,328.2286518819332,25.31189936851005,47.858059759485066,20.06807868739868,4,4,3,634,4,0.6694444444444444,16.051412020732013
1335,0170,0,0,"[40.35480667318634, -86.12246313152691]","[np.float64(43.72445183481355), np.float64(-87.3078308908022)]",2025-08-31 16:04:10,642.3419040928243,1,6.451096504761524,387.251878627405,29.161509578021782,47.87771704391636,18.06807868739868,4,4,3,634,4,0.6695601851851852,20.076759242954235
1336,0034,0,0,"[37.95887535008883, -86.86109344875042]","[np.float64(35.40048901728815), np.float64(-89.94105847160465)]",2025-08-31 16:04:50,112.08018624564565,1,2.1193221077265907,395.3837775064755,29.670911440094585,52.30726889049347,12.442618806246042,4,4,3,993,12,0.6700231481481481,13.782665102542339
1337,0081,1,0,"[37.95887535008883, -86.86109344875042]","[np.float64(34.62241574600343), np.float64(-86.86407475237093)]",2025-08-31 16:04:50,996.6979428886351,1,6.956283119223477,370.99800117049654,28.128035442481522,54.72941789472007,20.43893975702494,2,2,2,1419,6,0.6700231481481481,24.459078645913827
1338,0034,0,0,"[37.35949551456895, -87.03988048046467]","[np.float64(35.40048901728815), np.float64(-89.94105847160465)]",2025-08-31 16:05:00,112.08018624564565,1,2.1193221077265907,338.946004491168,26.03064353740795,52.33367781691933,9.442618806246042,4,4,3,993,12,0.6701388888888888,14.133591028468263
1339,0081,1,0,"[37.35949551456895, -87.03988048046467]","[np.float64(34.62241574600343), np.float64(-86.86407475237093)]",2025-08-31 16:05:00,996.6979428886351,1,6.956283119223477,304.76034201280646,23.708004223679733,54.75484327390544,15.43893975702494,2,2,2,1419,6,0.6701388888888888,9.40768975702494
1340,0034,0,0,"[36.75997224507649, -87.21649551202287]","[np.float64(35.40048901728815), np.float64(-89.94105847160465)]",2025-08-31 16:05:10,112.08018624564565,1,2.1193221077265907,287.73483371389807,22.519067605021394,52.36006625277767,9.442618806246042,4,4,3,993,12,0.6702546296296297,2.740072509949745
1341,0081,1,0,"[36.75997224507649, -87.21649551202287]","[np.float64(34.62241574600343), np.float64(-86.86407475237093)]",2025-08-31 16:05:10,996.6979428886351,1,6.956283119223477,239.8065567408588,19.062211085099733,54.78025157761789,17.43893975702494,2,2,2,1419,6,0.6702546296296297,22.13072216443235
1342,0034,0,0,"[36.160305541611464, -87.39101367550586]","[np.float64(35.40048901728815), np.float64(-89.94105847160465)]",2025-08-31 16:05:20,112.08018624564565,1,2.1193221077265907,245.05045782807707,19.448057190260855,52.38643761316309,10.442618806246042,4,4,3,993,12,0.6703703703703704,15.805581769209006
1343,0081,1,0,"[36.160305541611464, -87.39101367550586]","[np.float64(34.62241574600343), np.float64(-86.86407475237093)]",2025-08-31 16:05:20,996.6979428886351,1,6.956283119223477,177.55058763501503,14.350548899535848,54.805632560573656,21.43893975702494,2,2,2,1419,6,0.6703703703703704,27.47227309035827
1343,0081,1,0,"[36.160305541611464, -87.39101367550586]","[np.float64(34.62241574600343), np.float64(-86.86407475237093)]",2025-08-31 16:05:20,996.6979428886351,1,6.956283119223477,177.55058763501503,14.350548899535848,54.805632560573656,21.43893975702494,2,2,2,1419,6,0.6703703703703704,27.47227309035827
1344,0034,0,0,"[35.56050223436304, -87.5635169331837]","[np.float64(35.40048901728815), np.float64(-89.94105847160465)]",2025-08-31 16:05:30,112.08018624564565,1,2.1193221077265907,216.00938326950254,17.28889532175716,52.412788482981,6.442618806246042,4,4,3,993,12,0.6704861111111111,0.0
1345,0081,1,0,"[35.56050223436304, -87.5635169331837]","[np.float64(34.62241574600343), np.float64(-86.86407475237093)]",2025-08-31 16:05:30,996.6979428886351,1,6.956283119223477,122.18936439292571,9.985461948664026,54.830993052961915,23.43893975702494,2,2,2,1419,6,0.6704861111111111,28.802828645913827
1345,0081,1,0,"[35.56050223436304, -87.5635169331837]","[np.float64(34.62241574600343), np.float64(-86.86407475237093)]",2025-08-31 16:05:30,996.6979428886351,1,6.956283119223477,122.18936439292571,9.985461948664026,54.830993052961915,23.43893975702494,2,2,2,1419,6,0.6704861111111111,28.802828645913827
1346,0034,0,0,"[34.96057256861497, -87.73406675675892]","[np.float64(35.40048901728815), np.float64(-89.94105847160465)]",2025-08-31 16:05:40,112.08018624564565,1,2.1193221077265907,206.45424353917122,16.566925805830273,52.439118862231396,14.442618806246042,4,4,3,993,12,0.6706018518518518,11.760211398838635
1347,0081,1,0,"[34.96057256861497, -87.73406675675892]","[np.float64(34.62241574600343), np.float64(-86.86407475237093)]",2025-08-31 16:05:40,996.6979428886351,1,6.956283119223477,87.89380465267757,7.217975718637836,54.85633305478267,15.43893975702494,2,2,2,1419,6,0.6706018518518518,14.097736053321237
1347,0081,1,0,"[34.96057256861497, -87.73406675675892]","[np.float64(34.62241574600343), np.float64(-86.86407475237093)]",2025-08-31 16:05:40,996.6979428886351,1,6.956283119223477,87.89380465267757,7.217975718637836,54.85633305478267,15.43893975702494,2,2,2,1419,6,0.6706018518518518,14.097736053321237
1348,0034,0,0,"[34.36051654436726, -87.90274510850156]","[np.float64(35.40048901728815), np.float64(-89.94105847160465)]",2025-08-31 16:05:50,112.08018624564565,1,2.1193221077265907,218.95138998897482,17.510064258137604,52.465428750914285,15.442618806246042,4,4,3,993,12,0.6707175925925926,9.40616047291271
1349,0081,1,0,"[34.36051654436726, -87.90274510850156]","[np.float64(34.62241574600343), np.float64(-86.86407475237093)]",2025-08-31 16:05:50,996.6979428886351,1,6.956283119223477,99.54661067793506,8.162766413586525,54.88164573584673,16.43893975702494,2,2,2,1419,6,0.6707175925925926,16.43893975702494
1349,0081,1,0,"[34.36051654436726, -87.90274510850156]","[np.float64(34.62241574600343), np.float64(-86.86407475237093)]",2025-08-31 16:05:50,996.6979428886351,1,6.956283119223477,99.54661067793506,8.162766413586525,54.88164573584673,16.43893975702494,2,2,2,1419,6,0.6707175925925926,16.43893975702494
1350,0034,0,0,"[33.760340991809066, -88.06961346011414]","[np.float64(35.40048901728815), np.float64(-89.94105847160465)]",2025-08-31 16:06:00,112.08018624564565,1,2.1193221077265907,250.21965585562418,19.82661931713867,52.49172156412425,15.442618806246042,4,4,3,993,12,0.6708333333333333,17.45511880624604
1351,0081,1,0,"[33.760340991809066, -88.06961346011414]","[np.float64(34.62241574600343), np.float64(-86.86407475237093)]",2025-08-31 16:06:00,996.6979428886351,1,6.956283119223477,146.5702935649398,11.925416020230518,54.90693792634329,15.43893975702494,2,2,2,1419,6,0.6708333333333333,20.805606423691607
1351,0081,1,0,"[33.760340991809066, -88.06961346011414]","[np.float64(34.62241574600343), np.float64(-86.86407475237093)]",2025-08-31 16:06:00,996.6979428886351,1,6.956283119223477,146.5702935649398,11.925416020230518,54.90693792634329,15.43893975702494,2,2,2,1419,6,0.6708333333333333,20.805606423691607
1352,0034,0,0,"[33.16005274112957, -88.23474011348837]","[np.float64(35.40048901728815), np.float64(-89.94105847160465)]",2025-08-31 16:06:10,112.08018624564565,1,2.1193221077265907,294.33675968829317,22.982595695346696,52.5179938867667,11.442618806246042,4,4,3,993,12,0.6709490740740741,10.100720658097893
1353,0081,1,0,"[33.16005274112957, -88.23474011348837]","[np.float64(34.62241574600343), np.float64(-86.86407475237093)]",2025-08-31 16:06:10,996.6979428886351,1,6.956283119223477,206.022556063031,16.534178230309593,54.93220962627233,22.43893975702494,2,2,2,1419,6,0.6709490740740741,19.755143460728643
1353,0081,1,0,"[33.16005274112957, -88.23474011348837]","[np.float64(34.62241574600343), np.float64(-86.86407475237093)]",2025-08-31 16:06:10,996.6979428886351,1,6.956283119223477,206.022556063031,16.534178230309593,54.93220962627233,22.43893975702494,2,2,2,1419,6,0.6709490740740741,19.755143460728643
1354,0034,0,0,"[32.559655207423354, -88.39818654032678]","[np.float64(35.40048901728815), np.float64(-89.94105847160465)]",2025-08-31 16:06:20,112.08018624564565,1,2.1193221077265907,346.42889756756864,26.527319155473016,52.54424913393623,8.442618806246042,4,4,3,993,12,0.6710648148148148,14.482202139579375
1355,0081,1,0,"[32.559655207423354, -88.39818654032678]","[np.float64(34.62241574600343), np.float64(-86.86407475237093)]",2025-08-31 16:06:20,996.6979428886351,1,6.956283119223477,269.8088389185871,21.24476464078592,54.9574540054447,19.43893975702494,2,2,2,1419,6,0.6710648148148148,13.399356423691607
1356,0034,0,0,"[31.959151805785, -88.56000738214271]","[np.float64(35.40048901728815), np.float64(-89.94105847160465)]",2025-08-31 16:06:30,112.08018624564565,1,2.1193221077265907,403.4192373740481,30.16925408340508,52.57048389053825,11.442618806246042,4,4,3,993,12,0.6711805555555556,6.073174361801597
1357,0081,1,0,"[31.959151805785, -88.56000738214271]","[np.float64(34.62241574600343), np.float64(-86.86407475237093)]",2025-08-31 16:06:30,996.6979428886351,1,6.956283119223477,335.4657229987699,25.798194115800435,54.98267789404956,21.43893975702494,2,2,2,1419,6,0.6711805555555556,15.39831475702494
1358,0081,1,0,"[31.3585459513091, -88.7202709408279]","[np.float64(34.62241574600343), np.float64(-86.86407475237093)]",2025-08-31 16:06:40,996.6979428886351,1,6.956283119223477,402.0782867278481,30.086437899938137,55.007877876992325,14.43893975702494,2,2,2,1419,6,0.6712962962962963,13.096347164432348
0,0086,0,1,"[46.18215331831197, 144.75916587303365]","[np.float64(43.75501325900639), np.float64(141.4670105056896)]",2025-08-31 00:56:10,817.8186994976703,2,5.03580988087256,373.9877598766036,28.31966192868801,48.852497736598494,9.315319400482853,2,2,2,1337,2,0.03900462962962963,9.58835180789026
1,0086,0,1,"[45.58656423778144, 144.53891959305741]","[np.float64(43.75501325900639), np.float64(141.4670105056896)]",2025-08-31 00:56:20,817.8186994976703,2,5.03580988087256,316.9537513809673,24.54644990870022,48.87126026624851,8.315319400482853,2,2,2,1337,2,0.03912037037037037,7.96323606714952
2,0086,0,1,"[44.9907053647787, 144.32244357750304]","[np.float64(43.75501325900639), np.float64(141.4670105056896)]",2025-08-31 00:56:30,817.8186994976703,2,5.03580988087256,265.28535844064714,20.919633695332873,48.88999889023645,12.315319400482853,2,2,2,1337,2,0.03923611111111111,12.001430511593965
3,0086,0,1,"[44.394593774776666, 144.10954658107374]","[np.float64(43.75501325900639), np.float64(141.4670105056896)]",2025-08-31 00:56:40,817.8186994976703,2,5.03580988087256,222.74708877574912,17.794615969947547,48.90871702365686,15.315319400482853,2,2,2,1337,2,0.03935185185185185,15.039856437519889
4,0086,0,1,"[43.7982397130591, 143.9001193207428]","[np.float64(43.75501325900639), np.float64(141.4670105056896)]",2025-08-31 00:56:50,817.8186994976703,2,5.03580988087256,195.40049848189645,15.724932387532185,48.927411251415194,7.315319400482853,2,2,2,1337,2,0.039467592592592596,7.039046252334705
5,0086,0,1,"[43.20165342490974, 143.69399787197017]","[np.float64(43.75501325900639), np.float64(141.4670105056896)]",2025-08-31 00:57:00,817.8186994976703,2,5.03580988087256,189.924489636282,15.305190228854102,48.94608157351142,7.315319400482853,2,2,2,1337,2,0.03958333333333333,7.434069400482853
6,0086,0,1,"[42.604841740517784, 143.49107295172908]","[np.float64(43.75501325900639), np.float64(141.4670105056896)]",2025-08-31 00:57:10,817.8186994976703,2,5.03580988087256,208.05636572254957,16.68836446955857,48.96473140504014,11.315319400482853,2,2,2,1337,2,0.039699074074074074,11.513814770853223
7,0086,0,1,"[42.007814905166974, 143.29120795623615]","[np.float64(43.75501325900639), np.float64(141.4670105056896)]",2025-08-31 00:57:20,817.8186994976703,2,5.03580988087256,244.60182409028263,19.415117861573506,48.98335391581218,10.315319400482853,2,2,2,1337,2,0.03981481481481482,10.19587495603841
8,0086,0,1,"[41.41058657923564, 143.0942936024647]","[np.float64(43.75501325900639), np.float64(141.4670105056896)]",2025-08-31 00:57:30,817.8186994976703,2,5.03580988087256,292.74506981971626,22.871129451177385,49.00195593601671,13.315319400482853,2,2,2,1337,2,0.03993055555555555,12.995874956038408
9,0086,0,1,"[40.8131567627238, 142.90020694700962]","[np.float64(43.75501325900639), np.float64(141.4670105056896)]",2025-08-31 00:57:40,817.8186994976703,2,5.03580988087256,347.7025795111503,26.61143565843124,49.02053746565373,7.315319400482853,2,2,2,1337,2,0.040046296296296295,6.91485643751989
10,0086,0,1,"[40.21554253110436, 142.7088387068442]","[np.float64(43.75501325900639), np.float64(141.4670105056896)]",2025-08-31 00:57:50,817.8186994976703,2,5.03580988087256,406.7213066413952,30.372595314888983,49.03909167453407,9.315319400482853,2,2,2,1337,2,0.04016203703703704,9.435805511593964
11,0011,1,1,"[45.41338137628118, 119.77922430457274]","[np.float64(41.91969639369898), np.float64(120.8825147099991)]",2025-08-31 02:35:10,842.7976719026531,1,2.204296289321375,398.4762741258338,29.86329224334382,52.12151165073122,22.184340945498565,3,3,3,1275,7,0.10775462962962963,21.645567797350417
12,0011,1,1,"[44.817450786292156, 119.56378647777218]","[np.float64(41.91969639369898), np.float64(120.8825147099991)]",2025-08-31 02:35:20,842.7976719026531,1,2.204296289321375,339.3774044009152,26.059393042802153,52.138877406695975,19.184340945498565,3,3,3,1275,7,0.10787037037037037,18.860729834387456
13,0104,0,1,"[44.817450786292156, 119.56378647777218]","[np.float64(41.4578170946094), np.float64(120.3535723628824)]",2025-08-31 02:35:20,350.2509033022107,1,5.980426071455659,379.0257249747676,28.641009465201055,52.29394319142278,7.817158925093404,1,1,1,508,12,0.10787037037037037,6.7384552213896995
14,0011,1,1,"[44.22126747930383, 119.35192767009673]","[np.float64(41.91969639369898), np.float64(120.8825147099991)]",2025-08-31 02:35:30,842.7976719026531,1,2.204296289321375,284.51100597255737,22.291579895027503,52.15621242680947,17.184340945498565,3,3,3,1275,7,0.10798611111111112,16.5364242788319
15,0104,0,1,"[44.22126747930383, 119.35192767009673]","[np.float64(41.4578170946094), np.float64(120.3535723628824)]",2025-08-31 02:35:30,350.2509033022107,1,5.980426071455659,317.94247957625566,24.61395409357036,52.31190317384532,8.817158925093404,1,1,1,508,12,0.10798611111111112,8.061256147315627
16,0011,1,1,"[43.62484511569457, 119.14347029662794]","[np.float64(41.91969639369898), np.float64(120.8825147099991)]",2025-08-31 02:35:40,842.7976719026531,1,2.204296289321375,236.8390578650811,18.84306180874529,52.17352012616628,19.184340945498565,3,3,3,1275,7,0.10810185185185185,19.832952056609678
16,0011,1,1,"[43.62484511569457, 119.14347029662794]","[np.float64(41.91969639369898), np.float64(120.8825147099991)]",2025-08-31 02:35:40,842.7976719026531,1,2.204296289321375,236.8390578650811,18.84306180874529,52.17352012616628,19.184340945498565,3,3,3,1275,7,0.10810185185185185,19.832952056609678
17,0104,0,1,"[43.62484511569457, 119.14347029662794]","[np.float64(41.4578170946094), np.float64(120.3535723628824)]",2025-08-31 02:35:40,350.2509033022107,1,5.980426071455659,260.55257559608253,20.577942587004255,52.32983583551119,6.817158925093404,1,1,1,508,12,0.10810185185185185,6.925260776945255
18,0011,1,1,"[43.028190525653514, 118.93829141396075]","[np.float64(41.91969639369898), np.float64(120.8825147099991)]",2025-08-31 02:35:50,842.7976719026531,1,2.204296289321375,201.5327045909256,16.192924430049157,52.190800504766415,21.184340945498565,3,3,3,1275,7,0.10821759259259259,20.643252982535603
18,0011,1,1,"[43.028190525653514, 118.93829141396075]","[np.float64(41.91969639369898), np.float64(120.8825147099991)]",2025-08-31 02:35:50,842.7976719026531,1,2.204296289321375,201.5327045909256,16.192924430049157,52.190800504766415,21.184340945498565,3,3,3,1275,7,0.10821759259259259,20.643252982535603
19,0104,0,1,"[43.028190525653514, 118.93829141396075]","[np.float64(41.4578170946094), np.float64(120.3535723628824)]",2025-08-31 02:35:50,350.2509033022107,1,5.980426071455659,209.90712630267444,16.82845766408292,52.347737761325796,8.817158925093404,1,1,1,508,12,0.10821759259259259,8.600723739908219
20,0122,0,1,"[43.028190525653514, 118.93829141396075]","[np.float64(40.16710283184663), np.float64(117.3064200020068)]",2025-08-31 02:35:50,944.6358145631588,2,3.8467630842974923,345.8507286513872,26.489094973781178,51.95719095967905,11.813479875872304,3,3,3,1015,3,0.10821759259259259,12.462785431427859
21,0011,1,1,"[42.431317369559025, 118.73626807869012]","[np.float64(41.91969639369898), np.float64(120.8825147099991)]",2025-08-31 02:36:00,842.7976719026531,1,2.204296289321375,185.78110195311402,14.986470066307566,52.20805356260986,21.184340945498565,3,3,3,1275,7,0.10833333333333334,20.3176742788319
21,0011,1,1,"[42.431317369559025, 118.73626807869012]","[np.float64(41.91969639369898), np.float64(120.8825147099991)]",2025-08-31 02:36:00,842.7976719026531,1,2.204296289321375,185.78110195311402,14.986470066307566,52.20805356260986,21.184340945498565,3,3,3,1275,7,0.10833333333333334,20.3176742788319
22,0104,0,1,"[42.431317369559025, 118.73626807869012]","[np.float64(41.4578170946094), np.float64(120.3535723628824)]",2025-08-31 02:36:00,350.2509033022107,1,5.980426071455659,172.0687756370439,13.924980103743382,52.365615781478304,6.817158925093404,1,1,1,508,12,0.10833333333333334,7.792158925093403
23,0107,0,1,"[42.431317369559025, 118.73626807869012]","[np.float64(39.78192937595332), np.float64(116.5988584284825)]",2025-08-31 02:36:00,385.64565055159244,1,3.606775838988556,344.729063007251,26.41486635014294,51.91282205083065,12.56623916278813,4,4,3,678,5,0.10833333333333334,11.482905829454795
24,0122,0,1,"[42.431317369559025, 118.73626807869012]","[np.float64(40.16710283184663), np.float64(117.3064200020068)]",2025-08-31 02:36:00,944.6358145631588,2,3.8467630842974923,278.6554848664834,21.876490345551336,51.97777714983747,9.813479875872304,3,3,3,1015,3,0.10833333333333334,10.571813209205636
25,0011,1,1,"[41.834229062505685, 118.53727734741098]","[np.float64(41.91969639369898), np.float64(120.8825147099991)]",2025-08-31 02:36:10,842.7976719026531,1,2.204296289321375,194.3970669678041,15.648146280872956,52.22528271479122,25.184340945498565,3,3,3,1275,7,0.10844907407407407,25.075891871424492
25,0011,1,1,"[41.834229062505685, 118.53727734741098]","[np.float64(41.91969639369898), np.float64(120.8825147099991)]",2025-08-31 02:36:10,842.7976719026531,1,2.204296289321375,194.3970669678041,15.648146280872956,52.22528271479122,25.184340945498565,3,3,3,1275,7,0.10844907407407407,25.075891871424492
26,0037,0,1,"[41.834229062505685, 118.53727734741098]","[np.float64(39.3547228231108), np.float64(115.7853521894979)]",2025-08-31 02:36:10,712.7959128775688,2,6.978466625920053,360.518541739251,27.45093673698043,51.82768374282644,20.060720588956478,2,2,2,888,12,0.10844907407407407,19.193127996363884
27,0082,0,1,"[41.834229062505685, 118.53727734741098]","[np.float64(38.67095578523463), np.float64(117.4329344527677)]",2025-08-31 02:36:10,868.8145287731269,2,3.1033761351500835,364.0020970789187,27.676951801121557,53.193786463626104,18.940779281635493,3,3,3,532,6,0.10844907407407407,19.266126503857716
28,0104,0,1,"[41.834229062505685, 118.53727734741098]","[np.float64(41.4578170946094), np.float64(120.3535723628824)]",2025-08-31 02:36:10,350.2509033022107,1,5.980426071455659,156.6126943243676,12.716737101560714,52.383466480874134,13.817158925093404,1,1,1,508,12,0.10844907407407407,14.576302443611922
29,0107,0,1,"[41.834229062505685, 118.53727734741098]","[np.float64(39.78192937595332), np.float64(116.5988584284825)]",2025-08-31 02:36:10,385.64565055159244,1,3.606775838988556,280.5062612693734,22.007952858110325,51.934050278771046,13.56623916278813,4,4,3,678,5,0.10844907407407407,12.590197496121462
30,0122,0,1,"[41.834229062505685, 118.53727734741098]","[np.float64(40.16710283184663), np.float64(117.3064200020068)]",2025-08-31 02:36:10,944.6358145631588,2,3.8467630842974923,212.20521879137493,17.00212352152817,51.99833601923921,16.813479875872304,3,3,3,1015,3,0.10844907407407407,15.837438209205636
31,0128,0,1,"[41.834229062505685, 118.53727734741098]","[np.float64(39.02690133784861), np.float64(115.6374539933984)]",2025-08-31 02:36:10,534.8217967473581,1,6.932685438159177,397.04323907140866,29.77423658067065,51.98755115053976,23.813479875872304,1,1,1,869,9,0.10844907407407407,24.464174320316747
32,0185,0,1,"[41.834229062505685, 118.53727734741098]","[np.float64(38.79362786384549), np.float64(115.961478267299)]",2025-08-31 02:36:10,640.3049901696952,1,5.902138411915168,402.4542333218775,30.10967011692711,52.3301534393076,18.191699043940766,4,4,3,1053,7,0.10844907407407407,17.107208303200025
33,0011,1,1,"[41.23694267996641, 118.34119627671825]","[np.float64(41.91969639369898), np.float64(120.8825147099991)]",2025-08-31 02:36:20,842.7976719026531,1,2.204296289321375,224.593927916533,17.932741312608112,52.242481131121316,25.184340945498565,3,3,3,1275,7,0.10856481481481481,25.184340945498565
33,0011,1,1,"[41.23694267996641, 118.34119627671825]","[np.float64(41.91969639369898), np.float64(120.8825147099991)]",2025-08-31 02:36:20,842.7976719026531,1,2.204296289321375,224.593927916533,17.932741312608112,52.242481131121316,25.184340945498565,3,3,3,1275,7,0.10856481481481481,25.184340945498565
34,0037,0,1,"[41.23694267996641, 118.34119627671825]","[np.float64(39.3547228231108), np.float64(115.7853521894979)]",2025-08-31 02:36:20,712.7959128775688,2,6.978466625920053,301.2852806284883,23.467045824402156,51.84962914062969,20.060720588956478,2,2,2,888,12,0.10856481481481481,20.60354466303055
35,0082,0,1,"[41.23694267996641, 118.34119627671825]","[np.float64(38.67095578523463), np.float64(117.4329344527677)]",2025-08-31 02:36:20,868.8145287731269,2,3.1033761351500835,295.6363452083589,23.07346967337613,53.215243502903704,17.940779281635493,3,3,3,532,6,0.10856481481481481,17.832214466820677
36,0104,0,1,"[41.23694267996641, 118.34119627671825]","[np.float64(41.4578170946094), np.float64(120.3535723628824)]",2025-08-31 02:36:20,350.2509033022107,1,5.980426071455659,169.76726413952332,13.745836032176955,52.401289859513284,12.817158925093404,1,1,1,508,12,0.10856481481481481,11.948640406574885
37,0107,0,1,"[41.23694267996641, 118.34119627671825]","[np.float64(39.78192937595332), np.float64(116.5988584284825)]",2025-08-31 02:36:20,385.64565055159244,1,3.606775838988556,218.78971033669666,17.497923706051743,51.955251185954765,9.56623916278813,4,4,3,678,5,0.10856481481481481,9.78336879241776
38,0122,0,1,"[41.23694267996641, 118.34119627671825]","[np.float64(40.16710283184663), np.float64(117.3064200020068)]",2025-08-31 02:36:20,944.6358145631588,2,3.8467630842974923,147.51253065306202,11.999863888685356,52.018874398073436,16.813479875872304,3,3,3,1015,3,0.10856481481481481,16.379220616613043
39,0128,0,1,"[41.23694267996641, 118.34119627671825]","[np.float64(39.02690133784861), np.float64(115.6374539933984)]",2025-08-31 02:36:20,534.8217967473581,1,6.932685438159177,336.4551870006967,25.864374039697427,52.00980049176108,22.813479875872304,1,1,1,869,9,0.10856481481481481,22.0535261721686
40,0185,0,1,"[41.23694267996641, 118.34119627671825]","[np.float64(38.79362786384549), np.float64(115.961478267299)]",2025-08-31 02:36:20,640.3049901696952,1,5.902138411915168,338.91255895640256,26.028414059340328,52.35237887486682,14.191699043940766,4,4,3,1053,7,0.10856481481481481,13.106050895792617
41,0011,1,1,"[40.639458221941204, 118.14790192320689]","[np.float64(41.91969639369898), np.float64(120.8825147099991)]",2025-08-31 02:36:30,842.7976719026531,1,2.204296289321375,269.20578216243746,21.20150142908466,52.259652226694726,24.184340945498565,3,3,3,1275,7,0.10868055555555556,24.51038261216523
42,0037,0,1,"[40.639458221941204, 118.14790192320689]","[np.float64(39.3547228231108), np.float64(115.7853521894979)]",2025-08-31 02:36:30,712.7959128775688,2,6.978466625920053,246.78412628747796,19.575219839809506,51.87155404786543,17.060720588956478,2,2,2,888,12,0.10868055555555556,17.4954428111787
43,0082,0,1,"[40.639458221941204, 118.14790192320689]","[np.float64(38.67095578523463), np.float64(117.4329344527677)]",2025-08-31 02:36:30,868.8145287731269,2,3.1033761351500835,227.28196176883537,18.133394895253158,53.2366766365192,12.940779281635493,3,3,3,532,6,0.10868055555555556,11.962654281635492
44,0104,0,1,"[40.639458221941204, 118.14790192320689]","[np.float64(41.4578170946094), np.float64(120.3535723628824)]",2025-08-31 02:36:30,350.2509033022107,1,5.980426071455659,206.12665723892584,16.542076306236737,52.41908591739575,12.817158925093404,1,1,1,508,12,0.10868055555555556,13.686603369537849
45,0107,0,1,"[40.639458221941204, 118.14790192320689]","[np.float64(39.78192937595332), np.float64(116.5988584284825)]",2025-08-31 02:36:30,385.64565055159244,1,3.606775838988556,162.4608548683849,13.175318168199073,51.976428187476394,16.56623916278813,4,4,3,678,5,0.10868055555555556,17.218322496121463
46,0122,0,1,"[40.639458221941204, 118.14790192320689]","[np.float64(40.16710283184663), np.float64(117.3064200020068)]",2025-08-31 02:36:30,944.6358145631588,2,3.8467630842974923,88.5185716390647,7.268735727711603,52.03938545615099,10.813479875872304,3,3,3,1015,3,0.10868055555555556,10.704799320316749
47,0128,0,1,"[40.639458221941204, 118.14790192320689]","[np.float64(39.02690133784861), np.float64(115.6374539933984)]",2025-08-31 02:36:30,534.8217967473581,1,6.932685438159177,279.44653959548936,21.932709496359916,52.03202934241488,19.813479875872304,1,1,1,869,9,0.10868055555555556,20.248202098094527
48,0185,0,1,"[40.639458221941204, 118.14790192320689]","[np.float64(38.79362786384549), np.float64(115.961478267299)]",2025-08-31 02:36:30,640.3049901696952,1,5.902138411915168,277.6483751286109,21.80485232655893,52.37458381985853,16.191699043940766,4,4,3,1053,7,0.10868055555555556,16.191699043940766
49,0011,1,1,"[40.04178934880841, 117.95731232460685]","[np.float64(41.91969639369898), np.float64(120.8825147099991)]",2025-08-31 02:36:40,842.7976719026531,1,2.204296289321375,322.2997776493504,24.910574995321397,52.27679600151146,21.184340945498565,3,3,3,1275,7,0.1087962962962963,20.096377982535603
50,0037,0,1,"[40.04178934880841, 117.95731232460685]","[np.float64(39.3547228231108), np.float64(115.7853521894979)]",2025-08-31 02:36:40,712.7959128775688,2,6.978466625920053,200.90815891580692,16.145361209824614,51.893455049439076,22.060720588956478,2,2,2,888,12,0.1087962962962963,22.169516885252776
51,0082,0,1,"[40.04178934880841, 117.95731232460685]","[np.float64(38.67095578523463), np.float64(117.4329344527677)]",2025-08-31 02:36:40,868.8145287731269,2,3.1033761351500835,158.9567259764856,12.900745802629174,53.25808244937802,15.940779281635493,3,3,3,532,6,0.1087962962962963,15.505594096450308
52,0104,0,1,"[40.04178934880841, 117.95731232460685]","[np.float64(41.4578170946094), np.float64(120.3535723628824)]",2025-08-31 02:36:40,350.2509033022107,1,5.980426071455659,255.98558634954264,20.24676395017796,52.43685465452154,9.817158925093404,1,1,1,508,12,0.1087962962962963,9.273177443611923
53,0107,0,1,"[40.04178934880841, 117.95731232460685]","[np.float64(39.78192937595332), np.float64(116.5988584284825)]",2025-08-31 02:36:40,385.64565055159244,1,3.606775838988556,119.41020840726749,9.762765778657839,51.99758128333592,11.56623916278813,4,4,3,678,5,0.1087962962962963,12.001424347973314
54,0122,0,1,"[40.04178934880841, 117.95731232460685]","[np.float64(40.16710283184663), np.float64(117.3064200020068)]",2025-08-31 02:36:40,944.6358145631588,2,3.8467630842974923,57.08496263125617,4.702277781064929,52.05987260856644,9.813479875872304,3,3,3,1015,3,0.1087962962962963,9.487090986983414
55,0128,0,1,"[40.04178934880841, 117.95731232460685]","[np.float64(39.02690133784861), np.float64(115.6374539933984)]",2025-08-31 02:36:40,534.8217967473581,1,6.932685438159177,228.71378296062267,18.240088771861778,52.054234287406594,17.813479875872304,1,1,1,869,9,0.1087962962962963,18.357461357353785
56,0185,0,1,"[40.04178934880841, 117.95731232460685]","[np.float64(38.79362786384549), np.float64(115.961478267299)]",2025-08-31 02:36:40,640.3049901696952,1,5.902138411915168,220.57154884347966,17.631632511537315,52.396764859188146,12.191699043940766,4,4,3,1053,7,0.1087962962962963,12.08290274764447
57,0011,1,1,"[39.4439394756626, 117.76931819789142]","[np.float64(41.91969639369898), np.float64(120.8825147099991)]",2025-08-31 02:36:50,842.7976719026531,1,2.204296289321375,380.3405780081265,28.724555725288496,52.293909040476926,19.184340945498565,3,3,3,1275,7,0.10891203703703704,19.83781316772079
58,0037,0,1,"[39.4439394756626, 117.76931819789142]","[np.float64(39.3547228231108), np.float64(115.7853521894979)]",2025-08-31 02:36:50,712.7959128775688,2,6.978466625920053,170.75720955094175,13.822924786369756,51.915332145350625,22.060720588956478,2,2,2,888,12,0.10891203703703704,22.932016885252775
59,0082,0,1,"[39.4439394756626, 117.76931819789142]","[np.float64(38.67095578523463), np.float64(117.4329344527677)]",2025-08-31 02:36:50,868.8145287731269,2,3.1033761351500835,90.72658015226091,7.44803585722763,53.27946435657474,20.940779281635493,3,3,3,532,6,0.10891203703703704,20.28730705941327
60,0104,0,1,"[39.4439394756626, 117.76931819789142]","[np.float64(41.4578170946094), np.float64(120.3535723628824)]",2025-08-31 02:36:50,350.2509033022107,1,5.980426071455659,312.9576356877254,24.272879895438454,52.454596070890645,15.817158925093404,1,1,1,508,12,0.10891203703703704,15.59933485101933
61,0107,0,1,"[39.4439394756626, 117.76931819789142]","[np.float64(39.78192937595332), np.float64(116.5988584284825)]",2025-08-31 02:36:50,385.64565055159244,1,3.606775838988556,107.07437990094662,8.770770877870646,52.01871047353335,12.56623916278813,4,4,3,678,5,0.10891203703703704,11.477118792417759
62,0122,0,1,"[39.4439394756626, 117.76931819789142]","[np.float64(40.16710283184663), np.float64(117.3064200020068)]",2025-08-31 02:36:50,944.6358145631588,2,3.8467630842974923,89.60814270191945,7.357231863732155,52.08033244022521,16.813479875872304,3,3,3,1015,3,0.10891203703703704,15.724359505501933
63,0128,0,1,"[39.4439394756626, 117.76931819789142]","[np.float64(39.02690133784861), np.float64(115.6374539933984)]",2025-08-31 02:36:50,534.8217967473581,1,6.932685438159177,189.370245913912,15.262612075656104,52.07641532673621,15.813479875872304,1,1,1,869,9,0.10891203703703704,16.35804006105749
64,0185,0,1,"[39.4439394756626, 117.76931819789142]","[np.float64(38.79362786384549), np.float64(115.961478267299)]",2025-08-31 02:36:50,640.3049901696952,1,5.902138411915168,171.90510447168913,13.912249463177895,52.418921992855665,19.191699043940766,4,4,3,1053,7,0.10891203703703704,18.864962932829656
65,0037,0,1,"[38.84591884778755, 117.58381026003387]","[np.float64(39.3547228231108), np.float64(115.7853521894979)]",2025-08-31 02:37:00,712.7959128775688,2,6.978466625920053,165.1800615298898,13.38796351547668,51.937185335600084,19.060720588956478,2,2,2,888,12,0.10902777777777778,17.9704428111787
66,0082,0,1,"[38.84591884778755, 117.58381026003387]","[np.float64(38.67095578523463), np.float64(117.4329344527677)]",2025-08-31 02:37:00,868.8145287731269,2,3.1033761351500835,23.44449733304085,1.934812850203246,53.30081894301479,17.940779281635493,3,3,3,532,6,0.10902777777777778,17.286612614968828
67,0104,0,1,"[38.84591884778755, 117.58381026003387]","[np.float64(41.4578170946094), np.float64(120.3535723628824)]",2025-08-31 02:37:00,350.2509033022107,1,5.980426071455659,373.80490282994094,28.307961589094756,52.47231016650307,11.817158925093404,1,1,1,508,12,0.10902777777777778,10.944936702871182
68,0107,0,1,"[38.84591884778755, 117.58381026003387]","[np.float64(39.78192937595332), np.float64(116.5988584284825)]",2025-08-31 02:37:00,385.64565055159244,1,3.606775838988556,134.20936471201938,10.94505290552585,52.0398157580687,17.56623916278813,4,4,3,678,5,0.10902777777777778,18.11137805167702
69,0122,0,1,"[38.84591884778755, 117.58381026003387]","[np.float64(40.16710283184663), np.float64(117.3064200020068)]",2025-08-31 02:37:00,944.6358145631588,2,3.8467630842974923,148.82397284918054,12.103414866040648,52.100771781316475,9.813479875872304,3,3,3,1015,3,0.10902777777777778,9.159313209205637
70,0128,0,1,"[38.84591884778755, 117.58381026003387]","[np.float64(39.02690133784861), np.float64(115.6374539933984)]",2025-08-31 02:37:00,534.8217967473581,1,6.932685438159177,169.5402764359539,13.728152944191718,52.09857246040373,19.813479875872304,1,1,1,869,9,0.10902777777777778,20.140563209205638
71,0185,0,1,"[38.84591884778755, 117.58381026003387]","[np.float64(38.79362786384549), np.float64(115.961478267299)]",2025-08-31 02:37:00,640.3049901696952,1,5.902138411915168,140.66828272599685,11.45816608054823,52.441055220861095,15.191699043940766,4,4,3,1053,7,0.10902777777777778,15.627810155051877
72,0037,0,1,"[38.247730880277835, 117.40069288838583]","[np.float64(39.3547228231108), np.float64(115.7853521894979)]",2025-08-31 02:37:10,712.7959128775688,2,6.978466625920053,186.3972722341466,15.03392812747994,51.95901803528203,15.060720588956478,2,2,2,888,12,0.10914351851851851,15.388151144512033
73,0082,0,1,"[38.247730880277835, 117.40069288838583]","[np.float64(38.67095578523463), np.float64(117.4329344527677)]",2025-08-31 02:37:10,868.8145287731269,2,3.1033761351500835,47.144186008211015,3.8861950909255554,53.32214962379274,14.940779281635493,3,3,3,532,6,0.10914351851851851,14.285918170524381
74,0107,0,1,"[38.247730880277835, 117.40069288838583]","[np.float64(39.78192937595332), np.float64(116.5988584284825)]",2025-08-31 02:37:10,385.64565055159244,1,3.606775838988556,184.12231571042173,14.85860416889989,52.06089713694194,17.56623916278813,4,4,3,678,5,0.10914351851851851,18.11195675538072
75,0122,0,1,"[38.247730880277835, 117.40069288838583]","[np.float64(40.16710283184663), np.float64(117.3064200020068)]",2025-08-31 02:37:10,944.6358145631588,2,3.8467630842974923,213.57919360075172,17.10580087116377,52.12118380165106,11.813479875872304,3,3,3,1015,3,0.10914351851851851,11.37690580179823
76,0128,0,1,"[38.247730880277835, 117.40069288838583]","[np.float64(39.02690133784861), np.float64(115.6374539933984)]",2025-08-31 02:37:10,534.8217967473581,1,6.932685438159177,175.95167355689483,14.22658537908086,52.12070568840916,17.813479875872304,1,1,1,869,9,0.10914351851851851,16.72204469068712
77,0185,0,1,"[38.247730880277835, 117.40069288838583]","[np.float64(38.79362786384549), np.float64(115.961478267299)]",2025-08-31 02:37:10,640.3049901696952,1,5.902138411915168,139.14347012428587,11.337195711389501,52.46316795829901,15.191699043940766,4,4,3,1053,7,0.10914351851851851,15.082555525422247
78,0037,0,1,"[37.6493892335118, 117.2198977810556]","[np.float64(39.3547228231108), np.float64(115.7853521894979)]",2025-08-31 02:37:20,712.7959128775688,2,6.978466625920053,227.01836667535414,18.11373857393115,51.98082341420729,20.060720588956478,2,2,2,888,12,0.10925925925925926,19.405165033400923
79,0054,0,1,"[37.6493892335118, 117.2198977810556]","[np.float64(34.61739668939556), np.float64(116.3428955214736)]",2025-08-31 02:37:20,2.9353718277299823,1,4.46186356977717,346.2146169383471,26.513155498205563,55.67082286802293,9.068078687398678,2,2,2,1008,8,0.10925925925925926,8.084745354065344
80,0082,0,1,"[37.6493892335118, 117.2198977810556]","[np.float64(38.67095578523463), np.float64(117.4329344527677)]",2025-08-31 02:37:20,868.8145287731269,2,3.1033761351500835,115.11000648384397,9.417601311521215,53.34345639890859,14.940779281635493,3,3,3,532,6,0.10925925925925926,14.831520022376234
81,0107,0,1,"[37.6493892335118, 117.2198977810556]","[np.float64(39.78192937595332), np.float64(116.5988584284825)]",2025-08-31 02:37:20,385.64565055159244,1,3.606775838988556,243.17063359336103,19.309948630411895,52.08195461015309,17.56623916278813,4,4,3,678,5,0.10925925925925926,18.440313236862202
82,0122,0,1,"[37.6493892335118, 117.2198977810556]","[np.float64(40.16710283184663), np.float64(117.3064200020068)]",2025-08-31 02:37:20,944.6358145631588,2,3.8467630842974923,280.057408941714,21.976092753466368,52.14156850122896,16.813479875872304,3,3,3,1015,3,0.10925925925925926,15.720887283279712
83,0128,0,1,"[37.6493892335118, 117.2198977810556]","[np.float64(39.02690133784861), np.float64(115.6374539933984)]",2025-08-31 02:37:20,534.8217967473581,1,6.932685438159177,206.17301328097298,16.545593095310238,52.142818425847075,21.813479875872304,1,1,1,869,9,0.10925925925925926,21.15792432031675
84,0185,0,1,"[37.6493892335118, 117.2198977810556]","[np.float64(38.79362786384549), np.float64(115.961478267299)]",2025-08-31 02:37:20,640.3049901696952,1,5.902138411915168,168.14350822521246,13.619281518979264,52.485253374980246,14.191699043940766,4,4,3,1053,7,0.10925925925925926,14.737995340237061
85,006,0,1,"[37.05089049239484, 117.04132931539478]","[np.float64(33.52130367124232), np.float64(116.8063769611798)]",2025-08-31 02:37:30,345.5115250472041,1,6.1364678572869265,393.051201900662,29.525315661136474,56.7268384155986,17.817158925093402,2,2,2,535,12,0.109375,18.364033925093402
86,0037,0,1,"[37.05089049239484, 117.04132931539478]","[np.float64(39.3547228231108), np.float64(115.7853521894979)]",2025-08-31 02:37:30,712.7959128775688,2,6.978466625920053,278.68476933738367,21.87857234241018,52.00260830256505,21.060720588956478,2,2,2,888,12,0.109375,20.076345588956478
87,0054,0,1,"[37.05089049239484, 117.04132931539478]","[np.float64(34.61739668939556), np.float64(116.3428955214736)]",2025-08-31 02:37:30,2.9353718277299823,1,4.46186356977717,277.81829543173444,21.81694418047606,55.69562328489925,6.068078687398678,2,2,2,1008,8,0.109375,7.052453687398678
88,0082,0,1,"[37.05089049239484, 117.04132931539478]","[np.float64(38.67095578523463), np.float64(117.4329344527677)]",2025-08-31 02:37:30,868.8145287731269,2,3.1033761351500835,183.3937543596924,14.802395765546516,53.36473585326777,18.940779281635493,3,3,3,532,6,0.109375,19.050154281635493
89,0093,0,1,"[37.05089049239484, 117.04132931539478]","[np.float64(35.78334880271958), np.float64(113.0968741963182)]",2025-08-31 02:37:30,384.6283131937728,1,7.0220675630181,380.01266399488264,28.703732421276257,52.94612721941603,18.060720588956478,4,4,3,1401,2,0.109375,17.185720588956478
90,0107,0,1,"[37.05089049239484, 117.04132931539478]","[np.float64(39.78192937595332), np.float64(116.5988584284825)]",2025-08-31 02:37:30,385.64565055159244,1,3.606775838988556,306.11375282796223,23.80160908488299,52.102988177702144,8.56623916278813,4,4,3,678,5,0.109375,7.472489162788129
91,0122,0,1,"[37.05089049239484, 117.04132931539478]","[np.float64(40.16710283184663), np.float64(117.3064200020068)]",2025-08-31 02:37:30,944.6358145631588,2,3.8467630842974923,347.271676714217,26.582991801381116,52.161932710239356,9.813479875872304,3,3,3,1015,3,0.109375,9.813479875872304
92,0128,0,1,"[37.05089049239484, 117.04132931539478]","[np.float64(39.02690133784861), np.float64(115.6374539933984)]",2025-08-31 02:37:30,534.8217967473581,1,6.932685438159177,251.77239287382088,19.939983111420837,52.16490384252831,18.813479875872304,1,1,1,869,9,0.109375,18.922854875872304
93,0185,0,1,"[37.05089049239484, 117.04132931539478]","[np.float64(38.79362786384549), np.float64(115.961478267299)]",2025-08-31 02:37:30,640.3049901696952,1,5.902138411915168,215.6895537802164,17.264819561364845,52.507314885999385,13.191699043940766,4,4,3,1053,7,0.109375,12.097949043940766
94,006,0,1,"[36.45224831730532, 116.86490552913335]","[np.float64(33.52130367124232), np.float64(116.8063769611798)]",2025-08-31 02:37:40,345.5115250472041,1,6.1364678572869265,325.9502256369817,25.157984919172396,56.75216475704101,10.817158925093404,2,2,2,535,12,0.10949074074074074,10.488686702871181
95,0037,0,1,"[36.45224831730532, 116.86490552913335]","[np.float64(39.3547228231108), np.float64(115.7853521894979)]",2025-08-31 02:37:40,712.7959128775688,2,6.978466625920053,336.344573418268,25.85697936695416,52.02436928526071,24.060720588956478,2,2,2,888,12,0.10949074074074074,24.060720588956478
96,0054,0,1,"[36.45224831730532, 116.86490552913335]","[np.float64(34.61739668939556), np.float64(116.3428955214736)]",2025-08-31 02:37:40,2.9353718277299823,1,4.46186356977717,209.42168712993083,16.79173234727306,55.72039979611347,7.068078687398678,2,2,2,1008,8,0.10949074074074074,7.944004613324604
97,0082,0,1,"[36.45224831730532, 116.86490552913335]","[np.float64(38.67095578523463), np.float64(117.4329344527677)]",2025-08-31 02:37:40,868.8145287731269,2,3.1033761351500835,251.73692785523374,19.937395656949754,53.38598798687026,12.940779281635493,3,3,3,532,6,0.10949074074074074,12.064853355709566
98,0093,0,1,"[36.45224831730532, 116.86490552913335]","[np.float64(35.78334880271958), np.float64(113.0968741963182)]",2025-08-31 02:37:40,384.6283131937728,1,7.0220675630181,346.5107714172123,26.532729982537735,52.97179507031694,23.060720588956478,4,4,3,1401,2,0.10949074074074074,23.717665033400923
99,0107,0,1,"[36.45224831730532, 116.86490552913335]","[np.float64(39.78192937595332), np.float64(116.5988584284825)]",2025-08-31 02:37:40,385.64565055159244,1,3.606775838988556,370.9744081730705,28.12652053032351,52.1239978395891,17.56623916278813,4,4,3,678,5,0.10949074074074074,17.23776694056591
100,0128,0,1,"[36.45224831730532, 116.86490552913335]","[np.float64(39.02690133784861), np.float64(115.6374539933984)]",2025-08-31 02:37:40,534.8217967473581,1,6.932685438159177,305.9498143963517,23.790277909628415,52.18696876864203,23.813479875872304,1,1,1,869,9,0.10949074074074074,23.703989135131565
101,0185,0,1,"[36.45224831730532, 116.86490552913335]","[np.float64(38.79362786384549), np.float64(115.961478267299)]",2025-08-31 02:37:40,640.3049901696952,1,5.902138411915168,272.23216776326325,21.418357696096574,52.529355906451016,20.191699043940766,4,4,3,1053,7,0.10949074074074074,19.2062823772741
102,006,0,1,"[35.85346612333781, 116.69054446000126]","[np.float64(33.52130367124232), np.float64(116.8063769611798)]",2025-08-31 02:37:50,345.5115250472041,1,6.1364678572869265,259.54110109892105,20.504717693275783,56.77746377772674,12.817158925093404,2,2,2,535,12,0.10960648148148149,12.59794596213044
103,0037,0,1,"[35.85346612333781, 116.69054446000126]","[np.float64(39.3547228231108), np.float64(115.7853521894979)]",2025-08-31 02:37:50,712.7959128775688,2,6.978466625920053,397.39810171015745,29.79630422557328,52.04610294719969,21.060720588956478,2,2,2,888,12,0.10960648148148149,20.293475218586106
104,0054,0,1,"[35.85346612333781, 116.69054446000126]","[np.float64(34.61739668939556), np.float64(116.3428955214736)]",2025-08-31 02:37:50,2.9353718277299823,1,4.46186356977717,141.02458803549465,11.486418536865708,55.74515240166559,15.068078687398678,2,2,2,1008,8,0.10960648148148149,15.835324057769048
105,0082,0,1,"[35.85346612333781, 116.69054446000126]","[np.float64(38.67095578523463), np.float64(117.4329344527677)]",2025-08-31 02:37:50,868.8145287731269,2,3.1033761351500835,320.1019520823504,24.761136178781292,53.40721962990525,18.940779281635493,3,3,3,532,6,0.10960648148148149,18.17353391126512
106,0093,0,1,"[35.85346612333781, 116.69054446000126]","[np.float64(35.78334880271958), np.float64(113.0968741963182)]",2025-08-31 02:37:50,384.6283131937728,1,7.0220675630181,324.1002923424272,25.03272999450814,52.99743901555575,25.060720588956478,4,4,3,1401,2,0.10960648148148149,24.293475218586106
107,0128,0,1,"[35.85346612333781, 116.69054446000126]","[np.float64(39.02690133784861), np.float64(115.6374539933984)]",2025-08-31 02:37:50,534.8217967473581,1,6.932685438159177,364.9049863792305,27.73537983887975,52.20900978909366,23.813479875872304,1,1,1,869,9,0.10960648148148149,23.155840986983414
108,0185,0,1,"[35.85346612333781, 116.69054446000126]","[np.float64(38.79362786384549), np.float64(115.961478267299)]",2025-08-31 02:37:50,640.3049901696952,1,5.902138411915168,333.22333000940824,25.647938774513804,52.55136960614597,19.191699043940766,4,4,3,1053,7,0.10960648148148149,18.314847192088912
109,006,0,1,"[35.254547325586906, 116.51817780610682]","[np.float64(33.52130367124232), np.float64(116.8063769611798)]",2025-08-31 02:38:00,345.5115250472041,1,6.1364678572869265,194.53378541061235,15.658611856296409,56.80273889275037,10.817158925093404,2,2,2,535,12,0.10972222222222222,9.939381147315625
110,0054,0,1,"[35.254547325586906, 116.51817780610682]","[np.float64(34.61739668939556), np.float64(116.3428955214736)]",2025-08-31 02:38:00,2.9353718277299823,1,4.46186356977717,72.62738931358143,5.974281011834706,55.769881101555626,9.068078687398678,2,2,2,1008,8,0.10972222222222222,9.836134242954234
111,0082,0,1,"[35.254547325586906, 116.51817780610682]","[np.float64(38.67095578523463), np.float64(117.4329344527677)]",2025-08-31 02:38:00,868.8145287731269,2,3.1033761351500835,388.47768460386504,29.23862392030891,53.42842395218355,11.940779281635493,3,3,3,532,6,0.10972222222222222,11.501890392746605
112,0093,0,1,"[35.254547325586906, 116.51817780610682]","[np.float64(35.78334880271958), np.float64(113.0968741963182)]",2025-08-31 02:38:00,384.6283131937728,1,7.0220675630181,315.15817741097936,24.42367342839053,53.02306247022705,24.060720588956478,4,4,3,1401,2,0.10972222222222222,23.402387255623143
113,0098,0,1,"[35.254547325586906, 116.51817780610682]","[np.float64(32.69628746891861), np.float64(119.6963530809259)]",2025-08-31 02:38:00,102.3550156718905,1,5.361257264226777,408.37126530741386,30.473884056567517,59.09831424637288,16.813479875872304,3,3,3,716,10,0.10972222222222222,17.03292432031675
114,0158,0,1,"[35.254547325586906, 116.51817780610682]","[np.float64(32.03152290944963), np.float64(117.6013326805834)]",2025-08-31 02:38:00,491.8244020313724,1,4.897678601440657,372.1382429924994,28.20119959677212,58.30681826497346,20.562560113567027,2,2,2,872,9,0.10972222222222222,19.68478233578925
115,0185,0,1,"[35.254547325586906, 116.51817780610682]","[np.float64(38.79362786384549), np.float64(115.961478267299)]",2025-08-31 02:38:00,640.3049901696952,1,5.902138411915168,396.6168929759599,29.747710767222856,52.57335940017882,19.191699043940766,4,4,3,1053,7,0.10972222222222222,19.8500323772741
116,0215,0,1,"[35.254547325586906, 116.51817780610682]","[np.float64(32.38286526110915), np.float64(114.5146323834331)]",2025-08-31 02:38:00,567.4688773057114,1,6.572210893460144,369.0578031453188,28.003311837046763,56.099260144090316,16.562560113567027,1,1,1,576,10,0.10972222222222222,17.550060113567028
117,0224,0,1,"[35.254547325586906, 116.51817780610682]","[np.float64(32.75045497784467), np.float64(113.3896982348645)]",2025-08-31 02:38:00,844.8502168837872,2,5.593412004144589,400.8259424698501,30.00896851662723,55.12773062145312,14.315319400482853,3,3,3,1089,5,0.10972222222222222,14.534763844927298
118,006,0,1,"[34.65549875424177, 116.34772360517998]","[np.float64(33.52130367124232), np.float64(116.8063769611798)]",2025-08-31 02:38:10,345.5115250472041,1,6.1364678572869265,133.00108312296604,10.848863654998771,56.827990102111904,12.817158925093404,2,2,2,535,12,0.10983796296296296,13.476186702871182
119,0054,0,1,"[34.65549875424177, 116.34772360517998]","[np.float64(34.61739668939556), np.float64(116.3428955214736)]",2025-08-31 02:38:10,2.9353718277299823,1,4.46186356977717,4.259726071808531,0.3516732865808444,55.79458589578356,9.068078687398678,2,2,2,1008,8,0.10983796296296296,9.177916650361642
120,0093,0,1,"[34.65549875424177, 116.34772360517998]","[np.float64(35.78334880271958), np.float64(113.0968741963182)]",2025-08-31 02:38:10,384.6283131937728,1,7.0220675630181,320.8130070757587,24.80952308404102,53.04866543433084,25.060720588956478,4,4,3,1401,2,0.10983796296296296,25.93942429266018
121,0098,0,1,"[34.65549875424177, 116.34772360517998]","[np.float64(32.69628746891861), np.float64(119.6963530809259)]",2025-08-31 02:38:10,102.3550156718905,1,5.361257264226777,378.7444286486491,28.623118481986992,59.122342851872986,24.813479875872304,3,3,3,716,10,0.10983796296296296,24.37412802402045
122,0158,0,1,"[34.65549875424177, 116.34772360517998]","[np.float64(32.03152290944963), np.float64(117.6013326805834)]",2025-08-31 02:38:10,491.8244020313724,1,4.897678601440657,314.1439923782817,24.354220373595147,58.33273200268449,17.562560113567027,2,2,2,872,9,0.10983796296296296,18.44126381727073
123,0215,0,1,"[34.65549875424177, 116.34772360517998]","[np.float64(32.38286526110915), np.float64(114.5146323834331)]",2025-08-31 02:38:10,567.4688773057114,1,6.572210893460144,304.5129879326584,23.690882129313184,56.12663554228373,25.562560113567027,1,1,1,576,10,0.10983796296296296,26.00191196541888
124,0224,0,1,"[34.65549875424177, 116.34772360517998]","[np.float64(32.75045497784467), np.float64(113.3896982348645)]",2025-08-31 02:38:10,844.8502168837872,2,5.593412004144589,346.0166575643785,26.500067548491714,55.1553860574025,10.315319400482853,3,3,3,1089,5,0.10983796296296296,9.656291622705075
125,006,0,1,"[34.056327239491566, 116.1791272157074]","[np.float64(33.52130367124232), np.float64(116.8063769611798)]",2025-08-31 02:38:20,345.5115250472041,1,6.1364678572869265,83.06216688666353,6.825044016966042,56.85321399071676,12.817158925093404,2,2,2,535,12,0.1099537037037037,12.927112628797108
126,0054,0,1,"[34.056327239491566, 116.1791272157074]","[np.float64(34.61739668939556), np.float64(116.3428955214736)]",2025-08-31 02:38:20,2.9353718277299823,1,4.46186356977717,64.17464521274913,5.283154878534737,55.8192667843494,14.068078687398678,2,2,2,1008,8,0.1099537037037037,15.057662020732012
127,0093,0,1,"[34.056327239491566, 116.1791272157074]","[np.float64(35.78334880271958), np.float64(113.0968741963182)]",2025-08-31 02:38:20,384.6283131937728,1,7.0220675630181,340.34011876543263,26.12349973881284,53.074247907867125,21.060720588956478,4,4,3,1401,2,0.1099537037037037,20.29104466303055
128,0098,0,1,"[34.056327239491566, 116.1791272157074]","[np.float64(32.69628746891861), np.float64(119.6963530809259)]",2025-08-31 02:38:20,102.3550156718905,1,5.361257264226777,359.880600974239,27.40944597436226,59.146344136616406,20.813479875872304,3,3,3,716,10,0.1099537037037037,21.363248394390823
129,0158,0,1,"[34.056327239491566, 116.1791272157074]","[np.float64(32.03152290944963), np.float64(117.6013326805834)]",2025-08-31 02:38:20,491.8244020313724,1,4.897678601440657,261.26677973154545,20.629604551866844,58.35862524982801,22.562560113567027,2,2,2,872,9,0.1099537037037037,22.122745298752214
130,0215,0,1,"[34.056327239491566, 116.1791272157074]","[np.float64(32.38286526110915), np.float64(114.5146323834331)]",2025-08-31 02:38:20,567.4688773057114,1,6.572210893460144,242.06620744180896,19.22869864665171,56.153987034815046,20.562560113567027,1,1,1,576,10,0.1099537037037037,20.452606409863325
131,0224,0,1,"[34.056327239491566, 116.1791272157074]","[np.float64(32.75045497784467), np.float64(113.3896982348645)]",2025-08-31 02:38:20,844.8502168837872,2,5.593412004144589,296.8530660749391,23.158438164301593,55.18302100278437,15.315319400482853,3,3,3,1089,5,0.1099537037037037,14.875504585668038
132,006,0,1,"[33.45703619643089, 116.01232033579734]","[np.float64(33.52130367124232), np.float64(116.8063769611798)]",2025-08-31 02:38:30,345.5115250472041,1,6.1364678572869265,73.98307709502689,6.084969914236284,56.87841397365953,19.817158925093402,2,2,2,535,12,0.11006944444444444,19.156742258426736
133,0054,0,1,"[33.45703619643089, 116.01232033579734]","[np.float64(34.61739668939556), np.float64(116.3428955214736)]",2025-08-31 02:38:30,2.9353718277299823,1,4.46186356977717,132.57294065090784,10.814765071929724,55.84392035215856,8.068078687398678,2,2,2,1008,8,0.11006944444444444,8.068078687398678
134,0093,0,1,"[33.45703619643089, 116.01232033579734]","[np.float64(35.78334880271958), np.float64(113.0968741963182)]",2025-08-31 02:38:30,384.6283131937728,1,7.0220675630181,371.5595632195563,28.164080838651547,53.0998098908359,18.060720588956478,4,4,3,1401,2,0.11006944444444444,18.500998366734255
135,0098,0,1,"[33.45703619643089, 116.01232033579734]","[np.float64(32.69628746891861), np.float64(119.6963530809259)]",2025-08-31 02:38:30,102.3550156718905,1,5.361257264226777,353.5064005707977,26.99316600301188,59.17031127041398,24.813479875872304,3,3,3,716,10,0.11006944444444444,24.70341043142786
136,0158,0,1,"[33.45703619643089, 116.01232033579734]","[np.float64(32.03152290944963), np.float64(117.6013326805834)]",2025-08-31 02:38:30,491.8244020313724,1,4.897678601440657,217.27472810095873,17.38408472362108,58.38448434602567,23.562560113567027,2,2,2,872,9,0.11006944444444444,23.672629558011472
137,0215,0,1,"[33.45703619643089, 116.01232033579734]","[np.float64(32.38286526110915), np.float64(114.5146323834331)]",2025-08-31 02:38:30,567.4688773057114,1,6.572210893460144,183.86829322188368,14.839009686681784,56.181318036778855,16.562560113567027,1,1,1,576,10,0.11006944444444444,16.012212891344806
138,0224,0,1,"[33.45703619643089, 116.01232033579734]","[np.float64(32.75045497784467), np.float64(113.3896982348645)]",2025-08-31 02:38:30,844.8502168837872,2,5.593412004144589,256.6017854700444,20.291531146767554,55.21063887269332,12.315319400482853,3,3,3,1089,5,0.11006944444444444,12.645527733816186
139,006,0,1,"[32.85763245524892, 115.84722100317978]","[np.float64(33.52130367124232), np.float64(116.8063769611798)]",2025-08-31 02:38:40,345.5115250472041,1,6.1364678572869265,115.81063429615581,9.473886370296894,56.90359005094019,17.817158925093402,2,2,2,535,12,0.11018518518518519,17.706973739908218
140,0054,0,1,"[32.85763245524892, 115.84722100317978]","[np.float64(34.61739668939556), np.float64(116.3428955214736)]",2025-08-31 02:38:40,2.9353718277299823,1,4.46186356977717,200.97249562165953,16.150261926461233,55.868553429400215,14.068078687398678,2,2,2,1008,8,0.11018518518518519,14.839374983694974
141,0098,0,1,"[32.85763245524892, 115.84722100317978]","[np.float64(32.69628746891861), np.float64(119.6963530809259)]",2025-08-31 02:38:40,102.3550156718905,1,5.361257264226777,360.2864065537716,27.43584260340432,59.19425108345488,25.813479875872304,3,3,3,716,10,0.11018518518518519,24.821813209205636
142,0152,0,1,"[32.85763245524892, 115.84722100317978]","[np.float64(29.27507257923314), np.float64(116.4343897648193)]",2025-08-31 02:38:40,629.1211033412678,1,3.3142101991040214,402.2669076823556,30.09809539650339,59.43058245892649,20.06439963817758,3,3,3,1000,3,0.11018518518518519,19.40328852706647
143,0158,0,1,"[32.85763245524892, 115.84722100317978]","[np.float64(32.03152290944963), np.float64(117.6013326805834)]",2025-08-31 02:38:40,491.8244020313724,1,4.897678601440657,188.49624993672202,15.19543480634519,58.410329781845,19.562560113567027,2,2,2,872,9,0.11018518518518519,20.44404159504851
144,0215,0,1,"[32.85763245524892, 115.84722100317978]","[np.float64(32.38286526110915), np.float64(114.5146323834331)]",2025-08-31 02:38:40,567.4688773057114,1,6.572210893460144,135.50879350556465,11.048428560079932,56.20862513308057,23.562560113567027,1,1,1,576,10,0.11018518518518519,24.113486039492955
145,0224,0,1,"[32.85763245524892, 115.84722100317978]","[np.float64(32.75045497784467), np.float64(113.3896982348645)]",2025-08-31 02:38:40,844.8502168837872,2,5.593412004144589,229.9902592196491,18.335096671632243,55.23823283694017,6.315319400482853,3,3,3,1089,5,0.11018518518518519,7.30698606714952
146,006,0,1,"[32.25811601594563, 115.68378823671972]","[np.float64(33.52130367124232), np.float64(116.8063769611798)]",2025-08-31 02:38:50,345.5115250472041,1,6.1364678572869265,175.25686694255077,14.172674656756822,56.92874222255876,10.817158925093404,2,2,2,535,12,0.11030092592592593,10.3759552213897
147,0054,0,1,"[32.25811601594563, 115.68378823671972]","[np.float64(34.61739668939556), np.float64(116.3428955214736)]",2025-08-31 02:38:50,2.9353718277299823,1,4.46186356977717,269.3727519220159,21.213482357212794,55.89315918588518,14.068078687398678,2,2,2,1008,8,0.11030092592592593,14.28868053925053
148,0098,0,1,"[32.25811601594563, 115.68378823671972]","[np.float64(32.69628746891861), np.float64(119.6963530809259)]",2025-08-31 02:38:50,102.3550156718905,1,5.361257264226777,379.51394059327106,28.672046428876357,59.21815674554992,19.813479875872304,3,3,3,716,10,0.11030092592592593,19.04137339439082
149,0152,0,1,"[32.25811601594563, 115.68378823671972]","[np.float64(29.27507257923314), np.float64(116.4343897648193)]",2025-08-31 02:38:50,629.1211033412678,1,3.3142101991040214,339.3605250029804,26.058268425056003,59.459262423251374,21.06439963817758,3,3,3,1000,3,0.11030092592592593,21.946807045584986
150,0158,0,1,"[32.25811601594563, 115.68378823671972]","[np.float64(32.03152290944963), np.float64(117.6013326805834)]",2025-08-31 02:38:50,491.8244020313724,1,4.897678601440657,182.28304575832226,14.716648675240885,58.436141066718484,19.562560113567027,2,2,2,872,9,0.11030092592592593,19.121356409863324
151,0215,0,1,"[32.25811601594563, 115.68378823671972]","[np.float64(32.38286526110915), np.float64(114.5146323834331)]",2025-08-31 02:38:50,567.4688773057114,1,6.572210893460144,110.73456308837164,9.065688170188151,56.235911738814764,25.562560113567027,1,1,1,576,10,0.11030092592592593,26.444967520974433
152,0224,0,1,"[32.25811601594563, 115.68378823671972]","[np.float64(32.75045497784467), np.float64(113.3896982348645)]",2025-08-31 02:38:50,844.8502168837872,2,5.593412004144589,221.9827614406265,17.737389131068728,55.2658097257141,12.315319400482853,3,3,3,1089,5,0.11030092592592593,11.432911993075445
153,006,0,1,"[31.65849370871021, 115.52195373452544]","[np.float64(33.52130367124232), np.float64(116.8063769611798)]",2025-08-31 02:39:00,345.5115250472041,1,6.1364678572869265,239.54597334245796,19.042990126177404,56.95386707342065,11.817158925093404,2,2,2,535,12,0.11041666666666666,12.810908925093404
154,0054,0,1,"[31.65849370871021, 115.52195373452544]","[np.float64(34.61739668939556), np.float64(116.3428955214736)]",2025-08-31 02:39:00,2.9353718277299823,1,4.46186356977717,337.77349469162664,25.952433507308424,55.91774103670806,13.068078687398678,2,2,2,1008,8,0.11041666666666666,12.847245354065345
155,0152,0,1,"[31.65849370871021, 115.52195373452544]","[np.float64(29.27507257923314), np.float64(116.4343897648193)]",2025-08-31 02:39:00,629.1211033412678,1,3.3142101991040214,279.0756140148452,21.90635385897836,59.487921897008746,22.06439963817758,3,3,3,1000,3,0.11041666666666666,20.960232971510912
156,0158,0,1,"[31.65849370871021, 115.52195373452544]","[np.float64(32.03152290944963), np.float64(117.6013326805834)]",2025-08-31 02:39:00,491.8244020313724,1,4.897678601440657,200.74199344665834,16.132702773155327,58.46192503083528,16.562560113567027,2,2,2,872,9,0.11041666666666666,16.783393446900362
157,0215,0,1,"[31.65849370871021, 115.52195373452544]","[np.float64(32.38286526110915), np.float64(114.5146323834331)]",2025-08-31 02:39:00,567.4688773057114,1,6.572210893460144,124.52426938025151,10.172324870135565,56.26317785398145,24.562560113567027,1,1,1,576,10,0.11041666666666666,25.22506011356703
158,0224,0,1,"[31.65849370871021, 115.52195373452544]","[np.float64(32.75045497784467), np.float64(113.3896982348645)]",2025-08-31 02:39:00,844.8502168837872,2,5.593412004144589,234.49340908901246,18.66942994713438,55.293366123920514,14.315319400482853,3,3,3,1089,5,0.11041666666666666,13.211152733816187
159,006,0,1,"[31.058772363731826, 115.36166285508358]","[np.float64(33.52130367124232), np.float64(116.8063769611798)]",2025-08-31 02:39:10,345.5115250472041,1,6.1364678572869265,305.63677173761516,23.768635387549665,56.97896801862045,15.817158925093404,2,2,2,535,12,0.11053240740740741,15.264496888056367
160,0054,0,1,"[31.058772363731826, 115.36166285508358]","[np.float64(34.61739668939556), np.float64(116.3428955214736)]",2025-08-31 02:39:10,2.9353718277299823,1,4.46186356977717,406.1743240273068,30.338970371695524,55.94229898186884,15.068078687398678,2,2,2,1008,8,0.11053240740740741,15.178611094806085
161,0102,0,1,"[31.058772363731826, 115.36166285508358]","[np.float64(27.92146177036109), np.float64(113.4330506197421)]",2025-08-31 02:39:10,434.53994922975073,1,2.85872308676236,395.6334426874176,29.686470253721474,58.13626161120907,12.817158925093404,1,1,1,535,12,0.11053240740740741,13.36982096213044
162,0152,0,1,"[31.058772363731826, 115.36166285508358]","[np.float64(29.27507257923314), np.float64(116.4343897648193)]",2025-08-31 02:39:10,629.1211033412678,1,3.3142101991040214,223.54326578763033,17.854188470556753,59.51656088019861,21.06439963817758,3,3,3,1000,3,0.11053240740740741,21.06439963817758
163,0158,0,1,"[31.058772363731826, 115.36166285508358]","[np.float64(32.03152290944963), np.float64(117.6013326805834)]",2025-08-31 02:39:10,491.8244020313724,1,4.897678601440657,238.2042430167477,18.94395199056871,58.487688504384565,18.562560113567027,2,2,2,872,9,0.11053240740740741,17.788833261715176
164,0215,0,1,"[31.058772363731826, 115.36166285508358]","[np.float64(32.38286526110915), np.float64(114.5146323834331)]",2025-08-31 02:39:10,567.4688773057114,1,6.572210893460144,167.6168325399583,13.578203574888594,56.290423478580635,18.562560113567027,1,1,1,576,10,0.11053240740740741,19.446819372826287
165,0224,0,1,"[31.058772363731826, 115.36166285508358]","[np.float64(32.75045497784467), np.float64(113.3896982348645)]",2025-08-31 02:39:10,844.8502168837872,2,5.593412004144589,264.62895962528756,20.87233621105753,55.32089861646484,9.315319400482853,3,3,3,1089,5,0.11053240740740741,10.089046252334704
166,006,0,1,"[30.45895198101048, 115.20286095688078]","[np.float64(33.52130367124232), np.float64(116.8063769611798)]",2025-08-31 02:39:20,345.5115250472041,1,6.1364678572869265,372.57193351426,28.22900128926435,57.004045058158155,18.817158925093402,2,2,2,535,12,0.11064814814814815,19.48104781398229
167,0102,0,1,"[30.45895198101048, 115.20286095688078]","[np.float64(27.92146177036109), np.float64(113.4330506197421)]",2025-08-31 02:39:20,434.53994922975073,1,2.85872308676236,330.33078014840976,25.4535583892971,58.16738678325682,8.817158925093404,1,1,1,535,12,0.11064814814814815,7.931973739908218
168,0152,0,1,"[30.45895198101048, 115.20286095688078]","[np.float64(29.27507257923314), np.float64(116.4343897648193)]",2025-08-31 02:39:20,629.1211033412678,1,3.3142101991040214,177.28628311214516,14.33006684956775,59.54517937282096,22.06439963817758,3,3,3,1000,3,0.11064814814814815,22.06439963817758
169,0158,0,1,"[30.45895198101048, 115.20286095688078]","[np.float64(32.03152290944963), np.float64(117.6013326805834)]",2025-08-31 02:39:20,491.8244020313724,1,4.897678601440657,287.3303114719961,22.490563592298642,58.513424657177175,23.562560113567027,2,2,2,872,9,0.11064814814814815,24.115800854307768
170,0215,0,1,"[30.45895198101048, 115.20286095688078]","[np.float64(32.38286526110915), np.float64(114.5146323834331)]",2025-08-31 02:39:20,567.4688773057114,1,6.572210893460144,223.67360764015305,17.86393726719202,56.31764519751772,23.562560113567027,1,1,1,576,10,0.11064814814814815,23.009319372826287
171,0224,0,1,"[30.45895198101048, 115.20286095688078]","[np.float64(32.75045497784467), np.float64(113.3896982348645)]",2025-08-31 02:39:20,844.8502168837872,2,5.593412004144589,307.24741430207985,23.87991193074461,55.34841403353623,13.315319400482853,3,3,3,1089,5,0.11064814814814815,12.983374956038409
172,0102,0,1,"[29.859039390735333, 115.04549339840369]","[np.float64(27.92146177036109), np.float64(113.4330506197421)]",2025-08-31 02:39:30,434.53994922975073,1,2.85872308676236,266.5646663458704,21.011729768927285,58.19849146473706,17.817158925093402,1,1,1,535,12,0.11076388888888888,17.04181170287118
173,0152,0,1,"[29.859039390735333, 115.04549339840369]","[np.float64(29.27507257923314), np.float64(116.4343897648193)]",2025-08-31 02:39:30,629.1211033412678,1,3.3142101991040214,149.19702784130587,12.132856519457585,59.57377054468664,25.06439963817758,3,3,3,1000,3,0.11076388888888888,24.732107971510914
174,0158,0,1,"[29.859039390735333, 115.04549339840369]","[np.float64(32.03152290944963), np.float64(117.6013326805834)]",2025-08-31 02:39:30,491.8244020313724,1,4.897678601440657,343.1464416385683,26.309970305606377,58.53913348921311,23.562560113567027,2,2,2,872,9,0.11076388888888888,24.33790733578925
175,0215,0,1,"[29.859039390735333, 115.04549339840369]","[np.float64(32.38286526110915), np.float64(114.5146323834331)]",2025-08-31 02:39:30,567.4688773057114,1,6.572210893460144,285.1489304080115,22.336653774224942,56.3448464258873,20.562560113567027,1,1,1,576,10,0.11076388888888888,20.34103233578925
176,0224,0,1,"[29.859039390735333, 115.04549339840369]","[np.float64(32.75045497784467), np.float64(113.3896982348645)]",2025-08-31 02:39:30,844.8502168837872,2,5.593412004144589,357.91748464103995,27.2815720769167,55.37590896004012,9.315319400482853,3,3,3,1089,5,0.11076388888888888,9.979902733816186
177,0102,0,1,"[29.259038008000978, 114.88950553813895]","[np.float64(27.92146177036109), np.float64(113.4330506197421)]",2025-08-31 02:39:40,434.53994922975073,1,2.85872308676236,205.769067996545,16.51494358305556,58.22957565564979,16.817158925093402,1,1,1,535,12,0.11087962962962963,15.708362628797106
178,0152,0,1,"[29.259038008000978, 114.88950553813895]","[np.float64(29.27507257923314), np.float64(116.4343897648193)]",2025-08-31 02:39:40,629.1211033412678,1,3.3142101991040214,149.86497304708172,12.185554774795074,59.6023412259848,20.06439963817758,3,3,3,1000,3,0.11087962962962963,21.062316304844245
179,0158,0,1,"[29.259038008000978, 114.88950553813895]","[np.float64(32.03152290944963), np.float64(117.6013326805834)]",2025-08-31 02:39:40,491.8244020313724,1,4.897678601440657,402.88152400207264,30.136061963808515,58.564821830681524,16.562560113567027,2,2,2,872,9,0.11087962962962963,16.00816196541888
180,0215,0,1,"[29.259038008000978, 114.88950553813895]","[np.float64(32.38286526110915), np.float64(114.5146323834331)]",2025-08-31 02:39:40,567.4688773057114,1,6.572210893460144,349.192982981339,26.70970799256301,56.37202716368936,17.562560113567027,1,1,1,576,10,0.11087962962962963,18.449597150604063
181,0102,0,1,"[28.658947832807414, 114.7348563949515]","[np.float64(27.92146177036109), np.float64(113.4330506197421)]",2025-08-31 02:39:50,434.53994922975073,1,2.85872308676236,151.5634044191773,12.319459915747917,58.260646186184175,12.817158925093404,1,1,1,535,12,0.11099537037037037,13.261140406574885
182,0152,0,1,"[28.658947832807414, 114.7348563949515]","[np.float64(29.27507257923314), np.float64(116.4343897648193)]",2025-08-31 02:39:50,629.1211033412678,1,3.3142101991040214,178.96746039289866,14.460284260063096,59.63089141671545,24.06439963817758,3,3,3,1000,3,0.11099537037037037,23.065441304844246
183,0102,0,1,"[28.0587774028911, 114.58149815751722]","[np.float64(27.92146177036109), np.float64(113.4330506197421)]",2025-08-31 02:40:00,434.53994922975073,1,2.85872308676236,113.7928425049204,9.311737119728802,58.29169622615105,17.817158925093402,1,1,1,535,12,0.1111111111111111,18.59493670287118
184,0152,0,1,"[28.0587774028911, 114.58149815751722]","[np.float64(29.27507257923314), np.float64(116.4343897648193)]",2025-08-31 02:40:00,629.1211033412678,1,3.3142101991040214,225.76329844401346,18.02008749743858,59.659414286689426,20.06439963817758,3,3,3,1000,3,0.1111111111111111,18.95328852706647
185,0102,0,1,"[27.45852842579933, 114.42938301451186]","[np.float64(27.92146177036109), np.float64(113.4330506197421)]",2025-08-31 02:40:10,434.53994922975073,1,2.85872308676236,110.78402320771345,9.069670113311803,58.32272577555042,13.817158925093404,1,1,1,535,12,0.11122685185185185,12.704890406574885
186,0152,0,1,"[27.45852842579933, 114.42938301451186]","[np.float64(29.27507257923314), np.float64(116.4343897648193)]",2025-08-31 02:40:10,629.1211033412678,1,3.3142101991040214,281.5643724188509,22.083002256574037,59.68791666609589,17.06439963817758,3,3,3,1000,3,0.11122685185185185,17.509307045584986
187,0057,0,1,"[26.8582026090794, 114.27846315461126]","[np.float64(23.51596130746474), np.float64(114.6046505667156)]",2025-08-31 02:40:20,921.6499017033896,2,4.4507897999324335,373.0866616273855,28.261979102018806,61.471552265953015,14.315319400482853,1,1,1,618,5,0.11134259259259259,14.315319400482853
188,0100,0,1,"[26.8582026090794, 114.27846315461126]","[np.float64(23.90026569267277), np.float64(113.3390769456514)]",2025-08-31 02:40:20,459.4555587913537,1,7.493562518106076,342.1748771112944,26.245480809937092,60.26483542453018,15.068078687398678,3,3,3,1288,14,0.11134259259259259,15.736134242954234
189,0102,0,1,"[26.8582026090794, 114.27846315461126]","[np.float64(27.92146177036109), np.float64(113.4330506197421)]",2025-08-31 02:40:20,434.53994922975073,1,2.85872308676236,144.72235688319125,11.779288665723419,58.353741664571444,8.817158925093404,1,1,1,535,12,0.11134259259259259,7.8150755917600705
190,0103,0,1,"[26.8582026090794, 114.27846315461126]","[np.float64(23.33588925796901), np.float64(113.9363072185249)]",2025-08-31 02:40:20,226.73158309701464,1,6.269674417086625,393.1756612987215,29.533094840178293,61.00574019474732,17.311640351261754,4,4,3,1135,9,0.11134259259259259,16.420899610521015
191,0152,0,1,"[26.8582026090794, 114.27846315461126]","[np.float64(29.27507257923314), np.float64(116.4343897648193)]",2025-08-31 02:40:20,629.1211033412678,1,3.3142101991040214,341.99070436924615,26.233247903451026,59.71639172474567,16.06439963817758,3,3,3,1000,3,0.11134259259259259,16.621112601140542
192,0057,0,1,"[26.257805075373184, 114.1286975966804]","[np.float64(23.51596130746474), np.float64(114.6046505667156)]",2025-08-31 02:40:30,921.6499017033896,2,4.4507897999324335,308.6352082519571,23.97563904620504,61.505443664614624,20.315319400482853,1,1,1,618,5,0.11145833333333334,19.758027733816185
193,0100,0,1,"[26.257805075373184, 114.1286975966804]","[np.float64(23.90026569267277), np.float64(113.3390769456514)]",2025-08-31 02:40:30,459.4555587913537,1,7.493562518106076,273.9407948830909,21.540506376372807,60.298883917542696,11.068078687398678,3,3,3,1288,14,0.11145833333333334,10.399328687398679
194,0102,0,1,"[26.257805075373184, 114.1286975966804]","[np.float64(27.92146177036109), np.float64(113.4330506197421)]",2025-08-31 02:40:30,434.53994922975073,1,2.85872308676236,197.39165164092725,15.877130769317993,58.384737063024964,12.817158925093404,1,1,1,535,12,0.11145833333333334,12.259867258426738
195,0103,0,1,"[26.257805075373184, 114.1286975966804]","[np.float64(23.33588925796901), np.float64(113.9363072185249)]",2025-08-31 02:40:30,226.73158309701464,1,6.269674417086625,325.48236115303627,25.126331075104677,61.04000725381327,11.311640351261754,4,4,3,1135,9,0.11145833333333334,10.642890351261755
196,0152,0,1,"[26.257805075373184, 114.1286975966804]","[np.float64(29.27507257923314), np.float64(116.4343897648193)]",2025-08-31 02:40:30,629.1211033412678,1,3.3142101991040214,404.97669420409085,30.265267147749373,59.744846292827944,20.06439963817758,3,3,3,1000,3,0.11145833333333334,19.39564963817758
197,0057,0,1,"[25.657337532227977, 113.9800521897734]","[np.float64(23.51596130746474), np.float64(114.6046505667156)]",2025-08-31 02:40:40,921.6499017033896,2,4.4507897999324335,246.34211293096183,19.542817655321276,61.539328233087055,23.315319400482853,1,1,1,618,5,0.11157407407407408,23.20374532640878
198,0100,0,1,"[25.657337532227977, 113.9800521897734]","[np.float64(23.90026569267277), np.float64(113.3390769456514)]",2025-08-31 02:40:40,459.4555587913537,1,7.493562518106076,205.8141840948979,16.518367268005342,60.33291875017687,13.068078687398678,3,3,3,1288,14,0.11157407407407408,13.737523131843123
199,0102,0,1,"[25.657337532227977, 113.9800521897734]","[np.float64(27.92146177036109), np.float64(113.4330506197421)]",2025-08-31 02:40:40,434.53994922975073,1,2.85872308676236,257.54644161785166,20.360110718747638,58.41571880110014,12.817158925093404,1,1,1,535,12,0.11157407407407408,13.151881147315626
200,0103,0,1,"[25.657337532227977, 113.9800521897734]","[np.float64(23.33588925796901), np.float64(113.9363072185249)]",2025-08-31 02:40:40,226.73158309701464,1,6.269674417086625,258.17157490157257,20.40546030240288,61.07425382231172,17.311640351261754,4,4,3,1135,9,0.11157407407407408,17.646362573483977
201,0210,0,1,"[25.657337532227977, 113.9800521897734]","[np.float64(22.6449614889553), np.float64(113.2515469786561)]",2025-08-31 02:40:40,370.9775234141369,1,5.582248681008104,343.01696670339595,26.30138029349091,60.80212542540007,16.562560113567027,3,3,3,704,7,0.11157407407407408,17.45515270615962
202,0057,0,1,"[25.05680339473836, 113.83247229237693]","[np.float64(23.51596130746474), np.float64(114.6046505667156)]",2025-08-31 02:40:50,921.6499017033896,2,4.4507897999324335,188.36124123400077,15.185053916899552,61.57319231099198,17.315319400482853,1,1,1,618,5,0.11168981481481481,16.198421252334704
203,0100,0,1,"[25.05680339473836, 113.83247229237693]","[np.float64(23.90026569267277), np.float64(113.3390769456514)]",2025-08-31 02:40:50,459.4555587913537,1,7.493562518106076,137.95414366748142,11.242769791513497,60.36693992243271,11.068078687398678,3,3,3,1288,14,0.11168981481481481,10.733009242954234
204,0102,0,1,"[25.05680339473836, 113.83247229237693]","[np.float64(27.92146177036109), np.float64(113.4330506197421)]",2025-08-31 02:40:50,434.53994922975073,1,2.85872308676236,321.00578467180463,24.82263499089324,58.44668004860781,9.817158925093404,1,1,1,535,12,0.11168981481481481,9.482089480648959
205,0103,0,1,"[25.05680339473836, 113.83247229237693]","[np.float64(23.33588925796901), np.float64(113.9363072185249)]",2025-08-31 02:40:50,226.73158309701464,1,6.269674417086625,191.64674671222704,15.437386955352537,61.10849356062099,15.311640351261754,4,4,3,1135,9,0.11168981481481481,14.30643201792842
206,0210,0,1,"[25.05680339473836, 113.83247229237693]","[np.float64(22.6449614889553), np.float64(113.2515469786561)]",2025-08-31 02:40:50,370.9775234141369,1,5.582248681008104,274.6138205448781,21.588564248560736,60.83708233357219,21.562560113567027,3,3,3,704,7,0.11168981481481481,20.66904159504851
207,0057,0,1,"[24.45620607799892, 113.68593058373432]","[np.float64(23.51596130746474), np.float64(114.6046505667156)]",2025-08-31 02:41:00,921.6499017033896,2,4.4507897999324335,140.1497777045246,11.417042262286738,61.607042728518564,15.315319400482853,1,1,1,618,5,0.11180555555555556,15.427124956038408
208,0100,0,1,"[24.45620607799892, 113.68593058373432]","[np.float64(23.90026569267277), np.float64(113.3390769456514)]",2025-08-31 02:41:00,459.4555587913537,1,7.493562518106076,71.12956813325387,5.85193520290278,60.4009474343102,11.068078687398678,3,3,3,1288,14,0.11180555555555556,11.179884242954234
209,0102,0,1,"[24.45620607799892, 113.68593058373432]","[np.float64(27.92146177036109), np.float64(113.4330506197421)]",2025-08-31 02:41:00,434.53994922975073,1,2.85872308676236,386.1442453203561,29.09172960449594,58.477627635737136,12.817158925093404,1,1,1,535,12,0.11180555555555556,13.487992258426736
210,0103,0,1,"[24.45620607799892, 113.68593058373432]","[np.float64(23.33588925796901), np.float64(113.9363072185249)]",2025-08-31 02:41:00,226.73158309701464,1,6.269674417086625,127.14753577116883,10.382004661928997,61.14271280836275,15.311640351261754,4,4,3,1135,9,0.11180555555555556,15.758862573483977
211,0203,0,1,"[24.45620607799892, 113.68593058373432]","[np.float64(22.46236005476032), np.float64(110.704439921955)]",2025-08-31 02:41:00,659.9703944770649,1,5.204719886152052,376.3337208433962,28.46954277013174,58.781837431180335,14.686180470109115,4,4,3,1361,3,0.11180555555555556,15.021597136775782
212,0210,0,1,"[24.45620607799892, 113.68593058373432]","[np.float64(22.6449614889553), np.float64(113.2515469786561)]",2025-08-31 02:41:00,370.9775234141369,1,5.582248681008104,206.21072267887706,16.54845381437779,60.87202558136598,17.562560113567027,3,3,3,704,7,0.11180555555555556,17.562560113567027
213,0057,0,1,"[23.855548997104243, 113.54038608271051]","[np.float64(23.51596130746474), np.float64(114.6046505667156)]",2025-08-31 02:41:10,921.6499017033896,2,4.4507897999324335,114.76186411624782,9.38962640312711,61.64087948566681,16.315319400482853,1,1,1,618,5,0.1119212962962963,15.867634215297668
214,0100,0,1,"[23.855548997104243, 113.54038608271051]","[np.float64(23.90026569267277), np.float64(113.3390769456514)]",2025-08-31 02:41:10,459.4555587913537,1,7.493562518106076,21.063968813483044,1.738481440252188,60.43494128580935,16.06807868739868,3,3,3,1288,14,0.1119212962962963,15.060787020732011
215,0103,0,1,"[23.855548997104243, 113.54038608271051]","[np.float64(23.33588925796901), np.float64(113.9363072185249)]",2025-08-31 02:41:10,226.73158309701464,1,6.269674417086625,70.47369700168254,5.798345065872024,61.176918395726176,14.311640351261754,4,4,3,1135,9,0.1119212962962963,15.095089425335829
216,0203,0,1,"[23.855548997104243, 113.54038608271051]","[np.float64(22.46236005476032), np.float64(110.704439921955)]",2025-08-31 02:41:10,659.9703944770649,1,5.204719886152052,328.710242717523,25.344382339554766,58.817572980917845,11.686180470109115,4,4,3,1361,3,0.1119212962962963,12.469629544183189
217,0210,0,1,"[23.855548997104243, 113.54038608271051]","[np.float64(22.6449614889553), np.float64(113.2515469786561)]",2025-08-31 02:41:10,370.9775234141369,1,5.582248681008104,137.80771483039868,11.231139865120586,60.90695516878142,18.562560113567027,3,3,3,704,7,0.1119212962962963,17.55526844690036
218,0057,0,1,"[23.254833859601625, 113.39580463835968]","[np.float64(23.51596130746474), np.float64(114.6046505667156)]",2025-08-31 02:41:20,921.6499017033896,2,4.4507897999324335,126.7462970540561,10.349951392707505,61.67470258243671,17.315319400482853,1,1,1,618,5,0.11203703703703703,16.755134215297666
219,0100,0,1,"[23.254833859601625, 113.39580463835968]","[np.float64(23.90026569267277), np.float64(113.3390769456514)]",2025-08-31 02:41:20,459.4555587913537,1,7.493562518106076,72.00131776034632,5.9231484955797535,60.46892147693017,11.068078687398678,3,3,3,1288,14,0.11203703703703703,11.516226835546826
220,0103,0,1,"[23.254833859601625, 113.39580463835968]","[np.float64(23.33588925796901), np.float64(113.9363072185249)]",2025-08-31 02:41:20,226.73158309701464,1,6.269674417086625,55.932591297655975,4.60776606545682,61.211117152900435,15.311640351261754,4,4,3,1135,9,0.11203703703703703,15.199603314224717
221,0203,0,1,"[23.254833859601625, 113.39580463835968]","[np.float64(22.46236005476032), np.float64(110.704439921955)]",2025-08-31 02:41:20,659.9703944770649,1,5.204719886152052,289.49408433206224,22.642893588356444,58.85329487027701,12.686180470109115,4,4,3,1361,3,0.11203703703703703,13.358402692331337
222,0210,0,1,"[23.254833859601625, 113.39580463835968]","[np.float64(22.6449614889553), np.float64(113.2515469786561)]",2025-08-31 02:41:20,370.9775234141369,1,5.582248681008104,69.40482177222258,5.710987275383168,60.94187109581853,20.562560113567027,3,3,3,704,7,0.11203703703703703,19.77830085430777
223,0057,0,1,"[22.65406408058564, 113.2521452695468]","[np.float64(23.51596130746474), np.float64(114.6046505667156)]",2025-08-31 02:41:30,921.6499017033896,2,4.4507897999324335,168.29991430338353,13.631477627914574,61.7085051886391,23.315319400482853,1,1,1,618,5,0.11215277777777778,23.98823606714952
224,0100,0,1,"[22.65406408058564, 113.2521452695468]","[np.float64(23.90026569267277), np.float64(113.3390769456514)]",2025-08-31 02:41:30,459.4555587913537,1,7.493562518106076,138.85568224339778,11.314352652901128,60.502881177483474,20.06807868739868,3,3,3,1288,14,0.11215277777777778,20.740995354065344
225,0103,0,1,"[22.65406408058564, 113.2521452695468]","[np.float64(23.33588925796901), np.float64(113.9363072185249)]",2025-08-31 02:41:30,226.73158309701464,1,6.269674417086625,103.20934254233833,8.4588385849277,61.24529541950717,12.311640351261754,4,4,3,1135,9,0.11215277777777778,11.638723684595087
226,0203,0,1,"[22.65406408058564, 113.2521452695468]","[np.float64(22.46236005476032), np.float64(110.704439921955)]",2025-08-31 02:41:30,659.9703944770649,1,5.204719886152052,262.4813366439792,20.71737903281379,58.889009929447006,11.686180470109115,4,4,3,1361,3,0.11215277777777778,11.125416581220225
227,0210,0,1,"[22.65406408058564, 113.2521452695468]","[np.float64(22.6449614889553), np.float64(113.2515469786561)]",2025-08-31 02:41:30,370.9775234141369,1,5.582248681008104,1.014023831664247,0.08371649068404147,60.976773362477296,20.562560113567027,3,3,3,704,7,0.11215277777777778,19.55318511356703
228,0057,0,1,"[22.053241367603594, 113.1093806555152]","[np.float64(23.51596130746474), np.float64(114.6046505667156)]",2025-08-31 02:41:40,921.6499017033896,2,4.4507897999324335,223.4961913036324,17.850667315960294,61.74229413446315,16.315319400482853,1,1,1,618,5,0.11226851851851852,16.764393474556925
229,0100,0,1,"[22.053241367603594, 113.1093806555152]","[np.float64(23.90026569267277), np.float64(113.3390769456514)]",2025-08-31 02:41:40,459.4555587913537,1,7.493562518106076,206.7216103459362,16.58720252382411,60.536834047847606,19.06807868739868,3,3,3,1288,14,0.11226851851851852,19.62942127999127
230,0103,0,1,"[22.053241367603594, 113.1093806555152]","[np.float64(23.33588925796901), np.float64(113.9363072185249)]",2025-08-31 02:41:40,226.73158309701464,1,6.269674417086625,165.9441159901939,13.44764624397951,61.27946002573558,14.311640351261754,4,4,3,1135,9,0.11226851851851852,14.872982943854346
231,0203,0,1,"[22.053241367603594, 113.1093806555152]","[np.float64(22.46236005476032), np.float64(110.704439921955)]",2025-08-31 02:41:40,659.9703944770649,1,5.204719886152052,251.63493196827625,19.929953775341495,58.92471815842784,17.686180470109115,4,4,3,1361,3,0.11226851851851852,16.900300840479485
232,0210,0,1,"[22.053241367603594, 113.1093806555152]","[np.float64(22.6449614889553), np.float64(113.2515469786561)]",2025-08-31 02:41:40,370.9775234141369,1,5.582248681008104,67.40122827523463,5.547164685599322,61.01166879894689,23.562560113567027,3,3,3,704,7,0.11226851851851852,22.776680483937398
233,0057,0,1,"[21.45236913575006, 112.96746981512985]","[np.float64(23.51596130746474), np.float64(114.6046505667156)]",2025-08-31 02:41:50,921.6499017033896,2,4.4507897999324335,284.5023530306284,22.290968303353935,61.776069419908865,21.315319400482853,1,1,1,618,5,0.11238425925925925,20.416245326408777
234,0100,0,1,"[21.45236913575006, 112.96746981512985]","[np.float64(23.90026569267277), np.float64(113.3390769456514)]",2025-08-31 02:41:50,459.4555587913537,1,7.493562518106076,274.8507116000127,21.605472038096064,60.57076642764423,13.068078687398678,3,3,3,1288,14,0.11238425925925925,13.854768502213494
235,0103,0,1,"[21.45236913575006, 112.96746981512985]","[np.float64(23.33588925796901), np.float64(113.9363072185249)]",2025-08-31 02:41:50,226.73158309701464,1,6.269674417086625,231.91426190778284,18.478102646426088,61.313610971585646,18.311640351261754,4,4,3,1135,9,0.11238425925925925,19.21071442533583
236,0203,0,1,"[21.45236913575006, 112.96746981512985]","[np.float64(22.46236005476032), np.float64(110.704439921955)]",2025-08-31 02:41:50,659.9703944770649,1,5.204719886152052,258.994052330023,20.46508532930141,58.960412727030324,12.686180470109115,4,4,3,1361,3,0.11238425925925925,12.011874914553559
237,0210,0,1,"[21.45236913575006, 112.96746981512985]","[np.float64(22.6449614889553), np.float64(113.2515469786561)]",2025-08-31 02:41:50,370.9775234141369,1,5.582248681008104,135.80376841794325,11.071885082447755,61.04655057503815,17.562560113567027,3,3,3,704,7,0.11238425925925925,17.45017585430777
238,0057,0,1,"[20.851447385025047, 112.82638542763407]","[np.float64(23.51596130746474), np.float64(114.6046505667156)]",2025-08-31 02:42:00,921.6499017033896,2,4.4507897999324335,348.2781230988224,26.649405181630787,61.80983104497624,19.315319400482853,1,1,1,618,5,0.1125,18.752819400482853
239,0100,0,1,"[20.851447385025047, 112.82638542763407]","[np.float64(23.90026569267277), np.float64(113.3390769456514)]",2025-08-31 02:42:00,459.4555587913537,1,7.493562518106076,343.08636129221765,26.305984434508375,60.60469197725168,11.068078687398678,3,3,3,1288,14,0.1125,10.393078687398678
240,0103,0,1,"[20.851447385025047, 112.82638542763407]","[np.float64(23.33588925796901), np.float64(113.9363072185249)]",2025-08-31 02:42:00,226.73158309701464,1,6.269674417086625,298.98552367392654,23.30709642393932,61.3477414268682,17.311640351261754,4,4,3,1135,9,0.1125,17.424140351261755
241,0203,0,1,"[20.851447385025047, 112.82638542763407]","[np.float64(22.46236005476032), np.float64(110.704439921955)]",2025-08-31 02:42:00,659.9703944770649,1,5.204719886152052,283.14403722592283,22.19489594558245,58.99609363525447,19.686180470109115,4,4,3,1361,3,0.1125,20.023680470109113
242,0210,0,1,"[20.851447385025047, 112.82638542763407]","[np.float64(22.6449614889553), np.float64(113.2515469786561)]",2025-08-31 02:42:00,370.9775234141369,1,5.582248681008104,204.2063483856405,16.396280125278448,61.08141186056189,17.562560113567027,3,3,3,704,7,0.1125,18.237560113567028
243,0103,0,1,"[20.25048294561772, 112.686093342082]","[np.float64(23.33588925796901), np.float64(113.9363072185249)]",2025-08-31 02:42:10,226.73158309701464,1,6.269674417086625,366.55339641362883,27.84189077110571,61.38186505196158,18.311640351261754,4,4,3,1135,9,0.11261574074074074,18.536871832743238
244,0203,0,1,"[20.25048294561772, 112.686093342082]","[np.float64(22.46236005476032), np.float64(110.704439921955)]",2025-08-31 02:42:10,659.9703944770649,1,5.204719886152052,320.30942702266464,24.775258634524587,59.03176771328944,18.686180470109115,4,4,3,1361,3,0.11261574074074074,19.136643433072077
245,0210,0,1,"[20.25048294561772, 112.686093342082]","[np.float64(22.6449614889553), np.float64(113.2515469786561)]",2025-08-31 02:42:10,370.9775234141369,1,5.582248681008104,272.6084535174471,21.445275720515962,61.11626631589647,24.562560113567027,3,3,3,704,7,0.11261574074074074,25.01302307652999
246,0203,0,1,"[19.649474109980787, 112.54656623771697]","[np.float64(22.46236005476032), np.float64(110.704439921955)]",2025-08-31 02:42:20,659.9703944770649,1,5.204719886152052,366.553338649091,27.84188704234471,59.06743496113525,17.686180470109115,4,4,3,1361,3,0.11273148148148149,17.686180470109115
247,0210,0,1,"[19.649474109980787, 112.54656623771697]","[np.float64(22.6449614889553), np.float64(113.2515469786561)]",2025-08-31 02:42:20,370.9775234141369,1,5.582248681008104,341.0103941547573,26.168091568184796,61.1511071108527,16.562560113567027,3,3,3,704,7,0.11273148148148149,15.773439743196658
248,0092,0,1,"[15.44139968497781, 111.5887688104061]","[np.float64(14.46788384507577), np.float64(108.0873925492409)]",2025-08-31 02:43:30,394.7958966773688,1,5.7528181064319295,391.40674958910466,29.422418880035806,58.96956518051814,10.43893975702494,2,2,2,1448,5,0.11354166666666667,10.09831475702494
249,0092,0,1,"[14.840124471963247, 111.45431653659439]","[np.float64(14.46788384507577), np.float64(108.0873925492409)]",2025-08-31 02:43:40,394.7958966773688,1,5.7528181064319295,364.5603241424583,27.71308333980666,59.00954910791939,10.43893975702494,2,2,2,1448,5,0.1136574074074074,9.52968049776568
250,0092,0,1,"[14.238827060833882, 111.32038335715961]","[np.float64(14.46788384507577), np.float64(108.0873925492409)]",2025-08-31 02:43:50,394.7958966773688,1,5.7528181064319295,349.19821896693315,26.710052937943598,59.049539865509814,13.43893975702494,2,2,2,1448,5,0.11377314814814815,13.894032349617532
251,0092,0,1,"[13.637506597816069, 111.18694195134508]","[np.float64(14.46788384507577), np.float64(108.0873925492409)]",2025-08-31 02:44:00,394.7958966773688,1,5.7528181064319295,346.84999937113656,26.555143227830936,59.08952379291107,17.43893975702494,2,2,2,1448,5,0.11388888888888889,17.780606423691605
252,0092,0,1,"[13.036165644230744, 111.0539649983941]","[np.float64(14.46788384507577), np.float64(108.0873925492409)]",2025-08-31 02:44:10,394.7958966773688,1,5.7528181064319295,357.77227519802085,27.272101670158136,59.129500890123154,19.43893975702494,2,2,2,1448,5,0.11400462962962964,19.78095364591383
253,0092,0,1,"[12.434805907625202, 110.92143200773917]","[np.float64(14.46788384507577), np.float64(108.0873925492409)]",2025-08-31 02:44:20,394.7958966773688,1,5.7528181064319295,380.8257629001552,28.755350885807342,59.16948481752441,17.43893975702494,2,2,2,1448,5,0.11412037037037037,16.411856423691606
254,0016,0,1,"[11.833429095546736, 110.78932248881277]","[np.float64(10.86906205496359), np.float64(107.1900815224596)]",2025-08-31 02:44:30,274.2795874279427,1,3.1672415939464607,406.77041455840737,30.37561302036303,58.614989570135265,18.93710023241439,3,3,3,1217,14,0.11423611111111111,19.279808565747725
255,0016,0,1,"[11.232036915542638, 110.65761595104742]","[np.float64(10.86906205496359), np.float64(107.1900815224596)]",2025-08-31 02:44:40,274.2795874279427,1,3.1672415939464607,380.5671346918071,28.73893775928012,58.6558887428853,16.93710023241439,3,3,3,1217,14,0.11435185185185186,17.851915047229205
256,0016,0,1,"[10.6306310751602, 110.52627824349725]","[np.float64(10.86906205496359), np.float64(107.1900815224596)]",2025-08-31 02:44:50,274.2795874279427,1,3.1672415939464607,365.4194701645842,27.768645272346163,58.69678108544617,15.93710023241439,3,3,3,1217,14,0.11446759259259259,15.02135949167365
257,0016,0,1,"[10.029213281946712, 110.39530253597309]","[np.float64(10.86906205496359), np.float64(107.1900815224596)]",2025-08-31 02:45:00,274.2795874279427,1,3.1672415939464607,362.71741377892414,27.593709153447772,58.73768025819621,15.93710023241439,3,3,3,1217,14,0.11458333333333333,16.28085023241439
258,0016,0,1,"[9.42778524344947, 110.26465467752908]","[np.float64(10.86906205496359), np.float64(107.1900815224596)]",2025-08-31 02:45:10,274.2795874279427,1,3.1672415939464607,372.73088806980644,28.239187431697307,58.77857943094624,10.93710023241439,3,3,3,1217,14,0.11469907407407408,10.36360486204402
259,0016,0,1,"[8.826348667215766, 110.1343210077869]","[np.float64(10.86906205496359), np.float64(107.1900815224596)]",2025-08-31 02:45:20,274.2795874279427,1,3.1672415939464607,394.49396107553434,29.61542005604948,58.819478603696275,11.93710023241439,3,3,3,1217,14,0.11481481481481481,12.855618750932909
260,0132,0,1,"[-2.6005627234140323, 107.69037686991878]","[np.float64(-2.369268512506268), np.float64(104.0362639244141)]",2025-08-31 02:48:30,971.0363838867337,2,4.751843979190145,406.7508254427857,30.37440928198099,54.45232053518724,24.188019994719667,4,4,3,1046,10,0.11701388888888889,23.485936661386333
261,0132,0,1,"[-3.2018560791185773, 107.5620922569276]","[np.float64(-2.369268512506268), np.float64(104.0362639244141)]",2025-08-31 02:48:40,971.0363838867337,2,4.751843979190145,402.383008245084,30.10526948864879,54.49184000972493,25.188019994719667,4,4,3,1046,10,0.11712962962962963,24.71950147620115
262,0036,0,1,"[-3.8031270232649086, 107.43370519109887]","[np.float64(-6.92430568171854), np.float64(106.7399302311254)]",2025-08-31 02:48:50,966.6907798552371,2,7.003943154616657,355.45492401401634,27.120748104939633,55.30656546449156,17.817158925093402,3,3,3,1094,6,0.11724537037037037,18.520631147315623
263,0036,0,1,"[-4.404374061749145, 107.30520201205425]","[np.float64(-6.92430568171854), np.float64(106.7399302311254)]",2025-08-31 02:49:00,966.6907798552371,2,7.003943154616657,287.0992076953983,22.474273961431813,55.34373193886019,15.817158925093404,3,3,3,1094,6,0.11736111111111111,15.934520036204514
264,0036,0,1,"[-5.005595913910817, 107.17656222922623]","[np.float64(-6.92430568171854), np.float64(106.7399302311254)]",2025-08-31 02:49:10,966.6907798552371,2,7.003943154616657,218.7469747919798,17.49471441576816,55.38088816794506,17.817158925093402,3,3,3,1094,6,0.11747685185185185,18.522020036204513
265,0036,0,1,"[-5.606791299089455, 107.0477653520473]","[np.float64(-6.92430568171854), np.float64(106.7399302311254)]",2025-08-31 02:49:20,966.6907798552371,2,7.003943154616657,150.40028657623992,12.227773809934249,55.41803415174617,12.817158925093404,3,3,3,1094,6,0.1175925925925926,11.994010776945256
266,0036,0,1,"[-6.2079580828509435, 106.91879088994995]","[np.float64(-6.92430568171854), np.float64(106.7399302311254)]",2025-08-31 02:49:30,966.6907798552371,2,7.003943154616657,82.06816989438728,6.744126170418299,55.455169890263534,18.817158925093402,3,3,3,1094,6,0.11770833333333333,17.875492258426736
267,0036,0,1,"[-6.8090954114216355, 106.78961835236667]","[np.float64(-6.92430568171854), np.float64(106.7399302311254)]",2025-08-31 02:49:40,966.6907798552371,2,7.003943154616657,13.935819909215155,1.1503694106198596,55.49229538349714,17.817158925093402,3,3,3,1094,6,0.11782407407407407,18.05280707324155
268,0036,0,1,"[-7.4102020041410634, 106.66022724872995]","[np.float64(-6.92430568171854), np.float64(106.7399302311254)]",2025-08-31 02:49:50,966.6907798552371,2,7.003943154616657,54.7401634279636,4.509942657902945,55.529410631446986,10.817158925093404,3,3,3,1094,6,0.11793981481481482,11.288918184352664
269,0036,0,1,"[-8.01127572657511, 106.53059708847228]","[np.float64(-6.92430568171854), np.float64(106.7399302311254)]",2025-08-31 02:50:00,966.6907798552371,2,7.003943154616657,123.04943999402286,10.054319159588301,55.56651563411308,12.817158925093404,3,3,3,1094,6,0.11805555555555555,13.289381147315625
270,0036,0,1,"[-8.612315298063308, 106.40071421121532]","[np.float64(-6.92430568171854), np.float64(106.7399302311254)]",2025-08-31 02:50:10,966.6907798552371,2,7.003943154616657,191.38263347045245,15.417125089340592,55.603610391495415,14.817158925093404,3,3,3,1094,6,0.1181712962962963,13.753617258426736
271,0036,0,1,"[-9.213319011058362, 106.2705444660132]","[np.float64(-6.92430568171854), np.float64(106.7399302311254)]",2025-08-31 02:50:20,966.6907798552371,2,7.003943154616657,259.71929332750005,20.51762286650107,55.640698318688585,16.817158925093402,3,3,3,1094,6,0.11828703703703704,16.46229781398229
272,0036,0,1,"[-9.814285158012982, 106.1400810226768]","[np.float64(-6.92430568171854), np.float64(106.7399302311254)]",2025-08-31 02:50:30,966.6907798552371,2,7.003943154616657,328.0556098598743,25.300223546334745,55.67777258550342,9.817158925093404,3,3,3,1094,6,0.11840277777777777,9.935561702871182
273,0036,0,1,"[-10.415213738927166, 106.0092965604494]","[np.float64(-6.92430568171854), np.float64(106.7399302311254)]",2025-08-31 02:50:40,966.6907798552371,2,7.003943154616657,396.3907772306244,29.733636910321767,55.71483660703449,11.817158925093404,3,3,3,1094,6,0.11851851851851852,11.698640406574885
274,0167,0,1,"[26.08324593075517, 89.388980611518]","[np.float64(22.56750332776332), np.float64(89.71098574144327)]",2025-08-31 04:19:20,975.1675566867149,2,2.5373278204627936,392.2917238126382,29.477819504544545,61.767395079662954,21.311640351261754,2,2,2,1124,11,0.18009259259259258,20.2310847957062
275,0167,0,1,"[25.48275960458974, 89.24064256312366]","[np.float64(22.56750332776332), np.float64(89.71098574144327)]",2025-08-31 04:19:30,975.1675566867149,2,2.5373278204627936,327.6617078354338,25.273637046540006,61.802044629322424,18.311640351261754,2,2,2,1124,11,0.18020833333333333,19.933515351261754
276,0167,0,1,"[24.882208391627202, 89.09337685442901]","[np.float64(22.56750332776332), np.float64(89.71098574144327)]",2025-08-31 04:19:40,975.1675566867149,2,2.5373278204627936,264.94974361607154,20.89545435244176,61.83667368841439,22.311640351261754,2,2,2,1124,11,0.18032407407407408,20.68872368459509
277,0167,0,1,"[24.281593999414838, 88.9471288439207]","[np.float64(22.56750332776332), np.float64(89.71098574144327)]",2025-08-31 04:19:50,975.1675566867149,2,2.5373278204627936,205.9155716435317,16.52606073135229,61.87128908712801,20.311640351261754,2,2,2,1124,11,0.1804398148148148,20.672519980891384
278,0167,0,1,"[23.680919843047235, 88.80186438065287]","[np.float64(22.56750332776332), np.float64(89.71098574144327)]",2025-08-31 04:20:00,975.1675566867149,2,2.5373278204627936,154.82442737011016,12.576176666291435,61.9058908254633,18.311640351261754,2,2,2,1124,11,0.18055555555555555,17.228307017928422
279,0167,0,1,"[23.080189337618982, 88.65755614386885]","[np.float64(22.56750332776332), np.float64(89.71098574144327)]",2025-08-31 04:20:10,975.1675566867149,2,2.5373278204627936,122.09064372591409,9.97755655428473,61.94047890342024,21.311640351261754,2,2,2,1124,11,0.1806712962962963,19.504927388298793
280,0043,0,1,"[22.479402483130077, 88.51415632224442]","[np.float64(20.1222268429035), np.float64(86.13558982806936)]",2025-08-31 04:20:20,789.917966294878,2,6.701825320202322,359.73239873115295,27.39980264658433,59.80875637289176,18.93710023241439,1,1,1,877,14,0.18078703703703702,18.033165047229204
281,0167,0,1,"[22.479402483130077, 88.51415632224442]","[np.float64(22.56750332776332), np.float64(89.71098574144327)]",2025-08-31 04:20:20,975.1675566867149,2,2.5373278204627936,123.31983703866041,10.075960956235525,61.975053320998846,18.311640351261754,2,2,2,1124,11,0.18078703703703702,19.21557553644694
282,0043,0,1,"[21.878566109769686, 88.37164442521211]","[np.float64(20.1222268429035), np.float64(86.13558982806936)]",2025-08-31 04:20:30,789.917966294878,2,6.701825320202322,303.33952016785287,23.609592354539764,59.845871620841606,17.93710023241439,1,1,1,877,14,0.18090277777777777,17.93710023241439
283,0167,0,1,"[21.878566109769686, 88.37164442521211]","[np.float64(22.56750332776332), np.float64(89.71098574144327)]",2025-08-31 04:20:30,975.1675566867149,2,2.5373278204627936,157.71808835124526,12.80354505470323,62.009614078199114,20.311640351261754,2,2,2,1124,11,0.18090277777777777,19.9498347957062
284,0043,0,1,"[21.277678509990523, 88.22997947163687]","[np.float64(20.1222268429035), np.float64(86.13558982806936)]",2025-08-31 04:20:40,789.917966294878,2,6.701825320202322,252.91039614494176,20.02296443732255,59.88297320841311,20.93710023241439,1,1,1,877,14,0.18101851851851852,19.48895208426624
285,0167,0,1,"[21.277678509990523, 88.22997947163687]","[np.float64(22.56750332776332), np.float64(89.71098574144327)]",2025-08-31 04:20:40,975.1675566867149,2,2.5373278204627936,209.54161036227592,16.800806317880312,62.04416117502104,15.311640351261754,2,2,2,1124,11,0.18101851851851852,14.768584795706198
286,0043,0,1,"[20.676746513981755, 88.08912731057286]","[np.float64(20.1222268429035), np.float64(86.13558982806936)]",2025-08-31 04:20:50,789.917966294878,2,6.701825320202322,212.73033872816174,17.041761592341818,59.920067965795454,18.93710023241439,1,1,1,877,14,0.18113425925925927,17.669160417599578
287,0167,0,1,"[20.676746513981755, 88.08912731057286]","[np.float64(22.56750332776332), np.float64(89.71098574144327)]",2025-08-31 04:20:50,975.1675566867149,2,2.5373278204627936,268.8968086815991,21.179325886391766,62.078687781275455,20.311640351261754,2,2,2,1124,11,0.18113425925925927,19.405969054965457
288,0043,0,1,"[20.075768414196087, 87.94906062126341]","[np.float64(20.1222268429035), np.float64(86.13558982806936)]",2025-08-31 04:21:00,789.917966294878,2,6.701825320202322,189.43817322082202,15.267831321945534,59.957155892988624,15.93710023241439,1,1,1,877,14,0.18125,17.568350232414392
289,0167,0,1,"[20.075768414196087, 87.94906062126341]","[np.float64(22.56750332776332), np.float64(89.71098574144327)]",2025-08-31 04:21:00,975.1675566867149,2,2.5373278204627936,331.7651176511328,25.550025191796102,62.113207557340694,16.311640351261754,2,2,2,1124,11,0.18125,17.036640351261756
290,0043,0,1,"[19.474747625728106, 87.80974525276267]","[np.float64(20.1222268429035), np.float64(86.13558982806936)]",2025-08-31 04:21:10,789.917966294878,2,6.701825320202322,189.37190822671164,15.262739803821873,59.99423698999262,19.93710023241439,1,1,1,877,14,0.18136574074074074,21.025294676858834
291,0167,0,1,"[19.474747625728106, 87.80974525276267]","[np.float64(22.56750332776332), np.float64(89.71098574144327)]",2025-08-31 04:21:10,975.1675566867149,2,2.5373278204627936,396.4785569237807,29.73910094781217,62.1477136730276,20.311640351261754,2,2,2,1124,11,0.18136574074074074,19.404811647558052
292,0043,0,1,"[18.873687563672398, 87.67115388431394]","[np.float64(20.1222268429035), np.float64(86.13558982806936)]",2025-08-31 04:21:20,789.917966294878,2,6.701825320202322,212.55404944869292,17.028456472462747,60.03131125680745,16.93710023241439,1,1,1,877,14,0.1814814814814815,15.303766899081058
293,0043,0,1,"[18.272589935576256, 87.53325919516055]","[np.float64(20.1222268429035), np.float64(86.13558982806936)]",2025-08-31 04:21:30,789.917966294878,2,6.701825320202322,252.66499284591364,20.005077425500193,60.06837186324394,21.93710023241439,1,1,1,877,14,0.18159722222222222,23.38987801019217
294,0043,0,1,"[17.671456448986973, 87.39603386454583]","[np.float64(20.1222268429035), np.float64(86.13558982806936)]",2025-08-31 04:21:40,789.917966294878,2,6.701825320202322,303.0562167337986,23.589951908899348,60.10543246968043,18.93710023241439,1,1,1,877,14,0.18171296296296297,18.028535417599578
295,0043,0,1,"[17.07029051899913, 87.25944374152391]","[np.float64(20.1222268429035), np.float64(86.13558982806936)]",2025-08-31 04:21:50,789.917966294878,2,6.701825320202322,359.4294607595643,27.380085629922775,60.14247941573858,23.93710023241439,1,1,1,877,14,0.18182870370370371,22.664299306488466
296,0166,0,1,"[58.67440538572521, 76.59361840911792]","[np.float64(55.6916650213985), np.float64(73.82550891603077)]",2025-08-31 05:49:00,332.17409282682826,1,3.837721961158011,371.179200293636,28.13966885521836,40.52587900623306,11.689859519330216,3,3,3,652,12,0.2423611111111111,13.871109519330217
297,0166,0,1,"[58.08867568326159, 76.23703472311907]","[np.float64(55.6916650213985), np.float64(73.82550891603077)]",2025-08-31 05:49:10,332.17409282682826,1,3.837721961158011,304.0872065080191,23.661398598526898,40.53577595034041,9.689859519330216,3,3,3,652,12,0.24247685185185186,11.872151185996884
298,0166,0,1,"[57.50219465998928, 75.89064167936188]","[np.float64(55.6916650213985), np.float64(73.82550891603077)]",2025-08-31 05:49:20,332.17409282682826,1,3.837721961158011,237.69833508463563,18.906578467116102,40.54565240388025,9.689859519330216,3,3,3,652,12,0.24259259259259258,9.932452111922808
299,0166,0,1,"[56.91501354232704, 75.55389286271274]","[np.float64(55.6916650213985), np.float64(73.82550891603077)]",2025-08-31 05:49:30,332.17409282682826,1,3.837721961158011,172.82709219491403,13.983945024755826,40.55550836685258,9.689859519330216,3,3,3,652,12,0.24270833333333333,10.417984519330217
300,0166,0,1,"[56.32716306612613, 75.22628966936225]","[np.float64(55.6916650213985), np.float64(73.82550891603077)]",2025-08-31 05:49:40,332.17409282682826,1,3.837721961158011,112.13953389665322,9.17876527075144,40.56534725435198,14.689859519330216,3,3,3,652,12,0.24282407407407408,13.232915074885772
301,0166,0,1,"[55.73867738233242, 74.90736764644684]","[np.float64(55.6916650213985), np.float64(73.82550891603077)]",2025-08-31 05:49:50,332.17409282682826,1,3.837721961158011,67.96502210717664,5.5932722579211696,40.575162236189286,12.689859519330216,3,3,3,652,12,0.2429398148148148,13.175739148959845
302,0166,0,1,"[55.14959064189175, 74.59668966185964]","[np.float64(55.6916650213985), np.float64(73.82550891603077)]",2025-08-31 05:50:00,332.17409282682826,1,3.837721961158011,77.47013445827847,6.369469133610682,40.58496014255367,11.689859519330216,3,3,3,652,12,0.24305555555555555,9.259303963774661
303,0166,0,1,"[54.559933580655375, 74.29384590425045]","[np.float64(55.6916650213985), np.float64(73.82550891603077)]",2025-08-31 05:50:10,332.17409282682826,1,3.837721961158011,129.31693623391155,10.55519468162451,40.59474097344513,14.689859519330216,3,3,3,652,12,0.2431712962962963,16.39205859340429
304,0166,0,1,"[53.969736934474575, 73.99845388302573]","[np.float64(55.6916650213985), np.float64(73.82550891603077)]",2025-08-31 05:50:20,332.17409282682826,1,3.837721961158011,191.78990075461914,15.448367591420501,40.604497898674495,16.689859519330216,3,3,3,652,12,0.24328703703703702,16.446572482293178
305,0166,0,1,"[53.37902460901144, 73.7101515981595]","[np.float64(55.6916650213985), np.float64(73.82550891603077)]",2025-08-31 05:50:30,332.17409282682826,1,3.837721961158011,257.2618153459457,20.339453995857376,40.61423774843093,13.689859519330216,3,3,3,652,12,0.24340277777777777,13.446456741552439
306,0166,0,1,"[52.787827340117225, 73.4286043703824]","[np.float64(55.6916650213985), np.float64(73.82550891603077)]",2025-08-31 05:50:40,332.17409282682826,1,3.837721961158011,323.91941570487853,25.020469474003843,40.62395710761986,10.689859519330216,3,3,3,652,12,0.24351851851851852,11.176896556367254
307,0166,0,1,"[52.19616220326487, 73.15349801099262]","[np.float64(55.6916650213985), np.float64(73.82550891603077)]",2025-08-31 05:50:50,332.17409282682826,1,3.837721961158011,391.1579997806485,29.406835903048975,40.63365597624128,16.689859519330216,3,3,3,652,12,0.24363425925925927,14.497151185996882
308,0228,0,1,"[49.8252771838538, 72.11170291726893]","[np.float64(47.72787662898534), np.float64(67.74428874484721)]",2025-08-31 05:51:30,81.1778618658172,1,3.9142534574609424,395.8890609271678,29.702395065023815,45.6784780934423,20.686180470109115,1,1,1,1426,9,0.24409722222222222,18.245208247886893
309,0228,0,1,"[49.231597141196296, 71.86462082404371]","[np.float64(47.72787662898534), np.float64(67.74428874484721)]",2025-08-31 05:51:40,81.1778618658172,1,3.9142534574609424,346.62447901294763,26.54024377167984,45.69485005688282,21.686180470109115,1,1,1,1426,9,0.24421296296296297,21.197754544183187
310,0228,0,1,"[48.63756875889111, 71.62242914626422]","[np.float64(47.72787662898534), np.float64(67.74428874484721)]",2025-08-31 05:51:50,81.1778618658172,1,3.9142534574609424,304.7577846098451,23.707827220697002,45.71120152975583,17.686180470109115,1,1,1,1426,9,0.24432870370370371,17.197523062701705
311,0228,0,1,"[48.0432056973166, 71.38490248768787]","[np.float64(47.72787662898534), np.float64(67.74428874484721)]",2025-08-31 05:52:00,81.1778618658172,1,3.9142534574609424,273.70522085151526,21.523677520968373,45.72752909696675,24.686180470109115,1,1,1,1426,9,0.24444444444444444,23.463958247886893
312,0228,0,1,"[47.4485216168511, 71.15184960301787]","[np.float64(47.72787662898534), np.float64(67.74428874484721)]",2025-08-31 05:52:10,81.1778618658172,1,3.9142534574609424,257.41291682509467,20.350420858343323,45.743836173610156,23.686180470109115,1,1,1,1426,9,0.24456018518518519,21.729698988627632
313,0228,0,1,"[46.853537008062126, 70.92307924695746]","[np.float64(47.72787662898534), np.float64(67.74428874484721)]",2025-08-31 05:52:20,81.1778618658172,1,3.9142534574609424,258.6860566426022,20.44276277544919,45.76012275968605,17.686180470109115,1,1,1,1426,9,0.24467592592592594,16.21812491455356
314,0228,0,1,"[46.258258701138836, 70.69841383458822]","[np.float64(47.72787662898534), np.float64(67.74428874484721)]",2025-08-31 05:52:30,81.1778618658172,1,3.9142534574609424,277.2842705907273,21.77893507511171,45.77638544009985,18.686180470109115,1,1,1,1426,9,0.24479166666666666,19.420555470109115
315,0228,0,1,"[45.662703771554156, 70.47768261118092]","[np.float64(47.72787662898534), np.float64(67.74428874484721)]",2025-08-31 05:52:40,81.1778618658172,1,3.9142534574609424,310.10676553331615,24.07698881476603,45.79262762994614,21.686180470109115,1,1,1,1426,9,0.2449074074074074,21.686180470109115
316,0228,0,1,"[45.06687904949726, 70.26072165219547]","[np.float64(47.72787662898534), np.float64(67.74428874484721)]",2025-08-31 05:52:50,81.1778618658172,1,3.9142534574609424,353.2113143049157,26.973819548776127,45.80884932922492,25.686180470109115,1,1,1,1426,9,0.24502314814814816,23.480972136775783
317,0228,0,1,"[44.47080161044108, 70.04738069347012]","[np.float64(47.72787662898534), np.float64(67.74428874484721)]",2025-08-31 05:53:00,81.1778618658172,1,3.9142534574609424,403.315094040386,30.162827239319142,45.8250471228416,19.686180470109115,1,1,1,1426,9,0.24513888888888888,17.725069358998002
318,0015,0,1,"[41.486934433778046, 69.03012646943426]","[np.float64(38.3827005829648), np.float64(68.18890027972762)]",2025-08-31 05:53:50,266.9569707857359,1,3.953967952955581,352.54303352885256,26.929981116958125,53.462605633884884,8.442618806246042,1,1,1,995,8,0.2457175925925926,7.705466028468264
319,0015,0,1,"[40.88953193802288, 68.83567781395318]","[np.float64(38.3827005829648), np.float64(68.18890027972762)]",2025-08-31 05:54:00,266.9569707857359,1,3.953967952955581,284.19374372844595,22.2691522367134,53.48412755995959,13.442618806246042,1,1,1,995,8,0.24583333333333332,12.705118806246041
320,0015,0,1,"[40.29194161206554, 68.64397489451842]","[np.float64(38.3827005829648), np.float64(68.18890027972762)]",2025-08-31 05:54:10,266.9569707857359,1,3.953967952955581,215.87452038383898,17.27874403423847,53.505625580372204,16.442618806246042,1,1,1,995,8,0.24594907407407407,14.966924361801597
321,0051,0,1,"[40.29194161206554, 68.64397489451842]","[np.float64(36.93357370722224), np.float64(69.09473768370674)]",2025-08-31 05:54:10,488.54521323872564,1,6.183265602234005,375.48043558746855,28.415076374559554,55.06747469259527,7.566239162788129,3,3,3,1141,4,0.24594907407407407,6.0905447183436845
322,0015,0,1,"[39.69416687100061, 68.45490159791413]","[np.float64(38.3827005829648), np.float64(68.18890027972762)]",2025-08-31 05:54:20,266.9569707857359,1,3.953967952955581,147.62694777259242,12.00890139958753,53.52709628002814,12.442618806246042,1,1,1,995,8,0.24606481481481482,14.41113732476456
323,0051,0,1,"[39.69416687100061, 68.45490159791413]","[np.float64(36.93357370722224), np.float64(69.09473768370674)]",2025-08-31 05:54:20,488.54521323872564,1,6.183265602234005,311.9962430596247,24.206887186152017,55.089382524358086,14.56623916278813,3,3,3,1141,4,0.24606481481481482,12.843785459084426
324,0015,0,1,"[39.096214545017254, 68.26836230149192]","[np.float64(38.3827005829648), np.float64(68.18890027972762)]",2025-08-31 05:54:30,266.9569707857359,1,3.953967952955581,79.63800838141309,6.546181928061195,53.548543074021985,16.442618806246042,1,1,1,995,8,0.24618055555555557,16.934979917357154
325,0051,0,1,"[39.096214545017254, 68.26836230149192]","[np.float64(36.93357370722224), np.float64(69.09473768370674)]",2025-08-31 05:54:30,488.54521323872564,1,6.183265602234005,251.13230993170558,19.89327094598213,55.11126303536422,14.56623916278813,3,3,3,1141,4,0.24618055555555557,16.289503051677016
326,0015,0,1,"[38.49809829449382, 68.08426138260339]","[np.float64(38.3827005829648), np.float64(68.18890027972762)]",2025-08-31 05:54:40,266.9569707857359,1,3.953967952955581,15.738680064763136,1.299143225334834,53.56996596235373,15.442618806246042,1,1,1,995,8,0.2462962962962963,14.703729917357153
327,0051,0,1,"[38.49809829449382, 68.08426138260339]","[np.float64(36.93357370722224), np.float64(69.09473768370674)]",2025-08-31 05:54:40,488.54521323872564,1,6.183265602234005,195.35452129005387,15.721415315398508,55.133116225613676,11.56623916278813,3,3,3,1141,4,0.2462962962962963,10.82735027389924
328,0015,0,1,"[37.8998215345249, 67.90250321860019]","[np.float64(38.3827005829648), np.float64(68.18890027972762)]",2025-08-31 05:54:50,266.9569707857359,1,3.953967952955581,59.248116437672294,4.879619168394209,53.59136152992879,10.442618806246042,1,1,1,995,8,0.24641203703703704,9.210558621060857
329,0051,0,1,"[37.8998215345249, 67.90250321860019]","[np.float64(36.93357370722224), np.float64(69.09473768370674)]",2025-08-31 05:54:50,488.54521323872564,1,6.183265602234005,150.43083726145667,12.230182871030001,55.15494209510645,5.566239162788129,3,3,3,1141,4,0.24641203703703704,6.551887310936277
330,0015,0,1,"[37.30138768020506, 67.72301267740141]","[np.float64(38.3827005829648), np.float64(68.18890027972762)]",2025-08-31 05:55:00,266.9569707857359,1,3.953967952955581,127.00535685873463,10.370647338672528,53.61272977674718,8.442618806246042,1,1,1,995,8,0.2465277777777778,9.921785472912708
331,0051,0,1,"[37.30138768020506, 67.72301267740141]","[np.float64(36.93357370722224), np.float64(69.09473768370674)]",2025-08-31 05:55:00,488.54521323872564,1,6.183265602234005,128.31752336847418,10.475432466357567,55.17674405893713,5.566239162788129,3,3,3,1141,4,0.2465277777777778,6.55235027389924
332,0015,0,1,"[36.702803561723485, 67.54570096654788]","[np.float64(38.3827005829648), np.float64(68.18890027972762)]",2025-08-31 05:55:10,266.9569707857359,1,3.953967952955581,195.2128804131885,15.71057958829361,53.63407411790347,14.442618806246042,1,1,1,995,8,0.2466435185185185,12.222827139579376
333,0051,0,1,"[36.702803561723485, 67.54570096654788]","[np.float64(36.93357370722224), np.float64(69.09473768370674)]",2025-08-31 05:55:10,488.54521323872564,1,6.183265602234005,140.2550213437971,11.425390341630225,55.198515286916546,9.56623916278813,3,3,3,1141,4,0.2466435185185185,8.826308607232573
334,0015,0,1,"[36.104079424363924, 67.37048612376955]","[np.float64(38.3827005829648), np.float64(68.18890027972762)]",2025-08-31 05:55:20,266.9569707857359,1,3.953967952955581,263.5213803695755,20.792460928355855,53.65539455339766,15.442618806246042,1,1,1,995,8,0.24675925925925926,17.416692880320117
335,0051,0,1,"[36.104079424363924, 67.37048612376955]","[np.float64(36.93357370722224), np.float64(69.09473768370674)]",2025-08-31 05:55:20,488.54521323872564,1,6.183265602234005,179.576618943876,14.507429723934804,55.22026260923387,11.56623916278813,3,3,3,1141,4,0.24675925925925926,13.540313236862204
336,0015,0,1,"[35.50521868322096, 67.19729301698554]","[np.float64(38.3827005829648), np.float64(68.18890027972762)]",2025-08-31 05:55:30,266.9569707857359,1,3.953967952955581,331.868841065144,25.556995132340145,53.67668766813517,13.442618806246042,1,1,1,995,8,0.246875,12.208243806246042
337,0051,0,1,"[35.50521868322096, 67.19729301698554]","[np.float64(36.93357370722224), np.float64(69.09473768370674)]",2025-08-31 05:55:30,488.54521323872564,1,6.183265602234005,232.79650079061742,18.543597535035655,55.24198261079451,7.566239162788129,3,3,3,1141,4,0.246875,6.578739162788129
338,0015,0,1,"[34.90622475338918, 67.02604651411498]","[np.float64(38.3827005829648), np.float64(68.18890027972762)]",2025-08-31 05:55:40,266.9569707857359,1,3.953967952955581,400.2357513531623,29.972417580205157,53.69795687721059,10.442618806246042,1,1,1,995,8,0.24699074074074073,9.70164658402382
339,0051,0,1,"[34.90622475338918, 67.02604651411498]","[np.float64(36.93357370722224), np.float64(69.09473768370674)]",2025-08-31 05:55:40,488.54521323872564,1,6.183265602234005,292.42257295976594,22.848522616794757,55.26367529159847,14.56623916278813,3,3,3,1141,4,0.24699074074074073,16.789155829454796
340,0051,0,1,"[34.307104465057755, 66.85668514345534]","[np.float64(36.93357370722224), np.float64(69.09473768370674)]",2025-08-31 05:55:50,488.54521323872564,1,6.183265602234005,355.24308899508543,27.106891994221538,55.28534065164575,5.566239162788129,3,3,3,1141,4,0.24710648148148148,7.790197496121463
341,0135,0,1,"[33.10850530346348, 66.52332410063453]","[np.float64(29.73082302405159), np.float64(67.37384195488153)]",2025-08-31 05:56:10,708.6460847038267,1,2.7656714299516705,384.14978832270674,28.965841705370668,59.33410603690006,15.43893975702494,2,2,2,537,12,0.24733796296296295,13.7075740162842
342,0135,0,1,"[32.50903667548439, 66.3592014850683]","[np.float64(29.73082302405159), np.float64(67.37384195488153)]",2025-08-31 05:56:20,708.6460847038267,1,2.7656714299516705,323.66477620567235,25.003204868854453,59.362219095523834,14.43893975702494,2,2,2,537,12,0.2474537037037037,11.964402719987902
343,0135,0,1,"[31.90946217957316, 66.19670445452452]","[np.float64(29.73082302405159), np.float64(67.37384195488153)]",2025-08-31 05:56:30,708.6460847038267,1,2.7656714299516705,267.0564075982355,21.047099516231416,59.39030483339092,13.43893975702494,2,2,2,537,12,0.24756944444444445,10.963245312580495
344,0135,0,1,"[31.309781815729796, 66.03577836748985]","[np.float64(29.73082302405159), np.float64(67.37384195488153)]",2025-08-31 05:56:40,708.6460847038267,1,2.7656714299516705,217.37375093367368,17.391529847771682,59.41837008069051,12.43893975702494,2,2,2,537,12,0.24768518518518517,10.209773090358274
345,0135,0,1,"[30.710002414143467, 65.87635492207258]","[np.float64(29.73082302405159), np.float64(67.37384195488153)]",2025-08-31 05:56:50,708.6460847038267,1,2.7656714299516705,180.43262308610218,14.573645731158468,59.44641483742258,18.43893975702494,2,2,2,537,12,0.24780092592592592,16.952134201469384
346,0135,0,1,"[30.110127389908754, 65.7183931371377]","[np.float64(29.73082302405159), np.float64(67.37384195488153)]",2025-08-31 05:57:00,708.6460847038267,1,2.7656714299516705,165.02248674284252,13.375651160380936,59.47443227339797,18.43893975702494,2,2,2,537,12,0.24791666666666667,15.959773090358272
347,0135,0,1,"[29.510163573214836, 65.56183837117183]","[np.float64(29.73082302405159), np.float64(67.37384195488153)]",2025-08-31 05:57:10,708.6460847038267,1,2.7656714299516705,176.86357826982203,14.297301928893942,59.50242921880585,14.43893975702494,2,2,2,537,12,0.2480324074074074,13.198777719987904
348,0135,0,1,"[28.910110964061705, 65.40663598266164]","[np.float64(29.73082302405159), np.float64(67.37384195488153)]",2025-08-31 05:57:20,708.6460847038267,1,2.7656714299516705,211.42563027270873,16.943246250674704,59.53039884345706,12.43893975702494,2,2,2,537,12,0.24814814814814815,12.935236053321237
349,0135,0,1,"[28.309974685091245, 65.25274499047208]","[np.float64(29.73082302405159), np.float64(67.37384195488153)]",2025-08-31 05:57:30,708.6460847038267,1,2.7656714299516705,259.79258102715175,20.522929932821405,59.55834114735158,16.43893975702494,2,2,2,537,12,0.2482638888888889,18.67331475702494
350,0135,0,1,"[27.70975815139803, 65.10011075308981]","[np.float64(29.73082302405159), np.float64(67.37384195488153)]",2025-08-31 05:57:40,708.6460847038267,1,2.7656714299516705,315.6817675998543,24.459499853189964,59.58626979086776,16.43893975702494,2,2,2,537,12,0.24837962962962962,17.432458275543457
351,0135,0,1,"[27.10946477807666, 64.94869911956896]","[np.float64(29.73082302405159), np.float64(67.37384195488153)]",2025-08-31 05:57:50,708.6460847038267,1,2.7656714299516705,375.75053632538084,28.432323351048236,59.61416428343809,16.43893975702494,2,2,2,537,12,0.24849537037037037,14.947967534802718
352,0194,0,1,"[60.257151461713924, 52.91908650049195]","[np.float64(56.66880133711218), np.float64(53.806526183696)]",2025-08-31 07:27:20,602.184882182784,1,4.935986481094569,402.32157902651005,30.101473780854622,40.54910506450569,16.184340945498565,1,1,1,694,12,0.3106481481481482,16.494989093646712
353,0194,0,1,"[59.67366889148724, 52.53192064248436]","[np.float64(56.66880133711218), np.float64(53.806526183696)]",2025-08-31 07:27:30,602.184882182784,1,4.935986481094569,342.3682790245797,26.258323953932695,40.556481668809305,14.184340945498565,1,1,1,694,12,0.3107638888888889,16.670452056609676
354,0194,0,1,"[59.08931888723597, 52.15658808721382]","[np.float64(56.66880133711218), np.float64(53.806526183696)]",2025-08-31 07:27:40,602.184882182784,1,4.935986481094569,286.26010035405966,22.415096247421,40.563837782545406,15.184340945498565,1,1,1,694,12,0.3108796296296296,13.008183538091158
355,0194,0,1,"[58.50414243009513, 51.79244338180376]","[np.float64(56.66880133711218), np.float64(53.806526183696)]",2025-08-31 07:27:50,602.184882182784,1,4.935986481094569,236.74601792952905,18.83618152972829,40.57116999061942,16.184340945498565,1,1,1,694,12,0.3109953703703704,16.184340945498565
356,0194,0,1,"[57.91819416157807, 51.43888546960722]","[np.float64(56.66880133711218), np.float64(53.806526183696)]",2025-08-31 07:28:00,602.184882182784,1,4.935986481094569,198.81678752344135,15.985923412472966,40.578485123220496,17.184340945498565,1,1,1,694,12,0.3111111111111111,19.984340945498566
357,0021,0,1,"[57.33150823263066, 51.095347444923085]","[np.float64(54.82297473956941), np.float64(55.77283698318541)]",2025-08-31 07:28:10,122.41952825486987,1,4.682593972926773,402.3965112674331,30.106103800514237,42.67870682129689,15.817158925093404,1,1,1,1447,4,0.31122685185185184,14.883478369537848
358,0194,0,1,"[57.33150823263066, 51.095347444923085]","[np.float64(56.66880133711218), np.float64(53.806526183696)]",2025-08-31 07:28:10,602.184882182784,1,4.935986481094569,179.95292192514876,14.536543445492288,40.585779765254074,18.184340945498565,1,1,1,694,12,0.31122685185185184,16.628206686239306
359,0021,0,1,"[56.744125624387905, 50.76130679827986]","[np.float64(54.82297473956941), np.float64(55.77283698318541)]",2025-08-31 07:28:20,122.41952825486987,1,4.682593972926773,379.09870471738066,28.64565011952811,42.68550968971022,13.817158925093404,1,1,1,1447,4,0.3113425925925926,15.062529295463774
360,0194,0,1,"[56.744125624387905, 50.76130679827986]","[np.float64(56.66880133711218), np.float64(53.806526183696)]",2025-08-31 07:28:20,602.184882182784,1,4.935986481094569,186.0478041326605,15.00701432661479,40.59305391672014,22.184340945498565,1,1,1,694,12,0.3113425925925926,23.118368723276344
361,0021,0,1,"[56.15608390289024, 50.43627517115188]","[np.float64(54.82297473956941), np.float64(55.77283698318541)]",2025-08-31 07:28:30,122.41952825486987,1,4.682593972926773,367.29753666010515,27.88990452430165,42.692292067556046,15.817158925093404,1,1,1,1447,4,0.31145833333333334,16.44007559176007
362,0194,0,1,"[56.15608390289024, 50.43627517115188]","[np.float64(56.66880133711218), np.float64(53.806526183696)]",2025-08-31 07:28:30,602.184882182784,1,4.935986481094569,214.98956565631354,17.212104712096416,40.60030757761869,20.184340945498565,1,1,1,694,12,0.31145833333333334,22.3645492788319
363,0021,0,1,"[55.567420634178106, 50.11979494086475]","[np.float64(54.82297473956941), np.float64(55.77283698318541)]",2025-08-31 07:28:40,122.41952825486987,1,4.682593972926773,368.1004687627357,27.94166394513067,42.699053954834355,14.817158925093404,1,1,1,1447,4,0.31157407407407406,11.701418184352663
364,0194,0,1,"[55.567420634178106, 50.11979494086475]","[np.float64(56.66880133711218), np.float64(53.806526183696)]",2025-08-31 07:28:40,602.184882182784,1,4.935986481094569,259.2360753798202,20.48262184194271,40.607540747949734,20.184340945498565,1,1,1,694,12,0.31157407407407406,20.184340945498565
365,0021,0,1,"[54.97816655410276, 49.81143580550077]","[np.float64(54.82297473956941), np.float64(55.77283698318541)]",2025-08-31 07:28:50,122.41952825486987,1,4.682593972926773,381.427842186071,28.793540205655614,42.70578852135599,9.817158925093404,1,1,1,1447,4,0.31168981481481484,11.375607999167478
366,0194,0,1,"[54.97816655410276, 49.81143580550077]","[np.float64(56.66880133711218), np.float64(53.806526183696)]",2025-08-31 07:28:50,602.184882182784,1,4.935986481094569,312.3498770176246,24.23116957906343,40.61475342771327,16.184340945498565,1,1,1,694,12,0.31168981481481484,14.314202056609677
367,0021,0,1,"[54.38835239851549, 49.51079819899349]","[np.float64(54.82297473956941), np.float64(55.77283698318541)]",2025-08-31 07:29:00,122.41952825486987,1,4.682593972926773,406.0480756062187,30.331206154500016,42.712506012404695,13.817158925093404,1,1,1,1447,4,0.31180555555555556,11.94632559176007
368,0194,0,1,"[54.38835239851549, 49.51079819899349]","[np.float64(56.66880133711218), np.float64(53.806526183696)]",2025-08-31 07:29:00,602.184882182784,1,4.935986481094569,370.53724121613914,28.098442184721428,40.621949032003876,20.184340945498565,1,1,1,694,12,0.31180555555555556,19.87253538994301
369,0249,0,1,"[14.315655589939125, 37.24828978959738]","[np.float64(14.24980042801736), np.float64(33.58714391359199)]",2025-08-31 07:40:10,185.94202342264472,1,3.7665386017824867,394.58181900700095,29.62090183834953,58.67471274423786,9.442618806246042,4,4,3,1009,12,0.3195601851851852,8.803498435875671
370,0223,0,1,"[13.714338542015895, 37.11478691208031]","[np.float64(11.08469086642429), np.float64(39.40749123387835)]",2025-08-31 07:40:20,655.4618132092008,1,6.596902848818741,384.0359534089088,28.95864731198594,64.66765732579044,21.06439963817758,3,3,3,694,7,0.3196759259259259,23.621807045584987
371,0249,0,1,"[13.714338542015895, 37.11478691208031]","[np.float64(14.24980042801736), np.float64(33.58714391359199)]",2025-08-31 07:40:20,185.94202342264472,1,3.7665386017824867,385.258132475843,29.03583705007863,58.714771803719984,16.442618806246042,4,4,3,1009,12,0.3196759259259259,15.80326695439419
372,0223,0,1,"[13.113001003525156, 36.98175190252139]","[np.float64(11.08469086642429), np.float64(39.40749123387835)]",2025-08-31 07:40:30,655.4618132092008,1,6.596902848818741,347.0114154735021,26.56580512998797,64.7084608758921,21.06439963817758,3,3,3,694,7,0.31979166666666664,21.06439963817758
373,0249,0,1,"[13.113001003525156, 36.98175190252139]","[np.float64(14.24980042801736), np.float64(33.58714391359199)]",2025-08-31 07:40:30,185.94202342264472,1,3.7665386017824867,387.91670352288224,29.203347506572847,58.75483086320211,15.442618806246042,4,4,3,1009,12,0.31979166666666664,12.244702139579376
374,0223,0,1,"[12.5116446820142, 36.8491642703531]","[np.float64(11.08469086642429), np.float64(39.40749123387835)]",2025-08-31 07:40:40,655.4618132092008,1,6.596902848818741,320.48890672489006,24.787472911961448,64.74926442599376,20.06439963817758,3,3,3,694,7,0.3199074074074074,21.024121860399802
375,0249,0,1,"[12.5116446820142, 36.8491642703531]","[np.float64(14.24980042801736), np.float64(33.58714391359199)]",2025-08-31 07:40:40,185.94202342264472,1,3.7665386017824867,402.3209756198729,30.10143649494802,58.79488309249506,12.442618806246042,4,4,3,1009,12,0.3199074074074074,9.243544732171967
376,0223,0,1,"[11.91027128503032, 36.71700352500794]","[np.float64(11.08469086642429), np.float64(39.40749123387835)]",2025-08-31 07:40:50,655.4618132092008,1,6.596902848818741,307.1989094747293,23.87656360315426,64.79006797609541,21.06439963817758,3,3,3,694,7,0.32002314814814814,23.624584823362767
377,0223,0,1,"[11.308882520120804, 36.58524576082381]","[np.float64(11.08469086642429), np.float64(39.40749123387835)]",2025-08-31 07:41:00,655.4618132092008,1,6.596902848818741,308.85291103819276,23.990642844477456,64.8308646960079,23.06439963817758,3,3,3,694,7,0.32013888888888886,24.344955193733135
378,0223,0,1,"[10.707479241059305, 36.45386365704403]","[np.float64(11.08469086642429), np.float64(39.40749123387835)]",2025-08-31 07:41:10,655.4618132092008,1,6.596902848818741,325.22202371158227,25.108710575457035,64.87166824610955,20.06439963817758,3,3,3,694,7,0.32025462962962964,21.3454181566961
379,0223,0,1,"[10.106064862940404, 36.32284013819567]","[np.float64(11.08469086642429), np.float64(39.40749123387835)]",2025-08-31 07:41:20,655.4618132092008,1,6.596902848818741,354.2704809904298,27.0432297476917,64.91246496602204,24.06439963817758,3,3,3,694,7,0.32037037037037036,23.42365889743684
380,0223,0,1,"[9.5046393857641, 36.19215471371123]","[np.float64(11.08469086642429), np.float64(39.40749123387835)]",2025-08-31 07:41:30,655.4618132092008,1,6.596902848818741,393.19670464464843,29.534410009942043,64.95326168593454,25.06439963817758,3,3,3,694,7,0.32048611111111114,27.948774638177582
381,0238,0,1,"[9.5046393857641, 36.19215471371123]","[np.float64(7.257431164626644), np.float64(38.79297444451961)]",2025-08-31 07:41:30,513.2497344020267,1,4.09424597414311,379.8508564767952,28.693454211732682,64.31429748907983,16.817158925093402,2,2,2,735,13,0.32048611111111114,16.17618670287118
382,0238,0,1,"[8.903204517077688, 36.06178006283403]","[np.float64(7.257431164626644), np.float64(38.79297444451961)]",2025-08-31 07:41:40,513.2497344020267,1,4.09424597414311,351.9821158821636,26.89315925373848,64.35549719015336,10.817158925093404,2,2,2,735,13,0.32060185185185186,13.70257559176007
383,0238,0,1,"[8.301762818202107, 35.93170252518573]","[np.float64(7.257431164626644), np.float64(38.79297444451961)]",2025-08-31 07:41:50,513.2497344020267,1,4.09424597414311,335.9348909309738,25.829583461172952,64.39669689122687,16.817158925093402,2,2,2,735,13,0.3207175925925926,16.817158925093402
384,0238,0,1,"[7.7003159966846475, 35.80189478000963]","[np.float64(7.257431164626644), np.float64(38.79297444451961)]",2025-08-31 07:42:00,513.2497344020267,1,4.09424597414311,333.4194175801665,25.661093099407946,64.43789659230039,13.817158925093404,2,2,2,735,13,0.32083333333333336,10.929658925093403
385,0238,0,1,"[7.098864052525311, 35.67233975183283]","[np.float64(7.257431164626644), np.float64(38.79297444451961)]",2025-08-31 07:42:10,513.2497344020267,1,4.09424597414311,344.73002931532113,26.414930338825567,64.4790962933739,14.817158925093404,2,2,2,735,13,0.3209490740740741,17.063802443611923
386,0238,0,1,"[6.497409973931859, 35.54301695008781]","[np.float64(7.257431164626644), np.float64(38.79297444451961)]",2025-08-31 07:42:20,513.2497344020267,1,4.09424597414311,368.5945909980165,27.973491921979083,64.52029599444742,9.817158925093404,2,2,2,735,13,0.3210648148148148,11.743547813982293
387,0238,0,1,"[5.89595504156476, 35.41390246911247]","[np.float64(7.257431164626644), np.float64(38.79297444451961)]",2025-08-31 07:42:30,513.2497344020267,1,4.09424597414311,402.7867428685476,30.130208971839345,64.56149569552093,10.817158925093404,2,2,2,735,13,0.3211805555555556,9.53243670287118
388,0061,0,1,"[-1.922382995439711, 33.745779028498596]","[np.float64(-2.406371886311463), np.float64(30.14223621504588)]",2025-08-31 07:44:40,744.1598591529929,2,4.6139467844390305,404.00956955256714,30.205668545172795,54.616900773427865,11.442618806246042,4,4,3,827,10,0.3226851851851852,9.829192880320116
389,0168,0,1,"[-1.922382995439711, 33.745779028498596]","[np.float64(-2.394222185634411), np.float64(30.17999503944243)]",2025-08-31 07:44:40,712.9143361481996,2,3.393790617889554,399.67380492097726,29.937590843347177,54.656515870613944,17.06807868739868,1,1,1,1159,13,0.3226851851851852,13.841226835546827
390,0061,0,1,"[-2.5236985492590587, 33.617586623061214]","[np.float64(-2.406371886311463), np.float64(30.14223621504588)]",2025-08-31 07:44:50,744.1598591529929,2,4.6139467844390305,386.3044678740159,29.10182935046475,54.656416832870974,8.442618806246042,4,4,3,827,10,0.3228009259259259,8.442618806246042
391,0168,0,1,"[-2.5236985492590587, 33.617586623061214]","[np.float64(-2.394222185634411), np.float64(30.17999503944243)]",2025-08-31 07:44:50,712.9143361481996,2,3.393790617889554,382.1624171446041,28.840095734921107,54.696035345151635,18.06807868739868,1,1,1,1159,13,0.3228009259259259,20.32768516888016
392,0061,0,1,"[-3.124993185624074, 33.48931225535379]","[np.float64(-2.406371886311463), np.float64(30.14223621504588)]",2025-08-31 07:45:00,744.1598591529929,2,4.6139467844390305,380.2334853209443,28.717756001853083,54.6959294772195,12.442618806246042,4,4,3,827,10,0.3229166666666667,14.380118806246042
393,0168,0,1,"[-3.124993185624074, 33.48931225535379]","[np.float64(-2.394222185634411), np.float64(30.17999503944243)]",2025-08-31 07:45:00,712.9143361481996,2,3.393790617889554,376.42557394791936,28.475402538654752,54.735547989500155,19.06807868739868,1,1,1,1159,13,0.3229166666666667,21.00557868739868
394,0061,0,1,"[-3.7262656238742857, 33.36094568009257]","[np.float64(-2.406371886311463), np.float64(30.14223621504588)]",2025-08-31 07:45:10,744.1598591529929,2,4.6139467844390305,386.34647298828,29.10447684574343,54.73543870647344,11.442618806246042,4,4,3,827,10,0.3230324074074074,10.796553991431226
395,0168,0,1,"[-3.7262656238742857, 33.36094568009257]","[np.float64(-2.394222185634411), np.float64(30.17999503944243)]",2025-08-31 07:45:10,712.9143361481996,2,3.393790617889554,382.9937511037313,28.892733398162015,54.7750572187541,13.068078687398678,1,1,1,1159,13,0.3230324074074074,15.975370354065344
396,0061,0,1,"[-4.327514796792638, 33.232459576520874]","[np.float64(-2.406371886311463), np.float64(30.14223621504588)]",2025-08-31 07:45:20,744.1598591529929,2,4.6139467844390305,404.0900781429524,30.21063260675908,54.77494452063279,13.442618806246042,4,4,3,827,10,0.32314814814814813,12.473174361801597
397,0168,0,1,"[-4.327514796792638, 33.232459576520874]","[np.float64(-2.394222185634411), np.float64(30.17999503944243)]",2025-08-31 07:45:20,712.9143361481996,2,3.393790617889554,401.26236108417913,30.035978908526456,54.814559617818865,13.068078687398678,1,1,1,1159,13,0.32314814814814813,11.775486094806086
398,0171,0,1,"[-5.529935876114355, 32.97506048255436]","[np.float64(-5.99238331348251), np.float64(29.36275774448988)]",2025-08-31 07:45:40,571.9546728383315,1,2.371149090350704,402.9343394279149,30.139323158392358,52.86619351555937,11.442618806246042,1,1,1,872,12,0.32337962962962963,12.0893780655053
399,0171,0,1,"[-6.13110479430996, 32.846106511024516]","[np.float64(-5.99238331348251), np.float64(29.36275774448988)]",2025-08-31 07:45:50,571.9546728383315,1,2.371149090350704,385.4735542124864,29.049430591788607,52.904445990006025,17.442618806246042,1,1,1,872,12,0.32349537037037035,20.030581769209004
400,0171,0,1,"[-6.732244684201591, 32.716961294197915]","[np.float64(-5.99238331348251), np.float64(29.36275774448988)]",2025-08-31 07:46:00,571.9546728383315,1,2.371149090350704,379.6904020946331,28.683259961530467,52.94269163426351,18.442618806246042,1,1,1,872,12,0.3236111111111111,21.03150769513493
401,0171,0,1,"[-7.333353838241957, 32.58760092641246]","[np.float64(-5.99238331348251), np.float64(29.36275774448988)]",2025-08-31 07:46:10,571.9546728383315,1,2.371149090350704,386.1094410050817,29.089535427029492,52.980930448331826,11.442618806246042,1,1,1,872,12,0.32372685185185185,12.090072509949746
402,0171,0,1,"[-7.934430121996944, 32.45800491710064]","[np.float64(-5.99238331348251), np.float64(29.36275774448988)]",2025-08-31 07:46:20,571.9546728383315,1,2.371149090350704,404.1495052711205,30.21429648981287,53.019162432210976,18.442618806246042,1,1,1,872,12,0.32384259259259257,21.033359546986784
403,0114,0,1,"[-23.545659899366182, 28.932517399633934]","[np.float64(-25.70128578474945), np.float64(32.0841088916068)]",2025-08-31 07:50:40,133.36104014646412,1,7.949472768677483,398.6468220209202,29.87388034101108,44.85070697736094,17.809800826651205,3,3,3,1165,10,0.32685185185185184,14.541282308132686
404,0114,0,1,"[-24.145210489615316, 28.787669577905472]","[np.float64(-25.70128578474945), np.float64(32.0841088916068)]",2025-08-31 07:50:50,133.36104014646412,1,7.949472768677483,374.7266293659793,28.36691320752889,44.877160300016406,18.809800826651205,3,3,3,1165,10,0.3269675925925926,20.117671197021576
405,0114,0,1,"[-24.744677410047117, 28.64185357686216]","[np.float64(-25.70128578474945), np.float64(32.0841088916068)]",2025-08-31 07:51:00,133.36104014646412,1,7.949472768677483,362.22213278331196,27.56158298866479,44.903593132104355,17.809800826651205,3,3,3,1165,10,0.32708333333333334,14.866050826651206
406,0114,0,1,"[-25.34405553801971, 28.495028415368985]","[np.float64(-25.70128578474945), np.float64(32.0841088916068)]",2025-08-31 07:51:10,133.36104014646412,1,7.949472768677483,362.3151697957821,27.567619225252546,44.93000888871938,21.809800826651205,3,3,3,1165,10,0.32719907407407406,23.77299527109565
407,0114,0,1,"[-25.943341458438503, 28.347161650027378]","[np.float64(-25.70128578474945), np.float64(32.0841088916068)]",2025-08-31 07:51:20,133.36104014646412,1,7.949472768677483,374.9932705994887,28.383954798252606,44.956400739672304,17.809800826651205,3,3,3,1165,10,0.32731481481481484,16.173226752577133
408,0114,0,1,"[-26.542535171303506, 28.19820888460774]","[np.float64(-25.70128578474945), np.float64(32.0841088916068)]",2025-08-31 07:51:30,133.36104014646412,1,7.949472768677483,399.0568305311166,29.899325637792717,44.98277210005772,18.809800826651205,3,3,3,1165,10,0.32743055555555556,16.517786937762317
409,0119,0,1,"[65.29241472917151, 32.21784522059924]","[np.float64(61.88599621454934), np.float64(34.29573543686479)]",2025-08-31 09:04:40,869.7595635561564,2,5.053374602397637,392.4185276914421,29.48575264992232,36.15203418252658,17.686180470109115,3,3,3,1276,12,0.37824074074074077,16.55145824788689
410,0119,0,1,"[64.71932770686159, 31.691299107293784]","[np.float64(61.88599621454934), np.float64(34.29573543686479)]",2025-08-31 09:04:50,869.7595635561564,2,5.053374602397637,340.7935815102301,26.153671266202167,36.155995692245185,23.686180470109115,3,3,3,1276,12,0.3783564814814815,22.17275454418319
411,0119,0,1,"[64.1447312127451, 31.1848952218507]","[np.float64(61.88599621454934), np.float64(34.29573543686479)]",2025-08-31 09:05:00,869.7595635561564,2,5.053374602397637,296.0947993333747,23.105497990647972,36.159943541585456,19.686180470109115,3,3,3,1276,12,0.3784722222222222,19.307708247886893
412,0119,0,1,"[63.56871403928125, 30.69735973398977]","[np.float64(61.88599621454934), np.float64(34.29573543686479)]",2025-08-31 09:05:10,869.7595635561564,2,5.053374602397637,261.8920035977905,20.674801358225128,36.16387090035821,26.686180470109115,3,3,3,1276,12,0.378587962962963,29.71488417381282
413,0119,0,1,"[62.99137863930758, 30.22752809645752]","[np.float64(61.88599621454934), np.float64(34.29573543686479)]",2025-08-31 09:05:20,869.7595635561564,2,5.053374602397637,242.66579570440982,19.27281891364916,36.16778118365804,18.686180470109115,3,3,3,1276,12,0.3787037037037037,14.899143433072076
414,0119,0,1,"[62.41280014490496, 29.77431430917591]","[np.float64(61.88599621454934), np.float64(34.29573543686479)]",2025-08-31 09:05:30,869.7595635561564,2,5.053374602397637,242.01204507470294,19.22471197990297,36.17167780657954,23.686180470109115,3,3,3,1276,12,0.37881944444444443,26.337916581220227
415,0119,0,1,"[61.83305368815428, 29.336727994715286]","[np.float64(61.88599621454934), np.float64(34.29573543686479)]",2025-08-31 09:05:40,869.7595635561564,2,5.053374602397637,260.0710351170397,20.54309059265686,36.17555393893352,23.686180470109115,3,3,3,1276,12,0.3789351851851852,22.54937491455356
416,0119,0,1,"[61.25222123132557, 28.913843662443117]","[np.float64(61.88599621454934), np.float64(34.29573543686479)]",2025-08-31 09:05:50,869.7595635561564,2,5.053374602397637,293.4079652613721,22.917574392591852,36.17941641090916,17.686180470109115,3,3,3,1276,12,0.37905092592592593,14.653773062701706
417,0119,0,1,"[60.67035741593218, 28.504805831165857]","[np.float64(61.88599621454934), np.float64(34.29573543686479)]",2025-08-31 09:06:00,869.7595635561564,2,5.053374602397637,337.5262478410032,25.93592808994954,36.18325839231729,24.686180470109115,3,3,3,1276,12,0.37916666666666665,23.548680470109115
418,0119,0,1,"[60.087530543865824, 28.10882732158166]","[np.float64(61.88599621454934), np.float64(34.29573543686479)]",2025-08-31 09:06:10,869.7595635561564,2,5.053374602397637,388.77238738806693,29.257146106470465,36.1870832982525,22.686180470109115,3,3,3,1276,12,0.37928240740740743,24.203310099738744
419,0196,0,1,"[58.33379751219501, 26.99215627908169]","[np.float64(55.02482225295105), np.float64(25.63956112566773)]",2025-08-31 09:06:40,676.2592286881184,1,7.756776769935576,377.0833336036088,28.51734531859604,41.37592678429241,22.184340945498565,4,4,3,989,12,0.37962962962962965,19.147303908461527
420,0196,0,1,"[57.74762384743535, 26.641567791626812]","[np.float64(55.02482225295105), np.float64(25.63956112566773)]",2025-08-31 09:06:50,676.2592286881184,1,7.756776769935576,308.9720437639233,23.9988518398908,41.38547538875209,20.184340945498565,4,4,3,989,12,0.37974537037037037,16.386887241794863
421,0070,0,1,"[57.160733012812834, 26.30084551242802]","[np.float64(53.90033850330105), np.float64(23.98352188543916)]",2025-08-31 09:07:00,738.0945281454173,2,3.6114570848091607,390.71586437639866,29.379126454178795,42.009809320404614,22.06439963817758,2,2,2,849,10,0.3798611111111111,18.64564963817758
422,0196,0,1,"[57.160733012812834, 26.30084551242802]","[np.float64(55.02482225295105), np.float64(25.63956112566773)]",2025-08-31 09:07:00,676.2592286881184,1,7.756776769935576,241.0159158250719,19.151356570497597,41.39500350264426,20.184340945498565,4,4,3,989,12,0.3798611111111111,21.3239242788319
423,0070,0,1,"[56.57315574417873, 25.969473762202973]","[np.float64(53.90033850330105), np.float64(23.98352188543916)]",2025-08-31 09:07:10,738.0945281454173,2,3.6114570848091607,322.7423026993976,24.940620361042683,42.02057369853656,22.06439963817758,2,2,2,849,10,0.37997685185185187,23.204330193733135
424,0196,0,1,"[56.57315574417873, 25.969473762202973]","[np.float64(55.02482225295105), np.float64(25.63956112566773)]",2025-08-31 09:07:10,676.2592286881184,1,7.756776769935576,173.3969603207328,14.028236761761946,41.4045145410635,21.184340945498565,4,4,3,989,12,0.37997685185185187,24.60413261216523
425,0070,0,1,"[55.98493302266806, 25.646976135257066]","[np.float64(53.90033850330105), np.float64(23.98352188543916)]",2025-08-31 09:07:20,738.0945281454173,2,3.6114570848091607,254.96726493964314,20.172725779463125,42.03131758610099,19.06439963817758,2,2,2,849,10,0.3800925925925926,20.20467741595536
426,0196,0,1,"[55.98493302266806, 25.646976135257066]","[np.float64(55.02482225295105), np.float64(25.63956112566773)]",2025-08-31 09:07:20,676.2592286881184,1,7.756776769935576,106.760618431601,8.745467677202827,41.41400167382065,24.184340945498565,4,4,3,989,12,0.3800925925925926,26.084803908461527
427,0070,0,1,"[55.39609216903751, 25.332900131557786]","[np.float64(53.90033850330105), np.float64(23.98352188543916)]",2025-08-31 09:07:30,738.0945281454173,2,3.6114570848091607,187.6062336287906,15.126982182843022,42.042044398192495,16.06439963817758,2,2,2,849,10,0.3802083333333333,14.543566304844246
428,0141,0,1,"[55.39609216903751, 25.332900131557786]","[np.float64(52.28969137768817), np.float64(26.09225234242703)]",2025-08-31 09:07:30,80.65872889055422,1,4.870159773658979,348.9846569643567,26.69598183262194,44.03503212629968,20.56623916278813,1,1,1,599,2,0.3802083333333333,19.045405829454797
429,0196,0,1,"[55.39609216903751, 25.332900131557786]","[np.float64(55.02482225295105), np.float64(25.63956112566773)]",2025-08-31 09:07:30,676.2592286881184,1,7.756776769935576,45.63808459294028,3.7624064093008203,41.42347173110487,18.184340945498565,4,4,3,989,12,0.3802083333333333,21.226007612165233
430,0070,0,1,"[54.8066707493275, 25.026827402018466]","[np.float64(53.90033850330105), np.float64(23.98352188543916)]",2025-08-31 09:07:40,738.0945281454173,2,3.6114570848091607,121.35390566179866,9.918547637983151,42.0527473046219,17.06439963817758,2,2,2,849,10,0.3803240740740741,14.40213111965906
431,0141,0,1,"[54.8066707493275, 25.026827402018466]","[np.float64(52.28969137768817), np.float64(26.09225234242703)]",2025-08-31 09:07:40,80.65872889055422,1,4.870159773658979,288.58223001792845,22.578739922420286,44.045287655338456,12.56623916278813,1,1,1,599,2,0.3803240740740741,9.143322496121463
432,0196,0,1,"[54.8066707493275, 25.026827402018466]","[np.float64(55.02482225295105), np.float64(25.63956112566773)]",2025-08-31 09:07:40,676.2592286881184,1,7.756776769935576,46.06539166678481,3.797531028476804,41.432921297821586,18.184340945498565,4,4,3,989,12,0.3803240740740741,19.70563724179486
433,0070,0,1,"[54.21669949938931, 24.728363503214542]","[np.float64(53.90033850330105), np.float64(23.98352188543916)]",2025-08-31 09:07:50,738.0945281454173,2,3.6114570848091607,60.00573790710875,4.941709112163421,42.0634297204838,19.06439963817758,2,2,2,849,10,0.3804398148148148,22.488357971510915
434,0141,0,1,"[54.21669949938931, 24.728363503214542]","[np.float64(52.28969137768817), np.float64(26.09225234242703)]",2025-08-31 09:07:50,80.65872889055422,1,4.870159773658979,232.68152054088466,18.535064572347604,44.05552269380972,20.56623916278813,1,1,1,599,2,0.3804398148148148,17.142280829454798
435,0196,0,1,"[54.21669949938931, 24.728363503214542]","[np.float64(55.02482225295105), np.float64(25.63956112566773)]",2025-08-31 09:07:50,676.2592286881184,1,7.756776769935576,107.31086135530019,8.789839576647367,41.4423469588762,20.184340945498565,4,4,3,989,12,0.3804398148148148,20.56478076031338
436,0070,0,1,"[53.62619890979044, 24.43713789738354]","[np.float64(53.90033850330105), np.float64(23.98352188543916)]",2025-08-31 09:08:00,738.0945281454173,2,3.6114570848091607,42.64036872519396,3.5159161617226418,42.07409164577819,18.06439963817758,2,2,2,849,10,0.38055555555555554,15.781066304844247
437,0141,0,1,"[53.62619890979044, 24.43713789738354]","[np.float64(52.28969137768817), np.float64(26.09225234242703)]",2025-08-31 09:08:00,80.65872889055422,1,4.870159773658979,185.39992061648135,14.957100547468283,44.06573382661889,15.56623916278813,1,1,1,599,2,0.38055555555555554,13.66346138501035
438,0196,0,1,"[53.62619890979044, 24.43713789738354]","[np.float64(55.02482225295105), np.float64(25.63956112566773)]",2025-08-31 09:08:00,676.2592286881184,1,7.756776769935576,173.9657814380062,14.07243006669017,41.451755544457896,26.184340945498565,4,4,3,989,12,0.38055555555555554,22.759340945498565
439,0070,0,1,"[53.03520313147675, 24.152807367519664]","[np.float64(53.90033850330105), np.float64(23.98352188543916)]",2025-08-31 09:08:10,738.0945281454173,2,3.6114570848091607,96.84911994399575,7.944436356397613,42.084733080505075,19.06439963817758,2,2,2,849,10,0.3806712962962963,19.445070934473875
440,0141,0,1,"[53.03520313147675, 24.152807367519664]","[np.float64(52.28969137768817), np.float64(26.09225234242703)]",2025-08-31 09:08:10,80.65872889055422,1,4.870159773658979,154.84677510346552,12.577934184666743,44.07592105376596,13.56623916278813,1,1,1,599,2,0.3806712962962963,16.992280829454796
441,0196,0,1,"[53.03520313147675, 24.152807367519664]","[np.float64(55.02482225295105), np.float64(25.63956112566773)]",2025-08-31 09:08:10,676.2592286881184,1,7.756776769935576,241.5936578803092,19.193909719476668,41.461140224377495,27.184340945498565,4,4,3,989,12,0.3806712962962963,27.56501224179486
442,0070,0,1,"[52.443729239921154, 23.87504235699546]","[np.float64(53.90033850330105), np.float64(23.98352188543916)]",2025-08-31 09:08:20,738.0945281454173,2,3.6114570848091607,162.1290382160427,13.149344255309643,42.09535402466444,22.06439963817758,2,2,2,849,10,0.38078703703703703,24.3491218603998
443,0141,0,1,"[52.443729239921154, 23.87504235699546]","[np.float64(52.28969137768817), np.float64(26.09225234242703)]",2025-08-31 09:08:20,80.65872889055422,1,4.870159773658979,151.5055476210417,12.314900697594698,44.08608779034553,20.56623916278813,1,1,1,599,2,0.38078703703703703,21.70860027389924
444,0196,0,1,"[52.443729239921154, 23.87504235699546]","[np.float64(55.02482225295105), np.float64(25.63956112566773)]",2025-08-31 09:08:20,676.2592286881184,1,7.756776769935576,309.5584933471153,24.039246644236396,41.47050782882416,24.184340945498565,4,4,3,989,12,0.38078703703703703,26.469063167720787
445,0070,0,1,"[51.85180455588034, 23.603537214845577]","[np.float64(53.90033850330105), np.float64(23.98352188543916)]",2025-08-31 09:08:30,738.0945281454173,2,3.6114570848091607,229.20895433497896,18.276956649223596,42.1059544782563,16.06439963817758,2,2,2,849,10,0.38090277777777776,19.1116218603998
446,0141,0,1,"[51.85180455588034, 23.603537214845577]","[np.float64(52.28969137768817), np.float64(26.09225234242703)]",2025-08-31 09:08:30,80.65872889055422,1,4.870159773658979,176.9255013408894,14.302102340254693,44.096230621263,11.56623916278813,1,1,1,599,2,0.38090277777777776,12.708947496121462
447,0196,0,1,"[51.85180455588034, 23.603537214845577]","[np.float64(55.02482225295105), np.float64(25.63956112566773)]",2025-08-31 09:08:30,676.2592286881184,1,7.756776769935576,377.6785299993941,28.555269949125524,41.479851527608744,26.184340945498565,4,4,3,989,12,0.38090277777777776,25.04163261216523
448,0070,0,1,"[51.25944956992181, 23.33800507312487]","[np.float64(53.90033850330105), np.float64(23.98352188543916)]",2025-08-31 09:08:40,738.0945281454173,2,3.6114570848091607,296.8718721093572,23.159750620560374,42.11653444128065,16.06439963817758,2,2,2,849,10,0.38101851851851853,16.826436675214616
449,0141,0,1,"[51.25944956992181, 23.33800507312487]","[np.float64(52.28969137768817), np.float64(26.09225234242703)]",2025-08-31 09:08:40,80.65872889055422,1,4.870159773658979,221.41307546158737,17.69471170807918,44.106352961612956,19.56623916278813,1,1,1,599,2,0.38101851851851853,18.042165088714054
450,0070,0,1,"[50.66668477261309, 23.078174431813828]","[np.float64(53.90033850330105), np.float64(23.98352188543916)]",2025-08-31 09:08:50,738.0945281454173,2,3.6114570848091607,364.7939905867617,27.728200420381334,42.12709391373749,23.06439963817758,2,2,2,849,10,0.38113425925925926,23.06439963817758
451,0141,0,1,"[50.66668477261309, 23.078174431813828]","[np.float64(52.28969137768817), np.float64(26.09225234242703)]",2025-08-31 09:08:50,80.65872889055422,1,4.870159773658979,275.89385333119446,21.679877889115627,44.11645139630082,14.56623916278813,1,1,1,599,2,0.38113425925925926,15.328507681306647
452,0139,0,1,"[50.07352723942709, 22.823785743723995]","[np.float64(46.60438717065352), np.float64(23.38616091597898)]",2025-08-31 09:09:00,732.1454776165046,2,6.024269037336467,387.98116901422907,29.207402553353592,48.427263819251834,10.43893975702494,2,2,2,702,9,0.38125,8.15143975702494
453,0141,0,1,"[50.07352723942709, 22.823785743723995]","[np.float64(52.28969137768817), np.float64(26.09225234242703)]",2025-08-31 09:09:00,80.65872889055422,1,4.870159773658979,335.5353673558418,25.802854673212686,44.12652592532659,16.56623916278813,1,1,1,599,2,0.38125,19.23498916278813
454,0139,0,1,"[49.479997460931315, 22.574599952234422]","[np.float64(46.60438717065352), np.float64(23.38616091597898)]",2025-08-31 09:09:10,732.1454776165046,2,6.024269037336467,325.39054106602583,25.120116967720882,48.441402310833766,13.43893975702494,2,2,2,702,9,0.38136574074074076,13.0575740162842
455,0141,0,1,"[49.479997460931315, 22.574599952234422]","[np.float64(52.28969137768817), np.float64(26.09225234242703)]",2025-08-31 09:09:10,80.65872889055422,1,4.870159773658979,398.0243752851058,29.8352262132469,44.13657996378485,14.56623916278813,1,1,1,599,2,0.38136574074074076,13.803507681306648
456,0139,0,1,"[48.88611251259871, 22.330388246007907]","[np.float64(46.60438717065352), np.float64(23.38616091597898)]",2025-08-31 09:09:20,732.1454776165046,2,6.024269037336467,265.70637987014794,20.949955121782367,48.45551689675359,14.43893975702494,2,2,2,702,9,0.3814814814814815,11.005606423691606
457,0139,0,1,"[48.2918860548076, 22.0909354740856]","[np.float64(46.60438717065352), np.float64(23.38616091597898)]",2025-08-31 09:09:30,732.1454776165046,2,6.024269037336467,211.4050040039458,16.941687980924378,48.46960757701133,9.43893975702494,2,2,2,702,9,0.3815972222222222,7.149356423691607
458,0139,0,1,"[47.697338578125496, 21.8560367307924]","[np.float64(46.60438717065352), np.float64(23.38616091597898)]",2025-08-31 09:09:40,732.1454776165046,2,6.024269037336467,167.79749389063238,13.592295819004507,48.48367435160697,17.43893975702494,2,2,2,702,9,0.381712962962963,15.530374942210125
459,0165,0,1,"[47.697338578125496, 21.8560367307924]","[np.float64(47.43201384411275), np.float64(16.49871748024867)]",2025-08-31 09:09:40,401.4004296311611,1,7.6911579754661386,402.95821229537387,30.14079716583065,45.181544265283435,24.315319400482853,2,2,2,507,5,0.381712962962963,24.697032363445814
460,0139,0,1,"[47.10247691274158, 21.625497355736957]","[np.float64(46.60438717065352), np.float64(23.38616091597898)]",2025-08-31 09:09:50,732.1454776165046,2,6.024269037336467,144.88476709432786,11.792137668701145,48.49771380544593,15.43893975702494,2,2,2,702,9,0.3818287037037037,15.057111053321236
461,0165,0,1,"[47.10247691274158, 21.625497355736957]","[np.float64(47.43201384411275), np.float64(16.49871748024867)]",2025-08-31 09:09:50,401.4004296311611,1,7.6911579754661386,388.4996324993818,29.24000358530911,45.19892368162653,20.315319400482853,2,2,2,507,5,0.3818287037037037,18.406175881964334
462,0139,0,1,"[46.50732154922335, 21.399136348906275]","[np.float64(46.60438717065352), np.float64(23.38616091597898)]",2025-08-31 09:10:00,732.1454776165046,2,6.024269037336467,152.31262322780498,12.378485355168344,48.511725938528215,16.43893975702494,2,2,2,702,9,0.3819444444444444,13.00143975702494
463,0165,0,1,"[46.50732154922335, 21.399136348906275]","[np.float64(47.43201384411275), np.float64(16.49871748024867)]",2025-08-31 09:10:00,401.4004296311611,1,7.6911579754661386,385.7123272558211,29.064493462414887,45.21628260740212,23.315319400482853,2,2,2,507,5,0.3819444444444444,21.787541622705074
464,0139,0,1,"[45.911879317759976, 21.176777832929215]","[np.float64(46.60438717065352), np.float64(23.38616091597898)]",2025-08-31 09:10:10,732.1454776165046,2,6.024269037336467,186.49069874844847,15.04112209106497,48.5257141659484,18.43893975702494,2,2,2,702,9,0.3820601851851852,19.20306012739531
465,0165,0,1,"[45.911879317759976, 21.176777832929215]","[np.float64(47.43201384411275), np.float64(16.49871748024867)]",2025-08-31 09:10:10,401.4004296311611,1,7.6911579754661386,394.8446503974084,29.637297303577693,45.2336210426102,15.315319400482853,2,2,2,507,5,0.3820601851851852,16.46149995603841
466,0139,0,1,"[45.316167293824385, 20.958259590813]","[np.float64(46.60438717065352), np.float64(23.38616091597898)]",2025-08-31 09:10:20,732.1454776165046,2,6.024269037336467,236.07323491802592,18.786412632194338,48.53967848770649,10.43893975702494,2,2,2,702,9,0.3821759259259259,10.43893975702494
467,0139,0,1,"[44.72019230760576, 20.74342282065942]","[np.float64(46.60438717065352), np.float64(23.38616091597898)]",2025-08-31 09:10:30,732.1454776165046,2,6.024269037336467,293.35103346155597,22.913586785486153,48.553615488707905,9.43893975702494,2,2,2,702,9,0.38229166666666664,12.497273090358274
468,0139,0,1,"[44.123971434577, 20.53212067340132]","[np.float64(46.60438717065352), np.float64(23.38616091597898)]",2025-08-31 09:10:40,732.1454776165046,2,6.024269037336467,354.61436378633186,27.065746927277402,48.56752858404722,13.43893975702494,2,2,2,702,9,0.3824074074074074,10.762087905173088
469,0079,0,1,"[42.9308227639404, 20.11956017205962]","[np.float64(40.41672616723248), np.float64(17.08258724973445)]",2025-08-31 09:11:00,738.5276574888547,2,5.436263172830643,376.47707171972513,28.47868755446327,50.97545371932727,21.809800826651205,3,3,3,1381,4,0.38263888888888886,21.809800826651205
470,0079,0,1,"[42.333912041805476, 19.918040563240275]","[np.float64(40.41672616723248), np.float64(17.08258724973445)]",2025-08-31 09:11:10,738.5276574888547,2,5.436263172830643,318.43275523665477,24.647400060399942,50.99664779632182,26.809800826651205,3,3,3,1381,4,0.38275462962962964,26.809800826651205
471,0079,0,1,"[41.73679641399545, 19.719527945203023]","[np.float64(40.41672616723248), np.float64(17.08258724973445)]",2025-08-31 09:11:20,738.5276574888547,2,5.436263172830643,265.3134127215692,20.9216545106138,51.017814552559685,22.809800826651205,3,3,3,1381,4,0.38287037037037036,25.107023048873426
472,0079,0,1,"[41.139475880510325, 19.523907912279274]","[np.float64(40.41672616723248), np.float64(17.08258724973445)]",2025-08-31 09:11:30,738.5276574888547,2,5.436263172830643,220.70494890970542,17.641634869756537,51.038964233324634,25.809800826651205,3,3,3,1381,4,0.38298611111111114,24.660842493317872
473,0073,0,1,"[40.54196068663386, 19.33106947389501]","[np.float64(40.23704223296568), np.float64(14.597170146754)]",2025-08-31 09:11:40,187.4948632723138,1,3.3974273432930966,402.3077386754547,30.10061854613251,49.88566288630589,14.06439963817758,4,4,3,1098,3,0.38310185185185186,10.616482971510912
474,0079,0,1,"[40.54196068663386, 19.33106947389501]","[np.float64(40.41672616723248), np.float64(17.08258724973445)]",2025-08-31 09:11:40,738.5276574888547,2,5.436263172830643,190.67926613312693,15.363145879630911,51.0600865933329,25.809800826651205,3,3,3,1381,4,0.38310185185185186,27.342208234058614
475,0147,0,1,"[40.54196068663386, 19.33106947389501]","[np.float64(38.43286023136803), np.float64(15.62649685768616)]",2025-08-31 09:11:40,300.5022316953814,1,5.185158651963225,394.9939342484344,29.64660727824426,51.71913496144201,24.188019994719667,2,2,2,617,8,0.38310185185185186,21.889408883608557
476,0073,0,1,"[39.94426449274438, 19.1409067621181]","[np.float64(40.23704223296568), np.float64(14.597170146754)]",2025-08-31 09:11:50,187.4948632723138,1,3.3974273432930966,387.84827898670386,29.199043074572963,49.90819568037776,19.06439963817758,4,4,3,1098,3,0.3832175925925926,15.232223712251654
477,0079,0,1,"[39.94426449274438, 19.1409067621181]","[np.float64(40.41672616723248), np.float64(17.08258724973445)]",2025-08-31 09:11:50,738.5276574888547,2,5.436263172830643,182.580151624661,14.739591973551429,51.081185047679064,28.809800826651205,3,3,3,1381,4,0.3832175925925926,26.127277678503056
478,0147,0,1,"[39.94426449274438, 19.1409067621181]","[np.float64(38.43286023136803), np.float64(15.62649685768616)]",2025-08-31 09:11:50,300.5022316953814,1,5.185158651963225,346.3480313865769,26.521974421767283,51.74235418952547,20.188019994719667,2,2,2,617,8,0.3832175925925926,23.253760735460407
479,0073,0,1,"[39.3463872988419, 18.953317324110994]","[np.float64(40.23704223296568), np.float64(14.597170146754)]",2025-08-31 09:12:00,187.4948632723138,1,3.3974273432930966,385.09211445656865,29.025358537851567,49.930711398976705,14.06439963817758,4,4,3,1098,3,0.38333333333333336,17.51439963817758
480,0079,0,1,"[39.3463872988419, 18.953317324110994]","[np.float64(40.41672616723248), np.float64(17.08258724973445)]",2025-08-31 09:12:00,738.5276574888547,2,5.436263172830643,199.10299735752454,16.007757985982927,51.10226301145772,19.809800826651205,3,3,3,1381,4,0.38333333333333336,20.57646749331787
481,0147,0,1,"[39.3463872988419, 18.953317324110994]","[np.float64(38.43286023136803), np.float64(15.62649685768616)]",2025-08-31 09:12:00,300.5022316953814,1,5.185158651963225,305.303700888996,23.74560028727696,51.76555292704142,18.188019994719667,2,2,2,617,8,0.38333333333333336,17.421353328053
482,0073,0,1,"[38.748339350210166, 18.7682072447726]","[np.float64(40.23704223296568), np.float64(14.597170146754)]",2025-08-31 09:12:10,187.4948632723138,1,3.3974273432930966,394.28611493194575,29.602449390009436,49.953203211913554,21.06439963817758,4,4,3,1098,3,0.3834490740740741,17.613357971510915
483,0079,0,1,"[38.748339350210166, 18.7682072447726]","[np.float64(40.41672616723248), np.float64(17.08258724973445)]",2025-08-31 09:12:10,738.5276574888547,2,5.436263172830643,235.11421977933364,18.715418949102098,51.12331706957429,23.809800826651205,3,3,3,1381,4,0.3834490740740741,23.042902678503058
484,0147,0,1,"[38.748339350210166, 18.7682072447726]","[np.float64(38.43286023136803), np.float64(15.62649685768616)]",2025-08-31 09:12:10,300.5022316953814,1,5.185158651963225,275.28421875431985,21.63640281267864,51.78873117398986,25.188019994719667,2,2,2,617,8,0.3834490740740741,24.037672772497444
485,0079,0,1,"[38.15012747703835, 18.585482609001833]","[np.float64(40.41672616723248), np.float64(17.08258724973445)]",2025-08-31 09:12:20,738.5276574888547,2,5.436263172830643,283.2773955530744,22.204334082092895,51.144347222028756,19.809800826651205,3,3,3,1381,4,0.3835648148148148,15.974152678503057
486,0147,0,1,"[38.15012747703835, 18.585482609001833]","[np.float64(38.43286023136803), np.float64(15.62649685768616)]",2025-08-31 09:12:20,300.5022316953814,1,5.185158651963225,260.1360059107874,20.5477938496302,51.8118855152762,25.188019994719667,2,2,2,617,8,0.3835648148148148,25.188019994719667
487,0079,0,1,"[37.551758509515636, 18.405054624339485]","[np.float64(40.41672616723248), np.float64(17.08258724973445)]",2025-08-31 09:12:30,738.5276574888547,2,5.436263172830643,338.4444646265027,25.99720201826933,51.16535346882113,26.809800826651205,3,3,3,1381,4,0.3836805555555556,26.426120271095648
488,0147,0,1,"[37.551758509515636, 18.405054624339485]","[np.float64(38.43286023136803), np.float64(15.62649685768616)]",2025-08-31 09:12:30,300.5022316953814,1,5.185158651963225,262.4481630459193,20.714982967646407,51.83501595090045,25.188019994719667,2,2,2,617,8,0.3836805555555556,23.653297772497446
489,0079,0,1,"[36.95323927783117, 18.22683962096822]","[np.float64(40.41672616723248), np.float64(17.08258724973445)]",2025-08-31 09:12:40,738.5276574888547,2,5.436263172830643,397.7120525959185,29.815819602454095,51.186335809951416,21.809800826651205,3,3,3,1381,4,0.3837962962962963,18.739430456280836
490,0147,0,1,"[36.95323927783117, 18.22683962096822]","[np.float64(38.43286023136803), np.float64(15.62649685768616)]",2025-08-31 09:12:40,300.5022316953814,1,5.185158651963225,281.79242573296057,22.09916712230852,51.85812589595719,18.188019994719667,2,2,2,617,8,0.3837962962962963,15.88524221694189
491,0147,0,1,"[36.35457319707955, 18.05075734416529]","[np.float64(38.43286023136803), np.float64(15.62649685768616)]",2025-08-31 09:12:50,300.5022316953814,1,5.185158651963225,315.0481201730137,24.416140221378427,51.88121535044642,19.188019994719667,2,2,2,617,8,0.383912037037037,17.268459809534484
492,0147,0,1,"[35.75576709744995, 17.876727539207952]","[np.float64(38.43286023136803), np.float64(15.62649685768616)]",2025-08-31 09:13:00,300.5022316953814,1,5.185158651963225,358.3638085598693,27.31067074525988,51.904280899273544,18.188019994719667,2,2,2,617,8,0.3840277777777778,18.572047772497445
493,0247,0,1,"[15.34335573453686, 12.781245055159298]","[np.float64(12.91627088423925), np.float64(10.34081977854713)]",2025-08-31 09:18:40,489.60380999060976,1,5.506114415749318,376.92417707567,28.507199581949966,60.152690548547746,13.311640351261754,1,1,1,566,2,0.38796296296296295,10.983862573483977
494,0247,0,1,"[14.742080521522299, 12.646878158712221]","[np.float64(12.91627088423925), np.float64(10.34081977854713)]",2025-08-31 09:18:50,489.60380999060976,1,5.506114415749318,321.25779679777213,24.839771591459794,60.19309794767754,11.311640351261754,1,1,1,566,2,0.38807870370370373,13.640112573483977
495,0247,0,1,"[14.140779695298349, 12.513025234000189]","[np.float64(12.91627088423925), np.float64(10.34081977854713)]",2025-08-31 09:19:00,489.60380999060976,1,5.506114415749318,271.44951398093144,21.362337894770096,60.233512176996506,20.311640351261754,1,1,1,566,2,0.38819444444444445,22.64080701792842
496,0247,0,1,"[13.539457524733242, 12.379659814040165]","[np.float64(12.91627088423925), np.float64(10.34081977854713)]",2025-08-31 09:19:10,489.60380999060976,1,5.506114415749318,231.31536817692674,18.433613949621513,60.273926406315475,18.311640351261754,1,1,1,566,2,0.3883101851851852,21.418121832743235
497,0018,0,1,"[12.938114863600626, 12.246757993170059]","[np.float64(12.53026569121863), np.float64(8.700910491170207)]",2025-08-31 09:19:20,460.66708945012743,1,7.347062474970287,387.24356502213027,29.16098618059419,58.75422297636597,22.311640351261754,3,3,3,885,4,0.38842592592592595,24.64219590681731
498,0247,0,1,"[12.938114863600626, 12.246757993170059]","[np.float64(12.91627088423925), np.float64(10.34081977854713)]",2025-08-31 09:19:20,489.60380999060976,1,5.506114415749318,206.57339889634596,16.575962906190863,60.314333805445266,17.311640351261754,1,1,1,566,2,0.38842592592592595,14.981084795706199
499,0018,0,1,"[12.336753419447792, 12.114298427048707]","[np.float64(12.53026569121863), np.float64(8.700910491170207)]",2025-08-31 09:19:30,460.66708945012743,1,7.347062474970287,371.27146831945083,28.145591710293566,58.794766979279174,20.311640351261754,3,3,3,885,4,0.3885416666666667,22.254348684595087
500,0247,0,1,"[12.336753419447792, 12.114298427048707]","[np.float64(12.91627088423925), np.float64(10.34081977854713)]",2025-08-31 09:19:30,489.60380999060976,1,5.506114415749318,202.93439983474286,16.299589129616077,60.35474120457506,16.311640351261754,1,1,1,566,2,0.3885416666666667,15.146015351261754
501,0018,0,1,"[11.73537575359568, 11.98225550246673]","[np.float64(12.53026569121863), np.float64(8.700910491170207)]",2025-08-31 09:19:40,460.66708945012743,1,7.347062474970287,367.5013505099541,27.903047670821234,58.83531098219237,23.311640351261754,3,3,3,885,4,0.3886574074074074,26.032242203113604
502,0247,0,1,"[11.73537575359568, 11.98225550246673]","[np.float64(12.91627088423925), np.float64(10.34081977854713)]",2025-08-31 09:19:40,489.60380999060976,1,5.506114415749318,221.44113207411914,17.696814014927824,60.39514860370486,19.311640351261754,1,1,1,566,2,0.3886574074074074,19.700297758669162
503,0018,0,1,"[11.133982719817935, 11.85060872885661]","[np.float64(12.53026569121863), np.float64(8.700910491170207)]",2025-08-31 09:19:50,460.66708945012743,1,7.347062474970287,376.30093063229936,28.46745076127021,58.87586181529473,24.311640351261754,3,3,3,885,4,0.3887731481481482,23.534094054965458
504,0247,0,1,"[11.133982719817935, 11.85060872885661]","[np.float64(12.91627088423925), np.float64(10.34081977854713)]",2025-08-31 09:19:50,489.60380999060976,1,5.506114415749318,257.35997232146707,20.346578352479796,60.43555600283465,20.311640351261754,1,1,1,566,2,0.3887731481481482,21.86673294385435
505,0018,0,1,"[10.532576879435496, 11.719335054329905]","[np.float64(12.53026569121863), np.float64(8.700910491170207)]",2025-08-31 09:20:00,460.66708945012743,1,7.347062474970287,396.8352872421251,29.761300274958934,58.91640581820793,24.311640351261754,3,3,3,885,4,0.3888888888888889,26.256084795706197
506,0247,0,1,"[10.532576879435496, 11.719335054329905]","[np.float64(12.91627088423925), np.float64(10.34081977854713)]",2025-08-31 09:20:00,489.60380999060976,1,5.506114415749318,304.59200355335634,23.696352157096925,60.47596340196445,17.311640351261754,1,1,1,566,2,0.3888888888888889,19.644973684595087
507,0247,0,1,"[9.931159086222008, 11.588411426998162]","[np.float64(12.91627088423925), np.float64(10.34081977854713)]",2025-08-31 09:20:10,489.60380999060976,1,5.506114415749318,358.69569272299645,27.33229847629038,60.516363970905076,17.311640351261754,1,1,1,566,2,0.3890046296296296,15.755621832743236
508,0193,0,1,"[6.923951445617747, 10.938317436890932]","[np.float64(3.815871908597007), np.float64(9.72901333172137)]",2025-08-31 09:21:00,383.7327486323358,1,4.168664925950013,370.6217585344866,28.1038717067977,59.73731259417342,23.060720588956478,3,3,3,918,8,0.38958333333333334,21.502387255623145
509,0193,0,1,"[6.322497367024295, 10.809056960622089]","[np.float64(3.815871908597007), np.float64(9.72901333172137)]",2025-08-31 09:21:10,383.7327486323358,1,4.168664925950013,303.30727435187833,23.607357160520657,59.778211766923455,27.060720588956478,3,3,3,918,8,0.38969907407407406,30.178313181549072
510,0193,0,1,"[5.72104286154402, 10.680002243801988]","[np.float64(3.815871908597007), np.float64(9.72901333172137)]",2025-08-31 09:21:20,383.7327486323358,1,4.168664925950013,236.6058405253441,18.825814382709872,59.819117769862665,26.060720588956478,3,3,3,918,8,0.38981481481481484,28.789424292660183
511,0244,0,1,"[5.72104286154402, 10.680002243801988]","[np.float64(4.5268354720804), np.float64(7.494782834987832)]",2025-08-31 09:21:20,801.4184716569937,2,3.1690755918047655,376.9240262025578,28.50718996332943,57.739543733647224,17.686180470109115,2,2,2,1105,4,0.38981481481481484,20.41488417381282
512,0193,0,1,"[5.119588782950568, 10.551133649636773]","[np.float64(3.815871908597007), np.float64(9.72901333172137)]",2025-08-31 09:21:30,383.7327486323358,1,4.168664925950013,171.23424246829717,13.860053964016211,59.8600169426127,22.060720588956478,3,3,3,918,8,0.38993055555555556,20.500998366734255
513,0244,0,1,"[5.119588782950568, 10.551133649636773]","[np.float64(4.5268354720804), np.float64(7.494782834987832)]",2025-08-31 09:21:30,801.4184716569937,2,3.1690755918047655,345.00049469258965,26.432837698506024,57.780600000748166,13.686180470109115,2,2,2,1105,4,0.38993055555555556,16.415694358998003
514,0193,0,1,"[4.518137692564877, 10.422430687558931]","[np.float64(3.815871908597007), np.float64(9.72901333172137)]",2025-08-31 09:21:40,383.7327486323358,1,4.168664925950013,109.5968416070854,8.97406800036725,59.90091611536273,28.060720588956478,3,3,3,918,8,0.3900462962962963,26.500535403771295
515,0244,0,1,"[4.518137692564877, 10.422430687558931]","[np.float64(4.5268354720804), np.float64(7.494782834987832)]",2025-08-31 09:21:40,801.4184716569937,2,3.1690755918047655,324.52768885731524,25.06169085434495,57.82164943765994,11.686180470109115,2,2,2,1105,4,0.3900462962962963,12.856319358998004
516,0193,0,1,"[3.9166900172737718, 10.293874574548244]","[np.float64(3.815871908597007), np.float64(9.72901333172137)]",2025-08-31 09:21:50,383.7327486323358,1,4.168664925950013,63.661662680656185,5.241159905559614,59.94181528811277,26.060720588956478,3,3,3,918,8,0.39016203703703706,22.93942429266018
517,0244,0,1,"[3.9166900172737718, 10.293874574548244]","[np.float64(4.5268354720804), np.float64(7.494782834987832)]",2025-08-31 09:21:50,801.4184716569937,2,3.1690755918047655,317.7271394975294,24.599258216278145,57.86270570476089,12.686180470109115,2,2,2,1105,4,0.39016203703703706,9.564884173812818
518,0193,0,1,"[3.3152478915113672, 10.165444820037202]","[np.float64(3.815871908597007), np.float64(9.72901333172137)]",2025-08-31 09:22:00,383.7327486323358,1,4.168664925950013,73.78855327827634,6.069090257527017,59.98270763067364,23.060720588956478,3,3,3,918,8,0.3902777777777778,23.060720588956478
519,0244,0,1,"[3.3152478915113672, 10.165444820037202]","[np.float64(4.5268354720804), np.float64(7.494782834987832)]",2025-08-31 09:22:00,801.4184716569937,2,3.1690755918047655,325.4570871305512,25.1246206683096,57.90375514167267,18.686180470109115,2,2,2,1105,4,0.3902777777777778,19.076458247886894
520,0193,0,1,"[2.7138125959381325, 10.037122641005586]","[np.float64(3.815871908597007), np.float64(9.72901333172137)]",2025-08-31 09:22:10,383.7327486323358,1,4.168664925950013,127.22754803187661,10.3883957190233,60.023606803423675,25.060720588956478,3,3,3,918,8,0.3903935185185185,26.62229466303055
521,0244,0,1,"[2.7138125959381325, 10.037122641005586]","[np.float64(4.5268354720804), np.float64(7.494782834987832)]",2025-08-31 09:22:10,801.4184716569937,2,3.1690755918047655,346.7472862103354,26.54835775633835,57.94481140877362,18.686180470109115,2,2,2,1105,4,0.3903935185185185,21.028541581220225
522,0193,0,1,"[2.1123856246579487, 9.908888400659537]","[np.float64(3.815871908597007), np.float64(9.72901333172137)]",2025-08-31 09:22:20,383.7327486323358,1,4.168664925950013,190.46947465758842,15.347040229831432,60.06449914598454,22.060720588956478,3,3,3,918,8,0.3905092592592593,22.841739107474996
523,0244,0,1,"[2.1123856246579487, 9.908888400659537]","[np.float64(4.5268354720804), np.float64(7.494782834987832)]",2025-08-31 09:22:20,801.4184716569937,2,3.1690755918047655,379.32131329415483,28.659802873588024,57.985860845685394,12.686180470109115,2,2,2,1105,4,0.3905092592592593,8.781087877516523
524,0193,0,1,"[1.5109683650529913, 9.780723315978832]","[np.float64(3.815871908597007), np.float64(9.72901333172137)]",2025-08-31 09:22:30,383.7327486323358,1,4.168664925950013,256.3582852146634,20.273843810138732,60.10539148854541,28.060720588956478,3,3,3,918,8,0.390625,28.451345588956478
525,0193,0,1,"[0.9095622045054349, 9.652608603943257]","[np.float64(3.815871908597007), np.float64(9.72901333172137)]",2025-08-31 09:22:40,383.7327486323358,1,4.168664925950013,323.2787923750503,24.97702583925451,60.146283831106274,20.060720588956478,3,3,3,918,8,0.3907407407407407,16.93479466303055
526,0193,0,1,"[0.30816861043873434, 9.524524627758947]","[np.float64(3.815871908597007), np.float64(9.72901333172137)]",2025-08-31 09:22:50,383.7327486323358,1,4.168664925950013,390.70051895655627,29.378164457057053,60.18717617366714,28.060720588956478,3,3,3,918,8,0.3908564814814815,24.543012255623143
527,0064,0,1,"[58.163356971646515, 2.192735116280333]","[np.float64(55.14931047733401), np.float64(-1.225701160577773)]",2025-08-31 10:45:30,821.6296518567882,2,2.7287735725883193,394.8261903057387,29.636145934284496,40.71807711438264,17.06807868739868,1,1,1,1314,4,0.4482638888888889,17.964606465176455
528,0064,0,1,"[57.576971571022575, 1.845071870780925]","[np.float64(55.14931047733401), np.float64(-1.225701160577773)]",2025-08-31 10:45:40,821.6296518567882,2,2.7287735725883193,329.53993326687964,25.40030349882243,40.72860585098821,12.068078687398678,1,1,1,1314,4,0.44837962962962963,8.481041650361641
529,0064,0,1,"[56.989879245819544, 1.5071213677246873]","[np.float64(55.14931047733401), np.float64(-1.225701160577773)]",2025-08-31 10:45:50,821.6296518567882,2,2.7287735725883193,265.7719544635165,20.954676615164804,40.739117512120856,17.06807868739868,1,1,1,1314,4,0.44849537037037035,18.41356479850979
530,0064,0,1,"[56.40211073188868, 1.1783798806603307]","[np.float64(55.14931047733401), np.float64(-1.225701160577773)]",2025-08-31 10:46:00,821.6296518567882,2,2.7287735725883193,204.94475370187675,16.45236824245443,40.749608682685995,14.068078687398678,1,1,1,1314,4,0.4486111111111111,16.759745354065345
531,0064,0,1,"[55.813703595270425, 0.8583766067828007]","[np.float64(55.14931047733401), np.float64(-1.225701160577773)]",2025-08-31 10:46:10,821.6296518567882,2,2.7287735725883193,150.6656027400518,12.248693735760247,40.760079362683626,15.068078687398678,1,1,1,1314,4,0.44872685185185185,15.51680553925053
532,0064,0,1,"[55.22469198691062, 0.5466711056123369]","[np.float64(55.14931047733401), np.float64(-1.225701160577773)]",2025-08-31 10:46:20,821.6296518567882,2,2.7287735725883193,112.82113934677729,9.233597412831548,40.77052955211375,19.06807868739868,1,1,1,1314,4,0.44884259259259257,21.31229165036164
533,0064,0,1,"[54.63510664266054, 0.2428511111995057]","[np.float64(55.14931047733401), np.float64(-1.225701160577773)]",2025-08-31 10:46:30,821.6296518567882,2,2.7287735725883193,109.94689546512599,9.002262622080277,40.78096266607094,18.06807868739868,1,1,1,1314,4,0.44895833333333335,18.517037020732012
534,0064,0,1,"[54.04497829837143, -0.053469929144139866]","[np.float64(55.14931047733401), np.float64(-1.225701160577773)]",2025-08-31 10:46:40,821.6296518567882,2,2.7287735725883193,144.1516956809248,11.734131565518252,40.79137187436604,19.06807868739868,1,1,1,1314,4,0.44907407407407407,18.619004613324606
535,0064,0,1,"[53.454330859705415, -0.34265455572324605]","[np.float64(55.14931047733401), np.float64(-1.225701160577773)]",2025-08-31 10:46:50,821.6296518567882,2,2.7287735725883193,196.98563134363982,15.846114257662899,40.80176400718822,19.06807868739868,1,1,1,1314,4,0.4491898148148148,17.27131942813942
536,0064,0,1,"[52.86319164741915, -0.6250433108308548]","[np.float64(55.14931047733401), np.float64(-1.225701160577773)]",2025-08-31 10:47:00,821.6296518567882,2,2.7287735725883193,257.21517375783685,20.336068460569365,40.81213906453746,14.068078687398678,1,1,1,1314,4,0.44930555555555557,11.372245354065345
537,0064,0,1,"[52.27158456717474, -0.9009561661512189]","[np.float64(55.14931047733401), np.float64(-1.225701160577773)]",2025-08-31 10:47:10,821.6296518567882,2,2.7287735725883193,320.70093216387306,24.80189895277221,40.82249021622462,11.068078687398678,1,1,1,1314,4,0.4494212962962963,13.764606465176456
538,0064,0,1,"[51.67953352463428, -1.170694210296774]","[np.float64(55.14931047733401), np.float64(-1.225701160577773)]",2025-08-31 10:47:20,821.6296518567882,2,2.7287735725883193,385.83932768384454,29.072503424238526,40.83282429243885,13.068078687398678,1,1,1,1314,4,0.449537037037037,13.967152761472752
539,0010,0,1,"[43.950491459847846, -4.22508842622548]","[np.float64(42.38827091628898), np.float64(-8.49349688780998)]",2025-08-31 10:49:30,558.5442744959782,1,3.1095504602550132,387.23392798644494,29.160379457634082,49.01342723872774,26.184340945498565,1,1,1,1150,4,0.4510416666666667,29.34163261216523
540,0010,0,1,"[43.35396322830645, -4.432036327887697]","[np.float64(42.38827091628898), np.float64(-8.49349688780998)]",2025-08-31 10:49:40,558.5442744959782,1,3.1095504602550132,347.9209532721518,26.62584509251679,49.03385291944067,22.184340945498565,1,1,1,1150,4,0.4511574074074074,25.342442797350415
541,0010,0,1,"[42.75720960052243, -4.635763795356252]","[np.float64(42.38827091628898), np.float64(-8.49349688780998)]",2025-08-31 10:49:50,558.5442744959782,1,3.1095504602550132,318.51870914354123,24.653261879293773,49.0542546944915,23.184340945498565,1,1,1,1150,4,0.4512731481481482,25.440706686239306
542,0010,0,1,"[42.16023740668498, -4.836397187130792]","[np.float64(42.38827091628898), np.float64(-8.49349688780998)]",2025-08-31 10:50:00,558.5442744959782,1,3.1095504602550132,301.9378082614477,23.5123591010485,49.07463597897482,19.184340945498565,1,1,1,1150,4,0.4513888888888889,20.538507612165233
543,0010,0,1,"[41.56306030717242, -5.03405603152179]","[np.float64(42.38827091628898), np.float64(-8.49349688780998)]",2025-08-31 10:50:10,558.5442744959782,1,3.1095504602550132,300.31085597291434,23.399321193345067,49.094996772890624,27.184340945498565,1,1,1,1150,4,0.4515046296296296,28.990359464017082
544,0010,0,1,"[40.96568513217394, -5.228855587971493]","[np.float64(42.38827091628898), np.float64(-8.49349688780998)]",2025-08-31 10:50:20,558.5442744959782,1,3.1095504602550132,313.871556661698,24.335550524238407,49.115333661144334,19.184340945498565,1,1,1,1150,4,0.4516203703703704,16.022998352905972
545,0201,0,1,"[40.96568513217394, -5.228855587971493]","[np.float64(37.76131249306622), np.float64(-5.011013629053059)]",2025-08-31 10:50:20,962.7190168905337,2,2.4770214992368285,356.8019209395574,27.20877475840508,54.35364820734265,15.068078687398678,3,3,3,831,5,0.4516203703703704,12.358356465176456
546,0010,0,1,"[40.368115296784104, -5.420905139506619]","[np.float64(42.38827091628898), np.float64(-8.49349688780998)]",2025-08-31 10:50:30,558.5442744959782,1,3.1095504602550132,340.81316935423246,26.154974208618167,49.13564664373595,23.184340945498565,1,1,1,1150,4,0.4517361111111111,23.184340945498565
547,0201,0,1,"[40.368115296784104, -5.420905139506619]","[np.float64(37.76131249306622), np.float64(-5.011013629053059)]",2025-08-31 10:50:30,962.7190168905337,2,2.4770214992368285,292.01476692817397,22.819924895511612,54.374982303215184,11.068078687398678,3,3,3,831,5,0.4517361111111111,9.261134242954235
548,0243,0,1,"[40.368115296784104, -5.420905139506619]","[np.float64(36.78983297350138), np.float64(-4.481296075919123)]",2025-08-31 10:50:30,247.7379327933208,1,2.3760576094088206,406.17627576574114,30.339090393005506,55.387151451413956,12.442618806246042,1,1,1,1153,13,0.4517361111111111,13.797827139579375
549,0010,0,1,"[39.77036446138127, -5.6103088465120114]","[np.float64(42.38827091628898), np.float64(-8.49349688780998)]",2025-08-31 10:50:40,558.5442744959782,1,3.1095504602550132,378.28812891738994,28.59408397593693,49.155939135760065,26.184340945498565,1,1,1,1150,4,0.45185185185185184,26.184340945498565
550,0201,0,1,"[39.77036446138127, -5.6103088465120114]","[np.float64(37.76131249306622), np.float64(-5.011013629053059)]",2025-08-31 10:50:40,962.7190168905337,2,2.4770214992368285,229.35779154317,18.288035230604123,54.39628907833104,7.068078687398678,3,3,3,831,5,0.45185185185185184,5.260671279991271
551,0243,0,1,"[39.77036446138127, -5.6103088465120114]","[np.float64(36.78983297350138), np.float64(-4.481296075919123)]",2025-08-31 10:50:40,247.7379327933208,1,2.3760576094088206,345.75264453711924,26.482607866059016,55.40878949070456,8.442618806246042,1,1,1,1153,13,0.45185185185185184,5.279655843283079
552,0201,0,1,"[39.1724394561546, -5.7971670273911045]","[np.float64(37.76131249306622), np.float64(-5.011013629053059)]",2025-08-31 10:50:50,962.7190168905337,2,2.4770214992368285,171.18635076115012,13.856326916783527,54.4175719477848,13.068078687398678,3,3,3,831,5,0.4519675925925926,17.13578702073201
553,0243,0,1,"[39.1724394561546, -5.7971670273911045]","[np.float64(36.78983297350138), np.float64(-4.481296075919123)]",2025-08-31 10:50:50,247.7379327933208,1,2.3760576094088206,288.938543670908,22.603815552155364,55.43040362433307,10.442618806246042,1,1,1,1153,13,0.4519675925925926,14.058359546986782
554,0201,0,1,"[38.574343696198675, -5.98157402413181]","[np.float64(37.76131249306622), np.float64(-5.011013629053059)]",2025-08-31 10:51:00,962.7190168905337,2,2.4770214992368285,123.9835044088861,10.129066645638389,54.43882749648188,15.068078687398678,3,3,3,831,5,0.45208333333333334,15.068078687398678
555,0243,0,1,"[38.574343696198675, -5.98157402413181]","[np.float64(36.78983297350138), np.float64(-4.481296075919123)]",2025-08-31 10:51:00,247.7379327933208,1,2.3760576094088206,238.32900255878727,18.953165926536325,55.45198702211031,6.442618806246042,1,1,1,1153,13,0.45208333333333334,5.538452139579375
556,0201,0,1,"[37.976084011702675, -6.163621617401098]","[np.float64(37.76131249306622), np.float64(-5.011013629053059)]",2025-08-31 10:51:10,962.7190168905337,2,2.4770214992368285,103.95495838015145,8.519054291346324,54.460055724422276,6.068078687398678,3,3,3,831,5,0.45219907407407406,2.450486094806086
557,0243,0,1,"[37.976084011702675, -6.163621617401098]","[np.float64(36.78983297350138), np.float64(-4.481296075919123)]",2025-08-31 10:51:10,247.7379327933208,1,2.3760576094088206,198.72265967653436,15.97874148002544,55.473543099130865,12.442618806246042,1,1,1,1153,13,0.45219907407407406,10.181623435875672
558,0201,0,1,"[37.377670647950346, -6.343396892110888]","[np.float64(37.76131249306622), np.float64(-5.011013629053059)]",2025-08-31 10:51:20,962.7190168905337,2,2.4770214992368285,124.93630407736663,10.205277517642596,54.481256631606,10.068078687398678,3,3,3,831,5,0.45231481481481484,7.35418979850979
559,0243,0,1,"[37.377670647950346, -6.343396892110888]","[np.float64(36.78983297350138), np.float64(-4.481296075919123)]",2025-08-31 10:51:20,247.7379327933208,1,2.3760576094088206,177.63882504579234,14.357385947438534,55.49507185539475,10.442618806246042,1,1,1,1153,13,0.45231481481481484,12.251878065505302
560,0201,0,1,"[36.77911043513087, -6.520983518078512]","[np.float64(37.76131249306622), np.float64(-5.011013629053059)]",2025-08-31 10:51:30,962.7190168905337,2,2.4770214992368285,172.56659582740372,13.963692837851081,54.50243021803304,12.068078687398678,3,3,3,831,5,0.45243055555555556,14.782662020732012
561,0243,0,1,"[36.77911043513087, -6.520983518078512]","[np.float64(36.78983297350138), np.float64(-4.481296075919123)]",2025-08-31 10:51:30,247.7379327933208,1,2.3760576094088206,181.64573702767208,14.667417739339706,55.516573290901945,13.442618806246042,1,1,1,1153,13,0.45243055555555556,9.823174361801598
562,0201,0,1,"[36.18040337324423, -6.696461323139895]","[np.float64(37.76131249306622), np.float64(-5.011013629053059)]",2025-08-31 10:51:40,962.7190168905337,2,2.4770214992368285,230.90530197930747,18.403138976391464,54.52357989879798,9.068078687398678,3,3,3,831,5,0.4525462962962963,11.783356465176457
563,0243,0,1,"[36.18040337324423, -6.696461323139895]","[np.float64(36.78983297350138), np.float64(-4.481296075919123)]",2025-08-31 10:51:40,247.7379327933208,1,2.3760576094088206,209.30715600937637,16.783065560116025,55.53804399055788,14.442618806246042,1,1,1,1153,13,0.4525462962962963,10.822248435875672
564,0201,0,1,"[35.58155970757419, -6.8699071469231985]","[np.float64(37.76131249306622), np.float64(-5.011013629053059)]",2025-08-31 10:51:50,962.7190168905337,2,2.4770214992368285,293.63772440908167,22.93366475787845,54.544698843711664,7.068078687398678,3,3,3,831,5,0.45266203703703706,10.236712946657939
565,0243,0,1,"[35.58155970757419, -6.8699071469231985]","[np.float64(36.78983297350138), np.float64(-4.481296075919123)]",2025-08-31 10:51:50,247.7379327933208,1,2.3760576094088206,252.97912446446807,20.027973193525423,55.55949078455172,5.442618806246042,1,1,1,1153,13,0.45266203703703706,1.8213225099497454
566,0201,0,1,"[34.98258285321534, -7.041394413962001]","[np.float64(37.76131249306622), np.float64(-5.011013629053059)]",2025-08-31 10:52:00,962.7190168905337,2,2.4770214992368285,358.4646436211599,27.317242705881966,54.56579388296325,8.068078687398678,3,3,3,831,5,0.4527777777777778,5.804189798509789
567,0243,0,1,"[34.98258285321534, -7.041394413962001]","[np.float64(36.78983297350138), np.float64(-4.481296075919123)]",2025-08-31 10:52:00,247.7379327933208,1,2.3760576094088206,305.87902520516343,23.7853844574002,55.58091025778888,12.442618806246042,1,1,1,1153,13,0.4527777777777778,14.253729917357154
568,0243,0,1,"[34.38347964035684, -7.210994414355764]","[np.float64(36.78983297350138), np.float64(-4.481296075919123)]",2025-08-31 10:52:10,247.7379327933208,1,2.3760576094088206,364.005460154356,27.677169549555046,55.60229899517478,13.442618806246042,1,1,1,1153,13,0.4528935185185185,12.536831769209005
569,0111,0,1,"[-2.447054435261407, -40.45523435964762]","[np.float64(-4.793908467388751), np.float64(-42.76470313767426)]",2025-08-31 12:41:10,921.7825213289591,2,7.835665009404557,365.75149563186454,27.790102545379835,54.97222770461944,16.188019994719667,4,4,3,872,12,0.528587962962963,17.773783883608555
570,0111,0,1,"[-3.0483505657303027, -40.5834950669767]","[np.float64(-4.793908467388751), np.float64(-42.76470313767426)]",2025-08-31 12:41:20,921.7825213289591,2,7.835665009404557,310.19280786080714,24.082909813942134,55.010708990403295,17.188019994719667,4,4,3,872,12,0.5287037037037037,12.429686661386334
571,0111,0,1,"[-3.6496244980843957, -40.71185139695417]","[np.float64(-4.793908467388751), np.float64(-42.76470313767426)]",2025-08-31 12:41:30,921.7825213289591,2,7.835665009404557,260.78988856735975,20.595112508871228,55.049183445997976,21.188019994719667,4,4,3,872,12,0.5288194444444444,16.957464439164113
572,0111,0,1,"[-4.250874951663217, -40.84032042505294]","[np.float64(-4.793908467388751), np.float64(-42.76470313767426)]",2025-08-31 12:41:40,921.7825213289591,2,7.835665009404557,221.6963530477231,17.715935687679796,55.087651071403485,21.188019994719667,4,4,3,872,12,0.5289351851851852,16.956538513238186
573,0111,0,1,"[-4.8521006458062965, -40.96892605693511]","[np.float64(-4.793908467388751), np.float64(-42.76470313767426)]",2025-08-31 12:41:50,921.7825213289591,2,7.835665009404557,199.0796664300574,16.005978278702532,55.12611528171441,21.188019994719667,4,4,3,872,12,0.529050925925926,16.426561661386334
574,0111,0,1,"[-5.453300299853166, -41.097681952979016]","[np.float64(-4.793908467388751), np.float64(-42.76470313767426)]",2025-08-31 12:42:00,921.7825213289591,2,7.835665009404557,198.64936885194714,15.97314905041887,55.164569246741586,22.188019994719667,4,4,3,872,12,0.5291666666666667,21.129686661386334
575,0111,0,1,"[-6.054471779369709, -41.226608603752176]","[np.float64(-4.793908467388751), np.float64(-42.76470313767426)]",2025-08-31 12:42:10,921.7825213289591,2,7.835665009404557,220.53427398305658,17.62883743812189,55.20301638157959,20.188019994719667,4,4,3,872,12,0.5292824074074074,17.01232555027522
576,0111,0,1,"[-6.655613803695457, -41.35572991491669]","[np.float64(-4.793908467388751), np.float64(-42.76470313767426)]",2025-08-31 12:42:20,921.7825213289591,2,7.835665009404557,259.1399063203247,20.475654101540243,55.241453271133835,14.188019994719667,4,4,3,872,12,0.5293981481481481,16.30561258731226
577,0111,0,1,"[-7.256725092169939, -41.48506296194546]","[np.float64(-4.793908467388751), np.float64(-42.76470313767426)]",2025-08-31 12:42:30,921.7825213289591,2,7.835665009404557,308.24601145937964,23.94880739022507,55.279886745593494,18.188019994719667,4,4,3,872,12,0.5295138888888888,16.599478328053
578,0111,0,1,"[-7.857804791019509, -41.614628235406016]","[np.float64(-4.793908467388751), np.float64(-42.76470313767426)]",2025-08-31 12:42:40,921.7825213289591,2,7.835665009404557,363.6224090799294,27.652362630182793,55.31831338986399,17.188019994719667,4,4,3,872,12,0.5296296296296297,19.836168142867816
579,0136,0,1,"[-19.27007246951221, -44.14932509677609]","[np.float64(-22.55121870780887), np.float64(-43.45574144926327)]",2025-08-31 12:45:50,904.0518045168965,2,6.5952788947026795,371.8895138485988,28.1852483054712,45.905226713508384,23.813479875872304,3,3,3,1044,5,0.5318287037037037,27.53628080179823
580,0136,0,1,"[-19.870162644705776, -44.28823748411581]","[np.float64(-22.55121870780887), np.float64(-43.45574144926327)]",2025-08-31 12:46:00,904.0518045168965,2,6.5952788947026795,310.35644187907434,24.094168772911,45.93426867785928,19.813479875872304,3,3,3,1044,5,0.5319444444444444,16.621813209205637
581,0136,0,1,"[-20.470184518007642, -44.427884116791304]","[np.float64(-22.55121870780887), np.float64(-43.45574144926327)]",2025-08-31 12:46:10,904.0518045168965,2,6.5952788947026795,252.30667198380922,19.978952748633724,45.96329356673725,18.813479875872304,3,3,3,1044,5,0.5320601851851852,19.877600246242675
582,0136,0,1,"[-21.070136381870515, -44.568295730653844]","[np.float64(-22.55121870780887), np.float64(-43.45574144926327)]",2025-08-31 12:46:20,904.0518045168965,2,6.5952788947026795,200.78098574736896,16.135673340512877,45.992297965047705,14.813479875872304,3,3,3,1044,5,0.5321759259259259,18.538711357353783
583,0136,0,1,"[-21.670013113652516, -44.709506476649274]","[np.float64(-22.55121870780887), np.float64(-43.45574144926327)]",2025-08-31 12:46:30,904.0518045168965,2,6.5952788947026795,162.1200551370894,13.148641002152795,46.02128528788524,21.813479875872304,3,3,3,1044,5,0.5322916666666667,22.87806320920564
584,0136,0,1,"[-22.26981471335365, -44.851547090628856]","[np.float64(-22.55121870780887), np.float64(-43.45574144926327)]",2025-08-31 12:46:40,904.0518045168965,2,6.5952788947026795,146.8564521174528,11.948030261300358,46.050252120155264,16.813479875872304,3,3,3,1044,5,0.5324074074074074,12.554220616613044
585,0136,0,1,"[-22.86953947342662, -44.994448308443864]","[np.float64(-22.55121870780887), np.float64(-43.45574144926327)]",2025-08-31 12:46:50,904.0518045168965,2,6.5952788947026795,161.75049719260647,13.119706137446999,46.07920187695236,21.813479875872304,3,3,3,1044,5,0.5325231481481482,20.215910431427858
586,0136,0,1,"[-23.46918397877684, -45.138244281040144]","[np.float64(-22.55121870780887), np.float64(-43.45574144926327)]",2025-08-31 12:47:00,904.0518045168965,2,6.5952788947026795,200.1766327691396,16.089621649823872,46.10813114318195,15.813479875872304,3,3,3,1044,5,0.5326388888888889,14.215563209205637
587,0136,0,1,"[-24.06874481430973, -45.28296915936354]","[np.float64(-22.55121870780887), np.float64(-43.45574144926327)]",2025-08-31 12:47:10,904.0518045168965,2,6.5952788947026795,251.57037280434832,19.925243010808032,46.137043333938614,14.813479875872304,3,3,3,1044,5,0.5327546296296296,12.149706727724155
588,0136,0,1,"[-24.668220272477996, -45.428660509454495]","[np.float64(-22.55121870780887), np.float64(-43.45574144926327)]",2025-08-31 12:47:20,904.0518045168965,2,6.5952788947026795,309.5362587913022,24.037715585049206,46.16593503412777,21.813479875872304,3,3,3,1044,5,0.5328703703703703,26.076442838835266
589,0136,0,1,"[-25.26760864573434, -45.57535589735345]","[np.float64(-22.55121870780887), np.float64(-43.45574144926327)]",2025-08-31 12:47:30,904.0518045168965,2,6.5952788947026795,371.0045775583463,28.128457706328184,46.194809658844,21.813479875872304,3,3,3,1044,5,0.5329861111111112,16.483618764761193
590,0023,0,1,"[-29.634756468959623, -71.37525826057981]","[np.float64(-33.0491248747741), np.float64(-71.6499149451426)]",2025-08-31 14:27:30,383.58526495773083,1,4.448552817828192,380.55539312400145,28.738192490628766,36.95645971202483,23.315319400482853,1,1,1,1278,7,0.6024305555555556,24.520180511593964
591,0023,0,1,"[-30.233303021400765, -71.53183351711318]","[np.float64(-33.0491248747741), np.float64(-71.6499149451426)]",2025-08-31 14:27:40,383.58526495773083,1,4.448552817828192,313.30493718122875,24.296702817974264,36.981161091158185,23.315319400482853,1,1,1,1278,7,0.6025462962962963,22.712773104186557
592,0039,0,1,"[-30.233303021400765, -71.53183351711318]","[np.float64(-33.13217557972659), np.float64(-68.94243257995237)]",2025-08-31 14:27:40,948.451775170079,2,5.382646537200879,404.8544207926092,30.257736096852494,38.48285672736094,19.311640351261754,4,4,3,1292,12,0.6025462962962963,16.298908869780274
593,0023,0,1,"[-30.831730045531433, -71.68981579261558]","[np.float64(-33.0491248747741), np.float64(-71.6499149451426)]",2025-08-31 14:27:50,383.58526495773083,1,4.448552817828192,246.59214050612186,19.56114774989431,37.00584539481861,21.315319400482853,1,1,1,1278,7,0.602662037037037,17.69934717826063
594,0039,0,1,"[-30.831730045531433, -71.68981579261558]","[np.float64(-33.13217557972659), np.float64(-68.94243257995237)]",2025-08-31 14:27:50,948.451775170079,2,5.382646537200879,364.082085323813,27.682130550247617,38.50628769130867,25.311640351261754,4,4,3,1292,12,0.602662037037037,30.13293664755805
595,0023,0,1,"[-31.43004095644621, -71.84924606822202]","[np.float64(-33.0491248747741), np.float64(-71.6499149451426)]",2025-08-31 14:28:00,383.58526495773083,1,4.448552817828192,181.00750474433497,14.6180932589156,37.03050920791153,21.315319400482853,1,1,1,1278,7,0.6027777777777777,20.712541622705075
596,0039,0,1,"[-31.43004095644621, -71.84924606822202]","[np.float64(-33.13217557972659), np.float64(-68.94243257995237)]",2025-08-31 14:28:00,948.451775170079,2,5.382646537200879,332.3853908161611,25.59169384187324,38.529694749594306,25.311640351261754,4,4,3,1292,12,0.6027777777777777,25.311640351261754
597,0023,0,1,"[-32.02822550886134, -72.01019264582419]","[np.float64(-33.0491248747741), np.float64(-71.6499149451426)]",2025-08-31 14:28:10,383.58526495773083,1,4.448552817828192,118.43599796455699,9.684630538069479,37.0551593606261,19.315319400482853,1,1,1,1278,7,0.6028935185185185,16.903745326408778
598,0039,0,1,"[-32.02822550886134, -72.01019264582419]","[np.float64(-33.13217557972659), np.float64(-68.94243257995237)]",2025-08-31 14:28:10,948.451775170079,2,5.382646537200879,312.5368046933022,24.24400128907633,38.553084732407015,17.311640351261754,4,4,3,1292,12,0.6028935185185185,13.091385721632125
599,0023,0,1,"[-32.62628028768224, -72.17270333674631]","[np.float64(-33.0491248747741), np.float64(-71.6499149451426)]",2025-08-31 14:28:20,383.58526495773083,1,4.448552817828192,67.79595461268401,5.579446524596779,37.07978902277317,16.315319400482853,1,1,1,1278,7,0.6030092592592593,18.12434717826063
600,0039,0,1,"[-32.62628028768224, -72.17270333674631]","[np.float64(-33.13217557972659), np.float64(-68.94243257995237)]",2025-08-31 14:28:20,948.451775170079,2,5.382646537200879,306.840486544372,23.85181600824696,38.5764576397468,22.311640351261754,4,4,3,1292,12,0.6030092592592593,16.884557017928422
601,0023,0,1,"[-33.22420529290891, -72.33683278250172]","[np.float64(-33.0491248747741), np.float64(-71.6499149451426)]",2025-08-31 14:28:30,383.58526495773083,1,4.448552817828192,66.8568931602047,5.502641624872294,37.10440160944731,15.315319400482853,1,1,1,1278,7,0.603125,14.109069400482852
602,0039,0,1,"[-33.22420529290891, -72.33683278250172]","[np.float64(-33.13217557972659), np.float64(-68.94243257995237)]",2025-08-31 14:28:30,948.451775170079,2,5.382646537200879,316.0592751296461,24.485318000968064,38.599806641424486,16.311640351261754,4,4,3,1292,12,0.603125,14.502265351261755
603,0023,0,1,"[-33.8219902792576, -72.50264928498211]","[np.float64(-33.0491248747741), np.float64(-71.6499149451426)]",2025-08-31 14:28:40,383.58526495773083,1,4.448552817828192,116.81793708783043,9.55477586514842,37.12899370555394,16.315319400482853,1,1,1,1278,7,0.6032407407407407,17.521800881964335
604,0039,0,1,"[-33.8219902792576, -72.50264928498211]","[np.float64(-33.13217557972659), np.float64(-68.94243257995237)]",2025-08-31 14:28:40,948.451775170079,2,5.382646537200879,338.97650158199576,26.03267639845529,38.62313856762925,18.311640351261754,4,4,3,1292,12,0.6032407407407407,21.327844054965457
605,0023,0,1,"[-34.41963866182289, -72.67020748570087]","[np.float64(-33.0491248747741), np.float64(-71.6499149451426)]",2025-08-31 14:28:50,383.58526495773083,1,4.448552817828192,179.23352757187058,14.480878836245939,37.15357214128223,20.315319400482853,1,1,1,1278,7,0.6033564814814815,25.142171252334705
606,0039,0,1,"[-34.41963866182289, -72.67020748570087]","[np.float64(-33.13217557972659), np.float64(-68.94243257995237)]",2025-08-31 14:28:50,948.451775170079,2,5.382646537200879,373.0733022158646,28.26112344353156,38.6464500032665,22.311640351261754,4,4,3,1292,12,0.6033564814814815,21.708283869780274
607,0023,0,1,"[-35.01713678022643, -72.83957568654967]","[np.float64(-33.0491248747741), np.float64(-71.6499149451426)]",2025-08-31 14:29:00,383.58526495773083,1,4.448552817828192,244.75070904385578,19.426050688313058,37.17813008644301,23.315319400482853,1,1,1,1278,7,0.6034722222222222,17.884069400482854
608,0023,0,1,"[-35.61448804956282, -73.01082218942022]","[np.float64(-33.0491248747741), np.float64(-71.6499149451426)]",2025-08-31 14:29:10,383.58526495773083,1,4.448552817828192,311.41628431704544,24.167044090131107,37.202670956130866,19.315319400482853,1,1,1,1278,7,0.6035879629629629,15.090203659742112
609,0023,0,1,"[-36.211682224548305, -73.18400846601507]","[np.float64(-33.0491248747741), np.float64(-71.6499149451426)]",2025-08-31 14:29:20,383.58526495773083,1,4.448552817828192,378.62163404668627,28.615306598377064,37.22719133525121,18.315319400482853,1,1,1,1278,7,0.6037037037037037,14.089393474556926
610,0160,0,1,"[48.19451146290531, -76.7333845701039]","[np.float64(45.14600795418758), np.float64(-74.22434035818429)]",2025-08-31 15:44:40,890.2916008291153,2,7.485572037056226,389.2511454838768,29.287221945028907,50.057145030702806,17.43526070780384,3,3,3,1172,6,0.6560185185185186,12.843131078174212
611,0160,0,1,"[47.59990934470985, -76.9675576057978]","[np.float64(45.14600795418758), np.float64(-74.22434035818429)]",2025-08-31 15:44:50,890.2916008291153,2,7.485572037056226,344.5483744861638,26.40289995297254,50.07116057887968,16.43526070780384,3,3,3,1172,6,0.6561342592592593,17.091394967063103
612,0160,0,1,"[47.00499986800174, -77.19740030155789]","[np.float64(45.14600795418758), np.float64(-74.22434035818429)]",2025-08-31 15:45:00,890.2916008291153,2,7.485572037056226,308.7028312195561,23.980299909139273,50.085152221394445,21.43526070780384,3,3,3,1172,6,0.65625,25.37276070780384
613,0160,0,1,"[46.40979669315932, -77.42309707249179]","[np.float64(45.14600795418758), np.float64(-74.22434035818429)]",2025-08-31 15:45:10,890.2916008291153,2,7.485572037056226,285.0755778184255,22.33147237544322,50.09911312805795,25.43526070780384,3,3,3,1172,6,0.6563657407407407,18.871603300396433
614,0160,0,1,"[45.814310065466344, -77.64481184313958]","[np.float64(45.14600795418758), np.float64(-74.22434035818429)]",2025-08-31 15:45:20,890.2916008291153,2,7.485572037056226,276.81237972423776,21.74533156414451,50.11305012905937,21.43526070780384,3,3,3,1172,6,0.6564814814814814,26.03063107817421
615,0160,0,1,"[45.21855364530115, -77.86271536823048]","[np.float64(45.14600795418758), np.float64(-74.22434035818429)]",2025-08-31 15:45:30,890.2916008291153,2,7.485572037056226,285.25210815008705,22.343941277337343,50.1269598093041,17.43526070780384,3,3,3,1172,6,0.6565972222222223,19.405052374470507
616,0160,0,1,"[44.62254109304208, -78.07696474211545]","[np.float64(45.14600795418758), np.float64(-74.22434035818429)]",2025-08-31 15:45:40,890.2916008291153,2,7.485572037056226,309.02931506704465,24.002797820841472,50.14083875369756,19.43526070780384,3,3,3,1172,6,0.656712962962963,14.181557004100139
617,0160,0,1,"[44.02627923887831, -78.28770339876702]","[np.float64(45.14600795418758), np.float64(-74.22434035818429)]",2025-08-31 15:45:50,890.2916008291153,2,7.485572037056226,344.9868543656936,26.431934713368385,50.15469379242893,19.43526070780384,3,3,3,1172,6,0.6568287037037037,20.092089411507544
618,0160,0,1,"[43.42978174318817, -78.49506794196861]","[np.float64(45.14600795418758), np.float64(-74.22434035818429)]",2025-08-31 15:46:00,890.2916008291153,2,7.485572037056226,389.76769263698304,29.319651862215796,50.16851809530904,22.43526070780384,3,3,3,1172,6,0.6569444444444444,22.43526070780384
619,0235,0,1,"[41.63896419941877, -79.09824877776161]","[np.float64(40.31208734352321), np.float64(-74.64876167859748)]",2025-08-31 15:46:30,568.4645561859485,1,3.5844442237745024,401.55943937752596,30.054356967754927,54.24964491685087,11.686180470109115,4,4,3,1292,11,0.6572916666666667,8.39972213677578
620,0235,0,1,"[41.04161293008239, -79.2934009427272]","[np.float64(40.31208734352321), np.float64(-74.64876167859748)]",2025-08-31 15:46:40,568.4645561859485,1,3.5844442237745024,399.94190255151153,29.954209288472484,54.266276427479845,13.686180470109115,4,4,3,1292,11,0.6574074074074074,13.686180470109115
621,0179,1,1,"[33.26109855971074, -81.61294001505271]","[np.float64(29.7478931171751), np.float64(-80.98193319510803)]",2025-08-31 15:48:50,927.8929809486823,1,5.319718495885655,395.20206880347376,29.659584559072822,59.10890786977557,15.315319400482853,4,4,3,873,6,0.658912037037037,9.38511106714952
622,0179,1,1,"[32.661657252488325, -81.77748610234748]","[np.float64(29.7478931171751), np.float64(-80.98193319510803)]",2025-08-31 15:49:00,927.8929809486823,1,5.319718495885655,332.7098553859856,25.61347913641206,59.13701409821017,7.315319400482853,4,4,3,873,6,0.6590277777777778,2.702124956038409
623,0179,1,1,"[32.06211007733378, -81.94039294424147]","[np.float64(29.7478931171751), np.float64(-80.98193319510803)]",2025-08-31 15:49:10,927.8929809486823,1,5.319718495885655,273.09001555115856,21.479710313009576,59.16509983607726,6.315319400482853,4,4,3,873,6,0.6591435185185185,1.0421712523347049
624,0179,1,1,"[31.46245703424709, -82.10171518224799]","[np.float64(29.7478931171751), np.float64(-80.98193319510803)]",2025-08-31 15:49:20,927.8929809486823,1,5.319718495885655,218.7033616186109,17.491439101796225,59.19316508337685,14.315319400482853,4,4,3,873,6,0.6592592592592592,11.678282363445817
624,0179,1,1,"[31.46245703424709, -82.10171518224799]","[np.float64(29.7478931171751), np.float64(-80.98193319510803)]",2025-08-31 15:49:20,927.8929809486823,1,5.319718495885655,218.7033616186109,17.491439101796225,59.19316508337685,14.315319400482853,4,4,3,873,6,0.6592592592592592,11.678282363445817
625,0179,1,1,"[30.862704953417442, -82.2615142880696]","[np.float64(29.7478931171751), np.float64(-80.98193319510803)]",2025-08-31 15:49:30,927.8929809486823,1,5.319718495885655,174.51364962543394,14.114979329922827,59.22120300991975,12.315319400482853,4,4,3,873,6,0.659375,12.315319400482853
625,0179,1,1,"[30.862704953417442, -82.2615142880696]","[np.float64(29.7478931171751), np.float64(-80.98193319510803)]",2025-08-31 15:49:30,927.8929809486823,1,5.319718495885655,174.51364962543394,14.114979329922827,59.22120300991975,12.315319400482853,4,4,3,873,6,0.659375,12.315319400482853
626,0179,1,1,"[30.26285724993941, -82.4198380730305]","[np.float64(29.7478931171751), np.float64(-80.98193319510803)]",2025-08-31 15:49:40,927.8929809486823,1,5.319718495885655,149.83126635491348,12.182895949755801,59.24921361570597,9.315319400482853,4,4,3,873,6,0.6594907407407408,3.379902733816186
626,0179,1,1,"[30.26285724993941, -82.4198380730305]","[np.float64(29.7478931171751), np.float64(-80.98193319510803)]",2025-08-31 15:49:40,927.8929809486823,1,5.319718495885655,149.83126635491348,12.182895949755801,59.24921361570597,9.315319400482853,4,4,3,873,6,0.6594907407407408,3.379902733816186
627,0184,2,1,"[30.26285724993941, -82.4198380730305]","[np.float64(27.32515845053345), np.float64(-80.26028845491872)]",2025-08-31 15:49:40,330.5918992225013,1,6.925575150920803,388.549649275697,29.243147547141117,61.24144319281529,7.817158925093404,4,4,3,1496,4,0.6594907407407408,7.817158925093404
628,0179,1,1,"[29.662917338907587, -82.5767480088332]","[np.float64(29.7478931171751), np.float64(-80.98193319510803)]",2025-08-31 15:49:50,927.8929809486823,1,5.319718495885655,154.3192702555823,12.536442605246648,59.27720373092468,8.315319400482853,4,4,3,873,6,0.6596064814814815,12.272958289371742
628,0179,1,1,"[29.662917338907587, -82.5767480088332]","[np.float64(29.7478931171751), np.float64(-80.98193319510803)]",2025-08-31 15:49:50,927.8929809486823,1,5.319718495885655,154.3192702555823,12.536442605246648,59.27720373092468,8.315319400482853,4,4,3,873,6,0.6596064814814815,12.272958289371742
629,0184,2,1,"[29.662917338907587, -82.5767480088332]","[np.float64(27.32515845053345), np.float64(-80.26028845491872)]",2025-08-31 15:49:50,330.5918992225013,1,6.925575150920803,344.68014899316165,26.411627183412843,61.271011081732276,11.817158925093404,4,4,3,1496,4,0.6596064814814815,14.45558485101933
630,0179,1,1,"[29.062888635416552, -82.7322919068019]","[np.float64(29.7478931171751), np.float64(-80.98193319510803)]",2025-08-31 15:50:00,927.8929809486823,1,5.319718495885655,185.8761033017134,14.9937885408958,59.30517335557588,10.315319400482853,4,4,3,873,6,0.6597222222222222,16.252819400482853
630,0179,1,1,"[29.062888635416552, -82.7322919068019]","[np.float64(29.7478931171751), np.float64(-80.98193319510803)]",2025-08-31 15:50:00,927.8929809486823,1,5.319718495885655,185.8761033017134,14.9937885408958,59.30517335557588,10.315319400482853,4,4,3,873,6,0.6597222222222222,16.252819400482853
631,0184,2,1,"[29.062888635416552, -82.7322919068019]","[np.float64(27.32515845053345), np.float64(-80.26028845491872)]",2025-08-31 15:50:00,330.5918992225013,1,6.925575150920803,309.86597464495094,24.0604158932856,61.300551649892576,9.817158925093404,4,4,3,1496,4,0.6597222222222222,15.09493670287118
632,0179,1,1,"[28.46277455456089, -82.88651074807163]","[np.float64(29.7478931171751), np.float64(-80.98193319510803)]",2025-08-31 15:50:10,927.8929809486823,1,5.319718495885655,233.78511839525774,18.616930038914592,59.33311565947041,14.315319400482853,4,4,3,873,6,0.6598379629629629,10.356291622705076
633,0184,2,1,"[28.46277455456089, -82.88651074807163]","[np.float64(27.32515845053345), np.float64(-80.26028845491872)]",2025-08-31 15:50:10,330.5918992225013,1,6.925575150920803,287.4154667400232,22.49656489840854,61.330064897296204,6.817158925093404,4,4,3,1496,4,0.6598379629629629,0.21877929546377395
633,0184,2,1,"[28.46277455456089, -82.88651074807163]","[np.float64(27.32515845053345), np.float64(-80.26028845491872)]",2025-08-31 15:50:10,330.5918992225013,1,6.925575150920803,287.4154667400232,22.49656489840854,61.330064897296204,6.817158925093404,4,4,3,1496,4,0.6598379629629629,0.21877929546377395
634,0179,1,1,"[27.862580218982483, -83.03945917415572]","[np.float64(29.7478931171751), np.float64(-80.98193319510803)]",2025-08-31 15:50:20,927.8929809486823,1,5.319718495885655,290.05365397466215,22.68223256703611,59.36103064260825,15.315319400482853,4,4,3,873,6,0.6599537037037037,12.015550881964334
635,0184,2,1,"[27.862580218982483, -83.03945917415572]","[np.float64(27.32515845053345), np.float64(-80.26028845491872)]",2025-08-31 15:50:20,330.5918992225013,1,6.925575150920803,280.31518303653763,21.994391633289435,61.35956448432149,5.817158925093404,4,4,3,1496,4,0.6599537037037037,0.5375292954637745
635,0184,2,1,"[27.862580218982483, -83.03945917415572]","[np.float64(27.32515845053345), np.float64(-80.26028845491872)]",2025-08-31 15:50:20,330.5918992225013,1,6.925575150920803,280.31518303653763,21.994391633289435,61.35956448432149,5.817158925093404,4,4,3,1496,4,0.6599537037037037,0.5375292954637745
636,0179,1,1,"[27.26230733622862, -83.19117816618922]","[np.float64(29.7478931171751), np.float64(-80.98193319510803)]",2025-08-31 15:50:30,927.8929809486823,1,5.319718495885655,350.6801093391151,26.80759547564282,59.38892513517858,6.315319400482853,4,4,3,873,6,0.6600694444444445,6.975388844927298
637,0184,2,1,"[27.26230733622862, -83.19117816618922]","[np.float64(27.32515845053345), np.float64(-80.26028845491872)]",2025-08-31 15:50:30,330.5918992225013,1,6.925575150920803,289.6948172217585,22.657008147008035,61.38902992040092,5.817158925093404,4,4,3,1496,4,0.6600694444444445,8.457436702871181
637,0184,2,1,"[27.26230733622862, -83.19117816618922]","[np.float64(27.32515845053345), np.float64(-80.26028845491872)]",2025-08-31 15:50:30,330.5918992225013,1,6.925575150920803,289.6948172217585,22.657008147008035,61.38902992040092,5.817158925093404,4,4,3,1496,4,0.6600694444444445,8.457436702871181
638,0184,2,1,"[26.661961028941178, -83.34171553549629]","[np.float64(27.32515845053345), np.float64(-80.26028845491872)]",2025-08-31 15:50:40,330.5918992225013,1,6.925575150920803,314.0810133034273,24.34990494619384,61.41848169610202,11.817158925093404,4,4,3,1496,4,0.6601851851851852,13.79771448064896
639,0184,2,1,"[26.061543004667453, -83.49111226321199]","[np.float64(27.32515845053345), np.float64(-80.26028845491872)]",2025-08-31 15:50:50,330.5918992225013,1,6.925575150920803,350.35331933406,26.786099556387175,61.44790615104643,12.817158925093404,4,4,3,1496,4,0.6603009259259259,16.77896448064896
640,0184,2,1,"[25.461056678502025, -83.63940250028213]","[np.float64(27.32515845053345), np.float64(-80.26028845491872)]",2025-08-31 15:51:00,330.5918992225013,1,6.925575150920803,395.25161406199584,29.66267323452308,61.47730328523417,8.817158925093404,4,4,3,1496,4,0.6604166666666667,6.8359089250934035
641,0137,0,1,"[15.244922463313223, -86.02632821895898]","[np.float64(13.06524529227469), np.float64(-88.86347709068579)]",2025-08-31 15:53:50,165.68578471697504,1,7.567469540578493,390.25901595838087,29.350479054029748,59.73940946224862,7.1916990439407655,2,2,2,876,5,0.6623842592592593,13.153157377274098
642,0137,0,1,"[14.643642127656783, -86.16060973804143]","[np.float64(13.06524529227469), np.float64(-88.86347709068579)]",2025-08-31 15:54:00,165.68578471697504,1,7.567469540578493,340.506668937014,26.1345831072362,59.77977588024339,12.191699043940766,2,2,2,876,5,0.6625,6.891699043940766
643,0137,0,1,"[14.042340447659186, -86.29437899293613]","[np.float64(13.06524529227469), np.float64(-88.86347709068579)]",2025-08-31 15:54:10,165.68578471697504,1,7.567469540578493,298.20675752937484,23.252845330877157,59.82014229823817,10.191699043940766,2,2,2,876,5,0.6626157407407407,4.89077311801484
644,0137,0,1,"[13.441016569546788, -86.42767013458892]","[np.float64(13.06524529227469), np.float64(-88.86347709068579)]",2025-08-31 15:54:20,165.68578471697504,1,7.567469540578493,266.92521718642206,21.037664952455987,59.86050871623294,9.191699043940766,2,2,2,876,5,0.6627314814814815,11.17989348838521
645,0137,0,1,"[12.839672200866879, -86.56049682337816]","[np.float64(13.06524529227469), np.float64(-88.86347709068579)]",2025-08-31 15:54:30,165.68578471697504,1,7.567469540578493,250.82075849760426,19.870524470922398,59.900868304038546,14.191699043940766,2,2,2,876,5,0.6628472222222223,16.180240710607432
646,0077,0,1,"[12.238309902940399, -86.69288638006053]","[np.float64(9.278166332601291), np.float64(-84.83392999348334)]",2025-08-31 15:54:40,318.9668679633517,1,2.9322194847258096,386.7435583596966,29.129497584064424,64.08779475582388,19.06439963817758,4,4,3,1335,13,0.662962962962963,23.042177415955358
647,0137,0,1,"[12.238309902940399, -86.69288638006053]","[np.float64(13.06524529227469), np.float64(-88.86347709068579)]",2025-08-31 15:54:40,165.68578471697504,1,7.567469540578493,252.81058834934288,20.015690114678918,59.94123472203332,9.191699043940766,2,2,2,876,5,0.662962962962963,4.550958303200025
648,0077,0,1,"[11.63693138331464, -86.82485929520351]","[np.float64(9.278166332601291), np.float64(-84.83392999348334)]",2025-08-31 15:54:50,318.9668679633517,1,2.9322194847258096,340.8519489940334,26.15755366331424,64.12890566443818,21.06439963817758,4,4,3,1335,13,0.6630787037037037,17.74900611965906
649,0137,0,1,"[11.63693138331464, -86.82485929520351]","[np.float64(13.06524529227469), np.float64(-88.86347709068579)]",2025-08-31 15:54:50,165.68578471697504,1,7.567469540578493,272.49915113557745,21.437457674914164,59.981594309838925,14.191699043940766,2,2,2,876,5,0.6630787037037037,8.223990710607431
650,0077,0,1,"[11.035537495763249, -86.9564428895638]","[np.float64(9.278166332601291), np.float64(-84.83392999348334)]",2025-08-31 15:55:00,318.9668679633517,1,2.9322194847258096,303.5631826874949,23.625093946177437,64.17002340324166,20.06439963817758,4,4,3,1335,13,0.6631944444444444,18.074816304844248
651,0137,0,1,"[11.035537495763249, -86.9564428895638]","[np.float64(13.06524529227469), np.float64(-88.86347709068579)]",2025-08-31 15:55:00,165.68578471697504,1,7.567469540578493,306.49435977666906,23.8279084369273,60.02195389764453,6.1916990439407655,2,2,2,876,5,0.6631944444444444,4.2021157106074325
652,0077,0,1,"[10.434130801607163, -87.08765765370892]","[np.float64(9.278166332601291), np.float64(-84.83392999348334)]",2025-08-31 15:55:10,318.9668679633517,1,2.9322194847258096,278.3547090032823,21.855102990776075,64.21114114204514,17.06439963817758,4,4,3,1335,13,0.6633101851851851,21.707570934473875
653,0137,0,1,"[10.434130801607163, -87.08765765370892]","[np.float64(13.06524529227469), np.float64(-88.86347709068579)]",2025-08-31 15:55:10,165.68578471697504,1,7.567469540578493,350.6599649332639,26.806270632415593,60.06231348545014,7.1916990439407655,2,2,2,876,5,0.6633101851851851,9.181629599496322
654,0077,0,1,"[9.832713008393677, -87.21853090839554]","[np.float64(9.278166332601291), np.float64(-84.83392999348334)]",2025-08-31 15:55:20,318.9668679633517,1,2.9322194847258096,268.6478494718817,21.16145282793581,64.25225205065944,18.06439963817758,4,4,3,1335,13,0.663425925925926,18.06439963817758
655,0137,0,1,"[9.832713008393677, -87.21853090839554]","[np.float64(13.06524529227469), np.float64(-88.86347709068579)]",2025-08-31 15:55:20,165.68578471697504,1,7.567469540578493,401.6547453306939,30.06025140462359,60.102673073255744,14.191699043940766,2,2,2,876,5,0.663425925925926,7.557439784681506
656,0077,0,1,"[9.231285823670081, -87.34906948381281]","[np.float64(9.278166332601291), np.float64(-84.83392999348334)]",2025-08-31 15:55:30,318.9668679633517,1,2.9322194847258096,276.0793331590184,21.69309987517111,64.29336978946291,18.06439963817758,4,4,3,1335,13,0.6635416666666667,16.737316304844246
657,0077,0,1,"[8.629850101210023, -87.47930753090662]","[np.float64(9.278166332601291), np.float64(-84.83392999348334)]",2025-08-31 15:55:40,318.9668679633517,1,2.9322194847258096,299.37521281956845,23.334226693623386,64.3344875282664,20.06439963817758,4,4,3,1335,13,0.6636574074074074,20.06439963817758
658,0077,0,1,"[8.028407548560795, -87.60925871005529]","[np.float64(9.278166332601291), np.float64(-84.83392999348334)]",2025-08-31 15:55:50,318.9668679633517,1,2.9322194847258096,335.2423193831201,25.78324161012864,64.3755984368807,18.06439963817758,4,4,3,1335,13,0.6637731481481481,23.374584823362767
659,0077,0,1,"[7.42695987326969, -87.73895034201549]","[np.float64(9.278166332601291), np.float64(-84.83392999348334)]",2025-08-31 15:56:00,318.9668679633517,1,2.9322194847258096,380.1380279239743,28.711694301930464,64.41671617568417,20.06439963817758,4,4,3,1335,13,0.6638888888888889,18.7366218603998
660,0038,0,1,"[43.85268998112244, -103.04477589461042]","[np.float64(40.33709396384561), np.float64(-104.2016485672987)]",2025-08-31 17:24:40,419.64903174322717,1,7.676093631610172,402.389906020231,30.105695683560523,51.99758128333592,14.184340945498565,1,1,1,1110,9,0.725462962962963,14.909803908461528
661,0038,0,1,"[43.25612759863518, -103.25119104151737]","[np.float64(40.33709396384561), np.float64(-104.2016485672987)]",2025-08-31 17:24:50,419.64903174322717,1,7.676093631610172,334.0014147783739,25.70011867281601,52.01753226590153,22.184340945498565,1,1,1,1110,9,0.7255787037037037,24.361077056609677
662,0038,0,1,"[42.65933640481073, -103.4544028297036]","[np.float64(40.33709396384561), np.float64(-104.2016485672987)]",2025-08-31 17:25:00,419.64903174322717,1,7.676093631610172,265.6118494784385,20.943148232427937,52.03745934280504,19.184340945498565,1,1,1,1110,9,0.7256944444444444,25.715590945498565
663,0069,0,1,"[42.65933640481073, -103.4544028297036]","[np.float64(39.80394266104254), np.float64(-105.3320988949999)]",2025-08-31 17:25:00,470.4028509127045,1,7.730386383523442,354.186001715513,27.03769672711628,51.89110204927001,9.442618806246042,1,1,1,1139,14,0.7256944444444444,8.716924361801597
664,0038,0,1,"[42.06233347512202, -103.65453420257414]","[np.float64(40.33709396384561), np.float64(-104.2016485672987)]",2025-08-31 17:25:10,419.64903174322717,1,7.676093631610172,197.2223268924031,15.864196952632147,52.05735909895187,21.184340945498565,1,1,1,1110,9,0.7258101851851851,26.26501224179486
665,0069,0,1,"[42.06233347512202, -103.65453420257414]","[np.float64(39.80394266104254), np.float64(-105.3320988949999)]",2025-08-31 17:25:10,470.4028509127045,1,7.730386383523442,287.94584540272405,22.533931541956377,51.91202291869776,9.442618806246042,1,1,1,1139,14,0.7258101851851851,2.9103271395793753
666,0038,0,1,"[41.46512222466361, -103.85172176391241]","[np.float64(40.33709396384561), np.float64(-104.2016485672987)]",2025-08-31 17:25:20,419.64903174322717,1,7.676093631610172,128.8325802143869,10.516543824164792,52.07723494943661,14.184340945498565,1,1,1,1110,9,0.725925925925926,6.925081686239306
667,0069,0,1,"[41.46512222466361, -103.85172176391241]","[np.float64(39.80394266104254), np.float64(-105.3320988949999)]",2025-08-31 17:25:20,470.4028509127045,1,7.730386383523442,222.98128232267956,17.812143211631327,51.93291988246341,17.442618806246042,1,1,1,1139,14,0.725925925925926,18.894470658097894
668,0038,0,1,"[40.86771631381386, -104.04606113636677]","[np.float64(40.33709396384561), np.float64(-104.2016485672987)]",2025-08-31 17:25:30,419.64903174322717,1,7.676093631610172,60.44699893651122,4.977866770024261,52.097086894259256,14.184340945498565,1,1,1,1110,9,0.7260416666666667,15.6364242788319
669,0069,0,1,"[40.86771631381386, -104.04606113636677]","[np.float64(39.80394266104254), np.float64(-105.3320988949999)]",2025-08-31 17:25:30,470.4028509127045,1,7.730386383523442,160.84890982677086,13.049087000032017,51.95379294056697,12.442618806246042,1,1,1,1139,14,0.7260416666666667,9.538452139579375
670,0038,0,1,"[40.270119157667345, -104.23766843315315]","[np.float64(40.33709396384561), np.float64(-104.2016485672987)]",2025-08-31 17:25:40,419.64903174322717,1,7.676093631610172,8.04933464551971,0.664513291327665,52.11691151832522,15.184340945498565,1,1,1,1110,9,0.7261574074074074,11.553553908461527
671,0069,0,1,"[40.270119157667345, -104.23766843315315]","[np.float64(39.80394266104254), np.float64(-105.3320988949999)]",2025-08-31 17:25:40,470.4028509127045,1,7.730386383523442,106.62107791147429,8.73421336812694,51.97463867791385,15.442618806246042,1,1,1,1139,14,0.7261574074074074,17.621091028468264
672,0038,0,1,"[39.67233758641325, -104.42664610710906]","[np.float64(40.33709396384561), np.float64(-104.2016485672987)]",2025-08-31 17:25:50,419.64903174322717,1,7.676093631610172,76.3614136998143,6.279045236536346,52.1367088216345,23.184340945498565,1,1,1,1110,9,0.7262731481481481,28.268252982535603
673,0069,0,1,"[39.67233758641325, -104.42664610710906]","[np.float64(39.80394266104254), np.float64(-105.3320988949999)]",2025-08-31 17:25:50,470.4028509127045,1,7.730386383523442,78.79227196189754,6.477256980923954,51.99546050959863,10.442618806246042,1,1,1,1139,14,0.7262731481481481,9.716345658097893
674,0038,0,1,"[39.0743852604299, -104.61309661107207]","[np.float64(40.33709396384561), np.float64(-104.2016485672987)]",2025-08-31 17:26:00,419.64903174322717,1,7.676093631610172,144.75102668968339,11.781556950575414,52.156482219281685,20.184340945498565,1,1,1,1110,9,0.7263888888888889,20.910729834387453
675,0069,0,1,"[39.0743852604299, -104.61309661107207]","[np.float64(39.80394266104254), np.float64(-105.3320988949999)]",2025-08-31 17:26:00,470.4028509127045,1,7.730386383523442,101.9472352428802,8.356868341547042,52.01626185071591,9.442618806246042,1,1,1,1139,14,0.7263888888888889,7.263452139579375
676,0038,0,1,"[38.476262179717295, -104.79710873750138]","[np.float64(40.33709396384561), np.float64(-104.2016485672987)]",2025-08-31 17:26:10,419.64903174322717,1,7.676093631610172,213.14443906134287,17.073007627486295,52.17623171126677,16.184340945498565,1,1,1,1110,9,0.7265046296296296,12.551817797350417
677,0069,0,1,"[38.476262179717295, -104.79710873750138]","[np.float64(39.80394266104254), np.float64(-105.3320988949999)]",2025-08-31 17:26:10,470.4028509127045,1,7.730386383523442,154.6726382486995,12.564238704267293,52.0370358710765,17.442618806246042,1,1,1,1139,14,0.7265046296296296,13.810095658097893
678,0038,0,1,"[37.87798200465378, -104.97877810904538]","[np.float64(40.33709396384561), np.float64(-104.2016485672987)]",2025-08-31 17:26:20,419.64903174322717,1,7.676093631610172,281.53885898999226,22.081193584511663,52.19595388249519,22.184340945498565,1,1,1,1110,9,0.7266203703703704,19.277859464017084
679,0069,0,1,"[37.87798200465378, -104.97877810904538]","[np.float64(39.80394266104254), np.float64(-105.3320988949999)]",2025-08-31 17:26:20,470.4028509127045,1,7.730386383523442,216.33195052116687,17.313170795189034,52.057782570680416,17.442618806246042,1,1,1,1139,14,0.7266203703703704,22.528961398838636
680,0038,0,1,"[37.27954473523936, -105.15819351816327]","[np.float64(40.33709396384561), np.float64(-104.2016485672987)]",2025-08-31 17:26:30,419.64903174322717,1,7.676093631610172,349.93453039244315,26.75854013105499,52.2156521480615,21.184340945498565,1,1,1,1110,9,0.7267361111111111,19.004132612165233
681,0069,0,1,"[37.27954473523936, -105.15819351816327]","[np.float64(39.80394266104254), np.float64(-105.3320988949999)]",2025-08-31 17:26:30,470.4028509127045,1,7.730386383523442,281.10763443638393,22.05061664487615,52.07850877971682,10.442618806246042,1,1,1,1139,14,0.7267361111111111,16.983243806246044
682,0069,0,1,"[36.6809572016632, -105.33542326674677]","[np.float64(39.80394266104254), np.float64(-105.3320988949999)]",2025-08-31 17:26:40,470.4028509127045,1,7.730386383523442,347.26075090166273,26.58227040561405,52.099207667996545,15.442618806246042,1,1,1,1139,14,0.7268518518518519,15.442618806246042
683,0071,0,1,"[33.68600462797723, -106.19164212072123]","[np.float64(32.26335503153177), np.float64(-102.2535479307044)]",2025-08-31 17:27:30,49.704124408816234,1,4.250646219909894,399.92989491440983,29.95346509536635,59.5059262756609,18.809800826651205,4,4,3,631,11,0.7274305555555556,22.446953604428984
684,0071,0,1,"[33.08664528302486, -106.35738349112076]","[np.float64(32.26335503153177), np.float64(-102.2535479307044)]",2025-08-31 17:27:40,49.704124408816234,1,4.250646219909894,394.8390636657891,29.636948857856666,59.529838767945115,18.809800826651205,4,4,3,631,11,0.7275462962962963,15.172069345169724
685,0071,0,1,"[32.487173239951176, -106.52144463498446]","[np.float64(32.26335503153177), np.float64(-102.2535479307044)]",2025-08-31 17:27:50,49.704124408816234,1,4.250646219909894,401.5465676564289,30.053560829929154,59.55373076966182,24.809800826651205,4,4,3,631,11,0.727662037037037,18.98850453035491
686,007,0,1,"[30.088257124186374, -107.16203441686162]","[np.float64(27.09116414667865), np.float64(-109.4127318698908)]",2025-08-31 17:28:30,204.7583549914579,1,3.597522112006194,399.1640247166399,29.905976011173717,58.0752816822992,15.56623916278813,2,2,2,1416,11,0.728125,14.838114162788129
687,0053,0,1,"[30.088257124186374, -107.16203441686162]","[np.float64(26.87769369263977), np.float64(-105.8612376757188)]",2025-08-31 17:28:30,898.8383248360243,2,6.271612518163372,378.950210237985,28.636207182787935,60.847928673974174,15.06439963817758,3,3,3,1312,13,0.728125,15.79252463817758
688,007,0,1,"[29.48828989239787, -107.31854137150329]","[np.float64(27.09116414667865), np.float64(-109.4127318698908)]",2025-08-31 17:28:40,204.7583549914579,1,3.597522112006194,336.2760024057748,25.85239483429214,58.10710353364229,13.56623916278813,2,2,2,1416,11,0.7282407407407407,14.29447990352887
689,0053,0,1,"[29.48828989239787, -107.31854137150329]","[np.float64(26.87769369263977), np.float64(-105.8612376757188)]",2025-08-31 17:28:40,898.8383248360243,2,6.271612518163372,323.51237547986045,24.992869749601056,60.87832301578073,22.06439963817758,3,3,3,1312,13,0.7282407407407407,23.520881119659062
690,007,0,1,"[28.88823728324474, -107.47368911850013]","[np.float64(27.09116414667865), np.float64(-109.4127318698908)]",2025-08-31 17:28:50,204.7583549914579,1,3.597522112006194,275.9950867522832,21.687094645194783,58.138911724607034,9.56623916278813,2,2,2,1416,11,0.7283564814814815,15.393091014639982
691,0053,0,1,"[28.88823728324474, -107.47368911850013]","[np.float64(26.87769369263977), np.float64(-105.8612376757188)]",2025-08-31 17:28:50,898.8383248360243,2,6.271612518163372,274.02809610958434,21.54674198019356,60.90869686701978,20.06439963817758,3,3,3,1312,13,0.7283564814814815,22.249469082622024
692,007,0,1,"[28.288101004274278, -107.62753912955466]","[np.float64(27.09116414667865), np.float64(-109.4127318698908)]",2025-08-31 17:29:00,204.7583549914579,1,3.597522112006194,220.4697017610175,17.623995253768832,58.17069942500428,10.56623916278813,2,2,2,1416,11,0.7284722222222222,12.023183607232573
693,0053,0,1,"[28.288101004274278, -107.62753912955466]","[np.float64(26.87769369263977), np.float64(-105.8612376757188)]",2025-08-31 17:29:00,898.8383248360243,2,6.271612518163372,234.30044448614015,18.655130246211254,60.93904339750215,21.06439963817758,3,3,3,1312,13,0.7284722222222222,26.89217741595536
694,007,0,1,"[27.687882763033773, -107.78011872542358]","[np.float64(27.09116414667865), np.float64(-109.4127318698908)]",2025-08-31 17:29:10,204.7583549914579,1,3.597522112006194,174.30830516140364,14.099033455923243,58.202473465023175,8.56623916278813,2,2,2,1416,11,0.7285879629629629,4.923299347973314
695,0053,0,1,"[27.687882763033773, -107.78011872542358]","[np.float64(26.87769369263977), np.float64(-105.8612376757188)]",2025-08-31 17:29:10,898.8383248360243,2,6.271612518163372,209.94098957943254,16.831019018700534,60.969369437417,15.06439963817758,3,3,3,1312,13,0.7285879629629629,20.893103341881282
696,007,0,1,"[27.087589389712402, -107.93149620799858]","[np.float64(27.09116414667865), np.float64(-109.4127318698908)]",2025-08-31 17:29:20,204.7583549914579,1,3.597522112006194,146.6371009579415,11.930695943171333,58.234233844663734,12.56623916278813,2,2,2,1416,11,0.7287037037037037,8.194016940565906
697,0053,0,1,"[27.087589389712402, -107.93149620799858]","[np.float64(26.87769369263977), np.float64(-105.8612376757188)]",2025-08-31 17:29:20,898.8383248360243,2,6.271612518163372,206.46456153689698,16.567708387330878,60.99968181695352,21.06439963817758,3,3,3,1312,13,0.7287037037037037,19.60699223077017
698,007,0,1,"[26.487220884310158, -108.08169206784716]","[np.float64(27.09116414667865), np.float64(-109.4127318698908)]",2025-08-31 17:29:30,204.7583549914579,1,3.597522112006194,148.20616344575598,12.054642826656327,58.265973733736786,9.56623916278813,2,2,2,1416,11,0.7288194444444445,8.837419718343686
699,0053,0,1,"[26.487220884310158, -108.08169206784716]","[np.float64(26.87769369263977), np.float64(-105.8612376757188)]",2025-08-31 17:29:30,898.8383248360243,2,6.271612518163372,224.8391601159027,17.951066101179286,61.02996687573335,16.06439963817758,3,3,3,1312,13,0.7288194444444445,10.233844082622024
700,007,0,1,"[25.886784077016216, -108.23076094648268]","[np.float64(27.09116414667865), np.float64(-109.4127318698908)]",2025-08-31 17:29:40,204.7583549914579,1,3.597522112006194,178.24465371201026,14.404317104556611,58.29769313224232,12.56623916278813,2,2,2,1416,11,0.7289351851851852,15.48197990352887
701,0053,0,1,"[25.886784077016216, -108.23076094648268]","[np.float64(26.87769369263977), np.float64(-105.8612376757188)]",2025-08-31 17:29:40,898.8383248360243,2,6.271612518163372,260.4812051092705,20.57277807758746,61.06022461375651,14.06439963817758,3,3,3,1312,13,0.7289351851851852,11.148658897436839
702,007,0,1,"[25.286277260283278, -108.37874382504017]","[np.float64(27.09116414667865), np.float64(-109.4127318698908)]",2025-08-31 17:29:50,204.7583549914579,1,3.597522112006194,225.6571087708189,18.012159223645636,58.329405700558695,7.566239162788129,2,2,2,1416,11,0.7290509259259259,14.127697496121463
703,0053,0,1,"[25.286277260283278, -108.37874382504017]","[np.float64(26.87769369263977), np.float64(-105.8612376757188)]",2025-08-31 17:29:50,898.8383248360243,2,6.271612518163372,307.44239288955794,23.893369712816764,61.09046869140133,18.06439963817758,3,3,3,1312,13,0.7290509259259259,12.9610431566961
704,007,0,1,"[24.685708971847813, -108.52567485446549]","[np.float64(27.09116414667865), np.float64(-109.4127318698908)]",2025-08-31 17:30:00,204.7583549914579,1,3.597522112006194,281.8069533151889,22.10019674036531,58.36109094811838,10.56623916278813,2,2,2,1416,11,0.7291666666666666,15.670405829454795
705,0053,0,1,"[24.685708971847813, -108.52567485446549]","[np.float64(26.87769369263977), np.float64(-105.8612376757188)]",2025-08-31 17:30:00,898.8383248360243,2,6.271612518163372,361.33492786331965,27.503987830805706,61.120685448289464,14.06439963817758,3,3,3,1312,13,0.7291666666666666,19.897732971510912
706,007,0,1,"[24.085077504162523, -108.67159501589364]","[np.float64(27.09116414667865), np.float64(-109.4127318698908)]",2025-08-31 17:30:10,204.7583549914579,1,3.597522112006194,342.42318031337726,26.261969238847914,58.3927693654889,15.56623916278813,2,2,2,1416,11,0.7292824074074075,10.461262310936277
707,007,0,1,"[23.484386272322, -108.81653846027048]","[np.float64(27.09116414667865), np.float64(-109.4127318698908)]",2025-08-31 17:30:20,204.7583549914579,1,3.597522112006194,405.5081210749202,30.29798531493656,58.42442046210274,16.56623916278813,2,2,2,1416,11,0.7293981481481482,10.001655829454796
708,0134,0,1,"[47.25361875379021, -126.49463897577259]","[np.float64(44.92658566264259), np.float64(-123.0066149884628)]",2025-08-31 19:02:30,909.2311431732608,2,4.256654775066016,373.1663453999627,28.267082491779423,50.432699567121375,18.813479875872304,1,1,1,1070,2,0.7934027777777778,11.672854875872304
709,0134,0,1,"[46.65853510725826, -126.722043293999]","[np.float64(44.92658566264259), np.float64(-123.0066149884628)]",2025-08-31 19:02:40,909.2311431732608,2,4.256654775066016,346.45047004904353,26.52874487345575,50.4463599454614,16.813479875872304,1,1,1,1070,2,0.7935185185185185,11.258850246242673
710,0134,0,1,"[46.06316459278117, -126.94540414023675]","[np.float64(44.92658566264259), np.float64(-123.0066149884628)]",2025-08-31 19:02:50,909.2311431732608,2,4.256654775066016,331.95591134002626,25.562845399751694,50.459993003044744,20.813479875872304,1,1,1,1070,2,0.7936342592592592,17.638942838835266
711,0134,0,1,"[45.46752087073729, -127.1648717786476]","[np.float64(44.92658566264259), np.float64(-123.0066149884628)]",2025-08-31 19:03:00,909.2311431732608,2,4.256654775066016,331.28928338458275,25.51803999094484,50.47359873987141,24.813479875872304,1,1,1,1070,2,0.79375,31.163479875872305
712,0134,0,1,"[44.871614186410355, -127.3806374545283]","[np.float64(44.92658566264259), np.float64(-123.0066149884628)]",2025-08-31 19:03:10,909.2311431732608,2,4.256654775066016,344.53297565071387,26.4018800247572,50.487177155941396,17.813479875872304,1,1,1,1070,2,0.7938657407407408,18.607345616613046
713,0134,0,1,"[44.27545820017872, -127.59282411128392]","[np.float64(44.92658566264259), np.float64(-123.0066149884628)]",2025-08-31 19:03:20,909.2311431732608,2,4.256654775066016,370.1949235884263,28.076445556049485,50.5007282512547,17.813479875872304,1,1,1,1070,2,0.7939814814814815,19.401442838835266
714,0134,0,1,"[43.679056327136955, -127.80158201307619]","[np.float64(44.92658566264259), np.float64(-123.0066149884628)]",2025-08-31 19:03:30,909.2311431732608,2,4.256654775066016,405.9271348924897,30.32376720394778,50.51424861071674,16.813479875872304,1,1,1,1070,2,0.7940972222222222,14.431188209205636
