index,ID,stereo,satellite,satellite location,request location,time,area,strips,duration,distance,angle,sun elevation,cloud cover estimate,priority,priority mod,customer type mod,price,waiting time,uncertainty,cloud cover real
197,0064,0,0,"[57.4330389946429, 2.7521999666208967]","[np.float64(55.14931047733401), np.float64(-1.225701160577773)]",2025-12-20 10:40:10,821.6296518567882,2,2.7287735725883193,353.08036785949366,26.965232303300827,9.552730747710159,10.93710023241439,1,1,1,1314,4,0.12534722222222222,9.934322454636613
198,0064,0,0,"[56.84573151848101, 2.417063074615881]","[np.float64(55.14931047733401), np.float64(-1.225701160577773)]",2025-12-20 10:40:20,821.6296518567882,2,2.7287735725883193,294.70925346668264,23.008654979816853,9.56044288505675,9.93710023241439,1,1,1,1314,4,0.12569444444444444,8.680155787969946
199,0064,0,0,"[56.25776492906422, 2.0910017964705196]","[np.float64(55.14931047733401), np.float64(-1.225701160577773)]",2025-12-20 10:40:30,821.6296518567882,2,2.7287735725883193,241.5751055632303,19.19254360436738,9.568139654477708,11.93710023241439,1,1,1,1314,4,0.12604166666666666,11.93710023241439
200,0064,0,0,"[55.669173377338375, 1.7735539204770736]","[np.float64(55.14931047733401), np.float64(-1.225701160577773)]",2025-12-20 10:40:40,821.6296518567882,2,2.7287735725883193,197.94238887247002,15.919187166534801,9.575822763520327,13.93710023241439,1,1,1,1314,4,0.12638888888888888,14.063489121303279
201,0064,0,0,"[55.079987599154734, 1.4642866901185987]","[np.float64(55.14931047733401), np.float64(-1.225701160577773)]",2025-12-20 10:40:50,821.6296518567882,2,2.7287735725883193,171.23672370156277,13.860247056265964,9.583490504637313,11.93710023241439,1,1,1,1314,4,0.1267361111111111,10.66973912130328
202,0064,0,0,"[54.49023833036456, 1.1627949897999483]","[np.float64(55.14931047733401), np.float64(-1.225701160577773)]",2025-12-20 10:41:00,821.6296518567882,2,2.7287735725883193,169.6513086612881,13.736803052768929,9.591143731602312,9.93710023241439,1,1,1,1314,4,0.12708333333333333,9.555850232414391
203,0064,0,0,"[53.89995289172455, 0.8686988368876882]","[np.float64(55.14931047733401), np.float64(-1.225701160577773)]",2025-12-20 10:41:10,821.6296518567882,2,2.7287735725883193,193.8050765306512,15.602818019031714,9.598782444415324,18.93710023241439,1,1,1,1314,4,0.12743055555555555,18.93710023241439
204,0064,0,0,"[53.30915860399138, 0.5816418342453609]","[np.float64(55.14931047733401), np.float64(-1.225701160577773)]",2025-12-20 10:41:20,821.6296518567882,2,2.7287735725883193,235.92176399456716,18.775203561094234,9.606406643076351,10.93710023241439,1,1,1,1314,4,0.12777777777777777,11.959322454636613
205,0064,0,0,"[52.71788278792171, 0.30128916920150345]","[np.float64(55.14931047733401), np.float64(-1.225701160577773)]",2025-12-20 10:41:30,821.6296518567882,2,2.7287735725883193,288.23248823565075,22.554117909963846,9.614015473811746,10.93710023241439,1,1,1,1314,4,0.128125,9.91210023241439
206,0064,0,0,"[52.12614593408307, 0.02732609943544669]","[np.float64(55.14931047733401), np.float64(-1.225701160577773)]",2025-12-20 10:41:40,821.6296518567882,2,2.7287735725883193,346.1469505492043,26.508682116241726,9.621609790395153,15.93710023241439,1,1,1,1314,4,0.1284722222222222,16.707933565747723
207,0064,0,0,"[51.53397194813755, -0.24054352111624633]","[np.float64(55.14931047733401), np.float64(-1.225701160577773)]",2025-12-20 10:41:50,821.6296518567882,2,2.7287735725883193,407.28206290198517,30.40704297847508,9.629189592826576,18.93710023241439,1,1,1,1314,4,0.12881944444444443,18.550641899081057
208,0010,0,0,"[42.61051762771807, -3.6848708355226005]","[np.float64(42.38827091628898), np.float64(-8.49349688780998)]",2025-12-20 10:44:20,558.5442744959782,1,3.1095504602550132,394.9429882998816,29.643430266145813,19.71544007698477,22.06439963817758,1,1,1,1150,4,0.13402777777777777,21.930371860399802
209,0010,0,0,"[42.013507867840175, -3.8844835409030463]","[np.float64(42.38827091628898), np.float64(-8.49349688780998)]",2025-12-20 10:44:30,558.5442744959782,1,3.1095504602550132,381.88861261458885,28.822747552229817,19.72892457795367,22.06439963817758,1,1,1,1150,4,0.134375,20.85502463817758
210,0010,0,0,"[41.416296617381775, -4.081155422958978]","[np.float64(42.38827091628898), np.float64(-8.49349688780998)]",2025-12-20 10:44:40,558.5442744959782,1,3.1095504602550132,380.77435089879964,28.75208857560837,19.74239200344964,15.06439963817758,1,1,1,1150,4,0.13472222222222222,14.794955193733136
211,0010,0,0,"[40.81888729143744, -4.275000460472172]","[np.float64(42.38827091628898), np.float64(-8.49349688780998)]",2025-12-20 10:44:50,558.5442744959782,1,3.1095504602550132,391.7032526415984,29.44098712435276,19.755840645925396,19.06439963817758,1,1,1,1150,4,0.13506944444444444,18.118913527066468
212,0201,0,0,"[40.81888729143744, -4.275000460472172]","[np.float64(37.76131249306622), np.float64(-5.011013629053059)]",2025-12-20 10:44:50,962.7190168905337,2,2.4770214992368285,345.8330962879271,26.487928854791654,25.061992630960276,23.188019994719667,3,3,3,831,5,0.13506944444444444,24.13350610583078
213,0201,0,0,"[40.22129355038551, -4.46612580203523]","[np.float64(37.76131249306622), np.float64(-5.011013629053059)]",2025-12-20 10:45:00,962.7190168905337,2,2.4770214992368285,277.56005241721925,21.798566306727857,25.0751065941667,21.188019994719667,3,3,3,831,5,0.13541666666666666,20.240103328053
214,0243,0,0,"[40.22129355038551, -4.46612580203523]","[np.float64(36.78983297350138), np.float64(-4.481296075919123)]",2025-12-20 10:45:00,247.7379327933208,1,2.3760576094088206,381.5638275732177,28.802161759730225,26.132534283353273,19.686180470109115,1,1,1,1153,13,0.13541666666666666,18.738263803442447
215,0201,0,0,"[39.623515394226, -4.6546351811461735]","[np.float64(37.76131249306622), np.float64(-5.011013629053059)]",2025-12-20 10:45:10,962.7190168905337,2,2.4770214992368285,209.36447308509563,16.78740295083854,25.088200066805616,23.188019994719667,3,3,3,831,5,0.13576388888888888,22.373436661386336
216,0243,0,0,"[39.623515394226, -4.6546351811461735]","[np.float64(36.78983297350138), np.float64(-4.481296075919123)]",2025-12-20 10:45:10,247.7379327933208,1,2.3760576094088206,315.4551348976996,24.443995111274944,26.145627755992187,19.686180470109115,1,1,1,1153,13,0.13576388888888888,18.600069358998002
217,0201,0,0,"[39.02556648333723, -4.840626781774322]","[np.float64(37.76131249306622), np.float64(-5.011013629053059)]",2025-12-20 10:45:20,962.7190168905337,2,2.4770214992368285,141.36082956487658,11.51307488797147,25.10127304887702,14.188019994719667,3,3,3,831,5,0.1361111111111111,13.099131105830779
218,0243,0,0,"[39.02556648333723, -4.840626781774322]","[np.float64(36.78983297350138), np.float64(-4.481296075919123)]",2025-12-20 10:45:20,247.7379327933208,1,2.3760576094088206,250.5927398453909,19.853872614111634,26.1586990305163,14.686180470109115,1,1,1,1153,13,0.1361111111111111,15.638958247886892
219,0201,0,0,"[38.427453647908386, -5.024194519020761]","[np.float64(37.76131249306622), np.float64(-5.011013629053059)]",2025-12-20 10:45:30,962.7190168905337,2,2.4770214992368285,74.08060162390801,6.092930828238781,25.114323832833623,14.188019994719667,3,3,3,831,5,0.13645833333333332,13.642186661386335
220,0243,0,0,"[38.427453647908386, -5.024194519020761]","[np.float64(36.78983297350138), np.float64(-4.481296075919123)]",2025-12-20 10:45:30,247.7379327933208,1,2.3760576094088206,188.26930819711652,15.177984553431116,26.17174810692561,18.686180470109115,1,1,1,1153,13,0.13645833333333332,17.867430470109113
221,0201,0,0,"[37.82918030303404, -5.205428466005172]","[np.float64(37.76131249306622), np.float64(-5.011013629053059)]",2025-12-20 10:45:40,962.7190168905337,2,2.4770214992368285,18.67531509316684,1.541438862774454,25.127354126222713,14.188019994719667,3,3,3,831,5,0.13680555555555557,14.461631105830778
222,0243,0,0,"[37.82918030303404, -5.205428466005172]","[np.float64(36.78983297350138), np.float64(-4.481296075919123)]",2025-12-20 10:45:40,247.7379327933208,1,2.3760576094088206,132.12768665312808,10.77929544867241,26.184778400314702,17.686180470109115,1,1,1,1153,13,0.13680555555555557,16.59173602566467
223,0201,0,0,"[37.23075327890337, -5.384415280752648]","[np.float64(37.76131249306622), np.float64(-5.011013629053059)]",2025-12-20 10:45:50,962.7190168905337,2,2.4770214992368285,67.56950812468611,5.560927522020489,25.140363929044295,22.188019994719667,3,3,3,831,5,0.1371527777777778,23.010936661386335
224,0243,0,0,"[37.23075327890337, -5.384415280752648]","[np.float64(36.78983297350138), np.float64(-4.481296075919123)]",2025-12-20 10:45:50,247.7379327933208,1,2.3760576094088206,93.9897403598823,7.712749642294538,26.197784788041698,11.686180470109115,1,1,1,1153,13,0.1371527777777778,12.920555470109115
225,0201,0,0,"[36.63217940570555, -5.561236498646409]","[np.float64(37.76131249306622), np.float64(-5.011013629053059)]",2025-12-20 10:46:00,962.7190168905337,2,2.4770214992368285,134.6801668622156,10.982515795247531,25.15335324129837,22.188019994719667,3,3,3,831,5,0.1375,22.463019994719666
226,0243,0,0,"[36.63217940570555, -5.561236498646409]","[np.float64(36.78983297350138), np.float64(-4.481296075919123)]",2025-12-20 10:46:00,247.7379327933208,1,2.3760576094088206,97.84923996793607,8.02541170912639,26.210770685201183,13.686180470109115,1,1,1,1153,13,0.1375,14.511180470109114
227,0201,0,0,"[36.03346551362974, -5.735972374409198]","[np.float64(37.76131249306622), np.float64(-5.011013629053059)]",2025-12-20 10:46:10,962.7190168905337,2,2.4770214992368285,202.65299023511673,16.278184013285912,25.16632206298493,17.188019994719667,3,3,3,831,5,0.13784722222222223,17.32586721694189
228,0243,0,0,"[36.03346551362974, -5.735972374409198]","[np.float64(36.78983297350138), np.float64(-4.481296075919123)]",2025-12-20 10:46:10,247.7379327933208,1,2.3760576094088206,140.28186911418905,11.427519867344074,26.22373609179316,19.686180470109115,1,1,1,1153,13,0.13784722222222223,20.788958247886892
229,0201,0,0,"[35.43461501777054, -5.9086976132350655]","[np.float64(37.76131249306622), np.float64(-5.011013629053059)]",2025-12-20 10:46:20,962.7190168905337,2,2.4770214992368285,270.8400400136436,21.3186840386617,25.17926868655669,22.188019994719667,3,3,3,831,5,0.13819444444444445,21.63524221694189
230,0243,0,0,"[35.43461501777054, -5.9086976132350655]","[np.float64(36.78983297350138), np.float64(-4.481296075919123)]",2025-12-20 10:46:20,247.7379327933208,1,2.3760576094088206,197.85782686756244,15.912730832067657,26.236677592723044,14.686180470109115,1,1,1,1153,13,0.13819444444444445,15.79173602566467
231,0201,0,0,"[34.83563816341168, -6.079485639657588]","[np.float64(37.76131249306622), np.float64(-5.011013629053059)]",2025-12-20 10:46:30,962.7190168905337,2,2.4770214992368285,339.11188777624625,26.04170005843003,25.19219481956094,23.188019994719667,3,3,3,831,5,0.13854166666666667,23.742186661386334
232,0243,0,0,"[34.83563816341168, -6.079485639657588]","[np.float64(36.78983297350138), np.float64(-4.481296075919123)]",2025-12-20 10:46:30,247.7379327933208,1,2.3760576094088206,260.7306818300201,20.59082918137994,26.249600310632708,15.686180470109115,1,1,1,1153,13,0.13854166666666667,14.854930470109114
233,0201,0,0,"[34.236534950553185, -6.248406463115758]","[np.float64(37.76131249306622), np.float64(-5.011013629053059)]",2025-12-20 10:46:40,962.7190168905337,2,2.4770214992368285,407.4264147046938,30.415906682845485,25.205100461997677,16.188019994719667,3,3,3,831,5,0.1388888888888889,16.326908883608557
234,0243,0,0,"[34.236534950553185, -6.248406463115758]","[np.float64(36.78983297350138), np.float64(-4.481296075919123)]",2025-12-20 10:46:40,247.7379327933208,1,2.3760576094088206,325.848885148476,25.1511300188442,26.26250083042757,19.686180470109115,1,1,1,1153,13,0.1388888888888889,20.936180470109115
235,0243,0,0,"[33.63731220938421, -6.415526251067162]","[np.float64(36.78983297350138), np.float64(-4.481296075919123)]",2025-12-20 10:46:50,247.7379327933208,1,2.3760576094088206,392.0951859927884,29.465521187437158,26.27537915210763,15.686180470109115,1,1,1,1153,13,0.13923611111111112,14.711527692331337
236,0111,0,0,"[-3.182782775861317, -39.5988925622681]","[np.float64(-4.793908467388751), np.float64(-42.76470313767426)]",2025-12-20 12:35:50,921.7825213289591,2,7.835665009404557,394.21626487216344,29.598089638566158,52.95259882365461,16.191699043940766,4,4,3,872,12,0.3663194444444444,18.023296266162987
237,0111,0,0,"[-3.7839820030213627, -39.727112288462166]","[np.float64(-4.793908467388751), np.float64(-42.76470313767426)]",2025-12-20 12:36:00,921.7825213289591,2,7.835665009404557,355.0424319893635,27.093763871876828,52.987210807273655,20.191699043940766,4,4,3,872,12,0.36666666666666664,18.7250323772741
238,0111,0,0,"[-4.385157324519314, -39.855451542966705]","[np.float64(-4.793908467388751), np.float64(-42.76470313767426)]",2025-12-20 12:36:10,921.7825213289591,2,7.835665009404557,325.64375215675506,25.137252000946955,53.02181254560894,16.191699043940766,4,4,3,872,12,0.36701388888888886,15.824685155051876
239,0111,0,0,"[-4.986307459694701, -39.98393081634923]","[np.float64(-4.793908467388751), np.float64(-42.76470313767426)]",2025-12-20 12:36:20,921.7825213289591,2,7.835665009404557,308.8242547506959,23.988668089502667,53.05640403866047,21.191699043940766,4,4,3,872,12,0.36736111111111114,19.72225459949632
240,0111,0,0,"[-5.587430701000231, -40.11256376898808]","[np.float64(-4.793908467388751), np.float64(-42.76470313767426)]",2025-12-20 12:36:30,921.7825213289591,2,7.835665009404557,306.6611439825977,23.839429609549704,53.09098528642824,21.191699043940766,4,4,3,872,12,0.36770833333333336,18.985449043940765
241,0111,0,0,"[-6.188525767775434, -40.24137430654535]","[np.float64(-4.793908467388751), np.float64(-42.76470313767426)]",2025-12-20 12:36:40,921.7825213289591,2,7.835665009404557,319.4515125818932,24.716841085975158,53.125556288912264,14.191699043940766,4,4,3,872,12,0.3680555555555556,14.191699043940766
242,0111,0,0,"[-6.789590952473018, -40.37037950449397]","[np.float64(-4.793908467388751), np.float64(-42.76470313767426)]",2025-12-20 12:36:50,921.7825213289591,2,7.835665009404557,345.5386988203684,26.46845533999415,53.16011363101794,13.191699043940766,4,4,3,872,12,0.3684027777777778,14.665310155051877
243,0111,0,0,"[-7.390624974432515, -40.499603268496024]","[np.float64(-4.793908467388751), np.float64(-42.76470313767426)]",2025-12-20 12:37:00,921.7825213289591,2,7.835665009404557,382.2090435689546,28.84304939660411,53.19466072783987,20.191699043940766,4,4,3,872,12,0.36875,19.822949043940767
244,0136,0,0,"[-19.402344205431387, -43.162540346627665]","[np.float64(-22.55121870780887), np.float64(-43.45574144926327)]",2025-12-20 12:40:20,904.0518045168965,2,6.5952788947026795,351.4597294510336,26.85884520000011,59.868117546968335,25.809800826651205,3,3,3,1044,5,0.37569444444444444,26.18549527109565
245,0136,0,0,"[-20.00235071080762, -43.30143224339988]","[np.float64(-22.55121870780887), np.float64(-43.45574144926327)]",2025-12-20 12:40:30,904.0518045168965,2,6.5952788947026795,283.8721203745694,22.246408944894096,59.906182191212814,16.809800826651205,3,3,3,1044,5,0.37604166666666666,14.929592493317871
246,0136,0,0,"[-20.602287206744858, -43.44106521569703]","[np.float64(-22.55121870780887), np.float64(-43.45574144926327)]",2025-12-20 12:40:40,904.0518045168965,2,6.5952788947026795,216.71691416616258,17.34213364880994,59.9442468354573,22.809800826651205,3,3,3,1044,5,0.3763888888888889,23.93896749331787
247,0136,0,0,"[-21.202153693243105, -43.5814699993704]","[np.float64(-22.55121870780887), np.float64(-43.45574144926327)]",2025-12-20 12:40:50,904.0518045168965,2,6.5952788947026795,150.56932967529585,12.241103079724509,59.98231147970178,23.809800826651205,3,3,3,1044,5,0.3767361111111111,23.433064715540095
248,0136,0,0,"[-21.801945047660485, -43.722677330271246]","[np.float64(-22.55121870780887), np.float64(-43.45574144926327)]",2025-12-20 12:41:00,904.0518045168965,2,6.5952788947026795,87.732303698042,7.204852506566028,60.02037612394626,24.809800826651205,3,3,3,1044,5,0.3770833333333333,27.44938415998454
249,0136,0,0,"[-22.40166126999699, -43.86471794425083]","[np.float64(-22.55121870780887), np.float64(-43.45574144926327)]",2025-12-20 12:41:10,904.0518045168965,2,6.5952788947026795,45.192653753533186,3.7257890029323284,60.05844076819074,25.809800826651205,3,3,3,1044,5,0.37743055555555555,22.412925826651204
250,0136,0,0,"[-23.001300652705336, -44.00762940734959]","[np.float64(-22.55121870780887), np.float64(-43.45574144926327)]",2025-12-20 12:41:20,904.0518045168965,2,6.5952788947026795,75.5393269021139,6.211978027932382,60.09651224262439,20.809800826651205,3,3,3,1044,5,0.37777777777777777,18.54313415998454
251,0136,0,0,"[-23.60085807314364, -44.151439040324206]","[np.float64(-22.55121870780887), np.float64(-43.45574144926327)]",2025-12-20 12:41:30,904.0518045168965,2,6.5952788947026795,136.7005467878411,11.14317414861067,60.13457688686887,21.809800826651205,3,3,3,1044,5,0.378125,24.834800826651204
252,0136,0,0,"[-24.20033182376461, -44.29618440921512]","[np.float64(-22.55121870780887), np.float64(-43.45574144926327)]",2025-12-20 12:41:40,904.0518045168965,2,6.5952788947026795,202.4441119215222,16.26229288998212,60.17264153111336,23.809800826651205,3,3,3,1044,5,0.3784722222222222,25.702161937762316
253,0136,0,0,"[-24.79972190456825, -44.44190308006276]","[np.float64(-22.55121870780887), np.float64(-43.45574144926327)]",2025-12-20 12:41:50,904.0518045168965,2,6.5952788947026795,269.4341542441201,21.2178877966289,60.21071300554701,16.809800826651205,3,3,3,1044,5,0.37881944444444443,20.219175826651206
254,0136,0,0,"[-25.39902319291268, -44.58862578871839]","[np.float64(-22.55121870780887), np.float64(-43.45574144926327)]",2025-12-20 12:42:00,904.0518045168965,2,6.5952788947026795,336.9257033739546,25.895818378110604,60.24878447998066,16.809800826651205,3,3,3,1044,5,0.37916666666666665,15.29313415998454
255,0136,0,0,"[-25.998232273703312, -44.73639693141161]","[np.float64(-22.55121870780887), np.float64(-43.45574144926327)]",2025-12-20 12:42:10,904.0518045168965,2,6.5952788947026795,404.6663074432291,30.246147583978352,60.286849124225135,24.809800826651205,3,3,3,1044,5,0.3795138888888889,25.568828604428983
256,0055,1,0,"[-19.567269368225098, -67.89781770882955]","[np.float64(-21.4902902963777), np.float64(-64.83707616408573)]",2025-12-20 14:19:10,738.9748240893007,1,2.0653552069419545,383.7884393452345,28.94300091408782,62.7419196402512,17.813479875872304,2,2,2,891,12,0.5815972222222222,13.742299320316748
256,0055,1,0,"[-19.567269368225098, -67.89781770882955]","[np.float64(-21.4902902963777), np.float64(-64.83707616408573)]",2025-12-20 14:19:10,738.9748240893007,1,2.0653552069419545,383.7884393452345,28.94300091408782,62.7419196402512,17.813479875872304,2,2,2,891,12,0.5815972222222222,13.742299320316748
257,0055,1,0,"[-20.167257090581113, -68.0369076810877]","[np.float64(-21.4902902963777), np.float64(-64.83707616408573)]",2025-12-20 14:19:20,738.9748240893007,1,2.0653552069419545,363.6252816625369,27.652548704526765,62.78010722790074,19.813479875872304,2,2,2,891,12,0.5819444444444445,24.46903543142786
257,0055,1,0,"[-20.167257090581113, -68.0369076810877]","[np.float64(-21.4902902963777), np.float64(-64.83707616408573)]",2025-12-20 14:19:20,738.9748240893007,1,2.0653552069419545,363.6252816625369,27.652548704526765,62.78010722790074,19.813479875872304,2,2,2,891,12,0.5819444444444445,24.46903543142786
258,0055,1,0,"[-20.767173095950845, -68.17674897415453]","[np.float64(-21.4902902963777), np.float64(-64.83707616408573)]",2025-12-20 14:19:30,738.9748240893007,1,2.0653552069419545,355.590567207048,27.12961871255563,62.81829481555028,19.813479875872304,2,2,2,891,12,0.5822916666666667,17.484313209205638
258,0055,1,0,"[-20.767173095950845, -68.17674897415453]","[np.float64(-21.4902902963777), np.float64(-64.83707616408573)]",2025-12-20 14:19:30,738.9748240893007,1,2.0653552069419545,355.590567207048,27.12961871255563,62.81829481555028,19.813479875872304,2,2,2,891,12,0.5822916666666667,17.484313209205638
259,0055,1,0,"[-21.36701909188158, -68.31736890878676]","[np.float64(-21.4902902963777), np.float64(-64.83707616408573)]",2025-12-20 14:19:40,738.9748240893007,1,2.0653552069419545,360.49316395649714,27.4492867976783,62.85648240319983,23.813479875872304,2,2,2,891,12,0.5826388888888889,28.474590986983415
259,0055,1,0,"[-21.36701909188158, -68.31736890878676]","[np.float64(-21.4902902963777), np.float64(-64.83707616408573)]",2025-12-20 14:19:40,738.9748240893007,1,2.0653552069419545,360.49316395649714,27.4492867976783,62.85648240319983,23.813479875872304,2,2,2,891,12,0.5826388888888889,28.474590986983415
260,0055,1,0,"[-21.96678995573145, -68.45880846611938]","[np.float64(-21.4902902963777), np.float64(-64.83707616408573)]",2025-12-20 14:19:50,738.9748240893007,1,2.0653552069419545,377.8283872054976,28.56481422477066,62.894669990849366,20.813479875872304,2,2,2,891,12,0.5829861111111111,16.149590986983416
260,0055,1,0,"[-21.96678995573145, -68.45880846611938]","[np.float64(-21.4902902963777), np.float64(-64.83707616408573)]",2025-12-20 14:19:50,738.9748240893007,1,2.0653552069419545,377.8283872054976,28.56481422477066,62.894669990849366,20.813479875872304,2,2,2,891,12,0.5829861111111111,16.149590986983416
261,0055,1,0,"[-22.566483979953155, -68.60108130653074]","[np.float64(-21.4902902963777), np.float64(-64.83707616408573)]",2025-12-20 14:20:00,738.9748240893007,1,2.0653552069419545,406.0027675464175,30.32841943035218,62.932857578498904,15.813479875872304,2,2,2,891,12,0.5833333333333334,21.063479875872304
261,0055,1,0,"[-22.566483979953155, -68.60108130653074]","[np.float64(-21.4902902963777), np.float64(-64.83707616408573)]",2025-12-20 14:20:00,738.9748240893007,1,2.0653552069419545,406.0027675464175,30.32841943035218,62.932857578498904,15.813479875872304,2,2,2,891,12,0.5833333333333334,21.063479875872304
262,0023,0,0,"[-29.75593085502482, -70.38725773675912]","[np.float64(-33.0491248747741), np.float64(-71.6499149451426)]",2025-12-20 14:22:00,383.58526495773083,1,4.448552817828192,385.2857845234164,29.037582149860746,57.396893633555194,22.315319400482853,1,1,1,1278,7,0.5875,21.140319400482852
263,0039,0,0,"[-29.75593085502482, -70.38725773675912]","[np.float64(-33.13217557972659), np.float64(-68.94243257995237)]",2025-12-20 14:22:00,948.451775170079,2,5.382646537200879,399.64549171610963,29.935835481449647,59.62399975584291,22.311640351261754,4,4,3,1292,12,0.5875,16.436640351261754
264,0023,0,0,"[-30.35438861500675, -70.5439012951842]","[np.float64(-33.0491248747741), np.float64(-71.6499149451426)]",2025-12-20 14:22:10,383.58526495773083,1,4.448552817828192,317.37791755742984,24.575418236778717,57.4314680511338,17.315319400482853,1,1,1,1278,7,0.5878472222222222,18.4910138449273
265,0039,0,0,"[-30.35438861500675, -70.5439012951842]","[np.float64(-33.13217557972659), np.float64(-68.94243257995237)]",2025-12-20 14:22:10,948.451775170079,2,5.382646537200879,343.98821949421676,26.36578698563281,59.658335116800565,24.311640351261754,4,4,3,1292,12,0.5878472222222222,27.838723684595088
266,0023,0,0,"[-30.952730261772793, -70.70195870276746]","[np.float64(-33.0491248747741), np.float64(-71.6499149451426)]",2025-12-20 14:22:20,383.58526495773083,1,4.448552817828192,249.6564111859687,19.78545731900904,57.4660424687124,23.315319400482853,1,1,1,1278,7,0.5881944444444445,17.433374956038406
267,0039,0,0,"[-30.952730261772793, -70.70195870276746]","[np.float64(-33.13217557972659), np.float64(-68.94243257995237)]",2025-12-20 14:22:20,948.451775170079,2,5.382646537200879,293.64422549913377,22.934119983004543,59.69266364756905,21.311640351261754,4,4,3,1292,12,0.5881944444444445,18.370668129039533
268,0023,0,0,"[-31.55095238022836, -70.8614777708331]","[np.float64(-33.0491248747741), np.float64(-71.6499149451426)]",2025-12-20 14:22:30,383.58526495773083,1,4.448552817828192,182.32601763500813,14.719967375591954,57.500610056101834,24.315319400482853,1,1,1,1278,7,0.5885416666666666,24.90386106714952
269,0039,0,0,"[-31.55095238022836, -70.8614777708331]","[np.float64(-33.13217557972659), np.float64(-68.94243257995237)]",2025-12-20 14:22:30,948.451775170079,2,5.382646537200879,251.81719696506485,19.9432518041282,59.72699217833753,20.311640351261754,4,4,3,1292,12,0.5885416666666666,23.254348684595087
270,0023,0,0,"[-32.149048140184284, -71.0225131408945]","[np.float64(-33.0491248747741), np.float64(-71.6499149451426)]",2025-12-20 14:22:40,383.58526495773083,1,4.448552817828192,116.06454355697903,9.494279666589174,57.5351708133021,20.315319400482853,1,1,1,1278,7,0.5888888888888889,20.315319400482853
271,0039,0,0,"[-32.149048140184284, -71.0225131408945]","[np.float64(-33.13217557972659), np.float64(-68.94243257995237)]",2025-12-20 14:22:40,948.451775170079,2,5.382646537200879,223.341222504564,17.839074720540967,59.761313878916845,20.311640351261754,4,4,3,1292,12,0.5888888888888889,16.18941812903953
272,0023,0,0,"[-32.74701754164056, -71.18512628465416]","[np.float64(-33.0491248747741), np.float64(-71.6499149451426)]",2025-12-20 14:22:50,383.58526495773083,1,4.448552817828192,54.87747307403235,4.521208505901339,57.569738400691534,17.315319400482853,1,1,1,1278,7,0.5892361111111111,22.02920828937174
273,0039,0,0,"[-32.74701754164056, -71.18512628465416]","[np.float64(-33.13217557972659), np.float64(-68.94243257995237)]",2025-12-20 14:22:50,948.451775170079,2,5.382646537200879,213.62015996413706,17.108890341385024,59.79562874930699,19.311640351261754,4,4,3,1292,12,0.5892361111111111,23.436293129039534
274,0023,0,0,"[-33.34485375440802, -71.34936501343628]","[np.float64(-33.0491248747741), np.float64(-71.6499149451426)]",2025-12-20 14:23:00,383.58526495773083,1,4.448552817828192,43.16697162395767,3.559226318548854,57.6042991578918,23.315319400482853,1,1,1,1278,7,0.5895833333333333,26.852819400482854
275,0039,0,0,"[-33.34485375440802, -71.34936501343628]","[np.float64(-33.13217557972659), np.float64(-68.94243257995237)]",2025-12-20 14:23:00,948.451775170079,2,5.382646537200879,225.0927510945285,17.9700115000718,59.829950449886304,16.311640351261754,4,4,3,1292,12,0.5895833333333333,11.594973684595088
276,0023,0,0,"[-33.94255336339208, -71.51529762913258]","[np.float64(-33.0491248747741), np.float64(-71.6499149451426)]",2025-12-20 14:23:10,383.58526495773083,1,4.448552817828192,100.12599418226696,8.209629774098211,57.63885308490289,21.315319400482853,1,1,1,1278,7,0.5899305555555555,21.315319400482853
277,0039,0,0,"[-33.94255336339208, -71.51529762913258]","[np.float64(-33.13217557972659), np.float64(-68.94243257995237)]",2025-12-20 14:23:10,948.451775170079,2,5.382646537200879,254.91068824705042,20.168610244558764,59.86425849008728,25.311640351261754,4,4,3,1292,12,0.5899305555555555,28.261293129039533
278,0023,0,0,"[-34.54010953840357, -71.68298560344556]","[np.float64(-33.0491248747741), np.float64(-71.6499149451426)]",2025-12-20 14:23:20,383.58526495773083,1,4.448552817828192,165.81832330723864,13.43782221728153,57.67340701191399,22.315319400482853,1,1,1,1278,7,0.5902777777777778,19.363930511593964
279,0039,0,0,"[-34.54010953840357, -71.68298560344556]","[np.float64(-33.13217557972659), np.float64(-68.94243257995237)]",2025-12-20 14:23:20,948.451775170079,2,5.382646537200879,297.6070065792427,23.211034835246927,59.89856653028825,23.311640351261754,4,4,3,1292,12,0.5902777777777778,21.540807017928422
280,0023,0,0,"[-35.13752227944249, -71.85249723826693]","[np.float64(-33.0491248747741), np.float64(-71.6499149451426)]",2025-12-20 14:23:30,383.58526495773083,1,4.448552817828192,232.96739198591797,18.556278209222917,57.70796093892508,24.315319400482853,1,1,1,1278,7,0.590625,20.180944400482854
281,0039,0,0,"[-35.13752227944249, -71.85249723826693]","[np.float64(-33.13217557972659), np.float64(-68.94243257995237)]",2025-12-20 14:23:30,948.451775170079,2,5.382646537200879,348.47779937781274,26.66257224596911,59.932874570489226,25.311640351261754,4,4,3,1292,12,0.590625,23.539765351261753
282,0023,0,0,"[-35.73478134122509, -72.02388717511006]","[np.float64(-33.0491248747741), np.float64(-71.6499149451426)]",2025-12-20 14:23:40,383.58526495773083,1,4.448552817828192,300.5959563222732,23.419143468008357,57.74250803574701,24.315319400482853,1,1,1,1278,7,0.5909722222222222,28.45212495603841
283,0039,0,0,"[-35.73478134122509, -72.02388717511006]","[np.float64(-33.13217557972659), np.float64(-68.94243257995237)]",2025-12-20 14:23:40,948.451775170079,2,5.382646537200879,404.4470642444887,30.232637901365607,59.96717578050103,20.311640351261754,4,4,3,1292,12,0.5909722222222222,19.12969590681731
284,0023,0,0,"[-36.33188672375135, -72.19723737624498]","[np.float64(-33.0491248747741), np.float64(-71.6499149451426)]",2025-12-20 14:23:50,383.58526495773083,1,4.448552817828192,368.43877032303686,27.963457045289584,57.777061962758104,18.315319400482853,1,1,1,1278,7,0.5913194444444444,21.86323606714952
285,0160,0,0,"[48.671268912255954, -75.54730856035285]","[np.float64(45.14600795418758), np.float64(-74.22434035818429)]",2025-12-20 15:39:00,890.2916008291153,2,7.485572037056226,404.6518116707683,30.2452544746419,19.326754501886857,21.43526070780384,3,3,3,1172,6,0.7479166666666667,13.956094041137174
286,0160,0,0,"[48.076922926154374, -75.78474642647]","[np.float64(45.14600795418758), np.float64(-74.22434035818429)]",2025-12-20 15:39:10,890.2916008291153,2,7.485572037056226,346.99496615262063,26.564718705554814,19.335976964813664,17.43526070780384,3,3,3,1172,6,0.7482638888888888,24.16963570780384
287,0160,0,0,"[47.482255921161794, -76.0177105186808]","[np.float64(45.14600795418758), np.float64(-74.22434035818429)]",2025-12-20 15:39:20,890.2916008291153,2,7.485572037056226,294.0142987084271,22.96002853243673,19.34518235226755,15.435260707803842,3,3,3,1172,6,0.7486111111111111,11.692205152248286
288,0160,0,0,"[46.88728838784574, -76.24639208228199]","[np.float64(45.14600795418758), np.float64(-74.22434035818429)]",2025-12-20 15:39:30,890.2916008291153,2,7.485572037056226,248.7174193210027,19.71678835264228,19.354367249153924,14.435260707803842,3,3,3,1172,6,0.7489583333333333,20.42692737447051
289,0160,0,0,"[46.29203057148996, -76.47096187200285]","[np.float64(45.14600795418758), np.float64(-74.22434035818429)]",2025-12-20 15:39:40,890.2916008291153,2,7.485572037056226,215.99301686432514,17.2876634629264,19.363533363020082,17.43526070780384,3,3,3,1172,6,0.7493055555555556,20.432482930026065
290,0160,0,0,"[45.696496132472795, -76.69159747276176]","[np.float64(45.14600795418758), np.float64(-74.22434035818429)]",2025-12-20 15:39:50,890.2916008291153,2,7.485572037056226,202.04585881628833,16.231987315021964,19.37268069386602,21.43526070780384,3,3,3,1172,6,0.7496527777777777,14.688385707803842
291,0160,0,0,"[45.100695316077996, -76.90845597890967]","[np.float64(45.14600795418758), np.float64(-74.22434035818429)]",2025-12-20 15:40:00,890.2916008291153,2,7.485572037056226,210.63915099475167,16.883811188224477,19.38180753414445,22.43526070780384,3,3,3,1172,6,0.75,27.68526070780384
292,0160,0,0,"[44.50463836758932, -77.12170131498664]","[np.float64(45.14600795418758), np.float64(-74.22434035818429)]",2025-12-20 15:40:10,890.2916008291153,2,7.485572037056226,239.35825479445737,19.029141011087003,19.390917298949955,17.43526070780384,3,3,3,1172,6,0.7503472222222223,9.931788485581619
293,0160,0,0,"[43.90833894738512, -77.3314632545869]","[np.float64(45.14600795418758), np.float64(-74.22434035818429)]",2025-12-20 15:40:20,890.2916008291153,2,7.485572037056226,282.1214861030592,22.122485039867144,19.400006573187948,18.43526070780384,3,3,3,1172,6,0.7506944444444444,10.928316263359397
294,0160,0,0,"[43.31180730074912, -77.53788523168302]","[np.float64(45.14600795418758), np.float64(-74.22434035818429)]",2025-12-20 15:40:30,890.2916008291153,2,7.485572037056226,333.57067542260586,25.671238087844696,19.409077064405725,14.435260707803842,3,3,3,1172,6,0.7510416666666667,17.439427374470508
295,0160,0,0,"[42.71505025787053, -77.74110385005841]","[np.float64(45.14600795418758), np.float64(-74.22434035818429)]",2025-12-20 15:40:40,890.2916008291153,2,7.485572037056226,390.2861067462861,29.352178274152642,19.418128772603286,13.435260707803842,3,3,3,1172,6,0.7513888888888889,13.435260707803842
296,0235,0,0,"[42.71505025787053, -77.74110385005841]","[np.float64(40.31208734352321), np.float64(-74.64876167859748)]",2025-12-20 15:40:40,568.4645561859485,1,3.5844442237745024,371.0111979533303,28.1288827924719,23.89524605656036,12.817158925093404,4,4,3,1292,11,0.7513888888888889,17.325492258426735
297,0235,0,0,"[42.11807806403307, -77.94124205311813]","[np.float64(40.31208734352321), np.float64(-74.64876167859748)]",2025-12-20 15:40:50,568.4645561859485,1,3.5844442237745024,340.7986065786288,26.154005526017492,23.905551104470614,8.817158925093404,4,4,3,1292,11,0.7517361111111112,2.0515339250934037
298,0235,0,0,"[41.52090096452052, -78.13842278426722]","[np.float64(40.31208734352321), np.float64(-74.64876167859748)]",2025-12-20 15:41:00,568.4645561859485,1,3.5844442237745024,322.52928633445936,24.92615938156302,23.91583395426607,16.817158925093402,4,4,3,1292,11,0.7520833333333333,10.800492258426736
299,0235,0,0,"[40.92352920461662, -78.33275532653242]","[np.float64(40.31208734352321), np.float64(-74.64876167859748)]",2025-12-20 15:41:10,568.4645561859485,1,3.5844442237745024,318.26597536807213,24.636024564280085,23.926098021041305,8.817158925093404,4,4,3,1292,11,0.7524305555555556,12.579311702871182
300,0235,0,0,"[40.32596619941596, -78.52434896294045]","[np.float64(40.31208734352321), np.float64(-74.64876167859748)]",2025-12-20 15:41:20,568.4645561859485,1,3.5844442237745024,328.5538695930029,25.33383699095761,23.936339889701742,14.817158925093404,4,4,3,1292,11,0.7527777777777778,11.053270036204514
301,0235,0,0,"[39.72822219420229, -78.71330614632886]","[np.float64(40.31208734352321), np.float64(-74.64876167859748)]",2025-12-20 15:41:30,568.4645561859485,1,3.5844442237745024,352.11944324626654,26.9021764331367,23.946559560247373,8.817158925093404,4,4,3,1292,11,0.753125,4.298408925093403
302,0235,0,0,"[39.13030743425938, -78.89973615972436]","[np.float64(40.31208734352321), np.float64(-74.64876167859748)]",2025-12-20 15:41:40,568.4645561859485,1,3.5844442237745024,386.54215117176955,29.116808240947407,23.956760447772787,12.817158925093404,4,4,3,1292,11,0.7534722222222222,9.049797813982293
303,0179,1,0,"[33.142967022920786, -80.64356541709866]","[np.float64(29.7478931171751), np.float64(-80.98193319510803)]",2025-12-20 15:43:20,927.8929809486823,1,5.319718495885655,378.8768775104264,28.63154324228123,31.82821707939586,18.188019994719667,4,4,3,873,6,0.7569444444444444,13.646353328053001
303,0179,1,0,"[33.142967022920786, -80.64356541709866]","[np.float64(29.7478931171751), np.float64(-80.98193319510803)]",2025-12-20 15:43:20,927.8929809486823,1,5.319718495885655,378.8768775104264,28.63154324228123,31.82821707939586,18.188019994719667,4,4,3,873,6,0.7569444444444444,13.646353328053001
304,0179,1,0,"[32.54353937607671, -80.80756508925982]","[np.float64(29.7478931171751), np.float64(-80.98193319510803)]",2025-12-20 15:43:30,927.8929809486823,1,5.319718495885655,311.30452263848633,24.15936321641334,31.844435363580054,20.188019994719667,4,4,3,873,6,0.7572916666666667,15.644269994719668
304,0179,1,0,"[32.54353937607671, -80.80756508925982]","[np.float64(29.7478931171751), np.float64(-80.98193319510803)]",2025-12-20 15:43:30,927.8929809486823,1,5.319718495885655,311.30452263848633,24.15936321641334,31.844435363580054,20.188019994719667,4,4,3,873,6,0.7572916666666667,15.644269994719668
305,0179,1,0,"[31.9440058613005, -80.96993917639854]","[np.float64(29.7478931171751), np.float64(-80.98193319510803)]",2025-12-20 15:43:40,927.8929809486823,1,5.319718495885655,244.19962423802812,19.385576422217373,31.860633157196737,25.188019994719667,4,4,3,873,6,0.7576388888888889,24.43038110583078
305,0179,1,0,"[31.9440058613005, -80.96993917639854]","[np.float64(29.7478931171751), np.float64(-80.98193319510803)]",2025-12-20 15:43:40,927.8929809486823,1,5.319718495885655,244.19962423802812,19.385576422217373,31.860633157196737,25.188019994719667,4,4,3,873,6,0.7576388888888889,24.43038110583078
306,0179,1,0,"[31.34436989368674, -81.13074232002815]","[np.float64(29.7478931171751), np.float64(-80.98193319510803)]",2025-12-20 15:43:50,927.8929809486823,1,5.319718495885655,178.09135443172224,14.392443477353886,31.876803630056745,18.188019994719667,4,4,3,873,6,0.7579861111111111,22.735936661386333
306,0179,1,0,"[31.34436989368674, -81.13074232002815]","[np.float64(29.7478931171751), np.float64(-80.98193319510803)]",2025-12-20 15:43:50,927.8929809486823,1,5.319718495885655,178.09135443172224,14.392443477353886,31.876803630056745,18.188019994719667,4,4,3,873,6,0.7579861111111111,22.735936661386333
306,0179,1,0,"[31.34436989368674, -81.13074232002815]","[np.float64(29.7478931171751), np.float64(-80.98193319510803)]",2025-12-20 15:43:50,927.8929809486823,1,5.319718495885655,178.09135443172224,14.392443477353886,31.876803630056745,18.188019994719667,4,4,3,873,6,0.7579861111111111,22.735936661386333
306,0179,1,0,"[31.34436989368674, -81.13074232002815]","[np.float64(29.7478931171751), np.float64(-80.98193319510803)]",2025-12-20 15:43:50,927.8929809486823,1,5.319718495885655,178.09135443172224,14.392443477353886,31.876803630056745,18.188019994719667,4,4,3,873,6,0.7579861111111111,22.735936661386333
307,0179,1,0,"[30.744634888330015, -81.29004282204036]","[np.float64(29.7478931171751), np.float64(-80.98193319510803)]",2025-12-20 15:44:00,927.8929809486823,1,5.319718495885655,114.71619763578401,9.385956547021303,31.89295361234924,20.188019994719667,4,4,3,873,6,0.7583333333333333,22.463019994719666
307,0179,1,0,"[30.744634888330015, -81.29004282204036]","[np.float64(29.7478931171751), np.float64(-80.98193319510803)]",2025-12-20 15:44:00,927.8929809486823,1,5.319718495885655,114.71619763578401,9.385956547021303,31.89295361234924,20.188019994719667,4,4,3,873,6,0.7583333333333333,22.463019994719666
307,0179,1,0,"[30.744634888330015, -81.29004282204036]","[np.float64(29.7478931171751), np.float64(-80.98193319510803)]",2025-12-20 15:44:00,927.8929809486823,1,5.319718495885655,114.71619763578401,9.385956547021303,31.89295361234924,20.188019994719667,4,4,3,873,6,0.7583333333333333,22.463019994719666
307,0179,1,0,"[30.744634888330015, -81.29004282204036]","[np.float64(29.7478931171751), np.float64(-80.98193319510803)]",2025-12-20 15:44:00,927.8929809486823,1,5.319718495885655,114.71619763578401,9.385956547021303,31.89295361234924,20.188019994719667,4,4,3,873,6,0.7583333333333333,22.463019994719666
308,0184,2,0,"[30.744634888330015, -81.29004282204036]","[np.float64(27.32515845053345), np.float64(-80.26028845491872)]",2025-12-20 15:44:00,330.5918992225013,1,6.925575150920803,393.180557985471,29.53340087699579,34.341573014704224,21.06807868739868,4,4,3,1496,4,0.7583333333333333,23.343078687398677
308,0184,2,0,"[30.744634888330015, -81.29004282204036]","[np.float64(27.32515845053345), np.float64(-80.26028845491872)]",2025-12-20 15:44:00,330.5918992225013,1,6.925575150920803,393.180557985471,29.53340087699579,34.341573014704224,21.06807868739868,4,4,3,1496,4,0.7583333333333333,23.343078687398677
309,0179,1,0,"[30.14480426032491, -81.44787483338101]","[np.float64(29.7478931171751), np.float64(-80.98193319510803)]",2025-12-20 15:44:10,927.8929809486823,1,5.319718495885655,62.95440047080261,5.183251104122632,31.909079688979638,16.188019994719667,4,4,3,873,6,0.7586805555555556,22.25746443916411
309,0179,1,0,"[30.14480426032491, -81.44787483338101]","[np.float64(29.7478931171751), np.float64(-80.98193319510803)]",2025-12-20 15:44:10,927.8929809486823,1,5.319718495885655,62.95440047080261,5.183251104122632,31.909079688979638,16.188019994719667,4,4,3,873,6,0.7586805555555556,22.25746443916411
309,0179,1,0,"[30.14480426032491, -81.44787483338101]","[np.float64(29.7478931171751), np.float64(-80.98193319510803)]",2025-12-20 15:44:10,927.8929809486823,1,5.319718495885655,62.95440047080261,5.183251104122632,31.909079688979638,16.188019994719667,4,4,3,873,6,0.7586805555555556,22.25746443916411
309,0179,1,0,"[30.14480426032491, -81.44787483338101]","[np.float64(29.7478931171751), np.float64(-80.98193319510803)]",2025-12-20 15:44:10,927.8929809486823,1,5.319718495885655,62.95440047080261,5.183251104122632,31.909079688979638,16.188019994719667,4,4,3,873,6,0.7586805555555556,22.25746443916411
310,0184,2,0,"[30.14480426032491, -81.44787483338101]","[np.float64(27.32515845053345), np.float64(-80.26028845491872)]",2025-12-20 15:44:10,330.5918992225013,1,6.925575150920803,334.22147748586235,25.714868222418477,34.358067921549804,16.06807868739868,4,4,3,1496,4,0.7586805555555556,8.481273131843123
310,0184,2,0,"[30.14480426032491, -81.44787483338101]","[np.float64(27.32515845053345), np.float64(-80.26028845491872)]",2025-12-20 15:44:10,330.5918992225013,1,6.925575150920803,334.22147748586235,25.714868222418477,34.358067921549804,16.06807868739868,4,4,3,1496,4,0.7586805555555556,8.481273131843123
311,0179,1,0,"[29.544884839860597, -81.60430665594181]","[np.float64(29.7478931171751), np.float64(-80.98193319510803)]",2025-12-20 15:44:20,927.8929809486823,1,5.319718495885655,64.24203747359401,5.288671478992598,31.925181859947944,16.188019994719667,4,4,3,873,6,0.7590277777777777,13.910936661386334
311,0179,1,0,"[29.544884839860597, -81.60430665594181]","[np.float64(29.7478931171751), np.float64(-80.98193319510803)]",2025-12-20 15:44:20,927.8929809486823,1,5.319718495885655,64.24203747359401,5.288671478992598,31.925181859947944,16.188019994719667,4,4,3,873,6,0.7590277777777777,13.910936661386334
311,0179,1,0,"[29.544884839860597, -81.60430665594181]","[np.float64(29.7478931171751), np.float64(-80.98193319510803)]",2025-12-20 15:44:20,927.8929809486823,1,5.319718495885655,64.24203747359401,5.288671478992598,31.925181859947944,16.188019994719667,4,4,3,873,6,0.7590277777777777,13.910936661386334
311,0179,1,0,"[29.544884839860597, -81.60430665594181]","[np.float64(29.7478931171751), np.float64(-80.98193319510803)]",2025-12-20 15:44:20,927.8929809486823,1,5.319718495885655,64.24203747359401,5.288671478992598,31.925181859947944,16.188019994719667,4,4,3,873,6,0.7590277777777777,13.910936661386334
312,0184,2,0,"[29.544884839860597, -81.60430665594181]","[np.float64(27.32515845053345), np.float64(-80.26028845491872)]",2025-12-20 15:44:20,330.5918992225013,1,6.925575150920803,279.6211579015097,21.945113395901583,34.374542337827876,14.068078687398678,4,4,3,1496,4,0.7590277777777777,11.790995354065345
312,0184,2,0,"[29.544884839860597, -81.60430665594181]","[np.float64(27.32515845053345), np.float64(-80.26028845491872)]",2025-12-20 15:44:20,330.5918992225013,1,6.925575150920803,279.6211579015097,21.945113395901583,34.374542337827876,14.068078687398678,4,4,3,1496,4,0.7590277777777777,11.790995354065345
313,0179,1,0,"[28.944880042031656, -81.75937927085778]","[np.float64(29.7478931171751), np.float64(-80.98193319510803)]",2025-12-20 15:44:30,927.8929809486823,1,5.319718495885655,116.83751258094325,9.556347457426632,31.94126354034874,22.188019994719667,4,4,3,873,6,0.759375,15.353644994719666
313,0179,1,0,"[28.944880042031656, -81.75937927085778]","[np.float64(29.7478931171751), np.float64(-80.98193319510803)]",2025-12-20 15:44:30,927.8929809486823,1,5.319718495885655,116.83751258094325,9.556347457426632,31.94126354034874,22.188019994719667,4,4,3,873,6,0.759375,15.353644994719666
313,0179,1,0,"[28.944880042031656, -81.75937927085778]","[np.float64(29.7478931171751), np.float64(-80.98193319510803)]",2025-12-20 15:44:30,927.8929809486823,1,5.319718495885655,116.83751258094325,9.556347457426632,31.94126354034874,22.188019994719667,4,4,3,873,6,0.759375,15.353644994719666
313,0179,1,0,"[28.944880042031656, -81.75937927085778]","[np.float64(29.7478931171751), np.float64(-80.98193319510803)]",2025-12-20 15:44:30,927.8929809486823,1,5.319718495885655,116.83751258094325,9.556347457426632,31.94126354034874,22.188019994719667,4,4,3,873,6,0.759375,15.353644994719666
314,0184,2,0,"[28.944880042031656, -81.75937927085778]","[np.float64(27.32515845053345), np.float64(-80.26028845491872)]",2025-12-20 15:44:30,330.5918992225013,1,6.925575150920803,232.47029779375094,18.519387000339503,34.39099284844385,18.06807868739868,4,4,3,1496,4,0.759375,11.993078687398679
314,0184,2,0,"[28.944880042031656, -81.75937927085778]","[np.float64(27.32515845053345), np.float64(-80.26028845491872)]",2025-12-20 15:44:30,330.5918992225013,1,6.925575150920803,232.47029779375094,18.519387000339503,34.39099284844385,18.06807868739868,4,4,3,1496,4,0.759375,11.993078687398679
314,0184,2,0,"[28.944880042031656, -81.75937927085778]","[np.float64(27.32515845053345), np.float64(-80.26028845491872)]",2025-12-20 15:44:30,330.5918992225013,1,6.925575150920803,232.47029779375094,18.519387000339503,34.39099284844385,18.06807868739868,4,4,3,1496,4,0.759375,11.993078687398679
314,0184,2,0,"[28.944880042031656, -81.75937927085778]","[np.float64(27.32515845053345), np.float64(-80.26028845491872)]",2025-12-20 15:44:30,330.5918992225013,1,6.925575150920803,232.47029779375094,18.519387000339503,34.39099284844385,18.06807868739868,4,4,3,1496,4,0.759375,11.993078687398679
315,0179,1,0,"[28.344791574385383, -81.91314731964228]","[np.float64(29.7478931171751), np.float64(-80.98193319510803)]",2025-12-20 15:44:40,927.8929809486823,1,5.319718495885655,180.3752148329521,14.56920617120292,31.95732131508744,17.188019994719667,4,4,3,873,6,0.7597222222222222,17.94774221694189
315,0179,1,0,"[28.344791574385383, -81.91314731964228]","[np.float64(29.7478931171751), np.float64(-80.98193319510803)]",2025-12-20 15:44:40,927.8929809486823,1,5.319718495885655,180.3752148329521,14.56920617120292,31.95732131508744,17.188019994719667,4,4,3,873,6,0.7597222222222222,17.94774221694189
315,0179,1,0,"[28.344791574385383, -81.91314731964228]","[np.float64(29.7478931171751), np.float64(-80.98193319510803)]",2025-12-20 15:44:40,927.8929809486823,1,5.319718495885655,180.3752148329521,14.56920617120292,31.95732131508744,17.188019994719667,4,4,3,873,6,0.7597222222222222,17.94774221694189
315,0179,1,0,"[28.344791574385383, -81.91314731964228]","[np.float64(29.7478931171751), np.float64(-80.98193319510803)]",2025-12-20 15:44:40,927.8929809486823,1,5.319718495885655,180.3752148329521,14.56920617120292,31.95732131508744,17.188019994719667,4,4,3,873,6,0.7597222222222222,17.94774221694189
316,0184,2,0,"[28.344791574385383, -81.91314731964228]","[np.float64(27.32515845053345), np.float64(-80.26028845491872)]",2025-12-20 15:44:40,330.5918992225013,1,6.925575150920803,198.15947176113394,15.935759609894172,34.407419453397736,13.068078687398678,4,4,3,1496,4,0.7597222222222222,13.827800909620901
316,0184,2,0,"[28.344791574385383, -81.91314731964228]","[np.float64(27.32515845053345), np.float64(-80.26028845491872)]",2025-12-20 15:44:40,330.5918992225013,1,6.925575150920803,198.15947176113394,15.935759609894172,34.407419453397736,13.068078687398678,4,4,3,1496,4,0.7597222222222222,13.827800909620901
316,0184,2,0,"[28.344791574385383, -81.91314731964228]","[np.float64(27.32515845053345), np.float64(-80.26028845491872)]",2025-12-20 15:44:40,330.5918992225013,1,6.925575150920803,198.15947176113394,15.935759609894172,34.407419453397736,13.068078687398678,4,4,3,1496,4,0.7597222222222222,13.827800909620901
316,0184,2,0,"[28.344791574385383, -81.91314731964228]","[np.float64(27.32515845053345), np.float64(-80.26028845491872)]",2025-12-20 15:44:40,330.5918992225013,1,6.925575150920803,198.15947176113394,15.935759609894172,34.407419453397736,13.068078687398678,4,4,3,1496,4,0.7597222222222222,13.827800909620901
317,0179,1,0,"[27.744622852016363, -82.06565178343033]","[np.float64(29.7478931171751), np.float64(-80.98193319510803)]",2025-12-20 15:44:50,927.8929809486823,1,5.319718495885655,246.53514593298064,19.556969713648318,31.973355184164046,20.188019994719667,4,4,3,873,6,0.7600694444444445,24.748436661386336
317,0179,1,0,"[27.744622852016363, -82.06565178343033]","[np.float64(29.7478931171751), np.float64(-80.98193319510803)]",2025-12-20 15:44:50,927.8929809486823,1,5.319718495885655,246.53514593298064,19.556969713648318,31.973355184164046,20.188019994719667,4,4,3,873,6,0.7600694444444445,24.748436661386336
318,0184,2,0,"[27.744622852016363, -82.06565178343033]","[np.float64(27.32515845053345), np.float64(-80.26028845491872)]",2025-12-20 15:44:50,330.5918992225013,1,6.925575150920803,184.01578610887262,14.850387248809708,34.423818737594935,19.06807868739868,4,4,3,1496,4,0.7600694444444445,22.108356465176456
318,0184,2,0,"[27.744622852016363, -82.06565178343033]","[np.float64(27.32515845053345), np.float64(-80.26028845491872)]",2025-12-20 15:44:50,330.5918992225013,1,6.925575150920803,184.01578610887262,14.850387248809708,34.423818737594935,19.06807868739868,4,4,3,1496,4,0.7600694444444445,22.108356465176456
318,0184,2,0,"[27.744622852016363, -82.06565178343033]","[np.float64(27.32515845053345), np.float64(-80.26028845491872)]",2025-12-20 15:44:50,330.5918992225013,1,6.925575150920803,184.01578610887262,14.850387248809708,34.423818737594935,19.06807868739868,4,4,3,1496,4,0.7600694444444445,22.108356465176456
318,0184,2,0,"[27.744622852016363, -82.06565178343033]","[np.float64(27.32515845053345), np.float64(-80.26028845491872)]",2025-12-20 15:44:50,330.5918992225013,1,6.925575150920803,184.01578610887262,14.850387248809708,34.423818737594935,19.06807868739868,4,4,3,1496,4,0.7600694444444445,22.108356465176456
319,0179,1,0,"[27.14437729001918, -82.2169404735461]","[np.float64(29.7478931171751), np.float64(-80.98193319510803)]",2025-12-20 15:45:00,927.8929809486823,1,5.319718495885655,313.6623807561353,24.321212094509356,31.989365147578553,20.188019994719667,4,4,3,873,6,0.7604166666666666,22.469269994719667
319,0179,1,0,"[27.14437729001918, -82.2169404735461]","[np.float64(29.7478931171751), np.float64(-80.98193319510803)]",2025-12-20 15:45:00,927.8929809486823,1,5.319718495885655,313.6623807561353,24.321212094509356,31.989365147578553,20.188019994719667,4,4,3,873,6,0.7604166666666666,22.469269994719667
320,0184,2,0,"[27.14437729001918, -82.2169404735461]","[np.float64(27.32515845053345), np.float64(-80.26028845491872)]",2025-12-20 15:45:00,330.5918992225013,1,6.925575150920803,194.48953490794042,15.65522466922819,34.44019753122463,14.068078687398678,4,4,3,1496,4,0.7604166666666666,14.068078687398678
320,0184,2,0,"[27.14437729001918, -82.2169404735461]","[np.float64(27.32515845053345), np.float64(-80.26028845491872)]",2025-12-20 15:45:00,330.5918992225013,1,6.925575150920803,194.48953490794042,15.65522466922819,34.44019753122463,14.068078687398678,4,4,3,1496,4,0.7604166666666666,14.068078687398678
320,0184,2,0,"[27.14437729001918, -82.2169404735461]","[np.float64(27.32515845053345), np.float64(-80.26028845491872)]",2025-12-20 15:45:00,330.5918992225013,1,6.925575150920803,194.48953490794042,15.65522466922819,34.44019753122463,14.068078687398678,4,4,3,1496,4,0.7604166666666666,14.068078687398678
320,0184,2,0,"[27.14437729001918, -82.2169404735461]","[np.float64(27.32515845053345), np.float64(-80.26028845491872)]",2025-12-20 15:45:00,330.5918992225013,1,6.925575150920803,194.48953490794042,15.65522466922819,34.44019753122463,14.068078687398678,4,4,3,1496,4,0.7604166666666666,14.068078687398678
321,0179,1,0,"[26.54406001103571, -82.36705437112465]","[np.float64(29.7478931171751), np.float64(-80.98193319510803)]",2025-12-20 15:45:10,927.8929809486823,1,5.319718495885655,381.24595661475,28.78200632307311,32.00535462042556,18.188019994719667,4,4,3,873,6,0.7607638888888889,15.144964439164111
321,0179,1,0,"[26.54406001103571, -82.36705437112465]","[np.float64(29.7478931171751), np.float64(-80.98193319510803)]",2025-12-20 15:45:10,927.8929809486823,1,5.319718495885655,381.24595661475,28.78200632307311,32.00535462042556,18.188019994719667,4,4,3,873,6,0.7607638888888889,15.144964439164111
322,0184,2,0,"[26.54406001103571, -82.36705437112465]","[np.float64(27.32515845053345), np.float64(-80.26028845491872)]",2025-12-20 15:45:10,330.5918992225013,1,6.925575150920803,226.18549783705274,18.05160244971468,34.45654900409764,18.06807868739868,4,4,3,1496,4,0.7607638888888889,11.221203687398678
322,0184,2,0,"[26.54406001103571, -82.36705437112465]","[np.float64(27.32515845053345), np.float64(-80.26028845491872)]",2025-12-20 15:45:10,330.5918992225013,1,6.925575150920803,226.18549783705274,18.05160244971468,34.45654900409764,18.06807868739868,4,4,3,1496,4,0.7607638888888889,11.221203687398678
322,0184,2,0,"[26.54406001103571, -82.36705437112465]","[np.float64(27.32515845053345), np.float64(-80.26028845491872)]",2025-12-20 15:45:10,330.5918992225013,1,6.925575150920803,226.18549783705274,18.05160244971468,34.45654900409764,18.06807868739868,4,4,3,1496,4,0.7607638888888889,11.221203687398678
322,0184,2,0,"[26.54406001103571, -82.36705437112465]","[np.float64(27.32515845053345), np.float64(-80.26028845491872)]",2025-12-20 15:45:10,330.5918992225013,1,6.925575150920803,226.18549783705274,18.05160244971468,34.45654900409764,18.06807868739868,4,4,3,1496,4,0.7607638888888889,11.221203687398678
323,0184,2,0,"[25.94367272261325, -82.51603445730096]","[np.float64(27.32515845053345), np.float64(-80.26028845491872)]",2025-12-20 15:45:20,330.5918992225013,1,6.925575150920803,271.77659526621113,21.385754523645975,34.472879986403136,18.06807868739868,4,4,3,1496,4,0.7611111111111111,23.395856465176458
323,0184,2,0,"[25.94367272261325, -82.51603445730096]","[np.float64(27.32515845053345), np.float64(-80.26028845491872)]",2025-12-20 15:45:20,330.5918992225013,1,6.925575150920803,271.77659526621113,21.385754523645975,34.472879986403136,18.06807868739868,4,4,3,1496,4,0.7611111111111111,23.395856465176458
324,0184,2,0,"[25.343218839846383, -82.66392854339925]","[np.float64(27.32515845053345), np.float64(-80.26028845491872)]",2025-12-20 15:45:30,330.5918992225013,1,6.925575150920803,325.47511901030185,25.125840971622928,34.489183647951954,14.068078687398678,4,4,3,1496,4,0.7614583333333333,19.398287020732013
324,0184,2,0,"[25.343218839846383, -82.66392854339925]","[np.float64(27.32515845053345), np.float64(-80.26028845491872)]",2025-12-20 15:45:30,330.5918992225013,1,6.925575150920803,325.47511901030185,25.125840971622928,34.489183647951954,14.068078687398678,4,4,3,1496,4,0.7614583333333333,19.398287020732013
325,0184,2,0,"[24.7427000702824, -82.81077078036536]","[np.float64(27.32515845053345), np.float64(-80.26028845491872)]",2025-12-20 15:45:40,330.5918992225013,1,6.925575150920803,383.8931686691659,28.949621869073304,34.50546340383868,15.068078687398678,4,4,3,1496,4,0.7618055555555555,8.211828687398679
325,0184,2,0,"[24.7427000702824, -82.81077078036536]","[np.float64(27.32515845053345), np.float64(-80.26028845491872)]",2025-12-20 15:45:40,330.5918992225013,1,6.925575150920803,383.8931686691659,28.949621869073304,34.50546340383868,15.068078687398678,4,4,3,1496,4,0.7618055555555555,8.211828687398679
326,0137,0,0,"[13.925348698686976, -85.31277835636774]","[np.float64(13.06524529227469), np.float64(-88.86347709068579)]",2025-12-20 15:48:40,165.68578471697504,1,7.567469540578493,395.64475192501254,29.68717491688277,42.476417108648626,14.442618806246042,2,2,2,876,5,0.7680555555555556,10.602341028468263
327,0137,0,0,"[13.324079462087937, -85.44580995083209]","[np.float64(13.06524529227469), np.float64(-88.86347709068579)]",2025-12-20 15:48:50,165.68578471697504,1,7.567469540578493,371.10961946210404,28.13520189984584,42.50248452561598,11.442618806246042,2,2,2,876,5,0.7684027777777778,14.516229917357153
328,0077,0,0,"[12.722791442468681, -85.57838392262204]","[np.float64(9.278166332601291), np.float64(-84.83392999348334)]",2025-12-20 15:49:00,318.9668679633517,1,2.9322194847258096,391.5471624649627,29.431212959971486,47.958617219540585,15.817158925093404,4,4,3,1335,13,0.76875,15.048408925093403
329,0137,0,0,"[12.722791442468681, -85.57838392262204]","[np.float64(13.06524529227469), np.float64(-88.86347709068579)]",2025-12-20 15:49:00,165.68578471697504,1,7.567469540578493,358.10264007993175,27.29364537783476,42.52853145201582,13.442618806246042,2,2,2,876,5,0.76875,18.055118806246043
330,0077,0,0,"[12.1214863473765, -85.71052759249427]","[np.float64(9.278166332601291), np.float64(-84.83392999348334)]",2025-12-20 15:49:10,318.9668679633517,1,2.9322194847258096,330.34924699756976,25.454801367283594,47.98417578741477,13.817158925093404,4,4,3,1335,13,0.7690972222222222,8.433478369537848
331,0137,0,0,"[12.1214863473765, -85.71052759249427]","[np.float64(13.06524529227469), np.float64(-88.86347709068579)]",2025-12-20 15:49:10,165.68578471697504,1,7.567469540578493,357.8830698215914,27.2793277246384,42.554557887848155,20.442618806246042,2,2,2,876,5,0.7690972222222222,25.057202139579374
332,0077,0,0,"[11.52016503058504, -85.8422614510163]","[np.float64(9.278166332601291), np.float64(-84.83392999348334)]",2025-12-20 15:49:20,318.9668679633517,1,2.9322194847258096,272.5986497898424,21.444574525819547,48.00971386472145,18.817158925093402,4,4,3,1335,13,0.7694444444444445,23.43382559176007
333,0137,0,0,"[11.52016503058504, -85.8422614510163]","[np.float64(13.06524529227469), np.float64(-88.86347709068579)]",2025-12-20 15:49:20,165.68578471697504,1,7.567469540578493,370.474435002805,28.09440706143131,42.580567248207565,14.442618806246042,2,2,2,876,5,0.7694444444444445,9.825952139579375
334,0077,0,0,"[10.91883005341524, -85.97361281894482]","[np.float64(9.278166332601291), np.float64(-84.83392999348334)]",2025-12-20 15:49:30,318.9668679633517,1,2.9322194847258096,221.01335950952006,17.664755293478617,48.03522803636603,10.817158925093404,4,4,3,1335,13,0.7697916666666667,6.968200591760071
335,0137,0,0,"[10.91883005341524, -85.97361281894482]","[np.float64(13.06524529227469), np.float64(-88.86347709068579)]",2025-12-20 15:49:30,165.68578471697504,1,7.567469540578493,394.65243680725507,29.625307512620775,42.60655270290488,15.442618806246042,2,2,2,876,5,0.7697916666666667,8.514493806246042
336,0077,0,0,"[10.317483123414393, -86.10459535665815]","[np.float64(9.278166332601291), np.float64(-84.83392999348334)]",2025-12-20 15:49:40,318.9668679633517,1,2.9322194847258096,180.94296582349048,14.613104265357032,48.06071830234852,11.817158925093404,4,4,3,1335,13,0.7701388888888889,14.89771448064896
337,0077,0,0,"[9.716125094356144, -86.235236384913]","[np.float64(9.278166332601291), np.float64(-84.83392999348334)]",2025-12-20 15:49:50,318.9668679633517,1,2.9322194847258096,161.2135131997105,13.07765036409698,48.08618124757432,17.817158925093402,4,4,3,1335,13,0.7704861111111111,21.66958948064896
338,0077,0,0,"[9.114758527561433, -86.36555639427684]","[np.float64(9.278166332601291), np.float64(-84.83392999348334)]",2025-12-20 15:50:00,318.9668679633517,1,2.9322194847258096,169.09905290856707,13.693772553771494,48.11162370223262,14.817158925093404,4,4,3,1335,13,0.7708333333333334,18.67132559176007
339,0077,0,0,"[8.51338513057755, -86.49556904512802]","[np.float64(9.278166332601291), np.float64(-84.83392999348334)]",2025-12-20 15:50:10,318.9668679633517,1,2.9322194847258096,201.37865387931183,16.18119459283095,48.13703883613424,16.817158925093402,4,4,3,1335,13,0.7711805555555555,11.418895036204514
340,0077,0,0,"[7.912004903404499, -86.6253153186016]","[np.float64(9.278166332601291), np.float64(-84.83392999348334)]",2025-12-20 15:50:20,318.9668679633517,1,2.9322194847258096,248.72970804313852,19.71768741486442,48.16243347946835,16.817158925093402,4,4,3,1335,13,0.7715277777777778,11.416464480648958
341,0077,0,0,"[7.310621261136863, -86.75479521469752]","[np.float64(9.278166332601291), np.float64(-84.83392999348334)]",2025-12-20 15:50:30,318.9668679633517,1,2.9322194847258096,304.190935798867,23.668582631178595,48.18780080204577,16.817158925093402,4,4,3,1335,13,0.771875,10.642158925093401
342,0077,0,0,"[6.709234630661465, -86.8840360541725]","[np.float64(9.278166332601291), np.float64(-84.83392999348334)]",2025-12-20 15:50:40,318.9668679633517,1,2.9322194847258096,364.07391527280873,27.68160161198442,48.213147634055694,11.817158925093404,4,4,3,1335,13,0.7722222222222223,17.22271448064896
343,0038,0,0,"[43.14771542103416, -102.29125576499628]","[np.float64(40.33709396384561), np.float64(-104.2016485672987)]",2025-12-20 17:19:20,419.64903174322717,1,7.676093631610172,350.396562735761,26.78894453170961,22.517187089618588,25.809800826651205,1,1,1,1110,9,0.9569444444444445,33.465356382206764
344,0038,0,0,"[42.55090032154761, -102.49361377953625]","[np.float64(40.33709396384561), np.float64(-104.2016485672987)]",2025-12-20 17:19:30,419.64903174322717,1,7.676093631610172,284.3529310543046,22.280406283845178,22.52988270373835,18.809800826651205,1,1,1,1110,9,0.9572916666666667,13.066050826651205
345,0069,0,0,"[42.55090032154761, -102.49361377953625]","[np.float64(39.80394266104254), np.float64(-105.3320988949999)]",2025-12-20 17:19:30,470.4028509127045,1,7.730386383523442,386.9034580265091,29.139569581195097,22.661761703780247,20.184340945498565,1,1,1,1139,14,0.9572916666666667,19.2270492788319
346,0038,0,0,"[41.9538734861968, -102.69292552970639]","[np.float64(40.33709396384561), np.float64(-104.2016485672987)]",2025-12-20 17:19:40,419.64903174322717,1,7.676093631610172,219.71808116941648,17.567613117827445,22.542561242385183,21.809800826651205,1,1,1,1110,9,0.9576388888888889,17.021606382206762
347,0069,0,0,"[41.9538734861968, -102.69292552970639]","[np.float64(39.80394266104254), np.float64(-105.3320988949999)]",2025-12-20 17:19:40,470.4028509127045,1,7.730386383523442,326.13086471137876,25.170201845304092,22.675121553796792,19.184340945498565,1,1,1,1139,14,0.9576388888888889,13.438507612165232
348,0038,0,0,"[41.35664174517088, -102.88930712872259]","[np.float64(40.33709396384561), np.float64(-104.2016485672987)]",2025-12-20 17:19:50,419.64903174322717,1,7.676093631610172,158.22931965896927,12.843672495947612,22.555217582917216,24.809800826651205,1,1,1,1110,9,0.9579861111111111,25.767786937762317
349,0069,0,0,"[41.35664174517088, -102.88930712872259]","[np.float64(39.80394266104254), np.float64(-105.3320988949999)]",2025-12-20 17:19:50,470.4028509127045,1,7.730386383523442,268.99270968522836,21.18620957376082,22.688462620793118,28.184340945498565,1,1,1,1139,14,0.9579861111111111,31.0582992788319
350,0038,0,0,"[40.759215343753624, -103.08287468980075]","[np.float64(40.33709396384561), np.float64(-104.2016485672987)]",2025-12-20 17:20:00,419.64903174322717,1,7.676093631610172,105.53905177364982,8.646922127053779,22.56785514042903,17.809800826651205,1,1,1,1110,9,0.9583333333333334,23.559800826651205
351,0069,0,0,"[40.759215343753624, -103.08287468980075]","[np.float64(39.80394266104254), np.float64(-105.3320988949999)]",2025-12-20 17:20:00,470.4028509127045,1,7.730386383523442,218.36222614509265,17.465816033817088,22.701783197221935,28.184340945498565,1,1,1,1139,14,0.9583333333333334,30.101007612165233
352,0038,0,0,"[40.16160452722877, -103.27373749596758]","[np.float64(40.33709396384561), np.float64(-104.2016485672987)]",2025-12-20 17:20:10,419.64903174322717,1,7.676093631610172,81.13160998257212,6.6678593333196226,22.58047220737334,24.809800826651205,1,1,1,1110,9,0.9586805555555555,28.644523048873427
353,0069,0,0,"[40.16160452722877, -103.27373749596758]","[np.float64(39.80394266104254), np.float64(-105.3320988949999)]",2025-12-20 17:20:10,470.4028509127045,1,7.730386383523442,179.82440109601515,14.526600937698364,22.715083283083242,27.184340945498565,1,1,1,1139,14,0.9586805555555555,31.019063167720788
354,0038,0,0,"[39.56381271069092, -103.46199116987148]","[np.float64(40.33709396384561), np.float64(-104.2016485672987)]",2025-12-20 17:20:20,419.64903174322717,1,7.676093631610172,106.6232799026982,8.734390969773992,22.59307049129743,23.809800826651205,1,1,1,1110,9,0.9590277777777778,23.809800826651205
355,0069,0,0,"[39.56381271069092, -103.46199116987148]","[np.float64(39.80394266104254), np.float64(-105.3320988949999)]",2025-12-20 17:20:20,470.4028509127045,1,7.730386383523442,162.24058595004811,13.158076592839405,22.728364585924332,19.184340945498565,1,1,1,1139,14,0.9590277777777778,12.471146501054122
356,0038,0,0,"[38.965846724329225, -103.64773133416081]","[np.float64(40.33709396384561), np.float64(-104.2016485672987)]",2025-12-20 17:20:30,419.64903174322717,1,7.676093631610172,159.67938353244602,12.957420738242226,22.605648284654006,16.809800826651205,1,1,1,1110,9,0.959375,13.931675826651205
357,0069,0,0,"[38.965846724329225, -103.64773133416081]","[np.float64(39.80394266104254), np.float64(-105.3320988949999)]",2025-12-20 17:20:30,470.4028509127045,1,7.730386383523442,172.1577005045161,13.93189625354029,22.741627105745206,19.184340945498565,1,1,1,1139,14,0.959375,11.509340945498565
358,0038,0,0,"[38.36772022852204, -103.83106727186228]","[np.float64(40.33709396384561), np.float64(-104.2016485672987)]",2025-12-20 17:20:40,419.64903174322717,1,7.676093631610172,221.29002534453525,17.68549087245446,22.618207294990366,19.809800826651205,1,1,1,1110,9,0.9597222222222223,23.648689715540094
359,0069,0,0,"[38.36772022852204, -103.83106727186228]","[np.float64(39.80394266104254), np.float64(-105.3320988949999)]",2025-12-20 17:20:40,470.4028509127045,1,7.730386383523442,205.63456197271256,16.504735724947476,22.754869134998568,26.184340945498565,1,1,1,1139,14,0.9597222222222223,29.063507612165232
360,0038,0,0,"[37.76943322326935, -104.01206728486763]","[np.float64(40.33709396384561), np.float64(-104.2016485672987)]",2025-12-20 17:20:50,419.64903174322717,1,7.676093631610172,285.9799422134748,22.395326964670428,22.63074581475922,25.809800826651205,1,1,1,1110,9,0.9600694444444444,28.690009159984537
361,0069,0,0,"[37.76943322326935, -104.01206728486763]","[np.float64(39.80394266104254), np.float64(-105.3320988949999)]",2025-12-20 17:20:50,470.4028509127045,1,7.730386383523442,253.50545188864,20.06632009677892,22.768092381231714,26.184340945498565,1,1,1,1139,14,0.9600694444444444,17.543715945498565
362,0038,0,0,"[37.170992538760345, -104.19083382601437]","[np.float64(40.33709396384561), np.float64(-104.2016485672987)]",2025-12-20 17:21:00,419.64903174322717,1,7.676093631610172,352.05616114144937,26.898021387037222,22.643263843960558,25.809800826651205,1,1,1,1110,9,0.9604166666666667,28.691050826651207
363,0069,0,0,"[37.170992538760345, -104.19083382601437]","[np.float64(39.80394266104254), np.float64(-105.3320988949999)]",2025-12-20 17:21:00,470.4028509127045,1,7.730386383523442,309.1548829475847,24.01144857485974,22.781295136897345,26.184340945498565,1,1,1,1139,14,0.9604166666666667,33.8676742788319
364,0069,0,0,"[36.57240842027877, -104.36744885757255]","[np.float64(39.80394266104254), np.float64(-105.3320988949999)]",2025-12-20 17:21:10,470.4028509127045,1,7.730386383523442,369.0812610504247,28.004821532886197,22.794477401995472,25.184340945498565,1,1,1,1139,14,0.9607638888888889,17.498229834387455
365,0071,0,0,"[34.77583302703905, -104.88510206457866]","[np.float64(32.26335503153177), np.float64(-102.2535479307044)]",2025-12-20 17:21:40,49.704124408816234,1,4.250646219909894,370.861539682124,28.119272624341164,30.729601641966816,25.060720588956478,4,4,3,631,11,0.9618055555555556,27.946137255623146
366,0071,0,0,"[34.1767195688968, -105.05384188802383]","[np.float64(32.26335503153177), np.float64(-102.2535479307044)]",2025-12-20 17:21:50,49.704124408816234,1,4.250646219909894,336.30726682954486,25.85448516066262,30.74322103917182,20.060720588956478,4,4,3,631,11,0.9621527777777777,15.249956700067589
367,0071,0,0,"[33.57748658244407, -105.22078537171727]","[np.float64(32.26335503153177), np.float64(-102.2535479307044)]",2025-12-20 17:22:00,49.704124408816234,1,4.250646219909894,313.1259813810251,24.28442857624453,30.756813115620147,21.060720588956478,4,4,3,631,11,0.9625,28.760720588956477
368,0071,0,0,"[32.978140897870034, -105.38599398736154]","[np.float64(32.26335503153177), np.float64(-102.2535479307044)]",2025-12-20 17:22:10,49.704124408816234,1,4.250646219909894,303.9304491419466,23.65054047532931,30.770384701500962,27.060720588956478,4,4,3,631,11,0.9628472222222222,21.283637255623145
369,0071,0,0,"[32.378682515174695, -105.5495428670375]","[np.float64(32.26335503153177), np.float64(-102.2535479307044)]",2025-12-20 17:22:20,49.704124408816234,1,4.250646219909894,309.9683321783144,24.067461381495548,30.783932381719683,28.060720588956478,4,4,3,631,11,0.9631944444444445,24.2079428111787
370,0071,0,0,"[31.779121679641808, -105.71147982206932]","[np.float64(32.26335503153177), np.float64(-102.2535479307044)]",2025-12-20 17:22:30,49.704124408816234,1,4.250646219909894,330.40408430275016,25.4584922388879,30.797456156276308,27.060720588956478,4,4,3,631,11,0.9635416666666666,32.84197058895648
371,0071,0,0,"[31.179458391271368, -105.87186632415957]","[np.float64(32.26335503153177), np.float64(-102.2535479307044)]",2025-12-20 17:22:40,49.704124408816234,1,4.250646219909894,362.81264608694164,27.59988419459993,30.81095602517084,25.060720588956478,4,4,3,631,11,0.9638888888888889,26.024609477845367
372,0071,0,0,"[30.579696065157965, -106.03075018463241]","[np.float64(32.26335503153177), np.float64(-102.2535479307044)]",2025-12-20 17:22:50,49.704124408816234,1,4.250646219909894,404.3241409307384,30.22506178864141,30.824431988403276,27.060720588956478,4,4,3,631,11,0.9642361111111111,32.84613725562315
373,0053,0,0,"[29.97984494658535, -106.18819970537953]","[np.float64(26.87769369263977), np.float64(-105.8612376757188)]",2025-12-20 17:23:00,898.8383248360243,2,6.271612518163372,346.42185342695655,26.52685360293842,34.3920754334273,16.188019994719667,3,3,3,1312,13,0.9645833333333333,9.435936661386334
374,007,0,0,"[29.379901620458938, -106.34424903734681]","[np.float64(27.09116414667865), np.float64(-109.4127318698908)]",2025-12-20 17:23:10,204.7583549914579,1,3.597522112006194,393.82994961096796,29.573970633139616,32.681625310526854,17.442618806246042,2,2,2,1416,11,0.9649305555555555,9.723174361801597
375,0053,0,0,"[29.379901620458938, -106.34424903734681]","[np.float64(26.87769369263977), np.float64(-105.8612376757188)]",2025-12-20 17:23:10,898.8383248360243,2,6.271612518163372,282.23483269245116,22.130515234465957,34.40921237805486,21.188019994719667,3,3,3,1312,13,0.9649305555555555,23.11788110583078
376,007,0,0,"[28.779872916967904, -106.49895965223678]","[np.float64(27.09116414667865), np.float64(-109.4127318698908)]",2025-12-20 17:23:20,204.7583549914579,1,3.597522112006194,342.31622720073767,26.254867653819513,32.70061323641949,9.442618806246042,2,2,2,1416,11,0.9652777777777778,13.303729917357153
377,0053,0,0,"[28.779872916967904, -106.49895965223678]","[np.float64(26.87769369263977), np.float64(-105.8612376757188)]",2025-12-20 17:23:20,898.8383248360243,2,6.271612518163372,220.61201280760451,17.634666623323767,34.42632883211491,16.188019994719667,3,3,3,1312,13,0.9652777777777778,20.049131105830778
378,007,0,0,"[28.179762251206828, -106.65237253118444]","[np.float64(27.09116414667865), np.float64(-109.4127318698908)]",2025-12-20 17:23:30,204.7583549914579,1,3.597522112006194,297.6351242339087,23.21299558916806,32.719577256650034,13.442618806246042,2,2,2,1416,11,0.965625,4.751993806246043
379,0053,0,0,"[28.179762251206828, -106.65237253118444]","[np.float64(26.87769369263977), np.float64(-105.8612376757188)]",2025-12-20 17:23:30,898.8383248360243,2,6.271612518163372,164.4609332222603,13.33176306165112,34.44342138051287,20.188019994719667,3,3,3,1312,13,0.965625,17.291144994719666
380,007,0,0,"[27.579573038270297, -106.80454231570315]","[np.float64(27.09116414667865), np.float64(-109.4127318698908)]",2025-12-20 17:23:40,204.7583549914579,1,3.597522112006194,263.28862568682604,20.775664591032616,32.73852078631306,8.442618806246042,2,2,2,1416,11,0.9659722222222222,9.408591028468264
381,0053,0,0,"[27.579573038270297, -106.80454231570315]","[np.float64(26.87769369263977), np.float64(-105.8612376757188)]",2025-12-20 17:23:40,898.8383248360243,2,6.271612518163372,121.613011870289,9.939303137625815,34.46048660815415,15.188019994719667,3,3,3,1312,13,0.9659722222222222,14.222047772497445
382,007,0,0,"[26.979308693252896, -106.95550315673877]","[np.float64(27.09116414667865), np.float64(-109.4127318698908)]",2025-12-20 17:23:50,204.7583549914579,1,3.597522112006194,243.68863550946915,19.348029013216998,32.757443825408586,16.442618806246042,2,2,2,1416,11,0.9663194444444444,10.644702139579376
383,0053,0,0,"[26.979308693252896, -106.95550315673877]","[np.float64(26.87769369263977), np.float64(-105.8612376757188)]",2025-12-20 17:23:50,898.8383248360243,2,6.271612518163372,109.07027562325958,8.931648193733075,34.477531345227916,18.188019994719667,3,3,3,1312,13,0.9663194444444444,26.884894994719666
384,007,0,0,"[26.378970923701917, -107.10529603542632]","[np.float64(27.09116414667865), np.float64(-109.4127318698908)]",2025-12-20 17:24:00,204.7583549914579,1,3.597522112006194,242.43964917615955,19.256180872938785,32.77634295884201,17.442618806246042,2,2,2,1416,11,0.9666666666666667,8.742618806246043
385,0053,0,0,"[26.378970923701917, -107.10529603542632]","[np.float64(26.87769369263977), np.float64(-105.8612376757188)]",2025-12-20 17:24:00,898.8383248360243,2,6.271612518163372,135.52474342166965,11.049696999736696,34.49455217663959,20.188019994719667,3,3,3,1312,13,0.9666666666666667,22.121353328053
386,007,0,0,"[25.77856655980653, -107.25397559327915]","[np.float64(27.09116414667865), np.float64(-109.4127318698908)]",2025-12-20 17:24:10,204.7583549914579,1,3.597522112006194,259.80606324068003,20.52390619575047,32.79522160170792,13.442618806246042,2,2,2,1416,11,0.9670138888888888,7.640535472912709
387,0053,0,0,"[25.77856655980653, -107.25397559327915]","[np.float64(26.87769369263977), np.float64(-105.8612376757188)]",2025-12-20 17:24:10,898.8383248360243,2,6.271612518163372,184.93699088407948,14.921421604700077,34.51154910238916,21.188019994719667,3,3,3,1312,13,0.9670138888888888,11.517881105830778
388,007,0,0,"[25.178093894019447, -107.40157598124313]","[np.float64(27.09116414667865), np.float64(-109.4127318698908)]",2025-12-20 17:24:20,204.7583549914579,1,3.597522112006194,292.49210996542456,22.853397754721787,32.81407633891175,12.442618806246042,2,2,2,1416,11,0.9673611111111111,7.6058132506904865
389,0053,0,0,"[25.178093894019447, -107.40157598124313]","[np.float64(26.87769369263977), np.float64(-105.8612376757188)]",2025-12-20 17:24:20,898.8383248360243,2,6.271612518163372,243.7217389453106,19.35046197483563,34.52851870738206,18.188019994719667,3,3,3,1312,13,0.9673611111111111,23.024825550275224
390,007,0,0,"[24.57755975652983, -107.5481313502641]","[np.float64(27.09116414667865), np.float64(-109.4127318698908)]",2025-12-20 17:24:30,204.7583549914579,1,3.597522112006194,336.0577066587711,25.837797611955395,32.832910585548056,11.442618806246042,2,2,2,1416,11,0.9677083333333333,11.442618806246042
391,0053,0,0,"[24.57755975652983, -107.5481313502641]","[np.float64(26.87769369263977), np.float64(-105.8612376757188)]",2025-12-20 17:24:30,898.8383248360243,2,6.271612518163372,306.5325976056895,23.83055002272484,34.54546782180745,20.188019994719667,3,3,3,1312,13,0.9677083333333333,18.252603328053002
392,007,0,0,"[23.976964147337682, -107.69368951166624]","[np.float64(27.09116414667865), np.float64(-109.4127318698908)]",2025-12-20 17:24:40,204.7583549914579,1,3.597522112006194,386.8446728488932,29.135866962756666,32.85172434161685,14.442618806246042,2,2,2,1416,11,0.9680555555555556,6.698174361801597
393,0053,0,0,"[23.976964147337682, -107.69368951166624]","[np.float64(26.87769369263977), np.float64(-105.8612376757188)]",2025-12-20 17:24:40,898.8383248360243,2,6.271612518163372,371.3323893064115,28.149501982003372,34.56239303057074,15.188019994719667,3,3,3,1312,13,0.9680555555555556,12.283853328053
0,0064,0,1,"[57.4330389946429, 2.7521999666208967]","[np.float64(55.14931047733401), np.float64(-1.225701160577773)]",2025-12-20 10:40:10,821.6296518567882,2,2.7287735725883193,353.08036785949366,26.965232303300827,9.552730747710159,18.93710023241439,1,1,1,1314,4,0.12534722222222222,18.686405787969946
1,0064,0,1,"[56.84573151848101, 2.417063074615881]","[np.float64(55.14931047733401), np.float64(-1.225701160577773)]",2025-12-20 10:40:20,821.6296518567882,2,2.7287735725883193,294.70925346668264,23.008654979816853,9.56044288505675,18.93710023241439,1,1,1,1314,4,0.12569444444444444,17.80585023241439
2,0064,0,1,"[56.25776492906422, 2.0910017964705196]","[np.float64(55.14931047733401), np.float64(-1.225701160577773)]",2025-12-20 10:40:30,821.6296518567882,2,2.7287735725883193,241.5751055632303,19.19254360436738,9.568139654477708,12.93710023241439,1,1,1,1314,4,0.12604166666666666,13.441266899081057
3,0064,0,1,"[55.669173377338375, 1.7735539204770736]","[np.float64(55.14931047733401), np.float64(-1.225701160577773)]",2025-12-20 10:40:40,821.6296518567882,2,2.7287735725883193,197.94238887247002,15.919187166534801,9.575822763520327,15.93710023241439,1,1,1,1314,4,0.12638888888888888,16.06348912130328
4,0064,0,1,"[55.079987599154734, 1.4642866901185987]","[np.float64(55.14931047733401), np.float64(-1.225701160577773)]",2025-12-20 10:40:50,821.6296518567882,2,2.7287735725883193,171.23672370156277,13.860247056265964,9.583490504637313,16.93710023241439,1,1,1,1314,4,0.1267361111111111,17.444044676858834
5,0064,0,1,"[54.49023833036456, 1.1627949897999483]","[np.float64(55.14931047733401), np.float64(-1.225701160577773)]",2025-12-20 10:41:00,821.6296518567882,2,2.7287735725883193,169.6513086612881,13.736803052768929,9.591143731602312,11.93710023241439,1,1,1,1314,4,0.12708333333333333,12.31835023241439
6,0064,0,1,"[53.89995289172455, 0.8686988368876882]","[np.float64(55.14931047733401), np.float64(-1.225701160577773)]",2025-12-20 10:41:10,821.6296518567882,2,2.7287735725883193,193.8050765306512,15.602818019031714,9.598782444415324,9.93710023241439,1,1,1,1314,4,0.12743055555555555,9.045086343525503
7,0064,0,1,"[53.30915860399138, 0.5816418342453609]","[np.float64(55.14931047733401), np.float64(-1.225701160577773)]",2025-12-20 10:41:20,821.6296518567882,2,2.7287735725883193,235.92176399456716,18.775203561094234,9.606406643076351,10.93710023241439,1,1,1,1314,4,0.12777777777777777,10.553766899081058
8,0064,0,1,"[52.71788278792171, 0.30128916920150345]","[np.float64(55.14931047733401), np.float64(-1.225701160577773)]",2025-12-20 10:41:30,821.6296518567882,2,2.7287735725883193,288.23248823565075,22.554117909963846,9.614015473811746,12.93710023241439,1,1,1,1314,4,0.128125,11.783975232414392
9,0064,0,1,"[52.12614593408307, 0.02732609943544669]","[np.float64(55.14931047733401), np.float64(-1.225701160577773)]",2025-12-20 10:41:40,821.6296518567882,2,2.7287735725883193,346.1469505492043,26.508682116241726,9.621609790395153,14.93710023241439,1,1,1,1314,4,0.1284722222222222,14.80862801019217
10,0064,0,1,"[51.53397194813755, -0.24054352111624633]","[np.float64(55.14931047733401), np.float64(-1.225701160577773)]",2025-12-20 10:41:50,821.6296518567882,2,2.7287735725883193,407.28206290198517,30.40704297847508,9.629189592826576,12.93710023241439,1,1,1,1314,4,0.12881944444444443,13.838836343525502
11,0010,0,1,"[42.61051762771807, -3.6848708355226005]","[np.float64(42.38827091628898), np.float64(-8.49349688780998)]",2025-12-20 10:44:20,558.5442744959782,1,3.1095504602550132,394.9429882998816,29.643430266145813,19.71544007698477,22.06439963817758,1,1,1,1150,4,0.13402777777777777,22.198427415955358
12,0010,0,1,"[42.013507867840175, -3.8844835409030463]","[np.float64(42.38827091628898), np.float64(-8.49349688780998)]",2025-12-20 10:44:30,558.5442744959782,1,3.1095504602550132,381.88861261458885,28.822747552229817,19.72892457795367,14.06439963817758,1,1,1,1150,4,0.134375,13.93002463817758
13,0010,0,1,"[41.416296617381775, -4.081155422958978]","[np.float64(42.38827091628898), np.float64(-8.49349688780998)]",2025-12-20 10:44:40,558.5442744959782,1,3.1095504602550132,380.77435089879964,28.75208857560837,19.74239200344964,16.06439963817758,1,1,1,1150,4,0.13472222222222222,16.468566304844245
14,0010,0,1,"[40.81888729143744, -4.275000460472172]","[np.float64(42.38827091628898), np.float64(-8.49349688780998)]",2025-12-20 10:44:50,558.5442744959782,1,3.1095504602550132,391.7032526415984,29.44098712435276,19.755840645925396,20.06439963817758,1,1,1,1150,4,0.13506944444444444,20.469607971510914
15,0201,0,1,"[40.81888729143744, -4.275000460472172]","[np.float64(37.76131249306622), np.float64(-5.011013629053059)]",2025-12-20 10:44:50,962.7190168905337,2,2.4770214992368285,345.8330962879271,26.487928854791654,25.061992630960276,20.188019994719667,3,3,3,831,5,0.13506944444444444,19.782811661386333
16,0201,0,1,"[40.22129355038551, -4.46612580203523]","[np.float64(37.76131249306622), np.float64(-5.011013629053059)]",2025-12-20 10:45:00,962.7190168905337,2,2.4770214992368285,277.56005241721925,21.798566306727857,25.0751065941667,18.188019994719667,3,3,3,831,5,0.13541666666666666,18.865103328053
17,0243,0,1,"[40.22129355038551, -4.46612580203523]","[np.float64(36.78983297350138), np.float64(-4.481296075919123)]",2025-12-20 10:45:00,247.7379327933208,1,2.3760576094088206,381.5638275732177,28.802161759730225,26.132534283353273,12.686180470109115,1,1,1,1153,13,0.13541666666666666,13.22784713677578
18,0201,0,1,"[39.623515394226, -4.6546351811461735]","[np.float64(37.76131249306622), np.float64(-5.011013629053059)]",2025-12-20 10:45:10,962.7190168905337,2,2.4770214992368285,209.36447308509563,16.78740295083854,25.088200066805616,18.188019994719667,3,3,3,831,5,0.13576388888888888,18.459547772497444
19,0243,0,1,"[39.623515394226, -4.6546351811461735]","[np.float64(36.78983297350138), np.float64(-4.481296075919123)]",2025-12-20 10:45:10,247.7379327933208,1,2.3760576094088206,315.4551348976996,24.443995111274944,26.145627755992187,19.686180470109115,1,1,1,1153,13,0.13576388888888888,20.22923602566467
20,0201,0,1,"[39.02556648333723, -4.840626781774322]","[np.float64(37.76131249306622), np.float64(-5.011013629053059)]",2025-12-20 10:45:20,962.7190168905337,2,2.4770214992368285,141.36082956487658,11.51307488797147,25.10127304887702,14.188019994719667,3,3,3,831,5,0.1361111111111111,13.643575550275223
21,0243,0,1,"[39.02556648333723, -4.840626781774322]","[np.float64(36.78983297350138), np.float64(-4.481296075919123)]",2025-12-20 10:45:20,247.7379327933208,1,2.3760576094088206,250.5927398453909,19.853872614111634,26.1586990305163,19.686180470109115,1,1,1,1153,13,0.1361111111111111,18.325069358998004
22,0201,0,1,"[38.427453647908386, -5.024194519020761]","[np.float64(37.76131249306622), np.float64(-5.011013629053059)]",2025-12-20 10:45:30,962.7190168905337,2,2.4770214992368285,74.08060162390801,6.092930828238781,25.114323832833623,21.188019994719667,3,3,3,831,5,0.13645833333333332,21.188019994719667
23,0243,0,1,"[38.427453647908386, -5.024194519020761]","[np.float64(36.78983297350138), np.float64(-4.481296075919123)]",2025-12-20 10:45:30,247.7379327933208,1,2.3760576094088206,188.26930819711652,15.177984553431116,26.17174810692561,13.686180470109115,1,1,1,1153,13,0.13645833333333332,14.504930470109114
24,0201,0,1,"[37.82918030303404, -5.205428466005172]","[np.float64(37.76131249306622), np.float64(-5.011013629053059)]",2025-12-20 10:45:40,962.7190168905337,2,2.4770214992368285,18.67531509316684,1.541438862774454,25.127354126222713,21.188019994719667,3,3,3,831,5,0.13680555555555557,20.093575550275222
25,0243,0,1,"[37.82918030303404, -5.205428466005172]","[np.float64(36.78983297350138), np.float64(-4.481296075919123)]",2025-12-20 10:45:40,247.7379327933208,1,2.3760576094088206,132.12768665312808,10.77929544867241,26.184778400314702,13.686180470109115,1,1,1,1153,13,0.13680555555555557,12.31812491455356
26,0201,0,1,"[37.23075327890337, -5.384415280752648]","[np.float64(37.76131249306622), np.float64(-5.011013629053059)]",2025-12-20 10:45:50,962.7190168905337,2,2.4770214992368285,67.56950812468611,5.560927522020489,25.140363929044295,18.188019994719667,3,3,3,831,5,0.1371527777777778,18.05086721694189
27,0243,0,1,"[37.23075327890337, -5.384415280752648]","[np.float64(36.78983297350138), np.float64(-4.481296075919123)]",2025-12-20 10:45:50,247.7379327933208,1,2.3760576094088206,93.9897403598823,7.712749642294538,26.197784788041698,17.686180470109115,1,1,1,1153,13,0.1371527777777778,17.411874914553557
28,0201,0,1,"[36.63217940570555, -5.561236498646409]","[np.float64(37.76131249306622), np.float64(-5.011013629053059)]",2025-12-20 10:46:00,962.7190168905337,2,2.4770214992368285,134.6801668622156,10.982515795247531,25.15335324129837,20.188019994719667,3,3,3,831,5,0.1375,19.91301999471967
29,0243,0,1,"[36.63217940570555, -5.561236498646409]","[np.float64(36.78983297350138), np.float64(-4.481296075919123)]",2025-12-20 10:46:00,247.7379327933208,1,2.3760576094088206,97.84923996793607,8.02541170912639,26.210770685201183,18.686180470109115,1,1,1,1153,13,0.1375,18.823680470109114
30,0201,0,1,"[36.03346551362974, -5.735972374409198]","[np.float64(37.76131249306622), np.float64(-5.011013629053059)]",2025-12-20 10:46:10,962.7190168905337,2,2.4770214992368285,202.65299023511673,16.278184013285912,25.16632206298493,15.188019994719667,3,3,3,831,5,0.13784722222222223,13.809547772497446
31,0243,0,1,"[36.03346551362974, -5.735972374409198]","[np.float64(36.78983297350138), np.float64(-4.481296075919123)]",2025-12-20 10:46:10,247.7379327933208,1,2.3760576094088206,140.28186911418905,11.427519867344074,26.22373609179316,17.686180470109115,1,1,1,1153,13,0.13784722222222223,16.85909713677578
32,0201,0,1,"[35.43461501777054, -5.9086976132350655]","[np.float64(37.76131249306622), np.float64(-5.011013629053059)]",2025-12-20 10:46:20,962.7190168905337,2,2.4770214992368285,270.8400400136436,21.3186840386617,25.17926868655669,16.188019994719667,3,3,3,831,5,0.13819444444444445,16.32621443916411
33,0243,0,1,"[35.43461501777054, -5.9086976132350655]","[np.float64(36.78983297350138), np.float64(-4.481296075919123)]",2025-12-20 10:46:20,247.7379327933208,1,2.3760576094088206,197.85782686756244,15.912730832067657,26.236677592723044,18.686180470109115,1,1,1,1153,13,0.13819444444444445,17.58062491455356
34,0201,0,1,"[34.83563816341168, -6.079485639657588]","[np.float64(37.76131249306622), np.float64(-5.011013629053059)]",2025-12-20 10:46:30,962.7190168905337,2,2.4770214992368285,339.11188777624625,26.04170005843003,25.19219481956094,14.188019994719667,3,3,3,831,5,0.13854166666666667,13.079686661386333
35,0243,0,1,"[34.83563816341168, -6.079485639657588]","[np.float64(36.78983297350138), np.float64(-4.481296075919123)]",2025-12-20 10:46:30,247.7379327933208,1,2.3760576094088206,260.7306818300201,20.59082918137994,26.249600310632708,15.686180470109115,1,1,1,1153,13,0.13854166666666667,16.24034713677578
36,0201,0,1,"[34.236534950553185, -6.248406463115758]","[np.float64(37.76131249306622), np.float64(-5.011013629053059)]",2025-12-20 10:46:40,962.7190168905337,2,2.4770214992368285,407.4264147046938,30.415906682845485,25.205100461997677,16.188019994719667,3,3,3,831,5,0.1388888888888889,14.799131105830778
37,0243,0,1,"[34.236534950553185, -6.248406463115758]","[np.float64(36.78983297350138), np.float64(-4.481296075919123)]",2025-12-20 10:46:40,247.7379327933208,1,2.3760576094088206,325.848885148476,25.1511300188442,26.26250083042757,15.686180470109115,1,1,1,1153,13,0.1388888888888889,16.102847136775782
38,0243,0,1,"[33.63731220938421, -6.415526251067162]","[np.float64(36.78983297350138), np.float64(-4.481296075919123)]",2025-12-20 10:46:50,247.7379327933208,1,2.3760576094088206,392.0951859927884,29.465521187437158,26.27537915210763,17.686180470109115,1,1,1,1153,13,0.13923611111111112,17.40770824788689
39,0111,0,1,"[-3.182782775861317, -39.5988925622681]","[np.float64(-4.793908467388751), np.float64(-42.76470313767426)]",2025-12-20 12:35:50,921.7825213289591,2,7.835665009404557,394.21626487216344,29.598089638566158,52.95259882365461,21.191699043940766,4,4,3,872,12,0.3663194444444444,20.825379599496323
40,0111,0,1,"[-3.7839820030213627, -39.727112288462166]","[np.float64(-4.793908467388751), np.float64(-42.76470313767426)]",2025-12-20 12:36:00,921.7825213289591,2,7.835665009404557,355.0424319893635,27.093763871876828,52.987210807273655,14.191699043940766,4,4,3,872,12,0.36666666666666664,12.725032377274099
41,0111,0,1,"[-4.385157324519314, -39.855451542966705]","[np.float64(-4.793908467388751), np.float64(-42.76470313767426)]",2025-12-20 12:36:10,921.7825213289591,2,7.835665009404557,325.64375215675506,25.137252000946955,53.02181254560894,12.191699043940766,4,4,3,872,12,0.36701388888888886,15.494824043940765
42,0111,0,1,"[-4.986307459694701, -39.98393081634923]","[np.float64(-4.793908467388751), np.float64(-42.76470313767426)]",2025-12-20 12:36:20,921.7825213289591,2,7.835665009404557,308.8242547506959,23.988668089502667,53.05640403866047,15.191699043940766,4,4,3,872,12,0.36736111111111114,12.9875323772741
43,0111,0,1,"[-5.587430701000231, -40.11256376898808]","[np.float64(-4.793908467388751), np.float64(-42.76470313767426)]",2025-12-20 12:36:30,921.7825213289591,2,7.835665009404557,306.6611439825977,23.839429609549704,53.09098528642824,18.191699043940766,4,4,3,872,12,0.36770833333333336,16.72086571060743
44,0111,0,1,"[-6.188525767775434, -40.24137430654535]","[np.float64(-4.793908467388751), np.float64(-42.76470313767426)]",2025-12-20 12:36:40,921.7825213289591,2,7.835665009404557,319.4515125818932,24.716841085975158,53.125556288912264,15.191699043940766,4,4,3,872,12,0.3680555555555556,15.927810155051876
45,0111,0,1,"[-6.789590952473018, -40.37037950449397]","[np.float64(-4.793908467388751), np.float64(-42.76470313767426)]",2025-12-20 12:36:50,921.7825213289591,2,7.835665009404557,345.5386988203684,26.46845533999415,53.16011363101794,18.191699043940766,4,4,3,872,12,0.3684027777777778,21.13892126616299
46,0111,0,1,"[-7.390624974432515, -40.499603268496024]","[np.float64(-4.793908467388751), np.float64(-42.76470313767426)]",2025-12-20 12:37:00,921.7825213289591,2,7.835665009404557,382.2090435689546,28.84304939660411,53.19466072783987,17.191699043940766,4,4,3,872,12,0.36875,13.872949043940766
47,0136,0,1,"[-19.402344205431387, -43.162540346627665]","[np.float64(-22.55121870780887), np.float64(-43.45574144926327)]",2025-12-20 12:40:20,904.0518045168965,2,6.5952788947026795,351.4597294510336,26.85884520000011,59.868117546968335,25.809800826651205,3,3,3,1044,5,0.37569444444444444,26.561189715540095
48,0136,0,1,"[-20.00235071080762, -43.30143224339988]","[np.float64(-22.55121870780887), np.float64(-43.45574144926327)]",2025-12-20 12:40:30,904.0518045168965,2,6.5952788947026795,283.8721203745694,22.246408944894096,59.906182191212814,24.809800826651205,3,3,3,1044,5,0.37604166666666666,22.929592493317873
49,0136,0,1,"[-20.602287206744858, -43.44106521569703]","[np.float64(-22.55121870780887), np.float64(-43.45574144926327)]",2025-12-20 12:40:40,904.0518045168965,2,6.5952788947026795,216.71691416616258,17.34213364880994,59.9442468354573,19.809800826651205,3,3,3,1044,5,0.3763888888888889,19.809800826651205
50,0136,0,1,"[-21.202153693243105, -43.5814699993704]","[np.float64(-22.55121870780887), np.float64(-43.45574144926327)]",2025-12-20 12:40:50,904.0518045168965,2,6.5952788947026795,150.56932967529585,12.241103079724509,59.98231147970178,25.809800826651205,3,3,3,1044,5,0.3767361111111111,24.302856382206762
51,0136,0,1,"[-21.801945047660485, -43.722677330271246]","[np.float64(-22.55121870780887), np.float64(-43.45574144926327)]",2025-12-20 12:41:00,904.0518045168965,2,6.5952788947026795,87.732303698042,7.204852506566028,60.02037612394626,16.809800826651205,3,3,3,1044,5,0.3770833333333333,13.038967493317873
52,0136,0,1,"[-22.40166126999699, -43.86471794425083]","[np.float64(-22.55121870780887), np.float64(-43.45574144926327)]",2025-12-20 12:41:10,904.0518045168965,2,6.5952788947026795,45.192653753533186,3.7257890029323284,60.05844076819074,24.809800826651205,3,3,3,1044,5,0.37743055555555555,28.206675826651207
53,0136,0,1,"[-23.001300652705336, -44.00762940734959]","[np.float64(-22.55121870780887), np.float64(-43.45574144926327)]",2025-12-20 12:41:20,904.0518045168965,2,6.5952788947026795,75.5393269021139,6.211978027932382,60.09651224262439,24.809800826651205,3,3,3,1044,5,0.37777777777777777,21.787578604428983
54,0136,0,1,"[-23.60085807314364, -44.151439040324206]","[np.float64(-22.55121870780887), np.float64(-43.45574144926327)]",2025-12-20 12:41:30,904.0518045168965,2,6.5952788947026795,136.7005467878411,11.14317414861067,60.13457688686887,22.809800826651205,3,3,3,1044,5,0.378125,20.919175826651205
55,0136,0,1,"[-24.20033182376461, -44.29618440921512]","[np.float64(-22.55121870780887), np.float64(-43.45574144926327)]",2025-12-20 12:41:40,904.0518045168965,2,6.5952788947026795,202.4441119215222,16.26229288998212,60.17264153111336,23.809800826651205,3,3,3,1044,5,0.3784722222222222,23.052856382206762
56,0136,0,1,"[-24.79972190456825, -44.44190308006276]","[np.float64(-22.55121870780887), np.float64(-43.45574144926327)]",2025-12-20 12:41:50,904.0518045168965,2,6.5952788947026795,269.4341542441201,21.2178877966289,60.21071300554701,20.809800826651205,3,3,3,1044,5,0.37881944444444443,17.021606382206762
57,0136,0,1,"[-25.39902319291268, -44.58862578871839]","[np.float64(-22.55121870780887), np.float64(-43.45574144926327)]",2025-12-20 12:42:00,904.0518045168965,2,6.5952788947026795,336.9257033739546,25.895818378110604,60.24878447998066,18.809800826651205,3,3,3,1044,5,0.37916666666666665,18.43063415998454
58,0136,0,1,"[-25.998232273703312, -44.73639693141161]","[np.float64(-22.55121870780887), np.float64(-43.45574144926327)]",2025-12-20 12:42:10,904.0518045168965,2,6.5952788947026795,404.6663074432291,30.246147583978352,60.286849124225135,23.809800826651205,3,3,3,1044,5,0.3795138888888889,25.32785638220676
59,0055,1,1,"[-19.567269368225098, -67.89781770882955]","[np.float64(-21.4902902963777), np.float64(-64.83707616408573)]",2025-12-20 14:19:10,738.9748240893007,1,2.0653552069419545,383.7884393452345,28.94300091408782,62.7419196402512,19.813479875872304,2,2,2,891,12,0.5815972222222222,18.65028543142786
59,0055,1,1,"[-19.567269368225098, -67.89781770882955]","[np.float64(-21.4902902963777), np.float64(-64.83707616408573)]",2025-12-20 14:19:10,738.9748240893007,1,2.0653552069419545,383.7884393452345,28.94300091408782,62.7419196402512,19.813479875872304,2,2,2,891,12,0.5815972222222222,18.65028543142786
60,0055,1,1,"[-20.167257090581113, -68.0369076810877]","[np.float64(-21.4902902963777), np.float64(-64.83707616408573)]",2025-12-20 14:19:20,738.9748240893007,1,2.0653552069419545,363.6252816625369,27.652548704526765,62.78010722790074,17.813479875872304,2,2,2,891,12,0.5819444444444445,21.30514654253897
60,0055,1,1,"[-20.167257090581113, -68.0369076810877]","[np.float64(-21.4902902963777), np.float64(-64.83707616408573)]",2025-12-20 14:19:20,738.9748240893007,1,2.0653552069419545,363.6252816625369,27.652548704526765,62.78010722790074,17.813479875872304,2,2,2,891,12,0.5819444444444445,21.30514654253897
61,0055,1,1,"[-20.767173095950845, -68.17674897415453]","[np.float64(-21.4902902963777), np.float64(-64.83707616408573)]",2025-12-20 14:19:30,738.9748240893007,1,2.0653552069419545,355.590567207048,27.12961871255563,62.81829481555028,14.813479875872304,2,2,2,891,12,0.5822916666666667,20.054104875872305
61,0055,1,1,"[-20.767173095950845, -68.17674897415453]","[np.float64(-21.4902902963777), np.float64(-64.83707616408573)]",2025-12-20 14:19:30,738.9748240893007,1,2.0653552069419545,355.590567207048,27.12961871255563,62.81829481555028,14.813479875872304,2,2,2,891,12,0.5822916666666667,20.054104875872305
62,0055,1,1,"[-21.36701909188158, -68.31736890878676]","[np.float64(-21.4902902963777), np.float64(-64.83707616408573)]",2025-12-20 14:19:40,738.9748240893007,1,2.0653552069419545,360.49316395649714,27.4492867976783,62.85648240319983,20.813479875872304,2,2,2,891,12,0.5826388888888889,15.569729875872303
62,0055,1,1,"[-21.36701909188158, -68.31736890878676]","[np.float64(-21.4902902963777), np.float64(-64.83707616408573)]",2025-12-20 14:19:40,738.9748240893007,1,2.0653552069419545,360.49316395649714,27.4492867976783,62.85648240319983,20.813479875872304,2,2,2,891,12,0.5826388888888889,15.569729875872303
63,0055,1,1,"[-21.96678995573145, -68.45880846611938]","[np.float64(-21.4902902963777), np.float64(-64.83707616408573)]",2025-12-20 14:19:50,738.9748240893007,1,2.0653552069419545,377.8283872054976,28.56481422477066,62.894669990849366,16.813479875872304,2,2,2,891,12,0.5829861111111111,20.311396542538972
63,0055,1,1,"[-21.96678995573145, -68.45880846611938]","[np.float64(-21.4902902963777), np.float64(-64.83707616408573)]",2025-12-20 14:19:50,738.9748240893007,1,2.0653552069419545,377.8283872054976,28.56481422477066,62.894669990849366,16.813479875872304,2,2,2,891,12,0.5829861111111111,20.311396542538972
64,0055,1,1,"[-22.566483979953155, -68.60108130653074]","[np.float64(-21.4902902963777), np.float64(-64.83707616408573)]",2025-12-20 14:20:00,738.9748240893007,1,2.0653552069419545,406.0027675464175,30.32841943035218,62.932857578498904,18.813479875872304,2,2,2,891,12,0.5833333333333334,22.313479875872304
64,0055,1,1,"[-22.566483979953155, -68.60108130653074]","[np.float64(-21.4902902963777), np.float64(-64.83707616408573)]",2025-12-20 14:20:00,738.9748240893007,1,2.0653552069419545,406.0027675464175,30.32841943035218,62.932857578498904,18.813479875872304,2,2,2,891,12,0.5833333333333334,22.313479875872304
65,0023,0,1,"[-29.75593085502482, -70.38725773675912]","[np.float64(-33.0491248747741), np.float64(-71.6499149451426)]",2025-12-20 14:22:00,383.58526495773083,1,4.448552817828192,385.2857845234164,29.037582149860746,57.396893633555194,22.315319400482853,1,1,1,1278,7,0.5875,25.840319400482855
66,0039,0,1,"[-29.75593085502482, -70.38725773675912]","[np.float64(-33.13217557972659), np.float64(-68.94243257995237)]",2025-12-20 14:22:00,948.451775170079,2,5.382646537200879,399.64549171610963,29.935835481449647,59.62399975584291,16.311640351261754,4,4,3,1292,12,0.5875,11.024140351261753
67,0023,0,1,"[-30.35438861500675, -70.5439012951842]","[np.float64(-33.0491248747741), np.float64(-71.6499149451426)]",2025-12-20 14:22:10,383.58526495773083,1,4.448552817828192,317.37791755742984,24.575418236778717,57.4314680511338,16.315319400482853,1,1,1,1278,7,0.5878472222222222,12.78823606714952
68,0039,0,1,"[-30.35438861500675, -70.5439012951842]","[np.float64(-33.13217557972659), np.float64(-68.94243257995237)]",2025-12-20 14:22:10,948.451775170079,2,5.382646537200879,343.98821949421676,26.36578698563281,59.658335116800565,16.311640351261754,4,4,3,1292,12,0.5878472222222222,10.433168129039533
69,0023,0,1,"[-30.952730261772793, -70.70195870276746]","[np.float64(-33.0491248747741), np.float64(-71.6499149451426)]",2025-12-20 14:22:20,383.58526495773083,1,4.448552817828192,249.6564111859687,19.78545731900904,57.4660424687124,17.315319400482853,1,1,1,1278,7,0.5881944444444445,12.021569400482853
70,0039,0,1,"[-30.952730261772793, -70.70195870276746]","[np.float64(-33.13217557972659), np.float64(-68.94243257995237)]",2025-12-20 14:22:20,948.451775170079,2,5.382646537200879,293.64422549913377,22.934119983004543,59.69266364756905,20.311640351261754,4,4,3,1292,12,0.5881944444444445,20.899834795706198
71,0023,0,1,"[-31.55095238022836, -70.8614777708331]","[np.float64(-33.0491248747741), np.float64(-71.6499149451426)]",2025-12-20 14:22:30,383.58526495773083,1,4.448552817828192,182.32601763500813,14.719967375591954,57.500610056101834,24.315319400482853,1,1,1,1278,7,0.5885416666666666,21.37261106714952
72,0039,0,1,"[-31.55095238022836, -70.8614777708331]","[np.float64(-33.13217557972659), np.float64(-68.94243257995237)]",2025-12-20 14:22:30,948.451775170079,2,5.382646537200879,251.81719696506485,19.9432518041282,59.72699217833753,22.311640351261754,4,4,3,1292,12,0.5885416666666666,18.191848684595087
73,0023,0,1,"[-32.149048140184284, -71.0225131408945]","[np.float64(-33.0491248747741), np.float64(-71.6499149451426)]",2025-12-20 14:22:40,383.58526495773083,1,4.448552817828192,116.06454355697903,9.494279666589174,57.5351708133021,21.315319400482853,1,1,1,1278,7,0.5888888888888889,21.315319400482853
74,0039,0,1,"[-32.149048140184284, -71.0225131408945]","[np.float64(-33.13217557972659), np.float64(-68.94243257995237)]",2025-12-20 14:22:40,948.451775170079,2,5.382646537200879,223.341222504564,17.839074720540967,59.761313878916845,23.311640351261754,4,4,3,1292,12,0.5888888888888889,26.84497368459509
75,0023,0,1,"[-32.74701754164056, -71.18512628465416]","[np.float64(-33.0491248747741), np.float64(-71.6499149451426)]",2025-12-20 14:22:50,383.58526495773083,1,4.448552817828192,54.87747307403235,4.521208505901339,57.569738400691534,20.315319400482853,1,1,1,1278,7,0.5892361111111111,16.779902733816186
76,0039,0,1,"[-32.74701754164056, -71.18512628465416]","[np.float64(-33.13217557972659), np.float64(-68.94243257995237)]",2025-12-20 14:22:50,948.451775170079,2,5.382646537200879,213.62015996413706,17.108890341385024,59.79562874930699,19.311640351261754,4,4,3,1292,12,0.5892361111111111,14.008515351261755
77,0023,0,1,"[-33.34485375440802, -71.34936501343628]","[np.float64(-33.0491248747741), np.float64(-71.6499149451426)]",2025-12-20 14:23:00,383.58526495773083,1,4.448552817828192,43.16697162395767,3.559226318548854,57.6042991578918,20.315319400482853,1,1,1,1278,7,0.5895833333333333,20.315319400482853
78,0039,0,1,"[-33.34485375440802, -71.34936501343628]","[np.float64(-33.13217557972659), np.float64(-68.94243257995237)]",2025-12-20 14:23:00,948.451775170079,2,5.382646537200879,225.0927510945285,17.9700115000718,59.829950449886304,16.311640351261754,4,4,3,1292,12,0.5895833333333333,15.132473684595087
79,0023,0,1,"[-33.94255336339208, -71.51529762913258]","[np.float64(-33.0491248747741), np.float64(-71.6499149451426)]",2025-12-20 14:23:10,383.58526495773083,1,4.448552817828192,100.12599418226696,8.209629774098211,57.63885308490289,20.315319400482853,1,1,1,1278,7,0.5899305555555555,23.26497217826063
80,0039,0,1,"[-33.94255336339208, -71.51529762913258]","[np.float64(-33.13217557972659), np.float64(-68.94243257995237)]",2025-12-20 14:23:10,948.451775170079,2,5.382646537200879,254.91068824705042,20.168610244558764,59.86425849008728,18.311640351261754,4,4,3,1292,12,0.5899305555555555,23.621015351261754
81,0023,0,1,"[-34.54010953840357, -71.68298560344556]","[np.float64(-33.0491248747741), np.float64(-71.6499149451426)]",2025-12-20 14:23:20,383.58526495773083,1,4.448552817828192,165.81832330723864,13.43782221728153,57.67340701191399,18.315319400482853,1,1,1,1278,7,0.5902777777777778,23.037541622705074
82,0039,0,1,"[-34.54010953840357, -71.68298560344556]","[np.float64(-33.13217557972659), np.float64(-68.94243257995237)]",2025-12-20 14:23:20,948.451775170079,2,5.382646537200879,297.6070065792427,23.211034835246927,59.89856653028825,25.311640351261754,4,4,3,1292,12,0.5902777777777778,20.589418129039533
83,0023,0,1,"[-35.13752227944249, -71.85249723826693]","[np.float64(-33.0491248747741), np.float64(-71.6499149451426)]",2025-12-20 14:23:30,383.58526495773083,1,4.448552817828192,232.96739198591797,18.556278209222917,57.70796093892508,17.315319400482853,1,1,1,1278,7,0.590625,22.630944400482853
84,0039,0,1,"[-35.13752227944249, -71.85249723826693]","[np.float64(-33.13217557972659), np.float64(-68.94243257995237)]",2025-12-20 14:23:30,948.451775170079,2,5.382646537200879,348.47779937781274,26.66257224596911,59.932874570489226,22.311640351261754,4,4,3,1292,12,0.590625,27.627265351261755
85,0023,0,1,"[-35.73478134122509, -72.02388717511006]","[np.float64(-33.0491248747741), np.float64(-71.6499149451426)]",2025-12-20 14:23:40,383.58526495773083,1,4.448552817828192,300.5959563222732,23.419143468008357,57.74250803574701,23.315319400482853,1,1,1,1278,7,0.5909722222222222,17.40559717826063
86,0039,0,1,"[-35.73478134122509, -72.02388717511006]","[np.float64(-33.13217557972659), np.float64(-68.94243257995237)]",2025-12-20 14:23:40,948.451775170079,2,5.382646537200879,404.4470642444887,30.232637901365607,59.96717578050103,23.311640351261754,4,4,3,1292,12,0.5909722222222222,20.947751462372864
87,0023,0,1,"[-36.33188672375135, -72.19723737624498]","[np.float64(-33.0491248747741), np.float64(-71.6499149451426)]",2025-12-20 14:23:50,383.58526495773083,1,4.448552817828192,368.43877032303686,27.963457045289584,57.777061962758104,16.315319400482853,1,1,1,1278,7,0.5913194444444444,14.54136106714952
88,0160,0,1,"[48.671268912255954, -75.54730856035285]","[np.float64(45.14600795418758), np.float64(-74.22434035818429)]",2025-12-20 15:39:00,890.2916008291153,2,7.485572037056226,404.6518116707683,30.2452544746419,19.326754501886857,13.435260707803842,3,3,3,1172,6,0.7479166666666667,13.435260707803842
89,0160,0,1,"[48.076922926154374, -75.78474642647]","[np.float64(45.14600795418758), np.float64(-74.22434035818429)]",2025-12-20 15:39:10,890.2916008291153,2,7.485572037056226,346.99496615262063,26.564718705554814,19.335976964813664,21.43526070780384,3,3,3,1172,6,0.7482638888888888,26.673107930026063
90,0160,0,1,"[47.482255921161794, -76.0177105186808]","[np.float64(45.14600795418758), np.float64(-74.22434035818429)]",2025-12-20 15:39:20,890.2916008291153,2,7.485572037056226,294.0142987084271,22.96002853243673,19.34518235226755,19.43526070780384,3,3,3,1172,6,0.7486111111111111,18.68664959669273
91,0160,0,1,"[46.88728838784574, -76.24639208228199]","[np.float64(45.14600795418758), np.float64(-74.22434035818429)]",2025-12-20 15:39:30,890.2916008291153,2,7.485572037056226,248.7174193210027,19.71678835264228,19.354367249153924,15.435260707803842,3,3,3,1172,6,0.7489583333333333,12.439427374470508
92,0160,0,1,"[46.29203057148996, -76.47096187200285]","[np.float64(45.14600795418758), np.float64(-74.22434035818429)]",2025-12-20 15:39:40,890.2916008291153,2,7.485572037056226,215.99301686432514,17.2876634629264,19.363533363020082,22.43526070780384,3,3,3,1172,6,0.7493055555555556,26.18178848558162
93,0160,0,1,"[45.696496132472795, -76.69159747276176]","[np.float64(45.14600795418758), np.float64(-74.22434035818429)]",2025-12-20 15:39:50,890.2916008291153,2,7.485572037056226,202.04585881628833,16.231987315021964,19.37268069386602,21.43526070780384,3,3,3,1172,6,0.7496527777777777,28.18213570780384
94,0160,0,1,"[45.100695316077996, -76.90845597890967]","[np.float64(45.14600795418758), np.float64(-74.22434035818429)]",2025-12-20 15:40:00,890.2916008291153,2,7.485572037056226,210.63915099475167,16.883811188224477,19.38180753414445,13.435260707803842,3,3,3,1172,6,0.75,6.685260707803842
95,0160,0,1,"[44.50463836758932, -77.12170131498664]","[np.float64(45.14600795418758), np.float64(-74.22434035818429)]",2025-12-20 15:40:10,890.2916008291153,2,7.485572037056226,239.35825479445737,19.029141011087003,19.390917298949955,13.435260707803842,3,3,3,1172,6,0.7503472222222223,17.186996818914952
96,0160,0,1,"[43.90833894738512, -77.3314632545869]","[np.float64(45.14600795418758), np.float64(-74.22434035818429)]",2025-12-20 15:40:20,890.2916008291153,2,7.485572037056226,282.1214861030592,22.122485039867144,19.400006573187948,17.43526070780384,3,3,3,1172,6,0.7506944444444444,12.931094041137175
97,0160,0,1,"[43.31180730074912, -77.53788523168302]","[np.float64(45.14600795418758), np.float64(-74.22434035818429)]",2025-12-20 15:40:30,890.2916008291153,2,7.485572037056226,333.57067542260586,25.671238087844696,19.409077064405725,19.43526070780384,3,3,3,1172,6,0.7510416666666667,17.933177374470507
98,0160,0,1,"[42.71505025787053, -77.74110385005841]","[np.float64(45.14600795418758), np.float64(-74.22434035818429)]",2025-12-20 15:40:40,890.2916008291153,2,7.485572037056226,390.2861067462861,29.352178274152642,19.418128772603286,21.43526070780384,3,3,3,1172,6,0.7513888888888889,15.42414959669273
99,0235,0,1,"[42.71505025787053, -77.74110385005841]","[np.float64(40.31208734352321), np.float64(-74.64876167859748)]",2025-12-20 15:40:40,568.4645561859485,1,3.5844442237745024,371.0111979533303,28.1288827924719,23.89524605656036,10.817158925093404,4,4,3,1292,11,0.7513888888888889,14.574103369537848
100,0235,0,1,"[42.11807806403307, -77.94124205311813]","[np.float64(40.31208734352321), np.float64(-74.64876167859748)]",2025-12-20 15:40:50,568.4645561859485,1,3.5844442237745024,340.7986065786288,26.154005526017492,23.905551104470614,10.817158925093404,4,4,3,1292,11,0.7517361111111112,17.582783925093402
101,0235,0,1,"[41.52090096452052, -78.13842278426722]","[np.float64(40.31208734352321), np.float64(-74.64876167859748)]",2025-12-20 15:41:00,568.4645561859485,1,3.5844442237745024,322.52928633445936,24.92615938156302,23.91583395426607,15.817158925093404,4,4,3,1292,11,0.7520833333333333,8.29632559176007
102,0235,0,1,"[40.92352920461662, -78.33275532653242]","[np.float64(40.31208734352321), np.float64(-74.64876167859748)]",2025-12-20 15:41:10,568.4645561859485,1,3.5844442237745024,318.26597536807213,24.636024564280085,23.926098021041305,15.817158925093404,4,4,3,1292,11,0.7524305555555556,22.589033925093403
103,0235,0,1,"[40.32596619941596, -78.52434896294045]","[np.float64(40.31208734352321), np.float64(-74.64876167859748)]",2025-12-20 15:41:20,568.4645561859485,1,3.5844442237745024,328.5538695930029,25.33383699095761,23.936339889701742,8.817158925093404,4,4,3,1292,11,0.7527777777777778,6.558825591760071
104,0235,0,1,"[39.72822219420229, -78.71330614632886]","[np.float64(40.31208734352321), np.float64(-74.64876167859748)]",2025-12-20 15:41:30,568.4645561859485,1,3.5844442237745024,352.11944324626654,26.9021764331367,23.946559560247373,11.817158925093404,4,4,3,1292,11,0.753125,8.051533925093404
105,0235,0,1,"[39.13030743425938, -78.89973615972436]","[np.float64(40.31208734352321), np.float64(-74.64876167859748)]",2025-12-20 15:41:40,568.4645561859485,1,3.5844442237745024,386.54215117176955,29.116808240947407,23.956760447772787,15.817158925093404,4,4,3,1292,11,0.7534722222222222,22.598408925093402
106,0179,1,1,"[33.142967022920786, -80.64356541709866]","[np.float64(29.7478931171751), np.float64(-80.98193319510803)]",2025-12-20 15:43:20,927.8929809486823,1,5.319718495885655,378.8768775104264,28.63154324228123,31.82821707939586,18.188019994719667,4,4,3,873,6,0.7569444444444444,21.97274221694189
106,0179,1,1,"[33.142967022920786, -80.64356541709866]","[np.float64(29.7478931171751), np.float64(-80.98193319510803)]",2025-12-20 15:43:20,927.8929809486823,1,5.319718495885655,378.8768775104264,28.63154324228123,31.82821707939586,18.188019994719667,4,4,3,873,6,0.7569444444444444,21.97274221694189
107,0179,1,1,"[32.54353937607671, -80.80756508925982]","[np.float64(29.7478931171751), np.float64(-80.98193319510803)]",2025-12-20 15:43:30,927.8929809486823,1,5.319718495885655,311.30452263848633,24.15936321641334,31.844435363580054,24.188019994719667,4,4,3,873,6,0.7572916666666667,18.129686661386334
107,0179,1,1,"[32.54353937607671, -80.80756508925982]","[np.float64(29.7478931171751), np.float64(-80.98193319510803)]",2025-12-20 15:43:30,927.8929809486823,1,5.319718495885655,311.30452263848633,24.15936321641334,31.844435363580054,24.188019994719667,4,4,3,873,6,0.7572916666666667,18.129686661386334
108,0179,1,1,"[31.9440058613005, -80.96993917639854]","[np.float64(29.7478931171751), np.float64(-80.98193319510803)]",2025-12-20 15:43:40,927.8929809486823,1,5.319718495885655,244.19962423802812,19.385576422217373,31.860633157196737,24.188019994719667,4,4,3,873,6,0.7576388888888889,29.49149221694189
108,0179,1,1,"[31.9440058613005, -80.96993917639854]","[np.float64(29.7478931171751), np.float64(-80.98193319510803)]",2025-12-20 15:43:40,927.8929809486823,1,5.319718495885655,244.19962423802812,19.385576422217373,31.860633157196737,24.188019994719667,4,4,3,873,6,0.7576388888888889,29.49149221694189
109,0179,1,1,"[31.34436989368674, -81.13074232002815]","[np.float64(29.7478931171751), np.float64(-80.98193319510803)]",2025-12-20 15:43:50,927.8929809486823,1,5.319718495885655,178.09135443172224,14.392443477353886,31.876803630056745,17.188019994719667,4,4,3,873,6,0.7579861111111111,10.366144994719667
109,0179,1,1,"[31.34436989368674, -81.13074232002815]","[np.float64(29.7478931171751), np.float64(-80.98193319510803)]",2025-12-20 15:43:50,927.8929809486823,1,5.319718495885655,178.09135443172224,14.392443477353886,31.876803630056745,17.188019994719667,4,4,3,873,6,0.7579861111111111,10.366144994719667
109,0179,1,1,"[31.34436989368674, -81.13074232002815]","[np.float64(29.7478931171751), np.float64(-80.98193319510803)]",2025-12-20 15:43:50,927.8929809486823,1,5.319718495885655,178.09135443172224,14.392443477353886,31.876803630056745,17.188019994719667,4,4,3,873,6,0.7579861111111111,10.366144994719667
109,0179,1,1,"[31.34436989368674, -81.13074232002815]","[np.float64(29.7478931171751), np.float64(-80.98193319510803)]",2025-12-20 15:43:50,927.8929809486823,1,5.319718495885655,178.09135443172224,14.392443477353886,31.876803630056745,17.188019994719667,4,4,3,873,6,0.7579861111111111,10.366144994719667
110,0179,1,1,"[30.744634888330015, -81.29004282204036]","[np.float64(29.7478931171751), np.float64(-80.98193319510803)]",2025-12-20 15:44:00,927.8929809486823,1,5.319718495885655,114.71619763578401,9.385956547021303,31.89295361234924,21.188019994719667,4,4,3,873,6,0.7583333333333333,15.121353328053
110,0179,1,1,"[30.744634888330015, -81.29004282204036]","[np.float64(29.7478931171751), np.float64(-80.98193319510803)]",2025-12-20 15:44:00,927.8929809486823,1,5.319718495885655,114.71619763578401,9.385956547021303,31.89295361234924,21.188019994719667,4,4,3,873,6,0.7583333333333333,15.121353328053
110,0179,1,1,"[30.744634888330015, -81.29004282204036]","[np.float64(29.7478931171751), np.float64(-80.98193319510803)]",2025-12-20 15:44:00,927.8929809486823,1,5.319718495885655,114.71619763578401,9.385956547021303,31.89295361234924,21.188019994719667,4,4,3,873,6,0.7583333333333333,15.121353328053
110,0179,1,1,"[30.744634888330015, -81.29004282204036]","[np.float64(29.7478931171751), np.float64(-80.98193319510803)]",2025-12-20 15:44:00,927.8929809486823,1,5.319718495885655,114.71619763578401,9.385956547021303,31.89295361234924,21.188019994719667,4,4,3,873,6,0.7583333333333333,15.121353328053
111,0184,2,1,"[30.744634888330015, -81.29004282204036]","[np.float64(27.32515845053345), np.float64(-80.26028845491872)]",2025-12-20 15:44:00,330.5918992225013,1,6.925575150920803,393.180557985471,29.53340087699579,34.341573014704224,21.06807868739868,4,4,3,1496,4,0.7583333333333333,15.759745354065345
111,0184,2,1,"[30.744634888330015, -81.29004282204036]","[np.float64(27.32515845053345), np.float64(-80.26028845491872)]",2025-12-20 15:44:00,330.5918992225013,1,6.925575150920803,393.180557985471,29.53340087699579,34.341573014704224,21.06807868739868,4,4,3,1496,4,0.7583333333333333,15.759745354065345
112,0179,1,1,"[30.14480426032491, -81.44787483338101]","[np.float64(29.7478931171751), np.float64(-80.98193319510803)]",2025-12-20 15:44:10,927.8929809486823,1,5.319718495885655,62.95440047080261,5.183251104122632,31.909079688979638,16.188019994719667,4,4,3,873,6,0.7586805555555556,10.877256105830778
112,0179,1,1,"[30.14480426032491, -81.44787483338101]","[np.float64(29.7478931171751), np.float64(-80.98193319510803)]",2025-12-20 15:44:10,927.8929809486823,1,5.319718495885655,62.95440047080261,5.183251104122632,31.909079688979638,16.188019994719667,4,4,3,873,6,0.7586805555555556,10.877256105830778
112,0179,1,1,"[30.14480426032491, -81.44787483338101]","[np.float64(29.7478931171751), np.float64(-80.98193319510803)]",2025-12-20 15:44:10,927.8929809486823,1,5.319718495885655,62.95440047080261,5.183251104122632,31.909079688979638,16.188019994719667,4,4,3,873,6,0.7586805555555556,10.877256105830778
112,0179,1,1,"[30.14480426032491, -81.44787483338101]","[np.float64(29.7478931171751), np.float64(-80.98193319510803)]",2025-12-20 15:44:10,927.8929809486823,1,5.319718495885655,62.95440047080261,5.183251104122632,31.909079688979638,16.188019994719667,4,4,3,873,6,0.7586805555555556,10.877256105830778
113,0184,2,1,"[30.14480426032491, -81.44787483338101]","[np.float64(27.32515845053345), np.float64(-80.26028845491872)]",2025-12-20 15:44:10,330.5918992225013,1,6.925575150920803,334.22147748586235,25.714868222418477,34.358067921549804,13.068078687398678,4,4,3,1496,4,0.7586805555555556,15.344120354065346
113,0184,2,1,"[30.14480426032491, -81.44787483338101]","[np.float64(27.32515845053345), np.float64(-80.26028845491872)]",2025-12-20 15:44:10,330.5918992225013,1,6.925575150920803,334.22147748586235,25.714868222418477,34.358067921549804,13.068078687398678,4,4,3,1496,4,0.7586805555555556,15.344120354065346
114,0179,1,1,"[29.544884839860597, -81.60430665594181]","[np.float64(29.7478931171751), np.float64(-80.98193319510803)]",2025-12-20 15:44:20,927.8929809486823,1,5.319718495885655,64.24203747359401,5.288671478992598,31.925181859947944,20.188019994719667,4,4,3,873,6,0.7590277777777777,23.983158883608557
114,0179,1,1,"[29.544884839860597, -81.60430665594181]","[np.float64(29.7478931171751), np.float64(-80.98193319510803)]",2025-12-20 15:44:20,927.8929809486823,1,5.319718495885655,64.24203747359401,5.288671478992598,31.925181859947944,20.188019994719667,4,4,3,873,6,0.7590277777777777,23.983158883608557
114,0179,1,1,"[29.544884839860597, -81.60430665594181]","[np.float64(29.7478931171751), np.float64(-80.98193319510803)]",2025-12-20 15:44:20,927.8929809486823,1,5.319718495885655,64.24203747359401,5.288671478992598,31.925181859947944,20.188019994719667,4,4,3,873,6,0.7590277777777777,23.983158883608557
114,0179,1,1,"[29.544884839860597, -81.60430665594181]","[np.float64(29.7478931171751), np.float64(-80.98193319510803)]",2025-12-20 15:44:20,927.8929809486823,1,5.319718495885655,64.24203747359401,5.288671478992598,31.925181859947944,20.188019994719667,4,4,3,873,6,0.7590277777777777,23.983158883608557
115,0184,2,1,"[29.544884839860597, -81.60430665594181]","[np.float64(27.32515845053345), np.float64(-80.26028845491872)]",2025-12-20 15:44:20,330.5918992225013,1,6.925575150920803,279.6211579015097,21.945113395901583,34.374542337827876,16.06807868739868,4,4,3,1496,4,0.7590277777777777,13.790995354065345
115,0184,2,1,"[29.544884839860597, -81.60430665594181]","[np.float64(27.32515845053345), np.float64(-80.26028845491872)]",2025-12-20 15:44:20,330.5918992225013,1,6.925575150920803,279.6211579015097,21.945113395901583,34.374542337827876,16.06807868739868,4,4,3,1496,4,0.7590277777777777,13.790995354065345
116,0179,1,1,"[28.944880042031656, -81.75937927085778]","[np.float64(29.7478931171751), np.float64(-80.98193319510803)]",2025-12-20 15:44:30,927.8929809486823,1,5.319718495885655,116.83751258094325,9.556347457426632,31.94126354034874,22.188019994719667,4,4,3,873,6,0.759375,16.113019994719668
116,0179,1,1,"[28.944880042031656, -81.75937927085778]","[np.float64(29.7478931171751), np.float64(-80.98193319510803)]",2025-12-20 15:44:30,927.8929809486823,1,5.319718495885655,116.83751258094325,9.556347457426632,31.94126354034874,22.188019994719667,4,4,3,873,6,0.759375,16.113019994719668
116,0179,1,1,"[28.944880042031656, -81.75937927085778]","[np.float64(29.7478931171751), np.float64(-80.98193319510803)]",2025-12-20 15:44:30,927.8929809486823,1,5.319718495885655,116.83751258094325,9.556347457426632,31.94126354034874,22.188019994719667,4,4,3,873,6,0.759375,16.113019994719668
116,0179,1,1,"[28.944880042031656, -81.75937927085778]","[np.float64(29.7478931171751), np.float64(-80.98193319510803)]",2025-12-20 15:44:30,927.8929809486823,1,5.319718495885655,116.83751258094325,9.556347457426632,31.94126354034874,22.188019994719667,4,4,3,873,6,0.759375,16.113019994719668
117,0184,2,1,"[28.944880042031656, -81.75937927085778]","[np.float64(27.32515845053345), np.float64(-80.26028845491872)]",2025-12-20 15:44:30,330.5918992225013,1,6.925575150920803,232.47029779375094,18.519387000339503,34.39099284844385,13.068078687398678,4,4,3,1496,4,0.759375,5.474328687398678
117,0184,2,1,"[28.944880042031656, -81.75937927085778]","[np.float64(27.32515845053345), np.float64(-80.26028845491872)]",2025-12-20 15:44:30,330.5918992225013,1,6.925575150920803,232.47029779375094,18.519387000339503,34.39099284844385,13.068078687398678,4,4,3,1496,4,0.759375,5.474328687398678
117,0184,2,1,"[28.944880042031656, -81.75937927085778]","[np.float64(27.32515845053345), np.float64(-80.26028845491872)]",2025-12-20 15:44:30,330.5918992225013,1,6.925575150920803,232.47029779375094,18.519387000339503,34.39099284844385,13.068078687398678,4,4,3,1496,4,0.759375,5.474328687398678
117,0184,2,1,"[28.944880042031656, -81.75937927085778]","[np.float64(27.32515845053345), np.float64(-80.26028845491872)]",2025-12-20 15:44:30,330.5918992225013,1,6.925575150920803,232.47029779375094,18.519387000339503,34.39099284844385,13.068078687398678,4,4,3,1496,4,0.759375,5.474328687398678
118,0179,1,1,"[28.344791574385383, -81.91314731964228]","[np.float64(29.7478931171751), np.float64(-80.98193319510803)]",2025-12-20 15:44:40,927.8929809486823,1,5.319718495885655,180.3752148329521,14.56920617120292,31.95732131508744,18.188019994719667,4,4,3,873,6,0.7597222222222222,20.467186661386336
118,0179,1,1,"[28.344791574385383, -81.91314731964228]","[np.float64(29.7478931171751), np.float64(-80.98193319510803)]",2025-12-20 15:44:40,927.8929809486823,1,5.319718495885655,180.3752148329521,14.56920617120292,31.95732131508744,18.188019994719667,4,4,3,873,6,0.7597222222222222,20.467186661386336
118,0179,1,1,"[28.344791574385383, -81.91314731964228]","[np.float64(29.7478931171751), np.float64(-80.98193319510803)]",2025-12-20 15:44:40,927.8929809486823,1,5.319718495885655,180.3752148329521,14.56920617120292,31.95732131508744,18.188019994719667,4,4,3,873,6,0.7597222222222222,20.467186661386336
118,0179,1,1,"[28.344791574385383, -81.91314731964228]","[np.float64(29.7478931171751), np.float64(-80.98193319510803)]",2025-12-20 15:44:40,927.8929809486823,1,5.319718495885655,180.3752148329521,14.56920617120292,31.95732131508744,18.188019994719667,4,4,3,873,6,0.7597222222222222,20.467186661386336
119,0184,2,1,"[28.344791574385383, -81.91314731964228]","[np.float64(27.32515845053345), np.float64(-80.26028845491872)]",2025-12-20 15:44:40,330.5918992225013,1,6.925575150920803,198.15947176113394,15.935759609894172,34.407419453397736,18.06807868739868,4,4,3,1496,4,0.7597222222222222,14.269467576287568
119,0184,2,1,"[28.344791574385383, -81.91314731964228]","[np.float64(27.32515845053345), np.float64(-80.26028845491872)]",2025-12-20 15:44:40,330.5918992225013,1,6.925575150920803,198.15947176113394,15.935759609894172,34.407419453397736,18.06807868739868,4,4,3,1496,4,0.7597222222222222,14.269467576287568
119,0184,2,1,"[28.344791574385383, -81.91314731964228]","[np.float64(27.32515845053345), np.float64(-80.26028845491872)]",2025-12-20 15:44:40,330.5918992225013,1,6.925575150920803,198.15947176113394,15.935759609894172,34.407419453397736,18.06807868739868,4,4,3,1496,4,0.7597222222222222,14.269467576287568
119,0184,2,1,"[28.344791574385383, -81.91314731964228]","[np.float64(27.32515845053345), np.float64(-80.26028845491872)]",2025-12-20 15:44:40,330.5918992225013,1,6.925575150920803,198.15947176113394,15.935759609894172,34.407419453397736,18.06807868739868,4,4,3,1496,4,0.7597222222222222,14.269467576287568
120,0179,1,1,"[27.744622852016363, -82.06565178343033]","[np.float64(29.7478931171751), np.float64(-80.98193319510803)]",2025-12-20 15:44:50,927.8929809486823,1,5.319718495885655,246.53514593298064,19.556969713648318,31.973355184164046,18.188019994719667,4,4,3,873,6,0.7600694444444445,15.907811661386333
120,0179,1,1,"[27.744622852016363, -82.06565178343033]","[np.float64(29.7478931171751), np.float64(-80.98193319510803)]",2025-12-20 15:44:50,927.8929809486823,1,5.319718495885655,246.53514593298064,19.556969713648318,31.973355184164046,18.188019994719667,4,4,3,873,6,0.7600694444444445,15.907811661386333
121,0184,2,1,"[27.744622852016363, -82.06565178343033]","[np.float64(27.32515845053345), np.float64(-80.26028845491872)]",2025-12-20 15:44:50,330.5918992225013,1,6.925575150920803,184.01578610887262,14.850387248809708,34.423818737594935,14.068078687398678,4,4,3,1496,4,0.7600694444444445,6.467384242954234
121,0184,2,1,"[27.744622852016363, -82.06565178343033]","[np.float64(27.32515845053345), np.float64(-80.26028845491872)]",2025-12-20 15:44:50,330.5918992225013,1,6.925575150920803,184.01578610887262,14.850387248809708,34.423818737594935,14.068078687398678,4,4,3,1496,4,0.7600694444444445,6.467384242954234
121,0184,2,1,"[27.744622852016363, -82.06565178343033]","[np.float64(27.32515845053345), np.float64(-80.26028845491872)]",2025-12-20 15:44:50,330.5918992225013,1,6.925575150920803,184.01578610887262,14.850387248809708,34.423818737594935,14.068078687398678,4,4,3,1496,4,0.7600694444444445,6.467384242954234
121,0184,2,1,"[27.744622852016363, -82.06565178343033]","[np.float64(27.32515845053345), np.float64(-80.26028845491872)]",2025-12-20 15:44:50,330.5918992225013,1,6.925575150920803,184.01578610887262,14.850387248809708,34.423818737594935,14.068078687398678,4,4,3,1496,4,0.7600694444444445,6.467384242954234
122,0179,1,1,"[27.14437729001918, -82.2169404735461]","[np.float64(29.7478931171751), np.float64(-80.98193319510803)]",2025-12-20 15:45:00,927.8929809486823,1,5.319718495885655,313.6623807561353,24.321212094509356,31.989365147578553,16.188019994719667,4,4,3,873,6,0.7604166666666666,11.625519994719667
122,0179,1,1,"[27.14437729001918, -82.2169404735461]","[np.float64(29.7478931171751), np.float64(-80.98193319510803)]",2025-12-20 15:45:00,927.8929809486823,1,5.319718495885655,313.6623807561353,24.321212094509356,31.989365147578553,16.188019994719667,4,4,3,873,6,0.7604166666666666,11.625519994719667
123,0184,2,1,"[27.14437729001918, -82.2169404735461]","[np.float64(27.32515845053345), np.float64(-80.26028845491872)]",2025-12-20 15:45:00,330.5918992225013,1,6.925575150920803,194.48953490794042,15.65522466922819,34.44019753122463,15.068078687398678,4,4,3,1496,4,0.7604166666666666,9.745162020732012
123,0184,2,1,"[27.14437729001918, -82.2169404735461]","[np.float64(27.32515845053345), np.float64(-80.26028845491872)]",2025-12-20 15:45:00,330.5918992225013,1,6.925575150920803,194.48953490794042,15.65522466922819,34.44019753122463,15.068078687398678,4,4,3,1496,4,0.7604166666666666,9.745162020732012
123,0184,2,1,"[27.14437729001918, -82.2169404735461]","[np.float64(27.32515845053345), np.float64(-80.26028845491872)]",2025-12-20 15:45:00,330.5918992225013,1,6.925575150920803,194.48953490794042,15.65522466922819,34.44019753122463,15.068078687398678,4,4,3,1496,4,0.7604166666666666,9.745162020732012
123,0184,2,1,"[27.14437729001918, -82.2169404735461]","[np.float64(27.32515845053345), np.float64(-80.26028845491872)]",2025-12-20 15:45:00,330.5918992225013,1,6.925575150920803,194.48953490794042,15.65522466922819,34.44019753122463,15.068078687398678,4,4,3,1496,4,0.7604166666666666,9.745162020732012
124,0179,1,1,"[26.54406001103571, -82.36705437112465]","[np.float64(29.7478931171751), np.float64(-80.98193319510803)]",2025-12-20 15:45:10,927.8929809486823,1,5.319718495885655,381.24595661475,28.78200632307311,32.00535462042556,18.188019994719667,4,4,3,873,6,0.7607638888888889,22.752603328053
124,0179,1,1,"[26.54406001103571, -82.36705437112465]","[np.float64(29.7478931171751), np.float64(-80.98193319510803)]",2025-12-20 15:45:10,927.8929809486823,1,5.319718495885655,381.24595661475,28.78200632307311,32.00535462042556,18.188019994719667,4,4,3,873,6,0.7607638888888889,22.752603328053
125,0184,2,1,"[26.54406001103571, -82.36705437112465]","[np.float64(27.32515845053345), np.float64(-80.26028845491872)]",2025-12-20 15:45:10,330.5918992225013,1,6.925575150920803,226.18549783705274,18.05160244971468,34.45654900409764,13.068078687398678,4,4,3,1496,4,0.7607638888888889,13.828842576287567
125,0184,2,1,"[26.54406001103571, -82.36705437112465]","[np.float64(27.32515845053345), np.float64(-80.26028845491872)]",2025-12-20 15:45:10,330.5918992225013,1,6.925575150920803,226.18549783705274,18.05160244971468,34.45654900409764,13.068078687398678,4,4,3,1496,4,0.7607638888888889,13.828842576287567
125,0184,2,1,"[26.54406001103571, -82.36705437112465]","[np.float64(27.32515845053345), np.float64(-80.26028845491872)]",2025-12-20 15:45:10,330.5918992225013,1,6.925575150920803,226.18549783705274,18.05160244971468,34.45654900409764,13.068078687398678,4,4,3,1496,4,0.7607638888888889,13.828842576287567
125,0184,2,1,"[26.54406001103571, -82.36705437112465]","[np.float64(27.32515845053345), np.float64(-80.26028845491872)]",2025-12-20 15:45:10,330.5918992225013,1,6.925575150920803,226.18549783705274,18.05160244971468,34.45654900409764,13.068078687398678,4,4,3,1496,4,0.7607638888888889,13.828842576287567
126,0184,2,1,"[25.94367272261325, -82.51603445730096]","[np.float64(27.32515845053345), np.float64(-80.26028845491872)]",2025-12-20 15:45:20,330.5918992225013,1,6.925575150920803,271.77659526621113,21.385754523645975,34.472879986403136,17.06807868739868,4,4,3,1496,4,0.7611111111111111,13.262523131843123
126,0184,2,1,"[25.94367272261325, -82.51603445730096]","[np.float64(27.32515845053345), np.float64(-80.26028845491872)]",2025-12-20 15:45:20,330.5918992225013,1,6.925575150920803,271.77659526621113,21.385754523645975,34.472879986403136,17.06807868739868,4,4,3,1496,4,0.7611111111111111,13.262523131843123
127,0184,2,1,"[25.343218839846383, -82.66392854339925]","[np.float64(27.32515845053345), np.float64(-80.26028845491872)]",2025-12-20 15:45:30,330.5918992225013,1,6.925575150920803,325.47511901030185,25.125840971622928,34.489183647951954,15.068078687398678,4,4,3,1496,4,0.7614583333333333,13.545162020732011
127,0184,2,1,"[25.343218839846383, -82.66392854339925]","[np.float64(27.32515845053345), np.float64(-80.26028845491872)]",2025-12-20 15:45:30,330.5918992225013,1,6.925575150920803,325.47511901030185,25.125840971622928,34.489183647951954,15.068078687398678,4,4,3,1496,4,0.7614583333333333,13.545162020732011
128,0184,2,1,"[24.7427000702824, -82.81077078036536]","[np.float64(27.32515845053345), np.float64(-80.26028845491872)]",2025-12-20 15:45:40,330.5918992225013,1,6.925575150920803,383.8931686691659,28.949621869073304,34.50546340383868,17.06807868739868,4,4,3,1496,4,0.7618055555555555,21.63891202073201
128,0184,2,1,"[24.7427000702824, -82.81077078036536]","[np.float64(27.32515845053345), np.float64(-80.26028845491872)]",2025-12-20 15:45:40,330.5918992225013,1,6.925575150920803,383.8931686691659,28.949621869073304,34.50546340383868,17.06807868739868,4,4,3,1496,4,0.7618055555555555,21.63891202073201
129,0137,0,1,"[13.925348698686976, -85.31277835636774]","[np.float64(13.06524529227469), np.float64(-88.86347709068579)]",2025-12-20 15:48:40,165.68578471697504,1,7.567469540578493,395.64475192501254,29.68717491688277,42.476417108648626,15.442618806246042,2,2,2,876,5,0.7680555555555556,9.298174361801596
130,0137,0,1,"[13.324079462087937, -85.44580995083209]","[np.float64(13.06524529227469), np.float64(-88.86347709068579)]",2025-12-20 15:48:50,165.68578471697504,1,7.567469540578493,371.10961946210404,28.13520189984584,42.50248452561598,11.442618806246042,2,2,2,876,5,0.7684027777777778,18.358243806246044
131,0077,0,1,"[12.722791442468681, -85.57838392262204]","[np.float64(9.278166332601291), np.float64(-84.83392999348334)]",2025-12-20 15:49:00,318.9668679633517,1,2.9322194847258096,391.5471624649627,29.431212959971486,47.958617219540585,13.817158925093404,4,4,3,1335,13,0.76875,6.129658925093404
132,0137,0,1,"[12.722791442468681, -85.57838392262204]","[np.float64(13.06524529227469), np.float64(-88.86347709068579)]",2025-12-20 15:49:00,165.68578471697504,1,7.567469540578493,358.10264007993175,27.29364537783476,42.52853145201582,13.442618806246042,2,2,2,876,5,0.76875,18.823868806246043
133,0077,0,1,"[12.1214863473765, -85.71052759249427]","[np.float64(9.278166332601291), np.float64(-84.83392999348334)]",2025-12-20 15:49:10,318.9668679633517,1,2.9322194847258096,330.34924699756976,25.454801367283594,47.98417578741477,17.817158925093402,4,4,3,1335,13,0.7690972222222222,17.04806170287118
134,0137,0,1,"[12.1214863473765, -85.71052759249427]","[np.float64(13.06524529227469), np.float64(-88.86347709068579)]",2025-12-20 15:49:10,165.68578471697504,1,7.567469540578493,357.8830698215914,27.2793277246384,42.554557887848155,16.442618806246042,2,2,2,876,5,0.7690972222222222,10.289841028468263
135,0077,0,1,"[11.52016503058504, -85.8422614510163]","[np.float64(9.278166332601291), np.float64(-84.83392999348334)]",2025-12-20 15:49:20,318.9668679633517,1,2.9322194847258096,272.5986497898424,21.444574525819547,48.00971386472145,16.817158925093402,4,4,3,1335,13,0.7694444444444445,19.125492258426736
136,0137,0,1,"[11.52016503058504, -85.8422614510163]","[np.float64(13.06524529227469), np.float64(-88.86347709068579)]",2025-12-20 15:49:20,165.68578471697504,1,7.567469540578493,370.474435002805,28.09440706143131,42.580567248207565,18.442618806246042,2,2,2,876,5,0.7694444444444445,23.82872991735715
137,0077,0,1,"[10.91883005341524, -85.97361281894482]","[np.float64(9.278166332601291), np.float64(-84.83392999348334)]",2025-12-20 15:49:30,318.9668679633517,1,2.9322194847258096,221.01335950952006,17.664755293478617,48.03522803636603,14.817158925093404,4,4,3,1335,13,0.7697916666666667,7.889033925093404
138,0137,0,1,"[10.91883005341524, -85.97361281894482]","[np.float64(13.06524529227469), np.float64(-88.86347709068579)]",2025-12-20 15:49:30,165.68578471697504,1,7.567469540578493,394.65243680725507,29.625307512620775,42.60655270290488,20.442618806246042,2,2,2,876,5,0.7697916666666667,13.514493806246042
139,0077,0,1,"[10.317483123414393, -86.10459535665815]","[np.float64(9.278166332601291), np.float64(-84.83392999348334)]",2025-12-20 15:49:40,318.9668679633517,1,2.9322194847258096,180.94296582349048,14.613104265357032,48.06071830234852,18.817158925093402,4,4,3,1335,13,0.7701388888888889,23.437992258426736
140,0077,0,1,"[9.716125094356144, -86.235236384913]","[np.float64(9.278166332601291), np.float64(-84.83392999348334)]",2025-12-20 15:49:50,318.9668679633517,1,2.9322194847258096,161.2135131997105,13.07765036409698,48.08618124757432,16.817158925093402,4,4,3,1335,13,0.7704861111111111,9.112297813982291
141,0077,0,1,"[9.114758527561433, -86.36555639427684]","[np.float64(9.278166332601291), np.float64(-84.83392999348334)]",2025-12-20 15:50:00,318.9668679633517,1,2.9322194847258096,169.09905290856707,13.693772553771494,48.11162370223262,17.817158925093402,4,4,3,1335,13,0.7708333333333334,17.817158925093402
142,0077,0,1,"[8.51338513057755, -86.49556904512802]","[np.float64(9.278166332601291), np.float64(-84.83392999348334)]",2025-12-20 15:50:10,318.9668679633517,1,2.9322194847258096,201.37865387931183,16.18119459283095,48.13703883613424,14.817158925093404,4,4,3,1335,13,0.7711805555555555,18.67306170287118
143,0077,0,1,"[7.912004903404499, -86.6253153186016]","[np.float64(9.278166332601291), np.float64(-84.83392999348334)]",2025-12-20 15:50:20,318.9668679633517,1,2.9322194847258096,248.72970804313852,19.71768741486442,48.16243347946835,15.817158925093404,4,4,3,1335,13,0.7715277777777778,15.045631147315627
144,0077,0,1,"[7.310621261136863, -86.75479521469752]","[np.float64(9.278166332601291), np.float64(-84.83392999348334)]",2025-12-20 15:50:30,318.9668679633517,1,2.9322194847258096,304.190935798867,23.668582631178595,48.18780080204577,15.817158925093404,4,4,3,1335,13,0.771875,9.642158925093405
145,0077,0,1,"[6.709234630661465, -86.8840360541725]","[np.float64(9.278166332601291), np.float64(-84.83392999348334)]",2025-12-20 15:50:40,318.9668679633517,1,2.9322194847258096,364.07391527280873,27.68160161198442,48.213147634055694,10.817158925093404,4,4,3,1335,13,0.7722222222222223,12.361603369537848
146,0038,0,1,"[43.14771542103416, -102.29125576499628]","[np.float64(40.33709396384561), np.float64(-104.2016485672987)]",2025-12-20 17:19:20,419.64903174322717,1,7.676093631610172,350.396562735761,26.78894453170961,22.517187089618588,25.809800826651205,1,1,1,1110,9,0.9569444444444445,21.982023048873426
147,0038,0,1,"[42.55090032154761, -102.49361377953625]","[np.float64(40.33709396384561), np.float64(-104.2016485672987)]",2025-12-20 17:19:30,419.64903174322717,1,7.676093631610172,284.3529310543046,22.280406283845178,22.52988270373835,24.809800826651205,1,1,1,1110,9,0.9572916666666667,18.108759159984537
148,0069,0,1,"[42.55090032154761, -102.49361377953625]","[np.float64(39.80394266104254), np.float64(-105.3320988949999)]",2025-12-20 17:19:30,470.4028509127045,1,7.730386383523442,386.9034580265091,29.139569581195097,22.661761703780247,22.184340945498565,1,1,1,1139,14,0.9572916666666667,12.6114242788319
149,0038,0,1,"[41.9538734861968, -102.69292552970639]","[np.float64(40.33709396384561), np.float64(-104.2016485672987)]",2025-12-20 17:19:40,419.64903174322717,1,7.676093631610172,219.71808116941648,17.567613117827445,22.542561242385183,23.809800826651205,1,1,1,1110,9,0.9576388888888889,26.682717493317874
150,0069,0,1,"[41.9538734861968, -102.69292552970639]","[np.float64(39.80394266104254), np.float64(-105.3320988949999)]",2025-12-20 17:19:40,470.4028509127045,1,7.730386383523442,326.13086471137876,25.170201845304092,22.675121553796792,21.184340945498565,1,1,1,1139,14,0.9576388888888889,25.01489650105412
151,0038,0,1,"[41.35664174517088, -102.88930712872259]","[np.float64(40.33709396384561), np.float64(-104.2016485672987)]",2025-12-20 17:19:50,419.64903174322717,1,7.676093631610172,158.22931965896927,12.843672495947612,22.555217582917216,17.809800826651205,1,1,1,1110,9,0.9579861111111111,9.187925826651206
152,0069,0,1,"[41.35664174517088, -102.88930712872259]","[np.float64(39.80394266104254), np.float64(-105.3320988949999)]",2025-12-20 17:19:50,470.4028509127045,1,7.730386383523442,268.99270968522836,21.18620957376082,22.688462620793118,25.184340945498565,1,1,1,1139,14,0.9579861111111111,32.84822983438745
153,0038,0,1,"[40.759215343753624, -103.08287468980075]","[np.float64(40.33709396384561), np.float64(-104.2016485672987)]",2025-12-20 17:20:00,419.64903174322717,1,7.676093631610172,105.53905177364982,8.646922127053779,22.56785514042903,24.809800826651205,1,1,1,1110,9,0.9583333333333334,30.559800826651205
154,0069,0,1,"[40.759215343753624, -103.08287468980075]","[np.float64(39.80394266104254), np.float64(-105.3320988949999)]",2025-12-20 17:20:00,470.4028509127045,1,7.730386383523442,218.36222614509265,17.465816033817088,22.701783197221935,22.184340945498565,1,1,1,1139,14,0.9583333333333334,21.226007612165233
155,0038,0,1,"[40.16160452722877, -103.27373749596758]","[np.float64(40.33709396384561), np.float64(-104.2016485672987)]",2025-12-20 17:20:10,419.64903174322717,1,7.676093631610172,81.13160998257212,6.6678593333196226,22.58047220737334,21.809800826651205,1,1,1,1110,9,0.9586805555555555,25.644523048873427
156,0069,0,1,"[40.16160452722877, -103.27373749596758]","[np.float64(39.80394266104254), np.float64(-105.3320988949999)]",2025-12-20 17:20:10,470.4028509127045,1,7.730386383523442,179.82440109601515,14.526600937698364,22.715083283083242,24.184340945498565,1,1,1,1139,14,0.9586805555555555,24.184340945498565
157,0038,0,1,"[39.56381271069092, -103.46199116987148]","[np.float64(40.33709396384561), np.float64(-104.2016485672987)]",2025-12-20 17:20:20,419.64903174322717,1,7.676093631610172,106.6232799026982,8.734390969773992,22.59307049129743,20.809800826651205,1,1,1,1110,9,0.9590277777777778,11.219523048873427
158,0069,0,1,"[39.56381271069092, -103.46199116987148]","[np.float64(39.80394266104254), np.float64(-105.3320988949999)]",2025-12-20 17:20:20,470.4028509127045,1,7.730386383523442,162.24058595004811,13.158076592839405,22.728364585924332,26.184340945498565,1,1,1,1139,14,0.9590277777777778,27.143368723276343
159,0038,0,1,"[38.965846724329225, -103.64773133416081]","[np.float64(40.33709396384561), np.float64(-104.2016485672987)]",2025-12-20 17:20:30,419.64903174322717,1,7.676093631610172,159.67938353244602,12.957420738242226,22.605648284654006,20.809800826651205,1,1,1,1110,9,0.959375,16.972300826651207
160,0069,0,1,"[38.965846724329225, -103.64773133416081]","[np.float64(39.80394266104254), np.float64(-105.3320988949999)]",2025-12-20 17:20:30,470.4028509127045,1,7.730386383523442,172.1577005045161,13.93189625354029,22.741627105745206,22.184340945498565,1,1,1,1139,14,0.959375,17.387465945498565
161,0038,0,1,"[38.36772022852204, -103.83106727186228]","[np.float64(40.33709396384561), np.float64(-104.2016485672987)]",2025-12-20 17:20:40,419.64903174322717,1,7.676093631610172,221.29002534453525,17.68549087245446,22.618207294990366,19.809800826651205,1,1,1,1110,9,0.9597222222222223,23.648689715540094
162,0069,0,1,"[38.36772022852204, -103.83106727186228]","[np.float64(39.80394266104254), np.float64(-105.3320988949999)]",2025-12-20 17:20:40,470.4028509127045,1,7.730386383523442,205.63456197271256,16.504735724947476,22.754869134998568,21.184340945498565,1,1,1,1139,14,0.9597222222222223,18.3051742788319
163,0038,0,1,"[37.76943322326935, -104.01206728486763]","[np.float64(40.33709396384561), np.float64(-104.2016485672987)]",2025-12-20 17:20:50,419.64903174322717,1,7.676093631610172,285.9799422134748,22.395326964670428,22.63074581475922,19.809800826651205,1,1,1,1110,9,0.9600694444444444,24.610148048873427
164,0069,0,1,"[37.76943322326935, -104.01206728486763]","[np.float64(39.80394266104254), np.float64(-105.3320988949999)]",2025-12-20 17:20:50,470.4028509127045,1,7.730386383523442,253.50545188864,20.06632009677892,22.768092381231714,20.184340945498565,1,1,1,1139,14,0.9600694444444444,19.224271501054123
165,0038,0,1,"[37.170992538760345, -104.19083382601437]","[np.float64(40.33709396384561), np.float64(-104.2016485672987)]",2025-12-20 17:21:00,419.64903174322717,1,7.676093631610172,352.05616114144937,26.898021387037222,22.643263843960558,18.809800826651205,1,1,1,1110,9,0.9604166666666667,24.572300826651205
166,0069,0,1,"[37.170992538760345, -104.19083382601437]","[np.float64(39.80394266104254), np.float64(-105.3320988949999)]",2025-12-20 17:21:00,470.4028509127045,1,7.730386383523442,309.1548829475847,24.01144857485974,22.781295136897345,26.184340945498565,1,1,1,1139,14,0.9604166666666667,33.8676742788319
167,0069,0,1,"[36.57240842027877, -104.36744885757255]","[np.float64(39.80394266104254), np.float64(-105.3320988949999)]",2025-12-20 17:21:10,470.4028509127045,1,7.730386383523442,369.0812610504247,28.004821532886197,22.794477401995472,28.184340945498565,1,1,1,1139,14,0.9607638888888889,22.41975761216523
168,0071,0,1,"[34.77583302703905, -104.88510206457866]","[np.float64(32.26335503153177), np.float64(-102.2535479307044)]",2025-12-20 17:21:40,49.704124408816234,1,4.250646219909894,370.861539682124,28.119272624341164,30.729601641966816,28.060720588956478,4,4,3,631,11,0.9618055555555556,26.137109477845367
169,0071,0,1,"[34.1767195688968, -105.05384188802383]","[np.float64(32.26335503153177), np.float64(-102.2535479307044)]",2025-12-20 17:21:50,49.704124408816234,1,4.250646219909894,336.30726682954486,25.85448516066262,30.74322103917182,23.060720588956478,4,4,3,631,11,0.9621527777777777,13.439192811178701
170,0071,0,1,"[33.57748658244407, -105.22078537171727]","[np.float64(32.26335503153177), np.float64(-102.2535479307044)]",2025-12-20 17:22:00,49.704124408816234,1,4.250646219909894,313.1259813810251,24.28442857624453,30.756813115620147,28.060720588956478,4,4,3,631,11,0.9625,18.435720588956478
171,0071,0,1,"[32.978140897870034, -105.38599398736154]","[np.float64(32.26335503153177), np.float64(-102.2535479307044)]",2025-12-20 17:22:10,49.704124408816234,1,4.250646219909894,303.9304491419466,23.65054047532931,30.770384701500962,20.060720588956478,4,4,3,631,11,0.9628472222222222,24.87495670006759
172,0071,0,1,"[32.378682515174695, -105.5495428670375]","[np.float64(32.26335503153177), np.float64(-102.2535479307044)]",2025-12-20 17:22:20,49.704124408816234,1,4.250646219909894,309.9683321783144,24.067461381495548,30.783932381719683,27.060720588956478,4,4,3,631,11,0.9631944444444445,24.171137255623144
173,0071,0,1,"[31.779121679641808, -105.71147982206932]","[np.float64(32.26335503153177), np.float64(-102.2535479307044)]",2025-12-20 17:22:30,49.704124408816234,1,4.250646219909894,330.40408430275016,25.4584922388879,30.797456156276308,23.060720588956478,4,4,3,631,11,0.9635416666666666,13.425303922289812
174,0071,0,1,"[31.179458391271368, -105.87186632415957]","[np.float64(32.26335503153177), np.float64(-102.2535479307044)]",2025-12-20 17:22:40,49.704124408816234,1,4.250646219909894,362.81264608694164,27.59988419459993,30.81095602517084,25.060720588956478,4,4,3,631,11,0.9638888888888889,19.277387255623147
175,0071,0,1,"[30.579696065157965, -106.03075018463241]","[np.float64(32.26335503153177), np.float64(-102.2535479307044)]",2025-12-20 17:22:50,49.704124408816234,1,4.250646219909894,404.3241409307384,30.22506178864141,30.824431988403276,24.060720588956478,4,4,3,631,11,0.9642361111111111,16.34683170006759
176,0053,0,1,"[29.97984494658535, -106.18819970537953]","[np.float64(26.87769369263977), np.float64(-105.8612376757188)]",2025-12-20 17:23:00,898.8383248360243,2,6.271612518163372,346.42185342695655,26.52685360293842,34.3920754334273,22.188019994719667,3,3,3,1312,13,0.9645833333333333,27.010936661386335
177,007,0,1,"[29.379901620458938, -106.34424903734681]","[np.float64(27.09116414667865), np.float64(-109.4127318698908)]",2025-12-20 17:23:10,204.7583549914579,1,3.597522112006194,393.82994961096796,29.573970633139616,32.681625310526854,10.442618806246042,2,2,2,1416,11,0.9649305555555555,4.653035472912709
178,0053,0,1,"[29.379901620458938, -106.34424903734681]","[np.float64(26.87769369263977), np.float64(-105.8612376757188)]",2025-12-20 17:23:10,898.8383248360243,2,6.271612518163372,282.23483269245116,22.130515234465957,34.40921237805486,18.188019994719667,3,3,3,1312,13,0.9649305555555555,21.082811661386334
179,007,0,1,"[28.779872916967904, -106.49895965223678]","[np.float64(27.09116414667865), np.float64(-109.4127318698908)]",2025-12-20 17:23:20,204.7583549914579,1,3.597522112006194,342.31622720073767,26.254867653819513,32.70061323641949,12.442618806246042,2,2,2,1416,11,0.9652777777777778,16.303729917357153
180,0053,0,1,"[28.779872916967904, -106.49895965223678]","[np.float64(26.87769369263977), np.float64(-105.8612376757188)]",2025-12-20 17:23:20,898.8383248360243,2,6.271612518163372,220.61201280760451,17.634666623323767,34.42632883211491,13.188019994719667,3,3,3,1312,13,0.9652777777777778,16.083853328053
181,007,0,1,"[28.179762251206828, -106.65237253118444]","[np.float64(27.09116414667865), np.float64(-109.4127318698908)]",2025-12-20 17:23:30,204.7583549914579,1,3.597522112006194,297.6351242339087,23.21299558916806,32.719577256650034,11.442618806246042,2,2,2,1416,11,0.965625,5.648868806246043
182,0053,0,1,"[28.179762251206828, -106.65237253118444]","[np.float64(26.87769369263977), np.float64(-105.8612376757188)]",2025-12-20 17:23:30,898.8383248360243,2,6.271612518163372,164.4609332222603,13.33176306165112,34.44342138051287,22.188019994719667,3,3,3,1312,13,0.965625,27.016144994719667
183,007,0,1,"[27.579573038270297, -106.80454231570315]","[np.float64(27.09116414667865), np.float64(-109.4127318698908)]",2025-12-20 17:23:40,204.7583549914579,1,3.597522112006194,263.28862568682604,20.775664591032616,32.73852078631306,12.442618806246042,2,2,2,1416,11,0.9659722222222222,8.578729917357153
184,0053,0,1,"[27.579573038270297, -106.80454231570315]","[np.float64(26.87769369263977), np.float64(-105.8612376757188)]",2025-12-20 17:23:40,898.8383248360243,2,6.271612518163372,121.613011870289,9.939303137625815,34.46048660815415,16.188019994719667,3,3,3,1312,13,0.9659722222222222,6.528297772497446
185,007,0,1,"[26.979308693252896, -106.95550315673877]","[np.float64(27.09116414667865), np.float64(-109.4127318698908)]",2025-12-20 17:23:50,204.7583549914579,1,3.597522112006194,243.68863550946915,19.348029013216998,32.757443825408586,12.442618806246042,2,2,2,1416,11,0.9663194444444444,11.476299361801598
186,0053,0,1,"[26.979308693252896, -106.95550315673877]","[np.float64(26.87769369263977), np.float64(-105.8612376757188)]",2025-12-20 17:23:50,898.8383248360243,2,6.271612518163372,109.07027562325958,8.931648193733075,34.477531345227916,18.188019994719667,3,3,3,1312,13,0.9663194444444444,12.390103328053002
187,007,0,1,"[26.378970923701917, -107.10529603542632]","[np.float64(27.09116414667865), np.float64(-109.4127318698908)]",2025-12-20 17:24:00,204.7583549914579,1,3.597522112006194,242.43964917615955,19.256180872938785,32.77634295884201,11.442618806246042,2,2,2,1416,11,0.9666666666666667,2.7426188062460426
188,0053,0,1,"[26.378970923701917, -107.10529603542632]","[np.float64(26.87769369263977), np.float64(-105.8612376757188)]",2025-12-20 17:24:00,898.8383248360243,2,6.271612518163372,135.52474342166965,11.049696999736696,34.49455217663959,16.188019994719667,3,3,3,1312,13,0.9666666666666667,15.221353328053
189,007,0,1,"[25.77856655980653, -107.25397559327915]","[np.float64(27.09116414667865), np.float64(-109.4127318698908)]",2025-12-20 17:24:10,204.7583549914579,1,3.597522112006194,259.80606324068003,20.52390619575047,32.79522160170792,17.442618806246042,2,2,2,1416,11,0.9670138888888888,25.178729917357153
190,0053,0,1,"[25.77856655980653, -107.25397559327915]","[np.float64(26.87769369263977), np.float64(-105.8612376757188)]",2025-12-20 17:24:10,898.8383248360243,2,6.271612518163372,184.93699088407948,14.921421604700077,34.51154910238916,22.188019994719667,3,3,3,1312,13,0.9670138888888888,12.517881105830778
191,007,0,1,"[25.178093894019447, -107.40157598124313]","[np.float64(27.09116414667865), np.float64(-109.4127318698908)]",2025-12-20 17:24:20,204.7583549914579,1,3.597522112006194,292.49210996542456,22.853397754721787,32.81407633891175,15.442618806246042,2,2,2,1416,11,0.9673611111111111,9.638452139579375
192,0053,0,1,"[25.178093894019447, -107.40157598124313]","[np.float64(26.87769369263977), np.float64(-105.8612376757188)]",2025-12-20 17:24:20,898.8383248360243,2,6.271612518163372,243.7217389453106,19.35046197483563,34.52851870738206,16.188019994719667,3,3,3,1312,13,0.9673611111111111,21.024825550275224
193,007,0,1,"[24.57755975652983, -107.5481313502641]","[np.float64(27.09116414667865), np.float64(-109.4127318698908)]",2025-12-20 17:24:30,204.7583549914579,1,3.597522112006194,336.0577066587711,25.837797611955395,32.832910585548056,15.442618806246042,2,2,2,1416,11,0.9677083333333333,20.28116047291271
194,0053,0,1,"[24.57755975652983, -107.5481313502641]","[np.float64(26.87769369263977), np.float64(-105.8612376757188)]",2025-12-20 17:24:30,898.8383248360243,2,6.271612518163372,306.5325976056895,23.83055002272484,34.54546782180745,19.188019994719667,3,3,3,1312,13,0.9677083333333333,10.478644994719668
195,007,0,1,"[23.976964147337682, -107.69368951166624]","[np.float64(27.09116414667865), np.float64(-109.4127318698908)]",2025-12-20 17:24:40,204.7583549914579,1,3.597522112006194,386.8446728488932,29.135866962756666,32.85172434161685,8.442618806246042,2,2,2,1416,11,0.9680555555555556,17.155118806246044
196,0053,0,1,"[23.976964147337682, -107.69368951166624]","[np.float64(26.87769369263977), np.float64(-105.8612376757188)]",2025-12-20 17:24:40,898.8383248360243,2,6.271612518163372,371.3323893064115,28.149501982003372,34.56239303057074,20.188019994719667,3,3,3,1312,13,0.9680555555555556,21.156075550275222
