index,ID,satellite,time,score_scenario,selected
0,0668,0,2026-06-13 10:32:10,0.7655703289013296,0
1,0668,0,2026-06-13 10:32:20,0.7655703289013296,0
2,0668,0,2026-06-13 10:32:30,0.7655703289013296,0
3,0668,0,2026-06-13 10:32:40,0.7655703289013296,0
4,0668,0,2026-06-13 10:32:50,0.7655703289013296,0
5,0668,0,2026-06-13 10:33:00,0.7655703289013296,0
6,0668,0,2026-06-13 10:33:10,0.7655703289013296,1
7,0668,0,2026-06-13 10:33:20,0.7655703289013296,0
8,0668,0,2026-06-13 10:33:30,0.7655703289013296,0
9,0908,0,2026-06-13 10:33:30,0.3750874737578727,1
10,0668,0,2026-06-13 10:33:40,0.7655703289013296,0
11,0908,0,2026-06-13 10:33:40,0.3750874737578727,0
12,0094,0,2026-06-13 10:33:50,0.1375087473757873,0
13,0465,0,2026-06-13 10:33:50,0.1875437368789363,0
14,0668,0,2026-06-13 10:33:50,0.7655703289013296,0
15,0908,0,2026-06-13 10:33:50,0.3750874737578727,0
16,0094,0,2026-06-13 10:34:00,0.1375087473757873,1
17,0465,0,2026-06-13 10:34:00,0.1875437368789363,0
18,0668,0,2026-06-13 10:34:00,0.7655703289013296,0
19,0094,0,2026-06-13 10:34:10,0.1375087473757873,0
20,0459,0,2026-06-13 10:34:10,0.2722183344996501,0
21,0465,0,2026-06-13 10:34:10,0.1875437368789363,1
22,0094,0,2026-06-13 10:34:20,0.1375087473757873,0
23,0459,0,2026-06-13 10:34:20,0.2722183344996501,1
24,0465,0,2026-06-13 10:34:20,0.1875437368789363,0
25,0542,0,2026-06-13 10:34:20,0.3750874737578727,0
26,0094,0,2026-06-13 10:34:30,0.1375087473757873,0
27,0280,0,2026-06-13 10:34:30,0.1875437368789363,0
28,0459,0,2026-06-13 10:34:30,0.2722183344996501,0
29,0465,0,2026-06-13 10:34:30,0.1875437368789363,0
30,0542,0,2026-06-13 10:34:30,0.3750874737578727,1
31,0940,0,2026-06-13 10:34:30,0.9188243526941917,0
32,0094,0,2026-06-13 10:34:40,0.1375087473757873,0
33,0280,0,2026-06-13 10:34:40,0.1875437368789363,1
34,0459,0,2026-06-13 10:34:40,0.2722183344996501,0
35,0459,0,2026-06-13 10:34:40,0.2722183344996501,0
36,0465,0,2026-06-13 10:34:40,0.1875437368789363,0
37,0542,0,2026-06-13 10:34:40,0.3750874737578727,0
38,0940,0,2026-06-13 10:34:40,0.9188243526941917,0
39,0094,0,2026-06-13 10:34:50,0.1375087473757873,0
40,0280,0,2026-06-13 10:34:50,0.1875437368789363,0
41,0459,0,2026-06-13 10:34:50,0.2722183344996501,1
42,0459,0,2026-06-13 10:34:50,0.2722183344996501,0
43,0465,0,2026-06-13 10:34:50,0.1875437368789363,0
44,0542,0,2026-06-13 10:34:50,0.3750874737578727,0
45,0940,0,2026-06-13 10:34:50,0.9188243526941917,0
46,0094,0,2026-06-13 10:35:00,0.1375087473757873,0
47,0280,0,2026-06-13 10:35:00,0.1875437368789363,0
48,0280,0,2026-06-13 10:35:00,0.1875437368789363,0
49,0459,0,2026-06-13 10:35:00,0.2722183344996501,0
50,0459,0,2026-06-13 10:35:00,0.2722183344996501,0
51,0465,0,2026-06-13 10:35:00,0.1875437368789363,0
52,0542,0,2026-06-13 10:35:00,0.3750874737578727,0
53,0940,0,2026-06-13 10:35:00,0.9188243526941917,1
54,0094,0,2026-06-13 10:35:10,0.1375087473757873,0
55,0280,0,2026-06-13 10:35:10,0.1875437368789363,1
56,0280,0,2026-06-13 10:35:10,0.1875437368789363,0
57,0459,0,2026-06-13 10:35:10,0.2722183344996501,0
58,0459,0,2026-06-13 10:35:10,0.2722183344996501,0
59,0465,0,2026-06-13 10:35:10,0.1875437368789363,0
60,0542,0,2026-06-13 10:35:10,0.3750874737578727,0
61,0561,0,2026-06-13 10:35:10,0.8369489153254024,0
62,0853,0,2026-06-13 10:35:10,0.1375087473757873,0
63,0940,0,2026-06-13 10:35:10,0.9188243526941917,0
64,0094,0,2026-06-13 10:35:20,0.1375087473757873,0
65,0280,0,2026-06-13 10:35:20,0.1875437368789363,0
66,0280,0,2026-06-13 10:35:20,0.1875437368789363,0
67,0459,0,2026-06-13 10:35:20,0.2722183344996501,0
68,0459,0,2026-06-13 10:35:20,0.2722183344996501,0
69,0465,0,2026-06-13 10:35:20,0.1875437368789363,0
70,0542,0,2026-06-13 10:35:20,0.3750874737578727,0
71,0561,0,2026-06-13 10:35:20,0.8369489153254024,1
72,0853,0,2026-06-13 10:35:20,0.1375087473757873,0
73,0940,0,2026-06-13 10:35:20,0.9188243526941917,0
74,0280,0,2026-06-13 10:35:30,0.1875437368789363,0
75,0280,0,2026-06-13 10:35:30,0.1875437368789363,0
76,0459,0,2026-06-13 10:35:30,0.2722183344996501,0
77,0542,0,2026-06-13 10:35:30,0.3750874737578727,0
78,0561,0,2026-06-13 10:35:30,0.8369489153254024,0
79,0940,0,2026-06-13 10:35:30,0.9188243526941917,0
80,0280,0,2026-06-13 10:35:40,0.1875437368789363,0
81,0459,0,2026-06-13 10:35:40,0.2722183344996501,0
82,0542,0,2026-06-13 10:35:40,0.3750874737578727,1
83,0561,0,2026-06-13 10:35:40,0.8369489153254024,0
84,0940,0,2026-06-13 10:35:40,0.9188243526941917,0
85,0139,0,2026-06-13 10:35:50,0.2722183344996501,0
86,0280,0,2026-06-13 10:35:50,0.1875437368789363,0
87,0459,0,2026-06-13 10:35:50,0.2722183344996501,0
88,0561,0,2026-06-13 10:35:50,0.8369489153254024,0
89,0940,0,2026-06-13 10:35:50,0.9188243526941917,0
90,0139,0,2026-06-13 10:36:00,0.2722183344996501,0
91,0280,0,2026-06-13 10:36:00,0.1875437368789363,0
92,0561,0,2026-06-13 10:36:00,0.8369489153254024,0
93,0940,0,2026-06-13 10:36:00,0.9188243526941917,0
94,0139,0,2026-06-13 10:36:10,0.2722183344996501,0
95,0561,0,2026-06-13 10:36:10,0.8369489153254024,0
96,0940,0,2026-06-13 10:36:10,0.9188243526941917,0
97,0139,0,2026-06-13 10:36:20,0.2722183344996501,0
98,0561,0,2026-06-13 10:36:20,0.8369489153254024,0
99,0139,0,2026-06-13 10:36:30,0.2722183344996501,1
100,0139,0,2026-06-13 10:36:40,0.2722183344996501,0
101,0139,0,2026-06-13 10:36:50,0.2722183344996501,0
102,0139,0,2026-06-13 10:37:00,0.2722183344996501,0
103,0371,0,2026-06-13 10:37:00,0.9188243526941917,1
104,0139,0,2026-06-13 10:37:10,0.2722183344996501,0
105,0371,0,2026-06-13 10:37:10,0.9188243526941917,0
106,0139,0,2026-06-13 10:37:20,0.2722183344996501,0
107,0371,0,2026-06-13 10:37:20,0.9188243526941917,0
108,0864,0,2026-06-13 10:37:20,0.4688593421973408,1
109,0139,0,2026-06-13 10:37:30,0.2722183344996501,0
110,0371,0,2026-06-13 10:37:30,0.9188243526941917,0
111,0562,0,2026-06-13 10:37:30,0.0619314205738279,0
112,0692,0,2026-06-13 10:37:30,0.2722183344996501,0
113,0864,0,2026-06-13 10:37:30,0.4688593421973408,0
114,0139,0,2026-06-13 10:37:40,0.2722183344996501,0
115,0371,0,2026-06-13 10:37:40,0.9188243526941917,0
116,0562,0,2026-06-13 10:37:40,0.0619314205738279,0
117,0692,0,2026-06-13 10:37:40,0.2722183344996501,0
118,0864,0,2026-06-13 10:37:40,0.4688593421973408,0
119,0371,0,2026-06-13 10:37:50,0.9188243526941917,0
120,0536,0,2026-06-13 10:37:50,0.8369489153254024,1
121,0562,0,2026-06-13 10:37:50,0.0619314205738279,0
122,0692,0,2026-06-13 10:37:50,0.2722183344996501,0
123,0864,0,2026-06-13 10:37:50,0.4688593421973408,0
124,0371,0,2026-06-13 10:38:00,0.9188243526941917,0
125,0536,0,2026-06-13 10:38:00,0.8369489153254024,0
126,0562,0,2026-06-13 10:38:00,0.0619314205738279,0
127,0692,0,2026-06-13 10:38:00,0.2722183344996501,0
128,0692,0,2026-06-13 10:38:00,0.2722183344996501,0
129,0864,0,2026-06-13 10:38:00,0.4688593421973408,0
130,0371,0,2026-06-13 10:38:10,0.9188243526941917,0
131,0518,0,2026-06-13 10:38:10,0.6014695591322603,0
132,0536,0,2026-06-13 10:38:10,0.8369489153254024,0
133,0562,0,2026-06-13 10:38:10,0.0619314205738279,0
134,0692,0,2026-06-13 10:38:10,0.2722183344996501,0
135,0692,0,2026-06-13 10:38:10,0.2722183344996501,0
136,0864,0,2026-06-13 10:38:10,0.4688593421973408,0
137,0371,0,2026-06-13 10:38:20,0.9188243526941917,0
138,0518,0,2026-06-13 10:38:20,0.6014695591322603,0
139,0536,0,2026-06-13 10:38:20,0.8369489153254024,1
140,0536,0,2026-06-13 10:38:20,0.8369489153254024,0
141,0562,0,2026-06-13 10:38:20,0.0619314205738279,0
142,0692,0,2026-06-13 10:38:20,0.2722183344996501,0
143,0692,0,2026-06-13 10:38:20,0.2722183344996501,0
144,0864,0,2026-06-13 10:38:20,0.4688593421973408,0
145,0371,0,2026-06-13 10:38:30,0.9188243526941917,0
146,0518,0,2026-06-13 10:38:30,0.6014695591322603,0
147,0536,0,2026-06-13 10:38:30,0.8369489153254024,0
148,0536,0,2026-06-13 10:38:30,0.8369489153254024,0
149,0562,0,2026-06-13 10:38:30,0.0619314205738279,0
150,0692,0,2026-06-13 10:38:30,0.2722183344996501,0
151,0692,0,2026-06-13 10:38:30,0.2722183344996501,0
152,0846,0,2026-06-13 10:38:30,0.9188243526941917,0
153,0864,0,2026-06-13 10:38:30,0.4688593421973408,0
154,0371,0,2026-06-13 10:38:40,0.9188243526941917,0
155,0518,0,2026-06-13 10:38:40,0.6014695591322603,1
156,0536,0,2026-06-13 10:38:40,0.8369489153254024,0
157,0536,0,2026-06-13 10:38:40,0.8369489153254024,0
158,0562,0,2026-06-13 10:38:40,0.0619314205738279,0
159,0692,0,2026-06-13 10:38:40,0.2722183344996501,0
160,0692,0,2026-06-13 10:38:40,0.2722183344996501,0
161,0846,0,2026-06-13 10:38:40,0.9188243526941917,0
162,0863,0,2026-06-13 10:38:40,0.9188243526941917,0
163,0864,0,2026-06-13 10:38:40,0.4688593421973408,0
164,0993,0,2026-06-13 10:38:40,0.6014695591322603,0
165,0371,0,2026-06-13 10:38:50,0.9188243526941917,0
166,0518,0,2026-06-13 10:38:50,0.6014695591322603,0
167,0536,0,2026-06-13 10:38:50,0.8369489153254024,0
168,0562,0,2026-06-13 10:38:50,0.0619314205738279,0
169,0692,0,2026-06-13 10:38:50,0.2722183344996501,0
170,0692,0,2026-06-13 10:38:50,0.2722183344996501,0
171,0846,0,2026-06-13 10:38:50,0.9188243526941917,0
172,0863,0,2026-06-13 10:38:50,0.9188243526941917,0
173,0864,0,2026-06-13 10:38:50,0.4688593421973408,0
174,0993,0,2026-06-13 10:38:50,0.6014695591322603,0
175,0518,0,2026-06-13 10:39:00,0.6014695591322603,0
176,0536,0,2026-06-13 10:39:00,0.8369489153254024,0
177,0562,0,2026-06-13 10:39:00,0.0619314205738279,1
178,0692,0,2026-06-13 10:39:00,0.2722183344996501,0
179,0846,0,2026-06-13 10:39:00,0.9188243526941917,0
180,0863,0,2026-06-13 10:39:00,0.9188243526941917,0
181,0993,0,2026-06-13 10:39:00,0.6014695591322603,0
182,0518,0,2026-06-13 10:39:10,0.6014695591322603,0
183,0533,0,2026-06-13 10:39:10,0.6557032890132960,0
184,0536,0,2026-06-13 10:39:10,0.8369489153254024,0
185,0562,0,2026-06-13 10:39:10,0.0619314205738279,0
186,0692,0,2026-06-13 10:39:10,0.2722183344996501,0
187,0846,0,2026-06-13 10:39:10,0.9188243526941917,0
188,0863,0,2026-06-13 10:39:10,0.9188243526941917,0
189,0993,0,2026-06-13 10:39:10,0.6014695591322603,0
190,0518,0,2026-06-13 10:39:20,0.6014695591322603,0
191,0533,0,2026-06-13 10:39:20,0.6557032890132960,1
192,0562,0,2026-06-13 10:39:20,0.0619314205738279,0
193,0692,0,2026-06-13 10:39:20,0.2722183344996501,0
194,0846,0,2026-06-13 10:39:20,0.9188243526941917,0
195,0863,0,2026-06-13 10:39:20,0.9188243526941917,0
196,0993,0,2026-06-13 10:39:20,0.6014695591322603,0
197,0518,0,2026-06-13 10:39:30,0.6014695591322603,0
198,0533,0,2026-06-13 10:39:30,0.6557032890132960,1
199,0846,0,2026-06-13 10:39:30,0.9188243526941917,0
200,0863,0,2026-06-13 10:39:30,0.9188243526941917,0
201,0993,0,2026-06-13 10:39:30,0.6014695591322603,0
202,0518,0,2026-06-13 10:39:40,0.6014695591322603,0
203,0603,0,2026-06-13 10:39:40,0.8369489153254024,0
204,0846,0,2026-06-13 10:39:40,0.9188243526941917,0
205,0863,0,2026-06-13 10:39:40,0.9188243526941917,1
206,0993,0,2026-06-13 10:39:40,0.6014695591322603,0
207,0603,0,2026-06-13 10:39:50,0.8369489153254024,0
208,0846,0,2026-06-13 10:39:50,0.9188243526941917,1
209,0863,0,2026-06-13 10:39:50,0.9188243526941917,0
210,0993,0,2026-06-13 10:39:50,0.6014695591322603,0
211,0603,0,2026-06-13 10:40:00,0.8369489153254024,0
212,0846,0,2026-06-13 10:40:00,0.9188243526941917,0
213,0863,0,2026-06-13 10:40:00,0.9188243526941917,1
214,0993,0,2026-06-13 10:40:00,0.6014695591322603,0
215,0603,0,2026-06-13 10:40:10,0.8369489153254024,0
216,0846,0,2026-06-13 10:40:10,0.9188243526941917,0
217,0863,0,2026-06-13 10:40:10,0.9188243526941917,0
218,0993,0,2026-06-13 10:40:10,0.6014695591322603,1
219,0603,0,2026-06-13 10:40:20,0.8369489153254024,0
220,0846,0,2026-06-13 10:40:20,0.9188243526941917,0
221,0863,0,2026-06-13 10:40:20,0.9188243526941917,0
222,0993,0,2026-06-13 10:40:20,0.6014695591322603,0
223,0996,0,2026-06-13 10:40:20,1.0000000000000000,0
224,0603,0,2026-06-13 10:40:30,0.8369489153254024,1
225,0993,0,2026-06-13 10:40:30,0.6014695591322603,0
226,0996,0,2026-06-13 10:40:30,1.0000000000000000,0
227,0603,0,2026-06-13 10:40:40,0.8369489153254024,0
228,0996,0,2026-06-13 10:40:40,1.0000000000000000,0
229,0520,0,2026-06-13 10:40:50,0.0619314205738279,1
230,0603,0,2026-06-13 10:40:50,0.8369489153254024,0
231,0996,0,2026-06-13 10:40:50,1.0000000000000000,0
232,0520,0,2026-06-13 10:41:00,0.0619314205738279,0
233,0603,0,2026-06-13 10:41:00,0.8369489153254024,0
234,0996,0,2026-06-13 10:41:00,1.0000000000000000,0
235,0520,0,2026-06-13 10:41:10,0.0619314205738279,0
236,0603,0,2026-06-13 10:41:10,0.8369489153254024,0
237,0996,0,2026-06-13 10:41:10,1.0000000000000000,0
238,0520,0,2026-06-13 10:41:20,0.0619314205738279,0
239,0603,0,2026-06-13 10:41:20,0.8369489153254024,0
240,0996,0,2026-06-13 10:41:20,1.0000000000000000,0
241,0520,0,2026-06-13 10:41:30,0.0619314205738279,0
242,0603,0,2026-06-13 10:41:30,0.8369489153254024,0
243,0996,0,2026-06-13 10:41:30,1.0000000000000000,0
244,0520,0,2026-06-13 10:41:40,0.0619314205738279,0
245,0996,0,2026-06-13 10:41:40,1.0000000000000000,0
246,0520,0,2026-06-13 10:41:50,0.0619314205738279,0
247,0996,0,2026-06-13 10:41:50,1.0000000000000000,0
248,0520,0,2026-06-13 10:42:00,0.0619314205738279,0
249,0996,0,2026-06-13 10:42:00,1.0000000000000000,1
250,0290,0,2026-06-13 10:44:30,1.0000000000000000,0
251,0290,0,2026-06-13 10:44:40,1.0000000000000000,0
252,0290,0,2026-06-13 10:44:50,1.0000000000000000,0
253,0290,0,2026-06-13 10:45:00,1.0000000000000000,0
254,0290,0,2026-06-13 10:45:10,1.0000000000000000,0
255,0290,0,2026-06-13 10:45:20,1.0000000000000000,0
256,0290,0,2026-06-13 10:45:30,1.0000000000000000,0
257,0290,0,2026-06-13 10:45:40,1.0000000000000000,1
258,0290,0,2026-06-13 10:45:50,1.0000000000000000,0
259,0445,0,2026-06-13 10:46:10,0.2722183344996501,1
260,0445,0,2026-06-13 10:46:20,0.2722183344996501,0
261,0464,0,2026-06-13 10:46:20,0.9188243526941917,0
262,0445,0,2026-06-13 10:46:30,0.2722183344996501,0
263,0464,0,2026-06-13 10:46:30,0.9188243526941917,1
264,0445,0,2026-06-13 10:46:40,0.2722183344996501,0
265,0464,0,2026-06-13 10:46:40,0.9188243526941917,1
266,0445,0,2026-06-13 10:46:50,0.2722183344996501,0
267,0464,0,2026-06-13 10:46:50,0.9188243526941917,0
268,0445,0,2026-06-13 10:47:00,0.2722183344996501,0
269,0464,0,2026-06-13 10:47:00,0.9188243526941917,0
270,0445,0,2026-06-13 10:47:10,0.2722183344996501,0
271,0464,0,2026-06-13 10:47:10,0.9188243526941917,0
272,0445,0,2026-06-13 10:47:20,0.2722183344996501,0
273,0464,0,2026-06-13 10:47:20,0.9188243526941917,0
274,0445,0,2026-06-13 10:47:30,0.2722183344996501,0
275,0464,0,2026-06-13 10:47:30,0.9188243526941917,0
276,0843,0,2026-06-13 10:47:30,0.0619314205738279,0
277,0445,0,2026-06-13 10:47:40,0.2722183344996501,1
278,0464,0,2026-06-13 10:47:40,0.9188243526941917,0
279,0843,0,2026-06-13 10:47:40,0.0619314205738279,0
280,0464,0,2026-06-13 10:47:50,0.9188243526941917,0
281,0843,0,2026-06-13 10:47:50,0.0619314205738279,0
282,0464,0,2026-06-13 10:48:00,0.9188243526941917,0
283,0843,0,2026-06-13 10:48:00,0.0619314205738279,0
284,0843,0,2026-06-13 10:48:10,0.0619314205738279,0
285,0843,0,2026-06-13 10:48:20,0.0619314205738279,0
286,0843,0,2026-06-13 10:48:30,0.0619314205738279,0
287,0843,0,2026-06-13 10:48:40,0.0619314205738279,1
288,0843,0,2026-06-13 10:48:50,0.0619314205738279,0
289,0147,0,2026-06-13 12:29:00,0.6014695591322603,0
290,0434,0,2026-06-13 12:29:00,1.0000000000000000,1
291,0147,0,2026-06-13 12:29:10,0.6014695591322603,1
292,0434,0,2026-06-13 12:29:10,1.0000000000000000,0
293,0147,0,2026-06-13 12:29:20,0.6014695591322603,1
294,0434,0,2026-06-13 12:29:20,1.0000000000000000,0
295,0147,0,2026-06-13 12:29:30,0.6014695591322603,0
296,0434,0,2026-06-13 12:29:30,1.0000000000000000,1
297,0434,0,2026-06-13 12:29:30,1.0000000000000000,0
298,0147,0,2026-06-13 12:29:40,0.6014695591322603,0
299,0434,0,2026-06-13 12:29:40,1.0000000000000000,0
300,0434,0,2026-06-13 12:29:40,1.0000000000000000,0
301,0147,0,2026-06-13 12:29:50,0.6014695591322603,0
302,0434,0,2026-06-13 12:29:50,1.0000000000000000,0
303,0434,0,2026-06-13 12:29:50,1.0000000000000000,0
304,0147,0,2026-06-13 12:30:00,0.6014695591322603,0
305,0434,0,2026-06-13 12:30:00,1.0000000000000000,0
306,0434,0,2026-06-13 12:30:00,1.0000000000000000,0
307,0587,0,2026-06-13 12:30:00,0.3750874737578727,1
308,0147,0,2026-06-13 12:30:10,0.6014695591322603,0
309,0434,0,2026-06-13 12:30:10,1.0000000000000000,0
310,0434,0,2026-06-13 12:30:10,1.0000000000000000,0
311,0587,0,2026-06-13 12:30:10,0.3750874737578727,0
312,0147,0,2026-06-13 12:30:20,0.6014695591322603,0
313,0434,0,2026-06-13 12:30:20,1.0000000000000000,0
314,0587,0,2026-06-13 12:30:20,0.3750874737578727,0
315,0147,0,2026-06-13 12:30:30,0.6014695591322603,0
316,0434,0,2026-06-13 12:30:30,1.0000000000000000,0
317,0607,0,2026-06-13 12:30:30,0.9188243526941917,0
318,0434,0,2026-06-13 12:30:40,1.0000000000000000,0
319,0607,0,2026-06-13 12:30:40,0.9188243526941917,1
320,0607,0,2026-06-13 12:30:50,0.9188243526941917,0
321,0607,0,2026-06-13 12:31:00,0.9188243526941917,0
322,0117,0,2026-06-13 12:31:10,0.0619314205738279,0
323,0607,0,2026-06-13 12:31:10,0.9188243526941917,0
324,0117,0,2026-06-13 12:31:20,0.0619314205738279,1
325,0607,0,2026-06-13 12:31:20,0.9188243526941917,0
326,0117,0,2026-06-13 12:31:30,0.0619314205738279,0
327,0117,0,2026-06-13 12:31:40,0.0619314205738279,1
328,0117,0,2026-06-13 12:31:50,0.0619314205738279,0
329,0117,0,2026-06-13 12:32:00,0.0619314205738279,0
330,0117,0,2026-06-13 12:32:10,0.0619314205738279,0
331,0117,0,2026-06-13 12:32:20,0.0619314205738279,0
332,0117,0,2026-06-13 12:32:30,0.0619314205738279,0
333,0055,0,2026-06-13 12:32:40,0.6557032890132960,0
334,0117,0,2026-06-13 12:32:40,0.0619314205738279,0
335,0055,0,2026-06-13 12:32:50,0.6557032890132960,1
336,0055,0,2026-06-13 12:33:00,0.6557032890132960,1
337,0055,0,2026-06-13 12:33:10,0.6557032890132960,0
338,0055,0,2026-06-13 12:33:20,0.6557032890132960,0
339,0116,0,2026-06-13 12:33:20,0.1875437368789363,1
340,0055,0,2026-06-13 12:33:30,0.6557032890132960,0
341,0116,0,2026-06-13 12:33:30,0.1875437368789363,0
342,0010,0,2026-06-13 12:33:40,0.6014695591322603,1
343,0055,0,2026-06-13 12:33:40,0.6557032890132960,0
344,0116,0,2026-06-13 12:33:40,0.1875437368789363,0
345,0010,0,2026-06-13 12:33:50,0.6014695591322603,1
346,0020,0,2026-06-13 12:33:50,0.3750874737578727,0
347,0055,0,2026-06-13 12:33:50,0.6557032890132960,0
348,0116,0,2026-06-13 12:33:50,0.1875437368789363,0
349,0953,0,2026-06-13 12:33:50,0.7655703289013296,0
350,0010,0,2026-06-13 12:34:00,0.6014695591322603,0
351,0020,0,2026-06-13 12:34:00,0.3750874737578727,0
352,0055,0,2026-06-13 12:34:00,0.6557032890132960,0
353,0116,0,2026-06-13 12:34:00,0.1875437368789363,0
354,0555,0,2026-06-13 12:34:00,0.0619314205738279,0
355,0691,0,2026-06-13 12:34:00,0.3750874737578727,0
356,0953,0,2026-06-13 12:34:00,0.7655703289013296,0
357,0010,0,2026-06-13 12:34:10,0.6014695591322603,0
358,0014,0,2026-06-13 12:34:10,0.4688593421973408,0
359,0020,0,2026-06-13 12:34:10,0.3750874737578727,0
360,0055,0,2026-06-13 12:34:10,0.6557032890132960,0
361,0077,0,2026-06-13 12:34:10,0.4688593421973408,1
362,0116,0,2026-06-13 12:34:10,0.1875437368789363,0
363,0555,0,2026-06-13 12:34:10,0.0619314205738279,0
364,0691,0,2026-06-13 12:34:10,0.3750874737578727,0
365,0953,0,2026-06-13 12:34:10,0.7655703289013296,0
366,0010,0,2026-06-13 12:34:20,0.6014695591322603,0
367,0014,0,2026-06-13 12:34:20,0.4688593421973408,0
368,0020,0,2026-06-13 12:34:20,0.3750874737578727,0
369,0020,0,2026-06-13 12:34:20,0.3750874737578727,0
370,0077,0,2026-06-13 12:34:20,0.4688593421973408,0
371,0116,0,2026-06-13 12:34:20,0.1875437368789363,0
372,0131,0,2026-06-13 12:34:20,0.4688593421973408,0
373,0555,0,2026-06-13 12:34:20,0.0619314205738279,0
374,0691,0,2026-06-13 12:34:20,0.3750874737578727,0
375,0953,0,2026-06-13 12:34:20,0.7655703289013296,1
376,0010,0,2026-06-13 12:34:30,0.6014695591322603,0
377,0014,0,2026-06-13 12:34:30,0.4688593421973408,0
378,0020,0,2026-06-13 12:34:30,0.3750874737578727,0
379,0020,0,2026-06-13 12:34:30,0.3750874737578727,0
380,0063,0,2026-06-13 12:34:30,0.7655703289013296,0
381,0077,0,2026-06-13 12:34:30,0.4688593421973408,0
382,0116,0,2026-06-13 12:34:30,0.1875437368789363,0
383,0131,0,2026-06-13 12:34:30,0.4688593421973408,0
384,0555,0,2026-06-13 12:34:30,0.0619314205738279,0
385,0691,0,2026-06-13 12:34:30,0.3750874737578727,1
386,0953,0,2026-06-13 12:34:30,0.7655703289013296,0
387,0010,0,2026-06-13 12:34:40,0.6014695591322603,0
388,0014,0,2026-06-13 12:34:40,0.4688593421973408,0
389,0020,0,2026-06-13 12:34:40,0.3750874737578727,0
390,0063,0,2026-06-13 12:34:40,0.7655703289013296,0
391,0077,0,2026-06-13 12:34:40,0.4688593421973408,1
392,0116,0,2026-06-13 12:34:40,0.1875437368789363,0
393,0131,0,2026-06-13 12:34:40,0.4688593421973408,0
394,0555,0,2026-06-13 12:34:40,0.0619314205738279,0
395,0691,0,2026-06-13 12:34:40,0.3750874737578727,0
396,0953,0,2026-06-13 12:34:40,0.7655703289013296,0
397,0010,0,2026-06-13 12:34:50,0.6014695591322603,0
398,0014,0,2026-06-13 12:34:50,0.4688593421973408,0
399,0020,0,2026-06-13 12:34:50,0.3750874737578727,0
400,0063,0,2026-06-13 12:34:50,0.7655703289013296,0
401,0077,0,2026-06-13 12:34:50,0.4688593421973408,0
402,0116,0,2026-06-13 12:34:50,0.1875437368789363,0
403,0131,0,2026-06-13 12:34:50,0.4688593421973408,0
404,0555,0,2026-06-13 12:34:50,0.0619314205738279,0
405,0691,0,2026-06-13 12:34:50,0.3750874737578727,0
406,0953,0,2026-06-13 12:34:50,0.7655703289013296,1
407,0010,0,2026-06-13 12:35:00,0.6014695591322603,0
408,0014,0,2026-06-13 12:35:00,0.4688593421973408,1
409,0020,0,2026-06-13 12:35:00,0.3750874737578727,0
410,0063,0,2026-06-13 12:35:00,0.7655703289013296,0
411,0063,0,2026-06-13 12:35:00,0.7655703289013296,0
412,0077,0,2026-06-13 12:35:00,0.4688593421973408,0
413,0116,0,2026-06-13 12:35:00,0.1875437368789363,0
414,0131,0,2026-06-13 12:35:00,0.4688593421973408,0
415,0555,0,2026-06-13 12:35:00,0.0619314205738279,0
416,0691,0,2026-06-13 12:35:00,0.3750874737578727,0
417,0953,0,2026-06-13 12:35:00,0.7655703289013296,0
418,0014,0,2026-06-13 12:35:10,0.4688593421973408,1
419,0063,0,2026-06-13 12:35:10,0.7655703289013296,0
420,0063,0,2026-06-13 12:35:10,0.7655703289013296,0
421,0077,0,2026-06-13 12:35:10,0.4688593421973408,0
422,0131,0,2026-06-13 12:35:10,0.4688593421973408,0
423,0555,0,2026-06-13 12:35:10,0.0619314205738279,0
424,0691,0,2026-06-13 12:35:10,0.3750874737578727,0
425,0953,0,2026-06-13 12:35:10,0.7655703289013296,0
426,0014,0,2026-06-13 12:35:20,0.4688593421973408,0
427,0063,0,2026-06-13 12:35:20,0.7655703289013296,0
428,0063,0,2026-06-13 12:35:20,0.7655703289013296,1
429,0077,0,2026-06-13 12:35:20,0.4688593421973408,0
430,0131,0,2026-06-13 12:35:20,0.4688593421973408,0
431,0555,0,2026-06-13 12:35:20,0.0619314205738279,0
432,0691,0,2026-06-13 12:35:20,0.3750874737578727,0
433,0834,0,2026-06-13 12:35:20,0.3750874737578727,0
434,0953,0,2026-06-13 12:35:20,0.7655703289013296,0
435,0014,0,2026-06-13 12:35:30,0.4688593421973408,0
436,0063,0,2026-06-13 12:35:30,0.7655703289013296,0
437,0077,0,2026-06-13 12:35:30,0.4688593421973408,0
438,0131,0,2026-06-13 12:35:30,0.4688593421973408,0
439,0555,0,2026-06-13 12:35:30,0.0619314205738279,0
440,0691,0,2026-06-13 12:35:30,0.3750874737578727,0
441,0834,0,2026-06-13 12:35:30,0.3750874737578727,1
442,0953,0,2026-06-13 12:35:30,0.7655703289013296,0
443,0014,0,2026-06-13 12:35:40,0.4688593421973408,0
444,0063,0,2026-06-13 12:35:40,0.7655703289013296,0
445,0077,0,2026-06-13 12:35:40,0.4688593421973408,0
446,0131,0,2026-06-13 12:35:40,0.4688593421973408,0
447,0555,0,2026-06-13 12:35:40,0.0619314205738279,0
448,0691,0,2026-06-13 12:35:40,0.3750874737578727,0
449,0834,0,2026-06-13 12:35:40,0.3750874737578727,0
450,0953,0,2026-06-13 12:35:40,0.7655703289013296,0
451,0014,0,2026-06-13 12:35:50,0.4688593421973408,0
452,0063,0,2026-06-13 12:35:50,0.7655703289013296,1
453,0077,0,2026-06-13 12:35:50,0.4688593421973408,0
454,0131,0,2026-06-13 12:35:50,0.4688593421973408,0
455,0555,0,2026-06-13 12:35:50,0.0619314205738279,0
456,0691,0,2026-06-13 12:35:50,0.3750874737578727,0
457,0834,0,2026-06-13 12:35:50,0.3750874737578727,0
458,0077,0,2026-06-13 12:36:00,0.4688593421973408,0
459,0131,0,2026-06-13 12:36:00,0.4688593421973408,0
460,0131,0,2026-06-13 12:36:10,0.4688593421973408,1
461,0322,0,2026-06-13 14:04:10,0.2722183344996501,0
462,0322,0,2026-06-13 14:04:20,0.2722183344996501,0
463,0322,0,2026-06-13 14:04:30,0.2722183344996501,0
464,0322,0,2026-06-13 14:04:40,0.2722183344996501,0
465,0322,0,2026-06-13 14:04:50,0.2722183344996501,0
466,0322,0,2026-06-13 14:05:00,0.2722183344996501,1
467,0322,0,2026-06-13 14:05:10,0.2722183344996501,0
468,0322,0,2026-06-13 14:05:20,0.2722183344996501,0
469,0322,0,2026-06-13 14:05:30,0.2722183344996501,0
470,0608,0,2026-06-13 14:11:10,0.0619314205738279,0
471,0283,0,2026-06-13 14:11:20,0.5290412876137159,0
472,0608,0,2026-06-13 14:11:20,0.0619314205738279,0
473,0283,0,2026-06-13 14:11:30,0.5290412876137159,0
474,0608,0,2026-06-13 14:11:30,0.0619314205738279,0
475,0283,0,2026-06-13 14:11:40,0.5290412876137159,0
476,0608,0,2026-06-13 14:11:40,0.0619314205738279,0
477,0283,0,2026-06-13 14:11:50,0.5290412876137159,1
478,0608,0,2026-06-13 14:11:50,0.0619314205738279,0
479,0283,0,2026-06-13 14:12:00,0.5290412876137159,0
480,0608,0,2026-06-13 14:12:00,0.0619314205738279,0
481,0283,0,2026-06-13 14:12:10,0.5290412876137159,0
482,0608,0,2026-06-13 14:12:10,0.0619314205738279,0
483,0283,0,2026-06-13 14:12:20,0.5290412876137159,0
484,0608,0,2026-06-13 14:12:20,0.0619314205738279,0
485,0283,0,2026-06-13 14:12:30,0.5290412876137159,0
486,0608,0,2026-06-13 14:12:30,0.0619314205738279,0
487,0712,0,2026-06-13 14:12:30,0.1875437368789363,1
488,0283,0,2026-06-13 14:12:40,0.5290412876137159,0
489,0608,0,2026-06-13 14:12:40,0.0619314205738279,0
490,0712,0,2026-06-13 14:12:40,0.1875437368789363,0
491,0283,0,2026-06-13 14:12:50,0.5290412876137159,0
492,0608,0,2026-06-13 14:12:50,0.0619314205738279,0
493,0712,0,2026-06-13 14:12:50,0.1875437368789363,0
494,0283,0,2026-06-13 14:13:00,0.5290412876137159,0
495,0608,0,2026-06-13 14:13:00,0.0619314205738279,1
496,0712,0,2026-06-13 14:13:00,0.1875437368789363,0
497,0283,0,2026-06-13 14:13:10,0.5290412876137159,0
498,0712,0,2026-06-13 14:13:10,0.1875437368789363,0
499,0712,0,2026-06-13 14:13:20,0.1875437368789363,0
500,0313,0,2026-06-13 14:13:30,0.1375087473757873,0
501,0712,0,2026-06-13 14:13:30,0.1875437368789363,0
502,0313,0,2026-06-13 14:13:40,0.1375087473757873,0
503,0712,0,2026-06-13 14:13:40,0.1875437368789363,0
504,0313,0,2026-06-13 14:13:50,0.1375087473757873,0
505,0712,0,2026-06-13 14:13:50,0.1875437368789363,0
506,0313,0,2026-06-13 14:14:00,0.1375087473757873,0
507,0313,0,2026-06-13 14:14:10,0.1375087473757873,0
508,0313,0,2026-06-13 14:14:20,0.1375087473757873,1
509,0313,0,2026-06-13 14:14:30,0.1375087473757873,0
510,0313,0,2026-06-13 14:14:40,0.1375087473757873,0
511,0463,0,2026-06-13 14:14:40,0.1875437368789363,0
512,0463,0,2026-06-13 14:14:50,0.1875437368789363,0
513,0463,0,2026-06-13 14:15:00,0.1875437368789363,1
514,0463,0,2026-06-13 14:15:10,0.1875437368789363,1
515,0463,0,2026-06-13 14:15:20,0.1875437368789363,0
516,0463,0,2026-06-13 14:15:30,0.1875437368789363,0
517,0463,0,2026-06-13 14:15:40,0.1875437368789363,0
518,0677,0,2026-06-13 14:15:40,0.3750874737578727,1
519,0304,0,2026-06-13 14:15:50,0.6014695591322603,0
520,0463,0,2026-06-13 14:15:50,0.1875437368789363,0
521,0677,0,2026-06-13 14:15:50,0.3750874737578727,0
522,0304,0,2026-06-13 14:16:00,0.6014695591322603,1
523,0463,0,2026-06-13 14:16:00,0.1875437368789363,0
524,0677,0,2026-06-13 14:16:00,0.3750874737578727,0
525,0304,0,2026-06-13 14:16:10,0.6014695591322603,0
526,0463,0,2026-06-13 14:16:10,0.1875437368789363,0
527,0677,0,2026-06-13 14:16:10,0.3750874737578727,0
528,0857,0,2026-06-13 14:16:10,0.9188243526941917,0
529,0304,0,2026-06-13 14:16:20,0.6014695591322603,0
530,0381,0,2026-06-13 14:16:20,0.4688593421973408,1
531,0677,0,2026-06-13 14:16:20,0.3750874737578727,0
532,0857,0,2026-06-13 14:16:20,0.9188243526941917,0
533,0304,0,2026-06-13 14:16:30,0.6014695591322603,0
534,0381,0,2026-06-13 14:16:30,0.4688593421973408,0
535,0677,0,2026-06-13 14:16:30,0.3750874737578727,0
536,0857,0,2026-06-13 14:16:30,0.9188243526941917,0
537,0304,0,2026-06-13 14:16:40,0.6014695591322603,0
538,0381,0,2026-06-13 14:16:40,0.4688593421973408,0
539,0677,0,2026-06-13 14:16:40,0.3750874737578727,0
540,0857,0,2026-06-13 14:16:40,0.9188243526941917,1
541,0304,0,2026-06-13 14:16:50,0.6014695591322603,0
542,0381,0,2026-06-13 14:16:50,0.4688593421973408,0
543,0677,0,2026-06-13 14:16:50,0.3750874737578727,0
544,0857,0,2026-06-13 14:16:50,0.9188243526941917,0
545,0304,0,2026-06-13 14:17:00,0.6014695591322603,0
546,0381,0,2026-06-13 14:17:00,0.4688593421973408,0
547,0677,0,2026-06-13 14:17:00,0.3750874737578727,1
548,0857,0,2026-06-13 14:17:00,0.9188243526941917,0
549,0304,0,2026-06-13 14:17:10,0.6014695591322603,0
550,0381,0,2026-06-13 14:17:10,0.4688593421973408,0
551,0677,0,2026-06-13 14:17:10,0.3750874737578727,0
552,0857,0,2026-06-13 14:17:10,0.9188243526941917,0
553,0304,0,2026-06-13 14:17:20,0.6014695591322603,1
554,0381,0,2026-06-13 14:17:20,0.4688593421973408,0
555,0677,0,2026-06-13 14:17:20,0.3750874737578727,0
556,0857,0,2026-06-13 14:17:20,0.9188243526941917,0
557,0304,0,2026-06-13 14:17:30,0.6014695591322603,0
558,0381,0,2026-06-13 14:17:30,0.4688593421973408,0
559,0857,0,2026-06-13 14:17:30,0.9188243526941917,0
560,0381,0,2026-06-13 14:17:40,0.4688593421973408,0
561,0857,0,2026-06-13 14:17:40,0.9188243526941917,0
562,0381,0,2026-06-13 14:17:50,0.4688593421973408,0
563,0381,0,2026-06-13 14:18:00,0.4688593421973408,0
564,0381,0,2026-06-13 14:18:10,0.4688593421973408,0
565,0469,0,2026-06-13 15:12:00,0.5290412876137159,1
566,0469,0,2026-06-13 15:12:10,0.5290412876137159,0
567,0580,0,2026-06-13 15:32:40,0.5290412876137159,1
568,0580,0,2026-06-13 15:32:50,0.5290412876137159,0
569,0847,0,2026-06-13 15:32:50,0.0619314205738279,0
570,0580,0,2026-06-13 15:33:00,0.5290412876137159,0
571,0847,0,2026-06-13 15:33:00,0.0619314205738279,1
572,0580,0,2026-06-13 15:33:10,0.5290412876137159,1
573,0580,0,2026-06-13 15:33:10,0.5290412876137159,0
574,0847,0,2026-06-13 15:33:10,0.0619314205738279,0
575,0580,0,2026-06-13 15:33:20,0.5290412876137159,0
576,0580,0,2026-06-13 15:33:20,0.5290412876137159,0
577,0847,0,2026-06-13 15:33:20,0.0619314205738279,0
578,0580,0,2026-06-13 15:33:30,0.5290412876137159,0
579,0580,0,2026-06-13 15:33:30,0.5290412876137159,0
580,0847,0,2026-06-13 15:33:30,0.0619314205738279,0
581,0962,0,2026-06-13 15:33:30,0.4688593421973408,1
582,0203,0,2026-06-13 15:33:40,0.3750874737578727,1
583,0580,0,2026-06-13 15:33:40,0.5290412876137159,0
584,0580,0,2026-06-13 15:33:40,0.5290412876137159,0
585,0847,0,2026-06-13 15:33:40,0.0619314205738279,0
586,0962,0,2026-06-13 15:33:40,0.4688593421973408,0
587,0203,0,2026-06-13 15:33:50,0.3750874737578727,0
588,0580,0,2026-06-13 15:33:50,0.5290412876137159,0
589,0580,0,2026-06-13 15:33:50,0.5290412876137159,0
590,0847,0,2026-06-13 15:33:50,0.0619314205738279,0
591,0946,0,2026-06-13 15:33:50,0.1375087473757873,0
592,0962,0,2026-06-13 15:33:50,0.4688593421973408,0
593,0203,0,2026-06-13 15:34:00,0.3750874737578727,0
594,0374,0,2026-06-13 15:34:00,1.0000000000000000,0
595,0392,0,2026-06-13 15:34:00,0.3750874737578727,1
596,0580,0,2026-06-13 15:34:00,0.5290412876137159,0
597,0582,0,2026-06-13 15:34:00,0.1875437368789363,0
598,0710,0,2026-06-13 15:34:00,0.0619314205738279,0
599,0847,0,2026-06-13 15:34:00,0.0619314205738279,0
600,0946,0,2026-06-13 15:34:00,0.1375087473757873,0
601,0962,0,2026-06-13 15:34:00,0.4688593421973408,0
602,0203,0,2026-06-13 15:34:10,0.3750874737578727,0
603,0374,0,2026-06-13 15:34:10,1.0000000000000000,0
604,0392,0,2026-06-13 15:34:10,0.3750874737578727,0
605,0580,0,2026-06-13 15:34:10,0.5290412876137159,0
606,0582,0,2026-06-13 15:34:10,0.1875437368789363,0
607,0710,0,2026-06-13 15:34:10,0.0619314205738279,0
608,0847,0,2026-06-13 15:34:10,0.0619314205738279,0
609,0946,0,2026-06-13 15:34:10,0.1375087473757873,0
610,0962,0,2026-06-13 15:34:10,0.4688593421973408,0
611,0985,0,2026-06-13 15:34:10,0.2722183344996501,0
612,0151,0,2026-06-13 15:34:20,0.1375087473757873,0
613,0203,0,2026-06-13 15:34:20,0.3750874737578727,0
614,0374,0,2026-06-13 15:34:20,1.0000000000000000,1
615,0392,0,2026-06-13 15:34:20,0.3750874737578727,0
616,0580,0,2026-06-13 15:34:20,0.5290412876137159,0
617,0710,0,2026-06-13 15:34:20,0.0619314205738279,0
618,0847,0,2026-06-13 15:34:20,0.0619314205738279,0
619,0946,0,2026-06-13 15:34:20,0.1375087473757873,0
620,0962,0,2026-06-13 15:34:20,0.4688593421973408,0
621,0985,0,2026-06-13 15:34:20,0.2722183344996501,0
622,0151,0,2026-06-13 15:34:30,0.1375087473757873,0
623,0203,0,2026-06-13 15:34:30,0.3750874737578727,0
624,0374,0,2026-06-13 15:34:30,1.0000000000000000,0
625,0392,0,2026-06-13 15:34:30,0.3750874737578727,0
626,0710,0,2026-06-13 15:34:30,0.0619314205738279,0
627,0710,0,2026-06-13 15:34:30,0.0619314205738279,0
628,0946,0,2026-06-13 15:34:30,0.1375087473757873,0
629,0962,0,2026-06-13 15:34:30,0.4688593421973408,0
630,0985,0,2026-06-13 15:34:30,0.2722183344996501,1
631,0151,0,2026-06-13 15:34:40,0.1375087473757873,0
632,0203,0,2026-06-13 15:34:40,0.3750874737578727,0
633,0355,0,2026-06-13 15:34:40,0.6557032890132960,0
634,0374,0,2026-06-13 15:34:40,1.0000000000000000,0
635,0392,0,2026-06-13 15:34:40,0.3750874737578727,0
636,0710,0,2026-06-13 15:34:40,0.0619314205738279,0
637,0710,0,2026-06-13 15:34:40,0.0619314205738279,0
638,0862,0,2026-06-13 15:34:40,0.4688593421973408,1
639,0946,0,2026-06-13 15:34:40,0.1375087473757873,0
640,0962,0,2026-06-13 15:34:40,0.4688593421973408,0
641,0985,0,2026-06-13 15:34:40,0.2722183344996501,0
642,0069,0,2026-06-13 15:34:50,0.8369489153254024,0
643,0151,0,2026-06-13 15:34:50,0.1375087473757873,0
644,0203,0,2026-06-13 15:34:50,0.3750874737578727,0
645,0355,0,2026-06-13 15:34:50,0.6557032890132960,0
646,0374,0,2026-06-13 15:34:50,1.0000000000000000,0
647,0392,0,2026-06-13 15:34:50,0.3750874737578727,0
648,0710,0,2026-06-13 15:34:50,0.0619314205738279,0
649,0710,0,2026-06-13 15:34:50,0.0619314205738279,0
650,0763,0,2026-06-13 15:34:50,0.7655703289013296,1
651,0862,0,2026-06-13 15:34:50,0.4688593421973408,0
652,0962,0,2026-06-13 15:34:50,0.4688593421973408,0
653,0985,0,2026-06-13 15:34:50,0.2722183344996501,0
654,0069,0,2026-06-13 15:35:00,0.8369489153254024,0
655,0151,0,2026-06-13 15:35:00,0.1375087473757873,0
656,0203,0,2026-06-13 15:35:00,0.3750874737578727,0
657,0340,0,2026-06-13 15:35:00,1.0000000000000000,1
658,0355,0,2026-06-13 15:35:00,0.6557032890132960,0
659,0374,0,2026-06-13 15:35:00,1.0000000000000000,0
660,0392,0,2026-06-13 15:35:00,0.3750874737578727,0
661,0560,0,2026-06-13 15:35:00,0.8369489153254024,0
662,0710,0,2026-06-13 15:35:00,0.0619314205738279,0
663,0710,0,2026-06-13 15:35:00,0.0619314205738279,0
664,0763,0,2026-06-13 15:35:00,0.7655703289013296,0
665,0862,0,2026-06-13 15:35:00,0.4688593421973408,0
666,0962,0,2026-06-13 15:35:00,0.4688593421973408,0
667,0985,0,2026-06-13 15:35:00,0.2722183344996501,0
668,0069,0,2026-06-13 15:35:10,0.8369489153254024,0
669,0151,0,2026-06-13 15:35:10,0.1375087473757873,0
670,0203,0,2026-06-13 15:35:10,0.3750874737578727,0
671,0340,0,2026-06-13 15:35:10,1.0000000000000000,0
672,0355,0,2026-06-13 15:35:10,0.6557032890132960,0
673,0374,0,2026-06-13 15:35:10,1.0000000000000000,0
674,0392,0,2026-06-13 15:35:10,0.3750874737578727,0
675,0560,0,2026-06-13 15:35:10,0.8369489153254024,1
676,0710,0,2026-06-13 15:35:10,0.0619314205738279,0
677,0710,0,2026-06-13 15:35:10,0.0619314205738279,0
678,0763,0,2026-06-13 15:35:10,0.7655703289013296,0
679,0862,0,2026-06-13 15:35:10,0.4688593421973408,0
680,0985,0,2026-06-13 15:35:10,0.2722183344996501,0
681,0069,0,2026-06-13 15:35:20,0.8369489153254024,0
682,0243,0,2026-06-13 15:35:20,0.8369489153254024,0
683,0340,0,2026-06-13 15:35:20,1.0000000000000000,0
684,0392,0,2026-06-13 15:35:20,0.3750874737578727,0
685,0560,0,2026-06-13 15:35:20,0.8369489153254024,0
686,0710,0,2026-06-13 15:35:20,0.0619314205738279,0
687,0710,0,2026-06-13 15:35:20,0.0619314205738279,0
688,0763,0,2026-06-13 15:35:20,0.7655703289013296,0
689,0862,0,2026-06-13 15:35:20,0.4688593421973408,0
690,0985,0,2026-06-13 15:35:20,0.2722183344996501,0
691,0069,0,2026-06-13 15:35:30,0.8369489153254024,0
692,0243,0,2026-06-13 15:35:30,0.8369489153254024,1
693,0340,0,2026-06-13 15:35:30,1.0000000000000000,0
694,0392,0,2026-06-13 15:35:30,0.3750874737578727,0
695,0560,0,2026-06-13 15:35:30,0.8369489153254024,0
696,0710,0,2026-06-13 15:35:30,0.0619314205738279,0
697,0763,0,2026-06-13 15:35:30,0.7655703289013296,0
698,0862,0,2026-06-13 15:35:30,0.4688593421973408,0
699,0985,0,2026-06-13 15:35:30,0.2722183344996501,0
700,0243,0,2026-06-13 15:35:40,0.8369489153254024,1
701,0340,0,2026-06-13 15:35:40,1.0000000000000000,0
702,0392,0,2026-06-13 15:35:40,0.3750874737578727,0
703,0560,0,2026-06-13 15:35:40,0.8369489153254024,0
704,0710,0,2026-06-13 15:35:40,0.0619314205738279,0
705,0763,0,2026-06-13 15:35:40,0.7655703289013296,0
706,0862,0,2026-06-13 15:35:40,0.4688593421973408,0
707,0243,0,2026-06-13 15:35:50,0.8369489153254024,0
708,0340,0,2026-06-13 15:35:50,1.0000000000000000,0
709,0392,0,2026-06-13 15:35:50,0.3750874737578727,0
710,0560,0,2026-06-13 15:35:50,0.8369489153254024,0
711,0710,0,2026-06-13 15:35:50,0.0619314205738279,0
712,0763,0,2026-06-13 15:35:50,0.7655703289013296,0
713,0862,0,2026-06-13 15:35:50,0.4688593421973408,0
714,0930,0,2026-06-13 15:35:50,0.5290412876137159,0
715,0243,0,2026-06-13 15:36:00,0.8369489153254024,0
716,0305,0,2026-06-13 15:36:00,0.4688593421973408,0
717,0340,0,2026-06-13 15:36:00,1.0000000000000000,0
718,0560,0,2026-06-13 15:36:00,0.8369489153254024,0
719,0763,0,2026-06-13 15:36:00,0.7655703289013296,0
720,0806,0,2026-06-13 15:36:00,0.9188243526941917,0
721,0862,0,2026-06-13 15:36:00,0.4688593421973408,0
722,0930,0,2026-06-13 15:36:00,0.5290412876137159,1
723,0243,0,2026-06-13 15:36:10,0.8369489153254024,0
724,0305,0,2026-06-13 15:36:10,0.4688593421973408,0
725,0340,0,2026-06-13 15:36:10,1.0000000000000000,0
726,0560,0,2026-06-13 15:36:10,0.8369489153254024,0
727,0733,0,2026-06-13 15:36:10,0.6014695591322603,0
728,0763,0,2026-06-13 15:36:10,0.7655703289013296,0
729,0806,0,2026-06-13 15:36:10,0.9188243526941917,1
730,0862,0,2026-06-13 15:36:10,0.4688593421973408,0
731,0930,0,2026-06-13 15:36:10,0.5290412876137159,0
732,0243,0,2026-06-13 15:36:20,0.8369489153254024,0
733,0305,0,2026-06-13 15:36:20,0.4688593421973408,0
734,0340,0,2026-06-13 15:36:20,1.0000000000000000,0
735,0560,0,2026-06-13 15:36:20,0.8369489153254024,0
736,0733,0,2026-06-13 15:36:20,0.6014695591322603,0
737,0763,0,2026-06-13 15:36:20,0.7655703289013296,0
738,0806,0,2026-06-13 15:36:20,0.9188243526941917,1
739,0930,0,2026-06-13 15:36:20,0.5290412876137159,0
740,0243,0,2026-06-13 15:36:30,0.8369489153254024,0
741,0305,0,2026-06-13 15:36:30,0.4688593421973408,0
742,0340,0,2026-06-13 15:36:30,1.0000000000000000,0
743,0560,0,2026-06-13 15:36:30,0.8369489153254024,0
744,0733,0,2026-06-13 15:36:30,0.6014695591322603,0
745,0763,0,2026-06-13 15:36:30,0.7655703289013296,0
746,0806,0,2026-06-13 15:36:30,0.9188243526941917,0
747,0930,0,2026-06-13 15:36:30,0.5290412876137159,0
748,0243,0,2026-06-13 15:36:40,0.8369489153254024,0
749,0305,0,2026-06-13 15:36:40,0.4688593421973408,1
750,0340,0,2026-06-13 15:36:40,1.0000000000000000,0
751,0560,0,2026-06-13 15:36:40,0.8369489153254024,0
752,0733,0,2026-06-13 15:36:40,0.6014695591322603,0
753,0806,0,2026-06-13 15:36:40,0.9188243526941917,0
754,0930,0,2026-06-13 15:36:40,0.5290412876137159,0
755,0243,0,2026-06-13 15:36:50,0.8369489153254024,0
756,0305,0,2026-06-13 15:36:50,0.4688593421973408,1
757,0733,0,2026-06-13 15:36:50,0.6014695591322603,0
758,0806,0,2026-06-13 15:36:50,0.9188243526941917,0
759,0930,0,2026-06-13 15:36:50,0.5290412876137159,0
760,0243,0,2026-06-13 15:37:00,0.8369489153254024,0
761,0305,0,2026-06-13 15:37:00,0.4688593421973408,0
762,0545,0,2026-06-13 15:37:00,0.9188243526941917,0
763,0733,0,2026-06-13 15:37:00,0.6014695591322603,1
764,0806,0,2026-06-13 15:37:00,0.9188243526941917,0
765,0930,0,2026-06-13 15:37:00,0.5290412876137159,0
766,0243,0,2026-06-13 15:37:10,0.8369489153254024,0
767,0305,0,2026-06-13 15:37:10,0.4688593421973408,0
768,0545,0,2026-06-13 15:37:10,0.9188243526941917,0
769,0733,0,2026-06-13 15:37:10,0.6014695591322603,0
770,0806,0,2026-06-13 15:37:10,0.9188243526941917,0
771,0930,0,2026-06-13 15:37:10,0.5290412876137159,0
772,0305,0,2026-06-13 15:37:20,0.4688593421973408,0
773,0545,0,2026-06-13 15:37:20,0.9188243526941917,1
774,0733,0,2026-06-13 15:37:20,0.6014695591322603,0
775,0806,0,2026-06-13 15:37:20,0.9188243526941917,0
776,0930,0,2026-06-13 15:37:20,0.5290412876137159,0
777,0305,0,2026-06-13 15:37:30,0.4688593421973408,0
778,0545,0,2026-06-13 15:37:30,0.9188243526941917,0
779,0733,0,2026-06-13 15:37:30,0.6014695591322603,0
780,0305,0,2026-06-13 15:37:40,0.4688593421973408,0
781,0515,0,2026-06-13 15:37:40,0.4688593421973408,0
782,0545,0,2026-06-13 15:37:40,0.9188243526941917,0
783,0733,0,2026-06-13 15:37:40,0.6014695591322603,0
784,0274,0,2026-06-13 15:37:50,0.3750874737578727,1
785,0515,0,2026-06-13 15:37:50,0.4688593421973408,0
786,0545,0,2026-06-13 15:37:50,0.9188243526941917,0
787,0733,0,2026-06-13 15:37:50,0.6014695591322603,0
788,0274,0,2026-06-13 15:38:00,0.3750874737578727,0
789,0515,0,2026-06-13 15:38:00,0.4688593421973408,0
790,0545,0,2026-06-13 15:38:00,0.9188243526941917,0
791,0733,0,2026-06-13 15:38:00,0.6014695591322603,0
792,0244,0,2026-06-13 15:38:10,0.6014695591322603,1
793,0274,0,2026-06-13 15:38:10,0.3750874737578727,0
794,0515,0,2026-06-13 15:38:10,0.4688593421973408,0
795,0515,0,2026-06-13 15:38:10,0.4688593421973408,0
796,0545,0,2026-06-13 15:38:10,0.9188243526941917,0
797,0244,0,2026-06-13 15:38:20,0.6014695591322603,1
798,0274,0,2026-06-13 15:38:20,0.3750874737578727,0
799,0515,0,2026-06-13 15:38:20,0.4688593421973408,0
800,0515,0,2026-06-13 15:38:20,0.4688593421973408,0
801,0545,0,2026-06-13 15:38:20,0.9188243526941917,0
802,0244,0,2026-06-13 15:38:30,0.6014695591322603,0
803,0274,0,2026-06-13 15:38:30,0.3750874737578727,0
804,0515,0,2026-06-13 15:38:30,0.4688593421973408,0
805,0515,0,2026-06-13 15:38:30,0.4688593421973408,0
806,0545,0,2026-06-13 15:38:30,0.9188243526941917,0
807,0244,0,2026-06-13 15:38:40,0.6014695591322603,0
808,0274,0,2026-06-13 15:38:40,0.3750874737578727,0
809,0515,0,2026-06-13 15:38:40,0.4688593421973408,0
810,0515,0,2026-06-13 15:38:40,0.4688593421973408,1
811,0545,0,2026-06-13 15:38:40,0.9188243526941917,0
812,0244,0,2026-06-13 15:38:50,0.6014695591322603,0
813,0274,0,2026-06-13 15:38:50,0.3750874737578727,0
814,0515,0,2026-06-13 15:38:50,0.4688593421973408,0
815,0515,0,2026-06-13 15:38:50,0.4688593421973408,0
816,0545,0,2026-06-13 15:38:50,0.9188243526941917,0
817,0244,0,2026-06-13 15:39:00,0.6014695591322603,0
818,0274,0,2026-06-13 15:39:00,0.3750874737578727,0
819,0515,0,2026-06-13 15:39:00,0.4688593421973408,0
820,0515,0,2026-06-13 15:39:00,0.4688593421973408,0
821,0244,0,2026-06-13 15:39:10,0.6014695591322603,0
822,0274,0,2026-06-13 15:39:10,0.3750874737578727,0
823,0515,0,2026-06-13 15:39:10,0.4688593421973408,1
824,0244,0,2026-06-13 15:39:20,0.6014695591322603,0
825,0274,0,2026-06-13 15:39:20,0.3750874737578727,0
826,0515,0,2026-06-13 15:39:20,0.4688593421973408,0
827,0796,0,2026-06-13 15:39:20,0.2722183344996501,0
828,0244,0,2026-06-13 15:39:30,0.6014695591322603,0
829,0274,0,2026-06-13 15:39:30,0.3750874737578727,0
830,0515,0,2026-06-13 15:39:30,0.4688593421973408,0
831,0796,0,2026-06-13 15:39:30,0.2722183344996501,0
832,0244,0,2026-06-13 15:39:40,0.6014695591322603,0
833,0274,0,2026-06-13 15:39:40,0.3750874737578727,0
834,0796,0,2026-06-13 15:39:40,0.2722183344996501,0
835,0244,0,2026-06-13 15:39:50,0.6014695591322603,0
836,0796,0,2026-06-13 15:39:50,0.2722183344996501,0
837,0796,0,2026-06-13 15:40:00,0.2722183344996501,0
838,0796,0,2026-06-13 15:40:10,0.2722183344996501,1
839,0796,0,2026-06-13 15:40:20,0.2722183344996501,0
840,0796,0,2026-06-13 15:40:30,0.2722183344996501,0
841,0798,0,2026-06-13 15:41:20,0.1375087473757873,0
842,0798,0,2026-06-13 15:41:30,0.1375087473757873,1
843,0798,0,2026-06-13 15:41:40,0.1375087473757873,0
844,0798,0,2026-06-13 15:41:50,0.1375087473757873,0
845,0798,0,2026-06-13 15:42:00,0.1375087473757873,0
846,0798,0,2026-06-13 15:42:10,0.1375087473757873,0
847,0798,0,2026-06-13 15:42:20,0.1375087473757873,0
848,0798,0,2026-06-13 15:42:30,0.1375087473757873,0
849,0588,0,2026-06-13 15:42:40,0.4688593421973408,0
850,0618,0,2026-06-13 15:42:40,0.1375087473757873,0
851,0588,0,2026-06-13 15:42:50,0.4688593421973408,0
852,0618,0,2026-06-13 15:42:50,0.1375087473757873,0
853,0588,0,2026-06-13 15:43:00,0.4688593421973408,0
854,0618,0,2026-06-13 15:43:00,0.1375087473757873,0
855,0588,0,2026-06-13 15:43:10,0.4688593421973408,0
856,0618,0,2026-06-13 15:43:10,0.1375087473757873,1
857,0588,0,2026-06-13 15:43:20,0.4688593421973408,0
858,0618,0,2026-06-13 15:43:20,0.1375087473757873,1
859,0588,0,2026-06-13 15:43:30,0.4688593421973408,0
860,0618,0,2026-06-13 15:43:30,0.1375087473757873,0
861,0588,0,2026-06-13 15:43:40,0.4688593421973408,0
862,0618,0,2026-06-13 15:43:40,0.1375087473757873,0
863,0588,0,2026-06-13 15:43:50,0.4688593421973408,1
864,0618,0,2026-06-13 15:43:50,0.1375087473757873,0
865,0588,0,2026-06-13 15:44:00,0.4688593421973408,0
866,0618,0,2026-06-13 15:44:00,0.1375087473757873,0
867,0588,0,2026-06-13 15:44:10,0.4688593421973408,0
868,0618,0,2026-06-13 15:44:10,0.1375087473757873,0
869,0588,0,2026-06-13 15:44:20,0.4688593421973408,0
870,0618,0,2026-06-13 15:44:20,0.1375087473757873,0
871,0618,0,2026-06-13 15:44:30,0.1375087473757873,0
872,0661,0,2026-06-13 16:51:50,0.6557032890132960,1
873,0661,0,2026-06-13 16:52:00,0.6557032890132960,1
874,0661,0,2026-06-13 16:52:10,0.6557032890132960,0
875,0661,0,2026-06-13 16:52:20,0.6557032890132960,0
876,0904,0,2026-06-13 17:10:00,0.8369489153254024,0
877,0904,0,2026-06-13 17:10:10,0.8369489153254024,0
878,0904,0,2026-06-13 17:10:20,0.8369489153254024,0
879,0904,0,2026-06-13 17:10:30,0.8369489153254024,0
880,0904,0,2026-06-13 17:10:40,0.8369489153254024,0
881,0904,0,2026-06-13 17:10:50,0.8369489153254024,1
882,0904,0,2026-06-13 17:11:00,0.8369489153254024,0
883,0005,0,2026-06-13 17:11:10,0.4688593421973408,0
884,0904,0,2026-06-13 17:11:10,0.8369489153254024,0
885,0005,0,2026-06-13 17:11:20,0.4688593421973408,0
886,0904,0,2026-06-13 17:11:20,0.8369489153254024,0
887,0005,0,2026-06-13 17:11:30,0.4688593421973408,0
888,0904,0,2026-06-13 17:11:30,0.8369489153254024,0
889,0005,0,2026-06-13 17:11:40,0.4688593421973408,0
890,0904,0,2026-06-13 17:11:40,0.8369489153254024,0
891,0005,0,2026-06-13 17:11:50,0.4688593421973408,0
892,0904,0,2026-06-13 17:11:50,0.8369489153254024,0
893,0005,0,2026-06-13 17:12:00,0.4688593421973408,0
894,0005,0,2026-06-13 17:12:10,0.4688593421973408,1
895,0005,0,2026-06-13 17:12:20,0.4688593421973408,0
896,0005,0,2026-06-13 17:12:30,0.4688593421973408,0
897,0717,0,2026-06-13 17:13:00,1.0000000000000000,0
898,0717,0,2026-06-13 17:13:10,1.0000000000000000,0
899,0717,0,2026-06-13 17:13:20,1.0000000000000000,0
900,0802,0,2026-06-13 17:13:20,0.8369489153254024,0
901,0717,0,2026-06-13 17:13:30,1.0000000000000000,0
902,0802,0,2026-06-13 17:13:30,0.8369489153254024,0
903,0717,0,2026-06-13 17:13:40,1.0000000000000000,0
904,0802,0,2026-06-13 17:13:40,0.8369489153254024,0
905,0717,0,2026-06-13 17:13:50,1.0000000000000000,0
906,0802,0,2026-06-13 17:13:50,0.8369489153254024,0
907,0717,0,2026-06-13 17:14:00,1.0000000000000000,0
908,0802,0,2026-06-13 17:14:00,0.8369489153254024,0
909,0717,0,2026-06-13 17:14:10,1.0000000000000000,1
910,0802,0,2026-06-13 17:14:10,0.8369489153254024,0
911,0717,0,2026-06-13 17:14:20,1.0000000000000000,0
912,0802,0,2026-06-13 17:14:20,0.8369489153254024,0
913,0717,0,2026-06-13 17:14:30,1.0000000000000000,0
914,0802,0,2026-06-13 17:14:30,0.8369489153254024,0
915,0717,0,2026-06-13 17:14:40,1.0000000000000000,0
916,0802,0,2026-06-13 17:14:40,0.8369489153254024,1
917,0802,0,2026-06-13 17:14:50,0.8369489153254024,0
918,0178,0,2026-06-13 17:15:10,0.1375087473757873,0
919,0178,0,2026-06-13 17:15:20,0.1375087473757873,1
920,0222,0,2026-06-13 17:15:20,0.1375087473757873,0
921,0178,0,2026-06-13 17:15:30,0.1375087473757873,1
922,0222,0,2026-06-13 17:15:30,0.1375087473757873,0
923,0178,0,2026-06-13 17:15:40,0.1375087473757873,0
924,0222,0,2026-06-13 17:15:40,0.1375087473757873,0
925,0178,0,2026-06-13 17:15:50,0.1375087473757873,0
926,0222,0,2026-06-13 17:15:50,0.1375087473757873,1
927,0178,0,2026-06-13 17:16:00,0.1375087473757873,0
928,0222,0,2026-06-13 17:16:00,0.1375087473757873,0
929,0178,0,2026-06-13 17:16:10,0.1375087473757873,0
930,0222,0,2026-06-13 17:16:10,0.1375087473757873,0
931,0178,0,2026-06-13 17:16:20,0.1375087473757873,0
932,0222,0,2026-06-13 17:16:20,0.1375087473757873,0
933,0178,0,2026-06-13 17:16:30,0.1375087473757873,0
934,0222,0,2026-06-13 17:16:30,0.1375087473757873,0
935,0747,0,2026-06-13 17:16:30,0.2722183344996501,0
936,0178,0,2026-06-13 17:16:40,0.1375087473757873,0
937,0222,0,2026-06-13 17:16:40,0.1375087473757873,0
938,0747,0,2026-06-13 17:16:40,0.2722183344996501,1
939,0222,0,2026-06-13 17:16:50,0.1375087473757873,0
940,0747,0,2026-06-13 17:16:50,0.2722183344996501,0
941,0222,0,2026-06-13 17:17:00,0.1375087473757873,0
942,0747,0,2026-06-13 17:17:00,0.2722183344996501,0
943,0118,0,2026-06-13 17:17:10,0.4688593421973408,0
944,0747,0,2026-06-13 17:17:10,0.2722183344996501,0
945,0921,0,2026-06-13 17:17:10,0.9188243526941917,0
946,0118,0,2026-06-13 17:17:20,0.4688593421973408,1
947,0747,0,2026-06-13 17:17:20,0.2722183344996501,0
948,0921,0,2026-06-13 17:17:20,0.9188243526941917,0
949,0118,0,2026-06-13 17:17:30,0.4688593421973408,0
950,0747,0,2026-06-13 17:17:30,0.2722183344996501,0
951,0921,0,2026-06-13 17:17:30,0.9188243526941917,0
952,0118,0,2026-06-13 17:17:40,0.4688593421973408,0
953,0747,0,2026-06-13 17:17:40,0.2722183344996501,0
954,0921,0,2026-06-13 17:17:40,0.9188243526941917,0
955,0118,0,2026-06-13 17:17:50,0.4688593421973408,0
956,0747,0,2026-06-13 17:17:50,0.2722183344996501,0
957,0921,0,2026-06-13 17:17:50,0.9188243526941917,1
958,0118,0,2026-06-13 17:18:00,0.4688593421973408,0
959,0747,0,2026-06-13 17:18:00,0.2722183344996501,0
960,0921,0,2026-06-13 17:18:00,0.9188243526941917,0
961,0118,0,2026-06-13 17:18:10,0.4688593421973408,0
962,0747,0,2026-06-13 17:18:10,0.2722183344996501,0
963,0771,0,2026-06-13 17:18:10,0.5290412876137159,0
964,0921,0,2026-06-13 17:18:10,0.9188243526941917,0
965,0747,0,2026-06-13 17:18:20,0.2722183344996501,0
966,0771,0,2026-06-13 17:18:20,0.5290412876137159,1
967,0771,0,2026-06-13 17:18:30,0.5290412876137159,0
968,0771,0,2026-06-13 17:18:40,0.5290412876137159,0
969,0771,0,2026-06-13 17:18:50,0.5290412876137159,0
970,0771,0,2026-06-13 17:19:00,0.5290412876137159,0
971,0771,0,2026-06-13 17:19:10,0.5290412876137159,0
972,0771,0,2026-06-13 17:19:20,0.5290412876137159,0
973,0771,0,2026-06-13 17:19:30,0.5290412876137159,0
974,0771,0,2026-06-13 17:19:40,0.5290412876137159,0
975,0076,0,2026-06-13 18:30:50,0.2722183344996501,0
976,0076,0,2026-06-13 18:31:00,0.2722183344996501,0
977,0076,0,2026-06-13 18:31:10,0.2722183344996501,0
978,0076,0,2026-06-13 18:31:20,0.2722183344996501,0
979,0076,0,2026-06-13 18:31:30,0.2722183344996501,0
980,0172,0,2026-06-13 18:31:30,0.3750874737578727,1
981,0076,0,2026-06-13 18:31:40,0.2722183344996501,0
982,0172,0,2026-06-13 18:31:40,0.3750874737578727,0
983,0076,0,2026-06-13 18:31:50,0.2722183344996501,0
984,0172,0,2026-06-13 18:31:50,0.3750874737578727,0
985,0076,0,2026-06-13 18:32:00,0.2722183344996501,0
986,0172,0,2026-06-13 18:32:00,0.3750874737578727,1
987,0172,0,2026-06-13 18:32:00,0.3750874737578727,0
988,0076,0,2026-06-13 18:32:10,0.2722183344996501,0
989,0172,0,2026-06-13 18:32:10,0.3750874737578727,0
990,0172,0,2026-06-13 18:32:10,0.3750874737578727,0
991,0076,0,2026-06-13 18:32:20,0.2722183344996501,1
992,0172,0,2026-06-13 18:32:20,0.3750874737578727,0
993,0076,0,2026-06-13 18:32:30,0.2722183344996501,0
994,0172,0,2026-06-13 18:32:30,0.3750874737578727,0
995,0076,0,2026-06-13 18:32:40,0.2722183344996501,0
996,0172,0,2026-06-13 18:32:40,0.3750874737578727,0
997,0981,0,2026-06-13 18:49:00,0.7655703289013296,0
998,0981,0,2026-06-13 18:49:10,0.7655703289013296,1
999,0981,0,2026-06-13 18:49:20,0.7655703289013296,0
1000,0981,0,2026-06-13 18:49:30,0.7655703289013296,0
1001,0159,0,2026-06-13 18:49:40,0.9188243526941917,0
1002,0981,0,2026-06-13 18:49:40,0.7655703289013296,0
1003,0159,0,2026-06-13 18:49:50,0.9188243526941917,0
1004,0981,0,2026-06-13 18:49:50,0.7655703289013296,0
1005,0159,0,2026-06-13 18:50:00,0.9188243526941917,0
1006,0981,0,2026-06-13 18:50:00,0.7655703289013296,0
1007,0159,0,2026-06-13 18:50:10,0.9188243526941917,0
1008,0981,0,2026-06-13 18:50:10,0.7655703289013296,0
1009,0095,0,2026-06-13 18:50:20,0.0619314205738279,1
1010,0159,0,2026-06-13 18:50:20,0.9188243526941917,0
1011,0981,0,2026-06-13 18:50:20,0.7655703289013296,0
1012,0095,0,2026-06-13 18:50:30,0.0619314205738279,1
1013,0159,0,2026-06-13 18:50:30,0.9188243526941917,0
1014,0981,0,2026-06-13 18:50:30,0.7655703289013296,0
1015,0095,0,2026-06-13 18:50:40,0.0619314205738279,0
1016,0159,0,2026-06-13 18:50:40,0.9188243526941917,0
1017,0981,0,2026-06-13 18:50:40,0.7655703289013296,0
1018,0095,0,2026-06-13 18:50:50,0.0619314205738279,0
1019,0159,0,2026-06-13 18:50:50,0.9188243526941917,1
1020,0981,0,2026-06-13 18:50:50,0.7655703289013296,0
1021,0095,0,2026-06-13 18:51:00,0.0619314205738279,0
1022,0159,0,2026-06-13 18:51:00,0.9188243526941917,1
1023,0095,0,2026-06-13 18:51:10,0.0619314205738279,0
1024,0159,0,2026-06-13 18:51:10,0.9188243526941917,0
1025,0095,0,2026-06-13 18:51:20,0.0619314205738279,0
1026,0095,0,2026-06-13 18:51:30,0.0619314205738279,0
1027,0095,0,2026-06-13 18:51:40,0.0619314205738279,0
1028,0095,0,2026-06-13 18:51:50,0.0619314205738279,0
1029,0095,0,2026-06-13 18:52:00,0.0619314205738279,0
1030,0908,0,2026-06-13 20:08:30,0.3750874737578727,0
1031,0908,0,2026-06-13 20:08:40,0.3750874737578727,0
1032,0908,0,2026-06-13 20:08:50,0.3750874737578727,0
1033,0908,0,2026-06-13 20:09:00,0.3750874737578727,0
1034,0908,0,2026-06-13 20:09:10,0.3750874737578727,0
1035,0908,0,2026-06-13 20:09:20,0.3750874737578727,0
1036,0908,0,2026-06-13 20:09:30,0.3750874737578727,0
1037,0908,0,2026-06-13 20:09:40,0.3750874737578727,0
1038,0908,0,2026-06-13 20:09:50,0.3750874737578727,0
1039,0668,0,2026-06-13 20:10:00,0.7655703289013296,0
1040,0908,0,2026-06-13 20:10:00,0.3750874737578727,0
1041,0668,0,2026-06-13 20:10:10,0.7655703289013296,0
1042,0668,0,2026-06-13 20:10:20,0.7655703289013296,0
1043,0668,0,2026-06-13 20:10:30,0.7655703289013296,0
1044,0668,0,2026-06-13 20:10:40,0.7655703289013296,0
1045,0668,0,2026-06-13 20:10:50,0.7655703289013296,0
1046,0721,0,2026-06-14 01:24:40,0.7655703289013296,0
1047,0721,0,2026-06-14 01:24:50,0.7655703289013296,0
1048,0721,0,2026-06-14 01:25:00,0.7655703289013296,0
1049,0721,0,2026-06-14 01:25:10,0.7655703289013296,0
1050,0721,0,2026-06-14 01:25:20,0.7655703289013296,0
1051,0721,0,2026-06-14 01:25:30,0.7655703289013296,0
1052,0721,0,2026-06-14 01:25:40,0.7655703289013296,0
1053,0721,0,2026-06-14 01:25:50,0.7655703289013296,0
1054,0721,0,2026-06-14 01:26:00,0.7655703289013296,0
1055,0721,0,2026-06-14 01:26:10,0.7655703289013296,0
1056,0721,0,2026-06-14 01:26:20,0.7655703289013296,1
1057,0851,0,2026-06-14 01:28:10,0.2722183344996501,1
1058,0431,0,2026-06-14 01:28:20,0.1875437368789363,0
1059,0851,0,2026-06-14 01:28:20,0.2722183344996501,0
1060,0431,0,2026-06-14 01:28:30,0.1875437368789363,0
1061,0517,0,2026-06-14 01:28:30,0.5290412876137159,0
1062,0631,0,2026-06-14 01:28:30,0.6557032890132960,0
1063,0660,0,2026-06-14 01:28:30,0.6557032890132960,1
1064,0851,0,2026-06-14 01:28:30,0.2722183344996501,0
1065,0362,0,2026-06-14 01:28:40,0.1875437368789363,0
1066,0394,0,2026-06-14 01:28:40,0.6557032890132960,0
1067,0431,0,2026-06-14 01:28:40,0.1875437368789363,0
1068,0517,0,2026-06-14 01:28:40,0.5290412876137159,1
1069,0631,0,2026-06-14 01:28:40,0.6557032890132960,0
1070,0660,0,2026-06-14 01:28:40,0.6557032890132960,0
1071,0851,0,2026-06-14 01:28:40,0.2722183344996501,0
1072,0362,0,2026-06-14 01:28:50,0.1875437368789363,0
1073,0394,0,2026-06-14 01:28:50,0.6557032890132960,1
1074,0431,0,2026-06-14 01:28:50,0.1875437368789363,0
1075,0517,0,2026-06-14 01:28:50,0.5290412876137159,0
1076,0631,0,2026-06-14 01:28:50,0.6557032890132960,0
1077,0660,0,2026-06-14 01:28:50,0.6557032890132960,0
1078,0711,0,2026-06-14 01:28:50,0.7655703289013296,0
1079,0851,0,2026-06-14 01:28:50,0.2722183344996501,0
1080,0184,0,2026-06-14 01:29:00,0.4688593421973408,0
1081,0362,0,2026-06-14 01:29:00,0.1875437368789363,0
1082,0394,0,2026-06-14 01:29:00,0.6557032890132960,0
1083,0431,0,2026-06-14 01:29:00,0.1875437368789363,0
1084,0517,0,2026-06-14 01:29:00,0.5290412876137159,0
1085,0631,0,2026-06-14 01:29:00,0.6557032890132960,0
1086,0660,0,2026-06-14 01:29:00,0.6557032890132960,0
1087,0711,0,2026-06-14 01:29:00,0.7655703289013296,1
1088,0851,0,2026-06-14 01:29:00,0.2722183344996501,0
1089,0184,0,2026-06-14 01:29:10,0.4688593421973408,0
1090,0362,0,2026-06-14 01:29:10,0.1875437368789363,0
1091,0394,0,2026-06-14 01:29:10,0.6557032890132960,1
1092,0431,0,2026-06-14 01:29:10,0.1875437368789363,0
1093,0517,0,2026-06-14 01:29:10,0.5290412876137159,0
1094,0631,0,2026-06-14 01:29:10,0.6557032890132960,0
1095,0660,0,2026-06-14 01:29:10,0.6557032890132960,0
1096,0711,0,2026-06-14 01:29:10,0.7655703289013296,0
1097,0750,0,2026-06-14 01:29:10,1.0000000000000000,0
1098,0851,0,2026-06-14 01:29:10,0.2722183344996501,0
1099,0184,0,2026-06-14 01:29:20,0.4688593421973408,0
1100,0362,0,2026-06-14 01:29:20,0.1875437368789363,0
1101,0394,0,2026-06-14 01:29:20,0.6557032890132960,0
1102,0431,0,2026-06-14 01:29:20,0.1875437368789363,0
1103,0517,0,2026-06-14 01:29:20,0.5290412876137159,0
1104,0631,0,2026-06-14 01:29:20,0.6557032890132960,1
1105,0711,0,2026-06-14 01:29:20,0.7655703289013296,0
1106,0750,0,2026-06-14 01:29:20,1.0000000000000000,0
1107,0851,0,2026-06-14 01:29:20,0.2722183344996501,0
1108,0184,0,2026-06-14 01:29:30,0.4688593421973408,0
1109,0362,0,2026-06-14 01:29:30,0.1875437368789363,0
1110,0394,0,2026-06-14 01:29:30,0.6557032890132960,0
1111,0431,0,2026-06-14 01:29:30,0.1875437368789363,0
1112,0517,0,2026-06-14 01:29:30,0.5290412876137159,0
1113,0631,0,2026-06-14 01:29:30,0.6557032890132960,0
1114,0711,0,2026-06-14 01:29:30,0.7655703289013296,0
1115,0750,0,2026-06-14 01:29:30,1.0000000000000000,0
1116,0851,0,2026-06-14 01:29:30,0.2722183344996501,0
1117,0184,0,2026-06-14 01:29:40,0.4688593421973408,1
1118,0362,0,2026-06-14 01:29:40,0.1875437368789363,0
1119,0394,0,2026-06-14 01:29:40,0.6557032890132960,0
1120,0431,0,2026-06-14 01:29:40,0.1875437368789363,0
1121,0517,0,2026-06-14 01:29:40,0.5290412876137159,0
1122,0631,0,2026-06-14 01:29:40,0.6557032890132960,0
1123,0711,0,2026-06-14 01:29:40,0.7655703289013296,0
1124,0750,0,2026-06-14 01:29:40,1.0000000000000000,0
1125,0851,0,2026-06-14 01:29:40,0.2722183344996501,0
1126,0184,0,2026-06-14 01:29:50,0.4688593421973408,1
1127,0362,0,2026-06-14 01:29:50,0.1875437368789363,0
1128,0394,0,2026-06-14 01:29:50,0.6557032890132960,0
1129,0431,0,2026-06-14 01:29:50,0.1875437368789363,0
1130,0517,0,2026-06-14 01:29:50,0.5290412876137159,0
1131,0631,0,2026-06-14 01:29:50,0.6557032890132960,0
1132,0711,0,2026-06-14 01:29:50,0.7655703289013296,0
1133,0750,0,2026-06-14 01:29:50,1.0000000000000000,0
1134,0851,0,2026-06-14 01:29:50,0.2722183344996501,0
1135,0362,0,2026-06-14 01:30:00,0.1875437368789363,0
1136,0394,0,2026-06-14 01:30:00,0.6557032890132960,0
1137,0631,0,2026-06-14 01:30:00,0.6557032890132960,0
1138,0750,0,2026-06-14 01:30:00,1.0000000000000000,0
1139,0851,0,2026-06-14 01:30:00,0.2722183344996501,0
1140,0362,0,2026-06-14 01:30:10,0.1875437368789363,1
1141,0394,0,2026-06-14 01:30:10,0.6557032890132960,0
1142,0631,0,2026-06-14 01:30:10,0.6557032890132960,0
1143,0750,0,2026-06-14 01:30:10,1.0000000000000000,0
1144,0362,0,2026-06-14 01:30:20,0.1875437368789363,1
1145,0631,0,2026-06-14 01:30:20,0.6557032890132960,0
1146,0750,0,2026-06-14 01:30:20,1.0000000000000000,0
1147,0362,0,2026-06-14 01:30:30,0.1875437368789363,0
1148,0750,0,2026-06-14 01:30:30,1.0000000000000000,0
1149,0750,0,2026-06-14 01:30:40,1.0000000000000000,1
1150,0920,0,2026-06-14 01:35:30,1.0000000000000000,0
1151,0124,0,2026-06-14 01:35:40,0.0619314205738279,1
1152,0920,0,2026-06-14 01:35:40,1.0000000000000000,0
1153,0124,0,2026-06-14 01:35:50,0.0619314205738279,0
1154,0699,0,2026-06-14 01:35:50,0.2722183344996501,0
1155,0920,0,2026-06-14 01:35:50,1.0000000000000000,0
1156,0124,0,2026-06-14 01:36:00,0.0619314205738279,0
1157,0699,0,2026-06-14 01:36:00,0.2722183344996501,0
1158,0773,0,2026-06-14 01:36:00,0.3750874737578727,1
1159,0920,0,2026-06-14 01:36:00,1.0000000000000000,0
1160,0124,0,2026-06-14 01:36:10,0.0619314205738279,0
1161,0699,0,2026-06-14 01:36:10,0.2722183344996501,0
1162,0773,0,2026-06-14 01:36:10,0.3750874737578727,1
1163,0920,0,2026-06-14 01:36:10,1.0000000000000000,0
1164,0124,0,2026-06-14 01:36:20,0.0619314205738279,0
1165,0699,0,2026-06-14 01:36:20,0.2722183344996501,1
1166,0773,0,2026-06-14 01:36:20,0.3750874737578727,0
1167,0920,0,2026-06-14 01:36:20,1.0000000000000000,0
1168,0124,0,2026-06-14 01:36:30,0.0619314205738279,0
1169,0699,0,2026-06-14 01:36:30,0.2722183344996501,0
1170,0773,0,2026-06-14 01:36:30,0.3750874737578727,0
1171,0920,0,2026-06-14 01:36:30,1.0000000000000000,0
1172,0124,0,2026-06-14 01:36:40,0.0619314205738279,0
1173,0699,0,2026-06-14 01:36:40,0.2722183344996501,0
1174,0773,0,2026-06-14 01:36:40,0.3750874737578727,0
1175,0920,0,2026-06-14 01:36:40,1.0000000000000000,0
1176,0124,0,2026-06-14 01:36:50,0.0619314205738279,0
1177,0699,0,2026-06-14 01:36:50,0.2722183344996501,0
1178,0773,0,2026-06-14 01:36:50,0.3750874737578727,0
1179,0920,0,2026-06-14 01:36:50,1.0000000000000000,0
1180,0124,0,2026-06-14 01:37:00,0.0619314205738279,0
1181,0699,0,2026-06-14 01:37:00,0.2722183344996501,0
1182,0773,0,2026-06-14 01:37:00,0.3750874737578727,0
1183,0920,0,2026-06-14 01:37:00,1.0000000000000000,0
1184,0124,0,2026-06-14 01:37:10,0.0619314205738279,0
1185,0699,0,2026-06-14 01:37:10,0.2722183344996501,0
1186,0773,0,2026-06-14 01:37:10,0.3750874737578727,0
1187,0920,0,2026-06-14 01:37:10,1.0000000000000000,0
1188,0124,0,2026-06-14 01:37:20,0.0619314205738279,0
1189,0699,0,2026-06-14 01:37:20,0.2722183344996501,0
1190,0773,0,2026-06-14 01:37:20,0.3750874737578727,0
1191,0920,0,2026-06-14 01:37:20,1.0000000000000000,1
1192,0124,0,2026-06-14 01:37:30,0.0619314205738279,0
1193,0699,0,2026-06-14 01:37:30,0.2722183344996501,0
1194,0773,0,2026-06-14 01:37:30,0.3750874737578727,0
1195,0699,0,2026-06-14 01:37:40,0.2722183344996501,0
1196,0295,0,2026-06-14 01:37:50,0.6014695591322603,0
1197,0295,0,2026-06-14 01:38:00,0.6014695591322603,0
1198,0295,0,2026-06-14 01:38:10,0.6014695591322603,0
1199,0295,0,2026-06-14 01:38:20,0.6014695591322603,0
1200,0295,0,2026-06-14 01:38:30,0.6014695591322603,0
1201,0295,0,2026-06-14 01:38:40,0.6014695591322603,0
1202,0295,0,2026-06-14 01:38:50,0.6014695591322603,0
1203,0295,0,2026-06-14 01:39:00,0.6014695591322603,1
1204,0295,0,2026-06-14 01:39:10,0.6014695591322603,0
1205,0295,0,2026-06-14 01:39:20,0.6014695591322603,0
1206,0295,0,2026-06-14 01:39:30,0.6014695591322603,0
1207,0906,0,2026-06-14 03:05:20,0.5290412876137159,0
1208,0906,0,2026-06-14 03:05:30,0.5290412876137159,0
1209,0906,0,2026-06-14 03:05:40,0.5290412876137159,0
1210,0906,0,2026-06-14 03:05:50,0.5290412876137159,1
1211,0906,0,2026-06-14 03:06:00,0.5290412876137159,0
1212,0829,0,2026-06-14 03:06:10,0.4688593421973408,1
1213,0906,0,2026-06-14 03:06:10,0.5290412876137159,0
1214,0829,0,2026-06-14 03:06:20,0.4688593421973408,0
1215,0906,0,2026-06-14 03:06:20,0.5290412876137159,0
1216,0829,0,2026-06-14 03:06:30,0.4688593421973408,0
1217,0906,0,2026-06-14 03:06:30,0.5290412876137159,0
1218,0500,0,2026-06-14 03:06:40,0.9188243526941917,1
1219,0829,0,2026-06-14 03:06:40,0.4688593421973408,0
1220,0906,0,2026-06-14 03:06:40,0.5290412876137159,0
1221,0500,0,2026-06-14 03:06:50,0.9188243526941917,0
1222,0829,0,2026-06-14 03:06:50,0.4688593421973408,0
1223,0906,0,2026-06-14 03:06:50,0.5290412876137159,0
1224,0191,0,2026-06-14 03:07:00,0.1875437368789363,0
1225,0500,0,2026-06-14 03:07:00,0.9188243526941917,0
1226,0719,0,2026-06-14 03:07:00,0.3750874737578727,0
1227,0817,0,2026-06-14 03:07:00,0.3750874737578727,1
1228,0829,0,2026-06-14 03:07:00,0.4688593421973408,0
1229,0906,0,2026-06-14 03:07:00,0.5290412876137159,0
1230,0191,0,2026-06-14 03:07:10,0.1875437368789363,0
1231,0526,0,2026-06-14 03:07:10,1.0000000000000000,0
1232,0719,0,2026-06-14 03:07:10,0.3750874737578727,0
1233,0817,0,2026-06-14 03:07:10,0.3750874737578727,1
1234,0829,0,2026-06-14 03:07:10,0.4688593421973408,0
1235,0906,0,2026-06-14 03:07:10,0.5290412876137159,0
1236,0191,0,2026-06-14 03:07:20,0.1875437368789363,0
1237,0526,0,2026-06-14 03:07:20,1.0000000000000000,1
1238,0719,0,2026-06-14 03:07:20,0.3750874737578727,0
1239,0817,0,2026-06-14 03:07:20,0.3750874737578727,0
1240,0829,0,2026-06-14 03:07:20,0.4688593421973408,0
1241,0191,0,2026-06-14 03:07:30,0.1875437368789363,1
1242,0526,0,2026-06-14 03:07:30,1.0000000000000000,0
1243,0719,0,2026-06-14 03:07:30,0.3750874737578727,0
1244,0817,0,2026-06-14 03:07:30,0.3750874737578727,0
1245,0829,0,2026-06-14 03:07:30,0.4688593421973408,0
1246,0191,0,2026-06-14 03:07:40,0.1875437368789363,0
1247,0526,0,2026-06-14 03:07:40,1.0000000000000000,0
1248,0719,0,2026-06-14 03:07:40,0.3750874737578727,1
1249,0817,0,2026-06-14 03:07:40,0.3750874737578727,0
1250,0829,0,2026-06-14 03:07:40,0.4688593421973408,0
1251,0932,0,2026-06-14 03:07:40,0.1375087473757873,0
1252,0191,0,2026-06-14 03:07:50,0.1875437368789363,0
1253,0526,0,2026-06-14 03:07:50,1.0000000000000000,0
1254,0719,0,2026-06-14 03:07:50,0.3750874737578727,0
1255,0817,0,2026-06-14 03:07:50,0.3750874737578727,0
1256,0932,0,2026-06-14 03:07:50,0.1375087473757873,0
1257,0191,0,2026-06-14 03:08:00,0.1875437368789363,0
1258,0526,0,2026-06-14 03:08:00,1.0000000000000000,0
1259,0719,0,2026-06-14 03:08:00,0.3750874737578727,0
1260,0817,0,2026-06-14 03:08:00,0.3750874737578727,0
1261,0932,0,2026-06-14 03:08:00,0.1375087473757873,1
1262,0191,0,2026-06-14 03:08:10,0.1875437368789363,0
1263,0526,0,2026-06-14 03:08:10,1.0000000000000000,0
1264,0592,0,2026-06-14 03:08:10,0.6557032890132960,0
1265,0719,0,2026-06-14 03:08:10,0.3750874737578727,0
1266,0817,0,2026-06-14 03:08:10,0.3750874737578727,0
1267,0932,0,2026-06-14 03:08:10,0.1375087473757873,0
1268,0191,0,2026-06-14 03:08:20,0.1875437368789363,0
1269,0321,0,2026-06-14 03:08:20,0.9188243526941917,1
1270,0526,0,2026-06-14 03:08:20,1.0000000000000000,0
1271,0592,0,2026-06-14 03:08:20,0.6557032890132960,0
1272,0719,0,2026-06-14 03:08:20,0.3750874737578727,0
1273,0799,0,2026-06-14 03:08:20,0.7655703289013296,0
1274,0817,0,2026-06-14 03:08:20,0.3750874737578727,0
1275,0932,0,2026-06-14 03:08:20,0.1375087473757873,0
1276,0191,0,2026-06-14 03:08:30,0.1875437368789363,0
1277,0321,0,2026-06-14 03:08:30,0.9188243526941917,0
1278,0526,0,2026-06-14 03:08:30,1.0000000000000000,0
1279,0592,0,2026-06-14 03:08:30,0.6557032890132960,0
1280,0719,0,2026-06-14 03:08:30,0.3750874737578727,0
1281,0799,0,2026-06-14 03:08:30,0.7655703289013296,1
1282,0817,0,2026-06-14 03:08:30,0.3750874737578727,0
1283,0866,0,2026-06-14 03:08:30,0.1875437368789363,0
1284,0932,0,2026-06-14 03:08:30,0.1375087473757873,0
1285,0191,0,2026-06-14 03:08:40,0.1875437368789363,0
1286,0321,0,2026-06-14 03:08:40,0.9188243526941917,0
1287,0365,0,2026-06-14 03:08:40,0.2722183344996501,0
1288,0526,0,2026-06-14 03:08:40,1.0000000000000000,0
1289,0592,0,2026-06-14 03:08:40,0.6557032890132960,0
1290,0596,0,2026-06-14 03:08:40,0.7655703289013296,0
1291,0719,0,2026-06-14 03:08:40,0.3750874737578727,0
1292,0799,0,2026-06-14 03:08:40,0.7655703289013296,0
1293,0817,0,2026-06-14 03:08:40,0.3750874737578727,0
1294,0826,0,2026-06-14 03:08:40,0.2722183344996501,1
1295,0866,0,2026-06-14 03:08:40,0.1875437368789363,0
1296,0932,0,2026-06-14 03:08:40,0.1375087473757873,0
1297,0211,0,2026-06-14 03:08:50,0.6557032890132960,0
1298,0321,0,2026-06-14 03:08:50,0.9188243526941917,0
1299,0365,0,2026-06-14 03:08:50,0.2722183344996501,1
1300,0526,0,2026-06-14 03:08:50,1.0000000000000000,0
1301,0592,0,2026-06-14 03:08:50,0.6557032890132960,0
1302,0596,0,2026-06-14 03:08:50,0.7655703289013296,0
1303,0598,0,2026-06-14 03:08:50,0.1375087473757873,0
1304,0719,0,2026-06-14 03:08:50,0.3750874737578727,0
1305,0799,0,2026-06-14 03:08:50,0.7655703289013296,0
1306,0817,0,2026-06-14 03:08:50,0.3750874737578727,0
1307,0826,0,2026-06-14 03:08:50,0.2722183344996501,0
1308,0866,0,2026-06-14 03:08:50,0.1875437368789363,0
1309,0876,0,2026-06-14 03:08:50,0.1875437368789363,0
1310,0932,0,2026-06-14 03:08:50,0.1375087473757873,0
1311,0211,0,2026-06-14 03:09:00,0.6557032890132960,1
1312,0321,0,2026-06-14 03:09:00,0.9188243526941917,0
1313,0365,0,2026-06-14 03:09:00,0.2722183344996501,0
1314,0457,0,2026-06-14 03:09:00,0.6014695591322603,0
1315,0592,0,2026-06-14 03:09:00,0.6557032890132960,0
1316,0596,0,2026-06-14 03:09:00,0.7655703289013296,0
1317,0598,0,2026-06-14 03:09:00,0.1375087473757873,0
1318,0799,0,2026-06-14 03:09:00,0.7655703289013296,0
1319,0826,0,2026-06-14 03:09:00,0.2722183344996501,0
1320,0866,0,2026-06-14 03:09:00,0.1875437368789363,0
1321,0876,0,2026-06-14 03:09:00,0.1875437368789363,0
1322,0932,0,2026-06-14 03:09:00,0.1375087473757873,0
1323,0211,0,2026-06-14 03:09:10,0.6557032890132960,0
1324,0321,0,2026-06-14 03:09:10,0.9188243526941917,0
1325,0365,0,2026-06-14 03:09:10,0.2722183344996501,0
1326,0457,0,2026-06-14 03:09:10,0.6014695591322603,1
1327,0592,0,2026-06-14 03:09:10,0.6557032890132960,0
1328,0598,0,2026-06-14 03:09:10,0.1375087473757873,0
1329,0799,0,2026-06-14 03:09:10,0.7655703289013296,0
1330,0826,0,2026-06-14 03:09:10,0.2722183344996501,0
1331,0866,0,2026-06-14 03:09:10,0.1875437368789363,0
1332,0876,0,2026-06-14 03:09:10,0.1875437368789363,0
1333,0932,0,2026-06-14 03:09:10,0.1375087473757873,0
1334,0211,0,2026-06-14 03:09:20,0.6557032890132960,0
1335,0321,0,2026-06-14 03:09:20,0.9188243526941917,0
1336,0365,0,2026-06-14 03:09:20,0.2722183344996501,0
1337,0457,0,2026-06-14 03:09:20,0.6014695591322603,0
1338,0592,0,2026-06-14 03:09:20,0.6557032890132960,0
1339,0598,0,2026-06-14 03:09:20,0.1375087473757873,0
1340,0799,0,2026-06-14 03:09:20,0.7655703289013296,0
1341,0826,0,2026-06-14 03:09:20,0.2722183344996501,0
1342,0866,0,2026-06-14 03:09:20,0.1875437368789363,0
1343,0876,0,2026-06-14 03:09:20,0.1875437368789363,0
1344,0932,0,2026-06-14 03:09:20,0.1375087473757873,0
1345,0211,0,2026-06-14 03:09:30,0.6557032890132960,0
1346,0321,0,2026-06-14 03:09:30,0.9188243526941917,0
1347,0365,0,2026-06-14 03:09:30,0.2722183344996501,0
1348,0457,0,2026-06-14 03:09:30,0.6014695591322603,0
1349,0592,0,2026-06-14 03:09:30,0.6557032890132960,1
1350,0598,0,2026-06-14 03:09:30,0.1375087473757873,0
1351,0799,0,2026-06-14 03:09:30,0.7655703289013296,0
1352,0826,0,2026-06-14 03:09:30,0.2722183344996501,0
1353,0866,0,2026-06-14 03:09:30,0.1875437368789363,0
1354,0876,0,2026-06-14 03:09:30,0.1875437368789363,0
1355,0211,0,2026-06-14 03:09:40,0.6557032890132960,0
1356,0321,0,2026-06-14 03:09:40,0.9188243526941917,0
1357,0365,0,2026-06-14 03:09:40,0.2722183344996501,0
1358,0457,0,2026-06-14 03:09:40,0.6014695591322603,0
1359,0592,0,2026-06-14 03:09:40,0.6557032890132960,0
1360,0598,0,2026-06-14 03:09:40,0.1375087473757873,0
1361,0799,0,2026-06-14 03:09:40,0.7655703289013296,0
1362,0826,0,2026-06-14 03:09:40,0.2722183344996501,0
1363,0866,0,2026-06-14 03:09:40,0.1875437368789363,0
1364,0876,0,2026-06-14 03:09:40,0.1875437368789363,0
1365,0211,0,2026-06-14 03:09:50,0.6557032890132960,0
1366,0321,0,2026-06-14 03:09:50,0.9188243526941917,0
1367,0365,0,2026-06-14 03:09:50,0.2722183344996501,0
1368,0457,0,2026-06-14 03:09:50,0.6014695591322603,0
1369,0592,0,2026-06-14 03:09:50,0.6557032890132960,0
1370,0598,0,2026-06-14 03:09:50,0.1375087473757873,0
1371,0799,0,2026-06-14 03:09:50,0.7655703289013296,0
1372,0826,0,2026-06-14 03:09:50,0.2722183344996501,0
1373,0866,0,2026-06-14 03:09:50,0.1875437368789363,1
1374,0876,0,2026-06-14 03:09:50,0.1875437368789363,0
1375,0211,0,2026-06-14 03:10:00,0.6557032890132960,0
1376,0365,0,2026-06-14 03:10:00,0.2722183344996501,0
1377,0457,0,2026-06-14 03:10:00,0.6014695591322603,0
1378,0598,0,2026-06-14 03:10:00,0.1375087473757873,0
1379,0799,0,2026-06-14 03:10:00,0.7655703289013296,0
1380,0826,0,2026-06-14 03:10:00,0.2722183344996501,0
1381,0876,0,2026-06-14 03:10:00,0.1875437368789363,1
1382,0211,0,2026-06-14 03:10:10,0.6557032890132960,0
1383,0365,0,2026-06-14 03:10:10,0.2722183344996501,0
1384,0457,0,2026-06-14 03:10:10,0.6014695591322603,0
1385,0598,0,2026-06-14 03:10:10,0.1375087473757873,0
1386,0826,0,2026-06-14 03:10:10,0.2722183344996501,0
1387,0876,0,2026-06-14 03:10:10,0.1875437368789363,0
1388,0900,0,2026-06-14 03:10:10,0.3750874737578727,0
1389,0211,0,2026-06-14 03:10:20,0.6557032890132960,0
1390,0293,0,2026-06-14 03:10:20,0.6014695591322603,0
1391,0365,0,2026-06-14 03:10:20,0.2722183344996501,0
1392,0457,0,2026-06-14 03:10:20,0.6014695591322603,0
1393,0598,0,2026-06-14 03:10:20,0.1375087473757873,0
1394,0826,0,2026-06-14 03:10:20,0.2722183344996501,0
1395,0876,0,2026-06-14 03:10:20,0.1875437368789363,0
1396,0900,0,2026-06-14 03:10:20,0.3750874737578727,0
1397,0211,0,2026-06-14 03:10:30,0.6557032890132960,0
1398,0293,0,2026-06-14 03:10:30,0.6014695591322603,1
1399,0365,0,2026-06-14 03:10:30,0.2722183344996501,0
1400,0457,0,2026-06-14 03:10:30,0.6014695591322603,0
1401,0598,0,2026-06-14 03:10:30,0.1375087473757873,0
1402,0826,0,2026-06-14 03:10:30,0.2722183344996501,0
1403,0876,0,2026-06-14 03:10:30,0.1875437368789363,0
1404,0900,0,2026-06-14 03:10:30,0.3750874737578727,0
1405,0211,0,2026-06-14 03:10:40,0.6557032890132960,0
1406,0293,0,2026-06-14 03:10:40,0.6014695591322603,1
1407,0457,0,2026-06-14 03:10:40,0.6014695591322603,0
1408,0598,0,2026-06-14 03:10:40,0.1375087473757873,0
1409,0900,0,2026-06-14 03:10:40,0.3750874737578727,0
1410,0293,0,2026-06-14 03:10:50,0.6014695591322603,0
1411,0900,0,2026-06-14 03:10:50,0.3750874737578727,0
1412,0293,0,2026-06-14 03:11:00,0.6014695591322603,0
1413,0473,0,2026-06-14 03:11:00,1.0000000000000000,1
1414,0900,0,2026-06-14 03:11:00,0.3750874737578727,0
1415,0293,0,2026-06-14 03:11:10,0.6014695591322603,0
1416,0473,0,2026-06-14 03:11:10,1.0000000000000000,1
1417,0900,0,2026-06-14 03:11:10,0.3750874737578727,0
1418,0293,0,2026-06-14 03:11:20,0.6014695591322603,0
1419,0473,0,2026-06-14 03:11:20,1.0000000000000000,0
1420,0900,0,2026-06-14 03:11:20,0.3750874737578727,0
1421,0293,0,2026-06-14 03:11:30,0.6014695591322603,0
1422,0473,0,2026-06-14 03:11:30,1.0000000000000000,0
1423,0900,0,2026-06-14 03:11:30,0.3750874737578727,1
1424,0054,0,2026-06-14 03:11:40,0.7655703289013296,0
1425,0293,0,2026-06-14 03:11:40,0.6014695591322603,0
1426,0473,0,2026-06-14 03:11:40,1.0000000000000000,0
1427,0900,0,2026-06-14 03:11:40,0.3750874737578727,0
1428,0054,0,2026-06-14 03:11:50,0.7655703289013296,0
1429,0078,0,2026-06-14 03:11:50,0.5290412876137159,0
1430,0293,0,2026-06-14 03:11:50,0.6014695591322603,0
1431,0343,0,2026-06-14 03:11:50,0.4688593421973408,0
1432,0473,0,2026-06-14 03:11:50,1.0000000000000000,0
1433,0656,0,2026-06-14 03:11:50,0.3750874737578727,0
1434,0900,0,2026-06-14 03:11:50,0.3750874737578727,0
1435,0054,0,2026-06-14 03:12:00,0.7655703289013296,0
1436,0078,0,2026-06-14 03:12:00,0.5290412876137159,1
1437,0293,0,2026-06-14 03:12:00,0.6014695591322603,0
1438,0343,0,2026-06-14 03:12:00,0.4688593421973408,0
1439,0656,0,2026-06-14 03:12:00,0.3750874737578727,0
1440,0900,0,2026-06-14 03:12:00,0.3750874737578727,0
1441,0054,0,2026-06-14 03:12:10,0.7655703289013296,0
1442,0078,0,2026-06-14 03:12:10,0.5290412876137159,0
1443,0343,0,2026-06-14 03:12:10,0.4688593421973408,1
1444,0656,0,2026-06-14 03:12:10,0.3750874737578727,0
1445,0054,0,2026-06-14 03:12:20,0.7655703289013296,0
1446,0078,0,2026-06-14 03:12:20,0.5290412876137159,0
1447,0078,0,2026-06-14 03:12:20,0.5290412876137159,0
1448,0343,0,2026-06-14 03:12:20,0.4688593421973408,0
1449,0656,0,2026-06-14 03:12:20,0.3750874737578727,1
1450,0054,0,2026-06-14 03:12:30,0.7655703289013296,0
1451,0078,0,2026-06-14 03:12:30,0.5290412876137159,1
1452,0078,0,2026-06-14 03:12:30,0.5290412876137159,0
1453,0343,0,2026-06-14 03:12:30,0.4688593421973408,0
1454,0643,0,2026-06-14 03:12:30,0.6014695591322603,0
1455,0656,0,2026-06-14 03:12:30,0.3750874737578727,0
1456,0054,0,2026-06-14 03:12:40,0.7655703289013296,0
1457,0078,0,2026-06-14 03:12:40,0.5290412876137159,0
1458,0078,0,2026-06-14 03:12:40,0.5290412876137159,0
1459,0343,0,2026-06-14 03:12:40,0.4688593421973408,0
1460,0643,0,2026-06-14 03:12:40,0.6014695591322603,0
1461,0656,0,2026-06-14 03:12:40,0.3750874737578727,0
1462,0054,0,2026-06-14 03:12:50,0.7655703289013296,1
1463,0078,0,2026-06-14 03:12:50,0.5290412876137159,0
1464,0078,0,2026-06-14 03:12:50,0.5290412876137159,0
1465,0343,0,2026-06-14 03:12:50,0.4688593421973408,0
1466,0643,0,2026-06-14 03:12:50,0.6014695591322603,0
1467,0656,0,2026-06-14 03:12:50,0.3750874737578727,0
1468,0054,0,2026-06-14 03:13:00,0.7655703289013296,0
1469,0078,0,2026-06-14 03:13:00,0.5290412876137159,0
1470,0078,0,2026-06-14 03:13:00,0.5290412876137159,0
1471,0343,0,2026-06-14 03:13:00,0.4688593421973408,0
1472,0643,0,2026-06-14 03:13:00,0.6014695591322603,0
1473,0656,0,2026-06-14 03:13:00,0.3750874737578727,0
1474,0054,0,2026-06-14 03:13:10,0.7655703289013296,0
1475,0078,0,2026-06-14 03:13:10,0.5290412876137159,0
1476,0078,0,2026-06-14 03:13:10,0.5290412876137159,0
1477,0343,0,2026-06-14 03:13:10,0.4688593421973408,0
1478,0643,0,2026-06-14 03:13:10,0.6014695591322603,1
1479,0656,0,2026-06-14 03:13:10,0.3750874737578727,0
1480,0078,0,2026-06-14 03:13:20,0.5290412876137159,0
1481,0343,0,2026-06-14 03:13:20,0.4688593421973408,0
1482,0643,0,2026-06-14 03:13:20,0.6014695591322603,0
1483,0656,0,2026-06-14 03:13:20,0.3750874737578727,0
1484,0078,0,2026-06-14 03:13:30,0.5290412876137159,0
1485,0343,0,2026-06-14 03:13:30,0.4688593421973408,0
1486,0643,0,2026-06-14 03:13:30,0.6014695591322603,0
1487,0656,0,2026-06-14 03:13:30,0.3750874737578727,0
1488,0078,0,2026-06-14 03:13:40,0.5290412876137159,0
1489,0643,0,2026-06-14 03:13:40,0.6014695591322603,0
1490,0643,0,2026-06-14 03:13:50,0.6014695591322603,0
1491,0643,0,2026-06-14 03:14:00,0.6014695591322603,0
1492,0643,0,2026-06-14 03:14:10,0.6014695591322603,0
1493,0292,0,2026-06-14 03:15:00,1.0000000000000000,0
1494,0292,0,2026-06-14 03:15:10,1.0000000000000000,0
1495,0292,0,2026-06-14 03:15:20,1.0000000000000000,0
1496,0749,0,2026-06-14 03:15:20,0.6557032890132960,1
1497,0292,0,2026-06-14 03:15:30,1.0000000000000000,1
1498,0749,0,2026-06-14 03:15:30,0.6557032890132960,0
1499,0292,0,2026-06-14 03:15:40,1.0000000000000000,0
1500,0749,0,2026-06-14 03:15:40,0.6557032890132960,0
1501,0219,0,2026-06-14 03:15:50,0.4688593421973408,0
1502,0292,0,2026-06-14 03:15:50,1.0000000000000000,0
1503,0749,0,2026-06-14 03:15:50,0.6557032890132960,1
1504,0749,0,2026-06-14 03:15:50,0.6557032890132960,0
1505,0800,0,2026-06-14 03:15:50,0.7655703289013296,0
1506,0219,0,2026-06-14 03:16:00,0.4688593421973408,0
1507,0231,0,2026-06-14 03:16:00,0.6557032890132960,0
1508,0292,0,2026-06-14 03:16:00,1.0000000000000000,0
1509,0641,0,2026-06-14 03:16:00,0.0619314205738279,0
1510,0749,0,2026-06-14 03:16:00,0.6557032890132960,0
1511,0749,0,2026-06-14 03:16:00,0.6557032890132960,0
1512,0800,0,2026-06-14 03:16:00,0.7655703289013296,0
1513,0914,0,2026-06-14 03:16:00,0.9188243526941917,1
1514,0219,0,2026-06-14 03:16:10,0.4688593421973408,0
1515,0231,0,2026-06-14 03:16:10,0.6557032890132960,0
1516,0292,0,2026-06-14 03:16:10,1.0000000000000000,0
1517,0641,0,2026-06-14 03:16:10,0.0619314205738279,0
1518,0749,0,2026-06-14 03:16:10,0.6557032890132960,0
1519,0749,0,2026-06-14 03:16:10,0.6557032890132960,0
1520,0800,0,2026-06-14 03:16:10,0.7655703289013296,0
1521,0914,0,2026-06-14 03:16:10,0.9188243526941917,1
1522,0219,0,2026-06-14 03:16:20,0.4688593421973408,0
1523,0231,0,2026-06-14 03:16:20,0.6557032890132960,0
1524,0292,0,2026-06-14 03:16:20,1.0000000000000000,0
1525,0354,0,2026-06-14 03:16:20,0.6014695591322603,0
1526,0641,0,2026-06-14 03:16:20,0.0619314205738279,0
1527,0749,0,2026-06-14 03:16:20,0.6557032890132960,0
1528,0749,0,2026-06-14 03:16:20,0.6557032890132960,0
1529,0800,0,2026-06-14 03:16:20,0.7655703289013296,0
1530,0914,0,2026-06-14 03:16:20,0.9188243526941917,0
1531,0219,0,2026-06-14 03:16:30,0.4688593421973408,0
1532,0231,0,2026-06-14 03:16:30,0.6557032890132960,0
1533,0285,0,2026-06-14 03:16:30,0.0619314205738279,0
1534,0292,0,2026-06-14 03:16:30,1.0000000000000000,0
1535,0354,0,2026-06-14 03:16:30,0.6014695591322603,0
1536,0641,0,2026-06-14 03:16:30,0.0619314205738279,1
1537,0749,0,2026-06-14 03:16:30,0.6557032890132960,0
1538,0749,0,2026-06-14 03:16:30,0.6557032890132960,0
1539,0800,0,2026-06-14 03:16:30,0.7655703289013296,0
1540,0914,0,2026-06-14 03:16:30,0.9188243526941917,0
1541,0219,0,2026-06-14 03:16:40,0.4688593421973408,1
1542,0231,0,2026-06-14 03:16:40,0.6557032890132960,0
1543,0285,0,2026-06-14 03:16:40,0.0619314205738279,0
1544,0292,0,2026-06-14 03:16:40,1.0000000000000000,0
1545,0354,0,2026-06-14 03:16:40,0.6014695591322603,0
1546,0641,0,2026-06-14 03:16:40,0.0619314205738279,0
1547,0749,0,2026-06-14 03:16:40,0.6557032890132960,0
1548,0800,0,2026-06-14 03:16:40,0.7655703289013296,0
1549,0914,0,2026-06-14 03:16:40,0.9188243526941917,0
1550,0219,0,2026-06-14 03:16:50,0.4688593421973408,0
1551,0231,0,2026-06-14 03:16:50,0.6557032890132960,0
1552,0285,0,2026-06-14 03:16:50,0.0619314205738279,0
1553,0292,0,2026-06-14 03:16:50,1.0000000000000000,0
1554,0354,0,2026-06-14 03:16:50,0.6014695591322603,0
1555,0641,0,2026-06-14 03:16:50,0.0619314205738279,0
1556,0749,0,2026-06-14 03:16:50,0.6557032890132960,0
1557,0800,0,2026-06-14 03:16:50,0.7655703289013296,0
1558,0914,0,2026-06-14 03:16:50,0.9188243526941917,0
1559,0219,0,2026-06-14 03:17:00,0.4688593421973408,0
1560,0231,0,2026-06-14 03:17:00,0.6557032890132960,0
1561,0285,0,2026-06-14 03:17:00,0.0619314205738279,0
1562,0354,0,2026-06-14 03:17:00,0.6014695591322603,0
1563,0641,0,2026-06-14 03:17:00,0.0619314205738279,0
1564,0749,0,2026-06-14 03:17:00,0.6557032890132960,0
1565,0800,0,2026-06-14 03:17:00,0.7655703289013296,1
1566,0870,0,2026-06-14 03:17:00,0.7655703289013296,0
1567,0914,0,2026-06-14 03:17:00,0.9188243526941917,0
1568,0219,0,2026-06-14 03:17:10,0.4688593421973408,0
1569,0231,0,2026-06-14 03:17:10,0.6557032890132960,1
1570,0285,0,2026-06-14 03:17:10,0.0619314205738279,0
1571,0354,0,2026-06-14 03:17:10,0.6014695591322603,0
1572,0800,0,2026-06-14 03:17:10,0.7655703289013296,0
1573,0870,0,2026-06-14 03:17:10,0.7655703289013296,0
1574,0914,0,2026-06-14 03:17:10,0.9188243526941917,0
1575,0219,0,2026-06-14 03:17:20,0.4688593421973408,0
1576,0231,0,2026-06-14 03:17:20,0.6557032890132960,1
1577,0285,0,2026-06-14 03:17:20,0.0619314205738279,0
1578,0354,0,2026-06-14 03:17:20,0.6014695591322603,0
1579,0800,0,2026-06-14 03:17:20,0.7655703289013296,0
1580,0870,0,2026-06-14 03:17:20,0.7655703289013296,0
1581,0914,0,2026-06-14 03:17:20,0.9188243526941917,0
1582,0231,0,2026-06-14 03:17:30,0.6557032890132960,0
1583,0285,0,2026-06-14 03:17:30,0.0619314205738279,0
1584,0354,0,2026-06-14 03:17:30,0.6014695591322603,0
1585,0800,0,2026-06-14 03:17:30,0.7655703289013296,1
1586,0870,0,2026-06-14 03:17:30,0.7655703289013296,0
1587,0914,0,2026-06-14 03:17:30,0.9188243526941917,0
1588,0231,0,2026-06-14 03:17:40,0.6557032890132960,0
1589,0285,0,2026-06-14 03:17:40,0.0619314205738279,1
1590,0354,0,2026-06-14 03:17:40,0.6014695591322603,0
1591,0800,0,2026-06-14 03:17:40,0.7655703289013296,0
1592,0870,0,2026-06-14 03:17:40,0.7655703289013296,0
1593,0914,0,2026-06-14 03:17:40,0.9188243526941917,0
1594,0285,0,2026-06-14 03:17:50,0.0619314205738279,0
1595,0354,0,2026-06-14 03:17:50,0.6014695591322603,0
1596,0870,0,2026-06-14 03:17:50,0.7655703289013296,0
1597,0285,0,2026-06-14 03:18:00,0.0619314205738279,0
1598,0354,0,2026-06-14 03:18:00,0.6014695591322603,0
1599,0870,0,2026-06-14 03:18:00,0.7655703289013296,0
1600,0354,0,2026-06-14 03:18:10,0.6014695591322603,1
1601,0870,0,2026-06-14 03:18:10,0.7655703289013296,0
1602,0870,0,2026-06-14 03:18:20,0.7655703289013296,0
1603,0870,0,2026-06-14 03:18:30,0.7655703289013296,0
1604,0870,0,2026-06-14 03:18:40,0.7655703289013296,1
1605,0342,0,2026-06-14 04:39:50,0.4688593421973408,0
1606,0342,0,2026-06-14 04:40:00,0.4688593421973408,0
1607,0342,0,2026-06-14 04:40:10,0.4688593421973408,1
1608,0342,0,2026-06-14 04:40:20,0.4688593421973408,1
1609,0342,0,2026-06-14 04:40:30,0.4688593421973408,0
1610,0328,0,2026-06-14 04:40:40,0.7655703289013296,0
1611,0342,0,2026-06-14 04:40:40,0.4688593421973408,0
1612,0577,0,2026-06-14 04:40:40,0.8369489153254024,0
1613,0328,0,2026-06-14 04:40:50,0.7655703289013296,0
1614,0342,0,2026-06-14 04:40:50,0.4688593421973408,0
1615,0507,0,2026-06-14 04:40:50,0.6014695591322603,0
1616,0577,0,2026-06-14 04:40:50,0.8369489153254024,0
1617,0328,0,2026-06-14 04:41:00,0.7655703289013296,0
1618,0342,0,2026-06-14 04:41:00,0.4688593421973408,0
1619,0507,0,2026-06-14 04:41:00,0.6014695591322603,0
1620,0577,0,2026-06-14 04:41:00,0.8369489153254024,0
1621,0328,0,2026-06-14 04:41:10,0.7655703289013296,0
1622,0342,0,2026-06-14 04:41:10,0.4688593421973408,0
1623,0507,0,2026-06-14 04:41:10,0.6014695591322603,0
1624,0577,0,2026-06-14 04:41:10,0.8369489153254024,0
1625,0328,0,2026-06-14 04:41:20,0.7655703289013296,0
1626,0342,0,2026-06-14 04:41:20,0.4688593421973408,0
1627,0507,0,2026-06-14 04:41:20,0.6014695591322603,0
1628,0577,0,2026-06-14 04:41:20,0.8369489153254024,0
1629,0328,0,2026-06-14 04:41:30,0.7655703289013296,0
1630,0342,0,2026-06-14 04:41:30,0.4688593421973408,0
1631,0507,0,2026-06-14 04:41:30,0.6014695591322603,0
1632,0577,0,2026-06-14 04:41:30,0.8369489153254024,0
1633,0328,0,2026-06-14 04:41:40,0.7655703289013296,0
1634,0342,0,2026-06-14 04:41:40,0.4688593421973408,0
1635,0507,0,2026-06-14 04:41:40,0.6014695591322603,0
1636,0577,0,2026-06-14 04:41:40,0.8369489153254024,0
1637,0328,0,2026-06-14 04:41:50,0.7655703289013296,0
1638,0507,0,2026-06-14 04:41:50,0.6014695591322603,0
1639,0577,0,2026-06-14 04:41:50,0.8369489153254024,1
1640,0328,0,2026-06-14 04:42:00,0.7655703289013296,0
1641,0507,0,2026-06-14 04:42:00,0.6014695591322603,1
1642,0577,0,2026-06-14 04:42:00,0.8369489153254024,0
1643,0328,0,2026-06-14 04:42:10,0.7655703289013296,1
1644,0507,0,2026-06-14 04:42:10,0.6014695591322603,0
1645,0328,0,2026-06-14 04:42:20,0.7655703289013296,0
1646,0507,0,2026-06-14 04:42:20,0.6014695591322603,0
1647,0328,0,2026-06-14 04:42:30,0.7655703289013296,0
1648,0507,0,2026-06-14 04:42:30,0.6014695591322603,1
1649,0701,0,2026-06-14 04:44:00,0.8369489153254024,0
1650,0701,0,2026-06-14 04:44:10,0.8369489153254024,0
1651,0701,0,2026-06-14 04:44:20,0.8369489153254024,0
1652,0701,0,2026-06-14 04:44:30,0.8369489153254024,0
1653,0701,0,2026-06-14 04:44:40,0.8369489153254024,0
1654,0701,0,2026-06-14 04:44:50,0.8369489153254024,0
1655,0701,0,2026-06-14 04:45:00,0.8369489153254024,0
1656,0761,0,2026-06-14 04:45:00,0.3750874737578727,0
1657,0701,0,2026-06-14 04:45:10,0.8369489153254024,0
1658,0761,0,2026-06-14 04:45:10,0.3750874737578727,1
1659,0701,0,2026-06-14 04:45:20,0.8369489153254024,0
1660,0761,0,2026-06-14 04:45:20,0.3750874737578727,0
1661,0701,0,2026-06-14 04:45:30,0.8369489153254024,1
1662,0761,0,2026-06-14 04:45:30,0.3750874737578727,0
1663,0701,0,2026-06-14 04:45:40,0.8369489153254024,1
1664,0865,0,2026-06-14 04:45:50,0.8369489153254024,0
1665,0865,0,2026-06-14 04:46:00,0.8369489153254024,0
1666,0865,0,2026-06-14 04:46:10,0.8369489153254024,1
1667,0865,0,2026-06-14 04:46:20,0.8369489153254024,0
1668,0865,0,2026-06-14 04:46:30,0.8369489153254024,0
1669,0865,0,2026-06-14 04:46:40,0.8369489153254024,0
1670,1000,0,2026-06-14 04:47:50,0.2722183344996501,1
1671,0115,0,2026-06-14 04:48:00,0.1375087473757873,0
1672,1000,0,2026-06-14 04:48:00,0.2722183344996501,0
1673,0115,0,2026-06-14 04:48:10,0.1375087473757873,0
1674,0470,0,2026-06-14 04:48:10,0.1875437368789363,0
1675,1000,0,2026-06-14 04:48:10,0.2722183344996501,0
1676,0115,0,2026-06-14 04:48:20,0.1375087473757873,0
1677,0148,0,2026-06-14 04:48:20,0.8369489153254024,0
1678,0470,0,2026-06-14 04:48:20,0.1875437368789363,0
1679,0586,0,2026-06-14 04:48:20,0.1875437368789363,0
1680,0737,0,2026-06-14 04:48:20,0.8369489153254024,1
1681,1000,0,2026-06-14 04:48:20,0.2722183344996501,0
1682,0110,0,2026-06-14 04:48:30,0.3750874737578727,0
1683,0115,0,2026-06-14 04:48:30,0.1375087473757873,0
1684,0148,0,2026-06-14 04:48:30,0.8369489153254024,1
1685,0206,0,2026-06-14 04:48:30,0.8369489153254024,0
1686,0309,0,2026-06-14 04:48:30,0.5290412876137159,0
1687,0470,0,2026-06-14 04:48:30,0.1875437368789363,0
1688,0586,0,2026-06-14 04:48:30,0.1875437368789363,0
1689,0737,0,2026-06-14 04:48:30,0.8369489153254024,0
1690,1000,0,2026-06-14 04:48:30,0.2722183344996501,0
1691,0110,0,2026-06-14 04:48:40,0.3750874737578727,0
1692,0115,0,2026-06-14 04:48:40,0.1375087473757873,0
1693,0148,0,2026-06-14 04:48:40,0.8369489153254024,0
1694,0206,0,2026-06-14 04:48:40,0.8369489153254024,0
1695,0309,0,2026-06-14 04:48:40,0.5290412876137159,0
1696,0470,0,2026-06-14 04:48:40,0.1875437368789363,0
1697,0586,0,2026-06-14 04:48:40,0.1875437368789363,0
1698,0647,0,2026-06-14 04:48:40,0.7655703289013296,1
1699,0737,0,2026-06-14 04:48:40,0.8369489153254024,0
1700,1000,0,2026-06-14 04:48:40,0.2722183344996501,0
1701,0110,0,2026-06-14 04:48:50,0.3750874737578727,0
1702,0115,0,2026-06-14 04:48:50,0.1375087473757873,0
1703,0148,0,2026-06-14 04:48:50,0.8369489153254024,0
1704,0206,0,2026-06-14 04:48:50,0.8369489153254024,0
1705,0470,0,2026-06-14 04:48:50,0.1875437368789363,0
1706,0586,0,2026-06-14 04:48:50,0.1875437368789363,0
1707,0647,0,2026-06-14 04:48:50,0.7655703289013296,1
1708,0737,0,2026-06-14 04:48:50,0.8369489153254024,0
1709,1000,0,2026-06-14 04:48:50,0.2722183344996501,0
1710,0110,0,2026-06-14 04:49:00,0.3750874737578727,0
1711,0115,0,2026-06-14 04:49:00,0.1375087473757873,0
1712,0148,0,2026-06-14 04:49:00,0.8369489153254024,0
1713,0206,0,2026-06-14 04:49:00,0.8369489153254024,0
1714,0470,0,2026-06-14 04:49:00,0.1875437368789363,0
1715,0586,0,2026-06-14 04:49:00,0.1875437368789363,0
1716,0647,0,2026-06-14 04:49:00,0.7655703289013296,0
1717,0737,0,2026-06-14 04:49:00,0.8369489153254024,0
1718,1000,0,2026-06-14 04:49:00,0.2722183344996501,0
1719,0110,0,2026-06-14 04:49:10,0.3750874737578727,0
1720,0115,0,2026-06-14 04:49:10,0.1375087473757873,0
1721,0148,0,2026-06-14 04:49:10,0.8369489153254024,0
1722,0206,0,2026-06-14 04:49:10,0.8369489153254024,1
1723,0470,0,2026-06-14 04:49:10,0.1875437368789363,0
1724,0488,0,2026-06-14 04:49:10,0.9188243526941917,0
1725,0647,0,2026-06-14 04:49:10,0.7655703289013296,0
1726,1000,0,2026-06-14 04:49:10,0.2722183344996501,0
1727,0110,0,2026-06-14 04:49:20,0.3750874737578727,0
1728,0115,0,2026-06-14 04:49:20,0.1375087473757873,0
1729,0148,0,2026-06-14 04:49:20,0.8369489153254024,0
1730,0206,0,2026-06-14 04:49:20,0.8369489153254024,0
1731,0470,0,2026-06-14 04:49:20,0.1875437368789363,0
1732,0488,0,2026-06-14 04:49:20,0.9188243526941917,0
1733,0647,0,2026-06-14 04:49:20,0.7655703289013296,0
1734,0824,0,2026-06-14 04:49:20,1.0000000000000000,1
1735,0110,0,2026-06-14 04:49:30,0.3750874737578727,0
1736,0115,0,2026-06-14 04:49:30,0.1375087473757873,0
1737,0148,0,2026-06-14 04:49:30,0.8369489153254024,0
1738,0206,0,2026-06-14 04:49:30,0.8369489153254024,0
1739,0470,0,2026-06-14 04:49:30,0.1875437368789363,0
1740,0488,0,2026-06-14 04:49:30,0.9188243526941917,0
1741,0647,0,2026-06-14 04:49:30,0.7655703289013296,0
1742,0824,0,2026-06-14 04:49:30,1.0000000000000000,1
1743,0110,0,2026-06-14 04:49:40,0.3750874737578727,0
1744,0115,0,2026-06-14 04:49:40,0.1375087473757873,0
1745,0148,0,2026-06-14 04:49:40,0.8369489153254024,0
1746,0206,0,2026-06-14 04:49:40,0.8369489153254024,0
1747,0470,0,2026-06-14 04:49:40,0.1875437368789363,0
1748,0488,0,2026-06-14 04:49:40,0.9188243526941917,0
1749,0488,0,2026-06-14 04:49:40,0.9188243526941917,0
1750,0647,0,2026-06-14 04:49:40,0.7655703289013296,0
1751,0824,0,2026-06-14 04:49:40,1.0000000000000000,0
1752,0110,0,2026-06-14 04:49:50,0.3750874737578727,0
1753,0115,0,2026-06-14 04:49:50,0.1375087473757873,0
1754,0206,0,2026-06-14 04:49:50,0.8369489153254024,0
1755,0470,0,2026-06-14 04:49:50,0.1875437368789363,0
1756,0488,0,2026-06-14 04:49:50,0.9188243526941917,0
1757,0488,0,2026-06-14 04:49:50,0.9188243526941917,0
1758,0647,0,2026-06-14 04:49:50,0.7655703289013296,0
1759,0824,0,2026-06-14 04:49:50,1.0000000000000000,0
1760,0855,0,2026-06-14 04:49:50,0.7655703289013296,0
1761,0110,0,2026-06-14 04:50:00,0.3750874737578727,0
1762,0206,0,2026-06-14 04:50:00,0.8369489153254024,0
1763,0488,0,2026-06-14 04:50:00,0.9188243526941917,0
1764,0488,0,2026-06-14 04:50:00,0.9188243526941917,0
1765,0824,0,2026-06-14 04:50:00,1.0000000000000000,0
1766,0855,0,2026-06-14 04:50:00,0.7655703289013296,1
1767,0206,0,2026-06-14 04:50:10,0.8369489153254024,0
1768,0488,0,2026-06-14 04:50:10,0.9188243526941917,0
1769,0488,0,2026-06-14 04:50:10,0.9188243526941917,0
1770,0824,0,2026-06-14 04:50:10,1.0000000000000000,0
1771,0855,0,2026-06-14 04:50:10,0.7655703289013296,1
1772,0488,0,2026-06-14 04:50:20,0.9188243526941917,0
1773,0488,0,2026-06-14 04:50:20,0.9188243526941917,0
1774,0824,0,2026-06-14 04:50:20,1.0000000000000000,0
1775,0855,0,2026-06-14 04:50:20,0.7655703289013296,0
1776,0931,0,2026-06-14 04:50:20,0.9188243526941917,0
1777,0488,0,2026-06-14 04:50:30,0.9188243526941917,0
1778,0488,0,2026-06-14 04:50:30,0.9188243526941917,1
1779,0824,0,2026-06-14 04:50:30,1.0000000000000000,0
1780,0931,0,2026-06-14 04:50:30,0.9188243526941917,0
1781,0488,0,2026-06-14 04:50:40,0.9188243526941917,0
1782,0779,0,2026-06-14 04:50:40,1.0000000000000000,0
1783,0814,0,2026-06-14 04:50:40,0.1875437368789363,0
1784,0824,0,2026-06-14 04:50:40,1.0000000000000000,0
1785,0931,0,2026-06-14 04:50:40,0.9188243526941917,0
1786,0950,0,2026-06-14 04:50:40,0.1375087473757873,0
1787,0488,0,2026-06-14 04:50:50,0.9188243526941917,0
1788,0746,0,2026-06-14 04:50:50,0.2722183344996501,0
1789,0779,0,2026-06-14 04:50:50,1.0000000000000000,0
1790,0814,0,2026-06-14 04:50:50,0.1875437368789363,0
1791,0824,0,2026-06-14 04:50:50,1.0000000000000000,0
1792,0931,0,2026-06-14 04:50:50,0.9188243526941917,0
1793,0950,0,2026-06-14 04:50:50,0.1375087473757873,0
1794,0488,0,2026-06-14 04:51:00,0.9188243526941917,1
1795,0746,0,2026-06-14 04:51:00,0.2722183344996501,0
1796,0779,0,2026-06-14 04:51:00,1.0000000000000000,0
1797,0814,0,2026-06-14 04:51:00,0.1875437368789363,0
1798,0931,0,2026-06-14 04:51:00,0.9188243526941917,0
1799,0950,0,2026-06-14 04:51:00,0.1375087473757873,0
1800,0123,0,2026-06-14 04:51:10,0.5290412876137159,0
1801,0746,0,2026-06-14 04:51:10,0.2722183344996501,0
1802,0779,0,2026-06-14 04:51:10,1.0000000000000000,0
1803,0814,0,2026-06-14 04:51:10,0.1875437368789363,0
1804,0931,0,2026-06-14 04:51:10,0.9188243526941917,0
1805,0950,0,2026-06-14 04:51:10,0.1375087473757873,0
1806,0123,0,2026-06-14 04:51:20,0.5290412876137159,0
1807,0746,0,2026-06-14 04:51:20,0.2722183344996501,0
1808,0779,0,2026-06-14 04:51:20,1.0000000000000000,0
1809,0814,0,2026-06-14 04:51:20,0.1875437368789363,0
1810,0931,0,2026-06-14 04:51:20,0.9188243526941917,1
1811,0950,0,2026-06-14 04:51:20,0.1375087473757873,0
1812,0123,0,2026-06-14 04:51:30,0.5290412876137159,0
1813,0746,0,2026-06-14 04:51:30,0.2722183344996501,0
1814,0779,0,2026-06-14 04:51:30,1.0000000000000000,0
1815,0814,0,2026-06-14 04:51:30,0.1875437368789363,0
1816,0850,0,2026-06-14 04:51:30,0.1375087473757873,0
1817,0931,0,2026-06-14 04:51:30,0.9188243526941917,0
1818,0950,0,2026-06-14 04:51:30,0.1375087473757873,0
1819,0123,0,2026-06-14 04:51:40,0.5290412876137159,0
1820,0746,0,2026-06-14 04:51:40,0.2722183344996501,0
1821,0779,0,2026-06-14 04:51:40,1.0000000000000000,1
1822,0814,0,2026-06-14 04:51:40,0.1875437368789363,0
1823,0850,0,2026-06-14 04:51:40,0.1375087473757873,0
1824,0931,0,2026-06-14 04:51:40,0.9188243526941917,0
1825,0950,0,2026-06-14 04:51:40,0.1375087473757873,0
1826,0123,0,2026-06-14 04:51:50,0.5290412876137159,0
1827,0746,0,2026-06-14 04:51:50,0.2722183344996501,0
1828,0779,0,2026-06-14 04:51:50,1.0000000000000000,0
1829,0814,0,2026-06-14 04:51:50,0.1875437368789363,0
1830,0850,0,2026-06-14 04:51:50,0.1375087473757873,0
1831,0931,0,2026-06-14 04:51:50,0.9188243526941917,0
1832,0950,0,2026-06-14 04:51:50,0.1375087473757873,0
1833,0443,0,2026-06-14 04:52:00,0.3750874737578727,0
1834,0746,0,2026-06-14 04:52:00,0.2722183344996501,0
1835,0779,0,2026-06-14 04:52:00,1.0000000000000000,0
1836,0814,0,2026-06-14 04:52:00,0.1875437368789363,0
1837,0850,0,2026-06-14 04:52:00,0.1375087473757873,0
1838,0911,0,2026-06-14 04:52:00,0.2722183344996501,0
1839,0931,0,2026-06-14 04:52:00,0.9188243526941917,0
1840,0950,0,2026-06-14 04:52:00,0.1375087473757873,0
1841,0991,0,2026-06-14 04:52:00,0.8369489153254024,1
1842,0408,0,2026-06-14 04:52:10,0.4688593421973408,0
1843,0443,0,2026-06-14 04:52:10,0.3750874737578727,0
1844,0447,0,2026-06-14 04:52:10,0.6557032890132960,0
1845,0746,0,2026-06-14 04:52:10,0.2722183344996501,0
1846,0779,0,2026-06-14 04:52:10,1.0000000000000000,0
1847,0814,0,2026-06-14 04:52:10,0.1875437368789363,0
1848,0850,0,2026-06-14 04:52:10,0.1375087473757873,0
1849,0911,0,2026-06-14 04:52:10,0.2722183344996501,1
1850,0943,0,2026-06-14 04:52:10,0.1375087473757873,0
1851,0950,0,2026-06-14 04:52:10,0.1375087473757873,0
1852,0991,0,2026-06-14 04:52:10,0.8369489153254024,0
1853,0408,0,2026-06-14 04:52:20,0.4688593421973408,0
1854,0443,0,2026-06-14 04:52:20,0.3750874737578727,1
1855,0447,0,2026-06-14 04:52:20,0.6557032890132960,0
1856,0746,0,2026-06-14 04:52:20,0.2722183344996501,0
1857,0779,0,2026-06-14 04:52:20,1.0000000000000000,0
1858,0814,0,2026-06-14 04:52:20,0.1875437368789363,0
1859,0850,0,2026-06-14 04:52:20,0.1375087473757873,0
1860,0911,0,2026-06-14 04:52:20,0.2722183344996501,0
1861,0943,0,2026-06-14 04:52:20,0.1375087473757873,0
1862,0950,0,2026-06-14 04:52:20,0.1375087473757873,0
1863,0991,0,2026-06-14 04:52:20,0.8369489153254024,0
1864,0097,0,2026-06-14 04:52:30,0.9188243526941917,0
1865,0249,0,2026-06-14 04:52:30,0.7655703289013296,0
1866,0408,0,2026-06-14 04:52:30,0.4688593421973408,0
1867,0443,0,2026-06-14 04:52:30,0.3750874737578727,0
1868,0447,0,2026-06-14 04:52:30,0.6557032890132960,0
1869,0746,0,2026-06-14 04:52:30,0.2722183344996501,0
1870,0779,0,2026-06-14 04:52:30,1.0000000000000000,0
1871,0850,0,2026-06-14 04:52:30,0.1375087473757873,0
1872,0894,0,2026-06-14 04:52:30,0.3750874737578727,0
1873,0911,0,2026-06-14 04:52:30,0.2722183344996501,0
1874,0926,0,2026-06-14 04:52:30,0.2722183344996501,0
1875,0943,0,2026-06-14 04:52:30,0.1375087473757873,0
1876,0991,0,2026-06-14 04:52:30,0.8369489153254024,0
1877,0097,0,2026-06-14 04:52:40,0.9188243526941917,0
1878,0249,0,2026-06-14 04:52:40,0.7655703289013296,0
1879,0408,0,2026-06-14 04:52:40,0.4688593421973408,1
1880,0443,0,2026-06-14 04:52:40,0.3750874737578727,0
1881,0447,0,2026-06-14 04:52:40,0.6557032890132960,0
1882,0447,0,2026-06-14 04:52:40,0.6557032890132960,0
1883,0630,0,2026-06-14 04:52:40,0.8369489153254024,0
1884,0850,0,2026-06-14 04:52:40,0.1375087473757873,0
1885,0894,0,2026-06-14 04:52:40,0.3750874737578727,0
1886,0911,0,2026-06-14 04:52:40,0.2722183344996501,0
1887,0926,0,2026-06-14 04:52:40,0.2722183344996501,0
1888,0943,0,2026-06-14 04:52:40,0.1375087473757873,0
1889,0991,0,2026-06-14 04:52:40,0.8369489153254024,0
1890,0097,0,2026-06-14 04:52:50,0.9188243526941917,0
1891,0249,0,2026-06-14 04:52:50,0.7655703289013296,0
1892,0408,0,2026-06-14 04:52:50,0.4688593421973408,0
1893,0443,0,2026-06-14 04:52:50,0.3750874737578727,0
1894,0447,0,2026-06-14 04:52:50,0.6557032890132960,0
1895,0447,0,2026-06-14 04:52:50,0.6557032890132960,0
1896,0630,0,2026-06-14 04:52:50,0.8369489153254024,0
1897,0850,0,2026-06-14 04:52:50,0.1375087473757873,0
1898,0894,0,2026-06-14 04:52:50,0.3750874737578727,0
1899,0911,0,2026-06-14 04:52:50,0.2722183344996501,0
1900,0926,0,2026-06-14 04:52:50,0.2722183344996501,0
1901,0943,0,2026-06-14 04:52:50,0.1375087473757873,0
1902,0991,0,2026-06-14 04:52:50,0.8369489153254024,0
1903,0097,0,2026-06-14 04:53:00,0.9188243526941917,0
1904,0097,0,2026-06-14 04:53:00,0.9188243526941917,1
1905,0249,0,2026-06-14 04:53:00,0.7655703289013296,0
1906,0408,0,2026-06-14 04:53:00,0.4688593421973408,0
1907,0443,0,2026-06-14 04:53:00,0.3750874737578727,0
1908,0447,0,2026-06-14 04:53:00,0.6557032890132960,0
1909,0521,0,2026-06-14 04:53:00,0.4688593421973408,0
1910,0602,0,2026-06-14 04:53:00,0.1875437368789363,0
1911,0630,0,2026-06-14 04:53:00,0.8369489153254024,0
1912,0642,0,2026-06-14 04:53:00,0.3750874737578727,0
1913,0850,0,2026-06-14 04:53:00,0.1375087473757873,0
1914,0894,0,2026-06-14 04:53:00,0.3750874737578727,0
1915,0911,0,2026-06-14 04:53:00,0.2722183344996501,0
1916,0926,0,2026-06-14 04:53:00,0.2722183344996501,0
1917,0943,0,2026-06-14 04:53:00,0.1375087473757873,0
1918,0991,0,2026-06-14 04:53:00,0.8369489153254024,0
1919,0097,0,2026-06-14 04:53:10,0.9188243526941917,0
1920,0097,0,2026-06-14 04:53:10,0.9188243526941917,0
1921,0249,0,2026-06-14 04:53:10,0.7655703289013296,0
1922,0408,0,2026-06-14 04:53:10,0.4688593421973408,0
1923,0443,0,2026-06-14 04:53:10,0.3750874737578727,0
1924,0447,0,2026-06-14 04:53:10,0.6557032890132960,0
1925,0521,0,2026-06-14 04:53:10,0.4688593421973408,1
1926,0602,0,2026-06-14 04:53:10,0.1875437368789363,0
1927,0630,0,2026-06-14 04:53:10,0.8369489153254024,0
1928,0642,0,2026-06-14 04:53:10,0.3750874737578727,0
1929,0850,0,2026-06-14 04:53:10,0.1375087473757873,0
1930,0894,0,2026-06-14 04:53:10,0.3750874737578727,0
1931,0911,0,2026-06-14 04:53:10,0.2722183344996501,0
1932,0926,0,2026-06-14 04:53:10,0.2722183344996501,0
1933,0943,0,2026-06-14 04:53:10,0.1375087473757873,0
1934,0991,0,2026-06-14 04:53:10,0.8369489153254024,0
1935,0097,0,2026-06-14 04:53:20,0.9188243526941917,0
1936,0097,0,2026-06-14 04:53:20,0.9188243526941917,0
1937,0249,0,2026-06-14 04:53:20,0.7655703289013296,1
1938,0408,0,2026-06-14 04:53:20,0.4688593421973408,0
1939,0443,0,2026-06-14 04:53:20,0.3750874737578727,0
1940,0447,0,2026-06-14 04:53:20,0.6557032890132960,0
1941,0521,0,2026-06-14 04:53:20,0.4688593421973408,0
1942,0602,0,2026-06-14 04:53:20,0.1875437368789363,0
1943,0630,0,2026-06-14 04:53:20,0.8369489153254024,0
1944,0642,0,2026-06-14 04:53:20,0.3750874737578727,0
1945,0850,0,2026-06-14 04:53:20,0.1375087473757873,0
1946,0894,0,2026-06-14 04:53:20,0.3750874737578727,0
1947,0911,0,2026-06-14 04:53:20,0.2722183344996501,0
1948,0926,0,2026-06-14 04:53:20,0.2722183344996501,0
1949,0943,0,2026-06-14 04:53:20,0.1375087473757873,0
1950,0991,0,2026-06-14 04:53:20,0.8369489153254024,0
1951,0097,0,2026-06-14 04:53:30,0.9188243526941917,1
1952,0097,0,2026-06-14 04:53:30,0.9188243526941917,0
1953,0249,0,2026-06-14 04:53:30,0.7655703289013296,0
1954,0443,0,2026-06-14 04:53:30,0.3750874737578727,0
1955,0521,0,2026-06-14 04:53:30,0.4688593421973408,0
1956,0521,0,2026-06-14 04:53:30,0.4688593421973408,0
1957,0602,0,2026-06-14 04:53:30,0.1875437368789363,0
1958,0630,0,2026-06-14 04:53:30,0.8369489153254024,0
1959,0642,0,2026-06-14 04:53:30,0.3750874737578727,0
1960,0894,0,2026-06-14 04:53:30,0.3750874737578727,0
1961,0911,0,2026-06-14 04:53:30,0.2722183344996501,0
1962,0926,0,2026-06-14 04:53:30,0.2722183344996501,0
1963,0943,0,2026-06-14 04:53:30,0.1375087473757873,0
1964,0991,0,2026-06-14 04:53:30,0.8369489153254024,0
1965,0097,0,2026-06-14 04:53:40,0.9188243526941917,0
1966,0097,0,2026-06-14 04:53:40,0.9188243526941917,0
1967,0249,0,2026-06-14 04:53:40,0.7655703289013296,0
1968,0443,0,2026-06-14 04:53:40,0.3750874737578727,0
1969,0521,0,2026-06-14 04:53:40,0.4688593421973408,1
1970,0521,0,2026-06-14 04:53:40,0.4688593421973408,0
1971,0602,0,2026-06-14 04:53:40,0.1875437368789363,0
1972,0630,0,2026-06-14 04:53:40,0.8369489153254024,0
1973,0642,0,2026-06-14 04:53:40,0.3750874737578727,0
1974,0894,0,2026-06-14 04:53:40,0.3750874737578727,0
1975,0911,0,2026-06-14 04:53:40,0.2722183344996501,0
1976,0926,0,2026-06-14 04:53:40,0.2722183344996501,0
1977,0943,0,2026-06-14 04:53:40,0.1375087473757873,0
1978,0991,0,2026-06-14 04:53:40,0.8369489153254024,0
1979,0097,0,2026-06-14 04:53:50,0.9188243526941917,0
1980,0249,0,2026-06-14 04:53:50,0.7655703289013296,0
1981,0443,0,2026-06-14 04:53:50,0.3750874737578727,0
1982,0521,0,2026-06-14 04:53:50,0.4688593421973408,0
1983,0521,0,2026-06-14 04:53:50,0.4688593421973408,0
1984,0602,0,2026-06-14 04:53:50,0.1875437368789363,0
1985,0630,0,2026-06-14 04:53:50,0.8369489153254024,0
1986,0642,0,2026-06-14 04:53:50,0.3750874737578727,0
1987,0894,0,2026-06-14 04:53:50,0.3750874737578727,0
1988,0911,0,2026-06-14 04:53:50,0.2722183344996501,0
1989,0926,0,2026-06-14 04:53:50,0.2722183344996501,0
1990,0943,0,2026-06-14 04:53:50,0.1375087473757873,0
1991,0097,0,2026-06-14 04:54:00,0.9188243526941917,0
1992,0249,0,2026-06-14 04:54:00,0.7655703289013296,0
1993,0521,0,2026-06-14 04:54:00,0.4688593421973408,0
1994,0521,0,2026-06-14 04:54:00,0.4688593421973408,0
1995,0602,0,2026-06-14 04:54:00,0.1875437368789363,0
1996,0630,0,2026-06-14 04:54:00,0.8369489153254024,0
1997,0642,0,2026-06-14 04:54:00,0.3750874737578727,0
1998,0894,0,2026-06-14 04:54:00,0.3750874737578727,0
1999,0926,0,2026-06-14 04:54:00,0.2722183344996501,0
2000,0943,0,2026-06-14 04:54:00,0.1375087473757873,0
2001,0097,0,2026-06-14 04:54:10,0.9188243526941917,0
2002,0249,0,2026-06-14 04:54:10,0.7655703289013296,0
2003,0521,0,2026-06-14 04:54:10,0.4688593421973408,0
2004,0521,0,2026-06-14 04:54:10,0.4688593421973408,0
2005,0630,0,2026-06-14 04:54:10,0.8369489153254024,0
2006,0642,0,2026-06-14 04:54:10,0.3750874737578727,0
2007,0894,0,2026-06-14 04:54:10,0.3750874737578727,1
2008,0249,0,2026-06-14 04:54:20,0.7655703289013296,0
2009,0521,0,2026-06-14 04:54:20,0.4688593421973408,0
2010,0630,0,2026-06-14 04:54:20,0.8369489153254024,0
2011,0642,0,2026-06-14 04:54:20,0.3750874737578727,0
2012,0521,0,2026-06-14 04:54:30,0.4688593421973408,0
2013,0630,0,2026-06-14 04:54:30,0.8369489153254024,1
2014,0642,0,2026-06-14 04:54:30,0.3750874737578727,0
2015,0521,0,2026-06-14 04:54:40,0.4688593421973408,0
2016,0642,0,2026-06-14 04:54:40,0.3750874737578727,0
2017,0642,0,2026-06-14 04:54:50,0.3750874737578727,1
2018,0666,0,2026-06-14 06:19:10,0.5290412876137159,0
2019,0666,0,2026-06-14 06:19:20,0.5290412876137159,0
2020,0666,0,2026-06-14 06:19:30,0.5290412876137159,1
2021,0236,0,2026-06-14 06:19:40,0.8369489153254024,0
2022,0666,0,2026-06-14 06:19:40,0.5290412876137159,0
2023,0236,0,2026-06-14 06:19:50,0.8369489153254024,0
2024,0666,0,2026-06-14 06:19:50,0.5290412876137159,0
2025,0236,0,2026-06-14 06:20:00,0.8369489153254024,0
2026,0236,0,2026-06-14 06:20:10,0.8369489153254024,1
2027,0236,0,2026-06-14 06:20:20,0.8369489153254024,0
2028,0303,0,2026-06-14 06:20:50,0.7655703289013296,0
2029,0303,0,2026-06-14 06:21:00,0.7655703289013296,0
2030,0303,0,2026-06-14 06:21:10,0.7655703289013296,1
2031,0303,0,2026-06-14 06:21:20,0.7655703289013296,0
2032,0978,0,2026-06-14 06:21:20,0.6014695591322603,0
2033,0303,0,2026-06-14 06:21:30,0.7655703289013296,0
2034,0978,0,2026-06-14 06:21:30,0.6014695591322603,0
2035,0978,0,2026-06-14 06:21:40,0.6014695591322603,0
2036,0978,0,2026-06-14 06:21:50,0.6014695591322603,0
2037,0978,0,2026-06-14 06:22:00,0.6014695591322603,1
2038,0339,0,2026-06-14 06:23:50,0.7655703289013296,1
2039,0339,0,2026-06-14 06:24:00,0.7655703289013296,0
2040,0339,0,2026-06-14 06:24:10,0.7655703289013296,0
2041,0529,0,2026-06-14 06:24:10,0.7655703289013296,1
2042,0339,0,2026-06-14 06:24:20,0.7655703289013296,0
2043,0529,0,2026-06-14 06:24:20,0.7655703289013296,1
2044,0339,0,2026-06-14 06:24:30,0.7655703289013296,0
2045,0529,0,2026-06-14 06:24:30,0.7655703289013296,0
2046,0787,0,2026-06-14 06:24:30,0.8369489153254024,0
2047,0339,0,2026-06-14 06:24:40,0.7655703289013296,0
2048,0529,0,2026-06-14 06:24:40,0.7655703289013296,0
2049,0787,0,2026-06-14 06:24:40,0.8369489153254024,0
2050,0339,0,2026-06-14 06:24:50,0.7655703289013296,0
2051,0529,0,2026-06-14 06:24:50,0.7655703289013296,0
2052,0787,0,2026-06-14 06:24:50,0.8369489153254024,0
2053,0339,0,2026-06-14 06:25:00,0.7655703289013296,0
2054,0529,0,2026-06-14 06:25:00,0.7655703289013296,0
2055,0772,0,2026-06-14 06:25:00,0.1375087473757873,1
2056,0787,0,2026-06-14 06:25:00,0.8369489153254024,0
2057,0339,0,2026-06-14 06:25:10,0.7655703289013296,0
2058,0529,0,2026-06-14 06:25:10,0.7655703289013296,0
2059,0772,0,2026-06-14 06:25:10,0.1375087473757873,1
2060,0787,0,2026-06-14 06:25:10,0.8369489153254024,0
2061,0339,0,2026-06-14 06:25:20,0.7655703289013296,0
2062,0529,0,2026-06-14 06:25:20,0.7655703289013296,0
2063,0787,0,2026-06-14 06:25:20,0.8369489153254024,0
2064,0529,0,2026-06-14 06:25:30,0.7655703289013296,0
2065,0787,0,2026-06-14 06:25:30,0.8369489153254024,0
2066,0529,0,2026-06-14 06:25:40,0.7655703289013296,0
2067,0787,0,2026-06-14 06:25:40,0.8369489153254024,0
2068,0529,0,2026-06-14 06:25:50,0.7655703289013296,0
2069,0787,0,2026-06-14 06:25:50,0.8369489153254024,0
2070,0787,0,2026-06-14 06:26:00,0.8369489153254024,1
2071,0594,0,2026-06-14 06:26:50,0.7655703289013296,1
2072,0594,0,2026-06-14 06:27:00,0.7655703289013296,0
2073,0133,0,2026-06-14 06:27:10,0.6557032890132960,0
2074,0594,0,2026-06-14 06:27:10,0.7655703289013296,0
2075,0670,0,2026-06-14 06:27:10,0.7655703289013296,0
2076,0133,0,2026-06-14 06:27:20,0.6557032890132960,0
2077,0594,0,2026-06-14 06:27:20,0.7655703289013296,1
2078,0594,0,2026-06-14 06:27:20,0.7655703289013296,0
2079,0670,0,2026-06-14 06:27:20,0.7655703289013296,0
2080,0133,0,2026-06-14 06:27:30,0.6557032890132960,0
2081,0594,0,2026-06-14 06:27:30,0.7655703289013296,0
2082,0594,0,2026-06-14 06:27:30,0.7655703289013296,0
2083,0670,0,2026-06-14 06:27:30,0.7655703289013296,1
2084,0714,0,2026-06-14 06:27:30,0.7655703289013296,0
2085,0133,0,2026-06-14 06:27:40,0.6557032890132960,1
2086,0201,0,2026-06-14 06:27:40,0.4688593421973408,0
2087,0594,0,2026-06-14 06:27:40,0.7655703289013296,0
2088,0594,0,2026-06-14 06:27:40,0.7655703289013296,0
2089,0670,0,2026-06-14 06:27:40,0.7655703289013296,0
2090,0714,0,2026-06-14 06:27:40,0.7655703289013296,0
2091,0133,0,2026-06-14 06:27:50,0.6557032890132960,0
2092,0138,0,2026-06-14 06:27:50,0.1375087473757873,0
2093,0201,0,2026-06-14 06:27:50,0.4688593421973408,0
2094,0594,0,2026-06-14 06:27:50,0.7655703289013296,0
2095,0594,0,2026-06-14 06:27:50,0.7655703289013296,0
2096,0670,0,2026-06-14 06:27:50,0.7655703289013296,0
2097,0714,0,2026-06-14 06:27:50,0.7655703289013296,0
2098,0133,0,2026-06-14 06:28:00,0.6557032890132960,0
2099,0138,0,2026-06-14 06:28:00,0.1375087473757873,1
2100,0201,0,2026-06-14 06:28:00,0.4688593421973408,0
2101,0594,0,2026-06-14 06:28:00,0.7655703289013296,0
2102,0594,0,2026-06-14 06:28:00,0.7655703289013296,0
2103,0670,0,2026-06-14 06:28:00,0.7655703289013296,0
2104,0714,0,2026-06-14 06:28:00,0.7655703289013296,0
2105,0133,0,2026-06-14 06:28:10,0.6557032890132960,0
2106,0138,0,2026-06-14 06:28:10,0.1375087473757873,0
2107,0201,0,2026-06-14 06:28:10,0.4688593421973408,0
2108,0201,0,2026-06-14 06:28:10,0.4688593421973408,0
2109,0594,0,2026-06-14 06:28:10,0.7655703289013296,0
2110,0594,0,2026-06-14 06:28:10,0.7655703289013296,0
2111,0670,0,2026-06-14 06:28:10,0.7655703289013296,0
2112,0714,0,2026-06-14 06:28:10,0.7655703289013296,0
2113,0133,0,2026-06-14 06:28:20,0.6557032890132960,0
2114,0138,0,2026-06-14 06:28:20,0.1375087473757873,0
2115,0201,0,2026-06-14 06:28:20,0.4688593421973408,0
2116,0201,0,2026-06-14 06:28:20,0.4688593421973408,0
2117,0594,0,2026-06-14 06:28:20,0.7655703289013296,0
2118,0670,0,2026-06-14 06:28:20,0.7655703289013296,0
2119,0714,0,2026-06-14 06:28:20,0.7655703289013296,0
2120,0133,0,2026-06-14 06:28:30,0.6557032890132960,0
2121,0138,0,2026-06-14 06:28:30,0.1375087473757873,0
2122,0201,0,2026-06-14 06:28:30,0.4688593421973408,0
2123,0201,0,2026-06-14 06:28:30,0.4688593421973408,1
2124,0594,0,2026-06-14 06:28:30,0.7655703289013296,0
2125,0670,0,2026-06-14 06:28:30,0.7655703289013296,0
2126,0714,0,2026-06-14 06:28:30,0.7655703289013296,0
2127,0133,0,2026-06-14 06:28:40,0.6557032890132960,0
2128,0138,0,2026-06-14 06:28:40,0.1375087473757873,0
2129,0201,0,2026-06-14 06:28:40,0.4688593421973408,0
2130,0201,0,2026-06-14 06:28:40,0.4688593421973408,0
2131,0594,0,2026-06-14 06:28:40,0.7655703289013296,0
2132,0670,0,2026-06-14 06:28:40,0.7655703289013296,0
2133,0714,0,2026-06-14 06:28:40,0.7655703289013296,0
2134,0133,0,2026-06-14 06:28:50,0.6557032890132960,0
2135,0138,0,2026-06-14 06:28:50,0.1375087473757873,0
2136,0201,0,2026-06-14 06:28:50,0.4688593421973408,0
2137,0201,0,2026-06-14 06:28:50,0.4688593421973408,0
2138,0670,0,2026-06-14 06:28:50,0.7655703289013296,0
2139,0714,0,2026-06-14 06:28:50,0.7655703289013296,0
2140,0133,0,2026-06-14 06:29:00,0.6557032890132960,0
2141,0201,0,2026-06-14 06:29:00,0.4688593421973408,1
2142,0670,0,2026-06-14 06:29:00,0.7655703289013296,0
2143,0714,0,2026-06-14 06:29:00,0.7655703289013296,0
2144,0201,0,2026-06-14 06:29:10,0.4688593421973408,0
2145,0714,0,2026-06-14 06:29:10,0.7655703289013296,0
2146,0201,0,2026-06-14 06:29:20,0.4688593421973408,0
2147,0714,0,2026-06-14 06:29:20,0.7655703289013296,1
2148,0284,0,2026-06-14 06:38:40,0.1375087473757873,0
2149,0718,0,2026-06-14 06:38:40,0.3750874737578727,0
2150,0284,0,2026-06-14 06:38:50,0.1375087473757873,0
2151,0718,0,2026-06-14 06:38:50,0.3750874737578727,0
2152,0284,0,2026-06-14 06:39:00,0.1375087473757873,0
2153,0718,0,2026-06-14 06:39:00,0.3750874737578727,0
2154,0284,0,2026-06-14 06:39:10,0.1375087473757873,0
2155,0718,0,2026-06-14 06:39:10,0.3750874737578727,0
2156,0284,0,2026-06-14 06:39:20,0.1375087473757873,0
2157,0718,0,2026-06-14 06:39:20,0.3750874737578727,0
2158,0284,0,2026-06-14 06:39:30,0.1375087473757873,0
2159,0718,0,2026-06-14 06:39:30,0.3750874737578727,0
2160,0284,0,2026-06-14 06:39:40,0.1375087473757873,0
2161,0718,0,2026-06-14 06:39:40,0.3750874737578727,0
2162,0284,0,2026-06-14 06:39:50,0.1375087473757873,0
2163,0718,0,2026-06-14 06:39:50,0.3750874737578727,0
2164,0284,0,2026-06-14 06:40:00,0.1375087473757873,1
2165,0718,0,2026-06-14 06:40:00,0.3750874737578727,0
2166,0284,0,2026-06-14 06:40:10,0.1375087473757873,0
2167,0718,0,2026-06-14 06:40:10,0.3750874737578727,0
2168,0284,0,2026-06-14 06:40:20,0.1375087473757873,0
2169,0718,0,2026-06-14 06:40:20,0.3750874737578727,0
2170,0718,0,2026-06-14 06:40:30,0.3750874737578727,1
2171,0172,0,2026-06-14 07:55:40,0.3750874737578727,0
2172,0172,0,2026-06-14 07:55:50,0.3750874737578727,0
2173,0492,0,2026-06-14 07:55:50,1.0000000000000000,0
2174,0172,0,2026-06-14 07:56:00,0.3750874737578727,0
2175,0492,0,2026-06-14 07:56:00,1.0000000000000000,0
2176,0172,0,2026-06-14 07:56:10,0.3750874737578727,0
2177,0172,0,2026-06-14 07:56:10,0.3750874737578727,0
2178,0492,0,2026-06-14 07:56:10,1.0000000000000000,0
2179,0172,0,2026-06-14 07:56:20,0.3750874737578727,0
2180,0492,0,2026-06-14 07:56:20,1.0000000000000000,0
2181,0172,0,2026-06-14 07:56:30,0.3750874737578727,0
2182,0492,0,2026-06-14 07:56:30,1.0000000000000000,0
2183,0172,0,2026-06-14 07:56:40,0.3750874737578727,0
2184,0492,0,2026-06-14 07:56:40,1.0000000000000000,0
2185,0492,0,2026-06-14 07:56:50,1.0000000000000000,1
2186,0492,0,2026-06-14 07:57:00,1.0000000000000000,0
2187,0492,0,2026-06-14 07:57:10,1.0000000000000000,0
2188,0404,0,2026-06-14 07:57:20,0.6014695591322603,0
2189,0552,0,2026-06-14 07:57:20,0.5290412876137159,1
2190,0142,0,2026-06-14 07:57:30,0.5290412876137159,0
2191,0404,0,2026-06-14 07:57:30,0.6014695591322603,1
2192,0440,0,2026-06-14 07:57:30,0.0619314205738279,0
2193,0552,0,2026-06-14 07:57:30,0.5290412876137159,0
2194,0142,0,2026-06-14 07:57:40,0.5290412876137159,1
2195,0286,0,2026-06-14 07:57:40,1.0000000000000000,0
2196,0404,0,2026-06-14 07:57:40,0.6014695591322603,0
2197,0440,0,2026-06-14 07:57:40,0.0619314205738279,0
2198,0552,0,2026-06-14 07:57:40,0.5290412876137159,0
2199,0142,0,2026-06-14 07:57:50,0.5290412876137159,0
2200,0286,0,2026-06-14 07:57:50,1.0000000000000000,0
2201,0404,0,2026-06-14 07:57:50,0.6014695591322603,0
2202,0440,0,2026-06-14 07:57:50,0.0619314205738279,0
2203,0552,0,2026-06-14 07:57:50,0.5290412876137159,0
2204,0142,0,2026-06-14 07:58:00,0.5290412876137159,0
2205,0241,0,2026-06-14 07:58:00,0.3750874737578727,0
2206,0286,0,2026-06-14 07:58:00,1.0000000000000000,1
2207,0404,0,2026-06-14 07:58:00,0.6014695591322603,0
2208,0440,0,2026-06-14 07:58:00,0.0619314205738279,0
2209,0552,0,2026-06-14 07:58:00,0.5290412876137159,0
2210,0142,0,2026-06-14 07:58:10,0.5290412876137159,0
2211,0241,0,2026-06-14 07:58:10,0.3750874737578727,1
2212,0286,0,2026-06-14 07:58:10,1.0000000000000000,0
2213,0404,0,2026-06-14 07:58:10,0.6014695591322603,0
2214,0440,0,2026-06-14 07:58:10,0.0619314205738279,0
2215,0552,0,2026-06-14 07:58:10,0.5290412876137159,0
2216,0142,0,2026-06-14 07:58:20,0.5290412876137159,0
2217,0241,0,2026-06-14 07:58:20,0.3750874737578727,0
2218,0286,0,2026-06-14 07:58:20,1.0000000000000000,0
2219,0404,0,2026-06-14 07:58:20,0.6014695591322603,0
2220,0440,0,2026-06-14 07:58:20,0.0619314205738279,0
2221,0552,0,2026-06-14 07:58:20,0.5290412876137159,0
2222,0969,0,2026-06-14 07:58:20,0.2722183344996501,1
2223,0142,0,2026-06-14 07:58:30,0.5290412876137159,0
2224,0241,0,2026-06-14 07:58:30,0.3750874737578727,0
2225,0286,0,2026-06-14 07:58:30,1.0000000000000000,0
2226,0404,0,2026-06-14 07:58:30,0.6014695591322603,0
2227,0552,0,2026-06-14 07:58:30,0.5290412876137159,0
2228,0969,0,2026-06-14 07:58:30,0.2722183344996501,0
2229,0142,0,2026-06-14 07:58:40,0.5290412876137159,0
2230,0241,0,2026-06-14 07:58:40,0.3750874737578727,0
2231,0286,0,2026-06-14 07:58:40,1.0000000000000000,0
2232,0404,0,2026-06-14 07:58:40,0.6014695591322603,0
2233,0552,0,2026-06-14 07:58:40,0.5290412876137159,0
2234,0753,0,2026-06-14 07:58:40,0.7655703289013296,1
2235,0969,0,2026-06-14 07:58:40,0.2722183344996501,0
2236,0142,0,2026-06-14 07:58:50,0.5290412876137159,0
2237,0241,0,2026-06-14 07:58:50,0.3750874737578727,0
2238,0286,0,2026-06-14 07:58:50,1.0000000000000000,0
2239,0404,0,2026-06-14 07:58:50,0.6014695591322603,0
2240,0552,0,2026-06-14 07:58:50,0.5290412876137159,0
2241,0753,0,2026-06-14 07:58:50,0.7655703289013296,0
2242,0969,0,2026-06-14 07:58:50,0.2722183344996501,0
2243,0142,0,2026-06-14 07:59:00,0.5290412876137159,0
2244,0241,0,2026-06-14 07:59:00,0.3750874737578727,0
2245,0286,0,2026-06-14 07:59:00,1.0000000000000000,0
2246,0404,0,2026-06-14 07:59:00,0.6014695591322603,0
2247,0552,0,2026-06-14 07:59:00,0.5290412876137159,0
2248,0753,0,2026-06-14 07:59:00,0.7655703289013296,0
2249,0969,0,2026-06-14 07:59:00,0.2722183344996501,0
2250,0142,0,2026-06-14 07:59:10,0.5290412876137159,0
2251,0241,0,2026-06-14 07:59:10,0.3750874737578727,0
2252,0286,0,2026-06-14 07:59:10,1.0000000000000000,0
2253,0753,0,2026-06-14 07:59:10,0.7655703289013296,0
2254,0969,0,2026-06-14 07:59:10,0.2722183344996501,0
2255,0142,0,2026-06-14 07:59:20,0.5290412876137159,0
2256,0241,0,2026-06-14 07:59:20,0.3750874737578727,0
2257,0286,0,2026-06-14 07:59:20,1.0000000000000000,0
2258,0753,0,2026-06-14 07:59:20,0.7655703289013296,0
2259,0842,0,2026-06-14 07:59:20,0.1375087473757873,1
2260,0969,0,2026-06-14 07:59:20,0.2722183344996501,0
2261,0241,0,2026-06-14 07:59:30,0.3750874737578727,0
2262,0752,0,2026-06-14 07:59:30,0.8369489153254024,1
2263,0753,0,2026-06-14 07:59:30,0.7655703289013296,0
2264,0842,0,2026-06-14 07:59:30,0.1375087473757873,0
2265,0969,0,2026-06-14 07:59:30,0.2722183344996501,0
2266,0752,0,2026-06-14 07:59:40,0.8369489153254024,1
2267,0753,0,2026-06-14 07:59:40,0.7655703289013296,0
2268,0842,0,2026-06-14 07:59:40,0.1375087473757873,0
2269,0401,0,2026-06-14 07:59:50,0.9188243526941917,0
2270,0510,0,2026-06-14 07:59:50,0.2722183344996501,0
2271,0752,0,2026-06-14 07:59:50,0.8369489153254024,0
2272,0753,0,2026-06-14 07:59:50,0.7655703289013296,0
2273,0842,0,2026-06-14 07:59:50,0.1375087473757873,0
2274,0401,0,2026-06-14 08:00:00,0.9188243526941917,1
2275,0510,0,2026-06-14 08:00:00,0.2722183344996501,0
2276,0752,0,2026-06-14 08:00:00,0.8369489153254024,0
2277,0753,0,2026-06-14 08:00:00,0.7655703289013296,0
2278,0842,0,2026-06-14 08:00:00,0.1375087473757873,0
2279,0401,0,2026-06-14 08:00:10,0.9188243526941917,0
2280,0510,0,2026-06-14 08:00:10,0.2722183344996501,1
2281,0752,0,2026-06-14 08:00:10,0.8369489153254024,0
2282,0753,0,2026-06-14 08:00:10,0.7655703289013296,0
2283,0842,0,2026-06-14 08:00:10,0.1375087473757873,0
2284,0132,0,2026-06-14 08:00:20,0.9188243526941917,0
2285,0401,0,2026-06-14 08:00:20,0.9188243526941917,0
2286,0510,0,2026-06-14 08:00:20,0.2722183344996501,0
2287,0752,0,2026-06-14 08:00:20,0.8369489153254024,0
2288,0753,0,2026-06-14 08:00:20,0.7655703289013296,0
2289,0842,0,2026-06-14 08:00:20,0.1375087473757873,0
2290,0132,0,2026-06-14 08:00:30,0.9188243526941917,0
2291,0401,0,2026-06-14 08:00:30,0.9188243526941917,0
2292,0510,0,2026-06-14 08:00:30,0.2722183344996501,0
2293,0752,0,2026-06-14 08:00:30,0.8369489153254024,0
2294,0753,0,2026-06-14 08:00:30,0.7655703289013296,0
2295,0842,0,2026-06-14 08:00:30,0.1375087473757873,0
2296,0049,0,2026-06-14 08:00:40,0.4688593421973408,0
2297,0132,0,2026-06-14 08:00:40,0.9188243526941917,1
2298,0401,0,2026-06-14 08:00:40,0.9188243526941917,0
2299,0510,0,2026-06-14 08:00:40,0.2722183344996501,0
2300,0752,0,2026-06-14 08:00:40,0.8369489153254024,0
2301,0842,0,2026-06-14 08:00:40,0.1375087473757873,0
2302,0049,0,2026-06-14 08:00:50,0.4688593421973408,0
2303,0132,0,2026-06-14 08:00:50,0.9188243526941917,0
2304,0401,0,2026-06-14 08:00:50,0.9188243526941917,0
2305,0510,0,2026-06-14 08:00:50,0.2722183344996501,0
2306,0752,0,2026-06-14 08:00:50,0.8369489153254024,0
2307,0842,0,2026-06-14 08:00:50,0.1375087473757873,0
2308,0049,0,2026-06-14 08:01:00,0.4688593421973408,0
2309,0132,0,2026-06-14 08:01:00,0.9188243526941917,0
2310,0401,0,2026-06-14 08:01:00,0.9188243526941917,0
2311,0510,0,2026-06-14 08:01:00,0.2722183344996501,0
2312,0752,0,2026-06-14 08:01:00,0.8369489153254024,0
2313,0049,0,2026-06-14 08:01:10,0.4688593421973408,1
2314,0132,0,2026-06-14 08:01:10,0.9188243526941917,0
2315,0401,0,2026-06-14 08:01:10,0.9188243526941917,0
2316,0510,0,2026-06-14 08:01:10,0.2722183344996501,0
2317,0752,0,2026-06-14 08:01:10,0.8369489153254024,0
2318,0049,0,2026-06-14 08:01:20,0.4688593421973408,0
2319,0401,0,2026-06-14 08:01:20,0.9188243526941917,0
2320,0510,0,2026-06-14 08:01:20,0.2722183344996501,0
2321,0752,0,2026-06-14 08:01:20,0.8369489153254024,0
2322,0049,0,2026-06-14 08:01:30,0.4688593421973408,0
2323,0401,0,2026-06-14 08:01:30,0.9188243526941917,0
2324,0510,0,2026-06-14 08:01:30,0.2722183344996501,0
2325,0511,0,2026-06-14 08:01:30,0.3750874737578727,0
2326,0049,0,2026-06-14 08:01:40,0.4688593421973408,0
2327,0510,0,2026-06-14 08:01:40,0.2722183344996501,0
2328,0511,0,2026-06-14 08:01:40,0.3750874737578727,1
2329,0762,0,2026-06-14 08:01:40,0.5290412876137159,0
2330,0049,0,2026-06-14 08:01:50,0.4688593421973408,0
2331,0511,0,2026-06-14 08:01:50,0.3750874737578727,0
2332,0678,0,2026-06-14 08:01:50,0.6557032890132960,0
2333,0762,0,2026-06-14 08:01:50,0.5290412876137159,0
2334,0049,0,2026-06-14 08:02:00,0.4688593421973408,0
2335,0511,0,2026-06-14 08:02:00,0.3750874737578727,0
2336,0579,0,2026-06-14 08:02:00,0.6014695591322603,1
2337,0678,0,2026-06-14 08:02:00,0.6557032890132960,0
2338,0762,0,2026-06-14 08:02:00,0.5290412876137159,0
2339,0049,0,2026-06-14 08:02:10,0.4688593421973408,0
2340,0511,0,2026-06-14 08:02:10,0.3750874737578727,0
2341,0579,0,2026-06-14 08:02:10,0.6014695591322603,0
2342,0678,0,2026-06-14 08:02:10,0.6557032890132960,1
2343,0762,0,2026-06-14 08:02:10,0.5290412876137159,0
2344,0511,0,2026-06-14 08:02:20,0.3750874737578727,0
2345,0579,0,2026-06-14 08:02:20,0.6014695591322603,0
2346,0678,0,2026-06-14 08:02:20,0.6557032890132960,0
2347,0762,0,2026-06-14 08:02:20,0.5290412876137159,1
2348,0511,0,2026-06-14 08:02:30,0.3750874737578727,0
2349,0579,0,2026-06-14 08:02:30,0.6014695591322603,0
2350,0678,0,2026-06-14 08:02:30,0.6557032890132960,0
2351,0762,0,2026-06-14 08:02:30,0.5290412876137159,0
2352,0163,0,2026-06-14 08:02:40,0.7655703289013296,0
2353,0511,0,2026-06-14 08:02:40,0.3750874737578727,0
2354,0579,0,2026-06-14 08:02:40,0.6014695591322603,0
2355,0678,0,2026-06-14 08:02:40,0.6557032890132960,0
2356,0762,0,2026-06-14 08:02:40,0.5290412876137159,0
2357,0163,0,2026-06-14 08:02:50,0.7655703289013296,0
2358,0511,0,2026-06-14 08:02:50,0.3750874737578727,0
2359,0579,0,2026-06-14 08:02:50,0.6014695591322603,0
2360,0678,0,2026-06-14 08:02:50,0.6557032890132960,0
2361,0762,0,2026-06-14 08:02:50,0.5290412876137159,0
2362,0163,0,2026-06-14 08:03:00,0.7655703289013296,0
2363,0511,0,2026-06-14 08:03:00,0.3750874737578727,0
2364,0579,0,2026-06-14 08:03:00,0.6014695591322603,0
2365,0678,0,2026-06-14 08:03:00,0.6557032890132960,0
2366,0762,0,2026-06-14 08:03:00,0.5290412876137159,0
2367,0163,0,2026-06-14 08:03:10,0.7655703289013296,1
2368,0419,0,2026-06-14 08:03:10,0.2722183344996501,0
2369,0511,0,2026-06-14 08:03:10,0.3750874737578727,0
2370,0579,0,2026-06-14 08:03:10,0.6014695591322603,0
2371,0678,0,2026-06-14 08:03:10,0.6557032890132960,0
2372,0762,0,2026-06-14 08:03:10,0.5290412876137159,0
2373,0163,0,2026-06-14 08:03:20,0.7655703289013296,0
2374,0181,0,2026-06-14 08:03:20,1.0000000000000000,1
2375,0419,0,2026-06-14 08:03:20,0.2722183344996501,0
2376,0460,0,2026-06-14 08:03:20,0.3750874737578727,0
2377,0511,0,2026-06-14 08:03:20,0.3750874737578727,0
2378,0579,0,2026-06-14 08:03:20,0.6014695591322603,0
2379,0678,0,2026-06-14 08:03:20,0.6557032890132960,0
2380,0762,0,2026-06-14 08:03:20,0.5290412876137159,0
2381,0163,0,2026-06-14 08:03:30,0.7655703289013296,0
2382,0181,0,2026-06-14 08:03:30,1.0000000000000000,0
2383,0419,0,2026-06-14 08:03:30,0.2722183344996501,1
2384,0460,0,2026-06-14 08:03:30,0.3750874737578727,0
2385,0579,0,2026-06-14 08:03:30,0.6014695591322603,0
2386,0678,0,2026-06-14 08:03:30,0.6557032890132960,0
2387,0163,0,2026-06-14 08:03:40,0.7655703289013296,0
2388,0181,0,2026-06-14 08:03:40,1.0000000000000000,0
2389,0419,0,2026-06-14 08:03:40,0.2722183344996501,0
2390,0460,0,2026-06-14 08:03:40,0.3750874737578727,1
2391,0579,0,2026-06-14 08:03:40,0.6014695591322603,0
2392,0627,0,2026-06-14 08:03:40,0.4688593421973408,0
2393,0678,0,2026-06-14 08:03:40,0.6557032890132960,0
2394,0163,0,2026-06-14 08:03:50,0.7655703289013296,0
2395,0181,0,2026-06-14 08:03:50,1.0000000000000000,0
2396,0419,0,2026-06-14 08:03:50,0.2722183344996501,0
2397,0460,0,2026-06-14 08:03:50,0.3750874737578727,1
2398,0627,0,2026-06-14 08:03:50,0.4688593421973408,0
2399,0163,0,2026-06-14 08:04:00,0.7655703289013296,0
2400,0181,0,2026-06-14 08:04:00,1.0000000000000000,0
2401,0307,0,2026-06-14 08:04:00,0.9188243526941917,1
2402,0419,0,2026-06-14 08:04:00,0.2722183344996501,0
2403,0446,0,2026-06-14 08:04:00,0.0619314205738279,0
2404,0460,0,2026-06-14 08:04:00,0.3750874737578727,0
2405,0627,0,2026-06-14 08:04:00,0.4688593421973408,0
2406,0128,0,2026-06-14 08:04:10,0.3750874737578727,0
2407,0163,0,2026-06-14 08:04:10,0.7655703289013296,0
2408,0181,0,2026-06-14 08:04:10,1.0000000000000000,0
2409,0307,0,2026-06-14 08:04:10,0.9188243526941917,1
2410,0419,0,2026-06-14 08:04:10,0.2722183344996501,0
2411,0446,0,2026-06-14 08:04:10,0.0619314205738279,0
2412,0460,0,2026-06-14 08:04:10,0.3750874737578727,0
2413,0627,0,2026-06-14 08:04:10,0.4688593421973408,0
2414,0128,0,2026-06-14 08:04:20,0.3750874737578727,1
2415,0181,0,2026-06-14 08:04:20,1.0000000000000000,0
2416,0307,0,2026-06-14 08:04:20,0.9188243526941917,0
2417,0329,0,2026-06-14 08:04:20,0.6014695591322603,0
2418,0419,0,2026-06-14 08:04:20,0.2722183344996501,0
2419,0446,0,2026-06-14 08:04:20,0.0619314205738279,0
2420,0460,0,2026-06-14 08:04:20,0.3750874737578727,0
2421,0627,0,2026-06-14 08:04:20,0.4688593421973408,0
2422,0653,0,2026-06-14 08:04:20,0.1375087473757873,0
2423,0959,0,2026-06-14 08:04:20,0.0619314205738279,0
2424,0128,0,2026-06-14 08:04:30,0.3750874737578727,0
2425,0307,0,2026-06-14 08:04:30,0.9188243526941917,0
2426,0329,0,2026-06-14 08:04:30,0.6014695591322603,0
2427,0419,0,2026-06-14 08:04:30,0.2722183344996501,0
2428,0446,0,2026-06-14 08:04:30,0.0619314205738279,0
2429,0460,0,2026-06-14 08:04:30,0.3750874737578727,0
2430,0627,0,2026-06-14 08:04:30,0.4688593421973408,0
2431,0653,0,2026-06-14 08:04:30,0.1375087473757873,1
2432,0959,0,2026-06-14 08:04:30,0.0619314205738279,0
2433,0128,0,2026-06-14 08:04:40,0.3750874737578727,0
2434,0307,0,2026-06-14 08:04:40,0.9188243526941917,0
2435,0329,0,2026-06-14 08:04:40,0.6014695591322603,0
2436,0419,0,2026-06-14 08:04:40,0.2722183344996501,0
2437,0446,0,2026-06-14 08:04:40,0.0619314205738279,0
2438,0460,0,2026-06-14 08:04:40,0.3750874737578727,0
2439,0627,0,2026-06-14 08:04:40,0.4688593421973408,0
2440,0653,0,2026-06-14 08:04:40,0.1375087473757873,0
2441,0959,0,2026-06-14 08:04:40,0.0619314205738279,1
2442,0128,0,2026-06-14 08:04:50,0.3750874737578727,0
2443,0307,0,2026-06-14 08:04:50,0.9188243526941917,0
2444,0329,0,2026-06-14 08:04:50,0.6014695591322603,1
2445,0420,0,2026-06-14 08:04:50,1.0000000000000000,0
2446,0446,0,2026-06-14 08:04:50,0.0619314205738279,0
2447,0460,0,2026-06-14 08:04:50,0.3750874737578727,0
2448,0627,0,2026-06-14 08:04:50,0.4688593421973408,0
2449,0653,0,2026-06-14 08:04:50,0.1375087473757873,0
2450,0849,0,2026-06-14 08:04:50,0.5290412876137159,0
2451,0959,0,2026-06-14 08:04:50,0.0619314205738279,0
2452,0128,0,2026-06-14 08:05:00,0.3750874737578727,0
2453,0307,0,2026-06-14 08:05:00,0.9188243526941917,0
2454,0329,0,2026-06-14 08:05:00,0.6014695591322603,0
2455,0420,0,2026-06-14 08:05:00,1.0000000000000000,0
2456,0446,0,2026-06-14 08:05:00,0.0619314205738279,0
2457,0460,0,2026-06-14 08:05:00,0.3750874737578727,0
2458,0627,0,2026-06-14 08:05:00,0.4688593421973408,0
2459,0653,0,2026-06-14 08:05:00,0.1375087473757873,0
2460,0849,0,2026-06-14 08:05:00,0.5290412876137159,0
2461,0959,0,2026-06-14 08:05:00,0.0619314205738279,0
2462,0128,0,2026-06-14 08:05:10,0.3750874737578727,0
2463,0307,0,2026-06-14 08:05:10,0.9188243526941917,0
2464,0329,0,2026-06-14 08:05:10,0.6014695591322603,0
2465,0420,0,2026-06-14 08:05:10,1.0000000000000000,1
2466,0446,0,2026-06-14 08:05:10,0.0619314205738279,0
2467,0627,0,2026-06-14 08:05:10,0.4688593421973408,0
2468,0653,0,2026-06-14 08:05:10,0.1375087473757873,0
2469,0849,0,2026-06-14 08:05:10,0.5290412876137159,0
2470,0959,0,2026-06-14 08:05:10,0.0619314205738279,0
2471,0971,0,2026-06-14 08:05:10,1.0000000000000000,0
2472,0128,0,2026-06-14 08:05:20,0.3750874737578727,0
2473,0307,0,2026-06-14 08:05:20,0.9188243526941917,0
2474,0329,0,2026-06-14 08:05:20,0.6014695591322603,0
2475,0420,0,2026-06-14 08:05:20,1.0000000000000000,0
2476,0446,0,2026-06-14 08:05:20,0.0619314205738279,0
2477,0468,0,2026-06-14 08:05:20,0.2722183344996501,0
2478,0534,0,2026-06-14 08:05:20,0.1375087473757873,0
2479,0653,0,2026-06-14 08:05:20,0.1375087473757873,0
2480,0849,0,2026-06-14 08:05:20,0.5290412876137159,0
2481,0849,0,2026-06-14 08:05:20,0.5290412876137159,0
2482,0959,0,2026-06-14 08:05:20,0.0619314205738279,0
2483,0971,0,2026-06-14 08:05:20,1.0000000000000000,1
2484,0128,0,2026-06-14 08:05:30,0.3750874737578727,0
2485,0307,0,2026-06-14 08:05:30,0.9188243526941917,0
2486,0329,0,2026-06-14 08:05:30,0.6014695591322603,0
2487,0420,0,2026-06-14 08:05:30,1.0000000000000000,0
2488,0446,0,2026-06-14 08:05:30,0.0619314205738279,0
2489,0468,0,2026-06-14 08:05:30,0.2722183344996501,0
2490,0534,0,2026-06-14 08:05:30,0.1375087473757873,0
2491,0653,0,2026-06-14 08:05:30,0.1375087473757873,0
2492,0849,0,2026-06-14 08:05:30,0.5290412876137159,0
2493,0849,0,2026-06-14 08:05:30,0.5290412876137159,0
2494,0959,0,2026-06-14 08:05:30,0.0619314205738279,0
2495,0971,0,2026-06-14 08:05:30,1.0000000000000000,0
2496,0128,0,2026-06-14 08:05:40,0.3750874737578727,0
2497,0307,0,2026-06-14 08:05:40,0.9188243526941917,0
2498,0329,0,2026-06-14 08:05:40,0.6014695591322603,0
2499,0420,0,2026-06-14 08:05:40,1.0000000000000000,0
2500,0468,0,2026-06-14 08:05:40,0.2722183344996501,0
2501,0534,0,2026-06-14 08:05:40,0.1375087473757873,0
2502,0621,0,2026-06-14 08:05:40,1.0000000000000000,1
2503,0653,0,2026-06-14 08:05:40,0.1375087473757873,0
2504,0849,0,2026-06-14 08:05:40,0.5290412876137159,0
2505,0849,0,2026-06-14 08:05:40,0.5290412876137159,0
2506,0959,0,2026-06-14 08:05:40,0.0619314205738279,0
2507,0971,0,2026-06-14 08:05:40,1.0000000000000000,0
2508,0329,0,2026-06-14 08:05:50,0.6014695591322603,0
2509,0420,0,2026-06-14 08:05:50,1.0000000000000000,0
2510,0433,0,2026-06-14 08:05:50,0.4688593421973408,0
2511,0468,0,2026-06-14 08:05:50,0.2722183344996501,0
2512,0534,0,2026-06-14 08:05:50,0.1375087473757873,0
2513,0621,0,2026-06-14 08:05:50,1.0000000000000000,1
2514,0653,0,2026-06-14 08:05:50,0.1375087473757873,0
2515,0849,0,2026-06-14 08:05:50,0.5290412876137159,0
2516,0849,0,2026-06-14 08:05:50,0.5290412876137159,0
2517,0959,0,2026-06-14 08:05:50,0.0619314205738279,0
2518,0971,0,2026-06-14 08:05:50,1.0000000000000000,0
2519,0329,0,2026-06-14 08:06:00,0.6014695591322603,0
2520,0420,0,2026-06-14 08:06:00,1.0000000000000000,0
2521,0433,0,2026-06-14 08:06:00,0.4688593421973408,0
2522,0468,0,2026-06-14 08:06:00,0.2722183344996501,0
2523,0534,0,2026-06-14 08:06:00,0.1375087473757873,0
2524,0621,0,2026-06-14 08:06:00,1.0000000000000000,0
2525,0849,0,2026-06-14 08:06:00,0.5290412876137159,0
2526,0849,0,2026-06-14 08:06:00,0.5290412876137159,0
2527,0971,0,2026-06-14 08:06:00,1.0000000000000000,0
2528,0329,0,2026-06-14 08:06:10,0.6014695591322603,0
2529,0420,0,2026-06-14 08:06:10,1.0000000000000000,0
2530,0433,0,2026-06-14 08:06:10,0.4688593421973408,0
2531,0468,0,2026-06-14 08:06:10,0.2722183344996501,0
2532,0534,0,2026-06-14 08:06:10,0.1375087473757873,0
2533,0621,0,2026-06-14 08:06:10,1.0000000000000000,0
2534,0849,0,2026-06-14 08:06:10,0.5290412876137159,0
2535,0849,0,2026-06-14 08:06:10,0.5290412876137159,1
2536,0971,0,2026-06-14 08:06:10,1.0000000000000000,0
2537,0420,0,2026-06-14 08:06:20,1.0000000000000000,0
2538,0433,0,2026-06-14 08:06:20,0.4688593421973408,0
2539,0433,0,2026-06-14 08:06:20,0.4688593421973408,0
2540,0468,0,2026-06-14 08:06:20,0.2722183344996501,0
2541,0534,0,2026-06-14 08:06:20,0.1375087473757873,0
2542,0621,0,2026-06-14 08:06:20,1.0000000000000000,0
2543,0849,0,2026-06-14 08:06:20,0.5290412876137159,0
2544,0971,0,2026-06-14 08:06:20,1.0000000000000000,0
2545,0433,0,2026-06-14 08:06:30,0.4688593421973408,0
2546,0433,0,2026-06-14 08:06:30,0.4688593421973408,0
2547,0468,0,2026-06-14 08:06:30,0.2722183344996501,0
2548,0534,0,2026-06-14 08:06:30,0.1375087473757873,0
2549,0621,0,2026-06-14 08:06:30,1.0000000000000000,0
2550,0849,0,2026-06-14 08:06:30,0.5290412876137159,0
2551,0971,0,2026-06-14 08:06:30,1.0000000000000000,0
2552,0433,0,2026-06-14 08:06:40,0.4688593421973408,0
2553,0433,0,2026-06-14 08:06:40,0.4688593421973408,0
2554,0468,0,2026-06-14 08:06:40,0.2722183344996501,0
2555,0534,0,2026-06-14 08:06:40,0.1375087473757873,0
2556,0621,0,2026-06-14 08:06:40,1.0000000000000000,0
2557,0849,0,2026-06-14 08:06:40,0.5290412876137159,1
2558,0433,0,2026-06-14 08:06:50,0.4688593421973408,0
2559,0433,0,2026-06-14 08:06:50,0.4688593421973408,0
2560,0468,0,2026-06-14 08:06:50,0.2722183344996501,0
2561,0534,0,2026-06-14 08:06:50,0.1375087473757873,0
2562,0621,0,2026-06-14 08:06:50,1.0000000000000000,0
2563,0433,0,2026-06-14 08:07:00,0.4688593421973408,0
2564,0433,0,2026-06-14 08:07:00,0.4688593421973408,1
2565,0468,0,2026-06-14 08:07:00,0.2722183344996501,0
2566,0534,0,2026-06-14 08:07:00,0.1375087473757873,0
2567,0621,0,2026-06-14 08:07:00,1.0000000000000000,0
2568,0433,0,2026-06-14 08:07:10,0.4688593421973408,0
2569,0534,0,2026-06-14 08:07:10,0.1375087473757873,0
2570,0621,0,2026-06-14 08:07:10,1.0000000000000000,0
2571,0433,0,2026-06-14 08:07:20,0.4688593421973408,0
2572,0621,0,2026-06-14 08:07:20,1.0000000000000000,0
2573,0433,0,2026-06-14 08:07:30,0.4688593421973408,1
2574,0621,0,2026-06-14 08:07:30,1.0000000000000000,0
2575,0156,0,2026-06-14 08:09:50,0.7655703289013296,0
2576,0156,0,2026-06-14 08:10:00,0.7655703289013296,0
2577,0156,0,2026-06-14 08:10:10,0.7655703289013296,0
2578,0156,0,2026-06-14 08:10:20,0.7655703289013296,1
2579,0156,0,2026-06-14 08:10:30,0.7655703289013296,0
2580,0156,0,2026-06-14 08:10:40,0.7655703289013296,0
2581,0156,0,2026-06-14 08:10:50,0.7655703289013296,0
2582,0226,0,2026-06-14 08:10:50,0.7655703289013296,1
2583,0226,0,2026-06-14 08:11:00,0.7655703289013296,1
2584,0226,0,2026-06-14 08:11:10,0.7655703289013296,0
2585,0226,0,2026-06-14 08:11:20,0.7655703289013296,0
2586,0226,0,2026-06-14 08:11:30,0.7655703289013296,0
2587,0226,0,2026-06-14 08:11:40,0.7655703289013296,0
2588,0226,0,2026-06-14 08:11:50,0.7655703289013296,0
2589,0226,0,2026-06-14 08:12:00,0.7655703289013296,0
2590,0226,0,2026-06-14 08:12:10,0.7655703289013296,0
2591,0226,0,2026-06-14 08:12:20,0.7655703289013296,0
2592,0226,0,2026-06-14 08:12:30,0.7655703289013296,0
2593,0226,0,2026-06-14 08:12:40,0.7655703289013296,0
2594,0716,0,2026-06-14 08:13:00,0.8369489153254024,0
2595,0716,0,2026-06-14 08:13:10,0.8369489153254024,0
2596,0716,0,2026-06-14 08:13:20,0.8369489153254024,0
2597,0716,0,2026-06-14 08:13:30,0.8369489153254024,0
2598,0716,0,2026-06-14 08:13:40,0.8369489153254024,0
2599,0716,0,2026-06-14 08:13:50,0.8369489153254024,0
2600,0716,0,2026-06-14 08:14:00,0.8369489153254024,0
2601,0716,0,2026-06-14 08:14:10,0.8369489153254024,1
2602,0716,0,2026-06-14 08:14:20,0.8369489153254024,0
2603,0716,0,2026-06-14 08:14:30,0.8369489153254024,0
2604,0144,0,2026-06-14 08:14:40,0.3750874737578727,1
2605,0716,0,2026-06-14 08:14:40,0.8369489153254024,0
2606,0144,0,2026-06-14 08:14:50,0.3750874737578727,0
2607,0144,0,2026-06-14 08:15:00,0.3750874737578727,0
2608,0570,0,2026-06-14 08:15:00,0.1375087473757873,0
2609,0144,0,2026-06-14 08:15:10,0.3750874737578727,0
2610,0570,0,2026-06-14 08:15:10,0.1375087473757873,0
2611,0144,0,2026-06-14 08:15:20,0.3750874737578727,0
2612,0570,0,2026-06-14 08:15:20,0.1375087473757873,0
2613,0144,0,2026-06-14 08:15:30,0.3750874737578727,0
2614,0570,0,2026-06-14 08:15:30,0.1375087473757873,0
2615,0144,0,2026-06-14 08:15:40,0.3750874737578727,0
2616,0570,0,2026-06-14 08:15:40,0.1375087473757873,0
2617,0144,0,2026-06-14 08:15:50,0.3750874737578727,0
2618,0499,0,2026-06-14 08:15:50,0.2722183344996501,1
2619,0570,0,2026-06-14 08:15:50,0.1375087473757873,0
2620,0144,0,2026-06-14 08:16:00,0.3750874737578727,0
2621,0499,0,2026-06-14 08:16:00,0.2722183344996501,1
2622,0570,0,2026-06-14 08:16:00,0.1375087473757873,0
2623,0570,0,2026-06-14 08:16:10,0.1375087473757873,0
2624,0570,0,2026-06-14 08:16:20,0.1375087473757873,0
2625,0570,0,2026-06-14 08:16:30,0.1375087473757873,0
2626,0570,0,2026-06-14 08:16:40,0.1375087473757873,0
2627,0570,0,2026-06-14 08:16:50,0.1375087473757873,1
2628,0175,0,2026-06-14 08:22:20,1.0000000000000000,0
2629,0175,0,2026-06-14 08:22:30,1.0000000000000000,0
2630,0175,0,2026-06-14 08:22:40,1.0000000000000000,0
2631,0175,0,2026-06-14 08:22:50,1.0000000000000000,0
2632,0175,0,2026-06-14 08:23:00,1.0000000000000000,0
2633,0175,0,2026-06-14 08:23:10,1.0000000000000000,0
2634,0175,0,2026-06-14 08:23:20,1.0000000000000000,0
2635,0175,0,2026-06-14 08:23:30,1.0000000000000000,0
2636,0175,0,2026-06-14 08:23:40,1.0000000000000000,0
2637,0175,0,2026-06-14 08:23:50,1.0000000000000000,0
2638,0175,0,2026-06-14 08:24:00,1.0000000000000000,1
2639,0175,0,2026-06-14 08:24:10,1.0000000000000000,1
2640,0193,0,2026-06-14 09:35:20,0.0619314205738279,0
2641,0193,0,2026-06-14 09:35:30,0.0619314205738279,0
2642,0193,0,2026-06-14 09:35:40,0.0619314205738279,1
2643,0193,0,2026-06-14 09:35:50,0.0619314205738279,0
2644,0193,0,2026-06-14 09:36:00,0.0619314205738279,0
2645,0193,0,2026-06-14 09:36:10,0.0619314205738279,0
2646,0481,0,2026-06-14 09:36:10,1.0000000000000000,0
2647,0193,0,2026-06-14 09:36:20,0.0619314205738279,0
2648,0481,0,2026-06-14 09:36:20,1.0000000000000000,1
2649,0193,0,2026-06-14 09:36:30,0.0619314205738279,0
2650,0481,0,2026-06-14 09:36:30,1.0000000000000000,0
2651,0166,0,2026-06-14 09:36:40,0.3750874737578727,0
2652,0481,0,2026-06-14 09:36:40,1.0000000000000000,0
2653,0065,0,2026-06-14 09:36:50,0.5290412876137159,1
2654,0166,0,2026-06-14 09:36:50,0.3750874737578727,0
2655,0065,0,2026-06-14 09:37:00,0.5290412876137159,0
2656,0166,0,2026-06-14 09:37:00,0.3750874737578727,1
2657,0616,0,2026-06-14 09:37:00,0.6014695591322603,0
2658,0065,0,2026-06-14 09:37:10,0.5290412876137159,0
2659,0166,0,2026-06-14 09:37:10,0.3750874737578727,0
2660,0616,0,2026-06-14 09:37:10,0.6014695591322603,0
2661,0695,0,2026-06-14 09:37:10,0.0619314205738279,0
2662,0065,0,2026-06-14 09:37:20,0.5290412876137159,0
2663,0166,0,2026-06-14 09:37:20,0.3750874737578727,0
2664,0616,0,2026-06-14 09:37:20,0.6014695591322603,1
2665,0695,0,2026-06-14 09:37:20,0.0619314205738279,0
2666,0065,0,2026-06-14 09:37:30,0.5290412876137159,0
2667,0166,0,2026-06-14 09:37:30,0.3750874737578727,0
2668,0509,0,2026-06-14 09:37:30,0.9188243526941917,0
2669,0616,0,2026-06-14 09:37:30,0.6014695591322603,0
2670,0695,0,2026-06-14 09:37:30,0.0619314205738279,1
2671,0065,0,2026-06-14 09:37:40,0.5290412876137159,0
2672,0166,0,2026-06-14 09:37:40,0.3750874737578727,0
2673,0509,0,2026-06-14 09:37:40,0.9188243526941917,1
2674,0616,0,2026-06-14 09:37:40,0.6014695591322603,0
2675,0695,0,2026-06-14 09:37:40,0.0619314205738279,0
2676,0065,0,2026-06-14 09:37:50,0.5290412876137159,0
2677,0087,0,2026-06-14 09:37:50,0.6557032890132960,1
2678,0102,0,2026-06-14 09:37:50,0.7655703289013296,0
2679,0166,0,2026-06-14 09:37:50,0.3750874737578727,0
2680,0268,0,2026-06-14 09:37:50,0.5290412876137159,0
2681,0509,0,2026-06-14 09:37:50,0.9188243526941917,0
2682,0616,0,2026-06-14 09:37:50,0.6014695591322603,0
2683,0695,0,2026-06-14 09:37:50,0.0619314205738279,0
2684,0065,0,2026-06-14 09:38:00,0.5290412876137159,0
2685,0087,0,2026-06-14 09:38:00,0.6557032890132960,0
2686,0102,0,2026-06-14 09:38:00,0.7655703289013296,0
2687,0166,0,2026-06-14 09:38:00,0.3750874737578727,0
2688,0268,0,2026-06-14 09:38:00,0.5290412876137159,0
2689,0509,0,2026-06-14 09:38:00,0.9188243526941917,0
2690,0616,0,2026-06-14 09:38:00,0.6014695591322603,0
2691,0695,0,2026-06-14 09:38:00,0.0619314205738279,0
2692,0087,0,2026-06-14 09:38:10,0.6557032890132960,0
2693,0102,0,2026-06-14 09:38:10,0.7655703289013296,1
2694,0166,0,2026-06-14 09:38:10,0.3750874737578727,0
2695,0268,0,2026-06-14 09:38:10,0.5290412876137159,0
2696,0509,0,2026-06-14 09:38:10,0.9188243526941917,0
2697,0616,0,2026-06-14 09:38:10,0.6014695591322603,0
2698,0695,0,2026-06-14 09:38:10,0.0619314205738279,0
2699,0809,0,2026-06-14 09:38:10,0.6557032890132960,0
2700,0087,0,2026-06-14 09:38:20,0.6557032890132960,0
2701,0102,0,2026-06-14 09:38:20,0.7655703289013296,0
2702,0268,0,2026-06-14 09:38:20,0.5290412876137159,0
2703,0379,0,2026-06-14 09:38:20,0.8369489153254024,0
2704,0509,0,2026-06-14 09:38:20,0.9188243526941917,0
2705,0616,0,2026-06-14 09:38:20,0.6014695591322603,0
2706,0695,0,2026-06-14 09:38:20,0.0619314205738279,0
2707,0809,0,2026-06-14 09:38:20,0.6557032890132960,0
2708,0087,0,2026-06-14 09:38:30,0.6557032890132960,0
2709,0102,0,2026-06-14 09:38:30,0.7655703289013296,0
2710,0137,0,2026-06-14 09:38:30,1.0000000000000000,0
2711,0268,0,2026-06-14 09:38:30,0.5290412876137159,0
2712,0317,0,2026-06-14 09:38:30,0.1375087473757873,0
2713,0379,0,2026-06-14 09:38:30,0.8369489153254024,0
2714,0475,0,2026-06-14 09:38:30,0.7655703289013296,0
2715,0509,0,2026-06-14 09:38:30,0.9188243526941917,0
2716,0538,0,2026-06-14 09:38:30,0.4688593421973408,0
2717,0616,0,2026-06-14 09:38:30,0.6014695591322603,0
2718,0695,0,2026-06-14 09:38:30,0.0619314205738279,0
2719,0769,0,2026-06-14 09:38:30,0.9188243526941917,1
2720,0087,0,2026-06-14 09:38:40,0.6557032890132960,0
2721,0102,0,2026-06-14 09:38:40,0.7655703289013296,0
2722,0137,0,2026-06-14 09:38:40,1.0000000000000000,0
2723,0212,0,2026-06-14 09:38:40,0.7655703289013296,0
2724,0268,0,2026-06-14 09:38:40,0.5290412876137159,0
2725,0317,0,2026-06-14 09:38:40,0.1375087473757873,0
2726,0379,0,2026-06-14 09:38:40,0.8369489153254024,0
2727,0442,0,2026-06-14 09:38:40,0.7655703289013296,0
2728,0475,0,2026-06-14 09:38:40,0.7655703289013296,0
2729,0509,0,2026-06-14 09:38:40,0.9188243526941917,0
2730,0530,0,2026-06-14 09:38:40,0.6557032890132960,0
2731,0538,0,2026-06-14 09:38:40,0.4688593421973408,0
2732,0575,0,2026-06-14 09:38:40,0.9188243526941917,1
2733,0616,0,2026-06-14 09:38:40,0.6014695591322603,0
2734,0695,0,2026-06-14 09:38:40,0.0619314205738279,0
2735,0731,0,2026-06-14 09:38:40,0.6014695591322603,0
2736,0769,0,2026-06-14 09:38:40,0.9188243526941917,0
2737,0841,0,2026-06-14 09:38:40,0.6557032890132960,0
2738,0102,0,2026-06-14 09:38:50,0.7655703289013296,0
2739,0137,0,2026-06-14 09:38:50,1.0000000000000000,0
2740,0212,0,2026-06-14 09:38:50,0.7655703289013296,0
2741,0229,0,2026-06-14 09:38:50,0.6014695591322603,0
2742,0268,0,2026-06-14 09:38:50,0.5290412876137159,0
2743,0317,0,2026-06-14 09:38:50,0.1375087473757873,0
2744,0379,0,2026-06-14 09:38:50,0.8369489153254024,0
2745,0442,0,2026-06-14 09:38:50,0.7655703289013296,0
2746,0475,0,2026-06-14 09:38:50,0.7655703289013296,0
2747,0491,0,2026-06-14 09:38:50,1.0000000000000000,1
2748,0509,0,2026-06-14 09:38:50,0.9188243526941917,0
2749,0530,0,2026-06-14 09:38:50,0.6557032890132960,0
2750,0538,0,2026-06-14 09:38:50,0.4688593421973408,0
2751,0575,0,2026-06-14 09:38:50,0.9188243526941917,0
2752,0616,0,2026-06-14 09:38:50,0.6014695591322603,0
2753,0695,0,2026-06-14 09:38:50,0.0619314205738279,0
2754,0731,0,2026-06-14 09:38:50,0.6014695591322603,0
2755,0769,0,2026-06-14 09:38:50,0.9188243526941917,0
2756,0841,0,2026-06-14 09:38:50,0.6557032890132960,0
2757,0102,0,2026-06-14 09:39:00,0.7655703289013296,0
2758,0137,0,2026-06-14 09:39:00,1.0000000000000000,0
2759,0137,0,2026-06-14 09:39:00,1.0000000000000000,0
2760,0212,0,2026-06-14 09:39:00,0.7655703289013296,0
2761,0229,0,2026-06-14 09:39:00,0.6014695591322603,0
2762,0268,0,2026-06-14 09:39:00,0.5290412876137159,0
2763,0317,0,2026-06-14 09:39:00,0.1375087473757873,0
2764,0379,0,2026-06-14 09:39:00,0.8369489153254024,0
2765,0442,0,2026-06-14 09:39:00,0.7655703289013296,0
2766,0475,0,2026-06-14 09:39:00,0.7655703289013296,0
2767,0491,0,2026-06-14 09:39:00,1.0000000000000000,0
2768,0509,0,2026-06-14 09:39:00,0.9188243526941917,0
2769,0530,0,2026-06-14 09:39:00,0.6557032890132960,0
2770,0538,0,2026-06-14 09:39:00,0.4688593421973408,0
2771,0575,0,2026-06-14 09:39:00,0.9188243526941917,0
2772,0695,0,2026-06-14 09:39:00,0.0619314205738279,0
2773,0731,0,2026-06-14 09:39:00,0.6014695591322603,0
2774,0769,0,2026-06-14 09:39:00,0.9188243526941917,0
2775,0841,0,2026-06-14 09:39:00,0.6557032890132960,0
2776,0102,0,2026-06-14 09:39:10,0.7655703289013296,0
2777,0137,0,2026-06-14 09:39:10,1.0000000000000000,0
2778,0137,0,2026-06-14 09:39:10,1.0000000000000000,1
2779,0212,0,2026-06-14 09:39:10,0.7655703289013296,0
2780,0229,0,2026-06-14 09:39:10,0.6014695591322603,0
2781,0268,0,2026-06-14 09:39:10,0.5290412876137159,0
2782,0317,0,2026-06-14 09:39:10,0.1375087473757873,0
2783,0379,0,2026-06-14 09:39:10,0.8369489153254024,0
2784,0442,0,2026-06-14 09:39:10,0.7655703289013296,0
2785,0475,0,2026-06-14 09:39:10,0.7655703289013296,0
2786,0491,0,2026-06-14 09:39:10,1.0000000000000000,0
2787,0530,0,2026-06-14 09:39:10,0.6557032890132960,0
2788,0538,0,2026-06-14 09:39:10,0.4688593421973408,0
2789,0575,0,2026-06-14 09:39:10,0.9188243526941917,0
2790,0731,0,2026-06-14 09:39:10,0.6014695591322603,0
2791,0769,0,2026-06-14 09:39:10,0.9188243526941917,0
2792,0841,0,2026-06-14 09:39:10,0.6557032890132960,0
2793,0841,0,2026-06-14 09:39:10,0.6557032890132960,0
2794,0102,0,2026-06-14 09:39:20,0.7655703289013296,0
2795,0137,0,2026-06-14 09:39:20,1.0000000000000000,0
2796,0137,0,2026-06-14 09:39:20,1.0000000000000000,0
2797,0212,0,2026-06-14 09:39:20,0.7655703289013296,1
2798,0229,0,2026-06-14 09:39:20,0.6014695591322603,0
2799,0268,0,2026-06-14 09:39:20,0.5290412876137159,0
2800,0317,0,2026-06-14 09:39:20,0.1375087473757873,0
2801,0379,0,2026-06-14 09:39:20,0.8369489153254024,0
2802,0442,0,2026-06-14 09:39:20,0.7655703289013296,0
2803,0475,0,2026-06-14 09:39:20,0.7655703289013296,0
2804,0491,0,2026-06-14 09:39:20,1.0000000000000000,0
2805,0530,0,2026-06-14 09:39:20,0.6557032890132960,0
2806,0538,0,2026-06-14 09:39:20,0.4688593421973408,0
2807,0575,0,2026-06-14 09:39:20,0.9188243526941917,0
2808,0731,0,2026-06-14 09:39:20,0.6014695591322603,0
2809,0769,0,2026-06-14 09:39:20,0.9188243526941917,0
2810,0841,0,2026-06-14 09:39:20,0.6557032890132960,0
2811,0102,0,2026-06-14 09:39:30,0.7655703289013296,0
2812,0137,0,2026-06-14 09:39:30,1.0000000000000000,0
2813,0212,0,2026-06-14 09:39:30,0.7655703289013296,0
2814,0229,0,2026-06-14 09:39:30,0.6014695591322603,0
2815,0268,0,2026-06-14 09:39:30,0.5290412876137159,0
2816,0317,0,2026-06-14 09:39:30,0.1375087473757873,0
2817,0379,0,2026-06-14 09:39:30,0.8369489153254024,0
2818,0424,0,2026-06-14 09:39:30,0.2722183344996501,0
2819,0442,0,2026-06-14 09:39:30,0.7655703289013296,0
2820,0475,0,2026-06-14 09:39:30,0.7655703289013296,1
2821,0491,0,2026-06-14 09:39:30,1.0000000000000000,0
2822,0530,0,2026-06-14 09:39:30,0.6557032890132960,0
2823,0538,0,2026-06-14 09:39:30,0.4688593421973408,0
2824,0575,0,2026-06-14 09:39:30,0.9188243526941917,0
2825,0731,0,2026-06-14 09:39:30,0.6014695591322603,0
2826,0769,0,2026-06-14 09:39:30,0.9188243526941917,0
2827,0841,0,2026-06-14 09:39:30,0.6557032890132960,0
2828,0102,0,2026-06-14 09:39:40,0.7655703289013296,0
2829,0137,0,2026-06-14 09:39:40,1.0000000000000000,1
2830,0212,0,2026-06-14 09:39:40,0.7655703289013296,0
2831,0229,0,2026-06-14 09:39:40,0.6014695591322603,0
2832,0317,0,2026-06-14 09:39:40,0.1375087473757873,0
2833,0379,0,2026-06-14 09:39:40,0.8369489153254024,0
2834,0424,0,2026-06-14 09:39:40,0.2722183344996501,0
2835,0425,0,2026-06-14 09:39:40,0.7655703289013296,0
2836,0442,0,2026-06-14 09:39:40,0.7655703289013296,0
2837,0475,0,2026-06-14 09:39:40,0.7655703289013296,0
2838,0491,0,2026-06-14 09:39:40,1.0000000000000000,0
2839,0530,0,2026-06-14 09:39:40,0.6557032890132960,0
2840,0538,0,2026-06-14 09:39:40,0.4688593421973408,0
2841,0575,0,2026-06-14 09:39:40,0.9188243526941917,0
2842,0731,0,2026-06-14 09:39:40,0.6014695591322603,0
2843,0769,0,2026-06-14 09:39:40,0.9188243526941917,0
2844,0841,0,2026-06-14 09:39:40,0.6557032890132960,0
2845,0137,0,2026-06-14 09:39:50,1.0000000000000000,0
2846,0212,0,2026-06-14 09:39:50,0.7655703289013296,1
2847,0317,0,2026-06-14 09:39:50,0.1375087473757873,0
2848,0375,0,2026-06-14 09:39:50,0.4688593421973408,0
2849,0379,0,2026-06-14 09:39:50,0.8369489153254024,0
2850,0424,0,2026-06-14 09:39:50,0.2722183344996501,0
2851,0425,0,2026-06-14 09:39:50,0.7655703289013296,0
2852,0442,0,2026-06-14 09:39:50,0.7655703289013296,0
2853,0475,0,2026-06-14 09:39:50,0.7655703289013296,0
2854,0491,0,2026-06-14 09:39:50,1.0000000000000000,0
2855,0538,0,2026-06-14 09:39:50,0.4688593421973408,0
2856,0575,0,2026-06-14 09:39:50,0.9188243526941917,0
2857,0731,0,2026-06-14 09:39:50,0.6014695591322603,0
