index,ID,satellite,time,score_scenario,selected
0,0193,0,2026-04-23 09:41:30,0.0697576396206533,0
1,0193,0,2026-04-23 09:41:40,0.0697576396206533,0
2,0193,0,2026-04-23 09:41:50,0.0697576396206533,0
3,0193,0,2026-04-23 09:42:00,0.0697576396206533,1
4,0166,0,2026-04-23 09:42:20,0.3464699683877766,0
5,0065,0,2026-04-23 09:42:30,0.5245521601685985,1
6,0166,0,2026-04-23 09:42:30,0.3464699683877766,0
7,0908,0,2026-04-23 09:42:30,0.3464699683877766,0
8,0065,0,2026-04-23 09:42:40,0.5245521601685985,0
9,0166,0,2026-04-23 09:42:40,0.3464699683877766,1
10,0616,0,2026-04-23 09:42:40,0.5924130663856692,0
11,0908,0,2026-04-23 09:42:40,0.3464699683877766,0
12,0065,0,2026-04-23 09:42:50,0.5245521601685985,0
13,0166,0,2026-04-23 09:42:50,0.3464699683877766,0
14,0616,0,2026-04-23 09:42:50,0.5924130663856692,0
15,0908,0,2026-04-23 09:42:50,0.3464699683877766,0
16,0065,0,2026-04-23 09:43:00,0.5245521601685985,0
17,0166,0,2026-04-23 09:43:00,0.3464699683877766,0
18,0616,0,2026-04-23 09:43:00,0.5924130663856692,1
19,0695,0,2026-04-23 09:43:00,0.0697576396206533,0
20,0908,0,2026-04-23 09:43:00,0.3464699683877766,0
21,0065,0,2026-04-23 09:43:10,0.5245521601685985,0
22,0166,0,2026-04-23 09:43:10,0.3464699683877766,0
23,0509,0,2026-04-23 09:43:10,0.9205479452054794,1
24,0616,0,2026-04-23 09:43:10,0.5924130663856692,0
25,0695,0,2026-04-23 09:43:10,0.0697576396206533,0
26,0908,0,2026-04-23 09:43:10,0.3464699683877766,0
27,0065,0,2026-04-23 09:43:20,0.5245521601685985,0
28,0166,0,2026-04-23 09:43:20,0.3464699683877766,0
29,0509,0,2026-04-23 09:43:20,0.9205479452054794,0
30,0616,0,2026-04-23 09:43:20,0.5924130663856692,0
31,0695,0,2026-04-23 09:43:20,0.0697576396206533,0
32,0908,0,2026-04-23 09:43:20,0.3464699683877766,0
33,0065,0,2026-04-23 09:43:30,0.5245521601685985,0
34,0087,0,2026-04-23 09:43:30,0.6554267650158061,0
35,0166,0,2026-04-23 09:43:30,0.3464699683877766,0
36,0268,0,2026-04-23 09:43:30,0.5245521601685985,0
37,0509,0,2026-04-23 09:43:30,0.9205479452054794,0
38,0616,0,2026-04-23 09:43:30,0.5924130663856692,0
39,0695,0,2026-04-23 09:43:30,0.0697576396206533,0
40,0809,0,2026-04-23 09:43:30,0.6554267650158061,1
41,0065,0,2026-04-23 09:43:40,0.5245521601685985,0
42,0087,0,2026-04-23 09:43:40,0.6554267650158061,1
43,0102,0,2026-04-23 09:43:40,0.7696522655426765,0
44,0166,0,2026-04-23 09:43:40,0.3464699683877766,0
45,0268,0,2026-04-23 09:43:40,0.5245521601685985,0
46,0509,0,2026-04-23 09:43:40,0.9205479452054794,0
47,0616,0,2026-04-23 09:43:40,0.5924130663856692,0
48,0695,0,2026-04-23 09:43:40,0.0697576396206533,0
49,0809,0,2026-04-23 09:43:40,0.6554267650158061,0
50,0065,0,2026-04-23 09:43:50,0.5245521601685985,0
51,0087,0,2026-04-23 09:43:50,0.6554267650158061,0
52,0102,0,2026-04-23 09:43:50,0.7696522655426765,0
53,0157,0,2026-04-23 09:43:50,0.8480505795574289,1
54,0166,0,2026-04-23 09:43:50,0.3464699683877766,0
55,0268,0,2026-04-23 09:43:50,0.5245521601685985,0
56,0509,0,2026-04-23 09:43:50,0.9205479452054794,0
57,0616,0,2026-04-23 09:43:50,0.5924130663856692,0
58,0695,0,2026-04-23 09:43:50,0.0697576396206533,0
59,0809,0,2026-04-23 09:43:50,0.6554267650158061,0
60,0065,0,2026-04-23 09:44:00,0.5245521601685985,0
61,0087,0,2026-04-23 09:44:00,0.6554267650158061,0
62,0102,0,2026-04-23 09:44:00,0.7696522655426765,0
63,0157,0,2026-04-23 09:44:00,0.8480505795574289,0
64,0166,0,2026-04-23 09:44:00,0.3464699683877766,0
65,0268,0,2026-04-23 09:44:00,0.5245521601685985,0
66,0379,0,2026-04-23 09:44:00,0.8480505795574289,0
67,0509,0,2026-04-23 09:44:00,0.9205479452054794,0
68,0616,0,2026-04-23 09:44:00,0.5924130663856692,0
69,0695,0,2026-04-23 09:44:00,0.0697576396206533,0
70,0769,0,2026-04-23 09:44:00,0.9205479452054794,0
71,0809,0,2026-04-23 09:44:00,0.6554267650158061,0
72,0087,0,2026-04-23 09:44:10,0.6554267650158061,0
73,0102,0,2026-04-23 09:44:10,0.7696522655426765,0
74,0268,0,2026-04-23 09:44:10,0.5245521601685985,0
75,0379,0,2026-04-23 09:44:10,0.8480505795574289,0
76,0509,0,2026-04-23 09:44:10,0.9205479452054794,0
77,0530,0,2026-04-23 09:44:10,0.6554267650158061,0
78,0538,0,2026-04-23 09:44:10,0.4309799789251844,0
79,0616,0,2026-04-23 09:44:10,0.5924130663856692,0
80,0695,0,2026-04-23 09:44:10,0.0697576396206533,0
81,0731,0,2026-04-23 09:44:10,0.5924130663856692,0
82,0769,0,2026-04-23 09:44:10,0.9205479452054794,1
83,0809,0,2026-04-23 09:44:10,0.6554267650158061,0
84,0841,0,2026-04-23 09:44:10,0.6554267650158061,0
85,0087,0,2026-04-23 09:44:20,0.6554267650158061,0
86,0102,0,2026-04-23 09:44:20,0.7696522655426765,0
87,0229,0,2026-04-23 09:44:20,0.5924130663856692,0
88,0268,0,2026-04-23 09:44:20,0.5245521601685985,0
89,0317,0,2026-04-23 09:44:20,0.1401475237091676,0
90,0379,0,2026-04-23 09:44:20,0.8480505795574289,0
91,0442,0,2026-04-23 09:44:20,0.7696522655426765,1
92,0509,0,2026-04-23 09:44:20,0.9205479452054794,0
93,0530,0,2026-04-23 09:44:20,0.6554267650158061,0
94,0538,0,2026-04-23 09:44:20,0.4309799789251844,0
95,0575,0,2026-04-23 09:44:20,0.9205479452054794,0
96,0616,0,2026-04-23 09:44:20,0.5924130663856692,0
97,0695,0,2026-04-23 09:44:20,0.0697576396206533,0
98,0731,0,2026-04-23 09:44:20,0.5924130663856692,0
99,0769,0,2026-04-23 09:44:20,0.9205479452054794,0
100,0809,0,2026-04-23 09:44:20,0.6554267650158061,0
101,0841,0,2026-04-23 09:44:20,0.6554267650158061,0
102,0087,0,2026-04-23 09:44:30,0.6554267650158061,0
103,0102,0,2026-04-23 09:44:30,0.7696522655426765,0
104,0137,0,2026-04-23 09:44:30,1.0000000000000000,0
105,0229,0,2026-04-23 09:44:30,0.5924130663856692,0
106,0268,0,2026-04-23 09:44:30,0.5245521601685985,0
107,0317,0,2026-04-23 09:44:30,0.1401475237091676,0
108,0379,0,2026-04-23 09:44:30,0.8480505795574289,0
109,0442,0,2026-04-23 09:44:30,0.7696522655426765,0
110,0475,0,2026-04-23 09:44:30,0.7696522655426765,0
111,0491,0,2026-04-23 09:44:30,1.0000000000000000,0
112,0509,0,2026-04-23 09:44:30,0.9205479452054794,0
113,0530,0,2026-04-23 09:44:30,0.6554267650158061,0
114,0538,0,2026-04-23 09:44:30,0.4309799789251844,1
115,0575,0,2026-04-23 09:44:30,0.9205479452054794,0
116,0616,0,2026-04-23 09:44:30,0.5924130663856692,0
117,0695,0,2026-04-23 09:44:30,0.0697576396206533,0
118,0731,0,2026-04-23 09:44:30,0.5924130663856692,0
119,0769,0,2026-04-23 09:44:30,0.9205479452054794,0
120,0809,0,2026-04-23 09:44:30,0.6554267650158061,0
121,0841,0,2026-04-23 09:44:30,0.6554267650158061,0
122,0087,0,2026-04-23 09:44:40,0.6554267650158061,0
123,0102,0,2026-04-23 09:44:40,0.7696522655426765,0
124,0137,0,2026-04-23 09:44:40,1.0000000000000000,0
125,0212,0,2026-04-23 09:44:40,0.7696522655426765,0
126,0229,0,2026-04-23 09:44:40,0.5924130663856692,0
127,0268,0,2026-04-23 09:44:40,0.5245521601685985,0
128,0317,0,2026-04-23 09:44:40,0.1401475237091676,0
129,0379,0,2026-04-23 09:44:40,0.8480505795574289,0
130,0442,0,2026-04-23 09:44:40,0.7696522655426765,0
131,0475,0,2026-04-23 09:44:40,0.7696522655426765,0
132,0491,0,2026-04-23 09:44:40,1.0000000000000000,0
133,0509,0,2026-04-23 09:44:40,0.9205479452054794,0
134,0530,0,2026-04-23 09:44:40,0.6554267650158061,0
135,0538,0,2026-04-23 09:44:40,0.4309799789251844,0
136,0575,0,2026-04-23 09:44:40,0.9205479452054794,0
137,0695,0,2026-04-23 09:44:40,0.0697576396206533,0
138,0731,0,2026-04-23 09:44:40,0.5924130663856692,0
139,0769,0,2026-04-23 09:44:40,0.9205479452054794,0
140,0809,0,2026-04-23 09:44:40,0.6554267650158061,0
141,0841,0,2026-04-23 09:44:40,0.6554267650158061,0
142,0841,0,2026-04-23 09:44:40,0.6554267650158061,0
143,0087,0,2026-04-23 09:44:50,0.6554267650158061,0
144,0102,0,2026-04-23 09:44:50,0.7696522655426765,0
145,0137,0,2026-04-23 09:44:50,1.0000000000000000,1
146,0212,0,2026-04-23 09:44:50,0.7696522655426765,0
147,0229,0,2026-04-23 09:44:50,0.5924130663856692,0
148,0268,0,2026-04-23 09:44:50,0.5245521601685985,0
149,0317,0,2026-04-23 09:44:50,0.1401475237091676,0
150,0379,0,2026-04-23 09:44:50,0.8480505795574289,0
151,0442,0,2026-04-23 09:44:50,0.7696522655426765,0
152,0475,0,2026-04-23 09:44:50,0.7696522655426765,0
153,0491,0,2026-04-23 09:44:50,1.0000000000000000,0
154,0509,0,2026-04-23 09:44:50,0.9205479452054794,0
155,0530,0,2026-04-23 09:44:50,0.6554267650158061,0
156,0538,0,2026-04-23 09:44:50,0.4309799789251844,0
157,0575,0,2026-04-23 09:44:50,0.9205479452054794,0
158,0731,0,2026-04-23 09:44:50,0.5924130663856692,0
159,0769,0,2026-04-23 09:44:50,0.9205479452054794,0
160,0841,0,2026-04-23 09:44:50,0.6554267650158061,0
161,0841,0,2026-04-23 09:44:50,0.6554267650158061,0
162,0102,0,2026-04-23 09:45:00,0.7696522655426765,0
163,0137,0,2026-04-23 09:45:00,1.0000000000000000,0
164,0212,0,2026-04-23 09:45:00,0.7696522655426765,1
165,0229,0,2026-04-23 09:45:00,0.5924130663856692,0
166,0268,0,2026-04-23 09:45:00,0.5245521601685985,0
167,0317,0,2026-04-23 09:45:00,0.1401475237091676,0
168,0379,0,2026-04-23 09:45:00,0.8480505795574289,0
169,0424,0,2026-04-23 09:45:00,0.2798735511064278,0
170,0442,0,2026-04-23 09:45:00,0.7696522655426765,0
171,0475,0,2026-04-23 09:45:00,0.7696522655426765,0
172,0491,0,2026-04-23 09:45:00,1.0000000000000000,0
173,0509,0,2026-04-23 09:45:00,0.9205479452054794,0
174,0530,0,2026-04-23 09:45:00,0.6554267650158061,0
175,0538,0,2026-04-23 09:45:00,0.4309799789251844,0
176,0575,0,2026-04-23 09:45:00,0.9205479452054794,0
177,0731,0,2026-04-23 09:45:00,0.5924130663856692,0
178,0769,0,2026-04-23 09:45:00,0.9205479452054794,0
179,0841,0,2026-04-23 09:45:00,0.6554267650158061,0
180,0841,0,2026-04-23 09:45:00,0.6554267650158061,0
181,0102,0,2026-04-23 09:45:10,0.7696522655426765,0
182,0137,0,2026-04-23 09:45:10,1.0000000000000000,0
183,0212,0,2026-04-23 09:45:10,0.7696522655426765,0
184,0229,0,2026-04-23 09:45:10,0.5924130663856692,0
185,0268,0,2026-04-23 09:45:10,0.5245521601685985,0
186,0317,0,2026-04-23 09:45:10,0.1401475237091676,0
187,0379,0,2026-04-23 09:45:10,0.8480505795574289,0
188,0424,0,2026-04-23 09:45:10,0.2798735511064278,0
189,0442,0,2026-04-23 09:45:10,0.7696522655426765,0
190,0475,0,2026-04-23 09:45:10,0.7696522655426765,1
191,0491,0,2026-04-23 09:45:10,1.0000000000000000,0
192,0530,0,2026-04-23 09:45:10,0.6554267650158061,0
193,0538,0,2026-04-23 09:45:10,0.4309799789251844,0
194,0575,0,2026-04-23 09:45:10,0.9205479452054794,0
195,0731,0,2026-04-23 09:45:10,0.5924130663856692,0
196,0769,0,2026-04-23 09:45:10,0.9205479452054794,0
197,0841,0,2026-04-23 09:45:10,0.6554267650158061,0
198,0841,0,2026-04-23 09:45:10,0.6554267650158061,0
199,0102,0,2026-04-23 09:45:20,0.7696522655426765,0
200,0137,0,2026-04-23 09:45:20,1.0000000000000000,1
201,0212,0,2026-04-23 09:45:20,0.7696522655426765,0
202,0229,0,2026-04-23 09:45:20,0.5924130663856692,0
203,0268,0,2026-04-23 09:45:20,0.5245521601685985,0
204,0317,0,2026-04-23 09:45:20,0.1401475237091676,0
205,0379,0,2026-04-23 09:45:20,0.8480505795574289,0
206,0424,0,2026-04-23 09:45:20,0.2798735511064278,0
207,0425,0,2026-04-23 09:45:20,0.7696522655426765,0
208,0442,0,2026-04-23 09:45:20,0.7696522655426765,0
209,0475,0,2026-04-23 09:45:20,0.7696522655426765,0
210,0491,0,2026-04-23 09:45:20,1.0000000000000000,0
211,0530,0,2026-04-23 09:45:20,0.6554267650158061,0
212,0538,0,2026-04-23 09:45:20,0.4309799789251844,0
213,0575,0,2026-04-23 09:45:20,0.9205479452054794,0
214,0731,0,2026-04-23 09:45:20,0.5924130663856692,0
215,0769,0,2026-04-23 09:45:20,0.9205479452054794,0
216,0841,0,2026-04-23 09:45:20,0.6554267650158061,0
217,0212,0,2026-04-23 09:45:30,0.7696522655426765,1
218,0229,0,2026-04-23 09:45:30,0.5924130663856692,0
219,0317,0,2026-04-23 09:45:30,0.1401475237091676,0
220,0375,0,2026-04-23 09:45:30,0.4309799789251844,0
221,0379,0,2026-04-23 09:45:30,0.8480505795574289,0
222,0424,0,2026-04-23 09:45:30,0.2798735511064278,0
223,0425,0,2026-04-23 09:45:30,0.7696522655426765,0
224,0442,0,2026-04-23 09:45:30,0.7696522655426765,0
225,0475,0,2026-04-23 09:45:30,0.7696522655426765,0
226,0491,0,2026-04-23 09:45:30,1.0000000000000000,0
227,0530,0,2026-04-23 09:45:30,0.6554267650158061,0
228,0538,0,2026-04-23 09:45:30,0.4309799789251844,0
229,0575,0,2026-04-23 09:45:30,0.9205479452054794,0
230,0731,0,2026-04-23 09:45:30,0.5924130663856692,0
231,0769,0,2026-04-23 09:45:30,0.9205479452054794,0
232,0841,0,2026-04-23 09:45:30,0.6554267650158061,0
233,0212,0,2026-04-23 09:45:40,0.7696522655426765,0
234,0229,0,2026-04-23 09:45:40,0.5924130663856692,0
235,0317,0,2026-04-23 09:45:40,0.1401475237091676,0
236,0375,0,2026-04-23 09:45:40,0.4309799789251844,0
237,0379,0,2026-04-23 09:45:40,0.8480505795574289,0
238,0424,0,2026-04-23 09:45:40,0.2798735511064278,0
239,0425,0,2026-04-23 09:45:40,0.7696522655426765,0
240,0442,0,2026-04-23 09:45:40,0.7696522655426765,0
241,0475,0,2026-04-23 09:45:40,0.7696522655426765,0
242,0491,0,2026-04-23 09:45:40,1.0000000000000000,0
243,0530,0,2026-04-23 09:45:40,0.6554267650158061,0
244,0538,0,2026-04-23 09:45:40,0.4309799789251844,0
245,0575,0,2026-04-23 09:45:40,0.9205479452054794,0
246,0731,0,2026-04-23 09:45:40,0.5924130663856692,0
247,0769,0,2026-04-23 09:45:40,0.9205479452054794,0
248,0841,0,2026-04-23 09:45:40,0.6554267650158061,0
249,0308,0,2026-04-23 09:45:50,0.2798735511064278,0
250,0317,0,2026-04-23 09:45:50,0.1401475237091676,0
251,0375,0,2026-04-23 09:45:50,0.4309799789251844,0
252,0424,0,2026-04-23 09:45:50,0.2798735511064278,0
253,0425,0,2026-04-23 09:45:50,0.7696522655426765,0
254,0491,0,2026-04-23 09:45:50,1.0000000000000000,0
255,0538,0,2026-04-23 09:45:50,0.4309799789251844,1
256,0575,0,2026-04-23 09:45:50,0.9205479452054794,0
257,0731,0,2026-04-23 09:45:50,0.5924130663856692,0
258,0308,0,2026-04-23 09:46:00,0.2798735511064278,0
259,0317,0,2026-04-23 09:46:00,0.1401475237091676,1
260,0375,0,2026-04-23 09:46:00,0.4309799789251844,0
261,0375,0,2026-04-23 09:46:00,0.4309799789251844,0
262,0424,0,2026-04-23 09:46:00,0.2798735511064278,0
263,0425,0,2026-04-23 09:46:00,0.7696522655426765,0
264,0491,0,2026-04-23 09:46:00,1.0000000000000000,0
265,0538,0,2026-04-23 09:46:00,0.4309799789251844,0
266,0575,0,2026-04-23 09:46:00,0.9205479452054794,0
267,0308,0,2026-04-23 09:46:10,0.2798735511064278,0
268,0317,0,2026-04-23 09:46:10,0.1401475237091676,0
269,0375,0,2026-04-23 09:46:10,0.4309799789251844,0
270,0375,0,2026-04-23 09:46:10,0.4309799789251844,0
271,0424,0,2026-04-23 09:46:10,0.2798735511064278,0
272,0425,0,2026-04-23 09:46:10,0.7696522655426765,0
273,0491,0,2026-04-23 09:46:10,1.0000000000000000,0
274,0575,0,2026-04-23 09:46:10,0.9205479452054794,1
275,0308,0,2026-04-23 09:46:20,0.2798735511064278,0
276,0375,0,2026-04-23 09:46:20,0.4309799789251844,0
277,0375,0,2026-04-23 09:46:20,0.4309799789251844,0
278,0425,0,2026-04-23 09:46:20,0.7696522655426765,0
279,0491,0,2026-04-23 09:46:20,1.0000000000000000,1
280,0375,0,2026-04-23 09:46:30,0.4309799789251844,0
281,0375,0,2026-04-23 09:46:30,0.4309799789251844,0
282,0425,0,2026-04-23 09:46:30,0.7696522655426765,1
283,0375,0,2026-04-23 09:46:40,0.4309799789251844,0
284,0375,0,2026-04-23 09:46:40,0.4309799789251844,1
285,0425,0,2026-04-23 09:46:40,0.7696522655426765,0
286,0375,0,2026-04-23 09:46:50,0.4309799789251844,0
287,0375,0,2026-04-23 09:46:50,0.4309799789251844,0
288,0425,0,2026-04-23 09:46:50,0.7696522655426765,0
289,0988,0,2026-04-23 09:46:50,0.8480505795574289,0
290,0375,0,2026-04-23 09:47:00,0.4309799789251844,0
291,0988,0,2026-04-23 09:47:00,0.8480505795574289,0
292,0375,0,2026-04-23 09:47:10,0.4309799789251844,1
293,0988,0,2026-04-23 09:47:10,0.8480505795574289,0
294,0375,0,2026-04-23 09:47:20,0.4309799789251844,0
295,0988,0,2026-04-23 09:47:20,0.8480505795574289,0
296,0988,0,2026-04-23 09:47:30,0.8480505795574289,1
297,0988,0,2026-04-23 09:47:40,0.8480505795574289,0
298,0995,0,2026-04-23 09:47:40,0.2061116965226554,0
299,0988,0,2026-04-23 09:47:50,0.8480505795574289,0
300,0995,0,2026-04-23 09:47:50,0.2061116965226554,1
301,0988,0,2026-04-23 09:48:00,0.8480505795574289,0
302,0995,0,2026-04-23 09:48:00,0.2061116965226554,0
303,0495,0,2026-04-23 09:48:10,1.0000000000000000,0
304,0988,0,2026-04-23 09:48:10,0.8480505795574289,0
305,0995,0,2026-04-23 09:48:10,0.2061116965226554,0
306,0495,0,2026-04-23 09:48:20,1.0000000000000000,0
307,0745,0,2026-04-23 09:48:20,0.0697576396206533,1
308,0988,0,2026-04-23 09:48:20,0.8480505795574289,0
309,0995,0,2026-04-23 09:48:20,0.2061116965226554,0
310,0495,0,2026-04-23 09:48:30,1.0000000000000000,0
311,0745,0,2026-04-23 09:48:30,0.0697576396206533,0
312,0988,0,2026-04-23 09:48:30,0.8480505795574289,0
313,0995,0,2026-04-23 09:48:30,0.2061116965226554,0
314,0495,0,2026-04-23 09:48:40,1.0000000000000000,1
315,0745,0,2026-04-23 09:48:40,0.0697576396206533,0
316,0988,0,2026-04-23 09:48:40,0.8480505795574289,0
317,0995,0,2026-04-23 09:48:40,0.2061116965226554,0
318,0495,0,2026-04-23 09:48:50,1.0000000000000000,1
319,0745,0,2026-04-23 09:48:50,0.0697576396206533,0
320,0995,0,2026-04-23 09:48:50,0.2061116965226554,0
321,0495,0,2026-04-23 09:49:00,1.0000000000000000,0
322,0745,0,2026-04-23 09:49:00,0.0697576396206533,0
323,0995,0,2026-04-23 09:49:00,0.2061116965226554,0
324,0495,0,2026-04-23 09:49:10,1.0000000000000000,0
325,0745,0,2026-04-23 09:49:10,0.0697576396206533,0
326,0995,0,2026-04-23 09:49:10,0.2061116965226554,0
327,0495,0,2026-04-23 09:49:20,1.0000000000000000,0
328,0745,0,2026-04-23 09:49:20,0.0697576396206533,0
329,0995,0,2026-04-23 09:49:20,0.2061116965226554,0
330,0745,0,2026-04-23 09:49:30,0.0697576396206533,0
331,0995,0,2026-04-23 09:49:30,0.2061116965226554,0
332,0745,0,2026-04-23 09:49:40,0.0697576396206533,0
333,0745,0,2026-04-23 09:49:50,0.0697576396206533,0
334,0745,0,2026-04-23 09:50:00,0.0697576396206533,0
335,0745,0,2026-04-23 09:50:10,0.0697576396206533,0
336,0106,0,2026-04-23 09:54:00,0.3464699683877766,0
337,0106,0,2026-04-23 09:54:10,0.3464699683877766,0
338,0106,0,2026-04-23 09:54:20,0.3464699683877766,0
339,0106,0,2026-04-23 09:54:30,0.3464699683877766,0
340,0106,0,2026-04-23 09:54:30,0.3464699683877766,0
341,0106,0,2026-04-23 09:54:40,0.3464699683877766,0
342,0106,0,2026-04-23 09:54:40,0.3464699683877766,1
343,0106,0,2026-04-23 09:54:50,0.3464699683877766,0
344,0106,0,2026-04-23 09:54:50,0.3464699683877766,0
345,0106,0,2026-04-23 09:55:00,0.3464699683877766,0
346,0106,0,2026-04-23 09:55:00,0.3464699683877766,0
347,0106,0,2026-04-23 09:55:10,0.3464699683877766,1
348,0106,0,2026-04-23 09:55:10,0.3464699683877766,0
349,0106,0,2026-04-23 09:55:20,0.3464699683877766,0
350,0106,0,2026-04-23 09:55:20,0.3464699683877766,0
351,0013,0,2026-04-23 09:55:30,0.2798735511064278,0
352,0106,0,2026-04-23 09:55:30,0.3464699683877766,0
353,0615,0,2026-04-23 09:55:30,0.5245521601685985,1
354,0013,0,2026-04-23 09:55:40,0.2798735511064278,0
355,0106,0,2026-04-23 09:55:40,0.3464699683877766,0
356,0188,0,2026-04-23 09:55:40,0.2061116965226554,0
357,0310,0,2026-04-23 09:55:40,0.2061116965226554,1
358,0503,0,2026-04-23 09:55:40,0.7696522655426765,0
359,0615,0,2026-04-23 09:55:40,0.5245521601685985,0
360,0832,0,2026-04-23 09:55:40,0.0697576396206533,0
361,0856,0,2026-04-23 09:55:40,0.1401475237091676,0
362,0013,0,2026-04-23 09:55:50,0.2798735511064278,0
363,0106,0,2026-04-23 09:55:50,0.3464699683877766,0
364,0171,0,2026-04-23 09:55:50,0.5924130663856692,0
365,0188,0,2026-04-23 09:55:50,0.2061116965226554,1
366,0310,0,2026-04-23 09:55:50,0.2061116965226554,0
367,0423,0,2026-04-23 09:55:50,0.9205479452054794,0
368,0503,0,2026-04-23 09:55:50,0.7696522655426765,0
369,0615,0,2026-04-23 09:55:50,0.5245521601685985,0
370,0832,0,2026-04-23 09:55:50,0.0697576396206533,0
371,0856,0,2026-04-23 09:55:50,0.1401475237091676,0
372,0013,0,2026-04-23 09:56:00,0.2798735511064278,0
373,0171,0,2026-04-23 09:56:00,0.5924130663856692,0
374,0188,0,2026-04-23 09:56:00,0.2061116965226554,0
375,0310,0,2026-04-23 09:56:00,0.2061116965226554,0
376,0423,0,2026-04-23 09:56:00,0.9205479452054794,0
377,0503,0,2026-04-23 09:56:00,0.7696522655426765,0
378,0615,0,2026-04-23 09:56:00,0.5245521601685985,0
379,0832,0,2026-04-23 09:56:00,0.0697576396206533,1
380,0856,0,2026-04-23 09:56:00,0.1401475237091676,0
381,0013,0,2026-04-23 09:56:10,0.2798735511064278,0
382,0171,0,2026-04-23 09:56:10,0.5924130663856692,0
383,0188,0,2026-04-23 09:56:10,0.2061116965226554,0
384,0310,0,2026-04-23 09:56:10,0.2061116965226554,0
385,0423,0,2026-04-23 09:56:10,0.9205479452054794,0
386,0503,0,2026-04-23 09:56:10,0.7696522655426765,0
387,0615,0,2026-04-23 09:56:10,0.5245521601685985,0
388,0832,0,2026-04-23 09:56:10,0.0697576396206533,1
389,0856,0,2026-04-23 09:56:10,0.1401475237091676,0
390,0859,0,2026-04-23 09:56:10,0.2798735511064278,0
391,0013,0,2026-04-23 09:56:20,0.2798735511064278,0
392,0171,0,2026-04-23 09:56:20,0.5924130663856692,0
393,0188,0,2026-04-23 09:56:20,0.2061116965226554,0
394,0310,0,2026-04-23 09:56:20,0.2061116965226554,0
395,0423,0,2026-04-23 09:56:20,0.9205479452054794,0
396,0503,0,2026-04-23 09:56:20,0.7696522655426765,0
397,0615,0,2026-04-23 09:56:20,0.5245521601685985,0
398,0832,0,2026-04-23 09:56:20,0.0697576396206533,0
399,0856,0,2026-04-23 09:56:20,0.1401475237091676,1
400,0859,0,2026-04-23 09:56:20,0.2798735511064278,0
401,0013,0,2026-04-23 09:56:30,0.2798735511064278,0
402,0171,0,2026-04-23 09:56:30,0.5924130663856692,0
403,0188,0,2026-04-23 09:56:30,0.2061116965226554,0
404,0310,0,2026-04-23 09:56:30,0.2061116965226554,0
405,0423,0,2026-04-23 09:56:30,0.9205479452054794,0
406,0503,0,2026-04-23 09:56:30,0.7696522655426765,0
407,0615,0,2026-04-23 09:56:30,0.5245521601685985,0
408,0832,0,2026-04-23 09:56:30,0.0697576396206533,0
409,0856,0,2026-04-23 09:56:30,0.1401475237091676,0
410,0859,0,2026-04-23 09:56:30,0.2798735511064278,0
411,0013,0,2026-04-23 09:56:40,0.2798735511064278,0
412,0171,0,2026-04-23 09:56:40,0.5924130663856692,0
413,0188,0,2026-04-23 09:56:40,0.2061116965226554,0
414,0310,0,2026-04-23 09:56:40,0.2061116965226554,0
415,0423,0,2026-04-23 09:56:40,0.9205479452054794,0
416,0503,0,2026-04-23 09:56:40,0.7696522655426765,0
417,0615,0,2026-04-23 09:56:40,0.5245521601685985,1
418,0832,0,2026-04-23 09:56:40,0.0697576396206533,0
419,0856,0,2026-04-23 09:56:40,0.1401475237091676,0
420,0859,0,2026-04-23 09:56:40,0.2798735511064278,0
421,0013,0,2026-04-23 09:56:50,0.2798735511064278,1
422,0171,0,2026-04-23 09:56:50,0.5924130663856692,0
423,0188,0,2026-04-23 09:56:50,0.2061116965226554,0
424,0310,0,2026-04-23 09:56:50,0.2061116965226554,0
425,0423,0,2026-04-23 09:56:50,0.9205479452054794,0
426,0503,0,2026-04-23 09:56:50,0.7696522655426765,0
427,0832,0,2026-04-23 09:56:50,0.0697576396206533,0
428,0856,0,2026-04-23 09:56:50,0.1401475237091676,0
429,0859,0,2026-04-23 09:56:50,0.2798735511064278,0
430,0171,0,2026-04-23 09:57:00,0.5924130663856692,0
431,0310,0,2026-04-23 09:57:00,0.2061116965226554,0
432,0423,0,2026-04-23 09:57:00,0.9205479452054794,0
433,0503,0,2026-04-23 09:57:00,0.7696522655426765,1
434,0832,0,2026-04-23 09:57:00,0.0697576396206533,0
435,0856,0,2026-04-23 09:57:00,0.1401475237091676,0
436,0859,0,2026-04-23 09:57:00,0.2798735511064278,0
437,0171,0,2026-04-23 09:57:10,0.5924130663856692,0
438,0423,0,2026-04-23 09:57:10,0.9205479452054794,1
439,0503,0,2026-04-23 09:57:10,0.7696522655426765,0
440,0832,0,2026-04-23 09:57:10,0.0697576396206533,0
441,0859,0,2026-04-23 09:57:10,0.2798735511064278,0
442,0171,0,2026-04-23 09:57:20,0.5924130663856692,1
443,0423,0,2026-04-23 09:57:20,0.9205479452054794,0
444,0503,0,2026-04-23 09:57:20,0.7696522655426765,0
445,0832,0,2026-04-23 09:57:20,0.0697576396206533,0
446,0859,0,2026-04-23 09:57:20,0.2798735511064278,0
447,0171,0,2026-04-23 09:57:30,0.5924130663856692,1
448,0423,0,2026-04-23 09:57:30,0.9205479452054794,0
449,0859,0,2026-04-23 09:57:30,0.2798735511064278,0
450,0423,0,2026-04-23 09:57:40,0.9205479452054794,1
451,0859,0,2026-04-23 09:57:40,0.2798735511064278,0
452,0859,0,2026-04-23 09:57:50,0.2798735511064278,0
453,0859,0,2026-04-23 09:58:00,0.2798735511064278,1
454,0917,0,2026-04-23 11:21:10,0.5924130663856692,0
455,0917,0,2026-04-23 11:21:20,0.5924130663856692,1
456,0917,0,2026-04-23 11:21:30,0.5924130663856692,0
457,0917,0,2026-04-23 11:21:40,0.5924130663856692,1
458,0917,0,2026-04-23 11:21:50,0.5924130663856692,0
459,0917,0,2026-04-23 11:22:00,0.5924130663856692,0
460,0917,0,2026-04-23 11:22:10,0.5924130663856692,0
461,0917,0,2026-04-23 11:22:20,0.5924130663856692,0
462,0917,0,2026-04-23 11:22:30,0.5924130663856692,0
463,0917,0,2026-04-23 11:22:40,0.5924130663856692,0
464,0739,0,2026-04-23 11:28:50,0.1401475237091676,1
465,0739,0,2026-04-23 11:29:00,0.1401475237091676,0
466,0739,0,2026-04-23 11:29:10,0.1401475237091676,0
467,0739,0,2026-04-23 11:29:20,0.1401475237091676,0
468,0739,0,2026-04-23 11:29:30,0.1401475237091676,0
469,0739,0,2026-04-23 11:29:40,0.1401475237091676,0
470,0739,0,2026-04-23 11:29:50,0.1401475237091676,0
471,0935,0,2026-04-23 13:16:40,0.5245521601685985,0
472,0935,0,2026-04-23 13:16:50,0.5245521601685985,0
473,0935,0,2026-04-23 13:17:00,0.5245521601685985,0
474,0935,0,2026-04-23 13:17:10,0.5245521601685985,1
475,0935,0,2026-04-23 13:17:20,0.5245521601685985,0
476,0935,0,2026-04-23 13:17:30,0.5245521601685985,0
477,0935,0,2026-04-23 13:17:40,0.5245521601685985,0
478,0935,0,2026-04-23 13:17:50,0.5245521601685985,0
479,0935,0,2026-04-23 13:18:00,0.5245521601685985,0
480,0935,0,2026-04-23 13:18:10,0.5245521601685985,0
481,0935,0,2026-04-23 13:18:20,0.5245521601685985,0
482,0407,0,2026-04-23 13:21:00,0.8480505795574289,1
483,0407,0,2026-04-23 13:21:10,0.8480505795574289,0
484,0407,0,2026-04-23 13:21:20,0.8480505795574289,0
485,0407,0,2026-04-23 13:21:30,0.8480505795574289,1
486,0407,0,2026-04-23 13:21:30,0.8480505795574289,0
487,0407,0,2026-04-23 13:21:40,0.8480505795574289,0
488,0407,0,2026-04-23 13:21:40,0.8480505795574289,0
489,0015,0,2026-04-23 13:21:50,0.4309799789251844,1
490,0407,0,2026-04-23 13:21:50,0.8480505795574289,0
491,0407,0,2026-04-23 13:21:50,0.8480505795574289,0
492,0015,0,2026-04-23 13:22:00,0.4309799789251844,1
493,0407,0,2026-04-23 13:22:00,0.8480505795574289,0
494,0407,0,2026-04-23 13:22:00,0.8480505795574289,0
495,0015,0,2026-04-23 13:22:10,0.4309799789251844,0
496,0407,0,2026-04-23 13:22:10,0.8480505795574289,0
497,0407,0,2026-04-23 13:22:10,0.8480505795574289,0
498,0015,0,2026-04-23 13:22:20,0.4309799789251844,0
499,0198,0,2026-04-23 13:22:20,0.0697576396206533,0
500,0407,0,2026-04-23 13:22:20,0.8480505795574289,0
501,0407,0,2026-04-23 13:22:20,0.8480505795574289,0
502,0015,0,2026-04-23 13:22:30,0.4309799789251844,0
503,0198,0,2026-04-23 13:22:30,0.0697576396206533,0
504,0407,0,2026-04-23 13:22:30,0.8480505795574289,0
505,0543,0,2026-04-23 13:22:30,0.5245521601685985,0
506,0015,0,2026-04-23 13:22:40,0.4309799789251844,0
507,0198,0,2026-04-23 13:22:40,0.0697576396206533,0
508,0407,0,2026-04-23 13:22:40,0.8480505795574289,0
509,0543,0,2026-04-23 13:22:40,0.5245521601685985,0
510,0015,0,2026-04-23 13:22:50,0.4309799789251844,0
511,0198,0,2026-04-23 13:22:50,0.0697576396206533,0
512,0407,0,2026-04-23 13:22:50,0.8480505795574289,0
513,0543,0,2026-04-23 13:22:50,0.5245521601685985,1
514,0015,0,2026-04-23 13:23:00,0.4309799789251844,0
515,0198,0,2026-04-23 13:23:00,0.0697576396206533,0
516,0543,0,2026-04-23 13:23:00,0.5245521601685985,0
517,0015,0,2026-04-23 13:23:10,0.4309799789251844,0
518,0198,0,2026-04-23 13:23:10,0.0697576396206533,1
519,0543,0,2026-04-23 13:23:10,0.5245521601685985,0
520,0198,0,2026-04-23 13:23:20,0.0697576396206533,0
521,0543,0,2026-04-23 13:23:20,0.5245521601685985,0
522,0198,0,2026-04-23 13:23:30,0.0697576396206533,0
523,0543,0,2026-04-23 13:23:30,0.5245521601685985,0
524,0198,0,2026-04-23 13:23:40,0.0697576396206533,0
525,0543,0,2026-04-23 13:23:40,0.5245521601685985,0
526,0198,0,2026-04-23 13:23:50,0.0697576396206533,1
527,0543,0,2026-04-23 13:23:50,0.5245521601685985,0
528,0543,0,2026-04-23 13:24:00,0.5245521601685985,0
529,0757,0,2026-04-23 13:24:40,0.2798735511064278,1
530,0272,0,2026-04-23 13:24:50,0.5924130663856692,0
531,0757,0,2026-04-23 13:24:50,0.2798735511064278,1
532,0179,0,2026-04-23 13:25:00,0.3464699683877766,0
533,0272,0,2026-04-23 13:25:00,0.5924130663856692,0
534,0756,0,2026-04-23 13:25:00,0.2798735511064278,0
535,0757,0,2026-04-23 13:25:00,0.2798735511064278,0
536,0179,0,2026-04-23 13:25:10,0.3464699683877766,0
537,0272,0,2026-04-23 13:25:10,0.5924130663856692,0
538,0756,0,2026-04-23 13:25:10,0.2798735511064278,0
539,0757,0,2026-04-23 13:25:10,0.2798735511064278,0
540,0179,0,2026-04-23 13:25:20,0.3464699683877766,0
541,0272,0,2026-04-23 13:25:20,0.5924130663856692,0
542,0756,0,2026-04-23 13:25:20,0.2798735511064278,0
543,0757,0,2026-04-23 13:25:20,0.2798735511064278,0
544,0179,0,2026-04-23 13:25:30,0.3464699683877766,0
545,0272,0,2026-04-23 13:25:30,0.5924130663856692,1
546,0756,0,2026-04-23 13:25:30,0.2798735511064278,0
547,0757,0,2026-04-23 13:25:30,0.2798735511064278,0
548,0179,0,2026-04-23 13:25:40,0.3464699683877766,0
549,0272,0,2026-04-23 13:25:40,0.5924130663856692,0
550,0756,0,2026-04-23 13:25:40,0.2798735511064278,0
551,0757,0,2026-04-23 13:25:40,0.2798735511064278,0
552,0179,0,2026-04-23 13:25:50,0.3464699683877766,0
553,0756,0,2026-04-23 13:25:50,0.2798735511064278,1
554,0757,0,2026-04-23 13:25:50,0.2798735511064278,0
555,0179,0,2026-04-23 13:26:00,0.3464699683877766,0
556,0756,0,2026-04-23 13:26:00,0.2798735511064278,0
557,0757,0,2026-04-23 13:26:00,0.2798735511064278,0
558,0179,0,2026-04-23 13:26:10,0.3464699683877766,0
559,0756,0,2026-04-23 13:26:10,0.2798735511064278,0
560,0757,0,2026-04-23 13:26:10,0.2798735511064278,0
561,0179,0,2026-04-23 13:26:20,0.3464699683877766,1
562,0756,0,2026-04-23 13:26:20,0.2798735511064278,0
563,0179,0,2026-04-23 13:26:30,0.3464699683877766,1
564,0756,0,2026-04-23 13:26:30,0.2798735511064278,0
565,0179,0,2026-04-23 13:26:40,0.3464699683877766,0
566,0756,0,2026-04-23 13:26:40,0.2798735511064278,0
567,0179,0,2026-04-23 13:26:50,0.3464699683877766,0
568,0756,0,2026-04-23 13:26:50,0.2798735511064278,0
569,0662,0,2026-04-23 14:49:10,0.5245521601685985,0
570,0662,0,2026-04-23 14:49:20,0.5245521601685985,0
571,0662,0,2026-04-23 14:49:30,0.5245521601685985,0
572,0662,0,2026-04-23 14:49:40,0.5245521601685985,0
573,0662,0,2026-04-23 14:49:50,0.5245521601685985,0
574,0662,0,2026-04-23 14:50:00,0.5245521601685985,1
575,0662,0,2026-04-23 14:50:10,0.5245521601685985,0
576,0662,0,2026-04-23 14:50:20,0.5245521601685985,0
577,0662,0,2026-04-23 14:50:30,0.5245521601685985,0
578,0306,0,2026-04-23 14:50:40,0.7696522655426765,1
579,0662,0,2026-04-23 14:50:40,0.5245521601685985,0
580,0306,0,2026-04-23 14:50:50,0.7696522655426765,0
581,0662,0,2026-04-23 14:50:50,0.5245521601685985,0
582,0306,0,2026-04-23 14:51:00,0.7696522655426765,0
583,0223,0,2026-04-23 14:51:10,0.4309799789251844,0
584,0255,0,2026-04-23 14:51:10,0.0697576396206533,0
585,0306,0,2026-04-23 14:51:10,0.7696522655426765,0
586,0356,0,2026-04-23 14:51:10,0.3464699683877766,1
587,0694,0,2026-04-23 14:51:10,0.2798735511064278,0
588,0223,0,2026-04-23 14:51:20,0.4309799789251844,0
589,0255,0,2026-04-23 14:51:20,0.0697576396206533,0
590,0306,0,2026-04-23 14:51:20,0.7696522655426765,0
591,0356,0,2026-04-23 14:51:20,0.3464699683877766,0
592,0694,0,2026-04-23 14:51:20,0.2798735511064278,0
593,0223,0,2026-04-23 14:51:30,0.4309799789251844,0
594,0255,0,2026-04-23 14:51:30,0.0697576396206533,0
595,0306,0,2026-04-23 14:51:30,0.7696522655426765,0
596,0356,0,2026-04-23 14:51:30,0.3464699683877766,0
597,0694,0,2026-04-23 14:51:30,0.2798735511064278,1
598,0223,0,2026-04-23 14:51:40,0.4309799789251844,0
599,0255,0,2026-04-23 14:51:40,0.0697576396206533,1
600,0306,0,2026-04-23 14:51:40,0.7696522655426765,0
601,0356,0,2026-04-23 14:51:40,0.3464699683877766,0
602,0694,0,2026-04-23 14:51:40,0.2798735511064278,0
603,0223,0,2026-04-23 14:51:50,0.4309799789251844,0
604,0255,0,2026-04-23 14:51:50,0.0697576396206533,1
605,0306,0,2026-04-23 14:51:50,0.7696522655426765,0
606,0356,0,2026-04-23 14:51:50,0.3464699683877766,0
607,0694,0,2026-04-23 14:51:50,0.2798735511064278,0
608,0223,0,2026-04-23 14:52:00,0.4309799789251844,0
609,0255,0,2026-04-23 14:52:00,0.0697576396206533,0
610,0356,0,2026-04-23 14:52:00,0.3464699683877766,0
611,0694,0,2026-04-23 14:52:00,0.2798735511064278,0
612,0223,0,2026-04-23 14:52:10,0.4309799789251844,1
613,0255,0,2026-04-23 14:52:10,0.0697576396206533,0
614,0356,0,2026-04-23 14:52:10,0.3464699683877766,0
615,0694,0,2026-04-23 14:52:10,0.2798735511064278,0
616,0223,0,2026-04-23 14:52:20,0.4309799789251844,0
617,0255,0,2026-04-23 14:52:20,0.0697576396206533,0
618,0356,0,2026-04-23 14:52:20,0.3464699683877766,0
619,0694,0,2026-04-23 14:52:20,0.2798735511064278,0
620,0223,0,2026-04-23 14:52:30,0.4309799789251844,0
621,0255,0,2026-04-23 14:52:30,0.0697576396206533,0
622,0279,0,2026-04-23 14:52:30,0.2798735511064278,0
623,0345,0,2026-04-23 14:52:30,1.0000000000000000,1
624,0356,0,2026-04-23 14:52:30,0.3464699683877766,0
625,0455,0,2026-04-23 14:52:30,0.3464699683877766,0
626,0694,0,2026-04-23 14:52:30,0.2798735511064278,0
627,0202,0,2026-04-23 14:52:40,0.2798735511064278,0
628,0223,0,2026-04-23 14:52:40,0.4309799789251844,0
629,0255,0,2026-04-23 14:52:40,0.0697576396206533,0
630,0279,0,2026-04-23 14:52:40,0.2798735511064278,0
631,0345,0,2026-04-23 14:52:40,1.0000000000000000,0
632,0455,0,2026-04-23 14:52:40,0.3464699683877766,0
633,0694,0,2026-04-23 14:52:40,0.2798735511064278,0
634,0696,0,2026-04-23 14:52:40,0.7696522655426765,1
635,0202,0,2026-04-23 14:52:50,0.2798735511064278,0
636,0223,0,2026-04-23 14:52:50,0.4309799789251844,0
637,0279,0,2026-04-23 14:52:50,0.2798735511064278,0
638,0345,0,2026-04-23 14:52:50,1.0000000000000000,0
639,0455,0,2026-04-23 14:52:50,0.3464699683877766,0
640,0694,0,2026-04-23 14:52:50,0.2798735511064278,0
641,0696,0,2026-04-23 14:52:50,0.7696522655426765,0
642,0045,0,2026-04-23 14:53:00,0.7696522655426765,0
643,0202,0,2026-04-23 14:53:00,0.2798735511064278,1
644,0223,0,2026-04-23 14:53:00,0.4309799789251844,0
645,0279,0,2026-04-23 14:53:00,0.2798735511064278,0
646,0345,0,2026-04-23 14:53:00,1.0000000000000000,0
647,0455,0,2026-04-23 14:53:00,0.3464699683877766,0
648,0696,0,2026-04-23 14:53:00,0.7696522655426765,0
649,0045,0,2026-04-23 14:53:10,0.7696522655426765,0
650,0202,0,2026-04-23 14:53:10,0.2798735511064278,0
651,0279,0,2026-04-23 14:53:10,0.2798735511064278,0
652,0345,0,2026-04-23 14:53:10,1.0000000000000000,0
653,0455,0,2026-04-23 14:53:10,0.3464699683877766,1
654,0696,0,2026-04-23 14:53:10,0.7696522655426765,0
655,0045,0,2026-04-23 14:53:20,0.7696522655426765,1
656,0202,0,2026-04-23 14:53:20,0.2798735511064278,0
657,0279,0,2026-04-23 14:53:20,0.2798735511064278,0
658,0345,0,2026-04-23 14:53:20,1.0000000000000000,0
659,0455,0,2026-04-23 14:53:20,0.3464699683877766,0
660,0696,0,2026-04-23 14:53:20,0.7696522655426765,0
661,0045,0,2026-04-23 14:53:30,0.7696522655426765,0
662,0045,0,2026-04-23 14:53:30,0.7696522655426765,0
663,0202,0,2026-04-23 14:53:30,0.2798735511064278,0
664,0279,0,2026-04-23 14:53:30,0.2798735511064278,0
665,0345,0,2026-04-23 14:53:30,1.0000000000000000,0
666,0455,0,2026-04-23 14:53:30,0.3464699683877766,0
667,0696,0,2026-04-23 14:53:30,0.7696522655426765,0
668,0045,0,2026-04-23 14:53:40,0.7696522655426765,0
669,0045,0,2026-04-23 14:53:40,0.7696522655426765,0
670,0112,0,2026-04-23 14:53:40,1.0000000000000000,0
671,0202,0,2026-04-23 14:53:40,0.2798735511064278,0
672,0265,0,2026-04-23 14:53:40,0.2798735511064278,0
673,0279,0,2026-04-23 14:53:40,0.2798735511064278,0
674,0345,0,2026-04-23 14:53:40,1.0000000000000000,0
675,0455,0,2026-04-23 14:53:40,0.3464699683877766,1
676,0696,0,2026-04-23 14:53:40,0.7696522655426765,0
677,0045,0,2026-04-23 14:53:50,0.7696522655426765,1
678,0045,0,2026-04-23 14:53:50,0.7696522655426765,0
679,0112,0,2026-04-23 14:53:50,1.0000000000000000,0
680,0265,0,2026-04-23 14:53:50,0.2798735511064278,0
681,0279,0,2026-04-23 14:53:50,0.2798735511064278,0
682,0345,0,2026-04-23 14:53:50,1.0000000000000000,0
683,0455,0,2026-04-23 14:53:50,0.3464699683877766,0
684,0696,0,2026-04-23 14:53:50,0.7696522655426765,0
685,0045,0,2026-04-23 14:54:00,0.7696522655426765,0
686,0045,0,2026-04-23 14:54:00,0.7696522655426765,0
687,0112,0,2026-04-23 14:54:00,1.0000000000000000,0
688,0265,0,2026-04-23 14:54:00,0.2798735511064278,0
689,0279,0,2026-04-23 14:54:00,0.2798735511064278,0
690,0345,0,2026-04-23 14:54:00,1.0000000000000000,0
691,0455,0,2026-04-23 14:54:00,0.3464699683877766,0
692,0696,0,2026-04-23 14:54:00,0.7696522655426765,0
693,0045,0,2026-04-23 14:54:10,0.7696522655426765,0
694,0045,0,2026-04-23 14:54:10,0.7696522655426765,0
695,0112,0,2026-04-23 14:54:10,1.0000000000000000,0
696,0265,0,2026-04-23 14:54:10,0.2798735511064278,0
697,0279,0,2026-04-23 14:54:10,0.2798735511064278,1
698,0345,0,2026-04-23 14:54:10,1.0000000000000000,0
699,0045,0,2026-04-23 14:54:20,0.7696522655426765,0
700,0045,0,2026-04-23 14:54:20,0.7696522655426765,0
701,0112,0,2026-04-23 14:54:20,1.0000000000000000,0
702,0265,0,2026-04-23 14:54:20,0.2798735511064278,0
703,0483,0,2026-04-23 14:54:20,0.2061116965226554,0
704,0045,0,2026-04-23 14:54:30,0.7696522655426765,0
705,0112,0,2026-04-23 14:54:30,1.0000000000000000,0
706,0265,0,2026-04-23 14:54:30,0.2798735511064278,1
707,0483,0,2026-04-23 14:54:30,0.2061116965226554,0
708,0045,0,2026-04-23 14:54:40,0.7696522655426765,0
709,0112,0,2026-04-23 14:54:40,1.0000000000000000,0
710,0265,0,2026-04-23 14:54:40,0.2798735511064278,1
711,0483,0,2026-04-23 14:54:40,0.2061116965226554,0
712,0045,0,2026-04-23 14:54:50,0.7696522655426765,0
713,0112,0,2026-04-23 14:54:50,1.0000000000000000,1
714,0483,0,2026-04-23 14:54:50,0.2061116965226554,0
715,0112,0,2026-04-23 14:55:00,1.0000000000000000,0
716,0483,0,2026-04-23 14:55:00,0.2061116965226554,0
717,0112,0,2026-04-23 14:55:10,1.0000000000000000,0
718,0483,0,2026-04-23 14:55:10,0.2061116965226554,1
719,0112,0,2026-04-23 14:55:20,1.0000000000000000,0
720,0195,0,2026-04-23 16:20:30,0.4309799789251844,1
721,0195,0,2026-04-23 16:20:40,0.4309799789251844,0
722,0064,0,2026-04-23 16:20:50,1.0000000000000000,0
723,0195,0,2026-04-23 16:20:50,0.4309799789251844,0
724,0899,0,2026-04-23 16:20:50,0.9205479452054794,1
725,0007,0,2026-04-23 16:21:00,0.4309799789251844,0
726,0064,0,2026-04-23 16:21:00,1.0000000000000000,0
727,0195,0,2026-04-23 16:21:00,0.4309799789251844,0
728,0899,0,2026-04-23 16:21:00,0.9205479452054794,1
729,0007,0,2026-04-23 16:21:10,0.4309799789251844,0
730,0064,0,2026-04-23 16:21:10,1.0000000000000000,0
731,0195,0,2026-04-23 16:21:10,0.4309799789251844,0
732,0899,0,2026-04-23 16:21:10,0.9205479452054794,0
733,0007,0,2026-04-23 16:21:20,0.4309799789251844,0
734,0064,0,2026-04-23 16:21:20,1.0000000000000000,1
735,0195,0,2026-04-23 16:21:20,0.4309799789251844,0
736,0215,0,2026-04-23 16:21:20,0.5924130663856692,0
737,0899,0,2026-04-23 16:21:20,0.9205479452054794,0
738,0007,0,2026-04-23 16:21:30,0.4309799789251844,0
739,0064,0,2026-04-23 16:21:30,1.0000000000000000,0
740,0195,0,2026-04-23 16:21:30,0.4309799789251844,0
741,0215,0,2026-04-23 16:21:30,0.5924130663856692,0
742,0262,0,2026-04-23 16:21:30,0.5924130663856692,0
743,0899,0,2026-04-23 16:21:30,0.9205479452054794,0
744,0007,0,2026-04-23 16:21:40,0.4309799789251844,0
745,0064,0,2026-04-23 16:21:40,1.0000000000000000,0
746,0195,0,2026-04-23 16:21:40,0.4309799789251844,0
747,0215,0,2026-04-23 16:21:40,0.5924130663856692,0
748,0262,0,2026-04-23 16:21:40,0.5924130663856692,0
749,0827,0,2026-04-23 16:21:40,0.7696522655426765,1
750,0899,0,2026-04-23 16:21:40,0.9205479452054794,0
751,0007,0,2026-04-23 16:21:50,0.4309799789251844,0
752,0064,0,2026-04-23 16:21:50,1.0000000000000000,0
753,0195,0,2026-04-23 16:21:50,0.4309799789251844,0
754,0215,0,2026-04-23 16:21:50,0.5924130663856692,0
755,0262,0,2026-04-23 16:21:50,0.5924130663856692,0
756,0827,0,2026-04-23 16:21:50,0.7696522655426765,1
757,0899,0,2026-04-23 16:21:50,0.9205479452054794,0
758,0007,0,2026-04-23 16:22:00,0.4309799789251844,0
759,0064,0,2026-04-23 16:22:00,1.0000000000000000,0
760,0195,0,2026-04-23 16:22:00,0.4309799789251844,0
761,0215,0,2026-04-23 16:22:00,0.5924130663856692,0
762,0262,0,2026-04-23 16:22:00,0.5924130663856692,0
763,0827,0,2026-04-23 16:22:00,0.7696522655426765,0
764,0899,0,2026-04-23 16:22:00,0.9205479452054794,0
765,0007,0,2026-04-23 16:22:10,0.4309799789251844,0
766,0064,0,2026-04-23 16:22:10,1.0000000000000000,0
767,0195,0,2026-04-23 16:22:10,0.4309799789251844,0
768,0215,0,2026-04-23 16:22:10,0.5924130663856692,1
769,0262,0,2026-04-23 16:22:10,0.5924130663856692,0
770,0816,0,2026-04-23 16:22:10,1.0000000000000000,0
771,0827,0,2026-04-23 16:22:10,0.7696522655426765,0
772,0007,0,2026-04-23 16:22:20,0.4309799789251844,0
773,0064,0,2026-04-23 16:22:20,1.0000000000000000,0
774,0195,0,2026-04-23 16:22:20,0.4309799789251844,0
775,0215,0,2026-04-23 16:22:20,0.5924130663856692,0
776,0262,0,2026-04-23 16:22:20,0.5924130663856692,1
777,0816,0,2026-04-23 16:22:20,1.0000000000000000,0
778,0827,0,2026-04-23 16:22:20,0.7696522655426765,0
779,0007,0,2026-04-23 16:22:30,0.4309799789251844,0
780,0215,0,2026-04-23 16:22:30,0.5924130663856692,0
781,0262,0,2026-04-23 16:22:30,0.5924130663856692,0
782,0816,0,2026-04-23 16:22:30,1.0000000000000000,0
783,0827,0,2026-04-23 16:22:30,0.7696522655426765,0
784,0007,0,2026-04-23 16:22:40,0.4309799789251844,1
785,0215,0,2026-04-23 16:22:40,0.5924130663856692,0
786,0262,0,2026-04-23 16:22:40,0.5924130663856692,0
787,0816,0,2026-04-23 16:22:40,1.0000000000000000,0
788,0827,0,2026-04-23 16:22:40,0.7696522655426765,0
789,0215,0,2026-04-23 16:22:50,0.5924130663856692,0
790,0262,0,2026-04-23 16:22:50,0.5924130663856692,0
791,0775,0,2026-04-23 16:22:50,0.2061116965226554,0
792,0816,0,2026-04-23 16:22:50,1.0000000000000000,0
793,0827,0,2026-04-23 16:22:50,0.7696522655426765,0
794,0215,0,2026-04-23 16:23:00,0.5924130663856692,0
795,0262,0,2026-04-23 16:23:00,0.5924130663856692,0
796,0775,0,2026-04-23 16:23:00,0.2061116965226554,0
797,0816,0,2026-04-23 16:23:00,1.0000000000000000,1
798,0827,0,2026-04-23 16:23:00,0.7696522655426765,0
799,0775,0,2026-04-23 16:23:10,0.2061116965226554,0
800,0812,0,2026-04-23 16:23:10,0.8480505795574289,0
801,0816,0,2026-04-23 16:23:10,1.0000000000000000,0
802,0827,0,2026-04-23 16:23:10,0.7696522655426765,0
803,0775,0,2026-04-23 16:23:20,0.2061116965226554,0
804,0812,0,2026-04-23 16:23:20,0.8480505795574289,1
805,0827,0,2026-04-23 16:23:20,0.7696522655426765,0
806,0218,0,2026-04-23 16:23:30,0.2798735511064278,1
807,0775,0,2026-04-23 16:23:30,0.2061116965226554,0
808,0812,0,2026-04-23 16:23:30,0.8480505795574289,0
809,0218,0,2026-04-23 16:23:40,0.2798735511064278,0
810,0775,0,2026-04-23 16:23:40,0.2061116965226554,0
811,0812,0,2026-04-23 16:23:40,0.8480505795574289,0
812,0218,0,2026-04-23 16:23:50,0.2798735511064278,0
813,0775,0,2026-04-23 16:23:50,0.2061116965226554,0
814,0812,0,2026-04-23 16:23:50,0.8480505795574289,1
815,0218,0,2026-04-23 16:24:00,0.2798735511064278,0
816,0775,0,2026-04-23 16:24:00,0.2061116965226554,0
817,0218,0,2026-04-23 16:24:10,0.2798735511064278,0
818,0775,0,2026-04-23 16:24:10,0.2061116965226554,1
819,0017,0,2026-04-23 16:24:20,0.7696522655426765,0
820,0775,0,2026-04-23 16:24:20,0.2061116965226554,0
821,0960,0,2026-04-23 16:24:20,0.6554267650158061,0
822,0017,0,2026-04-23 16:24:30,0.7696522655426765,0
823,0775,0,2026-04-23 16:24:30,0.2061116965226554,0
824,0960,0,2026-04-23 16:24:30,0.6554267650158061,0
825,0017,0,2026-04-23 16:24:40,0.7696522655426765,0
826,0775,0,2026-04-23 16:24:40,0.2061116965226554,0
827,0960,0,2026-04-23 16:24:40,0.6554267650158061,0
828,0017,0,2026-04-23 16:24:50,0.7696522655426765,1
829,0960,0,2026-04-23 16:24:50,0.6554267650158061,0
830,0017,0,2026-04-23 16:25:00,0.7696522655426765,0
831,0960,0,2026-04-23 16:25:00,0.6554267650158061,0
832,0017,0,2026-04-23 16:25:10,0.7696522655426765,0
833,0960,0,2026-04-23 16:25:10,0.6554267650158061,0
834,0017,0,2026-04-23 16:25:20,0.7696522655426765,0
835,0960,0,2026-04-23 16:25:20,0.6554267650158061,0
836,0017,0,2026-04-23 16:25:30,0.7696522655426765,0
837,0960,0,2026-04-23 16:25:30,0.6554267650158061,1
838,0017,0,2026-04-23 16:25:40,0.7696522655426765,0
839,0960,0,2026-04-23 16:25:40,0.6554267650158061,0
840,0017,0,2026-04-23 16:25:50,0.7696522655426765,0
841,0017,0,2026-04-23 16:26:00,0.7696522655426765,1
842,0017,0,2026-04-23 16:26:10,0.7696522655426765,0
843,0793,0,2026-04-23 16:27:20,0.4309799789251844,0
844,0793,0,2026-04-23 16:27:30,0.4309799789251844,1
845,0793,0,2026-04-23 16:27:40,0.4309799789251844,1
846,0793,0,2026-04-23 16:27:50,0.4309799789251844,0
847,0793,0,2026-04-23 16:28:00,0.4309799789251844,0
848,0793,0,2026-04-23 16:28:10,0.4309799789251844,0
849,0793,0,2026-04-23 16:28:20,0.4309799789251844,0
850,0793,0,2026-04-23 16:28:30,0.4309799789251844,0
851,0477,0,2026-04-23 16:28:40,0.3464699683877766,0
852,0793,0,2026-04-23 16:28:40,0.4309799789251844,0
853,0477,0,2026-04-23 16:28:50,0.3464699683877766,0
854,0477,0,2026-04-23 16:29:00,0.3464699683877766,0
855,0477,0,2026-04-23 16:29:10,0.3464699683877766,0
856,0477,0,2026-04-23 16:29:20,0.3464699683877766,1
857,0477,0,2026-04-23 16:29:30,0.3464699683877766,0
858,0477,0,2026-04-23 16:29:40,0.3464699683877766,0
859,0477,0,2026-04-23 16:29:50,0.3464699683877766,0
860,0593,0,2026-04-23 17:57:10,0.7696522655426765,0
861,0593,0,2026-04-23 17:57:20,0.7696522655426765,0
862,0593,0,2026-04-23 17:57:30,0.7696522655426765,1
863,0593,0,2026-04-23 17:57:40,0.7696522655426765,0
864,0593,0,2026-04-23 17:57:50,0.7696522655426765,0
865,0593,0,2026-04-23 17:58:00,0.7696522655426765,0
866,0593,0,2026-04-23 17:58:10,0.7696522655426765,0
867,0760,0,2026-04-23 17:59:10,0.0697576396206533,0
868,0760,0,2026-04-23 17:59:20,0.0697576396206533,0
869,0760,0,2026-04-23 17:59:30,0.0697576396206533,0
870,0760,0,2026-04-23 17:59:40,0.0697576396206533,1
871,0770,0,2026-04-23 18:00:20,0.5924130663856692,0
872,0770,0,2026-04-23 18:00:30,0.5924130663856692,1
873,0770,0,2026-04-23 18:00:40,0.5924130663856692,0
874,0770,0,2026-04-23 18:00:50,0.5924130663856692,0
875,0770,0,2026-04-23 18:01:00,0.5924130663856692,0
876,0770,0,2026-04-23 18:01:10,0.5924130663856692,0
877,0945,0,2026-04-23 18:01:10,0.5245521601685985,1
878,0770,0,2026-04-23 18:01:20,0.5924130663856692,0
879,0945,0,2026-04-23 18:01:20,0.5245521601685985,1
880,0770,0,2026-04-23 18:01:30,0.5924130663856692,0
881,0945,0,2026-04-23 18:01:30,0.5245521601685985,0
882,0770,0,2026-04-23 18:01:40,0.5924130663856692,0
883,0945,0,2026-04-23 18:01:40,0.5245521601685985,0
884,0770,0,2026-04-23 18:01:50,0.5924130663856692,0
885,0945,0,2026-04-23 18:01:50,0.5245521601685985,0
886,0227,0,2026-04-23 18:02:00,0.7696522655426765,1
887,0945,0,2026-04-23 18:02:00,0.5245521601685985,0
888,0134,0,2026-04-23 18:02:10,0.1401475237091676,0
889,0227,0,2026-04-23 18:02:10,0.7696522655426765,0
890,0576,0,2026-04-23 18:02:10,0.0697576396206533,0
891,0945,0,2026-04-23 18:02:10,0.5245521601685985,0
892,0973,0,2026-04-23 18:02:10,0.6554267650158061,0
893,0134,0,2026-04-23 18:02:20,0.1401475237091676,0
894,0227,0,2026-04-23 18:02:20,0.7696522655426765,0
895,0576,0,2026-04-23 18:02:20,0.0697576396206533,0
896,0811,0,2026-04-23 18:02:20,0.0697576396206533,0
897,0945,0,2026-04-23 18:02:20,0.5245521601685985,0
898,0973,0,2026-04-23 18:02:20,0.6554267650158061,1
899,0028,0,2026-04-23 18:02:30,0.0697576396206533,0
900,0134,0,2026-04-23 18:02:30,0.1401475237091676,0
901,0227,0,2026-04-23 18:02:30,0.7696522655426765,0
902,0576,0,2026-04-23 18:02:30,0.0697576396206533,0
903,0706,0,2026-04-23 18:02:30,0.1401475237091676,0
904,0811,0,2026-04-23 18:02:30,0.0697576396206533,0
905,0945,0,2026-04-23 18:02:30,0.5245521601685985,0
906,0973,0,2026-04-23 18:02:30,0.6554267650158061,1
907,0028,0,2026-04-23 18:02:40,0.0697576396206533,0
908,0134,0,2026-04-23 18:02:40,0.1401475237091676,0
909,0227,0,2026-04-23 18:02:40,0.7696522655426765,0
910,0576,0,2026-04-23 18:02:40,0.0697576396206533,0
911,0706,0,2026-04-23 18:02:40,0.1401475237091676,1
912,0811,0,2026-04-23 18:02:40,0.0697576396206533,0
913,0945,0,2026-04-23 18:02:40,0.5245521601685985,0
914,0973,0,2026-04-23 18:02:40,0.6554267650158061,0
915,0028,0,2026-04-23 18:02:50,0.0697576396206533,0
916,0134,0,2026-04-23 18:02:50,0.1401475237091676,0
917,0227,0,2026-04-23 18:02:50,0.7696522655426765,0
918,0576,0,2026-04-23 18:02:50,0.0697576396206533,0
919,0706,0,2026-04-23 18:02:50,0.1401475237091676,1
920,0811,0,2026-04-23 18:02:50,0.0697576396206533,0
921,0945,0,2026-04-23 18:02:50,0.5245521601685985,0
922,0028,0,2026-04-23 18:03:00,0.0697576396206533,0
923,0134,0,2026-04-23 18:03:00,0.1401475237091676,0
924,0227,0,2026-04-23 18:03:00,0.7696522655426765,0
925,0576,0,2026-04-23 18:03:00,0.0697576396206533,0
926,0706,0,2026-04-23 18:03:00,0.1401475237091676,0
927,0811,0,2026-04-23 18:03:00,0.0697576396206533,1
928,0945,0,2026-04-23 18:03:00,0.5245521601685985,0
929,0028,0,2026-04-23 18:03:10,0.0697576396206533,0
930,0134,0,2026-04-23 18:03:10,0.1401475237091676,1
931,0227,0,2026-04-23 18:03:10,0.7696522655426765,0
932,0576,0,2026-04-23 18:03:10,0.0697576396206533,0
933,0706,0,2026-04-23 18:03:10,0.1401475237091676,0
934,0811,0,2026-04-23 18:03:10,0.0697576396206533,0
935,0028,0,2026-04-23 18:03:20,0.0697576396206533,0
936,0134,0,2026-04-23 18:03:20,0.1401475237091676,0
937,0227,0,2026-04-23 18:03:20,0.7696522655426765,0
938,0576,0,2026-04-23 18:03:20,0.0697576396206533,1
939,0811,0,2026-04-23 18:03:20,0.0697576396206533,0
940,0028,0,2026-04-23 18:03:30,0.0697576396206533,0
941,0134,0,2026-04-23 18:03:30,0.1401475237091676,0
942,0576,0,2026-04-23 18:03:30,0.0697576396206533,0
943,0811,0,2026-04-23 18:03:30,0.0697576396206533,0
944,0028,0,2026-04-23 18:03:40,0.0697576396206533,1
945,0134,0,2026-04-23 18:03:40,0.1401475237091676,0
946,0576,0,2026-04-23 18:03:40,0.0697576396206533,0
947,0811,0,2026-04-23 18:03:40,0.0697576396206533,0
948,0028,0,2026-04-23 18:03:50,0.0697576396206533,0
949,0134,0,2026-04-23 18:03:50,0.1401475237091676,0
950,0576,0,2026-04-23 18:03:50,0.0697576396206533,0
951,0028,0,2026-04-23 18:04:00,0.0697576396206533,0
952,0315,0,2026-04-23 19:55:20,0.7696522655426765,1
953,0315,0,2026-04-23 19:55:30,0.7696522655426765,0
954,0315,0,2026-04-23 19:55:40,0.7696522655426765,0
955,0315,0,2026-04-23 19:55:50,0.7696522655426765,0
956,0315,0,2026-04-23 19:56:00,0.7696522655426765,0
957,0315,0,2026-04-23 19:56:10,0.7696522655426765,0
958,0315,0,2026-04-23 19:56:20,0.7696522655426765,0
959,0315,0,2026-04-23 19:56:30,0.7696522655426765,0
960,0315,0,2026-04-23 19:56:40,0.7696522655426765,0
961,0036,0,2026-04-23 21:40:50,0.7696522655426765,0
962,0036,0,2026-04-23 21:41:00,0.7696522655426765,0
963,0036,0,2026-04-23 21:41:10,0.7696522655426765,1
964,0036,0,2026-04-23 21:41:20,0.7696522655426765,1
965,0036,0,2026-04-23 21:41:30,0.7696522655426765,0
966,0036,0,2026-04-23 21:41:40,0.7696522655426765,0
967,0036,0,2026-04-23 21:41:50,0.7696522655426765,0
968,0036,0,2026-04-23 21:42:00,0.7696522655426765,0
969,0036,0,2026-04-23 21:42:10,0.7696522655426765,0
970,0036,0,2026-04-23 21:42:20,0.7696522655426765,0
971,0632,0,2026-04-23 23:15:50,0.5245521601685985,0
972,0632,0,2026-04-23 23:16:00,0.5245521601685985,0
973,0632,0,2026-04-23 23:16:10,0.5245521601685985,1
974,0632,0,2026-04-23 23:16:20,0.5245521601685985,0
975,0632,0,2026-04-23 23:16:30,0.5245521601685985,0
976,0632,0,2026-04-23 23:16:40,0.5245521601685985,0
977,0632,0,2026-04-23 23:16:50,0.5245521601685985,0
978,0632,0,2026-04-23 23:17:00,0.5245521601685985,0
979,0632,0,2026-04-23 23:17:10,0.5245521601685985,0
980,0632,0,2026-04-23 23:17:20,0.5245521601685985,0
981,0952,0,2026-04-23 23:17:20,0.4309799789251844,0
982,0952,0,2026-04-23 23:17:30,0.4309799789251844,1
983,0952,0,2026-04-23 23:17:40,0.4309799789251844,0
984,0952,0,2026-04-23 23:17:50,0.4309799789251844,0
985,0885,0,2026-04-23 23:18:00,0.4309799789251844,1
986,0952,0,2026-04-23 23:18:00,0.4309799789251844,0
987,0885,0,2026-04-23 23:18:10,0.4309799789251844,0
988,0952,0,2026-04-23 23:18:10,0.4309799789251844,0
989,0885,0,2026-04-23 23:18:20,0.4309799789251844,0
990,0952,0,2026-04-23 23:18:20,0.4309799789251844,0
991,0885,0,2026-04-23 23:18:30,0.4309799789251844,1
992,0885,0,2026-04-23 23:18:30,0.4309799789251844,0
993,0952,0,2026-04-23 23:18:30,0.4309799789251844,0
994,0885,0,2026-04-23 23:18:40,0.4309799789251844,0
995,0952,0,2026-04-23 23:18:40,0.4309799789251844,0
996,0885,0,2026-04-23 23:18:50,0.4309799789251844,0
997,0952,0,2026-04-23 23:18:50,0.4309799789251844,0
998,0885,0,2026-04-23 23:19:00,0.4309799789251844,0
999,0952,0,2026-04-23 23:19:00,0.4309799789251844,0
1000,0066,0,2026-04-24 02:11:30,0.1401475237091676,1
1001,0066,0,2026-04-24 02:11:40,0.1401475237091676,0
1002,0066,0,2026-04-24 02:11:50,0.1401475237091676,0
1003,0066,0,2026-04-24 02:12:00,0.1401475237091676,0
1004,0726,0,2026-04-24 02:12:00,0.2061116965226554,1
1005,0066,0,2026-04-24 02:12:10,0.1401475237091676,0
1006,0726,0,2026-04-24 02:12:10,0.2061116965226554,0
1007,0066,0,2026-04-24 02:12:20,0.1401475237091676,0
1008,0726,0,2026-04-24 02:12:20,0.2061116965226554,0
1009,0066,0,2026-04-24 02:12:30,0.1401475237091676,0
1010,0726,0,2026-04-24 02:12:30,0.2061116965226554,0
1011,0066,0,2026-04-24 02:12:40,0.1401475237091676,0
1012,0726,0,2026-04-24 02:12:40,0.2061116965226554,0
1013,0066,0,2026-04-24 02:12:50,0.1401475237091676,0
1014,0726,0,2026-04-24 02:12:50,0.2061116965226554,0
1015,0066,0,2026-04-24 02:13:00,0.1401475237091676,0
1016,0726,0,2026-04-24 02:13:00,0.2061116965226554,0
1017,0066,0,2026-04-24 02:13:10,0.1401475237091676,0
1018,0089,0,2026-04-24 02:13:10,0.2798735511064278,0
1019,0726,0,2026-04-24 02:13:10,0.2061116965226554,0
1020,0089,0,2026-04-24 02:13:20,0.2798735511064278,0
1021,0189,0,2026-04-24 02:13:20,0.2061116965226554,0
1022,0326,0,2026-04-24 02:13:20,1.0000000000000000,1
1023,0726,0,2026-04-24 02:13:20,0.2061116965226554,0
1024,0089,0,2026-04-24 02:13:30,0.2798735511064278,0
1025,0189,0,2026-04-24 02:13:30,0.2061116965226554,1
1026,0326,0,2026-04-24 02:13:30,1.0000000000000000,0
1027,0726,0,2026-04-24 02:13:30,0.2061116965226554,0
1028,0089,0,2026-04-24 02:13:40,0.2798735511064278,0
1029,0089,0,2026-04-24 02:13:40,0.2798735511064278,0
1030,0189,0,2026-04-24 02:13:40,0.2061116965226554,0
1031,0326,0,2026-04-24 02:13:40,1.0000000000000000,0
1032,0479,0,2026-04-24 02:13:40,0.9205479452054794,0
1033,0550,0,2026-04-24 02:13:40,0.5924130663856692,1
1034,0831,0,2026-04-24 02:13:40,1.0000000000000000,0
1035,0012,0,2026-04-24 02:13:50,0.4309799789251844,0
1036,0089,0,2026-04-24 02:13:50,0.2798735511064278,0
1037,0089,0,2026-04-24 02:13:50,0.2798735511064278,0
1038,0189,0,2026-04-24 02:13:50,0.2061116965226554,0
1039,0326,0,2026-04-24 02:13:50,1.0000000000000000,1
1040,0326,0,2026-04-24 02:13:50,1.0000000000000000,0
1041,0479,0,2026-04-24 02:13:50,0.9205479452054794,0
1042,0550,0,2026-04-24 02:13:50,0.5924130663856692,0
1043,0559,0,2026-04-24 02:13:50,0.2798735511064278,0
1044,0831,0,2026-04-24 02:13:50,1.0000000000000000,0
1045,0967,0,2026-04-24 02:13:50,0.1401475237091676,0
1046,0012,0,2026-04-24 02:14:00,0.4309799789251844,0
1047,0089,0,2026-04-24 02:14:00,0.2798735511064278,0
1048,0089,0,2026-04-24 02:14:00,0.2798735511064278,0
1049,0189,0,2026-04-24 02:14:00,0.2061116965226554,0
1050,0326,0,2026-04-24 02:14:00,1.0000000000000000,0
1051,0326,0,2026-04-24 02:14:00,1.0000000000000000,0
1052,0479,0,2026-04-24 02:14:00,0.9205479452054794,1
1053,0550,0,2026-04-24 02:14:00,0.5924130663856692,0
1054,0559,0,2026-04-24 02:14:00,0.2798735511064278,0
1055,0751,0,2026-04-24 02:14:00,1.0000000000000000,0
1056,0831,0,2026-04-24 02:14:00,1.0000000000000000,0
1057,0967,0,2026-04-24 02:14:00,0.1401475237091676,0
1058,0012,0,2026-04-24 02:14:10,0.4309799789251844,0
1059,0089,0,2026-04-24 02:14:10,0.2798735511064278,0
1060,0089,0,2026-04-24 02:14:10,0.2798735511064278,0
1061,0189,0,2026-04-24 02:14:10,0.2061116965226554,0
1062,0264,0,2026-04-24 02:14:10,0.4309799789251844,0
1063,0326,0,2026-04-24 02:14:10,1.0000000000000000,0
1064,0326,0,2026-04-24 02:14:10,1.0000000000000000,0
1065,0352,0,2026-04-24 02:14:10,0.8480505795574289,0
1066,0479,0,2026-04-24 02:14:10,0.9205479452054794,0
1067,0550,0,2026-04-24 02:14:10,0.5924130663856692,1
1068,0550,0,2026-04-24 02:14:10,0.5924130663856692,0
1069,0559,0,2026-04-24 02:14:10,0.2798735511064278,0
1070,0681,0,2026-04-24 02:14:10,0.5245521601685985,0
1071,0751,0,2026-04-24 02:14:10,1.0000000000000000,0
1072,0831,0,2026-04-24 02:14:10,1.0000000000000000,0
1073,0967,0,2026-04-24 02:14:10,0.1401475237091676,0
1074,0012,0,2026-04-24 02:14:20,0.4309799789251844,0
1075,0012,0,2026-04-24 02:14:20,0.4309799789251844,0
1076,0089,0,2026-04-24 02:14:20,0.2798735511064278,0
1077,0089,0,2026-04-24 02:14:20,0.2798735511064278,0
1078,0189,0,2026-04-24 02:14:20,0.2061116965226554,0
1079,0264,0,2026-04-24 02:14:20,0.4309799789251844,0
1080,0326,0,2026-04-24 02:14:20,1.0000000000000000,0
1081,0326,0,2026-04-24 02:14:20,1.0000000000000000,0
1082,0352,0,2026-04-24 02:14:20,0.8480505795574289,1
1083,0479,0,2026-04-24 02:14:20,0.9205479452054794,0
1084,0550,0,2026-04-24 02:14:20,0.5924130663856692,0
1085,0550,0,2026-04-24 02:14:20,0.5924130663856692,0
1086,0559,0,2026-04-24 02:14:20,0.2798735511064278,0
1087,0681,0,2026-04-24 02:14:20,0.5245521601685985,0
1088,0751,0,2026-04-24 02:14:20,1.0000000000000000,0
1089,0831,0,2026-04-24 02:14:20,1.0000000000000000,0
1090,0967,0,2026-04-24 02:14:20,0.1401475237091676,0
1091,0012,0,2026-04-24 02:14:30,0.4309799789251844,0
1092,0012,0,2026-04-24 02:14:30,0.4309799789251844,0
1093,0089,0,2026-04-24 02:14:30,0.2798735511064278,0
1094,0189,0,2026-04-24 02:14:30,0.2061116965226554,0
1095,0264,0,2026-04-24 02:14:30,0.4309799789251844,0
1096,0326,0,2026-04-24 02:14:30,1.0000000000000000,0
1097,0326,0,2026-04-24 02:14:30,1.0000000000000000,0
1098,0352,0,2026-04-24 02:14:30,0.8480505795574289,0
1099,0479,0,2026-04-24 02:14:30,0.9205479452054794,0
1100,0550,0,2026-04-24 02:14:30,0.5924130663856692,0
1101,0550,0,2026-04-24 02:14:30,0.5924130663856692,0
1102,0559,0,2026-04-24 02:14:30,0.2798735511064278,0
1103,0681,0,2026-04-24 02:14:30,0.5245521601685985,0
1104,0751,0,2026-04-24 02:14:30,1.0000000000000000,1
1105,0831,0,2026-04-24 02:14:30,1.0000000000000000,0
1106,0012,0,2026-04-24 02:14:40,0.4309799789251844,0
1107,0012,0,2026-04-24 02:14:40,0.4309799789251844,0
1108,0089,0,2026-04-24 02:14:40,0.2798735511064278,0
1109,0189,0,2026-04-24 02:14:40,0.2061116965226554,0
1110,0264,0,2026-04-24 02:14:40,0.4309799789251844,0
1111,0326,0,2026-04-24 02:14:40,1.0000000000000000,0
1112,0326,0,2026-04-24 02:14:40,1.0000000000000000,0
1113,0352,0,2026-04-24 02:14:40,0.8480505795574289,0
1114,0352,0,2026-04-24 02:14:40,0.8480505795574289,0
1115,0479,0,2026-04-24 02:14:40,0.9205479452054794,0
1116,0550,0,2026-04-24 02:14:40,0.5924130663856692,0
1117,0550,0,2026-04-24 02:14:40,0.5924130663856692,0
1118,0559,0,2026-04-24 02:14:40,0.2798735511064278,0
1119,0681,0,2026-04-24 02:14:40,0.5245521601685985,1
1120,0751,0,2026-04-24 02:14:40,1.0000000000000000,0
1121,0831,0,2026-04-24 02:14:40,1.0000000000000000,0
1122,0012,0,2026-04-24 02:14:50,0.4309799789251844,0
1123,0012,0,2026-04-24 02:14:50,0.4309799789251844,0
1124,0089,0,2026-04-24 02:14:50,0.2798735511064278,0
1125,0101,0,2026-04-24 02:14:50,0.4309799789251844,0
1126,0189,0,2026-04-24 02:14:50,0.2061116965226554,0
1127,0264,0,2026-04-24 02:14:50,0.4309799789251844,0
1128,0326,0,2026-04-24 02:14:50,1.0000000000000000,0
1129,0352,0,2026-04-24 02:14:50,0.8480505795574289,1
1130,0352,0,2026-04-24 02:14:50,0.8480505795574289,0
1131,0479,0,2026-04-24 02:14:50,0.9205479452054794,0
1132,0550,0,2026-04-24 02:14:50,0.5924130663856692,0
1133,0550,0,2026-04-24 02:14:50,0.5924130663856692,0
1134,0559,0,2026-04-24 02:14:50,0.2798735511064278,0
1135,0681,0,2026-04-24 02:14:50,0.5245521601685985,0
1136,0751,0,2026-04-24 02:14:50,1.0000000000000000,0
1137,0831,0,2026-04-24 02:14:50,1.0000000000000000,0
1138,0012,0,2026-04-24 02:15:00,0.4309799789251844,0
1139,0012,0,2026-04-24 02:15:00,0.4309799789251844,0
1140,0101,0,2026-04-24 02:15:00,0.4309799789251844,0
1141,0189,0,2026-04-24 02:15:00,0.2061116965226554,0
1142,0264,0,2026-04-24 02:15:00,0.4309799789251844,0
1143,0326,0,2026-04-24 02:15:00,1.0000000000000000,0
1144,0352,0,2026-04-24 02:15:00,0.8480505795574289,0
1145,0352,0,2026-04-24 02:15:00,0.8480505795574289,0
1146,0479,0,2026-04-24 02:15:00,0.9205479452054794,0
1147,0550,0,2026-04-24 02:15:00,0.5924130663856692,0
1148,0550,0,2026-04-24 02:15:00,0.5924130663856692,0
1149,0559,0,2026-04-24 02:15:00,0.2798735511064278,0
1150,0681,0,2026-04-24 02:15:00,0.5245521601685985,0
1151,0751,0,2026-04-24 02:15:00,1.0000000000000000,0
1152,0831,0,2026-04-24 02:15:00,1.0000000000000000,0
1153,0844,0,2026-04-24 02:15:00,0.7696522655426765,0
1154,0924,0,2026-04-24 02:15:00,0.5245521601685985,0
1155,0012,0,2026-04-24 02:15:10,0.4309799789251844,0
1156,0012,0,2026-04-24 02:15:10,0.4309799789251844,0
1157,0101,0,2026-04-24 02:15:10,0.4309799789251844,0
1158,0189,0,2026-04-24 02:15:10,0.2061116965226554,0
1159,0264,0,2026-04-24 02:15:10,0.4309799789251844,0
1160,0326,0,2026-04-24 02:15:10,1.0000000000000000,0
1161,0352,0,2026-04-24 02:15:10,0.8480505795574289,0
1162,0352,0,2026-04-24 02:15:10,0.8480505795574289,0
1163,0428,0,2026-04-24 02:15:10,0.9205479452054794,0
1164,0479,0,2026-04-24 02:15:10,0.9205479452054794,0
1165,0550,0,2026-04-24 02:15:10,0.5924130663856692,0
1166,0559,0,2026-04-24 02:15:10,0.2798735511064278,0
1167,0681,0,2026-04-24 02:15:10,0.5245521601685985,0
1168,0751,0,2026-04-24 02:15:10,1.0000000000000000,0
1169,0831,0,2026-04-24 02:15:10,1.0000000000000000,1
1170,0844,0,2026-04-24 02:15:10,0.7696522655426765,0
1171,0924,0,2026-04-24 02:15:10,0.5245521601685985,0
1172,0012,0,2026-04-24 02:15:20,0.4309799789251844,0
1173,0101,0,2026-04-24 02:15:20,0.4309799789251844,0
1174,0264,0,2026-04-24 02:15:20,0.4309799789251844,1
1175,0316,0,2026-04-24 02:15:20,0.2061116965226554,0
1176,0352,0,2026-04-24 02:15:20,0.8480505795574289,0
1177,0352,0,2026-04-24 02:15:20,0.8480505795574289,0
1178,0428,0,2026-04-24 02:15:20,0.9205479452054794,0
1179,0479,0,2026-04-24 02:15:20,0.9205479452054794,0
1180,0550,0,2026-04-24 02:15:20,0.5924130663856692,0
1181,0559,0,2026-04-24 02:15:20,0.2798735511064278,0
1182,0681,0,2026-04-24 02:15:20,0.5245521601685985,0
1183,0751,0,2026-04-24 02:15:20,1.0000000000000000,0
1184,0831,0,2026-04-24 02:15:20,1.0000000000000000,0
1185,0844,0,2026-04-24 02:15:20,0.7696522655426765,0
1186,0924,0,2026-04-24 02:15:20,0.5245521601685985,0
1187,0012,0,2026-04-24 02:15:30,0.4309799789251844,0
1188,0101,0,2026-04-24 02:15:30,0.4309799789251844,1
1189,0200,0,2026-04-24 02:15:30,0.5924130663856692,0
1190,0316,0,2026-04-24 02:15:30,0.2061116965226554,0
1191,0352,0,2026-04-24 02:15:30,0.8480505795574289,0
1192,0428,0,2026-04-24 02:15:30,0.9205479452054794,0
1193,0479,0,2026-04-24 02:15:30,0.9205479452054794,0
1194,0550,0,2026-04-24 02:15:30,0.5924130663856692,0
1195,0559,0,2026-04-24 02:15:30,0.2798735511064278,0
1196,0681,0,2026-04-24 02:15:30,0.5245521601685985,0
1197,0751,0,2026-04-24 02:15:30,1.0000000000000000,0
1198,0831,0,2026-04-24 02:15:30,1.0000000000000000,0
1199,0844,0,2026-04-24 02:15:30,0.7696522655426765,0
1200,0844,0,2026-04-24 02:15:30,0.7696522655426765,0
1201,0924,0,2026-04-24 02:15:30,0.5245521601685985,0
1202,0012,0,2026-04-24 02:15:40,0.4309799789251844,0
1203,0040,0,2026-04-24 02:15:40,0.1401475237091676,0
1204,0101,0,2026-04-24 02:15:40,0.4309799789251844,0
1205,0200,0,2026-04-24 02:15:40,0.5924130663856692,0
1206,0316,0,2026-04-24 02:15:40,0.2061116965226554,0
1207,0352,0,2026-04-24 02:15:40,0.8480505795574289,0
1208,0428,0,2026-04-24 02:15:40,0.9205479452054794,0
1209,0458,0,2026-04-24 02:15:40,0.4309799789251844,0
1210,0681,0,2026-04-24 02:15:40,0.5245521601685985,0
1211,0751,0,2026-04-24 02:15:40,1.0000000000000000,0
1212,0755,0,2026-04-24 02:15:40,0.5924130663856692,0
1213,0844,0,2026-04-24 02:15:40,0.7696522655426765,0
1214,0844,0,2026-04-24 02:15:40,0.7696522655426765,0
1215,0924,0,2026-04-24 02:15:40,0.5245521601685985,0
1216,0040,0,2026-04-24 02:15:50,0.1401475237091676,0
1217,0101,0,2026-04-24 02:15:50,0.4309799789251844,0
1218,0200,0,2026-04-24 02:15:50,0.5924130663856692,0
1219,0316,0,2026-04-24 02:15:50,0.2061116965226554,0
1220,0352,0,2026-04-24 02:15:50,0.8480505795574289,0
1221,0428,0,2026-04-24 02:15:50,0.9205479452054794,0
1222,0458,0,2026-04-24 02:15:50,0.4309799789251844,0
1223,0755,0,2026-04-24 02:15:50,0.5924130663856692,0
1224,0844,0,2026-04-24 02:15:50,0.7696522655426765,0
1225,0844,0,2026-04-24 02:15:50,0.7696522655426765,1
1226,0924,0,2026-04-24 02:15:50,0.5245521601685985,0
1227,0040,0,2026-04-24 02:16:00,0.1401475237091676,0
1228,0101,0,2026-04-24 02:16:00,0.4309799789251844,0
1229,0200,0,2026-04-24 02:16:00,0.5924130663856692,0
1230,0316,0,2026-04-24 02:16:00,0.2061116965226554,0
1231,0428,0,2026-04-24 02:16:00,0.9205479452054794,1
1232,0458,0,2026-04-24 02:16:00,0.4309799789251844,0
1233,0755,0,2026-04-24 02:16:00,0.5924130663856692,0
1234,0844,0,2026-04-24 02:16:00,0.7696522655426765,0
1235,0844,0,2026-04-24 02:16:00,0.7696522655426765,0
1236,0924,0,2026-04-24 02:16:00,0.5245521601685985,0
1237,0006,0,2026-04-24 02:16:10,0.5245521601685985,0
1238,0040,0,2026-04-24 02:16:10,0.1401475237091676,0
1239,0101,0,2026-04-24 02:16:10,0.4309799789251844,0
1240,0173,0,2026-04-24 02:16:10,0.6554267650158061,0
1241,0316,0,2026-04-24 02:16:10,0.2061116965226554,0
1242,0428,0,2026-04-24 02:16:10,0.9205479452054794,0
1243,0458,0,2026-04-24 02:16:10,0.4309799789251844,0
1244,0540,0,2026-04-24 02:16:10,0.2061116965226554,0
1245,0755,0,2026-04-24 02:16:10,0.5924130663856692,0
1246,0844,0,2026-04-24 02:16:10,0.7696522655426765,0
1247,0844,0,2026-04-24 02:16:10,0.7696522655426765,0
1248,0006,0,2026-04-24 02:16:20,0.5245521601685985,0
1249,0040,0,2026-04-24 02:16:20,0.1401475237091676,0
1250,0173,0,2026-04-24 02:16:20,0.6554267650158061,0
1251,0316,0,2026-04-24 02:16:20,0.2061116965226554,0
1252,0428,0,2026-04-24 02:16:20,0.9205479452054794,0
1253,0540,0,2026-04-24 02:16:20,0.2061116965226554,0
1254,0755,0,2026-04-24 02:16:20,0.5924130663856692,0
1255,0774,0,2026-04-24 02:16:20,0.5245521601685985,0
1256,0844,0,2026-04-24 02:16:20,0.7696522655426765,1
1257,0844,0,2026-04-24 02:16:20,0.7696522655426765,0
1258,0006,0,2026-04-24 02:16:30,0.5245521601685985,0
1259,0040,0,2026-04-24 02:16:30,0.1401475237091676,0
1260,0173,0,2026-04-24 02:16:30,0.6554267650158061,0
1261,0428,0,2026-04-24 02:16:30,0.9205479452054794,0
1262,0540,0,2026-04-24 02:16:30,0.2061116965226554,0
1263,0755,0,2026-04-24 02:16:30,0.5924130663856692,0
1264,0774,0,2026-04-24 02:16:30,0.5245521601685985,0
1265,0844,0,2026-04-24 02:16:30,0.7696522655426765,0
1266,0006,0,2026-04-24 02:16:40,0.5245521601685985,1
1267,0040,0,2026-04-24 02:16:40,0.1401475237091676,0
1268,0173,0,2026-04-24 02:16:40,0.6554267650158061,0
1269,0400,0,2026-04-24 02:16:40,0.1401475237091676,0
1270,0428,0,2026-04-24 02:16:40,0.9205479452054794,0
1271,0540,0,2026-04-24 02:16:40,0.2061116965226554,0
1272,0755,0,2026-04-24 02:16:40,0.5924130663856692,0
1273,0774,0,2026-04-24 02:16:40,0.5245521601685985,0
1274,0844,0,2026-04-24 02:16:40,0.7696522655426765,0
1275,0006,0,2026-04-24 02:16:50,0.5245521601685985,1
1276,0040,0,2026-04-24 02:16:50,0.1401475237091676,0
1277,0173,0,2026-04-24 02:16:50,0.6554267650158061,0
1278,0337,0,2026-04-24 02:16:50,0.4309799789251844,0
1279,0373,0,2026-04-24 02:16:50,0.0697576396206533,0
1280,0400,0,2026-04-24 02:16:50,0.1401475237091676,0
1281,0428,0,2026-04-24 02:16:50,0.9205479452054794,0
1282,0540,0,2026-04-24 02:16:50,0.2061116965226554,0
1283,0724,0,2026-04-24 02:16:50,0.0697576396206533,0
1284,0755,0,2026-04-24 02:16:50,0.5924130663856692,0
1285,0774,0,2026-04-24 02:16:50,0.5245521601685985,0
1286,0844,0,2026-04-24 02:16:50,0.7696522655426765,0
1287,0006,0,2026-04-24 02:17:00,0.5245521601685985,0
1288,0040,0,2026-04-24 02:17:00,0.1401475237091676,0
1289,0173,0,2026-04-24 02:17:00,0.6554267650158061,0
1290,0337,0,2026-04-24 02:17:00,0.4309799789251844,0
1291,0373,0,2026-04-24 02:17:00,0.0697576396206533,0
1292,0400,0,2026-04-24 02:17:00,0.1401475237091676,0
1293,0428,0,2026-04-24 02:17:00,0.9205479452054794,0
1294,0540,0,2026-04-24 02:17:00,0.2061116965226554,0
1295,0606,0,2026-04-24 02:17:00,0.9205479452054794,0
1296,0724,0,2026-04-24 02:17:00,0.0697576396206533,0
1297,0755,0,2026-04-24 02:17:00,0.5924130663856692,0
1298,0774,0,2026-04-24 02:17:00,0.5245521601685985,1
1299,0006,0,2026-04-24 02:17:10,0.5245521601685985,0
1300,0040,0,2026-04-24 02:17:10,0.1401475237091676,0
1301,0173,0,2026-04-24 02:17:10,0.6554267650158061,0
1302,0373,0,2026-04-24 02:17:10,0.0697576396206533,0
1303,0400,0,2026-04-24 02:17:10,0.1401475237091676,0
1304,0540,0,2026-04-24 02:17:10,0.2061116965226554,0
1305,0606,0,2026-04-24 02:17:10,0.9205479452054794,1
1306,0724,0,2026-04-24 02:17:10,0.0697576396206533,0
1307,0774,0,2026-04-24 02:17:10,0.5245521601685985,0
1308,0006,0,2026-04-24 02:17:20,0.5245521601685985,0
1309,0040,0,2026-04-24 02:17:20,0.1401475237091676,0
1310,0173,0,2026-04-24 02:17:20,0.6554267650158061,0
1311,0373,0,2026-04-24 02:17:20,0.0697576396206533,0
1312,0400,0,2026-04-24 02:17:20,0.1401475237091676,0
1313,0405,0,2026-04-24 02:17:20,0.6554267650158061,1
1314,0540,0,2026-04-24 02:17:20,0.2061116965226554,0
1315,0606,0,2026-04-24 02:17:20,0.9205479452054794,0
1316,0724,0,2026-04-24 02:17:20,0.0697576396206533,0
1317,0774,0,2026-04-24 02:17:20,0.5245521601685985,0
1318,0002,0,2026-04-24 02:17:30,0.2061116965226554,0
1319,0006,0,2026-04-24 02:17:30,0.5245521601685985,0
1320,0373,0,2026-04-24 02:17:30,0.0697576396206533,0
1321,0400,0,2026-04-24 02:17:30,0.1401475237091676,0
1322,0405,0,2026-04-24 02:17:30,0.6554267650158061,0
1323,0540,0,2026-04-24 02:17:30,0.2061116965226554,0
1324,0606,0,2026-04-24 02:17:30,0.9205479452054794,0
1325,0606,0,2026-04-24 02:17:30,0.9205479452054794,0
1326,0724,0,2026-04-24 02:17:30,0.0697576396206533,0
1327,0774,0,2026-04-24 02:17:30,0.5245521601685985,0
1328,0888,0,2026-04-24 02:17:30,0.4309799789251844,0
1329,0002,0,2026-04-24 02:17:40,0.2061116965226554,0
1330,0006,0,2026-04-24 02:17:40,0.5245521601685985,0
1331,0091,0,2026-04-24 02:17:40,1.0000000000000000,0
1332,0373,0,2026-04-24 02:17:40,0.0697576396206533,0
1333,0400,0,2026-04-24 02:17:40,0.1401475237091676,0
1334,0405,0,2026-04-24 02:17:40,0.6554267650158061,0
1335,0540,0,2026-04-24 02:17:40,0.2061116965226554,0
1336,0606,0,2026-04-24 02:17:40,0.9205479452054794,1
1337,0606,0,2026-04-24 02:17:40,0.9205479452054794,0
1338,0724,0,2026-04-24 02:17:40,0.0697576396206533,0
1339,0774,0,2026-04-24 02:17:40,0.5245521601685985,0
1340,0888,0,2026-04-24 02:17:40,0.4309799789251844,0
1341,0002,0,2026-04-24 02:17:50,0.2061116965226554,0
1342,0006,0,2026-04-24 02:17:50,0.5245521601685985,0
1343,0091,0,2026-04-24 02:17:50,1.0000000000000000,0
1344,0373,0,2026-04-24 02:17:50,0.0697576396206533,0
1345,0405,0,2026-04-24 02:17:50,0.6554267650158061,0
1346,0606,0,2026-04-24 02:17:50,0.9205479452054794,0
1347,0606,0,2026-04-24 02:17:50,0.9205479452054794,0
1348,0720,0,2026-04-24 02:17:50,0.5924130663856692,0
1349,0724,0,2026-04-24 02:17:50,0.0697576396206533,0
1350,0741,0,2026-04-24 02:17:50,0.7696522655426765,0
1351,0774,0,2026-04-24 02:17:50,0.5245521601685985,0
1352,0888,0,2026-04-24 02:17:50,0.4309799789251844,0
1353,0002,0,2026-04-24 02:18:00,0.2061116965226554,0
1354,0006,0,2026-04-24 02:18:00,0.5245521601685985,0
1355,0091,0,2026-04-24 02:18:00,1.0000000000000000,1
1356,0373,0,2026-04-24 02:18:00,0.0697576396206533,0
1357,0405,0,2026-04-24 02:18:00,0.6554267650158061,0
1358,0556,0,2026-04-24 02:18:00,0.4309799789251844,0
1359,0606,0,2026-04-24 02:18:00,0.9205479452054794,0
1360,0606,0,2026-04-24 02:18:00,0.9205479452054794,0
1361,0720,0,2026-04-24 02:18:00,0.5924130663856692,0
1362,0724,0,2026-04-24 02:18:00,0.0697576396206533,0
1363,0741,0,2026-04-24 02:18:00,0.7696522655426765,0
1364,0774,0,2026-04-24 02:18:00,0.5245521601685985,0
1365,0888,0,2026-04-24 02:18:00,0.4309799789251844,0
1366,0002,0,2026-04-24 02:18:10,0.2061116965226554,0
1367,0091,0,2026-04-24 02:18:10,1.0000000000000000,0
1368,0373,0,2026-04-24 02:18:10,0.0697576396206533,0
1369,0405,0,2026-04-24 02:18:10,0.6554267650158061,0
1370,0556,0,2026-04-24 02:18:10,0.4309799789251844,0
1371,0567,0,2026-04-24 02:18:10,0.2798735511064278,0
1372,0606,0,2026-04-24 02:18:10,0.9205479452054794,0
1373,0606,0,2026-04-24 02:18:10,0.9205479452054794,0
1374,0720,0,2026-04-24 02:18:10,0.5924130663856692,0
1375,0724,0,2026-04-24 02:18:10,0.0697576396206533,0
1376,0741,0,2026-04-24 02:18:10,0.7696522655426765,0
1377,0774,0,2026-04-24 02:18:10,0.5245521601685985,0
1378,0888,0,2026-04-24 02:18:10,0.4309799789251844,0
1379,0002,0,2026-04-24 02:18:20,0.2061116965226554,0
1380,0091,0,2026-04-24 02:18:20,1.0000000000000000,0
1381,0373,0,2026-04-24 02:18:20,0.0697576396206533,0
1382,0405,0,2026-04-24 02:18:20,0.6554267650158061,0
1383,0513,0,2026-04-24 02:18:20,0.9205479452054794,0
1384,0556,0,2026-04-24 02:18:20,0.4309799789251844,0
1385,0567,0,2026-04-24 02:18:20,0.2798735511064278,0
1386,0600,0,2026-04-24 02:18:20,0.6554267650158061,0
1387,0606,0,2026-04-24 02:18:20,0.9205479452054794,0
1388,0720,0,2026-04-24 02:18:20,0.5924130663856692,0
1389,0724,0,2026-04-24 02:18:20,0.0697576396206533,0
1390,0741,0,2026-04-24 02:18:20,0.7696522655426765,1
1391,0888,0,2026-04-24 02:18:20,0.4309799789251844,0
1392,0002,0,2026-04-24 02:18:30,0.2061116965226554,0
1393,0091,0,2026-04-24 02:18:30,1.0000000000000000,0
1394,0405,0,2026-04-24 02:18:30,0.6554267650158061,0
1395,0513,0,2026-04-24 02:18:30,0.9205479452054794,1
1396,0556,0,2026-04-24 02:18:30,0.4309799789251844,0
1397,0567,0,2026-04-24 02:18:30,0.2798735511064278,0
1398,0600,0,2026-04-24 02:18:30,0.6554267650158061,0
1399,0606,0,2026-04-24 02:18:30,0.9205479452054794,0
1400,0720,0,2026-04-24 02:18:30,0.5924130663856692,0
1401,0724,0,2026-04-24 02:18:30,0.0697576396206533,0
1402,0741,0,2026-04-24 02:18:30,0.7696522655426765,0
1403,0888,0,2026-04-24 02:18:30,0.4309799789251844,0
1404,0002,0,2026-04-24 02:18:40,0.2061116965226554,0
1405,0091,0,2026-04-24 02:18:40,1.0000000000000000,0
1406,0405,0,2026-04-24 02:18:40,0.6554267650158061,0
1407,0513,0,2026-04-24 02:18:40,0.9205479452054794,0
1408,0556,0,2026-04-24 02:18:40,0.4309799789251844,0
1409,0567,0,2026-04-24 02:18:40,0.2798735511064278,0
1410,0567,0,2026-04-24 02:18:40,0.2798735511064278,0
1411,0600,0,2026-04-24 02:18:40,0.6554267650158061,0
1412,0606,0,2026-04-24 02:18:40,0.9205479452054794,0
1413,0720,0,2026-04-24 02:18:40,0.5924130663856692,0
1414,0724,0,2026-04-24 02:18:40,0.0697576396206533,0
1415,0741,0,2026-04-24 02:18:40,0.7696522655426765,0
1416,0888,0,2026-04-24 02:18:40,0.4309799789251844,0
1417,0984,0,2026-04-24 02:18:40,0.8480505795574289,0
1418,0002,0,2026-04-24 02:18:50,0.2061116965226554,0
1419,0091,0,2026-04-24 02:18:50,1.0000000000000000,0
1420,0405,0,2026-04-24 02:18:50,0.6554267650158061,0
1421,0513,0,2026-04-24 02:18:50,0.9205479452054794,0
1422,0556,0,2026-04-24 02:18:50,0.4309799789251844,1
1423,0567,0,2026-04-24 02:18:50,0.2798735511064278,0
1424,0600,0,2026-04-24 02:18:50,0.6554267650158061,0
1425,0600,0,2026-04-24 02:18:50,0.6554267650158061,0
1426,0720,0,2026-04-24 02:18:50,0.5924130663856692,0
1427,0738,0,2026-04-24 02:18:50,0.5245521601685985,0
1428,0741,0,2026-04-24 02:18:50,0.7696522655426765,0
1429,0838,0,2026-04-24 02:18:50,0.2061116965226554,0
1430,0888,0,2026-04-24 02:18:50,0.4309799789251844,0
1431,0984,0,2026-04-24 02:18:50,0.8480505795574289,0
1432,0002,0,2026-04-24 02:19:00,0.2061116965226554,0
1433,0091,0,2026-04-24 02:19:00,1.0000000000000000,0
1434,0261,0,2026-04-24 02:19:00,0.1401475237091676,0
1435,0405,0,2026-04-24 02:19:00,0.6554267650158061,0
1436,0513,0,2026-04-24 02:19:00,0.9205479452054794,0
1437,0556,0,2026-04-24 02:19:00,0.4309799789251844,0
1438,0567,0,2026-04-24 02:19:00,0.2798735511064278,0
1439,0600,0,2026-04-24 02:19:00,0.6554267650158061,0
1440,0600,0,2026-04-24 02:19:00,0.6554267650158061,0
1441,0720,0,2026-04-24 02:19:00,0.5924130663856692,0
1442,0738,0,2026-04-24 02:19:00,0.5245521601685985,1
1443,0741,0,2026-04-24 02:19:00,0.7696522655426765,0
1444,0838,0,2026-04-24 02:19:00,0.2061116965226554,0
1445,0888,0,2026-04-24 02:19:00,0.4309799789251844,0
1446,0984,0,2026-04-24 02:19:00,0.8480505795574289,0
1447,0261,0,2026-04-24 02:19:10,0.1401475237091676,0
1448,0405,0,2026-04-24 02:19:10,0.6554267650158061,0
1449,0513,0,2026-04-24 02:19:10,0.9205479452054794,0
1450,0556,0,2026-04-24 02:19:10,0.4309799789251844,0
1451,0567,0,2026-04-24 02:19:10,0.2798735511064278,0
1452,0600,0,2026-04-24 02:19:10,0.6554267650158061,0
1453,0600,0,2026-04-24 02:19:10,0.6554267650158061,0
1454,0636,0,2026-04-24 02:19:10,1.0000000000000000,0
1455,0720,0,2026-04-24 02:19:10,0.5924130663856692,0
1456,0738,0,2026-04-24 02:19:10,0.5245521601685985,0
1457,0838,0,2026-04-24 02:19:10,0.2061116965226554,0
1458,0888,0,2026-04-24 02:19:10,0.4309799789251844,0
1459,0984,0,2026-04-24 02:19:10,0.8480505795574289,0
1460,0261,0,2026-04-24 02:19:20,0.1401475237091676,0
1461,0513,0,2026-04-24 02:19:20,0.9205479452054794,0
1462,0556,0,2026-04-24 02:19:20,0.4309799789251844,0
1463,0600,0,2026-04-24 02:19:20,0.6554267650158061,0
1464,0600,0,2026-04-24 02:19:20,0.6554267650158061,0
1465,0636,0,2026-04-24 02:19:20,1.0000000000000000,0
1466,0720,0,2026-04-24 02:19:20,0.5924130663856692,0
1467,0738,0,2026-04-24 02:19:20,0.5245521601685985,0
1468,0738,0,2026-04-24 02:19:20,0.5245521601685985,0
1469,0838,0,2026-04-24 02:19:20,0.2061116965226554,0
1470,0925,0,2026-04-24 02:19:20,0.3464699683877766,0
1471,0984,0,2026-04-24 02:19:20,0.8480505795574289,1
1472,0261,0,2026-04-24 02:19:30,0.1401475237091676,0
1473,0332,0,2026-04-24 02:19:30,0.7696522655426765,0
1474,0556,0,2026-04-24 02:19:30,0.4309799789251844,0
1475,0600,0,2026-04-24 02:19:30,0.6554267650158061,0
1476,0600,0,2026-04-24 02:19:30,0.6554267650158061,0
1477,0636,0,2026-04-24 02:19:30,1.0000000000000000,0
1478,0720,0,2026-04-24 02:19:30,0.5924130663856692,0
1479,0738,0,2026-04-24 02:19:30,0.5245521601685985,1
1480,0738,0,2026-04-24 02:19:30,0.5245521601685985,0
1481,0838,0,2026-04-24 02:19:30,0.2061116965226554,0
1482,0925,0,2026-04-24 02:19:30,0.3464699683877766,0
1483,0984,0,2026-04-24 02:19:30,0.8480505795574289,0
1484,0261,0,2026-04-24 02:19:40,0.1401475237091676,0
1485,0332,0,2026-04-24 02:19:40,0.7696522655426765,0
1486,0556,0,2026-04-24 02:19:40,0.4309799789251844,0
1487,0600,0,2026-04-24 02:19:40,0.6554267650158061,0
1488,0636,0,2026-04-24 02:19:40,1.0000000000000000,0
1489,0738,0,2026-04-24 02:19:40,0.5245521601685985,0
1490,0738,0,2026-04-24 02:19:40,0.5245521601685985,0
1491,0838,0,2026-04-24 02:19:40,0.2061116965226554,0
1492,0925,0,2026-04-24 02:19:40,0.3464699683877766,0
1493,0984,0,2026-04-24 02:19:40,0.8480505795574289,0
1494,0261,0,2026-04-24 02:19:50,0.1401475237091676,0
1495,0332,0,2026-04-24 02:19:50,0.7696522655426765,0
1496,0556,0,2026-04-24 02:19:50,0.4309799789251844,0
1497,0595,0,2026-04-24 02:19:50,0.7696522655426765,0
1498,0600,0,2026-04-24 02:19:50,0.6554267650158061,0
1499,0624,0,2026-04-24 02:19:50,0.1401475237091676,0
1500,0636,0,2026-04-24 02:19:50,1.0000000000000000,1
1501,0738,0,2026-04-24 02:19:50,0.5245521601685985,0
1502,0738,0,2026-04-24 02:19:50,0.5245521601685985,0
1503,0838,0,2026-04-24 02:19:50,0.2061116965226554,0
1504,0925,0,2026-04-24 02:19:50,0.3464699683877766,0
1505,0925,0,2026-04-24 02:19:50,0.3464699683877766,0
1506,0984,0,2026-04-24 02:19:50,0.8480505795574289,0
1507,0261,0,2026-04-24 02:20:00,0.1401475237091676,0
1508,0332,0,2026-04-24 02:20:00,0.7696522655426765,1
1509,0595,0,2026-04-24 02:20:00,0.7696522655426765,0
1510,0600,0,2026-04-24 02:20:00,0.6554267650158061,0
1511,0624,0,2026-04-24 02:20:00,0.1401475237091676,0
1512,0636,0,2026-04-24 02:20:00,1.0000000000000000,0
1513,0738,0,2026-04-24 02:20:00,0.5245521601685985,0
1514,0838,0,2026-04-24 02:20:00,0.2061116965226554,0
1515,0925,0,2026-04-24 02:20:00,0.3464699683877766,0
1516,0925,0,2026-04-24 02:20:00,0.3464699683877766,0
1517,0332,0,2026-04-24 02:20:10,0.7696522655426765,0
1518,0595,0,2026-04-24 02:20:10,0.7696522655426765,1
1519,0624,0,2026-04-24 02:20:10,0.1401475237091676,0
1520,0636,0,2026-04-24 02:20:10,1.0000000000000000,0
1521,0738,0,2026-04-24 02:20:10,0.5245521601685985,0
1522,0925,0,2026-04-24 02:20:10,0.3464699683877766,0
1523,0318,0,2026-04-24 02:20:20,1.0000000000000000,0
1524,0332,0,2026-04-24 02:20:20,0.7696522655426765,0
1525,0595,0,2026-04-24 02:20:20,0.7696522655426765,1
1526,0624,0,2026-04-24 02:20:20,0.1401475237091676,0
1527,0636,0,2026-04-24 02:20:20,1.0000000000000000,0
1528,0738,0,2026-04-24 02:20:20,0.5245521601685985,0
1529,0925,0,2026-04-24 02:20:20,0.3464699683877766,0
1530,0318,0,2026-04-24 02:20:30,1.0000000000000000,1
1531,0332,0,2026-04-24 02:20:30,0.7696522655426765,0
1532,0624,0,2026-04-24 02:20:30,0.1401475237091676,0
1533,0636,0,2026-04-24 02:20:30,1.0000000000000000,0
1534,0925,0,2026-04-24 02:20:30,0.3464699683877766,0
1535,0318,0,2026-04-24 02:20:40,1.0000000000000000,1
1536,0624,0,2026-04-24 02:20:40,0.1401475237091676,0
1537,0636,0,2026-04-24 02:20:40,1.0000000000000000,0
1538,0318,0,2026-04-24 02:20:50,1.0000000000000000,0
1539,0624,0,2026-04-24 02:20:50,0.1401475237091676,1
1540,0624,0,2026-04-24 02:21:00,0.1401475237091676,0
1541,0108,0,2026-04-24 02:24:40,0.0697576396206533,0
1542,0108,0,2026-04-24 02:24:50,0.0697576396206533,0
1543,0108,0,2026-04-24 02:25:00,0.0697576396206533,0
1544,0108,0,2026-04-24 02:25:10,0.0697576396206533,0
1545,0108,0,2026-04-24 02:25:20,0.0697576396206533,0
1546,0108,0,2026-04-24 02:25:30,0.0697576396206533,0
1547,0108,0,2026-04-24 02:25:40,0.0697576396206533,0
1548,0108,0,2026-04-24 02:25:50,0.0697576396206533,1
1549,0108,0,2026-04-24 02:26:00,0.0697576396206533,0
1550,0599,0,2026-04-24 02:26:00,0.9205479452054794,0
1551,0108,0,2026-04-24 02:26:10,0.0697576396206533,0
1552,0599,0,2026-04-24 02:26:10,0.9205479452054794,0
1553,0038,0,2026-04-24 02:26:20,1.0000000000000000,1
1554,0108,0,2026-04-24 02:26:20,0.0697576396206533,0
1555,0599,0,2026-04-24 02:26:20,0.9205479452054794,0
1556,0038,0,2026-04-24 02:26:30,1.0000000000000000,1
1557,0108,0,2026-04-24 02:26:30,0.0697576396206533,0
1558,0599,0,2026-04-24 02:26:30,0.9205479452054794,0
1559,0599,0,2026-04-24 02:26:40,0.9205479452054794,0
1560,0599,0,2026-04-24 02:26:50,0.9205479452054794,0
1561,0599,0,2026-04-24 02:27:00,0.9205479452054794,1
1562,0599,0,2026-04-24 02:27:10,0.9205479452054794,0
1563,0599,0,2026-04-24 02:27:20,0.9205479452054794,0
1564,0599,0,2026-04-24 02:27:30,0.9205479452054794,0
1565,0709,0,2026-04-24 02:27:30,0.5924130663856692,0
1566,0037,0,2026-04-24 02:27:40,0.9205479452054794,0
1567,0098,0,2026-04-24 02:27:40,0.9205479452054794,1
1568,0599,0,2026-04-24 02:27:40,0.9205479452054794,0
1569,0709,0,2026-04-24 02:27:40,0.5924130663856692,0
1570,0869,0,2026-04-24 02:27:40,0.4309799789251844,0
1571,0037,0,2026-04-24 02:27:50,0.9205479452054794,0
1572,0098,0,2026-04-24 02:27:50,0.9205479452054794,0
1573,0709,0,2026-04-24 02:27:50,0.5924130663856692,0
1574,0715,0,2026-04-24 02:27:50,0.5924130663856692,1
1575,0869,0,2026-04-24 02:27:50,0.4309799789251844,0
1576,0037,0,2026-04-24 02:28:00,0.9205479452054794,0
1577,0098,0,2026-04-24 02:28:00,0.9205479452054794,0
1578,0709,0,2026-04-24 02:28:00,0.5924130663856692,0
1579,0715,0,2026-04-24 02:28:00,0.5924130663856692,0
1580,0869,0,2026-04-24 02:28:00,0.4309799789251844,0
1581,0037,0,2026-04-24 02:28:10,0.9205479452054794,0
1582,0037,0,2026-04-24 02:28:10,0.9205479452054794,0
1583,0098,0,2026-04-24 02:28:10,0.9205479452054794,1
1584,0098,0,2026-04-24 02:28:10,0.9205479452054794,0
1585,0709,0,2026-04-24 02:28:10,0.5924130663856692,0
1586,0715,0,2026-04-24 02:28:10,0.5924130663856692,0
1587,0869,0,2026-04-24 02:28:10,0.4309799789251844,0
1588,0037,0,2026-04-24 02:28:20,0.9205479452054794,0
1589,0037,0,2026-04-24 02:28:20,0.9205479452054794,0
1590,0098,0,2026-04-24 02:28:20,0.9205479452054794,0
1591,0098,0,2026-04-24 02:28:20,0.9205479452054794,0
1592,0709,0,2026-04-24 02:28:20,0.5924130663856692,0
1593,0715,0,2026-04-24 02:28:20,0.5924130663856692,1
1594,0869,0,2026-04-24 02:28:20,0.4309799789251844,0
1595,0037,0,2026-04-24 02:28:30,0.9205479452054794,0
1596,0037,0,2026-04-24 02:28:30,0.9205479452054794,0
1597,0098,0,2026-04-24 02:28:30,0.9205479452054794,0
1598,0098,0,2026-04-24 02:28:30,0.9205479452054794,0
1599,0709,0,2026-04-24 02:28:30,0.5924130663856692,0
1600,0715,0,2026-04-24 02:28:30,0.5924130663856692,0
1601,0869,0,2026-04-24 02:28:30,0.4309799789251844,0
1602,0037,0,2026-04-24 02:28:40,0.9205479452054794,0
1603,0037,0,2026-04-24 02:28:40,0.9205479452054794,0
1604,0098,0,2026-04-24 02:28:40,0.9205479452054794,0
1605,0098,0,2026-04-24 02:28:40,0.9205479452054794,0
1606,0709,0,2026-04-24 02:28:40,0.5924130663856692,0
1607,0715,0,2026-04-24 02:28:40,0.5924130663856692,0
1608,0869,0,2026-04-24 02:28:40,0.4309799789251844,1
1609,0037,0,2026-04-24 02:28:50,0.9205479452054794,0
1610,0037,0,2026-04-24 02:28:50,0.9205479452054794,0
1611,0098,0,2026-04-24 02:28:50,0.9205479452054794,0
1612,0098,0,2026-04-24 02:28:50,0.9205479452054794,0
1613,0709,0,2026-04-24 02:28:50,0.5924130663856692,0
1614,0715,0,2026-04-24 02:28:50,0.5924130663856692,0
1615,0869,0,2026-04-24 02:28:50,0.4309799789251844,0
1616,0037,0,2026-04-24 02:29:00,0.9205479452054794,0
1617,0037,0,2026-04-24 02:29:00,0.9205479452054794,1
1618,0098,0,2026-04-24 02:29:00,0.9205479452054794,0
1619,0709,0,2026-04-24 02:29:00,0.5924130663856692,0
1620,0715,0,2026-04-24 02:29:00,0.5924130663856692,0
1621,0869,0,2026-04-24 02:29:00,0.4309799789251844,0
1622,0037,0,2026-04-24 02:29:10,0.9205479452054794,0
1623,0098,0,2026-04-24 02:29:10,0.9205479452054794,0
1624,0709,0,2026-04-24 02:29:10,0.5924130663856692,0
1625,0715,0,2026-04-24 02:29:10,0.5924130663856692,0
1626,0869,0,2026-04-24 02:29:10,0.4309799789251844,0
1627,0037,0,2026-04-24 02:29:20,0.9205479452054794,0
1628,0098,0,2026-04-24 02:29:20,0.9205479452054794,0
1629,0709,0,2026-04-24 02:29:20,0.5924130663856692,1
1630,0715,0,2026-04-24 02:29:20,0.5924130663856692,0
1631,0869,0,2026-04-24 02:29:20,0.4309799789251844,0
1632,0037,0,2026-04-24 02:29:30,0.9205479452054794,1
1633,0393,0,2026-04-24 03:53:30,0.5924130663856692,0
1634,0393,0,2026-04-24 03:53:40,0.5924130663856692,0
1635,0393,0,2026-04-24 03:53:50,0.5924130663856692,1
1636,0393,0,2026-04-24 03:54:00,0.5924130663856692,0
1637,0393,0,2026-04-24 03:54:10,0.5924130663856692,0
1638,0727,0,2026-04-24 03:54:10,0.2061116965226554,0
1639,0393,0,2026-04-24 03:54:20,0.5924130663856692,0
1640,0727,0,2026-04-24 03:54:20,0.2061116965226554,0
1641,0393,0,2026-04-24 03:54:30,0.5924130663856692,0
1642,0727,0,2026-04-24 03:54:30,0.2061116965226554,0
1643,0393,0,2026-04-24 03:54:40,0.5924130663856692,1
1644,0727,0,2026-04-24 03:54:40,0.2061116965226554,0
1645,0393,0,2026-04-24 03:54:50,0.5924130663856692,0
1646,0727,0,2026-04-24 03:54:50,0.2061116965226554,0
1647,0727,0,2026-04-24 03:55:00,0.2061116965226554,0
1648,0727,0,2026-04-24 03:55:10,0.2061116965226554,1
1649,0727,0,2026-04-24 03:55:20,0.2061116965226554,0
1650,0727,0,2026-04-24 03:55:30,0.2061116965226554,0
1651,0727,0,2026-04-24 03:55:40,0.2061116965226554,0
1652,0727,0,2026-04-24 03:55:50,0.2061116965226554,1
1653,0052,0,2026-04-24 03:56:40,0.6554267650158061,0
1654,0052,0,2026-04-24 03:56:50,0.6554267650158061,0
1655,0052,0,2026-04-24 03:57:00,0.6554267650158061,0
1656,0052,0,2026-04-24 03:57:10,0.6554267650158061,1
1657,0052,0,2026-04-24 03:57:20,0.6554267650158061,0
1658,0052,0,2026-04-24 03:57:30,0.6554267650158061,0
1659,0312,0,2026-04-24 03:57:30,0.4309799789251844,1
1660,0052,0,2026-04-24 03:57:40,0.6554267650158061,0
1661,0083,0,2026-04-24 03:57:40,0.0697576396206533,0
1662,0312,0,2026-04-24 03:57:40,0.4309799789251844,0
1663,0052,0,2026-04-24 03:57:50,0.6554267650158061,0
1664,0083,0,2026-04-24 03:57:50,0.0697576396206533,0
1665,0312,0,2026-04-24 03:57:50,0.4309799789251844,0
1666,0052,0,2026-04-24 03:58:00,0.6554267650158061,0
1667,0083,0,2026-04-24 03:58:00,0.0697576396206533,0
1668,0312,0,2026-04-24 03:58:00,0.4309799789251844,0
1669,0767,0,2026-04-24 03:58:00,1.0000000000000000,1
1670,0954,0,2026-04-24 03:58:00,0.8480505795574289,0
1671,0052,0,2026-04-24 03:58:10,0.6554267650158061,0
1672,0061,0,2026-04-24 03:58:10,0.7696522655426765,0
1673,0083,0,2026-04-24 03:58:10,0.0697576396206533,0
1674,0312,0,2026-04-24 03:58:10,0.4309799789251844,0
1675,0466,0,2026-04-24 03:58:10,0.5245521601685985,0
1676,0610,0,2026-04-24 03:58:10,1.0000000000000000,0
1677,0671,0,2026-04-24 03:58:10,0.7696522655426765,0
1678,0767,0,2026-04-24 03:58:10,1.0000000000000000,1
1679,0954,0,2026-04-24 03:58:10,0.8480505795574289,0
1680,0963,0,2026-04-24 03:58:10,0.4309799789251844,0
1681,0052,0,2026-04-24 03:58:20,0.6554267650158061,0
1682,0061,0,2026-04-24 03:58:20,0.7696522655426765,0
1683,0083,0,2026-04-24 03:58:20,0.0697576396206533,0
1684,0288,0,2026-04-24 03:58:20,0.3464699683877766,0
1685,0312,0,2026-04-24 03:58:20,0.4309799789251844,0
1686,0344,0,2026-04-24 03:58:20,0.2798735511064278,0
1687,0466,0,2026-04-24 03:58:20,0.5245521601685985,0
1688,0610,0,2026-04-24 03:58:20,1.0000000000000000,0
1689,0671,0,2026-04-24 03:58:20,0.7696522655426765,0
1690,0767,0,2026-04-24 03:58:20,1.0000000000000000,0
1691,0867,0,2026-04-24 03:58:20,0.7696522655426765,0
1692,0954,0,2026-04-24 03:58:20,0.8480505795574289,1
1693,0963,0,2026-04-24 03:58:20,0.4309799789251844,0
1694,0052,0,2026-04-24 03:58:30,0.6554267650158061,0
1695,0061,0,2026-04-24 03:58:30,0.7696522655426765,0
1696,0083,0,2026-04-24 03:58:30,0.0697576396206533,0
1697,0288,0,2026-04-24 03:58:30,0.3464699683877766,0
1698,0344,0,2026-04-24 03:58:30,0.2798735511064278,0
1699,0466,0,2026-04-24 03:58:30,0.5245521601685985,0
1700,0589,0,2026-04-24 03:58:30,0.5924130663856692,0
1701,0610,0,2026-04-24 03:58:30,1.0000000000000000,0
1702,0671,0,2026-04-24 03:58:30,0.7696522655426765,0
1703,0767,0,2026-04-24 03:58:30,1.0000000000000000,0
1704,0867,0,2026-04-24 03:58:30,0.7696522655426765,0
1705,0901,0,2026-04-24 03:58:30,1.0000000000000000,0
1706,0954,0,2026-04-24 03:58:30,0.8480505795574289,1
1707,0963,0,2026-04-24 03:58:30,0.4309799789251844,0
1708,0061,0,2026-04-24 03:58:40,0.7696522655426765,0
1709,0083,0,2026-04-24 03:58:40,0.0697576396206533,0
1710,0237,0,2026-04-24 03:58:40,0.5245521601685985,0
1711,0288,0,2026-04-24 03:58:40,0.3464699683877766,0
1712,0344,0,2026-04-24 03:58:40,0.2798735511064278,0
1713,0466,0,2026-04-24 03:58:40,0.5245521601685985,0
1714,0589,0,2026-04-24 03:58:40,0.5924130663856692,0
1715,0610,0,2026-04-24 03:58:40,1.0000000000000000,0
1716,0671,0,2026-04-24 03:58:40,0.7696522655426765,0
1717,0767,0,2026-04-24 03:58:40,1.0000000000000000,0
1718,0867,0,2026-04-24 03:58:40,0.7696522655426765,0
1719,0901,0,2026-04-24 03:58:40,1.0000000000000000,0
1720,0954,0,2026-04-24 03:58:40,0.8480505795574289,0
1721,0963,0,2026-04-24 03:58:40,0.4309799789251844,0
1722,0061,0,2026-04-24 03:58:50,0.7696522655426765,0
1723,0083,0,2026-04-24 03:58:50,0.0697576396206533,1
1724,0237,0,2026-04-24 03:58:50,0.5245521601685985,0
1725,0288,0,2026-04-24 03:58:50,0.3464699683877766,0
1726,0344,0,2026-04-24 03:58:50,0.2798735511064278,0
1727,0466,0,2026-04-24 03:58:50,0.5245521601685985,0
1728,0589,0,2026-04-24 03:58:50,0.5924130663856692,0
1729,0610,0,2026-04-24 03:58:50,1.0000000000000000,0
1730,0671,0,2026-04-24 03:58:50,0.7696522655426765,0
1731,0767,0,2026-04-24 03:58:50,1.0000000000000000,0
1732,0867,0,2026-04-24 03:58:50,0.7696522655426765,0
1733,0867,0,2026-04-24 03:58:50,0.7696522655426765,0
1734,0901,0,2026-04-24 03:58:50,1.0000000000000000,0
1735,0954,0,2026-04-24 03:58:50,0.8480505795574289,0
1736,0963,0,2026-04-24 03:58:50,0.4309799789251844,0
1737,0061,0,2026-04-24 03:59:00,0.7696522655426765,0
1738,0083,0,2026-04-24 03:59:00,0.0697576396206533,0
1739,0237,0,2026-04-24 03:59:00,0.5245521601685985,0
1740,0288,0,2026-04-24 03:59:00,0.3464699683877766,0
1741,0344,0,2026-04-24 03:59:00,0.2798735511064278,0
1742,0466,0,2026-04-24 03:59:00,0.5245521601685985,0
1743,0589,0,2026-04-24 03:59:00,0.5924130663856692,0
1744,0610,0,2026-04-24 03:59:00,1.0000000000000000,0
1745,0671,0,2026-04-24 03:59:00,0.7696522655426765,1
1746,0767,0,2026-04-24 03:59:00,1.0000000000000000,0
1747,0867,0,2026-04-24 03:59:00,0.7696522655426765,0
1748,0867,0,2026-04-24 03:59:00,0.7696522655426765,0
1749,0901,0,2026-04-24 03:59:00,1.0000000000000000,0
1750,0941,0,2026-04-24 03:59:00,0.6554267650158061,0
1751,0963,0,2026-04-24 03:59:00,0.4309799789251844,0
1752,0061,0,2026-04-24 03:59:10,0.7696522655426765,0
1753,0083,0,2026-04-24 03:59:10,0.0697576396206533,0
1754,0237,0,2026-04-24 03:59:10,0.5245521601685985,0
1755,0237,0,2026-04-24 03:59:10,0.5245521601685985,0
1756,0288,0,2026-04-24 03:59:10,0.3464699683877766,0
1757,0344,0,2026-04-24 03:59:10,0.2798735511064278,0
1758,0466,0,2026-04-24 03:59:10,0.5245521601685985,0
1759,0589,0,2026-04-24 03:59:10,0.5924130663856692,0
1760,0610,0,2026-04-24 03:59:10,1.0000000000000000,0
1761,0671,0,2026-04-24 03:59:10,0.7696522655426765,0
1762,0867,0,2026-04-24 03:59:10,0.7696522655426765,0
1763,0867,0,2026-04-24 03:59:10,0.7696522655426765,1
1764,0901,0,2026-04-24 03:59:10,1.0000000000000000,0
1765,0941,0,2026-04-24 03:59:10,0.6554267650158061,0
1766,0963,0,2026-04-24 03:59:10,0.4309799789251844,0
1767,0061,0,2026-04-24 03:59:20,0.7696522655426765,0
1768,0083,0,2026-04-24 03:59:20,0.0697576396206533,0
1769,0237,0,2026-04-24 03:59:20,0.5245521601685985,0
1770,0237,0,2026-04-24 03:59:20,0.5245521601685985,0
1771,0288,0,2026-04-24 03:59:20,0.3464699683877766,0
1772,0344,0,2026-04-24 03:59:20,0.2798735511064278,0
1773,0466,0,2026-04-24 03:59:20,0.5245521601685985,0
1774,0589,0,2026-04-24 03:59:20,0.5924130663856692,0
1775,0610,0,2026-04-24 03:59:20,1.0000000000000000,1
1776,0671,0,2026-04-24 03:59:20,0.7696522655426765,0
1777,0867,0,2026-04-24 03:59:20,0.7696522655426765,0
1778,0867,0,2026-04-24 03:59:20,0.7696522655426765,0
1779,0901,0,2026-04-24 03:59:20,1.0000000000000000,0
1780,0941,0,2026-04-24 03:59:20,0.6554267650158061,0
1781,0061,0,2026-04-24 03:59:30,0.7696522655426765,0
1782,0083,0,2026-04-24 03:59:30,0.0697576396206533,0
1783,0237,0,2026-04-24 03:59:30,0.5245521601685985,0
1784,0237,0,2026-04-24 03:59:30,0.5245521601685985,0
1785,0288,0,2026-04-24 03:59:30,0.3464699683877766,0
1786,0344,0,2026-04-24 03:59:30,0.2798735511064278,0
1787,0466,0,2026-04-24 03:59:30,0.5245521601685985,0
1788,0610,0,2026-04-24 03:59:30,1.0000000000000000,0
1789,0671,0,2026-04-24 03:59:30,0.7696522655426765,1
1790,0867,0,2026-04-24 03:59:30,0.7696522655426765,0
1791,0867,0,2026-04-24 03:59:30,0.7696522655426765,0
1792,0901,0,2026-04-24 03:59:30,1.0000000000000000,0
1793,0941,0,2026-04-24 03:59:30,0.6554267650158061,0
1794,0237,0,2026-04-24 03:59:40,0.5245521601685985,0
1795,0237,0,2026-04-24 03:59:40,0.5245521601685985,0
1796,0344,0,2026-04-24 03:59:40,0.2798735511064278,0
1797,0466,0,2026-04-24 03:59:40,0.5245521601685985,0
1798,0610,0,2026-04-24 03:59:40,1.0000000000000000,0
1799,0671,0,2026-04-24 03:59:40,0.7696522655426765,0
1800,0867,0,2026-04-24 03:59:40,0.7696522655426765,1
1801,0941,0,2026-04-24 03:59:40,0.6554267650158061,0
1802,0237,0,2026-04-24 03:59:50,0.5245521601685985,0
1803,0237,0,2026-04-24 03:59:50,0.5245521601685985,0
1804,0344,0,2026-04-24 03:59:50,0.2798735511064278,0
1805,0466,0,2026-04-24 03:59:50,0.5245521601685985,0
1806,0610,0,2026-04-24 03:59:50,1.0000000000000000,1
1807,0671,0,2026-04-24 03:59:50,0.7696522655426765,0
1808,0867,0,2026-04-24 03:59:50,0.7696522655426765,0
1809,0941,0,2026-04-24 03:59:50,0.6554267650158061,0
1810,0237,0,2026-04-24 04:00:00,0.5245521601685985,0
1811,0237,0,2026-04-24 04:00:00,0.5245521601685985,1
1812,0466,0,2026-04-24 04:00:00,0.5245521601685985,0
1813,0610,0,2026-04-24 04:00:00,1.0000000000000000,0
1814,0671,0,2026-04-24 04:00:00,0.7696522655426765,0
1815,0867,0,2026-04-24 04:00:00,0.7696522655426765,0
1816,0237,0,2026-04-24 04:00:10,0.5245521601685985,0
1817,0237,0,2026-04-24 04:00:20,0.5245521601685985,0
1818,0237,0,2026-04-24 04:00:30,0.5245521601685985,1
1819,0469,0,2026-04-24 05:27:10,0.5245521601685985,1
1820,0469,0,2026-04-24 05:27:20,0.5245521601685985,0
1821,0469,0,2026-04-24 05:27:30,0.5245521601685985,0
1822,0469,0,2026-04-24 05:27:40,0.5245521601685985,0
1823,0469,0,2026-04-24 05:27:50,0.5245521601685985,0
1824,0469,0,2026-04-24 05:28:00,0.5245521601685985,0
1825,0068,0,2026-04-24 05:28:10,0.2798735511064278,0
1826,0469,0,2026-04-24 05:28:10,0.5245521601685985,0
1827,0068,0,2026-04-24 05:28:20,0.2798735511064278,0
1828,0469,0,2026-04-24 05:28:20,0.5245521601685985,0
1829,0068,0,2026-04-24 05:28:30,0.2798735511064278,0
1830,0469,0,2026-04-24 05:28:30,0.5245521601685985,0
1831,0068,0,2026-04-24 05:28:40,0.2798735511064278,0
1832,0068,0,2026-04-24 05:28:50,0.2798735511064278,0
1833,0068,0,2026-04-24 05:29:00,0.2798735511064278,0
1834,0068,0,2026-04-24 05:29:10,0.2798735511064278,1
1835,0884,0,2026-04-24 05:32:10,1.0000000000000000,0
1836,0884,0,2026-04-24 05:32:20,1.0000000000000000,0
1837,0429,0,2026-04-24 05:32:30,0.7696522655426765,1
1838,0884,0,2026-04-24 05:32:30,1.0000000000000000,0
1839,0429,0,2026-04-24 05:32:40,0.7696522655426765,1
1840,0884,0,2026-04-24 05:32:40,1.0000000000000000,0
1841,0429,0,2026-04-24 05:32:50,0.7696522655426765,0
1842,0884,0,2026-04-24 05:32:50,1.0000000000000000,1
1843,0429,0,2026-04-24 05:33:00,0.7696522655426765,0
1844,0884,0,2026-04-24 05:33:00,1.0000000000000000,0
1845,0026,0,2026-04-24 05:33:10,0.1401475237091676,1
1846,0257,0,2026-04-24 05:33:10,0.8480505795574289,0
1847,0429,0,2026-04-24 05:33:10,0.7696522655426765,0
1848,0884,0,2026-04-24 05:33:10,1.0000000000000000,0
1849,0026,0,2026-04-24 05:33:20,0.1401475237091676,0
1850,0257,0,2026-04-24 05:33:20,0.8480505795574289,0
1851,0429,0,2026-04-24 05:33:20,0.7696522655426765,0
1852,0583,0,2026-04-24 05:33:20,0.4309799789251844,1
1853,0884,0,2026-04-24 05:33:20,1.0000000000000000,0
1854,0026,0,2026-04-24 05:33:30,0.1401475237091676,0
1855,0257,0,2026-04-24 05:33:30,0.8480505795574289,0
1856,0429,0,2026-04-24 05:33:30,0.7696522655426765,0
1857,0583,0,2026-04-24 05:33:30,0.4309799789251844,1
1858,0884,0,2026-04-24 05:33:30,1.0000000000000000,0
1859,0026,0,2026-04-24 05:33:40,0.1401475237091676,0
1860,0130,0,2026-04-24 05:33:40,0.2798735511064278,0
1861,0257,0,2026-04-24 05:33:40,0.8480505795574289,1
1862,0583,0,2026-04-24 05:33:40,0.4309799789251844,0
1863,0026,0,2026-04-24 05:33:50,0.1401475237091676,0
1864,0130,0,2026-04-24 05:33:50,0.2798735511064278,0
1865,0194,0,2026-04-24 05:33:50,0.4309799789251844,0
1866,0257,0,2026-04-24 05:33:50,0.8480505795574289,1
1867,0130,0,2026-04-24 05:34:00,0.2798735511064278,0
1868,0194,0,2026-04-24 05:34:00,0.4309799789251844,0
1869,0257,0,2026-04-24 05:34:00,0.8480505795574289,0
1870,0130,0,2026-04-24 05:34:10,0.2798735511064278,0
1871,0194,0,2026-04-24 05:34:10,0.4309799789251844,1
1872,0257,0,2026-04-24 05:34:10,0.8480505795574289,0
1873,0130,0,2026-04-24 05:34:20,0.2798735511064278,0
1874,0194,0,2026-04-24 05:34:20,0.4309799789251844,0
1875,0257,0,2026-04-24 05:34:20,0.8480505795574289,0
1876,0130,0,2026-04-24 05:34:30,0.2798735511064278,0
1877,0194,0,2026-04-24 05:34:30,0.4309799789251844,0
1878,0257,0,2026-04-24 05:34:30,0.8480505795574289,0
1879,0975,0,2026-04-24 05:34:30,0.1401475237091676,1
1880,0130,0,2026-04-24 05:34:40,0.2798735511064278,0
1881,0194,0,2026-04-24 05:34:40,0.4309799789251844,0
1882,0732,0,2026-04-24 05:34:40,0.9205479452054794,1
1883,0975,0,2026-04-24 05:34:40,0.1401475237091676,0
1884,0130,0,2026-04-24 05:34:50,0.2798735511064278,0
1885,0194,0,2026-04-24 05:34:50,0.4309799789251844,0
1886,0732,0,2026-04-24 05:34:50,0.9205479452054794,1
1887,0975,0,2026-04-24 05:34:50,0.1401475237091676,0
1888,0130,0,2026-04-24 05:35:00,0.2798735511064278,0
1889,0194,0,2026-04-24 05:35:00,0.4309799789251844,0
1890,0732,0,2026-04-24 05:35:00,0.9205479452054794,0
1891,0975,0,2026-04-24 05:35:00,0.1401475237091676,0
1892,0130,0,2026-04-24 05:35:10,0.2798735511064278,1
1893,0194,0,2026-04-24 05:35:10,0.4309799789251844,0
1894,0323,0,2026-04-24 05:35:10,0.5245521601685985,0
1895,0732,0,2026-04-24 05:35:10,0.9205479452054794,0
1896,0975,0,2026-04-24 05:35:10,0.1401475237091676,0
1897,0130,0,2026-04-24 05:35:20,0.2798735511064278,0
1898,0194,0,2026-04-24 05:35:20,0.4309799789251844,0
1899,0323,0,2026-04-24 05:35:20,0.5245521601685985,0
1900,0732,0,2026-04-24 05:35:20,0.9205479452054794,0
1901,0975,0,2026-04-24 05:35:20,0.1401475237091676,0
1902,0323,0,2026-04-24 05:35:30,0.5245521601685985,0
1903,0975,0,2026-04-24 05:35:30,0.1401475237091676,0
1904,0323,0,2026-04-24 05:35:40,0.5245521601685985,1
1905,0975,0,2026-04-24 05:35:40,0.1401475237091676,0
1906,0323,0,2026-04-24 05:35:50,0.5245521601685985,0
1907,0360,0,2026-04-24 05:35:50,0.8480505795574289,0
1908,0323,0,2026-04-24 05:36:00,0.5245521601685985,0
1909,0360,0,2026-04-24 05:36:00,0.8480505795574289,0
1910,0152,0,2026-04-24 05:36:10,0.2061116965226554,1
1911,0323,0,2026-04-24 05:36:10,0.5245521601685985,0
1912,0360,0,2026-04-24 05:36:10,0.8480505795574289,0
1913,0152,0,2026-04-24 05:36:20,0.2061116965226554,0
1914,0323,0,2026-04-24 05:36:20,0.5245521601685985,0
1915,0348,0,2026-04-24 05:36:20,0.1401475237091676,0
1916,0360,0,2026-04-24 05:36:20,0.8480505795574289,0
1917,0152,0,2026-04-24 05:36:30,0.2061116965226554,0
1918,0323,0,2026-04-24 05:36:30,0.5245521601685985,0
1919,0348,0,2026-04-24 05:36:30,0.1401475237091676,1
1920,0360,0,2026-04-24 05:36:30,0.8480505795574289,0
1921,0152,0,2026-04-24 05:36:40,0.2061116965226554,0
1922,0348,0,2026-04-24 05:36:40,0.1401475237091676,0
1923,0360,0,2026-04-24 05:36:40,0.8480505795574289,0
1924,0152,0,2026-04-24 05:36:50,0.2061116965226554,0
1925,0348,0,2026-04-24 05:36:50,0.1401475237091676,0
1926,0360,0,2026-04-24 05:36:50,0.8480505795574289,1
1927,0152,0,2026-04-24 05:37:00,0.2061116965226554,0
1928,0348,0,2026-04-24 05:37:00,0.1401475237091676,1
1929,0360,0,2026-04-24 05:37:00,0.8480505795574289,0
1930,0385,0,2026-04-24 05:37:00,0.3464699683877766,0
1931,0152,0,2026-04-24 05:37:10,0.2061116965226554,0
1932,0348,0,2026-04-24 05:37:10,0.1401475237091676,0
1933,0360,0,2026-04-24 05:37:10,0.8480505795574289,0
1934,0385,0,2026-04-24 05:37:10,0.3464699683877766,0
1935,0152,0,2026-04-24 05:37:20,0.2061116965226554,0
1936,0348,0,2026-04-24 05:37:20,0.1401475237091676,0
1937,0360,0,2026-04-24 05:37:20,0.8480505795574289,0
1938,0385,0,2026-04-24 05:37:20,0.3464699683877766,0
1939,0152,0,2026-04-24 05:37:30,0.2061116965226554,0
1940,0348,0,2026-04-24 05:37:30,0.1401475237091676,0
1941,0360,0,2026-04-24 05:37:30,0.8480505795574289,0
1942,0385,0,2026-04-24 05:37:30,0.3464699683877766,0
1943,0152,0,2026-04-24 05:37:40,0.2061116965226554,0
1944,0348,0,2026-04-24 05:37:40,0.1401475237091676,0
1945,0360,0,2026-04-24 05:37:40,0.8480505795574289,0
1946,0385,0,2026-04-24 05:37:40,0.3464699683877766,0
1947,0152,0,2026-04-24 05:37:50,0.2061116965226554,0
1948,0348,0,2026-04-24 05:37:50,0.1401475237091676,0
1949,0385,0,2026-04-24 05:37:50,0.3464699683877766,0
1950,0152,0,2026-04-24 05:38:00,0.2061116965226554,0
1951,0348,0,2026-04-24 05:38:00,0.1401475237091676,0
1952,0385,0,2026-04-24 05:38:00,0.3464699683877766,0
1953,0385,0,2026-04-24 05:38:10,0.3464699683877766,0
1954,0385,0,2026-04-24 05:38:20,0.3464699683877766,0
1955,0385,0,2026-04-24 05:38:30,0.3464699683877766,1
1956,0512,0,2026-04-24 05:48:50,0.5245521601685985,0
1957,0512,0,2026-04-24 05:49:00,0.5245521601685985,0
1958,0512,0,2026-04-24 05:49:10,0.5245521601685985,0
1959,0512,0,2026-04-24 05:49:20,0.5245521601685985,0
1960,0512,0,2026-04-24 05:49:30,0.5245521601685985,0
1961,0512,0,2026-04-24 05:49:40,0.5245521601685985,0
1962,0512,0,2026-04-24 05:49:50,0.5245521601685985,0
1963,0512,0,2026-04-24 05:50:00,0.5245521601685985,0
1964,0512,0,2026-04-24 05:50:10,0.5245521601685985,0
1965,0512,0,2026-04-24 05:50:20,0.5245521601685985,0
1966,0512,0,2026-04-24 05:50:30,0.5245521601685985,1
1967,0492,0,2026-04-24 07:05:20,1.0000000000000000,1
1968,0492,0,2026-04-24 07:05:30,1.0000000000000000,0
1969,0492,0,2026-04-24 07:05:40,1.0000000000000000,0
1970,0661,0,2026-04-24 07:05:40,0.6554267650158061,1
1971,0492,0,2026-04-24 07:05:50,1.0000000000000000,0
1972,0661,0,2026-04-24 07:05:50,0.6554267650158061,1
1973,0492,0,2026-04-24 07:06:00,1.0000000000000000,0
1974,0661,0,2026-04-24 07:06:00,0.6554267650158061,0
1975,0666,0,2026-04-24 07:06:00,0.5245521601685985,0
1976,0938,0,2026-04-24 07:06:00,0.7696522655426765,1
1977,0661,0,2026-04-24 07:06:10,0.6554267650158061,0
1978,0666,0,2026-04-24 07:06:10,0.5245521601685985,0
1979,0938,0,2026-04-24 07:06:10,0.7696522655426765,0
1980,0661,0,2026-04-24 07:06:20,0.6554267650158061,0
1981,0666,0,2026-04-24 07:06:20,0.5245521601685985,0
1982,0938,0,2026-04-24 07:06:20,0.7696522655426765,0
1983,0224,0,2026-04-24 07:06:30,0.7696522655426765,0
1984,0236,0,2026-04-24 07:06:30,0.8480505795574289,0
1985,0661,0,2026-04-24 07:06:30,0.6554267650158061,0
1986,0666,0,2026-04-24 07:06:30,0.5245521601685985,0
1987,0938,0,2026-04-24 07:06:30,0.7696522655426765,1
1988,0938,0,2026-04-24 07:06:30,0.7696522655426765,0
1989,0074,0,2026-04-24 07:06:40,0.5245521601685985,0
1990,0224,0,2026-04-24 07:06:40,0.7696522655426765,0
1991,0236,0,2026-04-24 07:06:40,0.8480505795574289,0
1992,0661,0,2026-04-24 07:06:40,0.6554267650158061,0
1993,0666,0,2026-04-24 07:06:40,0.5245521601685985,0
1994,0797,0,2026-04-24 07:06:40,0.2061116965226554,0
1995,0938,0,2026-04-24 07:06:40,0.7696522655426765,0
1996,0938,0,2026-04-24 07:06:40,0.7696522655426765,0
1997,0074,0,2026-04-24 07:06:50,0.5245521601685985,0
1998,0224,0,2026-04-24 07:06:50,0.7696522655426765,0
1999,0236,0,2026-04-24 07:06:50,0.8480505795574289,0
2000,0661,0,2026-04-24 07:06:50,0.6554267650158061,0
2001,0666,0,2026-04-24 07:06:50,0.5245521601685985,1
2002,0797,0,2026-04-24 07:06:50,0.2061116965226554,0
2003,0938,0,2026-04-24 07:06:50,0.7696522655426765,0
2004,0938,0,2026-04-24 07:06:50,0.7696522655426765,0
2005,0074,0,2026-04-24 07:07:00,0.5245521601685985,0
2006,0224,0,2026-04-24 07:07:00,0.7696522655426765,0
2007,0236,0,2026-04-24 07:07:00,0.8480505795574289,1
2008,0661,0,2026-04-24 07:07:00,0.6554267650158061,0
2009,0666,0,2026-04-24 07:07:00,0.5245521601685985,0
2010,0797,0,2026-04-24 07:07:00,0.2061116965226554,0
2011,0938,0,2026-04-24 07:07:00,0.7696522655426765,0
2012,0938,0,2026-04-24 07:07:00,0.7696522655426765,0
2013,0074,0,2026-04-24 07:07:10,0.5245521601685985,0
2014,0224,0,2026-04-24 07:07:10,0.7696522655426765,0
2015,0236,0,2026-04-24 07:07:10,0.8480505795574289,0
2016,0661,0,2026-04-24 07:07:10,0.6554267650158061,0
2017,0666,0,2026-04-24 07:07:10,0.5245521601685985,0
2018,0797,0,2026-04-24 07:07:10,0.2061116965226554,0
2019,0938,0,2026-04-24 07:07:10,0.7696522655426765,0
2020,0938,0,2026-04-24 07:07:10,0.7696522655426765,0
2021,0951,0,2026-04-24 07:07:10,0.0697576396206533,0
2022,0043,0,2026-04-24 07:07:20,0.2061116965226554,0
2023,0074,0,2026-04-24 07:07:20,0.5245521601685985,0
2024,0224,0,2026-04-24 07:07:20,0.7696522655426765,1
2025,0236,0,2026-04-24 07:07:20,0.8480505795574289,0
2026,0661,0,2026-04-24 07:07:20,0.6554267650158061,0
2027,0797,0,2026-04-24 07:07:20,0.2061116965226554,0
2028,0938,0,2026-04-24 07:07:20,0.7696522655426765,0
2029,0938,0,2026-04-24 07:07:20,0.7696522655426765,0
2030,0951,0,2026-04-24 07:07:20,0.0697576396206533,0
2031,0043,0,2026-04-24 07:07:30,0.2061116965226554,0
2032,0074,0,2026-04-24 07:07:30,0.5245521601685985,0
2033,0224,0,2026-04-24 07:07:30,0.7696522655426765,0
2034,0236,0,2026-04-24 07:07:30,0.8480505795574289,0
2035,0661,0,2026-04-24 07:07:30,0.6554267650158061,0
2036,0797,0,2026-04-24 07:07:30,0.2061116965226554,1
2037,0938,0,2026-04-24 07:07:30,0.7696522655426765,0
2038,0951,0,2026-04-24 07:07:30,0.0697576396206533,0
2039,0043,0,2026-04-24 07:07:40,0.2061116965226554,0
2040,0074,0,2026-04-24 07:07:40,0.5245521601685985,0
2041,0224,0,2026-04-24 07:07:40,0.7696522655426765,0
2042,0797,0,2026-04-24 07:07:40,0.2061116965226554,0
2043,0938,0,2026-04-24 07:07:40,0.7696522655426765,0
2044,0951,0,2026-04-24 07:07:40,0.0697576396206533,0
2045,0043,0,2026-04-24 07:07:50,0.2061116965226554,0
2046,0074,0,2026-04-24 07:07:50,0.5245521601685985,1
2047,0224,0,2026-04-24 07:07:50,0.7696522655426765,0
2048,0299,0,2026-04-24 07:07:50,0.8480505795574289,0
2049,0797,0,2026-04-24 07:07:50,0.2061116965226554,0
2050,0938,0,2026-04-24 07:07:50,0.7696522655426765,0
2051,0951,0,2026-04-24 07:07:50,0.0697576396206533,0
2052,0043,0,2026-04-24 07:08:00,0.2061116965226554,0
2053,0074,0,2026-04-24 07:08:00,0.5245521601685985,0
2054,0224,0,2026-04-24 07:08:00,0.7696522655426765,0
2055,0299,0,2026-04-24 07:08:00,0.8480505795574289,0
2056,0797,0,2026-04-24 07:08:00,0.2061116965226554,0
2057,0951,0,2026-04-24 07:08:00,0.0697576396206533,0
2058,0043,0,2026-04-24 07:08:10,0.2061116965226554,0
2059,0074,0,2026-04-24 07:08:10,0.5245521601685985,0
2060,0224,0,2026-04-24 07:08:10,0.7696522655426765,0
2061,0299,0,2026-04-24 07:08:10,0.8480505795574289,0
2062,0303,0,2026-04-24 07:08:10,0.7696522655426765,1
2063,0797,0,2026-04-24 07:08:10,0.2061116965226554,0
2064,0951,0,2026-04-24 07:08:10,0.0697576396206533,0
2065,0043,0,2026-04-24 07:08:20,0.2061116965226554,0
2066,0074,0,2026-04-24 07:08:20,0.5245521601685985,0
2067,0299,0,2026-04-24 07:08:20,0.8480505795574289,0
2068,0797,0,2026-04-24 07:08:20,0.2061116965226554,0
2069,0951,0,2026-04-24 07:08:20,0.0697576396206533,0
2070,0043,0,2026-04-24 07:08:30,0.2061116965226554,1
2071,0074,0,2026-04-24 07:08:30,0.5245521601685985,0
2072,0299,0,2026-04-24 07:08:30,0.8480505795574289,0
2073,0951,0,2026-04-24 07:08:30,0.0697576396206533,0
2074,0043,0,2026-04-24 07:08:40,0.2061116965226554,0
2075,0299,0,2026-04-24 07:08:40,0.8480505795574289,0
2076,0043,0,2026-04-24 07:08:50,0.2061116965226554,0
2077,0299,0,2026-04-24 07:08:50,0.8480505795574289,0
2078,0043,0,2026-04-24 07:09:00,0.2061116965226554,0
2079,0299,0,2026-04-24 07:09:00,0.8480505795574289,1
2080,0619,0,2026-04-24 07:12:10,0.6554267650158061,1
2081,0619,0,2026-04-24 07:12:20,0.6554267650158061,0
2082,0496,0,2026-04-24 07:12:30,0.9205479452054794,1
2083,0619,0,2026-04-24 07:12:30,0.6554267650158061,0
2084,0496,0,2026-04-24 07:12:40,0.9205479452054794,0
2085,0619,0,2026-04-24 07:12:40,0.6554267650158061,0
2086,0058,0,2026-04-24 07:12:50,0.2061116965226554,0
2087,0496,0,2026-04-24 07:12:50,0.9205479452054794,0
2088,0619,0,2026-04-24 07:12:50,0.6554267650158061,0
2089,0058,0,2026-04-24 07:13:00,0.2061116965226554,0
2090,0496,0,2026-04-24 07:13:00,0.9205479452054794,0
2091,0619,0,2026-04-24 07:13:00,0.6554267650158061,0
2092,0058,0,2026-04-24 07:13:10,0.2061116965226554,0
2093,0150,0,2026-04-24 07:13:10,0.7696522655426765,1
2094,0496,0,2026-04-24 07:13:10,0.9205479452054794,0
2095,0619,0,2026-04-24 07:13:10,0.6554267650158061,0
2096,0652,0,2026-04-24 07:13:10,0.8480505795574289,0
2097,0058,0,2026-04-24 07:13:20,0.2061116965226554,0
2098,0150,0,2026-04-24 07:13:20,0.7696522655426765,0
2099,0496,0,2026-04-24 07:13:20,0.9205479452054794,0
2100,0619,0,2026-04-24 07:13:20,0.6554267650158061,0
2101,0652,0,2026-04-24 07:13:20,0.8480505795574289,0
2102,0058,0,2026-04-24 07:13:30,0.2061116965226554,0
2103,0150,0,2026-04-24 07:13:30,0.7696522655426765,0
2104,0496,0,2026-04-24 07:13:30,0.9205479452054794,0
2105,0619,0,2026-04-24 07:13:30,0.6554267650158061,0
2106,0652,0,2026-04-24 07:13:30,0.8480505795574289,0
2107,0058,0,2026-04-24 07:13:40,0.2061116965226554,0
2108,0150,0,2026-04-24 07:13:40,0.7696522655426765,1
2109,0150,0,2026-04-24 07:13:40,0.7696522655426765,0
2110,0496,0,2026-04-24 07:13:40,0.9205479452054794,0
2111,0619,0,2026-04-24 07:13:40,0.6554267650158061,0
2112,0652,0,2026-04-24 07:13:40,0.8480505795574289,0
2113,0058,0,2026-04-24 07:13:50,0.2061116965226554,0
2114,0150,0,2026-04-24 07:13:50,0.7696522655426765,0
2115,0417,0,2026-04-24 07:13:50,0.0697576396206533,0
2116,0496,0,2026-04-24 07:13:50,0.9205479452054794,0
2117,0619,0,2026-04-24 07:13:50,0.6554267650158061,0
2118,0652,0,2026-04-24 07:13:50,0.8480505795574289,0
2119,0058,0,2026-04-24 07:14:00,0.2061116965226554,0
2120,0150,0,2026-04-24 07:14:00,0.7696522655426765,0
2121,0417,0,2026-04-24 07:14:00,0.0697576396206533,0
2122,0496,0,2026-04-24 07:14:00,0.9205479452054794,0
2123,0652,0,2026-04-24 07:14:00,0.8480505795574289,0
2124,0150,0,2026-04-24 07:14:10,0.7696522655426765,0
2125,0417,0,2026-04-24 07:14:10,0.0697576396206533,0
2126,0652,0,2026-04-24 07:14:10,0.8480505795574289,1
2127,0417,0,2026-04-24 07:14:20,0.0697576396206533,0
2128,0652,0,2026-04-24 07:14:20,0.8480505795574289,0
2129,0417,0,2026-04-24 07:14:30,0.0697576396206533,1
2130,0484,0,2026-04-24 07:14:30,0.8480505795574289,0
2131,0652,0,2026-04-24 07:14:30,0.8480505795574289,0
2132,0417,0,2026-04-24 07:14:40,0.0697576396206533,0
2133,0484,0,2026-04-24 07:14:40,0.8480505795574289,0
2134,0652,0,2026-04-24 07:14:40,0.8480505795574289,0
2135,0417,0,2026-04-24 07:14:50,0.0697576396206533,0
2136,0484,0,2026-04-24 07:14:50,0.8480505795574289,1
2137,0652,0,2026-04-24 07:14:50,0.8480505795574289,0
2138,0417,0,2026-04-24 07:15:00,0.0697576396206533,0
2139,0484,0,2026-04-24 07:15:00,0.8480505795574289,1
2140,0652,0,2026-04-24 07:15:00,0.8480505795574289,0
2141,0417,0,2026-04-24 07:15:10,0.0697576396206533,0
2142,0484,0,2026-04-24 07:15:10,0.8480505795574289,0
2143,0406,0,2026-04-24 07:15:20,0.6554267650158061,0
2144,0484,0,2026-04-24 07:15:20,0.8480505795574289,0
2145,0830,0,2026-04-24 07:15:20,0.7696522655426765,1
2146,0406,0,2026-04-24 07:15:30,0.6554267650158061,1
2147,0484,0,2026-04-24 07:15:30,0.8480505795574289,0
2148,0830,0,2026-04-24 07:15:30,0.7696522655426765,0
2149,0406,0,2026-04-24 07:15:40,0.6554267650158061,0
2150,0484,0,2026-04-24 07:15:40,0.8480505795574289,0
2151,0830,0,2026-04-24 07:15:40,0.7696522655426765,0
2152,0406,0,2026-04-24 07:15:50,0.6554267650158061,0
2153,0484,0,2026-04-24 07:15:50,0.8480505795574289,0
2154,0830,0,2026-04-24 07:15:50,0.7696522655426765,0
2155,0406,0,2026-04-24 07:16:00,0.6554267650158061,0
2156,0484,0,2026-04-24 07:16:00,0.8480505795574289,0
2157,0830,0,2026-04-24 07:16:00,0.7696522655426765,0
2158,0966,0,2026-04-24 07:16:00,1.0000000000000000,0
2159,0406,0,2026-04-24 07:16:10,0.6554267650158061,0
2160,0484,0,2026-04-24 07:16:10,0.8480505795574289,0
2161,0830,0,2026-04-24 07:16:10,0.7696522655426765,0
2162,0966,0,2026-04-24 07:16:10,1.0000000000000000,0
2163,0406,0,2026-04-24 07:16:20,0.6554267650158061,0
2164,0484,0,2026-04-24 07:16:20,0.8480505795574289,0
2165,0966,0,2026-04-24 07:16:20,1.0000000000000000,0
2166,0966,0,2026-04-24 07:16:30,1.0000000000000000,1
2167,0001,0,2026-04-24 07:17:30,0.2061116965226554,0
2168,0018,0,2026-04-24 07:17:30,0.2061116965226554,0
2169,0023,0,2026-04-24 07:17:30,0.8480505795574289,0
2170,0042,0,2026-04-24 07:17:30,0.7696522655426765,0
2171,0050,0,2026-04-24 07:17:30,0.4309799789251844,0
2172,0062,0,2026-04-24 07:17:30,0.5245521601685985,0
2173,0070,0,2026-04-24 07:17:30,0.5245521601685985,0
2174,0073,0,2026-04-24 07:17:30,0.2061116965226554,0
2175,0092,0,2026-04-24 07:17:30,0.4309799789251844,0
2176,0096,0,2026-04-24 07:17:30,0.5924130663856692,0
2177,0105,0,2026-04-24 07:17:30,0.6554267650158061,0
2178,0109,0,2026-04-24 07:17:30,0.6554267650158061,0
2179,0127,0,2026-04-24 07:17:30,0.2061116965226554,0
2180,0162,0,2026-04-24 07:17:30,0.4309799789251844,0
2181,0187,0,2026-04-24 07:17:30,0.0697576396206533,0
2182,0197,0,2026-04-24 07:17:30,1.0000000000000000,1
2183,0204,0,2026-04-24 07:17:30,0.7696522655426765,0
2184,0208,0,2026-04-24 07:17:30,0.4309799789251844,0
2185,0238,0,2026-04-24 07:17:30,0.1401475237091676,0
2186,0240,0,2026-04-24 07:17:30,0.9205479452054794,0
2187,0245,0,2026-04-24 07:17:30,0.1401475237091676,0
2188,0258,0,2026-04-24 07:17:30,0.0697576396206533,0
2189,0294,0,2026-04-24 07:17:30,0.8480505795574289,0
2190,0298,0,2026-04-24 07:17:30,0.8480505795574289,0
2191,0327,0,2026-04-24 07:17:30,0.6554267650158061,0
2192,0363,0,2026-04-24 07:17:30,0.1401475237091676,0
2193,0364,0,2026-04-24 07:17:30,0.5245521601685985,0
2194,0377,0,2026-04-24 07:17:30,0.6554267650158061,0
2195,0395,0,2026-04-24 07:17:30,0.5245521601685985,0
2196,0396,0,2026-04-24 07:17:30,0.7696522655426765,0
2197,0399,0,2026-04-24 07:17:30,0.1401475237091676,0
2198,0416,0,2026-04-24 07:17:30,0.8480505795574289,0
2199,0418,0,2026-04-24 07:17:30,0.0697576396206533,0
2200,0436,0,2026-04-24 07:17:30,0.8480505795574289,0
2201,0437,0,2026-04-24 07:17:30,0.0697576396206533,0
2202,0439,0,2026-04-24 07:17:30,0.7696522655426765,0
2203,0453,0,2026-04-24 07:17:30,0.1401475237091676,0
2204,0461,0,2026-04-24 07:17:30,0.1401475237091676,0
2205,0489,0,2026-04-24 07:17:30,1.0000000000000000,0
2206,0494,0,2026-04-24 07:17:30,1.0000000000000000,0
2207,0498,0,2026-04-24 07:17:30,0.2798735511064278,0
2208,0519,0,2026-04-24 07:17:30,0.9205479452054794,0
2209,0527,0,2026-04-24 07:17:30,0.7696522655426765,0
2210,0541,0,2026-04-24 07:17:30,0.5924130663856692,0
2211,0551,0,2026-04-24 07:17:30,0.1401475237091676,0
2212,0565,0,2026-04-24 07:17:30,0.2798735511064278,0
2213,0609,0,2026-04-24 07:17:30,0.5924130663856692,0
2214,0625,0,2026-04-24 07:17:30,0.5924130663856692,0
2215,0646,0,2026-04-24 07:17:30,1.0000000000000000,0
2216,0663,0,2026-04-24 07:17:30,0.7696522655426765,0
2217,0673,0,2026-04-24 07:17:30,0.7696522655426765,0
2218,0674,0,2026-04-24 07:17:30,0.5924130663856692,0
2219,0685,0,2026-04-24 07:17:30,0.2061116965226554,0
2220,0687,0,2026-04-24 07:17:30,0.3464699683877766,0
2221,0697,0,2026-04-24 07:17:30,0.2798735511064278,0
2222,0702,0,2026-04-24 07:17:30,0.2798735511064278,0
2223,0707,0,2026-04-24 07:17:30,0.9205479452054794,0
2224,0708,0,2026-04-24 07:17:30,0.8480505795574289,0
2225,0743,0,2026-04-24 07:17:30,0.3464699683877766,0
2226,0744,0,2026-04-24 07:17:30,0.9205479452054794,0
2227,0765,0,2026-04-24 07:17:30,0.9205479452054794,0
2228,0782,0,2026-04-24 07:17:30,0.2798735511064278,0
2229,0785,0,2026-04-24 07:17:30,0.0697576396206533,0
2230,0804,0,2026-04-24 07:17:30,0.8480505795574289,0
2231,0810,0,2026-04-24 07:17:30,0.7696522655426765,0
2232,0815,0,2026-04-24 07:17:30,0.6554267650158061,0
2233,0833,0,2026-04-24 07:17:30,0.7696522655426765,0
2234,0845,0,2026-04-24 07:17:30,0.4309799789251844,0
2235,0873,0,2026-04-24 07:17:30,0.2061116965226554,0
2236,0883,0,2026-04-24 07:17:30,0.9205479452054794,0
2237,0887,0,2026-04-24 07:17:30,0.0697576396206533,0
2238,0895,0,2026-04-24 07:17:30,1.0000000000000000,0
2239,0898,0,2026-04-24 07:17:30,0.8480505795574289,0
2240,0902,0,2026-04-24 07:17:30,0.4309799789251844,0
2241,0907,0,2026-04-24 07:17:30,0.5924130663856692,0
2242,0919,0,2026-04-24 07:17:30,0.6554267650158061,0
2243,0933,0,2026-04-24 07:17:30,0.3464699683877766,0
2244,0934,0,2026-04-24 07:17:30,0.1401475237091676,0
2245,0970,0,2026-04-24 07:17:30,0.1401475237091676,0
2246,0972,0,2026-04-24 07:17:30,0.5245521601685985,0
2247,0976,0,2026-04-24 07:17:30,0.6554267650158061,0
2248,0987,0,2026-04-24 07:17:30,1.0000000000000000,0
2249,0990,0,2026-04-24 07:17:30,0.7696522655426765,0
2250,0001,0,2026-04-24 07:17:40,0.2061116965226554,0
2251,0003,0,2026-04-24 07:17:40,0.5245521601685985,0
2252,0018,0,2026-04-24 07:17:40,0.2061116965226554,0
2253,0021,0,2026-04-24 07:17:40,0.8480505795574289,0
2254,0023,0,2026-04-24 07:17:40,0.8480505795574289,0
2255,0042,0,2026-04-24 07:17:40,0.7696522655426765,0
2256,0050,0,2026-04-24 07:17:40,0.4309799789251844,0
2257,0060,0,2026-04-24 07:17:40,0.0697576396206533,0
2258,0062,0,2026-04-24 07:17:40,0.5245521601685985,0
2259,0070,0,2026-04-24 07:17:40,0.5245521601685985,0
2260,0073,0,2026-04-24 07:17:40,0.2061116965226554,0
2261,0081,0,2026-04-24 07:17:40,0.3464699683877766,0
2262,0085,0,2026-04-24 07:17:40,0.3464699683877766,0
2263,0088,0,2026-04-24 07:17:40,0.8480505795574289,0
2264,0092,0,2026-04-24 07:17:40,0.4309799789251844,0
2265,0096,0,2026-04-24 07:17:40,0.5924130663856692,0
2266,0105,0,2026-04-24 07:17:40,0.6554267650158061,0
2267,0107,0,2026-04-24 07:17:40,0.0697576396206533,0
2268,0109,0,2026-04-24 07:17:40,0.6554267650158061,0
2269,0111,0,2026-04-24 07:17:40,1.0000000000000000,0
2270,0127,0,2026-04-24 07:17:40,0.2061116965226554,0
2271,0141,0,2026-04-24 07:17:40,0.2798735511064278,0
2272,0145,0,2026-04-24 07:17:40,1.0000000000000000,1
2273,0162,0,2026-04-24 07:17:40,0.4309799789251844,0
2274,0176,0,2026-04-24 07:17:40,0.2061116965226554,0
2275,0186,0,2026-04-24 07:17:40,0.3464699683877766,0
2276,0187,0,2026-04-24 07:17:40,0.0697576396206533,0
2277,0197,0,2026-04-24 07:17:40,1.0000000000000000,0
2278,0204,0,2026-04-24 07:17:40,0.7696522655426765,0
2279,0208,0,2026-04-24 07:17:40,0.4309799789251844,0
2280,0210,0,2026-04-24 07:17:40,0.4309799789251844,0
2281,0217,0,2026-04-24 07:17:40,0.1401475237091676,0
2282,0225,0,2026-04-24 07:17:40,0.8480505795574289,0
2283,0238,0,2026-04-24 07:17:40,0.1401475237091676,0
2284,0240,0,2026-04-24 07:17:40,0.9205479452054794,0
2285,0245,0,2026-04-24 07:17:40,0.1401475237091676,0
2286,0251,0,2026-04-24 07:17:40,0.4309799789251844,0
2287,0258,0,2026-04-24 07:17:40,0.0697576396206533,0
2288,0294,0,2026-04-24 07:17:40,0.8480505795574289,0
2289,0298,0,2026-04-24 07:17:40,0.8480505795574289,0
2290,0327,0,2026-04-24 07:17:40,0.6554267650158061,0
2291,0336,0,2026-04-24 07:17:40,0.2798735511064278,0
2292,0363,0,2026-04-24 07:17:40,0.1401475237091676,0
2293,0364,0,2026-04-24 07:17:40,0.5245521601685985,0
2294,0367,0,2026-04-24 07:17:40,0.5924130663856692,0
2295,0377,0,2026-04-24 07:17:40,0.6554267650158061,0
2296,0395,0,2026-04-24 07:17:40,0.5245521601685985,0
2297,0396,0,2026-04-24 07:17:40,0.7696522655426765,0
2298,0399,0,2026-04-24 07:17:40,0.1401475237091676,0
2299,0416,0,2026-04-24 07:17:40,0.8480505795574289,0
2300,0418,0,2026-04-24 07:17:40,0.0697576396206533,0
2301,0436,0,2026-04-24 07:17:40,0.8480505795574289,0
2302,0437,0,2026-04-24 07:17:40,0.0697576396206533,0
2303,0439,0,2026-04-24 07:17:40,0.7696522655426765,0
2304,0448,0,2026-04-24 07:17:40,0.5245521601685985,0
2305,0450,0,2026-04-24 07:17:40,0.2798735511064278,0
2306,0453,0,2026-04-24 07:17:40,0.1401475237091676,0
2307,0454,0,2026-04-24 07:17:40,0.8480505795574289,0
2308,0456,0,2026-04-24 07:17:40,0.7696522655426765,0
2309,0461,0,2026-04-24 07:17:40,0.1401475237091676,0
2310,0489,0,2026-04-24 07:17:40,1.0000000000000000,0
2311,0494,0,2026-04-24 07:17:40,1.0000000000000000,0
2312,0498,0,2026-04-24 07:17:40,0.2798735511064278,0
2313,0516,0,2026-04-24 07:17:40,0.1401475237091676,0
2314,0519,0,2026-04-24 07:17:40,0.9205479452054794,0
2315,0524,0,2026-04-24 07:17:40,0.5245521601685985,0
2316,0525,0,2026-04-24 07:17:40,0.3464699683877766,0
2317,0527,0,2026-04-24 07:17:40,0.7696522655426765,0
2318,0528,0,2026-04-24 07:17:40,0.8480505795574289,0
2319,0541,0,2026-04-24 07:17:40,0.5924130663856692,0
2320,0544,0,2026-04-24 07:17:40,1.0000000000000000,0
2321,0551,0,2026-04-24 07:17:40,0.1401475237091676,0
2322,0553,0,2026-04-24 07:17:40,0.1401475237091676,0
2323,0554,0,2026-04-24 07:17:40,0.5245521601685985,0
2324,0563,0,2026-04-24 07:17:40,0.9205479452054794,0
2325,0564,0,2026-04-24 07:17:40,0.4309799789251844,0
2326,0565,0,2026-04-24 07:17:40,0.2798735511064278,0
2327,0578,0,2026-04-24 07:17:40,0.5245521601685985,0
2328,0584,0,2026-04-24 07:17:40,0.2798735511064278,0
2329,0591,0,2026-04-24 07:17:40,0.4309799789251844,0
2330,0604,0,2026-04-24 07:17:40,0.5245521601685985,0
2331,0609,0,2026-04-24 07:17:40,0.5924130663856692,0
2332,0617,0,2026-04-24 07:17:40,0.7696522655426765,0
2333,0625,0,2026-04-24 07:17:40,0.5924130663856692,0
2334,0645,0,2026-04-24 07:17:40,0.8480505795574289,0
2335,0646,0,2026-04-24 07:17:40,1.0000000000000000,0
2336,0659,0,2026-04-24 07:17:40,0.9205479452054794,0
2337,0663,0,2026-04-24 07:17:40,0.7696522655426765,0
2338,0669,0,2026-04-24 07:17:40,0.0697576396206533,0
2339,0672,0,2026-04-24 07:17:40,0.2798735511064278,0
2340,0673,0,2026-04-24 07:17:40,0.7696522655426765,0
2341,0674,0,2026-04-24 07:17:40,0.5924130663856692,0
2342,0679,0,2026-04-24 07:17:40,0.4309799789251844,0
2343,0685,0,2026-04-24 07:17:40,0.2061116965226554,0
2344,0687,0,2026-04-24 07:17:40,0.3464699683877766,0
2345,0697,0,2026-04-24 07:17:40,0.2798735511064278,0
2346,0702,0,2026-04-24 07:17:40,0.2798735511064278,0
2347,0707,0,2026-04-24 07:17:40,0.9205479452054794,0
2348,0708,0,2026-04-24 07:17:40,0.8480505795574289,0
2349,0722,0,2026-04-24 07:17:40,0.3464699683877766,0
2350,0723,0,2026-04-24 07:17:40,0.6554267650158061,0
2351,0725,0,2026-04-24 07:17:40,0.3464699683877766,0
2352,0728,0,2026-04-24 07:17:40,0.1401475237091676,0
2353,0729,0,2026-04-24 07:17:40,0.2061116965226554,0
2354,0743,0,2026-04-24 07:17:40,0.3464699683877766,0
2355,0744,0,2026-04-24 07:17:40,0.9205479452054794,0
2356,0764,0,2026-04-24 07:17:40,0.6554267650158061,0
2357,0765,0,2026-04-24 07:17:40,0.9205479452054794,0
2358,0768,0,2026-04-24 07:17:40,0.1401475237091676,0
2359,0782,0,2026-04-24 07:17:40,0.2798735511064278,0
2360,0785,0,2026-04-24 07:17:40,0.0697576396206533,0
2361,0804,0,2026-04-24 07:17:40,0.8480505795574289,0
2362,0810,0,2026-04-24 07:17:40,0.7696522655426765,0
2363,0815,0,2026-04-24 07:17:40,0.6554267650158061,0
2364,0818,0,2026-04-24 07:17:40,0.6554267650158061,0
2365,0828,0,2026-04-24 07:17:40,0.7696522655426765,0
2366,0833,0,2026-04-24 07:17:40,0.7696522655426765,0
2367,0845,0,2026-04-24 07:17:40,0.4309799789251844,0
2368,0861,0,2026-04-24 07:17:40,0.5245521601685985,0
2369,0873,0,2026-04-24 07:17:40,0.2061116965226554,0
2370,0875,0,2026-04-24 07:17:40,0.2798735511064278,0
2371,0877,0,2026-04-24 07:17:40,0.2798735511064278,0
2372,0883,0,2026-04-24 07:17:40,0.9205479452054794,0
2373,0886,0,2026-04-24 07:17:40,0.9205479452054794,0
2374,0887,0,2026-04-24 07:17:40,0.0697576396206533,0
2375,0893,0,2026-04-24 07:17:40,0.7696522655426765,0
2376,0895,0,2026-04-24 07:17:40,1.0000000000000000,0
2377,0898,0,2026-04-24 07:17:40,0.8480505795574289,0
2378,0902,0,2026-04-24 07:17:40,0.4309799789251844,0
2379,0907,0,2026-04-24 07:17:40,0.5924130663856692,0
2380,0916,0,2026-04-24 07:17:40,0.8480505795574289,0
2381,0919,0,2026-04-24 07:17:40,0.6554267650158061,0
2382,0928,0,2026-04-24 07:17:40,0.9205479452054794,0
2383,0929,0,2026-04-24 07:17:40,0.7696522655426765,0
2384,0933,0,2026-04-24 07:17:40,0.3464699683877766,0
2385,0934,0,2026-04-24 07:17:40,0.1401475237091676,0
2386,0970,0,2026-04-24 07:17:40,0.1401475237091676,0
2387,0972,0,2026-04-24 07:17:40,0.5245521601685985,0
2388,0976,0,2026-04-24 07:17:40,0.6554267650158061,0
2389,0980,0,2026-04-24 07:17:40,0.3464699683877766,0
2390,0987,0,2026-04-24 07:17:40,1.0000000000000000,0
2391,0990,0,2026-04-24 07:17:40,0.7696522655426765,0
2392,0001,0,2026-04-24 07:17:50,0.2061116965226554,0
2393,0003,0,2026-04-24 07:17:50,0.5245521601685985,0
2394,0011,0,2026-04-24 07:17:50,0.8480505795574289,0
2395,0018,0,2026-04-24 07:17:50,0.2061116965226554,0
2396,0019,0,2026-04-24 07:17:50,0.5924130663856692,0
2397,0021,0,2026-04-24 07:17:50,0.8480505795574289,0
2398,0022,0,2026-04-24 07:17:50,0.7696522655426765,0
2399,0023,0,2026-04-24 07:17:50,0.8480505795574289,0
2400,0031,0,2026-04-24 07:17:50,0.7696522655426765,0
2401,0032,0,2026-04-24 07:17:50,0.8480505795574289,0
2402,0035,0,2026-04-24 07:17:50,0.2061116965226554,0
2403,0041,0,2026-04-24 07:17:50,0.4309799789251844,0
2404,0042,0,2026-04-24 07:17:50,0.7696522655426765,0
2405,0046,0,2026-04-24 07:17:50,1.0000000000000000,0
2406,0048,0,2026-04-24 07:17:50,0.6554267650158061,0
2407,0050,0,2026-04-24 07:17:50,0.4309799789251844,0
2408,0051,0,2026-04-24 07:17:50,0.7696522655426765,0
2409,0059,0,2026-04-24 07:17:50,0.2061116965226554,0
2410,0060,0,2026-04-24 07:17:50,0.0697576396206533,0
2411,0062,0,2026-04-24 07:17:50,0.5245521601685985,0
2412,0070,0,2026-04-24 07:17:50,0.5245521601685985,0
2413,0073,0,2026-04-24 07:17:50,0.2061116965226554,0
2414,0081,0,2026-04-24 07:17:50,0.3464699683877766,0
2415,0085,0,2026-04-24 07:17:50,0.3464699683877766,0
2416,0088,0,2026-04-24 07:17:50,0.8480505795574289,0
2417,0092,0,2026-04-24 07:17:50,0.4309799789251844,0
2418,0096,0,2026-04-24 07:17:50,0.5924130663856692,0
2419,0104,0,2026-04-24 07:17:50,0.5245521601685985,0
2420,0105,0,2026-04-24 07:17:50,0.6554267650158061,0
2421,0107,0,2026-04-24 07:17:50,0.0697576396206533,0
2422,0109,0,2026-04-24 07:17:50,0.6554267650158061,0
2423,0111,0,2026-04-24 07:17:50,1.0000000000000000,0
2424,0119,0,2026-04-24 07:17:50,0.9205479452054794,0
2425,0120,0,2026-04-24 07:17:50,0.4309799789251844,0
2426,0125,0,2026-04-24 07:17:50,0.3464699683877766,0
2427,0127,0,2026-04-24 07:17:50,0.2061116965226554,0
2428,0141,0,2026-04-24 07:17:50,0.2798735511064278,0
2429,0145,0,2026-04-24 07:17:50,1.0000000000000000,0
2430,0146,0,2026-04-24 07:17:50,0.1401475237091676,0
2431,0153,0,2026-04-24 07:17:50,0.7696522655426765,0
2432,0158,0,2026-04-24 07:17:50,0.2061116965226554,0
2433,0162,0,2026-04-24 07:17:50,0.4309799789251844,0
2434,0167,0,2026-04-24 07:17:50,0.3464699683877766,0
2435,0168,0,2026-04-24 07:17:50,0.1401475237091676,0
2436,0169,0,2026-04-24 07:17:50,0.5245521601685985,0
2437,0174,0,2026-04-24 07:17:50,0.3464699683877766,0
2438,0176,0,2026-04-24 07:17:50,0.2061116965226554,0
2439,0183,0,2026-04-24 07:17:50,0.3464699683877766,0
2440,0186,0,2026-04-24 07:17:50,0.3464699683877766,0
2441,0187,0,2026-04-24 07:17:50,0.0697576396206533,0
2442,0196,0,2026-04-24 07:17:50,0.0697576396206533,0
2443,0197,0,2026-04-24 07:17:50,1.0000000000000000,0
2444,0204,0,2026-04-24 07:17:50,0.7696522655426765,0
2445,0208,0,2026-04-24 07:17:50,0.4309799789251844,0
2446,0210,0,2026-04-24 07:17:50,0.4309799789251844,0
2447,0217,0,2026-04-24 07:17:50,0.1401475237091676,0
2448,0225,0,2026-04-24 07:17:50,0.8480505795574289,0
2449,0230,0,2026-04-24 07:17:50,1.0000000000000000,0
2450,0234,0,2026-04-24 07:17:50,0.6554267650158061,0
2451,0235,0,2026-04-24 07:17:50,1.0000000000000000,0
2452,0238,0,2026-04-24 07:17:50,0.1401475237091676,0
2453,0240,0,2026-04-24 07:17:50,0.9205479452054794,0
2454,0245,0,2026-04-24 07:17:50,0.1401475237091676,0
2455,0247,0,2026-04-24 07:17:50,0.3464699683877766,0
2456,0248,0,2026-04-24 07:17:50,0.2798735511064278,0
2457,0251,0,2026-04-24 07:17:50,0.4309799789251844,0
2458,0252,0,2026-04-24 07:17:50,0.3464699683877766,0
2459,0253,0,2026-04-24 07:17:50,0.4309799789251844,0
2460,0256,0,2026-04-24 07:17:50,1.0000000000000000,0
2461,0258,0,2026-04-24 07:17:50,0.0697576396206533,0
2462,0259,0,2026-04-24 07:17:50,1.0000000000000000,0
2463,0266,0,2026-04-24 07:17:50,0.6554267650158061,0
2464,0267,0,2026-04-24 07:17:50,0.5245521601685985,0
2465,0270,0,2026-04-24 07:17:50,0.0697576396206533,0
2466,0277,0,2026-04-24 07:17:50,0.3464699683877766,0
2467,0282,0,2026-04-24 07:17:50,1.0000000000000000,0
2468,0287,0,2026-04-24 07:17:50,0.8480505795574289,0
2469,0289,0,2026-04-24 07:17:50,1.0000000000000000,0
2470,0294,0,2026-04-24 07:17:50,0.8480505795574289,0
2471,0298,0,2026-04-24 07:17:50,0.8480505795574289,0
2472,0301,0,2026-04-24 07:17:50,0.0697576396206533,0
2473,0302,0,2026-04-24 07:17:50,0.5245521601685985,0
2474,0319,0,2026-04-24 07:17:50,0.5924130663856692,0
2475,0327,0,2026-04-24 07:17:50,0.6554267650158061,0
2476,0333,0,2026-04-24 07:17:50,0.3464699683877766,0
2477,0335,0,2026-04-24 07:17:50,0.1401475237091676,0
2478,0336,0,2026-04-24 07:17:50,0.2798735511064278,0
2479,0341,0,2026-04-24 07:17:50,0.4309799789251844,0
2480,0347,0,2026-04-24 07:17:50,0.0697576396206533,0
2481,0357,0,2026-04-24 07:17:50,0.8480505795574289,0
2482,0358,0,2026-04-24 07:17:50,0.2061116965226554,0
2483,0363,0,2026-04-24 07:17:50,0.1401475237091676,0
2484,0364,0,2026-04-24 07:17:50,0.5245521601685985,0
2485,0367,0,2026-04-24 07:17:50,0.5924130663856692,0
2486,0368,0,2026-04-24 07:17:50,0.0697576396206533,0
2487,0377,0,2026-04-24 07:17:50,0.6554267650158061,0
2488,0378,0,2026-04-24 07:17:50,0.6554267650158061,0
2489,0382,0,2026-04-24 07:17:50,0.9205479452054794,0
2490,0384,0,2026-04-24 07:17:50,0.4309799789251844,0
2491,0389,0,2026-04-24 07:17:50,0.0697576396206533,0
2492,0390,0,2026-04-24 07:17:50,0.4309799789251844,0
2493,0395,0,2026-04-24 07:17:50,0.5245521601685985,0
2494,0396,0,2026-04-24 07:17:50,0.7696522655426765,0
2495,0397,0,2026-04-24 07:17:50,1.0000000000000000,0
2496,0398,0,2026-04-24 07:17:50,0.5924130663856692,0
2497,0399,0,2026-04-24 07:17:50,0.1401475237091676,0
2498,0409,0,2026-04-24 07:17:50,0.5924130663856692,0
2499,0412,0,2026-04-24 07:17:50,0.2061116965226554,0
2500,0416,0,2026-04-24 07:17:50,0.8480505795574289,0
2501,0418,0,2026-04-24 07:17:50,0.0697576396206533,0
2502,0426,0,2026-04-24 07:17:50,0.8480505795574289,0
2503,0436,0,2026-04-24 07:17:50,0.8480505795574289,0
2504,0437,0,2026-04-24 07:17:50,0.0697576396206533,0
2505,0439,0,2026-04-24 07:17:50,0.7696522655426765,0
2506,0441,0,2026-04-24 07:17:50,0.5245521601685985,0
2507,0444,0,2026-04-24 07:17:50,0.7696522655426765,0
2508,0448,0,2026-04-24 07:17:50,0.5245521601685985,0
2509,0450,0,2026-04-24 07:17:50,0.2798735511064278,0
2510,0451,0,2026-04-24 07:17:50,0.2798735511064278,0
2511,0453,0,2026-04-24 07:17:50,0.1401475237091676,0
2512,0454,0,2026-04-24 07:17:50,0.8480505795574289,0
2513,0456,0,2026-04-24 07:17:50,0.7696522655426765,0
2514,0461,0,2026-04-24 07:17:50,0.1401475237091676,0
2515,0471,0,2026-04-24 07:17:50,0.7696522655426765,0
2516,0489,0,2026-04-24 07:17:50,1.0000000000000000,0
2517,0494,0,2026-04-24 07:17:50,1.0000000000000000,0
2518,0497,0,2026-04-24 07:17:50,1.0000000000000000,0
2519,0498,0,2026-04-24 07:17:50,0.2798735511064278,0
2520,0502,0,2026-04-24 07:17:50,0.0697576396206533,0
2521,0504,0,2026-04-24 07:17:50,0.2061116965226554,0
2522,0508,0,2026-04-24 07:17:50,0.2061116965226554,0
2523,0516,0,2026-04-24 07:17:50,0.1401475237091676,0
2524,0519,0,2026-04-24 07:17:50,0.9205479452054794,0
2525,0524,0,2026-04-24 07:17:50,0.5245521601685985,0
2526,0525,0,2026-04-24 07:17:50,0.3464699683877766,0
2527,0527,0,2026-04-24 07:17:50,0.7696522655426765,0
2528,0528,0,2026-04-24 07:17:50,0.8480505795574289,0
2529,0541,0,2026-04-24 07:17:50,0.5924130663856692,0
2530,0544,0,2026-04-24 07:17:50,1.0000000000000000,0
2531,0551,0,2026-04-24 07:17:50,0.1401475237091676,0
2532,0553,0,2026-04-24 07:17:50,0.1401475237091676,0
2533,0554,0,2026-04-24 07:17:50,0.5245521601685985,0
2534,0557,0,2026-04-24 07:17:50,0.7696522655426765,0
2535,0558,0,2026-04-24 07:17:50,0.5245521601685985,0
2536,0563,0,2026-04-24 07:17:50,0.9205479452054794,0
2537,0564,0,2026-04-24 07:17:50,0.4309799789251844,0
2538,0565,0,2026-04-24 07:17:50,0.2798735511064278,0
2539,0569,0,2026-04-24 07:17:50,0.3464699683877766,0
2540,0573,0,2026-04-24 07:17:50,0.8480505795574289,0
2541,0578,0,2026-04-24 07:17:50,0.5245521601685985,0
2542,0581,0,2026-04-24 07:17:50,0.8480505795574289,0
2543,0584,0,2026-04-24 07:17:50,0.2798735511064278,0
2544,0591,0,2026-04-24 07:17:50,0.4309799789251844,0
2545,0597,0,2026-04-24 07:17:50,0.2798735511064278,0
2546,0604,0,2026-04-24 07:17:50,0.5245521601685985,0
2547,0609,0,2026-04-24 07:17:50,0.5924130663856692,0
2548,0614,0,2026-04-24 07:17:50,0.4309799789251844,0
2549,0617,0,2026-04-24 07:17:50,0.7696522655426765,0
2550,0625,0,2026-04-24 07:17:50,0.5924130663856692,0
2551,0628,0,2026-04-24 07:17:50,0.8480505795574289,0
2552,0629,0,2026-04-24 07:17:50,0.0697576396206533,0
2553,0638,0,2026-04-24 07:17:50,0.4309799789251844,0
2554,0645,0,2026-04-24 07:17:50,0.8480505795574289,0
2555,0646,0,2026-04-24 07:17:50,1.0000000000000000,0
2556,0655,0,2026-04-24 07:17:50,0.1401475237091676,0
2557,0659,0,2026-04-24 07:17:50,0.9205479452054794,0
2558,0663,0,2026-04-24 07:17:50,0.7696522655426765,0
2559,0667,0,2026-04-24 07:17:50,0.1401475237091676,0
2560,0669,0,2026-04-24 07:17:50,0.0697576396206533,0
2561,0672,0,2026-04-24 07:17:50,0.2798735511064278,0
2562,0673,0,2026-04-24 07:17:50,0.7696522655426765,0
2563,0674,0,2026-04-24 07:17:50,0.5924130663856692,0
2564,0679,0,2026-04-24 07:17:50,0.4309799789251844,0
2565,0685,0,2026-04-24 07:17:50,0.2061116965226554,0
2566,0687,0,2026-04-24 07:17:50,0.3464699683877766,0
2567,0688,0,2026-04-24 07:17:50,0.2798735511064278,0
2568,0697,0,2026-04-24 07:17:50,0.2798735511064278,0
2569,0700,0,2026-04-24 07:17:50,0.6554267650158061,0
2570,0702,0,2026-04-24 07:17:50,0.2798735511064278,0
2571,0707,0,2026-04-24 07:17:50,0.9205479452054794,0
2572,0708,0,2026-04-24 07:17:50,0.8480505795574289,0
2573,0713,0,2026-04-24 07:17:50,0.5924130663856692,0
2574,0722,0,2026-04-24 07:17:50,0.3464699683877766,0
2575,0723,0,2026-04-24 07:17:50,0.6554267650158061,0
2576,0725,0,2026-04-24 07:17:50,0.3464699683877766,0
2577,0728,0,2026-04-24 07:17:50,0.1401475237091676,0
2578,0729,0,2026-04-24 07:17:50,0.2061116965226554,0
2579,0735,0,2026-04-24 07:17:50,0.5924130663856692,0
2580,0743,0,2026-04-24 07:17:50,0.3464699683877766,0
2581,0744,0,2026-04-24 07:17:50,0.9205479452054794,0
2582,0758,0,2026-04-24 07:17:50,0.3464699683877766,0
2583,0764,0,2026-04-24 07:17:50,0.6554267650158061,0
2584,0765,0,2026-04-24 07:17:50,0.9205479452054794,0
2585,0766,0,2026-04-24 07:17:50,0.9205479452054794,0
2586,0768,0,2026-04-24 07:17:50,0.1401475237091676,0
2587,0776,0,2026-04-24 07:17:50,0.1401475237091676,0
2588,0777,0,2026-04-24 07:17:50,0.4309799789251844,0
2589,0781,0,2026-04-24 07:17:50,0.8480505795574289,0
2590,0782,0,2026-04-24 07:17:50,0.2798735511064278,0
2591,0784,0,2026-04-24 07:17:50,0.3464699683877766,0
2592,0785,0,2026-04-24 07:17:50,0.0697576396206533,0
2593,0790,0,2026-04-24 07:17:50,0.6554267650158061,0
2594,0792,0,2026-04-24 07:17:50,0.2061116965226554,0
2595,0795,0,2026-04-24 07:17:50,0.5245521601685985,0
2596,0804,0,2026-04-24 07:17:50,0.8480505795574289,0
2597,0807,0,2026-04-24 07:17:50,0.2798735511064278,0
2598,0810,0,2026-04-24 07:17:50,0.7696522655426765,0
2599,0815,0,2026-04-24 07:17:50,0.6554267650158061,0
2600,0818,0,2026-04-24 07:17:50,0.6554267650158061,0
2601,0820,0,2026-04-24 07:17:50,0.4309799789251844,0
2602,0823,0,2026-04-24 07:17:50,0.0697576396206533,0
2603,0828,0,2026-04-24 07:17:50,0.7696522655426765,0
2604,0833,0,2026-04-24 07:17:50,0.7696522655426765,0
2605,0836,0,2026-04-24 07:17:50,0.0697576396206533,0
2606,0845,0,2026-04-24 07:17:50,0.4309799789251844,0
2607,0848,0,2026-04-24 07:17:50,0.0697576396206533,0
2608,0858,0,2026-04-24 07:17:50,0.5924130663856692,0
2609,0861,0,2026-04-24 07:17:50,0.5245521601685985,0
2610,0868,0,2026-04-24 07:17:50,0.5245521601685985,0
2611,0871,0,2026-04-24 07:17:50,0.7696522655426765,0
2612,0873,0,2026-04-24 07:17:50,0.2061116965226554,0
2613,0875,0,2026-04-24 07:17:50,0.2798735511064278,0
2614,0877,0,2026-04-24 07:17:50,0.2798735511064278,0
2615,0882,0,2026-04-24 07:17:50,0.4309799789251844,0
2616,0883,0,2026-04-24 07:17:50,0.9205479452054794,0
2617,0886,0,2026-04-24 07:17:50,0.9205479452054794,0
2618,0887,0,2026-04-24 07:17:50,0.0697576396206533,0
2619,0890,0,2026-04-24 07:17:50,0.9205479452054794,0
2620,0891,0,2026-04-24 07:17:50,0.6554267650158061,0
2621,0893,0,2026-04-24 07:17:50,0.7696522655426765,0
2622,0895,0,2026-04-24 07:17:50,1.0000000000000000,0
2623,0897,0,2026-04-24 07:17:50,0.4309799789251844,0
2624,0898,0,2026-04-24 07:17:50,0.8480505795574289,0
2625,0902,0,2026-04-24 07:17:50,0.4309799789251844,0
2626,0907,0,2026-04-24 07:17:50,0.5924130663856692,0
2627,0909,0,2026-04-24 07:17:50,0.3464699683877766,0
2628,0913,0,2026-04-24 07:17:50,0.3464699683877766,0
2629,0915,0,2026-04-24 07:17:50,0.7696522655426765,0
2630,0916,0,2026-04-24 07:17:50,0.8480505795574289,0
2631,0919,0,2026-04-24 07:17:50,0.6554267650158061,0
2632,0922,0,2026-04-24 07:17:50,1.0000000000000000,0
2633,0923,0,2026-04-24 07:17:50,0.0697576396206533,0
2634,0928,0,2026-04-24 07:17:50,0.9205479452054794,0
2635,0929,0,2026-04-24 07:17:50,0.7696522655426765,0
2636,0933,0,2026-04-24 07:17:50,0.3464699683877766,0
2637,0934,0,2026-04-24 07:17:50,0.1401475237091676,0
2638,0937,0,2026-04-24 07:17:50,1.0000000000000000,1
2639,0939,0,2026-04-24 07:17:50,0.5245521601685985,0
2640,0942,0,2026-04-24 07:17:50,1.0000000000000000,0
2641,0944,0,2026-04-24 07:17:50,0.6554267650158061,0
2642,0948,0,2026-04-24 07:17:50,0.1401475237091676,0
2643,0956,0,2026-04-24 07:17:50,0.9205479452054794,0
2644,0958,0,2026-04-24 07:17:50,0.8480505795574289,0
2645,0964,0,2026-04-24 07:17:50,0.9205479452054794,0
2646,0965,0,2026-04-24 07:17:50,0.2798735511064278,0
2647,0968,0,2026-04-24 07:17:50,0.9205479452054794,0
2648,0970,0,2026-04-24 07:17:50,0.1401475237091676,0
2649,0972,0,2026-04-24 07:17:50,0.5245521601685985,0
2650,0976,0,2026-04-24 07:17:50,0.6554267650158061,0
2651,0980,0,2026-04-24 07:17:50,0.3464699683877766,0
2652,0987,0,2026-04-24 07:17:50,1.0000000000000000,0
2653,0989,0,2026-04-24 07:17:50,0.5924130663856692,0
2654,0990,0,2026-04-24 07:17:50,0.7696522655426765,0
2655,0992,0,2026-04-24 07:17:50,1.0000000000000000,0
2656,0998,0,2026-04-24 07:17:50,0.7696522655426765,0
2657,0999,0,2026-04-24 07:17:50,0.5245521601685985,0
2658,0001,0,2026-04-24 07:18:00,0.2061116965226554,0
2659,0003,0,2026-04-24 07:18:00,0.5245521601685985,0
2660,0011,0,2026-04-24 07:18:00,0.8480505795574289,0
2661,0018,0,2026-04-24 07:18:00,0.2061116965226554,0
2662,0019,0,2026-04-24 07:18:00,0.5924130663856692,0
2663,0021,0,2026-04-24 07:18:00,0.8480505795574289,0
2664,0022,0,2026-04-24 07:18:00,0.7696522655426765,0
2665,0023,0,2026-04-24 07:18:00,0.8480505795574289,0
2666,0031,0,2026-04-24 07:18:00,0.7696522655426765,0
2667,0032,0,2026-04-24 07:18:00,0.8480505795574289,0
2668,0035,0,2026-04-24 07:18:00,0.2061116965226554,0
2669,0041,0,2026-04-24 07:18:00,0.4309799789251844,0
2670,0042,0,2026-04-24 07:18:00,0.7696522655426765,0
2671,0046,0,2026-04-24 07:18:00,1.0000000000000000,0
2672,0048,0,2026-04-24 07:18:00,0.6554267650158061,0
2673,0050,0,2026-04-24 07:18:00,0.4309799789251844,0
2674,0051,0,2026-04-24 07:18:00,0.7696522655426765,0
2675,0059,0,2026-04-24 07:18:00,0.2061116965226554,0
2676,0060,0,2026-04-24 07:18:00,0.0697576396206533,0
2677,0062,0,2026-04-24 07:18:00,0.5245521601685985,0
2678,0070,0,2026-04-24 07:18:00,0.5245521601685985,0
2679,0073,0,2026-04-24 07:18:00,0.2061116965226554,0
2680,0081,0,2026-04-24 07:18:00,0.3464699683877766,0
2681,0085,0,2026-04-24 07:18:00,0.3464699683877766,0
2682,0088,0,2026-04-24 07:18:00,0.8480505795574289,0
2683,0092,0,2026-04-24 07:18:00,0.4309799789251844,0
2684,0096,0,2026-04-24 07:18:00,0.5924130663856692,0
2685,0104,0,2026-04-24 07:18:00,0.5245521601685985,0
2686,0105,0,2026-04-24 07:18:00,0.6554267650158061,0
2687,0107,0,2026-04-24 07:18:00,0.0697576396206533,0
2688,0109,0,2026-04-24 07:18:00,0.6554267650158061,0
2689,0111,0,2026-04-24 07:18:00,1.0000000000000000,0
2690,0119,0,2026-04-24 07:18:00,0.9205479452054794,0
2691,0120,0,2026-04-24 07:18:00,0.4309799789251844,0
2692,0125,0,2026-04-24 07:18:00,0.3464699683877766,0
2693,0127,0,2026-04-24 07:18:00,0.2061116965226554,0
2694,0141,0,2026-04-24 07:18:00,0.2798735511064278,0
2695,0145,0,2026-04-24 07:18:00,1.0000000000000000,0
2696,0146,0,2026-04-24 07:18:00,0.1401475237091676,0
2697,0153,0,2026-04-24 07:18:00,0.7696522655426765,0
2698,0158,0,2026-04-24 07:18:00,0.2061116965226554,0
2699,0162,0,2026-04-24 07:18:00,0.4309799789251844,0
2700,0167,0,2026-04-24 07:18:00,0.3464699683877766,0
2701,0168,0,2026-04-24 07:18:00,0.1401475237091676,0
2702,0169,0,2026-04-24 07:18:00,0.5245521601685985,0
2703,0174,0,2026-04-24 07:18:00,0.3464699683877766,0
2704,0176,0,2026-04-24 07:18:00,0.2061116965226554,0
2705,0183,0,2026-04-24 07:18:00,0.3464699683877766,0
2706,0186,0,2026-04-24 07:18:00,0.3464699683877766,0
2707,0187,0,2026-04-24 07:18:00,0.0697576396206533,0
2708,0196,0,2026-04-24 07:18:00,0.0697576396206533,0
2709,0197,0,2026-04-24 07:18:00,1.0000000000000000,0
2710,0204,0,2026-04-24 07:18:00,0.7696522655426765,0
2711,0208,0,2026-04-24 07:18:00,0.4309799789251844,0
2712,0210,0,2026-04-24 07:18:00,0.4309799789251844,0
2713,0217,0,2026-04-24 07:18:00,0.1401475237091676,0
2714,0225,0,2026-04-24 07:18:00,0.8480505795574289,0
2715,0230,0,2026-04-24 07:18:00,1.0000000000000000,0
2716,0234,0,2026-04-24 07:18:00,0.6554267650158061,0
2717,0235,0,2026-04-24 07:18:00,1.0000000000000000,0
2718,0238,0,2026-04-24 07:18:00,0.1401475237091676,0
2719,0238,0,2026-04-24 07:18:00,0.1401475237091676,0
2720,0240,0,2026-04-24 07:18:00,0.9205479452054794,0
2721,0245,0,2026-04-24 07:18:00,0.1401475237091676,0
2722,0247,0,2026-04-24 07:18:00,0.3464699683877766,0
2723,0248,0,2026-04-24 07:18:00,0.2798735511064278,0
2724,0251,0,2026-04-24 07:18:00,0.4309799789251844,0
2725,0252,0,2026-04-24 07:18:00,0.3464699683877766,0
2726,0253,0,2026-04-24 07:18:00,0.4309799789251844,0
2727,0256,0,2026-04-24 07:18:00,1.0000000000000000,0
2728,0258,0,2026-04-24 07:18:00,0.0697576396206533,0
2729,0259,0,2026-04-24 07:18:00,1.0000000000000000,0
2730,0266,0,2026-04-24 07:18:00,0.6554267650158061,0
2731,0267,0,2026-04-24 07:18:00,0.5245521601685985,0
2732,0270,0,2026-04-24 07:18:00,0.0697576396206533,0
2733,0277,0,2026-04-24 07:18:00,0.3464699683877766,0
2734,0282,0,2026-04-24 07:18:00,1.0000000000000000,0
2735,0287,0,2026-04-24 07:18:00,0.8480505795574289,0
2736,0289,0,2026-04-24 07:18:00,1.0000000000000000,0
2737,0294,0,2026-04-24 07:18:00,0.8480505795574289,0
2738,0298,0,2026-04-24 07:18:00,0.8480505795574289,0
2739,0301,0,2026-04-24 07:18:00,0.0697576396206533,0
2740,0302,0,2026-04-24 07:18:00,0.5245521601685985,0
2741,0319,0,2026-04-24 07:18:00,0.5924130663856692,0
2742,0327,0,2026-04-24 07:18:00,0.6554267650158061,0
2743,0333,0,2026-04-24 07:18:00,0.3464699683877766,0
2744,0335,0,2026-04-24 07:18:00,0.1401475237091676,0
2745,0336,0,2026-04-24 07:18:00,0.2798735511064278,0
2746,0341,0,2026-04-24 07:18:00,0.4309799789251844,0
2747,0347,0,2026-04-24 07:18:00,0.0697576396206533,0
2748,0357,0,2026-04-24 07:18:00,0.8480505795574289,0
2749,0358,0,2026-04-24 07:18:00,0.2061116965226554,0
2750,0363,0,2026-04-24 07:18:00,0.1401475237091676,0
2751,0364,0,2026-04-24 07:18:00,0.5245521601685985,0
2752,0367,0,2026-04-24 07:18:00,0.5924130663856692,0
2753,0368,0,2026-04-24 07:18:00,0.0697576396206533,0
2754,0377,0,2026-04-24 07:18:00,0.6554267650158061,0
2755,0378,0,2026-04-24 07:18:00,0.6554267650158061,0
2756,0382,0,2026-04-24 07:18:00,0.9205479452054794,0
2757,0384,0,2026-04-24 07:18:00,0.4309799789251844,0
2758,0389,0,2026-04-24 07:18:00,0.0697576396206533,0
2759,0390,0,2026-04-24 07:18:00,0.4309799789251844,0
2760,0395,0,2026-04-24 07:18:00,0.5245521601685985,0
2761,0396,0,2026-04-24 07:18:00,0.7696522655426765,0
2762,0397,0,2026-04-24 07:18:00,1.0000000000000000,0
2763,0398,0,2026-04-24 07:18:00,0.5924130663856692,0
2764,0399,0,2026-04-24 07:18:00,0.1401475237091676,0
2765,0399,0,2026-04-24 07:18:00,0.1401475237091676,0
2766,0409,0,2026-04-24 07:18:00,0.5924130663856692,0
2767,0412,0,2026-04-24 07:18:00,0.2061116965226554,0
2768,0416,0,2026-04-24 07:18:00,0.8480505795574289,0
2769,0418,0,2026-04-24 07:18:00,0.0697576396206533,0
2770,0426,0,2026-04-24 07:18:00,0.8480505795574289,0
2771,0436,0,2026-04-24 07:18:00,0.8480505795574289,0
2772,0437,0,2026-04-24 07:18:00,0.0697576396206533,0
2773,0439,0,2026-04-24 07:18:00,0.7696522655426765,0
2774,0441,0,2026-04-24 07:18:00,0.5245521601685985,0
2775,0444,0,2026-04-24 07:18:00,0.7696522655426765,0
2776,0448,0,2026-04-24 07:18:00,0.5245521601685985,0
2777,0450,0,2026-04-24 07:18:00,0.2798735511064278,0
2778,0451,0,2026-04-24 07:18:00,0.2798735511064278,0
2779,0453,0,2026-04-24 07:18:00,0.1401475237091676,0
2780,0454,0,2026-04-24 07:18:00,0.8480505795574289,0
2781,0456,0,2026-04-24 07:18:00,0.7696522655426765,0
2782,0461,0,2026-04-24 07:18:00,0.1401475237091676,0
2783,0471,0,2026-04-24 07:18:00,0.7696522655426765,0
2784,0489,0,2026-04-24 07:18:00,1.0000000000000000,0
2785,0489,0,2026-04-24 07:18:00,1.0000000000000000,0
2786,0494,0,2026-04-24 07:18:00,1.0000000000000000,0
2787,0497,0,2026-04-24 07:18:00,1.0000000000000000,0
2788,0498,0,2026-04-24 07:18:00,0.2798735511064278,0
2789,0498,0,2026-04-24 07:18:00,0.2798735511064278,0
2790,0502,0,2026-04-24 07:18:00,0.0697576396206533,0
2791,0504,0,2026-04-24 07:18:00,0.2061116965226554,0
2792,0508,0,2026-04-24 07:18:00,0.2061116965226554,0
2793,0516,0,2026-04-24 07:18:00,0.1401475237091676,0
2794,0519,0,2026-04-24 07:18:00,0.9205479452054794,0
2795,0524,0,2026-04-24 07:18:00,0.5245521601685985,0
2796,0525,0,2026-04-24 07:18:00,0.3464699683877766,0
2797,0527,0,2026-04-24 07:18:00,0.7696522655426765,0
2798,0527,0,2026-04-24 07:18:00,0.7696522655426765,0
2799,0528,0,2026-04-24 07:18:00,0.8480505795574289,0
2800,0541,0,2026-04-24 07:18:00,0.5924130663856692,0
2801,0544,0,2026-04-24 07:18:00,1.0000000000000000,0
2802,0551,0,2026-04-24 07:18:00,0.1401475237091676,0
2803,0553,0,2026-04-24 07:18:00,0.1401475237091676,0
2804,0554,0,2026-04-24 07:18:00,0.5245521601685985,0
2805,0557,0,2026-04-24 07:18:00,0.7696522655426765,0
2806,0558,0,2026-04-24 07:18:00,0.5245521601685985,0
2807,0563,0,2026-04-24 07:18:00,0.9205479452054794,0
2808,0564,0,2026-04-24 07:18:00,0.4309799789251844,0
2809,0565,0,2026-04-24 07:18:00,0.2798735511064278,0
2810,0569,0,2026-04-24 07:18:00,0.3464699683877766,0
2811,0573,0,2026-04-24 07:18:00,0.8480505795574289,0
2812,0578,0,2026-04-24 07:18:00,0.5245521601685985,0
2813,0581,0,2026-04-24 07:18:00,0.8480505795574289,0
2814,0584,0,2026-04-24 07:18:00,0.2798735511064278,0
2815,0591,0,2026-04-24 07:18:00,0.4309799789251844,0
2816,0597,0,2026-04-24 07:18:00,0.2798735511064278,0
2817,0604,0,2026-04-24 07:18:00,0.5245521601685985,0
2818,0609,0,2026-04-24 07:18:00,0.5924130663856692,0
2819,0614,0,2026-04-24 07:18:00,0.4309799789251844,0
2820,0617,0,2026-04-24 07:18:00,0.7696522655426765,0
2821,0625,0,2026-04-24 07:18:00,0.5924130663856692,0
2822,0628,0,2026-04-24 07:18:00,0.8480505795574289,0
2823,0629,0,2026-04-24 07:18:00,0.0697576396206533,0
2824,0638,0,2026-04-24 07:18:00,0.4309799789251844,0
2825,0645,0,2026-04-24 07:18:00,0.8480505795574289,0
2826,0646,0,2026-04-24 07:18:00,1.0000000000000000,0
2827,0655,0,2026-04-24 07:18:00,0.1401475237091676,0
2828,0659,0,2026-04-24 07:18:00,0.9205479452054794,0
2829,0663,0,2026-04-24 07:18:00,0.7696522655426765,0
2830,0667,0,2026-04-24 07:18:00,0.1401475237091676,0
2831,0669,0,2026-04-24 07:18:00,0.0697576396206533,0
2832,0672,0,2026-04-24 07:18:00,0.2798735511064278,0
2833,0673,0,2026-04-24 07:18:00,0.7696522655426765,0
2834,0674,0,2026-04-24 07:18:00,0.5924130663856692,0
2835,0679,0,2026-04-24 07:18:00,0.4309799789251844,0
2836,0685,0,2026-04-24 07:18:00,0.2061116965226554,0
2837,0687,0,2026-04-24 07:18:00,0.3464699683877766,0
2838,0688,0,2026-04-24 07:18:00,0.2798735511064278,0
2839,0697,0,2026-04-24 07:18:00,0.2798735511064278,0
2840,0700,0,2026-04-24 07:18:00,0.6554267650158061,0
2841,0702,0,2026-04-24 07:18:00,0.2798735511064278,0
2842,0707,0,2026-04-24 07:18:00,0.9205479452054794,0
2843,0708,0,2026-04-24 07:18:00,0.8480505795574289,0
2844,0713,0,2026-04-24 07:18:00,0.5924130663856692,0
2845,0722,0,2026-04-24 07:18:00,0.3464699683877766,0
2846,0723,0,2026-04-24 07:18:00,0.6554267650158061,0
2847,0725,0,2026-04-24 07:18:00,0.3464699683877766,0
2848,0728,0,2026-04-24 07:18:00,0.1401475237091676,0
2849,0729,0,2026-04-24 07:18:00,0.2061116965226554,0
2850,0735,0,2026-04-24 07:18:00,0.5924130663856692,0
2851,0743,0,2026-04-24 07:18:00,0.3464699683877766,0
2852,0744,0,2026-04-24 07:18:00,0.9205479452054794,0
2853,0758,0,2026-04-24 07:18:00,0.3464699683877766,0
2854,0764,0,2026-04-24 07:18:00,0.6554267650158061,0
2855,0765,0,2026-04-24 07:18:00,0.9205479452054794,0
2856,0766,0,2026-04-24 07:18:00,0.9205479452054794,0
2857,0768,0,2026-04-24 07:18:00,0.1401475237091676,0
2858,0776,0,2026-04-24 07:18:00,0.1401475237091676,0
2859,0777,0,2026-04-24 07:18:00,0.4309799789251844,0
2860,0781,0,2026-04-24 07:18:00,0.8480505795574289,0
2861,0782,0,2026-04-24 07:18:00,0.2798735511064278,0
2862,0784,0,2026-04-24 07:18:00,0.3464699683877766,0
2863,0785,0,2026-04-24 07:18:00,0.0697576396206533,0
2864,0790,0,2026-04-24 07:18:00,0.6554267650158061,0
2865,0792,0,2026-04-24 07:18:00,0.2061116965226554,0
2866,0795,0,2026-04-24 07:18:00,0.5245521601685985,0
2867,0804,0,2026-04-24 07:18:00,0.8480505795574289,0
2868,0807,0,2026-04-24 07:18:00,0.2798735511064278,0
2869,0810,0,2026-04-24 07:18:00,0.7696522655426765,0
2870,0815,0,2026-04-24 07:18:00,0.6554267650158061,0
2871,0815,0,2026-04-24 07:18:00,0.6554267650158061,0
2872,0818,0,2026-04-24 07:18:00,0.6554267650158061,0
2873,0820,0,2026-04-24 07:18:00,0.4309799789251844,0
2874,0823,0,2026-04-24 07:18:00,0.0697576396206533,0
2875,0828,0,2026-04-24 07:18:00,0.7696522655426765,0
2876,0833,0,2026-04-24 07:18:00,0.7696522655426765,0
2877,0836,0,2026-04-24 07:18:00,0.0697576396206533,0
2878,0845,0,2026-04-24 07:18:00,0.4309799789251844,0
2879,0848,0,2026-04-24 07:18:00,0.0697576396206533,0
2880,0858,0,2026-04-24 07:18:00,0.5924130663856692,0
2881,0861,0,2026-04-24 07:18:00,0.5245521601685985,0
2882,0868,0,2026-04-24 07:18:00,0.5245521601685985,0
2883,0871,0,2026-04-24 07:18:00,0.7696522655426765,0
2884,0873,0,2026-04-24 07:18:00,0.2061116965226554,0
2885,0875,0,2026-04-24 07:18:00,0.2798735511064278,0
2886,0877,0,2026-04-24 07:18:00,0.2798735511064278,0
2887,0882,0,2026-04-24 07:18:00,0.4309799789251844,0
2888,0883,0,2026-04-24 07:18:00,0.9205479452054794,0
2889,0886,0,2026-04-24 07:18:00,0.9205479452054794,0
2890,0887,0,2026-04-24 07:18:00,0.0697576396206533,0
2891,0890,0,2026-04-24 07:18:00,0.9205479452054794,0
2892,0891,0,2026-04-24 07:18:00,0.6554267650158061,0
2893,0893,0,2026-04-24 07:18:00,0.7696522655426765,0
2894,0895,0,2026-04-24 07:18:00,1.0000000000000000,0
2895,0897,0,2026-04-24 07:18:00,0.4309799789251844,0
2896,0898,0,2026-04-24 07:18:00,0.8480505795574289,0
2897,0902,0,2026-04-24 07:18:00,0.4309799789251844,0
2898,0907,0,2026-04-24 07:18:00,0.5924130663856692,0
2899,0909,0,2026-04-24 07:18:00,0.3464699683877766,0
2900,0913,0,2026-04-24 07:18:00,0.3464699683877766,0
2901,0915,0,2026-04-24 07:18:00,0.7696522655426765,0
2902,0916,0,2026-04-24 07:18:00,0.8480505795574289,0
2903,0919,0,2026-04-24 07:18:00,0.6554267650158061,0
2904,0922,0,2026-04-24 07:18:00,1.0000000000000000,0
2905,0923,0,2026-04-24 07:18:00,0.0697576396206533,0
2906,0928,0,2026-04-24 07:18:00,0.9205479452054794,0
2907,0929,0,2026-04-24 07:18:00,0.7696522655426765,0
2908,0933,0,2026-04-24 07:18:00,0.3464699683877766,0
2909,0934,0,2026-04-24 07:18:00,0.1401475237091676,0
2910,0937,0,2026-04-24 07:18:00,1.0000000000000000,0
2911,0939,0,2026-04-24 07:18:00,0.5245521601685985,0
2912,0942,0,2026-04-24 07:18:00,1.0000000000000000,0
2913,0944,0,2026-04-24 07:18:00,0.6554267650158061,0
2914,0948,0,2026-04-24 07:18:00,0.1401475237091676,0
2915,0956,0,2026-04-24 07:18:00,0.9205479452054794,0
2916,0958,0,2026-04-24 07:18:00,0.8480505795574289,0
2917,0964,0,2026-04-24 07:18:00,0.9205479452054794,0
2918,0965,0,2026-04-24 07:18:00,0.2798735511064278,0
2919,0968,0,2026-04-24 07:18:00,0.9205479452054794,0
2920,0970,0,2026-04-24 07:18:00,0.1401475237091676,0
2921,0972,0,2026-04-24 07:18:00,0.5245521601685985,0
2922,0972,0,2026-04-24 07:18:00,0.5245521601685985,0
2923,0976,0,2026-04-24 07:18:00,0.6554267650158061,0
2924,0980,0,2026-04-24 07:18:00,0.3464699683877766,0
2925,0987,0,2026-04-24 07:18:00,1.0000000000000000,0
2926,0989,0,2026-04-24 07:18:00,0.5924130663856692,0
2927,0990,0,2026-04-24 07:18:00,0.7696522655426765,0
2928,0990,0,2026-04-24 07:18:00,0.7696522655426765,0
2929,0992,0,2026-04-24 07:18:00,1.0000000000000000,1
2930,0998,0,2026-04-24 07:18:00,0.7696522655426765,0
2931,0999,0,2026-04-24 07:18:00,0.5245521601685985,0
2932,0001,0,2026-04-24 07:18:10,0.2061116965226554,0
2933,0003,0,2026-04-24 07:18:10,0.5245521601685985,0
2934,0011,0,2026-04-24 07:18:10,0.8480505795574289,0
2935,0018,0,2026-04-24 07:18:10,0.2061116965226554,0
2936,0019,0,2026-04-24 07:18:10,0.5924130663856692,0
2937,0021,0,2026-04-24 07:18:10,0.8480505795574289,0
2938,0022,0,2026-04-24 07:18:10,0.7696522655426765,0
2939,0023,0,2026-04-24 07:18:10,0.8480505795574289,0
2940,0031,0,2026-04-24 07:18:10,0.7696522655426765,0
2941,0032,0,2026-04-24 07:18:10,0.8480505795574289,0
2942,0035,0,2026-04-24 07:18:10,0.2061116965226554,0
2943,0041,0,2026-04-24 07:18:10,0.4309799789251844,0
2944,0042,0,2026-04-24 07:18:10,0.7696522655426765,0
2945,0046,0,2026-04-24 07:18:10,1.0000000000000000,0
2946,0048,0,2026-04-24 07:18:10,0.6554267650158061,0
2947,0050,0,2026-04-24 07:18:10,0.4309799789251844,0
2948,0051,0,2026-04-24 07:18:10,0.7696522655426765,0
2949,0059,0,2026-04-24 07:18:10,0.2061116965226554,0
2950,0060,0,2026-04-24 07:18:10,0.0697576396206533,0
2951,0062,0,2026-04-24 07:18:10,0.5245521601685985,0
2952,0070,0,2026-04-24 07:18:10,0.5245521601685985,0
2953,0073,0,2026-04-24 07:18:10,0.2061116965226554,0
2954,0081,0,2026-04-24 07:18:10,0.3464699683877766,0
2955,0085,0,2026-04-24 07:18:10,0.3464699683877766,0
2956,0088,0,2026-04-24 07:18:10,0.8480505795574289,0
2957,0092,0,2026-04-24 07:18:10,0.4309799789251844,0
2958,0096,0,2026-04-24 07:18:10,0.5924130663856692,0
2959,0104,0,2026-04-24 07:18:10,0.5245521601685985,0
2960,0105,0,2026-04-24 07:18:10,0.6554267650158061,0
2961,0107,0,2026-04-24 07:18:10,0.0697576396206533,0
2962,0109,0,2026-04-24 07:18:10,0.6554267650158061,0
2963,0111,0,2026-04-24 07:18:10,1.0000000000000000,0
2964,0119,0,2026-04-24 07:18:10,0.9205479452054794,0
2965,0120,0,2026-04-24 07:18:10,0.4309799789251844,0
2966,0125,0,2026-04-24 07:18:10,0.3464699683877766,0
2967,0127,0,2026-04-24 07:18:10,0.2061116965226554,0
2968,0141,0,2026-04-24 07:18:10,0.2798735511064278,0
2969,0145,0,2026-04-24 07:18:10,1.0000000000000000,0
2970,0146,0,2026-04-24 07:18:10,0.1401475237091676,0
2971,0153,0,2026-04-24 07:18:10,0.7696522655426765,0
2972,0158,0,2026-04-24 07:18:10,0.2061116965226554,0
2973,0162,0,2026-04-24 07:18:10,0.4309799789251844,0
2974,0167,0,2026-04-24 07:18:10,0.3464699683877766,0
2975,0168,0,2026-04-24 07:18:10,0.1401475237091676,0
2976,0169,0,2026-04-24 07:18:10,0.5245521601685985,0
2977,0174,0,2026-04-24 07:18:10,0.3464699683877766,0
2978,0176,0,2026-04-24 07:18:10,0.2061116965226554,0
2979,0183,0,2026-04-24 07:18:10,0.3464699683877766,0
2980,0186,0,2026-04-24 07:18:10,0.3464699683877766,0
2981,0187,0,2026-04-24 07:18:10,0.0697576396206533,0
2982,0196,0,2026-04-24 07:18:10,0.0697576396206533,0
2983,0197,0,2026-04-24 07:18:10,1.0000000000000000,0
2984,0204,0,2026-04-24 07:18:10,0.7696522655426765,0
2985,0208,0,2026-04-24 07:18:10,0.4309799789251844,0
2986,0210,0,2026-04-24 07:18:10,0.4309799789251844,0
2987,0217,0,2026-04-24 07:18:10,0.1401475237091676,0
2988,0225,0,2026-04-24 07:18:10,0.8480505795574289,0
2989,0230,0,2026-04-24 07:18:10,1.0000000000000000,0
2990,0234,0,2026-04-24 07:18:10,0.6554267650158061,0
2991,0235,0,2026-04-24 07:18:10,1.0000000000000000,0
2992,0238,0,2026-04-24 07:18:10,0.1401475237091676,0
2993,0238,0,2026-04-24 07:18:10,0.1401475237091676,0
2994,0240,0,2026-04-24 07:18:10,0.9205479452054794,0
2995,0245,0,2026-04-24 07:18:10,0.1401475237091676,0
2996,0247,0,2026-04-24 07:18:10,0.3464699683877766,0
2997,0248,0,2026-04-24 07:18:10,0.2798735511064278,0
2998,0251,0,2026-04-24 07:18:10,0.4309799789251844,0
2999,0252,0,2026-04-24 07:18:10,0.3464699683877766,0
3000,0253,0,2026-04-24 07:18:10,0.4309799789251844,0
3001,0256,0,2026-04-24 07:18:10,1.0000000000000000,0
3002,0258,0,2026-04-24 07:18:10,0.0697576396206533,0
3003,0259,0,2026-04-24 07:18:10,1.0000000000000000,0
3004,0266,0,2026-04-24 07:18:10,0.6554267650158061,0
3005,0267,0,2026-04-24 07:18:10,0.5245521601685985,0
3006,0270,0,2026-04-24 07:18:10,0.0697576396206533,0
3007,0277,0,2026-04-24 07:18:10,0.3464699683877766,0
3008,0282,0,2026-04-24 07:18:10,1.0000000000000000,0
3009,0287,0,2026-04-24 07:18:10,0.8480505795574289,0
3010,0289,0,2026-04-24 07:18:10,1.0000000000000000,0
3011,0294,0,2026-04-24 07:18:10,0.8480505795574289,0
3012,0298,0,2026-04-24 07:18:10,0.8480505795574289,0
3013,0301,0,2026-04-24 07:18:10,0.0697576396206533,0
3014,0302,0,2026-04-24 07:18:10,0.5245521601685985,0
3015,0319,0,2026-04-24 07:18:10,0.5924130663856692,0
3016,0327,0,2026-04-24 07:18:10,0.6554267650158061,0
3017,0333,0,2026-04-24 07:18:10,0.3464699683877766,0
3018,0335,0,2026-04-24 07:18:10,0.1401475237091676,0
3019,0336,0,2026-04-24 07:18:10,0.2798735511064278,0
3020,0341,0,2026-04-24 07:18:10,0.4309799789251844,0
3021,0347,0,2026-04-24 07:18:10,0.0697576396206533,0
3022,0357,0,2026-04-24 07:18:10,0.8480505795574289,0
3023,0358,0,2026-04-24 07:18:10,0.2061116965226554,0
3024,0363,0,2026-04-24 07:18:10,0.1401475237091676,0
3025,0364,0,2026-04-24 07:18:10,0.5245521601685985,0
3026,0367,0,2026-04-24 07:18:10,0.5924130663856692,0
3027,0367,0,2026-04-24 07:18:10,0.5924130663856692,0
3028,0368,0,2026-04-24 07:18:10,0.0697576396206533,0
3029,0377,0,2026-04-24 07:18:10,0.6554267650158061,0
3030,0378,0,2026-04-24 07:18:10,0.6554267650158061,0
3031,0382,0,2026-04-24 07:18:10,0.9205479452054794,0
3032,0384,0,2026-04-24 07:18:10,0.4309799789251844,0
3033,0389,0,2026-04-24 07:18:10,0.0697576396206533,0
3034,0390,0,2026-04-24 07:18:10,0.4309799789251844,0
3035,0395,0,2026-04-24 07:18:10,0.5245521601685985,0
3036,0396,0,2026-04-24 07:18:10,0.7696522655426765,0
3037,0397,0,2026-04-24 07:18:10,1.0000000000000000,0
3038,0398,0,2026-04-24 07:18:10,0.5924130663856692,0
3039,0399,0,2026-04-24 07:18:10,0.1401475237091676,0
3040,0399,0,2026-04-24 07:18:10,0.1401475237091676,0
3041,0409,0,2026-04-24 07:18:10,0.5924130663856692,0
3042,0412,0,2026-04-24 07:18:10,0.2061116965226554,0
3043,0416,0,2026-04-24 07:18:10,0.8480505795574289,0
3044,0418,0,2026-04-24 07:18:10,0.0697576396206533,0
3045,0426,0,2026-04-24 07:18:10,0.8480505795574289,0
3046,0436,0,2026-04-24 07:18:10,0.8480505795574289,0
3047,0437,0,2026-04-24 07:18:10,0.0697576396206533,0
3048,0439,0,2026-04-24 07:18:10,0.7696522655426765,0
3049,0441,0,2026-04-24 07:18:10,0.5245521601685985,0
3050,0444,0,2026-04-24 07:18:10,0.7696522655426765,0
3051,0448,0,2026-04-24 07:18:10,0.5245521601685985,0
3052,0450,0,2026-04-24 07:18:10,0.2798735511064278,0
3053,0451,0,2026-04-24 07:18:10,0.2798735511064278,0
3054,0453,0,2026-04-24 07:18:10,0.1401475237091676,0
3055,0454,0,2026-04-24 07:18:10,0.8480505795574289,0
3056,0456,0,2026-04-24 07:18:10,0.7696522655426765,0
3057,0461,0,2026-04-24 07:18:10,0.1401475237091676,0
3058,0471,0,2026-04-24 07:18:10,0.7696522655426765,0
3059,0489,0,2026-04-24 07:18:10,1.0000000000000000,0
3060,0489,0,2026-04-24 07:18:10,1.0000000000000000,0
3061,0494,0,2026-04-24 07:18:10,1.0000000000000000,0
3062,0497,0,2026-04-24 07:18:10,1.0000000000000000,0
3063,0498,0,2026-04-24 07:18:10,0.2798735511064278,0
3064,0498,0,2026-04-24 07:18:10,0.2798735511064278,0
3065,0502,0,2026-04-24 07:18:10,0.0697576396206533,0
3066,0504,0,2026-04-24 07:18:10,0.2061116965226554,0
3067,0508,0,2026-04-24 07:18:10,0.2061116965226554,0
3068,0516,0,2026-04-24 07:18:10,0.1401475237091676,0
3069,0519,0,2026-04-24 07:18:10,0.9205479452054794,0
3070,0524,0,2026-04-24 07:18:10,0.5245521601685985,0
3071,0525,0,2026-04-24 07:18:10,0.3464699683877766,0
3072,0527,0,2026-04-24 07:18:10,0.7696522655426765,0
3073,0527,0,2026-04-24 07:18:10,0.7696522655426765,0
3074,0528,0,2026-04-24 07:18:10,0.8480505795574289,0
3075,0541,0,2026-04-24 07:18:10,0.5924130663856692,0
3076,0544,0,2026-04-24 07:18:10,1.0000000000000000,0
3077,0544,0,2026-04-24 07:18:10,1.0000000000000000,0
3078,0551,0,2026-04-24 07:18:10,0.1401475237091676,0
3079,0553,0,2026-04-24 07:18:10,0.1401475237091676,0
3080,0554,0,2026-04-24 07:18:10,0.5245521601685985,0
3081,0557,0,2026-04-24 07:18:10,0.7696522655426765,0
3082,0558,0,2026-04-24 07:18:10,0.5245521601685985,0
3083,0563,0,2026-04-24 07:18:10,0.9205479452054794,0
3084,0564,0,2026-04-24 07:18:10,0.4309799789251844,0
3085,0565,0,2026-04-24 07:18:10,0.2798735511064278,0
3086,0569,0,2026-04-24 07:18:10,0.3464699683877766,0
3087,0573,0,2026-04-24 07:18:10,0.8480505795574289,0
3088,0578,0,2026-04-24 07:18:10,0.5245521601685985,0
3089,0581,0,2026-04-24 07:18:10,0.8480505795574289,0
3090,0584,0,2026-04-24 07:18:10,0.2798735511064278,0
3091,0591,0,2026-04-24 07:18:10,0.4309799789251844,0
3092,0597,0,2026-04-24 07:18:10,0.2798735511064278,0
3093,0604,0,2026-04-24 07:18:10,0.5245521601685985,0
3094,0609,0,2026-04-24 07:18:10,0.5924130663856692,0
3095,0614,0,2026-04-24 07:18:10,0.4309799789251844,0
3096,0617,0,2026-04-24 07:18:10,0.7696522655426765,0
3097,0625,0,2026-04-24 07:18:10,0.5924130663856692,0
3098,0628,0,2026-04-24 07:18:10,0.8480505795574289,0
3099,0629,0,2026-04-24 07:18:10,0.0697576396206533,0
3100,0638,0,2026-04-24 07:18:10,0.4309799789251844,0
3101,0645,0,2026-04-24 07:18:10,0.8480505795574289,0
3102,0646,0,2026-04-24 07:18:10,1.0000000000000000,0
3103,0655,0,2026-04-24 07:18:10,0.1401475237091676,0
3104,0659,0,2026-04-24 07:18:10,0.9205479452054794,0
3105,0663,0,2026-04-24 07:18:10,0.7696522655426765,0
3106,0667,0,2026-04-24 07:18:10,0.1401475237091676,0
3107,0669,0,2026-04-24 07:18:10,0.0697576396206533,0
3108,0672,0,2026-04-24 07:18:10,0.2798735511064278,0
3109,0673,0,2026-04-24 07:18:10,0.7696522655426765,0
3110,0674,0,2026-04-24 07:18:10,0.5924130663856692,0
3111,0679,0,2026-04-24 07:18:10,0.4309799789251844,0
3112,0685,0,2026-04-24 07:18:10,0.2061116965226554,0
3113,0687,0,2026-04-24 07:18:10,0.3464699683877766,0
3114,0688,0,2026-04-24 07:18:10,0.2798735511064278,0
3115,0697,0,2026-04-24 07:18:10,0.2798735511064278,0
3116,0700,0,2026-04-24 07:18:10,0.6554267650158061,0
3117,0702,0,2026-04-24 07:18:10,0.2798735511064278,0
3118,0707,0,2026-04-24 07:18:10,0.9205479452054794,0
3119,0708,0,2026-04-24 07:18:10,0.8480505795574289,0
3120,0713,0,2026-04-24 07:18:10,0.5924130663856692,0
3121,0722,0,2026-04-24 07:18:10,0.3464699683877766,0
3122,0722,0,2026-04-24 07:18:10,0.3464699683877766,0
3123,0723,0,2026-04-24 07:18:10,0.6554267650158061,0
3124,0725,0,2026-04-24 07:18:10,0.3464699683877766,0
3125,0728,0,2026-04-24 07:18:10,0.1401475237091676,0
3126,0729,0,2026-04-24 07:18:10,0.2061116965226554,0
3127,0735,0,2026-04-24 07:18:10,0.5924130663856692,0
3128,0743,0,2026-04-24 07:18:10,0.3464699683877766,0
3129,0744,0,2026-04-24 07:18:10,0.9205479452054794,0
3130,0758,0,2026-04-24 07:18:10,0.3464699683877766,0
3131,0764,0,2026-04-24 07:18:10,0.6554267650158061,0
3132,0765,0,2026-04-24 07:18:10,0.9205479452054794,0
3133,0766,0,2026-04-24 07:18:10,0.9205479452054794,0
3134,0768,0,2026-04-24 07:18:10,0.1401475237091676,0
3135,0776,0,2026-04-24 07:18:10,0.1401475237091676,0
3136,0777,0,2026-04-24 07:18:10,0.4309799789251844,0
3137,0781,0,2026-04-24 07:18:10,0.8480505795574289,0
3138,0782,0,2026-04-24 07:18:10,0.2798735511064278,0
3139,0784,0,2026-04-24 07:18:10,0.3464699683877766,0
3140,0785,0,2026-04-24 07:18:10,0.0697576396206533,0
3141,0790,0,2026-04-24 07:18:10,0.6554267650158061,0
3142,0792,0,2026-04-24 07:18:10,0.2061116965226554,0
3143,0795,0,2026-04-24 07:18:10,0.5245521601685985,0
3144,0804,0,2026-04-24 07:18:10,0.8480505795574289,0
3145,0807,0,2026-04-24 07:18:10,0.2798735511064278,0
3146,0810,0,2026-04-24 07:18:10,0.7696522655426765,0
3147,0815,0,2026-04-24 07:18:10,0.6554267650158061,0
3148,0815,0,2026-04-24 07:18:10,0.6554267650158061,0
3149,0818,0,2026-04-24 07:18:10,0.6554267650158061,0
3150,0820,0,2026-04-24 07:18:10,0.4309799789251844,0
3151,0823,0,2026-04-24 07:18:10,0.0697576396206533,0
3152,0828,0,2026-04-24 07:18:10,0.7696522655426765,0
3153,0828,0,2026-04-24 07:18:10,0.7696522655426765,0
3154,0833,0,2026-04-24 07:18:10,0.7696522655426765,0
3155,0836,0,2026-04-24 07:18:10,0.0697576396206533,0
3156,0845,0,2026-04-24 07:18:10,0.4309799789251844,0
3157,0848,0,2026-04-24 07:18:10,0.0697576396206533,0
3158,0858,0,2026-04-24 07:18:10,0.5924130663856692,0
3159,0861,0,2026-04-24 07:18:10,0.5245521601685985,0
3160,0868,0,2026-04-24 07:18:10,0.5245521601685985,0
3161,0871,0,2026-04-24 07:18:10,0.7696522655426765,0
3162,0873,0,2026-04-24 07:18:10,0.2061116965226554,0
3163,0875,0,2026-04-24 07:18:10,0.2798735511064278,0
3164,0877,0,2026-04-24 07:18:10,0.2798735511064278,0
3165,0882,0,2026-04-24 07:18:10,0.4309799789251844,0
3166,0883,0,2026-04-24 07:18:10,0.9205479452054794,0
3167,0886,0,2026-04-24 07:18:10,0.9205479452054794,0
3168,0887,0,2026-04-24 07:18:10,0.0697576396206533,0
3169,0890,0,2026-04-24 07:18:10,0.9205479452054794,0
3170,0891,0,2026-04-24 07:18:10,0.6554267650158061,0
3171,0893,0,2026-04-24 07:18:10,0.7696522655426765,0
3172,0895,0,2026-04-24 07:18:10,1.0000000000000000,0
3173,0897,0,2026-04-24 07:18:10,0.4309799789251844,0
3174,0898,0,2026-04-24 07:18:10,0.8480505795574289,0
3175,0902,0,2026-04-24 07:18:10,0.4309799789251844,0
3176,0907,0,2026-04-24 07:18:10,0.5924130663856692,0
3177,0909,0,2026-04-24 07:18:10,0.3464699683877766,0
3178,0913,0,2026-04-24 07:18:10,0.3464699683877766,0
3179,0915,0,2026-04-24 07:18:10,0.7696522655426765,0
3180,0916,0,2026-04-24 07:18:10,0.8480505795574289,0
3181,0919,0,2026-04-24 07:18:10,0.6554267650158061,0
3182,0922,0,2026-04-24 07:18:10,1.0000000000000000,0
3183,0923,0,2026-04-24 07:18:10,0.0697576396206533,0
3184,0928,0,2026-04-24 07:18:10,0.9205479452054794,0
3185,0929,0,2026-04-24 07:18:10,0.7696522655426765,0
3186,0933,0,2026-04-24 07:18:10,0.3464699683877766,0
3187,0934,0,2026-04-24 07:18:10,0.1401475237091676,0
3188,0937,0,2026-04-24 07:18:10,1.0000000000000000,0
3189,0939,0,2026-04-24 07:18:10,0.5245521601685985,0
3190,0942,0,2026-04-24 07:18:10,1.0000000000000000,0
3191,0944,0,2026-04-24 07:18:10,0.6554267650158061,0
3192,0948,0,2026-04-24 07:18:10,0.1401475237091676,0
3193,0956,0,2026-04-24 07:18:10,0.9205479452054794,0
3194,0958,0,2026-04-24 07:18:10,0.8480505795574289,0
3195,0964,0,2026-04-24 07:18:10,0.9205479452054794,0
3196,0965,0,2026-04-24 07:18:10,0.2798735511064278,0
3197,0968,0,2026-04-24 07:18:10,0.9205479452054794,0
3198,0970,0,2026-04-24 07:18:10,0.1401475237091676,0
3199,0972,0,2026-04-24 07:18:10,0.5245521601685985,0
3200,0972,0,2026-04-24 07:18:10,0.5245521601685985,0
3201,0976,0,2026-04-24 07:18:10,0.6554267650158061,0
3202,0980,0,2026-04-24 07:18:10,0.3464699683877766,0
3203,0987,0,2026-04-24 07:18:10,1.0000000000000000,1
3204,0989,0,2026-04-24 07:18:10,0.5924130663856692,0
3205,0990,0,2026-04-24 07:18:10,0.7696522655426765,0
3206,0990,0,2026-04-24 07:18:10,0.7696522655426765,0
3207,0992,0,2026-04-24 07:18:10,1.0000000000000000,0
3208,0998,0,2026-04-24 07:18:10,0.7696522655426765,0
3209,0999,0,2026-04-24 07:18:10,0.5245521601685985,0
3210,0001,0,2026-04-24 07:18:20,0.2061116965226554,0
3211,0003,0,2026-04-24 07:18:20,0.5245521601685985,0
3212,0011,0,2026-04-24 07:18:20,0.8480505795574289,0
3213,0018,0,2026-04-24 07:18:20,0.2061116965226554,0
3214,0019,0,2026-04-24 07:18:20,0.5924130663856692,0
3215,0021,0,2026-04-24 07:18:20,0.8480505795574289,0
3216,0022,0,2026-04-24 07:18:20,0.7696522655426765,0
3217,0023,0,2026-04-24 07:18:20,0.8480505795574289,0
3218,0031,0,2026-04-24 07:18:20,0.7696522655426765,0
3219,0032,0,2026-04-24 07:18:20,0.8480505795574289,0
3220,0035,0,2026-04-24 07:18:20,0.2061116965226554,0
3221,0041,0,2026-04-24 07:18:20,0.4309799789251844,0
3222,0042,0,2026-04-24 07:18:20,0.7696522655426765,0
3223,0046,0,2026-04-24 07:18:20,1.0000000000000000,0
3224,0048,0,2026-04-24 07:18:20,0.6554267650158061,0
3225,0050,0,2026-04-24 07:18:20,0.4309799789251844,0
3226,0051,0,2026-04-24 07:18:20,0.7696522655426765,0
3227,0059,0,2026-04-24 07:18:20,0.2061116965226554,0
3228,0060,0,2026-04-24 07:18:20,0.0697576396206533,0
3229,0062,0,2026-04-24 07:18:20,0.5245521601685985,0
3230,0070,0,2026-04-24 07:18:20,0.5245521601685985,0
3231,0073,0,2026-04-24 07:18:20,0.2061116965226554,0
3232,0081,0,2026-04-24 07:18:20,0.3464699683877766,0
3233,0085,0,2026-04-24 07:18:20,0.3464699683877766,0
3234,0088,0,2026-04-24 07:18:20,0.8480505795574289,0
3235,0092,0,2026-04-24 07:18:20,0.4309799789251844,0
3236,0096,0,2026-04-24 07:18:20,0.5924130663856692,0
3237,0104,0,2026-04-24 07:18:20,0.5245521601685985,0
3238,0105,0,2026-04-24 07:18:20,0.6554267650158061,0
3239,0107,0,2026-04-24 07:18:20,0.0697576396206533,0
3240,0109,0,2026-04-24 07:18:20,0.6554267650158061,0
3241,0111,0,2026-04-24 07:18:20,1.0000000000000000,0
3242,0119,0,2026-04-24 07:18:20,0.9205479452054794,0
3243,0120,0,2026-04-24 07:18:20,0.4309799789251844,0
3244,0125,0,2026-04-24 07:18:20,0.3464699683877766,0
3245,0127,0,2026-04-24 07:18:20,0.2061116965226554,0
3246,0141,0,2026-04-24 07:18:20,0.2798735511064278,0
3247,0145,0,2026-04-24 07:18:20,1.0000000000000000,0
3248,0146,0,2026-04-24 07:18:20,0.1401475237091676,0
3249,0153,0,2026-04-24 07:18:20,0.7696522655426765,0
3250,0158,0,2026-04-24 07:18:20,0.2061116965226554,0
3251,0162,0,2026-04-24 07:18:20,0.4309799789251844,0
3252,0167,0,2026-04-24 07:18:20,0.3464699683877766,0
3253,0168,0,2026-04-24 07:18:20,0.1401475237091676,0
3254,0169,0,2026-04-24 07:18:20,0.5245521601685985,0
3255,0174,0,2026-04-24 07:18:20,0.3464699683877766,0
3256,0176,0,2026-04-24 07:18:20,0.2061116965226554,0
3257,0183,0,2026-04-24 07:18:20,0.3464699683877766,0
3258,0186,0,2026-04-24 07:18:20,0.3464699683877766,0
3259,0187,0,2026-04-24 07:18:20,0.0697576396206533,0
3260,0196,0,2026-04-24 07:18:20,0.0697576396206533,0
3261,0197,0,2026-04-24 07:18:20,1.0000000000000000,0
3262,0204,0,2026-04-24 07:18:20,0.7696522655426765,0
3263,0208,0,2026-04-24 07:18:20,0.4309799789251844,0
3264,0210,0,2026-04-24 07:18:20,0.4309799789251844,0
3265,0217,0,2026-04-24 07:18:20,0.1401475237091676,0
3266,0225,0,2026-04-24 07:18:20,0.8480505795574289,0
3267,0230,0,2026-04-24 07:18:20,1.0000000000000000,0
3268,0234,0,2026-04-24 07:18:20,0.6554267650158061,0
3269,0235,0,2026-04-24 07:18:20,1.0000000000000000,0
3270,0238,0,2026-04-24 07:18:20,0.1401475237091676,0
3271,0238,0,2026-04-24 07:18:20,0.1401475237091676,0
3272,0240,0,2026-04-24 07:18:20,0.9205479452054794,0
3273,0245,0,2026-04-24 07:18:20,0.1401475237091676,0
3274,0247,0,2026-04-24 07:18:20,0.3464699683877766,0
3275,0248,0,2026-04-24 07:18:20,0.2798735511064278,0
3276,0251,0,2026-04-24 07:18:20,0.4309799789251844,0
3277,0252,0,2026-04-24 07:18:20,0.3464699683877766,0
3278,0253,0,2026-04-24 07:18:20,0.4309799789251844,0
3279,0256,0,2026-04-24 07:18:20,1.0000000000000000,0
3280,0258,0,2026-04-24 07:18:20,0.0697576396206533,0
3281,0259,0,2026-04-24 07:18:20,1.0000000000000000,0
3282,0266,0,2026-04-24 07:18:20,0.6554267650158061,0
3283,0267,0,2026-04-24 07:18:20,0.5245521601685985,0
3284,0270,0,2026-04-24 07:18:20,0.0697576396206533,0
3285,0277,0,2026-04-24 07:18:20,0.3464699683877766,0
3286,0282,0,2026-04-24 07:18:20,1.0000000000000000,0
3287,0287,0,2026-04-24 07:18:20,0.8480505795574289,0
3288,0289,0,2026-04-24 07:18:20,1.0000000000000000,0
3289,0294,0,2026-04-24 07:18:20,0.8480505795574289,0
3290,0298,0,2026-04-24 07:18:20,0.8480505795574289,0
3291,0301,0,2026-04-24 07:18:20,0.0697576396206533,0
3292,0302,0,2026-04-24 07:18:20,0.5245521601685985,0
3293,0319,0,2026-04-24 07:18:20,0.5924130663856692,0
3294,0327,0,2026-04-24 07:18:20,0.6554267650158061,0
3295,0333,0,2026-04-24 07:18:20,0.3464699683877766,0
3296,0335,0,2026-04-24 07:18:20,0.1401475237091676,0
3297,0336,0,2026-04-24 07:18:20,0.2798735511064278,0
3298,0341,0,2026-04-24 07:18:20,0.4309799789251844,0
3299,0347,0,2026-04-24 07:18:20,0.0697576396206533,0
3300,0357,0,2026-04-24 07:18:20,0.8480505795574289,0
3301,0358,0,2026-04-24 07:18:20,0.2061116965226554,0
3302,0363,0,2026-04-24 07:18:20,0.1401475237091676,0
3303,0364,0,2026-04-24 07:18:20,0.5245521601685985,0
3304,0367,0,2026-04-24 07:18:20,0.5924130663856692,0
3305,0367,0,2026-04-24 07:18:20,0.5924130663856692,0
3306,0368,0,2026-04-24 07:18:20,0.0697576396206533,0
3307,0377,0,2026-04-24 07:18:20,0.6554267650158061,0
3308,0378,0,2026-04-24 07:18:20,0.6554267650158061,0
3309,0382,0,2026-04-24 07:18:20,0.9205479452054794,0
3310,0384,0,2026-04-24 07:18:20,0.4309799789251844,0
3311,0389,0,2026-04-24 07:18:20,0.0697576396206533,0
3312,0390,0,2026-04-24 07:18:20,0.4309799789251844,0
3313,0395,0,2026-04-24 07:18:20,0.5245521601685985,0
3314,0396,0,2026-04-24 07:18:20,0.7696522655426765,0
3315,0397,0,2026-04-24 07:18:20,1.0000000000000000,0
3316,0398,0,2026-04-24 07:18:20,0.5924130663856692,0
3317,0399,0,2026-04-24 07:18:20,0.1401475237091676,0
3318,0399,0,2026-04-24 07:18:20,0.1401475237091676,0
3319,0409,0,2026-04-24 07:18:20,0.5924130663856692,0
3320,0412,0,2026-04-24 07:18:20,0.2061116965226554,0
3321,0416,0,2026-04-24 07:18:20,0.8480505795574289,0
3322,0418,0,2026-04-24 07:18:20,0.0697576396206533,0
3323,0426,0,2026-04-24 07:18:20,0.8480505795574289,0
3324,0436,0,2026-04-24 07:18:20,0.8480505795574289,0
3325,0437,0,2026-04-24 07:18:20,0.0697576396206533,0
3326,0439,0,2026-04-24 07:18:20,0.7696522655426765,0
3327,0441,0,2026-04-24 07:18:20,0.5245521601685985,0
3328,0444,0,2026-04-24 07:18:20,0.7696522655426765,0
3329,0448,0,2026-04-24 07:18:20,0.5245521601685985,0
3330,0450,0,2026-04-24 07:18:20,0.2798735511064278,0
3331,0451,0,2026-04-24 07:18:20,0.2798735511064278,0
3332,0453,0,2026-04-24 07:18:20,0.1401475237091676,0
3333,0454,0,2026-04-24 07:18:20,0.8480505795574289,0
3334,0456,0,2026-04-24 07:18:20,0.7696522655426765,0
3335,0461,0,2026-04-24 07:18:20,0.1401475237091676,0
3336,0471,0,2026-04-24 07:18:20,0.7696522655426765,0
3337,0489,0,2026-04-24 07:18:20,1.0000000000000000,0
3338,0489,0,2026-04-24 07:18:20,1.0000000000000000,0
3339,0494,0,2026-04-24 07:18:20,1.0000000000000000,0
3340,0497,0,2026-04-24 07:18:20,1.0000000000000000,0
3341,0498,0,2026-04-24 07:18:20,0.2798735511064278,0
3342,0498,0,2026-04-24 07:18:20,0.2798735511064278,0
3343,0502,0,2026-04-24 07:18:20,0.0697576396206533,0
3344,0504,0,2026-04-24 07:18:20,0.2061116965226554,0
3345,0508,0,2026-04-24 07:18:20,0.2061116965226554,0
3346,0516,0,2026-04-24 07:18:20,0.1401475237091676,0
3347,0519,0,2026-04-24 07:18:20,0.9205479452054794,0
3348,0524,0,2026-04-24 07:18:20,0.5245521601685985,0
3349,0525,0,2026-04-24 07:18:20,0.3464699683877766,0
3350,0527,0,2026-04-24 07:18:20,0.7696522655426765,0
3351,0527,0,2026-04-24 07:18:20,0.7696522655426765,0
3352,0528,0,2026-04-24 07:18:20,0.8480505795574289,0
3353,0541,0,2026-04-24 07:18:20,0.5924130663856692,0
3354,0544,0,2026-04-24 07:18:20,1.0000000000000000,0
3355,0544,0,2026-04-24 07:18:20,1.0000000000000000,0
3356,0551,0,2026-04-24 07:18:20,0.1401475237091676,0
3357,0553,0,2026-04-24 07:18:20,0.1401475237091676,0
3358,0554,0,2026-04-24 07:18:20,0.5245521601685985,0
3359,0557,0,2026-04-24 07:18:20,0.7696522655426765,0
3360,0558,0,2026-04-24 07:18:20,0.5245521601685985,0
3361,0563,0,2026-04-24 07:18:20,0.9205479452054794,0
3362,0564,0,2026-04-24 07:18:20,0.4309799789251844,0
3363,0565,0,2026-04-24 07:18:20,0.2798735511064278,0
3364,0569,0,2026-04-24 07:18:20,0.3464699683877766,0
3365,0573,0,2026-04-24 07:18:20,0.8480505795574289,0
3366,0578,0,2026-04-24 07:18:20,0.5245521601685985,0
3367,0581,0,2026-04-24 07:18:20,0.8480505795574289,0
3368,0584,0,2026-04-24 07:18:20,0.2798735511064278,0
3369,0591,0,2026-04-24 07:18:20,0.4309799789251844,0
3370,0597,0,2026-04-24 07:18:20,0.2798735511064278,0
3371,0604,0,2026-04-24 07:18:20,0.5245521601685985,0
3372,0609,0,2026-04-24 07:18:20,0.5924130663856692,0
3373,0614,0,2026-04-24 07:18:20,0.4309799789251844,0
3374,0617,0,2026-04-24 07:18:20,0.7696522655426765,0
3375,0625,0,2026-04-24 07:18:20,0.5924130663856692,0
3376,0628,0,2026-04-24 07:18:20,0.8480505795574289,0
3377,0629,0,2026-04-24 07:18:20,0.0697576396206533,0
3378,0638,0,2026-04-24 07:18:20,0.4309799789251844,0
3379,0645,0,2026-04-24 07:18:20,0.8480505795574289,0
3380,0646,0,2026-04-24 07:18:20,1.0000000000000000,0
3381,0655,0,2026-04-24 07:18:20,0.1401475237091676,0
3382,0659,0,2026-04-24 07:18:20,0.9205479452054794,0
3383,0663,0,2026-04-24 07:18:20,0.7696522655426765,0
3384,0667,0,2026-04-24 07:18:20,0.1401475237091676,0
3385,0669,0,2026-04-24 07:18:20,0.0697576396206533,0
3386,0672,0,2026-04-24 07:18:20,0.2798735511064278,0
3387,0673,0,2026-04-24 07:18:20,0.7696522655426765,0
3388,0674,0,2026-04-24 07:18:20,0.5924130663856692,0
3389,0679,0,2026-04-24 07:18:20,0.4309799789251844,0
3390,0685,0,2026-04-24 07:18:20,0.2061116965226554,0
3391,0687,0,2026-04-24 07:18:20,0.3464699683877766,0
3392,0688,0,2026-04-24 07:18:20,0.2798735511064278,0
3393,0697,0,2026-04-24 07:18:20,0.2798735511064278,0
3394,0700,0,2026-04-24 07:18:20,0.6554267650158061,0
3395,0702,0,2026-04-24 07:18:20,0.2798735511064278,0
3396,0707,0,2026-04-24 07:18:20,0.9205479452054794,0
3397,0708,0,2026-04-24 07:18:20,0.8480505795574289,0
3398,0713,0,2026-04-24 07:18:20,0.5924130663856692,0
3399,0722,0,2026-04-24 07:18:20,0.3464699683877766,0
3400,0722,0,2026-04-24 07:18:20,0.3464699683877766,0
3401,0723,0,2026-04-24 07:18:20,0.6554267650158061,0
3402,0725,0,2026-04-24 07:18:20,0.3464699683877766,0
3403,0728,0,2026-04-24 07:18:20,0.1401475237091676,0
3404,0729,0,2026-04-24 07:18:20,0.2061116965226554,0
3405,0735,0,2026-04-24 07:18:20,0.5924130663856692,0
3406,0743,0,2026-04-24 07:18:20,0.3464699683877766,0
3407,0744,0,2026-04-24 07:18:20,0.9205479452054794,0
3408,0758,0,2026-04-24 07:18:20,0.3464699683877766,0
3409,0764,0,2026-04-24 07:18:20,0.6554267650158061,0
3410,0765,0,2026-04-24 07:18:20,0.9205479452054794,0
3411,0766,0,2026-04-24 07:18:20,0.9205479452054794,0
3412,0768,0,2026-04-24 07:18:20,0.1401475237091676,0
3413,0776,0,2026-04-24 07:18:20,0.1401475237091676,0
3414,0777,0,2026-04-24 07:18:20,0.4309799789251844,0
3415,0781,0,2026-04-24 07:18:20,0.8480505795574289,0
3416,0782,0,2026-04-24 07:18:20,0.2798735511064278,0
3417,0784,0,2026-04-24 07:18:20,0.3464699683877766,0
3418,0785,0,2026-04-24 07:18:20,0.0697576396206533,0
3419,0790,0,2026-04-24 07:18:20,0.6554267650158061,0
3420,0792,0,2026-04-24 07:18:20,0.2061116965226554,0
3421,0795,0,2026-04-24 07:18:20,0.5245521601685985,0
3422,0804,0,2026-04-24 07:18:20,0.8480505795574289,0
3423,0807,0,2026-04-24 07:18:20,0.2798735511064278,0
3424,0810,0,2026-04-24 07:18:20,0.7696522655426765,0
3425,0815,0,2026-04-24 07:18:20,0.6554267650158061,0
3426,0815,0,2026-04-24 07:18:20,0.6554267650158061,0
3427,0818,0,2026-04-24 07:18:20,0.6554267650158061,0
3428,0820,0,2026-04-24 07:18:20,0.4309799789251844,0
3429,0823,0,2026-04-24 07:18:20,0.0697576396206533,0
3430,0828,0,2026-04-24 07:18:20,0.7696522655426765,0
3431,0828,0,2026-04-24 07:18:20,0.7696522655426765,0
3432,0833,0,2026-04-24 07:18:20,0.7696522655426765,0
3433,0836,0,2026-04-24 07:18:20,0.0697576396206533,0
3434,0845,0,2026-04-24 07:18:20,0.4309799789251844,0
3435,0848,0,2026-04-24 07:18:20,0.0697576396206533,0
3436,0858,0,2026-04-24 07:18:20,0.5924130663856692,0
3437,0861,0,2026-04-24 07:18:20,0.5245521601685985,0
3438,0868,0,2026-04-24 07:18:20,0.5245521601685985,0
3439,0871,0,2026-04-24 07:18:20,0.7696522655426765,0
3440,0873,0,2026-04-24 07:18:20,0.2061116965226554,0
3441,0875,0,2026-04-24 07:18:20,0.2798735511064278,0
3442,0877,0,2026-04-24 07:18:20,0.2798735511064278,0
3443,0882,0,2026-04-24 07:18:20,0.4309799789251844,0
3444,0883,0,2026-04-24 07:18:20,0.9205479452054794,0
3445,0886,0,2026-04-24 07:18:20,0.9205479452054794,0
3446,0887,0,2026-04-24 07:18:20,0.0697576396206533,0
3447,0890,0,2026-04-24 07:18:20,0.9205479452054794,0
3448,0891,0,2026-04-24 07:18:20,0.6554267650158061,0
3449,0893,0,2026-04-24 07:18:20,0.7696522655426765,0
3450,0895,0,2026-04-24 07:18:20,1.0000000000000000,0
3451,0897,0,2026-04-24 07:18:20,0.4309799789251844,0
3452,0898,0,2026-04-24 07:18:20,0.8480505795574289,0
3453,0902,0,2026-04-24 07:18:20,0.4309799789251844,0
3454,0907,0,2026-04-24 07:18:20,0.5924130663856692,0
3455,0909,0,2026-04-24 07:18:20,0.3464699683877766,0
3456,0913,0,2026-04-24 07:18:20,0.3464699683877766,0
3457,0915,0,2026-04-24 07:18:20,0.7696522655426765,0
3458,0916,0,2026-04-24 07:18:20,0.8480505795574289,0
3459,0919,0,2026-04-24 07:18:20,0.6554267650158061,0
3460,0922,0,2026-04-24 07:18:20,1.0000000000000000,1
3461,0923,0,2026-04-24 07:18:20,0.0697576396206533,0
3462,0928,0,2026-04-24 07:18:20,0.9205479452054794,0
3463,0929,0,2026-04-24 07:18:20,0.7696522655426765,0
3464,0933,0,2026-04-24 07:18:20,0.3464699683877766,0
3465,0934,0,2026-04-24 07:18:20,0.1401475237091676,0
3466,0937,0,2026-04-24 07:18:20,1.0000000000000000,0
3467,0939,0,2026-04-24 07:18:20,0.5245521601685985,0
3468,0942,0,2026-04-24 07:18:20,1.0000000000000000,0
3469,0944,0,2026-04-24 07:18:20,0.6554267650158061,0
3470,0948,0,2026-04-24 07:18:20,0.1401475237091676,0
3471,0956,0,2026-04-24 07:18:20,0.9205479452054794,0
3472,0958,0,2026-04-24 07:18:20,0.8480505795574289,0
3473,0964,0,2026-04-24 07:18:20,0.9205479452054794,0
3474,0965,0,2026-04-24 07:18:20,0.2798735511064278,0
3475,0968,0,2026-04-24 07:18:20,0.9205479452054794,0
3476,0970,0,2026-04-24 07:18:20,0.1401475237091676,0
3477,0972,0,2026-04-24 07:18:20,0.5245521601685985,0
3478,0972,0,2026-04-24 07:18:20,0.5245521601685985,0
3479,0976,0,2026-04-24 07:18:20,0.6554267650158061,0
3480,0980,0,2026-04-24 07:18:20,0.3464699683877766,0
3481,0987,0,2026-04-24 07:18:20,1.0000000000000000,0
3482,0989,0,2026-04-24 07:18:20,0.5924130663856692,0
3483,0990,0,2026-04-24 07:18:20,0.7696522655426765,0
3484,0990,0,2026-04-24 07:18:20,0.7696522655426765,0
3485,0992,0,2026-04-24 07:18:20,1.0000000000000000,0
3486,0998,0,2026-04-24 07:18:20,0.7696522655426765,0
3487,0999,0,2026-04-24 07:18:20,0.5245521601685985,0
3488,0001,0,2026-04-24 07:18:30,0.2061116965226554,0
3489,0003,0,2026-04-24 07:18:30,0.5245521601685985,0
3490,0011,0,2026-04-24 07:18:30,0.8480505795574289,0
3491,0018,0,2026-04-24 07:18:30,0.2061116965226554,0
3492,0019,0,2026-04-24 07:18:30,0.5924130663856692,0
3493,0021,0,2026-04-24 07:18:30,0.8480505795574289,0
3494,0022,0,2026-04-24 07:18:30,0.7696522655426765,0
3495,0023,0,2026-04-24 07:18:30,0.8480505795574289,0
3496,0031,0,2026-04-24 07:18:30,0.7696522655426765,0
3497,0032,0,2026-04-24 07:18:30,0.8480505795574289,0
3498,0035,0,2026-04-24 07:18:30,0.2061116965226554,0
3499,0041,0,2026-04-24 07:18:30,0.4309799789251844,0
3500,0042,0,2026-04-24 07:18:30,0.7696522655426765,0
3501,0046,0,2026-04-24 07:18:30,1.0000000000000000,0
3502,0048,0,2026-04-24 07:18:30,0.6554267650158061,0
3503,0050,0,2026-04-24 07:18:30,0.4309799789251844,0
3504,0051,0,2026-04-24 07:18:30,0.7696522655426765,0
3505,0059,0,2026-04-24 07:18:30,0.2061116965226554,0
3506,0060,0,2026-04-24 07:18:30,0.0697576396206533,0
3507,0062,0,2026-04-24 07:18:30,0.5245521601685985,0
3508,0070,0,2026-04-24 07:18:30,0.5245521601685985,0
3509,0073,0,2026-04-24 07:18:30,0.2061116965226554,0
3510,0081,0,2026-04-24 07:18:30,0.3464699683877766,0
3511,0085,0,2026-04-24 07:18:30,0.3464699683877766,0
3512,0088,0,2026-04-24 07:18:30,0.8480505795574289,0
3513,0092,0,2026-04-24 07:18:30,0.4309799789251844,0
3514,0096,0,2026-04-24 07:18:30,0.5924130663856692,0
3515,0104,0,2026-04-24 07:18:30,0.5245521601685985,0
3516,0105,0,2026-04-24 07:18:30,0.6554267650158061,0
3517,0107,0,2026-04-24 07:18:30,0.0697576396206533,0
3518,0109,0,2026-04-24 07:18:30,0.6554267650158061,0
3519,0111,0,2026-04-24 07:18:30,1.0000000000000000,0
3520,0119,0,2026-04-24 07:18:30,0.9205479452054794,0
3521,0120,0,2026-04-24 07:18:30,0.4309799789251844,0
3522,0125,0,2026-04-24 07:18:30,0.3464699683877766,0
3523,0127,0,2026-04-24 07:18:30,0.2061116965226554,0
3524,0141,0,2026-04-24 07:18:30,0.2798735511064278,0
3525,0145,0,2026-04-24 07:18:30,1.0000000000000000,0
3526,0146,0,2026-04-24 07:18:30,0.1401475237091676,0
3527,0153,0,2026-04-24 07:18:30,0.7696522655426765,0
3528,0158,0,2026-04-24 07:18:30,0.2061116965226554,0
3529,0162,0,2026-04-24 07:18:30,0.4309799789251844,0
3530,0167,0,2026-04-24 07:18:30,0.3464699683877766,0
3531,0168,0,2026-04-24 07:18:30,0.1401475237091676,0
3532,0169,0,2026-04-24 07:18:30,0.5245521601685985,0
3533,0174,0,2026-04-24 07:18:30,0.3464699683877766,0
3534,0176,0,2026-04-24 07:18:30,0.2061116965226554,0
3535,0183,0,2026-04-24 07:18:30,0.3464699683877766,0
3536,0186,0,2026-04-24 07:18:30,0.3464699683877766,0
3537,0187,0,2026-04-24 07:18:30,0.0697576396206533,0
3538,0196,0,2026-04-24 07:18:30,0.0697576396206533,0
3539,0197,0,2026-04-24 07:18:30,1.0000000000000000,0
3540,0204,0,2026-04-24 07:18:30,0.7696522655426765,0
3541,0208,0,2026-04-24 07:18:30,0.4309799789251844,0
3542,0210,0,2026-04-24 07:18:30,0.4309799789251844,0
3543,0217,0,2026-04-24 07:18:30,0.1401475237091676,0
3544,0225,0,2026-04-24 07:18:30,0.8480505795574289,0
3545,0230,0,2026-04-24 07:18:30,1.0000000000000000,0
3546,0234,0,2026-04-24 07:18:30,0.6554267650158061,0
3547,0235,0,2026-04-24 07:18:30,1.0000000000000000,0
3548,0238,0,2026-04-24 07:18:30,0.1401475237091676,0
3549,0238,0,2026-04-24 07:18:30,0.1401475237091676,0
3550,0240,0,2026-04-24 07:18:30,0.9205479452054794,0
3551,0245,0,2026-04-24 07:18:30,0.1401475237091676,0
3552,0247,0,2026-04-24 07:18:30,0.3464699683877766,0
3553,0248,0,2026-04-24 07:18:30,0.2798735511064278,0
3554,0251,0,2026-04-24 07:18:30,0.4309799789251844,0
3555,0252,0,2026-04-24 07:18:30,0.3464699683877766,0
3556,0253,0,2026-04-24 07:18:30,0.4309799789251844,0
3557,0256,0,2026-04-24 07:18:30,1.0000000000000000,0
3558,0258,0,2026-04-24 07:18:30,0.0697576396206533,0
3559,0259,0,2026-04-24 07:18:30,1.0000000000000000,0
3560,0266,0,2026-04-24 07:18:30,0.6554267650158061,0
3561,0267,0,2026-04-24 07:18:30,0.5245521601685985,0
3562,0270,0,2026-04-24 07:18:30,0.0697576396206533,0
3563,0277,0,2026-04-24 07:18:30,0.3464699683877766,0
3564,0282,0,2026-04-24 07:18:30,1.0000000000000000,0
3565,0287,0,2026-04-24 07:18:30,0.8480505795574289,0
3566,0289,0,2026-04-24 07:18:30,1.0000000000000000,0
3567,0294,0,2026-04-24 07:18:30,0.8480505795574289,0
3568,0298,0,2026-04-24 07:18:30,0.8480505795574289,0
3569,0301,0,2026-04-24 07:18:30,0.0697576396206533,0
3570,0302,0,2026-04-24 07:18:30,0.5245521601685985,0
3571,0319,0,2026-04-24 07:18:30,0.5924130663856692,0
3572,0327,0,2026-04-24 07:18:30,0.6554267650158061,0
3573,0333,0,2026-04-24 07:18:30,0.3464699683877766,0
3574,0335,0,2026-04-24 07:18:30,0.1401475237091676,0
3575,0336,0,2026-04-24 07:18:30,0.2798735511064278,0
3576,0341,0,2026-04-24 07:18:30,0.4309799789251844,0
3577,0347,0,2026-04-24 07:18:30,0.0697576396206533,0
3578,0357,0,2026-04-24 07:18:30,0.8480505795574289,0
3579,0358,0,2026-04-24 07:18:30,0.2061116965226554,0
3580,0363,0,2026-04-24 07:18:30,0.1401475237091676,0
3581,0364,0,2026-04-24 07:18:30,0.5245521601685985,0
3582,0367,0,2026-04-24 07:18:30,0.5924130663856692,0
3583,0367,0,2026-04-24 07:18:30,0.5924130663856692,0
3584,0368,0,2026-04-24 07:18:30,0.0697576396206533,0
3585,0377,0,2026-04-24 07:18:30,0.6554267650158061,0
3586,0378,0,2026-04-24 07:18:30,0.6554267650158061,0
3587,0382,0,2026-04-24 07:18:30,0.9205479452054794,0
3588,0384,0,2026-04-24 07:18:30,0.4309799789251844,0
3589,0389,0,2026-04-24 07:18:30,0.0697576396206533,0
3590,0390,0,2026-04-24 07:18:30,0.4309799789251844,0
3591,0395,0,2026-04-24 07:18:30,0.5245521601685985,0
3592,0396,0,2026-04-24 07:18:30,0.7696522655426765,0
3593,0397,0,2026-04-24 07:18:30,1.0000000000000000,0
3594,0398,0,2026-04-24 07:18:30,0.5924130663856692,0
3595,0399,0,2026-04-24 07:18:30,0.1401475237091676,0
3596,0399,0,2026-04-24 07:18:30,0.1401475237091676,0
3597,0409,0,2026-04-24 07:18:30,0.5924130663856692,0
3598,0412,0,2026-04-24 07:18:30,0.2061116965226554,0
3599,0416,0,2026-04-24 07:18:30,0.8480505795574289,0
3600,0418,0,2026-04-24 07:18:30,0.0697576396206533,0
3601,0426,0,2026-04-24 07:18:30,0.8480505795574289,0
3602,0436,0,2026-04-24 07:18:30,0.8480505795574289,0
3603,0437,0,2026-04-24 07:18:30,0.0697576396206533,0
3604,0439,0,2026-04-24 07:18:30,0.7696522655426765,0
3605,0441,0,2026-04-24 07:18:30,0.5245521601685985,0
3606,0444,0,2026-04-24 07:18:30,0.7696522655426765,0
3607,0448,0,2026-04-24 07:18:30,0.5245521601685985,0
3608,0450,0,2026-04-24 07:18:30,0.2798735511064278,0
3609,0451,0,2026-04-24 07:18:30,0.2798735511064278,0
3610,0453,0,2026-04-24 07:18:30,0.1401475237091676,0
3611,0454,0,2026-04-24 07:18:30,0.8480505795574289,0
3612,0456,0,2026-04-24 07:18:30,0.7696522655426765,0
3613,0461,0,2026-04-24 07:18:30,0.1401475237091676,0
3614,0471,0,2026-04-24 07:18:30,0.7696522655426765,0
3615,0489,0,2026-04-24 07:18:30,1.0000000000000000,0
3616,0489,0,2026-04-24 07:18:30,1.0000000000000000,0
3617,0494,0,2026-04-24 07:18:30,1.0000000000000000,0
3618,0497,0,2026-04-24 07:18:30,1.0000000000000000,0
3619,0498,0,2026-04-24 07:18:30,0.2798735511064278,0
3620,0498,0,2026-04-24 07:18:30,0.2798735511064278,0
3621,0502,0,2026-04-24 07:18:30,0.0697576396206533,0
3622,0504,0,2026-04-24 07:18:30,0.2061116965226554,0
3623,0508,0,2026-04-24 07:18:30,0.2061116965226554,0
3624,0516,0,2026-04-24 07:18:30,0.1401475237091676,0
3625,0519,0,2026-04-24 07:18:30,0.9205479452054794,0
3626,0524,0,2026-04-24 07:18:30,0.5245521601685985,0
3627,0525,0,2026-04-24 07:18:30,0.3464699683877766,0
3628,0527,0,2026-04-24 07:18:30,0.7696522655426765,0
3629,0527,0,2026-04-24 07:18:30,0.7696522655426765,0
3630,0528,0,2026-04-24 07:18:30,0.8480505795574289,0
3631,0541,0,2026-04-24 07:18:30,0.5924130663856692,0
3632,0544,0,2026-04-24 07:18:30,1.0000000000000000,0
3633,0544,0,2026-04-24 07:18:30,1.0000000000000000,1
3634,0551,0,2026-04-24 07:18:30,0.1401475237091676,0
3635,0553,0,2026-04-24 07:18:30,0.1401475237091676,0
3636,0554,0,2026-04-24 07:18:30,0.5245521601685985,0
3637,0557,0,2026-04-24 07:18:30,0.7696522655426765,0
3638,0558,0,2026-04-24 07:18:30,0.5245521601685985,0
3639,0563,0,2026-04-24 07:18:30,0.9205479452054794,0
3640,0564,0,2026-04-24 07:18:30,0.4309799789251844,0
3641,0565,0,2026-04-24 07:18:30,0.2798735511064278,0
3642,0569,0,2026-04-24 07:18:30,0.3464699683877766,0
3643,0573,0,2026-04-24 07:18:30,0.8480505795574289,0
3644,0578,0,2026-04-24 07:18:30,0.5245521601685985,0
3645,0581,0,2026-04-24 07:18:30,0.8480505795574289,0
3646,0584,0,2026-04-24 07:18:30,0.2798735511064278,0
3647,0591,0,2026-04-24 07:18:30,0.4309799789251844,0
3648,0597,0,2026-04-24 07:18:30,0.2798735511064278,0
3649,0604,0,2026-04-24 07:18:30,0.5245521601685985,0
3650,0609,0,2026-04-24 07:18:30,0.5924130663856692,0
3651,0614,0,2026-04-24 07:18:30,0.4309799789251844,0
3652,0617,0,2026-04-24 07:18:30,0.7696522655426765,0
3653,0625,0,2026-04-24 07:18:30,0.5924130663856692,0
3654,0628,0,2026-04-24 07:18:30,0.8480505795574289,0
3655,0629,0,2026-04-24 07:18:30,0.0697576396206533,0
3656,0638,0,2026-04-24 07:18:30,0.4309799789251844,0
3657,0645,0,2026-04-24 07:18:30,0.8480505795574289,0
3658,0646,0,2026-04-24 07:18:30,1.0000000000000000,0
3659,0655,0,2026-04-24 07:18:30,0.1401475237091676,0
3660,0659,0,2026-04-24 07:18:30,0.9205479452054794,0
3661,0663,0,2026-04-24 07:18:30,0.7696522655426765,0
3662,0667,0,2026-04-24 07:18:30,0.1401475237091676,0
3663,0669,0,2026-04-24 07:18:30,0.0697576396206533,0
3664,0672,0,2026-04-24 07:18:30,0.2798735511064278,0
3665,0673,0,2026-04-24 07:18:30,0.7696522655426765,0
3666,0674,0,2026-04-24 07:18:30,0.5924130663856692,0
3667,0679,0,2026-04-24 07:18:30,0.4309799789251844,0
3668,0685,0,2026-04-24 07:18:30,0.2061116965226554,0
3669,0687,0,2026-04-24 07:18:30,0.3464699683877766,0
3670,0688,0,2026-04-24 07:18:30,0.2798735511064278,0
3671,0697,0,2026-04-24 07:18:30,0.2798735511064278,0
3672,0700,0,2026-04-24 07:18:30,0.6554267650158061,0
3673,0702,0,2026-04-24 07:18:30,0.2798735511064278,0
3674,0707,0,2026-04-24 07:18:30,0.9205479452054794,0
3675,0708,0,2026-04-24 07:18:30,0.8480505795574289,0
3676,0713,0,2026-04-24 07:18:30,0.5924130663856692,0
3677,0722,0,2026-04-24 07:18:30,0.3464699683877766,0
3678,0722,0,2026-04-24 07:18:30,0.3464699683877766,0
3679,0723,0,2026-04-24 07:18:30,0.6554267650158061,0
3680,0725,0,2026-04-24 07:18:30,0.3464699683877766,0
3681,0728,0,2026-04-24 07:18:30,0.1401475237091676,0
3682,0729,0,2026-04-24 07:18:30,0.2061116965226554,0
3683,0735,0,2026-04-24 07:18:30,0.5924130663856692,0
3684,0743,0,2026-04-24 07:18:30,0.3464699683877766,0
3685,0744,0,2026-04-24 07:18:30,0.9205479452054794,0
3686,0758,0,2026-04-24 07:18:30,0.3464699683877766,0
3687,0764,0,2026-04-24 07:18:30,0.6554267650158061,0
3688,0765,0,2026-04-24 07:18:30,0.9205479452054794,0
3689,0766,0,2026-04-24 07:18:30,0.9205479452054794,0
3690,0768,0,2026-04-24 07:18:30,0.1401475237091676,0
3691,0776,0,2026-04-24 07:18:30,0.1401475237091676,0
3692,0777,0,2026-04-24 07:18:30,0.4309799789251844,0
3693,0781,0,2026-04-24 07:18:30,0.8480505795574289,0
3694,0782,0,2026-04-24 07:18:30,0.2798735511064278,0
3695,0784,0,2026-04-24 07:18:30,0.3464699683877766,0
3696,0785,0,2026-04-24 07:18:30,0.0697576396206533,0
3697,0790,0,2026-04-24 07:18:30,0.6554267650158061,0
3698,0792,0,2026-04-24 07:18:30,0.2061116965226554,0
3699,0795,0,2026-04-24 07:18:30,0.5245521601685985,0
3700,0804,0,2026-04-24 07:18:30,0.8480505795574289,0
3701,0807,0,2026-04-24 07:18:30,0.2798735511064278,0
3702,0810,0,2026-04-24 07:18:30,0.7696522655426765,0
3703,0815,0,2026-04-24 07:18:30,0.6554267650158061,0
3704,0815,0,2026-04-24 07:18:30,0.6554267650158061,0
3705,0818,0,2026-04-24 07:18:30,0.6554267650158061,0
3706,0820,0,2026-04-24 07:18:30,0.4309799789251844,0
3707,0823,0,2026-04-24 07:18:30,0.0697576396206533,0
3708,0828,0,2026-04-24 07:18:30,0.7696522655426765,0
3709,0828,0,2026-04-24 07:18:30,0.7696522655426765,0
3710,0833,0,2026-04-24 07:18:30,0.7696522655426765,0
3711,0836,0,2026-04-24 07:18:30,0.0697576396206533,0
3712,0845,0,2026-04-24 07:18:30,0.4309799789251844,0
3713,0848,0,2026-04-24 07:18:30,0.0697576396206533,0
3714,0858,0,2026-04-24 07:18:30,0.5924130663856692,0
3715,0861,0,2026-04-24 07:18:30,0.5245521601685985,0
3716,0868,0,2026-04-24 07:18:30,0.5245521601685985,0
3717,0871,0,2026-04-24 07:18:30,0.7696522655426765,0
3718,0873,0,2026-04-24 07:18:30,0.2061116965226554,0
3719,0875,0,2026-04-24 07:18:30,0.2798735511064278,0
3720,0877,0,2026-04-24 07:18:30,0.2798735511064278,0
3721,0882,0,2026-04-24 07:18:30,0.4309799789251844,0
3722,0883,0,2026-04-24 07:18:30,0.9205479452054794,0
3723,0886,0,2026-04-24 07:18:30,0.9205479452054794,0
3724,0887,0,2026-04-24 07:18:30,0.0697576396206533,0
3725,0890,0,2026-04-24 07:18:30,0.9205479452054794,0
3726,0891,0,2026-04-24 07:18:30,0.6554267650158061,0
3727,0893,0,2026-04-24 07:18:30,0.7696522655426765,0
3728,0895,0,2026-04-24 07:18:30,1.0000000000000000,0
3729,0897,0,2026-04-24 07:18:30,0.4309799789251844,0
3730,0898,0,2026-04-24 07:18:30,0.8480505795574289,0
3731,0902,0,2026-04-24 07:18:30,0.4309799789251844,0
3732,0907,0,2026-04-24 07:18:30,0.5924130663856692,0
3733,0909,0,2026-04-24 07:18:30,0.3464699683877766,0
3734,0913,0,2026-04-24 07:18:30,0.3464699683877766,0
3735,0915,0,2026-04-24 07:18:30,0.7696522655426765,0
3736,0916,0,2026-04-24 07:18:30,0.8480505795574289,0
3737,0919,0,2026-04-24 07:18:30,0.6554267650158061,0
3738,0922,0,2026-04-24 07:18:30,1.0000000000000000,0
3739,0923,0,2026-04-24 07:18:30,0.0697576396206533,0
3740,0928,0,2026-04-24 07:18:30,0.9205479452054794,0
3741,0929,0,2026-04-24 07:18:30,0.7696522655426765,0
3742,0933,0,2026-04-24 07:18:30,0.3464699683877766,0
3743,0934,0,2026-04-24 07:18:30,0.1401475237091676,0
3744,0937,0,2026-04-24 07:18:30,1.0000000000000000,0
3745,0939,0,2026-04-24 07:18:30,0.5245521601685985,0
3746,0942,0,2026-04-24 07:18:30,1.0000000000000000,0
3747,0944,0,2026-04-24 07:18:30,0.6554267650158061,0
3748,0948,0,2026-04-24 07:18:30,0.1401475237091676,0
3749,0956,0,2026-04-24 07:18:30,0.9205479452054794,0
3750,0958,0,2026-04-24 07:18:30,0.8480505795574289,0
3751,0964,0,2026-04-24 07:18:30,0.9205479452054794,0
3752,0965,0,2026-04-24 07:18:30,0.2798735511064278,0
3753,0968,0,2026-04-24 07:18:30,0.9205479452054794,0
3754,0970,0,2026-04-24 07:18:30,0.1401475237091676,0
3755,0972,0,2026-04-24 07:18:30,0.5245521601685985,0
3756,0972,0,2026-04-24 07:18:30,0.5245521601685985,0
3757,0976,0,2026-04-24 07:18:30,0.6554267650158061,0
3758,0980,0,2026-04-24 07:18:30,0.3464699683877766,0
3759,0987,0,2026-04-24 07:18:30,1.0000000000000000,0
3760,0989,0,2026-04-24 07:18:30,0.5924130663856692,0
3761,0990,0,2026-04-24 07:18:30,0.7696522655426765,0
3762,0990,0,2026-04-24 07:18:30,0.7696522655426765,0
3763,0992,0,2026-04-24 07:18:30,1.0000000000000000,0
3764,0998,0,2026-04-24 07:18:30,0.7696522655426765,0
3765,0999,0,2026-04-24 07:18:30,0.5245521601685985,0
3766,0001,0,2026-04-24 07:18:40,0.2061116965226554,0
3767,0003,0,2026-04-24 07:18:40,0.5245521601685985,0
3768,0011,0,2026-04-24 07:18:40,0.8480505795574289,0
3769,0018,0,2026-04-24 07:18:40,0.2061116965226554,0
3770,0021,0,2026-04-24 07:18:40,0.8480505795574289,0
3771,0022,0,2026-04-24 07:18:40,0.7696522655426765,0
3772,0023,0,2026-04-24 07:18:40,0.8480505795574289,0
3773,0031,0,2026-04-24 07:18:40,0.7696522655426765,0
3774,0032,0,2026-04-24 07:18:40,0.8480505795574289,0
3775,0035,0,2026-04-24 07:18:40,0.2061116965226554,0
3776,0041,0,2026-04-24 07:18:40,0.4309799789251844,0
3777,0042,0,2026-04-24 07:18:40,0.7696522655426765,0
3778,0046,0,2026-04-24 07:18:40,1.0000000000000000,0
3779,0048,0,2026-04-24 07:18:40,0.6554267650158061,0
3780,0050,0,2026-04-24 07:18:40,0.4309799789251844,0
3781,0051,0,2026-04-24 07:18:40,0.7696522655426765,0
3782,0059,0,2026-04-24 07:18:40,0.2061116965226554,0
3783,0060,0,2026-04-24 07:18:40,0.0697576396206533,0
3784,0062,0,2026-04-24 07:18:40,0.5245521601685985,0
3785,0070,0,2026-04-24 07:18:40,0.5245521601685985,0
3786,0073,0,2026-04-24 07:18:40,0.2061116965226554,0
3787,0081,0,2026-04-24 07:18:40,0.3464699683877766,0
3788,0085,0,2026-04-24 07:18:40,0.3464699683877766,0
3789,0088,0,2026-04-24 07:18:40,0.8480505795574289,0
3790,0092,0,2026-04-24 07:18:40,0.4309799789251844,0
3791,0096,0,2026-04-24 07:18:40,0.5924130663856692,0
3792,0104,0,2026-04-24 07:18:40,0.5245521601685985,0
3793,0105,0,2026-04-24 07:18:40,0.6554267650158061,0
3794,0107,0,2026-04-24 07:18:40,0.0697576396206533,0
3795,0109,0,2026-04-24 07:18:40,0.6554267650158061,0
3796,0111,0,2026-04-24 07:18:40,1.0000000000000000,0
3797,0119,0,2026-04-24 07:18:40,0.9205479452054794,0
3798,0120,0,2026-04-24 07:18:40,0.4309799789251844,0
3799,0125,0,2026-04-24 07:18:40,0.3464699683877766,0
3800,0127,0,2026-04-24 07:18:40,0.2061116965226554,0
3801,0141,0,2026-04-24 07:18:40,0.2798735511064278,0
3802,0145,0,2026-04-24 07:18:40,1.0000000000000000,0
3803,0146,0,2026-04-24 07:18:40,0.1401475237091676,0
3804,0153,0,2026-04-24 07:18:40,0.7696522655426765,0
3805,0158,0,2026-04-24 07:18:40,0.2061116965226554,0
3806,0162,0,2026-04-24 07:18:40,0.4309799789251844,0
3807,0167,0,2026-04-24 07:18:40,0.3464699683877766,0
3808,0168,0,2026-04-24 07:18:40,0.1401475237091676,0
3809,0169,0,2026-04-24 07:18:40,0.5245521601685985,0
3810,0174,0,2026-04-24 07:18:40,0.3464699683877766,0
3811,0176,0,2026-04-24 07:18:40,0.2061116965226554,0
3812,0183,0,2026-04-24 07:18:40,0.3464699683877766,0
3813,0186,0,2026-04-24 07:18:40,0.3464699683877766,0
3814,0187,0,2026-04-24 07:18:40,0.0697576396206533,0
3815,0196,0,2026-04-24 07:18:40,0.0697576396206533,0
3816,0197,0,2026-04-24 07:18:40,1.0000000000000000,0
3817,0204,0,2026-04-24 07:18:40,0.7696522655426765,0
3818,0208,0,2026-04-24 07:18:40,0.4309799789251844,0
3819,0210,0,2026-04-24 07:18:40,0.4309799789251844,0
3820,0217,0,2026-04-24 07:18:40,0.1401475237091676,0
3821,0225,0,2026-04-24 07:18:40,0.8480505795574289,0
3822,0230,0,2026-04-24 07:18:40,1.0000000000000000,1
3823,0234,0,2026-04-24 07:18:40,0.6554267650158061,0
3824,0235,0,2026-04-24 07:18:40,1.0000000000000000,0
3825,0238,0,2026-04-24 07:18:40,0.1401475237091676,0
3826,0240,0,2026-04-24 07:18:40,0.9205479452054794,0
3827,0245,0,2026-04-24 07:18:40,0.1401475237091676,0
3828,0247,0,2026-04-24 07:18:40,0.3464699683877766,0
3829,0248,0,2026-04-24 07:18:40,0.2798735511064278,0
3830,0251,0,2026-04-24 07:18:40,0.4309799789251844,0
3831,0252,0,2026-04-24 07:18:40,0.3464699683877766,0
3832,0253,0,2026-04-24 07:18:40,0.4309799789251844,0
3833,0256,0,2026-04-24 07:18:40,1.0000000000000000,0
3834,0258,0,2026-04-24 07:18:40,0.0697576396206533,0
3835,0259,0,2026-04-24 07:18:40,1.0000000000000000,0
3836,0266,0,2026-04-24 07:18:40,0.6554267650158061,0
3837,0267,0,2026-04-24 07:18:40,0.5245521601685985,0
3838,0270,0,2026-04-24 07:18:40,0.0697576396206533,0
3839,0277,0,2026-04-24 07:18:40,0.3464699683877766,0
3840,0282,0,2026-04-24 07:18:40,1.0000000000000000,0
3841,0287,0,2026-04-24 07:18:40,0.8480505795574289,0
3842,0289,0,2026-04-24 07:18:40,1.0000000000000000,0
3843,0294,0,2026-04-24 07:18:40,0.8480505795574289,0
3844,0298,0,2026-04-24 07:18:40,0.8480505795574289,0
3845,0301,0,2026-04-24 07:18:40,0.0697576396206533,0
3846,0302,0,2026-04-24 07:18:40,0.5245521601685985,0
3847,0319,0,2026-04-24 07:18:40,0.5924130663856692,0
3848,0327,0,2026-04-24 07:18:40,0.6554267650158061,0
3849,0333,0,2026-04-24 07:18:40,0.3464699683877766,0
3850,0335,0,2026-04-24 07:18:40,0.1401475237091676,0
3851,0336,0,2026-04-24 07:18:40,0.2798735511064278,0
3852,0341,0,2026-04-24 07:18:40,0.4309799789251844,0
3853,0347,0,2026-04-24 07:18:40,0.0697576396206533,0
3854,0357,0,2026-04-24 07:18:40,0.8480505795574289,0
3855,0358,0,2026-04-24 07:18:40,0.2061116965226554,0
3856,0363,0,2026-04-24 07:18:40,0.1401475237091676,0
3857,0364,0,2026-04-24 07:18:40,0.5245521601685985,0
3858,0367,0,2026-04-24 07:18:40,0.5924130663856692,0
3859,0368,0,2026-04-24 07:18:40,0.0697576396206533,0
3860,0377,0,2026-04-24 07:18:40,0.6554267650158061,0
3861,0378,0,2026-04-24 07:18:40,0.6554267650158061,0
3862,0382,0,2026-04-24 07:18:40,0.9205479452054794,0
3863,0384,0,2026-04-24 07:18:40,0.4309799789251844,0
3864,0389,0,2026-04-24 07:18:40,0.0697576396206533,0
3865,0390,0,2026-04-24 07:18:40,0.4309799789251844,0
3866,0395,0,2026-04-24 07:18:40,0.5245521601685985,0
3867,0396,0,2026-04-24 07:18:40,0.7696522655426765,0
3868,0397,0,2026-04-24 07:18:40,1.0000000000000000,0
3869,0398,0,2026-04-24 07:18:40,0.5924130663856692,0
3870,0399,0,2026-04-24 07:18:40,0.1401475237091676,0
3871,0409,0,2026-04-24 07:18:40,0.5924130663856692,0
3872,0412,0,2026-04-24 07:18:40,0.2061116965226554,0
3873,0416,0,2026-04-24 07:18:40,0.8480505795574289,0
3874,0418,0,2026-04-24 07:18:40,0.0697576396206533,0
3875,0426,0,2026-04-24 07:18:40,0.8480505795574289,0
3876,0436,0,2026-04-24 07:18:40,0.8480505795574289,0
3877,0437,0,2026-04-24 07:18:40,0.0697576396206533,0
3878,0439,0,2026-04-24 07:18:40,0.7696522655426765,0
3879,0441,0,2026-04-24 07:18:40,0.5245521601685985,0
3880,0444,0,2026-04-24 07:18:40,0.7696522655426765,0
3881,0448,0,2026-04-24 07:18:40,0.5245521601685985,0
3882,0450,0,2026-04-24 07:18:40,0.2798735511064278,0
3883,0451,0,2026-04-24 07:18:40,0.2798735511064278,0
3884,0453,0,2026-04-24 07:18:40,0.1401475237091676,0
3885,0454,0,2026-04-24 07:18:40,0.8480505795574289,0
3886,0456,0,2026-04-24 07:18:40,0.7696522655426765,0
3887,0461,0,2026-04-24 07:18:40,0.1401475237091676,0
3888,0471,0,2026-04-24 07:18:40,0.7696522655426765,0
3889,0489,0,2026-04-24 07:18:40,1.0000000000000000,0
3890,0494,0,2026-04-24 07:18:40,1.0000000000000000,0
3891,0497,0,2026-04-24 07:18:40,1.0000000000000000,0
3892,0498,0,2026-04-24 07:18:40,0.2798735511064278,0
3893,0502,0,2026-04-24 07:18:40,0.0697576396206533,0
3894,0504,0,2026-04-24 07:18:40,0.2061116965226554,0
3895,0508,0,2026-04-24 07:18:40,0.2061116965226554,0
3896,0516,0,2026-04-24 07:18:40,0.1401475237091676,0
3897,0519,0,2026-04-24 07:18:40,0.9205479452054794,0
3898,0524,0,2026-04-24 07:18:40,0.5245521601685985,0
3899,0525,0,2026-04-24 07:18:40,0.3464699683877766,0
3900,0527,0,2026-04-24 07:18:40,0.7696522655426765,0
3901,0528,0,2026-04-24 07:18:40,0.8480505795574289,0
3902,0537,0,2026-04-24 07:18:40,0.7696522655426765,0
3903,0541,0,2026-04-24 07:18:40,0.5924130663856692,0
3904,0544,0,2026-04-24 07:18:40,1.0000000000000000,0
3905,0551,0,2026-04-24 07:18:40,0.1401475237091676,0
3906,0553,0,2026-04-24 07:18:40,0.1401475237091676,0
3907,0554,0,2026-04-24 07:18:40,0.5245521601685985,0
3908,0557,0,2026-04-24 07:18:40,0.7696522655426765,0
3909,0558,0,2026-04-24 07:18:40,0.5245521601685985,0
3910,0563,0,2026-04-24 07:18:40,0.9205479452054794,0
3911,0564,0,2026-04-24 07:18:40,0.4309799789251844,0
3912,0565,0,2026-04-24 07:18:40,0.2798735511064278,0
3913,0569,0,2026-04-24 07:18:40,0.3464699683877766,0
3914,0573,0,2026-04-24 07:18:40,0.8480505795574289,0
3915,0578,0,2026-04-24 07:18:40,0.5245521601685985,0
3916,0581,0,2026-04-24 07:18:40,0.8480505795574289,0
3917,0584,0,2026-04-24 07:18:40,0.2798735511064278,0
3918,0591,0,2026-04-24 07:18:40,0.4309799789251844,0
3919,0597,0,2026-04-24 07:18:40,0.2798735511064278,0
3920,0604,0,2026-04-24 07:18:40,0.5245521601685985,0
3921,0609,0,2026-04-24 07:18:40,0.5924130663856692,0
3922,0614,0,2026-04-24 07:18:40,0.4309799789251844,0
3923,0617,0,2026-04-24 07:18:40,0.7696522655426765,0
3924,0625,0,2026-04-24 07:18:40,0.5924130663856692,0
3925,0628,0,2026-04-24 07:18:40,0.8480505795574289,0
3926,0629,0,2026-04-24 07:18:40,0.0697576396206533,0
3927,0638,0,2026-04-24 07:18:40,0.4309799789251844,0
3928,0645,0,2026-04-24 07:18:40,0.8480505795574289,0
3929,0646,0,2026-04-24 07:18:40,1.0000000000000000,0
3930,0655,0,2026-04-24 07:18:40,0.1401475237091676,0
3931,0659,0,2026-04-24 07:18:40,0.9205479452054794,0
3932,0663,0,2026-04-24 07:18:40,0.7696522655426765,0
3933,0669,0,2026-04-24 07:18:40,0.0697576396206533,0
3934,0672,0,2026-04-24 07:18:40,0.2798735511064278,0
3935,0673,0,2026-04-24 07:18:40,0.7696522655426765,0
3936,0674,0,2026-04-24 07:18:40,0.5924130663856692,0
3937,0679,0,2026-04-24 07:18:40,0.4309799789251844,0
3938,0685,0,2026-04-24 07:18:40,0.2061116965226554,0
3939,0687,0,2026-04-24 07:18:40,0.3464699683877766,0
3940,0688,0,2026-04-24 07:18:40,0.2798735511064278,0
3941,0697,0,2026-04-24 07:18:40,0.2798735511064278,0
3942,0700,0,2026-04-24 07:18:40,0.6554267650158061,0
3943,0702,0,2026-04-24 07:18:40,0.2798735511064278,0
3944,0707,0,2026-04-24 07:18:40,0.9205479452054794,0
3945,0708,0,2026-04-24 07:18:40,0.8480505795574289,0
3946,0713,0,2026-04-24 07:18:40,0.5924130663856692,0
3947,0722,0,2026-04-24 07:18:40,0.3464699683877766,0
3948,0723,0,2026-04-24 07:18:40,0.6554267650158061,0
3949,0725,0,2026-04-24 07:18:40,0.3464699683877766,0
3950,0728,0,2026-04-24 07:18:40,0.1401475237091676,0
3951,0729,0,2026-04-24 07:18:40,0.2061116965226554,0
3952,0735,0,2026-04-24 07:18:40,0.5924130663856692,0
3953,0743,0,2026-04-24 07:18:40,0.3464699683877766,0
3954,0744,0,2026-04-24 07:18:40,0.9205479452054794,0
3955,0758,0,2026-04-24 07:18:40,0.3464699683877766,0
3956,0764,0,2026-04-24 07:18:40,0.6554267650158061,0
3957,0765,0,2026-04-24 07:18:40,0.9205479452054794,0
3958,0766,0,2026-04-24 07:18:40,0.9205479452054794,0
3959,0768,0,2026-04-24 07:18:40,0.1401475237091676,0
3960,0776,0,2026-04-24 07:18:40,0.1401475237091676,0
3961,0777,0,2026-04-24 07:18:40,0.4309799789251844,0
3962,0781,0,2026-04-24 07:18:40,0.8480505795574289,0
3963,0782,0,2026-04-24 07:18:40,0.2798735511064278,0
3964,0784,0,2026-04-24 07:18:40,0.3464699683877766,0
3965,0785,0,2026-04-24 07:18:40,0.0697576396206533,0
3966,0790,0,2026-04-24 07:18:40,0.6554267650158061,0
3967,0792,0,2026-04-24 07:18:40,0.2061116965226554,0
3968,0795,0,2026-04-24 07:18:40,0.5245521601685985,0
3969,0804,0,2026-04-24 07:18:40,0.8480505795574289,0
3970,0807,0,2026-04-24 07:18:40,0.2798735511064278,0
3971,0810,0,2026-04-24 07:18:40,0.7696522655426765,0
3972,0815,0,2026-04-24 07:18:40,0.6554267650158061,0
3973,0818,0,2026-04-24 07:18:40,0.6554267650158061,0
3974,0820,0,2026-04-24 07:18:40,0.4309799789251844,0
3975,0823,0,2026-04-24 07:18:40,0.0697576396206533,0
3976,0828,0,2026-04-24 07:18:40,0.7696522655426765,0
3977,0833,0,2026-04-24 07:18:40,0.7696522655426765,0
3978,0836,0,2026-04-24 07:18:40,0.0697576396206533,0
3979,0845,0,2026-04-24 07:18:40,0.4309799789251844,0
3980,0848,0,2026-04-24 07:18:40,0.0697576396206533,0
3981,0858,0,2026-04-24 07:18:40,0.5924130663856692,0
3982,0861,0,2026-04-24 07:18:40,0.5245521601685985,0
3983,0868,0,2026-04-24 07:18:40,0.5245521601685985,0
3984,0871,0,2026-04-24 07:18:40,0.7696522655426765,0
3985,0873,0,2026-04-24 07:18:40,0.2061116965226554,0
3986,0875,0,2026-04-24 07:18:40,0.2798735511064278,0
3987,0877,0,2026-04-24 07:18:40,0.2798735511064278,0
3988,0882,0,2026-04-24 07:18:40,0.4309799789251844,0
3989,0883,0,2026-04-24 07:18:40,0.9205479452054794,0
3990,0886,0,2026-04-24 07:18:40,0.9205479452054794,0
3991,0887,0,2026-04-24 07:18:40,0.0697576396206533,0
3992,0890,0,2026-04-24 07:18:40,0.9205479452054794,0
3993,0891,0,2026-04-24 07:18:40,0.6554267650158061,0
3994,0893,0,2026-04-24 07:18:40,0.7696522655426765,0
3995,0895,0,2026-04-24 07:18:40,1.0000000000000000,0
3996,0897,0,2026-04-24 07:18:40,0.4309799789251844,0
3997,0898,0,2026-04-24 07:18:40,0.8480505795574289,0
3998,0902,0,2026-04-24 07:18:40,0.4309799789251844,0
3999,0907,0,2026-04-24 07:18:40,0.5924130663856692,0
4000,0909,0,2026-04-24 07:18:40,0.3464699683877766,0
4001,0913,0,2026-04-24 07:18:40,0.3464699683877766,0
4002,0915,0,2026-04-24 07:18:40,0.7696522655426765,0
4003,0916,0,2026-04-24 07:18:40,0.8480505795574289,0
4004,0919,0,2026-04-24 07:18:40,0.6554267650158061,0
4005,0922,0,2026-04-24 07:18:40,1.0000000000000000,0
4006,0923,0,2026-04-24 07:18:40,0.0697576396206533,0
4007,0928,0,2026-04-24 07:18:40,0.9205479452054794,0
4008,0929,0,2026-04-24 07:18:40,0.7696522655426765,0
4009,0933,0,2026-04-24 07:18:40,0.3464699683877766,0
4010,0934,0,2026-04-24 07:18:40,0.1401475237091676,0
4011,0937,0,2026-04-24 07:18:40,1.0000000000000000,0
4012,0939,0,2026-04-24 07:18:40,0.5245521601685985,0
4013,0942,0,2026-04-24 07:18:40,1.0000000000000000,0
4014,0944,0,2026-04-24 07:18:40,0.6554267650158061,0
4015,0948,0,2026-04-24 07:18:40,0.1401475237091676,0
4016,0956,0,2026-04-24 07:18:40,0.9205479452054794,0
4017,0958,0,2026-04-24 07:18:40,0.8480505795574289,0
4018,0964,0,2026-04-24 07:18:40,0.9205479452054794,0
4019,0965,0,2026-04-24 07:18:40,0.2798735511064278,0
4020,0968,0,2026-04-24 07:18:40,0.9205479452054794,0
4021,0970,0,2026-04-24 07:18:40,0.1401475237091676,0
4022,0972,0,2026-04-24 07:18:40,0.5245521601685985,0
4023,0976,0,2026-04-24 07:18:40,0.6554267650158061,0
4024,0980,0,2026-04-24 07:18:40,0.3464699683877766,0
4025,0987,0,2026-04-24 07:18:40,1.0000000000000000,0
4026,0989,0,2026-04-24 07:18:40,0.5924130663856692,0
4027,0990,0,2026-04-24 07:18:40,0.7696522655426765,0
4028,0992,0,2026-04-24 07:18:40,1.0000000000000000,0
4029,0998,0,2026-04-24 07:18:40,0.7696522655426765,0
4030,0999,0,2026-04-24 07:18:40,0.5245521601685985,0
4031,0001,0,2026-04-24 07:18:50,0.2061116965226554,0
4032,0003,0,2026-04-24 07:18:50,0.5245521601685985,0
4033,0018,0,2026-04-24 07:18:50,0.2061116965226554,0
4034,0021,0,2026-04-24 07:18:50,0.8480505795574289,0
4035,0023,0,2026-04-24 07:18:50,0.8480505795574289,0
4036,0042,0,2026-04-24 07:18:50,0.7696522655426765,0
4037,0050,0,2026-04-24 07:18:50,0.4309799789251844,0
4038,0060,0,2026-04-24 07:18:50,0.0697576396206533,0
4039,0062,0,2026-04-24 07:18:50,0.5245521601685985,0
4040,0070,0,2026-04-24 07:18:50,0.5245521601685985,0
4041,0073,0,2026-04-24 07:18:50,0.2061116965226554,0
4042,0081,0,2026-04-24 07:18:50,0.3464699683877766,0
4043,0085,0,2026-04-24 07:18:50,0.3464699683877766,0
4044,0088,0,2026-04-24 07:18:50,0.8480505795574289,0
4045,0092,0,2026-04-24 07:18:50,0.4309799789251844,0
4046,0096,0,2026-04-24 07:18:50,0.5924130663856692,0
4047,0105,0,2026-04-24 07:18:50,0.6554267650158061,0
4048,0107,0,2026-04-24 07:18:50,0.0697576396206533,0
4049,0109,0,2026-04-24 07:18:50,0.6554267650158061,0
4050,0111,0,2026-04-24 07:18:50,1.0000000000000000,0
4051,0127,0,2026-04-24 07:18:50,0.2061116965226554,0
4052,0145,0,2026-04-24 07:18:50,1.0000000000000000,0
4053,0162,0,2026-04-24 07:18:50,0.4309799789251844,0
4054,0176,0,2026-04-24 07:18:50,0.2061116965226554,0
4055,0186,0,2026-04-24 07:18:50,0.3464699683877766,0
4056,0187,0,2026-04-24 07:18:50,0.0697576396206533,0
4057,0197,0,2026-04-24 07:18:50,1.0000000000000000,0
4058,0204,0,2026-04-24 07:18:50,0.7696522655426765,0
4059,0208,0,2026-04-24 07:18:50,0.4309799789251844,0
4060,0210,0,2026-04-24 07:18:50,0.4309799789251844,0
4061,0217,0,2026-04-24 07:18:50,0.1401475237091676,0
4062,0225,0,2026-04-24 07:18:50,0.8480505795574289,0
4063,0238,0,2026-04-24 07:18:50,0.1401475237091676,0
4064,0240,0,2026-04-24 07:18:50,0.9205479452054794,0
4065,0245,0,2026-04-24 07:18:50,0.1401475237091676,0
4066,0251,0,2026-04-24 07:18:50,0.4309799789251844,0
4067,0258,0,2026-04-24 07:18:50,0.0697576396206533,0
4068,0294,0,2026-04-24 07:18:50,0.8480505795574289,0
4069,0298,0,2026-04-24 07:18:50,0.8480505795574289,0
4070,0327,0,2026-04-24 07:18:50,0.6554267650158061,0
4071,0336,0,2026-04-24 07:18:50,0.2798735511064278,0
4072,0363,0,2026-04-24 07:18:50,0.1401475237091676,0
4073,0364,0,2026-04-24 07:18:50,0.5245521601685985,0
4074,0367,0,2026-04-24 07:18:50,0.5924130663856692,0
4075,0377,0,2026-04-24 07:18:50,0.6554267650158061,0
4076,0395,0,2026-04-24 07:18:50,0.5245521601685985,0
4077,0396,0,2026-04-24 07:18:50,0.7696522655426765,0
4078,0399,0,2026-04-24 07:18:50,0.1401475237091676,0
4079,0416,0,2026-04-24 07:18:50,0.8480505795574289,0
4080,0418,0,2026-04-24 07:18:50,0.0697576396206533,0
4081,0436,0,2026-04-24 07:18:50,0.8480505795574289,0
4082,0437,0,2026-04-24 07:18:50,0.0697576396206533,0
4083,0439,0,2026-04-24 07:18:50,0.7696522655426765,0
4084,0448,0,2026-04-24 07:18:50,0.5245521601685985,0
4085,0450,0,2026-04-24 07:18:50,0.2798735511064278,0
4086,0453,0,2026-04-24 07:18:50,0.1401475237091676,0
4087,0454,0,2026-04-24 07:18:50,0.8480505795574289,0
4088,0456,0,2026-04-24 07:18:50,0.7696522655426765,0
4089,0461,0,2026-04-24 07:18:50,0.1401475237091676,0
4090,0489,0,2026-04-24 07:18:50,1.0000000000000000,0
4091,0494,0,2026-04-24 07:18:50,1.0000000000000000,0
4092,0498,0,2026-04-24 07:18:50,0.2798735511064278,0
4093,0516,0,2026-04-24 07:18:50,0.1401475237091676,0
4094,0519,0,2026-04-24 07:18:50,0.9205479452054794,0
4095,0524,0,2026-04-24 07:18:50,0.5245521601685985,0
4096,0525,0,2026-04-24 07:18:50,0.3464699683877766,0
4097,0527,0,2026-04-24 07:18:50,0.7696522655426765,0
4098,0537,0,2026-04-24 07:18:50,0.7696522655426765,0
4099,0541,0,2026-04-24 07:18:50,0.5924130663856692,0
4100,0544,0,2026-04-24 07:18:50,1.0000000000000000,0
4101,0551,0,2026-04-24 07:18:50,0.1401475237091676,0
4102,0553,0,2026-04-24 07:18:50,0.1401475237091676,0
4103,0554,0,2026-04-24 07:18:50,0.5245521601685985,0
4104,0563,0,2026-04-24 07:18:50,0.9205479452054794,0
4105,0564,0,2026-04-24 07:18:50,0.4309799789251844,0
4106,0565,0,2026-04-24 07:18:50,0.2798735511064278,0
4107,0578,0,2026-04-24 07:18:50,0.5245521601685985,0
4108,0584,0,2026-04-24 07:18:50,0.2798735511064278,0
4109,0591,0,2026-04-24 07:18:50,0.4309799789251844,0
4110,0604,0,2026-04-24 07:18:50,0.5245521601685985,0
4111,0609,0,2026-04-24 07:18:50,0.5924130663856692,0
4112,0617,0,2026-04-24 07:18:50,0.7696522655426765,0
4113,0625,0,2026-04-24 07:18:50,0.5924130663856692,0
4114,0645,0,2026-04-24 07:18:50,0.8480505795574289,0
4115,0646,0,2026-04-24 07:18:50,1.0000000000000000,0
4116,0659,0,2026-04-24 07:18:50,0.9205479452054794,0
4117,0663,0,2026-04-24 07:18:50,0.7696522655426765,0
4118,0669,0,2026-04-24 07:18:50,0.0697576396206533,0
4119,0672,0,2026-04-24 07:18:50,0.2798735511064278,0
4120,0673,0,2026-04-24 07:18:50,0.7696522655426765,0
4121,0674,0,2026-04-24 07:18:50,0.5924130663856692,0
4122,0685,0,2026-04-24 07:18:50,0.2061116965226554,0
4123,0687,0,2026-04-24 07:18:50,0.3464699683877766,0
4124,0697,0,2026-04-24 07:18:50,0.2798735511064278,0
4125,0702,0,2026-04-24 07:18:50,0.2798735511064278,0
4126,0707,0,2026-04-24 07:18:50,0.9205479452054794,0
4127,0708,0,2026-04-24 07:18:50,0.8480505795574289,0
4128,0722,0,2026-04-24 07:18:50,0.3464699683877766,0
4129,0723,0,2026-04-24 07:18:50,0.6554267650158061,0
4130,0725,0,2026-04-24 07:18:50,0.3464699683877766,0
4131,0728,0,2026-04-24 07:18:50,0.1401475237091676,0
4132,0729,0,2026-04-24 07:18:50,0.2061116965226554,0
4133,0743,0,2026-04-24 07:18:50,0.3464699683877766,0
4134,0744,0,2026-04-24 07:18:50,0.9205479452054794,0
4135,0764,0,2026-04-24 07:18:50,0.6554267650158061,0
4136,0765,0,2026-04-24 07:18:50,0.9205479452054794,0
4137,0768,0,2026-04-24 07:18:50,0.1401475237091676,0
4138,0782,0,2026-04-24 07:18:50,0.2798735511064278,0
4139,0785,0,2026-04-24 07:18:50,0.0697576396206533,0
4140,0804,0,2026-04-24 07:18:50,0.8480505795574289,0
4141,0808,0,2026-04-24 07:18:50,0.2798735511064278,0
4142,0810,0,2026-04-24 07:18:50,0.7696522655426765,0
4143,0815,0,2026-04-24 07:18:50,0.6554267650158061,0
4144,0818,0,2026-04-24 07:18:50,0.6554267650158061,0
4145,0828,0,2026-04-24 07:18:50,0.7696522655426765,0
4146,0833,0,2026-04-24 07:18:50,0.7696522655426765,0
4147,0845,0,2026-04-24 07:18:50,0.4309799789251844,0
4148,0861,0,2026-04-24 07:18:50,0.5245521601685985,0
4149,0873,0,2026-04-24 07:18:50,0.2061116965226554,0
4150,0875,0,2026-04-24 07:18:50,0.2798735511064278,0
4151,0877,0,2026-04-24 07:18:50,0.2798735511064278,0
4152,0883,0,2026-04-24 07:18:50,0.9205479452054794,0
4153,0886,0,2026-04-24 07:18:50,0.9205479452054794,0
4154,0887,0,2026-04-24 07:18:50,0.0697576396206533,0
4155,0893,0,2026-04-24 07:18:50,0.7696522655426765,0
4156,0895,0,2026-04-24 07:18:50,1.0000000000000000,0
4157,0898,0,2026-04-24 07:18:50,0.8480505795574289,0
4158,0902,0,2026-04-24 07:18:50,0.4309799789251844,0
4159,0907,0,2026-04-24 07:18:50,0.5924130663856692,0
4160,0916,0,2026-04-24 07:18:50,0.8480505795574289,0
4161,0919,0,2026-04-24 07:18:50,0.6554267650158061,0
4162,0928,0,2026-04-24 07:18:50,0.9205479452054794,0
4163,0929,0,2026-04-24 07:18:50,0.7696522655426765,0
4164,0933,0,2026-04-24 07:18:50,0.3464699683877766,0
4165,0934,0,2026-04-24 07:18:50,0.1401475237091676,0
4166,0970,0,2026-04-24 07:18:50,0.1401475237091676,0
4167,0972,0,2026-04-24 07:18:50,0.5245521601685985,0
4168,0976,0,2026-04-24 07:18:50,0.6554267650158061,0
4169,0980,0,2026-04-24 07:18:50,0.3464699683877766,0
4170,0987,0,2026-04-24 07:18:50,1.0000000000000000,1
4171,0990,0,2026-04-24 07:18:50,0.7696522655426765,0
4172,0001,0,2026-04-24 07:19:00,0.2061116965226554,0
4173,0003,0,2026-04-24 07:19:00,0.5245521601685985,0
4174,0018,0,2026-04-24 07:19:00,0.2061116965226554,0
4175,0021,0,2026-04-24 07:19:00,0.8480505795574289,0
4176,0023,0,2026-04-24 07:19:00,0.8480505795574289,0
4177,0042,0,2026-04-24 07:19:00,0.7696522655426765,0
4178,0050,0,2026-04-24 07:19:00,0.4309799789251844,0
4179,0060,0,2026-04-24 07:19:00,0.0697576396206533,0
4180,0062,0,2026-04-24 07:19:00,0.5245521601685985,0
4181,0070,0,2026-04-24 07:19:00,0.5245521601685985,0
4182,0073,0,2026-04-24 07:19:00,0.2061116965226554,0
4183,0081,0,2026-04-24 07:19:00,0.3464699683877766,0
4184,0085,0,2026-04-24 07:19:00,0.3464699683877766,0
4185,0088,0,2026-04-24 07:19:00,0.8480505795574289,0
4186,0092,0,2026-04-24 07:19:00,0.4309799789251844,0
4187,0096,0,2026-04-24 07:19:00,0.5924130663856692,0
4188,0105,0,2026-04-24 07:19:00,0.6554267650158061,0
4189,0107,0,2026-04-24 07:19:00,0.0697576396206533,0
4190,0109,0,2026-04-24 07:19:00,0.6554267650158061,0
4191,0111,0,2026-04-24 07:19:00,1.0000000000000000,0
4192,0127,0,2026-04-24 07:19:00,0.2061116965226554,0
4193,0145,0,2026-04-24 07:19:00,1.0000000000000000,0
4194,0162,0,2026-04-24 07:19:00,0.4309799789251844,0
4195,0176,0,2026-04-24 07:19:00,0.2061116965226554,0
4196,0186,0,2026-04-24 07:19:00,0.3464699683877766,0
4197,0187,0,2026-04-24 07:19:00,0.0697576396206533,0
4198,0197,0,2026-04-24 07:19:00,1.0000000000000000,0
4199,0204,0,2026-04-24 07:19:00,0.7696522655426765,0
4200,0208,0,2026-04-24 07:19:00,0.4309799789251844,0
4201,0210,0,2026-04-24 07:19:00,0.4309799789251844,0
4202,0217,0,2026-04-24 07:19:00,0.1401475237091676,0
4203,0225,0,2026-04-24 07:19:00,0.8480505795574289,0
4204,0238,0,2026-04-24 07:19:00,0.1401475237091676,0
4205,0240,0,2026-04-24 07:19:00,0.9205479452054794,0
4206,0245,0,2026-04-24 07:19:00,0.1401475237091676,0
4207,0251,0,2026-04-24 07:19:00,0.4309799789251844,0
4208,0258,0,2026-04-24 07:19:00,0.0697576396206533,0
4209,0294,0,2026-04-24 07:19:00,0.8480505795574289,0
4210,0298,0,2026-04-24 07:19:00,0.8480505795574289,0
4211,0327,0,2026-04-24 07:19:00,0.6554267650158061,0
4212,0336,0,2026-04-24 07:19:00,0.2798735511064278,0
4213,0363,0,2026-04-24 07:19:00,0.1401475237091676,0
4214,0364,0,2026-04-24 07:19:00,0.5245521601685985,0
4215,0367,0,2026-04-24 07:19:00,0.5924130663856692,0
4216,0377,0,2026-04-24 07:19:00,0.6554267650158061,0
4217,0395,0,2026-04-24 07:19:00,0.5245521601685985,0
4218,0396,0,2026-04-24 07:19:00,0.7696522655426765,0
4219,0399,0,2026-04-24 07:19:00,0.1401475237091676,0
4220,0416,0,2026-04-24 07:19:00,0.8480505795574289,0
4221,0418,0,2026-04-24 07:19:00,0.0697576396206533,0
4222,0436,0,2026-04-24 07:19:00,0.8480505795574289,0
4223,0437,0,2026-04-24 07:19:00,0.0697576396206533,0
4224,0439,0,2026-04-24 07:19:00,0.7696522655426765,0
4225,0448,0,2026-04-24 07:19:00,0.5245521601685985,0
4226,0450,0,2026-04-24 07:19:00,0.2798735511064278,0
4227,0453,0,2026-04-24 07:19:00,0.1401475237091676,0
4228,0454,0,2026-04-24 07:19:00,0.8480505795574289,0
4229,0456,0,2026-04-24 07:19:00,0.7696522655426765,0
4230,0461,0,2026-04-24 07:19:00,0.1401475237091676,0
4231,0489,0,2026-04-24 07:19:00,1.0000000000000000,0
4232,0494,0,2026-04-24 07:19:00,1.0000000000000000,0
4233,0498,0,2026-04-24 07:19:00,0.2798735511064278,0
4234,0516,0,2026-04-24 07:19:00,0.1401475237091676,0
4235,0519,0,2026-04-24 07:19:00,0.9205479452054794,0
4236,0524,0,2026-04-24 07:19:00,0.5245521601685985,0
4237,0525,0,2026-04-24 07:19:00,0.3464699683877766,0
4238,0527,0,2026-04-24 07:19:00,0.7696522655426765,0
4239,0537,0,2026-04-24 07:19:00,0.7696522655426765,0
4240,0541,0,2026-04-24 07:19:00,0.5924130663856692,0
4241,0544,0,2026-04-24 07:19:00,1.0000000000000000,1
4242,0551,0,2026-04-24 07:19:00,0.1401475237091676,0
4243,0553,0,2026-04-24 07:19:00,0.1401475237091676,0
4244,0554,0,2026-04-24 07:19:00,0.5245521601685985,0
4245,0563,0,2026-04-24 07:19:00,0.9205479452054794,0
4246,0564,0,2026-04-24 07:19:00,0.4309799789251844,0
4247,0565,0,2026-04-24 07:19:00,0.2798735511064278,0
4248,0578,0,2026-04-24 07:19:00,0.5245521601685985,0
4249,0584,0,2026-04-24 07:19:00,0.2798735511064278,0
4250,0591,0,2026-04-24 07:19:00,0.4309799789251844,0
4251,0604,0,2026-04-24 07:19:00,0.5245521601685985,0
4252,0609,0,2026-04-24 07:19:00,0.5924130663856692,0
4253,0617,0,2026-04-24 07:19:00,0.7696522655426765,0
4254,0625,0,2026-04-24 07:19:00,0.5924130663856692,0
4255,0645,0,2026-04-24 07:19:00,0.8480505795574289,0
4256,0646,0,2026-04-24 07:19:00,1.0000000000000000,0
4257,0659,0,2026-04-24 07:19:00,0.9205479452054794,0
4258,0663,0,2026-04-24 07:19:00,0.7696522655426765,0
4259,0669,0,2026-04-24 07:19:00,0.0697576396206533,0
4260,0672,0,2026-04-24 07:19:00,0.2798735511064278,0
4261,0673,0,2026-04-24 07:19:00,0.7696522655426765,0
4262,0674,0,2026-04-24 07:19:00,0.5924130663856692,0
4263,0685,0,2026-04-24 07:19:00,0.2061116965226554,0
4264,0687,0,2026-04-24 07:19:00,0.3464699683877766,0
4265,0697,0,2026-04-24 07:19:00,0.2798735511064278,0
4266,0702,0,2026-04-24 07:19:00,0.2798735511064278,0
4267,0707,0,2026-04-24 07:19:00,0.9205479452054794,0
4268,0708,0,2026-04-24 07:19:00,0.8480505795574289,0
4269,0722,0,2026-04-24 07:19:00,0.3464699683877766,0
4270,0723,0,2026-04-24 07:19:00,0.6554267650158061,0
4271,0725,0,2026-04-24 07:19:00,0.3464699683877766,0
4272,0728,0,2026-04-24 07:19:00,0.1401475237091676,0
4273,0729,0,2026-04-24 07:19:00,0.2061116965226554,0
4274,0743,0,2026-04-24 07:19:00,0.3464699683877766,0
4275,0744,0,2026-04-24 07:19:00,0.9205479452054794,0
4276,0764,0,2026-04-24 07:19:00,0.6554267650158061,0
4277,0765,0,2026-04-24 07:19:00,0.9205479452054794,0
4278,0768,0,2026-04-24 07:19:00,0.1401475237091676,0
4279,0782,0,2026-04-24 07:19:00,0.2798735511064278,0
4280,0785,0,2026-04-24 07:19:00,0.0697576396206533,0
4281,0804,0,2026-04-24 07:19:00,0.8480505795574289,0
4282,0808,0,2026-04-24 07:19:00,0.2798735511064278,0
4283,0810,0,2026-04-24 07:19:00,0.7696522655426765,0
4284,0815,0,2026-04-24 07:19:00,0.6554267650158061,0
4285,0818,0,2026-04-24 07:19:00,0.6554267650158061,0
4286,0828,0,2026-04-24 07:19:00,0.7696522655426765,0
4287,0833,0,2026-04-24 07:19:00,0.7696522655426765,0
4288,0845,0,2026-04-24 07:19:00,0.4309799789251844,0
4289,0861,0,2026-04-24 07:19:00,0.5245521601685985,0
4290,0873,0,2026-04-24 07:19:00,0.2061116965226554,0
4291,0875,0,2026-04-24 07:19:00,0.2798735511064278,0
4292,0877,0,2026-04-24 07:19:00,0.2798735511064278,0
4293,0883,0,2026-04-24 07:19:00,0.9205479452054794,0
4294,0886,0,2026-04-24 07:19:00,0.9205479452054794,0
4295,0887,0,2026-04-24 07:19:00,0.0697576396206533,0
4296,0893,0,2026-04-24 07:19:00,0.7696522655426765,0
4297,0895,0,2026-04-24 07:19:00,1.0000000000000000,0
4298,0898,0,2026-04-24 07:19:00,0.8480505795574289,0
4299,0902,0,2026-04-24 07:19:00,0.4309799789251844,0
4300,0907,0,2026-04-24 07:19:00,0.5924130663856692,0
4301,0916,0,2026-04-24 07:19:00,0.8480505795574289,0
4302,0919,0,2026-04-24 07:19:00,0.6554267650158061,0
4303,0928,0,2026-04-24 07:19:00,0.9205479452054794,0
4304,0929,0,2026-04-24 07:19:00,0.7696522655426765,0
4305,0933,0,2026-04-24 07:19:00,0.3464699683877766,0
4306,0934,0,2026-04-24 07:19:00,0.1401475237091676,0
4307,0970,0,2026-04-24 07:19:00,0.1401475237091676,0
4308,0972,0,2026-04-24 07:19:00,0.5245521601685985,0
4309,0976,0,2026-04-24 07:19:00,0.6554267650158061,0
4310,0980,0,2026-04-24 07:19:00,0.3464699683877766,0
4311,0987,0,2026-04-24 07:19:00,1.0000000000000000,0
4312,0990,0,2026-04-24 07:19:00,0.7696522655426765,0
4313,0537,0,2026-04-24 07:19:10,0.7696522655426765,1
4314,0808,0,2026-04-24 07:19:10,0.2798735511064278,0
4315,0808,0,2026-04-24 07:19:20,0.2798735511064278,0
4316,0808,0,2026-04-24 07:19:20,0.2798735511064278,0
4317,0808,0,2026-04-24 07:19:30,0.2798735511064278,0
4318,0808,0,2026-04-24 07:19:30,0.2798735511064278,1
4319,0808,0,2026-04-24 07:19:40,0.2798735511064278,0
4320,0808,0,2026-04-24 07:19:40,0.2798735511064278,0
4321,0808,0,2026-04-24 07:19:50,0.2798735511064278,0
4322,0808,0,2026-04-24 07:19:50,0.2798735511064278,0
4323,0910,0,2026-04-24 07:19:50,0.9205479452054794,0
4324,0808,0,2026-04-24 07:20:00,0.2798735511064278,1
4325,0808,0,2026-04-24 07:20:00,0.2798735511064278,0
4326,0910,0,2026-04-24 07:20:00,0.9205479452054794,0
4327,0808,0,2026-04-24 07:20:10,0.2798735511064278,0
4328,0910,0,2026-04-24 07:20:10,0.9205479452054794,0
4329,0808,0,2026-04-24 07:20:20,0.2798735511064278,0
4330,0910,0,2026-04-24 07:20:20,0.9205479452054794,0
4331,0808,0,2026-04-24 07:20:30,0.2798735511064278,0
4332,0910,0,2026-04-24 07:20:30,0.9205479452054794,0
4333,0910,0,2026-04-24 07:20:40,0.9205479452054794,0
4334,0910,0,2026-04-24 07:20:50,0.9205479452054794,0
4335,0910,0,2026-04-24 07:21:00,0.9205479452054794,0
4336,0910,0,2026-04-24 07:21:10,0.9205479452054794,0
4337,0910,0,2026-04-24 07:21:20,0.9205479452054794,0
4338,0910,0,2026-04-24 07:21:30,0.9205479452054794,0
4339,0910,0,2026-04-24 07:21:40,0.9205479452054794,1
4340,0296,0,2026-04-24 07:22:50,0.7696522655426765,0
4341,0296,0,2026-04-24 07:23:00,0.7696522655426765,0
4342,0296,0,2026-04-24 07:23:10,0.7696522655426765,1
4343,0296,0,2026-04-24 07:23:20,0.7696522655426765,0
4344,0296,0,2026-04-24 07:23:30,0.7696522655426765,1
4345,0296,0,2026-04-24 07:23:40,0.7696522655426765,0
4346,0296,0,2026-04-24 07:23:50,0.7696522655426765,0
4347,0889,0,2026-04-24 07:23:50,0.8480505795574289,0
4348,0296,0,2026-04-24 07:24:00,0.7696522655426765,0
4349,0889,0,2026-04-24 07:24:00,0.8480505795574289,0
4350,0296,0,2026-04-24 07:24:10,0.7696522655426765,0
4351,0889,0,2026-04-24 07:24:10,0.8480505795574289,0
4352,0296,0,2026-04-24 07:24:20,0.7696522655426765,0
4353,0889,0,2026-04-24 07:24:20,0.8480505795574289,0
4354,0296,0,2026-04-24 07:24:30,0.7696522655426765,0
4355,0889,0,2026-04-24 07:24:30,0.8480505795574289,0
4356,0889,0,2026-04-24 07:24:40,0.8480505795574289,1
4357,0889,0,2026-04-24 07:24:50,0.8480505795574289,1
4358,0889,0,2026-04-24 07:25:00,0.8480505795574289,0
4359,0889,0,2026-04-24 07:25:10,0.8480505795574289,0
4360,0693,0,2026-04-24 07:25:20,1.0000000000000000,0
4361,0889,0,2026-04-24 07:25:20,0.8480505795574289,0
4362,0693,0,2026-04-24 07:25:30,1.0000000000000000,0
4363,0693,0,2026-04-24 07:25:40,1.0000000000000000,0
4364,0693,0,2026-04-24 07:25:50,1.0000000000000000,0
4365,0693,0,2026-04-24 07:26:00,1.0000000000000000,0
4366,0693,0,2026-04-24 07:26:10,1.0000000000000000,0
4367,0693,0,2026-04-24 07:26:20,1.0000000000000000,0
4368,0693,0,2026-04-24 07:26:30,1.0000000000000000,0
4369,0693,0,2026-04-24 07:26:40,1.0000000000000000,1
4370,0084,0,2026-04-24 07:28:40,0.4309799789251844,1
4371,0084,0,2026-04-24 07:28:50,0.4309799789251844,1
4372,0084,0,2026-04-24 07:29:00,0.4309799789251844,0
4373,0359,0,2026-04-24 07:29:00,0.2798735511064278,0
4374,0391,0,2026-04-24 07:29:00,0.3464699683877766,0
4375,0084,0,2026-04-24 07:29:10,0.4309799789251844,0
4376,0359,0,2026-04-24 07:29:10,0.2798735511064278,0
4377,0391,0,2026-04-24 07:29:10,0.3464699683877766,0
4378,0084,0,2026-04-24 07:29:20,0.4309799789251844,0
4379,0359,0,2026-04-24 07:29:20,0.2798735511064278,0
4380,0391,0,2026-04-24 07:29:20,0.3464699683877766,0
4381,0084,0,2026-04-24 07:29:30,0.4309799789251844,0
4382,0359,0,2026-04-24 07:29:30,0.2798735511064278,0
4383,0391,0,2026-04-24 07:29:30,0.3464699683877766,0
4384,0084,0,2026-04-24 07:29:40,0.4309799789251844,0
4385,0359,0,2026-04-24 07:29:40,0.2798735511064278,0
4386,0391,0,2026-04-24 07:29:40,0.3464699683877766,0
4387,0590,0,2026-04-24 07:29:40,0.9205479452054794,0
4388,0084,0,2026-04-24 07:29:50,0.4309799789251844,0
4389,0359,0,2026-04-24 07:29:50,0.2798735511064278,0
4390,0391,0,2026-04-24 07:29:50,0.3464699683877766,0
4391,0590,0,2026-04-24 07:29:50,0.9205479452054794,1
4392,0084,0,2026-04-24 07:30:00,0.4309799789251844,0
4393,0359,0,2026-04-24 07:30:00,0.2798735511064278,0
4394,0391,0,2026-04-24 07:30:00,0.3464699683877766,0
4395,0590,0,2026-04-24 07:30:00,0.9205479452054794,0
4396,0084,0,2026-04-24 07:30:10,0.4309799789251844,0
4397,0359,0,2026-04-24 07:30:10,0.2798735511064278,0
4398,0391,0,2026-04-24 07:30:10,0.3464699683877766,0
4399,0590,0,2026-04-24 07:30:10,0.9205479452054794,0
4400,0084,0,2026-04-24 07:30:20,0.4309799789251844,0
4401,0359,0,2026-04-24 07:30:20,0.2798735511064278,1
4402,0391,0,2026-04-24 07:30:20,0.3464699683877766,0
4403,0590,0,2026-04-24 07:30:20,0.9205479452054794,0
4404,0084,0,2026-04-24 07:30:30,0.4309799789251844,0
4405,0359,0,2026-04-24 07:30:30,0.2798735511064278,0
4406,0391,0,2026-04-24 07:30:30,0.3464699683877766,0
4407,0590,0,2026-04-24 07:30:30,0.9205479452054794,0
4408,0359,0,2026-04-24 07:30:40,0.2798735511064278,0
4409,0391,0,2026-04-24 07:30:40,0.3464699683877766,1
4410,0359,0,2026-04-24 07:30:50,0.2798735511064278,0
4411,0391,0,2026-04-24 07:30:50,0.3464699683877766,1
4412,0172,0,2026-04-24 08:42:30,0.3464699683877766,1
4413,0172,0,2026-04-24 08:42:40,0.3464699683877766,0
4414,0172,0,2026-04-24 08:42:50,0.3464699683877766,0
4415,0172,0,2026-04-24 08:43:00,0.3464699683877766,1
4416,0172,0,2026-04-24 08:43:00,0.3464699683877766,0
4417,0172,0,2026-04-24 08:43:10,0.3464699683877766,0
4418,0172,0,2026-04-24 08:43:10,0.3464699683877766,0
4419,0076,0,2026-04-24 08:43:20,0.2798735511064278,0
4420,0172,0,2026-04-24 08:43:20,0.3464699683877766,0
4421,0172,0,2026-04-24 08:43:20,0.3464699683877766,0
4422,0076,0,2026-04-24 08:43:30,0.2798735511064278,0
4423,0172,0,2026-04-24 08:43:30,0.3464699683877766,0
4424,0172,0,2026-04-24 08:43:30,0.3464699683877766,0
4425,0076,0,2026-04-24 08:43:40,0.2798735511064278,0
4426,0172,0,2026-04-24 08:43:40,0.3464699683877766,0
4427,0076,0,2026-04-24 08:43:50,0.2798735511064278,0
4428,0172,0,2026-04-24 08:43:50,0.3464699683877766,0
4429,0076,0,2026-04-24 08:44:00,0.2798735511064278,1
4430,0172,0,2026-04-24 08:44:00,0.3464699683877766,0
4431,0076,0,2026-04-24 08:44:10,0.2798735511064278,0
4432,0076,0,2026-04-24 08:44:20,0.2798735511064278,0
4433,0076,0,2026-04-24 08:44:30,0.2798735511064278,0
4434,0076,0,2026-04-24 08:44:40,0.2798735511064278,0
4435,0076,0,2026-04-24 08:44:50,0.2798735511064278,0
4436,0076,0,2026-04-24 08:45:00,0.2798735511064278,0
4437,0193,0,2026-04-24 08:45:00,0.0697576396206533,0
4438,0076,0,2026-04-24 08:45:10,0.2798735511064278,0
4439,0193,0,2026-04-24 08:45:10,0.0697576396206533,0
4440,0493,0,2026-04-24 08:45:10,0.5924130663856692,0
4441,0193,0,2026-04-24 08:45:20,0.0697576396206533,0
4442,0481,0,2026-04-24 08:45:20,1.0000000000000000,1
4443,0493,0,2026-04-24 08:45:20,0.5924130663856692,0
4444,0193,0,2026-04-24 08:45:30,0.0697576396206533,0
4445,0481,0,2026-04-24 08:45:30,1.0000000000000000,0
4446,0493,0,2026-04-24 08:45:30,0.5924130663856692,0
4447,0057,0,2026-04-24 08:45:40,0.2061116965226554,0
4448,0481,0,2026-04-24 08:45:40,1.0000000000000000,0
4449,0493,0,2026-04-24 08:45:40,0.5924130663856692,1
4450,0057,0,2026-04-24 08:45:50,0.2061116965226554,0
4451,0481,0,2026-04-24 08:45:50,1.0000000000000000,0
4452,0493,0,2026-04-24 08:45:50,0.5924130663856692,0
4453,0057,0,2026-04-24 08:46:00,0.2061116965226554,0
4454,0481,0,2026-04-24 08:46:00,1.0000000000000000,0
4455,0493,0,2026-04-24 08:46:00,0.5924130663856692,0
4456,0535,0,2026-04-24 08:46:00,1.0000000000000000,1
4457,0057,0,2026-04-24 08:46:10,0.2061116965226554,0
4458,0221,0,2026-04-24 08:46:10,0.8480505795574289,0
4459,0481,0,2026-04-24 08:46:10,1.0000000000000000,0
4460,0493,0,2026-04-24 08:46:10,0.5924130663856692,0
4461,0535,0,2026-04-24 08:46:10,1.0000000000000000,1
4462,0626,0,2026-04-24 08:46:10,0.7696522655426765,0
4463,0057,0,2026-04-24 08:46:20,0.2061116965226554,0
4464,0221,0,2026-04-24 08:46:20,0.8480505795574289,0
4465,0430,0,2026-04-24 08:46:20,0.9205479452054794,1
4466,0493,0,2026-04-24 08:46:20,0.5924130663856692,0
4467,0535,0,2026-04-24 08:46:20,1.0000000000000000,0
4468,0626,0,2026-04-24 08:46:20,0.7696522655426765,0
4469,0874,0,2026-04-24 08:46:20,0.2061116965226554,0
4470,0057,0,2026-04-24 08:46:30,0.2061116965226554,0
4471,0221,0,2026-04-24 08:46:30,0.8480505795574289,0
4472,0350,0,2026-04-24 08:46:30,0.7696522655426765,0
4473,0430,0,2026-04-24 08:46:30,0.9205479452054794,1
4474,0493,0,2026-04-24 08:46:30,0.5924130663856692,0
4475,0535,0,2026-04-24 08:46:30,1.0000000000000000,0
4476,0626,0,2026-04-24 08:46:30,0.7696522655426765,0
4477,0789,0,2026-04-24 08:46:30,0.1401475237091676,0
4478,0874,0,2026-04-24 08:46:30,0.2061116965226554,0
4479,0057,0,2026-04-24 08:46:40,0.2061116965226554,0
4480,0221,0,2026-04-24 08:46:40,0.8480505795574289,0
4481,0350,0,2026-04-24 08:46:40,0.7696522655426765,1
4482,0430,0,2026-04-24 08:46:40,0.9205479452054794,0
4483,0493,0,2026-04-24 08:46:40,0.5924130663856692,0
4484,0535,0,2026-04-24 08:46:40,1.0000000000000000,0
4485,0626,0,2026-04-24 08:46:40,0.7696522655426765,0
4486,0789,0,2026-04-24 08:46:40,0.1401475237091676,0
4487,0874,0,2026-04-24 08:46:40,0.2061116965226554,0
4488,0034,0,2026-04-24 08:46:50,0.2061116965226554,0
4489,0057,0,2026-04-24 08:46:50,0.2061116965226554,0
4490,0221,0,2026-04-24 08:46:50,0.8480505795574289,0
4491,0350,0,2026-04-24 08:46:50,0.7696522655426765,0
4492,0351,0,2026-04-24 08:46:50,0.5245521601685985,0
4493,0430,0,2026-04-24 08:46:50,0.9205479452054794,0
4494,0493,0,2026-04-24 08:46:50,0.5924130663856692,0
4495,0535,0,2026-04-24 08:46:50,1.0000000000000000,0
4496,0626,0,2026-04-24 08:46:50,0.7696522655426765,0
4497,0789,0,2026-04-24 08:46:50,0.1401475237091676,0
4498,0874,0,2026-04-24 08:46:50,0.2061116965226554,0
4499,0034,0,2026-04-24 08:47:00,0.2061116965226554,0
4500,0057,0,2026-04-24 08:47:00,0.2061116965226554,0
4501,0221,0,2026-04-24 08:47:00,0.8480505795574289,1
4502,0350,0,2026-04-24 08:47:00,0.7696522655426765,0
4503,0351,0,2026-04-24 08:47:00,0.5245521601685985,0
4504,0430,0,2026-04-24 08:47:00,0.9205479452054794,0
4505,0493,0,2026-04-24 08:47:00,0.5924130663856692,0
4506,0535,0,2026-04-24 08:47:00,1.0000000000000000,0
4507,0626,0,2026-04-24 08:47:00,0.7696522655426765,0
4508,0698,0,2026-04-24 08:47:00,0.9205479452054794,0
4509,0789,0,2026-04-24 08:47:00,0.1401475237091676,0
4510,0874,0,2026-04-24 08:47:00,0.2061116965226554,0
4511,0034,0,2026-04-24 08:47:10,0.2061116965226554,0
4512,0221,0,2026-04-24 08:47:10,0.8480505795574289,0
4513,0350,0,2026-04-24 08:47:10,0.7696522655426765,0
4514,0351,0,2026-04-24 08:47:10,0.5245521601685985,0
4515,0427,0,2026-04-24 08:47:10,0.4309799789251844,0
4516,0430,0,2026-04-24 08:47:10,0.9205479452054794,0
4517,0535,0,2026-04-24 08:47:10,1.0000000000000000,0
4518,0626,0,2026-04-24 08:47:10,0.7696522655426765,0
4519,0698,0,2026-04-24 08:47:10,0.9205479452054794,0
4520,0789,0,2026-04-24 08:47:10,0.1401475237091676,0
4521,0874,0,2026-04-24 08:47:10,0.2061116965226554,0
4522,0034,0,2026-04-24 08:47:20,0.2061116965226554,0
4523,0221,0,2026-04-24 08:47:20,0.8480505795574289,0
4524,0350,0,2026-04-24 08:47:20,0.7696522655426765,0
4525,0351,0,2026-04-24 08:47:20,0.5245521601685985,0
4526,0427,0,2026-04-24 08:47:20,0.4309799789251844,0
4527,0430,0,2026-04-24 08:47:20,0.9205479452054794,0
4528,0535,0,2026-04-24 08:47:20,1.0000000000000000,0
4529,0698,0,2026-04-24 08:47:20,0.9205479452054794,1
4530,0789,0,2026-04-24 08:47:20,0.1401475237091676,0
4531,0874,0,2026-04-24 08:47:20,0.2061116965226554,0
4532,0034,0,2026-04-24 08:47:30,0.2061116965226554,0
4533,0221,0,2026-04-24 08:47:30,0.8480505795574289,0
4534,0281,0,2026-04-24 08:47:30,0.3464699683877766,0
4535,0350,0,2026-04-24 08:47:30,0.7696522655426765,0
4536,0351,0,2026-04-24 08:47:30,0.5245521601685985,0
4537,0427,0,2026-04-24 08:47:30,0.4309799789251844,0
4538,0430,0,2026-04-24 08:47:30,0.9205479452054794,0
4539,0535,0,2026-04-24 08:47:30,1.0000000000000000,0
4540,0698,0,2026-04-24 08:47:30,0.9205479452054794,0
4541,0789,0,2026-04-24 08:47:30,0.1401475237091676,0
4542,0874,0,2026-04-24 08:47:30,0.2061116965226554,0
4543,0034,0,2026-04-24 08:47:40,0.2061116965226554,0
4544,0221,0,2026-04-24 08:47:40,0.8480505795574289,0
4545,0281,0,2026-04-24 08:47:40,0.3464699683877766,0
4546,0350,0,2026-04-24 08:47:40,0.7696522655426765,0
4547,0351,0,2026-04-24 08:47:40,0.5245521601685985,0
4548,0427,0,2026-04-24 08:47:40,0.4309799789251844,1
4549,0430,0,2026-04-24 08:47:40,0.9205479452054794,0
4550,0535,0,2026-04-24 08:47:40,1.0000000000000000,0
4551,0698,0,2026-04-24 08:47:40,0.9205479452054794,0
4552,0789,0,2026-04-24 08:47:40,0.1401475237091676,0
4553,0874,0,2026-04-24 08:47:40,0.2061116965226554,0
4554,0034,0,2026-04-24 08:47:50,0.2061116965226554,0
4555,0135,0,2026-04-24 08:47:50,0.7696522655426765,0
4556,0140,0,2026-04-24 08:47:50,0.6554267650158061,0
4557,0221,0,2026-04-24 08:47:50,0.8480505795574289,0
4558,0281,0,2026-04-24 08:47:50,0.3464699683877766,0
4559,0350,0,2026-04-24 08:47:50,0.7696522655426765,0
4560,0351,0,2026-04-24 08:47:50,0.5245521601685985,0
4561,0427,0,2026-04-24 08:47:50,0.4309799789251844,0
4562,0611,0,2026-04-24 08:47:50,0.9205479452054794,0
4563,0637,0,2026-04-24 08:47:50,0.5245521601685985,0
4564,0698,0,2026-04-24 08:47:50,0.9205479452054794,0
4565,0789,0,2026-04-24 08:47:50,0.1401475237091676,0
4566,0034,0,2026-04-24 08:48:00,0.2061116965226554,0
4567,0100,0,2026-04-24 08:48:00,0.5245521601685985,1
4568,0135,0,2026-04-24 08:48:00,0.7696522655426765,0
4569,0140,0,2026-04-24 08:48:00,0.6554267650158061,0
4570,0281,0,2026-04-24 08:48:00,0.3464699683877766,0
4571,0281,0,2026-04-24 08:48:00,0.3464699683877766,0
4572,0350,0,2026-04-24 08:48:00,0.7696522655426765,0
4573,0351,0,2026-04-24 08:48:00,0.5245521601685985,0
4574,0427,0,2026-04-24 08:48:00,0.4309799789251844,0
4575,0611,0,2026-04-24 08:48:00,0.9205479452054794,0
4576,0637,0,2026-04-24 08:48:00,0.5245521601685985,0
4577,0789,0,2026-04-24 08:48:00,0.1401475237091676,0
4578,0034,0,2026-04-24 08:48:10,0.2061116965226554,0
4579,0100,0,2026-04-24 08:48:10,0.5245521601685985,0
4580,0135,0,2026-04-24 08:48:10,0.7696522655426765,1
4581,0140,0,2026-04-24 08:48:10,0.6554267650158061,0
4582,0143,0,2026-04-24 08:48:10,0.8480505795574289,0
4583,0281,0,2026-04-24 08:48:10,0.3464699683877766,0
4584,0281,0,2026-04-24 08:48:10,0.3464699683877766,0
4585,0350,0,2026-04-24 08:48:10,0.7696522655426765,0
4586,0351,0,2026-04-24 08:48:10,0.5245521601685985,0
4587,0427,0,2026-04-24 08:48:10,0.4309799789251844,0
4588,0611,0,2026-04-24 08:48:10,0.9205479452054794,0
4589,0637,0,2026-04-24 08:48:10,0.5245521601685985,0
4590,0034,0,2026-04-24 08:48:20,0.2061116965226554,0
4591,0100,0,2026-04-24 08:48:20,0.5245521601685985,0
4592,0135,0,2026-04-24 08:48:20,0.7696522655426765,0
4593,0140,0,2026-04-24 08:48:20,0.6554267650158061,0
4594,0143,0,2026-04-24 08:48:20,0.8480505795574289,1
4595,0281,0,2026-04-24 08:48:20,0.3464699683877766,0
4596,0281,0,2026-04-24 08:48:20,0.3464699683877766,0
4597,0351,0,2026-04-24 08:48:20,0.5245521601685985,0
4598,0427,0,2026-04-24 08:48:20,0.4309799789251844,0
4599,0611,0,2026-04-24 08:48:20,0.9205479452054794,0
4600,0637,0,2026-04-24 08:48:20,0.5245521601685985,0
4601,0034,0,2026-04-24 08:48:30,0.2061116965226554,0
4602,0100,0,2026-04-24 08:48:30,0.5245521601685985,1
4603,0100,0,2026-04-24 08:48:30,0.5245521601685985,0
4604,0135,0,2026-04-24 08:48:30,0.7696522655426765,0
4605,0140,0,2026-04-24 08:48:30,0.6554267650158061,0
4606,0143,0,2026-04-24 08:48:30,0.8480505795574289,0
4607,0281,0,2026-04-24 08:48:30,0.3464699683877766,0
4608,0281,0,2026-04-24 08:48:30,0.3464699683877766,0
4609,0349,0,2026-04-24 08:48:30,0.1401475237091676,0
4610,0351,0,2026-04-24 08:48:30,0.5245521601685985,0
4611,0427,0,2026-04-24 08:48:30,0.4309799789251844,0
4612,0611,0,2026-04-24 08:48:30,0.9205479452054794,0
4613,0637,0,2026-04-24 08:48:30,0.5245521601685985,0
4614,0034,0,2026-04-24 08:48:40,0.2061116965226554,0
4615,0100,0,2026-04-24 08:48:40,0.5245521601685985,0
4616,0100,0,2026-04-24 08:48:40,0.5245521601685985,0
4617,0135,0,2026-04-24 08:48:40,0.7696522655426765,0
4618,0140,0,2026-04-24 08:48:40,0.6554267650158061,0
4619,0143,0,2026-04-24 08:48:40,0.8480505795574289,0
4620,0281,0,2026-04-24 08:48:40,0.3464699683877766,0
4621,0349,0,2026-04-24 08:48:40,0.1401475237091676,0
4622,0351,0,2026-04-24 08:48:40,0.5245521601685985,0
4623,0427,0,2026-04-24 08:48:40,0.4309799789251844,0
4624,0611,0,2026-04-24 08:48:40,0.9205479452054794,1
4625,0637,0,2026-04-24 08:48:40,0.5245521601685985,0
4626,0100,0,2026-04-24 08:48:50,0.5245521601685985,0
4627,0100,0,2026-04-24 08:48:50,0.5245521601685985,0
4628,0135,0,2026-04-24 08:48:50,0.7696522655426765,0
4629,0140,0,2026-04-24 08:48:50,0.6554267650158061,1
4630,0143,0,2026-04-24 08:48:50,0.8480505795574289,0
4631,0281,0,2026-04-24 08:48:50,0.3464699683877766,0
4632,0349,0,2026-04-24 08:48:50,0.1401475237091676,0
4633,0427,0,2026-04-24 08:48:50,0.4309799789251844,0
4634,0611,0,2026-04-24 08:48:50,0.9205479452054794,0
4635,0637,0,2026-04-24 08:48:50,0.5245521601685985,0
4636,0100,0,2026-04-24 08:49:00,0.5245521601685985,0
4637,0100,0,2026-04-24 08:49:00,0.5245521601685985,0
4638,0135,0,2026-04-24 08:49:00,0.7696522655426765,0
4639,0140,0,2026-04-24 08:49:00,0.6554267650158061,1
4640,0143,0,2026-04-24 08:49:00,0.8480505795574289,0
4641,0281,0,2026-04-24 08:49:00,0.3464699683877766,0
4642,0349,0,2026-04-24 08:49:00,0.1401475237091676,0
4643,0611,0,2026-04-24 08:49:00,0.9205479452054794,0
4644,0637,0,2026-04-24 08:49:00,0.5245521601685985,0
4645,0100,0,2026-04-24 08:49:10,0.5245521601685985,0
4646,0135,0,2026-04-24 08:49:10,0.7696522655426765,0
4647,0140,0,2026-04-24 08:49:10,0.6554267650158061,0
4648,0143,0,2026-04-24 08:49:10,0.8480505795574289,0
4649,0349,0,2026-04-24 08:49:10,0.1401475237091676,0
4650,0611,0,2026-04-24 08:49:10,0.9205479452054794,0
4651,0637,0,2026-04-24 08:49:10,0.5245521601685985,0
4652,0705,0,2026-04-24 08:49:10,0.5245521601685985,0
4653,0100,0,2026-04-24 08:49:20,0.5245521601685985,0
4654,0135,0,2026-04-24 08:49:20,0.7696522655426765,0
4655,0140,0,2026-04-24 08:49:20,0.6554267650158061,0
4656,0143,0,2026-04-24 08:49:20,0.8480505795574289,0
4657,0349,0,2026-04-24 08:49:20,0.1401475237091676,0
4658,0611,0,2026-04-24 08:49:20,0.9205479452054794,0
4659,0637,0,2026-04-24 08:49:20,0.5245521601685985,1
4660,0705,0,2026-04-24 08:49:20,0.5245521601685985,0
4661,0100,0,2026-04-24 08:49:30,0.5245521601685985,0
4662,0135,0,2026-04-24 08:49:30,0.7696522655426765,0
4663,0140,0,2026-04-24 08:49:30,0.6554267650158061,0
4664,0143,0,2026-04-24 08:49:30,0.8480505795574289,0
4665,0160,0,2026-04-24 08:49:30,0.1401475237091676,0
4666,0349,0,2026-04-24 08:49:30,0.1401475237091676,0
4667,0611,0,2026-04-24 08:49:30,0.9205479452054794,0
4668,0637,0,2026-04-24 08:49:30,0.5245521601685985,0
4669,0705,0,2026-04-24 08:49:30,0.5245521601685985,0
4670,0135,0,2026-04-24 08:49:40,0.7696522655426765,0
4671,0140,0,2026-04-24 08:49:40,0.6554267650158061,0
4672,0143,0,2026-04-24 08:49:40,0.8480505795574289,0
4673,0160,0,2026-04-24 08:49:40,0.1401475237091676,0
4674,0349,0,2026-04-24 08:49:40,0.1401475237091676,0
4675,0705,0,2026-04-24 08:49:40,0.5245521601685985,1
4676,0143,0,2026-04-24 08:49:50,0.8480505795574289,0
4677,0160,0,2026-04-24 08:49:50,0.1401475237091676,0
4678,0705,0,2026-04-24 08:49:50,0.5245521601685985,0
4679,0143,0,2026-04-24 08:50:00,0.8480505795574289,0
4680,0160,0,2026-04-24 08:50:00,0.1401475237091676,0
4681,0192,0,2026-04-24 08:50:00,0.5924130663856692,0
4682,0548,0,2026-04-24 08:50:00,0.1401475237091676,0
4683,0705,0,2026-04-24 08:50:00,0.5245521601685985,0
4684,0983,0,2026-04-24 08:50:00,1.0000000000000000,1
4685,0160,0,2026-04-24 08:50:10,0.1401475237091676,0
4686,0192,0,2026-04-24 08:50:10,0.5924130663856692,0
4687,0548,0,2026-04-24 08:50:10,0.1401475237091676,0
4688,0705,0,2026-04-24 08:50:10,0.5245521601685985,0
4689,0983,0,2026-04-24 08:50:10,1.0000000000000000,1
4690,0160,0,2026-04-24 08:50:20,0.1401475237091676,1
4691,0192,0,2026-04-24 08:50:20,0.5924130663856692,0
4692,0548,0,2026-04-24 08:50:20,0.1401475237091676,0
4693,0705,0,2026-04-24 08:50:20,0.5245521601685985,0
4694,0983,0,2026-04-24 08:50:20,1.0000000000000000,0
4695,0160,0,2026-04-24 08:50:30,0.1401475237091676,0
4696,0192,0,2026-04-24 08:50:30,0.5924130663856692,0
4697,0548,0,2026-04-24 08:50:30,0.1401475237091676,0
4698,0548,0,2026-04-24 08:50:30,0.1401475237091676,0
4699,0705,0,2026-04-24 08:50:30,0.5245521601685985,0
4700,0983,0,2026-04-24 08:50:30,1.0000000000000000,0
4701,0160,0,2026-04-24 08:50:40,0.1401475237091676,0
4702,0192,0,2026-04-24 08:50:40,0.5924130663856692,1
4703,0548,0,2026-04-24 08:50:40,0.1401475237091676,0
4704,0705,0,2026-04-24 08:50:40,0.5245521601685985,0
4705,0192,0,2026-04-24 08:50:50,0.5924130663856692,1
4706,0548,0,2026-04-24 08:50:50,0.1401475237091676,0
4707,0705,0,2026-04-24 08:50:50,0.5245521601685985,0
4708,0192,0,2026-04-24 08:51:00,0.5924130663856692,0
4709,0548,0,2026-04-24 08:51:00,0.1401475237091676,0
4710,0705,0,2026-04-24 08:51:00,0.5245521601685985,0
4711,0192,0,2026-04-24 08:51:10,0.5924130663856692,0
4712,0192,0,2026-04-24 08:51:20,0.5924130663856692,0
4713,0192,0,2026-04-24 08:51:30,0.5924130663856692,0
4714,0192,0,2026-04-24 08:51:40,0.5924130663856692,0
4715,0192,0,2026-04-24 08:51:50,0.5924130663856692,0
4716,0879,0,2026-04-24 09:02:00,0.0697576396206533,0
4717,0879,0,2026-04-24 09:02:10,0.0697576396206533,1
4718,0658,0,2026-04-24 09:02:20,0.7696522655426765,0
4719,0879,0,2026-04-24 09:02:20,0.0697576396206533,0
4720,0658,0,2026-04-24 09:02:30,0.7696522655426765,0
4721,0879,0,2026-04-24 09:02:30,0.0697576396206533,0
4722,0658,0,2026-04-24 09:02:40,0.7696522655426765,0
4723,0879,0,2026-04-24 09:02:40,0.0697576396206533,0
4724,0658,0,2026-04-24 09:02:50,0.7696522655426765,0
4725,0879,0,2026-04-24 09:02:50,0.0697576396206533,0
4726,0658,0,2026-04-24 09:03:00,0.7696522655426765,0
4727,0879,0,2026-04-24 09:03:00,0.0697576396206533,0
4728,0658,0,2026-04-24 09:03:10,0.7696522655426765,0
4729,0879,0,2026-04-24 09:03:10,0.0697576396206533,0
4730,0658,0,2026-04-24 09:03:20,0.7696522655426765,1
4731,0879,0,2026-04-24 09:03:20,0.0697576396206533,0
4732,0879,0,2026-04-24 09:03:30,0.0697576396206533,0
4733,0879,0,2026-04-24 09:03:40,0.0697576396206533,0
4734,0879,0,2026-04-24 09:03:50,0.0697576396206533,0
4735,0369,0,2026-04-24 09:04:00,0.5924130663856692,1
4736,0369,0,2026-04-24 09:04:10,0.5924130663856692,0
4737,0369,0,2026-04-24 09:04:20,0.5924130663856692,0
4738,0369,0,2026-04-24 09:04:30,0.5924130663856692,0
4739,0369,0,2026-04-24 09:04:40,0.5924130663856692,0
4740,0369,0,2026-04-24 09:04:50,0.5924130663856692,0
4741,0369,0,2026-04-24 09:05:00,0.5924130663856692,0
4742,0369,0,2026-04-24 09:05:10,0.5924130663856692,0
4743,0369,0,2026-04-24 09:05:20,0.5924130663856692,0
4744,0369,0,2026-04-24 09:05:30,0.5924130663856692,0
