index,ID,satellite,time,score_scenario,selected
0,0668,0,2026-06-13 10:32:10,0.7889288928892889,0
1,0668,0,2026-06-13 10:32:20,0.7889288928892889,0
2,0668,0,2026-06-13 10:32:30,0.7889288928892889,0
3,0668,0,2026-06-13 10:32:40,0.7889288928892889,0
4,0668,0,2026-06-13 10:32:50,0.7889288928892889,0
5,0668,0,2026-06-13 10:33:00,0.7889288928892889,0
6,0668,0,2026-06-13 10:33:10,0.7889288928892889,0
7,0668,0,2026-06-13 10:33:20,0.7889288928892889,0
8,0668,0,2026-06-13 10:33:30,0.7889288928892889,0
9,0908,0,2026-06-13 10:33:30,0.4576957695769577,0
10,0668,0,2026-06-13 10:33:40,0.7889288928892889,0
11,0908,0,2026-06-13 10:33:40,0.4576957695769577,0
12,0094,0,2026-06-13 10:33:50,0.1512151215121512,0
13,0465,0,2026-06-13 10:33:50,0.2322232223222322,0
14,0668,0,2026-06-13 10:33:50,0.7889288928892889,0
15,0908,0,2026-06-13 10:33:50,0.4576957695769577,0
16,0094,0,2026-06-13 10:34:00,0.1512151215121512,0
17,0465,0,2026-06-13 10:34:00,0.2322232223222322,1
18,0668,0,2026-06-13 10:34:00,0.7889288928892889,0
19,0094,0,2026-06-13 10:34:10,0.1512151215121512,1
20,0459,0,2026-06-13 10:34:10,0.3618361836183618,0
21,0459,0,2026-06-13 10:34:10,0.3618361836183618,0
22,0465,0,2026-06-13 10:34:10,0.2322232223222322,0
23,0094,0,2026-06-13 10:34:20,0.1512151215121512,0
24,0459,0,2026-06-13 10:34:20,0.3618361836183618,1
25,0459,0,2026-06-13 10:34:20,0.3618361836183618,0
26,0459,0,2026-06-13 10:34:20,0.3618361836183618,0
27,0459,0,2026-06-13 10:34:20,0.3618361836183618,0
28,0465,0,2026-06-13 10:34:20,0.2322232223222322,0
29,0542,0,2026-06-13 10:34:20,0.4576957695769577,0
30,0094,0,2026-06-13 10:34:30,0.1512151215121512,0
31,0280,0,2026-06-13 10:34:30,0.2322232223222322,0
32,0280,0,2026-06-13 10:34:30,0.2322232223222322,0
33,0280,0,2026-06-13 10:34:30,0.2322232223222322,0
34,0459,0,2026-06-13 10:34:30,0.3618361836183618,0
35,0459,0,2026-06-13 10:34:30,0.3618361836183618,0
36,0459,0,2026-06-13 10:34:30,0.3618361836183618,0
37,0459,0,2026-06-13 10:34:30,0.3618361836183618,0
38,0459,0,2026-06-13 10:34:30,0.3618361836183618,0
39,0459,0,2026-06-13 10:34:30,0.3618361836183618,0
40,0465,0,2026-06-13 10:34:30,0.2322232223222322,0
41,0542,0,2026-06-13 10:34:30,0.4576957695769577,0
42,0940,0,2026-06-13 10:34:30,0.9423942394239424,0
43,0094,0,2026-06-13 10:34:40,0.1512151215121512,0
44,0280,0,2026-06-13 10:34:40,0.2322232223222322,1
45,0280,0,2026-06-13 10:34:40,0.2322232223222322,0
46,0280,0,2026-06-13 10:34:40,0.2322232223222322,0
47,0280,0,2026-06-13 10:34:40,0.2322232223222322,0
48,0280,0,2026-06-13 10:34:40,0.2322232223222322,0
49,0459,0,2026-06-13 10:34:40,0.3618361836183618,0
50,0459,0,2026-06-13 10:34:40,0.3618361836183618,0
51,0459,0,2026-06-13 10:34:40,0.3618361836183618,0
52,0459,0,2026-06-13 10:34:40,0.3618361836183618,0
53,0459,0,2026-06-13 10:34:40,0.3618361836183618,0
54,0459,0,2026-06-13 10:34:40,0.3618361836183618,0
55,0459,0,2026-06-13 10:34:40,0.3618361836183618,0
56,0465,0,2026-06-13 10:34:40,0.2322232223222322,0
57,0542,0,2026-06-13 10:34:40,0.4576957695769577,0
58,0940,0,2026-06-13 10:34:40,0.9423942394239424,0
59,0094,0,2026-06-13 10:34:50,0.1512151215121512,0
60,0280,0,2026-06-13 10:34:50,0.2322232223222322,0
61,0280,0,2026-06-13 10:34:50,0.2322232223222322,0
62,0280,0,2026-06-13 10:34:50,0.2322232223222322,0
63,0280,0,2026-06-13 10:34:50,0.2322232223222322,0
64,0280,0,2026-06-13 10:34:50,0.2322232223222322,0
65,0280,0,2026-06-13 10:34:50,0.2322232223222322,0
66,0459,0,2026-06-13 10:34:50,0.3618361836183618,1
67,0459,0,2026-06-13 10:34:50,0.3618361836183618,0
68,0459,0,2026-06-13 10:34:50,0.3618361836183618,0
69,0459,0,2026-06-13 10:34:50,0.3618361836183618,0
70,0459,0,2026-06-13 10:34:50,0.3618361836183618,0
71,0465,0,2026-06-13 10:34:50,0.2322232223222322,0
72,0542,0,2026-06-13 10:34:50,0.4576957695769577,0
73,0940,0,2026-06-13 10:34:50,0.9423942394239424,0
74,0094,0,2026-06-13 10:35:00,0.1512151215121512,0
75,0280,0,2026-06-13 10:35:00,0.2322232223222322,0
76,0280,0,2026-06-13 10:35:00,0.2322232223222322,0
77,0280,0,2026-06-13 10:35:00,0.2322232223222322,0
78,0280,0,2026-06-13 10:35:00,0.2322232223222322,0
79,0280,0,2026-06-13 10:35:00,0.2322232223222322,0
80,0280,0,2026-06-13 10:35:00,0.2322232223222322,0
81,0459,0,2026-06-13 10:35:00,0.3618361836183618,0
82,0459,0,2026-06-13 10:35:00,0.3618361836183618,0
83,0459,0,2026-06-13 10:35:00,0.3618361836183618,0
84,0459,0,2026-06-13 10:35:00,0.3618361836183618,0
85,0459,0,2026-06-13 10:35:00,0.3618361836183618,0
86,0465,0,2026-06-13 10:35:00,0.2322232223222322,0
87,0542,0,2026-06-13 10:35:00,0.4576957695769577,1
88,0940,0,2026-06-13 10:35:00,0.9423942394239424,0
89,0094,0,2026-06-13 10:35:10,0.1512151215121512,0
90,0280,0,2026-06-13 10:35:10,0.2322232223222322,1
91,0280,0,2026-06-13 10:35:10,0.2322232223222322,0
92,0280,0,2026-06-13 10:35:10,0.2322232223222322,0
93,0280,0,2026-06-13 10:35:10,0.2322232223222322,0
94,0280,0,2026-06-13 10:35:10,0.2322232223222322,0
95,0459,0,2026-06-13 10:35:10,0.3618361836183618,0
96,0459,0,2026-06-13 10:35:10,0.3618361836183618,0
97,0459,0,2026-06-13 10:35:10,0.3618361836183618,0
98,0459,0,2026-06-13 10:35:10,0.3618361836183618,0
99,0459,0,2026-06-13 10:35:10,0.3618361836183618,0
100,0465,0,2026-06-13 10:35:10,0.2322232223222322,0
101,0542,0,2026-06-13 10:35:10,0.4576957695769577,0
102,0561,0,2026-06-13 10:35:10,0.8510351035103511,0
103,0853,0,2026-06-13 10:35:10,0.1512151215121512,0
104,0940,0,2026-06-13 10:35:10,0.9423942394239424,0
105,0094,0,2026-06-13 10:35:20,0.1512151215121512,0
106,0280,0,2026-06-13 10:35:20,0.2322232223222322,0
107,0280,0,2026-06-13 10:35:20,0.2322232223222322,0
108,0280,0,2026-06-13 10:35:20,0.2322232223222322,0
109,0280,0,2026-06-13 10:35:20,0.2322232223222322,0
110,0280,0,2026-06-13 10:35:20,0.2322232223222322,0
111,0459,0,2026-06-13 10:35:20,0.3618361836183618,0
112,0459,0,2026-06-13 10:35:20,0.3618361836183618,0
113,0459,0,2026-06-13 10:35:20,0.3618361836183618,0
114,0459,0,2026-06-13 10:35:20,0.3618361836183618,0
115,0459,0,2026-06-13 10:35:20,0.3618361836183618,0
116,0459,0,2026-06-13 10:35:20,0.3618361836183618,0
117,0465,0,2026-06-13 10:35:20,0.2322232223222322,0
118,0542,0,2026-06-13 10:35:20,0.4576957695769577,0
119,0561,0,2026-06-13 10:35:20,0.8510351035103511,0
120,0853,0,2026-06-13 10:35:20,0.1512151215121512,0
121,0940,0,2026-06-13 10:35:20,0.9423942394239424,0
122,0280,0,2026-06-13 10:35:30,0.2322232223222322,0
123,0280,0,2026-06-13 10:35:30,0.2322232223222322,0
124,0280,0,2026-06-13 10:35:30,0.2322232223222322,0
125,0280,0,2026-06-13 10:35:30,0.2322232223222322,0
126,0280,0,2026-06-13 10:35:30,0.2322232223222322,0
127,0459,0,2026-06-13 10:35:30,0.3618361836183618,0
128,0459,0,2026-06-13 10:35:30,0.3618361836183618,0
129,0459,0,2026-06-13 10:35:30,0.3618361836183618,0
130,0459,0,2026-06-13 10:35:30,0.3618361836183618,0
131,0459,0,2026-06-13 10:35:30,0.3618361836183618,0
132,0542,0,2026-06-13 10:35:30,0.4576957695769577,0
133,0561,0,2026-06-13 10:35:30,0.8510351035103511,0
134,0940,0,2026-06-13 10:35:30,0.9423942394239424,0
135,0280,0,2026-06-13 10:35:40,0.2322232223222322,0
136,0280,0,2026-06-13 10:35:40,0.2322232223222322,0
137,0280,0,2026-06-13 10:35:40,0.2322232223222322,0
138,0280,0,2026-06-13 10:35:40,0.2322232223222322,0
139,0280,0,2026-06-13 10:35:40,0.2322232223222322,0
140,0459,0,2026-06-13 10:35:40,0.3618361836183618,0
141,0459,0,2026-06-13 10:35:40,0.3618361836183618,0
142,0459,0,2026-06-13 10:35:40,0.3618361836183618,0
143,0459,0,2026-06-13 10:35:40,0.3618361836183618,0
144,0459,0,2026-06-13 10:35:40,0.3618361836183618,0
145,0542,0,2026-06-13 10:35:40,0.4576957695769577,0
146,0561,0,2026-06-13 10:35:40,0.8510351035103511,0
147,0940,0,2026-06-13 10:35:40,0.9423942394239424,1
148,0139,0,2026-06-13 10:35:50,0.3618361836183618,0
149,0280,0,2026-06-13 10:35:50,0.2322232223222322,0
150,0280,0,2026-06-13 10:35:50,0.2322232223222322,0
151,0280,0,2026-06-13 10:35:50,0.2322232223222322,0
152,0280,0,2026-06-13 10:35:50,0.2322232223222322,0
153,0280,0,2026-06-13 10:35:50,0.2322232223222322,0
154,0280,0,2026-06-13 10:35:50,0.2322232223222322,0
155,0459,0,2026-06-13 10:35:50,0.3618361836183618,0
156,0459,0,2026-06-13 10:35:50,0.3618361836183618,0
157,0459,0,2026-06-13 10:35:50,0.3618361836183618,0
158,0459,0,2026-06-13 10:35:50,0.3618361836183618,0
159,0459,0,2026-06-13 10:35:50,0.3618361836183618,0
160,0561,0,2026-06-13 10:35:50,0.8510351035103511,0
161,0940,0,2026-06-13 10:35:50,0.9423942394239424,0
162,0139,0,2026-06-13 10:36:00,0.3618361836183618,0
163,0280,0,2026-06-13 10:36:00,0.2322232223222322,0
164,0280,0,2026-06-13 10:36:00,0.2322232223222322,0
165,0280,0,2026-06-13 10:36:00,0.2322232223222322,0
166,0280,0,2026-06-13 10:36:00,0.2322232223222322,0
167,0280,0,2026-06-13 10:36:00,0.2322232223222322,0
168,0561,0,2026-06-13 10:36:00,0.8510351035103511,0
169,0940,0,2026-06-13 10:36:00,0.9423942394239424,0
170,0139,0,2026-06-13 10:36:10,0.3618361836183618,0
171,0561,0,2026-06-13 10:36:10,0.8510351035103511,0
172,0940,0,2026-06-13 10:36:10,0.9423942394239424,0
173,0139,0,2026-06-13 10:36:20,0.3618361836183618,0
174,0561,0,2026-06-13 10:36:20,0.8510351035103511,0
175,0139,0,2026-06-13 10:36:30,0.3618361836183618,0
176,0139,0,2026-06-13 10:36:40,0.3618361836183618,1
177,0139,0,2026-06-13 10:36:50,0.3618361836183618,0
178,0139,0,2026-06-13 10:37:00,0.3618361836183618,0
179,0371,0,2026-06-13 10:37:00,0.9423942394239424,1
180,0139,0,2026-06-13 10:37:10,0.3618361836183618,0
181,0371,0,2026-06-13 10:37:10,0.9423942394239424,0
182,0139,0,2026-06-13 10:37:20,0.3618361836183618,0
183,0371,0,2026-06-13 10:37:20,0.9423942394239424,0
184,0864,0,2026-06-13 10:37:20,0.5648064806480648,0
185,0139,0,2026-06-13 10:37:30,0.3618361836183618,0
186,0371,0,2026-06-13 10:37:30,0.9423942394239424,0
187,0562,0,2026-06-13 10:37:30,0.0949594959495950,1
188,0692,0,2026-06-13 10:37:30,0.3618361836183618,0
189,0692,0,2026-06-13 10:37:30,0.3618361836183618,0
190,0692,0,2026-06-13 10:37:30,0.3618361836183618,0
191,0864,0,2026-06-13 10:37:30,0.5648064806480648,0
192,0139,0,2026-06-13 10:37:40,0.3618361836183618,0
193,0371,0,2026-06-13 10:37:40,0.9423942394239424,0
194,0562,0,2026-06-13 10:37:40,0.0949594959495950,0
195,0692,0,2026-06-13 10:37:40,0.3618361836183618,0
196,0692,0,2026-06-13 10:37:40,0.3618361836183618,1
197,0692,0,2026-06-13 10:37:40,0.3618361836183618,0
198,0692,0,2026-06-13 10:37:40,0.3618361836183618,0
199,0864,0,2026-06-13 10:37:40,0.5648064806480648,0
200,0371,0,2026-06-13 10:37:50,0.9423942394239424,0
201,0536,0,2026-06-13 10:37:50,0.8510351035103511,0
202,0562,0,2026-06-13 10:37:50,0.0949594959495950,0
203,0692,0,2026-06-13 10:37:50,0.3618361836183618,0
204,0692,0,2026-06-13 10:37:50,0.3618361836183618,0
205,0692,0,2026-06-13 10:37:50,0.3618361836183618,0
206,0864,0,2026-06-13 10:37:50,0.5648064806480648,0
207,0371,0,2026-06-13 10:38:00,0.9423942394239424,0
208,0536,0,2026-06-13 10:38:00,0.8510351035103511,1
209,0562,0,2026-06-13 10:38:00,0.0949594959495950,0
210,0692,0,2026-06-13 10:38:00,0.3618361836183618,0
211,0692,0,2026-06-13 10:38:00,0.3618361836183618,0
212,0692,0,2026-06-13 10:38:00,0.3618361836183618,0
213,0864,0,2026-06-13 10:38:00,0.5648064806480648,0
214,0371,0,2026-06-13 10:38:10,0.9423942394239424,0
215,0518,0,2026-06-13 10:38:10,0.6903690369036903,1
216,0536,0,2026-06-13 10:38:10,0.8510351035103511,0
217,0562,0,2026-06-13 10:38:10,0.0949594959495950,0
218,0692,0,2026-06-13 10:38:10,0.3618361836183618,0
219,0692,0,2026-06-13 10:38:10,0.3618361836183618,0
220,0864,0,2026-06-13 10:38:10,0.5648064806480648,0
221,0371,0,2026-06-13 10:38:20,0.9423942394239424,0
222,0518,0,2026-06-13 10:38:20,0.6903690369036903,0
223,0536,0,2026-06-13 10:38:20,0.8510351035103511,0
224,0536,0,2026-06-13 10:38:20,0.8510351035103511,0
225,0562,0,2026-06-13 10:38:20,0.0949594959495950,0
226,0692,0,2026-06-13 10:38:20,0.3618361836183618,0
227,0692,0,2026-06-13 10:38:20,0.3618361836183618,0
228,0864,0,2026-06-13 10:38:20,0.5648064806480648,0
229,0371,0,2026-06-13 10:38:30,0.9423942394239424,0
230,0518,0,2026-06-13 10:38:30,0.6903690369036903,0
231,0536,0,2026-06-13 10:38:30,0.8510351035103511,1
232,0536,0,2026-06-13 10:38:30,0.8510351035103511,0
233,0562,0,2026-06-13 10:38:30,0.0949594959495950,0
234,0692,0,2026-06-13 10:38:30,0.3618361836183618,0
235,0692,0,2026-06-13 10:38:30,0.3618361836183618,0
236,0846,0,2026-06-13 10:38:30,0.9423942394239424,0
237,0864,0,2026-06-13 10:38:30,0.5648064806480648,0
238,0371,0,2026-06-13 10:38:40,0.9423942394239424,0
239,0518,0,2026-06-13 10:38:40,0.6903690369036903,0
240,0536,0,2026-06-13 10:38:40,0.8510351035103511,0
241,0536,0,2026-06-13 10:38:40,0.8510351035103511,0
242,0562,0,2026-06-13 10:38:40,0.0949594959495950,0
243,0692,0,2026-06-13 10:38:40,0.3618361836183618,0
244,0692,0,2026-06-13 10:38:40,0.3618361836183618,0
245,0846,0,2026-06-13 10:38:40,0.9423942394239424,0
246,0863,0,2026-06-13 10:38:40,0.9423942394239424,0
247,0864,0,2026-06-13 10:38:40,0.5648064806480648,0
248,0993,0,2026-06-13 10:38:40,0.6903690369036903,0
249,0371,0,2026-06-13 10:38:50,0.9423942394239424,0
250,0518,0,2026-06-13 10:38:50,0.6903690369036903,0
251,0536,0,2026-06-13 10:38:50,0.8510351035103511,0
252,0562,0,2026-06-13 10:38:50,0.0949594959495950,0
253,0692,0,2026-06-13 10:38:50,0.3618361836183618,0
254,0692,0,2026-06-13 10:38:50,0.3618361836183618,0
255,0846,0,2026-06-13 10:38:50,0.9423942394239424,1
256,0863,0,2026-06-13 10:38:50,0.9423942394239424,0
257,0864,0,2026-06-13 10:38:50,0.5648064806480648,0
258,0993,0,2026-06-13 10:38:50,0.6903690369036903,0
259,0518,0,2026-06-13 10:39:00,0.6903690369036903,0
260,0536,0,2026-06-13 10:39:00,0.8510351035103511,0
261,0562,0,2026-06-13 10:39:00,0.0949594959495950,0
262,0692,0,2026-06-13 10:39:00,0.3618361836183618,0
263,0846,0,2026-06-13 10:39:00,0.9423942394239424,0
264,0863,0,2026-06-13 10:39:00,0.9423942394239424,0
265,0993,0,2026-06-13 10:39:00,0.6903690369036903,0
266,0518,0,2026-06-13 10:39:10,0.6903690369036903,0
267,0533,0,2026-06-13 10:39:10,0.7272727272727273,1
268,0536,0,2026-06-13 10:39:10,0.8510351035103511,0
269,0562,0,2026-06-13 10:39:10,0.0949594959495950,0
270,0692,0,2026-06-13 10:39:10,0.3618361836183618,0
271,0692,0,2026-06-13 10:39:10,0.3618361836183618,0
272,0692,0,2026-06-13 10:39:10,0.3618361836183618,0
273,0846,0,2026-06-13 10:39:10,0.9423942394239424,0
274,0863,0,2026-06-13 10:39:10,0.9423942394239424,0
275,0993,0,2026-06-13 10:39:10,0.6903690369036903,0
276,0518,0,2026-06-13 10:39:20,0.6903690369036903,0
277,0533,0,2026-06-13 10:39:20,0.7272727272727273,1
278,0562,0,2026-06-13 10:39:20,0.0949594959495950,0
279,0692,0,2026-06-13 10:39:20,0.3618361836183618,0
280,0692,0,2026-06-13 10:39:20,0.3618361836183618,0
281,0692,0,2026-06-13 10:39:20,0.3618361836183618,0
282,0846,0,2026-06-13 10:39:20,0.9423942394239424,0
283,0863,0,2026-06-13 10:39:20,0.9423942394239424,0
284,0993,0,2026-06-13 10:39:20,0.6903690369036903,0
285,0518,0,2026-06-13 10:39:30,0.6903690369036903,0
286,0533,0,2026-06-13 10:39:30,0.7272727272727273,0
287,0846,0,2026-06-13 10:39:30,0.9423942394239424,0
288,0863,0,2026-06-13 10:39:30,0.9423942394239424,1
289,0993,0,2026-06-13 10:39:30,0.6903690369036903,0
290,0518,0,2026-06-13 10:39:40,0.6903690369036903,0
291,0603,0,2026-06-13 10:39:40,0.8510351035103511,0
292,0846,0,2026-06-13 10:39:40,0.9423942394239424,0
293,0863,0,2026-06-13 10:39:40,0.9423942394239424,1
294,0993,0,2026-06-13 10:39:40,0.6903690369036903,0
295,0603,0,2026-06-13 10:39:50,0.8510351035103511,0
296,0846,0,2026-06-13 10:39:50,0.9423942394239424,0
297,0863,0,2026-06-13 10:39:50,0.9423942394239424,0
298,0993,0,2026-06-13 10:39:50,0.6903690369036903,0
299,0603,0,2026-06-13 10:40:00,0.8510351035103511,0
300,0846,0,2026-06-13 10:40:00,0.9423942394239424,0
301,0863,0,2026-06-13 10:40:00,0.9423942394239424,0
302,0993,0,2026-06-13 10:40:00,0.6903690369036903,0
303,0603,0,2026-06-13 10:40:10,0.8510351035103511,0
304,0846,0,2026-06-13 10:40:10,0.9423942394239424,0
305,0863,0,2026-06-13 10:40:10,0.9423942394239424,0
306,0993,0,2026-06-13 10:40:10,0.6903690369036903,0
307,0603,0,2026-06-13 10:40:20,0.8510351035103511,0
308,0846,0,2026-06-13 10:40:20,0.9423942394239424,0
309,0863,0,2026-06-13 10:40:20,0.9423942394239424,0
310,0993,0,2026-06-13 10:40:20,0.6903690369036903,0
311,0996,0,2026-06-13 10:40:20,1.0000000000000000,0
312,0603,0,2026-06-13 10:40:30,0.8510351035103511,1
313,0993,0,2026-06-13 10:40:30,0.6903690369036903,0
314,0996,0,2026-06-13 10:40:30,1.0000000000000000,0
315,0603,0,2026-06-13 10:40:40,0.8510351035103511,0
316,0996,0,2026-06-13 10:40:40,1.0000000000000000,0
317,0520,0,2026-06-13 10:40:50,0.0949594959495950,0
318,0603,0,2026-06-13 10:40:50,0.8510351035103511,0
319,0996,0,2026-06-13 10:40:50,1.0000000000000000,0
320,0520,0,2026-06-13 10:41:00,0.0949594959495950,0
321,0603,0,2026-06-13 10:41:00,0.8510351035103511,0
322,0996,0,2026-06-13 10:41:00,1.0000000000000000,0
323,0520,0,2026-06-13 10:41:10,0.0949594959495950,0
324,0603,0,2026-06-13 10:41:10,0.8510351035103511,0
325,0996,0,2026-06-13 10:41:10,1.0000000000000000,0
326,0520,0,2026-06-13 10:41:20,0.0949594959495950,0
327,0603,0,2026-06-13 10:41:20,0.8510351035103511,0
328,0996,0,2026-06-13 10:41:20,1.0000000000000000,0
329,0520,0,2026-06-13 10:41:30,0.0949594959495950,0
330,0603,0,2026-06-13 10:41:30,0.8510351035103511,0
331,0996,0,2026-06-13 10:41:30,1.0000000000000000,0
332,0520,0,2026-06-13 10:41:40,0.0949594959495950,0
333,0996,0,2026-06-13 10:41:40,1.0000000000000000,0
334,0520,0,2026-06-13 10:41:50,0.0949594959495950,0
335,0996,0,2026-06-13 10:41:50,1.0000000000000000,1
336,0520,0,2026-06-13 10:42:00,0.0949594959495950,0
337,0996,0,2026-06-13 10:42:00,1.0000000000000000,0
338,0290,0,2026-06-13 10:44:30,1.0000000000000000,0
339,0290,0,2026-06-13 10:44:40,1.0000000000000000,0
340,0290,0,2026-06-13 10:44:50,1.0000000000000000,1
341,0290,0,2026-06-13 10:45:00,1.0000000000000000,0
342,0290,0,2026-06-13 10:45:10,1.0000000000000000,0
343,0290,0,2026-06-13 10:45:20,1.0000000000000000,0
344,0290,0,2026-06-13 10:45:30,1.0000000000000000,0
345,0290,0,2026-06-13 10:45:40,1.0000000000000000,0
346,0290,0,2026-06-13 10:45:50,1.0000000000000000,0
347,0445,0,2026-06-13 10:46:10,0.3618361836183618,0
348,0445,0,2026-06-13 10:46:20,0.3618361836183618,0
349,0464,0,2026-06-13 10:46:20,0.9423942394239424,1
350,0445,0,2026-06-13 10:46:30,0.3618361836183618,0
351,0464,0,2026-06-13 10:46:30,0.9423942394239424,1
352,0445,0,2026-06-13 10:46:40,0.3618361836183618,0
353,0464,0,2026-06-13 10:46:40,0.9423942394239424,0
354,0445,0,2026-06-13 10:46:50,0.3618361836183618,0
355,0464,0,2026-06-13 10:46:50,0.9423942394239424,0
356,0445,0,2026-06-13 10:47:00,0.3618361836183618,0
357,0464,0,2026-06-13 10:47:00,0.9423942394239424,0
358,0445,0,2026-06-13 10:47:10,0.3618361836183618,0
359,0464,0,2026-06-13 10:47:10,0.9423942394239424,0
360,0445,0,2026-06-13 10:47:20,0.3618361836183618,1
361,0464,0,2026-06-13 10:47:20,0.9423942394239424,0
362,0445,0,2026-06-13 10:47:30,0.3618361836183618,0
363,0464,0,2026-06-13 10:47:30,0.9423942394239424,0
364,0843,0,2026-06-13 10:47:30,0.0949594959495950,0
365,0445,0,2026-06-13 10:47:40,0.3618361836183618,1
366,0464,0,2026-06-13 10:47:40,0.9423942394239424,0
367,0843,0,2026-06-13 10:47:40,0.0949594959495950,0
368,0464,0,2026-06-13 10:47:50,0.9423942394239424,0
369,0843,0,2026-06-13 10:47:50,0.0949594959495950,0
370,0464,0,2026-06-13 10:48:00,0.9423942394239424,0
371,0843,0,2026-06-13 10:48:00,0.0949594959495950,0
372,0843,0,2026-06-13 10:48:10,0.0949594959495950,0
373,0843,0,2026-06-13 10:48:20,0.0949594959495950,0
374,0843,0,2026-06-13 10:48:30,0.0949594959495950,0
375,0843,0,2026-06-13 10:48:40,0.0949594959495950,0
376,0843,0,2026-06-13 10:48:50,0.0949594959495950,1
377,0147,0,2026-06-13 12:29:00,0.6903690369036903,0
378,0434,0,2026-06-13 12:29:00,1.0000000000000000,1
379,0147,0,2026-06-13 12:29:10,0.6903690369036903,0
380,0434,0,2026-06-13 12:29:10,1.0000000000000000,0
381,0147,0,2026-06-13 12:29:20,0.6903690369036903,1
382,0434,0,2026-06-13 12:29:20,1.0000000000000000,0
383,0147,0,2026-06-13 12:29:30,0.6903690369036903,0
384,0434,0,2026-06-13 12:29:30,1.0000000000000000,1
385,0434,0,2026-06-13 12:29:30,1.0000000000000000,0
386,0147,0,2026-06-13 12:29:40,0.6903690369036903,1
387,0434,0,2026-06-13 12:29:40,1.0000000000000000,0
388,0434,0,2026-06-13 12:29:40,1.0000000000000000,0
389,0147,0,2026-06-13 12:29:50,0.6903690369036903,0
390,0434,0,2026-06-13 12:29:50,1.0000000000000000,0
391,0434,0,2026-06-13 12:29:50,1.0000000000000000,0
392,0147,0,2026-06-13 12:30:00,0.6903690369036903,0
393,0434,0,2026-06-13 12:30:00,1.0000000000000000,0
394,0434,0,2026-06-13 12:30:00,1.0000000000000000,0
395,0587,0,2026-06-13 12:30:00,0.4576957695769577,0
396,0147,0,2026-06-13 12:30:10,0.6903690369036903,0
397,0434,0,2026-06-13 12:30:10,1.0000000000000000,0
398,0434,0,2026-06-13 12:30:10,1.0000000000000000,0
399,0587,0,2026-06-13 12:30:10,0.4576957695769577,0
400,0147,0,2026-06-13 12:30:20,0.6903690369036903,0
401,0434,0,2026-06-13 12:30:20,1.0000000000000000,0
402,0587,0,2026-06-13 12:30:20,0.4576957695769577,0
403,0147,0,2026-06-13 12:30:30,0.6903690369036903,0
404,0434,0,2026-06-13 12:30:30,1.0000000000000000,0
405,0607,0,2026-06-13 12:30:30,0.9423942394239424,1
406,0434,0,2026-06-13 12:30:40,1.0000000000000000,0
407,0607,0,2026-06-13 12:30:40,0.9423942394239424,0
408,0607,0,2026-06-13 12:30:50,0.9423942394239424,0
409,0607,0,2026-06-13 12:31:00,0.9423942394239424,0
410,0117,0,2026-06-13 12:31:10,0.0949594959495950,0
411,0607,0,2026-06-13 12:31:10,0.9423942394239424,0
412,0117,0,2026-06-13 12:31:20,0.0949594959495950,1
413,0607,0,2026-06-13 12:31:20,0.9423942394239424,0
414,0117,0,2026-06-13 12:31:30,0.0949594959495950,0
415,0117,0,2026-06-13 12:31:40,0.0949594959495950,0
416,0117,0,2026-06-13 12:31:50,0.0949594959495950,1
417,0117,0,2026-06-13 12:32:00,0.0949594959495950,0
418,0117,0,2026-06-13 12:32:10,0.0949594959495950,0
419,0117,0,2026-06-13 12:32:20,0.0949594959495950,0
420,0117,0,2026-06-13 12:32:30,0.0949594959495950,0
421,0055,0,2026-06-13 12:32:40,0.7272727272727273,0
422,0117,0,2026-06-13 12:32:40,0.0949594959495950,0
423,0055,0,2026-06-13 12:32:50,0.7272727272727273,1
424,0055,0,2026-06-13 12:33:00,0.7272727272727273,1
425,0055,0,2026-06-13 12:33:10,0.7272727272727273,0
426,0055,0,2026-06-13 12:33:20,0.7272727272727273,0
427,0116,0,2026-06-13 12:33:20,0.2322232223222322,1
428,0055,0,2026-06-13 12:33:30,0.7272727272727273,0
429,0116,0,2026-06-13 12:33:30,0.2322232223222322,0
430,0010,0,2026-06-13 12:33:40,0.6903690369036903,1
431,0055,0,2026-06-13 12:33:40,0.7272727272727273,0
432,0116,0,2026-06-13 12:33:40,0.2322232223222322,0
433,0010,0,2026-06-13 12:33:50,0.6903690369036903,1
434,0020,0,2026-06-13 12:33:50,0.4576957695769577,0
435,0055,0,2026-06-13 12:33:50,0.7272727272727273,0
436,0116,0,2026-06-13 12:33:50,0.2322232223222322,0
437,0953,0,2026-06-13 12:33:50,0.7889288928892889,0
438,0010,0,2026-06-13 12:34:00,0.6903690369036903,0
439,0020,0,2026-06-13 12:34:00,0.4576957695769577,0
440,0055,0,2026-06-13 12:34:00,0.7272727272727273,0
441,0116,0,2026-06-13 12:34:00,0.2322232223222322,0
442,0555,0,2026-06-13 12:34:00,0.0949594959495950,0
443,0691,0,2026-06-13 12:34:00,0.4576957695769577,0
444,0953,0,2026-06-13 12:34:00,0.7889288928892889,0
445,0010,0,2026-06-13 12:34:10,0.6903690369036903,0
446,0014,0,2026-06-13 12:34:10,0.5648064806480648,0
447,0020,0,2026-06-13 12:34:10,0.4576957695769577,0
448,0055,0,2026-06-13 12:34:10,0.7272727272727273,0
449,0077,0,2026-06-13 12:34:10,0.5648064806480648,1
450,0116,0,2026-06-13 12:34:10,0.2322232223222322,0
451,0555,0,2026-06-13 12:34:10,0.0949594959495950,0
452,0691,0,2026-06-13 12:34:10,0.4576957695769577,0
453,0953,0,2026-06-13 12:34:10,0.7889288928892889,0
454,0010,0,2026-06-13 12:34:20,0.6903690369036903,0
455,0014,0,2026-06-13 12:34:20,0.5648064806480648,0
456,0020,0,2026-06-13 12:34:20,0.4576957695769577,0
457,0020,0,2026-06-13 12:34:20,0.4576957695769577,0
458,0077,0,2026-06-13 12:34:20,0.5648064806480648,0
459,0116,0,2026-06-13 12:34:20,0.2322232223222322,0
460,0131,0,2026-06-13 12:34:20,0.5648064806480648,0
461,0555,0,2026-06-13 12:34:20,0.0949594959495950,0
462,0691,0,2026-06-13 12:34:20,0.4576957695769577,1
463,0953,0,2026-06-13 12:34:20,0.7889288928892889,0
464,0010,0,2026-06-13 12:34:30,0.6903690369036903,0
465,0014,0,2026-06-13 12:34:30,0.5648064806480648,0
466,0020,0,2026-06-13 12:34:30,0.4576957695769577,0
467,0020,0,2026-06-13 12:34:30,0.4576957695769577,0
468,0063,0,2026-06-13 12:34:30,0.7889288928892889,0
469,0077,0,2026-06-13 12:34:30,0.5648064806480648,1
470,0116,0,2026-06-13 12:34:30,0.2322232223222322,0
471,0131,0,2026-06-13 12:34:30,0.5648064806480648,0
472,0555,0,2026-06-13 12:34:30,0.0949594959495950,0
473,0691,0,2026-06-13 12:34:30,0.4576957695769577,0
474,0953,0,2026-06-13 12:34:30,0.7889288928892889,0
475,0010,0,2026-06-13 12:34:40,0.6903690369036903,0
476,0014,0,2026-06-13 12:34:40,0.5648064806480648,0
477,0020,0,2026-06-13 12:34:40,0.4576957695769577,0
478,0063,0,2026-06-13 12:34:40,0.7889288928892889,0
479,0077,0,2026-06-13 12:34:40,0.5648064806480648,0
480,0116,0,2026-06-13 12:34:40,0.2322232223222322,0
481,0131,0,2026-06-13 12:34:40,0.5648064806480648,0
482,0555,0,2026-06-13 12:34:40,0.0949594959495950,0
483,0691,0,2026-06-13 12:34:40,0.4576957695769577,0
484,0953,0,2026-06-13 12:34:40,0.7889288928892889,1
485,0010,0,2026-06-13 12:34:50,0.6903690369036903,0
486,0014,0,2026-06-13 12:34:50,0.5648064806480648,0
487,0020,0,2026-06-13 12:34:50,0.4576957695769577,0
488,0063,0,2026-06-13 12:34:50,0.7889288928892889,0
489,0077,0,2026-06-13 12:34:50,0.5648064806480648,0
490,0116,0,2026-06-13 12:34:50,0.2322232223222322,0
491,0131,0,2026-06-13 12:34:50,0.5648064806480648,0
492,0555,0,2026-06-13 12:34:50,0.0949594959495950,0
493,0691,0,2026-06-13 12:34:50,0.4576957695769577,0
494,0953,0,2026-06-13 12:34:50,0.7889288928892889,1
495,0010,0,2026-06-13 12:35:00,0.6903690369036903,0
496,0014,0,2026-06-13 12:35:00,0.5648064806480648,0
497,0020,0,2026-06-13 12:35:00,0.4576957695769577,0
498,0063,0,2026-06-13 12:35:00,0.7889288928892889,0
499,0063,0,2026-06-13 12:35:00,0.7889288928892889,0
500,0077,0,2026-06-13 12:35:00,0.5648064806480648,0
501,0116,0,2026-06-13 12:35:00,0.2322232223222322,0
502,0131,0,2026-06-13 12:35:00,0.5648064806480648,0
503,0555,0,2026-06-13 12:35:00,0.0949594959495950,1
504,0691,0,2026-06-13 12:35:00,0.4576957695769577,0
505,0953,0,2026-06-13 12:35:00,0.7889288928892889,0
506,0014,0,2026-06-13 12:35:10,0.5648064806480648,0
507,0063,0,2026-06-13 12:35:10,0.7889288928892889,0
508,0063,0,2026-06-13 12:35:10,0.7889288928892889,0
509,0077,0,2026-06-13 12:35:10,0.5648064806480648,0
510,0131,0,2026-06-13 12:35:10,0.5648064806480648,0
511,0555,0,2026-06-13 12:35:10,0.0949594959495950,0
512,0691,0,2026-06-13 12:35:10,0.4576957695769577,0
513,0953,0,2026-06-13 12:35:10,0.7889288928892889,0
514,0014,0,2026-06-13 12:35:20,0.5648064806480648,0
515,0063,0,2026-06-13 12:35:20,0.7889288928892889,0
516,0063,0,2026-06-13 12:35:20,0.7889288928892889,1
517,0077,0,2026-06-13 12:35:20,0.5648064806480648,0
518,0131,0,2026-06-13 12:35:20,0.5648064806480648,0
519,0555,0,2026-06-13 12:35:20,0.0949594959495950,0
520,0691,0,2026-06-13 12:35:20,0.4576957695769577,0
521,0834,0,2026-06-13 12:35:20,0.4576957695769577,0
522,0953,0,2026-06-13 12:35:20,0.7889288928892889,0
523,0014,0,2026-06-13 12:35:30,0.5648064806480648,0
524,0063,0,2026-06-13 12:35:30,0.7889288928892889,0
525,0077,0,2026-06-13 12:35:30,0.5648064806480648,0
526,0131,0,2026-06-13 12:35:30,0.5648064806480648,0
527,0555,0,2026-06-13 12:35:30,0.0949594959495950,0
528,0691,0,2026-06-13 12:35:30,0.4576957695769577,0
529,0834,0,2026-06-13 12:35:30,0.4576957695769577,0
530,0953,0,2026-06-13 12:35:30,0.7889288928892889,0
531,0014,0,2026-06-13 12:35:40,0.5648064806480648,0
532,0063,0,2026-06-13 12:35:40,0.7889288928892889,0
533,0077,0,2026-06-13 12:35:40,0.5648064806480648,0
534,0131,0,2026-06-13 12:35:40,0.5648064806480648,0
535,0555,0,2026-06-13 12:35:40,0.0949594959495950,0
536,0691,0,2026-06-13 12:35:40,0.4576957695769577,0
537,0834,0,2026-06-13 12:35:40,0.4576957695769577,0
538,0953,0,2026-06-13 12:35:40,0.7889288928892889,0
539,0014,0,2026-06-13 12:35:50,0.5648064806480648,0
540,0063,0,2026-06-13 12:35:50,0.7889288928892889,1
541,0077,0,2026-06-13 12:35:50,0.5648064806480648,0
542,0131,0,2026-06-13 12:35:50,0.5648064806480648,0
543,0555,0,2026-06-13 12:35:50,0.0949594959495950,0
544,0691,0,2026-06-13 12:35:50,0.4576957695769577,0
545,0834,0,2026-06-13 12:35:50,0.4576957695769577,0
546,0077,0,2026-06-13 12:36:00,0.5648064806480648,0
547,0131,0,2026-06-13 12:36:00,0.5648064806480648,0
548,0131,0,2026-06-13 12:36:10,0.5648064806480648,1
549,0322,0,2026-06-13 14:04:10,0.3618361836183618,0
550,0322,0,2026-06-13 14:04:20,0.3618361836183618,0
551,0322,0,2026-06-13 14:04:30,0.3618361836183618,0
552,0322,0,2026-06-13 14:04:40,0.3618361836183618,0
553,0322,0,2026-06-13 14:04:50,0.3618361836183618,0
554,0322,0,2026-06-13 14:05:00,0.3618361836183618,0
555,0322,0,2026-06-13 14:05:10,0.3618361836183618,0
556,0322,0,2026-06-13 14:05:20,0.3618361836183618,0
557,0322,0,2026-06-13 14:05:30,0.3618361836183618,0
558,0608,0,2026-06-13 14:11:10,0.0949594959495950,0
559,0283,0,2026-06-13 14:11:20,0.6332133213321333,1
560,0608,0,2026-06-13 14:11:20,0.0949594959495950,0
561,0283,0,2026-06-13 14:11:30,0.6332133213321333,0
562,0608,0,2026-06-13 14:11:30,0.0949594959495950,0
563,0283,0,2026-06-13 14:11:40,0.6332133213321333,0
564,0608,0,2026-06-13 14:11:40,0.0949594959495950,0
565,0283,0,2026-06-13 14:11:50,0.6332133213321333,0
566,0608,0,2026-06-13 14:11:50,0.0949594959495950,0
567,0283,0,2026-06-13 14:12:00,0.6332133213321333,0
568,0608,0,2026-06-13 14:12:00,0.0949594959495950,0
569,0283,0,2026-06-13 14:12:10,0.6332133213321333,0
570,0608,0,2026-06-13 14:12:10,0.0949594959495950,0
571,0283,0,2026-06-13 14:12:20,0.6332133213321333,0
572,0608,0,2026-06-13 14:12:20,0.0949594959495950,0
573,0283,0,2026-06-13 14:12:30,0.6332133213321333,0
574,0608,0,2026-06-13 14:12:30,0.0949594959495950,0
575,0712,0,2026-06-13 14:12:30,0.2322232223222322,0
576,0283,0,2026-06-13 14:12:40,0.6332133213321333,0
577,0608,0,2026-06-13 14:12:40,0.0949594959495950,0
578,0712,0,2026-06-13 14:12:40,0.2322232223222322,1
579,0283,0,2026-06-13 14:12:50,0.6332133213321333,0
580,0608,0,2026-06-13 14:12:50,0.0949594959495950,0
581,0712,0,2026-06-13 14:12:50,0.2322232223222322,0
582,0283,0,2026-06-13 14:13:00,0.6332133213321333,0
583,0608,0,2026-06-13 14:13:00,0.0949594959495950,0
584,0712,0,2026-06-13 14:13:00,0.2322232223222322,0
585,0283,0,2026-06-13 14:13:10,0.6332133213321333,0
586,0712,0,2026-06-13 14:13:10,0.2322232223222322,0
587,0712,0,2026-06-13 14:13:20,0.2322232223222322,0
588,0313,0,2026-06-13 14:13:30,0.1512151215121512,0
589,0712,0,2026-06-13 14:13:30,0.2322232223222322,0
590,0313,0,2026-06-13 14:13:40,0.1512151215121512,0
591,0712,0,2026-06-13 14:13:40,0.2322232223222322,0
592,0313,0,2026-06-13 14:13:50,0.1512151215121512,0
593,0712,0,2026-06-13 14:13:50,0.2322232223222322,0
594,0313,0,2026-06-13 14:14:00,0.1512151215121512,0
595,0313,0,2026-06-13 14:14:10,0.1512151215121512,0
596,0313,0,2026-06-13 14:14:20,0.1512151215121512,1
597,0313,0,2026-06-13 14:14:30,0.1512151215121512,0
598,0313,0,2026-06-13 14:14:40,0.1512151215121512,0
599,0463,0,2026-06-13 14:14:40,0.2322232223222322,1
600,0463,0,2026-06-13 14:14:50,0.2322232223222322,1
601,0463,0,2026-06-13 14:15:00,0.2322232223222322,0
602,0463,0,2026-06-13 14:15:10,0.2322232223222322,0
603,0463,0,2026-06-13 14:15:20,0.2322232223222322,0
604,0463,0,2026-06-13 14:15:30,0.2322232223222322,0
605,0463,0,2026-06-13 14:15:40,0.2322232223222322,0
606,0677,0,2026-06-13 14:15:40,0.4576957695769577,1
607,0304,0,2026-06-13 14:15:50,0.6903690369036903,0
608,0463,0,2026-06-13 14:15:50,0.2322232223222322,0
609,0677,0,2026-06-13 14:15:50,0.4576957695769577,0
610,0304,0,2026-06-13 14:16:00,0.6903690369036903,1
611,0463,0,2026-06-13 14:16:00,0.2322232223222322,0
612,0677,0,2026-06-13 14:16:00,0.4576957695769577,0
613,0304,0,2026-06-13 14:16:10,0.6903690369036903,1
614,0463,0,2026-06-13 14:16:10,0.2322232223222322,0
615,0677,0,2026-06-13 14:16:10,0.4576957695769577,0
616,0857,0,2026-06-13 14:16:10,0.9423942394239424,0
617,0304,0,2026-06-13 14:16:20,0.6903690369036903,0
618,0381,0,2026-06-13 14:16:20,0.5648064806480648,0
619,0677,0,2026-06-13 14:16:20,0.4576957695769577,0
620,0857,0,2026-06-13 14:16:20,0.9423942394239424,0
621,0304,0,2026-06-13 14:16:30,0.6903690369036903,0
622,0381,0,2026-06-13 14:16:30,0.5648064806480648,0
623,0677,0,2026-06-13 14:16:30,0.4576957695769577,1
624,0857,0,2026-06-13 14:16:30,0.9423942394239424,0
625,0304,0,2026-06-13 14:16:40,0.6903690369036903,0
626,0381,0,2026-06-13 14:16:40,0.5648064806480648,0
627,0677,0,2026-06-13 14:16:40,0.4576957695769577,0
628,0857,0,2026-06-13 14:16:40,0.9423942394239424,0
629,0304,0,2026-06-13 14:16:50,0.6903690369036903,0
630,0381,0,2026-06-13 14:16:50,0.5648064806480648,0
631,0677,0,2026-06-13 14:16:50,0.4576957695769577,0
632,0857,0,2026-06-13 14:16:50,0.9423942394239424,0
633,0304,0,2026-06-13 14:17:00,0.6903690369036903,0
634,0381,0,2026-06-13 14:17:00,0.5648064806480648,0
635,0677,0,2026-06-13 14:17:00,0.4576957695769577,0
636,0857,0,2026-06-13 14:17:00,0.9423942394239424,0
637,0304,0,2026-06-13 14:17:10,0.6903690369036903,0
638,0381,0,2026-06-13 14:17:10,0.5648064806480648,0
639,0677,0,2026-06-13 14:17:10,0.4576957695769577,0
640,0857,0,2026-06-13 14:17:10,0.9423942394239424,1
641,0304,0,2026-06-13 14:17:20,0.6903690369036903,0
642,0381,0,2026-06-13 14:17:20,0.5648064806480648,0
643,0677,0,2026-06-13 14:17:20,0.4576957695769577,0
644,0857,0,2026-06-13 14:17:20,0.9423942394239424,0
645,0304,0,2026-06-13 14:17:30,0.6903690369036903,0
646,0381,0,2026-06-13 14:17:30,0.5648064806480648,0
647,0857,0,2026-06-13 14:17:30,0.9423942394239424,0
648,0381,0,2026-06-13 14:17:40,0.5648064806480648,0
649,0857,0,2026-06-13 14:17:40,0.9423942394239424,0
650,0381,0,2026-06-13 14:17:50,0.5648064806480648,0
651,0381,0,2026-06-13 14:18:00,0.5648064806480648,0
652,0381,0,2026-06-13 14:18:10,0.5648064806480648,0
653,0469,0,2026-06-13 15:12:00,0.6332133213321333,1
654,0469,0,2026-06-13 15:12:10,0.6332133213321333,0
655,0580,0,2026-06-13 15:32:40,0.6332133213321333,1
656,0580,0,2026-06-13 15:32:50,0.6332133213321333,0
657,0580,0,2026-06-13 15:32:50,0.6332133213321333,0
658,0847,0,2026-06-13 15:32:50,0.0949594959495950,0
659,0580,0,2026-06-13 15:33:00,0.6332133213321333,0
660,0580,0,2026-06-13 15:33:00,0.6332133213321333,0
661,0580,0,2026-06-13 15:33:00,0.6332133213321333,0
662,0847,0,2026-06-13 15:33:00,0.0949594959495950,1
663,0580,0,2026-06-13 15:33:10,0.6332133213321333,1
664,0580,0,2026-06-13 15:33:10,0.6332133213321333,0
665,0580,0,2026-06-13 15:33:10,0.6332133213321333,0
666,0580,0,2026-06-13 15:33:10,0.6332133213321333,0
667,0580,0,2026-06-13 15:33:10,0.6332133213321333,0
668,0847,0,2026-06-13 15:33:10,0.0949594959495950,0
669,0580,0,2026-06-13 15:33:20,0.6332133213321333,0
670,0580,0,2026-06-13 15:33:20,0.6332133213321333,0
671,0580,0,2026-06-13 15:33:20,0.6332133213321333,0
672,0580,0,2026-06-13 15:33:20,0.6332133213321333,0
673,0580,0,2026-06-13 15:33:20,0.6332133213321333,0
674,0580,0,2026-06-13 15:33:20,0.6332133213321333,0
675,0847,0,2026-06-13 15:33:20,0.0949594959495950,0
676,0580,0,2026-06-13 15:33:30,0.6332133213321333,0
677,0580,0,2026-06-13 15:33:30,0.6332133213321333,0
678,0580,0,2026-06-13 15:33:30,0.6332133213321333,0
679,0580,0,2026-06-13 15:33:30,0.6332133213321333,0
680,0580,0,2026-06-13 15:33:30,0.6332133213321333,0
681,0580,0,2026-06-13 15:33:30,0.6332133213321333,0
682,0847,0,2026-06-13 15:33:30,0.0949594959495950,0
683,0962,0,2026-06-13 15:33:30,0.5648064806480648,0
684,0203,0,2026-06-13 15:33:40,0.4576957695769577,1
685,0580,0,2026-06-13 15:33:40,0.6332133213321333,0
686,0580,0,2026-06-13 15:33:40,0.6332133213321333,0
687,0580,0,2026-06-13 15:33:40,0.6332133213321333,0
688,0580,0,2026-06-13 15:33:40,0.6332133213321333,0
689,0580,0,2026-06-13 15:33:40,0.6332133213321333,0
690,0580,0,2026-06-13 15:33:40,0.6332133213321333,0
691,0847,0,2026-06-13 15:33:40,0.0949594959495950,0
692,0962,0,2026-06-13 15:33:40,0.5648064806480648,0
693,0203,0,2026-06-13 15:33:50,0.4576957695769577,0
694,0580,0,2026-06-13 15:33:50,0.6332133213321333,0
695,0580,0,2026-06-13 15:33:50,0.6332133213321333,0
696,0580,0,2026-06-13 15:33:50,0.6332133213321333,0
697,0580,0,2026-06-13 15:33:50,0.6332133213321333,0
698,0580,0,2026-06-13 15:33:50,0.6332133213321333,0
699,0847,0,2026-06-13 15:33:50,0.0949594959495950,0
700,0946,0,2026-06-13 15:33:50,0.1512151215121512,0
701,0962,0,2026-06-13 15:33:50,0.5648064806480648,0
702,0203,0,2026-06-13 15:34:00,0.4576957695769577,0
703,0374,0,2026-06-13 15:34:00,1.0000000000000000,0
704,0392,0,2026-06-13 15:34:00,0.4576957695769577,1
705,0580,0,2026-06-13 15:34:00,0.6332133213321333,0
706,0580,0,2026-06-13 15:34:00,0.6332133213321333,0
707,0580,0,2026-06-13 15:34:00,0.6332133213321333,0
708,0582,0,2026-06-13 15:34:00,0.2322232223222322,0
709,0710,0,2026-06-13 15:34:00,0.0949594959495950,0
710,0710,0,2026-06-13 15:34:00,0.0949594959495950,0
711,0847,0,2026-06-13 15:34:00,0.0949594959495950,0
712,0946,0,2026-06-13 15:34:00,0.1512151215121512,0
713,0962,0,2026-06-13 15:34:00,0.5648064806480648,0
714,0203,0,2026-06-13 15:34:10,0.4576957695769577,0
715,0374,0,2026-06-13 15:34:10,1.0000000000000000,0
716,0392,0,2026-06-13 15:34:10,0.4576957695769577,0
717,0580,0,2026-06-13 15:34:10,0.6332133213321333,0
718,0580,0,2026-06-13 15:34:10,0.6332133213321333,0
719,0582,0,2026-06-13 15:34:10,0.2322232223222322,0
720,0710,0,2026-06-13 15:34:10,0.0949594959495950,0
721,0710,0,2026-06-13 15:34:10,0.0949594959495950,0
722,0710,0,2026-06-13 15:34:10,0.0949594959495950,0
723,0847,0,2026-06-13 15:34:10,0.0949594959495950,0
724,0946,0,2026-06-13 15:34:10,0.1512151215121512,0
725,0962,0,2026-06-13 15:34:10,0.5648064806480648,0
726,0985,0,2026-06-13 15:34:10,0.3618361836183618,0
727,0151,0,2026-06-13 15:34:20,0.1512151215121512,0
728,0203,0,2026-06-13 15:34:20,0.4576957695769577,0
729,0374,0,2026-06-13 15:34:20,1.0000000000000000,1
730,0392,0,2026-06-13 15:34:20,0.4576957695769577,0
731,0580,0,2026-06-13 15:34:20,0.6332133213321333,0
732,0710,0,2026-06-13 15:34:20,0.0949594959495950,0
733,0710,0,2026-06-13 15:34:20,0.0949594959495950,0
734,0710,0,2026-06-13 15:34:20,0.0949594959495950,0
735,0847,0,2026-06-13 15:34:20,0.0949594959495950,0
736,0946,0,2026-06-13 15:34:20,0.1512151215121512,0
737,0962,0,2026-06-13 15:34:20,0.5648064806480648,0
738,0985,0,2026-06-13 15:34:20,0.3618361836183618,0
739,0151,0,2026-06-13 15:34:30,0.1512151215121512,0
740,0203,0,2026-06-13 15:34:30,0.4576957695769577,0
741,0374,0,2026-06-13 15:34:30,1.0000000000000000,0
742,0392,0,2026-06-13 15:34:30,0.4576957695769577,0
743,0710,0,2026-06-13 15:34:30,0.0949594959495950,0
744,0710,0,2026-06-13 15:34:30,0.0949594959495950,0
745,0710,0,2026-06-13 15:34:30,0.0949594959495950,0
746,0710,0,2026-06-13 15:34:30,0.0949594959495950,0
747,0710,0,2026-06-13 15:34:30,0.0949594959495950,0
748,0946,0,2026-06-13 15:34:30,0.1512151215121512,0
749,0962,0,2026-06-13 15:34:30,0.5648064806480648,0
750,0985,0,2026-06-13 15:34:30,0.3618361836183618,1
751,0151,0,2026-06-13 15:34:40,0.1512151215121512,0
752,0203,0,2026-06-13 15:34:40,0.4576957695769577,0
753,0355,0,2026-06-13 15:34:40,0.7272727272727273,0
754,0374,0,2026-06-13 15:34:40,1.0000000000000000,0
755,0392,0,2026-06-13 15:34:40,0.4576957695769577,0
756,0710,0,2026-06-13 15:34:40,0.0949594959495950,0
757,0710,0,2026-06-13 15:34:40,0.0949594959495950,0
758,0710,0,2026-06-13 15:34:40,0.0949594959495950,0
759,0710,0,2026-06-13 15:34:40,0.0949594959495950,0
760,0710,0,2026-06-13 15:34:40,0.0949594959495950,0
761,0862,0,2026-06-13 15:34:40,0.5648064806480648,1
762,0946,0,2026-06-13 15:34:40,0.1512151215121512,0
763,0962,0,2026-06-13 15:34:40,0.5648064806480648,0
764,0985,0,2026-06-13 15:34:40,0.3618361836183618,0
765,0069,0,2026-06-13 15:34:50,0.8510351035103511,0
766,0151,0,2026-06-13 15:34:50,0.1512151215121512,0
767,0203,0,2026-06-13 15:34:50,0.4576957695769577,0
768,0355,0,2026-06-13 15:34:50,0.7272727272727273,0
769,0374,0,2026-06-13 15:34:50,1.0000000000000000,0
770,0392,0,2026-06-13 15:34:50,0.4576957695769577,0
771,0710,0,2026-06-13 15:34:50,0.0949594959495950,0
772,0710,0,2026-06-13 15:34:50,0.0949594959495950,0
773,0710,0,2026-06-13 15:34:50,0.0949594959495950,0
774,0710,0,2026-06-13 15:34:50,0.0949594959495950,0
775,0710,0,2026-06-13 15:34:50,0.0949594959495950,0
776,0763,0,2026-06-13 15:34:50,0.7889288928892889,1
777,0862,0,2026-06-13 15:34:50,0.5648064806480648,0
778,0962,0,2026-06-13 15:34:50,0.5648064806480648,0
779,0985,0,2026-06-13 15:34:50,0.3618361836183618,0
780,0069,0,2026-06-13 15:35:00,0.8510351035103511,0
781,0151,0,2026-06-13 15:35:00,0.1512151215121512,0
782,0203,0,2026-06-13 15:35:00,0.4576957695769577,0
783,0340,0,2026-06-13 15:35:00,1.0000000000000000,1
784,0355,0,2026-06-13 15:35:00,0.7272727272727273,0
785,0374,0,2026-06-13 15:35:00,1.0000000000000000,0
786,0392,0,2026-06-13 15:35:00,0.4576957695769577,0
787,0560,0,2026-06-13 15:35:00,0.8510351035103511,0
788,0710,0,2026-06-13 15:35:00,0.0949594959495950,0
789,0710,0,2026-06-13 15:35:00,0.0949594959495950,0
790,0710,0,2026-06-13 15:35:00,0.0949594959495950,0
791,0710,0,2026-06-13 15:35:00,0.0949594959495950,0
792,0763,0,2026-06-13 15:35:00,0.7889288928892889,0
793,0862,0,2026-06-13 15:35:00,0.5648064806480648,0
794,0962,0,2026-06-13 15:35:00,0.5648064806480648,0
795,0985,0,2026-06-13 15:35:00,0.3618361836183618,0
796,0069,0,2026-06-13 15:35:10,0.8510351035103511,0
797,0151,0,2026-06-13 15:35:10,0.1512151215121512,0
798,0203,0,2026-06-13 15:35:10,0.4576957695769577,0
799,0340,0,2026-06-13 15:35:10,1.0000000000000000,0
800,0355,0,2026-06-13 15:35:10,0.7272727272727273,0
801,0374,0,2026-06-13 15:35:10,1.0000000000000000,0
802,0392,0,2026-06-13 15:35:10,0.4576957695769577,0
803,0560,0,2026-06-13 15:35:10,0.8510351035103511,0
804,0710,0,2026-06-13 15:35:10,0.0949594959495950,0
805,0710,0,2026-06-13 15:35:10,0.0949594959495950,0
806,0710,0,2026-06-13 15:35:10,0.0949594959495950,0
807,0710,0,2026-06-13 15:35:10,0.0949594959495950,0
808,0763,0,2026-06-13 15:35:10,0.7889288928892889,0
809,0862,0,2026-06-13 15:35:10,0.5648064806480648,0
810,0985,0,2026-06-13 15:35:10,0.3618361836183618,0
811,0069,0,2026-06-13 15:35:20,0.8510351035103511,1
812,0243,0,2026-06-13 15:35:20,0.8510351035103511,0
813,0340,0,2026-06-13 15:35:20,1.0000000000000000,0
814,0392,0,2026-06-13 15:35:20,0.4576957695769577,0
815,0560,0,2026-06-13 15:35:20,0.8510351035103511,0
816,0710,0,2026-06-13 15:35:20,0.0949594959495950,0
817,0710,0,2026-06-13 15:35:20,0.0949594959495950,0
818,0710,0,2026-06-13 15:35:20,0.0949594959495950,0
819,0710,0,2026-06-13 15:35:20,0.0949594959495950,0
820,0763,0,2026-06-13 15:35:20,0.7889288928892889,0
821,0862,0,2026-06-13 15:35:20,0.5648064806480648,0
822,0985,0,2026-06-13 15:35:20,0.3618361836183618,0
823,0069,0,2026-06-13 15:35:30,0.8510351035103511,0
824,0243,0,2026-06-13 15:35:30,0.8510351035103511,0
825,0340,0,2026-06-13 15:35:30,1.0000000000000000,0
826,0392,0,2026-06-13 15:35:30,0.4576957695769577,0
827,0560,0,2026-06-13 15:35:30,0.8510351035103511,0
828,0710,0,2026-06-13 15:35:30,0.0949594959495950,0
829,0710,0,2026-06-13 15:35:30,0.0949594959495950,0
830,0763,0,2026-06-13 15:35:30,0.7889288928892889,0
831,0862,0,2026-06-13 15:35:30,0.5648064806480648,0
832,0985,0,2026-06-13 15:35:30,0.3618361836183618,0
833,0243,0,2026-06-13 15:35:40,0.8510351035103511,0
834,0340,0,2026-06-13 15:35:40,1.0000000000000000,0
835,0392,0,2026-06-13 15:35:40,0.4576957695769577,0
836,0560,0,2026-06-13 15:35:40,0.8510351035103511,0
837,0710,0,2026-06-13 15:35:40,0.0949594959495950,0
838,0763,0,2026-06-13 15:35:40,0.7889288928892889,0
839,0862,0,2026-06-13 15:35:40,0.5648064806480648,0
840,0243,0,2026-06-13 15:35:50,0.8510351035103511,0
841,0340,0,2026-06-13 15:35:50,1.0000000000000000,0
842,0392,0,2026-06-13 15:35:50,0.4576957695769577,0
843,0560,0,2026-06-13 15:35:50,0.8510351035103511,0
844,0710,0,2026-06-13 15:35:50,0.0949594959495950,0
845,0763,0,2026-06-13 15:35:50,0.7889288928892889,0
846,0862,0,2026-06-13 15:35:50,0.5648064806480648,0
847,0930,0,2026-06-13 15:35:50,0.6332133213321333,0
848,0243,0,2026-06-13 15:36:00,0.8510351035103511,0
849,0305,0,2026-06-13 15:36:00,0.5648064806480648,0
850,0340,0,2026-06-13 15:36:00,1.0000000000000000,0
851,0560,0,2026-06-13 15:36:00,0.8510351035103511,0
852,0763,0,2026-06-13 15:36:00,0.7889288928892889,0
853,0806,0,2026-06-13 15:36:00,0.9423942394239424,1
854,0862,0,2026-06-13 15:36:00,0.5648064806480648,0
855,0930,0,2026-06-13 15:36:00,0.6332133213321333,0
856,0243,0,2026-06-13 15:36:10,0.8510351035103511,0
857,0305,0,2026-06-13 15:36:10,0.5648064806480648,0
858,0340,0,2026-06-13 15:36:10,1.0000000000000000,0
859,0560,0,2026-06-13 15:36:10,0.8510351035103511,0
860,0733,0,2026-06-13 15:36:10,0.6903690369036903,0
861,0763,0,2026-06-13 15:36:10,0.7889288928892889,0
862,0806,0,2026-06-13 15:36:10,0.9423942394239424,1
863,0862,0,2026-06-13 15:36:10,0.5648064806480648,0
864,0930,0,2026-06-13 15:36:10,0.6332133213321333,0
865,0243,0,2026-06-13 15:36:20,0.8510351035103511,0
866,0305,0,2026-06-13 15:36:20,0.5648064806480648,0
867,0340,0,2026-06-13 15:36:20,1.0000000000000000,0
868,0560,0,2026-06-13 15:36:20,0.8510351035103511,0
869,0733,0,2026-06-13 15:36:20,0.6903690369036903,0
870,0763,0,2026-06-13 15:36:20,0.7889288928892889,0
871,0806,0,2026-06-13 15:36:20,0.9423942394239424,0
872,0930,0,2026-06-13 15:36:20,0.6332133213321333,0
873,0243,0,2026-06-13 15:36:30,0.8510351035103511,0
874,0305,0,2026-06-13 15:36:30,0.5648064806480648,0
875,0340,0,2026-06-13 15:36:30,1.0000000000000000,0
876,0560,0,2026-06-13 15:36:30,0.8510351035103511,0
877,0733,0,2026-06-13 15:36:30,0.6903690369036903,0
878,0763,0,2026-06-13 15:36:30,0.7889288928892889,0
879,0806,0,2026-06-13 15:36:30,0.9423942394239424,0
880,0930,0,2026-06-13 15:36:30,0.6332133213321333,0
881,0243,0,2026-06-13 15:36:40,0.8510351035103511,0
882,0305,0,2026-06-13 15:36:40,0.5648064806480648,0
883,0340,0,2026-06-13 15:36:40,1.0000000000000000,0
884,0560,0,2026-06-13 15:36:40,0.8510351035103511,0
885,0733,0,2026-06-13 15:36:40,0.6903690369036903,0
886,0806,0,2026-06-13 15:36:40,0.9423942394239424,0
887,0930,0,2026-06-13 15:36:40,0.6332133213321333,0
888,0243,0,2026-06-13 15:36:50,0.8510351035103511,0
889,0305,0,2026-06-13 15:36:50,0.5648064806480648,0
890,0733,0,2026-06-13 15:36:50,0.6903690369036903,0
891,0806,0,2026-06-13 15:36:50,0.9423942394239424,0
892,0930,0,2026-06-13 15:36:50,0.6332133213321333,0
893,0243,0,2026-06-13 15:37:00,0.8510351035103511,0
894,0305,0,2026-06-13 15:37:00,0.5648064806480648,0
895,0545,0,2026-06-13 15:37:00,0.9423942394239424,0
896,0733,0,2026-06-13 15:37:00,0.6903690369036903,1
897,0806,0,2026-06-13 15:37:00,0.9423942394239424,0
898,0930,0,2026-06-13 15:37:00,0.6332133213321333,0
899,0243,0,2026-06-13 15:37:10,0.8510351035103511,0
900,0305,0,2026-06-13 15:37:10,0.5648064806480648,0
901,0545,0,2026-06-13 15:37:10,0.9423942394239424,0
902,0733,0,2026-06-13 15:37:10,0.6903690369036903,0
903,0806,0,2026-06-13 15:37:10,0.9423942394239424,0
904,0930,0,2026-06-13 15:37:10,0.6332133213321333,0
905,0305,0,2026-06-13 15:37:20,0.5648064806480648,0
906,0545,0,2026-06-13 15:37:20,0.9423942394239424,1
907,0733,0,2026-06-13 15:37:20,0.6903690369036903,0
908,0806,0,2026-06-13 15:37:20,0.9423942394239424,0
909,0930,0,2026-06-13 15:37:20,0.6332133213321333,0
910,0305,0,2026-06-13 15:37:30,0.5648064806480648,0
911,0545,0,2026-06-13 15:37:30,0.9423942394239424,0
912,0733,0,2026-06-13 15:37:30,0.6903690369036903,0
913,0305,0,2026-06-13 15:37:40,0.5648064806480648,0
914,0515,0,2026-06-13 15:37:40,0.5648064806480648,0
915,0545,0,2026-06-13 15:37:40,0.9423942394239424,0
916,0733,0,2026-06-13 15:37:40,0.6903690369036903,0
917,0274,0,2026-06-13 15:37:50,0.4576957695769577,0
918,0515,0,2026-06-13 15:37:50,0.5648064806480648,0
919,0545,0,2026-06-13 15:37:50,0.9423942394239424,0
920,0733,0,2026-06-13 15:37:50,0.6903690369036903,0
921,0274,0,2026-06-13 15:38:00,0.4576957695769577,0
922,0515,0,2026-06-13 15:38:00,0.5648064806480648,0
923,0545,0,2026-06-13 15:38:00,0.9423942394239424,0
924,0733,0,2026-06-13 15:38:00,0.6903690369036903,0
925,0244,0,2026-06-13 15:38:10,0.6903690369036903,1
926,0274,0,2026-06-13 15:38:10,0.4576957695769577,0
927,0515,0,2026-06-13 15:38:10,0.5648064806480648,0
928,0515,0,2026-06-13 15:38:10,0.5648064806480648,0
929,0545,0,2026-06-13 15:38:10,0.9423942394239424,0
930,0244,0,2026-06-13 15:38:20,0.6903690369036903,1
931,0274,0,2026-06-13 15:38:20,0.4576957695769577,0
932,0515,0,2026-06-13 15:38:20,0.5648064806480648,0
933,0515,0,2026-06-13 15:38:20,0.5648064806480648,0
934,0545,0,2026-06-13 15:38:20,0.9423942394239424,0
935,0244,0,2026-06-13 15:38:30,0.6903690369036903,0
936,0274,0,2026-06-13 15:38:30,0.4576957695769577,0
937,0515,0,2026-06-13 15:38:30,0.5648064806480648,0
938,0515,0,2026-06-13 15:38:30,0.5648064806480648,0
939,0545,0,2026-06-13 15:38:30,0.9423942394239424,0
940,0244,0,2026-06-13 15:38:40,0.6903690369036903,0
941,0274,0,2026-06-13 15:38:40,0.4576957695769577,0
942,0515,0,2026-06-13 15:38:40,0.5648064806480648,0
943,0515,0,2026-06-13 15:38:40,0.5648064806480648,1
944,0545,0,2026-06-13 15:38:40,0.9423942394239424,0
945,0244,0,2026-06-13 15:38:50,0.6903690369036903,0
946,0274,0,2026-06-13 15:38:50,0.4576957695769577,0
947,0515,0,2026-06-13 15:38:50,0.5648064806480648,0
948,0515,0,2026-06-13 15:38:50,0.5648064806480648,0
949,0545,0,2026-06-13 15:38:50,0.9423942394239424,0
950,0244,0,2026-06-13 15:39:00,0.6903690369036903,0
951,0274,0,2026-06-13 15:39:00,0.4576957695769577,0
952,0515,0,2026-06-13 15:39:00,0.5648064806480648,0
953,0515,0,2026-06-13 15:39:00,0.5648064806480648,0
954,0244,0,2026-06-13 15:39:10,0.6903690369036903,0
955,0274,0,2026-06-13 15:39:10,0.4576957695769577,0
956,0515,0,2026-06-13 15:39:10,0.5648064806480648,1
957,0244,0,2026-06-13 15:39:20,0.6903690369036903,0
958,0274,0,2026-06-13 15:39:20,0.4576957695769577,0
959,0515,0,2026-06-13 15:39:20,0.5648064806480648,0
960,0796,0,2026-06-13 15:39:20,0.3618361836183618,0
961,0244,0,2026-06-13 15:39:30,0.6903690369036903,0
962,0274,0,2026-06-13 15:39:30,0.4576957695769577,0
963,0515,0,2026-06-13 15:39:30,0.5648064806480648,0
964,0796,0,2026-06-13 15:39:30,0.3618361836183618,0
965,0244,0,2026-06-13 15:39:40,0.6903690369036903,0
966,0274,0,2026-06-13 15:39:40,0.4576957695769577,0
967,0796,0,2026-06-13 15:39:40,0.3618361836183618,1
968,0244,0,2026-06-13 15:39:50,0.6903690369036903,0
969,0796,0,2026-06-13 15:39:50,0.3618361836183618,0
970,0796,0,2026-06-13 15:40:00,0.3618361836183618,0
971,0796,0,2026-06-13 15:40:10,0.3618361836183618,0
972,0796,0,2026-06-13 15:40:20,0.3618361836183618,0
973,0796,0,2026-06-13 15:40:30,0.3618361836183618,0
974,0798,0,2026-06-13 15:41:20,0.1512151215121512,0
975,0798,0,2026-06-13 15:41:30,0.1512151215121512,0
976,0798,0,2026-06-13 15:41:40,0.1512151215121512,0
977,0798,0,2026-06-13 15:41:50,0.1512151215121512,0
978,0798,0,2026-06-13 15:42:00,0.1512151215121512,0
979,0798,0,2026-06-13 15:42:10,0.1512151215121512,1
980,0798,0,2026-06-13 15:42:20,0.1512151215121512,0
981,0798,0,2026-06-13 15:42:30,0.1512151215121512,0
982,0588,0,2026-06-13 15:42:40,0.5648064806480648,0
983,0618,0,2026-06-13 15:42:40,0.1512151215121512,1
984,0588,0,2026-06-13 15:42:50,0.5648064806480648,0
985,0618,0,2026-06-13 15:42:50,0.1512151215121512,1
986,0588,0,2026-06-13 15:43:00,0.5648064806480648,1
987,0618,0,2026-06-13 15:43:00,0.1512151215121512,0
988,0588,0,2026-06-13 15:43:10,0.5648064806480648,0
989,0618,0,2026-06-13 15:43:10,0.1512151215121512,0
990,0588,0,2026-06-13 15:43:20,0.5648064806480648,0
991,0618,0,2026-06-13 15:43:20,0.1512151215121512,0
992,0588,0,2026-06-13 15:43:30,0.5648064806480648,0
993,0618,0,2026-06-13 15:43:30,0.1512151215121512,0
994,0588,0,2026-06-13 15:43:40,0.5648064806480648,0
995,0618,0,2026-06-13 15:43:40,0.1512151215121512,0
996,0588,0,2026-06-13 15:43:50,0.5648064806480648,0
997,0618,0,2026-06-13 15:43:50,0.1512151215121512,0
998,0588,0,2026-06-13 15:44:00,0.5648064806480648,0
999,0618,0,2026-06-13 15:44:00,0.1512151215121512,0
1000,0588,0,2026-06-13 15:44:10,0.5648064806480648,0
1001,0618,0,2026-06-13 15:44:10,0.1512151215121512,0
1002,0588,0,2026-06-13 15:44:20,0.5648064806480648,0
1003,0618,0,2026-06-13 15:44:20,0.1512151215121512,0
1004,0618,0,2026-06-13 15:44:30,0.1512151215121512,0
1005,0661,0,2026-06-13 16:51:50,0.7272727272727273,0
1006,0661,0,2026-06-13 16:52:00,0.7272727272727273,0
1007,0661,0,2026-06-13 16:52:10,0.7272727272727273,0
1008,0661,0,2026-06-13 16:52:20,0.7272727272727273,0
1009,0904,0,2026-06-13 17:10:00,0.8510351035103511,0
1010,0904,0,2026-06-13 17:10:10,0.8510351035103511,0
1011,0904,0,2026-06-13 17:10:20,0.8510351035103511,0
1012,0904,0,2026-06-13 17:10:30,0.8510351035103511,0
1013,0904,0,2026-06-13 17:10:40,0.8510351035103511,0
1014,0904,0,2026-06-13 17:10:50,0.8510351035103511,0
1015,0904,0,2026-06-13 17:11:00,0.8510351035103511,0
1016,0005,0,2026-06-13 17:11:10,0.5648064806480648,0
1017,0904,0,2026-06-13 17:11:10,0.8510351035103511,1
1018,0005,0,2026-06-13 17:11:20,0.5648064806480648,0
1019,0904,0,2026-06-13 17:11:20,0.8510351035103511,0
1020,0005,0,2026-06-13 17:11:30,0.5648064806480648,1
1021,0904,0,2026-06-13 17:11:30,0.8510351035103511,0
1022,0005,0,2026-06-13 17:11:40,0.5648064806480648,0
1023,0904,0,2026-06-13 17:11:40,0.8510351035103511,0
1024,0005,0,2026-06-13 17:11:50,0.5648064806480648,0
1025,0904,0,2026-06-13 17:11:50,0.8510351035103511,0
1026,0005,0,2026-06-13 17:12:00,0.5648064806480648,0
1027,0005,0,2026-06-13 17:12:10,0.5648064806480648,0
1028,0005,0,2026-06-13 17:12:20,0.5648064806480648,0
1029,0005,0,2026-06-13 17:12:30,0.5648064806480648,0
1030,0717,0,2026-06-13 17:13:00,1.0000000000000000,0
1031,0717,0,2026-06-13 17:13:10,1.0000000000000000,1
1032,0717,0,2026-06-13 17:13:20,1.0000000000000000,0
1033,0802,0,2026-06-13 17:13:20,0.8510351035103511,0
1034,0717,0,2026-06-13 17:13:30,1.0000000000000000,0
1035,0802,0,2026-06-13 17:13:30,0.8510351035103511,0
1036,0717,0,2026-06-13 17:13:40,1.0000000000000000,0
1037,0802,0,2026-06-13 17:13:40,0.8510351035103511,0
1038,0717,0,2026-06-13 17:13:50,1.0000000000000000,0
1039,0802,0,2026-06-13 17:13:50,0.8510351035103511,0
1040,0717,0,2026-06-13 17:14:00,1.0000000000000000,0
1041,0802,0,2026-06-13 17:14:00,0.8510351035103511,0
1042,0717,0,2026-06-13 17:14:10,1.0000000000000000,0
1043,0802,0,2026-06-13 17:14:10,0.8510351035103511,0
1044,0717,0,2026-06-13 17:14:20,1.0000000000000000,0
1045,0802,0,2026-06-13 17:14:20,0.8510351035103511,0
1046,0717,0,2026-06-13 17:14:30,1.0000000000000000,0
1047,0802,0,2026-06-13 17:14:30,0.8510351035103511,0
1048,0717,0,2026-06-13 17:14:40,1.0000000000000000,0
1049,0802,0,2026-06-13 17:14:40,0.8510351035103511,0
1050,0802,0,2026-06-13 17:14:50,0.8510351035103511,0
1051,0178,0,2026-06-13 17:15:10,0.1512151215121512,0
1052,0178,0,2026-06-13 17:15:20,0.1512151215121512,0
1053,0222,0,2026-06-13 17:15:20,0.1512151215121512,1
1054,0178,0,2026-06-13 17:15:30,0.1512151215121512,0
1055,0222,0,2026-06-13 17:15:30,0.1512151215121512,0
1056,0178,0,2026-06-13 17:15:40,0.1512151215121512,0
1057,0222,0,2026-06-13 17:15:40,0.1512151215121512,0
1058,0178,0,2026-06-13 17:15:50,0.1512151215121512,0
1059,0222,0,2026-06-13 17:15:50,0.1512151215121512,0
1060,0178,0,2026-06-13 17:16:00,0.1512151215121512,0
1061,0222,0,2026-06-13 17:16:00,0.1512151215121512,0
1062,0178,0,2026-06-13 17:16:10,0.1512151215121512,1
1063,0222,0,2026-06-13 17:16:10,0.1512151215121512,0
1064,0178,0,2026-06-13 17:16:20,0.1512151215121512,1
1065,0222,0,2026-06-13 17:16:20,0.1512151215121512,0
1066,0178,0,2026-06-13 17:16:30,0.1512151215121512,0
1067,0222,0,2026-06-13 17:16:30,0.1512151215121512,0
1068,0747,0,2026-06-13 17:16:30,0.3618361836183618,0
1069,0178,0,2026-06-13 17:16:40,0.1512151215121512,0
1070,0222,0,2026-06-13 17:16:40,0.1512151215121512,0
1071,0747,0,2026-06-13 17:16:40,0.3618361836183618,0
1072,0222,0,2026-06-13 17:16:50,0.1512151215121512,0
1073,0747,0,2026-06-13 17:16:50,0.3618361836183618,1
1074,0222,0,2026-06-13 17:17:00,0.1512151215121512,0
1075,0747,0,2026-06-13 17:17:00,0.3618361836183618,0
1076,0118,0,2026-06-13 17:17:10,0.5648064806480648,0
1077,0747,0,2026-06-13 17:17:10,0.3618361836183618,0
1078,0921,0,2026-06-13 17:17:10,0.9423942394239424,1
1079,0118,0,2026-06-13 17:17:20,0.5648064806480648,0
1080,0747,0,2026-06-13 17:17:20,0.3618361836183618,0
1081,0921,0,2026-06-13 17:17:20,0.9423942394239424,0
1082,0118,0,2026-06-13 17:17:30,0.5648064806480648,0
1083,0747,0,2026-06-13 17:17:30,0.3618361836183618,0
1084,0921,0,2026-06-13 17:17:30,0.9423942394239424,0
1085,0118,0,2026-06-13 17:17:40,0.5648064806480648,1
1086,0747,0,2026-06-13 17:17:40,0.3618361836183618,0
1087,0921,0,2026-06-13 17:17:40,0.9423942394239424,0
1088,0118,0,2026-06-13 17:17:50,0.5648064806480648,0
1089,0747,0,2026-06-13 17:17:50,0.3618361836183618,0
1090,0921,0,2026-06-13 17:17:50,0.9423942394239424,0
1091,0118,0,2026-06-13 17:18:00,0.5648064806480648,0
1092,0747,0,2026-06-13 17:18:00,0.3618361836183618,0
1093,0921,0,2026-06-13 17:18:00,0.9423942394239424,0
1094,0118,0,2026-06-13 17:18:10,0.5648064806480648,0
1095,0747,0,2026-06-13 17:18:10,0.3618361836183618,0
1096,0771,0,2026-06-13 17:18:10,0.6332133213321333,0
1097,0921,0,2026-06-13 17:18:10,0.9423942394239424,0
1098,0747,0,2026-06-13 17:18:20,0.3618361836183618,0
1099,0771,0,2026-06-13 17:18:20,0.6332133213321333,0
1100,0771,0,2026-06-13 17:18:30,0.6332133213321333,0
1101,0771,0,2026-06-13 17:18:40,0.6332133213321333,0
1102,0771,0,2026-06-13 17:18:50,0.6332133213321333,0
1103,0771,0,2026-06-13 17:19:00,0.6332133213321333,0
1104,0771,0,2026-06-13 17:19:10,0.6332133213321333,0
1105,0771,0,2026-06-13 17:19:20,0.6332133213321333,0
1106,0771,0,2026-06-13 17:19:30,0.6332133213321333,0
1107,0771,0,2026-06-13 17:19:40,0.6332133213321333,1
1108,0076,0,2026-06-13 18:30:50,0.3618361836183618,1
1109,0076,0,2026-06-13 18:31:00,0.3618361836183618,0
1110,0076,0,2026-06-13 18:31:10,0.3618361836183618,0
1111,0076,0,2026-06-13 18:31:20,0.3618361836183618,0
1112,0076,0,2026-06-13 18:31:30,0.3618361836183618,0
1113,0172,0,2026-06-13 18:31:30,0.4576957695769577,0
1114,0076,0,2026-06-13 18:31:40,0.3618361836183618,0
1115,0172,0,2026-06-13 18:31:40,0.4576957695769577,0
1116,0076,0,2026-06-13 18:31:50,0.3618361836183618,0
1117,0172,0,2026-06-13 18:31:50,0.4576957695769577,0
1118,0076,0,2026-06-13 18:32:00,0.3618361836183618,0
1119,0172,0,2026-06-13 18:32:00,0.4576957695769577,0
1120,0172,0,2026-06-13 18:32:00,0.4576957695769577,0
1121,0076,0,2026-06-13 18:32:10,0.3618361836183618,0
1122,0172,0,2026-06-13 18:32:10,0.4576957695769577,0
1123,0172,0,2026-06-13 18:32:10,0.4576957695769577,1
1124,0076,0,2026-06-13 18:32:20,0.3618361836183618,0
1125,0172,0,2026-06-13 18:32:20,0.4576957695769577,0
1126,0076,0,2026-06-13 18:32:30,0.3618361836183618,0
1127,0172,0,2026-06-13 18:32:30,0.4576957695769577,0
1128,0076,0,2026-06-13 18:32:40,0.3618361836183618,0
1129,0172,0,2026-06-13 18:32:40,0.4576957695769577,1
1130,0981,0,2026-06-13 18:49:00,0.7889288928892889,0
1131,0981,0,2026-06-13 18:49:10,0.7889288928892889,0
1132,0981,0,2026-06-13 18:49:20,0.7889288928892889,1
1133,0981,0,2026-06-13 18:49:30,0.7889288928892889,0
1134,0159,0,2026-06-13 18:49:40,0.9423942394239424,0
1135,0981,0,2026-06-13 18:49:40,0.7889288928892889,0
1136,0159,0,2026-06-13 18:49:50,0.9423942394239424,1
1137,0981,0,2026-06-13 18:49:50,0.7889288928892889,0
1138,0159,0,2026-06-13 18:50:00,0.9423942394239424,1
1139,0981,0,2026-06-13 18:50:00,0.7889288928892889,0
1140,0159,0,2026-06-13 18:50:10,0.9423942394239424,0
1141,0981,0,2026-06-13 18:50:10,0.7889288928892889,0
1142,0095,0,2026-06-13 18:50:20,0.0949594959495950,0
1143,0159,0,2026-06-13 18:50:20,0.9423942394239424,0
1144,0981,0,2026-06-13 18:50:20,0.7889288928892889,0
1145,0095,0,2026-06-13 18:50:30,0.0949594959495950,0
1146,0159,0,2026-06-13 18:50:30,0.9423942394239424,0
1147,0981,0,2026-06-13 18:50:30,0.7889288928892889,0
1148,0095,0,2026-06-13 18:50:40,0.0949594959495950,0
1149,0159,0,2026-06-13 18:50:40,0.9423942394239424,0
1150,0981,0,2026-06-13 18:50:40,0.7889288928892889,0
1151,0095,0,2026-06-13 18:50:50,0.0949594959495950,0
1152,0159,0,2026-06-13 18:50:50,0.9423942394239424,0
1153,0981,0,2026-06-13 18:50:50,0.7889288928892889,0
1154,0095,0,2026-06-13 18:51:00,0.0949594959495950,0
1155,0159,0,2026-06-13 18:51:00,0.9423942394239424,0
1156,0095,0,2026-06-13 18:51:10,0.0949594959495950,0
1157,0159,0,2026-06-13 18:51:10,0.9423942394239424,0
1158,0095,0,2026-06-13 18:51:20,0.0949594959495950,0
1159,0095,0,2026-06-13 18:51:30,0.0949594959495950,0
1160,0095,0,2026-06-13 18:51:40,0.0949594959495950,0
1161,0095,0,2026-06-13 18:51:50,0.0949594959495950,1
1162,0095,0,2026-06-13 18:52:00,0.0949594959495950,1
1163,0908,0,2026-06-13 20:08:30,0.4576957695769577,0
1164,0908,0,2026-06-13 20:08:40,0.4576957695769577,0
1165,0908,0,2026-06-13 20:08:50,0.4576957695769577,0
1166,0908,0,2026-06-13 20:09:00,0.4576957695769577,0
1167,0908,0,2026-06-13 20:09:10,0.4576957695769577,0
1168,0908,0,2026-06-13 20:09:20,0.4576957695769577,0
1169,0908,0,2026-06-13 20:09:30,0.4576957695769577,0
1170,0908,0,2026-06-13 20:09:40,0.4576957695769577,1
1171,0908,0,2026-06-13 20:09:50,0.4576957695769577,0
1172,0668,0,2026-06-13 20:10:00,0.7889288928892889,0
1173,0908,0,2026-06-13 20:10:00,0.4576957695769577,0
1174,0668,0,2026-06-13 20:10:10,0.7889288928892889,0
1175,0668,0,2026-06-13 20:10:20,0.7889288928892889,1
1176,0668,0,2026-06-13 20:10:30,0.7889288928892889,0
1177,0668,0,2026-06-13 20:10:40,0.7889288928892889,0
1178,0668,0,2026-06-13 20:10:50,0.7889288928892889,0
1179,0668,1,2026-06-13 10:27:50,0.7889288928892889,0
1180,0668,1,2026-06-13 10:28:00,0.7889288928892889,0
1181,0668,1,2026-06-13 10:28:10,0.7889288928892889,0
1182,0668,1,2026-06-13 10:28:20,0.7889288928892889,0
1183,0668,1,2026-06-13 10:28:30,0.7889288928892889,0
1184,0668,1,2026-06-13 10:28:40,0.7889288928892889,0
1185,0668,1,2026-06-13 10:28:50,0.7889288928892889,0
1186,0668,1,2026-06-13 10:29:00,0.7889288928892889,0
1187,0668,1,2026-06-13 10:29:10,0.7889288928892889,0
1188,0465,1,2026-06-13 10:29:20,0.2322232223222322,0
1189,0668,1,2026-06-13 10:29:20,0.7889288928892889,0
1190,0094,1,2026-06-13 10:29:30,0.1512151215121512,0
1191,0465,1,2026-06-13 10:29:30,0.2322232223222322,0
1192,0668,1,2026-06-13 10:29:30,0.7889288928892889,0
1193,0094,1,2026-06-13 10:29:40,0.1512151215121512,0
1194,0465,1,2026-06-13 10:29:40,0.2322232223222322,0
1195,0094,1,2026-06-13 10:29:50,0.1512151215121512,0
1196,0459,1,2026-06-13 10:29:50,0.3618361836183618,0
1197,0459,1,2026-06-13 10:29:50,0.3618361836183618,0
1198,0459,1,2026-06-13 10:29:50,0.3618361836183618,0
1199,0465,1,2026-06-13 10:29:50,0.2322232223222322,0
1200,0542,1,2026-06-13 10:29:50,0.4576957695769577,1
1201,0094,1,2026-06-13 10:30:00,0.1512151215121512,0
1202,0280,1,2026-06-13 10:30:00,0.2322232223222322,0
1203,0280,1,2026-06-13 10:30:00,0.2322232223222322,0
1204,0280,1,2026-06-13 10:30:00,0.2322232223222322,0
1205,0459,1,2026-06-13 10:30:00,0.3618361836183618,0
1206,0459,1,2026-06-13 10:30:00,0.3618361836183618,0
1207,0459,1,2026-06-13 10:30:00,0.3618361836183618,0
1208,0465,1,2026-06-13 10:30:00,0.2322232223222322,0
1209,0542,1,2026-06-13 10:30:00,0.4576957695769577,0
1210,0940,1,2026-06-13 10:30:00,0.9423942394239424,0
1211,0094,1,2026-06-13 10:30:10,0.1512151215121512,0
1212,0280,1,2026-06-13 10:30:10,0.2322232223222322,0
1213,0280,1,2026-06-13 10:30:10,0.2322232223222322,0
1214,0280,1,2026-06-13 10:30:10,0.2322232223222322,0
1215,0459,1,2026-06-13 10:30:10,0.3618361836183618,0
1216,0459,1,2026-06-13 10:30:10,0.3618361836183618,0
1217,0459,1,2026-06-13 10:30:10,0.3618361836183618,0
1218,0459,1,2026-06-13 10:30:10,0.3618361836183618,0
1219,0459,1,2026-06-13 10:30:10,0.3618361836183618,0
1220,0465,1,2026-06-13 10:30:10,0.2322232223222322,0
1221,0542,1,2026-06-13 10:30:10,0.4576957695769577,0
1222,0917,1,2026-06-13 10:30:10,0.6903690369036903,1
1223,0940,1,2026-06-13 10:30:10,0.9423942394239424,0
1224,0094,1,2026-06-13 10:30:20,0.1512151215121512,0
1225,0280,1,2026-06-13 10:30:20,0.2322232223222322,0
1226,0280,1,2026-06-13 10:30:20,0.2322232223222322,0
1227,0459,1,2026-06-13 10:30:20,0.3618361836183618,0
1228,0459,1,2026-06-13 10:30:20,0.3618361836183618,0
1229,0459,1,2026-06-13 10:30:20,0.3618361836183618,0
1230,0459,1,2026-06-13 10:30:20,0.3618361836183618,0
1231,0459,1,2026-06-13 10:30:20,0.3618361836183618,0
1232,0459,1,2026-06-13 10:30:20,0.3618361836183618,0
1233,0465,1,2026-06-13 10:30:20,0.2322232223222322,0
1234,0542,1,2026-06-13 10:30:20,0.4576957695769577,0
1235,0917,1,2026-06-13 10:30:20,0.6903690369036903,1
1236,0940,1,2026-06-13 10:30:20,0.9423942394239424,0
1237,0094,1,2026-06-13 10:30:30,0.1512151215121512,0
1238,0280,1,2026-06-13 10:30:30,0.2322232223222322,0
1239,0280,1,2026-06-13 10:30:30,0.2322232223222322,0
1240,0280,1,2026-06-13 10:30:30,0.2322232223222322,0
1241,0280,1,2026-06-13 10:30:30,0.2322232223222322,0
1242,0280,1,2026-06-13 10:30:30,0.2322232223222322,0
1243,0280,1,2026-06-13 10:30:30,0.2322232223222322,0
1244,0459,1,2026-06-13 10:30:30,0.3618361836183618,0
1245,0459,1,2026-06-13 10:30:30,0.3618361836183618,0
1246,0459,1,2026-06-13 10:30:30,0.3618361836183618,0
1247,0459,1,2026-06-13 10:30:30,0.3618361836183618,0
1248,0459,1,2026-06-13 10:30:30,0.3618361836183618,0
1249,0459,1,2026-06-13 10:30:30,0.3618361836183618,0
1250,0465,1,2026-06-13 10:30:30,0.2322232223222322,0
1251,0542,1,2026-06-13 10:30:30,0.4576957695769577,0
1252,0561,1,2026-06-13 10:30:30,0.8510351035103511,0
1253,0917,1,2026-06-13 10:30:30,0.6903690369036903,0
1254,0940,1,2026-06-13 10:30:30,0.9423942394239424,0
1255,0094,1,2026-06-13 10:30:40,0.1512151215121512,0
1256,0280,1,2026-06-13 10:30:40,0.2322232223222322,0
1257,0280,1,2026-06-13 10:30:40,0.2322232223222322,0
1258,0280,1,2026-06-13 10:30:40,0.2322232223222322,0
1259,0280,1,2026-06-13 10:30:40,0.2322232223222322,0
1260,0280,1,2026-06-13 10:30:40,0.2322232223222322,0
1261,0280,1,2026-06-13 10:30:40,0.2322232223222322,0
1262,0459,1,2026-06-13 10:30:40,0.3618361836183618,0
1263,0459,1,2026-06-13 10:30:40,0.3618361836183618,0
1264,0459,1,2026-06-13 10:30:40,0.3618361836183618,0
1265,0459,1,2026-06-13 10:30:40,0.3618361836183618,0
1266,0459,1,2026-06-13 10:30:40,0.3618361836183618,0
1267,0459,1,2026-06-13 10:30:40,0.3618361836183618,0
1268,0465,1,2026-06-13 10:30:40,0.2322232223222322,0
1269,0542,1,2026-06-13 10:30:40,0.4576957695769577,0
1270,0561,1,2026-06-13 10:30:40,0.8510351035103511,0
1271,0917,1,2026-06-13 10:30:40,0.6903690369036903,0
1272,0940,1,2026-06-13 10:30:40,0.9423942394239424,0
1273,0094,1,2026-06-13 10:30:50,0.1512151215121512,0
1274,0280,1,2026-06-13 10:30:50,0.2322232223222322,0
1275,0280,1,2026-06-13 10:30:50,0.2322232223222322,0
1276,0280,1,2026-06-13 10:30:50,0.2322232223222322,0
1277,0280,1,2026-06-13 10:30:50,0.2322232223222322,0
1278,0280,1,2026-06-13 10:30:50,0.2322232223222322,0
1279,0280,1,2026-06-13 10:30:50,0.2322232223222322,0
1280,0459,1,2026-06-13 10:30:50,0.3618361836183618,0
1281,0459,1,2026-06-13 10:30:50,0.3618361836183618,0
1282,0459,1,2026-06-13 10:30:50,0.3618361836183618,0
1283,0459,1,2026-06-13 10:30:50,0.3618361836183618,0
1284,0459,1,2026-06-13 10:30:50,0.3618361836183618,0
1285,0465,1,2026-06-13 10:30:50,0.2322232223222322,0
1286,0542,1,2026-06-13 10:30:50,0.4576957695769577,0
1287,0561,1,2026-06-13 10:30:50,0.8510351035103511,0
1288,0917,1,2026-06-13 10:30:50,0.6903690369036903,0
1289,0940,1,2026-06-13 10:30:50,0.9423942394239424,0
1290,0094,1,2026-06-13 10:31:00,0.1512151215121512,0
1291,0280,1,2026-06-13 10:31:00,0.2322232223222322,0
1292,0280,1,2026-06-13 10:31:00,0.2322232223222322,0
1293,0280,1,2026-06-13 10:31:00,0.2322232223222322,0
1294,0280,1,2026-06-13 10:31:00,0.2322232223222322,0
1295,0280,1,2026-06-13 10:31:00,0.2322232223222322,0
1296,0280,1,2026-06-13 10:31:00,0.2322232223222322,0
1297,0459,1,2026-06-13 10:31:00,0.3618361836183618,0
1298,0459,1,2026-06-13 10:31:00,0.3618361836183618,0
1299,0459,1,2026-06-13 10:31:00,0.3618361836183618,0
1300,0459,1,2026-06-13 10:31:00,0.3618361836183618,0
1301,0459,1,2026-06-13 10:31:00,0.3618361836183618,0
1302,0465,1,2026-06-13 10:31:00,0.2322232223222322,0
1303,0542,1,2026-06-13 10:31:00,0.4576957695769577,0
1304,0561,1,2026-06-13 10:31:00,0.8510351035103511,0
1305,0917,1,2026-06-13 10:31:00,0.6903690369036903,0
1306,0940,1,2026-06-13 10:31:00,0.9423942394239424,0
1307,0094,1,2026-06-13 10:31:10,0.1512151215121512,0
1308,0280,1,2026-06-13 10:31:10,0.2322232223222322,0
1309,0280,1,2026-06-13 10:31:10,0.2322232223222322,0
1310,0280,1,2026-06-13 10:31:10,0.2322232223222322,0
1311,0280,1,2026-06-13 10:31:10,0.2322232223222322,0
1312,0280,1,2026-06-13 10:31:10,0.2322232223222322,0
1313,0280,1,2026-06-13 10:31:10,0.2322232223222322,0
1314,0459,1,2026-06-13 10:31:10,0.3618361836183618,0
1315,0459,1,2026-06-13 10:31:10,0.3618361836183618,0
1316,0459,1,2026-06-13 10:31:10,0.3618361836183618,0
1317,0459,1,2026-06-13 10:31:10,0.3618361836183618,0
1318,0459,1,2026-06-13 10:31:10,0.3618361836183618,0
1319,0459,1,2026-06-13 10:31:10,0.3618361836183618,0
1320,0465,1,2026-06-13 10:31:10,0.2322232223222322,0
1321,0542,1,2026-06-13 10:31:10,0.4576957695769577,0
1322,0561,1,2026-06-13 10:31:10,0.8510351035103511,0
1323,0917,1,2026-06-13 10:31:10,0.6903690369036903,0
1324,0940,1,2026-06-13 10:31:10,0.9423942394239424,0
1325,0280,1,2026-06-13 10:31:20,0.2322232223222322,0
1326,0280,1,2026-06-13 10:31:20,0.2322232223222322,0
1327,0280,1,2026-06-13 10:31:20,0.2322232223222322,0
1328,0280,1,2026-06-13 10:31:20,0.2322232223222322,0
1329,0280,1,2026-06-13 10:31:20,0.2322232223222322,0
1330,0280,1,2026-06-13 10:31:20,0.2322232223222322,0
1331,0459,1,2026-06-13 10:31:20,0.3618361836183618,0
1332,0459,1,2026-06-13 10:31:20,0.3618361836183618,0
1333,0459,1,2026-06-13 10:31:20,0.3618361836183618,0
1334,0459,1,2026-06-13 10:31:20,0.3618361836183618,0
1335,0459,1,2026-06-13 10:31:20,0.3618361836183618,0
1336,0542,1,2026-06-13 10:31:20,0.4576957695769577,0
1337,0561,1,2026-06-13 10:31:20,0.8510351035103511,0
1338,0940,1,2026-06-13 10:31:20,0.9423942394239424,0
1339,0139,1,2026-06-13 10:31:30,0.3618361836183618,0
1340,0280,1,2026-06-13 10:31:30,0.2322232223222322,0
1341,0280,1,2026-06-13 10:31:30,0.2322232223222322,0
1342,0280,1,2026-06-13 10:31:30,0.2322232223222322,0
1343,0280,1,2026-06-13 10:31:30,0.2322232223222322,0
1344,0459,1,2026-06-13 10:31:30,0.3618361836183618,0
1345,0459,1,2026-06-13 10:31:30,0.3618361836183618,0
1346,0459,1,2026-06-13 10:31:30,0.3618361836183618,0
1347,0459,1,2026-06-13 10:31:30,0.3618361836183618,0
1348,0542,1,2026-06-13 10:31:30,0.4576957695769577,0
1349,0561,1,2026-06-13 10:31:30,0.8510351035103511,0
1350,0940,1,2026-06-13 10:31:30,0.9423942394239424,0
1351,0139,1,2026-06-13 10:31:40,0.3618361836183618,0
1352,0280,1,2026-06-13 10:31:40,0.2322232223222322,0
1353,0280,1,2026-06-13 10:31:40,0.2322232223222322,0
1354,0280,1,2026-06-13 10:31:40,0.2322232223222322,0
1355,0280,1,2026-06-13 10:31:40,0.2322232223222322,0
1356,0459,1,2026-06-13 10:31:40,0.3618361836183618,0
1357,0459,1,2026-06-13 10:31:40,0.3618361836183618,0
1358,0459,1,2026-06-13 10:31:40,0.3618361836183618,0
1359,0542,1,2026-06-13 10:31:40,0.4576957695769577,0
1360,0561,1,2026-06-13 10:31:40,0.8510351035103511,0
1361,0940,1,2026-06-13 10:31:40,0.9423942394239424,0
1362,0139,1,2026-06-13 10:31:50,0.3618361836183618,0
1363,0280,1,2026-06-13 10:31:50,0.2322232223222322,0
1364,0280,1,2026-06-13 10:31:50,0.2322232223222322,0
1365,0280,1,2026-06-13 10:31:50,0.2322232223222322,0
1366,0561,1,2026-06-13 10:31:50,0.8510351035103511,0
1367,0940,1,2026-06-13 10:31:50,0.9423942394239424,0
1368,0139,1,2026-06-13 10:32:00,0.3618361836183618,0
1369,0561,1,2026-06-13 10:32:00,0.8510351035103511,0
1370,0139,1,2026-06-13 10:32:10,0.3618361836183618,0
1371,0561,1,2026-06-13 10:32:10,0.8510351035103511,0
1372,0139,1,2026-06-13 10:32:20,0.3618361836183618,0
1373,0561,1,2026-06-13 10:32:20,0.8510351035103511,1
1374,0139,1,2026-06-13 10:32:30,0.3618361836183618,0
1375,0139,1,2026-06-13 10:32:40,0.3618361836183618,0
1376,0371,1,2026-06-13 10:32:40,0.9423942394239424,0
1377,0139,1,2026-06-13 10:32:50,0.3618361836183618,0
1378,0371,1,2026-06-13 10:32:50,0.9423942394239424,0
1379,0864,1,2026-06-13 10:32:50,0.5648064806480648,1
1380,0139,1,2026-06-13 10:33:00,0.3618361836183618,0
1381,0371,1,2026-06-13 10:33:00,0.9423942394239424,0
1382,0864,1,2026-06-13 10:33:00,0.5648064806480648,0
1383,0139,1,2026-06-13 10:33:10,0.3618361836183618,0
1384,0371,1,2026-06-13 10:33:10,0.9423942394239424,0
1385,0692,1,2026-06-13 10:33:10,0.3618361836183618,0
1386,0692,1,2026-06-13 10:33:10,0.3618361836183618,1
1387,0692,1,2026-06-13 10:33:10,0.3618361836183618,0
1388,0864,1,2026-06-13 10:33:10,0.5648064806480648,0
1389,0371,1,2026-06-13 10:33:20,0.9423942394239424,0
1390,0415,1,2026-06-13 10:33:20,0.0949594959495950,0
1391,0692,1,2026-06-13 10:33:20,0.3618361836183618,0
1392,0692,1,2026-06-13 10:33:20,0.3618361836183618,0
1393,0692,1,2026-06-13 10:33:20,0.3618361836183618,0
1394,0692,1,2026-06-13 10:33:20,0.3618361836183618,0
1395,0864,1,2026-06-13 10:33:20,0.5648064806480648,0
1396,0371,1,2026-06-13 10:33:30,0.9423942394239424,0
1397,0415,1,2026-06-13 10:33:30,0.0949594959495950,0
1398,0562,1,2026-06-13 10:33:30,0.0949594959495950,0
1399,0692,1,2026-06-13 10:33:30,0.3618361836183618,0
1400,0692,1,2026-06-13 10:33:30,0.3618361836183618,0
1401,0692,1,2026-06-13 10:33:30,0.3618361836183618,0
1402,0864,1,2026-06-13 10:33:30,0.5648064806480648,0
1403,0371,1,2026-06-13 10:33:40,0.9423942394239424,0
1404,0388,1,2026-06-13 10:33:40,1.0000000000000000,0
1405,0415,1,2026-06-13 10:33:40,0.0949594959495950,0
1406,0562,1,2026-06-13 10:33:40,0.0949594959495950,0
1407,0692,1,2026-06-13 10:33:40,0.3618361836183618,0
1408,0692,1,2026-06-13 10:33:40,0.3618361836183618,0
1409,0692,1,2026-06-13 10:33:40,0.3618361836183618,0
1410,0864,1,2026-06-13 10:33:40,0.5648064806480648,0
1411,0371,1,2026-06-13 10:33:50,0.9423942394239424,0
1412,0388,1,2026-06-13 10:33:50,1.0000000000000000,1
1413,0415,1,2026-06-13 10:33:50,0.0949594959495950,0
1414,0562,1,2026-06-13 10:33:50,0.0949594959495950,0
1415,0692,1,2026-06-13 10:33:50,0.3618361836183618,0
1416,0692,1,2026-06-13 10:33:50,0.3618361836183618,0
1417,0864,1,2026-06-13 10:33:50,0.5648064806480648,0
1418,0371,1,2026-06-13 10:34:00,0.9423942394239424,0
1419,0388,1,2026-06-13 10:34:00,1.0000000000000000,1
1420,0415,1,2026-06-13 10:34:00,0.0949594959495950,0
1421,0562,1,2026-06-13 10:34:00,0.0949594959495950,0
1422,0692,1,2026-06-13 10:34:00,0.3618361836183618,0
1423,0692,1,2026-06-13 10:34:00,0.3618361836183618,0
1424,0864,1,2026-06-13 10:34:00,0.5648064806480648,0
1425,0371,1,2026-06-13 10:34:10,0.9423942394239424,0
1426,0388,1,2026-06-13 10:34:10,1.0000000000000000,0
1427,0415,1,2026-06-13 10:34:10,0.0949594959495950,0
1428,0533,1,2026-06-13 10:34:10,0.7272727272727273,0
1429,0562,1,2026-06-13 10:34:10,0.0949594959495950,0
1430,0692,1,2026-06-13 10:34:10,0.3618361836183618,0
1431,0692,1,2026-06-13 10:34:10,0.3618361836183618,0
1432,0864,1,2026-06-13 10:34:10,0.5648064806480648,0
1433,0371,1,2026-06-13 10:34:20,0.9423942394239424,0
1434,0388,1,2026-06-13 10:34:20,1.0000000000000000,0
1435,0415,1,2026-06-13 10:34:20,0.0949594959495950,0
1436,0533,1,2026-06-13 10:34:20,0.7272727272727273,0
1437,0562,1,2026-06-13 10:34:20,0.0949594959495950,0
1438,0692,1,2026-06-13 10:34:20,0.3618361836183618,0
1439,0692,1,2026-06-13 10:34:20,0.3618361836183618,0
1440,0846,1,2026-06-13 10:34:20,0.9423942394239424,0
1441,0863,1,2026-06-13 10:34:20,0.9423942394239424,0
1442,0864,1,2026-06-13 10:34:20,0.5648064806480648,0
1443,0388,1,2026-06-13 10:34:30,1.0000000000000000,0
1444,0415,1,2026-06-13 10:34:30,0.0949594959495950,0
1445,0533,1,2026-06-13 10:34:30,0.7272727272727273,0
1446,0562,1,2026-06-13 10:34:30,0.0949594959495950,0
1447,0692,1,2026-06-13 10:34:30,0.3618361836183618,0
1448,0692,1,2026-06-13 10:34:30,0.3618361836183618,0
1449,0846,1,2026-06-13 10:34:30,0.9423942394239424,0
1450,0863,1,2026-06-13 10:34:30,0.9423942394239424,0
1451,0864,1,2026-06-13 10:34:30,0.5648064806480648,0
1452,0388,1,2026-06-13 10:34:40,1.0000000000000000,0
1453,0415,1,2026-06-13 10:34:40,0.0949594959495950,1
1454,0533,1,2026-06-13 10:34:40,0.7272727272727273,0
1455,0562,1,2026-06-13 10:34:40,0.0949594959495950,0
1456,0692,1,2026-06-13 10:34:40,0.3618361836183618,0
1457,0846,1,2026-06-13 10:34:40,0.9423942394239424,0
1458,0863,1,2026-06-13 10:34:40,0.9423942394239424,0
1459,0864,1,2026-06-13 10:34:40,0.5648064806480648,0
1460,0993,1,2026-06-13 10:34:40,0.6903690369036903,0
1461,0388,1,2026-06-13 10:34:50,1.0000000000000000,0
1462,0415,1,2026-06-13 10:34:50,0.0949594959495950,0
1463,0533,1,2026-06-13 10:34:50,0.7272727272727273,0
1464,0562,1,2026-06-13 10:34:50,0.0949594959495950,0
1465,0692,1,2026-06-13 10:34:50,0.3618361836183618,0
1466,0692,1,2026-06-13 10:34:50,0.3618361836183618,0
1467,0692,1,2026-06-13 10:34:50,0.3618361836183618,0
1468,0846,1,2026-06-13 10:34:50,0.9423942394239424,0
1469,0863,1,2026-06-13 10:34:50,0.9423942394239424,0
1470,0993,1,2026-06-13 10:34:50,0.6903690369036903,0
1471,0388,1,2026-06-13 10:35:00,1.0000000000000000,0
1472,0533,1,2026-06-13 10:35:00,0.7272727272727273,0
1473,0692,1,2026-06-13 10:35:00,0.3618361836183618,0
1474,0692,1,2026-06-13 10:35:00,0.3618361836183618,0
1475,0692,1,2026-06-13 10:35:00,0.3618361836183618,0
1476,0846,1,2026-06-13 10:35:00,0.9423942394239424,0
1477,0863,1,2026-06-13 10:35:00,0.9423942394239424,0
1478,0993,1,2026-06-13 10:35:00,0.6903690369036903,0
1479,0388,1,2026-06-13 10:35:10,1.0000000000000000,0
1480,0533,1,2026-06-13 10:35:10,0.7272727272727273,0
1481,0846,1,2026-06-13 10:35:10,0.9423942394239424,0
1482,0863,1,2026-06-13 10:35:10,0.9423942394239424,0
1483,0993,1,2026-06-13 10:35:10,0.6903690369036903,0
1484,0533,1,2026-06-13 10:35:20,0.7272727272727273,0
1485,0846,1,2026-06-13 10:35:20,0.9423942394239424,0
1486,0863,1,2026-06-13 10:35:20,0.9423942394239424,0
1487,0993,1,2026-06-13 10:35:20,0.6903690369036903,0
1488,0533,1,2026-06-13 10:35:30,0.7272727272727273,0
1489,0603,1,2026-06-13 10:35:30,0.8510351035103511,0
1490,0846,1,2026-06-13 10:35:30,0.9423942394239424,0
1491,0863,1,2026-06-13 10:35:30,0.9423942394239424,0
1492,0993,1,2026-06-13 10:35:30,0.6903690369036903,0
1493,0533,1,2026-06-13 10:35:40,0.7272727272727273,0
1494,0603,1,2026-06-13 10:35:40,0.8510351035103511,0
1495,0846,1,2026-06-13 10:35:40,0.9423942394239424,0
1496,0863,1,2026-06-13 10:35:40,0.9423942394239424,0
1497,0993,1,2026-06-13 10:35:40,0.6903690369036903,1
1498,0533,1,2026-06-13 10:35:50,0.7272727272727273,0
1499,0603,1,2026-06-13 10:35:50,0.8510351035103511,0
1500,0846,1,2026-06-13 10:35:50,0.9423942394239424,0
1501,0863,1,2026-06-13 10:35:50,0.9423942394239424,0
1502,0993,1,2026-06-13 10:35:50,0.6903690369036903,0
1503,0603,1,2026-06-13 10:36:00,0.8510351035103511,0
1504,0863,1,2026-06-13 10:36:00,0.9423942394239424,0
1505,0993,1,2026-06-13 10:36:00,0.6903690369036903,0
1506,0996,1,2026-06-13 10:36:00,1.0000000000000000,0
1507,0520,1,2026-06-13 10:36:10,0.0949594959495950,0
1508,0603,1,2026-06-13 10:36:10,0.8510351035103511,0
1509,0863,1,2026-06-13 10:36:10,0.9423942394239424,0
1510,0996,1,2026-06-13 10:36:10,1.0000000000000000,0
1511,0520,1,2026-06-13 10:36:20,0.0949594959495950,0
1512,0603,1,2026-06-13 10:36:20,0.8510351035103511,0
1513,0996,1,2026-06-13 10:36:20,1.0000000000000000,0
1514,0520,1,2026-06-13 10:36:30,0.0949594959495950,0
1515,0603,1,2026-06-13 10:36:30,0.8510351035103511,0
1516,0996,1,2026-06-13 10:36:30,1.0000000000000000,0
1517,0520,1,2026-06-13 10:36:40,0.0949594959495950,0
1518,0603,1,2026-06-13 10:36:40,0.8510351035103511,0
1519,0996,1,2026-06-13 10:36:40,1.0000000000000000,0
1520,0520,1,2026-06-13 10:36:50,0.0949594959495950,0
1521,0603,1,2026-06-13 10:36:50,0.8510351035103511,0
1522,0996,1,2026-06-13 10:36:50,1.0000000000000000,0
1523,0520,1,2026-06-13 10:37:00,0.0949594959495950,0
1524,0603,1,2026-06-13 10:37:00,0.8510351035103511,0
1525,0996,1,2026-06-13 10:37:00,1.0000000000000000,0
1526,0520,1,2026-06-13 10:37:10,0.0949594959495950,0
1527,0996,1,2026-06-13 10:37:10,1.0000000000000000,0
1528,0520,1,2026-06-13 10:37:20,0.0949594959495950,0
1529,0996,1,2026-06-13 10:37:20,1.0000000000000000,0
1530,0520,1,2026-06-13 10:37:30,0.0949594959495950,0
1531,0996,1,2026-06-13 10:37:30,1.0000000000000000,0
1532,0520,1,2026-06-13 10:37:40,0.0949594959495950,0
1533,0996,1,2026-06-13 10:37:40,1.0000000000000000,0
1534,0520,1,2026-06-13 10:37:50,0.0949594959495950,0
1535,0520,1,2026-06-13 10:38:00,0.0949594959495950,1
1536,0568,1,2026-06-13 10:41:10,0.5648064806480648,1
1537,0568,1,2026-06-13 10:41:20,0.5648064806480648,0
1538,0780,1,2026-06-13 10:41:20,0.5648064806480648,1
1539,0568,1,2026-06-13 10:41:30,0.5648064806480648,0
1540,0780,1,2026-06-13 10:41:30,0.5648064806480648,1
1541,0103,1,2026-06-13 10:41:40,1.0000000000000000,1
1542,0568,1,2026-06-13 10:41:40,0.5648064806480648,0
1543,0780,1,2026-06-13 10:41:40,0.5648064806480648,0
1544,0854,1,2026-06-13 10:41:40,0.5648064806480648,0
1545,0103,1,2026-06-13 10:41:50,1.0000000000000000,0
1546,0568,1,2026-06-13 10:41:50,0.5648064806480648,0
1547,0780,1,2026-06-13 10:41:50,0.5648064806480648,0
1548,0854,1,2026-06-13 10:41:50,0.5648064806480648,0
1549,0103,1,2026-06-13 10:42:00,1.0000000000000000,0
1550,0464,1,2026-06-13 10:42:00,0.9423942394239424,0
1551,0568,1,2026-06-13 10:42:00,0.5648064806480648,0
1552,0780,1,2026-06-13 10:42:00,0.5648064806480648,0
1553,0854,1,2026-06-13 10:42:00,0.5648064806480648,0
1554,0103,1,2026-06-13 10:42:10,1.0000000000000000,1
1555,0103,1,2026-06-13 10:42:10,1.0000000000000000,0
1556,0464,1,2026-06-13 10:42:10,0.9423942394239424,0
1557,0568,1,2026-06-13 10:42:10,0.5648064806480648,0
1558,0854,1,2026-06-13 10:42:10,0.5648064806480648,0
1559,0103,1,2026-06-13 10:42:20,1.0000000000000000,0
1560,0464,1,2026-06-13 10:42:20,0.9423942394239424,0
1561,0854,1,2026-06-13 10:42:20,0.5648064806480648,0
1562,0103,1,2026-06-13 10:42:30,1.0000000000000000,0
1563,0464,1,2026-06-13 10:42:30,0.9423942394239424,0
1564,0854,1,2026-06-13 10:42:30,0.5648064806480648,0
1565,0103,1,2026-06-13 10:42:40,1.0000000000000000,0
1566,0464,1,2026-06-13 10:42:40,0.9423942394239424,0
1567,0854,1,2026-06-13 10:42:40,0.5648064806480648,1
1568,0464,1,2026-06-13 10:42:50,0.9423942394239424,0
1569,0854,1,2026-06-13 10:42:50,0.5648064806480648,0
1570,0464,1,2026-06-13 10:43:00,0.9423942394239424,0
1571,0464,1,2026-06-13 10:43:10,0.9423942394239424,0
1572,0464,1,2026-06-13 10:43:20,0.9423942394239424,0
1573,0464,1,2026-06-13 10:43:30,0.9423942394239424,0
1574,0464,1,2026-06-13 10:43:40,0.9423942394239424,0
1575,0147,1,2026-06-13 12:24:20,0.6903690369036903,0
1576,0822,1,2026-06-13 12:24:20,0.7272727272727273,1
1577,0147,1,2026-06-13 12:24:30,0.6903690369036903,0
1578,0822,1,2026-06-13 12:24:30,0.7272727272727273,0
1579,0147,1,2026-06-13 12:24:40,0.6903690369036903,0
1580,0434,1,2026-06-13 12:24:40,1.0000000000000000,0
1581,0822,1,2026-06-13 12:24:40,0.7272727272727273,0
1582,0147,1,2026-06-13 12:24:50,0.6903690369036903,0
1583,0434,1,2026-06-13 12:24:50,1.0000000000000000,0
1584,0587,1,2026-06-13 12:24:50,0.4576957695769577,0
1585,0822,1,2026-06-13 12:24:50,0.7272727272727273,1
1586,0822,1,2026-06-13 12:24:50,0.7272727272727273,0
1587,0147,1,2026-06-13 12:25:00,0.6903690369036903,0
1588,0434,1,2026-06-13 12:25:00,1.0000000000000000,0
1589,0587,1,2026-06-13 12:25:00,0.4576957695769577,0
1590,0822,1,2026-06-13 12:25:00,0.7272727272727273,0
1591,0822,1,2026-06-13 12:25:00,0.7272727272727273,0
1592,0147,1,2026-06-13 12:25:10,0.6903690369036903,0
1593,0434,1,2026-06-13 12:25:10,1.0000000000000000,0
1594,0434,1,2026-06-13 12:25:10,1.0000000000000000,0
1595,0587,1,2026-06-13 12:25:10,0.4576957695769577,1
1596,0822,1,2026-06-13 12:25:10,0.7272727272727273,0
1597,0822,1,2026-06-13 12:25:10,0.7272727272727273,0
1598,0147,1,2026-06-13 12:25:20,0.6903690369036903,0
1599,0434,1,2026-06-13 12:25:20,1.0000000000000000,0
1600,0434,1,2026-06-13 12:25:20,1.0000000000000000,0
1601,0587,1,2026-06-13 12:25:20,0.4576957695769577,0
1602,0822,1,2026-06-13 12:25:20,0.7272727272727273,0
1603,0147,1,2026-06-13 12:25:30,0.6903690369036903,0
1604,0434,1,2026-06-13 12:25:30,1.0000000000000000,0
1605,0434,1,2026-06-13 12:25:30,1.0000000000000000,0
1606,0587,1,2026-06-13 12:25:30,0.4576957695769577,0
1607,0822,1,2026-06-13 12:25:30,0.7272727272727273,0
1608,0147,1,2026-06-13 12:25:40,0.6903690369036903,0
1609,0434,1,2026-06-13 12:25:40,1.0000000000000000,0
1610,0587,1,2026-06-13 12:25:40,0.4576957695769577,0
1611,0822,1,2026-06-13 12:25:40,0.7272727272727273,0
1612,0147,1,2026-06-13 12:25:50,0.6903690369036903,0
1613,0434,1,2026-06-13 12:25:50,1.0000000000000000,0
1614,0587,1,2026-06-13 12:25:50,0.4576957695769577,0
1615,0147,1,2026-06-13 12:26:00,0.6903690369036903,0
1616,0434,1,2026-06-13 12:26:00,1.0000000000000000,0
1617,0587,1,2026-06-13 12:26:00,0.4576957695769577,0
1618,0147,1,2026-06-13 12:26:10,0.6903690369036903,0
1619,0587,1,2026-06-13 12:26:10,0.4576957695769577,0
1620,0587,1,2026-06-13 12:26:20,0.4576957695769577,0
1621,0587,1,2026-06-13 12:26:30,0.4576957695769577,0
1622,0055,1,2026-06-13 12:28:00,0.7272727272727273,0
1623,0055,1,2026-06-13 12:28:10,0.7272727272727273,0
1624,0055,1,2026-06-13 12:28:20,0.7272727272727273,0
1625,0055,1,2026-06-13 12:28:30,0.7272727272727273,0
1626,0055,1,2026-06-13 12:28:40,0.7272727272727273,0
1627,0055,1,2026-06-13 12:28:50,0.7272727272727273,0
1628,0116,1,2026-06-13 12:28:50,0.2322232223222322,0
1629,0020,1,2026-06-13 12:29:00,0.4576957695769577,1
1630,0055,1,2026-06-13 12:29:00,0.7272727272727273,0
1631,0116,1,2026-06-13 12:29:00,0.2322232223222322,0
1632,0020,1,2026-06-13 12:29:10,0.4576957695769577,0
1633,0055,1,2026-06-13 12:29:10,0.7272727272727273,0
1634,0116,1,2026-06-13 12:29:10,0.2322232223222322,0
1635,0020,1,2026-06-13 12:29:20,0.4576957695769577,0
1636,0055,1,2026-06-13 12:29:20,0.7272727272727273,0
1637,0116,1,2026-06-13 12:29:20,0.2322232223222322,0
1638,0020,1,2026-06-13 12:29:30,0.4576957695769577,1
1639,0020,1,2026-06-13 12:29:30,0.4576957695769577,0
1640,0055,1,2026-06-13 12:29:30,0.7272727272727273,0
1641,0116,1,2026-06-13 12:29:30,0.2322232223222322,0
1642,0014,1,2026-06-13 12:29:40,0.5648064806480648,1
1643,0020,1,2026-06-13 12:29:40,0.4576957695769577,0
1644,0020,1,2026-06-13 12:29:40,0.4576957695769577,0
1645,0055,1,2026-06-13 12:29:40,0.7272727272727273,0
1646,0063,1,2026-06-13 12:29:40,0.7889288928892889,0
1647,0116,1,2026-06-13 12:29:40,0.2322232223222322,0
1648,0555,1,2026-06-13 12:29:40,0.0949594959495950,0
1649,0953,1,2026-06-13 12:29:40,0.7889288928892889,0
1650,0014,1,2026-06-13 12:29:50,0.5648064806480648,1
1651,0020,1,2026-06-13 12:29:50,0.4576957695769577,0
1652,0020,1,2026-06-13 12:29:50,0.4576957695769577,0
1653,0055,1,2026-06-13 12:29:50,0.7272727272727273,0
1654,0063,1,2026-06-13 12:29:50,0.7889288928892889,0
1655,0116,1,2026-06-13 12:29:50,0.2322232223222322,0
1656,0555,1,2026-06-13 12:29:50,0.0949594959495950,0
1657,0691,1,2026-06-13 12:29:50,0.4576957695769577,0
1658,0953,1,2026-06-13 12:29:50,0.7889288928892889,0
1659,0014,1,2026-06-13 12:30:00,0.5648064806480648,0
1660,0020,1,2026-06-13 12:30:00,0.4576957695769577,0
1661,0020,1,2026-06-13 12:30:00,0.4576957695769577,0
1662,0063,1,2026-06-13 12:30:00,0.7889288928892889,0
1663,0077,1,2026-06-13 12:30:00,0.5648064806480648,0
1664,0116,1,2026-06-13 12:30:00,0.2322232223222322,0
1665,0276,1,2026-06-13 12:30:00,0.9423942394239424,0
1666,0555,1,2026-06-13 12:30:00,0.0949594959495950,0
1667,0691,1,2026-06-13 12:30:00,0.4576957695769577,0
1668,0953,1,2026-06-13 12:30:00,0.7889288928892889,0
1669,0014,1,2026-06-13 12:30:10,0.5648064806480648,0
1670,0020,1,2026-06-13 12:30:10,0.4576957695769577,0
1671,0020,1,2026-06-13 12:30:10,0.4576957695769577,0
1672,0063,1,2026-06-13 12:30:10,0.7889288928892889,0
1673,0063,1,2026-06-13 12:30:10,0.7889288928892889,0
1674,0077,1,2026-06-13 12:30:10,0.5648064806480648,0
1675,0116,1,2026-06-13 12:30:10,0.2322232223222322,0
1676,0276,1,2026-06-13 12:30:10,0.9423942394239424,1
1677,0555,1,2026-06-13 12:30:10,0.0949594959495950,0
1678,0691,1,2026-06-13 12:30:10,0.4576957695769577,0
1679,0834,1,2026-06-13 12:30:10,0.4576957695769577,0
1680,0953,1,2026-06-13 12:30:10,0.7889288928892889,0
1681,0014,1,2026-06-13 12:30:20,0.5648064806480648,0
1682,0020,1,2026-06-13 12:30:20,0.4576957695769577,0
1683,0020,1,2026-06-13 12:30:20,0.4576957695769577,0
1684,0063,1,2026-06-13 12:30:20,0.7889288928892889,0
1685,0063,1,2026-06-13 12:30:20,0.7889288928892889,0
1686,0077,1,2026-06-13 12:30:20,0.5648064806480648,0
1687,0116,1,2026-06-13 12:30:20,0.2322232223222322,0
1688,0131,1,2026-06-13 12:30:20,0.5648064806480648,0
1689,0276,1,2026-06-13 12:30:20,0.9423942394239424,0
1690,0555,1,2026-06-13 12:30:20,0.0949594959495950,0
1691,0691,1,2026-06-13 12:30:20,0.4576957695769577,0
1692,0834,1,2026-06-13 12:30:20,0.4576957695769577,0
1693,0953,1,2026-06-13 12:30:20,0.7889288928892889,0
1694,0014,1,2026-06-13 12:30:30,0.5648064806480648,0
1695,0020,1,2026-06-13 12:30:30,0.4576957695769577,0
1696,0063,1,2026-06-13 12:30:30,0.7889288928892889,0
1697,0063,1,2026-06-13 12:30:30,0.7889288928892889,0
1698,0077,1,2026-06-13 12:30:30,0.5648064806480648,0
1699,0116,1,2026-06-13 12:30:30,0.2322232223222322,0
1700,0131,1,2026-06-13 12:30:30,0.5648064806480648,0
1701,0276,1,2026-06-13 12:30:30,0.9423942394239424,0
1702,0555,1,2026-06-13 12:30:30,0.0949594959495950,0
1703,0691,1,2026-06-13 12:30:30,0.4576957695769577,0
1704,0834,1,2026-06-13 12:30:30,0.4576957695769577,0
1705,0953,1,2026-06-13 12:30:30,0.7889288928892889,0
1706,0014,1,2026-06-13 12:30:40,0.5648064806480648,0
1707,0020,1,2026-06-13 12:30:40,0.4576957695769577,0
1708,0063,1,2026-06-13 12:30:40,0.7889288928892889,0
1709,0063,1,2026-06-13 12:30:40,0.7889288928892889,0
1710,0077,1,2026-06-13 12:30:40,0.5648064806480648,0
1711,0131,1,2026-06-13 12:30:40,0.5648064806480648,0
1712,0276,1,2026-06-13 12:30:40,0.9423942394239424,0
1713,0555,1,2026-06-13 12:30:40,0.0949594959495950,0
1714,0691,1,2026-06-13 12:30:40,0.4576957695769577,0
1715,0834,1,2026-06-13 12:30:40,0.4576957695769577,0
1716,0953,1,2026-06-13 12:30:40,0.7889288928892889,0
1717,0014,1,2026-06-13 12:30:50,0.5648064806480648,0
1718,0020,1,2026-06-13 12:30:50,0.4576957695769577,0
1719,0063,1,2026-06-13 12:30:50,0.7889288928892889,0
1720,0063,1,2026-06-13 12:30:50,0.7889288928892889,0
1721,0077,1,2026-06-13 12:30:50,0.5648064806480648,0
1722,0131,1,2026-06-13 12:30:50,0.5648064806480648,0
1723,0276,1,2026-06-13 12:30:50,0.9423942394239424,0
1724,0555,1,2026-06-13 12:30:50,0.0949594959495950,0
1725,0691,1,2026-06-13 12:30:50,0.4576957695769577,0
1726,0834,1,2026-06-13 12:30:50,0.4576957695769577,0
1727,0953,1,2026-06-13 12:30:50,0.7889288928892889,0
1728,0014,1,2026-06-13 12:31:00,0.5648064806480648,0
1729,0063,1,2026-06-13 12:31:00,0.7889288928892889,0
1730,0063,1,2026-06-13 12:31:00,0.7889288928892889,0
1731,0077,1,2026-06-13 12:31:00,0.5648064806480648,0
1732,0131,1,2026-06-13 12:31:00,0.5648064806480648,0
1733,0276,1,2026-06-13 12:31:00,0.9423942394239424,0
1734,0555,1,2026-06-13 12:31:00,0.0949594959495950,0
1735,0691,1,2026-06-13 12:31:00,0.4576957695769577,0
1736,0834,1,2026-06-13 12:31:00,0.4576957695769577,0
1737,0014,1,2026-06-13 12:31:10,0.5648064806480648,0
1738,0063,1,2026-06-13 12:31:10,0.7889288928892889,0
1739,0131,1,2026-06-13 12:31:10,0.5648064806480648,0
1740,0276,1,2026-06-13 12:31:10,0.9423942394239424,0
1741,0555,1,2026-06-13 12:31:10,0.0949594959495950,0
1742,0834,1,2026-06-13 12:31:10,0.4576957695769577,0
1743,0014,1,2026-06-13 12:31:20,0.5648064806480648,0
1744,0063,1,2026-06-13 12:31:20,0.7889288928892889,0
1745,0131,1,2026-06-13 12:31:20,0.5648064806480648,0
1746,0276,1,2026-06-13 12:31:20,0.9423942394239424,0
1747,0834,1,2026-06-13 12:31:20,0.4576957695769577,1
1748,0063,1,2026-06-13 12:31:30,0.7889288928892889,0
1749,0834,1,2026-06-13 12:31:30,0.4576957695769577,0
1750,0622,1,2026-06-13 12:31:40,0.2322232223222322,0
1751,0834,1,2026-06-13 12:31:40,0.4576957695769577,0
1752,0622,1,2026-06-13 12:31:50,0.2322232223222322,0
1753,0834,1,2026-06-13 12:31:50,0.4576957695769577,0
1754,0622,1,2026-06-13 12:32:00,0.2322232223222322,0
1755,0834,1,2026-06-13 12:32:00,0.4576957695769577,0
1756,0622,1,2026-06-13 12:32:10,0.2322232223222322,1
1757,0622,1,2026-06-13 12:32:20,0.2322232223222322,0
1758,0376,1,2026-06-13 12:32:30,0.7272727272727273,0
1759,0622,1,2026-06-13 12:32:30,0.2322232223222322,0
1760,0376,1,2026-06-13 12:32:40,0.7272727272727273,0
1761,0622,1,2026-06-13 12:32:40,0.2322232223222322,0
1762,0376,1,2026-06-13 12:32:50,0.7272727272727273,1
1763,0376,1,2026-06-13 12:33:00,0.7272727272727273,1
1764,0376,1,2026-06-13 12:33:10,0.7272727272727273,0
1765,0979,1,2026-06-13 12:33:10,0.0949594959495950,1
1766,0376,1,2026-06-13 12:33:20,0.7272727272727273,0
1767,0979,1,2026-06-13 12:33:20,0.0949594959495950,0
1768,0979,1,2026-06-13 12:33:30,0.0949594959495950,0
1769,0979,1,2026-06-13 12:33:40,0.0949594959495950,0
1770,0322,1,2026-06-13 13:59:20,0.3618361836183618,0
1771,0322,1,2026-06-13 13:59:30,0.3618361836183618,1
1772,0322,1,2026-06-13 13:59:40,0.3618361836183618,0
1773,0322,1,2026-06-13 13:59:50,0.3618361836183618,0
1774,0322,1,2026-06-13 14:00:00,0.3618361836183618,0
1775,0322,1,2026-06-13 14:00:10,0.3618361836183618,0
1776,0322,1,2026-06-13 14:00:20,0.3618361836183618,0
1777,0322,1,2026-06-13 14:00:30,0.3618361836183618,0
1778,0322,1,2026-06-13 14:00:40,0.3618361836183618,0
1779,0322,1,2026-06-13 14:00:50,0.3618361836183618,0
1780,0322,1,2026-06-13 14:01:00,0.3618361836183618,0
1781,0322,1,2026-06-13 14:01:10,0.3618361836183618,0
1782,0608,1,2026-06-13 14:06:50,0.0949594959495950,0
1783,0283,1,2026-06-13 14:07:00,0.6332133213321333,0
1784,0608,1,2026-06-13 14:07:00,0.0949594959495950,0
1785,0283,1,2026-06-13 14:07:10,0.6332133213321333,0
1786,0608,1,2026-06-13 14:07:10,0.0949594959495950,0
1787,0283,1,2026-06-13 14:07:20,0.6332133213321333,0
1788,0608,1,2026-06-13 14:07:20,0.0949594959495950,0
1789,0283,1,2026-06-13 14:07:30,0.6332133213321333,0
1790,0608,1,2026-06-13 14:07:30,0.0949594959495950,0
1791,0283,1,2026-06-13 14:07:40,0.6332133213321333,0
1792,0608,1,2026-06-13 14:07:40,0.0949594959495950,1
1793,0283,1,2026-06-13 14:07:50,0.6332133213321333,0
1794,0608,1,2026-06-13 14:07:50,0.0949594959495950,0
1795,0283,1,2026-06-13 14:08:00,0.6332133213321333,0
1796,0608,1,2026-06-13 14:08:00,0.0949594959495950,0
1797,0283,1,2026-06-13 14:08:10,0.6332133213321333,0
1798,0283,1,2026-06-13 14:08:20,0.6332133213321333,0
1799,0304,1,2026-06-13 14:11:10,0.6903690369036903,0
1800,0304,1,2026-06-13 14:11:20,0.6903690369036903,0
1801,0304,1,2026-06-13 14:11:30,0.6903690369036903,0
1802,0677,1,2026-06-13 14:11:30,0.4576957695769577,0
1803,0304,1,2026-06-13 14:11:40,0.6903690369036903,0
1804,0677,1,2026-06-13 14:11:40,0.4576957695769577,0
1805,0304,1,2026-06-13 14:11:50,0.6903690369036903,0
1806,0381,1,2026-06-13 14:11:50,0.5648064806480648,0
1807,0677,1,2026-06-13 14:11:50,0.4576957695769577,0
1808,0304,1,2026-06-13 14:12:00,0.6903690369036903,0
1809,0381,1,2026-06-13 14:12:00,0.5648064806480648,0
1810,0677,1,2026-06-13 14:12:00,0.4576957695769577,0
1811,0304,1,2026-06-13 14:12:10,0.6903690369036903,0
1812,0381,1,2026-06-13 14:12:10,0.5648064806480648,0
1813,0677,1,2026-06-13 14:12:10,0.4576957695769577,0
1814,0304,1,2026-06-13 14:12:20,0.6903690369036903,0
1815,0381,1,2026-06-13 14:12:20,0.5648064806480648,0
1816,0304,1,2026-06-13 14:12:30,0.6903690369036903,0
1817,0381,1,2026-06-13 14:12:30,0.5648064806480648,0
1818,0304,1,2026-06-13 14:12:40,0.6903690369036903,0
1819,0381,1,2026-06-13 14:12:40,0.5648064806480648,0
1820,0304,1,2026-06-13 14:12:50,0.6903690369036903,0
1821,0381,1,2026-06-13 14:12:50,0.5648064806480648,0
1822,0381,1,2026-06-13 14:13:00,0.5648064806480648,0
1823,0381,1,2026-06-13 14:13:10,0.5648064806480648,0
1824,0381,1,2026-06-13 14:13:20,0.5648064806480648,0
1825,0381,1,2026-06-13 14:13:30,0.5648064806480648,1
1826,0469,1,2026-06-13 15:07:10,0.6332133213321333,0
1827,0469,1,2026-06-13 15:07:20,0.6332133213321333,0
1828,0469,1,2026-06-13 15:07:30,0.6332133213321333,0
1829,0469,1,2026-06-13 15:07:40,0.6332133213321333,0
1830,0469,1,2026-06-13 15:07:50,0.6332133213321333,0
1831,0469,1,2026-06-13 15:08:00,0.6332133213321333,0
1832,0469,1,2026-06-13 15:08:10,0.6332133213321333,0
1833,0469,1,2026-06-13 15:08:20,0.6332133213321333,0
1834,0469,1,2026-06-13 15:08:30,0.6332133213321333,0
1835,0469,1,2026-06-13 15:08:40,0.6332133213321333,0
1836,0469,1,2026-06-13 15:08:50,0.6332133213321333,0
1837,0469,1,2026-06-13 15:09:00,0.6332133213321333,0
1838,0580,1,2026-06-13 15:28:20,0.6332133213321333,0
1839,0580,1,2026-06-13 15:28:20,0.6332133213321333,0
1840,0580,1,2026-06-13 15:28:20,0.6332133213321333,0
1841,0580,1,2026-06-13 15:28:20,0.6332133213321333,0
1842,0580,1,2026-06-13 15:28:20,0.6332133213321333,0
1843,0580,1,2026-06-13 15:28:30,0.6332133213321333,0
1844,0580,1,2026-06-13 15:28:30,0.6332133213321333,0
1845,0580,1,2026-06-13 15:28:30,0.6332133213321333,0
1846,0580,1,2026-06-13 15:28:30,0.6332133213321333,0
1847,0580,1,2026-06-13 15:28:30,0.6332133213321333,0
1848,0962,1,2026-06-13 15:28:30,0.5648064806480648,0
1849,0203,1,2026-06-13 15:28:40,0.4576957695769577,0
1850,0580,1,2026-06-13 15:28:40,0.6332133213321333,0
1851,0580,1,2026-06-13 15:28:40,0.6332133213321333,0
1852,0580,1,2026-06-13 15:28:40,0.6332133213321333,0
1853,0580,1,2026-06-13 15:28:40,0.6332133213321333,0
1854,0580,1,2026-06-13 15:28:40,0.6332133213321333,0
1855,0962,1,2026-06-13 15:28:40,0.5648064806480648,0
1856,0203,1,2026-06-13 15:28:50,0.4576957695769577,0
1857,0580,1,2026-06-13 15:28:50,0.6332133213321333,0
1858,0580,1,2026-06-13 15:28:50,0.6332133213321333,0
1859,0580,1,2026-06-13 15:28:50,0.6332133213321333,0
1860,0580,1,2026-06-13 15:28:50,0.6332133213321333,0
1861,0580,1,2026-06-13 15:28:50,0.6332133213321333,0
1862,0962,1,2026-06-13 15:28:50,0.5648064806480648,0
1863,0203,1,2026-06-13 15:29:00,0.4576957695769577,0
1864,0580,1,2026-06-13 15:29:00,0.6332133213321333,0
1865,0580,1,2026-06-13 15:29:00,0.6332133213321333,0
1866,0580,1,2026-06-13 15:29:00,0.6332133213321333,0
1867,0580,1,2026-06-13 15:29:00,0.6332133213321333,0
1868,0580,1,2026-06-13 15:29:00,0.6332133213321333,0
1869,0962,1,2026-06-13 15:29:00,0.5648064806480648,1
1870,0203,1,2026-06-13 15:29:10,0.4576957695769577,0
1871,0580,1,2026-06-13 15:29:10,0.6332133213321333,0
1872,0580,1,2026-06-13 15:29:10,0.6332133213321333,0
1873,0580,1,2026-06-13 15:29:10,0.6332133213321333,0
1874,0580,1,2026-06-13 15:29:10,0.6332133213321333,0
1875,0580,1,2026-06-13 15:29:10,0.6332133213321333,0
1876,0962,1,2026-06-13 15:29:10,0.5648064806480648,0
1877,0203,1,2026-06-13 15:29:20,0.4576957695769577,0
1878,0355,1,2026-06-13 15:29:20,0.7272727272727273,0
1879,0962,1,2026-06-13 15:29:20,0.5648064806480648,0
1880,0203,1,2026-06-13 15:29:30,0.4576957695769577,0
1881,0355,1,2026-06-13 15:29:30,0.7272727272727273,0
1882,0392,1,2026-06-13 15:29:30,0.4576957695769577,0
1883,0710,1,2026-06-13 15:29:30,0.0949594959495950,0
1884,0710,1,2026-06-13 15:29:30,0.0949594959495950,0
1885,0710,1,2026-06-13 15:29:30,0.0949594959495950,0
1886,0710,1,2026-06-13 15:29:30,0.0949594959495950,0
1887,0710,1,2026-06-13 15:29:30,0.0949594959495950,0
1888,0962,1,2026-06-13 15:29:30,0.5648064806480648,0
1889,0203,1,2026-06-13 15:29:40,0.4576957695769577,0
1890,0355,1,2026-06-13 15:29:40,0.7272727272727273,0
1891,0392,1,2026-06-13 15:29:40,0.4576957695769577,0
1892,0710,1,2026-06-13 15:29:40,0.0949594959495950,0
1893,0710,1,2026-06-13 15:29:40,0.0949594959495950,0
1894,0710,1,2026-06-13 15:29:40,0.0949594959495950,0
1895,0710,1,2026-06-13 15:29:40,0.0949594959495950,0
1896,0710,1,2026-06-13 15:29:40,0.0949594959495950,0
1897,0962,1,2026-06-13 15:29:40,0.5648064806480648,0
1898,0203,1,2026-06-13 15:29:50,0.4576957695769577,0
1899,0355,1,2026-06-13 15:29:50,0.7272727272727273,1
1900,0392,1,2026-06-13 15:29:50,0.4576957695769577,0
1901,0710,1,2026-06-13 15:29:50,0.0949594959495950,0
1902,0710,1,2026-06-13 15:29:50,0.0949594959495950,0
1903,0710,1,2026-06-13 15:29:50,0.0949594959495950,0
1904,0710,1,2026-06-13 15:29:50,0.0949594959495950,0
1905,0962,1,2026-06-13 15:29:50,0.5648064806480648,0
1906,0203,1,2026-06-13 15:30:00,0.4576957695769577,0
1907,0355,1,2026-06-13 15:30:00,0.7272727272727273,0
1908,0392,1,2026-06-13 15:30:00,0.4576957695769577,0
1909,0710,1,2026-06-13 15:30:00,0.0949594959495950,0
1910,0710,1,2026-06-13 15:30:00,0.0949594959495950,0
1911,0710,1,2026-06-13 15:30:00,0.0949594959495950,0
1912,0710,1,2026-06-13 15:30:00,0.0949594959495950,0
1913,0912,1,2026-06-13 15:30:00,0.7889288928892889,1
1914,0962,1,2026-06-13 15:30:00,0.5648064806480648,0
1915,0203,1,2026-06-13 15:30:10,0.4576957695769577,0
1916,0355,1,2026-06-13 15:30:10,0.7272727272727273,0
1917,0392,1,2026-06-13 15:30:10,0.4576957695769577,0
1918,0710,1,2026-06-13 15:30:10,0.0949594959495950,0
1919,0710,1,2026-06-13 15:30:10,0.0949594959495950,0
1920,0710,1,2026-06-13 15:30:10,0.0949594959495950,0
1921,0710,1,2026-06-13 15:30:10,0.0949594959495950,0
1922,0912,1,2026-06-13 15:30:10,0.7889288928892889,1
1923,0962,1,2026-06-13 15:30:10,0.5648064806480648,0
1924,0203,1,2026-06-13 15:30:20,0.4576957695769577,0
1925,0355,1,2026-06-13 15:30:20,0.7272727272727273,0
1926,0392,1,2026-06-13 15:30:20,0.4576957695769577,0
1927,0710,1,2026-06-13 15:30:20,0.0949594959495950,0
1928,0710,1,2026-06-13 15:30:20,0.0949594959495950,0
1929,0710,1,2026-06-13 15:30:20,0.0949594959495950,0
1930,0912,1,2026-06-13 15:30:20,0.7889288928892889,0
1931,0962,1,2026-06-13 15:30:20,0.5648064806480648,0
1932,0203,1,2026-06-13 15:30:30,0.4576957695769577,0
1933,0355,1,2026-06-13 15:30:30,0.7272727272727273,0
1934,0392,1,2026-06-13 15:30:30,0.4576957695769577,0
1935,0710,1,2026-06-13 15:30:30,0.0949594959495950,0
1936,0710,1,2026-06-13 15:30:30,0.0949594959495950,0
1937,0710,1,2026-06-13 15:30:30,0.0949594959495950,0
1938,0912,1,2026-06-13 15:30:30,0.7889288928892889,0
1939,0243,1,2026-06-13 15:30:40,0.8510351035103511,1
1940,0355,1,2026-06-13 15:30:40,0.7272727272727273,0
1941,0392,1,2026-06-13 15:30:40,0.4576957695769577,0
1942,0710,1,2026-06-13 15:30:40,0.0949594959495950,0
1943,0710,1,2026-06-13 15:30:40,0.0949594959495950,0
1944,0710,1,2026-06-13 15:30:40,0.0949594959495950,0
1945,0912,1,2026-06-13 15:30:40,0.7889288928892889,0
1946,0243,1,2026-06-13 15:30:50,0.8510351035103511,1
1947,0340,1,2026-06-13 15:30:50,1.0000000000000000,0
1948,0355,1,2026-06-13 15:30:50,0.7272727272727273,0
1949,0560,1,2026-06-13 15:30:50,0.8510351035103511,0
1950,0763,1,2026-06-13 15:30:50,0.7889288928892889,0
1951,0912,1,2026-06-13 15:30:50,0.7889288928892889,0
1952,0930,1,2026-06-13 15:30:50,0.6332133213321333,0
1953,0243,1,2026-06-13 15:31:00,0.8510351035103511,0
1954,0340,1,2026-06-13 15:31:00,1.0000000000000000,0
1955,0355,1,2026-06-13 15:31:00,0.7272727272727273,0
1956,0560,1,2026-06-13 15:31:00,0.8510351035103511,0
1957,0763,1,2026-06-13 15:31:00,0.7889288928892889,0
1958,0806,1,2026-06-13 15:31:00,0.9423942394239424,0
1959,0912,1,2026-06-13 15:31:00,0.7889288928892889,0
1960,0930,1,2026-06-13 15:31:00,0.6332133213321333,0
1961,0243,1,2026-06-13 15:31:10,0.8510351035103511,0
1962,0340,1,2026-06-13 15:31:10,1.0000000000000000,0
1963,0560,1,2026-06-13 15:31:10,0.8510351035103511,1
1964,0763,1,2026-06-13 15:31:10,0.7889288928892889,0
1965,0806,1,2026-06-13 15:31:10,0.9423942394239424,0
1966,0912,1,2026-06-13 15:31:10,0.7889288928892889,0
1967,0930,1,2026-06-13 15:31:10,0.6332133213321333,0
1968,0243,1,2026-06-13 15:31:20,0.8510351035103511,0
1969,0806,1,2026-06-13 15:31:20,0.9423942394239424,0
1970,0912,1,2026-06-13 15:31:20,0.7889288928892889,0
1971,0930,1,2026-06-13 15:31:20,0.6332133213321333,0
1972,0243,1,2026-06-13 15:31:30,0.8510351035103511,0
1973,0305,1,2026-06-13 15:31:30,0.5648064806480648,0
1974,0733,1,2026-06-13 15:31:30,0.6903690369036903,0
1975,0806,1,2026-06-13 15:31:30,0.9423942394239424,0
1976,0930,1,2026-06-13 15:31:30,0.6332133213321333,0
1977,0243,1,2026-06-13 15:31:40,0.8510351035103511,0
1978,0305,1,2026-06-13 15:31:40,0.5648064806480648,1
1979,0733,1,2026-06-13 15:31:40,0.6903690369036903,0
1980,0806,1,2026-06-13 15:31:40,0.9423942394239424,0
1981,0930,1,2026-06-13 15:31:40,0.6332133213321333,0
1982,0243,1,2026-06-13 15:31:50,0.8510351035103511,0
1983,0305,1,2026-06-13 15:31:50,0.5648064806480648,1
1984,0733,1,2026-06-13 15:31:50,0.6903690369036903,0
1985,0806,1,2026-06-13 15:31:50,0.9423942394239424,0
1986,0930,1,2026-06-13 15:31:50,0.6332133213321333,0
1987,0243,1,2026-06-13 15:32:00,0.8510351035103511,0
1988,0305,1,2026-06-13 15:32:00,0.5648064806480648,0
1989,0733,1,2026-06-13 15:32:00,0.6903690369036903,0
1990,0806,1,2026-06-13 15:32:00,0.9423942394239424,0
1991,0930,1,2026-06-13 15:32:00,0.6332133213321333,0
1992,0243,1,2026-06-13 15:32:10,0.8510351035103511,0
1993,0305,1,2026-06-13 15:32:10,0.5648064806480648,0
1994,0733,1,2026-06-13 15:32:10,0.6903690369036903,0
1995,0806,1,2026-06-13 15:32:10,0.9423942394239424,0
1996,0930,1,2026-06-13 15:32:10,0.6332133213321333,0
1997,0305,1,2026-06-13 15:32:20,0.5648064806480648,0
1998,0545,1,2026-06-13 15:32:20,0.9423942394239424,0
1999,0733,1,2026-06-13 15:32:20,0.6903690369036903,0
2000,0806,1,2026-06-13 15:32:20,0.9423942394239424,0
2001,0930,1,2026-06-13 15:32:20,0.6332133213321333,0
2002,0305,1,2026-06-13 15:32:30,0.5648064806480648,0
2003,0545,1,2026-06-13 15:32:30,0.9423942394239424,0
2004,0733,1,2026-06-13 15:32:30,0.6903690369036903,0
2005,0806,1,2026-06-13 15:32:30,0.9423942394239424,0
2006,0930,1,2026-06-13 15:32:30,0.6332133213321333,0
2007,0305,1,2026-06-13 15:32:40,0.5648064806480648,0
2008,0545,1,2026-06-13 15:32:40,0.9423942394239424,0
2009,0733,1,2026-06-13 15:32:40,0.6903690369036903,0
2010,0806,1,2026-06-13 15:32:40,0.9423942394239424,0
2011,0930,1,2026-06-13 15:32:40,0.6332133213321333,1
2012,0545,1,2026-06-13 15:32:50,0.9423942394239424,0
2013,0733,1,2026-06-13 15:32:50,0.6903690369036903,0
2014,0806,1,2026-06-13 15:32:50,0.9423942394239424,0
2015,0545,1,2026-06-13 15:33:00,0.9423942394239424,0
2016,0733,1,2026-06-13 15:33:00,0.6903690369036903,0
2017,0274,1,2026-06-13 15:33:10,0.4576957695769577,0
2018,0545,1,2026-06-13 15:33:10,0.9423942394239424,0
2019,0905,1,2026-06-13 15:33:10,0.2322232223222322,1
2020,0274,1,2026-06-13 15:33:20,0.4576957695769577,0
2021,0515,1,2026-06-13 15:33:20,0.5648064806480648,0
2022,0545,1,2026-06-13 15:33:20,0.9423942394239424,0
2023,0905,1,2026-06-13 15:33:20,0.2322232223222322,1
2024,0274,1,2026-06-13 15:33:30,0.4576957695769577,0
2025,0515,1,2026-06-13 15:33:30,0.5648064806480648,0
2026,0545,1,2026-06-13 15:33:30,0.9423942394239424,0
2027,0274,1,2026-06-13 15:33:40,0.4576957695769577,0
2028,0515,1,2026-06-13 15:33:40,0.5648064806480648,0
2029,0545,1,2026-06-13 15:33:40,0.9423942394239424,0
2030,0274,1,2026-06-13 15:33:50,0.4576957695769577,0
2031,0515,1,2026-06-13 15:33:50,0.5648064806480648,0
2032,0545,1,2026-06-13 15:33:50,0.9423942394239424,0
2033,0244,1,2026-06-13 15:34:00,0.6903690369036903,0
2034,0274,1,2026-06-13 15:34:00,0.4576957695769577,1
2035,0515,1,2026-06-13 15:34:00,0.5648064806480648,0
2036,0244,1,2026-06-13 15:34:10,0.6903690369036903,0
2037,0274,1,2026-06-13 15:34:10,0.4576957695769577,0
2038,0515,1,2026-06-13 15:34:10,0.5648064806480648,0
2039,0244,1,2026-06-13 15:34:20,0.6903690369036903,0
2040,0274,1,2026-06-13 15:34:20,0.4576957695769577,0
2041,0274,1,2026-06-13 15:34:30,0.4576957695769577,0
2042,0274,1,2026-06-13 15:34:40,0.4576957695769577,0
2043,0798,1,2026-06-13 15:36:20,0.1512151215121512,0
2044,0798,1,2026-06-13 15:36:30,0.1512151215121512,0
2045,0798,1,2026-06-13 15:36:40,0.1512151215121512,0
2046,0798,1,2026-06-13 15:36:50,0.1512151215121512,0
2047,0798,1,2026-06-13 15:37:00,0.1512151215121512,0
2048,0571,1,2026-06-13 15:37:10,0.1512151215121512,1
2049,0798,1,2026-06-13 15:37:10,0.1512151215121512,0
2050,0571,1,2026-06-13 15:37:20,0.1512151215121512,0
2051,0798,1,2026-06-13 15:37:20,0.1512151215121512,0
2052,0571,1,2026-06-13 15:37:30,0.1512151215121512,0
2053,0798,1,2026-06-13 15:37:30,0.1512151215121512,0
2054,0571,1,2026-06-13 15:37:40,0.1512151215121512,0
2055,0798,1,2026-06-13 15:37:40,0.1512151215121512,0
2056,0571,1,2026-06-13 15:37:50,0.1512151215121512,0
2057,0798,1,2026-06-13 15:37:50,0.1512151215121512,0
2058,0571,1,2026-06-13 15:38:00,0.1512151215121512,0
2059,0798,1,2026-06-13 15:38:00,0.1512151215121512,0
2060,0571,1,2026-06-13 15:38:10,0.1512151215121512,0
2061,0798,1,2026-06-13 15:38:10,0.1512151215121512,0
2062,0571,1,2026-06-13 15:38:20,0.1512151215121512,0
2063,0618,1,2026-06-13 15:38:20,0.1512151215121512,0
2064,0571,1,2026-06-13 15:38:30,0.1512151215121512,0
2065,0618,1,2026-06-13 15:38:30,0.1512151215121512,0
2066,0571,1,2026-06-13 15:38:40,0.1512151215121512,0
2067,0618,1,2026-06-13 15:38:40,0.1512151215121512,0
2068,0571,1,2026-06-13 15:38:50,0.1512151215121512,0
2069,0618,1,2026-06-13 15:38:50,0.1512151215121512,0
2070,0618,1,2026-06-13 15:39:00,0.1512151215121512,0
2071,0618,1,2026-06-13 15:39:10,0.1512151215121512,0
2072,0666,1,2026-06-13 16:45:50,0.6332133213321333,1
2073,0666,1,2026-06-13 16:46:00,0.6332133213321333,0
2074,0224,1,2026-06-13 16:46:10,0.7889288928892889,1
2075,0666,1,2026-06-13 16:46:10,0.6332133213321333,0
2076,0224,1,2026-06-13 16:46:20,0.7889288928892889,0
2077,0666,1,2026-06-13 16:46:20,0.6332133213321333,0
2078,0224,1,2026-06-13 16:46:30,0.7889288928892889,0
2079,0661,1,2026-06-13 16:46:30,0.7272727272727273,0
2080,0666,1,2026-06-13 16:46:30,0.6332133213321333,0
2081,0224,1,2026-06-13 16:46:40,0.7889288928892889,0
2082,0661,1,2026-06-13 16:46:40,0.7272727272727273,0
2083,0666,1,2026-06-13 16:46:40,0.6332133213321333,0
2084,0661,1,2026-06-13 16:46:50,0.7272727272727273,0
2085,0666,1,2026-06-13 16:46:50,0.6332133213321333,0
2086,0661,1,2026-06-13 16:47:00,0.7272727272727273,0
2087,0666,1,2026-06-13 16:47:00,0.6332133213321333,0
2088,0661,1,2026-06-13 16:47:10,0.7272727272727273,0
2089,0666,1,2026-06-13 16:47:10,0.6332133213321333,0
2090,0661,1,2026-06-13 16:47:20,0.7272727272727273,0
2091,0666,1,2026-06-13 16:47:20,0.6332133213321333,0
2092,0661,1,2026-06-13 16:47:30,0.7272727272727273,1
2093,0666,1,2026-06-13 16:47:30,0.6332133213321333,0
2094,0661,1,2026-06-13 16:47:40,0.7272727272727273,1
2095,0666,1,2026-06-13 16:47:40,0.6332133213321333,0
2096,0661,1,2026-06-13 16:47:50,0.7272727272727273,0
2097,0492,1,2026-06-13 16:48:00,1.0000000000000000,1
2098,0492,1,2026-06-13 16:48:10,1.0000000000000000,0
2099,0492,1,2026-06-13 16:48:20,1.0000000000000000,0
2100,0492,1,2026-06-13 16:48:30,1.0000000000000000,0
2101,0492,1,2026-06-13 16:48:40,1.0000000000000000,0
2102,0492,1,2026-06-13 16:48:50,1.0000000000000000,0
2103,0904,1,2026-06-13 17:05:20,0.8510351035103511,0
2104,0904,1,2026-06-13 17:05:30,0.8510351035103511,0
2105,0904,1,2026-06-13 17:05:40,0.8510351035103511,0
2106,0904,1,2026-06-13 17:05:50,0.8510351035103511,0
2107,0904,1,2026-06-13 17:06:00,0.8510351035103511,0
2108,0904,1,2026-06-13 17:06:10,0.8510351035103511,0
2109,0904,1,2026-06-13 17:06:20,0.8510351035103511,0
2110,0904,1,2026-06-13 17:06:30,0.8510351035103511,0
2111,0904,1,2026-06-13 17:06:40,0.8510351035103511,0
2112,0717,1,2026-06-13 17:08:00,1.0000000000000000,0
2113,0717,1,2026-06-13 17:08:10,1.0000000000000000,0
2114,0802,1,2026-06-13 17:08:10,0.8510351035103511,1
2115,0717,1,2026-06-13 17:08:20,1.0000000000000000,0
2116,0802,1,2026-06-13 17:08:20,0.8510351035103511,0
2117,0717,1,2026-06-13 17:08:30,1.0000000000000000,0
2118,0802,1,2026-06-13 17:08:30,0.8510351035103511,0
2119,0717,1,2026-06-13 17:08:40,1.0000000000000000,0
2120,0802,1,2026-06-13 17:08:40,0.8510351035103511,0
2121,0717,1,2026-06-13 17:08:50,1.0000000000000000,0
2122,0802,1,2026-06-13 17:08:50,0.8510351035103511,0
2123,0717,1,2026-06-13 17:09:00,1.0000000000000000,0
2124,0802,1,2026-06-13 17:09:00,0.8510351035103511,0
2125,0717,1,2026-06-13 17:09:10,1.0000000000000000,0
2126,0802,1,2026-06-13 17:09:10,0.8510351035103511,0
2127,0717,1,2026-06-13 17:09:20,1.0000000000000000,0
2128,0802,1,2026-06-13 17:09:20,0.8510351035103511,0
2129,0717,1,2026-06-13 17:09:30,1.0000000000000000,0
2130,0802,1,2026-06-13 17:09:30,0.8510351035103511,0
2131,0717,1,2026-06-13 17:09:40,1.0000000000000000,0
2132,0802,1,2026-06-13 17:09:40,0.8510351035103511,0
2133,0717,1,2026-06-13 17:09:50,1.0000000000000000,0
2134,0802,1,2026-06-13 17:09:50,0.8510351035103511,0
2135,0802,1,2026-06-13 17:10:00,0.8510351035103511,0
2136,0222,1,2026-06-13 17:10:20,0.1512151215121512,0
2137,0222,1,2026-06-13 17:10:30,0.1512151215121512,0
2138,0222,1,2026-06-13 17:10:40,0.1512151215121512,0
2139,0222,1,2026-06-13 17:10:50,0.1512151215121512,0
2140,0222,1,2026-06-13 17:11:00,0.1512151215121512,0
2141,0334,1,2026-06-13 17:11:00,0.6332133213321333,1
2142,0222,1,2026-06-13 17:11:10,0.1512151215121512,0
2143,0334,1,2026-06-13 17:11:10,0.6332133213321333,0
2144,0222,1,2026-06-13 17:11:20,0.1512151215121512,0
2145,0334,1,2026-06-13 17:11:20,0.6332133213321333,0
2146,0222,1,2026-06-13 17:11:30,0.1512151215121512,0
2147,0222,1,2026-06-13 17:11:40,0.1512151215121512,0
2148,0118,1,2026-06-13 17:11:50,0.5648064806480648,0
2149,0222,1,2026-06-13 17:11:50,0.1512151215121512,0
2150,0747,1,2026-06-13 17:11:50,0.3618361836183618,0
2151,0118,1,2026-06-13 17:12:00,0.5648064806480648,0
2152,0222,1,2026-06-13 17:12:00,0.1512151215121512,0
2153,0747,1,2026-06-13 17:12:00,0.3618361836183618,0
2154,0118,1,2026-06-13 17:12:10,0.5648064806480648,0
2155,0222,1,2026-06-13 17:12:10,0.1512151215121512,0
2156,0747,1,2026-06-13 17:12:10,0.3618361836183618,0
2157,0118,1,2026-06-13 17:12:20,0.5648064806480648,0
2158,0747,1,2026-06-13 17:12:20,0.3618361836183618,0
2159,0118,1,2026-06-13 17:12:30,0.5648064806480648,0
2160,0747,1,2026-06-13 17:12:30,0.3618361836183618,0
2161,0118,1,2026-06-13 17:12:40,0.5648064806480648,0
2162,0747,1,2026-06-13 17:12:40,0.3618361836183618,0
2163,0118,1,2026-06-13 17:12:50,0.5648064806480648,0
2164,0747,1,2026-06-13 17:12:50,0.3618361836183618,0
2165,0118,1,2026-06-13 17:13:00,0.5648064806480648,0
2166,0747,1,2026-06-13 17:13:00,0.3618361836183618,0
2167,0118,1,2026-06-13 17:13:10,0.5648064806480648,0
2168,0747,1,2026-06-13 17:13:10,0.3618361836183618,0
2169,0118,1,2026-06-13 17:13:20,0.5648064806480648,0
2170,0118,1,2026-06-13 17:13:30,0.5648064806480648,0
2171,0076,1,2026-06-13 18:25:50,0.3618361836183618,0
2172,0076,1,2026-06-13 18:26:00,0.3618361836183618,0
2173,0076,1,2026-06-13 18:26:10,0.3618361836183618,0
2174,0076,1,2026-06-13 18:26:20,0.3618361836183618,0
2175,0076,1,2026-06-13 18:26:30,0.3618361836183618,0
2176,0076,1,2026-06-13 18:26:40,0.3618361836183618,0
2177,0076,1,2026-06-13 18:26:50,0.3618361836183618,0
2178,0076,1,2026-06-13 18:27:00,0.3618361836183618,0
2179,0076,1,2026-06-13 18:27:10,0.3618361836183618,0
2180,0076,1,2026-06-13 18:27:20,0.3618361836183618,0
2181,0076,1,2026-06-13 18:27:30,0.3618361836183618,0
2182,0076,1,2026-06-13 18:27:40,0.3618361836183618,0
2183,0981,1,2026-06-13 18:44:10,0.7889288928892889,0
2184,0981,1,2026-06-13 18:44:20,0.7889288928892889,0
2185,0981,1,2026-06-13 18:44:30,0.7889288928892889,0
2186,0981,1,2026-06-13 18:44:40,0.7889288928892889,0
2187,0981,1,2026-06-13 18:44:50,0.7889288928892889,0
2188,0159,1,2026-06-13 18:45:00,0.9423942394239424,0
2189,0981,1,2026-06-13 18:45:00,0.7889288928892889,0
2190,0159,1,2026-06-13 18:45:10,0.9423942394239424,0
2191,0981,1,2026-06-13 18:45:10,0.7889288928892889,0
2192,0159,1,2026-06-13 18:45:20,0.9423942394239424,0
2193,0981,1,2026-06-13 18:45:20,0.7889288928892889,0
2194,0159,1,2026-06-13 18:45:30,0.9423942394239424,0
2195,0981,1,2026-06-13 18:45:30,0.7889288928892889,0
2196,0159,1,2026-06-13 18:45:40,0.9423942394239424,0
2197,0981,1,2026-06-13 18:45:40,0.7889288928892889,0
2198,0095,1,2026-06-13 18:45:50,0.0949594959495950,0
2199,0095,1,2026-06-13 18:46:00,0.0949594959495950,0
2200,0095,1,2026-06-13 18:46:10,0.0949594959495950,0
2201,0095,1,2026-06-13 18:46:20,0.0949594959495950,0
2202,0908,1,2026-06-13 20:03:10,0.4576957695769577,0
2203,0908,1,2026-06-13 20:03:20,0.4576957695769577,0
2204,0908,1,2026-06-13 20:03:30,0.4576957695769577,0
2205,0908,1,2026-06-13 20:03:40,0.4576957695769577,0
2206,0908,1,2026-06-13 20:03:50,0.4576957695769577,0
2207,0908,1,2026-06-13 20:04:00,0.4576957695769577,0
2208,0908,1,2026-06-13 20:04:10,0.4576957695769577,0
2209,0908,1,2026-06-13 20:04:20,0.4576957695769577,0
2210,0668,1,2026-06-13 20:04:30,0.7889288928892889,0
2211,0908,1,2026-06-13 20:04:30,0.4576957695769577,0
2212,0668,1,2026-06-13 20:04:40,0.7889288928892889,0
2213,0908,1,2026-06-13 20:04:40,0.4576957695769577,0
2214,0668,1,2026-06-13 20:04:50,0.7889288928892889,0
2215,0908,1,2026-06-13 20:04:50,0.4576957695769577,0
2216,0668,1,2026-06-13 20:05:00,0.7889288928892889,0
2217,0668,1,2026-06-13 20:05:10,0.7889288928892889,0
2218,0668,1,2026-06-13 20:05:20,0.7889288928892889,0
2219,0668,1,2026-06-13 20:05:30,0.7889288928892889,0
2220,0668,1,2026-06-13 20:05:40,0.7889288928892889,0
2221,0668,1,2026-06-13 20:05:50,0.7889288928892889,0
