index,ID,satellite,time,score_scenario,selected
0,0330,0,2026-04-23 09:41:30,0.0900375156315131,0
1,0330,0,2026-04-23 09:41:40,0.0900375156315131,0
2,0330,0,2026-04-23 09:41:50,0.0900375156315131,0
3,0330,0,2026-04-23 09:42:00,0.0900375156315131,1
4,0016,0,2026-04-23 09:42:20,0.4447686536056690,0
5,0016,0,2026-04-23 09:42:30,0.4447686536056690,1
6,0178,0,2026-04-23 09:42:30,0.2363484785327220,0
7,0016,0,2026-04-23 09:42:40,0.4447686536056690,0
8,0178,0,2026-04-23 09:42:40,0.2363484785327220,0
9,0016,0,2026-04-23 09:42:50,0.4447686536056690,0
10,0016,0,2026-04-23 09:42:50,0.4447686536056690,0
11,0178,0,2026-04-23 09:42:50,0.2363484785327220,1
12,0016,0,2026-04-23 09:43:00,0.4447686536056690,1
13,0016,0,2026-04-23 09:43:00,0.4447686536056690,0
14,0178,0,2026-04-23 09:43:00,0.2363484785327220,0
15,0016,0,2026-04-23 09:43:10,0.4447686536056690,0
16,0016,0,2026-04-23 09:43:10,0.4447686536056690,0
17,0178,0,2026-04-23 09:43:10,0.2363484785327220,0
18,0016,0,2026-04-23 09:43:20,0.4447686536056690,0
19,0016,0,2026-04-23 09:43:20,0.4447686536056690,0
20,0178,0,2026-04-23 09:43:20,0.2363484785327220,0
21,0016,0,2026-04-23 09:43:30,0.4447686536056690,0
22,0016,0,2026-04-23 09:43:30,0.4447686536056690,0
23,0178,0,2026-04-23 09:43:30,0.2363484785327220,0
24,0199,0,2026-04-23 09:43:30,0.1759066277615673,1
25,0247,0,2026-04-23 09:43:30,0.8261775739891621,0
26,0276,0,2026-04-23 09:43:30,0.0900375156315131,0
27,0016,0,2026-04-23 09:43:40,0.4447686536056690,0
28,0178,0,2026-04-23 09:43:40,0.2363484785327220,0
29,0199,0,2026-04-23 09:43:40,0.1759066277615673,0
30,0247,0,2026-04-23 09:43:40,0.8261775739891621,0
31,0276,0,2026-04-23 09:43:40,0.0900375156315131,0
32,0285,0,2026-04-23 09:43:40,1.0000000000000000,0
33,0016,0,2026-04-23 09:43:50,0.4447686536056690,0
34,0178,0,2026-04-23 09:43:50,0.2363484785327220,0
35,0199,0,2026-04-23 09:43:50,0.1759066277615673,0
36,0247,0,2026-04-23 09:43:50,0.8261775739891621,0
37,0276,0,2026-04-23 09:43:50,0.0900375156315131,0
38,0285,0,2026-04-23 09:43:50,1.0000000000000000,0
39,0016,0,2026-04-23 09:44:00,0.4447686536056690,0
40,0178,0,2026-04-23 09:44:00,0.2363484785327220,0
41,0199,0,2026-04-23 09:44:00,0.1759066277615673,0
42,0247,0,2026-04-23 09:44:00,0.8261775739891621,0
43,0247,0,2026-04-23 09:44:00,0.8261775739891621,0
44,0276,0,2026-04-23 09:44:00,0.0900375156315131,0
45,0285,0,2026-04-23 09:44:00,1.0000000000000000,1
46,0042,0,2026-04-23 09:44:10,0.3647353063776573,0
47,0134,0,2026-04-23 09:44:10,0.9324718632763651,0
48,0199,0,2026-04-23 09:44:10,0.1759066277615673,0
49,0247,0,2026-04-23 09:44:10,0.8261775739891621,0
50,0247,0,2026-04-23 09:44:10,0.8261775739891621,0
51,0276,0,2026-04-23 09:44:10,0.0900375156315131,0
52,0285,0,2026-04-23 09:44:10,1.0000000000000000,0
53,0327,0,2026-04-23 09:44:10,0.9324718632763651,1
54,0412,0,2026-04-23 09:44:10,0.8261775739891621,0
55,0042,0,2026-04-23 09:44:20,0.3647353063776573,0
56,0134,0,2026-04-23 09:44:20,0.9324718632763651,0
57,0155,0,2026-04-23 09:44:20,0.3005418924551896,0
58,0199,0,2026-04-23 09:44:20,0.1759066277615673,0
59,0247,0,2026-04-23 09:44:20,0.8261775739891621,0
60,0247,0,2026-04-23 09:44:20,0.8261775739891621,0
61,0269,0,2026-04-23 09:44:20,0.8261775739891621,0
62,0276,0,2026-04-23 09:44:20,0.0900375156315131,0
63,0285,0,2026-04-23 09:44:20,1.0000000000000000,0
64,0327,0,2026-04-23 09:44:20,0.9324718632763651,0
65,0412,0,2026-04-23 09:44:20,0.8261775739891621,1
66,0042,0,2026-04-23 09:44:30,0.3647353063776573,1
67,0134,0,2026-04-23 09:44:30,0.9324718632763651,0
68,0155,0,2026-04-23 09:44:30,0.3005418924551896,0
69,0199,0,2026-04-23 09:44:30,0.1759066277615673,0
70,0247,0,2026-04-23 09:44:30,0.8261775739891621,0
71,0269,0,2026-04-23 09:44:30,0.8261775739891621,0
72,0276,0,2026-04-23 09:44:30,0.0900375156315131,0
73,0285,0,2026-04-23 09:44:30,1.0000000000000000,0
74,0327,0,2026-04-23 09:44:30,0.9324718632763651,0
75,0412,0,2026-04-23 09:44:30,0.8261775739891621,0
76,0042,0,2026-04-23 09:44:40,0.3647353063776573,0
77,0134,0,2026-04-23 09:44:40,0.9324718632763651,0
78,0155,0,2026-04-23 09:44:40,0.3005418924551896,1
79,0199,0,2026-04-23 09:44:40,0.1759066277615673,0
80,0247,0,2026-04-23 09:44:40,0.8261775739891621,0
81,0269,0,2026-04-23 09:44:40,0.8261775739891621,0
82,0276,0,2026-04-23 09:44:40,0.0900375156315131,0
83,0285,0,2026-04-23 09:44:40,1.0000000000000000,0
84,0327,0,2026-04-23 09:44:40,0.9324718632763651,0
85,0403,0,2026-04-23 09:44:40,0.5118799499791580,0
86,0412,0,2026-04-23 09:44:40,0.8261775739891621,0
87,0042,0,2026-04-23 09:44:50,0.3647353063776573,0
88,0134,0,2026-04-23 09:44:50,0.9324718632763651,0
89,0155,0,2026-04-23 09:44:50,0.3005418924551896,0
90,0199,0,2026-04-23 09:44:50,0.1759066277615673,0
91,0247,0,2026-04-23 09:44:50,0.8261775739891621,0
92,0269,0,2026-04-23 09:44:50,0.8261775739891621,0
93,0285,0,2026-04-23 09:44:50,1.0000000000000000,0
94,0327,0,2026-04-23 09:44:50,0.9324718632763651,0
95,0403,0,2026-04-23 09:44:50,0.5118799499791580,0
96,0412,0,2026-04-23 09:44:50,0.8261775739891621,1
97,0042,0,2026-04-23 09:45:00,0.3647353063776573,0
98,0108,0,2026-04-23 09:45:00,0.2363484785327220,0
99,0134,0,2026-04-23 09:45:00,0.9324718632763651,0
100,0155,0,2026-04-23 09:45:00,0.3005418924551896,1
101,0199,0,2026-04-23 09:45:00,0.1759066277615673,0
102,0269,0,2026-04-23 09:45:00,0.8261775739891621,0
103,0285,0,2026-04-23 09:45:00,1.0000000000000000,0
104,0327,0,2026-04-23 09:45:00,0.9324718632763651,0
105,0403,0,2026-04-23 09:45:00,0.5118799499791580,0
106,0412,0,2026-04-23 09:45:00,0.8261775739891621,0
107,0042,0,2026-04-23 09:45:10,0.3647353063776573,0
108,0108,0,2026-04-23 09:45:10,0.2363484785327220,0
109,0134,0,2026-04-23 09:45:10,0.9324718632763651,0
110,0155,0,2026-04-23 09:45:10,0.3005418924551896,0
111,0199,0,2026-04-23 09:45:10,0.1759066277615673,0
112,0269,0,2026-04-23 09:45:10,0.8261775739891621,1
113,0285,0,2026-04-23 09:45:10,1.0000000000000000,0
114,0327,0,2026-04-23 09:45:10,0.9324718632763651,0
115,0403,0,2026-04-23 09:45:10,0.5118799499791580,0
116,0412,0,2026-04-23 09:45:10,0.8261775739891621,0
117,0042,0,2026-04-23 09:45:20,0.3647353063776573,0
118,0108,0,2026-04-23 09:45:20,0.2363484785327220,0
119,0134,0,2026-04-23 09:45:20,0.9324718632763651,1
120,0155,0,2026-04-23 09:45:20,0.3005418924551896,0
121,0199,0,2026-04-23 09:45:20,0.1759066277615673,0
122,0269,0,2026-04-23 09:45:20,0.8261775739891621,0
123,0285,0,2026-04-23 09:45:20,1.0000000000000000,0
124,0327,0,2026-04-23 09:45:20,0.9324718632763651,0
125,0403,0,2026-04-23 09:45:20,0.5118799499791580,0
126,0412,0,2026-04-23 09:45:20,0.8261775739891621,0
127,0042,0,2026-04-23 09:45:30,0.3647353063776573,0
128,0108,0,2026-04-23 09:45:30,0.2363484785327220,0
129,0134,0,2026-04-23 09:45:30,0.9324718632763651,0
130,0155,0,2026-04-23 09:45:30,0.3005418924551896,0
131,0269,0,2026-04-23 09:45:30,0.8261775739891621,0
132,0327,0,2026-04-23 09:45:30,0.9324718632763651,0
133,0403,0,2026-04-23 09:45:30,0.5118799499791580,0
134,0412,0,2026-04-23 09:45:30,0.8261775739891621,0
135,0042,0,2026-04-23 09:45:40,0.3647353063776573,0
136,0108,0,2026-04-23 09:45:40,0.2363484785327220,0
137,0134,0,2026-04-23 09:45:40,0.9324718632763651,0
138,0155,0,2026-04-23 09:45:40,0.3005418924551896,0
139,0269,0,2026-04-23 09:45:40,0.8261775739891621,0
140,0327,0,2026-04-23 09:45:40,0.9324718632763651,0
141,0403,0,2026-04-23 09:45:40,0.5118799499791580,1
142,0412,0,2026-04-23 09:45:40,0.8261775739891621,0
143,0108,0,2026-04-23 09:45:50,0.2363484785327220,0
144,0327,0,2026-04-23 09:45:50,0.9324718632763651,0
145,0412,0,2026-04-23 09:45:50,0.8261775739891621,0
146,0108,0,2026-04-23 09:46:00,0.2363484785327220,0
147,0327,0,2026-04-23 09:46:00,0.9324718632763651,0
148,0108,0,2026-04-23 09:46:10,0.2363484785327220,1
149,0495,0,2026-04-23 09:47:40,0.9324718632763651,0
150,0495,0,2026-04-23 09:47:50,0.9324718632763651,0
151,0495,0,2026-04-23 09:48:00,0.9324718632763651,0
152,0423,0,2026-04-23 09:48:10,0.1759066277615673,1
153,0495,0,2026-04-23 09:48:10,0.9324718632763651,0
154,0423,0,2026-04-23 09:48:20,0.1759066277615673,1
155,0495,0,2026-04-23 09:48:20,0.9324718632763651,0
156,0423,0,2026-04-23 09:48:30,0.1759066277615673,0
157,0495,0,2026-04-23 09:48:30,0.9324718632763651,0
158,0423,0,2026-04-23 09:48:40,0.1759066277615673,0
159,0495,0,2026-04-23 09:48:40,0.9324718632763651,0
160,0423,0,2026-04-23 09:48:50,0.1759066277615673,0
161,0495,0,2026-04-23 09:48:50,0.9324718632763651,0
162,0423,0,2026-04-23 09:49:00,0.1759066277615673,0
163,0495,0,2026-04-23 09:49:00,0.9324718632763651,0
164,0423,0,2026-04-23 09:49:10,0.1759066277615673,0
165,0495,0,2026-04-23 09:49:10,0.9324718632763651,0
166,0423,0,2026-04-23 09:49:20,0.1759066277615673,0
167,0495,0,2026-04-23 09:49:20,0.9324718632763651,0
168,0495,0,2026-04-23 09:49:30,0.9324718632763651,1
169,005,0,2026-04-23 09:54:00,0.1759066277615673,0
170,005,0,2026-04-23 09:54:10,0.1759066277615673,0
171,005,0,2026-04-23 09:54:20,0.1759066277615673,0
172,005,0,2026-04-23 09:54:30,0.1759066277615673,0
173,005,0,2026-04-23 09:54:40,0.1759066277615673,1
174,005,0,2026-04-23 09:54:50,0.1759066277615673,0
175,005,0,2026-04-23 09:55:00,0.1759066277615673,1
176,005,0,2026-04-23 09:55:10,0.1759066277615673,0
177,005,0,2026-04-23 09:55:20,0.1759066277615673,0
178,005,0,2026-04-23 09:55:30,0.1759066277615673,0
179,0281,0,2026-04-23 09:55:30,0.3647353063776573,1
180,005,0,2026-04-23 09:55:40,0.1759066277615673,0
181,0048,0,2026-04-23 09:55:40,0.0900375156315131,0
182,0281,0,2026-04-23 09:55:40,0.3647353063776573,0
183,0378,0,2026-04-23 09:55:40,0.5118799499791580,1
184,005,0,2026-04-23 09:55:50,0.1759066277615673,0
185,0048,0,2026-04-23 09:55:50,0.0900375156315131,1
186,0131,0,2026-04-23 09:55:50,0.4447686536056690,0
187,0281,0,2026-04-23 09:55:50,0.3647353063776573,0
188,0378,0,2026-04-23 09:55:50,0.5118799499791580,0
189,0048,0,2026-04-23 09:56:00,0.0900375156315131,0
190,0131,0,2026-04-23 09:56:00,0.4447686536056690,0
191,0281,0,2026-04-23 09:56:00,0.3647353063776573,0
192,0378,0,2026-04-23 09:56:00,0.5118799499791580,0
193,0048,0,2026-04-23 09:56:10,0.0900375156315131,0
194,0131,0,2026-04-23 09:56:10,0.4447686536056690,0
195,0281,0,2026-04-23 09:56:10,0.3647353063776573,1
196,0368,0,2026-04-23 09:56:10,0.9324718632763651,0
197,0378,0,2026-04-23 09:56:10,0.5118799499791580,0
198,0048,0,2026-04-23 09:56:20,0.0900375156315131,0
199,0131,0,2026-04-23 09:56:20,0.4447686536056690,0
200,0281,0,2026-04-23 09:56:20,0.3647353063776573,0
201,0368,0,2026-04-23 09:56:20,0.9324718632763651,0
202,0378,0,2026-04-23 09:56:20,0.5118799499791580,1
203,0048,0,2026-04-23 09:56:30,0.0900375156315131,0
204,0131,0,2026-04-23 09:56:30,0.4447686536056690,0
205,0281,0,2026-04-23 09:56:30,0.3647353063776573,0
206,0368,0,2026-04-23 09:56:30,0.9324718632763651,0
207,0378,0,2026-04-23 09:56:30,0.5118799499791580,0
208,0048,0,2026-04-23 09:56:40,0.0900375156315131,0
209,0131,0,2026-04-23 09:56:40,0.4447686536056690,0
210,0281,0,2026-04-23 09:56:40,0.3647353063776573,0
211,0368,0,2026-04-23 09:56:40,0.9324718632763651,0
212,0378,0,2026-04-23 09:56:40,0.5118799499791580,0
213,0048,0,2026-04-23 09:56:50,0.0900375156315131,0
214,0131,0,2026-04-23 09:56:50,0.4447686536056690,0
215,0368,0,2026-04-23 09:56:50,0.9324718632763651,0
216,0378,0,2026-04-23 09:56:50,0.5118799499791580,0
217,0048,0,2026-04-23 09:57:00,0.0900375156315131,0
218,0131,0,2026-04-23 09:57:00,0.4447686536056690,0
219,0368,0,2026-04-23 09:57:00,0.9324718632763651,0
220,0048,0,2026-04-23 09:57:10,0.0900375156315131,0
221,0131,0,2026-04-23 09:57:10,0.4447686536056690,0
222,0368,0,2026-04-23 09:57:10,0.9324718632763651,0
223,0048,0,2026-04-23 09:57:20,0.0900375156315131,0
224,0131,0,2026-04-23 09:57:20,0.4447686536056690,0
225,0368,0,2026-04-23 09:57:20,0.9324718632763651,0
226,0131,0,2026-04-23 09:57:30,0.4447686536056690,1
227,0368,0,2026-04-23 09:57:30,0.9324718632763651,0
228,0131,0,2026-04-23 09:57:40,0.4447686536056690,0
229,0368,0,2026-04-23 09:57:40,0.9324718632763651,0
230,0368,0,2026-04-23 09:57:50,0.9324718632763651,1
231,0368,0,2026-04-23 09:58:00,0.9324718632763651,1
232,0153,0,2026-04-23 11:28:50,0.0900375156315131,0
233,0153,0,2026-04-23 11:29:00,0.0900375156315131,0
234,0153,0,2026-04-23 11:29:10,0.0900375156315131,0
235,0153,0,2026-04-23 11:29:20,0.0900375156315131,0
236,0153,0,2026-04-23 11:29:30,0.0900375156315131,0
237,0153,0,2026-04-23 11:29:40,0.0900375156315131,0
238,0153,0,2026-04-23 11:29:50,0.0900375156315131,1
239,0314,0,2026-04-23 13:21:00,0.9324718632763651,0
240,0314,0,2026-04-23 13:21:10,0.9324718632763651,0
241,0314,0,2026-04-23 13:21:20,0.9324718632763651,0
242,0314,0,2026-04-23 13:21:30,0.9324718632763651,0
243,0314,0,2026-04-23 13:21:40,0.9324718632763651,0
244,0314,0,2026-04-23 13:21:50,0.9324718632763651,0
245,0314,0,2026-04-23 13:22:00,0.9324718632763651,1
246,0314,0,2026-04-23 13:22:10,0.9324718632763651,0
247,0314,0,2026-04-23 13:22:20,0.9324718632763651,0
248,0461,0,2026-04-23 13:22:20,0.8261775739891621,1
249,0203,0,2026-04-23 13:22:30,0.3005418924551896,1
250,0314,0,2026-04-23 13:22:30,0.9324718632763651,0
251,0461,0,2026-04-23 13:22:30,0.8261775739891621,0
252,0203,0,2026-04-23 13:22:40,0.3005418924551896,0
253,0314,0,2026-04-23 13:22:40,0.9324718632763651,0
254,0461,0,2026-04-23 13:22:40,0.8261775739891621,0
255,0203,0,2026-04-23 13:22:50,0.3005418924551896,0
256,0314,0,2026-04-23 13:22:50,0.9324718632763651,0
257,0461,0,2026-04-23 13:22:50,0.8261775739891621,0
258,0203,0,2026-04-23 13:23:00,0.3005418924551896,0
259,0461,0,2026-04-23 13:23:00,0.8261775739891621,0
260,0203,0,2026-04-23 13:23:10,0.3005418924551896,0
261,0461,0,2026-04-23 13:23:10,0.8261775739891621,0
262,0203,0,2026-04-23 13:23:20,0.3005418924551896,0
263,0461,0,2026-04-23 13:23:20,0.8261775739891621,0
264,0203,0,2026-04-23 13:23:30,0.3005418924551896,0
265,0461,0,2026-04-23 13:23:30,0.8261775739891621,0
266,0203,0,2026-04-23 13:23:40,0.3005418924551896,0
267,0461,0,2026-04-23 13:23:40,0.8261775739891621,0
268,0203,0,2026-04-23 13:23:50,0.3005418924551896,0
269,0461,0,2026-04-23 13:23:50,0.8261775739891621,0
270,0203,0,2026-04-23 13:24:00,0.3005418924551896,0
271,0037,0,2026-04-23 13:24:40,0.8261775739891621,0
272,0037,0,2026-04-23 13:24:50,0.8261775739891621,1
273,0037,0,2026-04-23 13:25:00,0.8261775739891621,0
274,0173,0,2026-04-23 13:25:00,0.6044185077115465,0
275,0037,0,2026-04-23 13:25:10,0.8261775739891621,0
276,0173,0,2026-04-23 13:25:10,0.6044185077115465,1
277,0037,0,2026-04-23 13:25:20,0.8261775739891621,0
278,0173,0,2026-04-23 13:25:20,0.6044185077115465,0
279,0037,0,2026-04-23 13:25:30,0.8261775739891621,0
280,0173,0,2026-04-23 13:25:30,0.6044185077115465,0
281,0037,0,2026-04-23 13:25:40,0.8261775739891621,0
282,0173,0,2026-04-23 13:25:40,0.6044185077115465,0
283,0037,0,2026-04-23 13:25:50,0.8261775739891621,0
284,0173,0,2026-04-23 13:25:50,0.6044185077115465,0
285,0037,0,2026-04-23 13:26:00,0.8261775739891621,0
286,0173,0,2026-04-23 13:26:00,0.6044185077115465,0
287,0037,0,2026-04-23 13:26:10,0.8261775739891621,0
288,0173,0,2026-04-23 13:26:10,0.6044185077115465,0
289,0173,0,2026-04-23 13:26:20,0.6044185077115465,0
290,0173,0,2026-04-23 13:26:30,0.6044185077115465,0
291,0173,0,2026-04-23 13:26:40,0.6044185077115465,0
292,0173,0,2026-04-23 13:26:50,0.6044185077115465,0
293,0265,0,2026-04-23 14:49:10,0.9324718632763651,0
294,0265,0,2026-04-23 14:49:20,0.9324718632763651,0
295,0265,0,2026-04-23 14:49:30,0.9324718632763651,0
296,0265,0,2026-04-23 14:49:40,0.9324718632763651,0
297,0265,0,2026-04-23 14:49:40,0.9324718632763651,1
298,0265,0,2026-04-23 14:49:50,0.9324718632763651,0
299,0265,0,2026-04-23 14:49:50,0.9324718632763651,0
300,0265,0,2026-04-23 14:50:00,0.9324718632763651,0
301,0265,0,2026-04-23 14:50:00,0.9324718632763651,0
302,0265,0,2026-04-23 14:50:10,0.9324718632763651,1
303,0265,0,2026-04-23 14:50:10,0.9324718632763651,0
304,0265,0,2026-04-23 14:50:20,0.9324718632763651,0
305,0265,0,2026-04-23 14:50:20,0.9324718632763651,0
306,0265,0,2026-04-23 14:50:30,0.9324718632763651,0
307,0265,0,2026-04-23 14:50:40,0.9324718632763651,0
308,0265,0,2026-04-23 14:50:50,0.9324718632763651,0
309,0300,0,2026-04-23 14:51:10,0.3005418924551896,0
310,0300,0,2026-04-23 14:51:20,0.3005418924551896,0
311,0300,0,2026-04-23 14:51:30,0.3005418924551896,0
312,0300,0,2026-04-23 14:51:40,0.3005418924551896,0
313,0300,0,2026-04-23 14:51:50,0.3005418924551896,0
314,0300,0,2026-04-23 14:52:00,0.3005418924551896,0
315,0300,0,2026-04-23 14:52:10,0.3005418924551896,1
316,0300,0,2026-04-23 14:52:20,0.3005418924551896,0
317,0045,0,2026-04-23 14:52:30,0.4447686536056690,1
318,0300,0,2026-04-23 14:52:30,0.3005418924551896,0
319,0441,0,2026-04-23 14:52:30,0.0900375156315131,0
320,0045,0,2026-04-23 14:52:40,0.4447686536056690,0
321,0196,0,2026-04-23 14:52:40,0.3647353063776573,0
322,0300,0,2026-04-23 14:52:40,0.3005418924551896,0
323,0441,0,2026-04-23 14:52:40,0.0900375156315131,1
324,0045,0,2026-04-23 14:52:50,0.4447686536056690,0
325,0196,0,2026-04-23 14:52:50,0.3647353063776573,1
326,0441,0,2026-04-23 14:52:50,0.0900375156315131,0
327,0045,0,2026-04-23 14:53:00,0.4447686536056690,0
328,0196,0,2026-04-23 14:53:00,0.3647353063776573,0
329,0441,0,2026-04-23 14:53:00,0.0900375156315131,0
330,0441,0,2026-04-23 14:53:00,0.0900375156315131,0
331,0045,0,2026-04-23 14:53:10,0.4447686536056690,0
332,0196,0,2026-04-23 14:53:10,0.3647353063776573,0
333,0441,0,2026-04-23 14:53:10,0.0900375156315131,1
334,0441,0,2026-04-23 14:53:10,0.0900375156315131,0
335,0045,0,2026-04-23 14:53:20,0.4447686536056690,0
336,0196,0,2026-04-23 14:53:20,0.3647353063776573,0
337,0441,0,2026-04-23 14:53:20,0.0900375156315131,0
338,0441,0,2026-04-23 14:53:20,0.0900375156315131,0
339,0045,0,2026-04-23 14:53:30,0.4447686536056690,0
340,0196,0,2026-04-23 14:53:30,0.3647353063776573,0
341,0441,0,2026-04-23 14:53:30,0.0900375156315131,0
342,0441,0,2026-04-23 14:53:30,0.0900375156315131,0
343,0045,0,2026-04-23 14:53:40,0.4447686536056690,0
344,0196,0,2026-04-23 14:53:40,0.3647353063776573,0
345,0291,0,2026-04-23 14:53:40,0.8261775739891621,0
346,0441,0,2026-04-23 14:53:40,0.0900375156315131,0
347,0441,0,2026-04-23 14:53:40,0.0900375156315131,0
348,0045,0,2026-04-23 14:53:50,0.4447686536056690,0
349,0291,0,2026-04-23 14:53:50,0.8261775739891621,1
350,0441,0,2026-04-23 14:53:50,0.0900375156315131,0
351,0045,0,2026-04-23 14:54:00,0.4447686536056690,0
352,0291,0,2026-04-23 14:54:00,0.8261775739891621,0
353,0441,0,2026-04-23 14:54:00,0.0900375156315131,0
354,0291,0,2026-04-23 14:54:10,0.8261775739891621,0
355,0441,0,2026-04-23 14:54:10,0.0900375156315131,0
356,008,0,2026-04-23 14:54:20,0.3647353063776573,0
357,0291,0,2026-04-23 14:54:20,0.8261775739891621,0
358,008,0,2026-04-23 14:54:30,0.3647353063776573,0
359,0291,0,2026-04-23 14:54:30,0.8261775739891621,0
360,008,0,2026-04-23 14:54:40,0.3647353063776573,0
361,0291,0,2026-04-23 14:54:40,0.8261775739891621,0
362,008,0,2026-04-23 14:54:50,0.3647353063776573,1
363,0291,0,2026-04-23 14:54:50,0.8261775739891621,0
364,008,0,2026-04-23 14:55:00,0.3647353063776573,0
365,0291,0,2026-04-23 14:55:00,0.8261775739891621,0
366,008,0,2026-04-23 14:55:10,0.3647353063776573,0
367,0291,0,2026-04-23 14:55:10,0.8261775739891621,0
368,0291,0,2026-04-23 14:55:20,0.8261775739891621,0
369,0177,0,2026-04-23 16:20:30,0.7248853689037099,0
370,0177,0,2026-04-23 16:20:40,0.7248853689037099,1
371,0177,0,2026-04-23 16:20:50,0.7248853689037099,1
372,0177,0,2026-04-23 16:21:00,0.7248853689037099,0
373,0177,0,2026-04-23 16:21:10,0.7248853689037099,0
374,0177,0,2026-04-23 16:21:20,0.7248853689037099,0
375,0177,0,2026-04-23 16:21:30,0.7248853689037099,0
376,0177,0,2026-04-23 16:21:40,0.7248853689037099,0
377,0365,0,2026-04-23 16:21:40,0.8261775739891621,1
378,0177,0,2026-04-23 16:21:50,0.7248853689037099,0
379,0365,0,2026-04-23 16:21:50,0.8261775739891621,1
380,0177,0,2026-04-23 16:22:00,0.7248853689037099,0
381,0365,0,2026-04-23 16:22:00,0.8261775739891621,0
382,0039,0,2026-04-23 16:22:10,0.8261775739891621,0
383,0177,0,2026-04-23 16:22:10,0.7248853689037099,0
384,0365,0,2026-04-23 16:22:10,0.8261775739891621,0
385,0039,0,2026-04-23 16:22:20,0.8261775739891621,1
386,0177,0,2026-04-23 16:22:20,0.7248853689037099,0
387,0365,0,2026-04-23 16:22:20,0.8261775739891621,0
388,0039,0,2026-04-23 16:22:30,0.8261775739891621,0
389,0365,0,2026-04-23 16:22:30,0.8261775739891621,0
390,0039,0,2026-04-23 16:22:40,0.8261775739891621,0
391,0365,0,2026-04-23 16:22:40,0.8261775739891621,0
392,0039,0,2026-04-23 16:22:50,0.8261775739891621,0
393,0312,0,2026-04-23 16:22:50,0.6044185077115465,0
394,0365,0,2026-04-23 16:22:50,0.8261775739891621,0
395,0039,0,2026-04-23 16:23:00,0.8261775739891621,0
396,0312,0,2026-04-23 16:23:00,0.6044185077115465,0
397,0365,0,2026-04-23 16:23:00,0.8261775739891621,0
398,0039,0,2026-04-23 16:23:10,0.8261775739891621,0
399,0312,0,2026-04-23 16:23:10,0.6044185077115465,1
400,0365,0,2026-04-23 16:23:10,0.8261775739891621,0
401,0312,0,2026-04-23 16:23:20,0.6044185077115465,0
402,0365,0,2026-04-23 16:23:20,0.8261775739891621,0
403,0077,0,2026-04-23 16:23:30,0.1759066277615673,0
404,0312,0,2026-04-23 16:23:30,0.6044185077115465,0
405,0077,0,2026-04-23 16:23:40,0.1759066277615673,1
406,0312,0,2026-04-23 16:23:40,0.6044185077115465,0
407,0077,0,2026-04-23 16:23:50,0.1759066277615673,1
408,0312,0,2026-04-23 16:23:50,0.6044185077115465,0
409,0077,0,2026-04-23 16:24:00,0.1759066277615673,0
410,0312,0,2026-04-23 16:24:00,0.6044185077115465,0
411,0077,0,2026-04-23 16:24:10,0.1759066277615673,0
412,0312,0,2026-04-23 16:24:10,0.6044185077115465,0
413,0312,0,2026-04-23 16:24:20,0.6044185077115465,0
414,0312,0,2026-04-23 16:24:30,0.6044185077115465,0
415,0312,0,2026-04-23 16:24:40,0.6044185077115465,0
416,0319,0,2026-04-23 16:27:20,0.0900375156315131,0
417,0319,0,2026-04-23 16:27:30,0.0900375156315131,0
418,0319,0,2026-04-23 16:27:40,0.0900375156315131,0
419,0319,0,2026-04-23 16:27:50,0.0900375156315131,0
420,0319,0,2026-04-23 16:28:00,0.0900375156315131,0
421,0319,0,2026-04-23 16:28:10,0.0900375156315131,1
422,0319,0,2026-04-23 16:28:20,0.0900375156315131,0
423,0319,0,2026-04-23 16:28:30,0.0900375156315131,0
424,0319,0,2026-04-23 16:28:40,0.0900375156315131,0
425,0082,0,2026-04-23 17:57:10,0.6044185077115465,0
426,0082,0,2026-04-23 17:57:20,0.6044185077115465,0
427,0082,0,2026-04-23 17:57:30,0.6044185077115465,1
428,0082,0,2026-04-23 17:57:40,0.6044185077115465,0
429,0082,0,2026-04-23 17:57:50,0.6044185077115465,0
430,0082,0,2026-04-23 17:58:00,0.6044185077115465,0
431,0082,0,2026-04-23 17:58:10,0.6044185077115465,1
432,0069,0,2026-04-23 18:02:10,0.0900375156315131,0
433,0069,0,2026-04-23 18:02:20,0.0900375156315131,0
434,0332,0,2026-04-23 18:02:20,0.5118799499791580,1
435,0069,0,2026-04-23 18:02:30,0.0900375156315131,0
436,0251,0,2026-04-23 18:02:30,0.6615256356815340,0
437,0332,0,2026-04-23 18:02:30,0.5118799499791580,0
438,0337,0,2026-04-23 18:02:30,0.7248853689037099,0
439,0069,0,2026-04-23 18:02:40,0.0900375156315131,0
440,0251,0,2026-04-23 18:02:40,0.6615256356815340,1
441,0332,0,2026-04-23 18:02:40,0.5118799499791580,0
442,0337,0,2026-04-23 18:02:40,0.7248853689037099,0
443,0069,0,2026-04-23 18:02:50,0.0900375156315131,0
444,0251,0,2026-04-23 18:02:50,0.6615256356815340,0
445,0332,0,2026-04-23 18:02:50,0.5118799499791580,0
446,0337,0,2026-04-23 18:02:50,0.7248853689037099,0
447,0069,0,2026-04-23 18:03:00,0.0900375156315131,0
448,0251,0,2026-04-23 18:03:00,0.6615256356815340,0
449,0332,0,2026-04-23 18:03:00,0.5118799499791580,0
450,0337,0,2026-04-23 18:03:00,0.7248853689037099,0
451,0069,0,2026-04-23 18:03:10,0.0900375156315131,0
452,0251,0,2026-04-23 18:03:10,0.6615256356815340,0
453,0332,0,2026-04-23 18:03:10,0.5118799499791580,0
454,0337,0,2026-04-23 18:03:10,0.7248853689037099,0
455,0069,0,2026-04-23 18:03:20,0.0900375156315131,0
456,0332,0,2026-04-23 18:03:20,0.5118799499791580,0
457,0337,0,2026-04-23 18:03:20,0.7248853689037099,1
458,0069,0,2026-04-23 18:03:30,0.0900375156315131,0
459,0332,0,2026-04-23 18:03:30,0.5118799499791580,0
460,0337,0,2026-04-23 18:03:30,0.7248853689037099,0
461,0069,0,2026-04-23 18:03:40,0.0900375156315131,1
462,0332,0,2026-04-23 18:03:40,0.5118799499791580,0
463,0337,0,2026-04-23 18:03:40,0.7248853689037099,0
464,0069,0,2026-04-23 18:03:50,0.0900375156315131,0
465,0337,0,2026-04-23 18:03:50,0.7248853689037099,0
466,0337,0,2026-04-23 18:04:00,0.7248853689037099,0
467,0152,0,2026-04-23 21:40:50,0.3005418924551896,0
468,0152,0,2026-04-23 21:41:00,0.3005418924551896,0
469,0152,0,2026-04-23 21:41:10,0.3005418924551896,0
470,0152,0,2026-04-23 21:41:20,0.3005418924551896,0
471,0152,0,2026-04-23 21:41:30,0.3005418924551896,0
472,0152,0,2026-04-23 21:41:40,0.3005418924551896,1
473,0152,0,2026-04-23 21:41:50,0.3005418924551896,0
474,0152,0,2026-04-23 21:42:00,0.3005418924551896,0
475,0152,0,2026-04-23 21:42:10,0.3005418924551896,0
476,0152,0,2026-04-23 21:42:20,0.3005418924551896,0
477,0264,0,2026-04-23 23:15:50,0.1759066277615673,0
478,0264,0,2026-04-23 23:16:00,0.1759066277615673,0
479,0264,0,2026-04-23 23:16:10,0.1759066277615673,0
480,0264,0,2026-04-23 23:16:20,0.1759066277615673,1
481,0264,0,2026-04-23 23:16:30,0.1759066277615673,0
482,0264,0,2026-04-23 23:16:40,0.1759066277615673,0
483,0264,0,2026-04-23 23:16:50,0.1759066277615673,0
484,0264,0,2026-04-23 23:17:00,0.1759066277615673,0
485,0264,0,2026-04-23 23:17:10,0.1759066277615673,0
486,0264,0,2026-04-23 23:17:20,0.1759066277615673,0
487,0453,0,2026-04-23 23:17:20,1.0000000000000000,0
488,0453,0,2026-04-23 23:17:30,1.0000000000000000,1
489,0453,0,2026-04-23 23:17:40,1.0000000000000000,0
490,0453,0,2026-04-23 23:17:50,1.0000000000000000,0
491,0453,0,2026-04-23 23:18:00,1.0000000000000000,0
492,0453,0,2026-04-23 23:18:10,1.0000000000000000,0
493,0453,0,2026-04-23 23:18:20,1.0000000000000000,0
494,0453,0,2026-04-23 23:18:30,1.0000000000000000,0
495,0453,0,2026-04-23 23:18:40,1.0000000000000000,0
496,0453,0,2026-04-23 23:18:50,1.0000000000000000,0
497,0453,0,2026-04-23 23:19:00,1.0000000000000000,0
498,0021,0,2026-04-24 02:11:30,0.6044185077115465,0
499,0021,0,2026-04-24 02:11:40,0.6044185077115465,0
500,0021,0,2026-04-24 02:11:50,0.6044185077115465,0
501,0021,0,2026-04-24 02:12:00,0.6044185077115465,0
502,0021,0,2026-04-24 02:12:00,0.6044185077115465,1
503,0021,0,2026-04-24 02:12:10,0.6044185077115465,0
504,0021,0,2026-04-24 02:12:10,0.6044185077115465,0
505,0021,0,2026-04-24 02:12:20,0.6044185077115465,0
506,0021,0,2026-04-24 02:12:20,0.6044185077115465,0
507,0021,0,2026-04-24 02:12:30,0.6044185077115465,1
508,0021,0,2026-04-24 02:12:30,0.6044185077115465,0
509,0021,0,2026-04-24 02:12:40,0.6044185077115465,0
510,0021,0,2026-04-24 02:12:40,0.6044185077115465,0
511,0021,0,2026-04-24 02:12:50,0.6044185077115465,0
512,0021,0,2026-04-24 02:13:00,0.6044185077115465,0
513,0021,0,2026-04-24 02:13:10,0.6044185077115465,0
514,0186,0,2026-04-24 02:13:40,0.3647353063776573,1
515,0348,0,2026-04-24 02:13:40,0.3005418924551896,0
516,0186,0,2026-04-24 02:13:50,0.3647353063776573,0
517,0317,0,2026-04-24 02:13:50,0.2363484785327220,0
518,0348,0,2026-04-24 02:13:50,0.3005418924551896,1
519,0468,0,2026-04-24 02:13:50,0.2363484785327220,0
520,0186,0,2026-04-24 02:14:00,0.3647353063776573,0
521,0286,0,2026-04-24 02:14:00,0.6615256356815340,0
522,0317,0,2026-04-24 02:14:00,0.2363484785327220,0
523,0348,0,2026-04-24 02:14:00,0.3005418924551896,1
524,0468,0,2026-04-24 02:14:00,0.2363484785327220,0
525,0166,0,2026-04-24 02:14:10,0.4447686536056690,0
526,0182,0,2026-04-24 02:14:10,0.1759066277615673,0
527,0186,0,2026-04-24 02:14:10,0.3647353063776573,0
528,0223,0,2026-04-24 02:14:10,0.6044185077115465,0
529,0286,0,2026-04-24 02:14:10,0.6615256356815340,0
530,0317,0,2026-04-24 02:14:10,0.2363484785327220,1
531,0348,0,2026-04-24 02:14:10,0.3005418924551896,0
532,0468,0,2026-04-24 02:14:10,0.2363484785327220,0
533,0166,0,2026-04-24 02:14:20,0.4447686536056690,0
534,0182,0,2026-04-24 02:14:20,0.1759066277615673,0
535,0186,0,2026-04-24 02:14:20,0.3647353063776573,0
536,0223,0,2026-04-24 02:14:20,0.6044185077115465,0
537,0286,0,2026-04-24 02:14:20,0.6615256356815340,0
538,0317,0,2026-04-24 02:14:20,0.2363484785327220,0
539,0348,0,2026-04-24 02:14:20,0.3005418924551896,0
540,0468,0,2026-04-24 02:14:20,0.2363484785327220,0
541,0166,0,2026-04-24 02:14:30,0.4447686536056690,0
542,0182,0,2026-04-24 02:14:30,0.1759066277615673,0
543,0186,0,2026-04-24 02:14:30,0.3647353063776573,0
544,0223,0,2026-04-24 02:14:30,0.6044185077115465,1
545,0286,0,2026-04-24 02:14:30,0.6615256356815340,0
546,0317,0,2026-04-24 02:14:30,0.2363484785327220,0
547,0348,0,2026-04-24 02:14:30,0.3005418924551896,0
548,0166,0,2026-04-24 02:14:40,0.4447686536056690,0
549,0182,0,2026-04-24 02:14:40,0.1759066277615673,0
550,0186,0,2026-04-24 02:14:40,0.3647353063776573,0
551,0223,0,2026-04-24 02:14:40,0.6044185077115465,0
552,0286,0,2026-04-24 02:14:40,0.6615256356815340,1
553,0317,0,2026-04-24 02:14:40,0.2363484785327220,0
554,0348,0,2026-04-24 02:14:40,0.3005418924551896,0
555,0166,0,2026-04-24 02:14:50,0.4447686536056690,0
556,0182,0,2026-04-24 02:14:50,0.1759066277615673,0
557,0186,0,2026-04-24 02:14:50,0.3647353063776573,0
558,0223,0,2026-04-24 02:14:50,0.6044185077115465,0
559,0239,0,2026-04-24 02:14:50,0.7248853689037099,0
560,0286,0,2026-04-24 02:14:50,0.6615256356815340,0
561,0317,0,2026-04-24 02:14:50,0.2363484785327220,0
562,0348,0,2026-04-24 02:14:50,0.3005418924551896,0
563,0166,0,2026-04-24 02:15:00,0.4447686536056690,1
564,0182,0,2026-04-24 02:15:00,0.1759066277615673,0
565,0186,0,2026-04-24 02:15:00,0.3647353063776573,0
566,0223,0,2026-04-24 02:15:00,0.6044185077115465,0
567,0239,0,2026-04-24 02:15:00,0.7248853689037099,0
568,0286,0,2026-04-24 02:15:00,0.6615256356815340,0
569,0317,0,2026-04-24 02:15:00,0.2363484785327220,0
570,0348,0,2026-04-24 02:15:00,0.3005418924551896,0
571,0355,0,2026-04-24 02:15:00,0.3647353063776573,0
572,0166,0,2026-04-24 02:15:10,0.4447686536056690,1
573,0182,0,2026-04-24 02:15:10,0.1759066277615673,0
574,0186,0,2026-04-24 02:15:10,0.3647353063776573,0
575,0223,0,2026-04-24 02:15:10,0.6044185077115465,0
576,0239,0,2026-04-24 02:15:10,0.7248853689037099,0
577,0286,0,2026-04-24 02:15:10,0.6615256356815340,0
578,0317,0,2026-04-24 02:15:10,0.2363484785327220,0
579,0348,0,2026-04-24 02:15:10,0.3005418924551896,0
580,0355,0,2026-04-24 02:15:10,0.3647353063776573,0
581,0166,0,2026-04-24 02:15:20,0.4447686536056690,0
582,0182,0,2026-04-24 02:15:20,0.1759066277615673,0
583,0186,0,2026-04-24 02:15:20,0.3647353063776573,0
584,0223,0,2026-04-24 02:15:20,0.6044185077115465,0
585,0239,0,2026-04-24 02:15:20,0.7248853689037099,0
586,0286,0,2026-04-24 02:15:20,0.6615256356815340,0
587,0317,0,2026-04-24 02:15:20,0.2363484785327220,0
588,0348,0,2026-04-24 02:15:20,0.3005418924551896,0
589,0355,0,2026-04-24 02:15:20,0.3647353063776573,0
590,0091,0,2026-04-24 02:15:30,0.3005418924551896,0
591,0182,0,2026-04-24 02:15:30,0.1759066277615673,0
592,0186,0,2026-04-24 02:15:30,0.3647353063776573,0
593,0223,0,2026-04-24 02:15:30,0.6044185077115465,0
594,0239,0,2026-04-24 02:15:30,0.7248853689037099,1
595,0286,0,2026-04-24 02:15:30,0.6615256356815340,0
596,0317,0,2026-04-24 02:15:30,0.2363484785327220,0
597,0348,0,2026-04-24 02:15:30,0.3005418924551896,0
598,0355,0,2026-04-24 02:15:30,0.3647353063776573,0
599,0091,0,2026-04-24 02:15:40,0.3005418924551896,0
600,0111,0,2026-04-24 02:15:40,0.3005418924551896,0
601,0182,0,2026-04-24 02:15:40,0.1759066277615673,0
602,0223,0,2026-04-24 02:15:40,0.6044185077115465,0
603,0239,0,2026-04-24 02:15:40,0.7248853689037099,0
604,0286,0,2026-04-24 02:15:40,0.6615256356815340,0
605,0355,0,2026-04-24 02:15:40,0.3647353063776573,0
606,0091,0,2026-04-24 02:15:50,0.3005418924551896,0
607,0111,0,2026-04-24 02:15:50,0.3005418924551896,0
608,0182,0,2026-04-24 02:15:50,0.1759066277615673,0
609,0239,0,2026-04-24 02:15:50,0.7248853689037099,0
610,0355,0,2026-04-24 02:15:50,0.3647353063776573,1
611,0091,0,2026-04-24 02:16:00,0.3005418924551896,0
612,0111,0,2026-04-24 02:16:00,0.3005418924551896,0
613,0239,0,2026-04-24 02:16:00,0.7248853689037099,0
614,0355,0,2026-04-24 02:16:00,0.3647353063776573,1
615,0111,0,2026-04-24 02:16:10,0.3005418924551896,0
616,0239,0,2026-04-24 02:16:10,0.7248853689037099,0
617,0355,0,2026-04-24 02:16:10,0.3647353063776573,0
618,0111,0,2026-04-24 02:16:20,0.3005418924551896,1
619,0302,0,2026-04-24 02:16:20,0.0900375156315131,0
620,0355,0,2026-04-24 02:16:20,0.3647353063776573,0
621,0111,0,2026-04-24 02:16:30,0.3005418924551896,0
622,0302,0,2026-04-24 02:16:30,0.0900375156315131,0
623,0355,0,2026-04-24 02:16:30,0.3647353063776573,0
624,0111,0,2026-04-24 02:16:40,0.3005418924551896,0
625,0253,0,2026-04-24 02:16:40,0.1759066277615673,1
626,0302,0,2026-04-24 02:16:40,0.0900375156315131,0
627,0355,0,2026-04-24 02:16:40,0.3647353063776573,0
628,0019,0,2026-04-24 02:16:50,0.2363484785327220,0
629,0111,0,2026-04-24 02:16:50,0.3005418924551896,0
630,0253,0,2026-04-24 02:16:50,0.1759066277615673,0
631,0302,0,2026-04-24 02:16:50,0.0900375156315131,0
632,0355,0,2026-04-24 02:16:50,0.3647353063776573,0
633,0394,0,2026-04-24 02:16:50,0.2363484785327220,1
634,0019,0,2026-04-24 02:17:00,0.2363484785327220,0
635,0111,0,2026-04-24 02:17:00,0.3005418924551896,0
636,0253,0,2026-04-24 02:17:00,0.1759066277615673,0
637,0302,0,2026-04-24 02:17:00,0.0900375156315131,0
638,0384,0,2026-04-24 02:17:00,0.6044185077115465,0
639,0394,0,2026-04-24 02:17:00,0.2363484785327220,1
640,0111,0,2026-04-24 02:17:10,0.3005418924551896,0
641,0253,0,2026-04-24 02:17:10,0.1759066277615673,0
642,0302,0,2026-04-24 02:17:10,0.0900375156315131,0
643,0384,0,2026-04-24 02:17:10,0.6044185077115465,0
644,0394,0,2026-04-24 02:17:10,0.2363484785327220,0
645,0111,0,2026-04-24 02:17:20,0.3005418924551896,0
646,0253,0,2026-04-24 02:17:20,0.1759066277615673,0
647,0302,0,2026-04-24 02:17:20,0.0900375156315131,0
648,0384,0,2026-04-24 02:17:20,0.6044185077115465,1
649,0394,0,2026-04-24 02:17:20,0.2363484785327220,0
650,0253,0,2026-04-24 02:17:30,0.1759066277615673,0
651,0259,0,2026-04-24 02:17:30,0.3005418924551896,1
652,0302,0,2026-04-24 02:17:30,0.0900375156315131,0
653,0384,0,2026-04-24 02:17:30,0.6044185077115465,0
654,0394,0,2026-04-24 02:17:30,0.2363484785327220,0
655,0086,0,2026-04-24 02:17:40,0.1759066277615673,0
656,0253,0,2026-04-24 02:17:40,0.1759066277615673,0
657,0259,0,2026-04-24 02:17:40,0.3005418924551896,0
658,0302,0,2026-04-24 02:17:40,0.0900375156315131,0
659,0384,0,2026-04-24 02:17:40,0.6044185077115465,0
660,0394,0,2026-04-24 02:17:40,0.2363484785327220,0
661,0086,0,2026-04-24 02:17:50,0.1759066277615673,0
662,0259,0,2026-04-24 02:17:50,0.3005418924551896,0
663,0302,0,2026-04-24 02:17:50,0.0900375156315131,0
664,0384,0,2026-04-24 02:17:50,0.6044185077115465,0
665,0394,0,2026-04-24 02:17:50,0.2363484785327220,0
666,0086,0,2026-04-24 02:18:00,0.1759066277615673,0
667,0259,0,2026-04-24 02:18:00,0.3005418924551896,0
668,0280,0,2026-04-24 02:18:00,0.6044185077115465,1
669,0302,0,2026-04-24 02:18:00,0.0900375156315131,0
670,0384,0,2026-04-24 02:18:00,0.6044185077115465,0
671,0394,0,2026-04-24 02:18:00,0.2363484785327220,0
672,0086,0,2026-04-24 02:18:10,0.1759066277615673,0
673,0259,0,2026-04-24 02:18:10,0.3005418924551896,0
674,0280,0,2026-04-24 02:18:10,0.6044185077115465,0
675,0302,0,2026-04-24 02:18:10,0.0900375156315131,0
676,0384,0,2026-04-24 02:18:10,0.6044185077115465,0
677,0394,0,2026-04-24 02:18:10,0.2363484785327220,0
678,0034,0,2026-04-24 02:18:20,0.8261775739891621,0
679,0086,0,2026-04-24 02:18:20,0.1759066277615673,0
680,0117,0,2026-04-24 02:18:20,0.7248853689037099,1
681,0259,0,2026-04-24 02:18:20,0.3005418924551896,0
682,0280,0,2026-04-24 02:18:20,0.6044185077115465,0
683,0384,0,2026-04-24 02:18:20,0.6044185077115465,0
684,0394,0,2026-04-24 02:18:20,0.2363484785327220,0
685,0034,0,2026-04-24 02:18:30,0.8261775739891621,0
686,0086,0,2026-04-24 02:18:30,0.1759066277615673,0
687,0117,0,2026-04-24 02:18:30,0.7248853689037099,0
688,0259,0,2026-04-24 02:18:30,0.3005418924551896,0
689,0280,0,2026-04-24 02:18:30,0.6044185077115465,0
690,0384,0,2026-04-24 02:18:30,0.6044185077115465,0
691,0034,0,2026-04-24 02:18:40,0.8261775739891621,1
692,0086,0,2026-04-24 02:18:40,0.1759066277615673,0
693,0117,0,2026-04-24 02:18:40,0.7248853689037099,0
694,0259,0,2026-04-24 02:18:40,0.3005418924551896,0
695,0280,0,2026-04-24 02:18:40,0.6044185077115465,0
696,0384,0,2026-04-24 02:18:40,0.6044185077115465,0
697,0484,0,2026-04-24 02:18:40,0.1759066277615673,0
698,0034,0,2026-04-24 02:18:50,0.8261775739891621,0
699,0086,0,2026-04-24 02:18:50,0.1759066277615673,0
700,0117,0,2026-04-24 02:18:50,0.7248853689037099,0
701,0259,0,2026-04-24 02:18:50,0.3005418924551896,0
702,0267,0,2026-04-24 02:18:50,0.1759066277615673,0
703,0280,0,2026-04-24 02:18:50,0.6044185077115465,0
704,0389,0,2026-04-24 02:18:50,0.4447686536056690,0
705,0484,0,2026-04-24 02:18:50,0.1759066277615673,0
706,0034,0,2026-04-24 02:19:00,0.8261775739891621,0
707,0086,0,2026-04-24 02:19:00,0.1759066277615673,0
708,0117,0,2026-04-24 02:19:00,0.7248853689037099,0
709,0259,0,2026-04-24 02:19:00,0.3005418924551896,0
710,0267,0,2026-04-24 02:19:00,0.1759066277615673,1
711,0280,0,2026-04-24 02:19:00,0.6044185077115465,0
712,0389,0,2026-04-24 02:19:00,0.4447686536056690,0
713,0484,0,2026-04-24 02:19:00,0.1759066277615673,0
714,0034,0,2026-04-24 02:19:10,0.8261775739891621,0
715,0117,0,2026-04-24 02:19:10,0.7248853689037099,0
716,0267,0,2026-04-24 02:19:10,0.1759066277615673,0
717,0280,0,2026-04-24 02:19:10,0.6044185077115465,0
718,0389,0,2026-04-24 02:19:10,0.4447686536056690,1
719,0484,0,2026-04-24 02:19:10,0.1759066277615673,0
720,0034,0,2026-04-24 02:19:20,0.8261775739891621,0
721,0117,0,2026-04-24 02:19:20,0.7248853689037099,0
722,0267,0,2026-04-24 02:19:20,0.1759066277615673,0
723,0280,0,2026-04-24 02:19:20,0.6044185077115465,0
724,0389,0,2026-04-24 02:19:20,0.4447686536056690,1
725,0484,0,2026-04-24 02:19:20,0.1759066277615673,0
726,0034,0,2026-04-24 02:19:30,0.8261775739891621,0
727,0198,0,2026-04-24 02:19:30,0.6044185077115465,0
728,0267,0,2026-04-24 02:19:30,0.1759066277615673,0
729,0280,0,2026-04-24 02:19:30,0.6044185077115465,0
730,0389,0,2026-04-24 02:19:30,0.4447686536056690,0
731,0484,0,2026-04-24 02:19:30,0.1759066277615673,0
732,0034,0,2026-04-24 02:19:40,0.8261775739891621,0
733,0198,0,2026-04-24 02:19:40,0.6044185077115465,0
734,0267,0,2026-04-24 02:19:40,0.1759066277615673,0
735,0280,0,2026-04-24 02:19:40,0.6044185077115465,0
736,0389,0,2026-04-24 02:19:40,0.4447686536056690,0
737,0484,0,2026-04-24 02:19:40,0.1759066277615673,0
738,0034,0,2026-04-24 02:19:50,0.8261775739891621,0
739,0138,0,2026-04-24 02:19:50,0.4447686536056690,0
740,0198,0,2026-04-24 02:19:50,0.6044185077115465,1
741,0267,0,2026-04-24 02:19:50,0.1759066277615673,0
742,0280,0,2026-04-24 02:19:50,0.6044185077115465,0
743,0389,0,2026-04-24 02:19:50,0.4447686536056690,0
744,0484,0,2026-04-24 02:19:50,0.1759066277615673,0
745,0034,0,2026-04-24 02:20:00,0.8261775739891621,0
746,0138,0,2026-04-24 02:20:00,0.4447686536056690,1
747,0198,0,2026-04-24 02:20:00,0.6044185077115465,0
748,0198,0,2026-04-24 02:20:00,0.6044185077115465,0
749,0267,0,2026-04-24 02:20:00,0.1759066277615673,0
750,0389,0,2026-04-24 02:20:00,0.4447686536056690,0
751,0138,0,2026-04-24 02:20:10,0.4447686536056690,0
752,0198,0,2026-04-24 02:20:10,0.6044185077115465,0
753,0389,0,2026-04-24 02:20:10,0.4447686536056690,0
754,0138,0,2026-04-24 02:20:20,0.4447686536056690,0
755,0198,0,2026-04-24 02:20:20,0.6044185077115465,1
756,0389,0,2026-04-24 02:20:20,0.4447686536056690,0
757,0198,0,2026-04-24 02:20:30,0.6044185077115465,0
758,0035,0,2026-04-24 02:24:40,0.5118799499791580,0
759,0035,0,2026-04-24 02:24:50,0.5118799499791580,0
760,0035,0,2026-04-24 02:25:00,0.5118799499791580,0
761,0035,0,2026-04-24 02:25:10,0.5118799499791580,0
762,0035,0,2026-04-24 02:25:20,0.5118799499791580,1
763,0035,0,2026-04-24 02:25:30,0.5118799499791580,0
764,0035,0,2026-04-24 02:25:40,0.5118799499791580,0
765,0035,0,2026-04-24 02:25:50,0.5118799499791580,0
766,0035,0,2026-04-24 02:26:00,0.5118799499791580,0
767,0185,0,2026-04-24 02:26:00,0.3647353063776573,1
768,0035,0,2026-04-24 02:26:10,0.5118799499791580,0
769,0185,0,2026-04-24 02:26:10,0.3647353063776573,0
770,0035,0,2026-04-24 02:26:20,0.5118799499791580,0
771,0185,0,2026-04-24 02:26:20,0.3647353063776573,0
772,0364,0,2026-04-24 02:26:20,0.6044185077115465,0
773,0035,0,2026-04-24 02:26:30,0.5118799499791580,0
774,0185,0,2026-04-24 02:26:30,0.3647353063776573,0
775,0364,0,2026-04-24 02:26:30,0.6044185077115465,1
776,0185,0,2026-04-24 02:26:40,0.3647353063776573,0
777,0185,0,2026-04-24 02:26:50,0.3647353063776573,0
778,0185,0,2026-04-24 02:27:00,0.3647353063776573,1
779,0185,0,2026-04-24 02:27:10,0.3647353063776573,0
780,0185,0,2026-04-24 02:27:20,0.3647353063776573,0
781,0185,0,2026-04-24 02:27:30,0.3647353063776573,0
782,0165,0,2026-04-24 02:27:40,0.4447686536056690,0
783,0185,0,2026-04-24 02:27:40,0.3647353063776573,0
784,0165,0,2026-04-24 02:27:50,0.4447686536056690,0
785,0165,0,2026-04-24 02:28:00,0.4447686536056690,1
786,0165,0,2026-04-24 02:28:10,0.4447686536056690,0
787,0165,0,2026-04-24 02:28:20,0.4447686536056690,0
788,0165,0,2026-04-24 02:28:30,0.4447686536056690,0
789,0165,0,2026-04-24 02:28:40,0.4447686536056690,0
790,0165,0,2026-04-24 02:28:50,0.4447686536056690,0
791,0165,0,2026-04-24 02:29:00,0.4447686536056690,0
792,0165,0,2026-04-24 02:29:10,0.4447686536056690,0
793,0165,0,2026-04-24 02:29:20,0.4447686536056690,1
794,0160,0,2026-04-24 03:56:40,0.2363484785327220,0
795,0160,0,2026-04-24 03:56:50,0.2363484785327220,0
796,0160,0,2026-04-24 03:57:00,0.2363484785327220,0
797,0160,0,2026-04-24 03:57:10,0.2363484785327220,0
798,0160,0,2026-04-24 03:57:10,0.2363484785327220,1
799,0160,0,2026-04-24 03:57:20,0.2363484785327220,0
800,0160,0,2026-04-24 03:57:20,0.2363484785327220,0
801,0160,0,2026-04-24 03:57:30,0.2363484785327220,0
802,0160,0,2026-04-24 03:57:30,0.2363484785327220,0
803,0160,0,2026-04-24 03:57:40,0.2363484785327220,1
804,0160,0,2026-04-24 03:57:40,0.2363484785327220,0
805,0160,0,2026-04-24 03:57:50,0.2363484785327220,0
806,0160,0,2026-04-24 03:57:50,0.2363484785327220,0
807,0063,0,2026-04-24 03:58:00,0.5118799499791580,1
808,0160,0,2026-04-24 03:58:00,0.2363484785327220,0
809,0160,0,2026-04-24 03:58:00,0.2363484785327220,0
810,0455,0,2026-04-24 03:58:00,0.5118799499791580,0
811,0026,0,2026-04-24 03:58:10,1.0000000000000000,0
812,0063,0,2026-04-24 03:58:10,0.5118799499791580,0
813,0160,0,2026-04-24 03:58:10,0.2363484785327220,0
814,0455,0,2026-04-24 03:58:10,0.5118799499791580,1
815,0464,0,2026-04-24 03:58:10,1.0000000000000000,0
816,0026,0,2026-04-24 03:58:20,1.0000000000000000,0
817,0063,0,2026-04-24 03:58:20,0.5118799499791580,0
818,0160,0,2026-04-24 03:58:20,0.2363484785327220,0
819,0213,0,2026-04-24 03:58:20,0.9324718632763651,0
820,0455,0,2026-04-24 03:58:20,0.5118799499791580,1
821,0464,0,2026-04-24 03:58:20,1.0000000000000000,0
822,0026,0,2026-04-24 03:58:30,1.0000000000000000,0
823,0063,0,2026-04-24 03:58:30,0.5118799499791580,0
824,0160,0,2026-04-24 03:58:30,0.2363484785327220,0
825,0213,0,2026-04-24 03:58:30,0.9324718632763651,0
826,0405,0,2026-04-24 03:58:30,0.0900375156315131,0
827,0455,0,2026-04-24 03:58:30,0.5118799499791580,0
828,0464,0,2026-04-24 03:58:30,1.0000000000000000,0
829,0026,0,2026-04-24 03:58:40,1.0000000000000000,0
830,0063,0,2026-04-24 03:58:40,0.5118799499791580,0
831,0067,0,2026-04-24 03:58:40,0.5118799499791580,0
832,0213,0,2026-04-24 03:58:40,0.9324718632763651,0
833,0405,0,2026-04-24 03:58:40,0.0900375156315131,0
834,0455,0,2026-04-24 03:58:40,0.5118799499791580,0
835,0464,0,2026-04-24 03:58:40,1.0000000000000000,0
836,0026,0,2026-04-24 03:58:50,1.0000000000000000,0
837,0063,0,2026-04-24 03:58:50,0.5118799499791580,0
838,0067,0,2026-04-24 03:58:50,0.5118799499791580,0
839,0213,0,2026-04-24 03:58:50,0.9324718632763651,0
840,0405,0,2026-04-24 03:58:50,0.0900375156315131,0
841,0455,0,2026-04-24 03:58:50,0.5118799499791580,0
842,0464,0,2026-04-24 03:58:50,1.0000000000000000,0
843,0026,0,2026-04-24 03:59:00,1.0000000000000000,0
844,0063,0,2026-04-24 03:59:00,0.5118799499791580,0
845,0067,0,2026-04-24 03:59:00,0.5118799499791580,0
846,0213,0,2026-04-24 03:59:00,0.9324718632763651,0
847,0405,0,2026-04-24 03:59:00,0.0900375156315131,0
848,0464,0,2026-04-24 03:59:00,1.0000000000000000,1
849,0026,0,2026-04-24 03:59:10,1.0000000000000000,0
850,0067,0,2026-04-24 03:59:10,0.5118799499791580,0
851,0213,0,2026-04-24 03:59:10,0.9324718632763651,0
852,0405,0,2026-04-24 03:59:10,0.0900375156315131,0
853,0464,0,2026-04-24 03:59:10,1.0000000000000000,1
854,0026,0,2026-04-24 03:59:20,1.0000000000000000,0
855,0067,0,2026-04-24 03:59:20,0.5118799499791580,0
856,0213,0,2026-04-24 03:59:20,0.9324718632763651,1
857,0405,0,2026-04-24 03:59:20,0.0900375156315131,0
858,0026,0,2026-04-24 03:59:30,1.0000000000000000,0
859,0067,0,2026-04-24 03:59:30,0.5118799499791580,0
860,0213,0,2026-04-24 03:59:30,0.9324718632763651,0
861,0405,0,2026-04-24 03:59:30,0.0900375156315131,0
862,0026,0,2026-04-24 03:59:40,1.0000000000000000,0
863,0067,0,2026-04-24 03:59:40,0.5118799499791580,0
864,0213,0,2026-04-24 03:59:40,0.9324718632763651,0
865,0026,0,2026-04-24 03:59:50,1.0000000000000000,0
866,0067,0,2026-04-24 03:59:50,0.5118799499791580,0
867,0213,0,2026-04-24 03:59:50,0.9324718632763651,0
868,0026,0,2026-04-24 04:00:00,1.0000000000000000,1
869,0067,0,2026-04-24 04:00:00,0.5118799499791580,0
870,0067,0,2026-04-24 04:00:10,0.5118799499791580,0
871,0067,0,2026-04-24 04:00:20,0.5118799499791580,0
872,0067,0,2026-04-24 04:00:30,0.5118799499791580,1
873,0079,0,2026-04-24 05:27:10,0.4447686536056690,1
874,0079,0,2026-04-24 05:27:20,0.4447686536056690,1
875,0079,0,2026-04-24 05:27:30,0.4447686536056690,0
876,0079,0,2026-04-24 05:27:40,0.4447686536056690,0
877,0079,0,2026-04-24 05:27:50,0.4447686536056690,0
878,0079,0,2026-04-24 05:28:00,0.4447686536056690,0
879,0079,0,2026-04-24 05:28:10,0.4447686536056690,0
880,0407,0,2026-04-24 05:28:10,0.0900375156315131,1
881,0079,0,2026-04-24 05:28:20,0.4447686536056690,0
882,0407,0,2026-04-24 05:28:20,0.0900375156315131,0
883,0079,0,2026-04-24 05:28:30,0.4447686536056690,0
884,0407,0,2026-04-24 05:28:30,0.0900375156315131,1
885,0407,0,2026-04-24 05:28:40,0.0900375156315131,0
886,0407,0,2026-04-24 05:28:50,0.0900375156315131,0
887,0407,0,2026-04-24 05:29:00,0.0900375156315131,0
888,0407,0,2026-04-24 05:29:10,0.0900375156315131,0
889,0220,0,2026-04-24 05:32:10,0.8261775739891621,0
890,0220,0,2026-04-24 05:32:20,0.8261775739891621,0
891,0220,0,2026-04-24 05:32:30,0.8261775739891621,0
892,0220,0,2026-04-24 05:32:40,0.8261775739891621,1
893,0220,0,2026-04-24 05:32:50,0.8261775739891621,0
894,0220,0,2026-04-24 05:33:00,0.8261775739891621,0
895,0179,0,2026-04-24 05:33:10,0.4447686536056690,0
896,0220,0,2026-04-24 05:33:10,0.8261775739891621,0
897,0363,0,2026-04-24 05:33:10,0.1759066277615673,0
898,0179,0,2026-04-24 05:33:20,0.4447686536056690,0
899,0220,0,2026-04-24 05:33:20,0.8261775739891621,0
900,0363,0,2026-04-24 05:33:20,0.1759066277615673,0
901,0179,0,2026-04-24 05:33:30,0.4447686536056690,0
902,0220,0,2026-04-24 05:33:30,0.8261775739891621,0
903,0363,0,2026-04-24 05:33:30,0.1759066277615673,0
904,0179,0,2026-04-24 05:33:40,0.4447686536056690,1
905,0363,0,2026-04-24 05:33:40,0.1759066277615673,0
906,0179,0,2026-04-24 05:33:50,0.4447686536056690,0
907,0363,0,2026-04-24 05:33:50,0.1759066277615673,1
908,0363,0,2026-04-24 05:34:00,0.1759066277615673,0
909,0363,0,2026-04-24 05:34:10,0.1759066277615673,0
910,0363,0,2026-04-24 05:34:20,0.1759066277615673,0
911,0363,0,2026-04-24 05:34:30,0.1759066277615673,0
912,0475,0,2026-04-24 05:34:30,0.5118799499791580,0
913,0475,0,2026-04-24 05:34:40,0.5118799499791580,1
914,0475,0,2026-04-24 05:34:50,0.5118799499791580,0
915,0475,0,2026-04-24 05:35:00,0.5118799499791580,0
916,0052,0,2026-04-24 05:35:10,0.6615256356815340,0
917,0475,0,2026-04-24 05:35:10,0.5118799499791580,0
918,0052,0,2026-04-24 05:35:20,0.6615256356815340,0
919,0475,0,2026-04-24 05:35:20,0.5118799499791580,0
920,0052,0,2026-04-24 05:35:30,0.6615256356815340,0
921,0475,0,2026-04-24 05:35:30,0.5118799499791580,0
922,0052,0,2026-04-24 05:35:40,0.6615256356815340,0
923,0475,0,2026-04-24 05:35:40,0.5118799499791580,0
924,0052,0,2026-04-24 05:35:50,0.6615256356815340,0
925,0052,0,2026-04-24 05:36:00,0.6615256356815340,1
926,0052,0,2026-04-24 05:36:10,0.6615256356815340,0
927,0052,0,2026-04-24 05:36:20,0.6615256356815340,0
928,0375,0,2026-04-24 05:36:20,1.0000000000000000,0
929,0052,0,2026-04-24 05:36:30,0.6615256356815340,0
930,0375,0,2026-04-24 05:36:30,1.0000000000000000,1
931,0375,0,2026-04-24 05:36:40,1.0000000000000000,0
932,0375,0,2026-04-24 05:36:50,1.0000000000000000,0
933,0375,0,2026-04-24 05:37:00,1.0000000000000000,0
934,0375,0,2026-04-24 05:37:10,1.0000000000000000,1
935,0375,0,2026-04-24 05:37:20,1.0000000000000000,0
936,0375,0,2026-04-24 05:37:30,1.0000000000000000,0
937,0375,0,2026-04-24 05:37:40,1.0000000000000000,0
938,0375,0,2026-04-24 05:37:50,1.0000000000000000,0
939,0375,0,2026-04-24 05:38:00,1.0000000000000000,0
940,0440,0,2026-04-24 07:06:00,0.3647353063776573,0
941,0466,0,2026-04-24 07:06:00,0.6615256356815340,1
942,0440,0,2026-04-24 07:06:10,0.3647353063776573,0
943,0466,0,2026-04-24 07:06:10,0.6615256356815340,0
944,0440,0,2026-04-24 07:06:20,0.3647353063776573,1
945,0466,0,2026-04-24 07:06:20,0.6615256356815340,0
946,0059,0,2026-04-24 07:06:30,0.8261775739891621,1
947,0193,0,2026-04-24 07:06:30,0.5118799499791580,0
948,0440,0,2026-04-24 07:06:30,0.3647353063776573,0
949,0466,0,2026-04-24 07:06:30,0.6615256356815340,0
950,0059,0,2026-04-24 07:06:40,0.8261775739891621,0
951,0193,0,2026-04-24 07:06:40,0.5118799499791580,0
952,0343,0,2026-04-24 07:06:40,0.1759066277615673,0
953,0440,0,2026-04-24 07:06:40,0.3647353063776573,0
954,0466,0,2026-04-24 07:06:40,0.6615256356815340,0
955,0059,0,2026-04-24 07:06:50,0.8261775739891621,0
956,0193,0,2026-04-24 07:06:50,0.5118799499791580,1
957,0343,0,2026-04-24 07:06:50,0.1759066277615673,0
958,0440,0,2026-04-24 07:06:50,0.3647353063776573,0
959,0466,0,2026-04-24 07:06:50,0.6615256356815340,0
960,0059,0,2026-04-24 07:07:00,0.8261775739891621,0
961,0193,0,2026-04-24 07:07:00,0.5118799499791580,0
962,0343,0,2026-04-24 07:07:00,0.1759066277615673,1
963,0440,0,2026-04-24 07:07:00,0.3647353063776573,0
964,0466,0,2026-04-24 07:07:00,0.6615256356815340,0
965,0059,0,2026-04-24 07:07:10,0.8261775739891621,0
966,0193,0,2026-04-24 07:07:10,0.5118799499791580,0
967,0343,0,2026-04-24 07:07:10,0.1759066277615673,1
968,0440,0,2026-04-24 07:07:10,0.3647353063776573,0
969,0466,0,2026-04-24 07:07:10,0.6615256356815340,0
970,0059,0,2026-04-24 07:07:20,0.8261775739891621,0
971,0135,0,2026-04-24 07:07:20,0.7248853689037099,0
972,0193,0,2026-04-24 07:07:20,0.5118799499791580,0
973,0343,0,2026-04-24 07:07:20,0.1759066277615673,0
974,0440,0,2026-04-24 07:07:20,0.3647353063776573,0
975,0059,0,2026-04-24 07:07:30,0.8261775739891621,0
976,0135,0,2026-04-24 07:07:30,0.7248853689037099,1
977,0193,0,2026-04-24 07:07:30,0.5118799499791580,0
978,0343,0,2026-04-24 07:07:30,0.1759066277615673,0
979,0440,0,2026-04-24 07:07:30,0.3647353063776573,0
980,0059,0,2026-04-24 07:07:40,0.8261775739891621,0
981,0135,0,2026-04-24 07:07:40,0.7248853689037099,0
982,0343,0,2026-04-24 07:07:40,0.1759066277615673,0
983,0440,0,2026-04-24 07:07:40,0.3647353063776573,0
984,0059,0,2026-04-24 07:07:50,0.8261775739891621,0
985,0135,0,2026-04-24 07:07:50,0.7248853689037099,0
986,0343,0,2026-04-24 07:07:50,0.1759066277615673,0
987,0408,0,2026-04-24 07:07:50,0.6615256356815340,1
988,0440,0,2026-04-24 07:07:50,0.3647353063776573,0
989,0059,0,2026-04-24 07:08:00,0.8261775739891621,0
990,0135,0,2026-04-24 07:08:00,0.7248853689037099,0
991,0343,0,2026-04-24 07:08:00,0.1759066277615673,0
992,0408,0,2026-04-24 07:08:00,0.6615256356815340,0
993,0059,0,2026-04-24 07:08:10,0.8261775739891621,0
994,0135,0,2026-04-24 07:08:10,0.7248853689037099,0
995,0343,0,2026-04-24 07:08:10,0.1759066277615673,0
996,0408,0,2026-04-24 07:08:10,0.6615256356815340,0
997,0135,0,2026-04-24 07:08:20,0.7248853689037099,0
998,0343,0,2026-04-24 07:08:20,0.1759066277615673,0
999,0408,0,2026-04-24 07:08:20,0.6615256356815340,0
1000,0135,0,2026-04-24 07:08:30,0.7248853689037099,0
1001,0408,0,2026-04-24 07:08:30,0.6615256356815340,0
1002,0135,0,2026-04-24 07:08:40,0.7248853689037099,0
1003,0408,0,2026-04-24 07:08:40,0.6615256356815340,0
1004,0135,0,2026-04-24 07:08:50,0.7248853689037099,0
1005,0408,0,2026-04-24 07:08:50,0.6615256356815340,0
1006,0135,0,2026-04-24 07:09:00,0.7248853689037099,0
1007,0408,0,2026-04-24 07:09:00,0.6615256356815340,0
1008,0095,0,2026-04-24 07:12:10,0.3647353063776573,0
1009,0095,0,2026-04-24 07:12:20,0.3647353063776573,0
1010,0095,0,2026-04-24 07:12:30,0.3647353063776573,0
1011,0095,0,2026-04-24 07:12:40,0.3647353063776573,0
1012,0095,0,2026-04-24 07:12:50,0.3647353063776573,0
1013,0095,0,2026-04-24 07:13:00,0.3647353063776573,0
1014,0095,0,2026-04-24 07:13:10,0.3647353063776573,1
1015,0095,0,2026-04-24 07:13:20,0.3647353063776573,0
1016,0095,0,2026-04-24 07:13:30,0.3647353063776573,0
1017,0095,0,2026-04-24 07:13:40,0.3647353063776573,0
1018,0095,0,2026-04-24 07:13:50,0.3647353063776573,0
1019,0060,0,2026-04-24 07:15:20,0.3647353063776573,1
1020,0347,0,2026-04-24 07:15:20,0.3005418924551896,0
1021,0060,0,2026-04-24 07:15:30,0.3647353063776573,0
1022,0347,0,2026-04-24 07:15:30,0.3005418924551896,1
1023,0060,0,2026-04-24 07:15:40,0.3647353063776573,0
1024,0347,0,2026-04-24 07:15:40,0.3005418924551896,0
1025,0060,0,2026-04-24 07:15:50,0.3647353063776573,0
1026,0347,0,2026-04-24 07:15:50,0.3005418924551896,0
1027,0060,0,2026-04-24 07:16:00,0.3647353063776573,0
1028,0347,0,2026-04-24 07:16:00,0.3005418924551896,0
1029,0467,0,2026-04-24 07:16:00,0.6044185077115465,0
1030,0060,0,2026-04-24 07:16:10,0.3647353063776573,0
1031,0347,0,2026-04-24 07:16:10,0.3005418924551896,0
1032,0467,0,2026-04-24 07:16:10,0.6044185077115465,1
1033,0060,0,2026-04-24 07:16:20,0.3647353063776573,0
1034,0467,0,2026-04-24 07:16:20,0.6044185077115465,1
1035,0467,0,2026-04-24 07:16:30,0.6044185077115465,0
1036,002,0,2026-04-24 07:17:30,0.2363484785327220,0
1037,0014,0,2026-04-24 07:17:30,0.7248853689037099,0
1038,0015,0,2026-04-24 07:17:30,0.6044185077115465,0
1039,0022,0,2026-04-24 07:17:30,0.9324718632763651,0
1040,0024,0,2026-04-24 07:17:30,0.3005418924551896,0
1041,0032,0,2026-04-24 07:17:30,0.3647353063776573,0
1042,0041,0,2026-04-24 07:17:30,0.6044185077115465,0
1043,0053,0,2026-04-24 07:17:30,0.9324718632763651,0
1044,0071,0,2026-04-24 07:17:30,0.8261775739891621,0
1045,0083,0,2026-04-24 07:17:30,0.5118799499791580,0
1046,0089,0,2026-04-24 07:17:30,0.2363484785327220,0
1047,0099,0,2026-04-24 07:17:30,1.0000000000000000,1
1048,0121,0,2026-04-24 07:17:30,0.8261775739891621,0
1049,0126,0,2026-04-24 07:17:30,0.9324718632763651,0
1050,0140,0,2026-04-24 07:17:30,0.8261775739891621,0
1051,0141,0,2026-04-24 07:17:30,1.0000000000000000,0
1052,0150,0,2026-04-24 07:17:30,0.2363484785327220,0
1053,0163,0,2026-04-24 07:17:30,0.9324718632763651,0
1054,0176,0,2026-04-24 07:17:30,0.8261775739891621,0
1055,0208,0,2026-04-24 07:17:30,0.6044185077115465,0
1056,0235,0,2026-04-24 07:17:30,0.6615256356815340,0
1057,0244,0,2026-04-24 07:17:30,0.0900375156315131,0
1058,0246,0,2026-04-24 07:17:30,0.1759066277615673,0
1059,0252,0,2026-04-24 07:17:30,0.2363484785327220,0
1060,0290,0,2026-04-24 07:17:30,0.9324718632763651,0
1061,0294,0,2026-04-24 07:17:30,0.8261775739891621,0
1062,0296,0,2026-04-24 07:17:30,0.0900375156315131,0
1063,0301,0,2026-04-24 07:17:30,0.3005418924551896,0
1064,0309,0,2026-04-24 07:17:30,0.6615256356815340,0
1065,0325,0,2026-04-24 07:17:30,0.1759066277615673,0
1066,0331,0,2026-04-24 07:17:30,0.7248853689037099,0
1067,0356,0,2026-04-24 07:17:30,0.6044185077115465,0
1068,0358,0,2026-04-24 07:17:30,0.1759066277615673,0
1069,0372,0,2026-04-24 07:17:30,0.0900375156315131,0
1070,0392,0,2026-04-24 07:17:30,0.3005418924551896,0
1071,0395,0,2026-04-24 07:17:30,0.1759066277615673,0
1072,0402,0,2026-04-24 07:17:30,0.4447686536056690,0
1073,0417,0,2026-04-24 07:17:30,0.6044185077115465,0
1074,0435,0,2026-04-24 07:17:30,0.9324718632763651,0
1075,0436,0,2026-04-24 07:17:30,0.4447686536056690,0
1076,0452,0,2026-04-24 07:17:30,0.9324718632763651,0
1077,0471,0,2026-04-24 07:17:30,0.6615256356815340,0
1078,0472,0,2026-04-24 07:17:30,0.0900375156315131,0
1079,0476,0,2026-04-24 07:17:30,0.9324718632763651,0
1080,0487,0,2026-04-24 07:17:30,0.9324718632763651,0
1081,002,0,2026-04-24 07:17:40,0.2363484785327220,0
1082,0014,0,2026-04-24 07:17:40,0.7248853689037099,0
1083,0015,0,2026-04-24 07:17:40,0.6044185077115465,0
1084,0020,0,2026-04-24 07:17:40,0.6044185077115465,0
1085,0022,0,2026-04-24 07:17:40,0.9324718632763651,0
1086,0024,0,2026-04-24 07:17:40,0.3005418924551896,0
1087,0032,0,2026-04-24 07:17:40,0.3647353063776573,0
1088,0041,0,2026-04-24 07:17:40,0.6044185077115465,0
1089,0053,0,2026-04-24 07:17:40,0.9324718632763651,1
1090,0070,0,2026-04-24 07:17:40,0.6044185077115465,0
1091,0071,0,2026-04-24 07:17:40,0.8261775739891621,0
1092,0083,0,2026-04-24 07:17:40,0.5118799499791580,0
1093,0085,0,2026-04-24 07:17:40,0.0900375156315131,0
1094,0089,0,2026-04-24 07:17:40,0.2363484785327220,0
1095,0099,0,2026-04-24 07:17:40,1.0000000000000000,0
1096,0113,0,2026-04-24 07:17:40,0.8261775739891621,0
1097,0115,0,2026-04-24 07:17:40,0.7248853689037099,0
1098,0121,0,2026-04-24 07:17:40,0.8261775739891621,0
1099,0126,0,2026-04-24 07:17:40,0.9324718632763651,0
1100,0140,0,2026-04-24 07:17:40,0.8261775739891621,0
1101,0141,0,2026-04-24 07:17:40,1.0000000000000000,0
1102,0150,0,2026-04-24 07:17:40,0.2363484785327220,0
1103,0163,0,2026-04-24 07:17:40,0.9324718632763651,0
1104,0176,0,2026-04-24 07:17:40,0.8261775739891621,0
1105,0181,0,2026-04-24 07:17:40,0.7248853689037099,0
1106,0183,0,2026-04-24 07:17:40,0.9324718632763651,0
1107,0187,0,2026-04-24 07:17:40,0.0900375156315131,0
1108,0205,0,2026-04-24 07:17:40,0.7248853689037099,0
1109,0208,0,2026-04-24 07:17:40,0.6044185077115465,0
1110,0221,0,2026-04-24 07:17:40,0.8261775739891621,0
1111,0226,0,2026-04-24 07:17:40,0.6615256356815340,0
1112,0232,0,2026-04-24 07:17:40,0.9324718632763651,0
1113,0235,0,2026-04-24 07:17:40,0.6615256356815340,0
1114,0243,0,2026-04-24 07:17:40,0.0900375156315131,0
1115,0244,0,2026-04-24 07:17:40,0.0900375156315131,0
1116,0246,0,2026-04-24 07:17:40,0.1759066277615673,0
1117,0252,0,2026-04-24 07:17:40,0.2363484785327220,0
1118,0255,0,2026-04-24 07:17:40,0.6615256356815340,0
1119,0290,0,2026-04-24 07:17:40,0.9324718632763651,0
1120,0294,0,2026-04-24 07:17:40,0.8261775739891621,0
1121,0295,0,2026-04-24 07:17:40,0.7248853689037099,0
1122,0296,0,2026-04-24 07:17:40,0.0900375156315131,0
1123,0301,0,2026-04-24 07:17:40,0.3005418924551896,0
1124,0303,0,2026-04-24 07:17:40,0.3647353063776573,0
1125,0307,0,2026-04-24 07:17:40,0.8261775739891621,0
1126,0309,0,2026-04-24 07:17:40,0.6615256356815340,0
1127,0325,0,2026-04-24 07:17:40,0.1759066277615673,0
1128,0331,0,2026-04-24 07:17:40,0.7248853689037099,0
1129,0356,0,2026-04-24 07:17:40,0.6044185077115465,0
1130,0358,0,2026-04-24 07:17:40,0.1759066277615673,0
1131,0371,0,2026-04-24 07:17:40,0.7248853689037099,0
1132,0372,0,2026-04-24 07:17:40,0.0900375156315131,0
1133,0383,0,2026-04-24 07:17:40,0.6615256356815340,0
1134,0386,0,2026-04-24 07:17:40,0.4447686536056690,0
1135,0392,0,2026-04-24 07:17:40,0.3005418924551896,0
1136,0395,0,2026-04-24 07:17:40,0.1759066277615673,0
1137,0402,0,2026-04-24 07:17:40,0.4447686536056690,0
1138,0417,0,2026-04-24 07:17:40,0.6044185077115465,0
1139,0430,0,2026-04-24 07:17:40,0.5118799499791580,0
1140,0431,0,2026-04-24 07:17:40,0.1759066277615673,0
1141,0435,0,2026-04-24 07:17:40,0.9324718632763651,0
1142,0436,0,2026-04-24 07:17:40,0.4447686536056690,0
1143,0452,0,2026-04-24 07:17:40,0.9324718632763651,0
1144,0459,0,2026-04-24 07:17:40,1.0000000000000000,0
1145,0469,0,2026-04-24 07:17:40,0.1759066277615673,0
1146,0471,0,2026-04-24 07:17:40,0.6615256356815340,0
1147,0472,0,2026-04-24 07:17:40,0.0900375156315131,0
1148,0476,0,2026-04-24 07:17:40,0.9324718632763651,0
1149,0480,0,2026-04-24 07:17:40,0.1759066277615673,0
1150,0487,0,2026-04-24 07:17:40,0.9324718632763651,0
1151,001,0,2026-04-24 07:17:50,0.6615256356815340,0
1152,002,0,2026-04-24 07:17:50,0.2363484785327220,0
1153,0011,0,2026-04-24 07:17:50,0.0900375156315131,0
1154,0013,0,2026-04-24 07:17:50,1.0000000000000000,1
1155,0014,0,2026-04-24 07:17:50,0.7248853689037099,0
1156,0015,0,2026-04-24 07:17:50,0.6044185077115465,0
1157,0020,0,2026-04-24 07:17:50,0.6044185077115465,0
1158,0022,0,2026-04-24 07:17:50,0.9324718632763651,0
1159,0024,0,2026-04-24 07:17:50,0.3005418924551896,0
1160,0027,0,2026-04-24 07:17:50,0.8261775739891621,0
1161,0029,0,2026-04-24 07:17:50,0.2363484785327220,0
1162,0032,0,2026-04-24 07:17:50,0.3647353063776573,0
1163,0036,0,2026-04-24 07:17:50,0.2363484785327220,0
1164,0041,0,2026-04-24 07:17:50,0.6044185077115465,0
1165,0051,0,2026-04-24 07:17:50,1.0000000000000000,0
1166,0053,0,2026-04-24 07:17:50,0.9324718632763651,0
1167,0061,0,2026-04-24 07:17:50,0.9324718632763651,0
1168,0068,0,2026-04-24 07:17:50,0.6044185077115465,0
1169,0070,0,2026-04-24 07:17:50,0.6044185077115465,0
1170,0071,0,2026-04-24 07:17:50,0.8261775739891621,0
1171,0081,0,2026-04-24 07:17:50,0.0900375156315131,0
1172,0083,0,2026-04-24 07:17:50,0.5118799499791580,0
1173,0085,0,2026-04-24 07:17:50,0.0900375156315131,0
1174,0089,0,2026-04-24 07:17:50,0.2363484785327220,0
1175,0094,0,2026-04-24 07:17:50,0.3647353063776573,0
1176,0099,0,2026-04-24 07:17:50,1.0000000000000000,0
1177,0101,0,2026-04-24 07:17:50,0.1759066277615673,0
1178,0102,0,2026-04-24 07:17:50,0.4447686536056690,0
1179,0113,0,2026-04-24 07:17:50,0.8261775739891621,0
1180,0115,0,2026-04-24 07:17:50,0.7248853689037099,0
1181,0120,0,2026-04-24 07:17:50,0.5118799499791580,0
1182,0121,0,2026-04-24 07:17:50,0.8261775739891621,0
1183,0122,0,2026-04-24 07:17:50,0.3005418924551896,0
1184,0123,0,2026-04-24 07:17:50,0.7248853689037099,0
1185,0125,0,2026-04-24 07:17:50,1.0000000000000000,0
1186,0126,0,2026-04-24 07:17:50,0.9324718632763651,0
1187,0140,0,2026-04-24 07:17:50,0.8261775739891621,0
1188,0141,0,2026-04-24 07:17:50,1.0000000000000000,0
1189,0142,0,2026-04-24 07:17:50,0.5118799499791580,0
1190,0146,0,2026-04-24 07:17:50,0.7248853689037099,0
1191,0150,0,2026-04-24 07:17:50,0.2363484785327220,0
1192,0154,0,2026-04-24 07:17:50,0.0900375156315131,0
1193,0163,0,2026-04-24 07:17:50,0.9324718632763651,0
1194,0168,0,2026-04-24 07:17:50,0.6044185077115465,0
1195,0169,0,2026-04-24 07:17:50,0.6044185077115465,0
1196,0175,0,2026-04-24 07:17:50,0.2363484785327220,0
1197,0176,0,2026-04-24 07:17:50,0.8261775739891621,0
1198,0181,0,2026-04-24 07:17:50,0.7248853689037099,0
1199,0183,0,2026-04-24 07:17:50,0.9324718632763651,0
1200,0187,0,2026-04-24 07:17:50,0.0900375156315131,0
1201,0195,0,2026-04-24 07:17:50,0.3005418924551896,0
1202,0200,0,2026-04-24 07:17:50,0.0900375156315131,0
1203,0205,0,2026-04-24 07:17:50,0.7248853689037099,0
1204,0208,0,2026-04-24 07:17:50,0.6044185077115465,0
1205,0209,0,2026-04-24 07:17:50,0.8261775739891621,0
1206,0215,0,2026-04-24 07:17:50,0.9324718632763651,0
1207,0218,0,2026-04-24 07:17:50,0.4447686536056690,0
1208,0221,0,2026-04-24 07:17:50,0.8261775739891621,0
1209,0225,0,2026-04-24 07:17:50,0.8261775739891621,0
1210,0226,0,2026-04-24 07:17:50,0.6615256356815340,0
1211,0232,0,2026-04-24 07:17:50,0.9324718632763651,0
1212,0235,0,2026-04-24 07:17:50,0.6615256356815340,0
1213,0243,0,2026-04-24 07:17:50,0.0900375156315131,0
1214,0244,0,2026-04-24 07:17:50,0.0900375156315131,0
1215,0245,0,2026-04-24 07:17:50,1.0000000000000000,0
1216,0246,0,2026-04-24 07:17:50,0.1759066277615673,0
1217,0250,0,2026-04-24 07:17:50,0.3005418924551896,0
1218,0252,0,2026-04-24 07:17:50,0.2363484785327220,0
1219,0255,0,2026-04-24 07:17:50,0.6615256356815340,0
1220,0256,0,2026-04-24 07:17:50,0.3005418924551896,0
1221,0260,0,2026-04-24 07:17:50,1.0000000000000000,0
1222,0273,0,2026-04-24 07:17:50,0.0900375156315131,0
1223,0275,0,2026-04-24 07:17:50,0.5118799499791580,0
1224,0289,0,2026-04-24 07:17:50,0.0900375156315131,0
1225,0290,0,2026-04-24 07:17:50,0.9324718632763651,0
1226,0294,0,2026-04-24 07:17:50,0.8261775739891621,0
1227,0295,0,2026-04-24 07:17:50,0.7248853689037099,0
1228,0296,0,2026-04-24 07:17:50,0.0900375156315131,0
1229,0298,0,2026-04-24 07:17:50,0.4447686536056690,0
1230,0301,0,2026-04-24 07:17:50,0.3005418924551896,0
1231,0303,0,2026-04-24 07:17:50,0.3647353063776573,0
1232,0304,0,2026-04-24 07:17:50,0.6615256356815340,0
1233,0307,0,2026-04-24 07:17:50,0.8261775739891621,0
1234,0309,0,2026-04-24 07:17:50,0.6615256356815340,0
1235,0316,0,2026-04-24 07:17:50,0.5118799499791580,0
1236,0318,0,2026-04-24 07:17:50,0.6044185077115465,0
1237,0322,0,2026-04-24 07:17:50,0.2363484785327220,0
1238,0325,0,2026-04-24 07:17:50,0.1759066277615673,0
1239,0331,0,2026-04-24 07:17:50,0.7248853689037099,0
1240,0356,0,2026-04-24 07:17:50,0.6044185077115465,0
1241,0358,0,2026-04-24 07:17:50,0.1759066277615673,0
1242,0367,0,2026-04-24 07:17:50,0.7248853689037099,0
1243,0370,0,2026-04-24 07:17:50,1.0000000000000000,0
1244,0371,0,2026-04-24 07:17:50,0.7248853689037099,0
1245,0372,0,2026-04-24 07:17:50,0.0900375156315131,0
1246,0377,0,2026-04-24 07:17:50,0.9324718632763651,0
1247,0379,0,2026-04-24 07:17:50,0.1759066277615673,0
1248,0383,0,2026-04-24 07:17:50,0.6615256356815340,0
1249,0386,0,2026-04-24 07:17:50,0.4447686536056690,0
1250,0390,0,2026-04-24 07:17:50,0.5118799499791580,0
1251,0392,0,2026-04-24 07:17:50,0.3005418924551896,0
1252,0395,0,2026-04-24 07:17:50,0.1759066277615673,0
1253,0397,0,2026-04-24 07:17:50,1.0000000000000000,0
1254,0398,0,2026-04-24 07:17:50,0.8261775739891621,0
1255,0401,0,2026-04-24 07:17:50,0.2363484785327220,0
1256,0402,0,2026-04-24 07:17:50,0.4447686536056690,0
1257,0415,0,2026-04-24 07:17:50,0.9324718632763651,0
1258,0416,0,2026-04-24 07:17:50,0.1759066277615673,0
1259,0417,0,2026-04-24 07:17:50,0.6044185077115465,0
1260,0418,0,2026-04-24 07:17:50,0.3647353063776573,0
1261,0419,0,2026-04-24 07:17:50,0.5118799499791580,0
1262,0424,0,2026-04-24 07:17:50,0.5118799499791580,0
1263,0426,0,2026-04-24 07:17:50,0.0900375156315131,0
1264,0430,0,2026-04-24 07:17:50,0.5118799499791580,0
1265,0431,0,2026-04-24 07:17:50,0.1759066277615673,0
1266,0433,0,2026-04-24 07:17:50,0.9324718632763651,0
1267,0435,0,2026-04-24 07:17:50,0.9324718632763651,0
1268,0436,0,2026-04-24 07:17:50,0.4447686536056690,0
1269,0444,0,2026-04-24 07:17:50,0.5118799499791580,0
1270,0446,0,2026-04-24 07:17:50,1.0000000000000000,0
1271,0452,0,2026-04-24 07:17:50,0.9324718632763651,0
1272,0457,0,2026-04-24 07:17:50,0.3647353063776573,0
1273,0459,0,2026-04-24 07:17:50,1.0000000000000000,0
1274,0462,0,2026-04-24 07:17:50,0.9324718632763651,0
1275,0465,0,2026-04-24 07:17:50,0.8261775739891621,0
1276,0469,0,2026-04-24 07:17:50,0.1759066277615673,0
1277,0471,0,2026-04-24 07:17:50,0.6615256356815340,0
1278,0472,0,2026-04-24 07:17:50,0.0900375156315131,0
1279,0476,0,2026-04-24 07:17:50,0.9324718632763651,0
1280,0479,0,2026-04-24 07:17:50,0.3647353063776573,0
1281,0480,0,2026-04-24 07:17:50,0.1759066277615673,0
1282,0487,0,2026-04-24 07:17:50,0.9324718632763651,0
1283,0489,0,2026-04-24 07:17:50,0.7248853689037099,0
1284,0498,0,2026-04-24 07:17:50,1.0000000000000000,0
1285,0499,0,2026-04-24 07:17:50,0.3005418924551896,0
1286,001,0,2026-04-24 07:18:00,0.6615256356815340,0
1287,002,0,2026-04-24 07:18:00,0.2363484785327220,0
1288,0011,0,2026-04-24 07:18:00,0.0900375156315131,0
1289,0013,0,2026-04-24 07:18:00,1.0000000000000000,0
1290,0014,0,2026-04-24 07:18:00,0.7248853689037099,0
1291,0015,0,2026-04-24 07:18:00,0.6044185077115465,0
1292,0020,0,2026-04-24 07:18:00,0.6044185077115465,0
1293,0022,0,2026-04-24 07:18:00,0.9324718632763651,0
1294,0024,0,2026-04-24 07:18:00,0.3005418924551896,0
1295,0027,0,2026-04-24 07:18:00,0.8261775739891621,0
1296,0029,0,2026-04-24 07:18:00,0.2363484785327220,0
1297,0032,0,2026-04-24 07:18:00,0.3647353063776573,0
1298,0036,0,2026-04-24 07:18:00,0.2363484785327220,0
1299,0041,0,2026-04-24 07:18:00,0.6044185077115465,0
1300,0051,0,2026-04-24 07:18:00,1.0000000000000000,1
1301,0053,0,2026-04-24 07:18:00,0.9324718632763651,0
1302,0061,0,2026-04-24 07:18:00,0.9324718632763651,0
1303,0068,0,2026-04-24 07:18:00,0.6044185077115465,0
1304,0070,0,2026-04-24 07:18:00,0.6044185077115465,0
1305,0071,0,2026-04-24 07:18:00,0.8261775739891621,0
1306,0081,0,2026-04-24 07:18:00,0.0900375156315131,0
1307,0083,0,2026-04-24 07:18:00,0.5118799499791580,0
1308,0085,0,2026-04-24 07:18:00,0.0900375156315131,0
1309,0089,0,2026-04-24 07:18:00,0.2363484785327220,0
1310,0094,0,2026-04-24 07:18:00,0.3647353063776573,0
1311,0099,0,2026-04-24 07:18:00,1.0000000000000000,0
1312,0101,0,2026-04-24 07:18:00,0.1759066277615673,0
1313,0102,0,2026-04-24 07:18:00,0.4447686536056690,0
1314,0113,0,2026-04-24 07:18:00,0.8261775739891621,0
1315,0115,0,2026-04-24 07:18:00,0.7248853689037099,0
1316,0120,0,2026-04-24 07:18:00,0.5118799499791580,0
1317,0121,0,2026-04-24 07:18:00,0.8261775739891621,0
1318,0121,0,2026-04-24 07:18:00,0.8261775739891621,0
1319,0122,0,2026-04-24 07:18:00,0.3005418924551896,0
1320,0123,0,2026-04-24 07:18:00,0.7248853689037099,0
1321,0125,0,2026-04-24 07:18:00,1.0000000000000000,0
1322,0126,0,2026-04-24 07:18:00,0.9324718632763651,0
1323,0140,0,2026-04-24 07:18:00,0.8261775739891621,0
1324,0141,0,2026-04-24 07:18:00,1.0000000000000000,0
1325,0141,0,2026-04-24 07:18:00,1.0000000000000000,0
1326,0142,0,2026-04-24 07:18:00,0.5118799499791580,0
1327,0146,0,2026-04-24 07:18:00,0.7248853689037099,0
1328,0150,0,2026-04-24 07:18:00,0.2363484785327220,0
1329,0154,0,2026-04-24 07:18:00,0.0900375156315131,0
1330,0163,0,2026-04-24 07:18:00,0.9324718632763651,0
1331,0168,0,2026-04-24 07:18:00,0.6044185077115465,0
1332,0169,0,2026-04-24 07:18:00,0.6044185077115465,0
1333,0175,0,2026-04-24 07:18:00,0.2363484785327220,0
1334,0176,0,2026-04-24 07:18:00,0.8261775739891621,0
1335,0181,0,2026-04-24 07:18:00,0.7248853689037099,0
1336,0183,0,2026-04-24 07:18:00,0.9324718632763651,0
1337,0187,0,2026-04-24 07:18:00,0.0900375156315131,0
1338,0195,0,2026-04-24 07:18:00,0.3005418924551896,0
1339,0200,0,2026-04-24 07:18:00,0.0900375156315131,0
1340,0205,0,2026-04-24 07:18:00,0.7248853689037099,0
1341,0208,0,2026-04-24 07:18:00,0.6044185077115465,0
1342,0209,0,2026-04-24 07:18:00,0.8261775739891621,0
1343,0215,0,2026-04-24 07:18:00,0.9324718632763651,0
1344,0218,0,2026-04-24 07:18:00,0.4447686536056690,0
1345,0221,0,2026-04-24 07:18:00,0.8261775739891621,0
1346,0225,0,2026-04-24 07:18:00,0.8261775739891621,0
1347,0226,0,2026-04-24 07:18:00,0.6615256356815340,0
1348,0232,0,2026-04-24 07:18:00,0.9324718632763651,0
1349,0235,0,2026-04-24 07:18:00,0.6615256356815340,0
1350,0243,0,2026-04-24 07:18:00,0.0900375156315131,0
1351,0244,0,2026-04-24 07:18:00,0.0900375156315131,0
1352,0245,0,2026-04-24 07:18:00,1.0000000000000000,0
1353,0246,0,2026-04-24 07:18:00,0.1759066277615673,0
1354,0250,0,2026-04-24 07:18:00,0.3005418924551896,0
1355,0252,0,2026-04-24 07:18:00,0.2363484785327220,0
1356,0255,0,2026-04-24 07:18:00,0.6615256356815340,0
1357,0256,0,2026-04-24 07:18:00,0.3005418924551896,0
1358,0260,0,2026-04-24 07:18:00,1.0000000000000000,0
1359,0273,0,2026-04-24 07:18:00,0.0900375156315131,0
1360,0275,0,2026-04-24 07:18:00,0.5118799499791580,0
1361,0289,0,2026-04-24 07:18:00,0.0900375156315131,0
1362,0290,0,2026-04-24 07:18:00,0.9324718632763651,0
1363,0294,0,2026-04-24 07:18:00,0.8261775739891621,0
1364,0295,0,2026-04-24 07:18:00,0.7248853689037099,0
1365,0296,0,2026-04-24 07:18:00,0.0900375156315131,0
1366,0298,0,2026-04-24 07:18:00,0.4447686536056690,0
1367,0301,0,2026-04-24 07:18:00,0.3005418924551896,0
1368,0303,0,2026-04-24 07:18:00,0.3647353063776573,0
1369,0304,0,2026-04-24 07:18:00,0.6615256356815340,0
1370,0307,0,2026-04-24 07:18:00,0.8261775739891621,0
1371,0309,0,2026-04-24 07:18:00,0.6615256356815340,0
1372,0316,0,2026-04-24 07:18:00,0.5118799499791580,0
1373,0318,0,2026-04-24 07:18:00,0.6044185077115465,0
1374,0322,0,2026-04-24 07:18:00,0.2363484785327220,0
1375,0325,0,2026-04-24 07:18:00,0.1759066277615673,0
1376,0331,0,2026-04-24 07:18:00,0.7248853689037099,0
1377,0331,0,2026-04-24 07:18:00,0.7248853689037099,0
1378,0356,0,2026-04-24 07:18:00,0.6044185077115465,0
1379,0358,0,2026-04-24 07:18:00,0.1759066277615673,0
1380,0367,0,2026-04-24 07:18:00,0.7248853689037099,0
1381,0370,0,2026-04-24 07:18:00,1.0000000000000000,0
1382,0371,0,2026-04-24 07:18:00,0.7248853689037099,0
1383,0372,0,2026-04-24 07:18:00,0.0900375156315131,0
1384,0377,0,2026-04-24 07:18:00,0.9324718632763651,0
1385,0379,0,2026-04-24 07:18:00,0.1759066277615673,0
1386,0383,0,2026-04-24 07:18:00,0.6615256356815340,0
1387,0386,0,2026-04-24 07:18:00,0.4447686536056690,0
1388,0390,0,2026-04-24 07:18:00,0.5118799499791580,0
1389,0392,0,2026-04-24 07:18:00,0.3005418924551896,0
1390,0395,0,2026-04-24 07:18:00,0.1759066277615673,0
1391,0397,0,2026-04-24 07:18:00,1.0000000000000000,0
1392,0398,0,2026-04-24 07:18:00,0.8261775739891621,0
1393,0401,0,2026-04-24 07:18:00,0.2363484785327220,0
1394,0402,0,2026-04-24 07:18:00,0.4447686536056690,0
1395,0415,0,2026-04-24 07:18:00,0.9324718632763651,0
1396,0416,0,2026-04-24 07:18:00,0.1759066277615673,0
1397,0417,0,2026-04-24 07:18:00,0.6044185077115465,0
1398,0418,0,2026-04-24 07:18:00,0.3647353063776573,0
1399,0419,0,2026-04-24 07:18:00,0.5118799499791580,0
1400,0424,0,2026-04-24 07:18:00,0.5118799499791580,0
1401,0426,0,2026-04-24 07:18:00,0.0900375156315131,0
1402,0430,0,2026-04-24 07:18:00,0.5118799499791580,0
1403,0431,0,2026-04-24 07:18:00,0.1759066277615673,0
1404,0433,0,2026-04-24 07:18:00,0.9324718632763651,0
1405,0435,0,2026-04-24 07:18:00,0.9324718632763651,0
1406,0436,0,2026-04-24 07:18:00,0.4447686536056690,0
1407,0444,0,2026-04-24 07:18:00,0.5118799499791580,0
1408,0446,0,2026-04-24 07:18:00,1.0000000000000000,0
1409,0452,0,2026-04-24 07:18:00,0.9324718632763651,0
1410,0452,0,2026-04-24 07:18:00,0.9324718632763651,0
1411,0457,0,2026-04-24 07:18:00,0.3647353063776573,0
1412,0459,0,2026-04-24 07:18:00,1.0000000000000000,0
1413,0462,0,2026-04-24 07:18:00,0.9324718632763651,0
1414,0465,0,2026-04-24 07:18:00,0.8261775739891621,0
1415,0469,0,2026-04-24 07:18:00,0.1759066277615673,0
1416,0471,0,2026-04-24 07:18:00,0.6615256356815340,0
1417,0472,0,2026-04-24 07:18:00,0.0900375156315131,0
1418,0476,0,2026-04-24 07:18:00,0.9324718632763651,0
1419,0479,0,2026-04-24 07:18:00,0.3647353063776573,0
1420,0480,0,2026-04-24 07:18:00,0.1759066277615673,0
1421,0487,0,2026-04-24 07:18:00,0.9324718632763651,0
1422,0489,0,2026-04-24 07:18:00,0.7248853689037099,0
1423,0498,0,2026-04-24 07:18:00,1.0000000000000000,0
1424,0499,0,2026-04-24 07:18:00,0.3005418924551896,0
1425,001,0,2026-04-24 07:18:10,0.6615256356815340,0
1426,002,0,2026-04-24 07:18:10,0.2363484785327220,0
1427,0011,0,2026-04-24 07:18:10,0.0900375156315131,0
1428,0013,0,2026-04-24 07:18:10,1.0000000000000000,0
1429,0014,0,2026-04-24 07:18:10,0.7248853689037099,0
1430,0015,0,2026-04-24 07:18:10,0.6044185077115465,0
1431,0020,0,2026-04-24 07:18:10,0.6044185077115465,0
1432,0022,0,2026-04-24 07:18:10,0.9324718632763651,0
1433,0024,0,2026-04-24 07:18:10,0.3005418924551896,0
1434,0027,0,2026-04-24 07:18:10,0.8261775739891621,0
1435,0029,0,2026-04-24 07:18:10,0.2363484785327220,0
1436,0032,0,2026-04-24 07:18:10,0.3647353063776573,0
1437,0036,0,2026-04-24 07:18:10,0.2363484785327220,0
1438,0041,0,2026-04-24 07:18:10,0.6044185077115465,0
1439,0051,0,2026-04-24 07:18:10,1.0000000000000000,0
1440,0053,0,2026-04-24 07:18:10,0.9324718632763651,0
1441,0061,0,2026-04-24 07:18:10,0.9324718632763651,0
1442,0068,0,2026-04-24 07:18:10,0.6044185077115465,0
1443,0070,0,2026-04-24 07:18:10,0.6044185077115465,0
1444,0071,0,2026-04-24 07:18:10,0.8261775739891621,0
1445,0081,0,2026-04-24 07:18:10,0.0900375156315131,0
1446,0083,0,2026-04-24 07:18:10,0.5118799499791580,0
1447,0085,0,2026-04-24 07:18:10,0.0900375156315131,0
1448,0089,0,2026-04-24 07:18:10,0.2363484785327220,0
1449,0094,0,2026-04-24 07:18:10,0.3647353063776573,0
1450,0099,0,2026-04-24 07:18:10,1.0000000000000000,0
1451,0101,0,2026-04-24 07:18:10,0.1759066277615673,0
1452,0102,0,2026-04-24 07:18:10,0.4447686536056690,0
1453,0113,0,2026-04-24 07:18:10,0.8261775739891621,0
1454,0113,0,2026-04-24 07:18:10,0.8261775739891621,0
1455,0115,0,2026-04-24 07:18:10,0.7248853689037099,0
1456,0120,0,2026-04-24 07:18:10,0.5118799499791580,0
1457,0121,0,2026-04-24 07:18:10,0.8261775739891621,0
1458,0121,0,2026-04-24 07:18:10,0.8261775739891621,0
1459,0122,0,2026-04-24 07:18:10,0.3005418924551896,0
1460,0123,0,2026-04-24 07:18:10,0.7248853689037099,0
1461,0125,0,2026-04-24 07:18:10,1.0000000000000000,1
1462,0126,0,2026-04-24 07:18:10,0.9324718632763651,0
1463,0140,0,2026-04-24 07:18:10,0.8261775739891621,0
1464,0141,0,2026-04-24 07:18:10,1.0000000000000000,0
1465,0141,0,2026-04-24 07:18:10,1.0000000000000000,0
1466,0142,0,2026-04-24 07:18:10,0.5118799499791580,0
1467,0146,0,2026-04-24 07:18:10,0.7248853689037099,0
1468,0150,0,2026-04-24 07:18:10,0.2363484785327220,0
1469,0154,0,2026-04-24 07:18:10,0.0900375156315131,0
1470,0163,0,2026-04-24 07:18:10,0.9324718632763651,0
1471,0168,0,2026-04-24 07:18:10,0.6044185077115465,0
1472,0169,0,2026-04-24 07:18:10,0.6044185077115465,0
1473,0175,0,2026-04-24 07:18:10,0.2363484785327220,0
1474,0176,0,2026-04-24 07:18:10,0.8261775739891621,0
1475,0181,0,2026-04-24 07:18:10,0.7248853689037099,0
1476,0183,0,2026-04-24 07:18:10,0.9324718632763651,0
1477,0187,0,2026-04-24 07:18:10,0.0900375156315131,0
1478,0195,0,2026-04-24 07:18:10,0.3005418924551896,0
1479,0200,0,2026-04-24 07:18:10,0.0900375156315131,0
1480,0205,0,2026-04-24 07:18:10,0.7248853689037099,0
1481,0208,0,2026-04-24 07:18:10,0.6044185077115465,0
1482,0209,0,2026-04-24 07:18:10,0.8261775739891621,0
1483,0215,0,2026-04-24 07:18:10,0.9324718632763651,0
1484,0218,0,2026-04-24 07:18:10,0.4447686536056690,0
1485,0221,0,2026-04-24 07:18:10,0.8261775739891621,0
1486,0225,0,2026-04-24 07:18:10,0.8261775739891621,0
1487,0226,0,2026-04-24 07:18:10,0.6615256356815340,0
1488,0232,0,2026-04-24 07:18:10,0.9324718632763651,0
1489,0235,0,2026-04-24 07:18:10,0.6615256356815340,0
1490,0243,0,2026-04-24 07:18:10,0.0900375156315131,0
1491,0244,0,2026-04-24 07:18:10,0.0900375156315131,0
1492,0245,0,2026-04-24 07:18:10,1.0000000000000000,0
1493,0246,0,2026-04-24 07:18:10,0.1759066277615673,0
1494,0250,0,2026-04-24 07:18:10,0.3005418924551896,0
1495,0252,0,2026-04-24 07:18:10,0.2363484785327220,0
1496,0255,0,2026-04-24 07:18:10,0.6615256356815340,0
1497,0256,0,2026-04-24 07:18:10,0.3005418924551896,0
1498,0260,0,2026-04-24 07:18:10,1.0000000000000000,0
1499,0273,0,2026-04-24 07:18:10,0.0900375156315131,0
1500,0275,0,2026-04-24 07:18:10,0.5118799499791580,0
1501,0289,0,2026-04-24 07:18:10,0.0900375156315131,0
1502,0290,0,2026-04-24 07:18:10,0.9324718632763651,0
1503,0294,0,2026-04-24 07:18:10,0.8261775739891621,0
1504,0295,0,2026-04-24 07:18:10,0.7248853689037099,0
1505,0296,0,2026-04-24 07:18:10,0.0900375156315131,0
1506,0298,0,2026-04-24 07:18:10,0.4447686536056690,0
1507,0301,0,2026-04-24 07:18:10,0.3005418924551896,0
1508,0303,0,2026-04-24 07:18:10,0.3647353063776573,0
1509,0304,0,2026-04-24 07:18:10,0.6615256356815340,0
1510,0307,0,2026-04-24 07:18:10,0.8261775739891621,0
1511,0309,0,2026-04-24 07:18:10,0.6615256356815340,0
1512,0316,0,2026-04-24 07:18:10,0.5118799499791580,0
1513,0318,0,2026-04-24 07:18:10,0.6044185077115465,0
1514,0322,0,2026-04-24 07:18:10,0.2363484785327220,0
1515,0325,0,2026-04-24 07:18:10,0.1759066277615673,0
1516,0331,0,2026-04-24 07:18:10,0.7248853689037099,0
1517,0331,0,2026-04-24 07:18:10,0.7248853689037099,0
1518,0356,0,2026-04-24 07:18:10,0.6044185077115465,0
1519,0358,0,2026-04-24 07:18:10,0.1759066277615673,0
1520,0367,0,2026-04-24 07:18:10,0.7248853689037099,0
1521,0370,0,2026-04-24 07:18:10,1.0000000000000000,0
1522,0371,0,2026-04-24 07:18:10,0.7248853689037099,0
1523,0371,0,2026-04-24 07:18:10,0.7248853689037099,0
1524,0372,0,2026-04-24 07:18:10,0.0900375156315131,0
1525,0377,0,2026-04-24 07:18:10,0.9324718632763651,0
1526,0379,0,2026-04-24 07:18:10,0.1759066277615673,0
1527,0383,0,2026-04-24 07:18:10,0.6615256356815340,0
1528,0386,0,2026-04-24 07:18:10,0.4447686536056690,0
1529,0390,0,2026-04-24 07:18:10,0.5118799499791580,0
1530,0392,0,2026-04-24 07:18:10,0.3005418924551896,0
1531,0395,0,2026-04-24 07:18:10,0.1759066277615673,0
1532,0397,0,2026-04-24 07:18:10,1.0000000000000000,0
1533,0398,0,2026-04-24 07:18:10,0.8261775739891621,0
1534,0401,0,2026-04-24 07:18:10,0.2363484785327220,0
1535,0402,0,2026-04-24 07:18:10,0.4447686536056690,0
1536,0415,0,2026-04-24 07:18:10,0.9324718632763651,0
1537,0416,0,2026-04-24 07:18:10,0.1759066277615673,0
1538,0417,0,2026-04-24 07:18:10,0.6044185077115465,0
1539,0418,0,2026-04-24 07:18:10,0.3647353063776573,0
1540,0419,0,2026-04-24 07:18:10,0.5118799499791580,0
1541,0424,0,2026-04-24 07:18:10,0.5118799499791580,0
1542,0426,0,2026-04-24 07:18:10,0.0900375156315131,0
1543,0430,0,2026-04-24 07:18:10,0.5118799499791580,0
1544,0431,0,2026-04-24 07:18:10,0.1759066277615673,0
1545,0433,0,2026-04-24 07:18:10,0.9324718632763651,0
1546,0435,0,2026-04-24 07:18:10,0.9324718632763651,0
1547,0436,0,2026-04-24 07:18:10,0.4447686536056690,0
1548,0444,0,2026-04-24 07:18:10,0.5118799499791580,0
1549,0446,0,2026-04-24 07:18:10,1.0000000000000000,0
1550,0452,0,2026-04-24 07:18:10,0.9324718632763651,0
1551,0452,0,2026-04-24 07:18:10,0.9324718632763651,0
1552,0457,0,2026-04-24 07:18:10,0.3647353063776573,0
1553,0459,0,2026-04-24 07:18:10,1.0000000000000000,0
1554,0462,0,2026-04-24 07:18:10,0.9324718632763651,0
1555,0465,0,2026-04-24 07:18:10,0.8261775739891621,0
1556,0469,0,2026-04-24 07:18:10,0.1759066277615673,0
1557,0471,0,2026-04-24 07:18:10,0.6615256356815340,0
1558,0472,0,2026-04-24 07:18:10,0.0900375156315131,0
1559,0476,0,2026-04-24 07:18:10,0.9324718632763651,0
1560,0479,0,2026-04-24 07:18:10,0.3647353063776573,0
1561,0480,0,2026-04-24 07:18:10,0.1759066277615673,0
1562,0487,0,2026-04-24 07:18:10,0.9324718632763651,0
1563,0489,0,2026-04-24 07:18:10,0.7248853689037099,0
1564,0498,0,2026-04-24 07:18:10,1.0000000000000000,0
1565,0499,0,2026-04-24 07:18:10,0.3005418924551896,0
1566,001,0,2026-04-24 07:18:20,0.6615256356815340,0
1567,002,0,2026-04-24 07:18:20,0.2363484785327220,0
1568,0011,0,2026-04-24 07:18:20,0.0900375156315131,0
1569,0013,0,2026-04-24 07:18:20,1.0000000000000000,0
1570,0014,0,2026-04-24 07:18:20,0.7248853689037099,0
1571,0015,0,2026-04-24 07:18:20,0.6044185077115465,0
1572,0020,0,2026-04-24 07:18:20,0.6044185077115465,0
1573,0022,0,2026-04-24 07:18:20,0.9324718632763651,0
1574,0024,0,2026-04-24 07:18:20,0.3005418924551896,0
1575,0027,0,2026-04-24 07:18:20,0.8261775739891621,0
1576,0029,0,2026-04-24 07:18:20,0.2363484785327220,0
1577,0032,0,2026-04-24 07:18:20,0.3647353063776573,0
1578,0036,0,2026-04-24 07:18:20,0.2363484785327220,0
1579,0041,0,2026-04-24 07:18:20,0.6044185077115465,0
1580,0051,0,2026-04-24 07:18:20,1.0000000000000000,0
1581,0053,0,2026-04-24 07:18:20,0.9324718632763651,0
1582,0061,0,2026-04-24 07:18:20,0.9324718632763651,0
1583,0068,0,2026-04-24 07:18:20,0.6044185077115465,0
1584,0070,0,2026-04-24 07:18:20,0.6044185077115465,0
1585,0071,0,2026-04-24 07:18:20,0.8261775739891621,0
1586,0081,0,2026-04-24 07:18:20,0.0900375156315131,0
1587,0083,0,2026-04-24 07:18:20,0.5118799499791580,0
1588,0085,0,2026-04-24 07:18:20,0.0900375156315131,0
1589,0089,0,2026-04-24 07:18:20,0.2363484785327220,0
1590,0094,0,2026-04-24 07:18:20,0.3647353063776573,0
1591,0099,0,2026-04-24 07:18:20,1.0000000000000000,0
1592,0101,0,2026-04-24 07:18:20,0.1759066277615673,0
1593,0102,0,2026-04-24 07:18:20,0.4447686536056690,0
1594,0113,0,2026-04-24 07:18:20,0.8261775739891621,0
1595,0113,0,2026-04-24 07:18:20,0.8261775739891621,0
1596,0115,0,2026-04-24 07:18:20,0.7248853689037099,0
1597,0120,0,2026-04-24 07:18:20,0.5118799499791580,0
1598,0121,0,2026-04-24 07:18:20,0.8261775739891621,0
1599,0121,0,2026-04-24 07:18:20,0.8261775739891621,0
1600,0122,0,2026-04-24 07:18:20,0.3005418924551896,0
1601,0123,0,2026-04-24 07:18:20,0.7248853689037099,0
1602,0125,0,2026-04-24 07:18:20,1.0000000000000000,0
1603,0126,0,2026-04-24 07:18:20,0.9324718632763651,0
1604,0140,0,2026-04-24 07:18:20,0.8261775739891621,0
1605,0141,0,2026-04-24 07:18:20,1.0000000000000000,0
1606,0141,0,2026-04-24 07:18:20,1.0000000000000000,0
1607,0142,0,2026-04-24 07:18:20,0.5118799499791580,0
1608,0146,0,2026-04-24 07:18:20,0.7248853689037099,0
1609,0150,0,2026-04-24 07:18:20,0.2363484785327220,0
1610,0154,0,2026-04-24 07:18:20,0.0900375156315131,0
1611,0163,0,2026-04-24 07:18:20,0.9324718632763651,0
1612,0168,0,2026-04-24 07:18:20,0.6044185077115465,0
1613,0169,0,2026-04-24 07:18:20,0.6044185077115465,0
1614,0175,0,2026-04-24 07:18:20,0.2363484785327220,0
1615,0176,0,2026-04-24 07:18:20,0.8261775739891621,0
1616,0181,0,2026-04-24 07:18:20,0.7248853689037099,0
1617,0183,0,2026-04-24 07:18:20,0.9324718632763651,0
1618,0187,0,2026-04-24 07:18:20,0.0900375156315131,0
1619,0195,0,2026-04-24 07:18:20,0.3005418924551896,0
1620,0200,0,2026-04-24 07:18:20,0.0900375156315131,0
1621,0205,0,2026-04-24 07:18:20,0.7248853689037099,0
1622,0208,0,2026-04-24 07:18:20,0.6044185077115465,0
1623,0209,0,2026-04-24 07:18:20,0.8261775739891621,0
1624,0215,0,2026-04-24 07:18:20,0.9324718632763651,0
1625,0218,0,2026-04-24 07:18:20,0.4447686536056690,0
1626,0221,0,2026-04-24 07:18:20,0.8261775739891621,0
1627,0225,0,2026-04-24 07:18:20,0.8261775739891621,0
1628,0226,0,2026-04-24 07:18:20,0.6615256356815340,0
1629,0232,0,2026-04-24 07:18:20,0.9324718632763651,0
1630,0235,0,2026-04-24 07:18:20,0.6615256356815340,0
1631,0243,0,2026-04-24 07:18:20,0.0900375156315131,0
1632,0244,0,2026-04-24 07:18:20,0.0900375156315131,0
1633,0245,0,2026-04-24 07:18:20,1.0000000000000000,0
1634,0246,0,2026-04-24 07:18:20,0.1759066277615673,0
1635,0250,0,2026-04-24 07:18:20,0.3005418924551896,0
1636,0252,0,2026-04-24 07:18:20,0.2363484785327220,0
1637,0255,0,2026-04-24 07:18:20,0.6615256356815340,0
1638,0256,0,2026-04-24 07:18:20,0.3005418924551896,0
1639,0260,0,2026-04-24 07:18:20,1.0000000000000000,0
1640,0273,0,2026-04-24 07:18:20,0.0900375156315131,0
1641,0275,0,2026-04-24 07:18:20,0.5118799499791580,0
1642,0289,0,2026-04-24 07:18:20,0.0900375156315131,0
1643,0290,0,2026-04-24 07:18:20,0.9324718632763651,0
1644,0294,0,2026-04-24 07:18:20,0.8261775739891621,0
1645,0295,0,2026-04-24 07:18:20,0.7248853689037099,0
1646,0296,0,2026-04-24 07:18:20,0.0900375156315131,0
1647,0298,0,2026-04-24 07:18:20,0.4447686536056690,0
1648,0301,0,2026-04-24 07:18:20,0.3005418924551896,0
1649,0303,0,2026-04-24 07:18:20,0.3647353063776573,0
1650,0304,0,2026-04-24 07:18:20,0.6615256356815340,0
1651,0307,0,2026-04-24 07:18:20,0.8261775739891621,0
1652,0309,0,2026-04-24 07:18:20,0.6615256356815340,0
1653,0316,0,2026-04-24 07:18:20,0.5118799499791580,0
1654,0318,0,2026-04-24 07:18:20,0.6044185077115465,0
1655,0322,0,2026-04-24 07:18:20,0.2363484785327220,0
1656,0325,0,2026-04-24 07:18:20,0.1759066277615673,0
1657,0331,0,2026-04-24 07:18:20,0.7248853689037099,0
1658,0331,0,2026-04-24 07:18:20,0.7248853689037099,0
1659,0356,0,2026-04-24 07:18:20,0.6044185077115465,0
1660,0358,0,2026-04-24 07:18:20,0.1759066277615673,0
1661,0367,0,2026-04-24 07:18:20,0.7248853689037099,0
1662,0370,0,2026-04-24 07:18:20,1.0000000000000000,0
1663,0371,0,2026-04-24 07:18:20,0.7248853689037099,0
1664,0371,0,2026-04-24 07:18:20,0.7248853689037099,0
1665,0372,0,2026-04-24 07:18:20,0.0900375156315131,0
1666,0377,0,2026-04-24 07:18:20,0.9324718632763651,0
1667,0379,0,2026-04-24 07:18:20,0.1759066277615673,0
1668,0383,0,2026-04-24 07:18:20,0.6615256356815340,0
1669,0386,0,2026-04-24 07:18:20,0.4447686536056690,0
1670,0390,0,2026-04-24 07:18:20,0.5118799499791580,0
1671,0392,0,2026-04-24 07:18:20,0.3005418924551896,0
1672,0395,0,2026-04-24 07:18:20,0.1759066277615673,0
1673,0397,0,2026-04-24 07:18:20,1.0000000000000000,0
1674,0398,0,2026-04-24 07:18:20,0.8261775739891621,0
1675,0401,0,2026-04-24 07:18:20,0.2363484785327220,0
1676,0402,0,2026-04-24 07:18:20,0.4447686536056690,0
1677,0415,0,2026-04-24 07:18:20,0.9324718632763651,0
1678,0416,0,2026-04-24 07:18:20,0.1759066277615673,0
1679,0417,0,2026-04-24 07:18:20,0.6044185077115465,0
1680,0418,0,2026-04-24 07:18:20,0.3647353063776573,0
1681,0419,0,2026-04-24 07:18:20,0.5118799499791580,0
1682,0424,0,2026-04-24 07:18:20,0.5118799499791580,0
1683,0426,0,2026-04-24 07:18:20,0.0900375156315131,0
1684,0430,0,2026-04-24 07:18:20,0.5118799499791580,0
1685,0431,0,2026-04-24 07:18:20,0.1759066277615673,0
1686,0433,0,2026-04-24 07:18:20,0.9324718632763651,0
1687,0435,0,2026-04-24 07:18:20,0.9324718632763651,0
1688,0436,0,2026-04-24 07:18:20,0.4447686536056690,0
1689,0444,0,2026-04-24 07:18:20,0.5118799499791580,0
1690,0446,0,2026-04-24 07:18:20,1.0000000000000000,0
1691,0452,0,2026-04-24 07:18:20,0.9324718632763651,0
1692,0452,0,2026-04-24 07:18:20,0.9324718632763651,0
1693,0457,0,2026-04-24 07:18:20,0.3647353063776573,0
1694,0459,0,2026-04-24 07:18:20,1.0000000000000000,0
1695,0462,0,2026-04-24 07:18:20,0.9324718632763651,0
1696,0465,0,2026-04-24 07:18:20,0.8261775739891621,0
1697,0469,0,2026-04-24 07:18:20,0.1759066277615673,0
1698,0471,0,2026-04-24 07:18:20,0.6615256356815340,0
1699,0472,0,2026-04-24 07:18:20,0.0900375156315131,0
1700,0476,0,2026-04-24 07:18:20,0.9324718632763651,0
1701,0479,0,2026-04-24 07:18:20,0.3647353063776573,0
1702,0480,0,2026-04-24 07:18:20,0.1759066277615673,0
1703,0487,0,2026-04-24 07:18:20,0.9324718632763651,0
1704,0489,0,2026-04-24 07:18:20,0.7248853689037099,0
1705,0498,0,2026-04-24 07:18:20,1.0000000000000000,1
1706,0499,0,2026-04-24 07:18:20,0.3005418924551896,0
1707,001,0,2026-04-24 07:18:30,0.6615256356815340,0
1708,002,0,2026-04-24 07:18:30,0.2363484785327220,0
1709,0011,0,2026-04-24 07:18:30,0.0900375156315131,0
1710,0013,0,2026-04-24 07:18:30,1.0000000000000000,0
1711,0014,0,2026-04-24 07:18:30,0.7248853689037099,0
1712,0015,0,2026-04-24 07:18:30,0.6044185077115465,0
1713,0020,0,2026-04-24 07:18:30,0.6044185077115465,0
1714,0022,0,2026-04-24 07:18:30,0.9324718632763651,0
1715,0024,0,2026-04-24 07:18:30,0.3005418924551896,0
1716,0027,0,2026-04-24 07:18:30,0.8261775739891621,0
1717,0029,0,2026-04-24 07:18:30,0.2363484785327220,0
1718,0032,0,2026-04-24 07:18:30,0.3647353063776573,0
1719,0036,0,2026-04-24 07:18:30,0.2363484785327220,0
1720,0041,0,2026-04-24 07:18:30,0.6044185077115465,0
1721,0051,0,2026-04-24 07:18:30,1.0000000000000000,0
1722,0053,0,2026-04-24 07:18:30,0.9324718632763651,0
1723,0061,0,2026-04-24 07:18:30,0.9324718632763651,0
1724,0068,0,2026-04-24 07:18:30,0.6044185077115465,0
1725,0070,0,2026-04-24 07:18:30,0.6044185077115465,0
1726,0071,0,2026-04-24 07:18:30,0.8261775739891621,0
1727,0081,0,2026-04-24 07:18:30,0.0900375156315131,0
1728,0083,0,2026-04-24 07:18:30,0.5118799499791580,0
1729,0085,0,2026-04-24 07:18:30,0.0900375156315131,0
1730,0089,0,2026-04-24 07:18:30,0.2363484785327220,0
1731,0094,0,2026-04-24 07:18:30,0.3647353063776573,0
1732,0099,0,2026-04-24 07:18:30,1.0000000000000000,0
1733,0101,0,2026-04-24 07:18:30,0.1759066277615673,0
1734,0102,0,2026-04-24 07:18:30,0.4447686536056690,0
1735,0113,0,2026-04-24 07:18:30,0.8261775739891621,0
1736,0113,0,2026-04-24 07:18:30,0.8261775739891621,0
1737,0115,0,2026-04-24 07:18:30,0.7248853689037099,0
1738,0120,0,2026-04-24 07:18:30,0.5118799499791580,0
1739,0121,0,2026-04-24 07:18:30,0.8261775739891621,0
1740,0121,0,2026-04-24 07:18:30,0.8261775739891621,0
1741,0122,0,2026-04-24 07:18:30,0.3005418924551896,0
1742,0123,0,2026-04-24 07:18:30,0.7248853689037099,0
1743,0125,0,2026-04-24 07:18:30,1.0000000000000000,0
1744,0126,0,2026-04-24 07:18:30,0.9324718632763651,0
1745,0140,0,2026-04-24 07:18:30,0.8261775739891621,0
1746,0141,0,2026-04-24 07:18:30,1.0000000000000000,0
1747,0141,0,2026-04-24 07:18:30,1.0000000000000000,0
1748,0142,0,2026-04-24 07:18:30,0.5118799499791580,0
1749,0146,0,2026-04-24 07:18:30,0.7248853689037099,0
1750,0150,0,2026-04-24 07:18:30,0.2363484785327220,0
1751,0154,0,2026-04-24 07:18:30,0.0900375156315131,0
1752,0163,0,2026-04-24 07:18:30,0.9324718632763651,0
1753,0168,0,2026-04-24 07:18:30,0.6044185077115465,0
1754,0169,0,2026-04-24 07:18:30,0.6044185077115465,0
1755,0175,0,2026-04-24 07:18:30,0.2363484785327220,0
1756,0176,0,2026-04-24 07:18:30,0.8261775739891621,0
1757,0181,0,2026-04-24 07:18:30,0.7248853689037099,0
1758,0183,0,2026-04-24 07:18:30,0.9324718632763651,0
1759,0187,0,2026-04-24 07:18:30,0.0900375156315131,0
1760,0195,0,2026-04-24 07:18:30,0.3005418924551896,0
1761,0200,0,2026-04-24 07:18:30,0.0900375156315131,0
1762,0205,0,2026-04-24 07:18:30,0.7248853689037099,0
1763,0208,0,2026-04-24 07:18:30,0.6044185077115465,0
1764,0209,0,2026-04-24 07:18:30,0.8261775739891621,0
1765,0215,0,2026-04-24 07:18:30,0.9324718632763651,0
1766,0218,0,2026-04-24 07:18:30,0.4447686536056690,0
1767,0221,0,2026-04-24 07:18:30,0.8261775739891621,0
1768,0225,0,2026-04-24 07:18:30,0.8261775739891621,0
1769,0226,0,2026-04-24 07:18:30,0.6615256356815340,0
1770,0232,0,2026-04-24 07:18:30,0.9324718632763651,0
1771,0235,0,2026-04-24 07:18:30,0.6615256356815340,0
1772,0243,0,2026-04-24 07:18:30,0.0900375156315131,0
1773,0244,0,2026-04-24 07:18:30,0.0900375156315131,0
1774,0245,0,2026-04-24 07:18:30,1.0000000000000000,0
1775,0246,0,2026-04-24 07:18:30,0.1759066277615673,0
1776,0250,0,2026-04-24 07:18:30,0.3005418924551896,0
1777,0252,0,2026-04-24 07:18:30,0.2363484785327220,0
1778,0255,0,2026-04-24 07:18:30,0.6615256356815340,0
1779,0256,0,2026-04-24 07:18:30,0.3005418924551896,0
1780,0260,0,2026-04-24 07:18:30,1.0000000000000000,1
1781,0273,0,2026-04-24 07:18:30,0.0900375156315131,0
1782,0275,0,2026-04-24 07:18:30,0.5118799499791580,0
1783,0289,0,2026-04-24 07:18:30,0.0900375156315131,0
1784,0290,0,2026-04-24 07:18:30,0.9324718632763651,0
1785,0294,0,2026-04-24 07:18:30,0.8261775739891621,0
1786,0295,0,2026-04-24 07:18:30,0.7248853689037099,0
1787,0296,0,2026-04-24 07:18:30,0.0900375156315131,0
1788,0298,0,2026-04-24 07:18:30,0.4447686536056690,0
1789,0301,0,2026-04-24 07:18:30,0.3005418924551896,0
1790,0303,0,2026-04-24 07:18:30,0.3647353063776573,0
1791,0304,0,2026-04-24 07:18:30,0.6615256356815340,0
1792,0307,0,2026-04-24 07:18:30,0.8261775739891621,0
1793,0309,0,2026-04-24 07:18:30,0.6615256356815340,0
1794,0316,0,2026-04-24 07:18:30,0.5118799499791580,0
1795,0318,0,2026-04-24 07:18:30,0.6044185077115465,0
1796,0322,0,2026-04-24 07:18:30,0.2363484785327220,0
1797,0325,0,2026-04-24 07:18:30,0.1759066277615673,0
1798,0331,0,2026-04-24 07:18:30,0.7248853689037099,0
1799,0331,0,2026-04-24 07:18:30,0.7248853689037099,0
1800,0356,0,2026-04-24 07:18:30,0.6044185077115465,0
1801,0358,0,2026-04-24 07:18:30,0.1759066277615673,0
1802,0367,0,2026-04-24 07:18:30,0.7248853689037099,0
1803,0370,0,2026-04-24 07:18:30,1.0000000000000000,0
1804,0371,0,2026-04-24 07:18:30,0.7248853689037099,0
1805,0371,0,2026-04-24 07:18:30,0.7248853689037099,0
1806,0372,0,2026-04-24 07:18:30,0.0900375156315131,0
1807,0377,0,2026-04-24 07:18:30,0.9324718632763651,0
1808,0379,0,2026-04-24 07:18:30,0.1759066277615673,0
1809,0383,0,2026-04-24 07:18:30,0.6615256356815340,0
1810,0386,0,2026-04-24 07:18:30,0.4447686536056690,0
1811,0390,0,2026-04-24 07:18:30,0.5118799499791580,0
1812,0392,0,2026-04-24 07:18:30,0.3005418924551896,0
1813,0395,0,2026-04-24 07:18:30,0.1759066277615673,0
1814,0397,0,2026-04-24 07:18:30,1.0000000000000000,0
1815,0398,0,2026-04-24 07:18:30,0.8261775739891621,0
1816,0401,0,2026-04-24 07:18:30,0.2363484785327220,0
1817,0402,0,2026-04-24 07:18:30,0.4447686536056690,0
1818,0415,0,2026-04-24 07:18:30,0.9324718632763651,0
1819,0416,0,2026-04-24 07:18:30,0.1759066277615673,0
1820,0417,0,2026-04-24 07:18:30,0.6044185077115465,0
1821,0418,0,2026-04-24 07:18:30,0.3647353063776573,0
1822,0419,0,2026-04-24 07:18:30,0.5118799499791580,0
1823,0424,0,2026-04-24 07:18:30,0.5118799499791580,0
1824,0426,0,2026-04-24 07:18:30,0.0900375156315131,0
1825,0430,0,2026-04-24 07:18:30,0.5118799499791580,0
1826,0431,0,2026-04-24 07:18:30,0.1759066277615673,0
1827,0433,0,2026-04-24 07:18:30,0.9324718632763651,0
1828,0435,0,2026-04-24 07:18:30,0.9324718632763651,0
1829,0436,0,2026-04-24 07:18:30,0.4447686536056690,0
1830,0444,0,2026-04-24 07:18:30,0.5118799499791580,0
1831,0446,0,2026-04-24 07:18:30,1.0000000000000000,0
1832,0452,0,2026-04-24 07:18:30,0.9324718632763651,0
1833,0452,0,2026-04-24 07:18:30,0.9324718632763651,0
1834,0457,0,2026-04-24 07:18:30,0.3647353063776573,0
1835,0459,0,2026-04-24 07:18:30,1.0000000000000000,0
1836,0462,0,2026-04-24 07:18:30,0.9324718632763651,0
1837,0465,0,2026-04-24 07:18:30,0.8261775739891621,0
1838,0469,0,2026-04-24 07:18:30,0.1759066277615673,0
1839,0471,0,2026-04-24 07:18:30,0.6615256356815340,0
1840,0472,0,2026-04-24 07:18:30,0.0900375156315131,0
1841,0476,0,2026-04-24 07:18:30,0.9324718632763651,0
1842,0479,0,2026-04-24 07:18:30,0.3647353063776573,0
1843,0480,0,2026-04-24 07:18:30,0.1759066277615673,0
1844,0487,0,2026-04-24 07:18:30,0.9324718632763651,0
1845,0489,0,2026-04-24 07:18:30,0.7248853689037099,0
1846,0498,0,2026-04-24 07:18:30,1.0000000000000000,0
1847,0499,0,2026-04-24 07:18:30,0.3005418924551896,0
1848,001,0,2026-04-24 07:18:40,0.6615256356815340,0
1849,002,0,2026-04-24 07:18:40,0.2363484785327220,0
1850,0011,0,2026-04-24 07:18:40,0.0900375156315131,0
1851,0013,0,2026-04-24 07:18:40,1.0000000000000000,0
1852,0014,0,2026-04-24 07:18:40,0.7248853689037099,0
1853,0015,0,2026-04-24 07:18:40,0.6044185077115465,0
1854,0020,0,2026-04-24 07:18:40,0.6044185077115465,0
1855,0022,0,2026-04-24 07:18:40,0.9324718632763651,0
1856,0024,0,2026-04-24 07:18:40,0.3005418924551896,0
1857,0027,0,2026-04-24 07:18:40,0.8261775739891621,0
1858,0029,0,2026-04-24 07:18:40,0.2363484785327220,0
1859,0032,0,2026-04-24 07:18:40,0.3647353063776573,0
1860,0036,0,2026-04-24 07:18:40,0.2363484785327220,0
1861,0041,0,2026-04-24 07:18:40,0.6044185077115465,0
1862,0051,0,2026-04-24 07:18:40,1.0000000000000000,0
1863,0053,0,2026-04-24 07:18:40,0.9324718632763651,0
1864,0061,0,2026-04-24 07:18:40,0.9324718632763651,0
1865,0068,0,2026-04-24 07:18:40,0.6044185077115465,0
1866,0070,0,2026-04-24 07:18:40,0.6044185077115465,0
1867,0071,0,2026-04-24 07:18:40,0.8261775739891621,0
1868,0081,0,2026-04-24 07:18:40,0.0900375156315131,0
1869,0083,0,2026-04-24 07:18:40,0.5118799499791580,0
1870,0085,0,2026-04-24 07:18:40,0.0900375156315131,0
1871,0089,0,2026-04-24 07:18:40,0.2363484785327220,0
1872,0094,0,2026-04-24 07:18:40,0.3647353063776573,0
1873,0099,0,2026-04-24 07:18:40,1.0000000000000000,0
1874,0101,0,2026-04-24 07:18:40,0.1759066277615673,0
1875,0102,0,2026-04-24 07:18:40,0.4447686536056690,0
1876,0113,0,2026-04-24 07:18:40,0.8261775739891621,0
1877,0115,0,2026-04-24 07:18:40,0.7248853689037099,0
1878,0120,0,2026-04-24 07:18:40,0.5118799499791580,0
1879,0121,0,2026-04-24 07:18:40,0.8261775739891621,0
1880,0122,0,2026-04-24 07:18:40,0.3005418924551896,0
1881,0123,0,2026-04-24 07:18:40,0.7248853689037099,0
1882,0125,0,2026-04-24 07:18:40,1.0000000000000000,0
1883,0126,0,2026-04-24 07:18:40,0.9324718632763651,0
1884,0140,0,2026-04-24 07:18:40,0.8261775739891621,0
1885,0141,0,2026-04-24 07:18:40,1.0000000000000000,0
1886,0142,0,2026-04-24 07:18:40,0.5118799499791580,0
1887,0146,0,2026-04-24 07:18:40,0.7248853689037099,0
1888,0150,0,2026-04-24 07:18:40,0.2363484785327220,0
1889,0154,0,2026-04-24 07:18:40,0.0900375156315131,0
1890,0163,0,2026-04-24 07:18:40,0.9324718632763651,0
1891,0168,0,2026-04-24 07:18:40,0.6044185077115465,0
1892,0169,0,2026-04-24 07:18:40,0.6044185077115465,0
1893,0175,0,2026-04-24 07:18:40,0.2363484785327220,0
1894,0176,0,2026-04-24 07:18:40,0.8261775739891621,0
1895,0181,0,2026-04-24 07:18:40,0.7248853689037099,0
1896,0183,0,2026-04-24 07:18:40,0.9324718632763651,0
1897,0187,0,2026-04-24 07:18:40,0.0900375156315131,0
1898,0195,0,2026-04-24 07:18:40,0.3005418924551896,0
1899,0200,0,2026-04-24 07:18:40,0.0900375156315131,0
1900,0205,0,2026-04-24 07:18:40,0.7248853689037099,0
1901,0208,0,2026-04-24 07:18:40,0.6044185077115465,0
1902,0209,0,2026-04-24 07:18:40,0.8261775739891621,0
1903,0215,0,2026-04-24 07:18:40,0.9324718632763651,0
1904,0218,0,2026-04-24 07:18:40,0.4447686536056690,0
1905,0221,0,2026-04-24 07:18:40,0.8261775739891621,0
1906,0225,0,2026-04-24 07:18:40,0.8261775739891621,0
1907,0226,0,2026-04-24 07:18:40,0.6615256356815340,0
1908,0232,0,2026-04-24 07:18:40,0.9324718632763651,0
1909,0235,0,2026-04-24 07:18:40,0.6615256356815340,0
1910,0243,0,2026-04-24 07:18:40,0.0900375156315131,0
1911,0244,0,2026-04-24 07:18:40,0.0900375156315131,0
1912,0245,0,2026-04-24 07:18:40,1.0000000000000000,0
1913,0246,0,2026-04-24 07:18:40,0.1759066277615673,0
1914,0250,0,2026-04-24 07:18:40,0.3005418924551896,0
1915,0252,0,2026-04-24 07:18:40,0.2363484785327220,0
1916,0255,0,2026-04-24 07:18:40,0.6615256356815340,0
1917,0256,0,2026-04-24 07:18:40,0.3005418924551896,0
1918,0260,0,2026-04-24 07:18:40,1.0000000000000000,0
1919,0273,0,2026-04-24 07:18:40,0.0900375156315131,0
1920,0275,0,2026-04-24 07:18:40,0.5118799499791580,0
1921,0290,0,2026-04-24 07:18:40,0.9324718632763651,0
1922,0294,0,2026-04-24 07:18:40,0.8261775739891621,0
1923,0295,0,2026-04-24 07:18:40,0.7248853689037099,0
1924,0296,0,2026-04-24 07:18:40,0.0900375156315131,0
1925,0298,0,2026-04-24 07:18:40,0.4447686536056690,0
1926,0299,0,2026-04-24 07:18:40,1.0000000000000000,0
1927,0301,0,2026-04-24 07:18:40,0.3005418924551896,0
1928,0303,0,2026-04-24 07:18:40,0.3647353063776573,0
1929,0304,0,2026-04-24 07:18:40,0.6615256356815340,0
1930,0307,0,2026-04-24 07:18:40,0.8261775739891621,0
1931,0309,0,2026-04-24 07:18:40,0.6615256356815340,0
1932,0316,0,2026-04-24 07:18:40,0.5118799499791580,0
1933,0318,0,2026-04-24 07:18:40,0.6044185077115465,0
1934,0322,0,2026-04-24 07:18:40,0.2363484785327220,0
1935,0325,0,2026-04-24 07:18:40,0.1759066277615673,0
1936,0331,0,2026-04-24 07:18:40,0.7248853689037099,0
1937,0356,0,2026-04-24 07:18:40,0.6044185077115465,0
1938,0358,0,2026-04-24 07:18:40,0.1759066277615673,0
1939,0367,0,2026-04-24 07:18:40,0.7248853689037099,0
1940,0370,0,2026-04-24 07:18:40,1.0000000000000000,0
1941,0371,0,2026-04-24 07:18:40,0.7248853689037099,0
1942,0372,0,2026-04-24 07:18:40,0.0900375156315131,0
1943,0377,0,2026-04-24 07:18:40,0.9324718632763651,0
1944,0379,0,2026-04-24 07:18:40,0.1759066277615673,0
1945,0383,0,2026-04-24 07:18:40,0.6615256356815340,0
1946,0386,0,2026-04-24 07:18:40,0.4447686536056690,0
1947,0390,0,2026-04-24 07:18:40,0.5118799499791580,0
1948,0392,0,2026-04-24 07:18:40,0.3005418924551896,0
1949,0395,0,2026-04-24 07:18:40,0.1759066277615673,0
1950,0397,0,2026-04-24 07:18:40,1.0000000000000000,0
1951,0398,0,2026-04-24 07:18:40,0.8261775739891621,0
1952,0401,0,2026-04-24 07:18:40,0.2363484785327220,0
1953,0402,0,2026-04-24 07:18:40,0.4447686536056690,0
1954,0415,0,2026-04-24 07:18:40,0.9324718632763651,0
1955,0416,0,2026-04-24 07:18:40,0.1759066277615673,0
1956,0417,0,2026-04-24 07:18:40,0.6044185077115465,0
1957,0418,0,2026-04-24 07:18:40,0.3647353063776573,0
1958,0419,0,2026-04-24 07:18:40,0.5118799499791580,0
1959,0424,0,2026-04-24 07:18:40,0.5118799499791580,0
1960,0426,0,2026-04-24 07:18:40,0.0900375156315131,0
1961,0430,0,2026-04-24 07:18:40,0.5118799499791580,0
1962,0431,0,2026-04-24 07:18:40,0.1759066277615673,0
1963,0433,0,2026-04-24 07:18:40,0.9324718632763651,0
1964,0435,0,2026-04-24 07:18:40,0.9324718632763651,0
1965,0436,0,2026-04-24 07:18:40,0.4447686536056690,0
1966,0444,0,2026-04-24 07:18:40,0.5118799499791580,0
1967,0446,0,2026-04-24 07:18:40,1.0000000000000000,0
1968,0452,0,2026-04-24 07:18:40,0.9324718632763651,0
1969,0457,0,2026-04-24 07:18:40,0.3647353063776573,0
1970,0459,0,2026-04-24 07:18:40,1.0000000000000000,0
1971,0462,0,2026-04-24 07:18:40,0.9324718632763651,0
1972,0465,0,2026-04-24 07:18:40,0.8261775739891621,0
1973,0469,0,2026-04-24 07:18:40,0.1759066277615673,0
1974,0471,0,2026-04-24 07:18:40,0.6615256356815340,0
1975,0472,0,2026-04-24 07:18:40,0.0900375156315131,0
1976,0476,0,2026-04-24 07:18:40,0.9324718632763651,0
1977,0479,0,2026-04-24 07:18:40,0.3647353063776573,0
1978,0480,0,2026-04-24 07:18:40,0.1759066277615673,0
1979,0487,0,2026-04-24 07:18:40,0.9324718632763651,0
1980,0489,0,2026-04-24 07:18:40,0.7248853689037099,0
1981,0498,0,2026-04-24 07:18:40,1.0000000000000000,1
1982,0499,0,2026-04-24 07:18:40,0.3005418924551896,0
1983,002,0,2026-04-24 07:18:50,0.2363484785327220,0
1984,0014,0,2026-04-24 07:18:50,0.7248853689037099,0
1985,0015,0,2026-04-24 07:18:50,0.6044185077115465,0
1986,0020,0,2026-04-24 07:18:50,0.6044185077115465,0
1987,0022,0,2026-04-24 07:18:50,0.9324718632763651,0
1988,0024,0,2026-04-24 07:18:50,0.3005418924551896,0
1989,0032,0,2026-04-24 07:18:50,0.3647353063776573,0
1990,0041,0,2026-04-24 07:18:50,0.6044185077115465,0
1991,0053,0,2026-04-24 07:18:50,0.9324718632763651,0
1992,0070,0,2026-04-24 07:18:50,0.6044185077115465,0
1993,0071,0,2026-04-24 07:18:50,0.8261775739891621,0
1994,0083,0,2026-04-24 07:18:50,0.5118799499791580,0
1995,0085,0,2026-04-24 07:18:50,0.0900375156315131,0
1996,0089,0,2026-04-24 07:18:50,0.2363484785327220,0
1997,0099,0,2026-04-24 07:18:50,1.0000000000000000,0
1998,0113,0,2026-04-24 07:18:50,0.8261775739891621,0
1999,0121,0,2026-04-24 07:18:50,0.8261775739891621,0
2000,0126,0,2026-04-24 07:18:50,0.9324718632763651,0
2001,0140,0,2026-04-24 07:18:50,0.8261775739891621,0
2002,0141,0,2026-04-24 07:18:50,1.0000000000000000,0
2003,0150,0,2026-04-24 07:18:50,0.2363484785327220,0
2004,0163,0,2026-04-24 07:18:50,0.9324718632763651,0
2005,0176,0,2026-04-24 07:18:50,0.8261775739891621,0
2006,0181,0,2026-04-24 07:18:50,0.7248853689037099,0
2007,0183,0,2026-04-24 07:18:50,0.9324718632763651,0
2008,0187,0,2026-04-24 07:18:50,0.0900375156315131,0
2009,0205,0,2026-04-24 07:18:50,0.7248853689037099,0
2010,0208,0,2026-04-24 07:18:50,0.6044185077115465,0
2011,0226,0,2026-04-24 07:18:50,0.6615256356815340,0
2012,0232,0,2026-04-24 07:18:50,0.9324718632763651,0
2013,0235,0,2026-04-24 07:18:50,0.6615256356815340,0
2014,0243,0,2026-04-24 07:18:50,0.0900375156315131,0
2015,0244,0,2026-04-24 07:18:50,0.0900375156315131,0
2016,0246,0,2026-04-24 07:18:50,0.1759066277615673,0
2017,0252,0,2026-04-24 07:18:50,0.2363484785327220,0
2018,0255,0,2026-04-24 07:18:50,0.6615256356815340,0
2019,0290,0,2026-04-24 07:18:50,0.9324718632763651,0
2020,0294,0,2026-04-24 07:18:50,0.8261775739891621,0
2021,0295,0,2026-04-24 07:18:50,0.7248853689037099,0
2022,0296,0,2026-04-24 07:18:50,0.0900375156315131,0
2023,0299,0,2026-04-24 07:18:50,1.0000000000000000,0
2024,0301,0,2026-04-24 07:18:50,0.3005418924551896,0
2025,0303,0,2026-04-24 07:18:50,0.3647353063776573,0
2026,0307,0,2026-04-24 07:18:50,0.8261775739891621,0
2027,0309,0,2026-04-24 07:18:50,0.6615256356815340,0
2028,0325,0,2026-04-24 07:18:50,0.1759066277615673,0
2029,0331,0,2026-04-24 07:18:50,0.7248853689037099,0
2030,0356,0,2026-04-24 07:18:50,0.6044185077115465,0
2031,0358,0,2026-04-24 07:18:50,0.1759066277615673,0
2032,0371,0,2026-04-24 07:18:50,0.7248853689037099,0
2033,0372,0,2026-04-24 07:18:50,0.0900375156315131,0
2034,0383,0,2026-04-24 07:18:50,0.6615256356815340,0
2035,0386,0,2026-04-24 07:18:50,0.4447686536056690,0
2036,0392,0,2026-04-24 07:18:50,0.3005418924551896,0
2037,0395,0,2026-04-24 07:18:50,0.1759066277615673,0
2038,0402,0,2026-04-24 07:18:50,0.4447686536056690,0
2039,0417,0,2026-04-24 07:18:50,0.6044185077115465,0
2040,0430,0,2026-04-24 07:18:50,0.5118799499791580,0
2041,0431,0,2026-04-24 07:18:50,0.1759066277615673,0
2042,0435,0,2026-04-24 07:18:50,0.9324718632763651,0
2043,0436,0,2026-04-24 07:18:50,0.4447686536056690,0
2044,0452,0,2026-04-24 07:18:50,0.9324718632763651,0
2045,0459,0,2026-04-24 07:18:50,1.0000000000000000,1
2046,0469,0,2026-04-24 07:18:50,0.1759066277615673,0
2047,0471,0,2026-04-24 07:18:50,0.6615256356815340,0
2048,0472,0,2026-04-24 07:18:50,0.0900375156315131,0
2049,0473,0,2026-04-24 07:18:50,0.6615256356815340,0
2050,0476,0,2026-04-24 07:18:50,0.9324718632763651,0
2051,0480,0,2026-04-24 07:18:50,0.1759066277615673,0
2052,0487,0,2026-04-24 07:18:50,0.9324718632763651,0
2053,002,0,2026-04-24 07:19:00,0.2363484785327220,0
2054,0014,0,2026-04-24 07:19:00,0.7248853689037099,0
2055,0015,0,2026-04-24 07:19:00,0.6044185077115465,0
2056,0020,0,2026-04-24 07:19:00,0.6044185077115465,0
2057,0022,0,2026-04-24 07:19:00,0.9324718632763651,0
2058,0024,0,2026-04-24 07:19:00,0.3005418924551896,0
2059,0032,0,2026-04-24 07:19:00,0.3647353063776573,0
2060,0041,0,2026-04-24 07:19:00,0.6044185077115465,0
2061,0053,0,2026-04-24 07:19:00,0.9324718632763651,0
2062,0070,0,2026-04-24 07:19:00,0.6044185077115465,0
2063,0071,0,2026-04-24 07:19:00,0.8261775739891621,0
2064,0083,0,2026-04-24 07:19:00,0.5118799499791580,0
2065,0085,0,2026-04-24 07:19:00,0.0900375156315131,0
2066,0089,0,2026-04-24 07:19:00,0.2363484785327220,0
2067,0099,0,2026-04-24 07:19:00,1.0000000000000000,0
2068,0113,0,2026-04-24 07:19:00,0.8261775739891621,0
2069,0121,0,2026-04-24 07:19:00,0.8261775739891621,0
2070,0126,0,2026-04-24 07:19:00,0.9324718632763651,0
2071,0140,0,2026-04-24 07:19:00,0.8261775739891621,0
2072,0141,0,2026-04-24 07:19:00,1.0000000000000000,0
2073,0150,0,2026-04-24 07:19:00,0.2363484785327220,0
2074,0163,0,2026-04-24 07:19:00,0.9324718632763651,0
2075,0176,0,2026-04-24 07:19:00,0.8261775739891621,0
2076,0181,0,2026-04-24 07:19:00,0.7248853689037099,0
2077,0183,0,2026-04-24 07:19:00,0.9324718632763651,0
2078,0187,0,2026-04-24 07:19:00,0.0900375156315131,0
2079,0205,0,2026-04-24 07:19:00,0.7248853689037099,0
2080,0208,0,2026-04-24 07:19:00,0.6044185077115465,0
2081,0226,0,2026-04-24 07:19:00,0.6615256356815340,0
2082,0232,0,2026-04-24 07:19:00,0.9324718632763651,0
2083,0235,0,2026-04-24 07:19:00,0.6615256356815340,0
2084,0243,0,2026-04-24 07:19:00,0.0900375156315131,0
2085,0244,0,2026-04-24 07:19:00,0.0900375156315131,0
2086,0246,0,2026-04-24 07:19:00,0.1759066277615673,0
2087,0252,0,2026-04-24 07:19:00,0.2363484785327220,0
2088,0255,0,2026-04-24 07:19:00,0.6615256356815340,0
2089,0290,0,2026-04-24 07:19:00,0.9324718632763651,0
2090,0294,0,2026-04-24 07:19:00,0.8261775739891621,0
2091,0295,0,2026-04-24 07:19:00,0.7248853689037099,0
2092,0296,0,2026-04-24 07:19:00,0.0900375156315131,0
2093,0299,0,2026-04-24 07:19:00,1.0000000000000000,0
2094,0301,0,2026-04-24 07:19:00,0.3005418924551896,0
2095,0303,0,2026-04-24 07:19:00,0.3647353063776573,0
2096,0307,0,2026-04-24 07:19:00,0.8261775739891621,0
2097,0309,0,2026-04-24 07:19:00,0.6615256356815340,0
2098,0325,0,2026-04-24 07:19:00,0.1759066277615673,0
2099,0331,0,2026-04-24 07:19:00,0.7248853689037099,0
2100,0356,0,2026-04-24 07:19:00,0.6044185077115465,0
2101,0358,0,2026-04-24 07:19:00,0.1759066277615673,0
2102,0371,0,2026-04-24 07:19:00,0.7248853689037099,0
2103,0372,0,2026-04-24 07:19:00,0.0900375156315131,0
2104,0383,0,2026-04-24 07:19:00,0.6615256356815340,0
2105,0386,0,2026-04-24 07:19:00,0.4447686536056690,0
2106,0392,0,2026-04-24 07:19:00,0.3005418924551896,0
2107,0395,0,2026-04-24 07:19:00,0.1759066277615673,0
2108,0402,0,2026-04-24 07:19:00,0.4447686536056690,0
2109,0417,0,2026-04-24 07:19:00,0.6044185077115465,0
2110,0430,0,2026-04-24 07:19:00,0.5118799499791580,0
2111,0431,0,2026-04-24 07:19:00,0.1759066277615673,0
2112,0435,0,2026-04-24 07:19:00,0.9324718632763651,0
2113,0436,0,2026-04-24 07:19:00,0.4447686536056690,0
2114,0452,0,2026-04-24 07:19:00,0.9324718632763651,0
2115,0459,0,2026-04-24 07:19:00,1.0000000000000000,0
2116,0469,0,2026-04-24 07:19:00,0.1759066277615673,0
2117,0471,0,2026-04-24 07:19:00,0.6615256356815340,0
2118,0472,0,2026-04-24 07:19:00,0.0900375156315131,0
2119,0473,0,2026-04-24 07:19:00,0.6615256356815340,0
2120,0476,0,2026-04-24 07:19:00,0.9324718632763651,1
2121,0480,0,2026-04-24 07:19:00,0.1759066277615673,0
2122,0487,0,2026-04-24 07:19:00,0.9324718632763651,0
2123,0299,0,2026-04-24 07:19:10,1.0000000000000000,1
2124,0473,0,2026-04-24 07:19:10,0.6615256356815340,0
2125,0473,0,2026-04-24 07:19:20,0.6615256356815340,0
2126,0473,0,2026-04-24 07:19:30,0.6615256356815340,0
2127,0473,0,2026-04-24 07:19:40,0.6615256356815340,0
2128,0473,0,2026-04-24 07:19:50,0.6615256356815340,1
2129,0488,0,2026-04-24 07:19:50,0.9324718632763651,0
2130,0473,0,2026-04-24 07:20:00,0.6615256356815340,1
2131,0488,0,2026-04-24 07:20:00,0.9324718632763651,0
2132,0473,0,2026-04-24 07:20:10,0.6615256356815340,0
2133,0488,0,2026-04-24 07:20:10,0.9324718632763651,0
2134,0473,0,2026-04-24 07:20:20,0.6615256356815340,0
2135,0488,0,2026-04-24 07:20:20,0.9324718632763651,0
2136,0473,0,2026-04-24 07:20:30,0.6615256356815340,0
2137,0488,0,2026-04-24 07:20:30,0.9324718632763651,0
2138,0488,0,2026-04-24 07:20:40,0.9324718632763651,0
2139,0488,0,2026-04-24 07:20:50,0.9324718632763651,0
2140,0488,0,2026-04-24 07:21:00,0.9324718632763651,0
2141,0488,0,2026-04-24 07:21:10,0.9324718632763651,0
2142,0488,0,2026-04-24 07:21:20,0.9324718632763651,0
2143,0488,0,2026-04-24 07:21:30,0.9324718632763651,0
2144,0488,0,2026-04-24 07:21:40,0.9324718632763651,1
2145,0058,0,2026-04-24 07:23:50,0.4447686536056690,0
2146,0058,0,2026-04-24 07:24:00,0.4447686536056690,0
2147,0058,0,2026-04-24 07:24:10,0.4447686536056690,1
2148,0058,0,2026-04-24 07:24:20,0.4447686536056690,0
2149,0058,0,2026-04-24 07:24:30,0.4447686536056690,0
2150,0058,0,2026-04-24 07:24:40,0.4447686536056690,0
2151,0058,0,2026-04-24 07:24:50,0.4447686536056690,0
2152,0058,0,2026-04-24 07:25:00,0.4447686536056690,0
2153,0058,0,2026-04-24 07:25:10,0.4447686536056690,0
2154,0058,0,2026-04-24 07:25:20,0.4447686536056690,0
2155,0388,0,2026-04-24 07:28:40,0.5118799499791580,1
2156,0388,0,2026-04-24 07:28:50,0.5118799499791580,1
2157,0388,0,2026-04-24 07:29:00,0.5118799499791580,0
2158,0409,0,2026-04-24 07:29:00,0.4447686536056690,0
2159,0490,0,2026-04-24 07:29:00,0.4447686536056690,0
2160,0388,0,2026-04-24 07:29:10,0.5118799499791580,0
2161,0409,0,2026-04-24 07:29:10,0.4447686536056690,0
2162,0490,0,2026-04-24 07:29:10,0.4447686536056690,0
2163,0388,0,2026-04-24 07:29:20,0.5118799499791580,0
2164,0409,0,2026-04-24 07:29:20,0.4447686536056690,0
2165,0490,0,2026-04-24 07:29:20,0.4447686536056690,0
2166,0388,0,2026-04-24 07:29:30,0.5118799499791580,0
2167,0409,0,2026-04-24 07:29:30,0.4447686536056690,0
2168,0409,0,2026-04-24 07:29:30,0.4447686536056690,0
2169,0490,0,2026-04-24 07:29:30,0.4447686536056690,0
2170,0388,0,2026-04-24 07:29:40,0.5118799499791580,0
2171,0409,0,2026-04-24 07:29:40,0.4447686536056690,0
2172,0409,0,2026-04-24 07:29:40,0.4447686536056690,0
2173,0490,0,2026-04-24 07:29:40,0.4447686536056690,0
2174,0388,0,2026-04-24 07:29:50,0.5118799499791580,0
2175,0409,0,2026-04-24 07:29:50,0.4447686536056690,0
2176,0409,0,2026-04-24 07:29:50,0.4447686536056690,0
2177,0490,0,2026-04-24 07:29:50,0.4447686536056690,0
2178,0388,0,2026-04-24 07:30:00,0.5118799499791580,0
2179,0409,0,2026-04-24 07:30:00,0.4447686536056690,0
2180,0409,0,2026-04-24 07:30:00,0.4447686536056690,0
2181,0490,0,2026-04-24 07:30:00,0.4447686536056690,0
2182,0388,0,2026-04-24 07:30:10,0.5118799499791580,0
2183,0409,0,2026-04-24 07:30:10,0.4447686536056690,0
2184,0409,0,2026-04-24 07:30:10,0.4447686536056690,1
2185,0490,0,2026-04-24 07:30:10,0.4447686536056690,0
2186,0388,0,2026-04-24 07:30:20,0.5118799499791580,0
2187,0409,0,2026-04-24 07:30:20,0.4447686536056690,0
2188,0409,0,2026-04-24 07:30:20,0.4447686536056690,0
2189,0490,0,2026-04-24 07:30:20,0.4447686536056690,1
2190,0388,0,2026-04-24 07:30:30,0.5118799499791580,0
2191,0409,0,2026-04-24 07:30:30,0.4447686536056690,0
2192,0490,0,2026-04-24 07:30:30,0.4447686536056690,1
2193,0409,0,2026-04-24 07:30:40,0.4447686536056690,1
2194,0490,0,2026-04-24 07:30:40,0.4447686536056690,0
2195,0409,0,2026-04-24 07:30:50,0.4447686536056690,0
2196,0490,0,2026-04-24 07:30:50,0.4447686536056690,0
2197,0018,0,2026-04-24 08:43:20,0.6044185077115465,0
2198,0018,0,2026-04-24 08:43:30,0.6044185077115465,0
2199,0018,0,2026-04-24 08:43:40,0.6044185077115465,0
2200,0018,0,2026-04-24 08:43:50,0.6044185077115465,0
2201,0018,0,2026-04-24 08:44:00,0.6044185077115465,0
2202,0018,0,2026-04-24 08:44:10,0.6044185077115465,0
2203,0018,0,2026-04-24 08:44:20,0.6044185077115465,0
2204,0018,0,2026-04-24 08:44:30,0.6044185077115465,0
2205,0018,0,2026-04-24 08:44:40,0.6044185077115465,0
2206,0018,0,2026-04-24 08:44:50,0.6044185077115465,1
2207,0018,0,2026-04-24 08:45:00,0.6044185077115465,0
2208,0330,0,2026-04-24 08:45:00,0.0900375156315131,0
2209,0018,0,2026-04-24 08:45:10,0.6044185077115465,0
2210,0330,0,2026-04-24 08:45:10,0.0900375156315131,0
2211,0207,0,2026-04-24 08:45:20,0.5118799499791580,1
2212,0330,0,2026-04-24 08:45:20,0.0900375156315131,0
2213,0207,0,2026-04-24 08:45:30,0.5118799499791580,0
2214,0330,0,2026-04-24 08:45:30,0.0900375156315131,0
2215,0207,0,2026-04-24 08:45:40,0.5118799499791580,0
2216,0442,0,2026-04-24 08:45:40,0.8261775739891621,0
2217,0207,0,2026-04-24 08:45:50,0.5118799499791580,1
2218,0442,0,2026-04-24 08:45:50,0.8261775739891621,0
2219,0207,0,2026-04-24 08:46:00,0.5118799499791580,0
2220,0442,0,2026-04-24 08:46:00,0.8261775739891621,0
2221,0050,0,2026-04-24 08:46:10,0.9324718632763651,1
2222,0164,0,2026-04-24 08:46:10,1.0000000000000000,0
2223,0207,0,2026-04-24 08:46:10,0.5118799499791580,0
2224,0442,0,2026-04-24 08:46:10,0.8261775739891621,0
2225,0050,0,2026-04-24 08:46:20,0.9324718632763651,1
2226,0164,0,2026-04-24 08:46:20,1.0000000000000000,0
2227,0382,0,2026-04-24 08:46:20,0.7248853689037099,0
2228,0442,0,2026-04-24 08:46:20,0.8261775739891621,0
2229,0050,0,2026-04-24 08:46:30,0.9324718632763651,0
2230,0164,0,2026-04-24 08:46:30,1.0000000000000000,0
2231,0382,0,2026-04-24 08:46:30,0.7248853689037099,0
2232,0442,0,2026-04-24 08:46:30,0.8261775739891621,0
2233,0477,0,2026-04-24 08:46:30,0.1759066277615673,0
2234,0050,0,2026-04-24 08:46:40,0.9324718632763651,0
2235,0164,0,2026-04-24 08:46:40,1.0000000000000000,0
2236,0382,0,2026-04-24 08:46:40,0.7248853689037099,0
2237,0442,0,2026-04-24 08:46:40,0.8261775739891621,1
2238,0477,0,2026-04-24 08:46:40,0.1759066277615673,0
2239,0050,0,2026-04-24 08:46:50,0.9324718632763651,0
2240,0157,0,2026-04-24 08:46:50,0.6044185077115465,0
2241,0164,0,2026-04-24 08:46:50,1.0000000000000000,1
2242,0360,0,2026-04-24 08:46:50,1.0000000000000000,0
2243,0382,0,2026-04-24 08:46:50,0.7248853689037099,0
2244,0442,0,2026-04-24 08:46:50,0.8261775739891621,0
2245,0477,0,2026-04-24 08:46:50,0.1759066277615673,0
2246,0050,0,2026-04-24 08:47:00,0.9324718632763651,0
2247,0157,0,2026-04-24 08:47:00,0.6044185077115465,0
2248,0164,0,2026-04-24 08:47:00,1.0000000000000000,0
2249,0360,0,2026-04-24 08:47:00,1.0000000000000000,0
2250,0382,0,2026-04-24 08:47:00,0.7248853689037099,0
2251,0442,0,2026-04-24 08:47:00,0.8261775739891621,0
2252,0477,0,2026-04-24 08:47:00,0.1759066277615673,0
2253,0050,0,2026-04-24 08:47:10,0.9324718632763651,0
2254,0157,0,2026-04-24 08:47:10,0.6044185077115465,0
2255,0164,0,2026-04-24 08:47:10,1.0000000000000000,0
2256,0360,0,2026-04-24 08:47:10,1.0000000000000000,1
2257,0382,0,2026-04-24 08:47:10,0.7248853689037099,0
2258,0477,0,2026-04-24 08:47:10,0.1759066277615673,0
2259,0050,0,2026-04-24 08:47:20,0.9324718632763651,0
2260,0157,0,2026-04-24 08:47:20,0.6044185077115465,0
2261,0360,0,2026-04-24 08:47:20,1.0000000000000000,0
2262,0382,0,2026-04-24 08:47:20,0.7248853689037099,0
2263,0477,0,2026-04-24 08:47:20,0.1759066277615673,0
2264,0050,0,2026-04-24 08:47:30,0.9324718632763651,0
2265,0157,0,2026-04-24 08:47:30,0.6044185077115465,1
2266,0360,0,2026-04-24 08:47:30,1.0000000000000000,0
2267,0382,0,2026-04-24 08:47:30,0.7248853689037099,0
2268,0477,0,2026-04-24 08:47:30,0.1759066277615673,0
2269,0050,0,2026-04-24 08:47:40,0.9324718632763651,0
2270,0157,0,2026-04-24 08:47:40,0.6044185077115465,0
2271,0360,0,2026-04-24 08:47:40,1.0000000000000000,0
2272,0382,0,2026-04-24 08:47:40,0.7248853689037099,0
2273,0477,0,2026-04-24 08:47:40,0.1759066277615673,0
2274,0046,0,2026-04-24 08:47:50,0.2363484785327220,0
2275,0050,0,2026-04-24 08:47:50,0.9324718632763651,0
2276,0062,0,2026-04-24 08:47:50,0.4447686536056690,0
2277,0157,0,2026-04-24 08:47:50,0.6044185077115465,0
2278,0174,0,2026-04-24 08:47:50,0.3647353063776573,0
2279,0360,0,2026-04-24 08:47:50,1.0000000000000000,0
2280,0369,0,2026-04-24 08:47:50,0.6615256356815340,1
2281,0477,0,2026-04-24 08:47:50,0.1759066277615673,0
2282,0046,0,2026-04-24 08:48:00,0.2363484785327220,0
2283,0062,0,2026-04-24 08:48:00,0.4447686536056690,0
2284,0157,0,2026-04-24 08:48:00,0.6044185077115465,0
2285,0174,0,2026-04-24 08:48:00,0.3647353063776573,0
2286,0360,0,2026-04-24 08:48:00,1.0000000000000000,0
2287,0369,0,2026-04-24 08:48:00,0.6615256356815340,0
2288,0477,0,2026-04-24 08:48:00,0.1759066277615673,0
2289,0046,0,2026-04-24 08:48:10,0.2363484785327220,0
2290,0062,0,2026-04-24 08:48:10,0.4447686536056690,0
2291,0109,0,2026-04-24 08:48:10,0.3005418924551896,0
2292,0157,0,2026-04-24 08:48:10,0.6044185077115465,0
2293,0174,0,2026-04-24 08:48:10,0.3647353063776573,0
2294,0360,0,2026-04-24 08:48:10,1.0000000000000000,0
2295,0369,0,2026-04-24 08:48:10,0.6615256356815340,0
2296,0477,0,2026-04-24 08:48:10,0.1759066277615673,0
2297,0046,0,2026-04-24 08:48:20,0.2363484785327220,0
2298,0062,0,2026-04-24 08:48:20,0.4447686536056690,0
2299,0109,0,2026-04-24 08:48:20,0.3005418924551896,0
2300,0157,0,2026-04-24 08:48:20,0.6044185077115465,0
2301,0174,0,2026-04-24 08:48:20,0.3647353063776573,0
2302,0360,0,2026-04-24 08:48:20,1.0000000000000000,0
2303,0369,0,2026-04-24 08:48:20,0.6615256356815340,1
2304,0369,0,2026-04-24 08:48:20,0.6615256356815340,0
2305,0046,0,2026-04-24 08:48:30,0.2363484785327220,0
2306,0062,0,2026-04-24 08:48:30,0.4447686536056690,0
2307,0109,0,2026-04-24 08:48:30,0.3005418924551896,0
2308,0157,0,2026-04-24 08:48:30,0.6044185077115465,0
2309,0174,0,2026-04-24 08:48:30,0.3647353063776573,0
2310,0360,0,2026-04-24 08:48:30,1.0000000000000000,0
2311,0369,0,2026-04-24 08:48:30,0.6615256356815340,0
2312,0369,0,2026-04-24 08:48:30,0.6615256356815340,0
2313,0046,0,2026-04-24 08:48:40,0.2363484785327220,0
2314,0062,0,2026-04-24 08:48:40,0.4447686536056690,0
2315,0109,0,2026-04-24 08:48:40,0.3005418924551896,0
2316,0157,0,2026-04-24 08:48:40,0.6044185077115465,0
2317,0174,0,2026-04-24 08:48:40,0.3647353063776573,1
2318,0360,0,2026-04-24 08:48:40,1.0000000000000000,0
2319,0369,0,2026-04-24 08:48:40,0.6615256356815340,0
2320,0369,0,2026-04-24 08:48:40,0.6615256356815340,0
2321,0046,0,2026-04-24 08:48:50,0.2363484785327220,0
2322,0062,0,2026-04-24 08:48:50,0.4447686536056690,0
2323,0109,0,2026-04-24 08:48:50,0.3005418924551896,0
2324,0174,0,2026-04-24 08:48:50,0.3647353063776573,1
2325,0369,0,2026-04-24 08:48:50,0.6615256356815340,0
2326,0369,0,2026-04-24 08:48:50,0.6615256356815340,0
2327,0046,0,2026-04-24 08:49:00,0.2363484785327220,0
2328,0062,0,2026-04-24 08:49:00,0.4447686536056690,1
2329,0109,0,2026-04-24 08:49:00,0.3005418924551896,0
2330,0174,0,2026-04-24 08:49:00,0.3647353063776573,0
2331,0369,0,2026-04-24 08:49:00,0.6615256356815340,0
2332,0369,0,2026-04-24 08:49:00,0.6615256356815340,0
2333,0046,0,2026-04-24 08:49:10,0.2363484785327220,1
2334,0062,0,2026-04-24 08:49:10,0.4447686536056690,0
2335,0090,0,2026-04-24 08:49:10,0.6044185077115465,0
2336,0109,0,2026-04-24 08:49:10,0.3005418924551896,0
2337,0174,0,2026-04-24 08:49:10,0.3647353063776573,0
2338,0369,0,2026-04-24 08:49:10,0.6615256356815340,0
2339,0046,0,2026-04-24 08:49:20,0.2363484785327220,0
2340,0062,0,2026-04-24 08:49:20,0.4447686536056690,0
2341,0090,0,2026-04-24 08:49:20,0.6044185077115465,0
2342,0109,0,2026-04-24 08:49:20,0.3005418924551896,1
2343,0174,0,2026-04-24 08:49:20,0.3647353063776573,0
2344,0369,0,2026-04-24 08:49:20,0.6615256356815340,0
2345,0046,0,2026-04-24 08:49:30,0.2363484785327220,0
2346,0062,0,2026-04-24 08:49:30,0.4447686536056690,0
2347,0090,0,2026-04-24 08:49:30,0.6044185077115465,0
2348,0109,0,2026-04-24 08:49:30,0.3005418924551896,0
2349,0174,0,2026-04-24 08:49:30,0.3647353063776573,0
2350,0369,0,2026-04-24 08:49:30,0.6615256356815340,0
2351,0046,0,2026-04-24 08:49:40,0.2363484785327220,0
2352,0062,0,2026-04-24 08:49:40,0.4447686536056690,0
2353,0090,0,2026-04-24 08:49:40,0.6044185077115465,1
2354,0109,0,2026-04-24 08:49:40,0.3005418924551896,0
2355,0090,0,2026-04-24 08:49:50,0.6044185077115465,0
2356,0109,0,2026-04-24 08:49:50,0.3005418924551896,0
2357,0090,0,2026-04-24 08:50:00,0.6044185077115465,0
2358,0109,0,2026-04-24 08:50:00,0.3005418924551896,0
2359,0242,0,2026-04-24 08:50:00,0.0900375156315131,0
2360,0400,0,2026-04-24 08:50:00,0.4447686536056690,0
2361,0483,0,2026-04-24 08:50:00,0.3647353063776573,1
2362,0090,0,2026-04-24 08:50:10,0.6044185077115465,0
2363,0242,0,2026-04-24 08:50:10,0.0900375156315131,0
2364,0400,0,2026-04-24 08:50:10,0.4447686536056690,0
2365,0483,0,2026-04-24 08:50:10,0.3647353063776573,0
2366,0090,0,2026-04-24 08:50:20,0.6044185077115465,0
2367,0242,0,2026-04-24 08:50:20,0.0900375156315131,0
2368,0400,0,2026-04-24 08:50:20,0.4447686536056690,0
2369,0483,0,2026-04-24 08:50:20,0.3647353063776573,0
2370,0090,0,2026-04-24 08:50:30,0.6044185077115465,0
2371,0242,0,2026-04-24 08:50:30,0.0900375156315131,0
2372,0400,0,2026-04-24 08:50:30,0.4447686536056690,0
2373,0400,0,2026-04-24 08:50:30,0.4447686536056690,1
2374,0483,0,2026-04-24 08:50:30,0.3647353063776573,0
2375,0090,0,2026-04-24 08:50:40,0.6044185077115465,0
2376,0242,0,2026-04-24 08:50:40,0.0900375156315131,0
2377,0400,0,2026-04-24 08:50:40,0.4447686536056690,0
2378,0090,0,2026-04-24 08:50:50,0.6044185077115465,0
2379,0242,0,2026-04-24 08:50:50,0.0900375156315131,0
2380,0400,0,2026-04-24 08:50:50,0.4447686536056690,0
2381,0090,0,2026-04-24 08:51:00,0.6044185077115465,0
2382,0242,0,2026-04-24 08:51:00,0.0900375156315131,0
2383,0400,0,2026-04-24 08:51:00,0.4447686536056690,1
2384,0242,0,2026-04-24 08:51:10,0.0900375156315131,0
2385,0242,0,2026-04-24 08:51:20,0.0900375156315131,0
2386,0242,0,2026-04-24 08:51:30,0.0900375156315131,0
2387,0242,0,2026-04-24 08:51:40,0.0900375156315131,1
2388,0242,0,2026-04-24 08:51:50,0.0900375156315131,1
2389,0096,0,2026-04-24 09:04:00,0.8261775739891621,1
2390,0096,0,2026-04-24 09:04:10,0.8261775739891621,0
2391,0096,0,2026-04-24 09:04:20,0.8261775739891621,0
2392,0096,0,2026-04-24 09:04:30,0.8261775739891621,0
2393,0096,0,2026-04-24 09:04:40,0.8261775739891621,0
2394,0096,0,2026-04-24 09:04:50,0.8261775739891621,0
2395,0096,0,2026-04-24 09:05:00,0.8261775739891621,0
2396,0096,0,2026-04-24 09:05:10,0.8261775739891621,0
2397,0096,0,2026-04-24 09:05:20,0.8261775739891621,0
2398,0096,0,2026-04-24 09:05:30,0.8261775739891621,0
