index,ID,satellite,time,score_scenario,selected
0,0668,0,2026-06-13 10:32:10,0.8055435253356431,0
1,0668,0,2026-06-13 10:32:20,0.8055435253356431,0
2,0668,0,2026-06-13 10:32:30,0.8055435253356431,0
3,0668,0,2026-06-13 10:32:40,0.8055435253356431,0
4,0668,0,2026-06-13 10:32:50,0.8055435253356431,0
5,0668,0,2026-06-13 10:33:00,0.8055435253356431,0
6,0668,0,2026-06-13 10:33:10,0.8055435253356431,0
7,0668,0,2026-06-13 10:33:20,0.8055435253356431,0
8,0668,0,2026-06-13 10:33:30,0.8055435253356431,0
9,0908,0,2026-06-13 10:33:30,0.4527934170636639,1
10,0668,0,2026-06-13 10:33:40,0.8055435253356431,0
11,0908,0,2026-06-13 10:33:40,0.4527934170636639,0
12,0094,0,2026-06-13 10:33:50,0.1429190125595496,0
13,0465,0,2026-06-13 10:33:50,0.2223906453009961,0
14,0668,0,2026-06-13 10:33:50,0.8055435253356431,0
15,0908,0,2026-06-13 10:33:50,0.4527934170636639,0
16,0094,0,2026-06-13 10:34:00,0.1429190125595496,1
17,0465,0,2026-06-13 10:34:00,0.2223906453009961,0
18,0668,0,2026-06-13 10:34:00,0.8055435253356431,0
19,0094,0,2026-06-13 10:34:10,0.1429190125595496,0
20,0459,0,2026-06-13 10:34:10,0.3614118666089216,0
21,0459,0,2026-06-13 10:34:10,0.3614118666089216,0
22,0459,0,2026-06-13 10:34:10,0.3614118666089216,0
23,0465,0,2026-06-13 10:34:10,0.2223906453009961,0
24,0094,0,2026-06-13 10:34:20,0.1429190125595496,0
25,0459,0,2026-06-13 10:34:20,0.3614118666089216,0
26,0459,0,2026-06-13 10:34:20,0.3614118666089216,0
27,0459,0,2026-06-13 10:34:20,0.3614118666089216,0
28,0459,0,2026-06-13 10:34:20,0.3614118666089216,0
29,0465,0,2026-06-13 10:34:20,0.2223906453009961,0
30,0542,0,2026-06-13 10:34:20,0.4527934170636639,0
31,0094,0,2026-06-13 10:34:30,0.1429190125595496,0
32,0280,0,2026-06-13 10:34:30,0.2223906453009961,0
33,0280,0,2026-06-13 10:34:30,0.2223906453009961,0
34,0280,0,2026-06-13 10:34:30,0.2223906453009961,0
35,0280,0,2026-06-13 10:34:30,0.2223906453009961,0
36,0459,0,2026-06-13 10:34:30,0.3614118666089216,0
37,0459,0,2026-06-13 10:34:30,0.3614118666089216,0
38,0459,0,2026-06-13 10:34:30,0.3614118666089216,0
39,0459,0,2026-06-13 10:34:30,0.3614118666089216,0
40,0459,0,2026-06-13 10:34:30,0.3614118666089216,0
41,0459,0,2026-06-13 10:34:30,0.3614118666089216,0
42,0465,0,2026-06-13 10:34:30,0.2223906453009961,0
43,0542,0,2026-06-13 10:34:30,0.4527934170636639,0
44,0940,0,2026-06-13 10:34:30,0.9393676916414032,1
45,0094,0,2026-06-13 10:34:40,0.1429190125595496,0
46,0280,0,2026-06-13 10:34:40,0.2223906453009961,0
47,0280,0,2026-06-13 10:34:40,0.2223906453009961,0
48,0280,0,2026-06-13 10:34:40,0.2223906453009961,0
49,0280,0,2026-06-13 10:34:40,0.2223906453009961,0
50,0280,0,2026-06-13 10:34:40,0.2223906453009961,0
51,0459,0,2026-06-13 10:34:40,0.3614118666089216,0
52,0459,0,2026-06-13 10:34:40,0.3614118666089216,0
53,0459,0,2026-06-13 10:34:40,0.3614118666089216,0
54,0459,0,2026-06-13 10:34:40,0.3614118666089216,0
55,0459,0,2026-06-13 10:34:40,0.3614118666089216,0
56,0459,0,2026-06-13 10:34:40,0.3614118666089216,0
57,0459,0,2026-06-13 10:34:40,0.3614118666089216,0
58,0459,0,2026-06-13 10:34:40,0.3614118666089216,0
59,0459,0,2026-06-13 10:34:40,0.3614118666089216,0
60,0465,0,2026-06-13 10:34:40,0.2223906453009961,0
61,0542,0,2026-06-13 10:34:40,0.4527934170636639,0
62,0940,0,2026-06-13 10:34:40,0.9393676916414032,0
63,0094,0,2026-06-13 10:34:50,0.1429190125595496,0
64,0280,0,2026-06-13 10:34:50,0.2223906453009961,0
65,0280,0,2026-06-13 10:34:50,0.2223906453009961,0
66,0280,0,2026-06-13 10:34:50,0.2223906453009961,0
67,0280,0,2026-06-13 10:34:50,0.2223906453009961,0
68,0280,0,2026-06-13 10:34:50,0.2223906453009961,0
69,0280,0,2026-06-13 10:34:50,0.2223906453009961,0
70,0459,0,2026-06-13 10:34:50,0.3614118666089216,0
71,0459,0,2026-06-13 10:34:50,0.3614118666089216,0
72,0459,0,2026-06-13 10:34:50,0.3614118666089216,0
73,0459,0,2026-06-13 10:34:50,0.3614118666089216,0
74,0459,0,2026-06-13 10:34:50,0.3614118666089216,0
75,0459,0,2026-06-13 10:34:50,0.3614118666089216,0
76,0465,0,2026-06-13 10:34:50,0.2223906453009961,0
77,0542,0,2026-06-13 10:34:50,0.4527934170636639,0
78,0940,0,2026-06-13 10:34:50,0.9393676916414032,0
79,0094,0,2026-06-13 10:35:00,0.1429190125595496,0
80,0280,0,2026-06-13 10:35:00,0.2223906453009961,0
81,0280,0,2026-06-13 10:35:00,0.2223906453009961,0
82,0280,0,2026-06-13 10:35:00,0.2223906453009961,0
83,0280,0,2026-06-13 10:35:00,0.2223906453009961,0
84,0280,0,2026-06-13 10:35:00,0.2223906453009961,0
85,0280,0,2026-06-13 10:35:00,0.2223906453009961,0
86,0280,0,2026-06-13 10:35:00,0.2223906453009961,0
87,0459,0,2026-06-13 10:35:00,0.3614118666089216,0
88,0459,0,2026-06-13 10:35:00,0.3614118666089216,0
89,0459,0,2026-06-13 10:35:00,0.3614118666089216,0
90,0459,0,2026-06-13 10:35:00,0.3614118666089216,0
91,0459,0,2026-06-13 10:35:00,0.3614118666089216,0
92,0459,0,2026-06-13 10:35:00,0.3614118666089216,0
93,0465,0,2026-06-13 10:35:00,0.2223906453009961,0
94,0542,0,2026-06-13 10:35:00,0.4527934170636639,0
95,0940,0,2026-06-13 10:35:00,0.9393676916414032,0
96,0094,0,2026-06-13 10:35:10,0.1429190125595496,0
97,0280,0,2026-06-13 10:35:10,0.2223906453009961,0
98,0280,0,2026-06-13 10:35:10,0.2223906453009961,0
99,0280,0,2026-06-13 10:35:10,0.2223906453009961,0
100,0280,0,2026-06-13 10:35:10,0.2223906453009961,0
101,0280,0,2026-06-13 10:35:10,0.2223906453009961,0
102,0280,0,2026-06-13 10:35:10,0.2223906453009961,0
103,0459,0,2026-06-13 10:35:10,0.3614118666089216,0
104,0459,0,2026-06-13 10:35:10,0.3614118666089216,0
105,0459,0,2026-06-13 10:35:10,0.3614118666089216,0
106,0459,0,2026-06-13 10:35:10,0.3614118666089216,0
107,0459,0,2026-06-13 10:35:10,0.3614118666089216,0
108,0459,0,2026-06-13 10:35:10,0.3614118666089216,0
109,0459,0,2026-06-13 10:35:10,0.3614118666089216,0
110,0465,0,2026-06-13 10:35:10,0.2223906453009961,0
111,0542,0,2026-06-13 10:35:10,0.4527934170636639,0
112,0561,0,2026-06-13 10:35:10,0.8659592897358164,0
113,0853,0,2026-06-13 10:35:10,0.1429190125595496,0
114,0940,0,2026-06-13 10:35:10,0.9393676916414032,0
115,0094,0,2026-06-13 10:35:20,0.1429190125595496,0
116,0280,0,2026-06-13 10:35:20,0.2223906453009961,0
117,0280,0,2026-06-13 10:35:20,0.2223906453009961,0
118,0280,0,2026-06-13 10:35:20,0.2223906453009961,0
119,0280,0,2026-06-13 10:35:20,0.2223906453009961,0
120,0280,0,2026-06-13 10:35:20,0.2223906453009961,0
121,0280,0,2026-06-13 10:35:20,0.2223906453009961,0
122,0280,0,2026-06-13 10:35:20,0.2223906453009961,0
123,0459,0,2026-06-13 10:35:20,0.3614118666089216,0
124,0459,0,2026-06-13 10:35:20,0.3614118666089216,0
125,0459,0,2026-06-13 10:35:20,0.3614118666089216,0
126,0459,0,2026-06-13 10:35:20,0.3614118666089216,0
127,0459,0,2026-06-13 10:35:20,0.3614118666089216,0
128,0459,0,2026-06-13 10:35:20,0.3614118666089216,0
129,0459,0,2026-06-13 10:35:20,0.3614118666089216,0
130,0459,0,2026-06-13 10:35:20,0.3614118666089216,0
131,0465,0,2026-06-13 10:35:20,0.2223906453009961,0
132,0542,0,2026-06-13 10:35:20,0.4527934170636639,0
133,0561,0,2026-06-13 10:35:20,0.8659592897358164,0
134,0853,0,2026-06-13 10:35:20,0.1429190125595496,1
135,0940,0,2026-06-13 10:35:20,0.9393676916414032,0
136,0280,0,2026-06-13 10:35:30,0.2223906453009961,0
137,0280,0,2026-06-13 10:35:30,0.2223906453009961,0
138,0280,0,2026-06-13 10:35:30,0.2223906453009961,0
139,0280,0,2026-06-13 10:35:30,0.2223906453009961,0
140,0280,0,2026-06-13 10:35:30,0.2223906453009961,0
141,0280,0,2026-06-13 10:35:30,0.2223906453009961,0
142,0280,0,2026-06-13 10:35:30,0.2223906453009961,0
143,0459,0,2026-06-13 10:35:30,0.3614118666089216,0
144,0459,0,2026-06-13 10:35:30,0.3614118666089216,0
145,0459,0,2026-06-13 10:35:30,0.3614118666089216,0
146,0459,0,2026-06-13 10:35:30,0.3614118666089216,0
147,0459,0,2026-06-13 10:35:30,0.3614118666089216,0
148,0459,0,2026-06-13 10:35:30,0.3614118666089216,0
149,0542,0,2026-06-13 10:35:30,0.4527934170636639,0
150,0561,0,2026-06-13 10:35:30,0.8659592897358164,0
151,0940,0,2026-06-13 10:35:30,0.9393676916414032,0
152,0280,0,2026-06-13 10:35:40,0.2223906453009961,0
153,0280,0,2026-06-13 10:35:40,0.2223906453009961,0
154,0280,0,2026-06-13 10:35:40,0.2223906453009961,0
155,0280,0,2026-06-13 10:35:40,0.2223906453009961,0
156,0280,0,2026-06-13 10:35:40,0.2223906453009961,0
157,0459,0,2026-06-13 10:35:40,0.3614118666089216,0
158,0459,0,2026-06-13 10:35:40,0.3614118666089216,0
159,0459,0,2026-06-13 10:35:40,0.3614118666089216,0
160,0459,0,2026-06-13 10:35:40,0.3614118666089216,0
161,0459,0,2026-06-13 10:35:40,0.3614118666089216,0
162,0542,0,2026-06-13 10:35:40,0.4527934170636639,0
163,0561,0,2026-06-13 10:35:40,0.8659592897358164,0
164,0940,0,2026-06-13 10:35:40,0.9393676916414032,0
165,0139,0,2026-06-13 10:35:50,0.3614118666089216,0
166,0280,0,2026-06-13 10:35:50,0.2223906453009961,0
167,0280,0,2026-06-13 10:35:50,0.2223906453009961,0
168,0280,0,2026-06-13 10:35:50,0.2223906453009961,0
169,0280,0,2026-06-13 10:35:50,0.2223906453009961,0
170,0280,0,2026-06-13 10:35:50,0.2223906453009961,0
171,0280,0,2026-06-13 10:35:50,0.2223906453009961,0
172,0459,0,2026-06-13 10:35:50,0.3614118666089216,0
173,0459,0,2026-06-13 10:35:50,0.3614118666089216,0
174,0459,0,2026-06-13 10:35:50,0.3614118666089216,0
175,0459,0,2026-06-13 10:35:50,0.3614118666089216,0
176,0459,0,2026-06-13 10:35:50,0.3614118666089216,0
177,0459,0,2026-06-13 10:35:50,0.3614118666089216,0
178,0561,0,2026-06-13 10:35:50,0.8659592897358164,0
179,0940,0,2026-06-13 10:35:50,0.9393676916414032,0
180,0139,0,2026-06-13 10:36:00,0.3614118666089216,0
181,0280,0,2026-06-13 10:36:00,0.2223906453009961,0
182,0280,0,2026-06-13 10:36:00,0.2223906453009961,0
183,0280,0,2026-06-13 10:36:00,0.2223906453009961,0
184,0280,0,2026-06-13 10:36:00,0.2223906453009961,0
185,0280,0,2026-06-13 10:36:00,0.2223906453009961,0
186,0280,0,2026-06-13 10:36:00,0.2223906453009961,0
187,0561,0,2026-06-13 10:36:00,0.8659592897358164,0
188,0940,0,2026-06-13 10:36:00,0.9393676916414032,0
189,0139,0,2026-06-13 10:36:10,0.3614118666089216,0
190,0561,0,2026-06-13 10:36:10,0.8659592897358164,0
191,0940,0,2026-06-13 10:36:10,0.9393676916414032,0
192,0139,0,2026-06-13 10:36:20,0.3614118666089216,0
193,0561,0,2026-06-13 10:36:20,0.8659592897358164,0
194,0139,0,2026-06-13 10:36:30,0.3614118666089216,0
195,0139,0,2026-06-13 10:36:40,0.3614118666089216,0
196,0139,0,2026-06-13 10:36:50,0.3614118666089216,0
197,0139,0,2026-06-13 10:37:00,0.3614118666089216,0
198,0371,0,2026-06-13 10:37:00,0.9393676916414032,1
199,0139,0,2026-06-13 10:37:10,0.3614118666089216,0
200,0371,0,2026-06-13 10:37:10,0.9393676916414032,0
201,0139,0,2026-06-13 10:37:20,0.3614118666089216,0
202,0371,0,2026-06-13 10:37:20,0.9393676916414032,0
203,0864,0,2026-06-13 10:37:20,0.5634473798181031,0
204,0139,0,2026-06-13 10:37:30,0.3614118666089216,0
205,0371,0,2026-06-13 10:37:30,0.9393676916414032,0
206,0562,0,2026-06-13 10:37:30,0.0985275010827198,0
207,0692,0,2026-06-13 10:37:30,0.3614118666089216,0
208,0692,0,2026-06-13 10:37:30,0.3614118666089216,0
209,0692,0,2026-06-13 10:37:30,0.3614118666089216,0
210,0692,0,2026-06-13 10:37:30,0.3614118666089216,0
211,0864,0,2026-06-13 10:37:30,0.5634473798181031,0
212,0139,0,2026-06-13 10:37:40,0.3614118666089216,0
213,0371,0,2026-06-13 10:37:40,0.9393676916414032,0
214,0562,0,2026-06-13 10:37:40,0.0985275010827198,1
215,0692,0,2026-06-13 10:37:40,0.3614118666089216,0
216,0692,0,2026-06-13 10:37:40,0.3614118666089216,0
217,0692,0,2026-06-13 10:37:40,0.3614118666089216,0
218,0692,0,2026-06-13 10:37:40,0.3614118666089216,0
219,0864,0,2026-06-13 10:37:40,0.5634473798181031,0
220,0371,0,2026-06-13 10:37:50,0.9393676916414032,0
221,0536,0,2026-06-13 10:37:50,0.8659592897358164,0
222,0536,0,2026-06-13 10:37:50,0.8659592897358164,0
223,0562,0,2026-06-13 10:37:50,0.0985275010827198,0
224,0692,0,2026-06-13 10:37:50,0.3614118666089216,0
225,0692,0,2026-06-13 10:37:50,0.3614118666089216,0
226,0692,0,2026-06-13 10:37:50,0.3614118666089216,0
227,0864,0,2026-06-13 10:37:50,0.5634473798181031,0
228,0371,0,2026-06-13 10:38:00,0.9393676916414032,0
229,0536,0,2026-06-13 10:38:00,0.8659592897358164,1
230,0536,0,2026-06-13 10:38:00,0.8659592897358164,0
231,0562,0,2026-06-13 10:38:00,0.0985275010827198,0
232,0692,0,2026-06-13 10:38:00,0.3614118666089216,0
233,0692,0,2026-06-13 10:38:00,0.3614118666089216,0
234,0692,0,2026-06-13 10:38:00,0.3614118666089216,0
235,0692,0,2026-06-13 10:38:00,0.3614118666089216,0
236,0692,0,2026-06-13 10:38:00,0.3614118666089216,0
237,0864,0,2026-06-13 10:38:00,0.5634473798181031,0
238,0371,0,2026-06-13 10:38:10,0.9393676916414032,0
239,0518,0,2026-06-13 10:38:10,0.6996535296665223,1
240,0536,0,2026-06-13 10:38:10,0.8659592897358164,0
241,0536,0,2026-06-13 10:38:10,0.8659592897358164,0
242,0562,0,2026-06-13 10:38:10,0.0985275010827198,0
243,0692,0,2026-06-13 10:38:10,0.3614118666089216,0
244,0692,0,2026-06-13 10:38:10,0.3614118666089216,0
245,0692,0,2026-06-13 10:38:10,0.3614118666089216,0
246,0692,0,2026-06-13 10:38:10,0.3614118666089216,0
247,0864,0,2026-06-13 10:38:10,0.5634473798181031,0
248,0371,0,2026-06-13 10:38:20,0.9393676916414032,0
249,0518,0,2026-06-13 10:38:20,0.6996535296665223,0
250,0536,0,2026-06-13 10:38:20,0.8659592897358164,0
251,0536,0,2026-06-13 10:38:20,0.8659592897358164,0
252,0536,0,2026-06-13 10:38:20,0.8659592897358164,0
253,0562,0,2026-06-13 10:38:20,0.0985275010827198,0
254,0692,0,2026-06-13 10:38:20,0.3614118666089216,0
255,0692,0,2026-06-13 10:38:20,0.3614118666089216,0
256,0692,0,2026-06-13 10:38:20,0.3614118666089216,0
257,0692,0,2026-06-13 10:38:20,0.3614118666089216,0
258,0864,0,2026-06-13 10:38:20,0.5634473798181031,0
259,0371,0,2026-06-13 10:38:30,0.9393676916414032,0
260,0518,0,2026-06-13 10:38:30,0.6996535296665223,0
261,0536,0,2026-06-13 10:38:30,0.8659592897358164,1
262,0536,0,2026-06-13 10:38:30,0.8659592897358164,0
263,0536,0,2026-06-13 10:38:30,0.8659592897358164,0
264,0536,0,2026-06-13 10:38:30,0.8659592897358164,0
265,0562,0,2026-06-13 10:38:30,0.0985275010827198,0
266,0692,0,2026-06-13 10:38:30,0.3614118666089216,0
267,0692,0,2026-06-13 10:38:30,0.3614118666089216,0
268,0692,0,2026-06-13 10:38:30,0.3614118666089216,0
269,0692,0,2026-06-13 10:38:30,0.3614118666089216,0
270,0846,0,2026-06-13 10:38:30,0.9393676916414032,0
271,0864,0,2026-06-13 10:38:30,0.5634473798181031,0
272,0371,0,2026-06-13 10:38:40,0.9393676916414032,0
273,0518,0,2026-06-13 10:38:40,0.6996535296665223,0
274,0536,0,2026-06-13 10:38:40,0.8659592897358164,0
275,0536,0,2026-06-13 10:38:40,0.8659592897358164,0
276,0536,0,2026-06-13 10:38:40,0.8659592897358164,0
277,0562,0,2026-06-13 10:38:40,0.0985275010827198,0
278,0692,0,2026-06-13 10:38:40,0.3614118666089216,0
279,0692,0,2026-06-13 10:38:40,0.3614118666089216,0
280,0692,0,2026-06-13 10:38:40,0.3614118666089216,0
281,0692,0,2026-06-13 10:38:40,0.3614118666089216,0
282,0846,0,2026-06-13 10:38:40,0.9393676916414032,0
283,0863,0,2026-06-13 10:38:40,0.9393676916414032,0
284,0864,0,2026-06-13 10:38:40,0.5634473798181031,0
285,0993,0,2026-06-13 10:38:40,0.6996535296665223,0
286,0371,0,2026-06-13 10:38:50,0.9393676916414032,0
287,0518,0,2026-06-13 10:38:50,0.6996535296665223,0
288,0536,0,2026-06-13 10:38:50,0.8659592897358164,0
289,0562,0,2026-06-13 10:38:50,0.0985275010827198,0
290,0692,0,2026-06-13 10:38:50,0.3614118666089216,0
291,0692,0,2026-06-13 10:38:50,0.3614118666089216,0
292,0692,0,2026-06-13 10:38:50,0.3614118666089216,0
293,0846,0,2026-06-13 10:38:50,0.9393676916414032,0
294,0863,0,2026-06-13 10:38:50,0.9393676916414032,0
295,0864,0,2026-06-13 10:38:50,0.5634473798181031,0
296,0993,0,2026-06-13 10:38:50,0.6996535296665223,0
297,0518,0,2026-06-13 10:39:00,0.6996535296665223,0
298,0536,0,2026-06-13 10:39:00,0.8659592897358164,0
299,0562,0,2026-06-13 10:39:00,0.0985275010827198,0
300,0692,0,2026-06-13 10:39:00,0.3614118666089216,0
301,0846,0,2026-06-13 10:39:00,0.9393676916414032,0
302,0863,0,2026-06-13 10:39:00,0.9393676916414032,0
303,0993,0,2026-06-13 10:39:00,0.6996535296665223,0
304,0518,0,2026-06-13 10:39:10,0.6996535296665223,0
305,0533,0,2026-06-13 10:39:10,0.7358163707232568,1
306,0536,0,2026-06-13 10:39:10,0.8659592897358164,0
307,0536,0,2026-06-13 10:39:10,0.8659592897358164,0
308,0562,0,2026-06-13 10:39:10,0.0985275010827198,0
309,0692,0,2026-06-13 10:39:10,0.3614118666089216,0
310,0692,0,2026-06-13 10:39:10,0.3614118666089216,0
311,0692,0,2026-06-13 10:39:10,0.3614118666089216,0
312,0846,0,2026-06-13 10:39:10,0.9393676916414032,0
313,0863,0,2026-06-13 10:39:10,0.9393676916414032,0
314,0993,0,2026-06-13 10:39:10,0.6996535296665223,0
315,0518,0,2026-06-13 10:39:20,0.6996535296665223,0
316,0533,0,2026-06-13 10:39:20,0.7358163707232568,1
317,0562,0,2026-06-13 10:39:20,0.0985275010827198,0
318,0692,0,2026-06-13 10:39:20,0.3614118666089216,0
319,0692,0,2026-06-13 10:39:20,0.3614118666089216,0
320,0692,0,2026-06-13 10:39:20,0.3614118666089216,0
321,0692,0,2026-06-13 10:39:20,0.3614118666089216,0
322,0846,0,2026-06-13 10:39:20,0.9393676916414032,0
323,0863,0,2026-06-13 10:39:20,0.9393676916414032,0
324,0993,0,2026-06-13 10:39:20,0.6996535296665223,0
325,0518,0,2026-06-13 10:39:30,0.6996535296665223,0
326,0533,0,2026-06-13 10:39:30,0.7358163707232568,0
327,0846,0,2026-06-13 10:39:30,0.9393676916414032,0
328,0863,0,2026-06-13 10:39:30,0.9393676916414032,1
329,0993,0,2026-06-13 10:39:30,0.6996535296665223,0
330,0518,0,2026-06-13 10:39:40,0.6996535296665223,0
331,0603,0,2026-06-13 10:39:40,0.8659592897358164,0
332,0846,0,2026-06-13 10:39:40,0.9393676916414032,0
333,0863,0,2026-06-13 10:39:40,0.9393676916414032,1
334,0993,0,2026-06-13 10:39:40,0.6996535296665223,0
335,0603,0,2026-06-13 10:39:50,0.8659592897358164,0
336,0846,0,2026-06-13 10:39:50,0.9393676916414032,1
337,0863,0,2026-06-13 10:39:50,0.9393676916414032,0
338,0993,0,2026-06-13 10:39:50,0.6996535296665223,0
339,0603,0,2026-06-13 10:40:00,0.8659592897358164,0
340,0846,0,2026-06-13 10:40:00,0.9393676916414032,0
341,0863,0,2026-06-13 10:40:00,0.9393676916414032,0
342,0993,0,2026-06-13 10:40:00,0.6996535296665223,1
343,0603,0,2026-06-13 10:40:10,0.8659592897358164,0
344,0846,0,2026-06-13 10:40:10,0.9393676916414032,0
345,0863,0,2026-06-13 10:40:10,0.9393676916414032,0
346,0993,0,2026-06-13 10:40:10,0.6996535296665223,0
347,0603,0,2026-06-13 10:40:20,0.8659592897358164,0
348,0846,0,2026-06-13 10:40:20,0.9393676916414032,0
349,0863,0,2026-06-13 10:40:20,0.9393676916414032,0
350,0993,0,2026-06-13 10:40:20,0.6996535296665223,0
351,0996,0,2026-06-13 10:40:20,1.0000000000000000,0
352,0603,0,2026-06-13 10:40:30,0.8659592897358164,0
353,0993,0,2026-06-13 10:40:30,0.6996535296665223,0
354,0996,0,2026-06-13 10:40:30,1.0000000000000000,0
355,0603,0,2026-06-13 10:40:40,0.8659592897358164,0
356,0996,0,2026-06-13 10:40:40,1.0000000000000000,0
357,0520,0,2026-06-13 10:40:50,0.0985275010827198,0
358,0603,0,2026-06-13 10:40:50,0.8659592897358164,0
359,0996,0,2026-06-13 10:40:50,1.0000000000000000,0
360,0520,0,2026-06-13 10:41:00,0.0985275010827198,0
361,0603,0,2026-06-13 10:41:00,0.8659592897358164,0
362,0996,0,2026-06-13 10:41:00,1.0000000000000000,0
363,0520,0,2026-06-13 10:41:10,0.0985275010827198,0
364,0603,0,2026-06-13 10:41:10,0.8659592897358164,0
365,0996,0,2026-06-13 10:41:10,1.0000000000000000,0
366,0520,0,2026-06-13 10:41:20,0.0985275010827198,0
367,0603,0,2026-06-13 10:41:20,0.8659592897358164,0
368,0996,0,2026-06-13 10:41:20,1.0000000000000000,0
369,0520,0,2026-06-13 10:41:30,0.0985275010827198,0
370,0603,0,2026-06-13 10:41:30,0.8659592897358164,0
371,0996,0,2026-06-13 10:41:30,1.0000000000000000,0
372,0520,0,2026-06-13 10:41:40,0.0985275010827198,0
373,0996,0,2026-06-13 10:41:40,1.0000000000000000,0
374,0520,0,2026-06-13 10:41:50,0.0985275010827198,0
375,0996,0,2026-06-13 10:41:50,1.0000000000000000,0
376,0520,0,2026-06-13 10:42:00,0.0985275010827198,0
377,0996,0,2026-06-13 10:42:00,1.0000000000000000,0
378,0290,0,2026-06-13 10:44:30,1.0000000000000000,0
379,0290,0,2026-06-13 10:44:40,1.0000000000000000,0
380,0290,0,2026-06-13 10:44:50,1.0000000000000000,0
381,0290,0,2026-06-13 10:45:00,1.0000000000000000,1
382,0290,0,2026-06-13 10:45:10,1.0000000000000000,0
383,0290,0,2026-06-13 10:45:20,1.0000000000000000,0
384,0290,0,2026-06-13 10:45:30,1.0000000000000000,0
385,0290,0,2026-06-13 10:45:40,1.0000000000000000,0
386,0290,0,2026-06-13 10:45:50,1.0000000000000000,0
387,0445,0,2026-06-13 10:46:10,0.3614118666089216,1
388,0445,0,2026-06-13 10:46:20,0.3614118666089216,1
389,0464,0,2026-06-13 10:46:20,0.9393676916414032,0
390,0445,0,2026-06-13 10:46:30,0.3614118666089216,0
391,0464,0,2026-06-13 10:46:30,0.9393676916414032,0
392,0445,0,2026-06-13 10:46:40,0.3614118666089216,0
393,0464,0,2026-06-13 10:46:40,0.9393676916414032,0
394,0445,0,2026-06-13 10:46:50,0.3614118666089216,0
395,0464,0,2026-06-13 10:46:50,0.9393676916414032,1
396,0445,0,2026-06-13 10:47:00,0.3614118666089216,0
397,0464,0,2026-06-13 10:47:00,0.9393676916414032,0
398,0445,0,2026-06-13 10:47:10,0.3614118666089216,0
399,0464,0,2026-06-13 10:47:10,0.9393676916414032,0
400,0445,0,2026-06-13 10:47:20,0.3614118666089216,0
401,0464,0,2026-06-13 10:47:20,0.9393676916414032,0
402,0445,0,2026-06-13 10:47:30,0.3614118666089216,0
403,0464,0,2026-06-13 10:47:30,0.9393676916414032,0
404,0843,0,2026-06-13 10:47:30,0.0985275010827198,0
405,0445,0,2026-06-13 10:47:40,0.3614118666089216,0
406,0464,0,2026-06-13 10:47:40,0.9393676916414032,0
407,0843,0,2026-06-13 10:47:40,0.0985275010827198,0
408,0464,0,2026-06-13 10:47:50,0.9393676916414032,0
409,0843,0,2026-06-13 10:47:50,0.0985275010827198,1
410,0464,0,2026-06-13 10:48:00,0.9393676916414032,0
411,0843,0,2026-06-13 10:48:00,0.0985275010827198,0
412,0843,0,2026-06-13 10:48:10,0.0985275010827198,0
413,0843,0,2026-06-13 10:48:20,0.0985275010827198,0
414,0843,0,2026-06-13 10:48:30,0.0985275010827198,0
415,0843,0,2026-06-13 10:48:40,0.0985275010827198,0
416,0843,0,2026-06-13 10:48:50,0.0985275010827198,0
417,0147,0,2026-06-13 12:29:00,0.6996535296665223,0
418,0434,0,2026-06-13 12:29:00,1.0000000000000000,0
419,0434,0,2026-06-13 12:29:00,1.0000000000000000,0
420,0147,0,2026-06-13 12:29:10,0.6996535296665223,0
421,0434,0,2026-06-13 12:29:10,1.0000000000000000,0
422,0147,0,2026-06-13 12:29:20,0.6996535296665223,1
423,0434,0,2026-06-13 12:29:20,1.0000000000000000,0
424,0434,0,2026-06-13 12:29:20,1.0000000000000000,0
425,0147,0,2026-06-13 12:29:30,0.6996535296665223,0
426,0434,0,2026-06-13 12:29:30,1.0000000000000000,0
427,0434,0,2026-06-13 12:29:30,1.0000000000000000,0
428,0434,0,2026-06-13 12:29:30,1.0000000000000000,0
429,0434,0,2026-06-13 12:29:30,1.0000000000000000,0
430,0147,0,2026-06-13 12:29:40,0.6996535296665223,1
431,0434,0,2026-06-13 12:29:40,1.0000000000000000,0
432,0434,0,2026-06-13 12:29:40,1.0000000000000000,0
433,0434,0,2026-06-13 12:29:40,1.0000000000000000,0
434,0434,0,2026-06-13 12:29:40,1.0000000000000000,0
435,0147,0,2026-06-13 12:29:50,0.6996535296665223,0
436,0434,0,2026-06-13 12:29:50,1.0000000000000000,0
437,0434,0,2026-06-13 12:29:50,1.0000000000000000,0
438,0434,0,2026-06-13 12:29:50,1.0000000000000000,0
439,0434,0,2026-06-13 12:29:50,1.0000000000000000,0
440,0147,0,2026-06-13 12:30:00,0.6996535296665223,0
441,0434,0,2026-06-13 12:30:00,1.0000000000000000,0
442,0434,0,2026-06-13 12:30:00,1.0000000000000000,0
443,0434,0,2026-06-13 12:30:00,1.0000000000000000,0
444,0587,0,2026-06-13 12:30:00,0.4527934170636639,0
445,0147,0,2026-06-13 12:30:10,0.6996535296665223,0
446,0434,0,2026-06-13 12:30:10,1.0000000000000000,0
447,0434,0,2026-06-13 12:30:10,1.0000000000000000,0
448,0434,0,2026-06-13 12:30:10,1.0000000000000000,0
449,0434,0,2026-06-13 12:30:10,1.0000000000000000,0
450,0587,0,2026-06-13 12:30:10,0.4527934170636639,1
451,0147,0,2026-06-13 12:30:20,0.6996535296665223,0
452,0434,0,2026-06-13 12:30:20,1.0000000000000000,0
453,0434,0,2026-06-13 12:30:20,1.0000000000000000,0
454,0587,0,2026-06-13 12:30:20,0.4527934170636639,0
455,0147,0,2026-06-13 12:30:30,0.6996535296665223,0
456,0434,0,2026-06-13 12:30:30,1.0000000000000000,0
457,0434,0,2026-06-13 12:30:30,1.0000000000000000,0
458,0607,0,2026-06-13 12:30:30,0.9393676916414032,0
459,0434,0,2026-06-13 12:30:40,1.0000000000000000,0
460,0607,0,2026-06-13 12:30:40,0.9393676916414032,0
461,0607,0,2026-06-13 12:30:50,0.9393676916414032,1
462,0607,0,2026-06-13 12:31:00,0.9393676916414032,0
463,0117,0,2026-06-13 12:31:10,0.0985275010827198,0
464,0607,0,2026-06-13 12:31:10,0.9393676916414032,0
465,0117,0,2026-06-13 12:31:20,0.0985275010827198,0
466,0607,0,2026-06-13 12:31:20,0.9393676916414032,0
467,0117,0,2026-06-13 12:31:30,0.0985275010827198,0
468,0117,0,2026-06-13 12:31:40,0.0985275010827198,1
469,0117,0,2026-06-13 12:31:50,0.0985275010827198,0
470,0117,0,2026-06-13 12:32:00,0.0985275010827198,1
471,0117,0,2026-06-13 12:32:10,0.0985275010827198,0
472,0117,0,2026-06-13 12:32:20,0.0985275010827198,0
473,0117,0,2026-06-13 12:32:30,0.0985275010827198,0
474,0055,0,2026-06-13 12:32:40,0.7358163707232568,0
475,0117,0,2026-06-13 12:32:40,0.0985275010827198,0
476,0055,0,2026-06-13 12:32:50,0.7358163707232568,1
477,0055,0,2026-06-13 12:33:00,0.7358163707232568,1
478,0055,0,2026-06-13 12:33:10,0.7358163707232568,0
479,0055,0,2026-06-13 12:33:20,0.7358163707232568,0
480,0116,0,2026-06-13 12:33:20,0.2223906453009961,1
481,0055,0,2026-06-13 12:33:30,0.7358163707232568,0
482,0116,0,2026-06-13 12:33:30,0.2223906453009961,0
483,0010,0,2026-06-13 12:33:40,0.6996535296665223,1
484,0055,0,2026-06-13 12:33:40,0.7358163707232568,0
485,0116,0,2026-06-13 12:33:40,0.2223906453009961,0
486,0010,0,2026-06-13 12:33:50,0.6996535296665223,1
487,0020,0,2026-06-13 12:33:50,0.4527934170636639,0
488,0020,0,2026-06-13 12:33:50,0.4527934170636639,0
489,0055,0,2026-06-13 12:33:50,0.7358163707232568,0
490,0116,0,2026-06-13 12:33:50,0.2223906453009961,0
491,0953,0,2026-06-13 12:33:50,0.8055435253356431,0
492,0010,0,2026-06-13 12:34:00,0.6996535296665223,0
493,0020,0,2026-06-13 12:34:00,0.4527934170636639,0
494,0020,0,2026-06-13 12:34:00,0.4527934170636639,0
495,0055,0,2026-06-13 12:34:00,0.7358163707232568,0
496,0116,0,2026-06-13 12:34:00,0.2223906453009961,0
497,0555,0,2026-06-13 12:34:00,0.0985275010827198,0
498,0691,0,2026-06-13 12:34:00,0.4527934170636639,0
499,0953,0,2026-06-13 12:34:00,0.8055435253356431,0
500,0010,0,2026-06-13 12:34:10,0.6996535296665223,0
501,0014,0,2026-06-13 12:34:10,0.5634473798181031,0
502,0020,0,2026-06-13 12:34:10,0.4527934170636639,0
503,0020,0,2026-06-13 12:34:10,0.4527934170636639,0
504,0055,0,2026-06-13 12:34:10,0.7358163707232568,0
505,0077,0,2026-06-13 12:34:10,0.5634473798181031,1
506,0116,0,2026-06-13 12:34:10,0.2223906453009961,0
507,0555,0,2026-06-13 12:34:10,0.0985275010827198,0
508,0691,0,2026-06-13 12:34:10,0.4527934170636639,0
509,0953,0,2026-06-13 12:34:10,0.8055435253356431,0
510,0010,0,2026-06-13 12:34:20,0.6996535296665223,0
511,0014,0,2026-06-13 12:34:20,0.5634473798181031,0
512,0020,0,2026-06-13 12:34:20,0.4527934170636639,0
513,0020,0,2026-06-13 12:34:20,0.4527934170636639,0
514,0020,0,2026-06-13 12:34:20,0.4527934170636639,0
515,0020,0,2026-06-13 12:34:20,0.4527934170636639,0
516,0077,0,2026-06-13 12:34:20,0.5634473798181031,0
517,0116,0,2026-06-13 12:34:20,0.2223906453009961,0
518,0131,0,2026-06-13 12:34:20,0.5634473798181031,0
519,0555,0,2026-06-13 12:34:20,0.0985275010827198,0
520,0691,0,2026-06-13 12:34:20,0.4527934170636639,0
521,0953,0,2026-06-13 12:34:20,0.8055435253356431,0
522,0010,0,2026-06-13 12:34:30,0.6996535296665223,0
523,0014,0,2026-06-13 12:34:30,0.5634473798181031,0
524,0020,0,2026-06-13 12:34:30,0.4527934170636639,0
525,0020,0,2026-06-13 12:34:30,0.4527934170636639,0
526,0020,0,2026-06-13 12:34:30,0.4527934170636639,0
527,0020,0,2026-06-13 12:34:30,0.4527934170636639,0
528,0063,0,2026-06-13 12:34:30,0.8055435253356431,0
529,0063,0,2026-06-13 12:34:30,0.8055435253356431,0
530,0077,0,2026-06-13 12:34:30,0.5634473798181031,1
531,0116,0,2026-06-13 12:34:30,0.2223906453009961,0
532,0131,0,2026-06-13 12:34:30,0.5634473798181031,0
533,0555,0,2026-06-13 12:34:30,0.0985275010827198,0
534,0691,0,2026-06-13 12:34:30,0.4527934170636639,0
535,0953,0,2026-06-13 12:34:30,0.8055435253356431,0
536,0010,0,2026-06-13 12:34:40,0.6996535296665223,0
537,0014,0,2026-06-13 12:34:40,0.5634473798181031,0
538,0020,0,2026-06-13 12:34:40,0.4527934170636639,0
539,0020,0,2026-06-13 12:34:40,0.4527934170636639,0
540,0020,0,2026-06-13 12:34:40,0.4527934170636639,0
541,0063,0,2026-06-13 12:34:40,0.8055435253356431,0
542,0077,0,2026-06-13 12:34:40,0.5634473798181031,0
543,0116,0,2026-06-13 12:34:40,0.2223906453009961,0
544,0131,0,2026-06-13 12:34:40,0.5634473798181031,0
545,0555,0,2026-06-13 12:34:40,0.0985275010827198,0
546,0691,0,2026-06-13 12:34:40,0.4527934170636639,0
547,0953,0,2026-06-13 12:34:40,0.8055435253356431,0
548,0010,0,2026-06-13 12:34:50,0.6996535296665223,0
549,0014,0,2026-06-13 12:34:50,0.5634473798181031,0
550,0020,0,2026-06-13 12:34:50,0.4527934170636639,0
551,0020,0,2026-06-13 12:34:50,0.4527934170636639,0
552,0063,0,2026-06-13 12:34:50,0.8055435253356431,0
553,0077,0,2026-06-13 12:34:50,0.5634473798181031,0
554,0116,0,2026-06-13 12:34:50,0.2223906453009961,0
555,0131,0,2026-06-13 12:34:50,0.5634473798181031,0
556,0555,0,2026-06-13 12:34:50,0.0985275010827198,0
557,0691,0,2026-06-13 12:34:50,0.4527934170636639,0
558,0953,0,2026-06-13 12:34:50,0.8055435253356431,0
559,0010,0,2026-06-13 12:35:00,0.6996535296665223,0
560,0014,0,2026-06-13 12:35:00,0.5634473798181031,0
561,0020,0,2026-06-13 12:35:00,0.4527934170636639,0
562,0063,0,2026-06-13 12:35:00,0.8055435253356431,0
563,0063,0,2026-06-13 12:35:00,0.8055435253356431,0
564,0063,0,2026-06-13 12:35:00,0.8055435253356431,0
565,0077,0,2026-06-13 12:35:00,0.5634473798181031,0
566,0116,0,2026-06-13 12:35:00,0.2223906453009961,0
567,0131,0,2026-06-13 12:35:00,0.5634473798181031,0
568,0555,0,2026-06-13 12:35:00,0.0985275010827198,0
569,0691,0,2026-06-13 12:35:00,0.4527934170636639,0
570,0953,0,2026-06-13 12:35:00,0.8055435253356431,0
571,0014,0,2026-06-13 12:35:10,0.5634473798181031,0
572,0063,0,2026-06-13 12:35:10,0.8055435253356431,0
573,0063,0,2026-06-13 12:35:10,0.8055435253356431,0
574,0063,0,2026-06-13 12:35:10,0.8055435253356431,0
575,0077,0,2026-06-13 12:35:10,0.5634473798181031,0
576,0131,0,2026-06-13 12:35:10,0.5634473798181031,0
577,0555,0,2026-06-13 12:35:10,0.0985275010827198,0
578,0691,0,2026-06-13 12:35:10,0.4527934170636639,0
579,0953,0,2026-06-13 12:35:10,0.8055435253356431,0
580,0014,0,2026-06-13 12:35:20,0.5634473798181031,0
581,0063,0,2026-06-13 12:35:20,0.8055435253356431,0
582,0063,0,2026-06-13 12:35:20,0.8055435253356431,0
583,0063,0,2026-06-13 12:35:20,0.8055435253356431,0
584,0063,0,2026-06-13 12:35:20,0.8055435253356431,0
585,0077,0,2026-06-13 12:35:20,0.5634473798181031,0
586,0131,0,2026-06-13 12:35:20,0.5634473798181031,0
587,0555,0,2026-06-13 12:35:20,0.0985275010827198,0
588,0691,0,2026-06-13 12:35:20,0.4527934170636639,0
589,0834,0,2026-06-13 12:35:20,0.4527934170636639,1
590,0953,0,2026-06-13 12:35:20,0.8055435253356431,0
591,0014,0,2026-06-13 12:35:30,0.5634473798181031,0
592,0063,0,2026-06-13 12:35:30,0.8055435253356431,0
593,0063,0,2026-06-13 12:35:30,0.8055435253356431,0
594,0077,0,2026-06-13 12:35:30,0.5634473798181031,0
595,0131,0,2026-06-13 12:35:30,0.5634473798181031,0
596,0555,0,2026-06-13 12:35:30,0.0985275010827198,0
597,0691,0,2026-06-13 12:35:30,0.4527934170636639,0
598,0834,0,2026-06-13 12:35:30,0.4527934170636639,0
599,0953,0,2026-06-13 12:35:30,0.8055435253356431,0
600,0014,0,2026-06-13 12:35:40,0.5634473798181031,0
601,0063,0,2026-06-13 12:35:40,0.8055435253356431,0
602,0063,0,2026-06-13 12:35:40,0.8055435253356431,0
603,0077,0,2026-06-13 12:35:40,0.5634473798181031,0
604,0131,0,2026-06-13 12:35:40,0.5634473798181031,0
605,0555,0,2026-06-13 12:35:40,0.0985275010827198,0
606,0691,0,2026-06-13 12:35:40,0.4527934170636639,0
607,0834,0,2026-06-13 12:35:40,0.4527934170636639,0
608,0953,0,2026-06-13 12:35:40,0.8055435253356431,0
609,0014,0,2026-06-13 12:35:50,0.5634473798181031,1
610,0063,0,2026-06-13 12:35:50,0.8055435253356431,0
611,0077,0,2026-06-13 12:35:50,0.5634473798181031,0
612,0131,0,2026-06-13 12:35:50,0.5634473798181031,0
613,0555,0,2026-06-13 12:35:50,0.0985275010827198,0
614,0691,0,2026-06-13 12:35:50,0.4527934170636639,0
615,0834,0,2026-06-13 12:35:50,0.4527934170636639,0
616,0077,0,2026-06-13 12:36:00,0.5634473798181031,0
617,0131,0,2026-06-13 12:36:00,0.5634473798181031,0
618,0131,0,2026-06-13 12:36:10,0.5634473798181031,1
619,0322,0,2026-06-13 14:04:10,0.3614118666089216,0
620,0322,0,2026-06-13 14:04:20,0.3614118666089216,0
621,0322,0,2026-06-13 14:04:30,0.3614118666089216,0
622,0322,0,2026-06-13 14:04:40,0.3614118666089216,0
623,0322,0,2026-06-13 14:04:50,0.3614118666089216,0
624,0322,0,2026-06-13 14:05:00,0.3614118666089216,0
625,0322,0,2026-06-13 14:05:10,0.3614118666089216,0
626,0322,0,2026-06-13 14:05:20,0.3614118666089216,0
627,0322,0,2026-06-13 14:05:30,0.3614118666089216,0
628,0608,0,2026-06-13 14:11:10,0.0985275010827198,0
629,0283,0,2026-06-13 14:11:20,0.6327414465136423,0
630,0608,0,2026-06-13 14:11:20,0.0985275010827198,0
631,0283,0,2026-06-13 14:11:30,0.6327414465136423,0
632,0608,0,2026-06-13 14:11:30,0.0985275010827198,0
633,0283,0,2026-06-13 14:11:40,0.6327414465136423,0
634,0608,0,2026-06-13 14:11:40,0.0985275010827198,1
635,0283,0,2026-06-13 14:11:50,0.6327414465136423,1
636,0608,0,2026-06-13 14:11:50,0.0985275010827198,0
637,0283,0,2026-06-13 14:12:00,0.6327414465136423,0
638,0608,0,2026-06-13 14:12:00,0.0985275010827198,0
639,0283,0,2026-06-13 14:12:10,0.6327414465136423,0
640,0608,0,2026-06-13 14:12:10,0.0985275010827198,0
641,0283,0,2026-06-13 14:12:20,0.6327414465136423,0
642,0608,0,2026-06-13 14:12:20,0.0985275010827198,0
643,0283,0,2026-06-13 14:12:30,0.6327414465136423,0
644,0608,0,2026-06-13 14:12:30,0.0985275010827198,0
645,0712,0,2026-06-13 14:12:30,0.2223906453009961,0
646,0283,0,2026-06-13 14:12:40,0.6327414465136423,0
647,0608,0,2026-06-13 14:12:40,0.0985275010827198,0
648,0712,0,2026-06-13 14:12:40,0.2223906453009961,0
649,0283,0,2026-06-13 14:12:50,0.6327414465136423,0
650,0608,0,2026-06-13 14:12:50,0.0985275010827198,0
651,0712,0,2026-06-13 14:12:50,0.2223906453009961,0
652,0283,0,2026-06-13 14:13:00,0.6327414465136423,0
653,0608,0,2026-06-13 14:13:00,0.0985275010827198,0
654,0712,0,2026-06-13 14:13:00,0.2223906453009961,0
655,0283,0,2026-06-13 14:13:10,0.6327414465136423,0
656,0712,0,2026-06-13 14:13:10,0.2223906453009961,0
657,0712,0,2026-06-13 14:13:20,0.2223906453009961,0
658,0313,0,2026-06-13 14:13:30,0.1429190125595496,0
659,0712,0,2026-06-13 14:13:30,0.2223906453009961,0
660,0313,0,2026-06-13 14:13:40,0.1429190125595496,0
661,0712,0,2026-06-13 14:13:40,0.2223906453009961,0
662,0313,0,2026-06-13 14:13:50,0.1429190125595496,0
663,0712,0,2026-06-13 14:13:50,0.2223906453009961,0
664,0313,0,2026-06-13 14:14:00,0.1429190125595496,0
665,0313,0,2026-06-13 14:14:10,0.1429190125595496,1
666,0313,0,2026-06-13 14:14:20,0.1429190125595496,0
667,0313,0,2026-06-13 14:14:30,0.1429190125595496,0
668,0313,0,2026-06-13 14:14:40,0.1429190125595496,0
669,0463,0,2026-06-13 14:14:40,0.2223906453009961,0
670,0463,0,2026-06-13 14:14:50,0.2223906453009961,0
671,0463,0,2026-06-13 14:15:00,0.2223906453009961,0
672,0463,0,2026-06-13 14:15:10,0.2223906453009961,1
673,0463,0,2026-06-13 14:15:20,0.2223906453009961,0
674,0463,0,2026-06-13 14:15:30,0.2223906453009961,1
675,0463,0,2026-06-13 14:15:40,0.2223906453009961,0
676,0677,0,2026-06-13 14:15:40,0.4527934170636639,0
677,0304,0,2026-06-13 14:15:50,0.6996535296665223,1
678,0463,0,2026-06-13 14:15:50,0.2223906453009961,0
679,0677,0,2026-06-13 14:15:50,0.4527934170636639,0
680,0304,0,2026-06-13 14:16:00,0.6996535296665223,1
681,0463,0,2026-06-13 14:16:00,0.2223906453009961,0
682,0677,0,2026-06-13 14:16:00,0.4527934170636639,0
683,0304,0,2026-06-13 14:16:10,0.6996535296665223,0
684,0463,0,2026-06-13 14:16:10,0.2223906453009961,0
685,0677,0,2026-06-13 14:16:10,0.4527934170636639,0
686,0857,0,2026-06-13 14:16:10,0.9393676916414032,0
687,0304,0,2026-06-13 14:16:20,0.6996535296665223,0
688,0381,0,2026-06-13 14:16:20,0.5634473798181031,0
689,0677,0,2026-06-13 14:16:20,0.4527934170636639,0
690,0857,0,2026-06-13 14:16:20,0.9393676916414032,0
691,0304,0,2026-06-13 14:16:30,0.6996535296665223,0
692,0381,0,2026-06-13 14:16:30,0.5634473798181031,0
693,0677,0,2026-06-13 14:16:30,0.4527934170636639,0
694,0857,0,2026-06-13 14:16:30,0.9393676916414032,0
695,0304,0,2026-06-13 14:16:40,0.6996535296665223,0
696,0381,0,2026-06-13 14:16:40,0.5634473798181031,0
697,0677,0,2026-06-13 14:16:40,0.4527934170636639,0
698,0857,0,2026-06-13 14:16:40,0.9393676916414032,0
699,0304,0,2026-06-13 14:16:50,0.6996535296665223,0
700,0381,0,2026-06-13 14:16:50,0.5634473798181031,0
701,0677,0,2026-06-13 14:16:50,0.4527934170636639,0
702,0857,0,2026-06-13 14:16:50,0.9393676916414032,0
703,0304,0,2026-06-13 14:17:00,0.6996535296665223,0
704,0381,0,2026-06-13 14:17:00,0.5634473798181031,0
705,0677,0,2026-06-13 14:17:00,0.4527934170636639,0
706,0857,0,2026-06-13 14:17:00,0.9393676916414032,0
707,0304,0,2026-06-13 14:17:10,0.6996535296665223,0
708,0381,0,2026-06-13 14:17:10,0.5634473798181031,0
709,0677,0,2026-06-13 14:17:10,0.4527934170636639,0
710,0857,0,2026-06-13 14:17:10,0.9393676916414032,0
711,0304,0,2026-06-13 14:17:20,0.6996535296665223,0
712,0381,0,2026-06-13 14:17:20,0.5634473798181031,0
713,0677,0,2026-06-13 14:17:20,0.4527934170636639,0
714,0857,0,2026-06-13 14:17:20,0.9393676916414032,0
715,0304,0,2026-06-13 14:17:30,0.6996535296665223,0
716,0381,0,2026-06-13 14:17:30,0.5634473798181031,0
717,0857,0,2026-06-13 14:17:30,0.9393676916414032,1
718,0381,0,2026-06-13 14:17:40,0.5634473798181031,0
719,0857,0,2026-06-13 14:17:40,0.9393676916414032,0
720,0381,0,2026-06-13 14:17:50,0.5634473798181031,0
721,0381,0,2026-06-13 14:18:00,0.5634473798181031,0
722,0381,0,2026-06-13 14:18:10,0.5634473798181031,0
723,0469,0,2026-06-13 15:12:00,0.6327414465136423,1
724,0469,0,2026-06-13 15:12:10,0.6327414465136423,0
725,0580,0,2026-06-13 15:32:40,0.6327414465136423,0
726,0580,0,2026-06-13 15:32:40,0.6327414465136423,0
727,0580,0,2026-06-13 15:32:50,0.6327414465136423,0
728,0580,0,2026-06-13 15:32:50,0.6327414465136423,0
729,0580,0,2026-06-13 15:32:50,0.6327414465136423,0
730,0847,0,2026-06-13 15:32:50,0.0985275010827198,1
731,0580,0,2026-06-13 15:33:00,0.6327414465136423,0
732,0580,0,2026-06-13 15:33:00,0.6327414465136423,0
733,0580,0,2026-06-13 15:33:00,0.6327414465136423,0
734,0580,0,2026-06-13 15:33:00,0.6327414465136423,0
735,0847,0,2026-06-13 15:33:00,0.0985275010827198,0
736,0580,0,2026-06-13 15:33:10,0.6327414465136423,0
737,0580,0,2026-06-13 15:33:10,0.6327414465136423,0
738,0580,0,2026-06-13 15:33:10,0.6327414465136423,0
739,0580,0,2026-06-13 15:33:10,0.6327414465136423,0
740,0580,0,2026-06-13 15:33:10,0.6327414465136423,0
741,0580,0,2026-06-13 15:33:10,0.6327414465136423,0
742,0847,0,2026-06-13 15:33:10,0.0985275010827198,0
743,0580,0,2026-06-13 15:33:20,0.6327414465136423,0
744,0580,0,2026-06-13 15:33:20,0.6327414465136423,0
745,0580,0,2026-06-13 15:33:20,0.6327414465136423,0
746,0580,0,2026-06-13 15:33:20,0.6327414465136423,0
747,0580,0,2026-06-13 15:33:20,0.6327414465136423,0
748,0580,0,2026-06-13 15:33:20,0.6327414465136423,0
749,0580,0,2026-06-13 15:33:20,0.6327414465136423,0
750,0580,0,2026-06-13 15:33:20,0.6327414465136423,0
751,0847,0,2026-06-13 15:33:20,0.0985275010827198,0
752,0580,0,2026-06-13 15:33:30,0.6327414465136423,0
753,0580,0,2026-06-13 15:33:30,0.6327414465136423,0
754,0580,0,2026-06-13 15:33:30,0.6327414465136423,0
755,0580,0,2026-06-13 15:33:30,0.6327414465136423,0
756,0580,0,2026-06-13 15:33:30,0.6327414465136423,0
757,0580,0,2026-06-13 15:33:30,0.6327414465136423,0
758,0580,0,2026-06-13 15:33:30,0.6327414465136423,0
759,0580,0,2026-06-13 15:33:30,0.6327414465136423,0
760,0847,0,2026-06-13 15:33:30,0.0985275010827198,0
761,0962,0,2026-06-13 15:33:30,0.5634473798181031,1
762,0203,0,2026-06-13 15:33:40,0.4527934170636639,0
763,0580,0,2026-06-13 15:33:40,0.6327414465136423,0
764,0580,0,2026-06-13 15:33:40,0.6327414465136423,0
765,0580,0,2026-06-13 15:33:40,0.6327414465136423,0
766,0580,0,2026-06-13 15:33:40,0.6327414465136423,0
767,0580,0,2026-06-13 15:33:40,0.6327414465136423,0
768,0580,0,2026-06-13 15:33:40,0.6327414465136423,0
769,0580,0,2026-06-13 15:33:40,0.6327414465136423,0
770,0580,0,2026-06-13 15:33:40,0.6327414465136423,0
771,0847,0,2026-06-13 15:33:40,0.0985275010827198,0
772,0962,0,2026-06-13 15:33:40,0.5634473798181031,0
773,0203,0,2026-06-13 15:33:50,0.4527934170636639,0
774,0580,0,2026-06-13 15:33:50,0.6327414465136423,0
775,0580,0,2026-06-13 15:33:50,0.6327414465136423,0
776,0580,0,2026-06-13 15:33:50,0.6327414465136423,0
777,0580,0,2026-06-13 15:33:50,0.6327414465136423,0
778,0580,0,2026-06-13 15:33:50,0.6327414465136423,0
779,0580,0,2026-06-13 15:33:50,0.6327414465136423,0
780,0580,0,2026-06-13 15:33:50,0.6327414465136423,0
781,0847,0,2026-06-13 15:33:50,0.0985275010827198,0
782,0946,0,2026-06-13 15:33:50,0.1429190125595496,0
783,0962,0,2026-06-13 15:33:50,0.5634473798181031,0
784,0203,0,2026-06-13 15:34:00,0.4527934170636639,0
785,0374,0,2026-06-13 15:34:00,1.0000000000000000,0
786,0392,0,2026-06-13 15:34:00,0.4527934170636639,0
787,0580,0,2026-06-13 15:34:00,0.6327414465136423,0
788,0580,0,2026-06-13 15:34:00,0.6327414465136423,0
789,0580,0,2026-06-13 15:34:00,0.6327414465136423,0
790,0580,0,2026-06-13 15:34:00,0.6327414465136423,0
791,0582,0,2026-06-13 15:34:00,0.2223906453009961,1
792,0710,0,2026-06-13 15:34:00,0.0985275010827198,0
793,0710,0,2026-06-13 15:34:00,0.0985275010827198,0
794,0710,0,2026-06-13 15:34:00,0.0985275010827198,0
795,0847,0,2026-06-13 15:34:00,0.0985275010827198,0
796,0946,0,2026-06-13 15:34:00,0.1429190125595496,0
797,0962,0,2026-06-13 15:34:00,0.5634473798181031,0
798,0203,0,2026-06-13 15:34:10,0.4527934170636639,0
799,0374,0,2026-06-13 15:34:10,1.0000000000000000,0
800,0392,0,2026-06-13 15:34:10,0.4527934170636639,0
801,0580,0,2026-06-13 15:34:10,0.6327414465136423,0
802,0580,0,2026-06-13 15:34:10,0.6327414465136423,0
803,0580,0,2026-06-13 15:34:10,0.6327414465136423,0
804,0582,0,2026-06-13 15:34:10,0.2223906453009961,1
805,0710,0,2026-06-13 15:34:10,0.0985275010827198,0
806,0710,0,2026-06-13 15:34:10,0.0985275010827198,0
807,0710,0,2026-06-13 15:34:10,0.0985275010827198,0
808,0710,0,2026-06-13 15:34:10,0.0985275010827198,0
809,0847,0,2026-06-13 15:34:10,0.0985275010827198,0
810,0946,0,2026-06-13 15:34:10,0.1429190125595496,0
811,0962,0,2026-06-13 15:34:10,0.5634473798181031,0
812,0985,0,2026-06-13 15:34:10,0.3614118666089216,0
813,0151,0,2026-06-13 15:34:20,0.1429190125595496,0
814,0203,0,2026-06-13 15:34:20,0.4527934170636639,0
815,0374,0,2026-06-13 15:34:20,1.0000000000000000,0
816,0392,0,2026-06-13 15:34:20,0.4527934170636639,0
817,0580,0,2026-06-13 15:34:20,0.6327414465136423,0
818,0580,0,2026-06-13 15:34:20,0.6327414465136423,0
819,0710,0,2026-06-13 15:34:20,0.0985275010827198,0
820,0710,0,2026-06-13 15:34:20,0.0985275010827198,0
821,0710,0,2026-06-13 15:34:20,0.0985275010827198,0
822,0710,0,2026-06-13 15:34:20,0.0985275010827198,0
823,0847,0,2026-06-13 15:34:20,0.0985275010827198,0
824,0946,0,2026-06-13 15:34:20,0.1429190125595496,1
825,0962,0,2026-06-13 15:34:20,0.5634473798181031,0
826,0985,0,2026-06-13 15:34:20,0.3614118666089216,0
827,0151,0,2026-06-13 15:34:30,0.1429190125595496,1
828,0203,0,2026-06-13 15:34:30,0.4527934170636639,0
829,0374,0,2026-06-13 15:34:30,1.0000000000000000,0
830,0392,0,2026-06-13 15:34:30,0.4527934170636639,0
831,0710,0,2026-06-13 15:34:30,0.0985275010827198,0
832,0710,0,2026-06-13 15:34:30,0.0985275010827198,0
833,0710,0,2026-06-13 15:34:30,0.0985275010827198,0
834,0710,0,2026-06-13 15:34:30,0.0985275010827198,0
835,0710,0,2026-06-13 15:34:30,0.0985275010827198,0
836,0946,0,2026-06-13 15:34:30,0.1429190125595496,0
837,0962,0,2026-06-13 15:34:30,0.5634473798181031,0
838,0985,0,2026-06-13 15:34:30,0.3614118666089216,0
839,0151,0,2026-06-13 15:34:40,0.1429190125595496,0
840,0203,0,2026-06-13 15:34:40,0.4527934170636639,0
841,0355,0,2026-06-13 15:34:40,0.7358163707232568,0
842,0374,0,2026-06-13 15:34:40,1.0000000000000000,0
843,0392,0,2026-06-13 15:34:40,0.4527934170636639,0
844,0710,0,2026-06-13 15:34:40,0.0985275010827198,0
845,0710,0,2026-06-13 15:34:40,0.0985275010827198,0
846,0710,0,2026-06-13 15:34:40,0.0985275010827198,0
847,0710,0,2026-06-13 15:34:40,0.0985275010827198,0
848,0710,0,2026-06-13 15:34:40,0.0985275010827198,0
849,0710,0,2026-06-13 15:34:40,0.0985275010827198,0
850,0862,0,2026-06-13 15:34:40,0.5634473798181031,1
851,0946,0,2026-06-13 15:34:40,0.1429190125595496,0
852,0962,0,2026-06-13 15:34:40,0.5634473798181031,0
853,0985,0,2026-06-13 15:34:40,0.3614118666089216,0
854,0069,0,2026-06-13 15:34:50,0.8659592897358164,0
855,0151,0,2026-06-13 15:34:50,0.1429190125595496,0
856,0203,0,2026-06-13 15:34:50,0.4527934170636639,0
857,0355,0,2026-06-13 15:34:50,0.7358163707232568,0
858,0374,0,2026-06-13 15:34:50,1.0000000000000000,0
859,0392,0,2026-06-13 15:34:50,0.4527934170636639,0
860,0710,0,2026-06-13 15:34:50,0.0985275010827198,0
861,0710,0,2026-06-13 15:34:50,0.0985275010827198,0
862,0710,0,2026-06-13 15:34:50,0.0985275010827198,0
863,0710,0,2026-06-13 15:34:50,0.0985275010827198,0
864,0710,0,2026-06-13 15:34:50,0.0985275010827198,0
865,0710,0,2026-06-13 15:34:50,0.0985275010827198,0
866,0710,0,2026-06-13 15:34:50,0.0985275010827198,0
867,0763,0,2026-06-13 15:34:50,0.8055435253356431,1
868,0862,0,2026-06-13 15:34:50,0.5634473798181031,0
869,0962,0,2026-06-13 15:34:50,0.5634473798181031,0
870,0985,0,2026-06-13 15:34:50,0.3614118666089216,0
871,0069,0,2026-06-13 15:35:00,0.8659592897358164,0
872,0151,0,2026-06-13 15:35:00,0.1429190125595496,0
873,0203,0,2026-06-13 15:35:00,0.4527934170636639,0
874,0340,0,2026-06-13 15:35:00,1.0000000000000000,0
875,0355,0,2026-06-13 15:35:00,0.7358163707232568,0
876,0374,0,2026-06-13 15:35:00,1.0000000000000000,0
877,0392,0,2026-06-13 15:35:00,0.4527934170636639,0
878,0560,0,2026-06-13 15:35:00,0.8659592897358164,1
879,0710,0,2026-06-13 15:35:00,0.0985275010827198,0
880,0710,0,2026-06-13 15:35:00,0.0985275010827198,0
881,0710,0,2026-06-13 15:35:00,0.0985275010827198,0
882,0710,0,2026-06-13 15:35:00,0.0985275010827198,0
883,0710,0,2026-06-13 15:35:00,0.0985275010827198,0
884,0710,0,2026-06-13 15:35:00,0.0985275010827198,0
885,0763,0,2026-06-13 15:35:00,0.8055435253356431,0
886,0862,0,2026-06-13 15:35:00,0.5634473798181031,0
887,0962,0,2026-06-13 15:35:00,0.5634473798181031,0
888,0985,0,2026-06-13 15:35:00,0.3614118666089216,0
889,0069,0,2026-06-13 15:35:10,0.8659592897358164,0
890,0151,0,2026-06-13 15:35:10,0.1429190125595496,0
891,0203,0,2026-06-13 15:35:10,0.4527934170636639,0
892,0340,0,2026-06-13 15:35:10,1.0000000000000000,1
893,0355,0,2026-06-13 15:35:10,0.7358163707232568,0
894,0374,0,2026-06-13 15:35:10,1.0000000000000000,0
895,0392,0,2026-06-13 15:35:10,0.4527934170636639,0
896,0560,0,2026-06-13 15:35:10,0.8659592897358164,0
897,0710,0,2026-06-13 15:35:10,0.0985275010827198,0
898,0710,0,2026-06-13 15:35:10,0.0985275010827198,0
899,0710,0,2026-06-13 15:35:10,0.0985275010827198,0
900,0710,0,2026-06-13 15:35:10,0.0985275010827198,0
901,0710,0,2026-06-13 15:35:10,0.0985275010827198,0
902,0710,0,2026-06-13 15:35:10,0.0985275010827198,0
903,0763,0,2026-06-13 15:35:10,0.8055435253356431,0
904,0862,0,2026-06-13 15:35:10,0.5634473798181031,0
905,0985,0,2026-06-13 15:35:10,0.3614118666089216,0
906,0069,0,2026-06-13 15:35:20,0.8659592897358164,0
907,0243,0,2026-06-13 15:35:20,0.8659592897358164,0
908,0340,0,2026-06-13 15:35:20,1.0000000000000000,0
909,0392,0,2026-06-13 15:35:20,0.4527934170636639,0
910,0560,0,2026-06-13 15:35:20,0.8659592897358164,0
911,0710,0,2026-06-13 15:35:20,0.0985275010827198,0
912,0710,0,2026-06-13 15:35:20,0.0985275010827198,0
913,0710,0,2026-06-13 15:35:20,0.0985275010827198,0
914,0710,0,2026-06-13 15:35:20,0.0985275010827198,0
915,0710,0,2026-06-13 15:35:20,0.0985275010827198,0
916,0710,0,2026-06-13 15:35:20,0.0985275010827198,0
917,0763,0,2026-06-13 15:35:20,0.8055435253356431,0
918,0862,0,2026-06-13 15:35:20,0.5634473798181031,0
919,0985,0,2026-06-13 15:35:20,0.3614118666089216,0
920,0069,0,2026-06-13 15:35:30,0.8659592897358164,1
921,0243,0,2026-06-13 15:35:30,0.8659592897358164,0
922,0340,0,2026-06-13 15:35:30,1.0000000000000000,0
923,0392,0,2026-06-13 15:35:30,0.4527934170636639,0
924,0560,0,2026-06-13 15:35:30,0.8659592897358164,0
925,0710,0,2026-06-13 15:35:30,0.0985275010827198,0
926,0710,0,2026-06-13 15:35:30,0.0985275010827198,0
927,0710,0,2026-06-13 15:35:30,0.0985275010827198,0
928,0763,0,2026-06-13 15:35:30,0.8055435253356431,0
929,0862,0,2026-06-13 15:35:30,0.5634473798181031,0
930,0985,0,2026-06-13 15:35:30,0.3614118666089216,0
931,0243,0,2026-06-13 15:35:40,0.8659592897358164,0
932,0340,0,2026-06-13 15:35:40,1.0000000000000000,0
933,0392,0,2026-06-13 15:35:40,0.4527934170636639,0
934,0560,0,2026-06-13 15:35:40,0.8659592897358164,0
935,0710,0,2026-06-13 15:35:40,0.0985275010827198,0
936,0710,0,2026-06-13 15:35:40,0.0985275010827198,0
937,0763,0,2026-06-13 15:35:40,0.8055435253356431,0
938,0862,0,2026-06-13 15:35:40,0.5634473798181031,0
939,0243,0,2026-06-13 15:35:50,0.8659592897358164,0
940,0340,0,2026-06-13 15:35:50,1.0000000000000000,0
941,0392,0,2026-06-13 15:35:50,0.4527934170636639,0
942,0560,0,2026-06-13 15:35:50,0.8659592897358164,0
943,0710,0,2026-06-13 15:35:50,0.0985275010827198,0
944,0710,0,2026-06-13 15:35:50,0.0985275010827198,0
945,0763,0,2026-06-13 15:35:50,0.8055435253356431,0
946,0862,0,2026-06-13 15:35:50,0.5634473798181031,0
947,0930,0,2026-06-13 15:35:50,0.6327414465136423,0
948,0243,0,2026-06-13 15:36:00,0.8659592897358164,0
949,0305,0,2026-06-13 15:36:00,0.5634473798181031,0
950,0340,0,2026-06-13 15:36:00,1.0000000000000000,0
951,0560,0,2026-06-13 15:36:00,0.8659592897358164,0
952,0763,0,2026-06-13 15:36:00,0.8055435253356431,0
953,0806,0,2026-06-13 15:36:00,0.9393676916414032,1
954,0862,0,2026-06-13 15:36:00,0.5634473798181031,0
955,0930,0,2026-06-13 15:36:00,0.6327414465136423,0
956,0243,0,2026-06-13 15:36:10,0.8659592897358164,0
957,0305,0,2026-06-13 15:36:10,0.5634473798181031,0
958,0340,0,2026-06-13 15:36:10,1.0000000000000000,0
959,0560,0,2026-06-13 15:36:10,0.8659592897358164,0
960,0733,0,2026-06-13 15:36:10,0.6996535296665223,0
961,0763,0,2026-06-13 15:36:10,0.8055435253356431,0
962,0806,0,2026-06-13 15:36:10,0.9393676916414032,1
963,0862,0,2026-06-13 15:36:10,0.5634473798181031,0
964,0930,0,2026-06-13 15:36:10,0.6327414465136423,0
965,0243,0,2026-06-13 15:36:20,0.8659592897358164,0
966,0305,0,2026-06-13 15:36:20,0.5634473798181031,0
967,0340,0,2026-06-13 15:36:20,1.0000000000000000,0
968,0560,0,2026-06-13 15:36:20,0.8659592897358164,0
969,0733,0,2026-06-13 15:36:20,0.6996535296665223,0
970,0763,0,2026-06-13 15:36:20,0.8055435253356431,0
971,0806,0,2026-06-13 15:36:20,0.9393676916414032,0
972,0930,0,2026-06-13 15:36:20,0.6327414465136423,0
973,0243,0,2026-06-13 15:36:30,0.8659592897358164,0
974,0305,0,2026-06-13 15:36:30,0.5634473798181031,0
975,0340,0,2026-06-13 15:36:30,1.0000000000000000,0
976,0560,0,2026-06-13 15:36:30,0.8659592897358164,0
977,0733,0,2026-06-13 15:36:30,0.6996535296665223,0
978,0763,0,2026-06-13 15:36:30,0.8055435253356431,0
979,0806,0,2026-06-13 15:36:30,0.9393676916414032,0
980,0930,0,2026-06-13 15:36:30,0.6327414465136423,0
981,0243,0,2026-06-13 15:36:40,0.8659592897358164,0
982,0305,0,2026-06-13 15:36:40,0.5634473798181031,0
983,0340,0,2026-06-13 15:36:40,1.0000000000000000,0
984,0560,0,2026-06-13 15:36:40,0.8659592897358164,0
985,0733,0,2026-06-13 15:36:40,0.6996535296665223,0
986,0806,0,2026-06-13 15:36:40,0.9393676916414032,0
987,0930,0,2026-06-13 15:36:40,0.6327414465136423,0
988,0243,0,2026-06-13 15:36:50,0.8659592897358164,0
989,0305,0,2026-06-13 15:36:50,0.5634473798181031,1
990,0733,0,2026-06-13 15:36:50,0.6996535296665223,0
991,0806,0,2026-06-13 15:36:50,0.9393676916414032,0
992,0930,0,2026-06-13 15:36:50,0.6327414465136423,0
993,0243,0,2026-06-13 15:37:00,0.8659592897358164,0
994,0305,0,2026-06-13 15:37:00,0.5634473798181031,0
995,0545,0,2026-06-13 15:37:00,0.9393676916414032,0
996,0733,0,2026-06-13 15:37:00,0.6996535296665223,1
997,0806,0,2026-06-13 15:37:00,0.9393676916414032,0
998,0930,0,2026-06-13 15:37:00,0.6327414465136423,0
999,0243,0,2026-06-13 15:37:10,0.8659592897358164,0
1000,0305,0,2026-06-13 15:37:10,0.5634473798181031,0
1001,0545,0,2026-06-13 15:37:10,0.9393676916414032,0
1002,0733,0,2026-06-13 15:37:10,0.6996535296665223,0
1003,0806,0,2026-06-13 15:37:10,0.9393676916414032,0
1004,0930,0,2026-06-13 15:37:10,0.6327414465136423,0
1005,0305,0,2026-06-13 15:37:20,0.5634473798181031,0
1006,0545,0,2026-06-13 15:37:20,0.9393676916414032,0
1007,0733,0,2026-06-13 15:37:20,0.6996535296665223,0
1008,0806,0,2026-06-13 15:37:20,0.9393676916414032,0
1009,0930,0,2026-06-13 15:37:20,0.6327414465136423,0
1010,0305,0,2026-06-13 15:37:30,0.5634473798181031,0
1011,0545,0,2026-06-13 15:37:30,0.9393676916414032,0
1012,0733,0,2026-06-13 15:37:30,0.6996535296665223,0
1013,0305,0,2026-06-13 15:37:40,0.5634473798181031,0
1014,0515,0,2026-06-13 15:37:40,0.5634473798181031,0
1015,0515,0,2026-06-13 15:37:40,0.5634473798181031,0
1016,0545,0,2026-06-13 15:37:40,0.9393676916414032,0
1017,0733,0,2026-06-13 15:37:40,0.6996535296665223,0
1018,0274,0,2026-06-13 15:37:50,0.4527934170636639,0
1019,0515,0,2026-06-13 15:37:50,0.5634473798181031,0
1020,0515,0,2026-06-13 15:37:50,0.5634473798181031,1
1021,0545,0,2026-06-13 15:37:50,0.9393676916414032,0
1022,0733,0,2026-06-13 15:37:50,0.6996535296665223,0
1023,0274,0,2026-06-13 15:38:00,0.4527934170636639,0
1024,0515,0,2026-06-13 15:38:00,0.5634473798181031,0
1025,0515,0,2026-06-13 15:38:00,0.5634473798181031,0
1026,0545,0,2026-06-13 15:38:00,0.9393676916414032,0
1027,0733,0,2026-06-13 15:38:00,0.6996535296665223,0
1028,0244,0,2026-06-13 15:38:10,0.6996535296665223,1
1029,0274,0,2026-06-13 15:38:10,0.4527934170636639,0
1030,0515,0,2026-06-13 15:38:10,0.5634473798181031,0
1031,0515,0,2026-06-13 15:38:10,0.5634473798181031,0
1032,0515,0,2026-06-13 15:38:10,0.5634473798181031,0
1033,0545,0,2026-06-13 15:38:10,0.9393676916414032,0
1034,0244,0,2026-06-13 15:38:20,0.6996535296665223,1
1035,0274,0,2026-06-13 15:38:20,0.4527934170636639,0
1036,0515,0,2026-06-13 15:38:20,0.5634473798181031,0
1037,0515,0,2026-06-13 15:38:20,0.5634473798181031,0
1038,0515,0,2026-06-13 15:38:20,0.5634473798181031,0
1039,0545,0,2026-06-13 15:38:20,0.9393676916414032,0
1040,0244,0,2026-06-13 15:38:30,0.6996535296665223,0
1041,0274,0,2026-06-13 15:38:30,0.4527934170636639,0
1042,0515,0,2026-06-13 15:38:30,0.5634473798181031,0
1043,0515,0,2026-06-13 15:38:30,0.5634473798181031,0
1044,0515,0,2026-06-13 15:38:30,0.5634473798181031,0
1045,0515,0,2026-06-13 15:38:30,0.5634473798181031,0
1046,0545,0,2026-06-13 15:38:30,0.9393676916414032,0
1047,0244,0,2026-06-13 15:38:40,0.6996535296665223,0
1048,0274,0,2026-06-13 15:38:40,0.4527934170636639,0
1049,0515,0,2026-06-13 15:38:40,0.5634473798181031,0
1050,0515,0,2026-06-13 15:38:40,0.5634473798181031,0
1051,0515,0,2026-06-13 15:38:40,0.5634473798181031,0
1052,0515,0,2026-06-13 15:38:40,0.5634473798181031,0
1053,0545,0,2026-06-13 15:38:40,0.9393676916414032,0
1054,0244,0,2026-06-13 15:38:50,0.6996535296665223,0
1055,0274,0,2026-06-13 15:38:50,0.4527934170636639,0
1056,0515,0,2026-06-13 15:38:50,0.5634473798181031,0
1057,0515,0,2026-06-13 15:38:50,0.5634473798181031,0
1058,0515,0,2026-06-13 15:38:50,0.5634473798181031,0
1059,0515,0,2026-06-13 15:38:50,0.5634473798181031,0
1060,0545,0,2026-06-13 15:38:50,0.9393676916414032,0
1061,0244,0,2026-06-13 15:39:00,0.6996535296665223,0
1062,0274,0,2026-06-13 15:39:00,0.4527934170636639,0
1063,0515,0,2026-06-13 15:39:00,0.5634473798181031,0
1064,0515,0,2026-06-13 15:39:00,0.5634473798181031,0
1065,0515,0,2026-06-13 15:39:00,0.5634473798181031,0
1066,0244,0,2026-06-13 15:39:10,0.6996535296665223,0
1067,0274,0,2026-06-13 15:39:10,0.4527934170636639,0
1068,0515,0,2026-06-13 15:39:10,0.5634473798181031,1
1069,0515,0,2026-06-13 15:39:10,0.5634473798181031,0
1070,0244,0,2026-06-13 15:39:20,0.6996535296665223,0
1071,0274,0,2026-06-13 15:39:20,0.4527934170636639,0
1072,0515,0,2026-06-13 15:39:20,0.5634473798181031,0
1073,0515,0,2026-06-13 15:39:20,0.5634473798181031,0
1074,0796,0,2026-06-13 15:39:20,0.3614118666089216,0
1075,0244,0,2026-06-13 15:39:30,0.6996535296665223,0
1076,0274,0,2026-06-13 15:39:30,0.4527934170636639,0
1077,0515,0,2026-06-13 15:39:30,0.5634473798181031,0
1078,0796,0,2026-06-13 15:39:30,0.3614118666089216,0
1079,0244,0,2026-06-13 15:39:40,0.6996535296665223,0
1080,0274,0,2026-06-13 15:39:40,0.4527934170636639,0
1081,0796,0,2026-06-13 15:39:40,0.3614118666089216,0
1082,0244,0,2026-06-13 15:39:50,0.6996535296665223,0
1083,0796,0,2026-06-13 15:39:50,0.3614118666089216,1
1084,0796,0,2026-06-13 15:40:00,0.3614118666089216,0
1085,0796,0,2026-06-13 15:40:10,0.3614118666089216,0
1086,0796,0,2026-06-13 15:40:20,0.3614118666089216,0
1087,0796,0,2026-06-13 15:40:30,0.3614118666089216,0
1088,0798,0,2026-06-13 15:41:20,0.1429190125595496,0
1089,0798,0,2026-06-13 15:41:30,0.1429190125595496,0
1090,0798,0,2026-06-13 15:41:40,0.1429190125595496,0
1091,0798,0,2026-06-13 15:41:50,0.1429190125595496,0
1092,0798,0,2026-06-13 15:42:00,0.1429190125595496,0
1093,0798,0,2026-06-13 15:42:10,0.1429190125595496,0
1094,0798,0,2026-06-13 15:42:20,0.1429190125595496,0
1095,0798,0,2026-06-13 15:42:30,0.1429190125595496,0
1096,0588,0,2026-06-13 15:42:40,0.5634473798181031,0
1097,0618,0,2026-06-13 15:42:40,0.1429190125595496,0
1098,0588,0,2026-06-13 15:42:50,0.5634473798181031,0
1099,0618,0,2026-06-13 15:42:50,0.1429190125595496,0
1100,0588,0,2026-06-13 15:43:00,0.5634473798181031,1
1101,0618,0,2026-06-13 15:43:00,0.1429190125595496,0
1102,0588,0,2026-06-13 15:43:10,0.5634473798181031,0
1103,0618,0,2026-06-13 15:43:10,0.1429190125595496,0
1104,0588,0,2026-06-13 15:43:20,0.5634473798181031,0
1105,0618,0,2026-06-13 15:43:20,0.1429190125595496,0
1106,0588,0,2026-06-13 15:43:30,0.5634473798181031,0
1107,0618,0,2026-06-13 15:43:30,0.1429190125595496,0
1108,0588,0,2026-06-13 15:43:40,0.5634473798181031,0
1109,0618,0,2026-06-13 15:43:40,0.1429190125595496,0
1110,0588,0,2026-06-13 15:43:50,0.5634473798181031,0
1111,0618,0,2026-06-13 15:43:50,0.1429190125595496,0
1112,0588,0,2026-06-13 15:44:00,0.5634473798181031,0
1113,0618,0,2026-06-13 15:44:00,0.1429190125595496,0
1114,0588,0,2026-06-13 15:44:10,0.5634473798181031,0
1115,0618,0,2026-06-13 15:44:10,0.1429190125595496,0
1116,0588,0,2026-06-13 15:44:20,0.5634473798181031,0
1117,0618,0,2026-06-13 15:44:20,0.1429190125595496,0
1118,0618,0,2026-06-13 15:44:30,0.1429190125595496,1
1119,0661,0,2026-06-13 16:51:50,0.7358163707232568,0
1120,0661,0,2026-06-13 16:52:00,0.7358163707232568,0
1121,0661,0,2026-06-13 16:52:10,0.7358163707232568,0
1122,0661,0,2026-06-13 16:52:20,0.7358163707232568,0
1123,0904,0,2026-06-13 17:10:00,0.8659592897358164,0
1124,0904,0,2026-06-13 17:10:10,0.8659592897358164,0
1125,0904,0,2026-06-13 17:10:20,0.8659592897358164,0
1126,0904,0,2026-06-13 17:10:30,0.8659592897358164,0
1127,0904,0,2026-06-13 17:10:40,0.8659592897358164,0
1128,0904,0,2026-06-13 17:10:50,0.8659592897358164,0
1129,0904,0,2026-06-13 17:11:00,0.8659592897358164,0
1130,0005,0,2026-06-13 17:11:10,0.5634473798181031,0
1131,0904,0,2026-06-13 17:11:10,0.8659592897358164,0
1132,0005,0,2026-06-13 17:11:20,0.5634473798181031,0
1133,0904,0,2026-06-13 17:11:20,0.8659592897358164,0
1134,0005,0,2026-06-13 17:11:30,0.5634473798181031,0
1135,0904,0,2026-06-13 17:11:30,0.8659592897358164,0
1136,0005,0,2026-06-13 17:11:40,0.5634473798181031,0
1137,0904,0,2026-06-13 17:11:40,0.8659592897358164,0
1138,0005,0,2026-06-13 17:11:50,0.5634473798181031,0
1139,0904,0,2026-06-13 17:11:50,0.8659592897358164,0
1140,0005,0,2026-06-13 17:12:00,0.5634473798181031,0
1141,0005,0,2026-06-13 17:12:10,0.5634473798181031,1
1142,0005,0,2026-06-13 17:12:20,0.5634473798181031,0
1143,0005,0,2026-06-13 17:12:30,0.5634473798181031,0
1144,0717,0,2026-06-13 17:13:00,1.0000000000000000,0
1145,0717,0,2026-06-13 17:13:10,1.0000000000000000,1
1146,0717,0,2026-06-13 17:13:20,1.0000000000000000,0
1147,0802,0,2026-06-13 17:13:20,0.8659592897358164,0
1148,0717,0,2026-06-13 17:13:30,1.0000000000000000,0
1149,0802,0,2026-06-13 17:13:30,0.8659592897358164,0
1150,0717,0,2026-06-13 17:13:40,1.0000000000000000,0
1151,0802,0,2026-06-13 17:13:40,0.8659592897358164,0
1152,0717,0,2026-06-13 17:13:50,1.0000000000000000,0
1153,0802,0,2026-06-13 17:13:50,0.8659592897358164,0
1154,0717,0,2026-06-13 17:14:00,1.0000000000000000,0
1155,0802,0,2026-06-13 17:14:00,0.8659592897358164,0
1156,0717,0,2026-06-13 17:14:10,1.0000000000000000,0
1157,0802,0,2026-06-13 17:14:10,0.8659592897358164,0
1158,0717,0,2026-06-13 17:14:20,1.0000000000000000,0
1159,0802,0,2026-06-13 17:14:20,0.8659592897358164,0
1160,0717,0,2026-06-13 17:14:30,1.0000000000000000,0
1161,0802,0,2026-06-13 17:14:30,0.8659592897358164,0
1162,0717,0,2026-06-13 17:14:40,1.0000000000000000,0
1163,0802,0,2026-06-13 17:14:40,0.8659592897358164,1
1164,0802,0,2026-06-13 17:14:50,0.8659592897358164,0
1165,0178,0,2026-06-13 17:15:10,0.1429190125595496,1
1166,0178,0,2026-06-13 17:15:20,0.1429190125595496,0
1167,0222,0,2026-06-13 17:15:20,0.1429190125595496,0
1168,0178,0,2026-06-13 17:15:30,0.1429190125595496,0
1169,0222,0,2026-06-13 17:15:30,0.1429190125595496,0
1170,0178,0,2026-06-13 17:15:40,0.1429190125595496,0
1171,0222,0,2026-06-13 17:15:40,0.1429190125595496,0
1172,0178,0,2026-06-13 17:15:50,0.1429190125595496,0
1173,0222,0,2026-06-13 17:15:50,0.1429190125595496,0
1174,0178,0,2026-06-13 17:16:00,0.1429190125595496,0
1175,0222,0,2026-06-13 17:16:00,0.1429190125595496,0
1176,0178,0,2026-06-13 17:16:10,0.1429190125595496,1
1177,0222,0,2026-06-13 17:16:10,0.1429190125595496,0
1178,0178,0,2026-06-13 17:16:20,0.1429190125595496,0
1179,0222,0,2026-06-13 17:16:20,0.1429190125595496,0
1180,0178,0,2026-06-13 17:16:30,0.1429190125595496,0
1181,0222,0,2026-06-13 17:16:30,0.1429190125595496,0
1182,0747,0,2026-06-13 17:16:30,0.3614118666089216,0
1183,0178,0,2026-06-13 17:16:40,0.1429190125595496,0
1184,0222,0,2026-06-13 17:16:40,0.1429190125595496,0
1185,0747,0,2026-06-13 17:16:40,0.3614118666089216,0
1186,0222,0,2026-06-13 17:16:50,0.1429190125595496,0
1187,0747,0,2026-06-13 17:16:50,0.3614118666089216,1
1188,0222,0,2026-06-13 17:17:00,0.1429190125595496,0
1189,0747,0,2026-06-13 17:17:00,0.3614118666089216,0
1190,0118,0,2026-06-13 17:17:10,0.5634473798181031,0
1191,0747,0,2026-06-13 17:17:10,0.3614118666089216,0
1192,0921,0,2026-06-13 17:17:10,0.9393676916414032,1
1193,0118,0,2026-06-13 17:17:20,0.5634473798181031,0
1194,0747,0,2026-06-13 17:17:20,0.3614118666089216,0
1195,0921,0,2026-06-13 17:17:20,0.9393676916414032,0
1196,0118,0,2026-06-13 17:17:30,0.5634473798181031,0
1197,0747,0,2026-06-13 17:17:30,0.3614118666089216,0
1198,0921,0,2026-06-13 17:17:30,0.9393676916414032,0
1199,0118,0,2026-06-13 17:17:40,0.5634473798181031,0
1200,0747,0,2026-06-13 17:17:40,0.3614118666089216,0
1201,0921,0,2026-06-13 17:17:40,0.9393676916414032,0
1202,0118,0,2026-06-13 17:17:50,0.5634473798181031,0
1203,0747,0,2026-06-13 17:17:50,0.3614118666089216,0
1204,0921,0,2026-06-13 17:17:50,0.9393676916414032,0
1205,0118,0,2026-06-13 17:18:00,0.5634473798181031,0
1206,0747,0,2026-06-13 17:18:00,0.3614118666089216,0
1207,0921,0,2026-06-13 17:18:00,0.9393676916414032,0
1208,0118,0,2026-06-13 17:18:10,0.5634473798181031,0
1209,0747,0,2026-06-13 17:18:10,0.3614118666089216,0
1210,0771,0,2026-06-13 17:18:10,0.6327414465136423,0
1211,0921,0,2026-06-13 17:18:10,0.9393676916414032,0
1212,0747,0,2026-06-13 17:18:20,0.3614118666089216,0
1213,0771,0,2026-06-13 17:18:20,0.6327414465136423,0
1214,0771,0,2026-06-13 17:18:30,0.6327414465136423,0
1215,0771,0,2026-06-13 17:18:40,0.6327414465136423,0
1216,0771,0,2026-06-13 17:18:50,0.6327414465136423,0
1217,0771,0,2026-06-13 17:19:00,0.6327414465136423,0
1218,0771,0,2026-06-13 17:19:10,0.6327414465136423,0
1219,0771,0,2026-06-13 17:19:20,0.6327414465136423,0
1220,0771,0,2026-06-13 17:19:30,0.6327414465136423,0
1221,0771,0,2026-06-13 17:19:40,0.6327414465136423,1
1222,0668,1,2026-06-13 10:27:50,0.8055435253356431,0
1223,0668,1,2026-06-13 10:28:00,0.8055435253356431,0
1224,0668,1,2026-06-13 10:28:10,0.8055435253356431,0
1225,0668,1,2026-06-13 10:28:20,0.8055435253356431,0
1226,0668,1,2026-06-13 10:28:30,0.8055435253356431,0
1227,0668,1,2026-06-13 10:28:40,0.8055435253356431,0
1228,0668,1,2026-06-13 10:28:50,0.8055435253356431,0
1229,0668,1,2026-06-13 10:29:00,0.8055435253356431,0
1230,0668,1,2026-06-13 10:29:10,0.8055435253356431,0
1231,0465,1,2026-06-13 10:29:20,0.2223906453009961,0
1232,0668,1,2026-06-13 10:29:20,0.8055435253356431,0
1233,0094,1,2026-06-13 10:29:30,0.1429190125595496,0
1234,0465,1,2026-06-13 10:29:30,0.2223906453009961,0
1235,0668,1,2026-06-13 10:29:30,0.8055435253356431,0
1236,0094,1,2026-06-13 10:29:40,0.1429190125595496,0
1237,0465,1,2026-06-13 10:29:40,0.2223906453009961,0
1238,0094,1,2026-06-13 10:29:50,0.1429190125595496,0
1239,0459,1,2026-06-13 10:29:50,0.3614118666089216,0
1240,0459,1,2026-06-13 10:29:50,0.3614118666089216,0
1241,0459,1,2026-06-13 10:29:50,0.3614118666089216,0
1242,0459,1,2026-06-13 10:29:50,0.3614118666089216,0
1243,0465,1,2026-06-13 10:29:50,0.2223906453009961,0
1244,0542,1,2026-06-13 10:29:50,0.4527934170636639,1
1245,0094,1,2026-06-13 10:30:00,0.1429190125595496,0
1246,0280,1,2026-06-13 10:30:00,0.2223906453009961,0
1247,0280,1,2026-06-13 10:30:00,0.2223906453009961,0
1248,0280,1,2026-06-13 10:30:00,0.2223906453009961,0
1249,0280,1,2026-06-13 10:30:00,0.2223906453009961,0
1250,0459,1,2026-06-13 10:30:00,0.3614118666089216,0
1251,0459,1,2026-06-13 10:30:00,0.3614118666089216,0
1252,0459,1,2026-06-13 10:30:00,0.3614118666089216,0
1253,0459,1,2026-06-13 10:30:00,0.3614118666089216,0
1254,0459,1,2026-06-13 10:30:00,0.3614118666089216,0
1255,0465,1,2026-06-13 10:30:00,0.2223906453009961,0
1256,0542,1,2026-06-13 10:30:00,0.4527934170636639,0
1257,0940,1,2026-06-13 10:30:00,0.9393676916414032,0
1258,0094,1,2026-06-13 10:30:10,0.1429190125595496,0
1259,0280,1,2026-06-13 10:30:10,0.2223906453009961,0
1260,0280,1,2026-06-13 10:30:10,0.2223906453009961,0
1261,0280,1,2026-06-13 10:30:10,0.2223906453009961,0
1262,0280,1,2026-06-13 10:30:10,0.2223906453009961,0
1263,0280,1,2026-06-13 10:30:10,0.2223906453009961,0
1264,0459,1,2026-06-13 10:30:10,0.3614118666089216,0
1265,0459,1,2026-06-13 10:30:10,0.3614118666089216,0
1266,0459,1,2026-06-13 10:30:10,0.3614118666089216,0
1267,0459,1,2026-06-13 10:30:10,0.3614118666089216,0
1268,0459,1,2026-06-13 10:30:10,0.3614118666089216,0
1269,0459,1,2026-06-13 10:30:10,0.3614118666089216,0
1270,0459,1,2026-06-13 10:30:10,0.3614118666089216,0
1271,0465,1,2026-06-13 10:30:10,0.2223906453009961,0
1272,0542,1,2026-06-13 10:30:10,0.4527934170636639,0
1273,0917,1,2026-06-13 10:30:10,0.6996535296665223,1
1274,0940,1,2026-06-13 10:30:10,0.9393676916414032,0
1275,0094,1,2026-06-13 10:30:20,0.1429190125595496,0
1276,0280,1,2026-06-13 10:30:20,0.2223906453009961,0
1277,0280,1,2026-06-13 10:30:20,0.2223906453009961,0
1278,0280,1,2026-06-13 10:30:20,0.2223906453009961,0
1279,0459,1,2026-06-13 10:30:20,0.3614118666089216,0
1280,0459,1,2026-06-13 10:30:20,0.3614118666089216,0
1281,0459,1,2026-06-13 10:30:20,0.3614118666089216,0
1282,0459,1,2026-06-13 10:30:20,0.3614118666089216,0
1283,0459,1,2026-06-13 10:30:20,0.3614118666089216,0
1284,0459,1,2026-06-13 10:30:20,0.3614118666089216,0
1285,0459,1,2026-06-13 10:30:20,0.3614118666089216,0
1286,0459,1,2026-06-13 10:30:20,0.3614118666089216,0
1287,0459,1,2026-06-13 10:30:20,0.3614118666089216,0
1288,0465,1,2026-06-13 10:30:20,0.2223906453009961,0
1289,0542,1,2026-06-13 10:30:20,0.4527934170636639,0
1290,0917,1,2026-06-13 10:30:20,0.6996535296665223,1
1291,0940,1,2026-06-13 10:30:20,0.9393676916414032,0
1292,0094,1,2026-06-13 10:30:30,0.1429190125595496,0
1293,0280,1,2026-06-13 10:30:30,0.2223906453009961,0
1294,0280,1,2026-06-13 10:30:30,0.2223906453009961,0
1295,0280,1,2026-06-13 10:30:30,0.2223906453009961,0
1296,0280,1,2026-06-13 10:30:30,0.2223906453009961,0
1297,0280,1,2026-06-13 10:30:30,0.2223906453009961,0
1298,0280,1,2026-06-13 10:30:30,0.2223906453009961,0
1299,0280,1,2026-06-13 10:30:30,0.2223906453009961,0
1300,0280,1,2026-06-13 10:30:30,0.2223906453009961,0
1301,0459,1,2026-06-13 10:30:30,0.3614118666089216,0
1302,0459,1,2026-06-13 10:30:30,0.3614118666089216,0
1303,0459,1,2026-06-13 10:30:30,0.3614118666089216,0
1304,0459,1,2026-06-13 10:30:30,0.3614118666089216,0
1305,0459,1,2026-06-13 10:30:30,0.3614118666089216,0
1306,0459,1,2026-06-13 10:30:30,0.3614118666089216,0
1307,0459,1,2026-06-13 10:30:30,0.3614118666089216,0
1308,0459,1,2026-06-13 10:30:30,0.3614118666089216,0
1309,0459,1,2026-06-13 10:30:30,0.3614118666089216,0
1310,0465,1,2026-06-13 10:30:30,0.2223906453009961,0
1311,0542,1,2026-06-13 10:30:30,0.4527934170636639,0
1312,0561,1,2026-06-13 10:30:30,0.8659592897358164,0
1313,0917,1,2026-06-13 10:30:30,0.6996535296665223,0
1314,0940,1,2026-06-13 10:30:30,0.9393676916414032,0
1315,0094,1,2026-06-13 10:30:40,0.1429190125595496,0
1316,0280,1,2026-06-13 10:30:40,0.2223906453009961,0
1317,0280,1,2026-06-13 10:30:40,0.2223906453009961,0
1318,0280,1,2026-06-13 10:30:40,0.2223906453009961,0
1319,0280,1,2026-06-13 10:30:40,0.2223906453009961,0
1320,0280,1,2026-06-13 10:30:40,0.2223906453009961,0
1321,0280,1,2026-06-13 10:30:40,0.2223906453009961,0
1322,0280,1,2026-06-13 10:30:40,0.2223906453009961,0
1323,0280,1,2026-06-13 10:30:40,0.2223906453009961,0
1324,0280,1,2026-06-13 10:30:40,0.2223906453009961,0
1325,0459,1,2026-06-13 10:30:40,0.3614118666089216,0
1326,0459,1,2026-06-13 10:30:40,0.3614118666089216,0
1327,0459,1,2026-06-13 10:30:40,0.3614118666089216,0
1328,0459,1,2026-06-13 10:30:40,0.3614118666089216,0
1329,0459,1,2026-06-13 10:30:40,0.3614118666089216,0
1330,0459,1,2026-06-13 10:30:40,0.3614118666089216,0
1331,0459,1,2026-06-13 10:30:40,0.3614118666089216,0
1332,0459,1,2026-06-13 10:30:40,0.3614118666089216,0
1333,0459,1,2026-06-13 10:30:40,0.3614118666089216,0
1334,0465,1,2026-06-13 10:30:40,0.2223906453009961,0
1335,0542,1,2026-06-13 10:30:40,0.4527934170636639,0
1336,0561,1,2026-06-13 10:30:40,0.8659592897358164,0
1337,0917,1,2026-06-13 10:30:40,0.6996535296665223,0
1338,0940,1,2026-06-13 10:30:40,0.9393676916414032,0
1339,0094,1,2026-06-13 10:30:50,0.1429190125595496,0
1340,0280,1,2026-06-13 10:30:50,0.2223906453009961,0
1341,0280,1,2026-06-13 10:30:50,0.2223906453009961,0
1342,0280,1,2026-06-13 10:30:50,0.2223906453009961,0
1343,0280,1,2026-06-13 10:30:50,0.2223906453009961,0
1344,0280,1,2026-06-13 10:30:50,0.2223906453009961,0
1345,0280,1,2026-06-13 10:30:50,0.2223906453009961,0
1346,0280,1,2026-06-13 10:30:50,0.2223906453009961,0
1347,0280,1,2026-06-13 10:30:50,0.2223906453009961,0
1348,0280,1,2026-06-13 10:30:50,0.2223906453009961,0
1349,0459,1,2026-06-13 10:30:50,0.3614118666089216,0
1350,0459,1,2026-06-13 10:30:50,0.3614118666089216,0
1351,0459,1,2026-06-13 10:30:50,0.3614118666089216,0
1352,0459,1,2026-06-13 10:30:50,0.3614118666089216,0
1353,0459,1,2026-06-13 10:30:50,0.3614118666089216,0
1354,0459,1,2026-06-13 10:30:50,0.3614118666089216,0
1355,0459,1,2026-06-13 10:30:50,0.3614118666089216,1
1356,0465,1,2026-06-13 10:30:50,0.2223906453009961,0
1357,0542,1,2026-06-13 10:30:50,0.4527934170636639,0
1358,0561,1,2026-06-13 10:30:50,0.8659592897358164,0
1359,0917,1,2026-06-13 10:30:50,0.6996535296665223,0
1360,0940,1,2026-06-13 10:30:50,0.9393676916414032,0
1361,0094,1,2026-06-13 10:31:00,0.1429190125595496,0
1362,0280,1,2026-06-13 10:31:00,0.2223906453009961,0
1363,0280,1,2026-06-13 10:31:00,0.2223906453009961,0
1364,0280,1,2026-06-13 10:31:00,0.2223906453009961,0
1365,0280,1,2026-06-13 10:31:00,0.2223906453009961,0
1366,0280,1,2026-06-13 10:31:00,0.2223906453009961,0
1367,0280,1,2026-06-13 10:31:00,0.2223906453009961,0
1368,0280,1,2026-06-13 10:31:00,0.2223906453009961,0
1369,0280,1,2026-06-13 10:31:00,0.2223906453009961,0
1370,0459,1,2026-06-13 10:31:00,0.3614118666089216,0
1371,0459,1,2026-06-13 10:31:00,0.3614118666089216,0
1372,0459,1,2026-06-13 10:31:00,0.3614118666089216,0
1373,0459,1,2026-06-13 10:31:00,0.3614118666089216,0
1374,0459,1,2026-06-13 10:31:00,0.3614118666089216,0
1375,0459,1,2026-06-13 10:31:00,0.3614118666089216,0
1376,0459,1,2026-06-13 10:31:00,0.3614118666089216,0
1377,0459,1,2026-06-13 10:31:00,0.3614118666089216,0
1378,0465,1,2026-06-13 10:31:00,0.2223906453009961,0
1379,0542,1,2026-06-13 10:31:00,0.4527934170636639,1
1380,0561,1,2026-06-13 10:31:00,0.8659592897358164,0
1381,0917,1,2026-06-13 10:31:00,0.6996535296665223,0
1382,0940,1,2026-06-13 10:31:00,0.9393676916414032,0
1383,0094,1,2026-06-13 10:31:10,0.1429190125595496,0
1384,0280,1,2026-06-13 10:31:10,0.2223906453009961,0
1385,0280,1,2026-06-13 10:31:10,0.2223906453009961,0
1386,0280,1,2026-06-13 10:31:10,0.2223906453009961,0
1387,0280,1,2026-06-13 10:31:10,0.2223906453009961,0
1388,0280,1,2026-06-13 10:31:10,0.2223906453009961,0
1389,0280,1,2026-06-13 10:31:10,0.2223906453009961,0
1390,0280,1,2026-06-13 10:31:10,0.2223906453009961,0
1391,0280,1,2026-06-13 10:31:10,0.2223906453009961,0
1392,0280,1,2026-06-13 10:31:10,0.2223906453009961,0
1393,0459,1,2026-06-13 10:31:10,0.3614118666089216,0
1394,0459,1,2026-06-13 10:31:10,0.3614118666089216,0
1395,0459,1,2026-06-13 10:31:10,0.3614118666089216,0
1396,0459,1,2026-06-13 10:31:10,0.3614118666089216,0
1397,0459,1,2026-06-13 10:31:10,0.3614118666089216,0
1398,0459,1,2026-06-13 10:31:10,0.3614118666089216,0
1399,0459,1,2026-06-13 10:31:10,0.3614118666089216,0
1400,0459,1,2026-06-13 10:31:10,0.3614118666089216,0
1401,0459,1,2026-06-13 10:31:10,0.3614118666089216,0
1402,0465,1,2026-06-13 10:31:10,0.2223906453009961,0
1403,0542,1,2026-06-13 10:31:10,0.4527934170636639,0
1404,0561,1,2026-06-13 10:31:10,0.8659592897358164,0
1405,0917,1,2026-06-13 10:31:10,0.6996535296665223,0
1406,0940,1,2026-06-13 10:31:10,0.9393676916414032,0
1407,0280,1,2026-06-13 10:31:20,0.2223906453009961,0
1408,0280,1,2026-06-13 10:31:20,0.2223906453009961,0
1409,0280,1,2026-06-13 10:31:20,0.2223906453009961,0
1410,0280,1,2026-06-13 10:31:20,0.2223906453009961,0
1411,0280,1,2026-06-13 10:31:20,0.2223906453009961,0
1412,0280,1,2026-06-13 10:31:20,0.2223906453009961,0
1413,0280,1,2026-06-13 10:31:20,0.2223906453009961,0
1414,0280,1,2026-06-13 10:31:20,0.2223906453009961,0
1415,0280,1,2026-06-13 10:31:20,0.2223906453009961,0
1416,0459,1,2026-06-13 10:31:20,0.3614118666089216,0
1417,0459,1,2026-06-13 10:31:20,0.3614118666089216,0
1418,0459,1,2026-06-13 10:31:20,0.3614118666089216,0
1419,0459,1,2026-06-13 10:31:20,0.3614118666089216,0
1420,0459,1,2026-06-13 10:31:20,0.3614118666089216,0
1421,0459,1,2026-06-13 10:31:20,0.3614118666089216,0
1422,0459,1,2026-06-13 10:31:20,0.3614118666089216,0
1423,0542,1,2026-06-13 10:31:20,0.4527934170636639,0
1424,0561,1,2026-06-13 10:31:20,0.8659592897358164,1
1425,0940,1,2026-06-13 10:31:20,0.9393676916414032,0
1426,0139,1,2026-06-13 10:31:30,0.3614118666089216,0
1427,0280,1,2026-06-13 10:31:30,0.2223906453009961,0
1428,0280,1,2026-06-13 10:31:30,0.2223906453009961,0
1429,0280,1,2026-06-13 10:31:30,0.2223906453009961,0
1430,0280,1,2026-06-13 10:31:30,0.2223906453009961,0
1431,0280,1,2026-06-13 10:31:30,0.2223906453009961,0
1432,0280,1,2026-06-13 10:31:30,0.2223906453009961,0
1433,0459,1,2026-06-13 10:31:30,0.3614118666089216,0
1434,0459,1,2026-06-13 10:31:30,0.3614118666089216,0
1435,0459,1,2026-06-13 10:31:30,0.3614118666089216,0
1436,0459,1,2026-06-13 10:31:30,0.3614118666089216,0
1437,0459,1,2026-06-13 10:31:30,0.3614118666089216,0
1438,0459,1,2026-06-13 10:31:30,0.3614118666089216,0
1439,0542,1,2026-06-13 10:31:30,0.4527934170636639,0
1440,0561,1,2026-06-13 10:31:30,0.8659592897358164,0
1441,0940,1,2026-06-13 10:31:30,0.9393676916414032,0
1442,0139,1,2026-06-13 10:31:40,0.3614118666089216,0
1443,0280,1,2026-06-13 10:31:40,0.2223906453009961,0
1444,0280,1,2026-06-13 10:31:40,0.2223906453009961,0
1445,0280,1,2026-06-13 10:31:40,0.2223906453009961,0
1446,0280,1,2026-06-13 10:31:40,0.2223906453009961,0
1447,0280,1,2026-06-13 10:31:40,0.2223906453009961,0
1448,0280,1,2026-06-13 10:31:40,0.2223906453009961,0
1449,0459,1,2026-06-13 10:31:40,0.3614118666089216,0
1450,0459,1,2026-06-13 10:31:40,0.3614118666089216,0
1451,0459,1,2026-06-13 10:31:40,0.3614118666089216,0
1452,0459,1,2026-06-13 10:31:40,0.3614118666089216,0
1453,0459,1,2026-06-13 10:31:40,0.3614118666089216,0
1454,0542,1,2026-06-13 10:31:40,0.4527934170636639,0
1455,0561,1,2026-06-13 10:31:40,0.8659592897358164,0
1456,0940,1,2026-06-13 10:31:40,0.9393676916414032,0
1457,0139,1,2026-06-13 10:31:50,0.3614118666089216,0
1458,0280,1,2026-06-13 10:31:50,0.2223906453009961,0
1459,0280,1,2026-06-13 10:31:50,0.2223906453009961,0
1460,0280,1,2026-06-13 10:31:50,0.2223906453009961,0
1461,0280,1,2026-06-13 10:31:50,0.2223906453009961,0
1462,0280,1,2026-06-13 10:31:50,0.2223906453009961,1
1463,0561,1,2026-06-13 10:31:50,0.8659592897358164,0
1464,0940,1,2026-06-13 10:31:50,0.9393676916414032,0
1465,0139,1,2026-06-13 10:32:00,0.3614118666089216,0
1466,0561,1,2026-06-13 10:32:00,0.8659592897358164,0
1467,0139,1,2026-06-13 10:32:10,0.3614118666089216,0
1468,0561,1,2026-06-13 10:32:10,0.8659592897358164,0
1469,0139,1,2026-06-13 10:32:20,0.3614118666089216,0
1470,0561,1,2026-06-13 10:32:20,0.8659592897358164,0
1471,0139,1,2026-06-13 10:32:30,0.3614118666089216,0
1472,0139,1,2026-06-13 10:32:40,0.3614118666089216,0
1473,0371,1,2026-06-13 10:32:40,0.9393676916414032,0
1474,0139,1,2026-06-13 10:32:50,0.3614118666089216,0
1475,0371,1,2026-06-13 10:32:50,0.9393676916414032,0
1476,0864,1,2026-06-13 10:32:50,0.5634473798181031,1
1477,0139,1,2026-06-13 10:33:00,0.3614118666089216,0
1478,0371,1,2026-06-13 10:33:00,0.9393676916414032,0
1479,0864,1,2026-06-13 10:33:00,0.5634473798181031,0
1480,0139,1,2026-06-13 10:33:10,0.3614118666089216,0
1481,0371,1,2026-06-13 10:33:10,0.9393676916414032,0
1482,0692,1,2026-06-13 10:33:10,0.3614118666089216,0
1483,0692,1,2026-06-13 10:33:10,0.3614118666089216,0
1484,0692,1,2026-06-13 10:33:10,0.3614118666089216,0
1485,0692,1,2026-06-13 10:33:10,0.3614118666089216,0
1486,0692,1,2026-06-13 10:33:10,0.3614118666089216,0
1487,0864,1,2026-06-13 10:33:10,0.5634473798181031,0
1488,0371,1,2026-06-13 10:33:20,0.9393676916414032,0
1489,0415,1,2026-06-13 10:33:20,0.0985275010827198,0
1490,0692,1,2026-06-13 10:33:20,0.3614118666089216,0
1491,0692,1,2026-06-13 10:33:20,0.3614118666089216,0
1492,0692,1,2026-06-13 10:33:20,0.3614118666089216,0
1493,0692,1,2026-06-13 10:33:20,0.3614118666089216,0
1494,0692,1,2026-06-13 10:33:20,0.3614118666089216,0
1495,0692,1,2026-06-13 10:33:20,0.3614118666089216,0
1496,0692,1,2026-06-13 10:33:20,0.3614118666089216,0
1497,0692,1,2026-06-13 10:33:20,0.3614118666089216,0
1498,0864,1,2026-06-13 10:33:20,0.5634473798181031,0
1499,0371,1,2026-06-13 10:33:30,0.9393676916414032,0
1500,0415,1,2026-06-13 10:33:30,0.0985275010827198,1
1501,0562,1,2026-06-13 10:33:30,0.0985275010827198,0
1502,0692,1,2026-06-13 10:33:30,0.3614118666089216,0
1503,0692,1,2026-06-13 10:33:30,0.3614118666089216,0
1504,0692,1,2026-06-13 10:33:30,0.3614118666089216,0
1505,0692,1,2026-06-13 10:33:30,0.3614118666089216,0
1506,0692,1,2026-06-13 10:33:30,0.3614118666089216,0
1507,0692,1,2026-06-13 10:33:30,0.3614118666089216,0
1508,0692,1,2026-06-13 10:33:30,0.3614118666089216,0
1509,0692,1,2026-06-13 10:33:30,0.3614118666089216,0
1510,0864,1,2026-06-13 10:33:30,0.5634473798181031,0
1511,0371,1,2026-06-13 10:33:40,0.9393676916414032,0
1512,0388,1,2026-06-13 10:33:40,1.0000000000000000,1
1513,0415,1,2026-06-13 10:33:40,0.0985275010827198,0
1514,0562,1,2026-06-13 10:33:40,0.0985275010827198,0
1515,0692,1,2026-06-13 10:33:40,0.3614118666089216,0
1516,0692,1,2026-06-13 10:33:40,0.3614118666089216,0
1517,0692,1,2026-06-13 10:33:40,0.3614118666089216,0
1518,0692,1,2026-06-13 10:33:40,0.3614118666089216,0
1519,0692,1,2026-06-13 10:33:40,0.3614118666089216,0
1520,0692,1,2026-06-13 10:33:40,0.3614118666089216,0
1521,0692,1,2026-06-13 10:33:40,0.3614118666089216,0
1522,0864,1,2026-06-13 10:33:40,0.5634473798181031,0
1523,0371,1,2026-06-13 10:33:50,0.9393676916414032,0
1524,0388,1,2026-06-13 10:33:50,1.0000000000000000,0
1525,0415,1,2026-06-13 10:33:50,0.0985275010827198,0
1526,0562,1,2026-06-13 10:33:50,0.0985275010827198,0
1527,0692,1,2026-06-13 10:33:50,0.3614118666089216,0
1528,0692,1,2026-06-13 10:33:50,0.3614118666089216,0
1529,0692,1,2026-06-13 10:33:50,0.3614118666089216,0
1530,0692,1,2026-06-13 10:33:50,0.3614118666089216,0
1531,0692,1,2026-06-13 10:33:50,0.3614118666089216,0
1532,0692,1,2026-06-13 10:33:50,0.3614118666089216,0
1533,0864,1,2026-06-13 10:33:50,0.5634473798181031,0
1534,0371,1,2026-06-13 10:34:00,0.9393676916414032,0
1535,0388,1,2026-06-13 10:34:00,1.0000000000000000,0
1536,0415,1,2026-06-13 10:34:00,0.0985275010827198,0
1537,0562,1,2026-06-13 10:34:00,0.0985275010827198,0
1538,0692,1,2026-06-13 10:34:00,0.3614118666089216,0
1539,0692,1,2026-06-13 10:34:00,0.3614118666089216,0
1540,0692,1,2026-06-13 10:34:00,0.3614118666089216,0
1541,0692,1,2026-06-13 10:34:00,0.3614118666089216,0
1542,0692,1,2026-06-13 10:34:00,0.3614118666089216,0
1543,0692,1,2026-06-13 10:34:00,0.3614118666089216,0
1544,0864,1,2026-06-13 10:34:00,0.5634473798181031,0
1545,0371,1,2026-06-13 10:34:10,0.9393676916414032,0
1546,0388,1,2026-06-13 10:34:10,1.0000000000000000,0
1547,0415,1,2026-06-13 10:34:10,0.0985275010827198,0
1548,0533,1,2026-06-13 10:34:10,0.7358163707232568,0
1549,0562,1,2026-06-13 10:34:10,0.0985275010827198,0
1550,0692,1,2026-06-13 10:34:10,0.3614118666089216,0
1551,0692,1,2026-06-13 10:34:10,0.3614118666089216,0
1552,0692,1,2026-06-13 10:34:10,0.3614118666089216,0
1553,0692,1,2026-06-13 10:34:10,0.3614118666089216,0
1554,0692,1,2026-06-13 10:34:10,0.3614118666089216,0
1555,0692,1,2026-06-13 10:34:10,0.3614118666089216,0
1556,0864,1,2026-06-13 10:34:10,0.5634473798181031,0
1557,0371,1,2026-06-13 10:34:20,0.9393676916414032,0
1558,0388,1,2026-06-13 10:34:20,1.0000000000000000,0
1559,0415,1,2026-06-13 10:34:20,0.0985275010827198,0
1560,0533,1,2026-06-13 10:34:20,0.7358163707232568,0
1561,0562,1,2026-06-13 10:34:20,0.0985275010827198,0
1562,0692,1,2026-06-13 10:34:20,0.3614118666089216,0
1563,0692,1,2026-06-13 10:34:20,0.3614118666089216,0
1564,0692,1,2026-06-13 10:34:20,0.3614118666089216,0
1565,0692,1,2026-06-13 10:34:20,0.3614118666089216,0
1566,0692,1,2026-06-13 10:34:20,0.3614118666089216,0
1567,0692,1,2026-06-13 10:34:20,0.3614118666089216,0
1568,0846,1,2026-06-13 10:34:20,0.9393676916414032,0
1569,0863,1,2026-06-13 10:34:20,0.9393676916414032,0
1570,0864,1,2026-06-13 10:34:20,0.5634473798181031,0
1571,0388,1,2026-06-13 10:34:30,1.0000000000000000,1
1572,0415,1,2026-06-13 10:34:30,0.0985275010827198,0
1573,0533,1,2026-06-13 10:34:30,0.7358163707232568,0
1574,0562,1,2026-06-13 10:34:30,0.0985275010827198,0
1575,0692,1,2026-06-13 10:34:30,0.3614118666089216,0
1576,0692,1,2026-06-13 10:34:30,0.3614118666089216,0
1577,0692,1,2026-06-13 10:34:30,0.3614118666089216,0
1578,0692,1,2026-06-13 10:34:30,0.3614118666089216,0
1579,0692,1,2026-06-13 10:34:30,0.3614118666089216,0
1580,0692,1,2026-06-13 10:34:30,0.3614118666089216,0
1581,0846,1,2026-06-13 10:34:30,0.9393676916414032,0
1582,0863,1,2026-06-13 10:34:30,0.9393676916414032,0
1583,0864,1,2026-06-13 10:34:30,0.5634473798181031,0
1584,0388,1,2026-06-13 10:34:40,1.0000000000000000,0
1585,0415,1,2026-06-13 10:34:40,0.0985275010827198,0
1586,0533,1,2026-06-13 10:34:40,0.7358163707232568,0
1587,0562,1,2026-06-13 10:34:40,0.0985275010827198,0
1588,0692,1,2026-06-13 10:34:40,0.3614118666089216,0
1589,0692,1,2026-06-13 10:34:40,0.3614118666089216,0
1590,0692,1,2026-06-13 10:34:40,0.3614118666089216,0
1591,0692,1,2026-06-13 10:34:40,0.3614118666089216,0
1592,0692,1,2026-06-13 10:34:40,0.3614118666089216,0
1593,0846,1,2026-06-13 10:34:40,0.9393676916414032,0
1594,0863,1,2026-06-13 10:34:40,0.9393676916414032,0
1595,0864,1,2026-06-13 10:34:40,0.5634473798181031,0
1596,0993,1,2026-06-13 10:34:40,0.6996535296665223,0
1597,0388,1,2026-06-13 10:34:50,1.0000000000000000,0
1598,0415,1,2026-06-13 10:34:50,0.0985275010827198,0
1599,0533,1,2026-06-13 10:34:50,0.7358163707232568,0
1600,0562,1,2026-06-13 10:34:50,0.0985275010827198,0
1601,0692,1,2026-06-13 10:34:50,0.3614118666089216,0
1602,0692,1,2026-06-13 10:34:50,0.3614118666089216,0
1603,0692,1,2026-06-13 10:34:50,0.3614118666089216,0
1604,0692,1,2026-06-13 10:34:50,0.3614118666089216,0
1605,0692,1,2026-06-13 10:34:50,0.3614118666089216,0
1606,0692,1,2026-06-13 10:34:50,0.3614118666089216,0
1607,0846,1,2026-06-13 10:34:50,0.9393676916414032,0
1608,0863,1,2026-06-13 10:34:50,0.9393676916414032,0
1609,0993,1,2026-06-13 10:34:50,0.6996535296665223,0
1610,0388,1,2026-06-13 10:35:00,1.0000000000000000,0
1611,0533,1,2026-06-13 10:35:00,0.7358163707232568,0
1612,0692,1,2026-06-13 10:35:00,0.3614118666089216,0
1613,0692,1,2026-06-13 10:35:00,0.3614118666089216,0
1614,0692,1,2026-06-13 10:35:00,0.3614118666089216,0
1615,0692,1,2026-06-13 10:35:00,0.3614118666089216,0
1616,0692,1,2026-06-13 10:35:00,0.3614118666089216,0
1617,0846,1,2026-06-13 10:35:00,0.9393676916414032,0
1618,0863,1,2026-06-13 10:35:00,0.9393676916414032,0
1619,0993,1,2026-06-13 10:35:00,0.6996535296665223,0
1620,0388,1,2026-06-13 10:35:10,1.0000000000000000,0
1621,0533,1,2026-06-13 10:35:10,0.7358163707232568,0
1622,0846,1,2026-06-13 10:35:10,0.9393676916414032,0
1623,0863,1,2026-06-13 10:35:10,0.9393676916414032,0
1624,0993,1,2026-06-13 10:35:10,0.6996535296665223,0
1625,0533,1,2026-06-13 10:35:20,0.7358163707232568,0
1626,0846,1,2026-06-13 10:35:20,0.9393676916414032,0
1627,0863,1,2026-06-13 10:35:20,0.9393676916414032,0
1628,0993,1,2026-06-13 10:35:20,0.6996535296665223,0
1629,0533,1,2026-06-13 10:35:30,0.7358163707232568,0
1630,0603,1,2026-06-13 10:35:30,0.8659592897358164,0
1631,0846,1,2026-06-13 10:35:30,0.9393676916414032,0
1632,0863,1,2026-06-13 10:35:30,0.9393676916414032,0
1633,0993,1,2026-06-13 10:35:30,0.6996535296665223,0
1634,0533,1,2026-06-13 10:35:40,0.7358163707232568,0
1635,0603,1,2026-06-13 10:35:40,0.8659592897358164,0
1636,0846,1,2026-06-13 10:35:40,0.9393676916414032,0
1637,0863,1,2026-06-13 10:35:40,0.9393676916414032,0
1638,0993,1,2026-06-13 10:35:40,0.6996535296665223,0
1639,0533,1,2026-06-13 10:35:50,0.7358163707232568,0
1640,0603,1,2026-06-13 10:35:50,0.8659592897358164,0
1641,0846,1,2026-06-13 10:35:50,0.9393676916414032,0
1642,0863,1,2026-06-13 10:35:50,0.9393676916414032,0
1643,0993,1,2026-06-13 10:35:50,0.6996535296665223,0
1644,0603,1,2026-06-13 10:36:00,0.8659592897358164,0
1645,0863,1,2026-06-13 10:36:00,0.9393676916414032,0
1646,0993,1,2026-06-13 10:36:00,0.6996535296665223,0
1647,0996,1,2026-06-13 10:36:00,1.0000000000000000,0
1648,0520,1,2026-06-13 10:36:10,0.0985275010827198,0
1649,0603,1,2026-06-13 10:36:10,0.8659592897358164,0
1650,0863,1,2026-06-13 10:36:10,0.9393676916414032,0
1651,0996,1,2026-06-13 10:36:10,1.0000000000000000,0
1652,0520,1,2026-06-13 10:36:20,0.0985275010827198,0
1653,0603,1,2026-06-13 10:36:20,0.8659592897358164,0
1654,0996,1,2026-06-13 10:36:20,1.0000000000000000,0
1655,0520,1,2026-06-13 10:36:30,0.0985275010827198,0
1656,0603,1,2026-06-13 10:36:30,0.8659592897358164,0
1657,0996,1,2026-06-13 10:36:30,1.0000000000000000,0
1658,0520,1,2026-06-13 10:36:40,0.0985275010827198,0
1659,0603,1,2026-06-13 10:36:40,0.8659592897358164,0
1660,0996,1,2026-06-13 10:36:40,1.0000000000000000,0
1661,0520,1,2026-06-13 10:36:50,0.0985275010827198,0
1662,0603,1,2026-06-13 10:36:50,0.8659592897358164,0
1663,0996,1,2026-06-13 10:36:50,1.0000000000000000,0
1664,0520,1,2026-06-13 10:37:00,0.0985275010827198,0
1665,0603,1,2026-06-13 10:37:00,0.8659592897358164,0
1666,0996,1,2026-06-13 10:37:00,1.0000000000000000,0
1667,0520,1,2026-06-13 10:37:10,0.0985275010827198,0
1668,0996,1,2026-06-13 10:37:10,1.0000000000000000,0
1669,0520,1,2026-06-13 10:37:20,0.0985275010827198,0
1670,0996,1,2026-06-13 10:37:20,1.0000000000000000,0
1671,0520,1,2026-06-13 10:37:30,0.0985275010827198,0
1672,0996,1,2026-06-13 10:37:30,1.0000000000000000,0
1673,0520,1,2026-06-13 10:37:40,0.0985275010827198,0
1674,0996,1,2026-06-13 10:37:40,1.0000000000000000,0
1675,0520,1,2026-06-13 10:37:50,0.0985275010827198,0
1676,0520,1,2026-06-13 10:38:00,0.0985275010827198,1
1677,0568,1,2026-06-13 10:41:10,0.5634473798181031,1
1678,0568,1,2026-06-13 10:41:20,0.5634473798181031,0
1679,0780,1,2026-06-13 10:41:20,0.5634473798181031,1
1680,0568,1,2026-06-13 10:41:30,0.5634473798181031,0
1681,0780,1,2026-06-13 10:41:30,0.5634473798181031,1
1682,0103,1,2026-06-13 10:41:40,1.0000000000000000,1
1683,0568,1,2026-06-13 10:41:40,0.5634473798181031,0
1684,0780,1,2026-06-13 10:41:40,0.5634473798181031,0
1685,0854,1,2026-06-13 10:41:40,0.5634473798181031,0
1686,0103,1,2026-06-13 10:41:50,1.0000000000000000,0
1687,0568,1,2026-06-13 10:41:50,0.5634473798181031,0
1688,0780,1,2026-06-13 10:41:50,0.5634473798181031,0
1689,0854,1,2026-06-13 10:41:50,0.5634473798181031,0
1690,0103,1,2026-06-13 10:42:00,1.0000000000000000,0
1691,0464,1,2026-06-13 10:42:00,0.9393676916414032,0
1692,0568,1,2026-06-13 10:42:00,0.5634473798181031,0
1693,0780,1,2026-06-13 10:42:00,0.5634473798181031,0
1694,0854,1,2026-06-13 10:42:00,0.5634473798181031,0
1695,0103,1,2026-06-13 10:42:10,1.0000000000000000,1
1696,0103,1,2026-06-13 10:42:10,1.0000000000000000,0
1697,0464,1,2026-06-13 10:42:10,0.9393676916414032,0
1698,0568,1,2026-06-13 10:42:10,0.5634473798181031,0
1699,0854,1,2026-06-13 10:42:10,0.5634473798181031,0
1700,0103,1,2026-06-13 10:42:20,1.0000000000000000,0
1701,0464,1,2026-06-13 10:42:20,0.9393676916414032,0
1702,0854,1,2026-06-13 10:42:20,0.5634473798181031,1
1703,0103,1,2026-06-13 10:42:30,1.0000000000000000,0
1704,0464,1,2026-06-13 10:42:30,0.9393676916414032,0
1705,0854,1,2026-06-13 10:42:30,0.5634473798181031,0
1706,0103,1,2026-06-13 10:42:40,1.0000000000000000,0
1707,0464,1,2026-06-13 10:42:40,0.9393676916414032,0
1708,0854,1,2026-06-13 10:42:40,0.5634473798181031,0
1709,0464,1,2026-06-13 10:42:50,0.9393676916414032,0
1710,0854,1,2026-06-13 10:42:50,0.5634473798181031,0
1711,0464,1,2026-06-13 10:43:00,0.9393676916414032,0
1712,0464,1,2026-06-13 10:43:10,0.9393676916414032,0
1713,0464,1,2026-06-13 10:43:20,0.9393676916414032,0
1714,0464,1,2026-06-13 10:43:30,0.9393676916414032,0
1715,0464,1,2026-06-13 10:43:40,0.9393676916414032,0
1716,0147,1,2026-06-13 12:24:20,0.6996535296665223,0
1717,0822,1,2026-06-13 12:24:20,0.7358163707232568,0
1718,0147,1,2026-06-13 12:24:30,0.6996535296665223,0
1719,0822,1,2026-06-13 12:24:30,0.7358163707232568,0
1720,0147,1,2026-06-13 12:24:40,0.6996535296665223,0
1721,0434,1,2026-06-13 12:24:40,1.0000000000000000,0
1722,0434,1,2026-06-13 12:24:40,1.0000000000000000,0
1723,0434,1,2026-06-13 12:24:40,1.0000000000000000,0
1724,0822,1,2026-06-13 12:24:40,0.7358163707232568,0
1725,0147,1,2026-06-13 12:24:50,0.6996535296665223,0
1726,0434,1,2026-06-13 12:24:50,1.0000000000000000,0
1727,0587,1,2026-06-13 12:24:50,0.4527934170636639,0
1728,0822,1,2026-06-13 12:24:50,0.7358163707232568,0
1729,0822,1,2026-06-13 12:24:50,0.7358163707232568,1
1730,0147,1,2026-06-13 12:25:00,0.6996535296665223,0
1731,0434,1,2026-06-13 12:25:00,1.0000000000000000,0
1732,0587,1,2026-06-13 12:25:00,0.4527934170636639,0
1733,0822,1,2026-06-13 12:25:00,0.7358163707232568,0
1734,0822,1,2026-06-13 12:25:00,0.7358163707232568,0
1735,0147,1,2026-06-13 12:25:10,0.6996535296665223,0
1736,0434,1,2026-06-13 12:25:10,1.0000000000000000,0
1737,0434,1,2026-06-13 12:25:10,1.0000000000000000,0
1738,0587,1,2026-06-13 12:25:10,0.4527934170636639,0
1739,0822,1,2026-06-13 12:25:10,0.7358163707232568,0
1740,0822,1,2026-06-13 12:25:10,0.7358163707232568,0
1741,0147,1,2026-06-13 12:25:20,0.6996535296665223,0
1742,0434,1,2026-06-13 12:25:20,1.0000000000000000,0
1743,0434,1,2026-06-13 12:25:20,1.0000000000000000,0
1744,0587,1,2026-06-13 12:25:20,0.4527934170636639,0
1745,0822,1,2026-06-13 12:25:20,0.7358163707232568,1
1746,0147,1,2026-06-13 12:25:30,0.6996535296665223,0
1747,0434,1,2026-06-13 12:25:30,1.0000000000000000,0
1748,0434,1,2026-06-13 12:25:30,1.0000000000000000,0
1749,0587,1,2026-06-13 12:25:30,0.4527934170636639,0
1750,0822,1,2026-06-13 12:25:30,0.7358163707232568,0
1751,0147,1,2026-06-13 12:25:40,0.6996535296665223,0
1752,0434,1,2026-06-13 12:25:40,1.0000000000000000,0
1753,0587,1,2026-06-13 12:25:40,0.4527934170636639,0
1754,0822,1,2026-06-13 12:25:40,0.7358163707232568,0
1755,0147,1,2026-06-13 12:25:50,0.6996535296665223,0
1756,0434,1,2026-06-13 12:25:50,1.0000000000000000,0
1757,0434,1,2026-06-13 12:25:50,1.0000000000000000,0
1758,0587,1,2026-06-13 12:25:50,0.4527934170636639,0
1759,0147,1,2026-06-13 12:26:00,0.6996535296665223,0
1760,0434,1,2026-06-13 12:26:00,1.0000000000000000,0
1761,0434,1,2026-06-13 12:26:00,1.0000000000000000,0
1762,0434,1,2026-06-13 12:26:00,1.0000000000000000,0
1763,0587,1,2026-06-13 12:26:00,0.4527934170636639,0
1764,0147,1,2026-06-13 12:26:10,0.6996535296665223,0
1765,0587,1,2026-06-13 12:26:10,0.4527934170636639,0
1766,0587,1,2026-06-13 12:26:20,0.4527934170636639,0
1767,0587,1,2026-06-13 12:26:30,0.4527934170636639,0
1768,0055,1,2026-06-13 12:28:00,0.7358163707232568,0
1769,0055,1,2026-06-13 12:28:10,0.7358163707232568,0
1770,0055,1,2026-06-13 12:28:20,0.7358163707232568,0
1771,0055,1,2026-06-13 12:28:30,0.7358163707232568,0
1772,0055,1,2026-06-13 12:28:40,0.7358163707232568,0
1773,0055,1,2026-06-13 12:28:50,0.7358163707232568,0
1774,0116,1,2026-06-13 12:28:50,0.2223906453009961,0
1775,0020,1,2026-06-13 12:29:00,0.4527934170636639,0
1776,0020,1,2026-06-13 12:29:00,0.4527934170636639,0
1777,0055,1,2026-06-13 12:29:00,0.7358163707232568,0
1778,0116,1,2026-06-13 12:29:00,0.2223906453009961,0
1779,0020,1,2026-06-13 12:29:10,0.4527934170636639,1
1780,0020,1,2026-06-13 12:29:10,0.4527934170636639,0
1781,0055,1,2026-06-13 12:29:10,0.7358163707232568,0
1782,0116,1,2026-06-13 12:29:10,0.2223906453009961,0
1783,0020,1,2026-06-13 12:29:20,0.4527934170636639,0
1784,0020,1,2026-06-13 12:29:20,0.4527934170636639,0
1785,0020,1,2026-06-13 12:29:20,0.4527934170636639,0
1786,0055,1,2026-06-13 12:29:20,0.7358163707232568,0
1787,0116,1,2026-06-13 12:29:20,0.2223906453009961,0
1788,0020,1,2026-06-13 12:29:30,0.4527934170636639,0
1789,0020,1,2026-06-13 12:29:30,0.4527934170636639,0
1790,0020,1,2026-06-13 12:29:30,0.4527934170636639,0
1791,0020,1,2026-06-13 12:29:30,0.4527934170636639,0
1792,0055,1,2026-06-13 12:29:30,0.7358163707232568,0
1793,0116,1,2026-06-13 12:29:30,0.2223906453009961,0
1794,0014,1,2026-06-13 12:29:40,0.5634473798181031,0
1795,0020,1,2026-06-13 12:29:40,0.4527934170636639,1
1796,0020,1,2026-06-13 12:29:40,0.4527934170636639,0
1797,0020,1,2026-06-13 12:29:40,0.4527934170636639,0
1798,0020,1,2026-06-13 12:29:40,0.4527934170636639,0
1799,0055,1,2026-06-13 12:29:40,0.7358163707232568,0
1800,0063,1,2026-06-13 12:29:40,0.8055435253356431,0
1801,0063,1,2026-06-13 12:29:40,0.8055435253356431,0
1802,0116,1,2026-06-13 12:29:40,0.2223906453009961,0
1803,0555,1,2026-06-13 12:29:40,0.0985275010827198,0
1804,0953,1,2026-06-13 12:29:40,0.8055435253356431,0
1805,0014,1,2026-06-13 12:29:50,0.5634473798181031,0
1806,0020,1,2026-06-13 12:29:50,0.4527934170636639,0
1807,0020,1,2026-06-13 12:29:50,0.4527934170636639,0
1808,0020,1,2026-06-13 12:29:50,0.4527934170636639,0
1809,0020,1,2026-06-13 12:29:50,0.4527934170636639,0
1810,0055,1,2026-06-13 12:29:50,0.7358163707232568,0
1811,0063,1,2026-06-13 12:29:50,0.8055435253356431,0
1812,0063,1,2026-06-13 12:29:50,0.8055435253356431,0
1813,0063,1,2026-06-13 12:29:50,0.8055435253356431,0
1814,0116,1,2026-06-13 12:29:50,0.2223906453009961,0
1815,0555,1,2026-06-13 12:29:50,0.0985275010827198,0
1816,0691,1,2026-06-13 12:29:50,0.4527934170636639,0
1817,0953,1,2026-06-13 12:29:50,0.8055435253356431,0
1818,0014,1,2026-06-13 12:30:00,0.5634473798181031,0
1819,0020,1,2026-06-13 12:30:00,0.4527934170636639,0
1820,0020,1,2026-06-13 12:30:00,0.4527934170636639,0
1821,0020,1,2026-06-13 12:30:00,0.4527934170636639,0
1822,0063,1,2026-06-13 12:30:00,0.8055435253356431,0
1823,0063,1,2026-06-13 12:30:00,0.8055435253356431,0
1824,0063,1,2026-06-13 12:30:00,0.8055435253356431,0
1825,0077,1,2026-06-13 12:30:00,0.5634473798181031,0
1826,0116,1,2026-06-13 12:30:00,0.2223906453009961,0
1827,0276,1,2026-06-13 12:30:00,0.9393676916414032,1
1828,0555,1,2026-06-13 12:30:00,0.0985275010827198,0
1829,0691,1,2026-06-13 12:30:00,0.4527934170636639,0
1830,0953,1,2026-06-13 12:30:00,0.8055435253356431,0
1831,0014,1,2026-06-13 12:30:10,0.5634473798181031,0
1832,0020,1,2026-06-13 12:30:10,0.4527934170636639,0
1833,0020,1,2026-06-13 12:30:10,0.4527934170636639,0
1834,0020,1,2026-06-13 12:30:10,0.4527934170636639,0
1835,0020,1,2026-06-13 12:30:10,0.4527934170636639,0
1836,0063,1,2026-06-13 12:30:10,0.8055435253356431,0
1837,0063,1,2026-06-13 12:30:10,0.8055435253356431,0
1838,0063,1,2026-06-13 12:30:10,0.8055435253356431,0
1839,0063,1,2026-06-13 12:30:10,0.8055435253356431,0
1840,0077,1,2026-06-13 12:30:10,0.5634473798181031,0
1841,0116,1,2026-06-13 12:30:10,0.2223906453009961,0
1842,0276,1,2026-06-13 12:30:10,0.9393676916414032,0
1843,0555,1,2026-06-13 12:30:10,0.0985275010827198,0
1844,0691,1,2026-06-13 12:30:10,0.4527934170636639,0
1845,0834,1,2026-06-13 12:30:10,0.4527934170636639,0
1846,0953,1,2026-06-13 12:30:10,0.8055435253356431,0
1847,0014,1,2026-06-13 12:30:20,0.5634473798181031,0
1848,0020,1,2026-06-13 12:30:20,0.4527934170636639,0
1849,0020,1,2026-06-13 12:30:20,0.4527934170636639,0
1850,0020,1,2026-06-13 12:30:20,0.4527934170636639,0
1851,0020,1,2026-06-13 12:30:20,0.4527934170636639,0
1852,0020,1,2026-06-13 12:30:20,0.4527934170636639,0
1853,0063,1,2026-06-13 12:30:20,0.8055435253356431,0
1854,0063,1,2026-06-13 12:30:20,0.8055435253356431,0
1855,0063,1,2026-06-13 12:30:20,0.8055435253356431,0
1856,0063,1,2026-06-13 12:30:20,0.8055435253356431,0
1857,0077,1,2026-06-13 12:30:20,0.5634473798181031,0
1858,0116,1,2026-06-13 12:30:20,0.2223906453009961,0
1859,0131,1,2026-06-13 12:30:20,0.5634473798181031,0
1860,0276,1,2026-06-13 12:30:20,0.9393676916414032,0
1861,0555,1,2026-06-13 12:30:20,0.0985275010827198,0
1862,0691,1,2026-06-13 12:30:20,0.4527934170636639,0
1863,0834,1,2026-06-13 12:30:20,0.4527934170636639,0
1864,0953,1,2026-06-13 12:30:20,0.8055435253356431,0
1865,0014,1,2026-06-13 12:30:30,0.5634473798181031,0
1866,0020,1,2026-06-13 12:30:30,0.4527934170636639,0
1867,0020,1,2026-06-13 12:30:30,0.4527934170636639,0
1868,0020,1,2026-06-13 12:30:30,0.4527934170636639,0
1869,0020,1,2026-06-13 12:30:30,0.4527934170636639,0
1870,0063,1,2026-06-13 12:30:30,0.8055435253356431,0
1871,0063,1,2026-06-13 12:30:30,0.8055435253356431,0
1872,0063,1,2026-06-13 12:30:30,0.8055435253356431,0
1873,0063,1,2026-06-13 12:30:30,0.8055435253356431,0
1874,0077,1,2026-06-13 12:30:30,0.5634473798181031,0
1875,0116,1,2026-06-13 12:30:30,0.2223906453009961,0
1876,0131,1,2026-06-13 12:30:30,0.5634473798181031,0
1877,0276,1,2026-06-13 12:30:30,0.9393676916414032,0
1878,0555,1,2026-06-13 12:30:30,0.0985275010827198,0
1879,0691,1,2026-06-13 12:30:30,0.4527934170636639,0
1880,0834,1,2026-06-13 12:30:30,0.4527934170636639,0
1881,0953,1,2026-06-13 12:30:30,0.8055435253356431,0
1882,0014,1,2026-06-13 12:30:40,0.5634473798181031,0
1883,0020,1,2026-06-13 12:30:40,0.4527934170636639,0
1884,0020,1,2026-06-13 12:30:40,0.4527934170636639,0
1885,0020,1,2026-06-13 12:30:40,0.4527934170636639,0
1886,0063,1,2026-06-13 12:30:40,0.8055435253356431,0
1887,0063,1,2026-06-13 12:30:40,0.8055435253356431,0
1888,0063,1,2026-06-13 12:30:40,0.8055435253356431,0
1889,0063,1,2026-06-13 12:30:40,0.8055435253356431,0
1890,0077,1,2026-06-13 12:30:40,0.5634473798181031,0
1891,0131,1,2026-06-13 12:30:40,0.5634473798181031,0
1892,0276,1,2026-06-13 12:30:40,0.9393676916414032,0
1893,0555,1,2026-06-13 12:30:40,0.0985275010827198,0
1894,0691,1,2026-06-13 12:30:40,0.4527934170636639,0
1895,0834,1,2026-06-13 12:30:40,0.4527934170636639,0
1896,0953,1,2026-06-13 12:30:40,0.8055435253356431,1
1897,0014,1,2026-06-13 12:30:50,0.5634473798181031,0
1898,0020,1,2026-06-13 12:30:50,0.4527934170636639,0
1899,0020,1,2026-06-13 12:30:50,0.4527934170636639,0
1900,0020,1,2026-06-13 12:30:50,0.4527934170636639,0
1901,0063,1,2026-06-13 12:30:50,0.8055435253356431,0
1902,0063,1,2026-06-13 12:30:50,0.8055435253356431,0
1903,0063,1,2026-06-13 12:30:50,0.8055435253356431,0
1904,0063,1,2026-06-13 12:30:50,0.8055435253356431,0
1905,0077,1,2026-06-13 12:30:50,0.5634473798181031,0
1906,0131,1,2026-06-13 12:30:50,0.5634473798181031,0
1907,0276,1,2026-06-13 12:30:50,0.9393676916414032,0
1908,0555,1,2026-06-13 12:30:50,0.0985275010827198,1
1909,0691,1,2026-06-13 12:30:50,0.4527934170636639,0
1910,0834,1,2026-06-13 12:30:50,0.4527934170636639,0
1911,0953,1,2026-06-13 12:30:50,0.8055435253356431,0
1912,0014,1,2026-06-13 12:31:00,0.5634473798181031,0
1913,0063,1,2026-06-13 12:31:00,0.8055435253356431,0
1914,0063,1,2026-06-13 12:31:00,0.8055435253356431,0
1915,0063,1,2026-06-13 12:31:00,0.8055435253356431,0
1916,0063,1,2026-06-13 12:31:00,0.8055435253356431,0
1917,0063,1,2026-06-13 12:31:00,0.8055435253356431,0
1918,0077,1,2026-06-13 12:31:00,0.5634473798181031,0
1919,0131,1,2026-06-13 12:31:00,0.5634473798181031,0
1920,0276,1,2026-06-13 12:31:00,0.9393676916414032,0
1921,0555,1,2026-06-13 12:31:00,0.0985275010827198,0
1922,0691,1,2026-06-13 12:31:00,0.4527934170636639,0
1923,0834,1,2026-06-13 12:31:00,0.4527934170636639,0
1924,0014,1,2026-06-13 12:31:10,0.5634473798181031,0
1925,0063,1,2026-06-13 12:31:10,0.8055435253356431,0
1926,0063,1,2026-06-13 12:31:10,0.8055435253356431,0
1927,0063,1,2026-06-13 12:31:10,0.8055435253356431,0
1928,0063,1,2026-06-13 12:31:10,0.8055435253356431,0
1929,0131,1,2026-06-13 12:31:10,0.5634473798181031,0
1930,0276,1,2026-06-13 12:31:10,0.9393676916414032,0
1931,0555,1,2026-06-13 12:31:10,0.0985275010827198,0
1932,0834,1,2026-06-13 12:31:10,0.4527934170636639,0
1933,0014,1,2026-06-13 12:31:20,0.5634473798181031,0
1934,0063,1,2026-06-13 12:31:20,0.8055435253356431,0
1935,0063,1,2026-06-13 12:31:20,0.8055435253356431,0
1936,0063,1,2026-06-13 12:31:20,0.8055435253356431,0
1937,0131,1,2026-06-13 12:31:20,0.5634473798181031,0
1938,0276,1,2026-06-13 12:31:20,0.9393676916414032,0
1939,0834,1,2026-06-13 12:31:20,0.4527934170636639,0
1940,0063,1,2026-06-13 12:31:30,0.8055435253356431,0
1941,0063,1,2026-06-13 12:31:30,0.8055435253356431,0
1942,0063,1,2026-06-13 12:31:30,0.8055435253356431,0
1943,0834,1,2026-06-13 12:31:30,0.4527934170636639,0
1944,0622,1,2026-06-13 12:31:40,0.2223906453009961,0
1945,0834,1,2026-06-13 12:31:40,0.4527934170636639,0
1946,0622,1,2026-06-13 12:31:50,0.2223906453009961,0
1947,0834,1,2026-06-13 12:31:50,0.4527934170636639,0
1948,0622,1,2026-06-13 12:32:00,0.2223906453009961,0
1949,0834,1,2026-06-13 12:32:00,0.4527934170636639,0
1950,0622,1,2026-06-13 12:32:10,0.2223906453009961,1
1951,0622,1,2026-06-13 12:32:20,0.2223906453009961,0
1952,0376,1,2026-06-13 12:32:30,0.7358163707232568,0
1953,0622,1,2026-06-13 12:32:30,0.2223906453009961,0
1954,0376,1,2026-06-13 12:32:40,0.7358163707232568,0
1955,0622,1,2026-06-13 12:32:40,0.2223906453009961,0
1956,0376,1,2026-06-13 12:32:50,0.7358163707232568,1
1957,0376,1,2026-06-13 12:33:00,0.7358163707232568,1
1958,0376,1,2026-06-13 12:33:10,0.7358163707232568,0
1959,0979,1,2026-06-13 12:33:10,0.0985275010827198,0
1960,0376,1,2026-06-13 12:33:20,0.7358163707232568,0
1961,0979,1,2026-06-13 12:33:20,0.0985275010827198,0
1962,0979,1,2026-06-13 12:33:30,0.0985275010827198,0
1963,0979,1,2026-06-13 12:33:40,0.0985275010827198,1
1964,0322,1,2026-06-13 13:59:20,0.3614118666089216,0
1965,0322,1,2026-06-13 13:59:30,0.3614118666089216,1
1966,0322,1,2026-06-13 13:59:40,0.3614118666089216,0
1967,0322,1,2026-06-13 13:59:50,0.3614118666089216,0
1968,0322,1,2026-06-13 14:00:00,0.3614118666089216,0
1969,0322,1,2026-06-13 14:00:10,0.3614118666089216,0
1970,0322,1,2026-06-13 14:00:20,0.3614118666089216,0
1971,0322,1,2026-06-13 14:00:30,0.3614118666089216,0
1972,0322,1,2026-06-13 14:00:40,0.3614118666089216,0
1973,0322,1,2026-06-13 14:00:50,0.3614118666089216,0
1974,0322,1,2026-06-13 14:01:00,0.3614118666089216,0
1975,0322,1,2026-06-13 14:01:10,0.3614118666089216,0
1976,0608,1,2026-06-13 14:06:50,0.0985275010827198,0
1977,0283,1,2026-06-13 14:07:00,0.6327414465136423,0
1978,0608,1,2026-06-13 14:07:00,0.0985275010827198,0
1979,0283,1,2026-06-13 14:07:10,0.6327414465136423,0
1980,0608,1,2026-06-13 14:07:10,0.0985275010827198,0
1981,0283,1,2026-06-13 14:07:20,0.6327414465136423,0
1982,0608,1,2026-06-13 14:07:20,0.0985275010827198,0
1983,0283,1,2026-06-13 14:07:30,0.6327414465136423,0
1984,0608,1,2026-06-13 14:07:30,0.0985275010827198,0
1985,0283,1,2026-06-13 14:07:40,0.6327414465136423,0
1986,0608,1,2026-06-13 14:07:40,0.0985275010827198,0
1987,0283,1,2026-06-13 14:07:50,0.6327414465136423,0
1988,0608,1,2026-06-13 14:07:50,0.0985275010827198,0
1989,0283,1,2026-06-13 14:08:00,0.6327414465136423,0
1990,0608,1,2026-06-13 14:08:00,0.0985275010827198,0
1991,0283,1,2026-06-13 14:08:10,0.6327414465136423,0
1992,0283,1,2026-06-13 14:08:20,0.6327414465136423,0
1993,0304,1,2026-06-13 14:11:10,0.6996535296665223,0
1994,0304,1,2026-06-13 14:11:20,0.6996535296665223,0
1995,0304,1,2026-06-13 14:11:30,0.6996535296665223,0
1996,0677,1,2026-06-13 14:11:30,0.4527934170636639,0
1997,0304,1,2026-06-13 14:11:40,0.6996535296665223,0
1998,0677,1,2026-06-13 14:11:40,0.4527934170636639,0
1999,0304,1,2026-06-13 14:11:50,0.6996535296665223,0
2000,0381,1,2026-06-13 14:11:50,0.5634473798181031,1
2001,0677,1,2026-06-13 14:11:50,0.4527934170636639,0
2002,0304,1,2026-06-13 14:12:00,0.6996535296665223,0
2003,0381,1,2026-06-13 14:12:00,0.5634473798181031,0
2004,0677,1,2026-06-13 14:12:00,0.4527934170636639,0
2005,0304,1,2026-06-13 14:12:10,0.6996535296665223,0
2006,0381,1,2026-06-13 14:12:10,0.5634473798181031,0
2007,0677,1,2026-06-13 14:12:10,0.4527934170636639,0
2008,0304,1,2026-06-13 14:12:20,0.6996535296665223,0
2009,0381,1,2026-06-13 14:12:20,0.5634473798181031,0
2010,0304,1,2026-06-13 14:12:30,0.6996535296665223,0
2011,0381,1,2026-06-13 14:12:30,0.5634473798181031,0
2012,0304,1,2026-06-13 14:12:40,0.6996535296665223,0
2013,0381,1,2026-06-13 14:12:40,0.5634473798181031,0
2014,0304,1,2026-06-13 14:12:50,0.6996535296665223,0
2015,0381,1,2026-06-13 14:12:50,0.5634473798181031,0
2016,0381,1,2026-06-13 14:13:00,0.5634473798181031,0
2017,0381,1,2026-06-13 14:13:10,0.5634473798181031,0
2018,0381,1,2026-06-13 14:13:20,0.5634473798181031,0
2019,0381,1,2026-06-13 14:13:30,0.5634473798181031,0
2020,0469,1,2026-06-13 15:07:10,0.6327414465136423,0
2021,0469,1,2026-06-13 15:07:20,0.6327414465136423,0
2022,0469,1,2026-06-13 15:07:30,0.6327414465136423,0
2023,0469,1,2026-06-13 15:07:40,0.6327414465136423,0
2024,0469,1,2026-06-13 15:07:50,0.6327414465136423,0
2025,0469,1,2026-06-13 15:08:00,0.6327414465136423,0
2026,0469,1,2026-06-13 15:08:10,0.6327414465136423,0
2027,0469,1,2026-06-13 15:08:20,0.6327414465136423,0
2028,0469,1,2026-06-13 15:08:30,0.6327414465136423,0
2029,0469,1,2026-06-13 15:08:40,0.6327414465136423,0
2030,0469,1,2026-06-13 15:08:50,0.6327414465136423,0
2031,0469,1,2026-06-13 15:09:00,0.6327414465136423,0
2032,0580,1,2026-06-13 15:28:20,0.6327414465136423,0
2033,0580,1,2026-06-13 15:28:20,0.6327414465136423,0
2034,0580,1,2026-06-13 15:28:20,0.6327414465136423,0
2035,0580,1,2026-06-13 15:28:20,0.6327414465136423,0
2036,0580,1,2026-06-13 15:28:20,0.6327414465136423,0
2037,0580,1,2026-06-13 15:28:20,0.6327414465136423,0
2038,0580,1,2026-06-13 15:28:20,0.6327414465136423,0
2039,0580,1,2026-06-13 15:28:20,0.6327414465136423,0
2040,0580,1,2026-06-13 15:28:20,0.6327414465136423,0
2041,0580,1,2026-06-13 15:28:30,0.6327414465136423,0
2042,0580,1,2026-06-13 15:28:30,0.6327414465136423,0
2043,0580,1,2026-06-13 15:28:30,0.6327414465136423,0
2044,0580,1,2026-06-13 15:28:30,0.6327414465136423,0
2045,0580,1,2026-06-13 15:28:30,0.6327414465136423,0
2046,0580,1,2026-06-13 15:28:30,0.6327414465136423,0
2047,0580,1,2026-06-13 15:28:30,0.6327414465136423,0
2048,0580,1,2026-06-13 15:28:30,0.6327414465136423,0
2049,0962,1,2026-06-13 15:28:30,0.5634473798181031,0
2050,0203,1,2026-06-13 15:28:40,0.4527934170636639,0
2051,0580,1,2026-06-13 15:28:40,0.6327414465136423,0
2052,0580,1,2026-06-13 15:28:40,0.6327414465136423,0
2053,0580,1,2026-06-13 15:28:40,0.6327414465136423,0
2054,0580,1,2026-06-13 15:28:40,0.6327414465136423,0
2055,0580,1,2026-06-13 15:28:40,0.6327414465136423,0
2056,0580,1,2026-06-13 15:28:40,0.6327414465136423,0
2057,0580,1,2026-06-13 15:28:40,0.6327414465136423,0
2058,0580,1,2026-06-13 15:28:40,0.6327414465136423,0
2059,0962,1,2026-06-13 15:28:40,0.5634473798181031,0
2060,0203,1,2026-06-13 15:28:50,0.4527934170636639,0
2061,0580,1,2026-06-13 15:28:50,0.6327414465136423,0
2062,0580,1,2026-06-13 15:28:50,0.6327414465136423,0
2063,0580,1,2026-06-13 15:28:50,0.6327414465136423,0
2064,0580,1,2026-06-13 15:28:50,0.6327414465136423,0
2065,0580,1,2026-06-13 15:28:50,0.6327414465136423,0
2066,0580,1,2026-06-13 15:28:50,0.6327414465136423,0
2067,0580,1,2026-06-13 15:28:50,0.6327414465136423,0
2068,0580,1,2026-06-13 15:28:50,0.6327414465136423,0
2069,0962,1,2026-06-13 15:28:50,0.5634473798181031,0
2070,0203,1,2026-06-13 15:29:00,0.4527934170636639,0
2071,0580,1,2026-06-13 15:29:00,0.6327414465136423,0
2072,0580,1,2026-06-13 15:29:00,0.6327414465136423,0
2073,0580,1,2026-06-13 15:29:00,0.6327414465136423,0
2074,0580,1,2026-06-13 15:29:00,0.6327414465136423,0
2075,0580,1,2026-06-13 15:29:00,0.6327414465136423,0
2076,0580,1,2026-06-13 15:29:00,0.6327414465136423,0
2077,0580,1,2026-06-13 15:29:00,0.6327414465136423,0
2078,0580,1,2026-06-13 15:29:00,0.6327414465136423,0
2079,0962,1,2026-06-13 15:29:00,0.5634473798181031,0
2080,0203,1,2026-06-13 15:29:10,0.4527934170636639,0
2081,0580,1,2026-06-13 15:29:10,0.6327414465136423,0
2082,0580,1,2026-06-13 15:29:10,0.6327414465136423,0
2083,0580,1,2026-06-13 15:29:10,0.6327414465136423,0
2084,0580,1,2026-06-13 15:29:10,0.6327414465136423,0
2085,0580,1,2026-06-13 15:29:10,0.6327414465136423,0
2086,0580,1,2026-06-13 15:29:10,0.6327414465136423,0
2087,0580,1,2026-06-13 15:29:10,0.6327414465136423,0
2088,0580,1,2026-06-13 15:29:10,0.6327414465136423,0
2089,0962,1,2026-06-13 15:29:10,0.5634473798181031,0
2090,0203,1,2026-06-13 15:29:20,0.4527934170636639,0
2091,0355,1,2026-06-13 15:29:20,0.7358163707232568,0
2092,0962,1,2026-06-13 15:29:20,0.5634473798181031,0
2093,0203,1,2026-06-13 15:29:30,0.4527934170636639,0
2094,0355,1,2026-06-13 15:29:30,0.7358163707232568,0
2095,0392,1,2026-06-13 15:29:30,0.4527934170636639,0
2096,0710,1,2026-06-13 15:29:30,0.0985275010827198,0
2097,0710,1,2026-06-13 15:29:30,0.0985275010827198,0
2098,0710,1,2026-06-13 15:29:30,0.0985275010827198,0
2099,0710,1,2026-06-13 15:29:30,0.0985275010827198,0
2100,0710,1,2026-06-13 15:29:30,0.0985275010827198,0
2101,0710,1,2026-06-13 15:29:30,0.0985275010827198,1
2102,0710,1,2026-06-13 15:29:30,0.0985275010827198,0
2103,0710,1,2026-06-13 15:29:30,0.0985275010827198,0
2104,0962,1,2026-06-13 15:29:30,0.5634473798181031,0
2105,0203,1,2026-06-13 15:29:40,0.4527934170636639,0
2106,0355,1,2026-06-13 15:29:40,0.7358163707232568,0
2107,0392,1,2026-06-13 15:29:40,0.4527934170636639,0
2108,0710,1,2026-06-13 15:29:40,0.0985275010827198,0
2109,0710,1,2026-06-13 15:29:40,0.0985275010827198,0
2110,0710,1,2026-06-13 15:29:40,0.0985275010827198,0
2111,0710,1,2026-06-13 15:29:40,0.0985275010827198,0
2112,0710,1,2026-06-13 15:29:40,0.0985275010827198,0
2113,0710,1,2026-06-13 15:29:40,0.0985275010827198,0
2114,0710,1,2026-06-13 15:29:40,0.0985275010827198,0
2115,0710,1,2026-06-13 15:29:40,0.0985275010827198,0
2116,0962,1,2026-06-13 15:29:40,0.5634473798181031,0
2117,0203,1,2026-06-13 15:29:50,0.4527934170636639,0
2118,0355,1,2026-06-13 15:29:50,0.7358163707232568,1
2119,0392,1,2026-06-13 15:29:50,0.4527934170636639,0
2120,0710,1,2026-06-13 15:29:50,0.0985275010827198,0
2121,0710,1,2026-06-13 15:29:50,0.0985275010827198,0
2122,0710,1,2026-06-13 15:29:50,0.0985275010827198,0
2123,0710,1,2026-06-13 15:29:50,0.0985275010827198,0
2124,0710,1,2026-06-13 15:29:50,0.0985275010827198,0
2125,0710,1,2026-06-13 15:29:50,0.0985275010827198,0
2126,0710,1,2026-06-13 15:29:50,0.0985275010827198,0
2127,0710,1,2026-06-13 15:29:50,0.0985275010827198,0
2128,0962,1,2026-06-13 15:29:50,0.5634473798181031,0
2129,0203,1,2026-06-13 15:30:00,0.4527934170636639,0
2130,0355,1,2026-06-13 15:30:00,0.7358163707232568,0
2131,0392,1,2026-06-13 15:30:00,0.4527934170636639,0
2132,0710,1,2026-06-13 15:30:00,0.0985275010827198,0
2133,0710,1,2026-06-13 15:30:00,0.0985275010827198,0
2134,0710,1,2026-06-13 15:30:00,0.0985275010827198,0
2135,0710,1,2026-06-13 15:30:00,0.0985275010827198,0
2136,0710,1,2026-06-13 15:30:00,0.0985275010827198,0
2137,0710,1,2026-06-13 15:30:00,0.0985275010827198,0
2138,0710,1,2026-06-13 15:30:00,0.0985275010827198,0
2139,0710,1,2026-06-13 15:30:00,0.0985275010827198,0
2140,0912,1,2026-06-13 15:30:00,0.8055435253356431,1
2141,0962,1,2026-06-13 15:30:00,0.5634473798181031,0
2142,0203,1,2026-06-13 15:30:10,0.4527934170636639,0
2143,0355,1,2026-06-13 15:30:10,0.7358163707232568,0
2144,0392,1,2026-06-13 15:30:10,0.4527934170636639,0
2145,0710,1,2026-06-13 15:30:10,0.0985275010827198,0
2146,0710,1,2026-06-13 15:30:10,0.0985275010827198,0
2147,0710,1,2026-06-13 15:30:10,0.0985275010827198,0
2148,0710,1,2026-06-13 15:30:10,0.0985275010827198,0
2149,0710,1,2026-06-13 15:30:10,0.0985275010827198,0
2150,0710,1,2026-06-13 15:30:10,0.0985275010827198,0
2151,0710,1,2026-06-13 15:30:10,0.0985275010827198,0
2152,0710,1,2026-06-13 15:30:10,0.0985275010827198,0
2153,0912,1,2026-06-13 15:30:10,0.8055435253356431,1
2154,0962,1,2026-06-13 15:30:10,0.5634473798181031,0
2155,0203,1,2026-06-13 15:30:20,0.4527934170636639,0
2156,0355,1,2026-06-13 15:30:20,0.7358163707232568,0
2157,0392,1,2026-06-13 15:30:20,0.4527934170636639,0
2158,0710,1,2026-06-13 15:30:20,0.0985275010827198,0
2159,0710,1,2026-06-13 15:30:20,0.0985275010827198,0
2160,0710,1,2026-06-13 15:30:20,0.0985275010827198,0
2161,0710,1,2026-06-13 15:30:20,0.0985275010827198,0
2162,0710,1,2026-06-13 15:30:20,0.0985275010827198,0
2163,0710,1,2026-06-13 15:30:20,0.0985275010827198,0
2164,0710,1,2026-06-13 15:30:20,0.0985275010827198,0
2165,0912,1,2026-06-13 15:30:20,0.8055435253356431,0
2166,0962,1,2026-06-13 15:30:20,0.5634473798181031,0
2167,0203,1,2026-06-13 15:30:30,0.4527934170636639,0
2168,0355,1,2026-06-13 15:30:30,0.7358163707232568,0
2169,0392,1,2026-06-13 15:30:30,0.4527934170636639,0
2170,0710,1,2026-06-13 15:30:30,0.0985275010827198,0
2171,0710,1,2026-06-13 15:30:30,0.0985275010827198,0
2172,0710,1,2026-06-13 15:30:30,0.0985275010827198,0
2173,0710,1,2026-06-13 15:30:30,0.0985275010827198,0
2174,0710,1,2026-06-13 15:30:30,0.0985275010827198,0
2175,0710,1,2026-06-13 15:30:30,0.0985275010827198,0
2176,0710,1,2026-06-13 15:30:30,0.0985275010827198,0
2177,0912,1,2026-06-13 15:30:30,0.8055435253356431,0
2178,0243,1,2026-06-13 15:30:40,0.8659592897358164,0
2179,0355,1,2026-06-13 15:30:40,0.7358163707232568,0
2180,0392,1,2026-06-13 15:30:40,0.4527934170636639,0
2181,0710,1,2026-06-13 15:30:40,0.0985275010827198,0
2182,0710,1,2026-06-13 15:30:40,0.0985275010827198,0
2183,0710,1,2026-06-13 15:30:40,0.0985275010827198,0
2184,0710,1,2026-06-13 15:30:40,0.0985275010827198,0
2185,0710,1,2026-06-13 15:30:40,0.0985275010827198,0
2186,0710,1,2026-06-13 15:30:40,0.0985275010827198,0
2187,0710,1,2026-06-13 15:30:40,0.0985275010827198,0
2188,0912,1,2026-06-13 15:30:40,0.8055435253356431,0
2189,0243,1,2026-06-13 15:30:50,0.8659592897358164,0
2190,0340,1,2026-06-13 15:30:50,1.0000000000000000,0
2191,0355,1,2026-06-13 15:30:50,0.7358163707232568,0
2192,0560,1,2026-06-13 15:30:50,0.8659592897358164,0
2193,0763,1,2026-06-13 15:30:50,0.8055435253356431,0
2194,0912,1,2026-06-13 15:30:50,0.8055435253356431,0
2195,0930,1,2026-06-13 15:30:50,0.6327414465136423,0
2196,0243,1,2026-06-13 15:31:00,0.8659592897358164,0
2197,0340,1,2026-06-13 15:31:00,1.0000000000000000,0
2198,0355,1,2026-06-13 15:31:00,0.7358163707232568,0
2199,0560,1,2026-06-13 15:31:00,0.8659592897358164,0
2200,0763,1,2026-06-13 15:31:00,0.8055435253356431,0
2201,0806,1,2026-06-13 15:31:00,0.9393676916414032,0
2202,0912,1,2026-06-13 15:31:00,0.8055435253356431,0
2203,0930,1,2026-06-13 15:31:00,0.6327414465136423,0
2204,0243,1,2026-06-13 15:31:10,0.8659592897358164,0
2205,0340,1,2026-06-13 15:31:10,1.0000000000000000,0
2206,0560,1,2026-06-13 15:31:10,0.8659592897358164,0
2207,0763,1,2026-06-13 15:31:10,0.8055435253356431,0
2208,0806,1,2026-06-13 15:31:10,0.9393676916414032,0
2209,0912,1,2026-06-13 15:31:10,0.8055435253356431,0
2210,0930,1,2026-06-13 15:31:10,0.6327414465136423,0
2211,0243,1,2026-06-13 15:31:20,0.8659592897358164,0
2212,0806,1,2026-06-13 15:31:20,0.9393676916414032,0
2213,0912,1,2026-06-13 15:31:20,0.8055435253356431,0
2214,0930,1,2026-06-13 15:31:20,0.6327414465136423,0
2215,0243,1,2026-06-13 15:31:30,0.8659592897358164,0
2216,0305,1,2026-06-13 15:31:30,0.5634473798181031,0
2217,0733,1,2026-06-13 15:31:30,0.6996535296665223,0
2218,0806,1,2026-06-13 15:31:30,0.9393676916414032,0
2219,0930,1,2026-06-13 15:31:30,0.6327414465136423,0
2220,0243,1,2026-06-13 15:31:40,0.8659592897358164,0
2221,0305,1,2026-06-13 15:31:40,0.5634473798181031,0
2222,0733,1,2026-06-13 15:31:40,0.6996535296665223,0
2223,0806,1,2026-06-13 15:31:40,0.9393676916414032,0
2224,0930,1,2026-06-13 15:31:40,0.6327414465136423,0
2225,0243,1,2026-06-13 15:31:50,0.8659592897358164,0
2226,0305,1,2026-06-13 15:31:50,0.5634473798181031,0
2227,0733,1,2026-06-13 15:31:50,0.6996535296665223,0
2228,0806,1,2026-06-13 15:31:50,0.9393676916414032,0
2229,0930,1,2026-06-13 15:31:50,0.6327414465136423,0
2230,0243,1,2026-06-13 15:32:00,0.8659592897358164,0
2231,0305,1,2026-06-13 15:32:00,0.5634473798181031,0
2232,0733,1,2026-06-13 15:32:00,0.6996535296665223,0
2233,0806,1,2026-06-13 15:32:00,0.9393676916414032,0
2234,0930,1,2026-06-13 15:32:00,0.6327414465136423,1
2235,0243,1,2026-06-13 15:32:10,0.8659592897358164,0
2236,0305,1,2026-06-13 15:32:10,0.5634473798181031,0
2237,0733,1,2026-06-13 15:32:10,0.6996535296665223,0
2238,0806,1,2026-06-13 15:32:10,0.9393676916414032,0
2239,0930,1,2026-06-13 15:32:10,0.6327414465136423,0
2240,0305,1,2026-06-13 15:32:20,0.5634473798181031,0
2241,0545,1,2026-06-13 15:32:20,0.9393676916414032,0
2242,0733,1,2026-06-13 15:32:20,0.6996535296665223,0
2243,0806,1,2026-06-13 15:32:20,0.9393676916414032,0
2244,0930,1,2026-06-13 15:32:20,0.6327414465136423,0
2245,0305,1,2026-06-13 15:32:30,0.5634473798181031,0
2246,0545,1,2026-06-13 15:32:30,0.9393676916414032,0
2247,0733,1,2026-06-13 15:32:30,0.6996535296665223,0
2248,0806,1,2026-06-13 15:32:30,0.9393676916414032,0
2249,0930,1,2026-06-13 15:32:30,0.6327414465136423,0
2250,0305,1,2026-06-13 15:32:40,0.5634473798181031,0
2251,0545,1,2026-06-13 15:32:40,0.9393676916414032,0
2252,0733,1,2026-06-13 15:32:40,0.6996535296665223,0
2253,0806,1,2026-06-13 15:32:40,0.9393676916414032,0
2254,0930,1,2026-06-13 15:32:40,0.6327414465136423,0
2255,0545,1,2026-06-13 15:32:50,0.9393676916414032,0
2256,0733,1,2026-06-13 15:32:50,0.6996535296665223,0
2257,0806,1,2026-06-13 15:32:50,0.9393676916414032,0
2258,0545,1,2026-06-13 15:33:00,0.9393676916414032,0
2259,0733,1,2026-06-13 15:33:00,0.6996535296665223,0
2260,0274,1,2026-06-13 15:33:10,0.4527934170636639,0
2261,0545,1,2026-06-13 15:33:10,0.9393676916414032,0
2262,0905,1,2026-06-13 15:33:10,0.2223906453009961,1
2263,0274,1,2026-06-13 15:33:20,0.4527934170636639,0
2264,0515,1,2026-06-13 15:33:20,0.5634473798181031,0
2265,0515,1,2026-06-13 15:33:20,0.5634473798181031,0
2266,0515,1,2026-06-13 15:33:20,0.5634473798181031,0
2267,0515,1,2026-06-13 15:33:20,0.5634473798181031,0
2268,0515,1,2026-06-13 15:33:20,0.5634473798181031,0
2269,0545,1,2026-06-13 15:33:20,0.9393676916414032,0
2270,0905,1,2026-06-13 15:33:20,0.2223906453009961,1
2271,0274,1,2026-06-13 15:33:30,0.4527934170636639,0
2272,0515,1,2026-06-13 15:33:30,0.5634473798181031,0
2273,0515,1,2026-06-13 15:33:30,0.5634473798181031,0
2274,0515,1,2026-06-13 15:33:30,0.5634473798181031,0
2275,0515,1,2026-06-13 15:33:30,0.5634473798181031,0
2276,0515,1,2026-06-13 15:33:30,0.5634473798181031,0
2277,0545,1,2026-06-13 15:33:30,0.9393676916414032,0
2278,0274,1,2026-06-13 15:33:40,0.4527934170636639,0
2279,0515,1,2026-06-13 15:33:40,0.5634473798181031,0
2280,0515,1,2026-06-13 15:33:40,0.5634473798181031,0
2281,0515,1,2026-06-13 15:33:40,0.5634473798181031,0
2282,0515,1,2026-06-13 15:33:40,0.5634473798181031,0
2283,0515,1,2026-06-13 15:33:40,0.5634473798181031,0
2284,0545,1,2026-06-13 15:33:40,0.9393676916414032,0
2285,0274,1,2026-06-13 15:33:50,0.4527934170636639,0
2286,0515,1,2026-06-13 15:33:50,0.5634473798181031,0
2287,0515,1,2026-06-13 15:33:50,0.5634473798181031,0
2288,0515,1,2026-06-13 15:33:50,0.5634473798181031,0
2289,0515,1,2026-06-13 15:33:50,0.5634473798181031,0
2290,0515,1,2026-06-13 15:33:50,0.5634473798181031,0
2291,0545,1,2026-06-13 15:33:50,0.9393676916414032,0
2292,0244,1,2026-06-13 15:34:00,0.6996535296665223,0
2293,0274,1,2026-06-13 15:34:00,0.4527934170636639,0
2294,0515,1,2026-06-13 15:34:00,0.5634473798181031,0
2295,0515,1,2026-06-13 15:34:00,0.5634473798181031,0
2296,0515,1,2026-06-13 15:34:00,0.5634473798181031,0
2297,0515,1,2026-06-13 15:34:00,0.5634473798181031,0
2298,0515,1,2026-06-13 15:34:00,0.5634473798181031,0
2299,0244,1,2026-06-13 15:34:10,0.6996535296665223,0
2300,0274,1,2026-06-13 15:34:10,0.4527934170636639,0
2301,0515,1,2026-06-13 15:34:10,0.5634473798181031,0
2302,0515,1,2026-06-13 15:34:10,0.5634473798181031,0
2303,0515,1,2026-06-13 15:34:10,0.5634473798181031,0
2304,0515,1,2026-06-13 15:34:10,0.5634473798181031,0
2305,0515,1,2026-06-13 15:34:10,0.5634473798181031,0
2306,0244,1,2026-06-13 15:34:20,0.6996535296665223,0
2307,0274,1,2026-06-13 15:34:20,0.4527934170636639,0
2308,0274,1,2026-06-13 15:34:30,0.4527934170636639,0
2309,0274,1,2026-06-13 15:34:40,0.4527934170636639,0
2310,0798,1,2026-06-13 15:36:20,0.1429190125595496,0
2311,0798,1,2026-06-13 15:36:30,0.1429190125595496,0
2312,0798,1,2026-06-13 15:36:40,0.1429190125595496,0
2313,0798,1,2026-06-13 15:36:50,0.1429190125595496,0
2314,0798,1,2026-06-13 15:37:00,0.1429190125595496,0
2315,0571,1,2026-06-13 15:37:10,0.1429190125595496,0
2316,0798,1,2026-06-13 15:37:10,0.1429190125595496,0
2317,0571,1,2026-06-13 15:37:20,0.1429190125595496,0
2318,0798,1,2026-06-13 15:37:20,0.1429190125595496,0
2319,0571,1,2026-06-13 15:37:30,0.1429190125595496,0
2320,0798,1,2026-06-13 15:37:30,0.1429190125595496,0
2321,0571,1,2026-06-13 15:37:40,0.1429190125595496,1
2322,0798,1,2026-06-13 15:37:40,0.1429190125595496,0
2323,0571,1,2026-06-13 15:37:50,0.1429190125595496,0
2324,0798,1,2026-06-13 15:37:50,0.1429190125595496,0
2325,0571,1,2026-06-13 15:38:00,0.1429190125595496,0
2326,0798,1,2026-06-13 15:38:00,0.1429190125595496,0
2327,0571,1,2026-06-13 15:38:10,0.1429190125595496,0
2328,0798,1,2026-06-13 15:38:10,0.1429190125595496,0
2329,0571,1,2026-06-13 15:38:20,0.1429190125595496,0
2330,0618,1,2026-06-13 15:38:20,0.1429190125595496,0
2331,0571,1,2026-06-13 15:38:30,0.1429190125595496,0
2332,0618,1,2026-06-13 15:38:30,0.1429190125595496,0
2333,0571,1,2026-06-13 15:38:40,0.1429190125595496,0
2334,0618,1,2026-06-13 15:38:40,0.1429190125595496,0
2335,0571,1,2026-06-13 15:38:50,0.1429190125595496,0
2336,0618,1,2026-06-13 15:38:50,0.1429190125595496,0
2337,0618,1,2026-06-13 15:39:00,0.1429190125595496,0
2338,0618,1,2026-06-13 15:39:10,0.1429190125595496,0
2339,0666,1,2026-06-13 16:45:50,0.6327414465136423,1
2340,0666,1,2026-06-13 16:46:00,0.6327414465136423,0
2341,0224,1,2026-06-13 16:46:10,0.8055435253356431,1
2342,0666,1,2026-06-13 16:46:10,0.6327414465136423,0
2343,0224,1,2026-06-13 16:46:20,0.8055435253356431,0
2344,0666,1,2026-06-13 16:46:20,0.6327414465136423,0
2345,0224,1,2026-06-13 16:46:30,0.8055435253356431,0
2346,0661,1,2026-06-13 16:46:30,0.7358163707232568,0
2347,0666,1,2026-06-13 16:46:30,0.6327414465136423,0
2348,0224,1,2026-06-13 16:46:40,0.8055435253356431,0
2349,0661,1,2026-06-13 16:46:40,0.7358163707232568,0
2350,0666,1,2026-06-13 16:46:40,0.6327414465136423,0
2351,0661,1,2026-06-13 16:46:50,0.7358163707232568,0
2352,0666,1,2026-06-13 16:46:50,0.6327414465136423,0
2353,0661,1,2026-06-13 16:47:00,0.7358163707232568,0
2354,0666,1,2026-06-13 16:47:00,0.6327414465136423,0
2355,0661,1,2026-06-13 16:47:10,0.7358163707232568,0
2356,0666,1,2026-06-13 16:47:10,0.6327414465136423,0
2357,0661,1,2026-06-13 16:47:20,0.7358163707232568,0
2358,0666,1,2026-06-13 16:47:20,0.6327414465136423,0
2359,0661,1,2026-06-13 16:47:30,0.7358163707232568,1
2360,0666,1,2026-06-13 16:47:30,0.6327414465136423,0
2361,0661,1,2026-06-13 16:47:40,0.7358163707232568,1
2362,0666,1,2026-06-13 16:47:40,0.6327414465136423,0
2363,0661,1,2026-06-13 16:47:50,0.7358163707232568,0
2364,0492,1,2026-06-13 16:48:00,1.0000000000000000,0
2365,0492,1,2026-06-13 16:48:10,1.0000000000000000,0
2366,0492,1,2026-06-13 16:48:20,1.0000000000000000,1
2367,0492,1,2026-06-13 16:48:30,1.0000000000000000,0
2368,0492,1,2026-06-13 16:48:40,1.0000000000000000,0
2369,0492,1,2026-06-13 16:48:50,1.0000000000000000,0
2370,0904,1,2026-06-13 17:05:20,0.8659592897358164,0
2371,0904,1,2026-06-13 17:05:30,0.8659592897358164,0
2372,0904,1,2026-06-13 17:05:40,0.8659592897358164,0
2373,0904,1,2026-06-13 17:05:50,0.8659592897358164,0
2374,0904,1,2026-06-13 17:06:00,0.8659592897358164,0
2375,0904,1,2026-06-13 17:06:10,0.8659592897358164,1
2376,0904,1,2026-06-13 17:06:20,0.8659592897358164,0
2377,0904,1,2026-06-13 17:06:30,0.8659592897358164,0
2378,0904,1,2026-06-13 17:06:40,0.8659592897358164,0
2379,0717,1,2026-06-13 17:08:00,1.0000000000000000,0
2380,0717,1,2026-06-13 17:08:10,1.0000000000000000,0
2381,0802,1,2026-06-13 17:08:10,0.8659592897358164,0
2382,0717,1,2026-06-13 17:08:20,1.0000000000000000,0
2383,0802,1,2026-06-13 17:08:20,0.8659592897358164,0
2384,0717,1,2026-06-13 17:08:30,1.0000000000000000,0
2385,0802,1,2026-06-13 17:08:30,0.8659592897358164,0
2386,0717,1,2026-06-13 17:08:40,1.0000000000000000,0
2387,0802,1,2026-06-13 17:08:40,0.8659592897358164,0
2388,0717,1,2026-06-13 17:08:50,1.0000000000000000,0
2389,0802,1,2026-06-13 17:08:50,0.8659592897358164,0
2390,0717,1,2026-06-13 17:09:00,1.0000000000000000,0
2391,0802,1,2026-06-13 17:09:00,0.8659592897358164,0
2392,0717,1,2026-06-13 17:09:10,1.0000000000000000,0
2393,0802,1,2026-06-13 17:09:10,0.8659592897358164,0
2394,0717,1,2026-06-13 17:09:20,1.0000000000000000,0
2395,0802,1,2026-06-13 17:09:20,0.8659592897358164,0
2396,0717,1,2026-06-13 17:09:30,1.0000000000000000,0
2397,0802,1,2026-06-13 17:09:30,0.8659592897358164,0
2398,0717,1,2026-06-13 17:09:40,1.0000000000000000,0
2399,0802,1,2026-06-13 17:09:40,0.8659592897358164,0
2400,0717,1,2026-06-13 17:09:50,1.0000000000000000,0
2401,0802,1,2026-06-13 17:09:50,0.8659592897358164,0
2402,0802,1,2026-06-13 17:10:00,0.8659592897358164,0
2403,0222,1,2026-06-13 17:10:20,0.1429190125595496,0
2404,0222,1,2026-06-13 17:10:30,0.1429190125595496,1
2405,0222,1,2026-06-13 17:10:40,0.1429190125595496,0
2406,0222,1,2026-06-13 17:10:50,0.1429190125595496,0
2407,0222,1,2026-06-13 17:11:00,0.1429190125595496,0
2408,0334,1,2026-06-13 17:11:00,0.6327414465136423,0
2409,0222,1,2026-06-13 17:11:10,0.1429190125595496,0
2410,0334,1,2026-06-13 17:11:10,0.6327414465136423,1
2411,0222,1,2026-06-13 17:11:20,0.1429190125595496,0
2412,0334,1,2026-06-13 17:11:20,0.6327414465136423,0
2413,0222,1,2026-06-13 17:11:30,0.1429190125595496,0
2414,0222,1,2026-06-13 17:11:40,0.1429190125595496,0
2415,0118,1,2026-06-13 17:11:50,0.5634473798181031,0
2416,0222,1,2026-06-13 17:11:50,0.1429190125595496,0
2417,0747,1,2026-06-13 17:11:50,0.3614118666089216,0
2418,0118,1,2026-06-13 17:12:00,0.5634473798181031,0
2419,0222,1,2026-06-13 17:12:00,0.1429190125595496,0
2420,0747,1,2026-06-13 17:12:00,0.3614118666089216,0
2421,0118,1,2026-06-13 17:12:10,0.5634473798181031,0
2422,0222,1,2026-06-13 17:12:10,0.1429190125595496,0
2423,0747,1,2026-06-13 17:12:10,0.3614118666089216,0
2424,0118,1,2026-06-13 17:12:20,0.5634473798181031,0
2425,0747,1,2026-06-13 17:12:20,0.3614118666089216,0
2426,0118,1,2026-06-13 17:12:30,0.5634473798181031,0
2427,0747,1,2026-06-13 17:12:30,0.3614118666089216,0
2428,0118,1,2026-06-13 17:12:40,0.5634473798181031,0
2429,0747,1,2026-06-13 17:12:40,0.3614118666089216,0
2430,0118,1,2026-06-13 17:12:50,0.5634473798181031,0
2431,0747,1,2026-06-13 17:12:50,0.3614118666089216,0
2432,0118,1,2026-06-13 17:13:00,0.5634473798181031,0
2433,0747,1,2026-06-13 17:13:00,0.3614118666089216,0
2434,0118,1,2026-06-13 17:13:10,0.5634473798181031,0
2435,0747,1,2026-06-13 17:13:10,0.3614118666089216,0
2436,0118,1,2026-06-13 17:13:20,0.5634473798181031,0
2437,0118,1,2026-06-13 17:13:30,0.5634473798181031,1
2438,0166,2,2026-06-13 10:22:00,0.4527934170636639,1
2439,0065,2,2026-06-13 10:22:10,0.6327414465136423,1
2440,0166,2,2026-06-13 10:22:10,0.4527934170636639,0
2441,0908,2,2026-06-13 10:22:10,0.4527934170636639,0
2442,0065,2,2026-06-13 10:22:20,0.6327414465136423,0
2443,0166,2,2026-06-13 10:22:20,0.4527934170636639,0
2444,0908,2,2026-06-13 10:22:20,0.4527934170636639,0
2445,0065,2,2026-06-13 10:22:30,0.6327414465136423,0
2446,0166,2,2026-06-13 10:22:30,0.4527934170636639,0
2447,0616,2,2026-06-13 10:22:30,0.6996535296665223,1
2448,0908,2,2026-06-13 10:22:30,0.4527934170636639,0
2449,0065,2,2026-06-13 10:22:40,0.6327414465136423,0
2450,0166,2,2026-06-13 10:22:40,0.4527934170636639,0
2451,0616,2,2026-06-13 10:22:40,0.6996535296665223,0
2452,0695,2,2026-06-13 10:22:40,0.0985275010827198,0
2453,0908,2,2026-06-13 10:22:40,0.4527934170636639,0
2454,0065,2,2026-06-13 10:22:50,0.6327414465136423,0
2455,0166,2,2026-06-13 10:22:50,0.4527934170636639,0
2456,0616,2,2026-06-13 10:22:50,0.6996535296665223,0
2457,0695,2,2026-06-13 10:22:50,0.0985275010827198,1
2458,0908,2,2026-06-13 10:22:50,0.4527934170636639,0
2459,0065,2,2026-06-13 10:23:00,0.6327414465136423,0
2460,0087,2,2026-06-13 10:23:00,0.7358163707232568,0
2461,0166,2,2026-06-13 10:23:00,0.4527934170636639,0
2462,0509,2,2026-06-13 10:23:00,0.9393676916414032,1
2463,0616,2,2026-06-13 10:23:00,0.6996535296665223,0
2464,0695,2,2026-06-13 10:23:00,0.0985275010827198,0
2465,0908,2,2026-06-13 10:23:00,0.4527934170636639,0
2466,0065,2,2026-06-13 10:23:10,0.6327414465136423,0
2467,0087,2,2026-06-13 10:23:10,0.7358163707232568,1
2468,0157,2,2026-06-13 10:23:10,0.8659592897358164,0
2469,0166,2,2026-06-13 10:23:10,0.4527934170636639,0
2470,0509,2,2026-06-13 10:23:10,0.9393676916414032,0
2471,0616,2,2026-06-13 10:23:10,0.6996535296665223,0
2472,0695,2,2026-06-13 10:23:10,0.0985275010827198,0
2473,0809,2,2026-06-13 10:23:10,0.7358163707232568,0
2474,0908,2,2026-06-13 10:23:10,0.4527934170636639,0
2475,0065,2,2026-06-13 10:23:20,0.6327414465136423,0
2476,0087,2,2026-06-13 10:23:20,0.7358163707232568,0
2477,0157,2,2026-06-13 10:23:20,0.8659592897358164,1
2478,0166,2,2026-06-13 10:23:20,0.4527934170636639,0
2479,0268,2,2026-06-13 10:23:20,0.6327414465136423,0
2480,0509,2,2026-06-13 10:23:20,0.9393676916414032,0
2481,0616,2,2026-06-13 10:23:20,0.6996535296665223,0
2482,0695,2,2026-06-13 10:23:20,0.0985275010827198,0
2483,0809,2,2026-06-13 10:23:20,0.7358163707232568,0
2484,0908,2,2026-06-13 10:23:20,0.4527934170636639,0
2485,0065,2,2026-06-13 10:23:30,0.6327414465136423,0
2486,0087,2,2026-06-13 10:23:30,0.7358163707232568,0
2487,0102,2,2026-06-13 10:23:30,0.8055435253356431,0
2488,0157,2,2026-06-13 10:23:30,0.8659592897358164,0
2489,0166,2,2026-06-13 10:23:30,0.4527934170636639,0
2490,0268,2,2026-06-13 10:23:30,0.6327414465136423,0
2491,0509,2,2026-06-13 10:23:30,0.9393676916414032,0
2492,0616,2,2026-06-13 10:23:30,0.6996535296665223,0
2493,0695,2,2026-06-13 10:23:30,0.0985275010827198,0
2494,0809,2,2026-06-13 10:23:30,0.7358163707232568,1
2495,0065,2,2026-06-13 10:23:40,0.6327414465136423,0
2496,0087,2,2026-06-13 10:23:40,0.7358163707232568,0
2497,0102,2,2026-06-13 10:23:40,0.8055435253356431,0
2498,0157,2,2026-06-13 10:23:40,0.8659592897358164,0
2499,0166,2,2026-06-13 10:23:40,0.4527934170636639,0
2500,0268,2,2026-06-13 10:23:40,0.6327414465136423,0
2501,0379,2,2026-06-13 10:23:40,0.8659592897358164,0
2502,0509,2,2026-06-13 10:23:40,0.9393676916414032,0
2503,0616,2,2026-06-13 10:23:40,0.6996535296665223,0
2504,0683,2,2026-06-13 10:23:40,0.8659592897358164,0
2505,0695,2,2026-06-13 10:23:40,0.0985275010827198,0
2506,0769,2,2026-06-13 10:23:40,0.9393676916414032,0
2507,0809,2,2026-06-13 10:23:40,0.7358163707232568,0
2508,0840,2,2026-06-13 10:23:40,0.9393676916414032,1
2509,0053,2,2026-06-13 10:23:50,0.1429190125595496,0
2510,0065,2,2026-06-13 10:23:50,0.6327414465136423,0
2511,0087,2,2026-06-13 10:23:50,0.7358163707232568,0
2512,0102,2,2026-06-13 10:23:50,0.8055435253356431,0
2513,0157,2,2026-06-13 10:23:50,0.8659592897358164,0
2514,0166,2,2026-06-13 10:23:50,0.4527934170636639,0
2515,0268,2,2026-06-13 10:23:50,0.6327414465136423,0
2516,0379,2,2026-06-13 10:23:50,0.8659592897358164,0
2517,0478,2,2026-06-13 10:23:50,0.0985275010827198,0
2518,0509,2,2026-06-13 10:23:50,0.9393676916414032,0
2519,0530,2,2026-06-13 10:23:50,0.7358163707232568,0
2520,0616,2,2026-06-13 10:23:50,0.6996535296665223,0
2521,0683,2,2026-06-13 10:23:50,0.8659592897358164,1
2522,0684,2,2026-06-13 10:23:50,0.4527934170636639,0
2523,0695,2,2026-06-13 10:23:50,0.0985275010827198,0
2524,0731,2,2026-06-13 10:23:50,0.6996535296665223,0
2525,0769,2,2026-06-13 10:23:50,0.9393676916414032,0
2526,0809,2,2026-06-13 10:23:50,0.7358163707232568,0
2527,0840,2,2026-06-13 10:23:50,0.9393676916414032,0
2528,0841,2,2026-06-13 10:23:50,0.7358163707232568,0
2529,0053,2,2026-06-13 10:24:00,0.1429190125595496,0
2530,0087,2,2026-06-13 10:24:00,0.7358163707232568,0
2531,0102,2,2026-06-13 10:24:00,0.8055435253356431,0
2532,0157,2,2026-06-13 10:24:00,0.8659592897358164,0
2533,0229,2,2026-06-13 10:24:00,0.6996535296665223,0
2534,0268,2,2026-06-13 10:24:00,0.6327414465136423,0
2535,0379,2,2026-06-13 10:24:00,0.8659592897358164,0
2536,0442,2,2026-06-13 10:24:00,0.8055435253356431,0
2537,0478,2,2026-06-13 10:24:00,0.0985275010827198,0
2538,0486,2,2026-06-13 10:24:00,0.5634473798181031,0
2539,0509,2,2026-06-13 10:24:00,0.9393676916414032,0
2540,0530,2,2026-06-13 10:24:00,0.7358163707232568,0
2541,0538,2,2026-06-13 10:24:00,0.5634473798181031,0
2542,0616,2,2026-06-13 10:24:00,0.6996535296665223,0
2543,0683,2,2026-06-13 10:24:00,0.8659592897358164,1
2544,0684,2,2026-06-13 10:24:00,0.4527934170636639,0
2545,0695,2,2026-06-13 10:24:00,0.0985275010827198,0
2546,0731,2,2026-06-13 10:24:00,0.6996535296665223,0
2547,0769,2,2026-06-13 10:24:00,0.9393676916414032,0
2548,0809,2,2026-06-13 10:24:00,0.7358163707232568,0
2549,0840,2,2026-06-13 10:24:00,0.9393676916414032,0
2550,0841,2,2026-06-13 10:24:00,0.7358163707232568,0
2551,0853,2,2026-06-13 10:24:00,0.1429190125595496,0
2552,0053,2,2026-06-13 10:24:10,0.1429190125595496,0
2553,0087,2,2026-06-13 10:24:10,0.7358163707232568,0
2554,0102,2,2026-06-13 10:24:10,0.8055435253356431,0
2555,0157,2,2026-06-13 10:24:10,0.8659592897358164,0
2556,0229,2,2026-06-13 10:24:10,0.6996535296665223,0
2557,0268,2,2026-06-13 10:24:10,0.6327414465136423,0
2558,0317,2,2026-06-13 10:24:10,0.1429190125595496,0
2559,0379,2,2026-06-13 10:24:10,0.8659592897358164,0
2560,0442,2,2026-06-13 10:24:10,0.8055435253356431,0
2561,0478,2,2026-06-13 10:24:10,0.0985275010827198,0
2562,0486,2,2026-06-13 10:24:10,0.5634473798181031,0
2563,0509,2,2026-06-13 10:24:10,0.9393676916414032,0
2564,0530,2,2026-06-13 10:24:10,0.7358163707232568,0
2565,0538,2,2026-06-13 10:24:10,0.5634473798181031,0
2566,0575,2,2026-06-13 10:24:10,0.9393676916414032,0
2567,0616,2,2026-06-13 10:24:10,0.6996535296665223,0
2568,0683,2,2026-06-13 10:24:10,0.8659592897358164,0
2569,0684,2,2026-06-13 10:24:10,0.4527934170636639,0
2570,0695,2,2026-06-13 10:24:10,0.0985275010827198,0
2571,0731,2,2026-06-13 10:24:10,0.6996535296665223,0
2572,0769,2,2026-06-13 10:24:10,0.9393676916414032,0
2573,0809,2,2026-06-13 10:24:10,0.7358163707232568,0
2574,0840,2,2026-06-13 10:24:10,0.9393676916414032,1
2575,0841,2,2026-06-13 10:24:10,0.7358163707232568,0
2576,0853,2,2026-06-13 10:24:10,0.1429190125595496,0
2577,0053,2,2026-06-13 10:24:20,0.1429190125595496,0
2578,0087,2,2026-06-13 10:24:20,0.7358163707232568,0
2579,0102,2,2026-06-13 10:24:20,0.8055435253356431,0
2580,0157,2,2026-06-13 10:24:20,0.8659592897358164,0
2581,0180,2,2026-06-13 10:24:20,0.8055435253356431,0
2582,0229,2,2026-06-13 10:24:20,0.6996535296665223,0
2583,0268,2,2026-06-13 10:24:20,0.6327414465136423,0
2584,0317,2,2026-06-13 10:24:20,0.1429190125595496,0
2585,0379,2,2026-06-13 10:24:20,0.8659592897358164,0
2586,0442,2,2026-06-13 10:24:20,0.8055435253356431,0
2587,0478,2,2026-06-13 10:24:20,0.0985275010827198,0
2588,0478,2,2026-06-13 10:24:20,0.0985275010827198,0
2589,0486,2,2026-06-13 10:24:20,0.5634473798181031,1
2590,0491,2,2026-06-13 10:24:20,1.0000000000000000,0
2591,0509,2,2026-06-13 10:24:20,0.9393676916414032,0
2592,0530,2,2026-06-13 10:24:20,0.7358163707232568,0
2593,0538,2,2026-06-13 10:24:20,0.5634473798181031,0
2594,0575,2,2026-06-13 10:24:20,0.9393676916414032,0
2595,0616,2,2026-06-13 10:24:20,0.6996535296665223,0
2596,0683,2,2026-06-13 10:24:20,0.8659592897358164,0
2597,0684,2,2026-06-13 10:24:20,0.4527934170636639,0
2598,0684,2,2026-06-13 10:24:20,0.4527934170636639,0
2599,0695,2,2026-06-13 10:24:20,0.0985275010827198,0
2600,0731,2,2026-06-13 10:24:20,0.6996535296665223,0
2601,0769,2,2026-06-13 10:24:20,0.9393676916414032,0
2602,0809,2,2026-06-13 10:24:20,0.7358163707232568,0
2603,0840,2,2026-06-13 10:24:20,0.9393676916414032,0
2604,0841,2,2026-06-13 10:24:20,0.7358163707232568,0
2605,0841,2,2026-06-13 10:24:20,0.7358163707232568,0
2606,0853,2,2026-06-13 10:24:20,0.1429190125595496,0
2607,0053,2,2026-06-13 10:24:30,0.1429190125595496,1
2608,0087,2,2026-06-13 10:24:30,0.7358163707232568,0
2609,0102,2,2026-06-13 10:24:30,0.8055435253356431,0
2610,0180,2,2026-06-13 10:24:30,0.8055435253356431,0
2611,0229,2,2026-06-13 10:24:30,0.6996535296665223,0
2612,0268,2,2026-06-13 10:24:30,0.6327414465136423,0
2613,0317,2,2026-06-13 10:24:30,0.1429190125595496,0
2614,0379,2,2026-06-13 10:24:30,0.8659592897358164,0
2615,0424,2,2026-06-13 10:24:30,0.3614118666089216,0
2616,0442,2,2026-06-13 10:24:30,0.8055435253356431,0
2617,0475,2,2026-06-13 10:24:30,0.8055435253356431,0
2618,0478,2,2026-06-13 10:24:30,0.0985275010827198,0
2619,0486,2,2026-06-13 10:24:30,0.5634473798181031,0
2620,0491,2,2026-06-13 10:24:30,1.0000000000000000,0
2621,0509,2,2026-06-13 10:24:30,0.9393676916414032,0
2622,0530,2,2026-06-13 10:24:30,0.7358163707232568,0
2623,0538,2,2026-06-13 10:24:30,0.5634473798181031,0
2624,0575,2,2026-06-13 10:24:30,0.9393676916414032,0
2625,0683,2,2026-06-13 10:24:30,0.8659592897358164,0
2626,0684,2,2026-06-13 10:24:30,0.4527934170636639,0
2627,0695,2,2026-06-13 10:24:30,0.0985275010827198,0
2628,0731,2,2026-06-13 10:24:30,0.6996535296665223,0
2629,0769,2,2026-06-13 10:24:30,0.9393676916414032,0
2630,0809,2,2026-06-13 10:24:30,0.7358163707232568,0
2631,0840,2,2026-06-13 10:24:30,0.9393676916414032,0
2632,0841,2,2026-06-13 10:24:30,0.7358163707232568,0
2633,0841,2,2026-06-13 10:24:30,0.7358163707232568,0
2634,0853,2,2026-06-13 10:24:30,0.1429190125595496,0
2635,0087,2,2026-06-13 10:24:40,0.7358163707232568,0
2636,0102,2,2026-06-13 10:24:40,0.8055435253356431,0
2637,0180,2,2026-06-13 10:24:40,0.8055435253356431,1
2638,0229,2,2026-06-13 10:24:40,0.6996535296665223,0
2639,0268,2,2026-06-13 10:24:40,0.6327414465136423,0
2640,0273,2,2026-06-13 10:24:40,0.8659592897358164,0
2641,0317,2,2026-06-13 10:24:40,0.1429190125595496,0
2642,0379,2,2026-06-13 10:24:40,0.8659592897358164,0
2643,0424,2,2026-06-13 10:24:40,0.3614118666089216,0
2644,0442,2,2026-06-13 10:24:40,0.8055435253356431,0
2645,0475,2,2026-06-13 10:24:40,0.8055435253356431,0
2646,0478,2,2026-06-13 10:24:40,0.0985275010827198,0
2647,0486,2,2026-06-13 10:24:40,0.5634473798181031,0
2648,0491,2,2026-06-13 10:24:40,1.0000000000000000,0
2649,0509,2,2026-06-13 10:24:40,0.9393676916414032,0
2650,0530,2,2026-06-13 10:24:40,0.7358163707232568,0
2651,0538,2,2026-06-13 10:24:40,0.5634473798181031,0
2652,0575,2,2026-06-13 10:24:40,0.9393676916414032,0
2653,0684,2,2026-06-13 10:24:40,0.4527934170636639,0
2654,0731,2,2026-06-13 10:24:40,0.6996535296665223,0
2655,0769,2,2026-06-13 10:24:40,0.9393676916414032,0
2656,0841,2,2026-06-13 10:24:40,0.7358163707232568,0
2657,0841,2,2026-06-13 10:24:40,0.7358163707232568,0
2658,0853,2,2026-06-13 10:24:40,0.1429190125595496,0
2659,0102,2,2026-06-13 10:24:50,0.8055435253356431,0
2660,0180,2,2026-06-13 10:24:50,0.8055435253356431,0
2661,0229,2,2026-06-13 10:24:50,0.6996535296665223,0
2662,0268,2,2026-06-13 10:24:50,0.6327414465136423,0
2663,0273,2,2026-06-13 10:24:50,0.8659592897358164,1
2664,0317,2,2026-06-13 10:24:50,0.1429190125595496,0
2665,0379,2,2026-06-13 10:24:50,0.8659592897358164,0
2666,0424,2,2026-06-13 10:24:50,0.3614118666089216,0
2667,0442,2,2026-06-13 10:24:50,0.8055435253356431,0
2668,0475,2,2026-06-13 10:24:50,0.8055435253356431,0
2669,0478,2,2026-06-13 10:24:50,0.0985275010827198,0
2670,0486,2,2026-06-13 10:24:50,0.5634473798181031,0
2671,0491,2,2026-06-13 10:24:50,1.0000000000000000,0
2672,0509,2,2026-06-13 10:24:50,0.9393676916414032,0
2673,0530,2,2026-06-13 10:24:50,0.7358163707232568,0
2674,0538,2,2026-06-13 10:24:50,0.5634473798181031,0
2675,0575,2,2026-06-13 10:24:50,0.9393676916414032,0
2676,0684,2,2026-06-13 10:24:50,0.4527934170636639,0
2677,0731,2,2026-06-13 10:24:50,0.6996535296665223,0
2678,0769,2,2026-06-13 10:24:50,0.9393676916414032,0
2679,0841,2,2026-06-13 10:24:50,0.7358163707232568,0
2680,0841,2,2026-06-13 10:24:50,0.7358163707232568,0
2681,0180,2,2026-06-13 10:25:00,0.8055435253356431,0
2682,0229,2,2026-06-13 10:25:00,0.6996535296665223,0
2683,0268,2,2026-06-13 10:25:00,0.6327414465136423,0
2684,0273,2,2026-06-13 10:25:00,0.8659592897358164,0
2685,0317,2,2026-06-13 10:25:00,0.1429190125595496,0
2686,0379,2,2026-06-13 10:25:00,0.8659592897358164,0
2687,0424,2,2026-06-13 10:25:00,0.3614118666089216,0
2688,0425,2,2026-06-13 10:25:00,0.8055435253356431,0
2689,0442,2,2026-06-13 10:25:00,0.8055435253356431,0
2690,0475,2,2026-06-13 10:25:00,0.8055435253356431,0
2691,0491,2,2026-06-13 10:25:00,1.0000000000000000,0
2692,0530,2,2026-06-13 10:25:00,0.7358163707232568,0
2693,0538,2,2026-06-13 10:25:00,0.5634473798181031,0
2694,0575,2,2026-06-13 10:25:00,0.9393676916414032,0
2695,0731,2,2026-06-13 10:25:00,0.6996535296665223,0
2696,0769,2,2026-06-13 10:25:00,0.9393676916414032,0
2697,0841,2,2026-06-13 10:25:00,0.7358163707232568,0
2698,0841,2,2026-06-13 10:25:00,0.7358163707232568,0
2699,0180,2,2026-06-13 10:25:10,0.8055435253356431,0
2700,0229,2,2026-06-13 10:25:10,0.6996535296665223,0
2701,0268,2,2026-06-13 10:25:10,0.6327414465136423,0
2702,0273,2,2026-06-13 10:25:10,0.8659592897358164,0
2703,0308,2,2026-06-13 10:25:10,0.3614118666089216,0
2704,0317,2,2026-06-13 10:25:10,0.1429190125595496,0
2705,0375,2,2026-06-13 10:25:10,0.5634473798181031,0
2706,0379,2,2026-06-13 10:25:10,0.8659592897358164,0
2707,0424,2,2026-06-13 10:25:10,0.3614118666089216,0
2708,0425,2,2026-06-13 10:25:10,0.8055435253356431,0
2709,0442,2,2026-06-13 10:25:10,0.8055435253356431,1
2710,0475,2,2026-06-13 10:25:10,0.8055435253356431,0
2711,0491,2,2026-06-13 10:25:10,1.0000000000000000,0
2712,0530,2,2026-06-13 10:25:10,0.7358163707232568,0
2713,0538,2,2026-06-13 10:25:10,0.5634473798181031,0
2714,0575,2,2026-06-13 10:25:10,0.9393676916414032,0
2715,0731,2,2026-06-13 10:25:10,0.6996535296665223,0
2716,0769,2,2026-06-13 10:25:10,0.9393676916414032,0
2717,0841,2,2026-06-13 10:25:10,0.7358163707232568,0
2718,0229,2,2026-06-13 10:25:20,0.6996535296665223,0
2719,0273,2,2026-06-13 10:25:20,0.8659592897358164,0
2720,0308,2,2026-06-13 10:25:20,0.3614118666089216,0
2721,0317,2,2026-06-13 10:25:20,0.1429190125595496,0
2722,0375,2,2026-06-13 10:25:20,0.5634473798181031,0
2723,0379,2,2026-06-13 10:25:20,0.8659592897358164,0
2724,0424,2,2026-06-13 10:25:20,0.3614118666089216,0
2725,0425,2,2026-06-13 10:25:20,0.8055435253356431,0
2726,0442,2,2026-06-13 10:25:20,0.8055435253356431,0
2727,0491,2,2026-06-13 10:25:20,1.0000000000000000,0
2728,0530,2,2026-06-13 10:25:20,0.7358163707232568,1
2729,0538,2,2026-06-13 10:25:20,0.5634473798181031,0
2730,0575,2,2026-06-13 10:25:20,0.9393676916414032,0
2731,0731,2,2026-06-13 10:25:20,0.6996535296665223,0
2732,0769,2,2026-06-13 10:25:20,0.9393676916414032,0
2733,0841,2,2026-06-13 10:25:20,0.7358163707232568,0
2734,0229,2,2026-06-13 10:25:30,0.6996535296665223,0
2735,0273,2,2026-06-13 10:25:30,0.8659592897358164,0
2736,0308,2,2026-06-13 10:25:30,0.3614118666089216,0
2737,0317,2,2026-06-13 10:25:30,0.1429190125595496,0
2738,0375,2,2026-06-13 10:25:30,0.5634473798181031,0
2739,0379,2,2026-06-13 10:25:30,0.8659592897358164,0
2740,0424,2,2026-06-13 10:25:30,0.3614118666089216,0
2741,0425,2,2026-06-13 10:25:30,0.8055435253356431,0
2742,0442,2,2026-06-13 10:25:30,0.8055435253356431,0
2743,0491,2,2026-06-13 10:25:30,1.0000000000000000,0
2744,0530,2,2026-06-13 10:25:30,0.7358163707232568,0
2745,0538,2,2026-06-13 10:25:30,0.5634473798181031,0
2746,0575,2,2026-06-13 10:25:30,0.9393676916414032,0
2747,0731,2,2026-06-13 10:25:30,0.6996535296665223,0
2748,0769,2,2026-06-13 10:25:30,0.9393676916414032,1
2749,0801,2,2026-06-13 10:25:30,0.0985275010827198,0
2750,0841,2,2026-06-13 10:25:30,0.7358163707232568,0
2751,0229,2,2026-06-13 10:25:40,0.6996535296665223,0
2752,0308,2,2026-06-13 10:25:40,0.3614118666089216,0
2753,0317,2,2026-06-13 10:25:40,0.1429190125595496,0
2754,0375,2,2026-06-13 10:25:40,0.5634473798181031,0
2755,0375,2,2026-06-13 10:25:40,0.5634473798181031,0
2756,0424,2,2026-06-13 10:25:40,0.3614118666089216,0
2757,0425,2,2026-06-13 10:25:40,0.8055435253356431,0
2758,0442,2,2026-06-13 10:25:40,0.8055435253356431,0
2759,0491,2,2026-06-13 10:25:40,1.0000000000000000,0
2760,0538,2,2026-06-13 10:25:40,0.5634473798181031,1
2761,0575,2,2026-06-13 10:25:40,0.9393676916414032,0
2762,0731,2,2026-06-13 10:25:40,0.6996535296665223,0
2763,0801,2,2026-06-13 10:25:40,0.0985275010827198,0
2764,0308,2,2026-06-13 10:25:50,0.3614118666089216,0
2765,0317,2,2026-06-13 10:25:50,0.1429190125595496,0
2766,0375,2,2026-06-13 10:25:50,0.5634473798181031,0
2767,0375,2,2026-06-13 10:25:50,0.5634473798181031,0
2768,0424,2,2026-06-13 10:25:50,0.3614118666089216,0
2769,0425,2,2026-06-13 10:25:50,0.8055435253356431,0
2770,0491,2,2026-06-13 10:25:50,1.0000000000000000,0
2771,0575,2,2026-06-13 10:25:50,0.9393676916414032,1
2772,0801,2,2026-06-13 10:25:50,0.0985275010827198,0
2773,0308,2,2026-06-13 10:26:00,0.3614118666089216,0
2774,0375,2,2026-06-13 10:26:00,0.5634473798181031,0
2775,0375,2,2026-06-13 10:26:00,0.5634473798181031,0
2776,0424,2,2026-06-13 10:26:00,0.3614118666089216,0
2777,0425,2,2026-06-13 10:26:00,0.8055435253356431,0
2778,0491,2,2026-06-13 10:26:00,1.0000000000000000,1
2779,0575,2,2026-06-13 10:26:00,0.9393676916414032,0
2780,0308,2,2026-06-13 10:26:10,0.3614118666089216,0
2781,0375,2,2026-06-13 10:26:10,0.5634473798181031,0
2782,0375,2,2026-06-13 10:26:10,0.5634473798181031,0
2783,0424,2,2026-06-13 10:26:10,0.3614118666089216,1
2784,0425,2,2026-06-13 10:26:10,0.8055435253356431,0
2785,0449,2,2026-06-13 10:26:10,0.1429190125595496,0
2786,0308,2,2026-06-13 10:26:20,0.3614118666089216,0
2787,0375,2,2026-06-13 10:26:20,0.5634473798181031,0
2788,0375,2,2026-06-13 10:26:20,0.5634473798181031,0
2789,0425,2,2026-06-13 10:26:20,0.8055435253356431,0
2790,0449,2,2026-06-13 10:26:20,0.1429190125595496,0
2791,0308,2,2026-06-13 10:26:30,0.3614118666089216,0
2792,0375,2,2026-06-13 10:26:30,0.5634473798181031,0
2793,0375,2,2026-06-13 10:26:30,0.5634473798181031,1
2794,0425,2,2026-06-13 10:26:30,0.8055435253356431,0
2795,0449,2,2026-06-13 10:26:30,0.1429190125595496,0
2796,0375,2,2026-06-13 10:26:40,0.5634473798181031,0
2797,0425,2,2026-06-13 10:26:40,0.8055435253356431,1
2798,0449,2,2026-06-13 10:26:40,0.1429190125595496,0
2799,0988,2,2026-06-13 10:26:40,0.8659592897358164,0
2800,0375,2,2026-06-13 10:26:50,0.5634473798181031,0
2801,0988,2,2026-06-13 10:26:50,0.8659592897358164,0
2802,0375,2,2026-06-13 10:27:00,0.5634473798181031,1
2803,0988,2,2026-06-13 10:27:00,0.8659592897358164,0
2804,0988,2,2026-06-13 10:27:10,0.8659592897358164,0
2805,0988,2,2026-06-13 10:27:20,0.8659592897358164,1
2806,0988,2,2026-06-13 10:27:30,0.8659592897358164,0
2807,0995,2,2026-06-13 10:27:30,0.2223906453009961,0
2808,0495,2,2026-06-13 10:27:40,1.0000000000000000,1
2809,0988,2,2026-06-13 10:27:40,0.8659592897358164,0
2810,0995,2,2026-06-13 10:27:40,0.2223906453009961,0
2811,0495,2,2026-06-13 10:27:50,1.0000000000000000,1
2812,0988,2,2026-06-13 10:27:50,0.8659592897358164,0
2813,0995,2,2026-06-13 10:27:50,0.2223906453009961,0
2814,0495,2,2026-06-13 10:28:00,1.0000000000000000,0
2815,0988,2,2026-06-13 10:28:00,0.8659592897358164,0
2816,0995,2,2026-06-13 10:28:00,0.2223906453009961,0
2817,0495,2,2026-06-13 10:28:10,1.0000000000000000,0
2818,0745,2,2026-06-13 10:28:10,0.0985275010827198,0
2819,0988,2,2026-06-13 10:28:10,0.8659592897358164,0
2820,0995,2,2026-06-13 10:28:10,0.2223906453009961,0
2821,0495,2,2026-06-13 10:28:20,1.0000000000000000,0
2822,0745,2,2026-06-13 10:28:20,0.0985275010827198,0
2823,0988,2,2026-06-13 10:28:20,0.8659592897358164,0
2824,0995,2,2026-06-13 10:28:20,0.2223906453009961,0
2825,0495,2,2026-06-13 10:28:30,1.0000000000000000,0
2826,0745,2,2026-06-13 10:28:30,0.0985275010827198,0
2827,0995,2,2026-06-13 10:28:30,0.2223906453009961,1
2828,0495,2,2026-06-13 10:28:40,1.0000000000000000,0
2829,0745,2,2026-06-13 10:28:40,0.0985275010827198,0
2830,0995,2,2026-06-13 10:28:40,0.2223906453009961,0
2831,0495,2,2026-06-13 10:28:50,1.0000000000000000,0
2832,0745,2,2026-06-13 10:28:50,0.0985275010827198,0
2833,0995,2,2026-06-13 10:28:50,0.2223906453009961,0
2834,0495,2,2026-06-13 10:29:00,1.0000000000000000,0
2835,0745,2,2026-06-13 10:29:00,0.0985275010827198,0
2836,0995,2,2026-06-13 10:29:00,0.2223906453009961,0
2837,0495,2,2026-06-13 10:29:10,1.0000000000000000,0
2838,0745,2,2026-06-13 10:29:10,0.0985275010827198,0
2839,0995,2,2026-06-13 10:29:10,0.2223906453009961,0
2840,0495,2,2026-06-13 10:29:20,1.0000000000000000,0
2841,0745,2,2026-06-13 10:29:20,0.0985275010827198,0
2842,0995,2,2026-06-13 10:29:20,0.2223906453009961,0
2843,0745,2,2026-06-13 10:29:30,0.0985275010827198,0
2844,0745,2,2026-06-13 10:29:40,0.0985275010827198,1
2845,0745,2,2026-06-13 10:29:50,0.0985275010827198,0
2846,0745,2,2026-06-13 10:30:00,0.0985275010827198,0
2847,0106,2,2026-06-13 10:33:50,0.4527934170636639,0
2848,0106,2,2026-06-13 10:34:00,0.4527934170636639,0
2849,0106,2,2026-06-13 10:34:10,0.4527934170636639,0
2850,0106,2,2026-06-13 10:34:20,0.4527934170636639,0
2851,0106,2,2026-06-13 10:34:20,0.4527934170636639,0
2852,0106,2,2026-06-13 10:34:30,0.4527934170636639,0
2853,0106,2,2026-06-13 10:34:30,0.4527934170636639,0
2854,0106,2,2026-06-13 10:34:40,0.4527934170636639,0
2855,0106,2,2026-06-13 10:34:40,0.4527934170636639,1
2856,0106,2,2026-06-13 10:34:50,0.4527934170636639,0
2857,0106,2,2026-06-13 10:34:50,0.4527934170636639,0
2858,0106,2,2026-06-13 10:35:00,0.4527934170636639,0
2859,0106,2,2026-06-13 10:35:00,0.4527934170636639,0
2860,0106,2,2026-06-13 10:35:10,0.4527934170636639,1
2861,0106,2,2026-06-13 10:35:20,0.4527934170636639,0
2862,0106,2,2026-06-13 10:35:30,0.4527934170636639,0
2863,0503,2,2026-06-13 10:35:40,0.8055435253356431,1
2864,0171,2,2026-06-13 10:35:50,0.6996535296665223,1
2865,0423,2,2026-06-13 10:35:50,0.9393676916414032,0
2866,0503,2,2026-06-13 10:35:50,0.8055435253356431,0
2867,0832,2,2026-06-13 10:35:50,0.0985275010827198,0
2868,0859,2,2026-06-13 10:35:50,0.3614118666089216,0
2869,0171,2,2026-06-13 10:36:00,0.6996535296665223,0
2870,0423,2,2026-06-13 10:36:00,0.9393676916414032,0
2871,0503,2,2026-06-13 10:36:00,0.8055435253356431,0
2872,0832,2,2026-06-13 10:36:00,0.0985275010827198,1
2873,0859,2,2026-06-13 10:36:00,0.3614118666089216,0
2874,0171,2,2026-06-13 10:36:10,0.6996535296665223,0
2875,0423,2,2026-06-13 10:36:10,0.9393676916414032,0
2876,0503,2,2026-06-13 10:36:10,0.8055435253356431,0
2877,0832,2,2026-06-13 10:36:10,0.0985275010827198,1
2878,0859,2,2026-06-13 10:36:10,0.3614118666089216,0
2879,0171,2,2026-06-13 10:36:20,0.6996535296665223,1
2880,0423,2,2026-06-13 10:36:20,0.9393676916414032,0
2881,0503,2,2026-06-13 10:36:20,0.8055435253356431,0
2882,0832,2,2026-06-13 10:36:20,0.0985275010827198,0
2883,0859,2,2026-06-13 10:36:20,0.3614118666089216,0
2884,0171,2,2026-06-13 10:36:30,0.6996535296665223,0
2885,0423,2,2026-06-13 10:36:30,0.9393676916414032,1
2886,0503,2,2026-06-13 10:36:30,0.8055435253356431,0
2887,0832,2,2026-06-13 10:36:30,0.0985275010827198,0
2888,0859,2,2026-06-13 10:36:30,0.3614118666089216,0
2889,0171,2,2026-06-13 10:36:40,0.6996535296665223,0
2890,0423,2,2026-06-13 10:36:40,0.9393676916414032,0
2891,0462,2,2026-06-13 10:36:40,0.4527934170636639,0
2892,0503,2,2026-06-13 10:36:40,0.8055435253356431,0
2893,0832,2,2026-06-13 10:36:40,0.0985275010827198,0
2894,0859,2,2026-06-13 10:36:40,0.3614118666089216,1
2895,0171,2,2026-06-13 10:36:50,0.6996535296665223,0
2896,0423,2,2026-06-13 10:36:50,0.9393676916414032,0
2897,0462,2,2026-06-13 10:36:50,0.4527934170636639,0
2898,0503,2,2026-06-13 10:36:50,0.8055435253356431,0
2899,0832,2,2026-06-13 10:36:50,0.0985275010827198,0
2900,0859,2,2026-06-13 10:36:50,0.3614118666089216,0
2901,0171,2,2026-06-13 10:37:00,0.6996535296665223,0
2902,0423,2,2026-06-13 10:37:00,0.9393676916414032,1
2903,0462,2,2026-06-13 10:37:00,0.4527934170636639,0
2904,0859,2,2026-06-13 10:37:00,0.3614118666089216,0
2905,0171,2,2026-06-13 10:37:10,0.6996535296665223,0
2906,0423,2,2026-06-13 10:37:10,0.9393676916414032,0
2907,0462,2,2026-06-13 10:37:10,0.4527934170636639,0
2908,0859,2,2026-06-13 10:37:10,0.3614118666089216,0
2909,0423,2,2026-06-13 10:37:20,0.9393676916414032,0
2910,0462,2,2026-06-13 10:37:20,0.4527934170636639,0
2911,0859,2,2026-06-13 10:37:20,0.3614118666089216,0
2912,0462,2,2026-06-13 10:37:30,0.4527934170636639,0
2913,0859,2,2026-06-13 10:37:30,0.3614118666089216,0
2914,0462,2,2026-06-13 10:37:40,0.4527934170636639,1
2915,0859,2,2026-06-13 10:37:40,0.3614118666089216,0
2916,0917,2,2026-06-13 12:01:00,0.6996535296665223,0
2917,0917,2,2026-06-13 12:01:10,0.6996535296665223,0
2918,0917,2,2026-06-13 12:01:20,0.6996535296665223,0
2919,0917,2,2026-06-13 12:01:30,0.6996535296665223,0
2920,0917,2,2026-06-13 12:01:40,0.6996535296665223,0
2921,0917,2,2026-06-13 12:01:50,0.6996535296665223,0
2922,0917,2,2026-06-13 12:02:00,0.6996535296665223,0
2923,0917,2,2026-06-13 12:02:10,0.6996535296665223,0
2924,0917,2,2026-06-13 12:02:20,0.6996535296665223,0
2925,0935,2,2026-06-13 13:56:40,0.6327414465136423,0
2926,0935,2,2026-06-13 13:56:50,0.6327414465136423,0
2927,0935,2,2026-06-13 13:57:00,0.6327414465136423,0
2928,0935,2,2026-06-13 13:57:10,0.6327414465136423,0
2929,0935,2,2026-06-13 13:57:20,0.6327414465136423,0
2930,0935,2,2026-06-13 13:57:30,0.6327414465136423,0
2931,0935,2,2026-06-13 13:57:40,0.6327414465136423,0
2932,0935,2,2026-06-13 13:57:50,0.6327414465136423,1
2933,0407,2,2026-06-13 14:00:40,0.8659592897358164,0
2934,0407,2,2026-06-13 14:00:50,0.8659592897358164,0
2935,0407,2,2026-06-13 14:01:00,0.8659592897358164,0
2936,0407,2,2026-06-13 14:01:10,0.8659592897358164,0
2937,0407,2,2026-06-13 14:01:10,0.8659592897358164,1
2938,0407,2,2026-06-13 14:01:20,0.8659592897358164,0
2939,0407,2,2026-06-13 14:01:20,0.8659592897358164,0
2940,0407,2,2026-06-13 14:01:30,0.8659592897358164,0
2941,0407,2,2026-06-13 14:01:30,0.8659592897358164,0
2942,0407,2,2026-06-13 14:01:40,0.8659592897358164,1
2943,0407,2,2026-06-13 14:01:40,0.8659592897358164,0
2944,0407,2,2026-06-13 14:01:50,0.8659592897358164,0
2945,0407,2,2026-06-13 14:01:50,0.8659592897358164,0
2946,0198,2,2026-06-13 14:02:00,0.0985275010827198,1
2947,0407,2,2026-06-13 14:02:00,0.8659592897358164,0
2948,0407,2,2026-06-13 14:02:00,0.8659592897358164,0
2949,0198,2,2026-06-13 14:02:10,0.0985275010827198,1
2950,0407,2,2026-06-13 14:02:10,0.8659592897358164,0
2951,0543,2,2026-06-13 14:02:10,0.6327414465136423,0
2952,0198,2,2026-06-13 14:02:20,0.0985275010827198,0
2953,0407,2,2026-06-13 14:02:20,0.8659592897358164,0
2954,0543,2,2026-06-13 14:02:20,0.6327414465136423,1
2955,0198,2,2026-06-13 14:02:30,0.0985275010827198,0
2956,0407,2,2026-06-13 14:02:30,0.8659592897358164,0
2957,0543,2,2026-06-13 14:02:30,0.6327414465136423,0
2958,0198,2,2026-06-13 14:02:40,0.0985275010827198,0
2959,0543,2,2026-06-13 14:02:40,0.6327414465136423,0
2960,0198,2,2026-06-13 14:02:50,0.0985275010827198,0
2961,0543,2,2026-06-13 14:02:50,0.6327414465136423,0
2962,0198,2,2026-06-13 14:03:00,0.0985275010827198,0
2963,0543,2,2026-06-13 14:03:00,0.6327414465136423,0
2964,0198,2,2026-06-13 14:03:10,0.0985275010827198,0
2965,0543,2,2026-06-13 14:03:10,0.6327414465136423,0
2966,0198,2,2026-06-13 14:03:20,0.0985275010827198,0
2967,0543,2,2026-06-13 14:03:20,0.6327414465136423,0
2968,0198,2,2026-06-13 14:03:30,0.0985275010827198,0
2969,0543,2,2026-06-13 14:03:30,0.6327414465136423,0
2970,0198,2,2026-06-13 14:03:40,0.0985275010827198,0
2971,0543,2,2026-06-13 14:03:40,0.6327414465136423,0
2972,0198,2,2026-06-13 14:03:50,0.0985275010827198,0
2973,0543,2,2026-06-13 14:03:50,0.6327414465136423,0
2974,0543,2,2026-06-13 14:04:00,0.6327414465136423,0
2975,0272,2,2026-06-13 14:04:20,0.6996535296665223,1
2976,0757,2,2026-06-13 14:04:20,0.3614118666089216,0
2977,0272,2,2026-06-13 14:04:30,0.6996535296665223,0
2978,0757,2,2026-06-13 14:04:30,0.3614118666089216,1
2979,0272,2,2026-06-13 14:04:40,0.6996535296665223,0
2980,0757,2,2026-06-13 14:04:40,0.3614118666089216,1
2981,0179,2,2026-06-13 14:04:50,0.4527934170636639,0
2982,0272,2,2026-06-13 14:04:50,0.6996535296665223,0
2983,0756,2,2026-06-13 14:04:50,0.3614118666089216,0
2984,0757,2,2026-06-13 14:04:50,0.3614118666089216,0
2985,0179,2,2026-06-13 14:05:00,0.4527934170636639,0
2986,0272,2,2026-06-13 14:05:00,0.6996535296665223,0
2987,0756,2,2026-06-13 14:05:00,0.3614118666089216,0
2988,0757,2,2026-06-13 14:05:00,0.3614118666089216,0
2989,0179,2,2026-06-13 14:05:10,0.4527934170636639,1
2990,0272,2,2026-06-13 14:05:10,0.6996535296665223,0
2991,0756,2,2026-06-13 14:05:10,0.3614118666089216,0
2992,0757,2,2026-06-13 14:05:10,0.3614118666089216,0
2993,0179,2,2026-06-13 14:05:20,0.4527934170636639,0
2994,0272,2,2026-06-13 14:05:20,0.6996535296665223,0
2995,0756,2,2026-06-13 14:05:20,0.3614118666089216,0
2996,0757,2,2026-06-13 14:05:20,0.3614118666089216,0
2997,0179,2,2026-06-13 14:05:30,0.4527934170636639,1
2998,0272,2,2026-06-13 14:05:30,0.6996535296665223,0
2999,0756,2,2026-06-13 14:05:30,0.3614118666089216,0
3000,0757,2,2026-06-13 14:05:30,0.3614118666089216,0
3001,0179,2,2026-06-13 14:05:40,0.4527934170636639,0
3002,0272,2,2026-06-13 14:05:40,0.6996535296665223,0
3003,0756,2,2026-06-13 14:05:40,0.3614118666089216,0
3004,0757,2,2026-06-13 14:05:40,0.3614118666089216,0
3005,0179,2,2026-06-13 14:05:50,0.4527934170636639,0
3006,0272,2,2026-06-13 14:05:50,0.6996535296665223,0
3007,0756,2,2026-06-13 14:05:50,0.3614118666089216,1
3008,0757,2,2026-06-13 14:05:50,0.3614118666089216,0
3009,0179,2,2026-06-13 14:06:00,0.4527934170636639,0
3010,0756,2,2026-06-13 14:06:00,0.3614118666089216,0
3011,0757,2,2026-06-13 14:06:00,0.3614118666089216,0
3012,0179,2,2026-06-13 14:06:10,0.4527934170636639,0
3013,0754,2,2026-06-13 14:06:10,0.0985275010827198,1
3014,0756,2,2026-06-13 14:06:10,0.3614118666089216,0
3015,0757,2,2026-06-13 14:06:10,0.3614118666089216,0
3016,0179,2,2026-06-13 14:06:20,0.4527934170636639,0
3017,0754,2,2026-06-13 14:06:20,0.0985275010827198,1
3018,0756,2,2026-06-13 14:06:20,0.3614118666089216,0
3019,0179,2,2026-06-13 14:06:30,0.4527934170636639,0
3020,0754,2,2026-06-13 14:06:30,0.0985275010827198,0
3021,0756,2,2026-06-13 14:06:30,0.3614118666089216,0
3022,0179,2,2026-06-13 14:06:40,0.4527934170636639,0
3023,0754,2,2026-06-13 14:06:40,0.0985275010827198,0
3024,0662,2,2026-06-13 15:28:50,0.6327414465136423,0
3025,0662,2,2026-06-13 15:29:00,0.6327414465136423,0
3026,0662,2,2026-06-13 15:29:10,0.6327414465136423,0
3027,0662,2,2026-06-13 15:29:20,0.6327414465136423,0
3028,0662,2,2026-06-13 15:29:30,0.6327414465136423,0
3029,0662,2,2026-06-13 15:29:40,0.6327414465136423,0
3030,0662,2,2026-06-13 15:29:50,0.6327414465136423,0
3031,0662,2,2026-06-13 15:30:00,0.6327414465136423,0
3032,0662,2,2026-06-13 15:30:10,0.6327414465136423,0
3033,0662,2,2026-06-13 15:30:20,0.6327414465136423,1
3034,0662,2,2026-06-13 15:30:30,0.6327414465136423,0
3035,0662,2,2026-06-13 15:30:40,0.6327414465136423,0
3036,0255,2,2026-06-13 15:30:50,0.0985275010827198,0
3037,0694,2,2026-06-13 15:30:50,0.3614118666089216,0
3038,0223,2,2026-06-13 15:31:00,0.5634473798181031,0
3039,0255,2,2026-06-13 15:31:00,0.0985275010827198,1
3040,0694,2,2026-06-13 15:31:00,0.3614118666089216,0
3041,0223,2,2026-06-13 15:31:10,0.5634473798181031,0
3042,0255,2,2026-06-13 15:31:10,0.0985275010827198,1
3043,0694,2,2026-06-13 15:31:10,0.3614118666089216,0
3044,0223,2,2026-06-13 15:31:20,0.5634473798181031,0
3045,0255,2,2026-06-13 15:31:20,0.0985275010827198,0
3046,0694,2,2026-06-13 15:31:20,0.3614118666089216,0
3047,0223,2,2026-06-13 15:31:30,0.5634473798181031,0
3048,0255,2,2026-06-13 15:31:30,0.0985275010827198,0
3049,0694,2,2026-06-13 15:31:30,0.3614118666089216,0
3050,0223,2,2026-06-13 15:31:40,0.5634473798181031,0
3051,0255,2,2026-06-13 15:31:40,0.0985275010827198,0
3052,0694,2,2026-06-13 15:31:40,0.3614118666089216,1
3053,0223,2,2026-06-13 15:31:50,0.5634473798181031,1
3054,0255,2,2026-06-13 15:31:50,0.0985275010827198,0
3055,0694,2,2026-06-13 15:31:50,0.3614118666089216,0
3056,0223,2,2026-06-13 15:32:00,0.5634473798181031,0
3057,0255,2,2026-06-13 15:32:00,0.0985275010827198,0
3058,0694,2,2026-06-13 15:32:00,0.3614118666089216,0
3059,0202,2,2026-06-13 15:32:10,0.3614118666089216,0
3060,0223,2,2026-06-13 15:32:10,0.5634473798181031,0
3061,0255,2,2026-06-13 15:32:10,0.0985275010827198,0
3062,0345,2,2026-06-13 15:32:10,1.0000000000000000,0
3063,0455,2,2026-06-13 15:32:10,0.4527934170636639,1
3064,0694,2,2026-06-13 15:32:10,0.3614118666089216,0
3065,0202,2,2026-06-13 15:32:20,0.3614118666089216,1
3066,0223,2,2026-06-13 15:32:20,0.5634473798181031,0
3067,0255,2,2026-06-13 15:32:20,0.0985275010827198,0
3068,0279,2,2026-06-13 15:32:20,0.3614118666089216,0
3069,0345,2,2026-06-13 15:32:20,1.0000000000000000,0
3070,0455,2,2026-06-13 15:32:20,0.4527934170636639,0
3071,0694,2,2026-06-13 15:32:20,0.3614118666089216,0
3072,0696,2,2026-06-13 15:32:20,0.8055435253356431,0
3073,0202,2,2026-06-13 15:32:30,0.3614118666089216,0
3074,0223,2,2026-06-13 15:32:30,0.5634473798181031,0
3075,0255,2,2026-06-13 15:32:30,0.0985275010827198,0
3076,0279,2,2026-06-13 15:32:30,0.3614118666089216,0
3077,0345,2,2026-06-13 15:32:30,1.0000000000000000,0
3078,0455,2,2026-06-13 15:32:30,0.4527934170636639,1
3079,0694,2,2026-06-13 15:32:30,0.3614118666089216,0
3080,0696,2,2026-06-13 15:32:30,0.8055435253356431,0
3081,0202,2,2026-06-13 15:32:40,0.3614118666089216,0
3082,0223,2,2026-06-13 15:32:40,0.5634473798181031,0
3083,0255,2,2026-06-13 15:32:40,0.0985275010827198,0
3084,0279,2,2026-06-13 15:32:40,0.3614118666089216,0
3085,0345,2,2026-06-13 15:32:40,1.0000000000000000,0
3086,0455,2,2026-06-13 15:32:40,0.4527934170636639,0
3087,0694,2,2026-06-13 15:32:40,0.3614118666089216,0
3088,0696,2,2026-06-13 15:32:40,0.8055435253356431,1
3089,0045,2,2026-06-13 15:32:50,0.8055435253356431,0
3090,0202,2,2026-06-13 15:32:50,0.3614118666089216,0
3091,0223,2,2026-06-13 15:32:50,0.5634473798181031,0
3092,0279,2,2026-06-13 15:32:50,0.3614118666089216,0
3093,0345,2,2026-06-13 15:32:50,1.0000000000000000,0
3094,0455,2,2026-06-13 15:32:50,0.4527934170636639,0
3095,0696,2,2026-06-13 15:32:50,0.8055435253356431,0
3096,0045,2,2026-06-13 15:33:00,0.8055435253356431,0
3097,0202,2,2026-06-13 15:33:00,0.3614118666089216,0
3098,0279,2,2026-06-13 15:33:00,0.3614118666089216,1
3099,0345,2,2026-06-13 15:33:00,1.0000000000000000,0
3100,0455,2,2026-06-13 15:33:00,0.4527934170636639,0
3101,0696,2,2026-06-13 15:33:00,0.8055435253356431,0
3102,0045,2,2026-06-13 15:33:10,0.8055435253356431,0
3103,0202,2,2026-06-13 15:33:10,0.3614118666089216,0
3104,0265,2,2026-06-13 15:33:10,0.3614118666089216,0
3105,0279,2,2026-06-13 15:33:10,0.3614118666089216,0
3106,0345,2,2026-06-13 15:33:10,1.0000000000000000,0
3107,0455,2,2026-06-13 15:33:10,0.4527934170636639,0
3108,0696,2,2026-06-13 15:33:10,0.8055435253356431,0
3109,0045,2,2026-06-13 15:33:20,0.8055435253356431,0
3110,0045,2,2026-06-13 15:33:20,0.8055435253356431,0
3111,0112,2,2026-06-13 15:33:20,1.0000000000000000,0
3112,0202,2,2026-06-13 15:33:20,0.3614118666089216,0
3113,0265,2,2026-06-13 15:33:20,0.3614118666089216,0
3114,0279,2,2026-06-13 15:33:20,0.3614118666089216,0
3115,0345,2,2026-06-13 15:33:20,1.0000000000000000,1
3116,0455,2,2026-06-13 15:33:20,0.4527934170636639,0
3117,0696,2,2026-06-13 15:33:20,0.8055435253356431,0
3118,0045,2,2026-06-13 15:33:30,0.8055435253356431,0
3119,0045,2,2026-06-13 15:33:30,0.8055435253356431,0
3120,0112,2,2026-06-13 15:33:30,1.0000000000000000,0
3121,0202,2,2026-06-13 15:33:30,0.3614118666089216,0
3122,0265,2,2026-06-13 15:33:30,0.3614118666089216,0
3123,0279,2,2026-06-13 15:33:30,0.3614118666089216,0
3124,0345,2,2026-06-13 15:33:30,1.0000000000000000,0
3125,0455,2,2026-06-13 15:33:30,0.4527934170636639,0
3126,0696,2,2026-06-13 15:33:30,0.8055435253356431,0
3127,0045,2,2026-06-13 15:33:40,0.8055435253356431,0
3128,0045,2,2026-06-13 15:33:40,0.8055435253356431,0
3129,0112,2,2026-06-13 15:33:40,1.0000000000000000,0
3130,0202,2,2026-06-13 15:33:40,0.3614118666089216,0
3131,0265,2,2026-06-13 15:33:40,0.3614118666089216,1
3132,0279,2,2026-06-13 15:33:40,0.3614118666089216,0
3133,0345,2,2026-06-13 15:33:40,1.0000000000000000,0
3134,0455,2,2026-06-13 15:33:40,0.4527934170636639,0
3135,0696,2,2026-06-13 15:33:40,0.8055435253356431,0
3136,0045,2,2026-06-13 15:33:50,0.8055435253356431,0
3137,0045,2,2026-06-13 15:33:50,0.8055435253356431,0
3138,0112,2,2026-06-13 15:33:50,1.0000000000000000,0
3139,0202,2,2026-06-13 15:33:50,0.3614118666089216,0
3140,0265,2,2026-06-13 15:33:50,0.3614118666089216,1
3141,0279,2,2026-06-13 15:33:50,0.3614118666089216,0
3142,0345,2,2026-06-13 15:33:50,1.0000000000000000,0
3143,0455,2,2026-06-13 15:33:50,0.4527934170636639,0
3144,0483,2,2026-06-13 15:33:50,0.2223906453009961,0
3145,0696,2,2026-06-13 15:33:50,0.8055435253356431,0
3146,0045,2,2026-06-13 15:34:00,0.8055435253356431,0
3147,0045,2,2026-06-13 15:34:00,0.8055435253356431,0
3148,0112,2,2026-06-13 15:34:00,1.0000000000000000,0
3149,0265,2,2026-06-13 15:34:00,0.3614118666089216,0
3150,0345,2,2026-06-13 15:34:00,1.0000000000000000,0
3151,0455,2,2026-06-13 15:34:00,0.4527934170636639,0
3152,0483,2,2026-06-13 15:34:00,0.2223906453009961,0
3153,0696,2,2026-06-13 15:34:00,0.8055435253356431,0
3154,0045,2,2026-06-13 15:34:10,0.8055435253356431,0
3155,0045,2,2026-06-13 15:34:10,0.8055435253356431,1
3156,0112,2,2026-06-13 15:34:10,1.0000000000000000,0
3157,0265,2,2026-06-13 15:34:10,0.3614118666089216,0
3158,0483,2,2026-06-13 15:34:10,0.2223906453009961,0
3159,0045,2,2026-06-13 15:34:20,0.8055435253356431,0
3160,0112,2,2026-06-13 15:34:20,1.0000000000000000,1
3161,0265,2,2026-06-13 15:34:20,0.3614118666089216,0
3162,0483,2,2026-06-13 15:34:20,0.2223906453009961,0
3163,0045,2,2026-06-13 15:34:30,0.8055435253356431,0
3164,0112,2,2026-06-13 15:34:30,1.0000000000000000,0
3165,0265,2,2026-06-13 15:34:30,0.3614118666089216,0
3166,0483,2,2026-06-13 15:34:30,0.2223906453009961,0
3167,0045,2,2026-06-13 15:34:40,0.8055435253356431,1
3168,0112,2,2026-06-13 15:34:40,1.0000000000000000,0
3169,0265,2,2026-06-13 15:34:40,0.3614118666089216,0
3170,0483,2,2026-06-13 15:34:40,0.2223906453009961,0
3171,0112,2,2026-06-13 15:34:50,1.0000000000000000,0
3172,0265,2,2026-06-13 15:34:50,0.3614118666089216,0
3173,0483,2,2026-06-13 15:34:50,0.2223906453009961,0
3174,0112,2,2026-06-13 15:35:00,1.0000000000000000,0
3175,0254,2,2026-06-13 15:35:00,0.7358163707232568,0
3176,0483,2,2026-06-13 15:35:00,0.2223906453009961,0
3177,0112,2,2026-06-13 15:35:10,1.0000000000000000,0
3178,0254,2,2026-06-13 15:35:10,0.7358163707232568,0
3179,0483,2,2026-06-13 15:35:10,0.2223906453009961,1
3180,0254,2,2026-06-13 15:35:20,0.7358163707232568,0
3181,0483,2,2026-06-13 15:35:20,0.2223906453009961,1
3182,0254,2,2026-06-13 15:35:30,0.7358163707232568,0
3183,0254,2,2026-06-13 15:35:40,0.7358163707232568,0
3184,0254,2,2026-06-13 15:35:50,0.7358163707232568,0
3185,0254,2,2026-06-13 15:36:00,0.7358163707232568,0
3186,0686,2,2026-06-13 15:36:00,0.2223906453009961,1
3187,0254,2,2026-06-13 15:36:10,0.7358163707232568,0
3188,0254,2,2026-06-13 15:36:20,0.7358163707232568,1
3189,0899,2,2026-06-13 17:00:20,0.9393676916414032,1
3190,0195,2,2026-06-13 17:00:30,0.5634473798181031,0
3191,0899,2,2026-06-13 17:00:30,0.9393676916414032,1
3192,0195,2,2026-06-13 17:00:40,0.5634473798181031,0
3193,0899,2,2026-06-13 17:00:40,0.9393676916414032,0
3194,0007,2,2026-06-13 17:00:50,0.5634473798181031,0
3195,0195,2,2026-06-13 17:00:50,0.5634473798181031,1
3196,0899,2,2026-06-13 17:00:50,0.9393676916414032,0
3197,0007,2,2026-06-13 17:01:00,0.5634473798181031,0
3198,0064,2,2026-06-13 17:01:00,1.0000000000000000,1
3199,0195,2,2026-06-13 17:01:00,0.5634473798181031,0
3200,0899,2,2026-06-13 17:01:00,0.9393676916414032,0
3201,0007,2,2026-06-13 17:01:10,0.5634473798181031,0
3202,0064,2,2026-06-13 17:01:10,1.0000000000000000,0
3203,0195,2,2026-06-13 17:01:10,0.5634473798181031,0
3204,0215,2,2026-06-13 17:01:10,0.6996535296665223,0
3205,0262,2,2026-06-13 17:01:10,0.6996535296665223,0
3206,0899,2,2026-06-13 17:01:10,0.9393676916414032,0
3207,0007,2,2026-06-13 17:01:20,0.5634473798181031,0
3208,0064,2,2026-06-13 17:01:20,1.0000000000000000,0
3209,0195,2,2026-06-13 17:01:20,0.5634473798181031,0
3210,0215,2,2026-06-13 17:01:20,0.6996535296665223,1
3211,0262,2,2026-06-13 17:01:20,0.6996535296665223,0
3212,0899,2,2026-06-13 17:01:20,0.9393676916414032,0
3213,0007,2,2026-06-13 17:01:30,0.5634473798181031,0
3214,0064,2,2026-06-13 17:01:30,1.0000000000000000,0
3215,0195,2,2026-06-13 17:01:30,0.5634473798181031,0
3216,0215,2,2026-06-13 17:01:30,0.6996535296665223,0
3217,0262,2,2026-06-13 17:01:30,0.6996535296665223,1
3218,0827,2,2026-06-13 17:01:30,0.8055435253356431,0
3219,0899,2,2026-06-13 17:01:30,0.9393676916414032,0
3220,0007,2,2026-06-13 17:01:40,0.5634473798181031,0
3221,0064,2,2026-06-13 17:01:40,1.0000000000000000,0
3222,0195,2,2026-06-13 17:01:40,0.5634473798181031,0
3223,0215,2,2026-06-13 17:01:40,0.6996535296665223,0
3224,0262,2,2026-06-13 17:01:40,0.6996535296665223,0
3225,0827,2,2026-06-13 17:01:40,0.8055435253356431,0
3226,0899,2,2026-06-13 17:01:40,0.9393676916414032,0
3227,0007,2,2026-06-13 17:01:50,0.5634473798181031,0
3228,0064,2,2026-06-13 17:01:50,1.0000000000000000,0
3229,0195,2,2026-06-13 17:01:50,0.5634473798181031,0
3230,0215,2,2026-06-13 17:01:50,0.6996535296665223,0
3231,0262,2,2026-06-13 17:01:50,0.6996535296665223,0
3232,0827,2,2026-06-13 17:01:50,0.8055435253356431,1
3233,0899,2,2026-06-13 17:01:50,0.9393676916414032,0
3234,0007,2,2026-06-13 17:02:00,0.5634473798181031,0
3235,0195,2,2026-06-13 17:02:00,0.5634473798181031,0
3236,0215,2,2026-06-13 17:02:00,0.6996535296665223,0
3237,0262,2,2026-06-13 17:02:00,0.6996535296665223,0
3238,0827,2,2026-06-13 17:02:00,0.8055435253356431,1
3239,0899,2,2026-06-13 17:02:00,0.9393676916414032,0
3240,0007,2,2026-06-13 17:02:10,0.5634473798181031,0
3241,0195,2,2026-06-13 17:02:10,0.5634473798181031,0
3242,0215,2,2026-06-13 17:02:10,0.6996535296665223,0
3243,0262,2,2026-06-13 17:02:10,0.6996535296665223,0
3244,0827,2,2026-06-13 17:02:10,0.8055435253356431,0
3245,0835,2,2026-06-13 17:02:10,0.2223906453009961,0
3246,0007,2,2026-06-13 17:02:20,0.5634473798181031,0
3247,0215,2,2026-06-13 17:02:20,0.6996535296665223,0
3248,0262,2,2026-06-13 17:02:20,0.6996535296665223,0
3249,0730,2,2026-06-13 17:02:20,0.6327414465136423,0
3250,0827,2,2026-06-13 17:02:20,0.8055435253356431,0
3251,0835,2,2026-06-13 17:02:20,0.2223906453009961,1
3252,0007,2,2026-06-13 17:02:30,0.5634473798181031,0
3253,0215,2,2026-06-13 17:02:30,0.6996535296665223,0
3254,0262,2,2026-06-13 17:02:30,0.6996535296665223,0
3255,0730,2,2026-06-13 17:02:30,0.6327414465136423,0
3256,0827,2,2026-06-13 17:02:30,0.8055435253356431,0
3257,0835,2,2026-06-13 17:02:30,0.2223906453009961,0
3258,0215,2,2026-06-13 17:02:40,0.6996535296665223,0
3259,0262,2,2026-06-13 17:02:40,0.6996535296665223,0
3260,0730,2,2026-06-13 17:02:40,0.6327414465136423,1
3261,0827,2,2026-06-13 17:02:40,0.8055435253356431,0
3262,0835,2,2026-06-13 17:02:40,0.2223906453009961,0
3263,0215,2,2026-06-13 17:02:50,0.6996535296665223,0
3264,0262,2,2026-06-13 17:02:50,0.6996535296665223,0
3265,0730,2,2026-06-13 17:02:50,0.6327414465136423,1
3266,0775,2,2026-06-13 17:02:50,0.2223906453009961,0
3267,0827,2,2026-06-13 17:02:50,0.8055435253356431,0
3268,0835,2,2026-06-13 17:02:50,0.2223906453009961,0
3269,0215,2,2026-06-13 17:03:00,0.6996535296665223,0
3270,0262,2,2026-06-13 17:03:00,0.6996535296665223,0
3271,0730,2,2026-06-13 17:03:00,0.6327414465136423,0
3272,0775,2,2026-06-13 17:03:00,0.2223906453009961,0
3273,0827,2,2026-06-13 17:03:00,0.8055435253356431,0
3274,0835,2,2026-06-13 17:03:00,0.2223906453009961,1
3275,0730,2,2026-06-13 17:03:10,0.6327414465136423,0
3276,0775,2,2026-06-13 17:03:10,0.2223906453009961,0
3277,0835,2,2026-06-13 17:03:10,0.2223906453009961,0
3278,0775,2,2026-06-13 17:03:20,0.2223906453009961,0
3279,0794,2,2026-06-13 17:03:20,0.7358163707232568,0
3280,0835,2,2026-06-13 17:03:20,0.2223906453009961,0
3281,0775,2,2026-06-13 17:03:30,0.2223906453009961,0
3282,0794,2,2026-06-13 17:03:30,0.7358163707232568,0
3283,0835,2,2026-06-13 17:03:30,0.2223906453009961,0
3284,0775,2,2026-06-13 17:03:40,0.2223906453009961,0
3285,0794,2,2026-06-13 17:03:40,0.7358163707232568,0
3286,0775,2,2026-06-13 17:03:50,0.2223906453009961,0
3287,0794,2,2026-06-13 17:03:50,0.7358163707232568,1
3288,0775,2,2026-06-13 17:04:00,0.2223906453009961,0
3289,0794,2,2026-06-13 17:04:00,0.7358163707232568,0
3290,0017,2,2026-06-13 17:04:10,0.8055435253356431,0
3291,0775,2,2026-06-13 17:04:10,0.2223906453009961,0
3292,0794,2,2026-06-13 17:04:10,0.7358163707232568,0
3293,0903,2,2026-06-13 17:04:10,0.8055435253356431,0
3294,0974,2,2026-06-13 17:04:10,1.0000000000000000,1
3295,0017,2,2026-06-13 17:04:20,0.8055435253356431,0
3296,0775,2,2026-06-13 17:04:20,0.2223906453009961,0
3297,0903,2,2026-06-13 17:04:20,0.8055435253356431,0
3298,0974,2,2026-06-13 17:04:20,1.0000000000000000,0
3299,0017,2,2026-06-13 17:04:30,0.8055435253356431,0
3300,0903,2,2026-06-13 17:04:30,0.8055435253356431,1
3301,0974,2,2026-06-13 17:04:30,1.0000000000000000,0
3302,0017,2,2026-06-13 17:04:40,0.8055435253356431,0
3303,0903,2,2026-06-13 17:04:40,0.8055435253356431,0
3304,0974,2,2026-06-13 17:04:40,1.0000000000000000,0
3305,0017,2,2026-06-13 17:04:50,0.8055435253356431,1
3306,0093,2,2026-06-13 17:04:50,0.4527934170636639,0
3307,0903,2,2026-06-13 17:04:50,0.8055435253356431,0
3308,0974,2,2026-06-13 17:04:50,1.0000000000000000,0
3309,0017,2,2026-06-13 17:05:00,0.8055435253356431,1
3310,0093,2,2026-06-13 17:05:00,0.4527934170636639,0
3311,0974,2,2026-06-13 17:05:00,1.0000000000000000,0
3312,0017,2,2026-06-13 17:05:10,0.8055435253356431,0
3313,0093,2,2026-06-13 17:05:10,0.4527934170636639,0
3314,0017,2,2026-06-13 17:05:20,0.8055435253356431,0
3315,0093,2,2026-06-13 17:05:20,0.4527934170636639,0
3316,0017,2,2026-06-13 17:05:30,0.8055435253356431,0
3317,0093,2,2026-06-13 17:05:30,0.4527934170636639,1
3318,0017,2,2026-06-13 17:05:40,0.8055435253356431,0
3319,0017,2,2026-06-13 17:05:50,0.8055435253356431,0
3320,0793,2,2026-06-13 17:07:00,0.5634473798181031,0
3321,0793,2,2026-06-13 17:07:10,0.5634473798181031,1
3322,0793,2,2026-06-13 17:07:20,0.5634473798181031,1
3323,0793,2,2026-06-13 17:07:30,0.5634473798181031,0
3324,0880,2,2026-06-13 17:07:30,0.1429190125595496,0
3325,0793,2,2026-06-13 17:07:40,0.5634473798181031,0
3326,0880,2,2026-06-13 17:07:40,0.1429190125595496,0
3327,0793,2,2026-06-13 17:07:50,0.5634473798181031,0
3328,0880,2,2026-06-13 17:07:50,0.1429190125595496,0
3329,0228,2,2026-06-13 17:08:00,0.6327414465136423,1
3330,0793,2,2026-06-13 17:08:00,0.5634473798181031,0
3331,0813,2,2026-06-13 17:08:00,0.3614118666089216,0
3332,0880,2,2026-06-13 17:08:00,0.1429190125595496,0
3333,0793,2,2026-06-13 17:08:10,0.5634473798181031,0
3334,0813,2,2026-06-13 17:08:10,0.3614118666089216,0
3335,0880,2,2026-06-13 17:08:10,0.1429190125595496,0
3336,0793,2,2026-06-13 17:08:20,0.5634473798181031,0
3337,0813,2,2026-06-13 17:08:20,0.3614118666089216,0
3338,0880,2,2026-06-13 17:08:20,0.1429190125595496,0
3339,0793,2,2026-06-13 17:08:30,0.5634473798181031,0
3340,0813,2,2026-06-13 17:08:30,0.3614118666089216,1
3341,0880,2,2026-06-13 17:08:30,0.1429190125595496,0
3342,0793,2,2026-06-13 17:08:40,0.5634473798181031,0
3343,0813,2,2026-06-13 17:08:40,0.3614118666089216,0
3344,0880,2,2026-06-13 17:08:40,0.1429190125595496,0
3345,0813,2,2026-06-13 17:08:50,0.3614118666089216,0
3346,0880,2,2026-06-13 17:08:50,0.1429190125595496,1
3347,0997,3,2026-06-13 09:44:00,0.8055435253356431,0
3348,0997,3,2026-06-13 09:44:10,0.8055435253356431,0
3349,0997,3,2026-06-13 09:44:20,0.8055435253356431,1
3350,0997,3,2026-06-13 09:44:30,0.8055435253356431,0
3351,0467,3,2026-06-13 09:44:40,0.2223906453009961,0
3352,0997,3,2026-06-13 09:44:40,0.8055435253356431,0
3353,0467,3,2026-06-13 09:44:50,0.2223906453009961,0
3354,0997,3,2026-06-13 09:44:50,0.8055435253356431,0
3355,0467,3,2026-06-13 09:45:00,0.2223906453009961,0
3356,0467,3,2026-06-13 09:45:10,0.2223906453009961,0
3357,0467,3,2026-06-13 09:45:20,0.2223906453009961,0
3358,0467,3,2026-06-13 09:45:30,0.2223906453009961,1
3359,0467,3,2026-06-13 09:45:40,0.2223906453009961,0
3360,0278,3,2026-06-13 09:45:50,0.6996535296665223,0
3361,0467,3,2026-06-13 09:45:50,0.2223906453009961,0
3362,0278,3,2026-06-13 09:46:00,0.6996535296665223,1
3363,0467,3,2026-06-13 09:46:00,0.2223906453009961,0
3364,0278,3,2026-06-13 09:46:10,0.6996535296665223,0
3365,0467,3,2026-06-13 09:46:10,0.2223906453009961,0
3366,0788,3,2026-06-13 09:46:10,0.6996535296665223,0
3367,0161,3,2026-06-13 09:46:20,0.8659592897358164,1
3368,0278,3,2026-06-13 09:46:20,0.6996535296665223,0
3369,0467,3,2026-06-13 09:46:20,0.2223906453009961,0
3370,0788,3,2026-06-13 09:46:20,0.6996535296665223,0
3371,0161,3,2026-06-13 09:46:30,0.8659592897358164,0
3372,0278,3,2026-06-13 09:46:30,0.6996535296665223,0
3373,0788,3,2026-06-13 09:46:30,0.6996535296665223,0
3374,0161,3,2026-06-13 09:46:40,0.8659592897358164,0
3375,0278,3,2026-06-13 09:46:40,0.6996535296665223,0
3376,0788,3,2026-06-13 09:46:40,0.6996535296665223,0
3377,0161,3,2026-06-13 09:46:50,0.8659592897358164,0
3378,0278,3,2026-06-13 09:46:50,0.6996535296665223,0
3379,0788,3,2026-06-13 09:46:50,0.6996535296665223,1
3380,0161,3,2026-06-13 09:47:00,0.8659592897358164,0
3381,0278,3,2026-06-13 09:47:00,0.6996535296665223,0
3382,0788,3,2026-06-13 09:47:00,0.6996535296665223,0
3383,0161,3,2026-06-13 09:47:10,0.8659592897358164,0
3384,0278,3,2026-06-13 09:47:10,0.6996535296665223,0
3385,0788,3,2026-06-13 09:47:10,0.6996535296665223,0
3386,0033,3,2026-06-13 09:47:20,0.2223906453009961,0
3387,0161,3,2026-06-13 09:47:20,0.8659592897358164,0
3388,0278,3,2026-06-13 09:47:20,0.6996535296665223,0
3389,0788,3,2026-06-13 09:47:20,0.6996535296665223,0
3390,0033,3,2026-06-13 09:47:30,0.2223906453009961,0
3391,0161,3,2026-06-13 09:47:30,0.8659592897358164,0
3392,0788,3,2026-06-13 09:47:30,0.6996535296665223,0
3393,0033,3,2026-06-13 09:47:40,0.2223906453009961,0
3394,0788,3,2026-06-13 09:47:40,0.6996535296665223,0
3395,0033,3,2026-06-13 09:47:50,0.2223906453009961,0
3396,0033,3,2026-06-13 09:48:00,0.2223906453009961,1
3397,0033,3,2026-06-13 09:48:10,0.2223906453009961,0
3398,0033,3,2026-06-13 09:48:20,0.2223906453009961,0
3399,0879,3,2026-06-13 09:48:20,0.0985275010827198,0
3400,0033,3,2026-06-13 09:48:30,0.2223906453009961,0
3401,0879,3,2026-06-13 09:48:30,0.0985275010827198,0
3402,0033,3,2026-06-13 09:48:40,0.2223906453009961,0
3403,0879,3,2026-06-13 09:48:40,0.0985275010827198,1
3404,0033,3,2026-06-13 09:48:50,0.2223906453009961,0
3405,0879,3,2026-06-13 09:48:50,0.0985275010827198,0
3406,0033,3,2026-06-13 09:49:00,0.2223906453009961,0
3407,0879,3,2026-06-13 09:49:00,0.0985275010827198,0
3408,0879,3,2026-06-13 09:49:10,0.0985275010827198,0
3409,0879,3,2026-06-13 09:49:20,0.0985275010827198,0
3410,0879,3,2026-06-13 09:49:30,0.0985275010827198,0
3411,0879,3,2026-06-13 09:49:40,0.0985275010827198,0
3412,0879,3,2026-06-13 09:49:50,0.0985275010827198,0
3413,0668,3,2026-06-13 11:08:50,0.8055435253356431,0
3414,0668,3,2026-06-13 11:09:00,0.8055435253356431,0
3415,0668,3,2026-06-13 11:09:10,0.8055435253356431,0
3416,0668,3,2026-06-13 11:09:20,0.8055435253356431,0
3417,0668,3,2026-06-13 11:09:30,0.8055435253356431,0
3418,0668,3,2026-06-13 11:09:40,0.8055435253356431,0
3419,0668,3,2026-06-13 11:09:50,0.8055435253356431,0
3420,0668,3,2026-06-13 11:10:00,0.8055435253356431,1
3421,0668,3,2026-06-13 11:10:10,0.8055435253356431,0
3422,0668,3,2026-06-13 11:10:20,0.8055435253356431,0
3423,0465,3,2026-06-13 11:10:30,0.2223906453009961,0
3424,0668,3,2026-06-13 11:10:30,0.8055435253356431,0
3425,0094,3,2026-06-13 11:10:40,0.1429190125595496,0
3426,0465,3,2026-06-13 11:10:40,0.2223906453009961,0
3427,0668,3,2026-06-13 11:10:40,0.8055435253356431,0
3428,0094,3,2026-06-13 11:10:50,0.1429190125595496,0
3429,0459,3,2026-06-13 11:10:50,0.3614118666089216,0
3430,0459,3,2026-06-13 11:10:50,0.3614118666089216,0
3431,0459,3,2026-06-13 11:10:50,0.3614118666089216,0
3432,0465,3,2026-06-13 11:10:50,0.2223906453009961,0
3433,0094,3,2026-06-13 11:11:00,0.1429190125595496,0
3434,0459,3,2026-06-13 11:11:00,0.3614118666089216,0
3435,0459,3,2026-06-13 11:11:00,0.3614118666089216,0
3436,0465,3,2026-06-13 11:11:00,0.2223906453009961,0
3437,0542,3,2026-06-13 11:11:00,0.4527934170636639,0
3438,0094,3,2026-06-13 11:11:10,0.1429190125595496,0
3439,0280,3,2026-06-13 11:11:10,0.2223906453009961,0
3440,0280,3,2026-06-13 11:11:10,0.2223906453009961,0
3441,0280,3,2026-06-13 11:11:10,0.2223906453009961,0
3442,0459,3,2026-06-13 11:11:10,0.3614118666089216,0
3443,0459,3,2026-06-13 11:11:10,0.3614118666089216,0
3444,0459,3,2026-06-13 11:11:10,0.3614118666089216,0
3445,0465,3,2026-06-13 11:11:10,0.2223906453009961,0
3446,0542,3,2026-06-13 11:11:10,0.4527934170636639,0
3447,0940,3,2026-06-13 11:11:10,0.9393676916414032,0
3448,0094,3,2026-06-13 11:11:20,0.1429190125595496,0
3449,0280,3,2026-06-13 11:11:20,0.2223906453009961,0
3450,0280,3,2026-06-13 11:11:20,0.2223906453009961,0
3451,0459,3,2026-06-13 11:11:20,0.3614118666089216,0
3452,0459,3,2026-06-13 11:11:20,0.3614118666089216,0
3453,0459,3,2026-06-13 11:11:20,0.3614118666089216,0
3454,0459,3,2026-06-13 11:11:20,0.3614118666089216,0
3455,0459,3,2026-06-13 11:11:20,0.3614118666089216,0
3456,0459,3,2026-06-13 11:11:20,0.3614118666089216,0
3457,0459,3,2026-06-13 11:11:20,0.3614118666089216,0
3458,0465,3,2026-06-13 11:11:20,0.2223906453009961,0
3459,0542,3,2026-06-13 11:11:20,0.4527934170636639,0
3460,0940,3,2026-06-13 11:11:20,0.9393676916414032,0
3461,0094,3,2026-06-13 11:11:30,0.1429190125595496,0
3462,0280,3,2026-06-13 11:11:30,0.2223906453009961,0
3463,0280,3,2026-06-13 11:11:30,0.2223906453009961,0
3464,0280,3,2026-06-13 11:11:30,0.2223906453009961,0
3465,0280,3,2026-06-13 11:11:30,0.2223906453009961,0
3466,0280,3,2026-06-13 11:11:30,0.2223906453009961,0
3467,0280,3,2026-06-13 11:11:30,0.2223906453009961,0
3468,0459,3,2026-06-13 11:11:30,0.3614118666089216,0
3469,0459,3,2026-06-13 11:11:30,0.3614118666089216,0
3470,0459,3,2026-06-13 11:11:30,0.3614118666089216,0
3471,0459,3,2026-06-13 11:11:30,0.3614118666089216,0
3472,0459,3,2026-06-13 11:11:30,0.3614118666089216,0
3473,0459,3,2026-06-13 11:11:30,0.3614118666089216,0
3474,0459,3,2026-06-13 11:11:30,0.3614118666089216,0
3475,0465,3,2026-06-13 11:11:30,0.2223906453009961,0
3476,0542,3,2026-06-13 11:11:30,0.4527934170636639,0
3477,0940,3,2026-06-13 11:11:30,0.9393676916414032,0
3478,0094,3,2026-06-13 11:11:40,0.1429190125595496,0
3479,0280,3,2026-06-13 11:11:40,0.2223906453009961,0
3480,0280,3,2026-06-13 11:11:40,0.2223906453009961,0
3481,0280,3,2026-06-13 11:11:40,0.2223906453009961,0
3482,0280,3,2026-06-13 11:11:40,0.2223906453009961,0
3483,0280,3,2026-06-13 11:11:40,0.2223906453009961,0
3484,0280,3,2026-06-13 11:11:40,0.2223906453009961,0
3485,0459,3,2026-06-13 11:11:40,0.3614118666089216,0
3486,0459,3,2026-06-13 11:11:40,0.3614118666089216,0
3487,0459,3,2026-06-13 11:11:40,0.3614118666089216,0
3488,0459,3,2026-06-13 11:11:40,0.3614118666089216,0
3489,0459,3,2026-06-13 11:11:40,0.3614118666089216,0
3490,0465,3,2026-06-13 11:11:40,0.2223906453009961,1
3491,0542,3,2026-06-13 11:11:40,0.4527934170636639,0
3492,0940,3,2026-06-13 11:11:40,0.9393676916414032,0
3493,0094,3,2026-06-13 11:11:50,0.1429190125595496,0
3494,0280,3,2026-06-13 11:11:50,0.2223906453009961,0
3495,0280,3,2026-06-13 11:11:50,0.2223906453009961,0
3496,0280,3,2026-06-13 11:11:50,0.2223906453009961,0
3497,0280,3,2026-06-13 11:11:50,0.2223906453009961,0
3498,0280,3,2026-06-13 11:11:50,0.2223906453009961,0
3499,0280,3,2026-06-13 11:11:50,0.2223906453009961,0
3500,0459,3,2026-06-13 11:11:50,0.3614118666089216,0
3501,0459,3,2026-06-13 11:11:50,0.3614118666089216,0
3502,0459,3,2026-06-13 11:11:50,0.3614118666089216,0
3503,0459,3,2026-06-13 11:11:50,0.3614118666089216,0
3504,0459,3,2026-06-13 11:11:50,0.3614118666089216,0
3505,0459,3,2026-06-13 11:11:50,0.3614118666089216,0
3506,0465,3,2026-06-13 11:11:50,0.2223906453009961,0
3507,0542,3,2026-06-13 11:11:50,0.4527934170636639,0
3508,0561,3,2026-06-13 11:11:50,0.8659592897358164,0
3509,0940,3,2026-06-13 11:11:50,0.9393676916414032,0
3510,0094,3,2026-06-13 11:12:00,0.1429190125595496,0
3511,0280,3,2026-06-13 11:12:00,0.2223906453009961,0
3512,0280,3,2026-06-13 11:12:00,0.2223906453009961,0
3513,0280,3,2026-06-13 11:12:00,0.2223906453009961,0
3514,0280,3,2026-06-13 11:12:00,0.2223906453009961,0
3515,0459,3,2026-06-13 11:12:00,0.3614118666089216,0
3516,0459,3,2026-06-13 11:12:00,0.3614118666089216,0
3517,0459,3,2026-06-13 11:12:00,0.3614118666089216,0
3518,0459,3,2026-06-13 11:12:00,0.3614118666089216,0
3519,0459,3,2026-06-13 11:12:00,0.3614118666089216,0
3520,0459,3,2026-06-13 11:12:00,0.3614118666089216,0
3521,0465,3,2026-06-13 11:12:00,0.2223906453009961,0
3522,0542,3,2026-06-13 11:12:00,0.4527934170636639,0
3523,0561,3,2026-06-13 11:12:00,0.8659592897358164,0
3524,0940,3,2026-06-13 11:12:00,0.9393676916414032,0
3525,0094,3,2026-06-13 11:12:10,0.1429190125595496,0
3526,0280,3,2026-06-13 11:12:10,0.2223906453009961,0
3527,0280,3,2026-06-13 11:12:10,0.2223906453009961,0
3528,0280,3,2026-06-13 11:12:10,0.2223906453009961,0
3529,0280,3,2026-06-13 11:12:10,0.2223906453009961,0
3530,0280,3,2026-06-13 11:12:10,0.2223906453009961,0
3531,0459,3,2026-06-13 11:12:10,0.3614118666089216,1
3532,0459,3,2026-06-13 11:12:10,0.3614118666089216,0
3533,0459,3,2026-06-13 11:12:10,0.3614118666089216,0
3534,0459,3,2026-06-13 11:12:10,0.3614118666089216,0
3535,0459,3,2026-06-13 11:12:10,0.3614118666089216,0
3536,0465,3,2026-06-13 11:12:10,0.2223906453009961,0
3537,0542,3,2026-06-13 11:12:10,0.4527934170636639,0
3538,0561,3,2026-06-13 11:12:10,0.8659592897358164,0
3539,0940,3,2026-06-13 11:12:10,0.9393676916414032,0
3540,0280,3,2026-06-13 11:12:20,0.2223906453009961,0
3541,0280,3,2026-06-13 11:12:20,0.2223906453009961,0
3542,0280,3,2026-06-13 11:12:20,0.2223906453009961,0
3543,0280,3,2026-06-13 11:12:20,0.2223906453009961,0
3544,0280,3,2026-06-13 11:12:20,0.2223906453009961,0
3545,0459,3,2026-06-13 11:12:20,0.3614118666089216,0
3546,0459,3,2026-06-13 11:12:20,0.3614118666089216,0
3547,0459,3,2026-06-13 11:12:20,0.3614118666089216,0
3548,0459,3,2026-06-13 11:12:20,0.3614118666089216,0
3549,0542,3,2026-06-13 11:12:20,0.4527934170636639,0
3550,0561,3,2026-06-13 11:12:20,0.8659592897358164,0
3551,0940,3,2026-06-13 11:12:20,0.9393676916414032,0
3552,0139,3,2026-06-13 11:12:30,0.3614118666089216,0
3553,0280,3,2026-06-13 11:12:30,0.2223906453009961,0
3554,0280,3,2026-06-13 11:12:30,0.2223906453009961,0
3555,0280,3,2026-06-13 11:12:30,0.2223906453009961,0
3556,0280,3,2026-06-13 11:12:30,0.2223906453009961,0
3557,0459,3,2026-06-13 11:12:30,0.3614118666089216,0
3558,0459,3,2026-06-13 11:12:30,0.3614118666089216,0
3559,0459,3,2026-06-13 11:12:30,0.3614118666089216,0
3560,0459,3,2026-06-13 11:12:30,0.3614118666089216,0
3561,0459,3,2026-06-13 11:12:30,0.3614118666089216,0
3562,0542,3,2026-06-13 11:12:30,0.4527934170636639,0
3563,0561,3,2026-06-13 11:12:30,0.8659592897358164,0
3564,0940,3,2026-06-13 11:12:30,0.9393676916414032,0
3565,0139,3,2026-06-13 11:12:40,0.3614118666089216,0
3566,0280,3,2026-06-13 11:12:40,0.2223906453009961,0
3567,0280,3,2026-06-13 11:12:40,0.2223906453009961,0
3568,0280,3,2026-06-13 11:12:40,0.2223906453009961,0
3569,0280,3,2026-06-13 11:12:40,0.2223906453009961,1
3570,0280,3,2026-06-13 11:12:40,0.2223906453009961,0
3571,0459,3,2026-06-13 11:12:40,0.3614118666089216,0
3572,0459,3,2026-06-13 11:12:40,0.3614118666089216,0
3573,0459,3,2026-06-13 11:12:40,0.3614118666089216,0
3574,0459,3,2026-06-13 11:12:40,0.3614118666089216,0
3575,0561,3,2026-06-13 11:12:40,0.8659592897358164,0
3576,0940,3,2026-06-13 11:12:40,0.9393676916414032,0
3577,0139,3,2026-06-13 11:12:50,0.3614118666089216,0
3578,0280,3,2026-06-13 11:12:50,0.2223906453009961,0
3579,0280,3,2026-06-13 11:12:50,0.2223906453009961,0
3580,0280,3,2026-06-13 11:12:50,0.2223906453009961,0
3581,0280,3,2026-06-13 11:12:50,0.2223906453009961,0
3582,0561,3,2026-06-13 11:12:50,0.8659592897358164,0
3583,0940,3,2026-06-13 11:12:50,0.9393676916414032,0
3584,0139,3,2026-06-13 11:13:00,0.3614118666089216,0
3585,0561,3,2026-06-13 11:13:00,0.8659592897358164,0
3586,0139,3,2026-06-13 11:13:10,0.3614118666089216,0
3587,0561,3,2026-06-13 11:13:10,0.8659592897358164,0
3588,0139,3,2026-06-13 11:13:20,0.3614118666089216,0
3589,0139,3,2026-06-13 11:13:30,0.3614118666089216,0
3590,0139,3,2026-06-13 11:13:40,0.3614118666089216,0
3591,0371,3,2026-06-13 11:13:40,0.9393676916414032,0
3592,0139,3,2026-06-13 11:13:50,0.3614118666089216,0
3593,0371,3,2026-06-13 11:13:50,0.9393676916414032,0
3594,0139,3,2026-06-13 11:14:00,0.3614118666089216,0
3595,0371,3,2026-06-13 11:14:00,0.9393676916414032,0
3596,0864,3,2026-06-13 11:14:00,0.5634473798181031,0
3597,0139,3,2026-06-13 11:14:10,0.3614118666089216,1
3598,0371,3,2026-06-13 11:14:10,0.9393676916414032,0
3599,0692,3,2026-06-13 11:14:10,0.3614118666089216,0
3600,0692,3,2026-06-13 11:14:10,0.3614118666089216,0
3601,0692,3,2026-06-13 11:14:10,0.3614118666089216,0
3602,0692,3,2026-06-13 11:14:10,0.3614118666089216,0
3603,0864,3,2026-06-13 11:14:10,0.5634473798181031,0
3604,0139,3,2026-06-13 11:14:20,0.3614118666089216,0
3605,0371,3,2026-06-13 11:14:20,0.9393676916414032,0
3606,0562,3,2026-06-13 11:14:20,0.0985275010827198,0
3607,0692,3,2026-06-13 11:14:20,0.3614118666089216,0
3608,0692,3,2026-06-13 11:14:20,0.3614118666089216,0
3609,0692,3,2026-06-13 11:14:20,0.3614118666089216,0
3610,0692,3,2026-06-13 11:14:20,0.3614118666089216,0
3611,0864,3,2026-06-13 11:14:20,0.5634473798181031,0
3612,0371,3,2026-06-13 11:14:30,0.9393676916414032,0
3613,0562,3,2026-06-13 11:14:30,0.0985275010827198,0
3614,0692,3,2026-06-13 11:14:30,0.3614118666089216,0
3615,0692,3,2026-06-13 11:14:30,0.3614118666089216,0
3616,0692,3,2026-06-13 11:14:30,0.3614118666089216,0
3617,0692,3,2026-06-13 11:14:30,0.3614118666089216,0
3618,0692,3,2026-06-13 11:14:30,0.3614118666089216,0
3619,0692,3,2026-06-13 11:14:30,0.3614118666089216,0
3620,0864,3,2026-06-13 11:14:30,0.5634473798181031,0
3621,0371,3,2026-06-13 11:14:40,0.9393676916414032,0
3622,0536,3,2026-06-13 11:14:40,0.8659592897358164,0
3623,0536,3,2026-06-13 11:14:40,0.8659592897358164,0
3624,0562,3,2026-06-13 11:14:40,0.0985275010827198,0
3625,0692,3,2026-06-13 11:14:40,0.3614118666089216,0
3626,0692,3,2026-06-13 11:14:40,0.3614118666089216,0
3627,0692,3,2026-06-13 11:14:40,0.3614118666089216,0
3628,0692,3,2026-06-13 11:14:40,0.3614118666089216,0
3629,0692,3,2026-06-13 11:14:40,0.3614118666089216,0
3630,0692,3,2026-06-13 11:14:40,0.3614118666089216,0
3631,0692,3,2026-06-13 11:14:40,0.3614118666089216,0
3632,0864,3,2026-06-13 11:14:40,0.5634473798181031,0
3633,0371,3,2026-06-13 11:14:50,0.9393676916414032,0
3634,0518,3,2026-06-13 11:14:50,0.6996535296665223,0
3635,0536,3,2026-06-13 11:14:50,0.8659592897358164,0
3636,0536,3,2026-06-13 11:14:50,0.8659592897358164,0
3637,0562,3,2026-06-13 11:14:50,0.0985275010827198,0
3638,0692,3,2026-06-13 11:14:50,0.3614118666089216,0
3639,0692,3,2026-06-13 11:14:50,0.3614118666089216,0
3640,0692,3,2026-06-13 11:14:50,0.3614118666089216,0
3641,0692,3,2026-06-13 11:14:50,0.3614118666089216,0
3642,0692,3,2026-06-13 11:14:50,0.3614118666089216,0
3643,0692,3,2026-06-13 11:14:50,0.3614118666089216,0
3644,0692,3,2026-06-13 11:14:50,0.3614118666089216,0
3645,0692,3,2026-06-13 11:14:50,0.3614118666089216,0
3646,0864,3,2026-06-13 11:14:50,0.5634473798181031,0
3647,0371,3,2026-06-13 11:15:00,0.9393676916414032,0
3648,0518,3,2026-06-13 11:15:00,0.6996535296665223,0
3649,0536,3,2026-06-13 11:15:00,0.8659592897358164,0
3650,0562,3,2026-06-13 11:15:00,0.0985275010827198,0
3651,0692,3,2026-06-13 11:15:00,0.3614118666089216,0
3652,0692,3,2026-06-13 11:15:00,0.3614118666089216,0
3653,0692,3,2026-06-13 11:15:00,0.3614118666089216,0
3654,0692,3,2026-06-13 11:15:00,0.3614118666089216,0
3655,0692,3,2026-06-13 11:15:00,0.3614118666089216,0
3656,0692,3,2026-06-13 11:15:00,0.3614118666089216,0
3657,0692,3,2026-06-13 11:15:00,0.3614118666089216,0
3658,0864,3,2026-06-13 11:15:00,0.5634473798181031,0
3659,0371,3,2026-06-13 11:15:10,0.9393676916414032,0
3660,0518,3,2026-06-13 11:15:10,0.6996535296665223,0
3661,0536,3,2026-06-13 11:15:10,0.8659592897358164,0
3662,0536,3,2026-06-13 11:15:10,0.8659592897358164,0
3663,0536,3,2026-06-13 11:15:10,0.8659592897358164,0
3664,0562,3,2026-06-13 11:15:10,0.0985275010827198,0
3665,0692,3,2026-06-13 11:15:10,0.3614118666089216,0
3666,0692,3,2026-06-13 11:15:10,0.3614118666089216,0
3667,0692,3,2026-06-13 11:15:10,0.3614118666089216,0
3668,0692,3,2026-06-13 11:15:10,0.3614118666089216,0
3669,0692,3,2026-06-13 11:15:10,0.3614118666089216,0
3670,0692,3,2026-06-13 11:15:10,0.3614118666089216,0
3671,0692,3,2026-06-13 11:15:10,0.3614118666089216,0
3672,0692,3,2026-06-13 11:15:10,0.3614118666089216,0
3673,0846,3,2026-06-13 11:15:10,0.9393676916414032,0
3674,0864,3,2026-06-13 11:15:10,0.5634473798181031,0
3675,0371,3,2026-06-13 11:15:20,0.9393676916414032,0
3676,0388,3,2026-06-13 11:15:20,1.0000000000000000,0
3677,0518,3,2026-06-13 11:15:20,0.6996535296665223,0
3678,0536,3,2026-06-13 11:15:20,0.8659592897358164,0
3679,0536,3,2026-06-13 11:15:20,0.8659592897358164,0
3680,0536,3,2026-06-13 11:15:20,0.8659592897358164,0
3681,0536,3,2026-06-13 11:15:20,0.8659592897358164,0
3682,0562,3,2026-06-13 11:15:20,0.0985275010827198,0
3683,0692,3,2026-06-13 11:15:20,0.3614118666089216,0
3684,0692,3,2026-06-13 11:15:20,0.3614118666089216,0
3685,0692,3,2026-06-13 11:15:20,0.3614118666089216,0
3686,0692,3,2026-06-13 11:15:20,0.3614118666089216,0
3687,0692,3,2026-06-13 11:15:20,0.3614118666089216,0
3688,0692,3,2026-06-13 11:15:20,0.3614118666089216,0
3689,0692,3,2026-06-13 11:15:20,0.3614118666089216,1
3690,0846,3,2026-06-13 11:15:20,0.9393676916414032,0
3691,0864,3,2026-06-13 11:15:20,0.5634473798181031,0
3692,0371,3,2026-06-13 11:15:30,0.9393676916414032,0
3693,0388,3,2026-06-13 11:15:30,1.0000000000000000,0
3694,0518,3,2026-06-13 11:15:30,0.6996535296665223,0
3695,0536,3,2026-06-13 11:15:30,0.8659592897358164,0
3696,0536,3,2026-06-13 11:15:30,0.8659592897358164,0
3697,0562,3,2026-06-13 11:15:30,0.0985275010827198,0
3698,0692,3,2026-06-13 11:15:30,0.3614118666089216,0
3699,0692,3,2026-06-13 11:15:30,0.3614118666089216,0
3700,0692,3,2026-06-13 11:15:30,0.3614118666089216,0
3701,0692,3,2026-06-13 11:15:30,0.3614118666089216,0
3702,0692,3,2026-06-13 11:15:30,0.3614118666089216,0
3703,0692,3,2026-06-13 11:15:30,0.3614118666089216,0
3704,0692,3,2026-06-13 11:15:30,0.3614118666089216,0
3705,0692,3,2026-06-13 11:15:30,0.3614118666089216,0
3706,0846,3,2026-06-13 11:15:30,0.9393676916414032,0
3707,0863,3,2026-06-13 11:15:30,0.9393676916414032,0
3708,0864,3,2026-06-13 11:15:30,0.5634473798181031,0
3709,0993,3,2026-06-13 11:15:30,0.6996535296665223,0
3710,0388,3,2026-06-13 11:15:40,1.0000000000000000,0
3711,0518,3,2026-06-13 11:15:40,0.6996535296665223,0
3712,0533,3,2026-06-13 11:15:40,0.7358163707232568,0
3713,0536,3,2026-06-13 11:15:40,0.8659592897358164,0
3714,0536,3,2026-06-13 11:15:40,0.8659592897358164,0
3715,0562,3,2026-06-13 11:15:40,0.0985275010827198,0
3716,0692,3,2026-06-13 11:15:40,0.3614118666089216,0
3717,0692,3,2026-06-13 11:15:40,0.3614118666089216,0
3718,0692,3,2026-06-13 11:15:40,0.3614118666089216,0
3719,0692,3,2026-06-13 11:15:40,0.3614118666089216,0
3720,0692,3,2026-06-13 11:15:40,0.3614118666089216,0
3721,0692,3,2026-06-13 11:15:40,0.3614118666089216,0
3722,0846,3,2026-06-13 11:15:40,0.9393676916414032,0
3723,0863,3,2026-06-13 11:15:40,0.9393676916414032,0
3724,0864,3,2026-06-13 11:15:40,0.5634473798181031,0
3725,0993,3,2026-06-13 11:15:40,0.6996535296665223,0
3726,0518,3,2026-06-13 11:15:50,0.6996535296665223,0
3727,0533,3,2026-06-13 11:15:50,0.7358163707232568,0
3728,0536,3,2026-06-13 11:15:50,0.8659592897358164,0
3729,0536,3,2026-06-13 11:15:50,0.8659592897358164,0
3730,0562,3,2026-06-13 11:15:50,0.0985275010827198,0
3731,0692,3,2026-06-13 11:15:50,0.3614118666089216,0
3732,0692,3,2026-06-13 11:15:50,0.3614118666089216,0
3733,0692,3,2026-06-13 11:15:50,0.3614118666089216,0
3734,0692,3,2026-06-13 11:15:50,0.3614118666089216,0
3735,0692,3,2026-06-13 11:15:50,0.3614118666089216,1
3736,0846,3,2026-06-13 11:15:50,0.9393676916414032,0
3737,0863,3,2026-06-13 11:15:50,0.9393676916414032,0
3738,0993,3,2026-06-13 11:15:50,0.6996535296665223,0
3739,0518,3,2026-06-13 11:16:00,0.6996535296665223,0
3740,0533,3,2026-06-13 11:16:00,0.7358163707232568,0
3741,0562,3,2026-06-13 11:16:00,0.0985275010827198,0
3742,0692,3,2026-06-13 11:16:00,0.3614118666089216,0
3743,0692,3,2026-06-13 11:16:00,0.3614118666089216,0
3744,0692,3,2026-06-13 11:16:00,0.3614118666089216,0
3745,0692,3,2026-06-13 11:16:00,0.3614118666089216,0
3746,0692,3,2026-06-13 11:16:00,0.3614118666089216,0
3747,0846,3,2026-06-13 11:16:00,0.9393676916414032,0
3748,0863,3,2026-06-13 11:16:00,0.9393676916414032,0
3749,0993,3,2026-06-13 11:16:00,0.6996535296665223,0
3750,0518,3,2026-06-13 11:16:10,0.6996535296665223,0
3751,0533,3,2026-06-13 11:16:10,0.7358163707232568,0
3752,0562,3,2026-06-13 11:16:10,0.0985275010827198,0
3753,0846,3,2026-06-13 11:16:10,0.9393676916414032,0
3754,0863,3,2026-06-13 11:16:10,0.9393676916414032,0
3755,0993,3,2026-06-13 11:16:10,0.6996535296665223,0
3756,0518,3,2026-06-13 11:16:20,0.6996535296665223,0
3757,0533,3,2026-06-13 11:16:20,0.7358163707232568,0
3758,0846,3,2026-06-13 11:16:20,0.9393676916414032,0
3759,0863,3,2026-06-13 11:16:20,0.9393676916414032,0
3760,0993,3,2026-06-13 11:16:20,0.6996535296665223,0
3761,0518,3,2026-06-13 11:16:30,0.6996535296665223,0
3762,0533,3,2026-06-13 11:16:30,0.7358163707232568,0
3763,0603,3,2026-06-13 11:16:30,0.8659592897358164,0
3764,0846,3,2026-06-13 11:16:30,0.9393676916414032,0
3765,0863,3,2026-06-13 11:16:30,0.9393676916414032,0
3766,0993,3,2026-06-13 11:16:30,0.6996535296665223,0
3767,0603,3,2026-06-13 11:16:40,0.8659592897358164,0
3768,0846,3,2026-06-13 11:16:40,0.9393676916414032,0
3769,0863,3,2026-06-13 11:16:40,0.9393676916414032,0
3770,0993,3,2026-06-13 11:16:40,0.6996535296665223,0
3771,0603,3,2026-06-13 11:16:50,0.8659592897358164,1
3772,0846,3,2026-06-13 11:16:50,0.9393676916414032,0
3773,0863,3,2026-06-13 11:16:50,0.9393676916414032,0
3774,0993,3,2026-06-13 11:16:50,0.6996535296665223,0
3775,0603,3,2026-06-13 11:17:00,0.8659592897358164,0
3776,0846,3,2026-06-13 11:17:00,0.9393676916414032,0
3777,0863,3,2026-06-13 11:17:00,0.9393676916414032,0
3778,0993,3,2026-06-13 11:17:00,0.6996535296665223,0
3779,0996,3,2026-06-13 11:17:00,1.0000000000000000,0
3780,0603,3,2026-06-13 11:17:10,0.8659592897358164,0
3781,0863,3,2026-06-13 11:17:10,0.9393676916414032,0
3782,0993,3,2026-06-13 11:17:10,0.6996535296665223,0
3783,0996,3,2026-06-13 11:17:10,1.0000000000000000,0
3784,0603,3,2026-06-13 11:17:20,0.8659592897358164,0
3785,0993,3,2026-06-13 11:17:20,0.6996535296665223,0
3786,0996,3,2026-06-13 11:17:20,1.0000000000000000,0
3787,0520,3,2026-06-13 11:17:30,0.0985275010827198,0
3788,0603,3,2026-06-13 11:17:30,0.8659592897358164,0
3789,0996,3,2026-06-13 11:17:30,1.0000000000000000,0
3790,0520,3,2026-06-13 11:17:40,0.0985275010827198,0
3791,0603,3,2026-06-13 11:17:40,0.8659592897358164,0
3792,0996,3,2026-06-13 11:17:40,1.0000000000000000,0
3793,0520,3,2026-06-13 11:17:50,0.0985275010827198,0
3794,0603,3,2026-06-13 11:17:50,0.8659592897358164,0
3795,0996,3,2026-06-13 11:17:50,1.0000000000000000,0
3796,0520,3,2026-06-13 11:18:00,0.0985275010827198,0
3797,0603,3,2026-06-13 11:18:00,0.8659592897358164,0
3798,0996,3,2026-06-13 11:18:00,1.0000000000000000,0
3799,0520,3,2026-06-13 11:18:10,0.0985275010827198,0
3800,0603,3,2026-06-13 11:18:10,0.8659592897358164,0
3801,0996,3,2026-06-13 11:18:10,1.0000000000000000,0
3802,0520,3,2026-06-13 11:18:20,0.0985275010827198,0
3803,0603,3,2026-06-13 11:18:20,0.8659592897358164,0
3804,0996,3,2026-06-13 11:18:20,1.0000000000000000,0
3805,0520,3,2026-06-13 11:18:30,0.0985275010827198,0
3806,0996,3,2026-06-13 11:18:30,1.0000000000000000,1
3807,0520,3,2026-06-13 11:18:40,0.0985275010827198,0
3808,0996,3,2026-06-13 11:18:40,1.0000000000000000,0
3809,0520,3,2026-06-13 11:18:50,0.0985275010827198,0
3810,0996,3,2026-06-13 11:18:50,1.0000000000000000,0
3811,0520,3,2026-06-13 11:19:00,0.0985275010827198,0
3812,0290,3,2026-06-13 11:21:20,1.0000000000000000,0
3813,0290,3,2026-06-13 11:21:30,1.0000000000000000,0
3814,0290,3,2026-06-13 11:21:40,1.0000000000000000,0
3815,0290,3,2026-06-13 11:21:50,1.0000000000000000,0
3816,0290,3,2026-06-13 11:22:00,1.0000000000000000,0
3817,0290,3,2026-06-13 11:22:10,1.0000000000000000,0
3818,0290,3,2026-06-13 11:22:20,1.0000000000000000,0
3819,0290,3,2026-06-13 11:22:30,1.0000000000000000,0
3820,0445,3,2026-06-13 11:23:00,0.3614118666089216,0
3821,0445,3,2026-06-13 11:23:10,0.3614118666089216,0
3822,0464,3,2026-06-13 11:23:10,0.9393676916414032,0
3823,0445,3,2026-06-13 11:23:20,0.3614118666089216,0
3824,0464,3,2026-06-13 11:23:20,0.9393676916414032,0
3825,0445,3,2026-06-13 11:23:30,0.3614118666089216,0
3826,0464,3,2026-06-13 11:23:30,0.9393676916414032,0
3827,0445,3,2026-06-13 11:23:40,0.3614118666089216,0
3828,0464,3,2026-06-13 11:23:40,0.9393676916414032,0
3829,0445,3,2026-06-13 11:23:50,0.3614118666089216,0
3830,0464,3,2026-06-13 11:23:50,0.9393676916414032,0
3831,0445,3,2026-06-13 11:24:00,0.3614118666089216,0
3832,0464,3,2026-06-13 11:24:00,0.9393676916414032,0
3833,0445,3,2026-06-13 11:24:10,0.3614118666089216,0
3834,0464,3,2026-06-13 11:24:10,0.9393676916414032,0
3835,0445,3,2026-06-13 11:24:20,0.3614118666089216,0
3836,0464,3,2026-06-13 11:24:20,0.9393676916414032,0
3837,0843,3,2026-06-13 11:24:20,0.0985275010827198,0
3838,0464,3,2026-06-13 11:24:30,0.9393676916414032,0
3839,0843,3,2026-06-13 11:24:30,0.0985275010827198,0
3840,0464,3,2026-06-13 11:24:40,0.9393676916414032,1
3841,0843,3,2026-06-13 11:24:40,0.0985275010827198,0
3842,0464,3,2026-06-13 11:24:50,0.9393676916414032,0
3843,0843,3,2026-06-13 11:24:50,0.0985275010827198,0
3844,0843,3,2026-06-13 11:25:00,0.0985275010827198,0
3845,0843,3,2026-06-13 11:25:10,0.0985275010827198,0
3846,0843,3,2026-06-13 11:25:20,0.0985275010827198,0
3847,0843,3,2026-06-13 11:25:30,0.0985275010827198,0
3848,0147,3,2026-06-13 13:05:40,0.6996535296665223,0
3849,0434,3,2026-06-13 13:05:40,1.0000000000000000,0
3850,0147,3,2026-06-13 13:05:50,0.6996535296665223,0
3851,0434,3,2026-06-13 13:05:50,1.0000000000000000,0
3852,0434,3,2026-06-13 13:05:50,1.0000000000000000,0
3853,0434,3,2026-06-13 13:05:50,1.0000000000000000,0
3854,0147,3,2026-06-13 13:06:00,0.6996535296665223,0
3855,0434,3,2026-06-13 13:06:00,1.0000000000000000,0
3856,0434,3,2026-06-13 13:06:00,1.0000000000000000,0
3857,0434,3,2026-06-13 13:06:00,1.0000000000000000,0
3858,0147,3,2026-06-13 13:06:10,0.6996535296665223,0
3859,0434,3,2026-06-13 13:06:10,1.0000000000000000,0
3860,0434,3,2026-06-13 13:06:10,1.0000000000000000,0
3861,0434,3,2026-06-13 13:06:10,1.0000000000000000,0
3862,0147,3,2026-06-13 13:06:20,0.6996535296665223,0
3863,0434,3,2026-06-13 13:06:20,1.0000000000000000,0
3864,0434,3,2026-06-13 13:06:20,1.0000000000000000,0
3865,0434,3,2026-06-13 13:06:20,1.0000000000000000,0
3866,0434,3,2026-06-13 13:06:20,1.0000000000000000,0
3867,0147,3,2026-06-13 13:06:30,0.6996535296665223,0
3868,0434,3,2026-06-13 13:06:30,1.0000000000000000,0
3869,0434,3,2026-06-13 13:06:30,1.0000000000000000,0
3870,0434,3,2026-06-13 13:06:30,1.0000000000000000,0
3871,0434,3,2026-06-13 13:06:30,1.0000000000000000,1
3872,0587,3,2026-06-13 13:06:30,0.4527934170636639,0
3873,0147,3,2026-06-13 13:06:40,0.6996535296665223,0
3874,0434,3,2026-06-13 13:06:40,1.0000000000000000,0
3875,0434,3,2026-06-13 13:06:40,1.0000000000000000,0
3876,0434,3,2026-06-13 13:06:40,1.0000000000000000,0
3877,0434,3,2026-06-13 13:06:40,1.0000000000000000,0
3878,0587,3,2026-06-13 13:06:40,0.4527934170636639,0
3879,0147,3,2026-06-13 13:06:50,0.6996535296665223,0
3880,0434,3,2026-06-13 13:06:50,1.0000000000000000,0
3881,0434,3,2026-06-13 13:06:50,1.0000000000000000,0
3882,0434,3,2026-06-13 13:06:50,1.0000000000000000,0
3883,0434,3,2026-06-13 13:06:50,1.0000000000000000,0
3884,0587,3,2026-06-13 13:06:50,0.4527934170636639,0
3885,0147,3,2026-06-13 13:07:00,0.6996535296665223,0
3886,0434,3,2026-06-13 13:07:00,1.0000000000000000,0
3887,0434,3,2026-06-13 13:07:00,1.0000000000000000,1
3888,0434,3,2026-06-13 13:07:00,1.0000000000000000,0
3889,0587,3,2026-06-13 13:07:00,0.4527934170636639,0
3890,0147,3,2026-06-13 13:07:10,0.6996535296665223,0
3891,0434,3,2026-06-13 13:07:10,1.0000000000000000,0
3892,0434,3,2026-06-13 13:07:10,1.0000000000000000,0
3893,0434,3,2026-06-13 13:07:10,1.0000000000000000,0
3894,0587,3,2026-06-13 13:07:10,0.4527934170636639,0
3895,0147,3,2026-06-13 13:07:20,0.6996535296665223,0
3896,0434,3,2026-06-13 13:07:20,1.0000000000000000,0
3897,0434,3,2026-06-13 13:07:20,1.0000000000000000,0
3898,0587,3,2026-06-13 13:07:20,0.4527934170636639,0
3899,0434,3,2026-06-13 13:07:30,1.0000000000000000,0
3900,0434,3,2026-06-13 13:07:30,1.0000000000000000,0
3901,0117,3,2026-06-13 13:08:00,0.0985275010827198,0
3902,0117,3,2026-06-13 13:08:10,0.0985275010827198,0
3903,0117,3,2026-06-13 13:08:20,0.0985275010827198,0
3904,0117,3,2026-06-13 13:08:30,0.0985275010827198,0
3905,0117,3,2026-06-13 13:08:40,0.0985275010827198,0
3906,0117,3,2026-06-13 13:08:50,0.0985275010827198,0
3907,0117,3,2026-06-13 13:09:00,0.0985275010827198,0
3908,0117,3,2026-06-13 13:09:10,0.0985275010827198,0
3909,0055,3,2026-06-13 13:09:20,0.7358163707232568,0
3910,0117,3,2026-06-13 13:09:20,0.0985275010827198,0
3911,0055,3,2026-06-13 13:09:30,0.7358163707232568,0
3912,0055,3,2026-06-13 13:09:40,0.7358163707232568,0
3913,0055,3,2026-06-13 13:09:50,0.7358163707232568,0
3914,0055,3,2026-06-13 13:10:00,0.7358163707232568,0
3915,0116,3,2026-06-13 13:10:00,0.2223906453009961,0
3916,0055,3,2026-06-13 13:10:10,0.7358163707232568,0
3917,0116,3,2026-06-13 13:10:10,0.2223906453009961,0
3918,0055,3,2026-06-13 13:10:20,0.7358163707232568,0
3919,0116,3,2026-06-13 13:10:20,0.2223906453009961,0
3920,0010,3,2026-06-13 13:10:30,0.6996535296665223,0
3921,0020,3,2026-06-13 13:10:30,0.4527934170636639,0
3922,0020,3,2026-06-13 13:10:30,0.4527934170636639,0
3923,0020,3,2026-06-13 13:10:30,0.4527934170636639,0
3924,0020,3,2026-06-13 13:10:30,0.4527934170636639,0
3925,0020,3,2026-06-13 13:10:30,0.4527934170636639,0
3926,0055,3,2026-06-13 13:10:30,0.7358163707232568,0
3927,0116,3,2026-06-13 13:10:30,0.2223906453009961,0
3928,0010,3,2026-06-13 13:10:40,0.6996535296665223,0
3929,0020,3,2026-06-13 13:10:40,0.4527934170636639,0
3930,0020,3,2026-06-13 13:10:40,0.4527934170636639,0
3931,0020,3,2026-06-13 13:10:40,0.4527934170636639,0
3932,0020,3,2026-06-13 13:10:40,0.4527934170636639,0
3933,0055,3,2026-06-13 13:10:40,0.7358163707232568,0
3934,0116,3,2026-06-13 13:10:40,0.2223906453009961,0
3935,0953,3,2026-06-13 13:10:40,0.8055435253356431,1
3936,0010,3,2026-06-13 13:10:50,0.6996535296665223,0
3937,0014,3,2026-06-13 13:10:50,0.5634473798181031,1
3938,0020,3,2026-06-13 13:10:50,0.4527934170636639,0
3939,0020,3,2026-06-13 13:10:50,0.4527934170636639,0
3940,0020,3,2026-06-13 13:10:50,0.4527934170636639,0
3941,0020,3,2026-06-13 13:10:50,0.4527934170636639,0
3942,0055,3,2026-06-13 13:10:50,0.7358163707232568,0
3943,0077,3,2026-06-13 13:10:50,0.5634473798181031,0
3944,0116,3,2026-06-13 13:10:50,0.2223906453009961,0
3945,0555,3,2026-06-13 13:10:50,0.0985275010827198,0
3946,0691,3,2026-06-13 13:10:50,0.4527934170636639,0
3947,0953,3,2026-06-13 13:10:50,0.8055435253356431,0
3948,0010,3,2026-06-13 13:11:00,0.6996535296665223,0
3949,0014,3,2026-06-13 13:11:00,0.5634473798181031,0
3950,0020,3,2026-06-13 13:11:00,0.4527934170636639,0
3951,0020,3,2026-06-13 13:11:00,0.4527934170636639,0
3952,0020,3,2026-06-13 13:11:00,0.4527934170636639,0
3953,0020,3,2026-06-13 13:11:00,0.4527934170636639,0
3954,0020,3,2026-06-13 13:11:00,0.4527934170636639,0
3955,0055,3,2026-06-13 13:11:00,0.7358163707232568,0
3956,0077,3,2026-06-13 13:11:00,0.5634473798181031,0
3957,0116,3,2026-06-13 13:11:00,0.2223906453009961,0
3958,0555,3,2026-06-13 13:11:00,0.0985275010827198,0
3959,0691,3,2026-06-13 13:11:00,0.4527934170636639,0
3960,0953,3,2026-06-13 13:11:00,0.8055435253356431,0
3961,0010,3,2026-06-13 13:11:10,0.6996535296665223,0
3962,0014,3,2026-06-13 13:11:10,0.5634473798181031,0
3963,0020,3,2026-06-13 13:11:10,0.4527934170636639,0
3964,0020,3,2026-06-13 13:11:10,0.4527934170636639,0
3965,0020,3,2026-06-13 13:11:10,0.4527934170636639,0
3966,0020,3,2026-06-13 13:11:10,0.4527934170636639,0
3967,0020,3,2026-06-13 13:11:10,0.4527934170636639,0
3968,0063,3,2026-06-13 13:11:10,0.8055435253356431,0
3969,0063,3,2026-06-13 13:11:10,0.8055435253356431,0
3970,0063,3,2026-06-13 13:11:10,0.8055435253356431,0
3971,0063,3,2026-06-13 13:11:10,0.8055435253356431,0
3972,0077,3,2026-06-13 13:11:10,0.5634473798181031,0
3973,0116,3,2026-06-13 13:11:10,0.2223906453009961,0
3974,0131,3,2026-06-13 13:11:10,0.5634473798181031,0
3975,0555,3,2026-06-13 13:11:10,0.0985275010827198,0
3976,0691,3,2026-06-13 13:11:10,0.4527934170636639,0
3977,0953,3,2026-06-13 13:11:10,0.8055435253356431,0
3978,0010,3,2026-06-13 13:11:20,0.6996535296665223,0
3979,0014,3,2026-06-13 13:11:20,0.5634473798181031,0
3980,0020,3,2026-06-13 13:11:20,0.4527934170636639,0
3981,0020,3,2026-06-13 13:11:20,0.4527934170636639,0
3982,0020,3,2026-06-13 13:11:20,0.4527934170636639,0
3983,0020,3,2026-06-13 13:11:20,0.4527934170636639,0
3984,0020,3,2026-06-13 13:11:20,0.4527934170636639,0
3985,0063,3,2026-06-13 13:11:20,0.8055435253356431,0
3986,0063,3,2026-06-13 13:11:20,0.8055435253356431,0
3987,0063,3,2026-06-13 13:11:20,0.8055435253356431,0
3988,0063,3,2026-06-13 13:11:20,0.8055435253356431,0
3989,0063,3,2026-06-13 13:11:20,0.8055435253356431,0
3990,0077,3,2026-06-13 13:11:20,0.5634473798181031,0
3991,0116,3,2026-06-13 13:11:20,0.2223906453009961,0
3992,0131,3,2026-06-13 13:11:20,0.5634473798181031,0
3993,0555,3,2026-06-13 13:11:20,0.0985275010827198,0
3994,0691,3,2026-06-13 13:11:20,0.4527934170636639,0
3995,0953,3,2026-06-13 13:11:20,0.8055435253356431,0
3996,0010,3,2026-06-13 13:11:30,0.6996535296665223,0
3997,0014,3,2026-06-13 13:11:30,0.5634473798181031,0
3998,0020,3,2026-06-13 13:11:30,0.4527934170636639,0
3999,0020,3,2026-06-13 13:11:30,0.4527934170636639,0
4000,0020,3,2026-06-13 13:11:30,0.4527934170636639,0
4001,0020,3,2026-06-13 13:11:30,0.4527934170636639,0
4002,0063,3,2026-06-13 13:11:30,0.8055435253356431,0
4003,0063,3,2026-06-13 13:11:30,0.8055435253356431,0
4004,0063,3,2026-06-13 13:11:30,0.8055435253356431,0
4005,0063,3,2026-06-13 13:11:30,0.8055435253356431,1
4006,0077,3,2026-06-13 13:11:30,0.5634473798181031,0
4007,0116,3,2026-06-13 13:11:30,0.2223906453009961,0
4008,0131,3,2026-06-13 13:11:30,0.5634473798181031,0
4009,0555,3,2026-06-13 13:11:30,0.0985275010827198,0
4010,0691,3,2026-06-13 13:11:30,0.4527934170636639,0
4011,0953,3,2026-06-13 13:11:30,0.8055435253356431,0
4012,0014,3,2026-06-13 13:11:40,0.5634473798181031,0
4013,0020,3,2026-06-13 13:11:40,0.4527934170636639,0
4014,0020,3,2026-06-13 13:11:40,0.4527934170636639,0
4015,0020,3,2026-06-13 13:11:40,0.4527934170636639,0
4016,0020,3,2026-06-13 13:11:40,0.4527934170636639,0
4017,0063,3,2026-06-13 13:11:40,0.8055435253356431,0
4018,0063,3,2026-06-13 13:11:40,0.8055435253356431,0
4019,0063,3,2026-06-13 13:11:40,0.8055435253356431,0
4020,0063,3,2026-06-13 13:11:40,0.8055435253356431,0
4021,0063,3,2026-06-13 13:11:40,0.8055435253356431,0
4022,0077,3,2026-06-13 13:11:40,0.5634473798181031,0
4023,0116,3,2026-06-13 13:11:40,0.2223906453009961,0
4024,0131,3,2026-06-13 13:11:40,0.5634473798181031,0
4025,0555,3,2026-06-13 13:11:40,0.0985275010827198,0
4026,0691,3,2026-06-13 13:11:40,0.4527934170636639,0
4027,0953,3,2026-06-13 13:11:40,0.8055435253356431,0
4028,0014,3,2026-06-13 13:11:50,0.5634473798181031,0
4029,0020,3,2026-06-13 13:11:50,0.4527934170636639,0
4030,0020,3,2026-06-13 13:11:50,0.4527934170636639,0
4031,0020,3,2026-06-13 13:11:50,0.4527934170636639,0
4032,0020,3,2026-06-13 13:11:50,0.4527934170636639,0
4033,0020,3,2026-06-13 13:11:50,0.4527934170636639,0
4034,0020,3,2026-06-13 13:11:50,0.4527934170636639,0
4035,0063,3,2026-06-13 13:11:50,0.8055435253356431,0
4036,0063,3,2026-06-13 13:11:50,0.8055435253356431,0
4037,0063,3,2026-06-13 13:11:50,0.8055435253356431,0
4038,0063,3,2026-06-13 13:11:50,0.8055435253356431,0
4039,0063,3,2026-06-13 13:11:50,0.8055435253356431,0
4040,0063,3,2026-06-13 13:11:50,0.8055435253356431,0
4041,0077,3,2026-06-13 13:11:50,0.5634473798181031,0
4042,0116,3,2026-06-13 13:11:50,0.2223906453009961,0
4043,0131,3,2026-06-13 13:11:50,0.5634473798181031,0
4044,0555,3,2026-06-13 13:11:50,0.0985275010827198,0
4045,0691,3,2026-06-13 13:11:50,0.4527934170636639,0
4046,0834,3,2026-06-13 13:11:50,0.4527934170636639,0
4047,0953,3,2026-06-13 13:11:50,0.8055435253356431,0
4048,0014,3,2026-06-13 13:12:00,0.5634473798181031,0
4049,0020,3,2026-06-13 13:12:00,0.4527934170636639,0
4050,0020,3,2026-06-13 13:12:00,0.4527934170636639,0
4051,0020,3,2026-06-13 13:12:00,0.4527934170636639,0
4052,0020,3,2026-06-13 13:12:00,0.4527934170636639,0
4053,0020,3,2026-06-13 13:12:00,0.4527934170636639,0
4054,0063,3,2026-06-13 13:12:00,0.8055435253356431,0
4055,0063,3,2026-06-13 13:12:00,0.8055435253356431,0
4056,0063,3,2026-06-13 13:12:00,0.8055435253356431,0
4057,0063,3,2026-06-13 13:12:00,0.8055435253356431,1
4058,0063,3,2026-06-13 13:12:00,0.8055435253356431,0
4059,0077,3,2026-06-13 13:12:00,0.5634473798181031,0
4060,0131,3,2026-06-13 13:12:00,0.5634473798181031,0
4061,0555,3,2026-06-13 13:12:00,0.0985275010827198,0
4062,0691,3,2026-06-13 13:12:00,0.4527934170636639,0
4063,0834,3,2026-06-13 13:12:00,0.4527934170636639,0
4064,0953,3,2026-06-13 13:12:00,0.8055435253356431,0
4065,0014,3,2026-06-13 13:12:10,0.5634473798181031,0
4066,0063,3,2026-06-13 13:12:10,0.8055435253356431,0
4067,0063,3,2026-06-13 13:12:10,0.8055435253356431,0
4068,0063,3,2026-06-13 13:12:10,0.8055435253356431,0
4069,0063,3,2026-06-13 13:12:10,0.8055435253356431,0
4070,0077,3,2026-06-13 13:12:10,0.5634473798181031,0
4071,0131,3,2026-06-13 13:12:10,0.5634473798181031,0
4072,0555,3,2026-06-13 13:12:10,0.0985275010827198,0
4073,0691,3,2026-06-13 13:12:10,0.4527934170636639,0
4074,0834,3,2026-06-13 13:12:10,0.4527934170636639,0
4075,0953,3,2026-06-13 13:12:10,0.8055435253356431,0
4076,0014,3,2026-06-13 13:12:20,0.5634473798181031,0
4077,0063,3,2026-06-13 13:12:20,0.8055435253356431,0
4078,0063,3,2026-06-13 13:12:20,0.8055435253356431,0
4079,0063,3,2026-06-13 13:12:20,0.8055435253356431,0
4080,0077,3,2026-06-13 13:12:20,0.5634473798181031,0
4081,0131,3,2026-06-13 13:12:20,0.5634473798181031,0
4082,0555,3,2026-06-13 13:12:20,0.0985275010827198,0
4083,0691,3,2026-06-13 13:12:20,0.4527934170636639,0
4084,0834,3,2026-06-13 13:12:20,0.4527934170636639,0
4085,0953,3,2026-06-13 13:12:20,0.8055435253356431,0
4086,0014,3,2026-06-13 13:12:30,0.5634473798181031,0
4087,0063,3,2026-06-13 13:12:30,0.8055435253356431,0
4088,0063,3,2026-06-13 13:12:30,0.8055435253356431,0
4089,0063,3,2026-06-13 13:12:30,0.8055435253356431,0
4090,0063,3,2026-06-13 13:12:30,0.8055435253356431,0
4091,0063,3,2026-06-13 13:12:30,0.8055435253356431,0
4092,0077,3,2026-06-13 13:12:30,0.5634473798181031,0
4093,0131,3,2026-06-13 13:12:30,0.5634473798181031,0
4094,0555,3,2026-06-13 13:12:30,0.0985275010827198,0
4095,0691,3,2026-06-13 13:12:30,0.4527934170636639,0
4096,0834,3,2026-06-13 13:12:30,0.4527934170636639,0
4097,0014,3,2026-06-13 13:12:40,0.5634473798181031,0
4098,0063,3,2026-06-13 13:12:40,0.8055435253356431,0
4099,0063,3,2026-06-13 13:12:40,0.8055435253356431,0
4100,0063,3,2026-06-13 13:12:40,0.8055435253356431,0
4101,0063,3,2026-06-13 13:12:40,0.8055435253356431,0
4102,0063,3,2026-06-13 13:12:40,0.8055435253356431,0
4103,0077,3,2026-06-13 13:12:40,0.5634473798181031,0
4104,0131,3,2026-06-13 13:12:40,0.5634473798181031,0
4105,0691,3,2026-06-13 13:12:40,0.4527934170636639,1
4106,0834,3,2026-06-13 13:12:40,0.4527934170636639,0
4107,0131,3,2026-06-13 13:12:50,0.5634473798181031,0
4108,0834,3,2026-06-13 13:12:50,0.4527934170636639,0
4109,0322,3,2026-06-13 14:41:00,0.3614118666089216,0
4110,0322,3,2026-06-13 14:41:10,0.3614118666089216,0
4111,0322,3,2026-06-13 14:41:20,0.3614118666089216,0
4112,0322,3,2026-06-13 14:41:30,0.3614118666089216,0
4113,0322,3,2026-06-13 14:41:40,0.3614118666089216,0
4114,0322,3,2026-06-13 14:41:50,0.3614118666089216,0
4115,0322,3,2026-06-13 14:42:00,0.3614118666089216,0
4116,0322,3,2026-06-13 14:42:10,0.3614118666089216,0
4117,0322,3,2026-06-13 14:42:20,0.3614118666089216,0
4118,0322,3,2026-06-13 14:42:30,0.3614118666089216,0
4119,0608,3,2026-06-13 14:48:00,0.0985275010827198,0
4120,0283,3,2026-06-13 14:48:10,0.6327414465136423,0
4121,0608,3,2026-06-13 14:48:10,0.0985275010827198,0
4122,0283,3,2026-06-13 14:48:20,0.6327414465136423,0
4123,0608,3,2026-06-13 14:48:20,0.0985275010827198,0
4124,0283,3,2026-06-13 14:48:30,0.6327414465136423,0
4125,0608,3,2026-06-13 14:48:30,0.0985275010827198,0
4126,0283,3,2026-06-13 14:48:40,0.6327414465136423,0
4127,0608,3,2026-06-13 14:48:40,0.0985275010827198,0
4128,0283,3,2026-06-13 14:48:50,0.6327414465136423,0
4129,0608,3,2026-06-13 14:48:50,0.0985275010827198,0
4130,0283,3,2026-06-13 14:49:00,0.6327414465136423,0
4131,0608,3,2026-06-13 14:49:00,0.0985275010827198,0
4132,0283,3,2026-06-13 14:49:10,0.6327414465136423,0
4133,0608,3,2026-06-13 14:49:10,0.0985275010827198,0
4134,0283,3,2026-06-13 14:49:20,0.6327414465136423,0
4135,0608,3,2026-06-13 14:49:20,0.0985275010827198,0
4136,0283,3,2026-06-13 14:49:30,0.6327414465136423,0
4137,0608,3,2026-06-13 14:49:30,0.0985275010827198,0
4138,0712,3,2026-06-13 14:49:30,0.2223906453009961,0
4139,0283,3,2026-06-13 14:49:40,0.6327414465136423,0
4140,0608,3,2026-06-13 14:49:40,0.0985275010827198,0
4141,0712,3,2026-06-13 14:49:40,0.2223906453009961,0
4142,0283,3,2026-06-13 14:49:50,0.6327414465136423,0
4143,0608,3,2026-06-13 14:49:50,0.0985275010827198,0
4144,0712,3,2026-06-13 14:49:50,0.2223906453009961,0
4145,0283,3,2026-06-13 14:50:00,0.6327414465136423,0
4146,0712,3,2026-06-13 14:50:00,0.2223906453009961,0
4147,0712,3,2026-06-13 14:50:10,0.2223906453009961,0
4148,0712,3,2026-06-13 14:50:20,0.2223906453009961,0
4149,0313,3,2026-06-13 14:50:30,0.1429190125595496,0
4150,0712,3,2026-06-13 14:50:30,0.2223906453009961,1
4151,0313,3,2026-06-13 14:50:40,0.1429190125595496,0
4152,0313,3,2026-06-13 14:50:50,0.1429190125595496,0
4153,0313,3,2026-06-13 14:51:00,0.1429190125595496,0
4154,0313,3,2026-06-13 14:51:10,0.1429190125595496,0
4155,0463,3,2026-06-13 14:51:30,0.2223906453009961,0
4156,0463,3,2026-06-13 14:51:40,0.2223906453009961,0
4157,0463,3,2026-06-13 14:51:50,0.2223906453009961,0
4158,0463,3,2026-06-13 14:52:00,0.2223906453009961,0
4159,0463,3,2026-06-13 14:52:10,0.2223906453009961,0
4160,0463,3,2026-06-13 14:52:20,0.2223906453009961,0
4161,0304,3,2026-06-13 14:52:30,0.6996535296665223,0
4162,0463,3,2026-06-13 14:52:30,0.2223906453009961,0
4163,0677,3,2026-06-13 14:52:30,0.4527934170636639,0
4164,0304,3,2026-06-13 14:52:40,0.6996535296665223,0
4165,0463,3,2026-06-13 14:52:40,0.2223906453009961,0
4166,0677,3,2026-06-13 14:52:40,0.4527934170636639,0
4167,0304,3,2026-06-13 14:52:50,0.6996535296665223,0
4168,0463,3,2026-06-13 14:52:50,0.2223906453009961,0
4169,0677,3,2026-06-13 14:52:50,0.4527934170636639,0
4170,0304,3,2026-06-13 14:53:00,0.6996535296665223,0
4171,0677,3,2026-06-13 14:53:00,0.4527934170636639,0
4172,0857,3,2026-06-13 14:53:00,0.9393676916414032,0
4173,0304,3,2026-06-13 14:53:10,0.6996535296665223,0
4174,0381,3,2026-06-13 14:53:10,0.5634473798181031,0
4175,0677,3,2026-06-13 14:53:10,0.4527934170636639,0
4176,0857,3,2026-06-13 14:53:10,0.9393676916414032,0
4177,0304,3,2026-06-13 14:53:20,0.6996535296665223,0
4178,0381,3,2026-06-13 14:53:20,0.5634473798181031,0
4179,0677,3,2026-06-13 14:53:20,0.4527934170636639,0
4180,0857,3,2026-06-13 14:53:20,0.9393676916414032,0
4181,0304,3,2026-06-13 14:53:30,0.6996535296665223,0
4182,0381,3,2026-06-13 14:53:30,0.5634473798181031,0
4183,0677,3,2026-06-13 14:53:30,0.4527934170636639,0
4184,0857,3,2026-06-13 14:53:30,0.9393676916414032,0
4185,0304,3,2026-06-13 14:53:40,0.6996535296665223,0
4186,0381,3,2026-06-13 14:53:40,0.5634473798181031,0
4187,0677,3,2026-06-13 14:53:40,0.4527934170636639,1
4188,0857,3,2026-06-13 14:53:40,0.9393676916414032,0
4189,0304,3,2026-06-13 14:53:50,0.6996535296665223,0
4190,0381,3,2026-06-13 14:53:50,0.5634473798181031,0
4191,0677,3,2026-06-13 14:53:50,0.4527934170636639,1
4192,0857,3,2026-06-13 14:53:50,0.9393676916414032,0
4193,0304,3,2026-06-13 14:54:00,0.6996535296665223,0
4194,0381,3,2026-06-13 14:54:00,0.5634473798181031,0
4195,0677,3,2026-06-13 14:54:00,0.4527934170636639,0
4196,0857,3,2026-06-13 14:54:00,0.9393676916414032,0
4197,0304,3,2026-06-13 14:54:10,0.6996535296665223,0
4198,0381,3,2026-06-13 14:54:10,0.5634473798181031,0
4199,0677,3,2026-06-13 14:54:10,0.4527934170636639,0
4200,0857,3,2026-06-13 14:54:10,0.9393676916414032,0
4201,0304,3,2026-06-13 14:54:20,0.6996535296665223,0
4202,0381,3,2026-06-13 14:54:20,0.5634473798181031,0
4203,0857,3,2026-06-13 14:54:20,0.9393676916414032,0
4204,0381,3,2026-06-13 14:54:30,0.5634473798181031,0
4205,0381,3,2026-06-13 14:54:40,0.5634473798181031,0
4206,0381,3,2026-06-13 14:54:50,0.5634473798181031,0
4207,0381,3,2026-06-13 14:55:00,0.5634473798181031,0
4208,0580,3,2026-06-13 16:09:30,0.6327414465136423,0
4209,0580,3,2026-06-13 16:09:30,0.6327414465136423,1
4210,0580,3,2026-06-13 16:09:40,0.6327414465136423,0
4211,0580,3,2026-06-13 16:09:40,0.6327414465136423,0
4212,0580,3,2026-06-13 16:09:40,0.6327414465136423,0
4213,0580,3,2026-06-13 16:09:40,0.6327414465136423,0
4214,0847,3,2026-06-13 16:09:40,0.0985275010827198,0
4215,0580,3,2026-06-13 16:09:50,0.6327414465136423,0
4216,0580,3,2026-06-13 16:09:50,0.6327414465136423,0
4217,0580,3,2026-06-13 16:09:50,0.6327414465136423,0
4218,0580,3,2026-06-13 16:09:50,0.6327414465136423,0
4219,0847,3,2026-06-13 16:09:50,0.0985275010827198,0
4220,0580,3,2026-06-13 16:10:00,0.6327414465136423,0
4221,0580,3,2026-06-13 16:10:00,0.6327414465136423,0
4222,0580,3,2026-06-13 16:10:00,0.6327414465136423,0
4223,0580,3,2026-06-13 16:10:00,0.6327414465136423,0
4224,0580,3,2026-06-13 16:10:00,0.6327414465136423,1
4225,0580,3,2026-06-13 16:10:00,0.6327414465136423,0
4226,0847,3,2026-06-13 16:10:00,0.0985275010827198,0
4227,0580,3,2026-06-13 16:10:10,0.6327414465136423,0
4228,0580,3,2026-06-13 16:10:10,0.6327414465136423,0
4229,0580,3,2026-06-13 16:10:10,0.6327414465136423,0
4230,0580,3,2026-06-13 16:10:10,0.6327414465136423,0
4231,0580,3,2026-06-13 16:10:10,0.6327414465136423,0
4232,0580,3,2026-06-13 16:10:10,0.6327414465136423,0
4233,0580,3,2026-06-13 16:10:10,0.6327414465136423,0
4234,0847,3,2026-06-13 16:10:10,0.0985275010827198,0
4235,0962,3,2026-06-13 16:10:10,0.5634473798181031,0
4236,0203,3,2026-06-13 16:10:20,0.4527934170636639,0
4237,0580,3,2026-06-13 16:10:20,0.6327414465136423,0
4238,0580,3,2026-06-13 16:10:20,0.6327414465136423,0
4239,0580,3,2026-06-13 16:10:20,0.6327414465136423,0
4240,0580,3,2026-06-13 16:10:20,0.6327414465136423,0
4241,0580,3,2026-06-13 16:10:20,0.6327414465136423,0
4242,0580,3,2026-06-13 16:10:20,0.6327414465136423,0
4243,0580,3,2026-06-13 16:10:20,0.6327414465136423,0
4244,0580,3,2026-06-13 16:10:20,0.6327414465136423,0
4245,0847,3,2026-06-13 16:10:20,0.0985275010827198,0
4246,0962,3,2026-06-13 16:10:20,0.5634473798181031,0
4247,0203,3,2026-06-13 16:10:30,0.4527934170636639,0
4248,0580,3,2026-06-13 16:10:30,0.6327414465136423,0
4249,0580,3,2026-06-13 16:10:30,0.6327414465136423,0
4250,0580,3,2026-06-13 16:10:30,0.6327414465136423,0
4251,0580,3,2026-06-13 16:10:30,0.6327414465136423,0
4252,0580,3,2026-06-13 16:10:30,0.6327414465136423,0
4253,0580,3,2026-06-13 16:10:30,0.6327414465136423,0
4254,0847,3,2026-06-13 16:10:30,0.0985275010827198,0
4255,0962,3,2026-06-13 16:10:30,0.5634473798181031,0
4256,0203,3,2026-06-13 16:10:40,0.4527934170636639,0
4257,0580,3,2026-06-13 16:10:40,0.6327414465136423,0
4258,0580,3,2026-06-13 16:10:40,0.6327414465136423,0
4259,0580,3,2026-06-13 16:10:40,0.6327414465136423,0
4260,0580,3,2026-06-13 16:10:40,0.6327414465136423,0
4261,0580,3,2026-06-13 16:10:40,0.6327414465136423,0
4262,0847,3,2026-06-13 16:10:40,0.0985275010827198,0
4263,0962,3,2026-06-13 16:10:40,0.5634473798181031,0
4264,0203,3,2026-06-13 16:10:50,0.4527934170636639,0
4265,0374,3,2026-06-13 16:10:50,1.0000000000000000,0
4266,0392,3,2026-06-13 16:10:50,0.4527934170636639,0
4267,0580,3,2026-06-13 16:10:50,0.6327414465136423,0
4268,0580,3,2026-06-13 16:10:50,0.6327414465136423,0
4269,0580,3,2026-06-13 16:10:50,0.6327414465136423,0
4270,0710,3,2026-06-13 16:10:50,0.0985275010827198,1
4271,0710,3,2026-06-13 16:10:50,0.0985275010827198,0
4272,0710,3,2026-06-13 16:10:50,0.0985275010827198,0
4273,0847,3,2026-06-13 16:10:50,0.0985275010827198,0
4274,0946,3,2026-06-13 16:10:50,0.1429190125595496,0
4275,0962,3,2026-06-13 16:10:50,0.5634473798181031,0
4276,0203,3,2026-06-13 16:11:00,0.4527934170636639,0
4277,0374,3,2026-06-13 16:11:00,1.0000000000000000,0
4278,0392,3,2026-06-13 16:11:00,0.4527934170636639,1
4279,0580,3,2026-06-13 16:11:00,0.6327414465136423,0
4280,0580,3,2026-06-13 16:11:00,0.6327414465136423,0
4281,0580,3,2026-06-13 16:11:00,0.6327414465136423,0
4282,0710,3,2026-06-13 16:11:00,0.0985275010827198,0
4283,0710,3,2026-06-13 16:11:00,0.0985275010827198,0
4284,0710,3,2026-06-13 16:11:00,0.0985275010827198,0
4285,0847,3,2026-06-13 16:11:00,0.0985275010827198,0
4286,0946,3,2026-06-13 16:11:00,0.1429190125595496,0
4287,0962,3,2026-06-13 16:11:00,0.5634473798181031,0
4288,0985,3,2026-06-13 16:11:00,0.3614118666089216,0
4289,0203,3,2026-06-13 16:11:10,0.4527934170636639,0
4290,0374,3,2026-06-13 16:11:10,1.0000000000000000,0
4291,0392,3,2026-06-13 16:11:10,0.4527934170636639,0
4292,0580,3,2026-06-13 16:11:10,0.6327414465136423,0
4293,0580,3,2026-06-13 16:11:10,0.6327414465136423,0
4294,0710,3,2026-06-13 16:11:10,0.0985275010827198,0
4295,0710,3,2026-06-13 16:11:10,0.0985275010827198,0
4296,0710,3,2026-06-13 16:11:10,0.0985275010827198,0
4297,0946,3,2026-06-13 16:11:10,0.1429190125595496,0
4298,0962,3,2026-06-13 16:11:10,0.5634473798181031,0
4299,0985,3,2026-06-13 16:11:10,0.3614118666089216,0
4300,0151,3,2026-06-13 16:11:20,0.1429190125595496,0
4301,0203,3,2026-06-13 16:11:20,0.4527934170636639,0
4302,0355,3,2026-06-13 16:11:20,0.7358163707232568,0
4303,0374,3,2026-06-13 16:11:20,1.0000000000000000,1
4304,0392,3,2026-06-13 16:11:20,0.4527934170636639,0
4305,0710,3,2026-06-13 16:11:20,0.0985275010827198,0
4306,0710,3,2026-06-13 16:11:20,0.0985275010827198,0
4307,0710,3,2026-06-13 16:11:20,0.0985275010827198,0
4308,0710,3,2026-06-13 16:11:20,0.0985275010827198,0
4309,0710,3,2026-06-13 16:11:20,0.0985275010827198,0
4310,0710,3,2026-06-13 16:11:20,0.0985275010827198,0
4311,0710,3,2026-06-13 16:11:20,0.0985275010827198,0
4312,0946,3,2026-06-13 16:11:20,0.1429190125595496,0
4313,0962,3,2026-06-13 16:11:20,0.5634473798181031,0
4314,0985,3,2026-06-13 16:11:20,0.3614118666089216,0
4315,0151,3,2026-06-13 16:11:30,0.1429190125595496,0
4316,0203,3,2026-06-13 16:11:30,0.4527934170636639,0
4317,0355,3,2026-06-13 16:11:30,0.7358163707232568,0
4318,0374,3,2026-06-13 16:11:30,1.0000000000000000,0
4319,0392,3,2026-06-13 16:11:30,0.4527934170636639,0
4320,0710,3,2026-06-13 16:11:30,0.0985275010827198,0
4321,0710,3,2026-06-13 16:11:30,0.0985275010827198,0
4322,0710,3,2026-06-13 16:11:30,0.0985275010827198,0
4323,0710,3,2026-06-13 16:11:30,0.0985275010827198,0
4324,0710,3,2026-06-13 16:11:30,0.0985275010827198,0
4325,0710,3,2026-06-13 16:11:30,0.0985275010827198,0
4326,0710,3,2026-06-13 16:11:30,0.0985275010827198,0
4327,0710,3,2026-06-13 16:11:30,0.0985275010827198,0
4328,0710,3,2026-06-13 16:11:30,0.0985275010827198,0
4329,0862,3,2026-06-13 16:11:30,0.5634473798181031,0
4330,0962,3,2026-06-13 16:11:30,0.5634473798181031,0
4331,0985,3,2026-06-13 16:11:30,0.3614118666089216,1
4332,0151,3,2026-06-13 16:11:40,0.1429190125595496,0
4333,0203,3,2026-06-13 16:11:40,0.4527934170636639,0
4334,0355,3,2026-06-13 16:11:40,0.7358163707232568,0
4335,0374,3,2026-06-13 16:11:40,1.0000000000000000,0
4336,0392,3,2026-06-13 16:11:40,0.4527934170636639,0
4337,0710,3,2026-06-13 16:11:40,0.0985275010827198,0
4338,0710,3,2026-06-13 16:11:40,0.0985275010827198,0
4339,0710,3,2026-06-13 16:11:40,0.0985275010827198,0
4340,0710,3,2026-06-13 16:11:40,0.0985275010827198,0
4341,0710,3,2026-06-13 16:11:40,0.0985275010827198,0
4342,0710,3,2026-06-13 16:11:40,0.0985275010827198,0
4343,0710,3,2026-06-13 16:11:40,0.0985275010827198,0
4344,0710,3,2026-06-13 16:11:40,0.0985275010827198,0
4345,0862,3,2026-06-13 16:11:40,0.5634473798181031,0
4346,0962,3,2026-06-13 16:11:40,0.5634473798181031,0
4347,0985,3,2026-06-13 16:11:40,0.3614118666089216,0
4348,0069,3,2026-06-13 16:11:50,0.8659592897358164,0
4349,0151,3,2026-06-13 16:11:50,0.1429190125595496,0
4350,0203,3,2026-06-13 16:11:50,0.4527934170636639,0
4351,0340,3,2026-06-13 16:11:50,1.0000000000000000,0
4352,0355,3,2026-06-13 16:11:50,0.7358163707232568,0
4353,0374,3,2026-06-13 16:11:50,1.0000000000000000,0
4354,0392,3,2026-06-13 16:11:50,0.4527934170636639,0
4355,0560,3,2026-06-13 16:11:50,0.8659592897358164,0
4356,0710,3,2026-06-13 16:11:50,0.0985275010827198,0
4357,0710,3,2026-06-13 16:11:50,0.0985275010827198,0
4358,0710,3,2026-06-13 16:11:50,0.0985275010827198,0
4359,0710,3,2026-06-13 16:11:50,0.0985275010827198,0
4360,0710,3,2026-06-13 16:11:50,0.0985275010827198,0
4361,0710,3,2026-06-13 16:11:50,0.0985275010827198,0
4362,0710,3,2026-06-13 16:11:50,0.0985275010827198,0
4363,0763,3,2026-06-13 16:11:50,0.8055435253356431,0
4364,0862,3,2026-06-13 16:11:50,0.5634473798181031,0
4365,0962,3,2026-06-13 16:11:50,0.5634473798181031,0
4366,0985,3,2026-06-13 16:11:50,0.3614118666089216,0
4367,0069,3,2026-06-13 16:12:00,0.8659592897358164,0
4368,0203,3,2026-06-13 16:12:00,0.4527934170636639,1
4369,0243,3,2026-06-13 16:12:00,0.8659592897358164,0
4370,0340,3,2026-06-13 16:12:00,1.0000000000000000,0
4371,0355,3,2026-06-13 16:12:00,0.7358163707232568,0
4372,0392,3,2026-06-13 16:12:00,0.4527934170636639,0
4373,0560,3,2026-06-13 16:12:00,0.8659592897358164,0
4374,0710,3,2026-06-13 16:12:00,0.0985275010827198,0
4375,0710,3,2026-06-13 16:12:00,0.0985275010827198,0
4376,0710,3,2026-06-13 16:12:00,0.0985275010827198,0
4377,0710,3,2026-06-13 16:12:00,0.0985275010827198,0
4378,0710,3,2026-06-13 16:12:00,0.0985275010827198,0
4379,0710,3,2026-06-13 16:12:00,0.0985275010827198,0
4380,0710,3,2026-06-13 16:12:00,0.0985275010827198,0
4381,0763,3,2026-06-13 16:12:00,0.8055435253356431,0
4382,0862,3,2026-06-13 16:12:00,0.5634473798181031,0
4383,0985,3,2026-06-13 16:12:00,0.3614118666089216,0
4384,0069,3,2026-06-13 16:12:10,0.8659592897358164,0
4385,0243,3,2026-06-13 16:12:10,0.8659592897358164,0
4386,0340,3,2026-06-13 16:12:10,1.0000000000000000,0
4387,0355,3,2026-06-13 16:12:10,0.7358163707232568,0
4388,0392,3,2026-06-13 16:12:10,0.4527934170636639,0
4389,0560,3,2026-06-13 16:12:10,0.8659592897358164,0
4390,0710,3,2026-06-13 16:12:10,0.0985275010827198,0
4391,0710,3,2026-06-13 16:12:10,0.0985275010827198,0
4392,0710,3,2026-06-13 16:12:10,0.0985275010827198,0
4393,0710,3,2026-06-13 16:12:10,0.0985275010827198,0
4394,0710,3,2026-06-13 16:12:10,0.0985275010827198,0
4395,0710,3,2026-06-13 16:12:10,0.0985275010827198,0
4396,0710,3,2026-06-13 16:12:10,0.0985275010827198,0
4397,0763,3,2026-06-13 16:12:10,0.8055435253356431,0
4398,0862,3,2026-06-13 16:12:10,0.5634473798181031,0
4399,0985,3,2026-06-13 16:12:10,0.3614118666089216,0
4400,0243,3,2026-06-13 16:12:20,0.8659592897358164,0
4401,0340,3,2026-06-13 16:12:20,1.0000000000000000,0
4402,0392,3,2026-06-13 16:12:20,0.4527934170636639,0
4403,0560,3,2026-06-13 16:12:20,0.8659592897358164,0
4404,0710,3,2026-06-13 16:12:20,0.0985275010827198,0
4405,0710,3,2026-06-13 16:12:20,0.0985275010827198,0
4406,0710,3,2026-06-13 16:12:20,0.0985275010827198,0
4407,0710,3,2026-06-13 16:12:20,0.0985275010827198,0
4408,0763,3,2026-06-13 16:12:20,0.8055435253356431,0
4409,0862,3,2026-06-13 16:12:20,0.5634473798181031,0
4410,0243,3,2026-06-13 16:12:30,0.8659592897358164,0
4411,0340,3,2026-06-13 16:12:30,1.0000000000000000,0
4412,0392,3,2026-06-13 16:12:30,0.4527934170636639,0
4413,0560,3,2026-06-13 16:12:30,0.8659592897358164,0
4414,0710,3,2026-06-13 16:12:30,0.0985275010827198,0
4415,0710,3,2026-06-13 16:12:30,0.0985275010827198,0
4416,0710,3,2026-06-13 16:12:30,0.0985275010827198,0
4417,0763,3,2026-06-13 16:12:30,0.8055435253356431,0
4418,0862,3,2026-06-13 16:12:30,0.5634473798181031,0
4419,0243,3,2026-06-13 16:12:40,0.8659592897358164,0
4420,0305,3,2026-06-13 16:12:40,0.5634473798181031,0
4421,0340,3,2026-06-13 16:12:40,1.0000000000000000,0
4422,0560,3,2026-06-13 16:12:40,0.8659592897358164,0
4423,0710,3,2026-06-13 16:12:40,0.0985275010827198,0
4424,0710,3,2026-06-13 16:12:40,0.0985275010827198,0
4425,0763,3,2026-06-13 16:12:40,0.8055435253356431,0
4426,0806,3,2026-06-13 16:12:40,0.9393676916414032,0
4427,0862,3,2026-06-13 16:12:40,0.5634473798181031,0
4428,0930,3,2026-06-13 16:12:40,0.6327414465136423,0
4429,0243,3,2026-06-13 16:12:50,0.8659592897358164,0
4430,0305,3,2026-06-13 16:12:50,0.5634473798181031,0
4431,0340,3,2026-06-13 16:12:50,1.0000000000000000,0
4432,0560,3,2026-06-13 16:12:50,0.8659592897358164,0
4433,0763,3,2026-06-13 16:12:50,0.8055435253356431,0
4434,0806,3,2026-06-13 16:12:50,0.9393676916414032,0
4435,0862,3,2026-06-13 16:12:50,0.5634473798181031,0
4436,0930,3,2026-06-13 16:12:50,0.6327414465136423,0
4437,0243,3,2026-06-13 16:13:00,0.8659592897358164,1
4438,0305,3,2026-06-13 16:13:00,0.5634473798181031,0
4439,0340,3,2026-06-13 16:13:00,1.0000000000000000,0
4440,0560,3,2026-06-13 16:13:00,0.8659592897358164,0
4441,0733,3,2026-06-13 16:13:00,0.6996535296665223,0
4442,0763,3,2026-06-13 16:13:00,0.8055435253356431,0
4443,0806,3,2026-06-13 16:13:00,0.9393676916414032,0
4444,0862,3,2026-06-13 16:13:00,0.5634473798181031,0
4445,0930,3,2026-06-13 16:13:00,0.6327414465136423,0
4446,0243,3,2026-06-13 16:13:10,0.8659592897358164,0
4447,0305,3,2026-06-13 16:13:10,0.5634473798181031,0
4448,0340,3,2026-06-13 16:13:10,1.0000000000000000,0
4449,0560,3,2026-06-13 16:13:10,0.8659592897358164,0
4450,0733,3,2026-06-13 16:13:10,0.6996535296665223,0
4451,0763,3,2026-06-13 16:13:10,0.8055435253356431,0
4452,0806,3,2026-06-13 16:13:10,0.9393676916414032,0
4453,0930,3,2026-06-13 16:13:10,0.6327414465136423,0
4454,0243,3,2026-06-13 16:13:20,0.8659592897358164,0
4455,0305,3,2026-06-13 16:13:20,0.5634473798181031,0
4456,0340,3,2026-06-13 16:13:20,1.0000000000000000,0
4457,0560,3,2026-06-13 16:13:20,0.8659592897358164,0
4458,0733,3,2026-06-13 16:13:20,0.6996535296665223,0
4459,0763,3,2026-06-13 16:13:20,0.8055435253356431,0
4460,0806,3,2026-06-13 16:13:20,0.9393676916414032,0
4461,0930,3,2026-06-13 16:13:20,0.6327414465136423,0
4462,0243,3,2026-06-13 16:13:30,0.8659592897358164,0
4463,0305,3,2026-06-13 16:13:30,0.5634473798181031,0
4464,0733,3,2026-06-13 16:13:30,0.6996535296665223,0
4465,0806,3,2026-06-13 16:13:30,0.9393676916414032,0
4466,0930,3,2026-06-13 16:13:30,0.6327414465136423,0
4467,0243,3,2026-06-13 16:13:40,0.8659592897358164,1
4468,0305,3,2026-06-13 16:13:40,0.5634473798181031,0
4469,0733,3,2026-06-13 16:13:40,0.6996535296665223,0
4470,0806,3,2026-06-13 16:13:40,0.9393676916414032,0
4471,0930,3,2026-06-13 16:13:40,0.6327414465136423,0
4472,0243,3,2026-06-13 16:13:50,0.8659592897358164,0
4473,0305,3,2026-06-13 16:13:50,0.5634473798181031,0
4474,0545,3,2026-06-13 16:13:50,0.9393676916414032,0
4475,0733,3,2026-06-13 16:13:50,0.6996535296665223,0
4476,0806,3,2026-06-13 16:13:50,0.9393676916414032,0
4477,0930,3,2026-06-13 16:13:50,0.6327414465136423,0
4478,0305,3,2026-06-13 16:14:00,0.5634473798181031,1
4479,0545,3,2026-06-13 16:14:00,0.9393676916414032,0
4480,0733,3,2026-06-13 16:14:00,0.6996535296665223,0
4481,0806,3,2026-06-13 16:14:00,0.9393676916414032,0
4482,0930,3,2026-06-13 16:14:00,0.6327414465136423,0
4483,0305,3,2026-06-13 16:14:10,0.5634473798181031,0
4484,0545,3,2026-06-13 16:14:10,0.9393676916414032,0
4485,0733,3,2026-06-13 16:14:10,0.6996535296665223,0
4486,0806,3,2026-06-13 16:14:10,0.9393676916414032,0
4487,0930,3,2026-06-13 16:14:10,0.6327414465136423,0
4488,0305,3,2026-06-13 16:14:20,0.5634473798181031,0
4489,0545,3,2026-06-13 16:14:20,0.9393676916414032,0
4490,0733,3,2026-06-13 16:14:20,0.6996535296665223,0
4491,0274,3,2026-06-13 16:14:30,0.4527934170636639,1
4492,0305,3,2026-06-13 16:14:30,0.5634473798181031,0
4493,0515,3,2026-06-13 16:14:30,0.5634473798181031,0
4494,0515,3,2026-06-13 16:14:30,0.5634473798181031,0
4495,0545,3,2026-06-13 16:14:30,0.9393676916414032,0
4496,0733,3,2026-06-13 16:14:30,0.6996535296665223,0
4497,0274,3,2026-06-13 16:14:40,0.4527934170636639,0
4498,0515,3,2026-06-13 16:14:40,0.5634473798181031,0
4499,0515,3,2026-06-13 16:14:40,0.5634473798181031,0
4500,0515,3,2026-06-13 16:14:40,0.5634473798181031,0
4501,0545,3,2026-06-13 16:14:40,0.9393676916414032,0
4502,0733,3,2026-06-13 16:14:40,0.6996535296665223,0
4503,0274,3,2026-06-13 16:14:50,0.4527934170636639,0
4504,0515,3,2026-06-13 16:14:50,0.5634473798181031,0
4505,0515,3,2026-06-13 16:14:50,0.5634473798181031,0
4506,0515,3,2026-06-13 16:14:50,0.5634473798181031,0
4507,0515,3,2026-06-13 16:14:50,0.5634473798181031,0
4508,0545,3,2026-06-13 16:14:50,0.9393676916414032,0
4509,0733,3,2026-06-13 16:14:50,0.6996535296665223,0
4510,0244,3,2026-06-13 16:15:00,0.6996535296665223,0
4511,0274,3,2026-06-13 16:15:00,0.4527934170636639,0
4512,0515,3,2026-06-13 16:15:00,0.5634473798181031,0
4513,0515,3,2026-06-13 16:15:00,0.5634473798181031,0
4514,0515,3,2026-06-13 16:15:00,0.5634473798181031,0
4515,0515,3,2026-06-13 16:15:00,0.5634473798181031,0
4516,0515,3,2026-06-13 16:15:00,0.5634473798181031,0
4517,0515,3,2026-06-13 16:15:00,0.5634473798181031,0
4518,0515,3,2026-06-13 16:15:00,0.5634473798181031,0
4519,0545,3,2026-06-13 16:15:00,0.9393676916414032,0
4520,0244,3,2026-06-13 16:15:10,0.6996535296665223,0
4521,0274,3,2026-06-13 16:15:10,0.4527934170636639,0
4522,0515,3,2026-06-13 16:15:10,0.5634473798181031,1
4523,0515,3,2026-06-13 16:15:10,0.5634473798181031,0
4524,0515,3,2026-06-13 16:15:10,0.5634473798181031,0
4525,0515,3,2026-06-13 16:15:10,0.5634473798181031,0
4526,0515,3,2026-06-13 16:15:10,0.5634473798181031,0
4527,0515,3,2026-06-13 16:15:10,0.5634473798181031,0
4528,0515,3,2026-06-13 16:15:10,0.5634473798181031,0
4529,0515,3,2026-06-13 16:15:10,0.5634473798181031,0
4530,0545,3,2026-06-13 16:15:10,0.9393676916414032,0
4531,0244,3,2026-06-13 16:15:20,0.6996535296665223,0
4532,0274,3,2026-06-13 16:15:20,0.4527934170636639,0
4533,0515,3,2026-06-13 16:15:20,0.5634473798181031,0
4534,0515,3,2026-06-13 16:15:20,0.5634473798181031,0
4535,0515,3,2026-06-13 16:15:20,0.5634473798181031,0
4536,0515,3,2026-06-13 16:15:20,0.5634473798181031,0
4537,0515,3,2026-06-13 16:15:20,0.5634473798181031,0
4538,0515,3,2026-06-13 16:15:20,0.5634473798181031,0
4539,0515,3,2026-06-13 16:15:20,0.5634473798181031,0
4540,0515,3,2026-06-13 16:15:20,0.5634473798181031,0
4541,0545,3,2026-06-13 16:15:20,0.9393676916414032,0
4542,0244,3,2026-06-13 16:15:30,0.6996535296665223,0
4543,0274,3,2026-06-13 16:15:30,0.4527934170636639,0
4544,0515,3,2026-06-13 16:15:30,0.5634473798181031,0
4545,0515,3,2026-06-13 16:15:30,0.5634473798181031,0
4546,0515,3,2026-06-13 16:15:30,0.5634473798181031,0
4547,0515,3,2026-06-13 16:15:30,0.5634473798181031,0
4548,0515,3,2026-06-13 16:15:30,0.5634473798181031,0
4549,0515,3,2026-06-13 16:15:30,0.5634473798181031,0
4550,0515,3,2026-06-13 16:15:30,0.5634473798181031,0
4551,0545,3,2026-06-13 16:15:30,0.9393676916414032,0
4552,0244,3,2026-06-13 16:15:40,0.6996535296665223,0
4553,0274,3,2026-06-13 16:15:40,0.4527934170636639,0
4554,0515,3,2026-06-13 16:15:40,0.5634473798181031,0
4555,0515,3,2026-06-13 16:15:40,0.5634473798181031,0
4556,0515,3,2026-06-13 16:15:40,0.5634473798181031,0
4557,0515,3,2026-06-13 16:15:40,0.5634473798181031,0
4558,0515,3,2026-06-13 16:15:40,0.5634473798181031,0
4559,0515,3,2026-06-13 16:15:40,0.5634473798181031,0
4560,0545,3,2026-06-13 16:15:40,0.9393676916414032,1
4561,0244,3,2026-06-13 16:15:50,0.6996535296665223,0
4562,0274,3,2026-06-13 16:15:50,0.4527934170636639,0
4563,0515,3,2026-06-13 16:15:50,0.5634473798181031,0
4564,0515,3,2026-06-13 16:15:50,0.5634473798181031,0
4565,0515,3,2026-06-13 16:15:50,0.5634473798181031,0
4566,0515,3,2026-06-13 16:15:50,0.5634473798181031,0
4567,0244,3,2026-06-13 16:16:00,0.6996535296665223,0
4568,0274,3,2026-06-13 16:16:00,0.4527934170636639,0
4569,0515,3,2026-06-13 16:16:00,0.5634473798181031,0
4570,0515,3,2026-06-13 16:16:00,0.5634473798181031,0
4571,0515,3,2026-06-13 16:16:00,0.5634473798181031,0
4572,0244,3,2026-06-13 16:16:10,0.6996535296665223,0
4573,0274,3,2026-06-13 16:16:10,0.4527934170636639,0
4574,0515,3,2026-06-13 16:16:10,0.5634473798181031,0
4575,0515,3,2026-06-13 16:16:10,0.5634473798181031,0
4576,0244,3,2026-06-13 16:16:20,0.6996535296665223,0
4577,0274,3,2026-06-13 16:16:20,0.4527934170636639,0
4578,0796,3,2026-06-13 16:16:20,0.3614118666089216,0
4579,0244,3,2026-06-13 16:16:30,0.6996535296665223,0
4580,0796,3,2026-06-13 16:16:30,0.3614118666089216,0
4581,0796,3,2026-06-13 16:16:40,0.3614118666089216,0
4582,0796,3,2026-06-13 16:16:50,0.3614118666089216,0
4583,0796,3,2026-06-13 16:17:00,0.3614118666089216,0
4584,0796,3,2026-06-13 16:17:10,0.3614118666089216,0
4585,0798,3,2026-06-13 16:18:00,0.1429190125595496,0
4586,0798,3,2026-06-13 16:18:10,0.1429190125595496,0
4587,0798,3,2026-06-13 16:18:20,0.1429190125595496,0
4588,0798,3,2026-06-13 16:18:30,0.1429190125595496,0
4589,0798,3,2026-06-13 16:18:40,0.1429190125595496,0
4590,0798,3,2026-06-13 16:18:50,0.1429190125595496,0
4591,0798,3,2026-06-13 16:19:00,0.1429190125595496,0
4592,0798,3,2026-06-13 16:19:10,0.1429190125595496,1
4593,0798,3,2026-06-13 16:19:20,0.1429190125595496,0
4594,0571,3,2026-06-13 16:19:30,0.1429190125595496,0
4595,0588,3,2026-06-13 16:19:30,0.5634473798181031,0
4596,0618,3,2026-06-13 16:19:30,0.1429190125595496,0
4597,0798,3,2026-06-13 16:19:30,0.1429190125595496,0
4598,0571,3,2026-06-13 16:19:40,0.1429190125595496,0
4599,0588,3,2026-06-13 16:19:40,0.5634473798181031,0
4600,0618,3,2026-06-13 16:19:40,0.1429190125595496,0
4601,0588,3,2026-06-13 16:19:50,0.5634473798181031,0
4602,0618,3,2026-06-13 16:19:50,0.1429190125595496,0
4603,0588,3,2026-06-13 16:20:00,0.5634473798181031,0
4604,0618,3,2026-06-13 16:20:00,0.1429190125595496,0
4605,0588,3,2026-06-13 16:20:10,0.5634473798181031,0
4606,0618,3,2026-06-13 16:20:10,0.1429190125595496,0
4607,0588,3,2026-06-13 16:20:20,0.5634473798181031,0
4608,0618,3,2026-06-13 16:20:20,0.1429190125595496,1
4609,0588,3,2026-06-13 16:20:30,0.5634473798181031,0
4610,0618,3,2026-06-13 16:20:30,0.1429190125595496,0
4611,0588,3,2026-06-13 16:20:40,0.5634473798181031,0
4612,0618,3,2026-06-13 16:20:40,0.1429190125595496,0
4613,0588,3,2026-06-13 16:20:50,0.5634473798181031,0
4614,0618,3,2026-06-13 16:20:50,0.1429190125595496,0
4615,0588,3,2026-06-13 16:21:00,0.5634473798181031,0
4616,0618,3,2026-06-13 16:21:00,0.1429190125595496,0
4617,0618,3,2026-06-13 16:21:10,0.1429190125595496,0
