index,ID,satellite,time,score_scenario,selected
0,0668,0,2026-06-13 10:32:10,0.7826786864133934,0
1,0668,0,2026-06-13 10:32:20,0.7826786864133934,0
2,0668,0,2026-06-13 10:32:30,0.7826786864133934,0
3,0668,0,2026-06-13 10:32:40,0.7826786864133934,0
4,0668,0,2026-06-13 10:32:50,0.7826786864133934,0
5,0668,0,2026-06-13 10:33:00,0.7826786864133934,0
6,0668,0,2026-06-13 10:33:10,0.7826786864133934,0
7,0668,0,2026-06-13 10:33:20,0.7826786864133934,0
8,0668,0,2026-06-13 10:33:30,0.7826786864133934,0
9,0908,0,2026-06-13 10:33:30,0.3774951706374758,0
10,0668,0,2026-06-13 10:33:40,0.7826786864133934,0
11,0908,0,2026-06-13 10:33:40,0.3774951706374758,0
12,0094,0,2026-06-13 10:33:50,0.1223438506117192,0
13,0465,0,2026-06-13 10:33:50,0.1864133934320670,0
14,0668,0,2026-06-13 10:33:50,0.7826786864133934,0
15,0908,0,2026-06-13 10:33:50,0.3774951706374758,0
16,0094,0,2026-06-13 10:34:00,0.1223438506117192,0
17,0465,0,2026-06-13 10:34:00,0.1864133934320670,0
18,0668,0,2026-06-13 10:34:00,0.7826786864133934,0
19,0094,0,2026-06-13 10:34:10,0.1223438506117192,0
20,0459,0,2026-06-13 10:34:10,0.2807469414037347,0
21,0459,0,2026-06-13 10:34:10,0.2807469414037347,0
22,0465,0,2026-06-13 10:34:10,0.1864133934320670,0
23,0094,0,2026-06-13 10:34:20,0.1223438506117192,0
24,0459,0,2026-06-13 10:34:20,0.2807469414037347,1
25,0459,0,2026-06-13 10:34:20,0.2807469414037347,0
26,0459,0,2026-06-13 10:34:20,0.2807469414037347,0
27,0459,0,2026-06-13 10:34:20,0.2807469414037347,0
28,0465,0,2026-06-13 10:34:20,0.1864133934320670,0
29,0542,0,2026-06-13 10:34:20,0.3774951706374758,0
30,0094,0,2026-06-13 10:34:30,0.1223438506117192,0
31,0280,0,2026-06-13 10:34:30,0.1864133934320670,0
32,0280,0,2026-06-13 10:34:30,0.1864133934320670,0
33,0280,0,2026-06-13 10:34:30,0.1864133934320670,0
34,0459,0,2026-06-13 10:34:30,0.2807469414037347,0
35,0459,0,2026-06-13 10:34:30,0.2807469414037347,0
36,0459,0,2026-06-13 10:34:30,0.2807469414037347,0
37,0459,0,2026-06-13 10:34:30,0.2807469414037347,0
38,0459,0,2026-06-13 10:34:30,0.2807469414037347,0
39,0459,0,2026-06-13 10:34:30,0.2807469414037347,0
40,0465,0,2026-06-13 10:34:30,0.1864133934320670,0
41,0542,0,2026-06-13 10:34:30,0.3774951706374758,0
42,0940,0,2026-06-13 10:34:30,0.9288473921442369,1
43,0094,0,2026-06-13 10:34:40,0.1223438506117192,0
44,0280,0,2026-06-13 10:34:40,0.1864133934320670,0
45,0280,0,2026-06-13 10:34:40,0.1864133934320670,0
46,0280,0,2026-06-13 10:34:40,0.1864133934320670,0
47,0280,0,2026-06-13 10:34:40,0.1864133934320670,0
48,0280,0,2026-06-13 10:34:40,0.1864133934320670,0
49,0459,0,2026-06-13 10:34:40,0.2807469414037347,0
50,0459,0,2026-06-13 10:34:40,0.2807469414037347,0
51,0459,0,2026-06-13 10:34:40,0.2807469414037347,0
52,0459,0,2026-06-13 10:34:40,0.2807469414037347,0
53,0459,0,2026-06-13 10:34:40,0.2807469414037347,0
54,0459,0,2026-06-13 10:34:40,0.2807469414037347,0
55,0459,0,2026-06-13 10:34:40,0.2807469414037347,0
56,0465,0,2026-06-13 10:34:40,0.1864133934320670,0
57,0542,0,2026-06-13 10:34:40,0.3774951706374758,0
58,0940,0,2026-06-13 10:34:40,0.9288473921442369,0
59,0094,0,2026-06-13 10:34:50,0.1223438506117192,0
60,0280,0,2026-06-13 10:34:50,0.1864133934320670,0
61,0280,0,2026-06-13 10:34:50,0.1864133934320670,0
62,0280,0,2026-06-13 10:34:50,0.1864133934320670,0
63,0280,0,2026-06-13 10:34:50,0.1864133934320670,0
64,0280,0,2026-06-13 10:34:50,0.1864133934320670,0
65,0280,0,2026-06-13 10:34:50,0.1864133934320670,0
66,0459,0,2026-06-13 10:34:50,0.2807469414037347,1
67,0459,0,2026-06-13 10:34:50,0.2807469414037347,0
68,0459,0,2026-06-13 10:34:50,0.2807469414037347,0
69,0459,0,2026-06-13 10:34:50,0.2807469414037347,0
70,0459,0,2026-06-13 10:34:50,0.2807469414037347,0
71,0465,0,2026-06-13 10:34:50,0.1864133934320670,0
72,0542,0,2026-06-13 10:34:50,0.3774951706374758,0
73,0940,0,2026-06-13 10:34:50,0.9288473921442369,0
74,0094,0,2026-06-13 10:35:00,0.1223438506117192,0
75,0280,0,2026-06-13 10:35:00,0.1864133934320670,0
76,0280,0,2026-06-13 10:35:00,0.1864133934320670,0
77,0280,0,2026-06-13 10:35:00,0.1864133934320670,0
78,0280,0,2026-06-13 10:35:00,0.1864133934320670,0
79,0280,0,2026-06-13 10:35:00,0.1864133934320670,0
80,0280,0,2026-06-13 10:35:00,0.1864133934320670,0
81,0459,0,2026-06-13 10:35:00,0.2807469414037347,0
82,0459,0,2026-06-13 10:35:00,0.2807469414037347,0
83,0459,0,2026-06-13 10:35:00,0.2807469414037347,0
84,0459,0,2026-06-13 10:35:00,0.2807469414037347,0
85,0459,0,2026-06-13 10:35:00,0.2807469414037347,0
86,0465,0,2026-06-13 10:35:00,0.1864133934320670,0
87,0542,0,2026-06-13 10:35:00,0.3774951706374758,0
88,0940,0,2026-06-13 10:35:00,0.9288473921442369,0
89,0094,0,2026-06-13 10:35:10,0.1223438506117192,0
90,0280,0,2026-06-13 10:35:10,0.1864133934320670,0
91,0280,0,2026-06-13 10:35:10,0.1864133934320670,0
92,0280,0,2026-06-13 10:35:10,0.1864133934320670,0
93,0280,0,2026-06-13 10:35:10,0.1864133934320670,0
94,0280,0,2026-06-13 10:35:10,0.1864133934320670,0
95,0459,0,2026-06-13 10:35:10,0.2807469414037347,0
96,0459,0,2026-06-13 10:35:10,0.2807469414037347,0
97,0459,0,2026-06-13 10:35:10,0.2807469414037347,0
98,0459,0,2026-06-13 10:35:10,0.2807469414037347,0
99,0459,0,2026-06-13 10:35:10,0.2807469414037347,0
100,0465,0,2026-06-13 10:35:10,0.1864133934320670,0
101,0542,0,2026-06-13 10:35:10,0.3774951706374758,0
102,0561,0,2026-06-13 10:35:10,0.8530264005151320,0
103,0853,0,2026-06-13 10:35:10,0.1223438506117192,0
104,0940,0,2026-06-13 10:35:10,0.9288473921442369,0
105,0094,0,2026-06-13 10:35:20,0.1223438506117192,0
106,0280,0,2026-06-13 10:35:20,0.1864133934320670,0
107,0280,0,2026-06-13 10:35:20,0.1864133934320670,0
108,0280,0,2026-06-13 10:35:20,0.1864133934320670,0
109,0280,0,2026-06-13 10:35:20,0.1864133934320670,0
110,0280,0,2026-06-13 10:35:20,0.1864133934320670,0
111,0459,0,2026-06-13 10:35:20,0.2807469414037347,0
112,0459,0,2026-06-13 10:35:20,0.2807469414037347,0
113,0459,0,2026-06-13 10:35:20,0.2807469414037347,0
114,0459,0,2026-06-13 10:35:20,0.2807469414037347,0
115,0459,0,2026-06-13 10:35:20,0.2807469414037347,0
116,0459,0,2026-06-13 10:35:20,0.2807469414037347,0
117,0465,0,2026-06-13 10:35:20,0.1864133934320670,0
118,0542,0,2026-06-13 10:35:20,0.3774951706374758,0
119,0561,0,2026-06-13 10:35:20,0.8530264005151320,0
120,0853,0,2026-06-13 10:35:20,0.1223438506117192,1
121,0940,0,2026-06-13 10:35:20,0.9288473921442369,0
122,0280,0,2026-06-13 10:35:30,0.1864133934320670,0
123,0280,0,2026-06-13 10:35:30,0.1864133934320670,0
124,0280,0,2026-06-13 10:35:30,0.1864133934320670,0
125,0280,0,2026-06-13 10:35:30,0.1864133934320670,0
126,0280,0,2026-06-13 10:35:30,0.1864133934320670,0
127,0459,0,2026-06-13 10:35:30,0.2807469414037347,0
128,0459,0,2026-06-13 10:35:30,0.2807469414037347,0
129,0459,0,2026-06-13 10:35:30,0.2807469414037347,0
130,0459,0,2026-06-13 10:35:30,0.2807469414037347,0
131,0459,0,2026-06-13 10:35:30,0.2807469414037347,0
132,0542,0,2026-06-13 10:35:30,0.3774951706374758,0
133,0561,0,2026-06-13 10:35:30,0.8530264005151320,0
134,0940,0,2026-06-13 10:35:30,0.9288473921442369,0
135,0280,0,2026-06-13 10:35:40,0.1864133934320670,0
136,0280,0,2026-06-13 10:35:40,0.1864133934320670,0
137,0280,0,2026-06-13 10:35:40,0.1864133934320670,0
138,0280,0,2026-06-13 10:35:40,0.1864133934320670,0
139,0280,0,2026-06-13 10:35:40,0.1864133934320670,0
140,0459,0,2026-06-13 10:35:40,0.2807469414037347,0
141,0459,0,2026-06-13 10:35:40,0.2807469414037347,0
142,0459,0,2026-06-13 10:35:40,0.2807469414037347,0
143,0459,0,2026-06-13 10:35:40,0.2807469414037347,0
144,0459,0,2026-06-13 10:35:40,0.2807469414037347,0
145,0542,0,2026-06-13 10:35:40,0.3774951706374758,0
146,0561,0,2026-06-13 10:35:40,0.8530264005151320,0
147,0940,0,2026-06-13 10:35:40,0.9288473921442369,0
148,0139,0,2026-06-13 10:35:50,0.2807469414037347,0
149,0280,0,2026-06-13 10:35:50,0.1864133934320670,0
150,0280,0,2026-06-13 10:35:50,0.1864133934320670,0
151,0280,0,2026-06-13 10:35:50,0.1864133934320670,0
152,0280,0,2026-06-13 10:35:50,0.1864133934320670,0
153,0280,0,2026-06-13 10:35:50,0.1864133934320670,0
154,0280,0,2026-06-13 10:35:50,0.1864133934320670,0
155,0459,0,2026-06-13 10:35:50,0.2807469414037347,0
156,0459,0,2026-06-13 10:35:50,0.2807469414037347,0
157,0459,0,2026-06-13 10:35:50,0.2807469414037347,0
158,0459,0,2026-06-13 10:35:50,0.2807469414037347,0
159,0459,0,2026-06-13 10:35:50,0.2807469414037347,0
160,0561,0,2026-06-13 10:35:50,0.8530264005151320,0
161,0940,0,2026-06-13 10:35:50,0.9288473921442369,0
162,0139,0,2026-06-13 10:36:00,0.2807469414037347,0
163,0280,0,2026-06-13 10:36:00,0.1864133934320670,0
164,0280,0,2026-06-13 10:36:00,0.1864133934320670,0
165,0280,0,2026-06-13 10:36:00,0.1864133934320670,0
166,0280,0,2026-06-13 10:36:00,0.1864133934320670,0
167,0280,0,2026-06-13 10:36:00,0.1864133934320670,0
168,0561,0,2026-06-13 10:36:00,0.8530264005151320,0
169,0940,0,2026-06-13 10:36:00,0.9288473921442369,0
170,0139,0,2026-06-13 10:36:10,0.2807469414037347,0
171,0561,0,2026-06-13 10:36:10,0.8530264005151320,0
172,0940,0,2026-06-13 10:36:10,0.9288473921442369,0
173,0139,0,2026-06-13 10:36:20,0.2807469414037347,0
174,0561,0,2026-06-13 10:36:20,0.8530264005151320,0
175,0139,0,2026-06-13 10:36:30,0.2807469414037347,0
176,0139,0,2026-06-13 10:36:40,0.2807469414037347,1
177,0139,0,2026-06-13 10:36:50,0.2807469414037347,0
178,0139,0,2026-06-13 10:37:00,0.2807469414037347,0
179,0371,0,2026-06-13 10:37:00,0.9288473921442369,1
180,0139,0,2026-06-13 10:37:10,0.2807469414037347,0
181,0371,0,2026-06-13 10:37:10,0.9288473921442369,0
182,0139,0,2026-06-13 10:37:20,0.2807469414037347,0
183,0371,0,2026-06-13 10:37:20,0.9288473921442369,0
184,0864,0,2026-06-13 10:37:20,0.4697359948486799,0
185,0139,0,2026-06-13 10:37:30,0.2807469414037347,0
186,0371,0,2026-06-13 10:37:30,0.9288473921442369,0
187,0562,0,2026-06-13 10:37:30,0.0568254990341275,0
188,0692,0,2026-06-13 10:37:30,0.2807469414037347,0
189,0692,0,2026-06-13 10:37:30,0.2807469414037347,1
190,0692,0,2026-06-13 10:37:30,0.2807469414037347,0
191,0864,0,2026-06-13 10:37:30,0.4697359948486799,0
192,0139,0,2026-06-13 10:37:40,0.2807469414037347,0
193,0371,0,2026-06-13 10:37:40,0.9288473921442369,0
194,0562,0,2026-06-13 10:37:40,0.0568254990341275,0
195,0692,0,2026-06-13 10:37:40,0.2807469414037347,0
196,0692,0,2026-06-13 10:37:40,0.2807469414037347,0
197,0692,0,2026-06-13 10:37:40,0.2807469414037347,0
198,0692,0,2026-06-13 10:37:40,0.2807469414037347,0
199,0864,0,2026-06-13 10:37:40,0.4697359948486799,0
200,0371,0,2026-06-13 10:37:50,0.9288473921442369,0
201,0536,0,2026-06-13 10:37:50,0.8530264005151320,1
202,0562,0,2026-06-13 10:37:50,0.0568254990341275,0
203,0692,0,2026-06-13 10:37:50,0.2807469414037347,0
204,0692,0,2026-06-13 10:37:50,0.2807469414037347,0
205,0692,0,2026-06-13 10:37:50,0.2807469414037347,0
206,0864,0,2026-06-13 10:37:50,0.4697359948486799,0
207,0371,0,2026-06-13 10:38:00,0.9288473921442369,0
208,0536,0,2026-06-13 10:38:00,0.8530264005151320,0
209,0562,0,2026-06-13 10:38:00,0.0568254990341275,0
210,0692,0,2026-06-13 10:38:00,0.2807469414037347,0
211,0692,0,2026-06-13 10:38:00,0.2807469414037347,0
212,0692,0,2026-06-13 10:38:00,0.2807469414037347,0
213,0864,0,2026-06-13 10:38:00,0.4697359948486799,0
214,0371,0,2026-06-13 10:38:10,0.9288473921442369,0
215,0518,0,2026-06-13 10:38:10,0.6070508692852543,0
216,0536,0,2026-06-13 10:38:10,0.8530264005151320,0
217,0562,0,2026-06-13 10:38:10,0.0568254990341275,0
218,0692,0,2026-06-13 10:38:10,0.2807469414037347,0
219,0692,0,2026-06-13 10:38:10,0.2807469414037347,0
220,0864,0,2026-06-13 10:38:10,0.4697359948486799,0
221,0371,0,2026-06-13 10:38:20,0.9288473921442369,0
222,0518,0,2026-06-13 10:38:20,0.6070508692852543,0
223,0536,0,2026-06-13 10:38:20,0.8530264005151320,1
224,0536,0,2026-06-13 10:38:20,0.8530264005151320,0
225,0562,0,2026-06-13 10:38:20,0.0568254990341275,0
226,0692,0,2026-06-13 10:38:20,0.2807469414037347,0
227,0692,0,2026-06-13 10:38:20,0.2807469414037347,0
228,0864,0,2026-06-13 10:38:20,0.4697359948486799,0
229,0371,0,2026-06-13 10:38:30,0.9288473921442369,0
230,0518,0,2026-06-13 10:38:30,0.6070508692852543,0
231,0536,0,2026-06-13 10:38:30,0.8530264005151320,0
232,0536,0,2026-06-13 10:38:30,0.8530264005151320,0
233,0562,0,2026-06-13 10:38:30,0.0568254990341275,0
234,0692,0,2026-06-13 10:38:30,0.2807469414037347,0
235,0692,0,2026-06-13 10:38:30,0.2807469414037347,0
236,0846,0,2026-06-13 10:38:30,0.9288473921442369,0
237,0864,0,2026-06-13 10:38:30,0.4697359948486799,0
238,0371,0,2026-06-13 10:38:40,0.9288473921442369,0
239,0518,0,2026-06-13 10:38:40,0.6070508692852543,1
240,0536,0,2026-06-13 10:38:40,0.8530264005151320,0
241,0536,0,2026-06-13 10:38:40,0.8530264005151320,0
242,0562,0,2026-06-13 10:38:40,0.0568254990341275,0
243,0692,0,2026-06-13 10:38:40,0.2807469414037347,0
244,0692,0,2026-06-13 10:38:40,0.2807469414037347,0
245,0846,0,2026-06-13 10:38:40,0.9288473921442369,0
246,0863,0,2026-06-13 10:38:40,0.9288473921442369,0
247,0864,0,2026-06-13 10:38:40,0.4697359948486799,0
248,0993,0,2026-06-13 10:38:40,0.6070508692852543,0
249,0371,0,2026-06-13 10:38:50,0.9288473921442369,0
250,0518,0,2026-06-13 10:38:50,0.6070508692852543,0
251,0536,0,2026-06-13 10:38:50,0.8530264005151320,0
252,0562,0,2026-06-13 10:38:50,0.0568254990341275,0
253,0692,0,2026-06-13 10:38:50,0.2807469414037347,0
254,0692,0,2026-06-13 10:38:50,0.2807469414037347,0
255,0846,0,2026-06-13 10:38:50,0.9288473921442369,0
256,0863,0,2026-06-13 10:38:50,0.9288473921442369,0
257,0864,0,2026-06-13 10:38:50,0.4697359948486799,0
258,0993,0,2026-06-13 10:38:50,0.6070508692852543,0
259,0518,0,2026-06-13 10:39:00,0.6070508692852543,0
260,0536,0,2026-06-13 10:39:00,0.8530264005151320,0
261,0562,0,2026-06-13 10:39:00,0.0568254990341275,1
262,0692,0,2026-06-13 10:39:00,0.2807469414037347,0
263,0846,0,2026-06-13 10:39:00,0.9288473921442369,0
264,0863,0,2026-06-13 10:39:00,0.9288473921442369,0
265,0993,0,2026-06-13 10:39:00,0.6070508692852543,0
266,0518,0,2026-06-13 10:39:10,0.6070508692852543,0
267,0533,0,2026-06-13 10:39:10,0.6790083708950418,0
268,0536,0,2026-06-13 10:39:10,0.8530264005151320,0
269,0562,0,2026-06-13 10:39:10,0.0568254990341275,0
270,0692,0,2026-06-13 10:39:10,0.2807469414037347,0
271,0692,0,2026-06-13 10:39:10,0.2807469414037347,0
272,0692,0,2026-06-13 10:39:10,0.2807469414037347,0
273,0846,0,2026-06-13 10:39:10,0.9288473921442369,0
274,0863,0,2026-06-13 10:39:10,0.9288473921442369,0
275,0993,0,2026-06-13 10:39:10,0.6070508692852543,0
276,0518,0,2026-06-13 10:39:20,0.6070508692852543,0
277,0533,0,2026-06-13 10:39:20,0.6790083708950418,0
278,0562,0,2026-06-13 10:39:20,0.0568254990341275,0
279,0692,0,2026-06-13 10:39:20,0.2807469414037347,0
280,0692,0,2026-06-13 10:39:20,0.2807469414037347,0
281,0692,0,2026-06-13 10:39:20,0.2807469414037347,0
282,0846,0,2026-06-13 10:39:20,0.9288473921442369,0
283,0863,0,2026-06-13 10:39:20,0.9288473921442369,0
284,0993,0,2026-06-13 10:39:20,0.6070508692852543,0
285,0518,0,2026-06-13 10:39:30,0.6070508692852543,0
286,0533,0,2026-06-13 10:39:30,0.6790083708950418,1
287,0846,0,2026-06-13 10:39:30,0.9288473921442369,0
288,0863,0,2026-06-13 10:39:30,0.9288473921442369,0
289,0993,0,2026-06-13 10:39:30,0.6070508692852543,0
290,0518,0,2026-06-13 10:39:40,0.6070508692852543,0
291,0603,0,2026-06-13 10:39:40,0.8530264005151320,0
292,0846,0,2026-06-13 10:39:40,0.9288473921442369,0
293,0863,0,2026-06-13 10:39:40,0.9288473921442369,0
294,0993,0,2026-06-13 10:39:40,0.6070508692852543,0
295,0603,0,2026-06-13 10:39:50,0.8530264005151320,0
296,0846,0,2026-06-13 10:39:50,0.9288473921442369,1
297,0863,0,2026-06-13 10:39:50,0.9288473921442369,0
298,0993,0,2026-06-13 10:39:50,0.6070508692852543,0
299,0603,0,2026-06-13 10:40:00,0.8530264005151320,0
300,0846,0,2026-06-13 10:40:00,0.9288473921442369,0
301,0863,0,2026-06-13 10:40:00,0.9288473921442369,1
302,0993,0,2026-06-13 10:40:00,0.6070508692852543,0
303,0603,0,2026-06-13 10:40:10,0.8530264005151320,0
304,0846,0,2026-06-13 10:40:10,0.9288473921442369,0
305,0863,0,2026-06-13 10:40:10,0.9288473921442369,0
306,0993,0,2026-06-13 10:40:10,0.6070508692852543,1
307,0603,0,2026-06-13 10:40:20,0.8530264005151320,0
308,0846,0,2026-06-13 10:40:20,0.9288473921442369,0
309,0863,0,2026-06-13 10:40:20,0.9288473921442369,0
310,0993,0,2026-06-13 10:40:20,0.6070508692852543,0
311,0996,0,2026-06-13 10:40:20,1.0000000000000000,0
312,0603,0,2026-06-13 10:40:30,0.8530264005151320,0
313,0993,0,2026-06-13 10:40:30,0.6070508692852543,0
314,0996,0,2026-06-13 10:40:30,1.0000000000000000,0
315,0603,0,2026-06-13 10:40:40,0.8530264005151320,0
316,0996,0,2026-06-13 10:40:40,1.0000000000000000,0
317,0520,0,2026-06-13 10:40:50,0.0568254990341275,0
318,0603,0,2026-06-13 10:40:50,0.8530264005151320,0
319,0996,0,2026-06-13 10:40:50,1.0000000000000000,1
320,0520,0,2026-06-13 10:41:00,0.0568254990341275,1
321,0603,0,2026-06-13 10:41:00,0.8530264005151320,0
322,0996,0,2026-06-13 10:41:00,1.0000000000000000,0
323,0520,0,2026-06-13 10:41:10,0.0568254990341275,0
324,0603,0,2026-06-13 10:41:10,0.8530264005151320,0
325,0996,0,2026-06-13 10:41:10,1.0000000000000000,0
326,0520,0,2026-06-13 10:41:20,0.0568254990341275,0
327,0603,0,2026-06-13 10:41:20,0.8530264005151320,0
328,0996,0,2026-06-13 10:41:20,1.0000000000000000,0
329,0520,0,2026-06-13 10:41:30,0.0568254990341275,0
330,0603,0,2026-06-13 10:41:30,0.8530264005151320,0
331,0996,0,2026-06-13 10:41:30,1.0000000000000000,0
332,0520,0,2026-06-13 10:41:40,0.0568254990341275,0
333,0996,0,2026-06-13 10:41:40,1.0000000000000000,0
334,0520,0,2026-06-13 10:41:50,0.0568254990341275,0
335,0996,0,2026-06-13 10:41:50,1.0000000000000000,0
336,0520,0,2026-06-13 10:42:00,0.0568254990341275,0
337,0996,0,2026-06-13 10:42:00,1.0000000000000000,0
338,0290,0,2026-06-13 10:44:30,1.0000000000000000,1
339,0290,0,2026-06-13 10:44:40,1.0000000000000000,0
340,0290,0,2026-06-13 10:44:50,1.0000000000000000,0
341,0290,0,2026-06-13 10:45:00,1.0000000000000000,0
342,0290,0,2026-06-13 10:45:10,1.0000000000000000,0
343,0290,0,2026-06-13 10:45:20,1.0000000000000000,0
344,0290,0,2026-06-13 10:45:30,1.0000000000000000,0
345,0290,0,2026-06-13 10:45:40,1.0000000000000000,0
346,0290,0,2026-06-13 10:45:50,1.0000000000000000,0
347,0445,0,2026-06-13 10:46:10,0.2807469414037347,1
348,0445,0,2026-06-13 10:46:20,0.2807469414037347,1
349,0464,0,2026-06-13 10:46:20,0.9288473921442369,0
350,0445,0,2026-06-13 10:46:30,0.2807469414037347,0
351,0464,0,2026-06-13 10:46:30,0.9288473921442369,0
352,0445,0,2026-06-13 10:46:40,0.2807469414037347,0
353,0464,0,2026-06-13 10:46:40,0.9288473921442369,0
354,0445,0,2026-06-13 10:46:50,0.2807469414037347,0
355,0464,0,2026-06-13 10:46:50,0.9288473921442369,0
356,0445,0,2026-06-13 10:47:00,0.2807469414037347,0
357,0464,0,2026-06-13 10:47:00,0.9288473921442369,0
358,0445,0,2026-06-13 10:47:10,0.2807469414037347,0
359,0464,0,2026-06-13 10:47:10,0.9288473921442369,0
360,0445,0,2026-06-13 10:47:20,0.2807469414037347,0
361,0464,0,2026-06-13 10:47:20,0.9288473921442369,0
362,0445,0,2026-06-13 10:47:30,0.2807469414037347,0
363,0464,0,2026-06-13 10:47:30,0.9288473921442369,0
364,0843,0,2026-06-13 10:47:30,0.0568254990341275,0
365,0445,0,2026-06-13 10:47:40,0.2807469414037347,0
366,0464,0,2026-06-13 10:47:40,0.9288473921442369,0
367,0843,0,2026-06-13 10:47:40,0.0568254990341275,0
368,0464,0,2026-06-13 10:47:50,0.9288473921442369,0
369,0843,0,2026-06-13 10:47:50,0.0568254990341275,0
370,0464,0,2026-06-13 10:48:00,0.9288473921442369,0
371,0843,0,2026-06-13 10:48:00,0.0568254990341275,0
372,0843,0,2026-06-13 10:48:10,0.0568254990341275,0
373,0843,0,2026-06-13 10:48:20,0.0568254990341275,0
374,0843,0,2026-06-13 10:48:30,0.0568254990341275,0
375,0843,0,2026-06-13 10:48:40,0.0568254990341275,1
376,0843,0,2026-06-13 10:48:50,0.0568254990341275,0
377,0147,0,2026-06-13 12:29:00,0.6070508692852543,0
378,0434,0,2026-06-13 12:29:00,1.0000000000000000,1
379,0147,0,2026-06-13 12:29:10,0.6070508692852543,1
380,0434,0,2026-06-13 12:29:10,1.0000000000000000,0
381,0147,0,2026-06-13 12:29:20,0.6070508692852543,1
382,0434,0,2026-06-13 12:29:20,1.0000000000000000,0
383,0147,0,2026-06-13 12:29:30,0.6070508692852543,0
384,0434,0,2026-06-13 12:29:30,1.0000000000000000,1
385,0434,0,2026-06-13 12:29:30,1.0000000000000000,0
386,0147,0,2026-06-13 12:29:40,0.6070508692852543,0
387,0434,0,2026-06-13 12:29:40,1.0000000000000000,0
388,0434,0,2026-06-13 12:29:40,1.0000000000000000,0
389,0147,0,2026-06-13 12:29:50,0.6070508692852543,0
390,0434,0,2026-06-13 12:29:50,1.0000000000000000,0
391,0434,0,2026-06-13 12:29:50,1.0000000000000000,0
392,0147,0,2026-06-13 12:30:00,0.6070508692852543,0
393,0434,0,2026-06-13 12:30:00,1.0000000000000000,0
394,0434,0,2026-06-13 12:30:00,1.0000000000000000,0
395,0587,0,2026-06-13 12:30:00,0.3774951706374758,0
396,0147,0,2026-06-13 12:30:10,0.6070508692852543,0
397,0434,0,2026-06-13 12:30:10,1.0000000000000000,0
398,0434,0,2026-06-13 12:30:10,1.0000000000000000,0
399,0587,0,2026-06-13 12:30:10,0.3774951706374758,0
400,0147,0,2026-06-13 12:30:20,0.6070508692852543,0
401,0434,0,2026-06-13 12:30:20,1.0000000000000000,0
402,0587,0,2026-06-13 12:30:20,0.3774951706374758,0
403,0147,0,2026-06-13 12:30:30,0.6070508692852543,0
404,0434,0,2026-06-13 12:30:30,1.0000000000000000,0
405,0607,0,2026-06-13 12:30:30,0.9288473921442369,0
406,0434,0,2026-06-13 12:30:40,1.0000000000000000,0
407,0607,0,2026-06-13 12:30:40,0.9288473921442369,0
408,0607,0,2026-06-13 12:30:50,0.9288473921442369,1
409,0607,0,2026-06-13 12:31:00,0.9288473921442369,0
410,0117,0,2026-06-13 12:31:10,0.0568254990341275,1
411,0607,0,2026-06-13 12:31:10,0.9288473921442369,0
412,0117,0,2026-06-13 12:31:20,0.0568254990341275,1
413,0607,0,2026-06-13 12:31:20,0.9288473921442369,0
414,0117,0,2026-06-13 12:31:30,0.0568254990341275,0
415,0117,0,2026-06-13 12:31:40,0.0568254990341275,0
416,0117,0,2026-06-13 12:31:50,0.0568254990341275,0
417,0117,0,2026-06-13 12:32:00,0.0568254990341275,0
418,0117,0,2026-06-13 12:32:10,0.0568254990341275,0
419,0117,0,2026-06-13 12:32:20,0.0568254990341275,0
420,0117,0,2026-06-13 12:32:30,0.0568254990341275,0
421,0055,0,2026-06-13 12:32:40,0.6790083708950418,0
422,0117,0,2026-06-13 12:32:40,0.0568254990341275,0
423,0055,0,2026-06-13 12:32:50,0.6790083708950418,1
424,0055,0,2026-06-13 12:33:00,0.6790083708950418,1
425,0055,0,2026-06-13 12:33:10,0.6790083708950418,0
426,0055,0,2026-06-13 12:33:20,0.6790083708950418,0
427,0116,0,2026-06-13 12:33:20,0.1864133934320670,1
428,0055,0,2026-06-13 12:33:30,0.6790083708950418,0
429,0116,0,2026-06-13 12:33:30,0.1864133934320670,0
430,0010,0,2026-06-13 12:33:40,0.6070508692852543,1
431,0055,0,2026-06-13 12:33:40,0.6790083708950418,0
432,0116,0,2026-06-13 12:33:40,0.1864133934320670,0
433,0010,0,2026-06-13 12:33:50,0.6070508692852543,1
434,0020,0,2026-06-13 12:33:50,0.3774951706374758,0
435,0055,0,2026-06-13 12:33:50,0.6790083708950418,0
436,0116,0,2026-06-13 12:33:50,0.1864133934320670,0
437,0953,0,2026-06-13 12:33:50,0.7826786864133934,0
438,0010,0,2026-06-13 12:34:00,0.6070508692852543,0
439,0020,0,2026-06-13 12:34:00,0.3774951706374758,0
440,0055,0,2026-06-13 12:34:00,0.6790083708950418,0
441,0116,0,2026-06-13 12:34:00,0.1864133934320670,0
442,0555,0,2026-06-13 12:34:00,0.0568254990341275,0
443,0691,0,2026-06-13 12:34:00,0.3774951706374758,0
444,0953,0,2026-06-13 12:34:00,0.7826786864133934,0
445,0010,0,2026-06-13 12:34:10,0.6070508692852543,0
446,0014,0,2026-06-13 12:34:10,0.4697359948486799,0
447,0020,0,2026-06-13 12:34:10,0.3774951706374758,0
448,0055,0,2026-06-13 12:34:10,0.6790083708950418,0
449,0077,0,2026-06-13 12:34:10,0.4697359948486799,1
450,0116,0,2026-06-13 12:34:10,0.1864133934320670,0
451,0555,0,2026-06-13 12:34:10,0.0568254990341275,0
452,0691,0,2026-06-13 12:34:10,0.3774951706374758,0
453,0953,0,2026-06-13 12:34:10,0.7826786864133934,0
454,0010,0,2026-06-13 12:34:20,0.6070508692852543,0
455,0014,0,2026-06-13 12:34:20,0.4697359948486799,0
456,0020,0,2026-06-13 12:34:20,0.3774951706374758,0
457,0020,0,2026-06-13 12:34:20,0.3774951706374758,0
458,0077,0,2026-06-13 12:34:20,0.4697359948486799,0
459,0116,0,2026-06-13 12:34:20,0.1864133934320670,0
460,0131,0,2026-06-13 12:34:20,0.4697359948486799,0
461,0555,0,2026-06-13 12:34:20,0.0568254990341275,0
462,0691,0,2026-06-13 12:34:20,0.3774951706374758,0
463,0953,0,2026-06-13 12:34:20,0.7826786864133934,0
464,0010,0,2026-06-13 12:34:30,0.6070508692852543,0
465,0014,0,2026-06-13 12:34:30,0.4697359948486799,0
466,0020,0,2026-06-13 12:34:30,0.3774951706374758,0
467,0020,0,2026-06-13 12:34:30,0.3774951706374758,0
468,0063,0,2026-06-13 12:34:30,0.7826786864133934,0
469,0077,0,2026-06-13 12:34:30,0.4697359948486799,0
470,0116,0,2026-06-13 12:34:30,0.1864133934320670,0
471,0131,0,2026-06-13 12:34:30,0.4697359948486799,0
472,0555,0,2026-06-13 12:34:30,0.0568254990341275,0
473,0691,0,2026-06-13 12:34:30,0.3774951706374758,0
474,0953,0,2026-06-13 12:34:30,0.7826786864133934,0
475,0010,0,2026-06-13 12:34:40,0.6070508692852543,0
476,0014,0,2026-06-13 12:34:40,0.4697359948486799,0
477,0020,0,2026-06-13 12:34:40,0.3774951706374758,0
478,0063,0,2026-06-13 12:34:40,0.7826786864133934,0
479,0077,0,2026-06-13 12:34:40,0.4697359948486799,1
480,0116,0,2026-06-13 12:34:40,0.1864133934320670,0
481,0131,0,2026-06-13 12:34:40,0.4697359948486799,0
482,0555,0,2026-06-13 12:34:40,0.0568254990341275,0
483,0691,0,2026-06-13 12:34:40,0.3774951706374758,0
484,0953,0,2026-06-13 12:34:40,0.7826786864133934,0
485,0010,0,2026-06-13 12:34:50,0.6070508692852543,0
486,0014,0,2026-06-13 12:34:50,0.4697359948486799,0
487,0020,0,2026-06-13 12:34:50,0.3774951706374758,0
488,0063,0,2026-06-13 12:34:50,0.7826786864133934,0
489,0077,0,2026-06-13 12:34:50,0.4697359948486799,0
490,0116,0,2026-06-13 12:34:50,0.1864133934320670,0
491,0131,0,2026-06-13 12:34:50,0.4697359948486799,0
492,0555,0,2026-06-13 12:34:50,0.0568254990341275,0
493,0691,0,2026-06-13 12:34:50,0.3774951706374758,0
494,0953,0,2026-06-13 12:34:50,0.7826786864133934,1
495,0010,0,2026-06-13 12:35:00,0.6070508692852543,0
496,0014,0,2026-06-13 12:35:00,0.4697359948486799,0
497,0020,0,2026-06-13 12:35:00,0.3774951706374758,0
498,0063,0,2026-06-13 12:35:00,0.7826786864133934,0
499,0063,0,2026-06-13 12:35:00,0.7826786864133934,0
500,0077,0,2026-06-13 12:35:00,0.4697359948486799,0
501,0116,0,2026-06-13 12:35:00,0.1864133934320670,0
502,0131,0,2026-06-13 12:35:00,0.4697359948486799,0
503,0555,0,2026-06-13 12:35:00,0.0568254990341275,0
504,0691,0,2026-06-13 12:35:00,0.3774951706374758,0
505,0953,0,2026-06-13 12:35:00,0.7826786864133934,0
506,0014,0,2026-06-13 12:35:10,0.4697359948486799,1
507,0063,0,2026-06-13 12:35:10,0.7826786864133934,0
508,0063,0,2026-06-13 12:35:10,0.7826786864133934,0
509,0077,0,2026-06-13 12:35:10,0.4697359948486799,0
510,0131,0,2026-06-13 12:35:10,0.4697359948486799,0
511,0555,0,2026-06-13 12:35:10,0.0568254990341275,0
512,0691,0,2026-06-13 12:35:10,0.3774951706374758,0
513,0953,0,2026-06-13 12:35:10,0.7826786864133934,0
514,0014,0,2026-06-13 12:35:20,0.4697359948486799,0
515,0063,0,2026-06-13 12:35:20,0.7826786864133934,0
516,0063,0,2026-06-13 12:35:20,0.7826786864133934,1
517,0077,0,2026-06-13 12:35:20,0.4697359948486799,0
518,0131,0,2026-06-13 12:35:20,0.4697359948486799,0
519,0555,0,2026-06-13 12:35:20,0.0568254990341275,0
520,0691,0,2026-06-13 12:35:20,0.3774951706374758,0
521,0834,0,2026-06-13 12:35:20,0.3774951706374758,0
522,0953,0,2026-06-13 12:35:20,0.7826786864133934,0
523,0014,0,2026-06-13 12:35:30,0.4697359948486799,0
524,0063,0,2026-06-13 12:35:30,0.7826786864133934,0
525,0077,0,2026-06-13 12:35:30,0.4697359948486799,0
526,0131,0,2026-06-13 12:35:30,0.4697359948486799,0
527,0555,0,2026-06-13 12:35:30,0.0568254990341275,0
528,0691,0,2026-06-13 12:35:30,0.3774951706374758,0
529,0834,0,2026-06-13 12:35:30,0.3774951706374758,1
530,0953,0,2026-06-13 12:35:30,0.7826786864133934,0
531,0014,0,2026-06-13 12:35:40,0.4697359948486799,0
532,0063,0,2026-06-13 12:35:40,0.7826786864133934,0
533,0077,0,2026-06-13 12:35:40,0.4697359948486799,0
534,0131,0,2026-06-13 12:35:40,0.4697359948486799,0
535,0555,0,2026-06-13 12:35:40,0.0568254990341275,0
536,0691,0,2026-06-13 12:35:40,0.3774951706374758,0
537,0834,0,2026-06-13 12:35:40,0.3774951706374758,0
538,0953,0,2026-06-13 12:35:40,0.7826786864133934,0
539,0014,0,2026-06-13 12:35:50,0.4697359948486799,0
540,0063,0,2026-06-13 12:35:50,0.7826786864133934,1
541,0077,0,2026-06-13 12:35:50,0.4697359948486799,0
542,0131,0,2026-06-13 12:35:50,0.4697359948486799,0
543,0555,0,2026-06-13 12:35:50,0.0568254990341275,0
544,0691,0,2026-06-13 12:35:50,0.3774951706374758,0
545,0834,0,2026-06-13 12:35:50,0.3774951706374758,0
546,0077,0,2026-06-13 12:36:00,0.4697359948486799,0
547,0131,0,2026-06-13 12:36:00,0.4697359948486799,0
548,0131,0,2026-06-13 12:36:10,0.4697359948486799,1
549,0322,0,2026-06-13 14:04:10,0.2807469414037347,0
550,0322,0,2026-06-13 14:04:20,0.2807469414037347,0
551,0322,0,2026-06-13 14:04:30,0.2807469414037347,0
552,0322,0,2026-06-13 14:04:40,0.2807469414037347,0
553,0322,0,2026-06-13 14:04:50,0.2807469414037347,0
554,0322,0,2026-06-13 14:05:00,0.2807469414037347,0
555,0322,0,2026-06-13 14:05:10,0.2807469414037347,1
556,0322,0,2026-06-13 14:05:20,0.2807469414037347,0
557,0322,0,2026-06-13 14:05:30,0.2807469414037347,0
558,0608,0,2026-06-13 14:11:10,0.0568254990341275,0
559,0283,0,2026-06-13 14:11:20,0.5449130714745654,0
560,0608,0,2026-06-13 14:11:20,0.0568254990341275,0
561,0283,0,2026-06-13 14:11:30,0.5449130714745654,0
562,0608,0,2026-06-13 14:11:30,0.0568254990341275,0
563,0283,0,2026-06-13 14:11:40,0.5449130714745654,1
564,0608,0,2026-06-13 14:11:40,0.0568254990341275,0
565,0283,0,2026-06-13 14:11:50,0.5449130714745654,0
566,0608,0,2026-06-13 14:11:50,0.0568254990341275,0
567,0283,0,2026-06-13 14:12:00,0.5449130714745654,0
568,0608,0,2026-06-13 14:12:00,0.0568254990341275,0
569,0283,0,2026-06-13 14:12:10,0.5449130714745654,0
570,0608,0,2026-06-13 14:12:10,0.0568254990341275,0
571,0283,0,2026-06-13 14:12:20,0.5449130714745654,0
572,0608,0,2026-06-13 14:12:20,0.0568254990341275,0
573,0283,0,2026-06-13 14:12:30,0.5449130714745654,0
574,0608,0,2026-06-13 14:12:30,0.0568254990341275,0
575,0712,0,2026-06-13 14:12:30,0.1864133934320670,0
576,0283,0,2026-06-13 14:12:40,0.5449130714745654,0
577,0608,0,2026-06-13 14:12:40,0.0568254990341275,0
578,0712,0,2026-06-13 14:12:40,0.1864133934320670,1
579,0283,0,2026-06-13 14:12:50,0.5449130714745654,0
580,0608,0,2026-06-13 14:12:50,0.0568254990341275,0
581,0712,0,2026-06-13 14:12:50,0.1864133934320670,0
582,0283,0,2026-06-13 14:13:00,0.5449130714745654,0
583,0608,0,2026-06-13 14:13:00,0.0568254990341275,0
584,0712,0,2026-06-13 14:13:00,0.1864133934320670,0
585,0283,0,2026-06-13 14:13:10,0.5449130714745654,0
586,0712,0,2026-06-13 14:13:10,0.1864133934320670,0
587,0712,0,2026-06-13 14:13:20,0.1864133934320670,0
588,0313,0,2026-06-13 14:13:30,0.1223438506117192,0
589,0712,0,2026-06-13 14:13:30,0.1864133934320670,0
590,0313,0,2026-06-13 14:13:40,0.1223438506117192,0
591,0712,0,2026-06-13 14:13:40,0.1864133934320670,0
592,0313,0,2026-06-13 14:13:50,0.1223438506117192,0
593,0712,0,2026-06-13 14:13:50,0.1864133934320670,0
594,0313,0,2026-06-13 14:14:00,0.1223438506117192,0
595,0313,0,2026-06-13 14:14:10,0.1223438506117192,0
596,0313,0,2026-06-13 14:14:20,0.1223438506117192,1
597,0313,0,2026-06-13 14:14:30,0.1223438506117192,0
598,0313,0,2026-06-13 14:14:40,0.1223438506117192,0
599,0463,0,2026-06-13 14:14:40,0.1864133934320670,0
600,0463,0,2026-06-13 14:14:50,0.1864133934320670,1
601,0463,0,2026-06-13 14:15:00,0.1864133934320670,0
602,0463,0,2026-06-13 14:15:10,0.1864133934320670,1
603,0463,0,2026-06-13 14:15:20,0.1864133934320670,0
604,0463,0,2026-06-13 14:15:30,0.1864133934320670,0
605,0463,0,2026-06-13 14:15:40,0.1864133934320670,0
606,0677,0,2026-06-13 14:15:40,0.3774951706374758,1
607,0304,0,2026-06-13 14:15:50,0.6070508692852543,0
608,0463,0,2026-06-13 14:15:50,0.1864133934320670,0
609,0677,0,2026-06-13 14:15:50,0.3774951706374758,0
610,0304,0,2026-06-13 14:16:00,0.6070508692852543,0
611,0463,0,2026-06-13 14:16:00,0.1864133934320670,0
612,0677,0,2026-06-13 14:16:00,0.3774951706374758,0
613,0304,0,2026-06-13 14:16:10,0.6070508692852543,0
614,0463,0,2026-06-13 14:16:10,0.1864133934320670,0
615,0677,0,2026-06-13 14:16:10,0.3774951706374758,0
616,0857,0,2026-06-13 14:16:10,0.9288473921442369,0
617,0304,0,2026-06-13 14:16:20,0.6070508692852543,0
618,0381,0,2026-06-13 14:16:20,0.4697359948486799,0
619,0677,0,2026-06-13 14:16:20,0.3774951706374758,0
620,0857,0,2026-06-13 14:16:20,0.9288473921442369,0
621,0304,0,2026-06-13 14:16:30,0.6070508692852543,0
622,0381,0,2026-06-13 14:16:30,0.4697359948486799,0
623,0677,0,2026-06-13 14:16:30,0.3774951706374758,1
624,0857,0,2026-06-13 14:16:30,0.9288473921442369,0
625,0304,0,2026-06-13 14:16:40,0.6070508692852543,0
626,0381,0,2026-06-13 14:16:40,0.4697359948486799,0
627,0677,0,2026-06-13 14:16:40,0.3774951706374758,0
628,0857,0,2026-06-13 14:16:40,0.9288473921442369,0
629,0304,0,2026-06-13 14:16:50,0.6070508692852543,0
630,0381,0,2026-06-13 14:16:50,0.4697359948486799,0
631,0677,0,2026-06-13 14:16:50,0.3774951706374758,0
632,0857,0,2026-06-13 14:16:50,0.9288473921442369,0
633,0304,0,2026-06-13 14:17:00,0.6070508692852543,0
634,0381,0,2026-06-13 14:17:00,0.4697359948486799,0
635,0677,0,2026-06-13 14:17:00,0.3774951706374758,0
636,0857,0,2026-06-13 14:17:00,0.9288473921442369,0
637,0304,0,2026-06-13 14:17:10,0.6070508692852543,0
638,0381,0,2026-06-13 14:17:10,0.4697359948486799,0
639,0677,0,2026-06-13 14:17:10,0.3774951706374758,0
640,0857,0,2026-06-13 14:17:10,0.9288473921442369,1
641,0304,0,2026-06-13 14:17:20,0.6070508692852543,0
642,0381,0,2026-06-13 14:17:20,0.4697359948486799,0
643,0677,0,2026-06-13 14:17:20,0.3774951706374758,0
644,0857,0,2026-06-13 14:17:20,0.9288473921442369,0
645,0304,0,2026-06-13 14:17:30,0.6070508692852543,0
646,0381,0,2026-06-13 14:17:30,0.4697359948486799,0
647,0857,0,2026-06-13 14:17:30,0.9288473921442369,0
648,0381,0,2026-06-13 14:17:40,0.4697359948486799,0
649,0857,0,2026-06-13 14:17:40,0.9288473921442369,0
650,0381,0,2026-06-13 14:17:50,0.4697359948486799,0
651,0381,0,2026-06-13 14:18:00,0.4697359948486799,1
652,0381,0,2026-06-13 14:18:10,0.4697359948486799,0
653,0469,0,2026-06-13 15:12:00,0.5449130714745654,0
654,0469,0,2026-06-13 15:12:10,0.5449130714745654,0
655,0580,0,2026-06-13 15:32:40,0.5449130714745654,1
656,0580,0,2026-06-13 15:32:50,0.5449130714745654,0
657,0580,0,2026-06-13 15:32:50,0.5449130714745654,0
658,0847,0,2026-06-13 15:32:50,0.0568254990341275,0
659,0580,0,2026-06-13 15:33:00,0.5449130714745654,0
660,0580,0,2026-06-13 15:33:00,0.5449130714745654,0
661,0580,0,2026-06-13 15:33:00,0.5449130714745654,0
662,0847,0,2026-06-13 15:33:00,0.0568254990341275,1
663,0580,0,2026-06-13 15:33:10,0.5449130714745654,1
664,0580,0,2026-06-13 15:33:10,0.5449130714745654,0
665,0580,0,2026-06-13 15:33:10,0.5449130714745654,0
666,0580,0,2026-06-13 15:33:10,0.5449130714745654,0
667,0580,0,2026-06-13 15:33:10,0.5449130714745654,0
668,0847,0,2026-06-13 15:33:10,0.0568254990341275,0
669,0580,0,2026-06-13 15:33:20,0.5449130714745654,0
670,0580,0,2026-06-13 15:33:20,0.5449130714745654,0
671,0580,0,2026-06-13 15:33:20,0.5449130714745654,0
672,0580,0,2026-06-13 15:33:20,0.5449130714745654,0
673,0580,0,2026-06-13 15:33:20,0.5449130714745654,0
674,0580,0,2026-06-13 15:33:20,0.5449130714745654,0
675,0847,0,2026-06-13 15:33:20,0.0568254990341275,0
676,0580,0,2026-06-13 15:33:30,0.5449130714745654,0
677,0580,0,2026-06-13 15:33:30,0.5449130714745654,0
678,0580,0,2026-06-13 15:33:30,0.5449130714745654,0
679,0580,0,2026-06-13 15:33:30,0.5449130714745654,0
680,0580,0,2026-06-13 15:33:30,0.5449130714745654,0
681,0580,0,2026-06-13 15:33:30,0.5449130714745654,0
682,0847,0,2026-06-13 15:33:30,0.0568254990341275,0
683,0962,0,2026-06-13 15:33:30,0.4697359948486799,0
684,0203,0,2026-06-13 15:33:40,0.3774951706374758,1
685,0580,0,2026-06-13 15:33:40,0.5449130714745654,0
686,0580,0,2026-06-13 15:33:40,0.5449130714745654,0
687,0580,0,2026-06-13 15:33:40,0.5449130714745654,0
688,0580,0,2026-06-13 15:33:40,0.5449130714745654,0
689,0580,0,2026-06-13 15:33:40,0.5449130714745654,0
690,0580,0,2026-06-13 15:33:40,0.5449130714745654,0
691,0847,0,2026-06-13 15:33:40,0.0568254990341275,0
692,0962,0,2026-06-13 15:33:40,0.4697359948486799,0
693,0203,0,2026-06-13 15:33:50,0.3774951706374758,0
694,0580,0,2026-06-13 15:33:50,0.5449130714745654,0
695,0580,0,2026-06-13 15:33:50,0.5449130714745654,0
696,0580,0,2026-06-13 15:33:50,0.5449130714745654,0
697,0580,0,2026-06-13 15:33:50,0.5449130714745654,0
698,0580,0,2026-06-13 15:33:50,0.5449130714745654,0
699,0847,0,2026-06-13 15:33:50,0.0568254990341275,0
700,0946,0,2026-06-13 15:33:50,0.1223438506117192,0
701,0962,0,2026-06-13 15:33:50,0.4697359948486799,0
702,0203,0,2026-06-13 15:34:00,0.3774951706374758,0
703,0374,0,2026-06-13 15:34:00,1.0000000000000000,0
704,0392,0,2026-06-13 15:34:00,0.3774951706374758,0
705,0580,0,2026-06-13 15:34:00,0.5449130714745654,0
706,0580,0,2026-06-13 15:34:00,0.5449130714745654,0
707,0580,0,2026-06-13 15:34:00,0.5449130714745654,0
708,0582,0,2026-06-13 15:34:00,0.1864133934320670,0
709,0710,0,2026-06-13 15:34:00,0.0568254990341275,0
710,0710,0,2026-06-13 15:34:00,0.0568254990341275,0
711,0847,0,2026-06-13 15:34:00,0.0568254990341275,0
712,0946,0,2026-06-13 15:34:00,0.1223438506117192,0
713,0962,0,2026-06-13 15:34:00,0.4697359948486799,0
714,0203,0,2026-06-13 15:34:10,0.3774951706374758,0
715,0374,0,2026-06-13 15:34:10,1.0000000000000000,0
716,0392,0,2026-06-13 15:34:10,0.3774951706374758,0
717,0580,0,2026-06-13 15:34:10,0.5449130714745654,0
718,0580,0,2026-06-13 15:34:10,0.5449130714745654,0
719,0582,0,2026-06-13 15:34:10,0.1864133934320670,1
720,0710,0,2026-06-13 15:34:10,0.0568254990341275,0
721,0710,0,2026-06-13 15:34:10,0.0568254990341275,0
722,0710,0,2026-06-13 15:34:10,0.0568254990341275,0
723,0847,0,2026-06-13 15:34:10,0.0568254990341275,0
724,0946,0,2026-06-13 15:34:10,0.1223438506117192,0
725,0962,0,2026-06-13 15:34:10,0.4697359948486799,0
726,0985,0,2026-06-13 15:34:10,0.2807469414037347,0
727,0151,0,2026-06-13 15:34:20,0.1223438506117192,0
728,0203,0,2026-06-13 15:34:20,0.3774951706374758,0
729,0374,0,2026-06-13 15:34:20,1.0000000000000000,1
730,0392,0,2026-06-13 15:34:20,0.3774951706374758,0
731,0580,0,2026-06-13 15:34:20,0.5449130714745654,0
732,0710,0,2026-06-13 15:34:20,0.0568254990341275,0
733,0710,0,2026-06-13 15:34:20,0.0568254990341275,0
734,0710,0,2026-06-13 15:34:20,0.0568254990341275,0
735,0847,0,2026-06-13 15:34:20,0.0568254990341275,0
736,0946,0,2026-06-13 15:34:20,0.1223438506117192,0
737,0962,0,2026-06-13 15:34:20,0.4697359948486799,0
738,0985,0,2026-06-13 15:34:20,0.2807469414037347,0
739,0151,0,2026-06-13 15:34:30,0.1223438506117192,0
740,0203,0,2026-06-13 15:34:30,0.3774951706374758,0
741,0374,0,2026-06-13 15:34:30,1.0000000000000000,0
742,0392,0,2026-06-13 15:34:30,0.3774951706374758,0
743,0710,0,2026-06-13 15:34:30,0.0568254990341275,0
744,0710,0,2026-06-13 15:34:30,0.0568254990341275,0
745,0710,0,2026-06-13 15:34:30,0.0568254990341275,0
746,0710,0,2026-06-13 15:34:30,0.0568254990341275,0
747,0710,0,2026-06-13 15:34:30,0.0568254990341275,0
748,0946,0,2026-06-13 15:34:30,0.1223438506117192,0
749,0962,0,2026-06-13 15:34:30,0.4697359948486799,0
750,0985,0,2026-06-13 15:34:30,0.2807469414037347,1
751,0151,0,2026-06-13 15:34:40,0.1223438506117192,0
752,0203,0,2026-06-13 15:34:40,0.3774951706374758,0
753,0355,0,2026-06-13 15:34:40,0.6790083708950418,0
754,0374,0,2026-06-13 15:34:40,1.0000000000000000,0
755,0392,0,2026-06-13 15:34:40,0.3774951706374758,0
756,0710,0,2026-06-13 15:34:40,0.0568254990341275,0
757,0710,0,2026-06-13 15:34:40,0.0568254990341275,0
758,0710,0,2026-06-13 15:34:40,0.0568254990341275,0
759,0710,0,2026-06-13 15:34:40,0.0568254990341275,0
760,0710,0,2026-06-13 15:34:40,0.0568254990341275,0
761,0862,0,2026-06-13 15:34:40,0.4697359948486799,1
762,0946,0,2026-06-13 15:34:40,0.1223438506117192,0
763,0962,0,2026-06-13 15:34:40,0.4697359948486799,0
764,0985,0,2026-06-13 15:34:40,0.2807469414037347,0
765,0069,0,2026-06-13 15:34:50,0.8530264005151320,0
766,0151,0,2026-06-13 15:34:50,0.1223438506117192,0
767,0203,0,2026-06-13 15:34:50,0.3774951706374758,0
768,0355,0,2026-06-13 15:34:50,0.6790083708950418,0
769,0374,0,2026-06-13 15:34:50,1.0000000000000000,0
770,0392,0,2026-06-13 15:34:50,0.3774951706374758,0
771,0710,0,2026-06-13 15:34:50,0.0568254990341275,0
772,0710,0,2026-06-13 15:34:50,0.0568254990341275,0
773,0710,0,2026-06-13 15:34:50,0.0568254990341275,0
774,0710,0,2026-06-13 15:34:50,0.0568254990341275,0
775,0710,0,2026-06-13 15:34:50,0.0568254990341275,0
776,0763,0,2026-06-13 15:34:50,0.7826786864133934,1
777,0862,0,2026-06-13 15:34:50,0.4697359948486799,0
778,0962,0,2026-06-13 15:34:50,0.4697359948486799,0
779,0985,0,2026-06-13 15:34:50,0.2807469414037347,0
780,0069,0,2026-06-13 15:35:00,0.8530264005151320,0
781,0151,0,2026-06-13 15:35:00,0.1223438506117192,0
782,0203,0,2026-06-13 15:35:00,0.3774951706374758,0
783,0340,0,2026-06-13 15:35:00,1.0000000000000000,1
784,0355,0,2026-06-13 15:35:00,0.6790083708950418,0
785,0374,0,2026-06-13 15:35:00,1.0000000000000000,0
786,0392,0,2026-06-13 15:35:00,0.3774951706374758,0
787,0560,0,2026-06-13 15:35:00,0.8530264005151320,0
788,0710,0,2026-06-13 15:35:00,0.0568254990341275,0
789,0710,0,2026-06-13 15:35:00,0.0568254990341275,0
790,0710,0,2026-06-13 15:35:00,0.0568254990341275,0
791,0710,0,2026-06-13 15:35:00,0.0568254990341275,0
792,0763,0,2026-06-13 15:35:00,0.7826786864133934,0
793,0862,0,2026-06-13 15:35:00,0.4697359948486799,0
794,0962,0,2026-06-13 15:35:00,0.4697359948486799,0
795,0985,0,2026-06-13 15:35:00,0.2807469414037347,0
796,0069,0,2026-06-13 15:35:10,0.8530264005151320,0
797,0151,0,2026-06-13 15:35:10,0.1223438506117192,0
798,0203,0,2026-06-13 15:35:10,0.3774951706374758,0
799,0340,0,2026-06-13 15:35:10,1.0000000000000000,0
800,0355,0,2026-06-13 15:35:10,0.6790083708950418,0
801,0374,0,2026-06-13 15:35:10,1.0000000000000000,0
802,0392,0,2026-06-13 15:35:10,0.3774951706374758,0
803,0560,0,2026-06-13 15:35:10,0.8530264005151320,1
804,0710,0,2026-06-13 15:35:10,0.0568254990341275,0
805,0710,0,2026-06-13 15:35:10,0.0568254990341275,0
806,0710,0,2026-06-13 15:35:10,0.0568254990341275,0
807,0710,0,2026-06-13 15:35:10,0.0568254990341275,0
808,0763,0,2026-06-13 15:35:10,0.7826786864133934,0
809,0862,0,2026-06-13 15:35:10,0.4697359948486799,0
810,0985,0,2026-06-13 15:35:10,0.2807469414037347,0
811,0069,0,2026-06-13 15:35:20,0.8530264005151320,0
812,0243,0,2026-06-13 15:35:20,0.8530264005151320,0
813,0340,0,2026-06-13 15:35:20,1.0000000000000000,0
814,0392,0,2026-06-13 15:35:20,0.3774951706374758,0
815,0560,0,2026-06-13 15:35:20,0.8530264005151320,0
816,0710,0,2026-06-13 15:35:20,0.0568254990341275,0
817,0710,0,2026-06-13 15:35:20,0.0568254990341275,0
818,0710,0,2026-06-13 15:35:20,0.0568254990341275,0
819,0710,0,2026-06-13 15:35:20,0.0568254990341275,0
820,0763,0,2026-06-13 15:35:20,0.7826786864133934,0
821,0862,0,2026-06-13 15:35:20,0.4697359948486799,0
822,0985,0,2026-06-13 15:35:20,0.2807469414037347,0
823,0069,0,2026-06-13 15:35:30,0.8530264005151320,0
824,0243,0,2026-06-13 15:35:30,0.8530264005151320,1
825,0340,0,2026-06-13 15:35:30,1.0000000000000000,0
826,0392,0,2026-06-13 15:35:30,0.3774951706374758,0
827,0560,0,2026-06-13 15:35:30,0.8530264005151320,0
828,0710,0,2026-06-13 15:35:30,0.0568254990341275,0
829,0710,0,2026-06-13 15:35:30,0.0568254990341275,0
830,0763,0,2026-06-13 15:35:30,0.7826786864133934,0
831,0862,0,2026-06-13 15:35:30,0.4697359948486799,0
832,0985,0,2026-06-13 15:35:30,0.2807469414037347,0
833,0243,0,2026-06-13 15:35:40,0.8530264005151320,1
834,0340,0,2026-06-13 15:35:40,1.0000000000000000,0
835,0392,0,2026-06-13 15:35:40,0.3774951706374758,0
836,0560,0,2026-06-13 15:35:40,0.8530264005151320,0
837,0710,0,2026-06-13 15:35:40,0.0568254990341275,0
838,0763,0,2026-06-13 15:35:40,0.7826786864133934,0
839,0862,0,2026-06-13 15:35:40,0.4697359948486799,0
840,0243,0,2026-06-13 15:35:50,0.8530264005151320,0
841,0340,0,2026-06-13 15:35:50,1.0000000000000000,0
842,0392,0,2026-06-13 15:35:50,0.3774951706374758,0
843,0560,0,2026-06-13 15:35:50,0.8530264005151320,0
844,0710,0,2026-06-13 15:35:50,0.0568254990341275,0
845,0763,0,2026-06-13 15:35:50,0.7826786864133934,0
846,0862,0,2026-06-13 15:35:50,0.4697359948486799,0
847,0930,0,2026-06-13 15:35:50,0.5449130714745654,0
848,0243,0,2026-06-13 15:36:00,0.8530264005151320,0
849,0305,0,2026-06-13 15:36:00,0.4697359948486799,0
850,0340,0,2026-06-13 15:36:00,1.0000000000000000,0
851,0560,0,2026-06-13 15:36:00,0.8530264005151320,0
852,0763,0,2026-06-13 15:36:00,0.7826786864133934,0
853,0806,0,2026-06-13 15:36:00,0.9288473921442369,1
854,0862,0,2026-06-13 15:36:00,0.4697359948486799,0
855,0930,0,2026-06-13 15:36:00,0.5449130714745654,0
856,0243,0,2026-06-13 15:36:10,0.8530264005151320,0
857,0305,0,2026-06-13 15:36:10,0.4697359948486799,0
858,0340,0,2026-06-13 15:36:10,1.0000000000000000,0
859,0560,0,2026-06-13 15:36:10,0.8530264005151320,0
860,0733,0,2026-06-13 15:36:10,0.6070508692852543,0
861,0763,0,2026-06-13 15:36:10,0.7826786864133934,0
862,0806,0,2026-06-13 15:36:10,0.9288473921442369,1
863,0862,0,2026-06-13 15:36:10,0.4697359948486799,0
864,0930,0,2026-06-13 15:36:10,0.5449130714745654,0
865,0243,0,2026-06-13 15:36:20,0.8530264005151320,0
866,0305,0,2026-06-13 15:36:20,0.4697359948486799,0
867,0340,0,2026-06-13 15:36:20,1.0000000000000000,0
868,0560,0,2026-06-13 15:36:20,0.8530264005151320,0
869,0733,0,2026-06-13 15:36:20,0.6070508692852543,0
870,0763,0,2026-06-13 15:36:20,0.7826786864133934,0
871,0806,0,2026-06-13 15:36:20,0.9288473921442369,0
872,0930,0,2026-06-13 15:36:20,0.5449130714745654,0
873,0243,0,2026-06-13 15:36:30,0.8530264005151320,0
874,0305,0,2026-06-13 15:36:30,0.4697359948486799,0
875,0340,0,2026-06-13 15:36:30,1.0000000000000000,0
876,0560,0,2026-06-13 15:36:30,0.8530264005151320,0
877,0733,0,2026-06-13 15:36:30,0.6070508692852543,0
878,0763,0,2026-06-13 15:36:30,0.7826786864133934,0
879,0806,0,2026-06-13 15:36:30,0.9288473921442369,0
880,0930,0,2026-06-13 15:36:30,0.5449130714745654,0
881,0243,0,2026-06-13 15:36:40,0.8530264005151320,0
882,0305,0,2026-06-13 15:36:40,0.4697359948486799,1
883,0340,0,2026-06-13 15:36:40,1.0000000000000000,0
884,0560,0,2026-06-13 15:36:40,0.8530264005151320,0
885,0733,0,2026-06-13 15:36:40,0.6070508692852543,0
886,0806,0,2026-06-13 15:36:40,0.9288473921442369,0
887,0930,0,2026-06-13 15:36:40,0.5449130714745654,0
888,0243,0,2026-06-13 15:36:50,0.8530264005151320,0
889,0305,0,2026-06-13 15:36:50,0.4697359948486799,1
890,0733,0,2026-06-13 15:36:50,0.6070508692852543,0
891,0806,0,2026-06-13 15:36:50,0.9288473921442369,0
892,0930,0,2026-06-13 15:36:50,0.5449130714745654,0
893,0243,0,2026-06-13 15:37:00,0.8530264005151320,0
894,0305,0,2026-06-13 15:37:00,0.4697359948486799,0
895,0545,0,2026-06-13 15:37:00,0.9288473921442369,0
896,0733,0,2026-06-13 15:37:00,0.6070508692852543,1
897,0806,0,2026-06-13 15:37:00,0.9288473921442369,0
898,0930,0,2026-06-13 15:37:00,0.5449130714745654,0
899,0243,0,2026-06-13 15:37:10,0.8530264005151320,0
900,0305,0,2026-06-13 15:37:10,0.4697359948486799,0
901,0545,0,2026-06-13 15:37:10,0.9288473921442369,0
902,0733,0,2026-06-13 15:37:10,0.6070508692852543,0
903,0806,0,2026-06-13 15:37:10,0.9288473921442369,0
904,0930,0,2026-06-13 15:37:10,0.5449130714745654,0
905,0305,0,2026-06-13 15:37:20,0.4697359948486799,0
906,0545,0,2026-06-13 15:37:20,0.9288473921442369,1
907,0733,0,2026-06-13 15:37:20,0.6070508692852543,0
908,0806,0,2026-06-13 15:37:20,0.9288473921442369,0
909,0930,0,2026-06-13 15:37:20,0.5449130714745654,0
910,0305,0,2026-06-13 15:37:30,0.4697359948486799,0
911,0545,0,2026-06-13 15:37:30,0.9288473921442369,0
912,0733,0,2026-06-13 15:37:30,0.6070508692852543,0
913,0305,0,2026-06-13 15:37:40,0.4697359948486799,0
914,0515,0,2026-06-13 15:37:40,0.4697359948486799,1
915,0545,0,2026-06-13 15:37:40,0.9288473921442369,0
916,0733,0,2026-06-13 15:37:40,0.6070508692852543,0
917,0274,0,2026-06-13 15:37:50,0.3774951706374758,0
918,0515,0,2026-06-13 15:37:50,0.4697359948486799,0
919,0545,0,2026-06-13 15:37:50,0.9288473921442369,0
920,0733,0,2026-06-13 15:37:50,0.6070508692852543,0
921,0274,0,2026-06-13 15:38:00,0.3774951706374758,0
922,0515,0,2026-06-13 15:38:00,0.4697359948486799,0
923,0545,0,2026-06-13 15:38:00,0.9288473921442369,0
924,0733,0,2026-06-13 15:38:00,0.6070508692852543,0
925,0244,0,2026-06-13 15:38:10,0.6070508692852543,0
926,0274,0,2026-06-13 15:38:10,0.3774951706374758,0
927,0515,0,2026-06-13 15:38:10,0.4697359948486799,1
928,0515,0,2026-06-13 15:38:10,0.4697359948486799,0
929,0545,0,2026-06-13 15:38:10,0.9288473921442369,0
930,0244,0,2026-06-13 15:38:20,0.6070508692852543,0
931,0274,0,2026-06-13 15:38:20,0.3774951706374758,0
932,0515,0,2026-06-13 15:38:20,0.4697359948486799,0
933,0515,0,2026-06-13 15:38:20,0.4697359948486799,0
934,0545,0,2026-06-13 15:38:20,0.9288473921442369,0
935,0244,0,2026-06-13 15:38:30,0.6070508692852543,0
936,0274,0,2026-06-13 15:38:30,0.3774951706374758,0
937,0515,0,2026-06-13 15:38:30,0.4697359948486799,0
938,0515,0,2026-06-13 15:38:30,0.4697359948486799,0
939,0545,0,2026-06-13 15:38:30,0.9288473921442369,0
940,0244,0,2026-06-13 15:38:40,0.6070508692852543,0
941,0274,0,2026-06-13 15:38:40,0.3774951706374758,0
942,0515,0,2026-06-13 15:38:40,0.4697359948486799,0
943,0515,0,2026-06-13 15:38:40,0.4697359948486799,0
944,0545,0,2026-06-13 15:38:40,0.9288473921442369,0
945,0244,0,2026-06-13 15:38:50,0.6070508692852543,1
946,0274,0,2026-06-13 15:38:50,0.3774951706374758,0
947,0515,0,2026-06-13 15:38:50,0.4697359948486799,0
948,0515,0,2026-06-13 15:38:50,0.4697359948486799,0
949,0545,0,2026-06-13 15:38:50,0.9288473921442369,0
950,0244,0,2026-06-13 15:39:00,0.6070508692852543,1
951,0274,0,2026-06-13 15:39:00,0.3774951706374758,0
952,0515,0,2026-06-13 15:39:00,0.4697359948486799,0
953,0515,0,2026-06-13 15:39:00,0.4697359948486799,0
954,0244,0,2026-06-13 15:39:10,0.6070508692852543,0
955,0274,0,2026-06-13 15:39:10,0.3774951706374758,0
956,0515,0,2026-06-13 15:39:10,0.4697359948486799,0
957,0244,0,2026-06-13 15:39:20,0.6070508692852543,0
958,0274,0,2026-06-13 15:39:20,0.3774951706374758,0
959,0515,0,2026-06-13 15:39:20,0.4697359948486799,0
960,0796,0,2026-06-13 15:39:20,0.2807469414037347,0
961,0244,0,2026-06-13 15:39:30,0.6070508692852543,0
962,0274,0,2026-06-13 15:39:30,0.3774951706374758,0
963,0515,0,2026-06-13 15:39:30,0.4697359948486799,0
964,0796,0,2026-06-13 15:39:30,0.2807469414037347,0
965,0244,0,2026-06-13 15:39:40,0.6070508692852543,0
966,0274,0,2026-06-13 15:39:40,0.3774951706374758,0
967,0796,0,2026-06-13 15:39:40,0.2807469414037347,1
968,0244,0,2026-06-13 15:39:50,0.6070508692852543,0
969,0796,0,2026-06-13 15:39:50,0.2807469414037347,0
970,0796,0,2026-06-13 15:40:00,0.2807469414037347,0
971,0796,0,2026-06-13 15:40:10,0.2807469414037347,0
972,0796,0,2026-06-13 15:40:20,0.2807469414037347,0
973,0796,0,2026-06-13 15:40:30,0.2807469414037347,0
974,0798,0,2026-06-13 15:41:20,0.1223438506117192,1
975,0798,0,2026-06-13 15:41:30,0.1223438506117192,0
976,0798,0,2026-06-13 15:41:40,0.1223438506117192,0
977,0798,0,2026-06-13 15:41:50,0.1223438506117192,0
978,0798,0,2026-06-13 15:42:00,0.1223438506117192,0
979,0798,0,2026-06-13 15:42:10,0.1223438506117192,0
980,0798,0,2026-06-13 15:42:20,0.1223438506117192,0
981,0798,0,2026-06-13 15:42:30,0.1223438506117192,0
982,0588,0,2026-06-13 15:42:40,0.4697359948486799,0
983,0618,0,2026-06-13 15:42:40,0.1223438506117192,1
984,0588,0,2026-06-13 15:42:50,0.4697359948486799,0
985,0618,0,2026-06-13 15:42:50,0.1223438506117192,1
986,0588,0,2026-06-13 15:43:00,0.4697359948486799,0
987,0618,0,2026-06-13 15:43:00,0.1223438506117192,0
988,0588,0,2026-06-13 15:43:10,0.4697359948486799,1
989,0618,0,2026-06-13 15:43:10,0.1223438506117192,0
990,0588,0,2026-06-13 15:43:20,0.4697359948486799,0
991,0618,0,2026-06-13 15:43:20,0.1223438506117192,0
992,0588,0,2026-06-13 15:43:30,0.4697359948486799,0
993,0618,0,2026-06-13 15:43:30,0.1223438506117192,0
994,0588,0,2026-06-13 15:43:40,0.4697359948486799,0
995,0618,0,2026-06-13 15:43:40,0.1223438506117192,0
996,0588,0,2026-06-13 15:43:50,0.4697359948486799,0
997,0618,0,2026-06-13 15:43:50,0.1223438506117192,0
998,0588,0,2026-06-13 15:44:00,0.4697359948486799,0
999,0618,0,2026-06-13 15:44:00,0.1223438506117192,0
1000,0588,0,2026-06-13 15:44:10,0.4697359948486799,0
1001,0618,0,2026-06-13 15:44:10,0.1223438506117192,0
1002,0588,0,2026-06-13 15:44:20,0.4697359948486799,0
1003,0618,0,2026-06-13 15:44:20,0.1223438506117192,0
1004,0618,0,2026-06-13 15:44:30,0.1223438506117192,0
1005,0661,0,2026-06-13 16:51:50,0.6790083708950418,0
1006,0661,0,2026-06-13 16:52:00,0.6790083708950418,0
1007,0661,0,2026-06-13 16:52:10,0.6790083708950418,0
1008,0661,0,2026-06-13 16:52:20,0.6790083708950418,0
1009,0904,0,2026-06-13 17:10:00,0.8530264005151320,0
1010,0904,0,2026-06-13 17:10:10,0.8530264005151320,0
1011,0904,0,2026-06-13 17:10:20,0.8530264005151320,0
1012,0904,0,2026-06-13 17:10:30,0.8530264005151320,0
1013,0904,0,2026-06-13 17:10:40,0.8530264005151320,0
1014,0904,0,2026-06-13 17:10:50,0.8530264005151320,0
1015,0904,0,2026-06-13 17:11:00,0.8530264005151320,0
1016,0005,0,2026-06-13 17:11:10,0.4697359948486799,0
1017,0904,0,2026-06-13 17:11:10,0.8530264005151320,0
1018,0005,0,2026-06-13 17:11:20,0.4697359948486799,0
1019,0904,0,2026-06-13 17:11:20,0.8530264005151320,0
1020,0005,0,2026-06-13 17:11:30,0.4697359948486799,0
1021,0904,0,2026-06-13 17:11:30,0.8530264005151320,0
1022,0005,0,2026-06-13 17:11:40,0.4697359948486799,0
1023,0904,0,2026-06-13 17:11:40,0.8530264005151320,1
1024,0005,0,2026-06-13 17:11:50,0.4697359948486799,0
1025,0904,0,2026-06-13 17:11:50,0.8530264005151320,0
1026,0005,0,2026-06-13 17:12:00,0.4697359948486799,1
1027,0005,0,2026-06-13 17:12:10,0.4697359948486799,0
1028,0005,0,2026-06-13 17:12:20,0.4697359948486799,0
1029,0005,0,2026-06-13 17:12:30,0.4697359948486799,0
1030,0717,0,2026-06-13 17:13:00,1.0000000000000000,1
1031,0717,0,2026-06-13 17:13:10,1.0000000000000000,0
1032,0717,0,2026-06-13 17:13:20,1.0000000000000000,0
1033,0802,0,2026-06-13 17:13:20,0.8530264005151320,1
1034,0717,0,2026-06-13 17:13:30,1.0000000000000000,0
1035,0802,0,2026-06-13 17:13:30,0.8530264005151320,0
1036,0717,0,2026-06-13 17:13:40,1.0000000000000000,0
1037,0802,0,2026-06-13 17:13:40,0.8530264005151320,0
1038,0717,0,2026-06-13 17:13:50,1.0000000000000000,0
1039,0802,0,2026-06-13 17:13:50,0.8530264005151320,0
1040,0717,0,2026-06-13 17:14:00,1.0000000000000000,0
1041,0802,0,2026-06-13 17:14:00,0.8530264005151320,0
1042,0717,0,2026-06-13 17:14:10,1.0000000000000000,0
1043,0802,0,2026-06-13 17:14:10,0.8530264005151320,0
1044,0717,0,2026-06-13 17:14:20,1.0000000000000000,0
1045,0802,0,2026-06-13 17:14:20,0.8530264005151320,0
1046,0717,0,2026-06-13 17:14:30,1.0000000000000000,0
1047,0802,0,2026-06-13 17:14:30,0.8530264005151320,0
1048,0717,0,2026-06-13 17:14:40,1.0000000000000000,0
1049,0802,0,2026-06-13 17:14:40,0.8530264005151320,0
1050,0802,0,2026-06-13 17:14:50,0.8530264005151320,0
1051,0178,0,2026-06-13 17:15:10,0.1223438506117192,1
1052,0178,0,2026-06-13 17:15:20,0.1223438506117192,0
1053,0222,0,2026-06-13 17:15:20,0.1223438506117192,0
1054,0178,0,2026-06-13 17:15:30,0.1223438506117192,0
1055,0222,0,2026-06-13 17:15:30,0.1223438506117192,1
1056,0178,0,2026-06-13 17:15:40,0.1223438506117192,0
1057,0222,0,2026-06-13 17:15:40,0.1223438506117192,0
1058,0178,0,2026-06-13 17:15:50,0.1223438506117192,0
1059,0222,0,2026-06-13 17:15:50,0.1223438506117192,0
1060,0178,0,2026-06-13 17:16:00,0.1223438506117192,0
1061,0222,0,2026-06-13 17:16:00,0.1223438506117192,0
1062,0178,0,2026-06-13 17:16:10,0.1223438506117192,1
1063,0222,0,2026-06-13 17:16:10,0.1223438506117192,0
1064,0178,0,2026-06-13 17:16:20,0.1223438506117192,0
1065,0222,0,2026-06-13 17:16:20,0.1223438506117192,0
1066,0178,0,2026-06-13 17:16:30,0.1223438506117192,0
1067,0222,0,2026-06-13 17:16:30,0.1223438506117192,0
1068,0747,0,2026-06-13 17:16:30,0.2807469414037347,0
1069,0178,0,2026-06-13 17:16:40,0.1223438506117192,0
1070,0222,0,2026-06-13 17:16:40,0.1223438506117192,0
1071,0747,0,2026-06-13 17:16:40,0.2807469414037347,0
1072,0222,0,2026-06-13 17:16:50,0.1223438506117192,0
1073,0747,0,2026-06-13 17:16:50,0.2807469414037347,1
1074,0222,0,2026-06-13 17:17:00,0.1223438506117192,0
1075,0747,0,2026-06-13 17:17:00,0.2807469414037347,0
1076,0118,0,2026-06-13 17:17:10,0.4697359948486799,0
1077,0747,0,2026-06-13 17:17:10,0.2807469414037347,0
1078,0921,0,2026-06-13 17:17:10,0.9288473921442369,0
1079,0118,0,2026-06-13 17:17:20,0.4697359948486799,0
1080,0747,0,2026-06-13 17:17:20,0.2807469414037347,0
1081,0921,0,2026-06-13 17:17:20,0.9288473921442369,0
1082,0118,0,2026-06-13 17:17:30,0.4697359948486799,0
1083,0747,0,2026-06-13 17:17:30,0.2807469414037347,0
1084,0921,0,2026-06-13 17:17:30,0.9288473921442369,0
1085,0118,0,2026-06-13 17:17:40,0.4697359948486799,0
1086,0747,0,2026-06-13 17:17:40,0.2807469414037347,0
1087,0921,0,2026-06-13 17:17:40,0.9288473921442369,0
1088,0118,0,2026-06-13 17:17:50,0.4697359948486799,0
1089,0747,0,2026-06-13 17:17:50,0.2807469414037347,0
1090,0921,0,2026-06-13 17:17:50,0.9288473921442369,1
1091,0118,0,2026-06-13 17:18:00,0.4697359948486799,0
1092,0747,0,2026-06-13 17:18:00,0.2807469414037347,0
1093,0921,0,2026-06-13 17:18:00,0.9288473921442369,0
1094,0118,0,2026-06-13 17:18:10,0.4697359948486799,0
1095,0747,0,2026-06-13 17:18:10,0.2807469414037347,0
1096,0771,0,2026-06-13 17:18:10,0.5449130714745654,0
1097,0921,0,2026-06-13 17:18:10,0.9288473921442369,0
1098,0747,0,2026-06-13 17:18:20,0.2807469414037347,0
1099,0771,0,2026-06-13 17:18:20,0.5449130714745654,0
1100,0771,0,2026-06-13 17:18:30,0.5449130714745654,0
1101,0771,0,2026-06-13 17:18:40,0.5449130714745654,0
1102,0771,0,2026-06-13 17:18:50,0.5449130714745654,0
1103,0771,0,2026-06-13 17:19:00,0.5449130714745654,0
1104,0771,0,2026-06-13 17:19:10,0.5449130714745654,0
1105,0771,0,2026-06-13 17:19:20,0.5449130714745654,0
1106,0771,0,2026-06-13 17:19:30,0.5449130714745654,0
1107,0771,0,2026-06-13 17:19:40,0.5449130714745654,1
1108,0076,0,2026-06-13 18:30:50,0.2807469414037347,1
1109,0076,0,2026-06-13 18:31:00,0.2807469414037347,0
1110,0076,0,2026-06-13 18:31:10,0.2807469414037347,0
1111,0076,0,2026-06-13 18:31:20,0.2807469414037347,0
1112,0076,0,2026-06-13 18:31:30,0.2807469414037347,0
1113,0172,0,2026-06-13 18:31:30,0.3774951706374758,0
1114,0076,0,2026-06-13 18:31:40,0.2807469414037347,0
1115,0172,0,2026-06-13 18:31:40,0.3774951706374758,0
1116,0076,0,2026-06-13 18:31:50,0.2807469414037347,0
1117,0172,0,2026-06-13 18:31:50,0.3774951706374758,0
1118,0076,0,2026-06-13 18:32:00,0.2807469414037347,0
1119,0172,0,2026-06-13 18:32:00,0.3774951706374758,0
1120,0172,0,2026-06-13 18:32:00,0.3774951706374758,0
1121,0076,0,2026-06-13 18:32:10,0.2807469414037347,0
1122,0172,0,2026-06-13 18:32:10,0.3774951706374758,0
1123,0172,0,2026-06-13 18:32:10,0.3774951706374758,1
1124,0076,0,2026-06-13 18:32:20,0.2807469414037347,0
1125,0172,0,2026-06-13 18:32:20,0.3774951706374758,0
1126,0076,0,2026-06-13 18:32:30,0.2807469414037347,0
1127,0172,0,2026-06-13 18:32:30,0.3774951706374758,0
1128,0076,0,2026-06-13 18:32:40,0.2807469414037347,0
1129,0172,0,2026-06-13 18:32:40,0.3774951706374758,1
1130,0981,0,2026-06-13 18:49:00,0.7826786864133934,0
1131,0981,0,2026-06-13 18:49:10,0.7826786864133934,0
1132,0981,0,2026-06-13 18:49:20,0.7826786864133934,1
1133,0981,0,2026-06-13 18:49:30,0.7826786864133934,0
1134,0159,0,2026-06-13 18:49:40,0.9288473921442369,0
1135,0981,0,2026-06-13 18:49:40,0.7826786864133934,0
1136,0159,0,2026-06-13 18:49:50,0.9288473921442369,1
1137,0981,0,2026-06-13 18:49:50,0.7826786864133934,0
1138,0159,0,2026-06-13 18:50:00,0.9288473921442369,1
1139,0981,0,2026-06-13 18:50:00,0.7826786864133934,0
1140,0159,0,2026-06-13 18:50:10,0.9288473921442369,0
1141,0981,0,2026-06-13 18:50:10,0.7826786864133934,0
1142,0095,0,2026-06-13 18:50:20,0.0568254990341275,0
1143,0159,0,2026-06-13 18:50:20,0.9288473921442369,0
1144,0981,0,2026-06-13 18:50:20,0.7826786864133934,0
1145,0095,0,2026-06-13 18:50:30,0.0568254990341275,0
1146,0159,0,2026-06-13 18:50:30,0.9288473921442369,0
1147,0981,0,2026-06-13 18:50:30,0.7826786864133934,0
1148,0095,0,2026-06-13 18:50:40,0.0568254990341275,0
1149,0159,0,2026-06-13 18:50:40,0.9288473921442369,0
1150,0981,0,2026-06-13 18:50:40,0.7826786864133934,0
1151,0095,0,2026-06-13 18:50:50,0.0568254990341275,1
1152,0159,0,2026-06-13 18:50:50,0.9288473921442369,0
1153,0981,0,2026-06-13 18:50:50,0.7826786864133934,0
1154,0095,0,2026-06-13 18:51:00,0.0568254990341275,0
1155,0159,0,2026-06-13 18:51:00,0.9288473921442369,0
1156,0095,0,2026-06-13 18:51:10,0.0568254990341275,0
1157,0159,0,2026-06-13 18:51:10,0.9288473921442369,0
1158,0095,0,2026-06-13 18:51:20,0.0568254990341275,0
1159,0095,0,2026-06-13 18:51:30,0.0568254990341275,0
1160,0095,0,2026-06-13 18:51:40,0.0568254990341275,0
1161,0095,0,2026-06-13 18:51:50,0.0568254990341275,0
1162,0095,0,2026-06-13 18:52:00,0.0568254990341275,0
1163,0908,0,2026-06-13 20:08:30,0.3774951706374758,0
1164,0908,0,2026-06-13 20:08:40,0.3774951706374758,0
1165,0908,0,2026-06-13 20:08:50,0.3774951706374758,0
1166,0908,0,2026-06-13 20:09:00,0.3774951706374758,0
1167,0908,0,2026-06-13 20:09:10,0.3774951706374758,0
1168,0908,0,2026-06-13 20:09:20,0.3774951706374758,0
1169,0908,0,2026-06-13 20:09:30,0.3774951706374758,0
1170,0908,0,2026-06-13 20:09:40,0.3774951706374758,1
1171,0908,0,2026-06-13 20:09:50,0.3774951706374758,0
1172,0668,0,2026-06-13 20:10:00,0.7826786864133934,0
1173,0908,0,2026-06-13 20:10:00,0.3774951706374758,0
1174,0668,0,2026-06-13 20:10:10,0.7826786864133934,0
1175,0668,0,2026-06-13 20:10:20,0.7826786864133934,0
1176,0668,0,2026-06-13 20:10:30,0.7826786864133934,0
1177,0668,0,2026-06-13 20:10:40,0.7826786864133934,0
1178,0668,0,2026-06-13 20:10:50,0.7826786864133934,0
1179,0721,0,2026-06-14 01:24:40,0.7826786864133934,0
1180,0721,0,2026-06-14 01:24:50,0.7826786864133934,0
1181,0721,0,2026-06-14 01:25:00,0.7826786864133934,0
1182,0721,0,2026-06-14 01:25:10,0.7826786864133934,0
1183,0721,0,2026-06-14 01:25:20,0.7826786864133934,0
1184,0721,0,2026-06-14 01:25:30,0.7826786864133934,0
1185,0721,0,2026-06-14 01:25:40,0.7826786864133934,0
1186,0721,0,2026-06-14 01:25:50,0.7826786864133934,0
1187,0721,0,2026-06-14 01:26:00,0.7826786864133934,0
1188,0721,0,2026-06-14 01:26:10,0.7826786864133934,0
1189,0721,0,2026-06-14 01:26:20,0.7826786864133934,1
1190,0851,0,2026-06-14 01:28:10,0.2807469414037347,1
1191,0431,0,2026-06-14 01:28:20,0.1864133934320670,1
1192,0851,0,2026-06-14 01:28:20,0.2807469414037347,0
1193,0431,0,2026-06-14 01:28:30,0.1864133934320670,0
1194,0517,0,2026-06-14 01:28:30,0.5449130714745654,0
1195,0631,0,2026-06-14 01:28:30,0.6790083708950418,0
1196,0660,0,2026-06-14 01:28:30,0.6790083708950418,0
1197,0851,0,2026-06-14 01:28:30,0.2807469414037347,0
1198,0362,0,2026-06-14 01:28:40,0.1864133934320670,0
1199,0394,0,2026-06-14 01:28:40,0.6790083708950418,0
1200,0431,0,2026-06-14 01:28:40,0.1864133934320670,0
1201,0517,0,2026-06-14 01:28:40,0.5449130714745654,1
1202,0631,0,2026-06-14 01:28:40,0.6790083708950418,0
1203,0660,0,2026-06-14 01:28:40,0.6790083708950418,0
1204,0851,0,2026-06-14 01:28:40,0.2807469414037347,0
1205,0362,0,2026-06-14 01:28:50,0.1864133934320670,0
1206,0394,0,2026-06-14 01:28:50,0.6790083708950418,0
1207,0431,0,2026-06-14 01:28:50,0.1864133934320670,0
1208,0517,0,2026-06-14 01:28:50,0.5449130714745654,0
1209,0631,0,2026-06-14 01:28:50,0.6790083708950418,0
1210,0660,0,2026-06-14 01:28:50,0.6790083708950418,0
1211,0711,0,2026-06-14 01:28:50,0.7826786864133934,1
1212,0851,0,2026-06-14 01:28:50,0.2807469414037347,0
1213,0184,0,2026-06-14 01:29:00,0.4697359948486799,0
1214,0362,0,2026-06-14 01:29:00,0.1864133934320670,0
1215,0394,0,2026-06-14 01:29:00,0.6790083708950418,1
1216,0431,0,2026-06-14 01:29:00,0.1864133934320670,0
1217,0517,0,2026-06-14 01:29:00,0.5449130714745654,0
1218,0631,0,2026-06-14 01:29:00,0.6790083708950418,0
1219,0660,0,2026-06-14 01:29:00,0.6790083708950418,0
1220,0711,0,2026-06-14 01:29:00,0.7826786864133934,0
1221,0851,0,2026-06-14 01:29:00,0.2807469414037347,0
1222,0184,0,2026-06-14 01:29:10,0.4697359948486799,0
1223,0362,0,2026-06-14 01:29:10,0.1864133934320670,0
1224,0394,0,2026-06-14 01:29:10,0.6790083708950418,1
1225,0431,0,2026-06-14 01:29:10,0.1864133934320670,0
1226,0517,0,2026-06-14 01:29:10,0.5449130714745654,0
1227,0631,0,2026-06-14 01:29:10,0.6790083708950418,0
1228,0660,0,2026-06-14 01:29:10,0.6790083708950418,0
1229,0711,0,2026-06-14 01:29:10,0.7826786864133934,0
1230,0750,0,2026-06-14 01:29:10,1.0000000000000000,0
1231,0851,0,2026-06-14 01:29:10,0.2807469414037347,0
1232,0184,0,2026-06-14 01:29:20,0.4697359948486799,0
1233,0362,0,2026-06-14 01:29:20,0.1864133934320670,0
1234,0394,0,2026-06-14 01:29:20,0.6790083708950418,0
1235,0431,0,2026-06-14 01:29:20,0.1864133934320670,0
1236,0517,0,2026-06-14 01:29:20,0.5449130714745654,0
1237,0631,0,2026-06-14 01:29:20,0.6790083708950418,0
1238,0711,0,2026-06-14 01:29:20,0.7826786864133934,0
1239,0750,0,2026-06-14 01:29:20,1.0000000000000000,0
1240,0851,0,2026-06-14 01:29:20,0.2807469414037347,0
1241,0184,0,2026-06-14 01:29:30,0.4697359948486799,0
1242,0362,0,2026-06-14 01:29:30,0.1864133934320670,0
1243,0394,0,2026-06-14 01:29:30,0.6790083708950418,0
1244,0431,0,2026-06-14 01:29:30,0.1864133934320670,1
1245,0517,0,2026-06-14 01:29:30,0.5449130714745654,0
1246,0631,0,2026-06-14 01:29:30,0.6790083708950418,0
1247,0711,0,2026-06-14 01:29:30,0.7826786864133934,0
1248,0750,0,2026-06-14 01:29:30,1.0000000000000000,0
1249,0851,0,2026-06-14 01:29:30,0.2807469414037347,0
1250,0184,0,2026-06-14 01:29:40,0.4697359948486799,1
1251,0362,0,2026-06-14 01:29:40,0.1864133934320670,0
1252,0394,0,2026-06-14 01:29:40,0.6790083708950418,0
1253,0431,0,2026-06-14 01:29:40,0.1864133934320670,0
1254,0517,0,2026-06-14 01:29:40,0.5449130714745654,0
1255,0631,0,2026-06-14 01:29:40,0.6790083708950418,0
1256,0711,0,2026-06-14 01:29:40,0.7826786864133934,0
1257,0750,0,2026-06-14 01:29:40,1.0000000000000000,0
1258,0851,0,2026-06-14 01:29:40,0.2807469414037347,0
1259,0184,0,2026-06-14 01:29:50,0.4697359948486799,1
1260,0362,0,2026-06-14 01:29:50,0.1864133934320670,0
1261,0394,0,2026-06-14 01:29:50,0.6790083708950418,0
1262,0431,0,2026-06-14 01:29:50,0.1864133934320670,0
1263,0517,0,2026-06-14 01:29:50,0.5449130714745654,0
1264,0631,0,2026-06-14 01:29:50,0.6790083708950418,0
1265,0711,0,2026-06-14 01:29:50,0.7826786864133934,0
1266,0750,0,2026-06-14 01:29:50,1.0000000000000000,0
1267,0851,0,2026-06-14 01:29:50,0.2807469414037347,0
1268,0362,0,2026-06-14 01:30:00,0.1864133934320670,0
1269,0394,0,2026-06-14 01:30:00,0.6790083708950418,0
1270,0631,0,2026-06-14 01:30:00,0.6790083708950418,0
1271,0750,0,2026-06-14 01:30:00,1.0000000000000000,0
1272,0851,0,2026-06-14 01:30:00,0.2807469414037347,0
1273,0362,0,2026-06-14 01:30:10,0.1864133934320670,1
1274,0394,0,2026-06-14 01:30:10,0.6790083708950418,0
1275,0631,0,2026-06-14 01:30:10,0.6790083708950418,0
1276,0750,0,2026-06-14 01:30:10,1.0000000000000000,0
1277,0362,0,2026-06-14 01:30:20,0.1864133934320670,1
1278,0631,0,2026-06-14 01:30:20,0.6790083708950418,0
1279,0750,0,2026-06-14 01:30:20,1.0000000000000000,0
1280,0362,0,2026-06-14 01:30:30,0.1864133934320670,0
1281,0750,0,2026-06-14 01:30:30,1.0000000000000000,0
1282,0750,0,2026-06-14 01:30:40,1.0000000000000000,0
1283,0920,0,2026-06-14 01:35:30,1.0000000000000000,0
1284,0124,0,2026-06-14 01:35:40,0.0568254990341275,1
1285,0920,0,2026-06-14 01:35:40,1.0000000000000000,0
1286,0124,0,2026-06-14 01:35:50,0.0568254990341275,0
1287,0699,0,2026-06-14 01:35:50,0.2807469414037347,0
1288,0920,0,2026-06-14 01:35:50,1.0000000000000000,0
1289,0124,0,2026-06-14 01:36:00,0.0568254990341275,0
1290,0699,0,2026-06-14 01:36:00,0.2807469414037347,0
1291,0773,0,2026-06-14 01:36:00,0.3774951706374758,0
1292,0920,0,2026-06-14 01:36:00,1.0000000000000000,0
1293,0124,0,2026-06-14 01:36:10,0.0568254990341275,0
1294,0699,0,2026-06-14 01:36:10,0.2807469414037347,0
1295,0773,0,2026-06-14 01:36:10,0.3774951706374758,0
1296,0920,0,2026-06-14 01:36:10,1.0000000000000000,0
1297,0124,0,2026-06-14 01:36:20,0.0568254990341275,0
1298,0699,0,2026-06-14 01:36:20,0.2807469414037347,0
1299,0773,0,2026-06-14 01:36:20,0.3774951706374758,1
1300,0920,0,2026-06-14 01:36:20,1.0000000000000000,0
1301,0124,0,2026-06-14 01:36:30,0.0568254990341275,0
1302,0699,0,2026-06-14 01:36:30,0.2807469414037347,0
1303,0773,0,2026-06-14 01:36:30,0.3774951706374758,1
1304,0920,0,2026-06-14 01:36:30,1.0000000000000000,0
1305,0124,0,2026-06-14 01:36:40,0.0568254990341275,0
1306,0699,0,2026-06-14 01:36:40,0.2807469414037347,0
1307,0773,0,2026-06-14 01:36:40,0.3774951706374758,0
1308,0920,0,2026-06-14 01:36:40,1.0000000000000000,0
1309,0124,0,2026-06-14 01:36:50,0.0568254990341275,0
1310,0699,0,2026-06-14 01:36:50,0.2807469414037347,0
1311,0773,0,2026-06-14 01:36:50,0.3774951706374758,0
1312,0920,0,2026-06-14 01:36:50,1.0000000000000000,0
1313,0124,0,2026-06-14 01:37:00,0.0568254990341275,0
1314,0699,0,2026-06-14 01:37:00,0.2807469414037347,0
1315,0773,0,2026-06-14 01:37:00,0.3774951706374758,0
1316,0920,0,2026-06-14 01:37:00,1.0000000000000000,0
1317,0124,0,2026-06-14 01:37:10,0.0568254990341275,0
1318,0699,0,2026-06-14 01:37:10,0.2807469414037347,0
1319,0773,0,2026-06-14 01:37:10,0.3774951706374758,0
1320,0920,0,2026-06-14 01:37:10,1.0000000000000000,0
1321,0124,0,2026-06-14 01:37:20,0.0568254990341275,0
1322,0699,0,2026-06-14 01:37:20,0.2807469414037347,0
1323,0773,0,2026-06-14 01:37:20,0.3774951706374758,0
1324,0920,0,2026-06-14 01:37:20,1.0000000000000000,0
1325,0124,0,2026-06-14 01:37:30,0.0568254990341275,0
1326,0699,0,2026-06-14 01:37:30,0.2807469414037347,0
1327,0773,0,2026-06-14 01:37:30,0.3774951706374758,0
1328,0699,0,2026-06-14 01:37:40,0.2807469414037347,0
1329,0295,0,2026-06-14 01:37:50,0.6070508692852543,0
1330,0295,0,2026-06-14 01:38:00,0.6070508692852543,0
1331,0295,0,2026-06-14 01:38:10,0.6070508692852543,0
1332,0295,0,2026-06-14 01:38:20,0.6070508692852543,0
1333,0295,0,2026-06-14 01:38:30,0.6070508692852543,0
1334,0295,0,2026-06-14 01:38:40,0.6070508692852543,0
1335,0295,0,2026-06-14 01:38:50,0.6070508692852543,0
1336,0295,0,2026-06-14 01:39:00,0.6070508692852543,0
1337,0295,0,2026-06-14 01:39:10,0.6070508692852543,0
1338,0295,0,2026-06-14 01:39:20,0.6070508692852543,0
1339,0295,0,2026-06-14 01:39:30,0.6070508692852543,0
1340,0906,0,2026-06-14 03:05:20,0.5449130714745654,0
1341,0906,0,2026-06-14 03:05:30,0.5449130714745654,0
1342,0906,0,2026-06-14 03:05:40,0.5449130714745654,0
1343,0906,0,2026-06-14 03:05:50,0.5449130714745654,0
1344,0906,0,2026-06-14 03:06:00,0.5449130714745654,0
1345,0829,0,2026-06-14 03:06:10,0.4697359948486799,1
1346,0906,0,2026-06-14 03:06:10,0.5449130714745654,0
1347,0829,0,2026-06-14 03:06:20,0.4697359948486799,0
1348,0906,0,2026-06-14 03:06:20,0.5449130714745654,0
1349,0829,0,2026-06-14 03:06:30,0.4697359948486799,0
1350,0906,0,2026-06-14 03:06:30,0.5449130714745654,0
1351,0500,0,2026-06-14 03:06:40,0.9288473921442369,1
1352,0829,0,2026-06-14 03:06:40,0.4697359948486799,0
1353,0906,0,2026-06-14 03:06:40,0.5449130714745654,0
1354,0500,0,2026-06-14 03:06:50,0.9288473921442369,0
1355,0829,0,2026-06-14 03:06:50,0.4697359948486799,0
1356,0906,0,2026-06-14 03:06:50,0.5449130714745654,0
1357,0191,0,2026-06-14 03:07:00,0.1864133934320670,0
1358,0500,0,2026-06-14 03:07:00,0.9288473921442369,0
1359,0719,0,2026-06-14 03:07:00,0.3774951706374758,0
1360,0817,0,2026-06-14 03:07:00,0.3774951706374758,1
1361,0829,0,2026-06-14 03:07:00,0.4697359948486799,0
1362,0906,0,2026-06-14 03:07:00,0.5449130714745654,0
1363,0191,0,2026-06-14 03:07:10,0.1864133934320670,0
1364,0526,0,2026-06-14 03:07:10,1.0000000000000000,0
1365,0719,0,2026-06-14 03:07:10,0.3774951706374758,0
1366,0817,0,2026-06-14 03:07:10,0.3774951706374758,1
1367,0829,0,2026-06-14 03:07:10,0.4697359948486799,0
1368,0906,0,2026-06-14 03:07:10,0.5449130714745654,0
1369,0191,0,2026-06-14 03:07:20,0.1864133934320670,0
1370,0526,0,2026-06-14 03:07:20,1.0000000000000000,1
1371,0719,0,2026-06-14 03:07:20,0.3774951706374758,0
1372,0817,0,2026-06-14 03:07:20,0.3774951706374758,0
1373,0829,0,2026-06-14 03:07:20,0.4697359948486799,0
1374,0191,0,2026-06-14 03:07:30,0.1864133934320670,1
1375,0526,0,2026-06-14 03:07:30,1.0000000000000000,0
1376,0719,0,2026-06-14 03:07:30,0.3774951706374758,0
1377,0817,0,2026-06-14 03:07:30,0.3774951706374758,0
1378,0829,0,2026-06-14 03:07:30,0.4697359948486799,0
1379,0191,0,2026-06-14 03:07:40,0.1864133934320670,0
1380,0526,0,2026-06-14 03:07:40,1.0000000000000000,0
1381,0719,0,2026-06-14 03:07:40,0.3774951706374758,0
1382,0817,0,2026-06-14 03:07:40,0.3774951706374758,0
1383,0829,0,2026-06-14 03:07:40,0.4697359948486799,0
1384,0932,0,2026-06-14 03:07:40,0.1223438506117192,0
1385,0191,0,2026-06-14 03:07:50,0.1864133934320670,0
1386,0526,0,2026-06-14 03:07:50,1.0000000000000000,0
1387,0719,0,2026-06-14 03:07:50,0.3774951706374758,0
1388,0817,0,2026-06-14 03:07:50,0.3774951706374758,0
1389,0932,0,2026-06-14 03:07:50,0.1223438506117192,0
1390,0191,0,2026-06-14 03:08:00,0.1864133934320670,0
1391,0526,0,2026-06-14 03:08:00,1.0000000000000000,0
1392,0719,0,2026-06-14 03:08:00,0.3774951706374758,0
1393,0817,0,2026-06-14 03:08:00,0.3774951706374758,0
1394,0932,0,2026-06-14 03:08:00,0.1223438506117192,0
1395,0191,0,2026-06-14 03:08:10,0.1864133934320670,0
1396,0526,0,2026-06-14 03:08:10,1.0000000000000000,0
1397,0592,0,2026-06-14 03:08:10,0.6790083708950418,0
1398,0719,0,2026-06-14 03:08:10,0.3774951706374758,0
1399,0817,0,2026-06-14 03:08:10,0.3774951706374758,0
1400,0932,0,2026-06-14 03:08:10,0.1223438506117192,0
1401,0191,0,2026-06-14 03:08:20,0.1864133934320670,0
1402,0321,0,2026-06-14 03:08:20,0.9288473921442369,0
1403,0526,0,2026-06-14 03:08:20,1.0000000000000000,0
1404,0592,0,2026-06-14 03:08:20,0.6790083708950418,1
1405,0719,0,2026-06-14 03:08:20,0.3774951706374758,0
1406,0799,0,2026-06-14 03:08:20,0.7826786864133934,0
1407,0817,0,2026-06-14 03:08:20,0.3774951706374758,0
1408,0932,0,2026-06-14 03:08:20,0.1223438506117192,0
1409,0191,0,2026-06-14 03:08:30,0.1864133934320670,0
1410,0321,0,2026-06-14 03:08:30,0.9288473921442369,0
1411,0526,0,2026-06-14 03:08:30,1.0000000000000000,0
1412,0592,0,2026-06-14 03:08:30,0.6790083708950418,0
1413,0719,0,2026-06-14 03:08:30,0.3774951706374758,0
1414,0799,0,2026-06-14 03:08:30,0.7826786864133934,0
1415,0817,0,2026-06-14 03:08:30,0.3774951706374758,0
1416,0866,0,2026-06-14 03:08:30,0.1864133934320670,0
1417,0932,0,2026-06-14 03:08:30,0.1223438506117192,0
1418,0191,0,2026-06-14 03:08:40,0.1864133934320670,0
1419,0321,0,2026-06-14 03:08:40,0.9288473921442369,0
1420,0365,0,2026-06-14 03:08:40,0.2807469414037347,0
1421,0526,0,2026-06-14 03:08:40,1.0000000000000000,0
1422,0592,0,2026-06-14 03:08:40,0.6790083708950418,0
1423,0596,0,2026-06-14 03:08:40,0.7826786864133934,1
1424,0719,0,2026-06-14 03:08:40,0.3774951706374758,0
1425,0799,0,2026-06-14 03:08:40,0.7826786864133934,0
1426,0817,0,2026-06-14 03:08:40,0.3774951706374758,0
1427,0826,0,2026-06-14 03:08:40,0.2807469414037347,0
1428,0866,0,2026-06-14 03:08:40,0.1864133934320670,0
1429,0932,0,2026-06-14 03:08:40,0.1223438506117192,0
1430,0211,0,2026-06-14 03:08:50,0.6790083708950418,0
1431,0321,0,2026-06-14 03:08:50,0.9288473921442369,0
1432,0365,0,2026-06-14 03:08:50,0.2807469414037347,0
1433,0526,0,2026-06-14 03:08:50,1.0000000000000000,0
1434,0592,0,2026-06-14 03:08:50,0.6790083708950418,0
1435,0596,0,2026-06-14 03:08:50,0.7826786864133934,0
1436,0598,0,2026-06-14 03:08:50,0.1223438506117192,0
1437,0719,0,2026-06-14 03:08:50,0.3774951706374758,0
1438,0799,0,2026-06-14 03:08:50,0.7826786864133934,0
1439,0817,0,2026-06-14 03:08:50,0.3774951706374758,0
1440,0826,0,2026-06-14 03:08:50,0.2807469414037347,0
1441,0866,0,2026-06-14 03:08:50,0.1864133934320670,0
1442,0876,0,2026-06-14 03:08:50,0.1864133934320670,0
1443,0932,0,2026-06-14 03:08:50,0.1223438506117192,0
1444,0211,0,2026-06-14 03:09:00,0.6790083708950418,0
1445,0321,0,2026-06-14 03:09:00,0.9288473921442369,0
1446,0365,0,2026-06-14 03:09:00,0.2807469414037347,0
1447,0457,0,2026-06-14 03:09:00,0.6070508692852543,1
1448,0592,0,2026-06-14 03:09:00,0.6790083708950418,0
1449,0596,0,2026-06-14 03:09:00,0.7826786864133934,0
1450,0598,0,2026-06-14 03:09:00,0.1223438506117192,0
1451,0799,0,2026-06-14 03:09:00,0.7826786864133934,0
1452,0826,0,2026-06-14 03:09:00,0.2807469414037347,0
1453,0866,0,2026-06-14 03:09:00,0.1864133934320670,0
1454,0876,0,2026-06-14 03:09:00,0.1864133934320670,0
1455,0932,0,2026-06-14 03:09:00,0.1223438506117192,0
1456,0211,0,2026-06-14 03:09:10,0.6790083708950418,1
1457,0321,0,2026-06-14 03:09:10,0.9288473921442369,0
1458,0365,0,2026-06-14 03:09:10,0.2807469414037347,0
1459,0457,0,2026-06-14 03:09:10,0.6070508692852543,0
1460,0592,0,2026-06-14 03:09:10,0.6790083708950418,0
1461,0598,0,2026-06-14 03:09:10,0.1223438506117192,0
1462,0799,0,2026-06-14 03:09:10,0.7826786864133934,0
1463,0826,0,2026-06-14 03:09:10,0.2807469414037347,0
1464,0866,0,2026-06-14 03:09:10,0.1864133934320670,0
1465,0876,0,2026-06-14 03:09:10,0.1864133934320670,0
1466,0932,0,2026-06-14 03:09:10,0.1223438506117192,0
1467,0211,0,2026-06-14 03:09:20,0.6790083708950418,0
1468,0321,0,2026-06-14 03:09:20,0.9288473921442369,0
1469,0365,0,2026-06-14 03:09:20,0.2807469414037347,0
1470,0457,0,2026-06-14 03:09:20,0.6070508692852543,0
1471,0592,0,2026-06-14 03:09:20,0.6790083708950418,0
1472,0598,0,2026-06-14 03:09:20,0.1223438506117192,1
1473,0799,0,2026-06-14 03:09:20,0.7826786864133934,0
1474,0826,0,2026-06-14 03:09:20,0.2807469414037347,0
1475,0866,0,2026-06-14 03:09:20,0.1864133934320670,0
1476,0876,0,2026-06-14 03:09:20,0.1864133934320670,0
1477,0932,0,2026-06-14 03:09:20,0.1223438506117192,0
1478,0211,0,2026-06-14 03:09:30,0.6790083708950418,0
1479,0321,0,2026-06-14 03:09:30,0.9288473921442369,0
1480,0365,0,2026-06-14 03:09:30,0.2807469414037347,0
1481,0457,0,2026-06-14 03:09:30,0.6070508692852543,0
1482,0592,0,2026-06-14 03:09:30,0.6790083708950418,0
1483,0598,0,2026-06-14 03:09:30,0.1223438506117192,0
1484,0799,0,2026-06-14 03:09:30,0.7826786864133934,0
1485,0826,0,2026-06-14 03:09:30,0.2807469414037347,0
1486,0866,0,2026-06-14 03:09:30,0.1864133934320670,0
1487,0876,0,2026-06-14 03:09:30,0.1864133934320670,0
1488,0211,0,2026-06-14 03:09:40,0.6790083708950418,0
1489,0321,0,2026-06-14 03:09:40,0.9288473921442369,0
1490,0365,0,2026-06-14 03:09:40,0.2807469414037347,0
1491,0457,0,2026-06-14 03:09:40,0.6070508692852543,0
1492,0592,0,2026-06-14 03:09:40,0.6790083708950418,0
1493,0598,0,2026-06-14 03:09:40,0.1223438506117192,0
1494,0799,0,2026-06-14 03:09:40,0.7826786864133934,0
1495,0826,0,2026-06-14 03:09:40,0.2807469414037347,0
1496,0866,0,2026-06-14 03:09:40,0.1864133934320670,0
1497,0876,0,2026-06-14 03:09:40,0.1864133934320670,0
1498,0211,0,2026-06-14 03:09:50,0.6790083708950418,0
1499,0321,0,2026-06-14 03:09:50,0.9288473921442369,0
1500,0365,0,2026-06-14 03:09:50,0.2807469414037347,0
1501,0457,0,2026-06-14 03:09:50,0.6070508692852543,0
1502,0592,0,2026-06-14 03:09:50,0.6790083708950418,0
1503,0598,0,2026-06-14 03:09:50,0.1223438506117192,0
1504,0799,0,2026-06-14 03:09:50,0.7826786864133934,0
1505,0826,0,2026-06-14 03:09:50,0.2807469414037347,0
1506,0866,0,2026-06-14 03:09:50,0.1864133934320670,0
1507,0876,0,2026-06-14 03:09:50,0.1864133934320670,0
1508,0211,0,2026-06-14 03:10:00,0.6790083708950418,0
1509,0365,0,2026-06-14 03:10:00,0.2807469414037347,1
1510,0457,0,2026-06-14 03:10:00,0.6070508692852543,0
1511,0598,0,2026-06-14 03:10:00,0.1223438506117192,0
1512,0799,0,2026-06-14 03:10:00,0.7826786864133934,0
1513,0826,0,2026-06-14 03:10:00,0.2807469414037347,0
1514,0876,0,2026-06-14 03:10:00,0.1864133934320670,0
1515,0211,0,2026-06-14 03:10:10,0.6790083708950418,0
1516,0365,0,2026-06-14 03:10:10,0.2807469414037347,0
1517,0457,0,2026-06-14 03:10:10,0.6070508692852543,0
1518,0598,0,2026-06-14 03:10:10,0.1223438506117192,0
1519,0826,0,2026-06-14 03:10:10,0.2807469414037347,0
1520,0876,0,2026-06-14 03:10:10,0.1864133934320670,0
1521,0900,0,2026-06-14 03:10:10,0.3774951706374758,0
1522,0211,0,2026-06-14 03:10:20,0.6790083708950418,0
1523,0293,0,2026-06-14 03:10:20,0.6070508692852543,0
1524,0365,0,2026-06-14 03:10:20,0.2807469414037347,0
1525,0457,0,2026-06-14 03:10:20,0.6070508692852543,0
1526,0598,0,2026-06-14 03:10:20,0.1223438506117192,0
1527,0826,0,2026-06-14 03:10:20,0.2807469414037347,0
1528,0876,0,2026-06-14 03:10:20,0.1864133934320670,0
1529,0900,0,2026-06-14 03:10:20,0.3774951706374758,1
1530,0211,0,2026-06-14 03:10:30,0.6790083708950418,0
1531,0293,0,2026-06-14 03:10:30,0.6070508692852543,0
1532,0365,0,2026-06-14 03:10:30,0.2807469414037347,0
1533,0457,0,2026-06-14 03:10:30,0.6070508692852543,0
1534,0598,0,2026-06-14 03:10:30,0.1223438506117192,0
1535,0826,0,2026-06-14 03:10:30,0.2807469414037347,0
1536,0876,0,2026-06-14 03:10:30,0.1864133934320670,0
1537,0900,0,2026-06-14 03:10:30,0.3774951706374758,0
1538,0211,0,2026-06-14 03:10:40,0.6790083708950418,0
1539,0293,0,2026-06-14 03:10:40,0.6070508692852543,1
1540,0457,0,2026-06-14 03:10:40,0.6070508692852543,0
1541,0598,0,2026-06-14 03:10:40,0.1223438506117192,0
1542,0900,0,2026-06-14 03:10:40,0.3774951706374758,0
1543,0293,0,2026-06-14 03:10:50,0.6070508692852543,1
1544,0900,0,2026-06-14 03:10:50,0.3774951706374758,0
1545,0293,0,2026-06-14 03:11:00,0.6070508692852543,0
1546,0473,0,2026-06-14 03:11:00,1.0000000000000000,0
1547,0900,0,2026-06-14 03:11:00,0.3774951706374758,0
1548,0293,0,2026-06-14 03:11:10,0.6070508692852543,0
1549,0473,0,2026-06-14 03:11:10,1.0000000000000000,0
1550,0900,0,2026-06-14 03:11:10,0.3774951706374758,0
1551,0293,0,2026-06-14 03:11:20,0.6070508692852543,0
1552,0473,0,2026-06-14 03:11:20,1.0000000000000000,0
1553,0900,0,2026-06-14 03:11:20,0.3774951706374758,0
1554,0293,0,2026-06-14 03:11:30,0.6070508692852543,0
1555,0473,0,2026-06-14 03:11:30,1.0000000000000000,0
1556,0900,0,2026-06-14 03:11:30,0.3774951706374758,0
1557,0054,0,2026-06-14 03:11:40,0.7826786864133934,0
1558,0293,0,2026-06-14 03:11:40,0.6070508692852543,0
1559,0473,0,2026-06-14 03:11:40,1.0000000000000000,0
1560,0900,0,2026-06-14 03:11:40,0.3774951706374758,1
1561,0054,0,2026-06-14 03:11:50,0.7826786864133934,0
1562,0078,0,2026-06-14 03:11:50,0.5449130714745654,0
1563,0293,0,2026-06-14 03:11:50,0.6070508692852543,0
1564,0343,0,2026-06-14 03:11:50,0.4697359948486799,0
1565,0473,0,2026-06-14 03:11:50,1.0000000000000000,0
1566,0656,0,2026-06-14 03:11:50,0.3774951706374758,0
1567,0900,0,2026-06-14 03:11:50,0.3774951706374758,0
1568,0054,0,2026-06-14 03:12:00,0.7826786864133934,0
1569,0078,0,2026-06-14 03:12:00,0.5449130714745654,0
1570,0293,0,2026-06-14 03:12:00,0.6070508692852543,0
1571,0343,0,2026-06-14 03:12:00,0.4697359948486799,0
1572,0656,0,2026-06-14 03:12:00,0.3774951706374758,0
1573,0900,0,2026-06-14 03:12:00,0.3774951706374758,0
1574,0054,0,2026-06-14 03:12:10,0.7826786864133934,0
1575,0078,0,2026-06-14 03:12:10,0.5449130714745654,0
1576,0343,0,2026-06-14 03:12:10,0.4697359948486799,0
1577,0656,0,2026-06-14 03:12:10,0.3774951706374758,0
1578,0054,0,2026-06-14 03:12:20,0.7826786864133934,0
1579,0078,0,2026-06-14 03:12:20,0.5449130714745654,0
1580,0078,0,2026-06-14 03:12:20,0.5449130714745654,0
1581,0343,0,2026-06-14 03:12:20,0.4697359948486799,1
1582,0656,0,2026-06-14 03:12:20,0.3774951706374758,0
1583,0054,0,2026-06-14 03:12:30,0.7826786864133934,0
1584,0078,0,2026-06-14 03:12:30,0.5449130714745654,0
1585,0078,0,2026-06-14 03:12:30,0.5449130714745654,0
1586,0343,0,2026-06-14 03:12:30,0.4697359948486799,0
1587,0643,0,2026-06-14 03:12:30,0.6070508692852543,0
1588,0656,0,2026-06-14 03:12:30,0.3774951706374758,1
1589,0054,0,2026-06-14 03:12:40,0.7826786864133934,0
1590,0078,0,2026-06-14 03:12:40,0.5449130714745654,1
1591,0078,0,2026-06-14 03:12:40,0.5449130714745654,0
1592,0343,0,2026-06-14 03:12:40,0.4697359948486799,0
1593,0643,0,2026-06-14 03:12:40,0.6070508692852543,0
1594,0656,0,2026-06-14 03:12:40,0.3774951706374758,0
1595,0054,0,2026-06-14 03:12:50,0.7826786864133934,0
1596,0078,0,2026-06-14 03:12:50,0.5449130714745654,0
1597,0078,0,2026-06-14 03:12:50,0.5449130714745654,0
1598,0343,0,2026-06-14 03:12:50,0.4697359948486799,0
1599,0643,0,2026-06-14 03:12:50,0.6070508692852543,0
1600,0656,0,2026-06-14 03:12:50,0.3774951706374758,0
1601,0054,0,2026-06-14 03:13:00,0.7826786864133934,1
1602,0078,0,2026-06-14 03:13:00,0.5449130714745654,0
1603,0078,0,2026-06-14 03:13:00,0.5449130714745654,0
1604,0343,0,2026-06-14 03:13:00,0.4697359948486799,0
1605,0643,0,2026-06-14 03:13:00,0.6070508692852543,0
1606,0656,0,2026-06-14 03:13:00,0.3774951706374758,0
1607,0054,0,2026-06-14 03:13:10,0.7826786864133934,0
1608,0078,0,2026-06-14 03:13:10,0.5449130714745654,0
1609,0078,0,2026-06-14 03:13:10,0.5449130714745654,0
1610,0343,0,2026-06-14 03:13:10,0.4697359948486799,0
1611,0643,0,2026-06-14 03:13:10,0.6070508692852543,0
1612,0656,0,2026-06-14 03:13:10,0.3774951706374758,0
1613,0078,0,2026-06-14 03:13:20,0.5449130714745654,0
1614,0343,0,2026-06-14 03:13:20,0.4697359948486799,0
1615,0643,0,2026-06-14 03:13:20,0.6070508692852543,0
1616,0656,0,2026-06-14 03:13:20,0.3774951706374758,0
1617,0078,0,2026-06-14 03:13:30,0.5449130714745654,0
1618,0343,0,2026-06-14 03:13:30,0.4697359948486799,0
1619,0643,0,2026-06-14 03:13:30,0.6070508692852543,0
1620,0656,0,2026-06-14 03:13:30,0.3774951706374758,0
1621,0078,0,2026-06-14 03:13:40,0.5449130714745654,0
1622,0078,0,2026-06-14 03:13:40,0.5449130714745654,0
1623,0643,0,2026-06-14 03:13:40,0.6070508692852543,0
1624,0643,0,2026-06-14 03:13:50,0.6070508692852543,0
1625,0643,0,2026-06-14 03:14:00,0.6070508692852543,0
1626,0643,0,2026-06-14 03:14:10,0.6070508692852543,1
1627,0292,0,2026-06-14 03:15:00,1.0000000000000000,0
1628,0292,0,2026-06-14 03:15:10,1.0000000000000000,0
1629,0292,0,2026-06-14 03:15:20,1.0000000000000000,0
1630,0749,0,2026-06-14 03:15:20,0.6790083708950418,1
1631,0292,0,2026-06-14 03:15:30,1.0000000000000000,1
1632,0749,0,2026-06-14 03:15:30,0.6790083708950418,0
1633,0292,0,2026-06-14 03:15:40,1.0000000000000000,0
1634,0749,0,2026-06-14 03:15:40,0.6790083708950418,0
1635,0219,0,2026-06-14 03:15:50,0.4697359948486799,0
1636,0292,0,2026-06-14 03:15:50,1.0000000000000000,0
1637,0749,0,2026-06-14 03:15:50,0.6790083708950418,1
1638,0749,0,2026-06-14 03:15:50,0.6790083708950418,0
1639,0800,0,2026-06-14 03:15:50,0.7826786864133934,0
1640,0219,0,2026-06-14 03:16:00,0.4697359948486799,0
1641,0231,0,2026-06-14 03:16:00,0.6790083708950418,0
1642,0292,0,2026-06-14 03:16:00,1.0000000000000000,0
1643,0641,0,2026-06-14 03:16:00,0.0568254990341275,0
1644,0749,0,2026-06-14 03:16:00,0.6790083708950418,0
1645,0749,0,2026-06-14 03:16:00,0.6790083708950418,0
1646,0800,0,2026-06-14 03:16:00,0.7826786864133934,0
1647,0914,0,2026-06-14 03:16:00,0.9288473921442369,1
1648,0219,0,2026-06-14 03:16:10,0.4697359948486799,0
1649,0231,0,2026-06-14 03:16:10,0.6790083708950418,0
1650,0292,0,2026-06-14 03:16:10,1.0000000000000000,0
1651,0641,0,2026-06-14 03:16:10,0.0568254990341275,0
1652,0749,0,2026-06-14 03:16:10,0.6790083708950418,0
1653,0749,0,2026-06-14 03:16:10,0.6790083708950418,0
1654,0800,0,2026-06-14 03:16:10,0.7826786864133934,0
1655,0914,0,2026-06-14 03:16:10,0.9288473921442369,1
1656,0219,0,2026-06-14 03:16:20,0.4697359948486799,0
1657,0231,0,2026-06-14 03:16:20,0.6790083708950418,0
1658,0292,0,2026-06-14 03:16:20,1.0000000000000000,0
1659,0354,0,2026-06-14 03:16:20,0.6070508692852543,0
1660,0641,0,2026-06-14 03:16:20,0.0568254990341275,0
1661,0749,0,2026-06-14 03:16:20,0.6790083708950418,0
1662,0749,0,2026-06-14 03:16:20,0.6790083708950418,0
1663,0800,0,2026-06-14 03:16:20,0.7826786864133934,0
1664,0914,0,2026-06-14 03:16:20,0.9288473921442369,0
1665,0219,0,2026-06-14 03:16:30,0.4697359948486799,1
1666,0231,0,2026-06-14 03:16:30,0.6790083708950418,0
1667,0285,0,2026-06-14 03:16:30,0.0568254990341275,0
1668,0292,0,2026-06-14 03:16:30,1.0000000000000000,0
1669,0354,0,2026-06-14 03:16:30,0.6070508692852543,0
1670,0641,0,2026-06-14 03:16:30,0.0568254990341275,0
1671,0749,0,2026-06-14 03:16:30,0.6790083708950418,0
1672,0749,0,2026-06-14 03:16:30,0.6790083708950418,0
1673,0800,0,2026-06-14 03:16:30,0.7826786864133934,0
1674,0914,0,2026-06-14 03:16:30,0.9288473921442369,0
1675,0219,0,2026-06-14 03:16:40,0.4697359948486799,0
1676,0231,0,2026-06-14 03:16:40,0.6790083708950418,0
1677,0285,0,2026-06-14 03:16:40,0.0568254990341275,0
1678,0292,0,2026-06-14 03:16:40,1.0000000000000000,0
1679,0354,0,2026-06-14 03:16:40,0.6070508692852543,0
1680,0641,0,2026-06-14 03:16:40,0.0568254990341275,0
1681,0749,0,2026-06-14 03:16:40,0.6790083708950418,0
1682,0800,0,2026-06-14 03:16:40,0.7826786864133934,0
1683,0914,0,2026-06-14 03:16:40,0.9288473921442369,0
1684,0219,0,2026-06-14 03:16:50,0.4697359948486799,0
1685,0231,0,2026-06-14 03:16:50,0.6790083708950418,1
1686,0285,0,2026-06-14 03:16:50,0.0568254990341275,0
1687,0292,0,2026-06-14 03:16:50,1.0000000000000000,0
1688,0354,0,2026-06-14 03:16:50,0.6070508692852543,0
1689,0641,0,2026-06-14 03:16:50,0.0568254990341275,0
1690,0749,0,2026-06-14 03:16:50,0.6790083708950418,0
1691,0800,0,2026-06-14 03:16:50,0.7826786864133934,0
1692,0914,0,2026-06-14 03:16:50,0.9288473921442369,0
1693,0219,0,2026-06-14 03:17:00,0.4697359948486799,0
1694,0231,0,2026-06-14 03:17:00,0.6790083708950418,0
1695,0285,0,2026-06-14 03:17:00,0.0568254990341275,0
1696,0354,0,2026-06-14 03:17:00,0.6070508692852543,0
1697,0641,0,2026-06-14 03:17:00,0.0568254990341275,0
1698,0749,0,2026-06-14 03:17:00,0.6790083708950418,0
1699,0800,0,2026-06-14 03:17:00,0.7826786864133934,1
1700,0870,0,2026-06-14 03:17:00,0.7826786864133934,0
1701,0914,0,2026-06-14 03:17:00,0.9288473921442369,0
1702,0219,0,2026-06-14 03:17:10,0.4697359948486799,0
1703,0231,0,2026-06-14 03:17:10,0.6790083708950418,1
1704,0285,0,2026-06-14 03:17:10,0.0568254990341275,0
1705,0354,0,2026-06-14 03:17:10,0.6070508692852543,0
1706,0800,0,2026-06-14 03:17:10,0.7826786864133934,0
1707,0870,0,2026-06-14 03:17:10,0.7826786864133934,0
1708,0914,0,2026-06-14 03:17:10,0.9288473921442369,0
1709,0219,0,2026-06-14 03:17:20,0.4697359948486799,0
1710,0231,0,2026-06-14 03:17:20,0.6790083708950418,0
1711,0285,0,2026-06-14 03:17:20,0.0568254990341275,0
1712,0354,0,2026-06-14 03:17:20,0.6070508692852543,0
1713,0800,0,2026-06-14 03:17:20,0.7826786864133934,1
1714,0870,0,2026-06-14 03:17:20,0.7826786864133934,0
1715,0914,0,2026-06-14 03:17:20,0.9288473921442369,0
1716,0231,0,2026-06-14 03:17:30,0.6790083708950418,0
1717,0285,0,2026-06-14 03:17:30,0.0568254990341275,1
1718,0354,0,2026-06-14 03:17:30,0.6070508692852543,0
1719,0800,0,2026-06-14 03:17:30,0.7826786864133934,0
1720,0870,0,2026-06-14 03:17:30,0.7826786864133934,0
1721,0914,0,2026-06-14 03:17:30,0.9288473921442369,0
1722,0231,0,2026-06-14 03:17:40,0.6790083708950418,0
1723,0285,0,2026-06-14 03:17:40,0.0568254990341275,0
1724,0354,0,2026-06-14 03:17:40,0.6070508692852543,0
1725,0800,0,2026-06-14 03:17:40,0.7826786864133934,0
1726,0870,0,2026-06-14 03:17:40,0.7826786864133934,0
1727,0914,0,2026-06-14 03:17:40,0.9288473921442369,0
1728,0285,0,2026-06-14 03:17:50,0.0568254990341275,0
1729,0354,0,2026-06-14 03:17:50,0.6070508692852543,0
1730,0870,0,2026-06-14 03:17:50,0.7826786864133934,0
1731,0285,0,2026-06-14 03:18:00,0.0568254990341275,0
1732,0354,0,2026-06-14 03:18:00,0.6070508692852543,0
1733,0870,0,2026-06-14 03:18:00,0.7826786864133934,0
1734,0354,0,2026-06-14 03:18:10,0.6070508692852543,1
1735,0870,0,2026-06-14 03:18:10,0.7826786864133934,0
1736,0870,0,2026-06-14 03:18:20,0.7826786864133934,0
1737,0870,0,2026-06-14 03:18:30,0.7826786864133934,0
1738,0870,0,2026-06-14 03:18:40,0.7826786864133934,1
1739,0342,0,2026-06-14 04:39:50,0.4697359948486799,0
1740,0342,0,2026-06-14 04:40:00,0.4697359948486799,0
1741,0342,0,2026-06-14 04:40:10,0.4697359948486799,1
1742,0342,0,2026-06-14 04:40:20,0.4697359948486799,1
1743,0342,0,2026-06-14 04:40:30,0.4697359948486799,0
1744,0328,0,2026-06-14 04:40:40,0.7826786864133934,0
1745,0342,0,2026-06-14 04:40:40,0.4697359948486799,0
1746,0577,0,2026-06-14 04:40:40,0.8530264005151320,1
1747,0328,0,2026-06-14 04:40:50,0.7826786864133934,0
1748,0342,0,2026-06-14 04:40:50,0.4697359948486799,0
1749,0507,0,2026-06-14 04:40:50,0.6070508692852543,0
1750,0577,0,2026-06-14 04:40:50,0.8530264005151320,0
1751,0328,0,2026-06-14 04:41:00,0.7826786864133934,0
1752,0342,0,2026-06-14 04:41:00,0.4697359948486799,0
1753,0507,0,2026-06-14 04:41:00,0.6070508692852543,0
1754,0577,0,2026-06-14 04:41:00,0.8530264005151320,0
1755,0328,0,2026-06-14 04:41:10,0.7826786864133934,1
1756,0342,0,2026-06-14 04:41:10,0.4697359948486799,0
1757,0507,0,2026-06-14 04:41:10,0.6070508692852543,0
1758,0577,0,2026-06-14 04:41:10,0.8530264005151320,0
1759,0328,0,2026-06-14 04:41:20,0.7826786864133934,0
1760,0342,0,2026-06-14 04:41:20,0.4697359948486799,0
1761,0507,0,2026-06-14 04:41:20,0.6070508692852543,0
1762,0577,0,2026-06-14 04:41:20,0.8530264005151320,0
1763,0328,0,2026-06-14 04:41:30,0.7826786864133934,0
1764,0342,0,2026-06-14 04:41:30,0.4697359948486799,0
1765,0507,0,2026-06-14 04:41:30,0.6070508692852543,0
1766,0577,0,2026-06-14 04:41:30,0.8530264005151320,0
1767,0328,0,2026-06-14 04:41:40,0.7826786864133934,0
1768,0342,0,2026-06-14 04:41:40,0.4697359948486799,0
1769,0507,0,2026-06-14 04:41:40,0.6070508692852543,0
1770,0577,0,2026-06-14 04:41:40,0.8530264005151320,0
1771,0328,0,2026-06-14 04:41:50,0.7826786864133934,0
1772,0507,0,2026-06-14 04:41:50,0.6070508692852543,0
1773,0577,0,2026-06-14 04:41:50,0.8530264005151320,0
1774,0328,0,2026-06-14 04:42:00,0.7826786864133934,0
1775,0507,0,2026-06-14 04:42:00,0.6070508692852543,0
1776,0577,0,2026-06-14 04:42:00,0.8530264005151320,0
1777,0328,0,2026-06-14 04:42:10,0.7826786864133934,0
1778,0507,0,2026-06-14 04:42:10,0.6070508692852543,0
1779,0328,0,2026-06-14 04:42:20,0.7826786864133934,0
1780,0507,0,2026-06-14 04:42:20,0.6070508692852543,1
1781,0328,0,2026-06-14 04:42:30,0.7826786864133934,0
1782,0507,0,2026-06-14 04:42:30,0.6070508692852543,1
1783,0701,0,2026-06-14 04:44:00,0.8530264005151320,0
1784,0701,0,2026-06-14 04:44:10,0.8530264005151320,0
1785,0701,0,2026-06-14 04:44:20,0.8530264005151320,0
1786,0701,0,2026-06-14 04:44:30,0.8530264005151320,0
1787,0701,0,2026-06-14 04:44:40,0.8530264005151320,0
1788,0701,0,2026-06-14 04:44:50,0.8530264005151320,0
1789,0701,0,2026-06-14 04:45:00,0.8530264005151320,0
1790,0761,0,2026-06-14 04:45:00,0.3774951706374758,1
1791,0701,0,2026-06-14 04:45:10,0.8530264005151320,0
1792,0761,0,2026-06-14 04:45:10,0.3774951706374758,0
1793,0701,0,2026-06-14 04:45:20,0.8530264005151320,1
1794,0761,0,2026-06-14 04:45:20,0.3774951706374758,0
1795,0701,0,2026-06-14 04:45:30,0.8530264005151320,1
1796,0761,0,2026-06-14 04:45:30,0.3774951706374758,0
1797,0701,0,2026-06-14 04:45:40,0.8530264005151320,0
1798,0865,0,2026-06-14 04:45:50,0.8530264005151320,0
1799,0865,0,2026-06-14 04:46:00,0.8530264005151320,0
1800,0865,0,2026-06-14 04:46:10,0.8530264005151320,0
1801,0865,0,2026-06-14 04:46:20,0.8530264005151320,0
1802,0865,0,2026-06-14 04:46:30,0.8530264005151320,0
1803,0865,0,2026-06-14 04:46:40,0.8530264005151320,1
1804,1000,0,2026-06-14 04:47:50,0.2807469414037347,1
1805,0115,0,2026-06-14 04:48:00,0.1223438506117192,0
1806,1000,0,2026-06-14 04:48:00,0.2807469414037347,0
1807,0115,0,2026-06-14 04:48:10,0.1223438506117192,0
1808,0470,0,2026-06-14 04:48:10,0.1864133934320670,0
1809,1000,0,2026-06-14 04:48:10,0.2807469414037347,0
1810,0115,0,2026-06-14 04:48:20,0.1223438506117192,0
1811,0148,0,2026-06-14 04:48:20,0.8530264005151320,0
1812,0470,0,2026-06-14 04:48:20,0.1864133934320670,0
1813,0586,0,2026-06-14 04:48:20,0.1864133934320670,0
1814,0737,0,2026-06-14 04:48:20,0.8530264005151320,0
1815,1000,0,2026-06-14 04:48:20,0.2807469414037347,0
1816,0110,0,2026-06-14 04:48:30,0.3774951706374758,0
1817,0115,0,2026-06-14 04:48:30,0.1223438506117192,0
1818,0148,0,2026-06-14 04:48:30,0.8530264005151320,1
1819,0206,0,2026-06-14 04:48:30,0.8530264005151320,0
1820,0309,0,2026-06-14 04:48:30,0.5449130714745654,0
1821,0470,0,2026-06-14 04:48:30,0.1864133934320670,0
1822,0586,0,2026-06-14 04:48:30,0.1864133934320670,0
1823,0737,0,2026-06-14 04:48:30,0.8530264005151320,0
1824,1000,0,2026-06-14 04:48:30,0.2807469414037347,0
1825,0110,0,2026-06-14 04:48:40,0.3774951706374758,0
1826,0115,0,2026-06-14 04:48:40,0.1223438506117192,0
1827,0148,0,2026-06-14 04:48:40,0.8530264005151320,0
1828,0206,0,2026-06-14 04:48:40,0.8530264005151320,0
1829,0309,0,2026-06-14 04:48:40,0.5449130714745654,0
1830,0470,0,2026-06-14 04:48:40,0.1864133934320670,0
1831,0586,0,2026-06-14 04:48:40,0.1864133934320670,0
1832,0647,0,2026-06-14 04:48:40,0.7826786864133934,1
1833,0737,0,2026-06-14 04:48:40,0.8530264005151320,0
1834,1000,0,2026-06-14 04:48:40,0.2807469414037347,0
1835,0110,0,2026-06-14 04:48:50,0.3774951706374758,0
1836,0115,0,2026-06-14 04:48:50,0.1223438506117192,0
1837,0148,0,2026-06-14 04:48:50,0.8530264005151320,0
1838,0206,0,2026-06-14 04:48:50,0.8530264005151320,0
1839,0470,0,2026-06-14 04:48:50,0.1864133934320670,0
1840,0586,0,2026-06-14 04:48:50,0.1864133934320670,0
1841,0647,0,2026-06-14 04:48:50,0.7826786864133934,1
1842,0737,0,2026-06-14 04:48:50,0.8530264005151320,0
1843,1000,0,2026-06-14 04:48:50,0.2807469414037347,0
1844,0110,0,2026-06-14 04:49:00,0.3774951706374758,0
1845,0115,0,2026-06-14 04:49:00,0.1223438506117192,0
1846,0148,0,2026-06-14 04:49:00,0.8530264005151320,0
1847,0206,0,2026-06-14 04:49:00,0.8530264005151320,0
1848,0470,0,2026-06-14 04:49:00,0.1864133934320670,0
1849,0586,0,2026-06-14 04:49:00,0.1864133934320670,0
1850,0647,0,2026-06-14 04:49:00,0.7826786864133934,0
1851,0737,0,2026-06-14 04:49:00,0.8530264005151320,0
1852,1000,0,2026-06-14 04:49:00,0.2807469414037347,0
1853,0110,0,2026-06-14 04:49:10,0.3774951706374758,0
1854,0115,0,2026-06-14 04:49:10,0.1223438506117192,0
1855,0148,0,2026-06-14 04:49:10,0.8530264005151320,0
1856,0206,0,2026-06-14 04:49:10,0.8530264005151320,1
1857,0470,0,2026-06-14 04:49:10,0.1864133934320670,0
1858,0488,0,2026-06-14 04:49:10,0.9288473921442369,0
1859,0488,0,2026-06-14 04:49:10,0.9288473921442369,0
1860,0647,0,2026-06-14 04:49:10,0.7826786864133934,0
1861,1000,0,2026-06-14 04:49:10,0.2807469414037347,0
1862,0110,0,2026-06-14 04:49:20,0.3774951706374758,0
1863,0115,0,2026-06-14 04:49:20,0.1223438506117192,0
1864,0148,0,2026-06-14 04:49:20,0.8530264005151320,0
1865,0206,0,2026-06-14 04:49:20,0.8530264005151320,0
1866,0470,0,2026-06-14 04:49:20,0.1864133934320670,0
1867,0488,0,2026-06-14 04:49:20,0.9288473921442369,0
1868,0488,0,2026-06-14 04:49:20,0.9288473921442369,0
1869,0488,0,2026-06-14 04:49:20,0.9288473921442369,0
1870,0647,0,2026-06-14 04:49:20,0.7826786864133934,0
1871,0824,0,2026-06-14 04:49:20,1.0000000000000000,1
1872,0110,0,2026-06-14 04:49:30,0.3774951706374758,0
1873,0115,0,2026-06-14 04:49:30,0.1223438506117192,0
1874,0148,0,2026-06-14 04:49:30,0.8530264005151320,0
1875,0206,0,2026-06-14 04:49:30,0.8530264005151320,0
1876,0470,0,2026-06-14 04:49:30,0.1864133934320670,0
1877,0488,0,2026-06-14 04:49:30,0.9288473921442369,0
1878,0488,0,2026-06-14 04:49:30,0.9288473921442369,0
1879,0488,0,2026-06-14 04:49:30,0.9288473921442369,0
1880,0647,0,2026-06-14 04:49:30,0.7826786864133934,0
1881,0824,0,2026-06-14 04:49:30,1.0000000000000000,1
1882,0110,0,2026-06-14 04:49:40,0.3774951706374758,0
1883,0115,0,2026-06-14 04:49:40,0.1223438506117192,0
1884,0148,0,2026-06-14 04:49:40,0.8530264005151320,0
1885,0206,0,2026-06-14 04:49:40,0.8530264005151320,0
1886,0470,0,2026-06-14 04:49:40,0.1864133934320670,0
1887,0488,0,2026-06-14 04:49:40,0.9288473921442369,0
1888,0488,0,2026-06-14 04:49:40,0.9288473921442369,0
1889,0488,0,2026-06-14 04:49:40,0.9288473921442369,0
1890,0647,0,2026-06-14 04:49:40,0.7826786864133934,0
1891,0824,0,2026-06-14 04:49:40,1.0000000000000000,0
1892,0110,0,2026-06-14 04:49:50,0.3774951706374758,0
1893,0115,0,2026-06-14 04:49:50,0.1223438506117192,0
1894,0206,0,2026-06-14 04:49:50,0.8530264005151320,0
1895,0470,0,2026-06-14 04:49:50,0.1864133934320670,0
1896,0488,0,2026-06-14 04:49:50,0.9288473921442369,0
1897,0488,0,2026-06-14 04:49:50,0.9288473921442369,0
1898,0647,0,2026-06-14 04:49:50,0.7826786864133934,0
1899,0824,0,2026-06-14 04:49:50,1.0000000000000000,0
1900,0855,0,2026-06-14 04:49:50,0.7826786864133934,0
1901,0110,0,2026-06-14 04:50:00,0.3774951706374758,0
1902,0206,0,2026-06-14 04:50:00,0.8530264005151320,0
1903,0488,0,2026-06-14 04:50:00,0.9288473921442369,0
1904,0488,0,2026-06-14 04:50:00,0.9288473921442369,0
1905,0824,0,2026-06-14 04:50:00,1.0000000000000000,0
1906,0855,0,2026-06-14 04:50:00,0.7826786864133934,0
1907,0206,0,2026-06-14 04:50:10,0.8530264005151320,0
1908,0488,0,2026-06-14 04:50:10,0.9288473921442369,0
1909,0488,0,2026-06-14 04:50:10,0.9288473921442369,0
1910,0824,0,2026-06-14 04:50:10,1.0000000000000000,0
1911,0855,0,2026-06-14 04:50:10,0.7826786864133934,0
1912,0488,0,2026-06-14 04:50:20,0.9288473921442369,0
1913,0488,0,2026-06-14 04:50:20,0.9288473921442369,0
1914,0824,0,2026-06-14 04:50:20,1.0000000000000000,0
1915,0855,0,2026-06-14 04:50:20,0.7826786864133934,0
1916,0931,0,2026-06-14 04:50:20,0.9288473921442369,0
1917,0488,0,2026-06-14 04:50:30,0.9288473921442369,0
1918,0488,0,2026-06-14 04:50:30,0.9288473921442369,1
1919,0824,0,2026-06-14 04:50:30,1.0000000000000000,0
1920,0931,0,2026-06-14 04:50:30,0.9288473921442369,0
1921,0488,0,2026-06-14 04:50:40,0.9288473921442369,0
1922,0488,0,2026-06-14 04:50:40,0.9288473921442369,0
1923,0488,0,2026-06-14 04:50:40,0.9288473921442369,0
1924,0779,0,2026-06-14 04:50:40,1.0000000000000000,0
1925,0814,0,2026-06-14 04:50:40,0.1864133934320670,0
1926,0824,0,2026-06-14 04:50:40,1.0000000000000000,0
1927,0931,0,2026-06-14 04:50:40,0.9288473921442369,0
1928,0950,0,2026-06-14 04:50:40,0.1223438506117192,0
1929,0488,0,2026-06-14 04:50:50,0.9288473921442369,0
1930,0488,0,2026-06-14 04:50:50,0.9288473921442369,0
1931,0746,0,2026-06-14 04:50:50,0.2807469414037347,0
1932,0779,0,2026-06-14 04:50:50,1.0000000000000000,0
1933,0814,0,2026-06-14 04:50:50,0.1864133934320670,0
1934,0824,0,2026-06-14 04:50:50,1.0000000000000000,0
1935,0931,0,2026-06-14 04:50:50,0.9288473921442369,0
1936,0950,0,2026-06-14 04:50:50,0.1223438506117192,0
1937,0488,0,2026-06-14 04:51:00,0.9288473921442369,1
1938,0488,0,2026-06-14 04:51:00,0.9288473921442369,0
1939,0746,0,2026-06-14 04:51:00,0.2807469414037347,0
1940,0779,0,2026-06-14 04:51:00,1.0000000000000000,0
1941,0814,0,2026-06-14 04:51:00,0.1864133934320670,0
1942,0931,0,2026-06-14 04:51:00,0.9288473921442369,0
1943,0950,0,2026-06-14 04:51:00,0.1223438506117192,0
1944,0123,0,2026-06-14 04:51:10,0.5449130714745654,0
1945,0746,0,2026-06-14 04:51:10,0.2807469414037347,0
1946,0779,0,2026-06-14 04:51:10,1.0000000000000000,0
1947,0814,0,2026-06-14 04:51:10,0.1864133934320670,0
1948,0931,0,2026-06-14 04:51:10,0.9288473921442369,0
1949,0950,0,2026-06-14 04:51:10,0.1223438506117192,0
1950,0123,0,2026-06-14 04:51:20,0.5449130714745654,0
1951,0746,0,2026-06-14 04:51:20,0.2807469414037347,0
1952,0779,0,2026-06-14 04:51:20,1.0000000000000000,0
1953,0814,0,2026-06-14 04:51:20,0.1864133934320670,0
1954,0931,0,2026-06-14 04:51:20,0.9288473921442369,1
1955,0950,0,2026-06-14 04:51:20,0.1223438506117192,0
1956,0123,0,2026-06-14 04:51:30,0.5449130714745654,0
1957,0746,0,2026-06-14 04:51:30,0.2807469414037347,0
1958,0779,0,2026-06-14 04:51:30,1.0000000000000000,0
1959,0814,0,2026-06-14 04:51:30,0.1864133934320670,0
1960,0850,0,2026-06-14 04:51:30,0.1223438506117192,0
1961,0931,0,2026-06-14 04:51:30,0.9288473921442369,0
1962,0950,0,2026-06-14 04:51:30,0.1223438506117192,0
1963,0123,0,2026-06-14 04:51:40,0.5449130714745654,0
1964,0746,0,2026-06-14 04:51:40,0.2807469414037347,0
1965,0779,0,2026-06-14 04:51:40,1.0000000000000000,1
1966,0814,0,2026-06-14 04:51:40,0.1864133934320670,0
1967,0850,0,2026-06-14 04:51:40,0.1223438506117192,0
1968,0931,0,2026-06-14 04:51:40,0.9288473921442369,0
1969,0950,0,2026-06-14 04:51:40,0.1223438506117192,0
1970,0123,0,2026-06-14 04:51:50,0.5449130714745654,0
1971,0746,0,2026-06-14 04:51:50,0.2807469414037347,0
1972,0779,0,2026-06-14 04:51:50,1.0000000000000000,0
1973,0814,0,2026-06-14 04:51:50,0.1864133934320670,0
1974,0850,0,2026-06-14 04:51:50,0.1223438506117192,0
1975,0931,0,2026-06-14 04:51:50,0.9288473921442369,0
1976,0950,0,2026-06-14 04:51:50,0.1223438506117192,0
1977,0443,0,2026-06-14 04:52:00,0.3774951706374758,0
1978,0746,0,2026-06-14 04:52:00,0.2807469414037347,0
1979,0779,0,2026-06-14 04:52:00,1.0000000000000000,0
1980,0814,0,2026-06-14 04:52:00,0.1864133934320670,0
1981,0850,0,2026-06-14 04:52:00,0.1223438506117192,0
1982,0911,0,2026-06-14 04:52:00,0.2807469414037347,1
1983,0931,0,2026-06-14 04:52:00,0.9288473921442369,0
1984,0950,0,2026-06-14 04:52:00,0.1223438506117192,0
1985,0991,0,2026-06-14 04:52:00,0.8530264005151320,0
1986,0408,0,2026-06-14 04:52:10,0.4697359948486799,0
1987,0443,0,2026-06-14 04:52:10,0.3774951706374758,1
1988,0447,0,2026-06-14 04:52:10,0.6790083708950418,0
1989,0447,0,2026-06-14 04:52:10,0.6790083708950418,0
1990,0746,0,2026-06-14 04:52:10,0.2807469414037347,0
1991,0779,0,2026-06-14 04:52:10,1.0000000000000000,0
1992,0814,0,2026-06-14 04:52:10,0.1864133934320670,0
1993,0850,0,2026-06-14 04:52:10,0.1223438506117192,0
1994,0911,0,2026-06-14 04:52:10,0.2807469414037347,0
1995,0943,0,2026-06-14 04:52:10,0.1223438506117192,0
1996,0950,0,2026-06-14 04:52:10,0.1223438506117192,0
1997,0991,0,2026-06-14 04:52:10,0.8530264005151320,0
1998,0408,0,2026-06-14 04:52:20,0.4697359948486799,0
1999,0443,0,2026-06-14 04:52:20,0.3774951706374758,0
2000,0447,0,2026-06-14 04:52:20,0.6790083708950418,0
2001,0746,0,2026-06-14 04:52:20,0.2807469414037347,0
2002,0779,0,2026-06-14 04:52:20,1.0000000000000000,0
2003,0814,0,2026-06-14 04:52:20,0.1864133934320670,0
2004,0850,0,2026-06-14 04:52:20,0.1223438506117192,0
2005,0911,0,2026-06-14 04:52:20,0.2807469414037347,0
2006,0943,0,2026-06-14 04:52:20,0.1223438506117192,0
2007,0950,0,2026-06-14 04:52:20,0.1223438506117192,0
2008,0991,0,2026-06-14 04:52:20,0.8530264005151320,1
2009,0097,0,2026-06-14 04:52:30,0.9288473921442369,0
2010,0249,0,2026-06-14 04:52:30,0.7826786864133934,0
2011,0408,0,2026-06-14 04:52:30,0.4697359948486799,0
2012,0443,0,2026-06-14 04:52:30,0.3774951706374758,0
2013,0447,0,2026-06-14 04:52:30,0.6790083708950418,0
2014,0746,0,2026-06-14 04:52:30,0.2807469414037347,0
2015,0779,0,2026-06-14 04:52:30,1.0000000000000000,0
2016,0850,0,2026-06-14 04:52:30,0.1223438506117192,0
2017,0894,0,2026-06-14 04:52:30,0.3774951706374758,0
2018,0911,0,2026-06-14 04:52:30,0.2807469414037347,0
2019,0926,0,2026-06-14 04:52:30,0.2807469414037347,0
2020,0943,0,2026-06-14 04:52:30,0.1223438506117192,0
2021,0991,0,2026-06-14 04:52:30,0.8530264005151320,0
2022,0097,0,2026-06-14 04:52:40,0.9288473921442369,0
2023,0249,0,2026-06-14 04:52:40,0.7826786864133934,0
2024,0408,0,2026-06-14 04:52:40,0.4697359948486799,0
2025,0443,0,2026-06-14 04:52:40,0.3774951706374758,0
2026,0447,0,2026-06-14 04:52:40,0.6790083708950418,0
2027,0447,0,2026-06-14 04:52:40,0.6790083708950418,0
2028,0630,0,2026-06-14 04:52:40,0.8530264005151320,0
2029,0850,0,2026-06-14 04:52:40,0.1223438506117192,0
2030,0894,0,2026-06-14 04:52:40,0.3774951706374758,0
2031,0911,0,2026-06-14 04:52:40,0.2807469414037347,0
2032,0926,0,2026-06-14 04:52:40,0.2807469414037347,0
2033,0943,0,2026-06-14 04:52:40,0.1223438506117192,0
2034,0991,0,2026-06-14 04:52:40,0.8530264005151320,0
2035,0097,0,2026-06-14 04:52:50,0.9288473921442369,0
2036,0249,0,2026-06-14 04:52:50,0.7826786864133934,0
2037,0408,0,2026-06-14 04:52:50,0.4697359948486799,0
2038,0443,0,2026-06-14 04:52:50,0.3774951706374758,0
2039,0447,0,2026-06-14 04:52:50,0.6790083708950418,0
2040,0447,0,2026-06-14 04:52:50,0.6790083708950418,0
2041,0630,0,2026-06-14 04:52:50,0.8530264005151320,0
2042,0850,0,2026-06-14 04:52:50,0.1223438506117192,0
2043,0894,0,2026-06-14 04:52:50,0.3774951706374758,0
2044,0911,0,2026-06-14 04:52:50,0.2807469414037347,0
2045,0926,0,2026-06-14 04:52:50,0.2807469414037347,0
2046,0943,0,2026-06-14 04:52:50,0.1223438506117192,0
2047,0991,0,2026-06-14 04:52:50,0.8530264005151320,0
2048,0097,0,2026-06-14 04:53:00,0.9288473921442369,0
2049,0097,0,2026-06-14 04:53:00,0.9288473921442369,1
2050,0249,0,2026-06-14 04:53:00,0.7826786864133934,0
2051,0408,0,2026-06-14 04:53:00,0.4697359948486799,0
2052,0443,0,2026-06-14 04:53:00,0.3774951706374758,0
2053,0447,0,2026-06-14 04:53:00,0.6790083708950418,0
2054,0521,0,2026-06-14 04:53:00,0.4697359948486799,0
2055,0602,0,2026-06-14 04:53:00,0.1864133934320670,0
2056,0630,0,2026-06-14 04:53:00,0.8530264005151320,0
2057,0642,0,2026-06-14 04:53:00,0.3774951706374758,0
2058,0850,0,2026-06-14 04:53:00,0.1223438506117192,0
2059,0894,0,2026-06-14 04:53:00,0.3774951706374758,0
2060,0911,0,2026-06-14 04:53:00,0.2807469414037347,0
2061,0926,0,2026-06-14 04:53:00,0.2807469414037347,0
2062,0943,0,2026-06-14 04:53:00,0.1223438506117192,0
2063,0991,0,2026-06-14 04:53:00,0.8530264005151320,0
2064,0097,0,2026-06-14 04:53:10,0.9288473921442369,0
2065,0097,0,2026-06-14 04:53:10,0.9288473921442369,0
2066,0249,0,2026-06-14 04:53:10,0.7826786864133934,0
2067,0408,0,2026-06-14 04:53:10,0.4697359948486799,0
2068,0443,0,2026-06-14 04:53:10,0.3774951706374758,0
2069,0447,0,2026-06-14 04:53:10,0.6790083708950418,0
2070,0521,0,2026-06-14 04:53:10,0.4697359948486799,0
2071,0602,0,2026-06-14 04:53:10,0.1864133934320670,0
2072,0630,0,2026-06-14 04:53:10,0.8530264005151320,0
2073,0642,0,2026-06-14 04:53:10,0.3774951706374758,0
2074,0850,0,2026-06-14 04:53:10,0.1223438506117192,0
2075,0894,0,2026-06-14 04:53:10,0.3774951706374758,1
2076,0911,0,2026-06-14 04:53:10,0.2807469414037347,0
2077,0926,0,2026-06-14 04:53:10,0.2807469414037347,0
2078,0943,0,2026-06-14 04:53:10,0.1223438506117192,0
2079,0991,0,2026-06-14 04:53:10,0.8530264005151320,0
2080,0097,0,2026-06-14 04:53:20,0.9288473921442369,0
2081,0097,0,2026-06-14 04:53:20,0.9288473921442369,0
2082,0249,0,2026-06-14 04:53:20,0.7826786864133934,1
2083,0408,0,2026-06-14 04:53:20,0.4697359948486799,0
2084,0443,0,2026-06-14 04:53:20,0.3774951706374758,0
2085,0447,0,2026-06-14 04:53:20,0.6790083708950418,0
2086,0521,0,2026-06-14 04:53:20,0.4697359948486799,0
2087,0602,0,2026-06-14 04:53:20,0.1864133934320670,0
2088,0630,0,2026-06-14 04:53:20,0.8530264005151320,0
2089,0642,0,2026-06-14 04:53:20,0.3774951706374758,0
2090,0850,0,2026-06-14 04:53:20,0.1223438506117192,0
2091,0894,0,2026-06-14 04:53:20,0.3774951706374758,0
2092,0911,0,2026-06-14 04:53:20,0.2807469414037347,0
2093,0926,0,2026-06-14 04:53:20,0.2807469414037347,0
2094,0943,0,2026-06-14 04:53:20,0.1223438506117192,0
2095,0991,0,2026-06-14 04:53:20,0.8530264005151320,0
2096,0097,0,2026-06-14 04:53:30,0.9288473921442369,1
2097,0097,0,2026-06-14 04:53:30,0.9288473921442369,0
2098,0249,0,2026-06-14 04:53:30,0.7826786864133934,0
2099,0443,0,2026-06-14 04:53:30,0.3774951706374758,0
2100,0521,0,2026-06-14 04:53:30,0.4697359948486799,0
2101,0521,0,2026-06-14 04:53:30,0.4697359948486799,0
2102,0602,0,2026-06-14 04:53:30,0.1864133934320670,0
2103,0630,0,2026-06-14 04:53:30,0.8530264005151320,0
2104,0642,0,2026-06-14 04:53:30,0.3774951706374758,0
2105,0894,0,2026-06-14 04:53:30,0.3774951706374758,0
2106,0911,0,2026-06-14 04:53:30,0.2807469414037347,0
2107,0926,0,2026-06-14 04:53:30,0.2807469414037347,0
2108,0943,0,2026-06-14 04:53:30,0.1223438506117192,0
2109,0991,0,2026-06-14 04:53:30,0.8530264005151320,0
2110,0097,0,2026-06-14 04:53:40,0.9288473921442369,0
2111,0097,0,2026-06-14 04:53:40,0.9288473921442369,0
2112,0249,0,2026-06-14 04:53:40,0.7826786864133934,0
2113,0443,0,2026-06-14 04:53:40,0.3774951706374758,0
2114,0521,0,2026-06-14 04:53:40,0.4697359948486799,0
2115,0521,0,2026-06-14 04:53:40,0.4697359948486799,0
2116,0602,0,2026-06-14 04:53:40,0.1864133934320670,0
2117,0630,0,2026-06-14 04:53:40,0.8530264005151320,0
2118,0642,0,2026-06-14 04:53:40,0.3774951706374758,0
2119,0894,0,2026-06-14 04:53:40,0.3774951706374758,0
2120,0911,0,2026-06-14 04:53:40,0.2807469414037347,0
2121,0926,0,2026-06-14 04:53:40,0.2807469414037347,0
2122,0943,0,2026-06-14 04:53:40,0.1223438506117192,0
2123,0991,0,2026-06-14 04:53:40,0.8530264005151320,0
2124,0097,0,2026-06-14 04:53:50,0.9288473921442369,0
2125,0249,0,2026-06-14 04:53:50,0.7826786864133934,0
2126,0443,0,2026-06-14 04:53:50,0.3774951706374758,0
2127,0521,0,2026-06-14 04:53:50,0.4697359948486799,0
2128,0521,0,2026-06-14 04:53:50,0.4697359948486799,0
2129,0521,0,2026-06-14 04:53:50,0.4697359948486799,0
2130,0602,0,2026-06-14 04:53:50,0.1864133934320670,0
2131,0630,0,2026-06-14 04:53:50,0.8530264005151320,1
2132,0642,0,2026-06-14 04:53:50,0.3774951706374758,0
2133,0894,0,2026-06-14 04:53:50,0.3774951706374758,0
2134,0911,0,2026-06-14 04:53:50,0.2807469414037347,0
2135,0926,0,2026-06-14 04:53:50,0.2807469414037347,0
2136,0943,0,2026-06-14 04:53:50,0.1223438506117192,0
2137,0097,0,2026-06-14 04:54:00,0.9288473921442369,0
2138,0249,0,2026-06-14 04:54:00,0.7826786864133934,0
2139,0521,0,2026-06-14 04:54:00,0.4697359948486799,0
2140,0521,0,2026-06-14 04:54:00,0.4697359948486799,0
2141,0602,0,2026-06-14 04:54:00,0.1864133934320670,0
2142,0630,0,2026-06-14 04:54:00,0.8530264005151320,0
2143,0642,0,2026-06-14 04:54:00,0.3774951706374758,0
2144,0894,0,2026-06-14 04:54:00,0.3774951706374758,0
2145,0926,0,2026-06-14 04:54:00,0.2807469414037347,0
2146,0943,0,2026-06-14 04:54:00,0.1223438506117192,0
2147,0097,0,2026-06-14 04:54:10,0.9288473921442369,0
2148,0249,0,2026-06-14 04:54:10,0.7826786864133934,0
2149,0521,0,2026-06-14 04:54:10,0.4697359948486799,0
2150,0521,0,2026-06-14 04:54:10,0.4697359948486799,1
2151,0630,0,2026-06-14 04:54:10,0.8530264005151320,0
2152,0642,0,2026-06-14 04:54:10,0.3774951706374758,0
2153,0894,0,2026-06-14 04:54:10,0.3774951706374758,0
2154,0249,0,2026-06-14 04:54:20,0.7826786864133934,0
2155,0521,0,2026-06-14 04:54:20,0.4697359948486799,0
2156,0630,0,2026-06-14 04:54:20,0.8530264005151320,0
2157,0642,0,2026-06-14 04:54:20,0.3774951706374758,1
2158,0521,0,2026-06-14 04:54:30,0.4697359948486799,0
2159,0630,0,2026-06-14 04:54:30,0.8530264005151320,0
2160,0642,0,2026-06-14 04:54:30,0.3774951706374758,0
2161,0521,0,2026-06-14 04:54:40,0.4697359948486799,1
2162,0642,0,2026-06-14 04:54:40,0.3774951706374758,0
2163,0642,0,2026-06-14 04:54:50,0.3774951706374758,0
2164,0666,0,2026-06-14 06:19:10,0.5449130714745654,0
2165,0666,0,2026-06-14 06:19:20,0.5449130714745654,0
2166,0666,0,2026-06-14 06:19:30,0.5449130714745654,0
2167,0236,0,2026-06-14 06:19:40,0.8530264005151320,0
2168,0666,0,2026-06-14 06:19:40,0.5449130714745654,0
2169,0236,0,2026-06-14 06:19:50,0.8530264005151320,0
2170,0666,0,2026-06-14 06:19:50,0.5449130714745654,0
2171,0236,0,2026-06-14 06:20:00,0.8530264005151320,0
2172,0236,0,2026-06-14 06:20:10,0.8530264005151320,0
2173,0236,0,2026-06-14 06:20:20,0.8530264005151320,1
2174,0303,0,2026-06-14 06:20:50,0.7826786864133934,1
2175,0303,0,2026-06-14 06:21:00,0.7826786864133934,0
2176,0303,0,2026-06-14 06:21:10,0.7826786864133934,0
2177,0303,0,2026-06-14 06:21:20,0.7826786864133934,0
2178,0978,0,2026-06-14 06:21:20,0.6070508692852543,0
2179,0303,0,2026-06-14 06:21:30,0.7826786864133934,0
2180,0978,0,2026-06-14 06:21:30,0.6070508692852543,0
2181,0978,0,2026-06-14 06:21:40,0.6070508692852543,0
2182,0978,0,2026-06-14 06:21:50,0.6070508692852543,0
2183,0978,0,2026-06-14 06:22:00,0.6070508692852543,1
2184,0339,0,2026-06-14 06:23:50,0.7826786864133934,1
2185,0339,0,2026-06-14 06:24:00,0.7826786864133934,0
2186,0339,0,2026-06-14 06:24:10,0.7826786864133934,0
2187,0529,0,2026-06-14 06:24:10,0.7826786864133934,0
2188,0339,0,2026-06-14 06:24:20,0.7826786864133934,0
2189,0529,0,2026-06-14 06:24:20,0.7826786864133934,1
2190,0339,0,2026-06-14 06:24:30,0.7826786864133934,0
2191,0529,0,2026-06-14 06:24:30,0.7826786864133934,0
2192,0787,0,2026-06-14 06:24:30,0.8530264005151320,0
2193,0339,0,2026-06-14 06:24:40,0.7826786864133934,0
2194,0529,0,2026-06-14 06:24:40,0.7826786864133934,0
2195,0787,0,2026-06-14 06:24:40,0.8530264005151320,0
2196,0339,0,2026-06-14 06:24:50,0.7826786864133934,0
2197,0529,0,2026-06-14 06:24:50,0.7826786864133934,0
2198,0787,0,2026-06-14 06:24:50,0.8530264005151320,0
2199,0339,0,2026-06-14 06:25:00,0.7826786864133934,0
2200,0529,0,2026-06-14 06:25:00,0.7826786864133934,0
2201,0772,0,2026-06-14 06:25:00,0.1223438506117192,1
2202,0787,0,2026-06-14 06:25:00,0.8530264005151320,0
2203,0339,0,2026-06-14 06:25:10,0.7826786864133934,0
2204,0529,0,2026-06-14 06:25:10,0.7826786864133934,0
2205,0772,0,2026-06-14 06:25:10,0.1223438506117192,1
2206,0787,0,2026-06-14 06:25:10,0.8530264005151320,0
2207,0339,0,2026-06-14 06:25:20,0.7826786864133934,0
2208,0529,0,2026-06-14 06:25:20,0.7826786864133934,0
2209,0787,0,2026-06-14 06:25:20,0.8530264005151320,0
2210,0529,0,2026-06-14 06:25:30,0.7826786864133934,1
2211,0787,0,2026-06-14 06:25:30,0.8530264005151320,0
2212,0529,0,2026-06-14 06:25:40,0.7826786864133934,0
2213,0787,0,2026-06-14 06:25:40,0.8530264005151320,0
2214,0529,0,2026-06-14 06:25:50,0.7826786864133934,0
2215,0787,0,2026-06-14 06:25:50,0.8530264005151320,0
2216,0787,0,2026-06-14 06:26:00,0.8530264005151320,1
2217,0594,0,2026-06-14 06:26:50,0.7826786864133934,1
2218,0594,0,2026-06-14 06:26:50,0.7826786864133934,0
2219,0594,0,2026-06-14 06:27:00,0.7826786864133934,0
2220,0594,0,2026-06-14 06:27:00,0.7826786864133934,0
2221,0594,0,2026-06-14 06:27:00,0.7826786864133934,0
2222,0133,0,2026-06-14 06:27:10,0.6790083708950418,0
2223,0594,0,2026-06-14 06:27:10,0.7826786864133934,0
2224,0594,0,2026-06-14 06:27:10,0.7826786864133934,0
2225,0594,0,2026-06-14 06:27:10,0.7826786864133934,0
2226,0594,0,2026-06-14 06:27:10,0.7826786864133934,0
2227,0670,0,2026-06-14 06:27:10,0.7826786864133934,0
2228,0133,0,2026-06-14 06:27:20,0.6790083708950418,0
2229,0594,0,2026-06-14 06:27:20,0.7826786864133934,1
2230,0594,0,2026-06-14 06:27:20,0.7826786864133934,0
2231,0594,0,2026-06-14 06:27:20,0.7826786864133934,0
2232,0670,0,2026-06-14 06:27:20,0.7826786864133934,0
2233,0133,0,2026-06-14 06:27:30,0.6790083708950418,0
2234,0594,0,2026-06-14 06:27:30,0.7826786864133934,0
2235,0594,0,2026-06-14 06:27:30,0.7826786864133934,0
2236,0594,0,2026-06-14 06:27:30,0.7826786864133934,0
2237,0670,0,2026-06-14 06:27:30,0.7826786864133934,1
2238,0714,0,2026-06-14 06:27:30,0.7826786864133934,0
2239,0133,0,2026-06-14 06:27:40,0.6790083708950418,1
2240,0201,0,2026-06-14 06:27:40,0.4697359948486799,0
2241,0201,0,2026-06-14 06:27:40,0.4697359948486799,0
2242,0201,0,2026-06-14 06:27:40,0.4697359948486799,0
2243,0594,0,2026-06-14 06:27:40,0.7826786864133934,0
2244,0594,0,2026-06-14 06:27:40,0.7826786864133934,0
2245,0670,0,2026-06-14 06:27:40,0.7826786864133934,0
2246,0714,0,2026-06-14 06:27:40,0.7826786864133934,0
2247,0133,0,2026-06-14 06:27:50,0.6790083708950418,0
2248,0138,0,2026-06-14 06:27:50,0.1223438506117192,0
2249,0201,0,2026-06-14 06:27:50,0.4697359948486799,0
2250,0201,0,2026-06-14 06:27:50,0.4697359948486799,0
2251,0201,0,2026-06-14 06:27:50,0.4697359948486799,0
2252,0201,0,2026-06-14 06:27:50,0.4697359948486799,0
2253,0594,0,2026-06-14 06:27:50,0.7826786864133934,0
2254,0594,0,2026-06-14 06:27:50,0.7826786864133934,0
2255,0670,0,2026-06-14 06:27:50,0.7826786864133934,0
2256,0714,0,2026-06-14 06:27:50,0.7826786864133934,0
2257,0133,0,2026-06-14 06:28:00,0.6790083708950418,0
2258,0138,0,2026-06-14 06:28:00,0.1223438506117192,1
2259,0201,0,2026-06-14 06:28:00,0.4697359948486799,0
2260,0201,0,2026-06-14 06:28:00,0.4697359948486799,0
2261,0594,0,2026-06-14 06:28:00,0.7826786864133934,0
2262,0594,0,2026-06-14 06:28:00,0.7826786864133934,0
2263,0670,0,2026-06-14 06:28:00,0.7826786864133934,0
2264,0714,0,2026-06-14 06:28:00,0.7826786864133934,0
2265,0133,0,2026-06-14 06:28:10,0.6790083708950418,0
2266,0138,0,2026-06-14 06:28:10,0.1223438506117192,0
2267,0201,0,2026-06-14 06:28:10,0.4697359948486799,0
2268,0201,0,2026-06-14 06:28:10,0.4697359948486799,0
2269,0594,0,2026-06-14 06:28:10,0.7826786864133934,0
2270,0594,0,2026-06-14 06:28:10,0.7826786864133934,0
2271,0594,0,2026-06-14 06:28:10,0.7826786864133934,0
2272,0594,0,2026-06-14 06:28:10,0.7826786864133934,0
2273,0670,0,2026-06-14 06:28:10,0.7826786864133934,0
2274,0714,0,2026-06-14 06:28:10,0.7826786864133934,0
2275,0133,0,2026-06-14 06:28:20,0.6790083708950418,0
2276,0138,0,2026-06-14 06:28:20,0.1223438506117192,0
2277,0201,0,2026-06-14 06:28:20,0.4697359948486799,0
2278,0201,0,2026-06-14 06:28:20,0.4697359948486799,0
2279,0594,0,2026-06-14 06:28:20,0.7826786864133934,0
2280,0594,0,2026-06-14 06:28:20,0.7826786864133934,0
2281,0594,0,2026-06-14 06:28:20,0.7826786864133934,0
2282,0670,0,2026-06-14 06:28:20,0.7826786864133934,0
2283,0714,0,2026-06-14 06:28:20,0.7826786864133934,0
2284,0133,0,2026-06-14 06:28:30,0.6790083708950418,0
2285,0138,0,2026-06-14 06:28:30,0.1223438506117192,0
2286,0201,0,2026-06-14 06:28:30,0.4697359948486799,0
2287,0201,0,2026-06-14 06:28:30,0.4697359948486799,1
2288,0594,0,2026-06-14 06:28:30,0.7826786864133934,0
2289,0594,0,2026-06-14 06:28:30,0.7826786864133934,0
2290,0670,0,2026-06-14 06:28:30,0.7826786864133934,0
2291,0714,0,2026-06-14 06:28:30,0.7826786864133934,0
2292,0133,0,2026-06-14 06:28:40,0.6790083708950418,0
2293,0138,0,2026-06-14 06:28:40,0.1223438506117192,0
2294,0201,0,2026-06-14 06:28:40,0.4697359948486799,0
2295,0201,0,2026-06-14 06:28:40,0.4697359948486799,0
2296,0594,0,2026-06-14 06:28:40,0.7826786864133934,0
2297,0594,0,2026-06-14 06:28:40,0.7826786864133934,0
2298,0670,0,2026-06-14 06:28:40,0.7826786864133934,0
2299,0714,0,2026-06-14 06:28:40,0.7826786864133934,0
2300,0133,0,2026-06-14 06:28:50,0.6790083708950418,0
2301,0138,0,2026-06-14 06:28:50,0.1223438506117192,0
2302,0201,0,2026-06-14 06:28:50,0.4697359948486799,0
2303,0201,0,2026-06-14 06:28:50,0.4697359948486799,0
2304,0670,0,2026-06-14 06:28:50,0.7826786864133934,0
2305,0714,0,2026-06-14 06:28:50,0.7826786864133934,0
2306,0133,0,2026-06-14 06:29:00,0.6790083708950418,0
2307,0201,0,2026-06-14 06:29:00,0.4697359948486799,1
2308,0670,0,2026-06-14 06:29:00,0.7826786864133934,0
2309,0714,0,2026-06-14 06:29:00,0.7826786864133934,0
2310,0201,0,2026-06-14 06:29:10,0.4697359948486799,0
2311,0201,0,2026-06-14 06:29:10,0.4697359948486799,0
2312,0201,0,2026-06-14 06:29:10,0.4697359948486799,0
2313,0714,0,2026-06-14 06:29:10,0.7826786864133934,0
2314,0201,0,2026-06-14 06:29:20,0.4697359948486799,0
2315,0201,0,2026-06-14 06:29:20,0.4697359948486799,0
2316,0714,0,2026-06-14 06:29:20,0.7826786864133934,1
2317,0284,0,2026-06-14 06:38:40,0.1223438506117192,1
2318,0718,0,2026-06-14 06:38:40,0.3774951706374758,0
2319,0284,0,2026-06-14 06:38:50,0.1223438506117192,0
2320,0718,0,2026-06-14 06:38:50,0.3774951706374758,0
2321,0284,0,2026-06-14 06:39:00,0.1223438506117192,0
2322,0718,0,2026-06-14 06:39:00,0.3774951706374758,0
2323,0284,0,2026-06-14 06:39:10,0.1223438506117192,0
2324,0718,0,2026-06-14 06:39:10,0.3774951706374758,0
2325,0284,0,2026-06-14 06:39:20,0.1223438506117192,0
2326,0718,0,2026-06-14 06:39:20,0.3774951706374758,0
2327,0284,0,2026-06-14 06:39:30,0.1223438506117192,0
2328,0718,0,2026-06-14 06:39:30,0.3774951706374758,0
2329,0284,0,2026-06-14 06:39:40,0.1223438506117192,0
2330,0718,0,2026-06-14 06:39:40,0.3774951706374758,0
2331,0284,0,2026-06-14 06:39:50,0.1223438506117192,0
2332,0718,0,2026-06-14 06:39:50,0.3774951706374758,0
2333,0284,0,2026-06-14 06:40:00,0.1223438506117192,0
2334,0718,0,2026-06-14 06:40:00,0.3774951706374758,0
2335,0284,0,2026-06-14 06:40:10,0.1223438506117192,0
2336,0718,0,2026-06-14 06:40:10,0.3774951706374758,0
2337,0284,0,2026-06-14 06:40:20,0.1223438506117192,0
2338,0718,0,2026-06-14 06:40:20,0.3774951706374758,0
2339,0718,0,2026-06-14 06:40:30,0.3774951706374758,1
2340,0172,0,2026-06-14 07:55:40,0.3774951706374758,0
2341,0172,0,2026-06-14 07:55:40,0.3774951706374758,0
2342,0172,0,2026-06-14 07:55:50,0.3774951706374758,0
2343,0172,0,2026-06-14 07:55:50,0.3774951706374758,0
2344,0172,0,2026-06-14 07:55:50,0.3774951706374758,0
2345,0492,0,2026-06-14 07:55:50,1.0000000000000000,0
2346,0172,0,2026-06-14 07:56:00,0.3774951706374758,0
2347,0172,0,2026-06-14 07:56:00,0.3774951706374758,0
2348,0172,0,2026-06-14 07:56:00,0.3774951706374758,0
2349,0492,0,2026-06-14 07:56:00,1.0000000000000000,1
2350,0172,0,2026-06-14 07:56:10,0.3774951706374758,0
2351,0172,0,2026-06-14 07:56:10,0.3774951706374758,0
2352,0172,0,2026-06-14 07:56:10,0.3774951706374758,0
2353,0172,0,2026-06-14 07:56:10,0.3774951706374758,0
2354,0492,0,2026-06-14 07:56:10,1.0000000000000000,0
2355,0172,0,2026-06-14 07:56:20,0.3774951706374758,0
2356,0172,0,2026-06-14 07:56:20,0.3774951706374758,0
2357,0172,0,2026-06-14 07:56:20,0.3774951706374758,0
2358,0492,0,2026-06-14 07:56:20,1.0000000000000000,0
2359,0172,0,2026-06-14 07:56:30,0.3774951706374758,0
2360,0172,0,2026-06-14 07:56:30,0.3774951706374758,0
2361,0172,0,2026-06-14 07:56:30,0.3774951706374758,0
2362,0492,0,2026-06-14 07:56:30,1.0000000000000000,0
2363,0172,0,2026-06-14 07:56:40,0.3774951706374758,0
2364,0172,0,2026-06-14 07:56:40,0.3774951706374758,0
2365,0172,0,2026-06-14 07:56:40,0.3774951706374758,0
2366,0492,0,2026-06-14 07:56:40,1.0000000000000000,0
2367,0492,0,2026-06-14 07:56:50,1.0000000000000000,0
2368,0492,0,2026-06-14 07:57:00,1.0000000000000000,0
2369,0492,0,2026-06-14 07:57:10,1.0000000000000000,0
2370,0404,0,2026-06-14 07:57:20,0.6070508692852543,0
2371,0552,0,2026-06-14 07:57:20,0.5449130714745654,1
2372,0142,0,2026-06-14 07:57:30,0.5449130714745654,0
2373,0404,0,2026-06-14 07:57:30,0.6070508692852543,1
2374,0440,0,2026-06-14 07:57:30,0.0568254990341275,0
2375,0552,0,2026-06-14 07:57:30,0.5449130714745654,0
2376,0142,0,2026-06-14 07:57:40,0.5449130714745654,1
2377,0286,0,2026-06-14 07:57:40,1.0000000000000000,0
2378,0404,0,2026-06-14 07:57:40,0.6070508692852543,0
2379,0440,0,2026-06-14 07:57:40,0.0568254990341275,0
2380,0552,0,2026-06-14 07:57:40,0.5449130714745654,0
2381,0142,0,2026-06-14 07:57:50,0.5449130714745654,0
2382,0286,0,2026-06-14 07:57:50,1.0000000000000000,0
2383,0404,0,2026-06-14 07:57:50,0.6070508692852543,0
2384,0440,0,2026-06-14 07:57:50,0.0568254990341275,0
2385,0552,0,2026-06-14 07:57:50,0.5449130714745654,0
2386,0142,0,2026-06-14 07:58:00,0.5449130714745654,0
2387,0241,0,2026-06-14 07:58:00,0.3774951706374758,0
2388,0286,0,2026-06-14 07:58:00,1.0000000000000000,1
2389,0404,0,2026-06-14 07:58:00,0.6070508692852543,0
2390,0440,0,2026-06-14 07:58:00,0.0568254990341275,0
2391,0552,0,2026-06-14 07:58:00,0.5449130714745654,0
2392,0142,0,2026-06-14 07:58:10,0.5449130714745654,0
2393,0241,0,2026-06-14 07:58:10,0.3774951706374758,1
2394,0286,0,2026-06-14 07:58:10,1.0000000000000000,0
2395,0404,0,2026-06-14 07:58:10,0.6070508692852543,0
2396,0440,0,2026-06-14 07:58:10,0.0568254990341275,0
2397,0552,0,2026-06-14 07:58:10,0.5449130714745654,0
2398,0142,0,2026-06-14 07:58:20,0.5449130714745654,0
2399,0241,0,2026-06-14 07:58:20,0.3774951706374758,0
2400,0286,0,2026-06-14 07:58:20,1.0000000000000000,0
2401,0404,0,2026-06-14 07:58:20,0.6070508692852543,0
2402,0440,0,2026-06-14 07:58:20,0.0568254990341275,0
2403,0552,0,2026-06-14 07:58:20,0.5449130714745654,0
2404,0969,0,2026-06-14 07:58:20,0.2807469414037347,1
2405,0142,0,2026-06-14 07:58:30,0.5449130714745654,0
2406,0241,0,2026-06-14 07:58:30,0.3774951706374758,0
2407,0286,0,2026-06-14 07:58:30,1.0000000000000000,0
2408,0404,0,2026-06-14 07:58:30,0.6070508692852543,0
2409,0552,0,2026-06-14 07:58:30,0.5449130714745654,0
2410,0969,0,2026-06-14 07:58:30,0.2807469414037347,0
2411,0142,0,2026-06-14 07:58:40,0.5449130714745654,0
2412,0241,0,2026-06-14 07:58:40,0.3774951706374758,0
2413,0286,0,2026-06-14 07:58:40,1.0000000000000000,0
2414,0404,0,2026-06-14 07:58:40,0.6070508692852543,0
2415,0552,0,2026-06-14 07:58:40,0.5449130714745654,0
2416,0753,0,2026-06-14 07:58:40,0.7826786864133934,0
2417,0969,0,2026-06-14 07:58:40,0.2807469414037347,0
2418,0142,0,2026-06-14 07:58:50,0.5449130714745654,0
2419,0241,0,2026-06-14 07:58:50,0.3774951706374758,0
2420,0286,0,2026-06-14 07:58:50,1.0000000000000000,0
2421,0404,0,2026-06-14 07:58:50,0.6070508692852543,0
2422,0552,0,2026-06-14 07:58:50,0.5449130714745654,0
2423,0753,0,2026-06-14 07:58:50,0.7826786864133934,0
2424,0969,0,2026-06-14 07:58:50,0.2807469414037347,0
2425,0142,0,2026-06-14 07:59:00,0.5449130714745654,0
2426,0241,0,2026-06-14 07:59:00,0.3774951706374758,0
2427,0286,0,2026-06-14 07:59:00,1.0000000000000000,0
2428,0404,0,2026-06-14 07:59:00,0.6070508692852543,0
2429,0552,0,2026-06-14 07:59:00,0.5449130714745654,0
2430,0753,0,2026-06-14 07:59:00,0.7826786864133934,1
2431,0969,0,2026-06-14 07:59:00,0.2807469414037347,0
2432,0142,0,2026-06-14 07:59:10,0.5449130714745654,0
2433,0241,0,2026-06-14 07:59:10,0.3774951706374758,0
2434,0286,0,2026-06-14 07:59:10,1.0000000000000000,0
2435,0753,0,2026-06-14 07:59:10,0.7826786864133934,0
2436,0969,0,2026-06-14 07:59:10,0.2807469414037347,0
2437,0142,0,2026-06-14 07:59:20,0.5449130714745654,0
2438,0241,0,2026-06-14 07:59:20,0.3774951706374758,0
2439,0286,0,2026-06-14 07:59:20,1.0000000000000000,0
2440,0753,0,2026-06-14 07:59:20,0.7826786864133934,0
2441,0842,0,2026-06-14 07:59:20,0.1223438506117192,1
2442,0969,0,2026-06-14 07:59:20,0.2807469414037347,0
2443,0241,0,2026-06-14 07:59:30,0.3774951706374758,0
2444,0752,0,2026-06-14 07:59:30,0.8530264005151320,1
2445,0753,0,2026-06-14 07:59:30,0.7826786864133934,0
2446,0842,0,2026-06-14 07:59:30,0.1223438506117192,0
2447,0969,0,2026-06-14 07:59:30,0.2807469414037347,0
2448,0752,0,2026-06-14 07:59:40,0.8530264005151320,0
2449,0753,0,2026-06-14 07:59:40,0.7826786864133934,0
2450,0842,0,2026-06-14 07:59:40,0.1223438506117192,0
2451,0401,0,2026-06-14 07:59:50,0.9288473921442369,1
2452,0510,0,2026-06-14 07:59:50,0.2807469414037347,0
2453,0752,0,2026-06-14 07:59:50,0.8530264005151320,0
2454,0753,0,2026-06-14 07:59:50,0.7826786864133934,0
2455,0842,0,2026-06-14 07:59:50,0.1223438506117192,0
2456,0401,0,2026-06-14 08:00:00,0.9288473921442369,0
2457,0510,0,2026-06-14 08:00:00,0.2807469414037347,1
2458,0752,0,2026-06-14 08:00:00,0.8530264005151320,0
2459,0753,0,2026-06-14 08:00:00,0.7826786864133934,0
2460,0842,0,2026-06-14 08:00:00,0.1223438506117192,0
2461,0401,0,2026-06-14 08:00:10,0.9288473921442369,0
2462,0510,0,2026-06-14 08:00:10,0.2807469414037347,0
2463,0752,0,2026-06-14 08:00:10,0.8530264005151320,0
2464,0753,0,2026-06-14 08:00:10,0.7826786864133934,0
2465,0842,0,2026-06-14 08:00:10,0.1223438506117192,0
2466,0132,0,2026-06-14 08:00:20,0.9288473921442369,0
2467,0401,0,2026-06-14 08:00:20,0.9288473921442369,0
2468,0510,0,2026-06-14 08:00:20,0.2807469414037347,0
2469,0752,0,2026-06-14 08:00:20,0.8530264005151320,1
2470,0753,0,2026-06-14 08:00:20,0.7826786864133934,0
2471,0842,0,2026-06-14 08:00:20,0.1223438506117192,0
2472,0132,0,2026-06-14 08:00:30,0.9288473921442369,0
2473,0401,0,2026-06-14 08:00:30,0.9288473921442369,0
2474,0510,0,2026-06-14 08:00:30,0.2807469414037347,0
2475,0752,0,2026-06-14 08:00:30,0.8530264005151320,0
2476,0753,0,2026-06-14 08:00:30,0.7826786864133934,0
2477,0842,0,2026-06-14 08:00:30,0.1223438506117192,0
2478,0049,0,2026-06-14 08:00:40,0.4697359948486799,0
2479,0132,0,2026-06-14 08:00:40,0.9288473921442369,1
2480,0401,0,2026-06-14 08:00:40,0.9288473921442369,0
2481,0510,0,2026-06-14 08:00:40,0.2807469414037347,0
2482,0752,0,2026-06-14 08:00:40,0.8530264005151320,0
2483,0842,0,2026-06-14 08:00:40,0.1223438506117192,0
2484,0049,0,2026-06-14 08:00:50,0.4697359948486799,0
2485,0132,0,2026-06-14 08:00:50,0.9288473921442369,0
2486,0401,0,2026-06-14 08:00:50,0.9288473921442369,0
2487,0510,0,2026-06-14 08:00:50,0.2807469414037347,0
2488,0752,0,2026-06-14 08:00:50,0.8530264005151320,0
2489,0842,0,2026-06-14 08:00:50,0.1223438506117192,0
2490,0049,0,2026-06-14 08:01:00,0.4697359948486799,0
2491,0132,0,2026-06-14 08:01:00,0.9288473921442369,0
2492,0401,0,2026-06-14 08:01:00,0.9288473921442369,0
2493,0510,0,2026-06-14 08:01:00,0.2807469414037347,0
2494,0752,0,2026-06-14 08:01:00,0.8530264005151320,0
2495,0049,0,2026-06-14 08:01:10,0.4697359948486799,1
2496,0132,0,2026-06-14 08:01:10,0.9288473921442369,0
2497,0401,0,2026-06-14 08:01:10,0.9288473921442369,0
2498,0510,0,2026-06-14 08:01:10,0.2807469414037347,0
2499,0752,0,2026-06-14 08:01:10,0.8530264005151320,0
2500,0049,0,2026-06-14 08:01:20,0.4697359948486799,0
2501,0401,0,2026-06-14 08:01:20,0.9288473921442369,0
2502,0510,0,2026-06-14 08:01:20,0.2807469414037347,0
2503,0752,0,2026-06-14 08:01:20,0.8530264005151320,0
2504,0049,0,2026-06-14 08:01:30,0.4697359948486799,0
2505,0401,0,2026-06-14 08:01:30,0.9288473921442369,0
2506,0510,0,2026-06-14 08:01:30,0.2807469414037347,0
2507,0511,0,2026-06-14 08:01:30,0.3774951706374758,0
2508,0049,0,2026-06-14 08:01:40,0.4697359948486799,0
2509,0510,0,2026-06-14 08:01:40,0.2807469414037347,0
2510,0511,0,2026-06-14 08:01:40,0.3774951706374758,1
2511,0762,0,2026-06-14 08:01:40,0.5449130714745654,0
2512,0049,0,2026-06-14 08:01:50,0.4697359948486799,0
2513,0511,0,2026-06-14 08:01:50,0.3774951706374758,0
2514,0678,0,2026-06-14 08:01:50,0.6790083708950418,0
2515,0762,0,2026-06-14 08:01:50,0.5449130714745654,0
2516,0049,0,2026-06-14 08:02:00,0.4697359948486799,0
2517,0511,0,2026-06-14 08:02:00,0.3774951706374758,0
2518,0579,0,2026-06-14 08:02:00,0.6070508692852543,1
2519,0678,0,2026-06-14 08:02:00,0.6790083708950418,0
2520,0762,0,2026-06-14 08:02:00,0.5449130714745654,0
2521,0049,0,2026-06-14 08:02:10,0.4697359948486799,0
2522,0511,0,2026-06-14 08:02:10,0.3774951706374758,0
2523,0579,0,2026-06-14 08:02:10,0.6070508692852543,0
2524,0678,0,2026-06-14 08:02:10,0.6790083708950418,1
2525,0762,0,2026-06-14 08:02:10,0.5449130714745654,0
2526,0511,0,2026-06-14 08:02:20,0.3774951706374758,0
2527,0579,0,2026-06-14 08:02:20,0.6070508692852543,0
2528,0678,0,2026-06-14 08:02:20,0.6790083708950418,0
2529,0762,0,2026-06-14 08:02:20,0.5449130714745654,1
2530,0511,0,2026-06-14 08:02:30,0.3774951706374758,0
2531,0579,0,2026-06-14 08:02:30,0.6070508692852543,0
2532,0678,0,2026-06-14 08:02:30,0.6790083708950418,0
2533,0762,0,2026-06-14 08:02:30,0.5449130714745654,0
2534,0163,0,2026-06-14 08:02:40,0.7826786864133934,0
2535,0511,0,2026-06-14 08:02:40,0.3774951706374758,0
2536,0579,0,2026-06-14 08:02:40,0.6070508692852543,0
2537,0678,0,2026-06-14 08:02:40,0.6790083708950418,0
2538,0762,0,2026-06-14 08:02:40,0.5449130714745654,0
2539,0163,0,2026-06-14 08:02:50,0.7826786864133934,0
2540,0511,0,2026-06-14 08:02:50,0.3774951706374758,0
2541,0579,0,2026-06-14 08:02:50,0.6070508692852543,0
2542,0678,0,2026-06-14 08:02:50,0.6790083708950418,0
2543,0762,0,2026-06-14 08:02:50,0.5449130714745654,0
2544,0163,0,2026-06-14 08:03:00,0.7826786864133934,0
2545,0511,0,2026-06-14 08:03:00,0.3774951706374758,0
2546,0579,0,2026-06-14 08:03:00,0.6070508692852543,0
2547,0678,0,2026-06-14 08:03:00,0.6790083708950418,0
2548,0762,0,2026-06-14 08:03:00,0.5449130714745654,0
2549,0163,0,2026-06-14 08:03:10,0.7826786864133934,1
2550,0419,0,2026-06-14 08:03:10,0.2807469414037347,0
2551,0511,0,2026-06-14 08:03:10,0.3774951706374758,0
2552,0579,0,2026-06-14 08:03:10,0.6070508692852543,0
2553,0678,0,2026-06-14 08:03:10,0.6790083708950418,0
2554,0762,0,2026-06-14 08:03:10,0.5449130714745654,0
2555,0163,0,2026-06-14 08:03:20,0.7826786864133934,0
2556,0181,0,2026-06-14 08:03:20,1.0000000000000000,1
2557,0419,0,2026-06-14 08:03:20,0.2807469414037347,0
2558,0460,0,2026-06-14 08:03:20,0.3774951706374758,0
2559,0511,0,2026-06-14 08:03:20,0.3774951706374758,0
2560,0579,0,2026-06-14 08:03:20,0.6070508692852543,0
2561,0678,0,2026-06-14 08:03:20,0.6790083708950418,0
2562,0762,0,2026-06-14 08:03:20,0.5449130714745654,0
2563,0163,0,2026-06-14 08:03:30,0.7826786864133934,0
2564,0181,0,2026-06-14 08:03:30,1.0000000000000000,0
2565,0419,0,2026-06-14 08:03:30,0.2807469414037347,1
2566,0460,0,2026-06-14 08:03:30,0.3774951706374758,0
2567,0579,0,2026-06-14 08:03:30,0.6070508692852543,0
2568,0678,0,2026-06-14 08:03:30,0.6790083708950418,0
2569,0163,0,2026-06-14 08:03:40,0.7826786864133934,0
2570,0181,0,2026-06-14 08:03:40,1.0000000000000000,0
2571,0419,0,2026-06-14 08:03:40,0.2807469414037347,0
2572,0460,0,2026-06-14 08:03:40,0.3774951706374758,1
2573,0579,0,2026-06-14 08:03:40,0.6070508692852543,0
2574,0627,0,2026-06-14 08:03:40,0.4697359948486799,0
2575,0678,0,2026-06-14 08:03:40,0.6790083708950418,0
2576,0163,0,2026-06-14 08:03:50,0.7826786864133934,0
2577,0181,0,2026-06-14 08:03:50,1.0000000000000000,0
2578,0419,0,2026-06-14 08:03:50,0.2807469414037347,0
2579,0460,0,2026-06-14 08:03:50,0.3774951706374758,1
2580,0627,0,2026-06-14 08:03:50,0.4697359948486799,0
2581,0163,0,2026-06-14 08:04:00,0.7826786864133934,0
2582,0181,0,2026-06-14 08:04:00,1.0000000000000000,0
2583,0307,0,2026-06-14 08:04:00,0.9288473921442369,1
2584,0419,0,2026-06-14 08:04:00,0.2807469414037347,0
2585,0446,0,2026-06-14 08:04:00,0.0568254990341275,0
2586,0460,0,2026-06-14 08:04:00,0.3774951706374758,0
2587,0627,0,2026-06-14 08:04:00,0.4697359948486799,0
2588,0128,0,2026-06-14 08:04:10,0.3774951706374758,0
2589,0163,0,2026-06-14 08:04:10,0.7826786864133934,0
2590,0181,0,2026-06-14 08:04:10,1.0000000000000000,0
2591,0307,0,2026-06-14 08:04:10,0.9288473921442369,1
2592,0419,0,2026-06-14 08:04:10,0.2807469414037347,0
2593,0446,0,2026-06-14 08:04:10,0.0568254990341275,0
2594,0460,0,2026-06-14 08:04:10,0.3774951706374758,0
2595,0627,0,2026-06-14 08:04:10,0.4697359948486799,0
2596,0128,0,2026-06-14 08:04:20,0.3774951706374758,0
2597,0181,0,2026-06-14 08:04:20,1.0000000000000000,0
2598,0307,0,2026-06-14 08:04:20,0.9288473921442369,0
2599,0329,0,2026-06-14 08:04:20,0.6070508692852543,0
2600,0419,0,2026-06-14 08:04:20,0.2807469414037347,0
2601,0446,0,2026-06-14 08:04:20,0.0568254990341275,0
2602,0460,0,2026-06-14 08:04:20,0.3774951706374758,0
2603,0627,0,2026-06-14 08:04:20,0.4697359948486799,0
2604,0653,0,2026-06-14 08:04:20,0.1223438506117192,1
2605,0959,0,2026-06-14 08:04:20,0.0568254990341275,0
2606,0128,0,2026-06-14 08:04:30,0.3774951706374758,1
2607,0307,0,2026-06-14 08:04:30,0.9288473921442369,0
2608,0329,0,2026-06-14 08:04:30,0.6070508692852543,0
2609,0419,0,2026-06-14 08:04:30,0.2807469414037347,0
2610,0446,0,2026-06-14 08:04:30,0.0568254990341275,0
2611,0460,0,2026-06-14 08:04:30,0.3774951706374758,0
2612,0627,0,2026-06-14 08:04:30,0.4697359948486799,0
2613,0653,0,2026-06-14 08:04:30,0.1223438506117192,0
2614,0959,0,2026-06-14 08:04:30,0.0568254990341275,0
2615,0128,0,2026-06-14 08:04:40,0.3774951706374758,0
2616,0307,0,2026-06-14 08:04:40,0.9288473921442369,0
2617,0329,0,2026-06-14 08:04:40,0.6070508692852543,0
2618,0419,0,2026-06-14 08:04:40,0.2807469414037347,0
2619,0446,0,2026-06-14 08:04:40,0.0568254990341275,0
2620,0460,0,2026-06-14 08:04:40,0.3774951706374758,0
2621,0627,0,2026-06-14 08:04:40,0.4697359948486799,0
2622,0653,0,2026-06-14 08:04:40,0.1223438506117192,0
2623,0959,0,2026-06-14 08:04:40,0.0568254990341275,1
2624,0128,0,2026-06-14 08:04:50,0.3774951706374758,0
2625,0307,0,2026-06-14 08:04:50,0.9288473921442369,0
2626,0329,0,2026-06-14 08:04:50,0.6070508692852543,1
2627,0420,0,2026-06-14 08:04:50,1.0000000000000000,0
2628,0446,0,2026-06-14 08:04:50,0.0568254990341275,0
2629,0460,0,2026-06-14 08:04:50,0.3774951706374758,0
2630,0627,0,2026-06-14 08:04:50,0.4697359948486799,0
2631,0653,0,2026-06-14 08:04:50,0.1223438506117192,0
2632,0849,0,2026-06-14 08:04:50,0.5449130714745654,0
2633,0849,0,2026-06-14 08:04:50,0.5449130714745654,0
2634,0849,0,2026-06-14 08:04:50,0.5449130714745654,0
2635,0959,0,2026-06-14 08:04:50,0.0568254990341275,0
2636,0128,0,2026-06-14 08:05:00,0.3774951706374758,0
2637,0307,0,2026-06-14 08:05:00,0.9288473921442369,0
2638,0329,0,2026-06-14 08:05:00,0.6070508692852543,0
2639,0420,0,2026-06-14 08:05:00,1.0000000000000000,0
2640,0446,0,2026-06-14 08:05:00,0.0568254990341275,0
2641,0460,0,2026-06-14 08:05:00,0.3774951706374758,0
2642,0627,0,2026-06-14 08:05:00,0.4697359948486799,0
2643,0653,0,2026-06-14 08:05:00,0.1223438506117192,0
2644,0849,0,2026-06-14 08:05:00,0.5449130714745654,0
2645,0849,0,2026-06-14 08:05:00,0.5449130714745654,0
2646,0849,0,2026-06-14 08:05:00,0.5449130714745654,0
2647,0959,0,2026-06-14 08:05:00,0.0568254990341275,0
2648,0128,0,2026-06-14 08:05:10,0.3774951706374758,0
2649,0307,0,2026-06-14 08:05:10,0.9288473921442369,0
2650,0329,0,2026-06-14 08:05:10,0.6070508692852543,0
2651,0420,0,2026-06-14 08:05:10,1.0000000000000000,1
2652,0446,0,2026-06-14 08:05:10,0.0568254990341275,0
2653,0627,0,2026-06-14 08:05:10,0.4697359948486799,0
2654,0653,0,2026-06-14 08:05:10,0.1223438506117192,0
2655,0849,0,2026-06-14 08:05:10,0.5449130714745654,0
2656,0849,0,2026-06-14 08:05:10,0.5449130714745654,0
2657,0849,0,2026-06-14 08:05:10,0.5449130714745654,0
2658,0849,0,2026-06-14 08:05:10,0.5449130714745654,0
2659,0959,0,2026-06-14 08:05:10,0.0568254990341275,0
2660,0971,0,2026-06-14 08:05:10,1.0000000000000000,0
2661,0128,0,2026-06-14 08:05:20,0.3774951706374758,0
2662,0307,0,2026-06-14 08:05:20,0.9288473921442369,0
2663,0329,0,2026-06-14 08:05:20,0.6070508692852543,0
2664,0420,0,2026-06-14 08:05:20,1.0000000000000000,0
2665,0446,0,2026-06-14 08:05:20,0.0568254990341275,0
2666,0468,0,2026-06-14 08:05:20,0.2807469414037347,0
2667,0534,0,2026-06-14 08:05:20,0.1223438506117192,0
2668,0653,0,2026-06-14 08:05:20,0.1223438506117192,0
2669,0849,0,2026-06-14 08:05:20,0.5449130714745654,0
2670,0849,0,2026-06-14 08:05:20,0.5449130714745654,0
2671,0849,0,2026-06-14 08:05:20,0.5449130714745654,0
2672,0849,0,2026-06-14 08:05:20,0.5449130714745654,0
2673,0849,0,2026-06-14 08:05:20,0.5449130714745654,0
2674,0959,0,2026-06-14 08:05:20,0.0568254990341275,0
2675,0971,0,2026-06-14 08:05:20,1.0000000000000000,1
2676,0128,0,2026-06-14 08:05:30,0.3774951706374758,0
2677,0307,0,2026-06-14 08:05:30,0.9288473921442369,0
2678,0329,0,2026-06-14 08:05:30,0.6070508692852543,0
2679,0420,0,2026-06-14 08:05:30,1.0000000000000000,0
2680,0446,0,2026-06-14 08:05:30,0.0568254990341275,0
2681,0468,0,2026-06-14 08:05:30,0.2807469414037347,0
2682,0534,0,2026-06-14 08:05:30,0.1223438506117192,0
2683,0653,0,2026-06-14 08:05:30,0.1223438506117192,0
2684,0849,0,2026-06-14 08:05:30,0.5449130714745654,0
2685,0849,0,2026-06-14 08:05:30,0.5449130714745654,0
2686,0849,0,2026-06-14 08:05:30,0.5449130714745654,0
2687,0849,0,2026-06-14 08:05:30,0.5449130714745654,0
2688,0959,0,2026-06-14 08:05:30,0.0568254990341275,0
2689,0971,0,2026-06-14 08:05:30,1.0000000000000000,0
2690,0128,0,2026-06-14 08:05:40,0.3774951706374758,0
2691,0307,0,2026-06-14 08:05:40,0.9288473921442369,0
2692,0329,0,2026-06-14 08:05:40,0.6070508692852543,0
2693,0420,0,2026-06-14 08:05:40,1.0000000000000000,0
2694,0468,0,2026-06-14 08:05:40,0.2807469414037347,0
2695,0534,0,2026-06-14 08:05:40,0.1223438506117192,0
2696,0621,0,2026-06-14 08:05:40,1.0000000000000000,1
2697,0653,0,2026-06-14 08:05:40,0.1223438506117192,0
2698,0849,0,2026-06-14 08:05:40,0.5449130714745654,0
2699,0849,0,2026-06-14 08:05:40,0.5449130714745654,0
2700,0849,0,2026-06-14 08:05:40,0.5449130714745654,0
2701,0849,0,2026-06-14 08:05:40,0.5449130714745654,0
2702,0959,0,2026-06-14 08:05:40,0.0568254990341275,0
2703,0971,0,2026-06-14 08:05:40,1.0000000000000000,0
2704,0329,0,2026-06-14 08:05:50,0.6070508692852543,0
2705,0420,0,2026-06-14 08:05:50,1.0000000000000000,0
2706,0433,0,2026-06-14 08:05:50,0.4697359948486799,0
2707,0468,0,2026-06-14 08:05:50,0.2807469414037347,0
2708,0534,0,2026-06-14 08:05:50,0.1223438506117192,0
2709,0621,0,2026-06-14 08:05:50,1.0000000000000000,1
2710,0653,0,2026-06-14 08:05:50,0.1223438506117192,0
2711,0849,0,2026-06-14 08:05:50,0.5449130714745654,0
2712,0849,0,2026-06-14 08:05:50,0.5449130714745654,0
2713,0849,0,2026-06-14 08:05:50,0.5449130714745654,0
2714,0849,0,2026-06-14 08:05:50,0.5449130714745654,0
2715,0959,0,2026-06-14 08:05:50,0.0568254990341275,0
2716,0971,0,2026-06-14 08:05:50,1.0000000000000000,0
2717,0329,0,2026-06-14 08:06:00,0.6070508692852543,0
2718,0420,0,2026-06-14 08:06:00,1.0000000000000000,0
2719,0433,0,2026-06-14 08:06:00,0.4697359948486799,0
2720,0468,0,2026-06-14 08:06:00,0.2807469414037347,0
2721,0534,0,2026-06-14 08:06:00,0.1223438506117192,0
2722,0621,0,2026-06-14 08:06:00,1.0000000000000000,0
2723,0849,0,2026-06-14 08:06:00,0.5449130714745654,0
2724,0849,0,2026-06-14 08:06:00,0.5449130714745654,0
2725,0849,0,2026-06-14 08:06:00,0.5449130714745654,0
2726,0849,0,2026-06-14 08:06:00,0.5449130714745654,0
2727,0971,0,2026-06-14 08:06:00,1.0000000000000000,0
2728,0329,0,2026-06-14 08:06:10,0.6070508692852543,0
2729,0420,0,2026-06-14 08:06:10,1.0000000000000000,0
2730,0433,0,2026-06-14 08:06:10,0.4697359948486799,0
2731,0433,0,2026-06-14 08:06:10,0.4697359948486799,0
2732,0468,0,2026-06-14 08:06:10,0.2807469414037347,0
2733,0534,0,2026-06-14 08:06:10,0.1223438506117192,0
2734,0621,0,2026-06-14 08:06:10,1.0000000000000000,0
2735,0849,0,2026-06-14 08:06:10,0.5449130714745654,0
2736,0849,0,2026-06-14 08:06:10,0.5449130714745654,1
2737,0849,0,2026-06-14 08:06:10,0.5449130714745654,0
2738,0849,0,2026-06-14 08:06:10,0.5449130714745654,0
2739,0971,0,2026-06-14 08:06:10,1.0000000000000000,0
2740,0420,0,2026-06-14 08:06:20,1.0000000000000000,0
2741,0433,0,2026-06-14 08:06:20,0.4697359948486799,0
2742,0433,0,2026-06-14 08:06:20,0.4697359948486799,0
2743,0433,0,2026-06-14 08:06:20,0.4697359948486799,0
2744,0433,0,2026-06-14 08:06:20,0.4697359948486799,0
2745,0468,0,2026-06-14 08:06:20,0.2807469414037347,0
2746,0534,0,2026-06-14 08:06:20,0.1223438506117192,0
2747,0621,0,2026-06-14 08:06:20,1.0000000000000000,0
2748,0849,0,2026-06-14 08:06:20,0.5449130714745654,0
2749,0849,0,2026-06-14 08:06:20,0.5449130714745654,0
2750,0849,0,2026-06-14 08:06:20,0.5449130714745654,0
2751,0971,0,2026-06-14 08:06:20,1.0000000000000000,0
2752,0433,0,2026-06-14 08:06:30,0.4697359948486799,0
2753,0433,0,2026-06-14 08:06:30,0.4697359948486799,0
2754,0433,0,2026-06-14 08:06:30,0.4697359948486799,0
2755,0433,0,2026-06-14 08:06:30,0.4697359948486799,0
2756,0433,0,2026-06-14 08:06:30,0.4697359948486799,0
2757,0468,0,2026-06-14 08:06:30,0.2807469414037347,0
2758,0534,0,2026-06-14 08:06:30,0.1223438506117192,0
2759,0621,0,2026-06-14 08:06:30,1.0000000000000000,0
2760,0849,0,2026-06-14 08:06:30,0.5449130714745654,0
2761,0849,0,2026-06-14 08:06:30,0.5449130714745654,0
2762,0849,0,2026-06-14 08:06:30,0.5449130714745654,0
2763,0971,0,2026-06-14 08:06:30,1.0000000000000000,0
2764,0433,0,2026-06-14 08:06:40,0.4697359948486799,0
2765,0433,0,2026-06-14 08:06:40,0.4697359948486799,0
2766,0433,0,2026-06-14 08:06:40,0.4697359948486799,0
2767,0433,0,2026-06-14 08:06:40,0.4697359948486799,0
2768,0433,0,2026-06-14 08:06:40,0.4697359948486799,0
2769,0468,0,2026-06-14 08:06:40,0.2807469414037347,0
2770,0534,0,2026-06-14 08:06:40,0.1223438506117192,0
2771,0621,0,2026-06-14 08:06:40,1.0000000000000000,0
2772,0849,0,2026-06-14 08:06:40,0.5449130714745654,1
2773,0849,0,2026-06-14 08:06:40,0.5449130714745654,0
2774,0433,0,2026-06-14 08:06:50,0.4697359948486799,0
2775,0433,0,2026-06-14 08:06:50,0.4697359948486799,0
2776,0433,0,2026-06-14 08:06:50,0.4697359948486799,0
2777,0433,0,2026-06-14 08:06:50,0.4697359948486799,0
2778,0433,0,2026-06-14 08:06:50,0.4697359948486799,0
2779,0468,0,2026-06-14 08:06:50,0.2807469414037347,0
2780,0534,0,2026-06-14 08:06:50,0.1223438506117192,0
2781,0621,0,2026-06-14 08:06:50,1.0000000000000000,0
2782,0433,0,2026-06-14 08:07:00,0.4697359948486799,0
2783,0433,0,2026-06-14 08:07:00,0.4697359948486799,1
2784,0433,0,2026-06-14 08:07:00,0.4697359948486799,0
2785,0433,0,2026-06-14 08:07:00,0.4697359948486799,0
2786,0433,0,2026-06-14 08:07:00,0.4697359948486799,0
2787,0468,0,2026-06-14 08:07:00,0.2807469414037347,0
2788,0534,0,2026-06-14 08:07:00,0.1223438506117192,0
2789,0621,0,2026-06-14 08:07:00,1.0000000000000000,0
2790,0433,0,2026-06-14 08:07:10,0.4697359948486799,0
2791,0433,0,2026-06-14 08:07:10,0.4697359948486799,0
2792,0433,0,2026-06-14 08:07:10,0.4697359948486799,0
2793,0534,0,2026-06-14 08:07:10,0.1223438506117192,0
2794,0621,0,2026-06-14 08:07:10,1.0000000000000000,0
2795,0433,0,2026-06-14 08:07:20,0.4697359948486799,0
2796,0433,0,2026-06-14 08:07:20,0.4697359948486799,0
2797,0621,0,2026-06-14 08:07:20,1.0000000000000000,0
2798,0433,0,2026-06-14 08:07:30,0.4697359948486799,1
2799,0621,0,2026-06-14 08:07:30,1.0000000000000000,0
2800,0156,0,2026-06-14 08:09:50,0.7826786864133934,0
2801,0156,0,2026-06-14 08:10:00,0.7826786864133934,0
2802,0156,0,2026-06-14 08:10:10,0.7826786864133934,0
2803,0156,0,2026-06-14 08:10:20,0.7826786864133934,1
2804,0156,0,2026-06-14 08:10:30,0.7826786864133934,0
2805,0156,0,2026-06-14 08:10:40,0.7826786864133934,0
2806,0156,0,2026-06-14 08:10:50,0.7826786864133934,0
2807,0226,0,2026-06-14 08:10:50,0.7826786864133934,0
2808,0226,0,2026-06-14 08:11:00,0.7826786864133934,0
2809,0226,0,2026-06-14 08:11:10,0.7826786864133934,0
2810,0226,0,2026-06-14 08:11:20,0.7826786864133934,0
2811,0226,0,2026-06-14 08:11:30,0.7826786864133934,0
2812,0226,0,2026-06-14 08:11:40,0.7826786864133934,1
2813,0226,0,2026-06-14 08:11:50,0.7826786864133934,0
2814,0226,0,2026-06-14 08:12:00,0.7826786864133934,0
2815,0226,0,2026-06-14 08:12:10,0.7826786864133934,1
2816,0226,0,2026-06-14 08:12:20,0.7826786864133934,0
2817,0226,0,2026-06-14 08:12:30,0.7826786864133934,0
2818,0226,0,2026-06-14 08:12:40,0.7826786864133934,0
2819,0716,0,2026-06-14 08:13:00,0.8530264005151320,0
2820,0716,0,2026-06-14 08:13:10,0.8530264005151320,0
2821,0716,0,2026-06-14 08:13:20,0.8530264005151320,0
2822,0716,0,2026-06-14 08:13:30,0.8530264005151320,0
2823,0716,0,2026-06-14 08:13:40,0.8530264005151320,0
2824,0716,0,2026-06-14 08:13:50,0.8530264005151320,0
2825,0716,0,2026-06-14 08:14:00,0.8530264005151320,1
2826,0716,0,2026-06-14 08:14:10,0.8530264005151320,0
2827,0716,0,2026-06-14 08:14:20,0.8530264005151320,0
2828,0716,0,2026-06-14 08:14:30,0.8530264005151320,0
2829,0144,0,2026-06-14 08:14:40,0.3774951706374758,1
2830,0716,0,2026-06-14 08:14:40,0.8530264005151320,0
2831,0144,0,2026-06-14 08:14:50,0.3774951706374758,0
2832,0144,0,2026-06-14 08:15:00,0.3774951706374758,0
2833,0570,0,2026-06-14 08:15:00,0.1223438506117192,0
2834,0144,0,2026-06-14 08:15:10,0.3774951706374758,0
2835,0570,0,2026-06-14 08:15:10,0.1223438506117192,0
2836,0144,0,2026-06-14 08:15:20,0.3774951706374758,0
2837,0570,0,2026-06-14 08:15:20,0.1223438506117192,0
2838,0144,0,2026-06-14 08:15:30,0.3774951706374758,0
2839,0570,0,2026-06-14 08:15:30,0.1223438506117192,0
2840,0144,0,2026-06-14 08:15:40,0.3774951706374758,0
2841,0570,0,2026-06-14 08:15:40,0.1223438506117192,0
2842,0144,0,2026-06-14 08:15:50,0.3774951706374758,0
2843,0499,0,2026-06-14 08:15:50,0.2807469414037347,1
2844,0570,0,2026-06-14 08:15:50,0.1223438506117192,0
2845,0144,0,2026-06-14 08:16:00,0.3774951706374758,0
2846,0499,0,2026-06-14 08:16:00,0.2807469414037347,1
2847,0570,0,2026-06-14 08:16:00,0.1223438506117192,0
2848,0570,0,2026-06-14 08:16:10,0.1223438506117192,0
2849,0570,0,2026-06-14 08:16:20,0.1223438506117192,0
2850,0570,0,2026-06-14 08:16:30,0.1223438506117192,0
2851,0570,0,2026-06-14 08:16:40,0.1223438506117192,0
2852,0570,0,2026-06-14 08:16:50,0.1223438506117192,1
2853,0175,0,2026-06-14 08:22:20,1.0000000000000000,0
2854,0175,0,2026-06-14 08:22:30,1.0000000000000000,0
2855,0175,0,2026-06-14 08:22:40,1.0000000000000000,0
2856,0175,0,2026-06-14 08:22:50,1.0000000000000000,0
2857,0175,0,2026-06-14 08:23:00,1.0000000000000000,0
2858,0175,0,2026-06-14 08:23:10,1.0000000000000000,0
2859,0175,0,2026-06-14 08:23:20,1.0000000000000000,0
2860,0175,0,2026-06-14 08:23:30,1.0000000000000000,0
2861,0175,0,2026-06-14 08:23:40,1.0000000000000000,0
2862,0175,0,2026-06-14 08:23:50,1.0000000000000000,0
2863,0175,0,2026-06-14 08:24:00,1.0000000000000000,1
2864,0175,0,2026-06-14 08:24:10,1.0000000000000000,1
2865,0193,0,2026-06-14 09:35:20,0.0568254990341275,0
2866,0193,0,2026-06-14 09:35:30,0.0568254990341275,0
2867,0193,0,2026-06-14 09:35:40,0.0568254990341275,0
2868,0193,0,2026-06-14 09:35:50,0.0568254990341275,1
2869,0193,0,2026-06-14 09:36:00,0.0568254990341275,0
2870,0193,0,2026-06-14 09:36:10,0.0568254990341275,0
2871,0481,0,2026-06-14 09:36:10,1.0000000000000000,0
2872,0193,0,2026-06-14 09:36:20,0.0568254990341275,0
2873,0481,0,2026-06-14 09:36:20,1.0000000000000000,1
2874,0193,0,2026-06-14 09:36:30,0.0568254990341275,0
2875,0481,0,2026-06-14 09:36:30,1.0000000000000000,0
2876,0166,0,2026-06-14 09:36:40,0.3774951706374758,0
2877,0481,0,2026-06-14 09:36:40,1.0000000000000000,0
2878,0065,0,2026-06-14 09:36:50,0.5449130714745654,1
2879,0166,0,2026-06-14 09:36:50,0.3774951706374758,0
2880,0065,0,2026-06-14 09:37:00,0.5449130714745654,0
2881,0166,0,2026-06-14 09:37:00,0.3774951706374758,1
2882,0616,0,2026-06-14 09:37:00,0.6070508692852543,0
2883,0065,0,2026-06-14 09:37:10,0.5449130714745654,0
2884,0166,0,2026-06-14 09:37:10,0.3774951706374758,0
2885,0616,0,2026-06-14 09:37:10,0.6070508692852543,0
2886,0695,0,2026-06-14 09:37:10,0.0568254990341275,0
2887,0065,0,2026-06-14 09:37:20,0.5449130714745654,0
2888,0166,0,2026-06-14 09:37:20,0.3774951706374758,0
2889,0616,0,2026-06-14 09:37:20,0.6070508692852543,0
2890,0695,0,2026-06-14 09:37:20,0.0568254990341275,1
2891,0065,0,2026-06-14 09:37:30,0.5449130714745654,0
2892,0166,0,2026-06-14 09:37:30,0.3774951706374758,0
2893,0509,0,2026-06-14 09:37:30,0.9288473921442369,0
2894,0616,0,2026-06-14 09:37:30,0.6070508692852543,1
2895,0695,0,2026-06-14 09:37:30,0.0568254990341275,0
2896,0065,0,2026-06-14 09:37:40,0.5449130714745654,0
2897,0166,0,2026-06-14 09:37:40,0.3774951706374758,0
2898,0509,0,2026-06-14 09:37:40,0.9288473921442369,1
2899,0616,0,2026-06-14 09:37:40,0.6070508692852543,0
2900,0695,0,2026-06-14 09:37:40,0.0568254990341275,0
2901,0065,0,2026-06-14 09:37:50,0.5449130714745654,0
2902,0087,0,2026-06-14 09:37:50,0.6790083708950418,1
2903,0102,0,2026-06-14 09:37:50,0.7826786864133934,0
2904,0166,0,2026-06-14 09:37:50,0.3774951706374758,0
2905,0268,0,2026-06-14 09:37:50,0.5449130714745654,0
2906,0509,0,2026-06-14 09:37:50,0.9288473921442369,0
2907,0616,0,2026-06-14 09:37:50,0.6070508692852543,0
2908,0695,0,2026-06-14 09:37:50,0.0568254990341275,0
2909,0065,0,2026-06-14 09:38:00,0.5449130714745654,0
2910,0087,0,2026-06-14 09:38:00,0.6790083708950418,0
2911,0102,0,2026-06-14 09:38:00,0.7826786864133934,0
2912,0166,0,2026-06-14 09:38:00,0.3774951706374758,0
2913,0268,0,2026-06-14 09:38:00,0.5449130714745654,0
2914,0509,0,2026-06-14 09:38:00,0.9288473921442369,0
2915,0616,0,2026-06-14 09:38:00,0.6070508692852543,0
2916,0695,0,2026-06-14 09:38:00,0.0568254990341275,0
2917,0087,0,2026-06-14 09:38:10,0.6790083708950418,0
2918,0102,0,2026-06-14 09:38:10,0.7826786864133934,1
2919,0166,0,2026-06-14 09:38:10,0.3774951706374758,0
2920,0268,0,2026-06-14 09:38:10,0.5449130714745654,0
2921,0509,0,2026-06-14 09:38:10,0.9288473921442369,0
2922,0616,0,2026-06-14 09:38:10,0.6070508692852543,0
2923,0695,0,2026-06-14 09:38:10,0.0568254990341275,0
2924,0809,0,2026-06-14 09:38:10,0.6790083708950418,0
2925,0087,0,2026-06-14 09:38:20,0.6790083708950418,0
2926,0102,0,2026-06-14 09:38:20,0.7826786864133934,0
2927,0268,0,2026-06-14 09:38:20,0.5449130714745654,0
2928,0379,0,2026-06-14 09:38:20,0.8530264005151320,0
2929,0509,0,2026-06-14 09:38:20,0.9288473921442369,0
2930,0616,0,2026-06-14 09:38:20,0.6070508692852543,0
2931,0695,0,2026-06-14 09:38:20,0.0568254990341275,0
2932,0809,0,2026-06-14 09:38:20,0.6790083708950418,0
2933,0087,0,2026-06-14 09:38:30,0.6790083708950418,0
2934,0102,0,2026-06-14 09:38:30,0.7826786864133934,0
2935,0137,0,2026-06-14 09:38:30,1.0000000000000000,0
2936,0268,0,2026-06-14 09:38:30,0.5449130714745654,0
2937,0317,0,2026-06-14 09:38:30,0.1223438506117192,0
2938,0379,0,2026-06-14 09:38:30,0.8530264005151320,0
2939,0475,0,2026-06-14 09:38:30,0.7826786864133934,0
2940,0509,0,2026-06-14 09:38:30,0.9288473921442369,0
2941,0538,0,2026-06-14 09:38:30,0.4697359948486799,0
2942,0616,0,2026-06-14 09:38:30,0.6070508692852543,0
2943,0695,0,2026-06-14 09:38:30,0.0568254990341275,0
2944,0769,0,2026-06-14 09:38:30,0.9288473921442369,1
2945,0087,0,2026-06-14 09:38:40,0.6790083708950418,0
2946,0102,0,2026-06-14 09:38:40,0.7826786864133934,0
2947,0137,0,2026-06-14 09:38:40,1.0000000000000000,0
2948,0212,0,2026-06-14 09:38:40,0.7826786864133934,0
2949,0268,0,2026-06-14 09:38:40,0.5449130714745654,0
2950,0317,0,2026-06-14 09:38:40,0.1223438506117192,0
2951,0379,0,2026-06-14 09:38:40,0.8530264005151320,0
2952,0442,0,2026-06-14 09:38:40,0.7826786864133934,0
2953,0475,0,2026-06-14 09:38:40,0.7826786864133934,0
2954,0509,0,2026-06-14 09:38:40,0.9288473921442369,0
2955,0530,0,2026-06-14 09:38:40,0.6790083708950418,0
2956,0538,0,2026-06-14 09:38:40,0.4697359948486799,0
2957,0575,0,2026-06-14 09:38:40,0.9288473921442369,1
2958,0616,0,2026-06-14 09:38:40,0.6070508692852543,0
2959,0695,0,2026-06-14 09:38:40,0.0568254990341275,0
2960,0731,0,2026-06-14 09:38:40,0.6070508692852543,0
2961,0769,0,2026-06-14 09:38:40,0.9288473921442369,0
2962,0841,0,2026-06-14 09:38:40,0.6790083708950418,0
2963,0841,0,2026-06-14 09:38:40,0.6790083708950418,0
2964,0841,0,2026-06-14 09:38:40,0.6790083708950418,0
2965,0102,0,2026-06-14 09:38:50,0.7826786864133934,0
2966,0137,0,2026-06-14 09:38:50,1.0000000000000000,0
2967,0212,0,2026-06-14 09:38:50,0.7826786864133934,0
2968,0229,0,2026-06-14 09:38:50,0.6070508692852543,0
2969,0268,0,2026-06-14 09:38:50,0.5449130714745654,0
2970,0317,0,2026-06-14 09:38:50,0.1223438506117192,0
2971,0379,0,2026-06-14 09:38:50,0.8530264005151320,0
2972,0442,0,2026-06-14 09:38:50,0.7826786864133934,0
2973,0475,0,2026-06-14 09:38:50,0.7826786864133934,0
2974,0491,0,2026-06-14 09:38:50,1.0000000000000000,1
2975,0509,0,2026-06-14 09:38:50,0.9288473921442369,0
2976,0530,0,2026-06-14 09:38:50,0.6790083708950418,0
2977,0538,0,2026-06-14 09:38:50,0.4697359948486799,0
2978,0575,0,2026-06-14 09:38:50,0.9288473921442369,0
2979,0616,0,2026-06-14 09:38:50,0.6070508692852543,0
2980,0695,0,2026-06-14 09:38:50,0.0568254990341275,0
2981,0731,0,2026-06-14 09:38:50,0.6070508692852543,0
2982,0769,0,2026-06-14 09:38:50,0.9288473921442369,0
2983,0841,0,2026-06-14 09:38:50,0.6790083708950418,0
2984,0841,0,2026-06-14 09:38:50,0.6790083708950418,0
2985,0841,0,2026-06-14 09:38:50,0.6790083708950418,0
2986,0841,0,2026-06-14 09:38:50,0.6790083708950418,0
2987,0841,0,2026-06-14 09:38:50,0.6790083708950418,0
2988,0102,0,2026-06-14 09:39:00,0.7826786864133934,0
2989,0137,0,2026-06-14 09:39:00,1.0000000000000000,0
2990,0137,0,2026-06-14 09:39:00,1.0000000000000000,0
2991,0212,0,2026-06-14 09:39:00,0.7826786864133934,0
2992,0229,0,2026-06-14 09:39:00,0.6070508692852543,0
2993,0268,0,2026-06-14 09:39:00,0.5449130714745654,0
2994,0317,0,2026-06-14 09:39:00,0.1223438506117192,0
2995,0379,0,2026-06-14 09:39:00,0.8530264005151320,0
2996,0442,0,2026-06-14 09:39:00,0.7826786864133934,0
2997,0475,0,2026-06-14 09:39:00,0.7826786864133934,0
2998,0491,0,2026-06-14 09:39:00,1.0000000000000000,0
2999,0509,0,2026-06-14 09:39:00,0.9288473921442369,0
3000,0530,0,2026-06-14 09:39:00,0.6790083708950418,0
3001,0538,0,2026-06-14 09:39:00,0.4697359948486799,0
3002,0575,0,2026-06-14 09:39:00,0.9288473921442369,0
3003,0695,0,2026-06-14 09:39:00,0.0568254990341275,0
3004,0731,0,2026-06-14 09:39:00,0.6070508692852543,0
3005,0769,0,2026-06-14 09:39:00,0.9288473921442369,0
3006,0841,0,2026-06-14 09:39:00,0.6790083708950418,0
3007,0841,0,2026-06-14 09:39:00,0.6790083708950418,0
3008,0841,0,2026-06-14 09:39:00,0.6790083708950418,0
3009,0841,0,2026-06-14 09:39:00,0.6790083708950418,0
3010,0841,0,2026-06-14 09:39:00,0.6790083708950418,0
3011,0102,0,2026-06-14 09:39:10,0.7826786864133934,0
3012,0137,0,2026-06-14 09:39:10,1.0000000000000000,0
3013,0137,0,2026-06-14 09:39:10,1.0000000000000000,1
3014,0212,0,2026-06-14 09:39:10,0.7826786864133934,0
3015,0229,0,2026-06-14 09:39:10,0.6070508692852543,0
3016,0268,0,2026-06-14 09:39:10,0.5449130714745654,0
3017,0317,0,2026-06-14 09:39:10,0.1223438506117192,0
3018,0379,0,2026-06-14 09:39:10,0.8530264005151320,0
3019,0442,0,2026-06-14 09:39:10,0.7826786864133934,0
3020,0475,0,2026-06-14 09:39:10,0.7826786864133934,0
3021,0491,0,2026-06-14 09:39:10,1.0000000000000000,0
3022,0530,0,2026-06-14 09:39:10,0.6790083708950418,0
3023,0538,0,2026-06-14 09:39:10,0.4697359948486799,0
3024,0575,0,2026-06-14 09:39:10,0.9288473921442369,0
3025,0731,0,2026-06-14 09:39:10,0.6070508692852543,0
3026,0769,0,2026-06-14 09:39:10,0.9288473921442369,0
3027,0841,0,2026-06-14 09:39:10,0.6790083708950418,0
3028,0841,0,2026-06-14 09:39:10,0.6790083708950418,0
3029,0841,0,2026-06-14 09:39:10,0.6790083708950418,0
3030,0841,0,2026-06-14 09:39:10,0.6790083708950418,0
3031,0841,0,2026-06-14 09:39:10,0.6790083708950418,0
3032,0102,0,2026-06-14 09:39:20,0.7826786864133934,0
3033,0137,0,2026-06-14 09:39:20,1.0000000000000000,0
3034,0137,0,2026-06-14 09:39:20,1.0000000000000000,0
3035,0212,0,2026-06-14 09:39:20,0.7826786864133934,1
3036,0229,0,2026-06-14 09:39:20,0.6070508692852543,0
3037,0268,0,2026-06-14 09:39:20,0.5449130714745654,0
3038,0317,0,2026-06-14 09:39:20,0.1223438506117192,0
3039,0379,0,2026-06-14 09:39:20,0.8530264005151320,0
3040,0442,0,2026-06-14 09:39:20,0.7826786864133934,0
3041,0475,0,2026-06-14 09:39:20,0.7826786864133934,0
3042,0491,0,2026-06-14 09:39:20,1.0000000000000000,0
3043,0530,0,2026-06-14 09:39:20,0.6790083708950418,0
3044,0538,0,2026-06-14 09:39:20,0.4697359948486799,0
3045,0575,0,2026-06-14 09:39:20,0.9288473921442369,0
3046,0731,0,2026-06-14 09:39:20,0.6070508692852543,0
3047,0769,0,2026-06-14 09:39:20,0.9288473921442369,0
3048,0841,0,2026-06-14 09:39:20,0.6790083708950418,0
3049,0841,0,2026-06-14 09:39:20,0.6790083708950418,0
3050,0841,0,2026-06-14 09:39:20,0.6790083708950418,0
3051,0841,0,2026-06-14 09:39:20,0.6790083708950418,0
3052,0102,0,2026-06-14 09:39:30,0.7826786864133934,0
3053,0137,0,2026-06-14 09:39:30,1.0000000000000000,0
3054,0212,0,2026-06-14 09:39:30,0.7826786864133934,0
3055,0229,0,2026-06-14 09:39:30,0.6070508692852543,0
3056,0268,0,2026-06-14 09:39:30,0.5449130714745654,0
3057,0317,0,2026-06-14 09:39:30,0.1223438506117192,0
3058,0379,0,2026-06-14 09:39:30,0.8530264005151320,0
3059,0424,0,2026-06-14 09:39:30,0.2807469414037347,0
3060,0442,0,2026-06-14 09:39:30,0.7826786864133934,0
3061,0475,0,2026-06-14 09:39:30,0.7826786864133934,1
3062,0491,0,2026-06-14 09:39:30,1.0000000000000000,0
3063,0530,0,2026-06-14 09:39:30,0.6790083708950418,0
3064,0538,0,2026-06-14 09:39:30,0.4697359948486799,0
3065,0575,0,2026-06-14 09:39:30,0.9288473921442369,0
3066,0731,0,2026-06-14 09:39:30,0.6070508692852543,0
3067,0769,0,2026-06-14 09:39:30,0.9288473921442369,0
3068,0841,0,2026-06-14 09:39:30,0.6790083708950418,0
3069,0841,0,2026-06-14 09:39:30,0.6790083708950418,0
3070,0841,0,2026-06-14 09:39:30,0.6790083708950418,0
3071,0841,0,2026-06-14 09:39:30,0.6790083708950418,0
3072,0841,0,2026-06-14 09:39:30,0.6790083708950418,0
3073,0102,0,2026-06-14 09:39:40,0.7826786864133934,0
3074,0137,0,2026-06-14 09:39:40,1.0000000000000000,1
3075,0212,0,2026-06-14 09:39:40,0.7826786864133934,0
3076,0229,0,2026-06-14 09:39:40,0.6070508692852543,0
3077,0317,0,2026-06-14 09:39:40,0.1223438506117192,0
3078,0379,0,2026-06-14 09:39:40,0.8530264005151320,0
3079,0424,0,2026-06-14 09:39:40,0.2807469414037347,0
3080,0425,0,2026-06-14 09:39:40,0.7826786864133934,0
3081,0442,0,2026-06-14 09:39:40,0.7826786864133934,0
3082,0475,0,2026-06-14 09:39:40,0.7826786864133934,0
3083,0491,0,2026-06-14 09:39:40,1.0000000000000000,0
3084,0530,0,2026-06-14 09:39:40,0.6790083708950418,0
3085,0538,0,2026-06-14 09:39:40,0.4697359948486799,0
3086,0575,0,2026-06-14 09:39:40,0.9288473921442369,0
3087,0731,0,2026-06-14 09:39:40,0.6070508692852543,0
3088,0769,0,2026-06-14 09:39:40,0.9288473921442369,0
3089,0841,0,2026-06-14 09:39:40,0.6790083708950418,0
3090,0841,0,2026-06-14 09:39:40,0.6790083708950418,0
3091,0841,0,2026-06-14 09:39:40,0.6790083708950418,0
3092,0841,0,2026-06-14 09:39:40,0.6790083708950418,0
3093,0841,0,2026-06-14 09:39:40,0.6790083708950418,0
3094,0137,0,2026-06-14 09:39:50,1.0000000000000000,0
3095,0212,0,2026-06-14 09:39:50,0.7826786864133934,1
3096,0317,0,2026-06-14 09:39:50,0.1223438506117192,0
3097,0375,0,2026-06-14 09:39:50,0.4697359948486799,0
3098,0375,0,2026-06-14 09:39:50,0.4697359948486799,0
3099,0379,0,2026-06-14 09:39:50,0.8530264005151320,0
3100,0424,0,2026-06-14 09:39:50,0.2807469414037347,0
3101,0425,0,2026-06-14 09:39:50,0.7826786864133934,0
3102,0442,0,2026-06-14 09:39:50,0.7826786864133934,0
3103,0475,0,2026-06-14 09:39:50,0.7826786864133934,0
3104,0491,0,2026-06-14 09:39:50,1.0000000000000000,0
3105,0538,0,2026-06-14 09:39:50,0.4697359948486799,0
3106,0575,0,2026-06-14 09:39:50,0.9288473921442369,0
3107,0731,0,2026-06-14 09:39:50,0.6070508692852543,0
3108,0668,1,2026-06-13 10:27:50,0.7826786864133934,0
3109,0668,1,2026-06-13 10:28:00,0.7826786864133934,0
3110,0668,1,2026-06-13 10:28:10,0.7826786864133934,0
3111,0668,1,2026-06-13 10:28:20,0.7826786864133934,0
3112,0668,1,2026-06-13 10:28:30,0.7826786864133934,0
3113,0668,1,2026-06-13 10:28:40,0.7826786864133934,0
3114,0668,1,2026-06-13 10:28:50,0.7826786864133934,1
3115,0668,1,2026-06-13 10:29:00,0.7826786864133934,0
3116,0668,1,2026-06-13 10:29:10,0.7826786864133934,0
3117,0465,1,2026-06-13 10:29:20,0.1864133934320670,0
3118,0668,1,2026-06-13 10:29:20,0.7826786864133934,0
3119,0094,1,2026-06-13 10:29:30,0.1223438506117192,1
3120,0465,1,2026-06-13 10:29:30,0.1864133934320670,0
3121,0668,1,2026-06-13 10:29:30,0.7826786864133934,0
3122,0094,1,2026-06-13 10:29:40,0.1223438506117192,0
3123,0465,1,2026-06-13 10:29:40,0.1864133934320670,0
3124,0094,1,2026-06-13 10:29:50,0.1223438506117192,0
3125,0459,1,2026-06-13 10:29:50,0.2807469414037347,0
3126,0459,1,2026-06-13 10:29:50,0.2807469414037347,0
3127,0459,1,2026-06-13 10:29:50,0.2807469414037347,0
3128,0465,1,2026-06-13 10:29:50,0.1864133934320670,1
3129,0542,1,2026-06-13 10:29:50,0.3774951706374758,0
3130,0094,1,2026-06-13 10:30:00,0.1223438506117192,0
3131,0280,1,2026-06-13 10:30:00,0.1864133934320670,0
3132,0280,1,2026-06-13 10:30:00,0.1864133934320670,0
3133,0280,1,2026-06-13 10:30:00,0.1864133934320670,0
3134,0459,1,2026-06-13 10:30:00,0.2807469414037347,0
3135,0459,1,2026-06-13 10:30:00,0.2807469414037347,0
3136,0459,1,2026-06-13 10:30:00,0.2807469414037347,0
3137,0465,1,2026-06-13 10:30:00,0.1864133934320670,0
3138,0542,1,2026-06-13 10:30:00,0.3774951706374758,0
3139,0940,1,2026-06-13 10:30:00,0.9288473921442369,0
3140,0094,1,2026-06-13 10:30:10,0.1223438506117192,0
3141,0280,1,2026-06-13 10:30:10,0.1864133934320670,0
3142,0280,1,2026-06-13 10:30:10,0.1864133934320670,0
3143,0280,1,2026-06-13 10:30:10,0.1864133934320670,0
3144,0459,1,2026-06-13 10:30:10,0.2807469414037347,0
3145,0459,1,2026-06-13 10:30:10,0.2807469414037347,0
3146,0459,1,2026-06-13 10:30:10,0.2807469414037347,0
3147,0459,1,2026-06-13 10:30:10,0.2807469414037347,0
3148,0459,1,2026-06-13 10:30:10,0.2807469414037347,0
3149,0465,1,2026-06-13 10:30:10,0.1864133934320670,0
3150,0542,1,2026-06-13 10:30:10,0.3774951706374758,0
3151,0917,1,2026-06-13 10:30:10,0.6070508692852543,1
3152,0940,1,2026-06-13 10:30:10,0.9288473921442369,0
3153,0094,1,2026-06-13 10:30:20,0.1223438506117192,0
3154,0280,1,2026-06-13 10:30:20,0.1864133934320670,0
3155,0280,1,2026-06-13 10:30:20,0.1864133934320670,0
3156,0459,1,2026-06-13 10:30:20,0.2807469414037347,0
3157,0459,1,2026-06-13 10:30:20,0.2807469414037347,0
3158,0459,1,2026-06-13 10:30:20,0.2807469414037347,0
3159,0459,1,2026-06-13 10:30:20,0.2807469414037347,0
3160,0459,1,2026-06-13 10:30:20,0.2807469414037347,0
3161,0459,1,2026-06-13 10:30:20,0.2807469414037347,0
3162,0465,1,2026-06-13 10:30:20,0.1864133934320670,0
3163,0542,1,2026-06-13 10:30:20,0.3774951706374758,0
3164,0917,1,2026-06-13 10:30:20,0.6070508692852543,1
3165,0940,1,2026-06-13 10:30:20,0.9288473921442369,0
3166,0094,1,2026-06-13 10:30:30,0.1223438506117192,0
3167,0280,1,2026-06-13 10:30:30,0.1864133934320670,0
3168,0280,1,2026-06-13 10:30:30,0.1864133934320670,0
3169,0280,1,2026-06-13 10:30:30,0.1864133934320670,0
3170,0280,1,2026-06-13 10:30:30,0.1864133934320670,0
3171,0280,1,2026-06-13 10:30:30,0.1864133934320670,0
3172,0280,1,2026-06-13 10:30:30,0.1864133934320670,0
3173,0459,1,2026-06-13 10:30:30,0.2807469414037347,0
3174,0459,1,2026-06-13 10:30:30,0.2807469414037347,0
3175,0459,1,2026-06-13 10:30:30,0.2807469414037347,0
3176,0459,1,2026-06-13 10:30:30,0.2807469414037347,0
3177,0459,1,2026-06-13 10:30:30,0.2807469414037347,0
3178,0459,1,2026-06-13 10:30:30,0.2807469414037347,0
3179,0465,1,2026-06-13 10:30:30,0.1864133934320670,0
3180,0542,1,2026-06-13 10:30:30,0.3774951706374758,0
3181,0561,1,2026-06-13 10:30:30,0.8530264005151320,0
3182,0917,1,2026-06-13 10:30:30,0.6070508692852543,0
3183,0940,1,2026-06-13 10:30:30,0.9288473921442369,0
3184,0094,1,2026-06-13 10:30:40,0.1223438506117192,0
3185,0280,1,2026-06-13 10:30:40,0.1864133934320670,0
3186,0280,1,2026-06-13 10:30:40,0.1864133934320670,0
3187,0280,1,2026-06-13 10:30:40,0.1864133934320670,0
3188,0280,1,2026-06-13 10:30:40,0.1864133934320670,0
3189,0280,1,2026-06-13 10:30:40,0.1864133934320670,0
3190,0280,1,2026-06-13 10:30:40,0.1864133934320670,1
3191,0459,1,2026-06-13 10:30:40,0.2807469414037347,0
3192,0459,1,2026-06-13 10:30:40,0.2807469414037347,0
3193,0459,1,2026-06-13 10:30:40,0.2807469414037347,0
3194,0459,1,2026-06-13 10:30:40,0.2807469414037347,0
3195,0459,1,2026-06-13 10:30:40,0.2807469414037347,0
3196,0459,1,2026-06-13 10:30:40,0.2807469414037347,0
3197,0465,1,2026-06-13 10:30:40,0.1864133934320670,0
3198,0542,1,2026-06-13 10:30:40,0.3774951706374758,0
3199,0561,1,2026-06-13 10:30:40,0.8530264005151320,0
3200,0917,1,2026-06-13 10:30:40,0.6070508692852543,0
3201,0940,1,2026-06-13 10:30:40,0.9288473921442369,0
3202,0094,1,2026-06-13 10:30:50,0.1223438506117192,0
3203,0280,1,2026-06-13 10:30:50,0.1864133934320670,0
3204,0280,1,2026-06-13 10:30:50,0.1864133934320670,0
3205,0280,1,2026-06-13 10:30:50,0.1864133934320670,0
3206,0280,1,2026-06-13 10:30:50,0.1864133934320670,0
3207,0280,1,2026-06-13 10:30:50,0.1864133934320670,0
3208,0280,1,2026-06-13 10:30:50,0.1864133934320670,0
3209,0459,1,2026-06-13 10:30:50,0.2807469414037347,0
3210,0459,1,2026-06-13 10:30:50,0.2807469414037347,0
3211,0459,1,2026-06-13 10:30:50,0.2807469414037347,0
3212,0459,1,2026-06-13 10:30:50,0.2807469414037347,0
3213,0459,1,2026-06-13 10:30:50,0.2807469414037347,0
3214,0465,1,2026-06-13 10:30:50,0.1864133934320670,0
3215,0542,1,2026-06-13 10:30:50,0.3774951706374758,0
3216,0561,1,2026-06-13 10:30:50,0.8530264005151320,0
3217,0917,1,2026-06-13 10:30:50,0.6070508692852543,0
3218,0940,1,2026-06-13 10:30:50,0.9288473921442369,0
3219,0094,1,2026-06-13 10:31:00,0.1223438506117192,0
3220,0280,1,2026-06-13 10:31:00,0.1864133934320670,0
3221,0280,1,2026-06-13 10:31:00,0.1864133934320670,0
3222,0280,1,2026-06-13 10:31:00,0.1864133934320670,0
3223,0280,1,2026-06-13 10:31:00,0.1864133934320670,0
3224,0280,1,2026-06-13 10:31:00,0.1864133934320670,0
3225,0280,1,2026-06-13 10:31:00,0.1864133934320670,0
3226,0459,1,2026-06-13 10:31:00,0.2807469414037347,0
3227,0459,1,2026-06-13 10:31:00,0.2807469414037347,0
3228,0459,1,2026-06-13 10:31:00,0.2807469414037347,0
3229,0459,1,2026-06-13 10:31:00,0.2807469414037347,0
3230,0459,1,2026-06-13 10:31:00,0.2807469414037347,0
3231,0465,1,2026-06-13 10:31:00,0.1864133934320670,0
3232,0542,1,2026-06-13 10:31:00,0.3774951706374758,0
3233,0561,1,2026-06-13 10:31:00,0.8530264005151320,0
3234,0917,1,2026-06-13 10:31:00,0.6070508692852543,0
3235,0940,1,2026-06-13 10:31:00,0.9288473921442369,0
3236,0094,1,2026-06-13 10:31:10,0.1223438506117192,0
3237,0280,1,2026-06-13 10:31:10,0.1864133934320670,0
3238,0280,1,2026-06-13 10:31:10,0.1864133934320670,0
3239,0280,1,2026-06-13 10:31:10,0.1864133934320670,0
3240,0280,1,2026-06-13 10:31:10,0.1864133934320670,0
3241,0280,1,2026-06-13 10:31:10,0.1864133934320670,1
3242,0280,1,2026-06-13 10:31:10,0.1864133934320670,0
3243,0459,1,2026-06-13 10:31:10,0.2807469414037347,0
3244,0459,1,2026-06-13 10:31:10,0.2807469414037347,0
3245,0459,1,2026-06-13 10:31:10,0.2807469414037347,0
3246,0459,1,2026-06-13 10:31:10,0.2807469414037347,0
3247,0459,1,2026-06-13 10:31:10,0.2807469414037347,0
3248,0459,1,2026-06-13 10:31:10,0.2807469414037347,0
3249,0465,1,2026-06-13 10:31:10,0.1864133934320670,0
3250,0542,1,2026-06-13 10:31:10,0.3774951706374758,0
3251,0561,1,2026-06-13 10:31:10,0.8530264005151320,0
3252,0917,1,2026-06-13 10:31:10,0.6070508692852543,0
3253,0940,1,2026-06-13 10:31:10,0.9288473921442369,0
3254,0280,1,2026-06-13 10:31:20,0.1864133934320670,0
3255,0280,1,2026-06-13 10:31:20,0.1864133934320670,0
3256,0280,1,2026-06-13 10:31:20,0.1864133934320670,0
3257,0280,1,2026-06-13 10:31:20,0.1864133934320670,0
3258,0280,1,2026-06-13 10:31:20,0.1864133934320670,0
3259,0280,1,2026-06-13 10:31:20,0.1864133934320670,0
3260,0459,1,2026-06-13 10:31:20,0.2807469414037347,0
3261,0459,1,2026-06-13 10:31:20,0.2807469414037347,0
3262,0459,1,2026-06-13 10:31:20,0.2807469414037347,0
3263,0459,1,2026-06-13 10:31:20,0.2807469414037347,0
3264,0459,1,2026-06-13 10:31:20,0.2807469414037347,0
3265,0542,1,2026-06-13 10:31:20,0.3774951706374758,0
3266,0561,1,2026-06-13 10:31:20,0.8530264005151320,0
3267,0940,1,2026-06-13 10:31:20,0.9288473921442369,0
3268,0139,1,2026-06-13 10:31:30,0.2807469414037347,0
3269,0280,1,2026-06-13 10:31:30,0.1864133934320670,0
3270,0280,1,2026-06-13 10:31:30,0.1864133934320670,0
3271,0280,1,2026-06-13 10:31:30,0.1864133934320670,0
3272,0280,1,2026-06-13 10:31:30,0.1864133934320670,0
3273,0459,1,2026-06-13 10:31:30,0.2807469414037347,0
3274,0459,1,2026-06-13 10:31:30,0.2807469414037347,0
3275,0459,1,2026-06-13 10:31:30,0.2807469414037347,0
3276,0459,1,2026-06-13 10:31:30,0.2807469414037347,0
3277,0542,1,2026-06-13 10:31:30,0.3774951706374758,1
3278,0561,1,2026-06-13 10:31:30,0.8530264005151320,0
3279,0940,1,2026-06-13 10:31:30,0.9288473921442369,0
3280,0139,1,2026-06-13 10:31:40,0.2807469414037347,0
3281,0280,1,2026-06-13 10:31:40,0.1864133934320670,0
3282,0280,1,2026-06-13 10:31:40,0.1864133934320670,0
3283,0280,1,2026-06-13 10:31:40,0.1864133934320670,0
3284,0280,1,2026-06-13 10:31:40,0.1864133934320670,0
3285,0459,1,2026-06-13 10:31:40,0.2807469414037347,0
3286,0459,1,2026-06-13 10:31:40,0.2807469414037347,0
3287,0459,1,2026-06-13 10:31:40,0.2807469414037347,0
3288,0542,1,2026-06-13 10:31:40,0.3774951706374758,1
3289,0561,1,2026-06-13 10:31:40,0.8530264005151320,0
3290,0940,1,2026-06-13 10:31:40,0.9288473921442369,0
3291,0139,1,2026-06-13 10:31:50,0.2807469414037347,0
3292,0280,1,2026-06-13 10:31:50,0.1864133934320670,0
3293,0280,1,2026-06-13 10:31:50,0.1864133934320670,0
3294,0280,1,2026-06-13 10:31:50,0.1864133934320670,0
3295,0561,1,2026-06-13 10:31:50,0.8530264005151320,0
3296,0940,1,2026-06-13 10:31:50,0.9288473921442369,0
3297,0139,1,2026-06-13 10:32:00,0.2807469414037347,0
3298,0561,1,2026-06-13 10:32:00,0.8530264005151320,0
3299,0139,1,2026-06-13 10:32:10,0.2807469414037347,0
3300,0561,1,2026-06-13 10:32:10,0.8530264005151320,0
3301,0139,1,2026-06-13 10:32:20,0.2807469414037347,0
3302,0561,1,2026-06-13 10:32:20,0.8530264005151320,1
3303,0139,1,2026-06-13 10:32:30,0.2807469414037347,0
3304,0139,1,2026-06-13 10:32:40,0.2807469414037347,0
3305,0371,1,2026-06-13 10:32:40,0.9288473921442369,0
3306,0139,1,2026-06-13 10:32:50,0.2807469414037347,0
3307,0371,1,2026-06-13 10:32:50,0.9288473921442369,0
3308,0864,1,2026-06-13 10:32:50,0.4697359948486799,1
3309,0139,1,2026-06-13 10:33:00,0.2807469414037347,0
3310,0371,1,2026-06-13 10:33:00,0.9288473921442369,0
3311,0864,1,2026-06-13 10:33:00,0.4697359948486799,0
3312,0139,1,2026-06-13 10:33:10,0.2807469414037347,0
3313,0371,1,2026-06-13 10:33:10,0.9288473921442369,0
3314,0692,1,2026-06-13 10:33:10,0.2807469414037347,1
3315,0692,1,2026-06-13 10:33:10,0.2807469414037347,0
3316,0692,1,2026-06-13 10:33:10,0.2807469414037347,0
3317,0864,1,2026-06-13 10:33:10,0.4697359948486799,0
3318,0371,1,2026-06-13 10:33:20,0.9288473921442369,0
3319,0415,1,2026-06-13 10:33:20,0.0568254990341275,0
3320,0692,1,2026-06-13 10:33:20,0.2807469414037347,0
3321,0692,1,2026-06-13 10:33:20,0.2807469414037347,0
3322,0692,1,2026-06-13 10:33:20,0.2807469414037347,0
3323,0692,1,2026-06-13 10:33:20,0.2807469414037347,0
3324,0864,1,2026-06-13 10:33:20,0.4697359948486799,0
3325,0371,1,2026-06-13 10:33:30,0.9288473921442369,0
3326,0415,1,2026-06-13 10:33:30,0.0568254990341275,0
3327,0562,1,2026-06-13 10:33:30,0.0568254990341275,0
3328,0692,1,2026-06-13 10:33:30,0.2807469414037347,0
3329,0692,1,2026-06-13 10:33:30,0.2807469414037347,0
3330,0692,1,2026-06-13 10:33:30,0.2807469414037347,0
3331,0864,1,2026-06-13 10:33:30,0.4697359948486799,0
3332,0371,1,2026-06-13 10:33:40,0.9288473921442369,0
3333,0388,1,2026-06-13 10:33:40,1.0000000000000000,0
3334,0415,1,2026-06-13 10:33:40,0.0568254990341275,0
3335,0562,1,2026-06-13 10:33:40,0.0568254990341275,0
3336,0692,1,2026-06-13 10:33:40,0.2807469414037347,0
3337,0692,1,2026-06-13 10:33:40,0.2807469414037347,0
3338,0692,1,2026-06-13 10:33:40,0.2807469414037347,0
3339,0864,1,2026-06-13 10:33:40,0.4697359948486799,0
3340,0371,1,2026-06-13 10:33:50,0.9288473921442369,0
3341,0388,1,2026-06-13 10:33:50,1.0000000000000000,1
3342,0415,1,2026-06-13 10:33:50,0.0568254990341275,0
3343,0562,1,2026-06-13 10:33:50,0.0568254990341275,0
3344,0692,1,2026-06-13 10:33:50,0.2807469414037347,0
3345,0692,1,2026-06-13 10:33:50,0.2807469414037347,0
3346,0864,1,2026-06-13 10:33:50,0.4697359948486799,0
3347,0371,1,2026-06-13 10:34:00,0.9288473921442369,0
3348,0388,1,2026-06-13 10:34:00,1.0000000000000000,1
3349,0415,1,2026-06-13 10:34:00,0.0568254990341275,0
3350,0562,1,2026-06-13 10:34:00,0.0568254990341275,0
3351,0692,1,2026-06-13 10:34:00,0.2807469414037347,0
3352,0692,1,2026-06-13 10:34:00,0.2807469414037347,0
3353,0864,1,2026-06-13 10:34:00,0.4697359948486799,0
3354,0371,1,2026-06-13 10:34:10,0.9288473921442369,0
3355,0388,1,2026-06-13 10:34:10,1.0000000000000000,0
3356,0415,1,2026-06-13 10:34:10,0.0568254990341275,0
3357,0533,1,2026-06-13 10:34:10,0.6790083708950418,1
3358,0562,1,2026-06-13 10:34:10,0.0568254990341275,0
3359,0692,1,2026-06-13 10:34:10,0.2807469414037347,0
3360,0692,1,2026-06-13 10:34:10,0.2807469414037347,0
3361,0864,1,2026-06-13 10:34:10,0.4697359948486799,0
3362,0371,1,2026-06-13 10:34:20,0.9288473921442369,0
3363,0388,1,2026-06-13 10:34:20,1.0000000000000000,0
3364,0415,1,2026-06-13 10:34:20,0.0568254990341275,0
3365,0533,1,2026-06-13 10:34:20,0.6790083708950418,0
3366,0562,1,2026-06-13 10:34:20,0.0568254990341275,0
3367,0692,1,2026-06-13 10:34:20,0.2807469414037347,0
3368,0692,1,2026-06-13 10:34:20,0.2807469414037347,0
3369,0846,1,2026-06-13 10:34:20,0.9288473921442369,0
3370,0863,1,2026-06-13 10:34:20,0.9288473921442369,1
3371,0864,1,2026-06-13 10:34:20,0.4697359948486799,0
3372,0388,1,2026-06-13 10:34:30,1.0000000000000000,0
3373,0415,1,2026-06-13 10:34:30,0.0568254990341275,0
3374,0533,1,2026-06-13 10:34:30,0.6790083708950418,0
3375,0562,1,2026-06-13 10:34:30,0.0568254990341275,0
3376,0692,1,2026-06-13 10:34:30,0.2807469414037347,0
3377,0692,1,2026-06-13 10:34:30,0.2807469414037347,0
3378,0846,1,2026-06-13 10:34:30,0.9288473921442369,0
3379,0863,1,2026-06-13 10:34:30,0.9288473921442369,0
3380,0864,1,2026-06-13 10:34:30,0.4697359948486799,0
3381,0388,1,2026-06-13 10:34:40,1.0000000000000000,0
3382,0415,1,2026-06-13 10:34:40,0.0568254990341275,0
3383,0533,1,2026-06-13 10:34:40,0.6790083708950418,0
3384,0562,1,2026-06-13 10:34:40,0.0568254990341275,0
3385,0692,1,2026-06-13 10:34:40,0.2807469414037347,0
3386,0846,1,2026-06-13 10:34:40,0.9288473921442369,0
3387,0863,1,2026-06-13 10:34:40,0.9288473921442369,0
3388,0864,1,2026-06-13 10:34:40,0.4697359948486799,0
3389,0993,1,2026-06-13 10:34:40,0.6070508692852543,0
3390,0388,1,2026-06-13 10:34:50,1.0000000000000000,0
3391,0415,1,2026-06-13 10:34:50,0.0568254990341275,1
3392,0533,1,2026-06-13 10:34:50,0.6790083708950418,0
3393,0562,1,2026-06-13 10:34:50,0.0568254990341275,0
3394,0692,1,2026-06-13 10:34:50,0.2807469414037347,0
3395,0692,1,2026-06-13 10:34:50,0.2807469414037347,0
3396,0692,1,2026-06-13 10:34:50,0.2807469414037347,0
3397,0846,1,2026-06-13 10:34:50,0.9288473921442369,0
3398,0863,1,2026-06-13 10:34:50,0.9288473921442369,0
3399,0993,1,2026-06-13 10:34:50,0.6070508692852543,0
3400,0388,1,2026-06-13 10:35:00,1.0000000000000000,0
3401,0533,1,2026-06-13 10:35:00,0.6790083708950418,0
3402,0692,1,2026-06-13 10:35:00,0.2807469414037347,0
3403,0692,1,2026-06-13 10:35:00,0.2807469414037347,0
3404,0692,1,2026-06-13 10:35:00,0.2807469414037347,0
3405,0846,1,2026-06-13 10:35:00,0.9288473921442369,0
3406,0863,1,2026-06-13 10:35:00,0.9288473921442369,0
3407,0993,1,2026-06-13 10:35:00,0.6070508692852543,0
3408,0388,1,2026-06-13 10:35:10,1.0000000000000000,0
3409,0533,1,2026-06-13 10:35:10,0.6790083708950418,0
3410,0846,1,2026-06-13 10:35:10,0.9288473921442369,0
3411,0863,1,2026-06-13 10:35:10,0.9288473921442369,0
3412,0993,1,2026-06-13 10:35:10,0.6070508692852543,0
3413,0533,1,2026-06-13 10:35:20,0.6790083708950418,0
3414,0846,1,2026-06-13 10:35:20,0.9288473921442369,0
3415,0863,1,2026-06-13 10:35:20,0.9288473921442369,0
3416,0993,1,2026-06-13 10:35:20,0.6070508692852543,0
3417,0533,1,2026-06-13 10:35:30,0.6790083708950418,0
3418,0603,1,2026-06-13 10:35:30,0.8530264005151320,0
3419,0846,1,2026-06-13 10:35:30,0.9288473921442369,0
3420,0863,1,2026-06-13 10:35:30,0.9288473921442369,0
3421,0993,1,2026-06-13 10:35:30,0.6070508692852543,0
3422,0533,1,2026-06-13 10:35:40,0.6790083708950418,0
3423,0603,1,2026-06-13 10:35:40,0.8530264005151320,0
3424,0846,1,2026-06-13 10:35:40,0.9288473921442369,0
3425,0863,1,2026-06-13 10:35:40,0.9288473921442369,0
3426,0993,1,2026-06-13 10:35:40,0.6070508692852543,0
3427,0533,1,2026-06-13 10:35:50,0.6790083708950418,0
3428,0603,1,2026-06-13 10:35:50,0.8530264005151320,1
3429,0846,1,2026-06-13 10:35:50,0.9288473921442369,0
3430,0863,1,2026-06-13 10:35:50,0.9288473921442369,0
3431,0993,1,2026-06-13 10:35:50,0.6070508692852543,0
3432,0603,1,2026-06-13 10:36:00,0.8530264005151320,0
3433,0863,1,2026-06-13 10:36:00,0.9288473921442369,0
3434,0993,1,2026-06-13 10:36:00,0.6070508692852543,0
3435,0996,1,2026-06-13 10:36:00,1.0000000000000000,0
3436,0520,1,2026-06-13 10:36:10,0.0568254990341275,0
3437,0603,1,2026-06-13 10:36:10,0.8530264005151320,0
3438,0863,1,2026-06-13 10:36:10,0.9288473921442369,0
3439,0996,1,2026-06-13 10:36:10,1.0000000000000000,0
3440,0520,1,2026-06-13 10:36:20,0.0568254990341275,0
3441,0603,1,2026-06-13 10:36:20,0.8530264005151320,0
3442,0996,1,2026-06-13 10:36:20,1.0000000000000000,0
3443,0520,1,2026-06-13 10:36:30,0.0568254990341275,0
3444,0603,1,2026-06-13 10:36:30,0.8530264005151320,0
3445,0996,1,2026-06-13 10:36:30,1.0000000000000000,0
3446,0520,1,2026-06-13 10:36:40,0.0568254990341275,0
3447,0603,1,2026-06-13 10:36:40,0.8530264005151320,0
3448,0996,1,2026-06-13 10:36:40,1.0000000000000000,0
3449,0520,1,2026-06-13 10:36:50,0.0568254990341275,0
3450,0603,1,2026-06-13 10:36:50,0.8530264005151320,0
3451,0996,1,2026-06-13 10:36:50,1.0000000000000000,0
3452,0520,1,2026-06-13 10:37:00,0.0568254990341275,0
3453,0603,1,2026-06-13 10:37:00,0.8530264005151320,0
3454,0996,1,2026-06-13 10:37:00,1.0000000000000000,0
3455,0520,1,2026-06-13 10:37:10,0.0568254990341275,0
3456,0996,1,2026-06-13 10:37:10,1.0000000000000000,0
3457,0520,1,2026-06-13 10:37:20,0.0568254990341275,0
3458,0996,1,2026-06-13 10:37:20,1.0000000000000000,0
3459,0520,1,2026-06-13 10:37:30,0.0568254990341275,0
3460,0996,1,2026-06-13 10:37:30,1.0000000000000000,0
3461,0520,1,2026-06-13 10:37:40,0.0568254990341275,0
3462,0996,1,2026-06-13 10:37:40,1.0000000000000000,0
3463,0520,1,2026-06-13 10:37:50,0.0568254990341275,0
3464,0520,1,2026-06-13 10:38:00,0.0568254990341275,0
3465,0568,1,2026-06-13 10:41:10,0.4697359948486799,1
3466,0568,1,2026-06-13 10:41:20,0.4697359948486799,0
3467,0780,1,2026-06-13 10:41:20,0.4697359948486799,1
3468,0568,1,2026-06-13 10:41:30,0.4697359948486799,0
3469,0780,1,2026-06-13 10:41:30,0.4697359948486799,1
3470,0103,1,2026-06-13 10:41:40,1.0000000000000000,1
3471,0568,1,2026-06-13 10:41:40,0.4697359948486799,0
3472,0780,1,2026-06-13 10:41:40,0.4697359948486799,0
3473,0854,1,2026-06-13 10:41:40,0.4697359948486799,0
3474,0103,1,2026-06-13 10:41:50,1.0000000000000000,0
3475,0568,1,2026-06-13 10:41:50,0.4697359948486799,0
3476,0780,1,2026-06-13 10:41:50,0.4697359948486799,0
3477,0854,1,2026-06-13 10:41:50,0.4697359948486799,1
3478,0103,1,2026-06-13 10:42:00,1.0000000000000000,0
3479,0464,1,2026-06-13 10:42:00,0.9288473921442369,0
3480,0568,1,2026-06-13 10:42:00,0.4697359948486799,0
3481,0780,1,2026-06-13 10:42:00,0.4697359948486799,0
3482,0854,1,2026-06-13 10:42:00,0.4697359948486799,0
3483,0103,1,2026-06-13 10:42:10,1.0000000000000000,1
3484,0103,1,2026-06-13 10:42:10,1.0000000000000000,0
3485,0464,1,2026-06-13 10:42:10,0.9288473921442369,0
3486,0568,1,2026-06-13 10:42:10,0.4697359948486799,0
3487,0854,1,2026-06-13 10:42:10,0.4697359948486799,0
3488,0103,1,2026-06-13 10:42:20,1.0000000000000000,0
3489,0464,1,2026-06-13 10:42:20,0.9288473921442369,0
3490,0854,1,2026-06-13 10:42:20,0.4697359948486799,0
3491,0103,1,2026-06-13 10:42:30,1.0000000000000000,0
3492,0464,1,2026-06-13 10:42:30,0.9288473921442369,1
3493,0854,1,2026-06-13 10:42:30,0.4697359948486799,0
3494,0103,1,2026-06-13 10:42:40,1.0000000000000000,0
3495,0464,1,2026-06-13 10:42:40,0.9288473921442369,1
3496,0854,1,2026-06-13 10:42:40,0.4697359948486799,0
3497,0464,1,2026-06-13 10:42:50,0.9288473921442369,0
3498,0854,1,2026-06-13 10:42:50,0.4697359948486799,0
3499,0464,1,2026-06-13 10:43:00,0.9288473921442369,0
3500,0464,1,2026-06-13 10:43:10,0.9288473921442369,0
3501,0464,1,2026-06-13 10:43:20,0.9288473921442369,0
3502,0464,1,2026-06-13 10:43:30,0.9288473921442369,0
3503,0464,1,2026-06-13 10:43:40,0.9288473921442369,0
3504,0147,1,2026-06-13 12:24:20,0.6070508692852543,0
3505,0822,1,2026-06-13 12:24:20,0.6790083708950418,1
3506,0147,1,2026-06-13 12:24:30,0.6070508692852543,0
3507,0822,1,2026-06-13 12:24:30,0.6790083708950418,0
3508,0147,1,2026-06-13 12:24:40,0.6070508692852543,0
3509,0434,1,2026-06-13 12:24:40,1.0000000000000000,0
3510,0822,1,2026-06-13 12:24:40,0.6790083708950418,0
3511,0147,1,2026-06-13 12:24:50,0.6070508692852543,0
3512,0434,1,2026-06-13 12:24:50,1.0000000000000000,0
3513,0587,1,2026-06-13 12:24:50,0.3774951706374758,0
3514,0822,1,2026-06-13 12:24:50,0.6790083708950418,1
3515,0822,1,2026-06-13 12:24:50,0.6790083708950418,0
3516,0147,1,2026-06-13 12:25:00,0.6070508692852543,0
3517,0434,1,2026-06-13 12:25:00,1.0000000000000000,0
3518,0587,1,2026-06-13 12:25:00,0.3774951706374758,0
3519,0822,1,2026-06-13 12:25:00,0.6790083708950418,0
3520,0822,1,2026-06-13 12:25:00,0.6790083708950418,0
3521,0147,1,2026-06-13 12:25:10,0.6070508692852543,0
3522,0434,1,2026-06-13 12:25:10,1.0000000000000000,0
3523,0434,1,2026-06-13 12:25:10,1.0000000000000000,0
3524,0587,1,2026-06-13 12:25:10,0.3774951706374758,0
3525,0822,1,2026-06-13 12:25:10,0.6790083708950418,0
3526,0822,1,2026-06-13 12:25:10,0.6790083708950418,0
3527,0147,1,2026-06-13 12:25:20,0.6070508692852543,0
3528,0434,1,2026-06-13 12:25:20,1.0000000000000000,0
3529,0434,1,2026-06-13 12:25:20,1.0000000000000000,0
3530,0587,1,2026-06-13 12:25:20,0.3774951706374758,0
3531,0822,1,2026-06-13 12:25:20,0.6790083708950418,0
3532,0147,1,2026-06-13 12:25:30,0.6070508692852543,0
3533,0434,1,2026-06-13 12:25:30,1.0000000000000000,0
3534,0434,1,2026-06-13 12:25:30,1.0000000000000000,0
3535,0587,1,2026-06-13 12:25:30,0.3774951706374758,1
3536,0822,1,2026-06-13 12:25:30,0.6790083708950418,0
3537,0147,1,2026-06-13 12:25:40,0.6070508692852543,0
3538,0434,1,2026-06-13 12:25:40,1.0000000000000000,0
3539,0587,1,2026-06-13 12:25:40,0.3774951706374758,0
3540,0822,1,2026-06-13 12:25:40,0.6790083708950418,0
3541,0147,1,2026-06-13 12:25:50,0.6070508692852543,0
3542,0434,1,2026-06-13 12:25:50,1.0000000000000000,0
3543,0587,1,2026-06-13 12:25:50,0.3774951706374758,0
3544,0147,1,2026-06-13 12:26:00,0.6070508692852543,0
3545,0434,1,2026-06-13 12:26:00,1.0000000000000000,0
3546,0587,1,2026-06-13 12:26:00,0.3774951706374758,0
3547,0147,1,2026-06-13 12:26:10,0.6070508692852543,0
3548,0587,1,2026-06-13 12:26:10,0.3774951706374758,0
3549,0587,1,2026-06-13 12:26:20,0.3774951706374758,0
3550,0587,1,2026-06-13 12:26:30,0.3774951706374758,0
3551,0055,1,2026-06-13 12:28:00,0.6790083708950418,0
3552,0055,1,2026-06-13 12:28:10,0.6790083708950418,0
3553,0055,1,2026-06-13 12:28:20,0.6790083708950418,0
3554,0055,1,2026-06-13 12:28:30,0.6790083708950418,0
3555,0055,1,2026-06-13 12:28:40,0.6790083708950418,0
3556,0055,1,2026-06-13 12:28:50,0.6790083708950418,0
3557,0116,1,2026-06-13 12:28:50,0.1864133934320670,0
3558,0020,1,2026-06-13 12:29:00,0.3774951706374758,1
3559,0055,1,2026-06-13 12:29:00,0.6790083708950418,0
3560,0116,1,2026-06-13 12:29:00,0.1864133934320670,0
3561,0020,1,2026-06-13 12:29:10,0.3774951706374758,0
3562,0055,1,2026-06-13 12:29:10,0.6790083708950418,0
3563,0116,1,2026-06-13 12:29:10,0.1864133934320670,0
3564,0020,1,2026-06-13 12:29:20,0.3774951706374758,0
3565,0055,1,2026-06-13 12:29:20,0.6790083708950418,0
3566,0116,1,2026-06-13 12:29:20,0.1864133934320670,0
3567,0020,1,2026-06-13 12:29:30,0.3774951706374758,1
3568,0020,1,2026-06-13 12:29:30,0.3774951706374758,0
3569,0055,1,2026-06-13 12:29:30,0.6790083708950418,0
3570,0116,1,2026-06-13 12:29:30,0.1864133934320670,0
3571,0014,1,2026-06-13 12:29:40,0.4697359948486799,1
3572,0020,1,2026-06-13 12:29:40,0.3774951706374758,0
3573,0020,1,2026-06-13 12:29:40,0.3774951706374758,0
3574,0055,1,2026-06-13 12:29:40,0.6790083708950418,0
3575,0063,1,2026-06-13 12:29:40,0.7826786864133934,0
3576,0116,1,2026-06-13 12:29:40,0.1864133934320670,0
3577,0555,1,2026-06-13 12:29:40,0.0568254990341275,0
3578,0953,1,2026-06-13 12:29:40,0.7826786864133934,0
3579,0014,1,2026-06-13 12:29:50,0.4697359948486799,0
3580,0020,1,2026-06-13 12:29:50,0.3774951706374758,0
3581,0020,1,2026-06-13 12:29:50,0.3774951706374758,0
3582,0055,1,2026-06-13 12:29:50,0.6790083708950418,0
3583,0063,1,2026-06-13 12:29:50,0.7826786864133934,0
3584,0116,1,2026-06-13 12:29:50,0.1864133934320670,0
3585,0555,1,2026-06-13 12:29:50,0.0568254990341275,0
3586,0691,1,2026-06-13 12:29:50,0.3774951706374758,0
3587,0953,1,2026-06-13 12:29:50,0.7826786864133934,0
3588,0014,1,2026-06-13 12:30:00,0.4697359948486799,0
3589,0020,1,2026-06-13 12:30:00,0.3774951706374758,0
3590,0020,1,2026-06-13 12:30:00,0.3774951706374758,0
3591,0063,1,2026-06-13 12:30:00,0.7826786864133934,0
3592,0077,1,2026-06-13 12:30:00,0.4697359948486799,0
3593,0116,1,2026-06-13 12:30:00,0.1864133934320670,0
3594,0276,1,2026-06-13 12:30:00,0.9288473921442369,1
3595,0555,1,2026-06-13 12:30:00,0.0568254990341275,0
3596,0691,1,2026-06-13 12:30:00,0.3774951706374758,0
3597,0953,1,2026-06-13 12:30:00,0.7826786864133934,0
3598,0014,1,2026-06-13 12:30:10,0.4697359948486799,0
3599,0020,1,2026-06-13 12:30:10,0.3774951706374758,0
3600,0020,1,2026-06-13 12:30:10,0.3774951706374758,0
3601,0063,1,2026-06-13 12:30:10,0.7826786864133934,0
3602,0063,1,2026-06-13 12:30:10,0.7826786864133934,0
3603,0077,1,2026-06-13 12:30:10,0.4697359948486799,0
3604,0116,1,2026-06-13 12:30:10,0.1864133934320670,0
3605,0276,1,2026-06-13 12:30:10,0.9288473921442369,0
3606,0555,1,2026-06-13 12:30:10,0.0568254990341275,0
3607,0691,1,2026-06-13 12:30:10,0.3774951706374758,0
3608,0834,1,2026-06-13 12:30:10,0.3774951706374758,0
3609,0953,1,2026-06-13 12:30:10,0.7826786864133934,0
3610,0014,1,2026-06-13 12:30:20,0.4697359948486799,0
3611,0020,1,2026-06-13 12:30:20,0.3774951706374758,0
3612,0020,1,2026-06-13 12:30:20,0.3774951706374758,0
3613,0063,1,2026-06-13 12:30:20,0.7826786864133934,0
3614,0063,1,2026-06-13 12:30:20,0.7826786864133934,0
3615,0077,1,2026-06-13 12:30:20,0.4697359948486799,0
3616,0116,1,2026-06-13 12:30:20,0.1864133934320670,0
3617,0131,1,2026-06-13 12:30:20,0.4697359948486799,0
3618,0276,1,2026-06-13 12:30:20,0.9288473921442369,0
3619,0555,1,2026-06-13 12:30:20,0.0568254990341275,0
3620,0691,1,2026-06-13 12:30:20,0.3774951706374758,0
3621,0834,1,2026-06-13 12:30:20,0.3774951706374758,0
3622,0953,1,2026-06-13 12:30:20,0.7826786864133934,0
3623,0014,1,2026-06-13 12:30:30,0.4697359948486799,0
3624,0020,1,2026-06-13 12:30:30,0.3774951706374758,0
3625,0063,1,2026-06-13 12:30:30,0.7826786864133934,0
3626,0063,1,2026-06-13 12:30:30,0.7826786864133934,0
3627,0077,1,2026-06-13 12:30:30,0.4697359948486799,0
3628,0116,1,2026-06-13 12:30:30,0.1864133934320670,0
3629,0131,1,2026-06-13 12:30:30,0.4697359948486799,0
3630,0276,1,2026-06-13 12:30:30,0.9288473921442369,0
3631,0555,1,2026-06-13 12:30:30,0.0568254990341275,0
3632,0691,1,2026-06-13 12:30:30,0.3774951706374758,0
3633,0834,1,2026-06-13 12:30:30,0.3774951706374758,0
3634,0953,1,2026-06-13 12:30:30,0.7826786864133934,1
3635,0014,1,2026-06-13 12:30:40,0.4697359948486799,0
3636,0020,1,2026-06-13 12:30:40,0.3774951706374758,0
3637,0063,1,2026-06-13 12:30:40,0.7826786864133934,0
3638,0063,1,2026-06-13 12:30:40,0.7826786864133934,0
3639,0077,1,2026-06-13 12:30:40,0.4697359948486799,0
3640,0131,1,2026-06-13 12:30:40,0.4697359948486799,0
3641,0276,1,2026-06-13 12:30:40,0.9288473921442369,0
3642,0555,1,2026-06-13 12:30:40,0.0568254990341275,1
3643,0691,1,2026-06-13 12:30:40,0.3774951706374758,0
3644,0834,1,2026-06-13 12:30:40,0.3774951706374758,0
3645,0953,1,2026-06-13 12:30:40,0.7826786864133934,0
3646,0014,1,2026-06-13 12:30:50,0.4697359948486799,0
3647,0020,1,2026-06-13 12:30:50,0.3774951706374758,0
3648,0063,1,2026-06-13 12:30:50,0.7826786864133934,0
3649,0063,1,2026-06-13 12:30:50,0.7826786864133934,0
3650,0077,1,2026-06-13 12:30:50,0.4697359948486799,0
3651,0131,1,2026-06-13 12:30:50,0.4697359948486799,0
3652,0276,1,2026-06-13 12:30:50,0.9288473921442369,0
3653,0555,1,2026-06-13 12:30:50,0.0568254990341275,0
3654,0691,1,2026-06-13 12:30:50,0.3774951706374758,1
3655,0834,1,2026-06-13 12:30:50,0.3774951706374758,0
3656,0953,1,2026-06-13 12:30:50,0.7826786864133934,0
3657,0014,1,2026-06-13 12:31:00,0.4697359948486799,0
3658,0063,1,2026-06-13 12:31:00,0.7826786864133934,0
3659,0063,1,2026-06-13 12:31:00,0.7826786864133934,0
3660,0077,1,2026-06-13 12:31:00,0.4697359948486799,0
3661,0131,1,2026-06-13 12:31:00,0.4697359948486799,0
3662,0276,1,2026-06-13 12:31:00,0.9288473921442369,0
3663,0555,1,2026-06-13 12:31:00,0.0568254990341275,0
3664,0691,1,2026-06-13 12:31:00,0.3774951706374758,0
3665,0834,1,2026-06-13 12:31:00,0.3774951706374758,0
3666,0014,1,2026-06-13 12:31:10,0.4697359948486799,0
3667,0063,1,2026-06-13 12:31:10,0.7826786864133934,0
3668,0131,1,2026-06-13 12:31:10,0.4697359948486799,0
3669,0276,1,2026-06-13 12:31:10,0.9288473921442369,0
3670,0555,1,2026-06-13 12:31:10,0.0568254990341275,0
3671,0834,1,2026-06-13 12:31:10,0.3774951706374758,0
3672,0014,1,2026-06-13 12:31:20,0.4697359948486799,0
3673,0063,1,2026-06-13 12:31:20,0.7826786864133934,0
3674,0131,1,2026-06-13 12:31:20,0.4697359948486799,0
3675,0276,1,2026-06-13 12:31:20,0.9288473921442369,0
3676,0834,1,2026-06-13 12:31:20,0.3774951706374758,0
3677,0063,1,2026-06-13 12:31:30,0.7826786864133934,0
3678,0834,1,2026-06-13 12:31:30,0.3774951706374758,0
3679,0622,1,2026-06-13 12:31:40,0.1864133934320670,0
3680,0834,1,2026-06-13 12:31:40,0.3774951706374758,0
3681,0622,1,2026-06-13 12:31:50,0.1864133934320670,0
3682,0834,1,2026-06-13 12:31:50,0.3774951706374758,0
3683,0622,1,2026-06-13 12:32:00,0.1864133934320670,1
3684,0834,1,2026-06-13 12:32:00,0.3774951706374758,0
3685,0622,1,2026-06-13 12:32:10,0.1864133934320670,0
3686,0622,1,2026-06-13 12:32:20,0.1864133934320670,0
3687,0376,1,2026-06-13 12:32:30,0.6790083708950418,1
3688,0622,1,2026-06-13 12:32:30,0.1864133934320670,0
3689,0376,1,2026-06-13 12:32:40,0.6790083708950418,0
3690,0622,1,2026-06-13 12:32:40,0.1864133934320670,0
3691,0376,1,2026-06-13 12:32:50,0.6790083708950418,0
3692,0376,1,2026-06-13 12:33:00,0.6790083708950418,1
3693,0376,1,2026-06-13 12:33:10,0.6790083708950418,0
3694,0979,1,2026-06-13 12:33:10,0.0568254990341275,1
3695,0376,1,2026-06-13 12:33:20,0.6790083708950418,0
3696,0979,1,2026-06-13 12:33:20,0.0568254990341275,0
3697,0979,1,2026-06-13 12:33:30,0.0568254990341275,0
3698,0979,1,2026-06-13 12:33:40,0.0568254990341275,0
3699,0322,1,2026-06-13 13:59:20,0.2807469414037347,0
3700,0322,1,2026-06-13 13:59:30,0.2807469414037347,0
3701,0322,1,2026-06-13 13:59:40,0.2807469414037347,0
3702,0322,1,2026-06-13 13:59:50,0.2807469414037347,0
3703,0322,1,2026-06-13 14:00:00,0.2807469414037347,0
3704,0322,1,2026-06-13 14:00:10,0.2807469414037347,0
3705,0322,1,2026-06-13 14:00:20,0.2807469414037347,0
3706,0322,1,2026-06-13 14:00:30,0.2807469414037347,0
3707,0322,1,2026-06-13 14:00:40,0.2807469414037347,0
3708,0322,1,2026-06-13 14:00:50,0.2807469414037347,0
3709,0322,1,2026-06-13 14:01:00,0.2807469414037347,0
3710,0322,1,2026-06-13 14:01:10,0.2807469414037347,0
3711,0608,1,2026-06-13 14:06:50,0.0568254990341275,0
3712,0283,1,2026-06-13 14:07:00,0.5449130714745654,0
3713,0608,1,2026-06-13 14:07:00,0.0568254990341275,0
3714,0283,1,2026-06-13 14:07:10,0.5449130714745654,0
3715,0608,1,2026-06-13 14:07:10,0.0568254990341275,0
3716,0283,1,2026-06-13 14:07:20,0.5449130714745654,0
3717,0608,1,2026-06-13 14:07:20,0.0568254990341275,0
3718,0283,1,2026-06-13 14:07:30,0.5449130714745654,0
3719,0608,1,2026-06-13 14:07:30,0.0568254990341275,1
3720,0283,1,2026-06-13 14:07:40,0.5449130714745654,0
3721,0608,1,2026-06-13 14:07:40,0.0568254990341275,0
3722,0283,1,2026-06-13 14:07:50,0.5449130714745654,0
3723,0608,1,2026-06-13 14:07:50,0.0568254990341275,0
3724,0283,1,2026-06-13 14:08:00,0.5449130714745654,0
3725,0608,1,2026-06-13 14:08:00,0.0568254990341275,0
3726,0283,1,2026-06-13 14:08:10,0.5449130714745654,0
3727,0283,1,2026-06-13 14:08:20,0.5449130714745654,0
3728,0304,1,2026-06-13 14:11:10,0.6070508692852543,1
3729,0304,1,2026-06-13 14:11:20,0.6070508692852543,1
3730,0304,1,2026-06-13 14:11:30,0.6070508692852543,0
3731,0677,1,2026-06-13 14:11:30,0.3774951706374758,0
3732,0304,1,2026-06-13 14:11:40,0.6070508692852543,0
3733,0677,1,2026-06-13 14:11:40,0.3774951706374758,0
3734,0304,1,2026-06-13 14:11:50,0.6070508692852543,0
3735,0381,1,2026-06-13 14:11:50,0.4697359948486799,0
3736,0677,1,2026-06-13 14:11:50,0.3774951706374758,0
3737,0304,1,2026-06-13 14:12:00,0.6070508692852543,0
3738,0381,1,2026-06-13 14:12:00,0.4697359948486799,0
3739,0677,1,2026-06-13 14:12:00,0.3774951706374758,0
3740,0304,1,2026-06-13 14:12:10,0.6070508692852543,0
3741,0381,1,2026-06-13 14:12:10,0.4697359948486799,0
3742,0677,1,2026-06-13 14:12:10,0.3774951706374758,0
3743,0304,1,2026-06-13 14:12:20,0.6070508692852543,0
3744,0381,1,2026-06-13 14:12:20,0.4697359948486799,0
3745,0304,1,2026-06-13 14:12:30,0.6070508692852543,0
3746,0381,1,2026-06-13 14:12:30,0.4697359948486799,0
3747,0304,1,2026-06-13 14:12:40,0.6070508692852543,0
3748,0381,1,2026-06-13 14:12:40,0.4697359948486799,0
3749,0304,1,2026-06-13 14:12:50,0.6070508692852543,0
3750,0381,1,2026-06-13 14:12:50,0.4697359948486799,0
3751,0381,1,2026-06-13 14:13:00,0.4697359948486799,0
3752,0381,1,2026-06-13 14:13:10,0.4697359948486799,0
3753,0381,1,2026-06-13 14:13:20,0.4697359948486799,0
3754,0381,1,2026-06-13 14:13:30,0.4697359948486799,0
3755,0469,1,2026-06-13 15:07:10,0.5449130714745654,0
3756,0469,1,2026-06-13 15:07:20,0.5449130714745654,0
3757,0469,1,2026-06-13 15:07:30,0.5449130714745654,0
3758,0469,1,2026-06-13 15:07:40,0.5449130714745654,0
3759,0469,1,2026-06-13 15:07:50,0.5449130714745654,0
3760,0469,1,2026-06-13 15:08:00,0.5449130714745654,0
3761,0469,1,2026-06-13 15:08:10,0.5449130714745654,1
3762,0469,1,2026-06-13 15:08:20,0.5449130714745654,0
3763,0469,1,2026-06-13 15:08:30,0.5449130714745654,0
3764,0469,1,2026-06-13 15:08:40,0.5449130714745654,0
3765,0469,1,2026-06-13 15:08:50,0.5449130714745654,0
3766,0469,1,2026-06-13 15:09:00,0.5449130714745654,0
3767,0580,1,2026-06-13 15:28:20,0.5449130714745654,0
3768,0580,1,2026-06-13 15:28:20,0.5449130714745654,0
3769,0580,1,2026-06-13 15:28:20,0.5449130714745654,0
3770,0580,1,2026-06-13 15:28:20,0.5449130714745654,0
3771,0580,1,2026-06-13 15:28:20,0.5449130714745654,0
3772,0580,1,2026-06-13 15:28:30,0.5449130714745654,0
3773,0580,1,2026-06-13 15:28:30,0.5449130714745654,0
3774,0580,1,2026-06-13 15:28:30,0.5449130714745654,0
3775,0580,1,2026-06-13 15:28:30,0.5449130714745654,0
3776,0580,1,2026-06-13 15:28:30,0.5449130714745654,0
3777,0962,1,2026-06-13 15:28:30,0.4697359948486799,0
3778,0203,1,2026-06-13 15:28:40,0.3774951706374758,0
3779,0580,1,2026-06-13 15:28:40,0.5449130714745654,0
3780,0580,1,2026-06-13 15:28:40,0.5449130714745654,0
3781,0580,1,2026-06-13 15:28:40,0.5449130714745654,0
3782,0580,1,2026-06-13 15:28:40,0.5449130714745654,0
3783,0580,1,2026-06-13 15:28:40,0.5449130714745654,0
3784,0962,1,2026-06-13 15:28:40,0.4697359948486799,0
3785,0203,1,2026-06-13 15:28:50,0.3774951706374758,0
3786,0580,1,2026-06-13 15:28:50,0.5449130714745654,0
3787,0580,1,2026-06-13 15:28:50,0.5449130714745654,0
3788,0580,1,2026-06-13 15:28:50,0.5449130714745654,0
3789,0580,1,2026-06-13 15:28:50,0.5449130714745654,0
3790,0580,1,2026-06-13 15:28:50,0.5449130714745654,0
3791,0962,1,2026-06-13 15:28:50,0.4697359948486799,0
3792,0203,1,2026-06-13 15:29:00,0.3774951706374758,0
3793,0580,1,2026-06-13 15:29:00,0.5449130714745654,0
3794,0580,1,2026-06-13 15:29:00,0.5449130714745654,0
3795,0580,1,2026-06-13 15:29:00,0.5449130714745654,0
3796,0580,1,2026-06-13 15:29:00,0.5449130714745654,0
3797,0580,1,2026-06-13 15:29:00,0.5449130714745654,0
3798,0962,1,2026-06-13 15:29:00,0.4697359948486799,0
3799,0203,1,2026-06-13 15:29:10,0.3774951706374758,0
3800,0580,1,2026-06-13 15:29:10,0.5449130714745654,0
3801,0580,1,2026-06-13 15:29:10,0.5449130714745654,0
3802,0580,1,2026-06-13 15:29:10,0.5449130714745654,0
3803,0580,1,2026-06-13 15:29:10,0.5449130714745654,0
3804,0580,1,2026-06-13 15:29:10,0.5449130714745654,0
3805,0962,1,2026-06-13 15:29:10,0.4697359948486799,1
3806,0203,1,2026-06-13 15:29:20,0.3774951706374758,0
3807,0355,1,2026-06-13 15:29:20,0.6790083708950418,0
3808,0962,1,2026-06-13 15:29:20,0.4697359948486799,0
3809,0203,1,2026-06-13 15:29:30,0.3774951706374758,0
3810,0355,1,2026-06-13 15:29:30,0.6790083708950418,0
3811,0392,1,2026-06-13 15:29:30,0.3774951706374758,1
3812,0710,1,2026-06-13 15:29:30,0.0568254990341275,0
3813,0710,1,2026-06-13 15:29:30,0.0568254990341275,0
3814,0710,1,2026-06-13 15:29:30,0.0568254990341275,0
3815,0710,1,2026-06-13 15:29:30,0.0568254990341275,0
3816,0710,1,2026-06-13 15:29:30,0.0568254990341275,0
3817,0962,1,2026-06-13 15:29:30,0.4697359948486799,0
3818,0203,1,2026-06-13 15:29:40,0.3774951706374758,0
3819,0355,1,2026-06-13 15:29:40,0.6790083708950418,0
3820,0392,1,2026-06-13 15:29:40,0.3774951706374758,0
3821,0710,1,2026-06-13 15:29:40,0.0568254990341275,0
3822,0710,1,2026-06-13 15:29:40,0.0568254990341275,0
3823,0710,1,2026-06-13 15:29:40,0.0568254990341275,0
3824,0710,1,2026-06-13 15:29:40,0.0568254990341275,0
3825,0710,1,2026-06-13 15:29:40,0.0568254990341275,0
3826,0962,1,2026-06-13 15:29:40,0.4697359948486799,0
3827,0203,1,2026-06-13 15:29:50,0.3774951706374758,0
3828,0355,1,2026-06-13 15:29:50,0.6790083708950418,0
3829,0392,1,2026-06-13 15:29:50,0.3774951706374758,0
3830,0710,1,2026-06-13 15:29:50,0.0568254990341275,0
3831,0710,1,2026-06-13 15:29:50,0.0568254990341275,0
3832,0710,1,2026-06-13 15:29:50,0.0568254990341275,0
3833,0710,1,2026-06-13 15:29:50,0.0568254990341275,0
3834,0962,1,2026-06-13 15:29:50,0.4697359948486799,0
3835,0203,1,2026-06-13 15:30:00,0.3774951706374758,0
3836,0355,1,2026-06-13 15:30:00,0.6790083708950418,0
3837,0392,1,2026-06-13 15:30:00,0.3774951706374758,0
3838,0710,1,2026-06-13 15:30:00,0.0568254990341275,0
3839,0710,1,2026-06-13 15:30:00,0.0568254990341275,0
3840,0710,1,2026-06-13 15:30:00,0.0568254990341275,0
3841,0710,1,2026-06-13 15:30:00,0.0568254990341275,0
3842,0912,1,2026-06-13 15:30:00,0.7826786864133934,1
3843,0962,1,2026-06-13 15:30:00,0.4697359948486799,0
3844,0203,1,2026-06-13 15:30:10,0.3774951706374758,0
3845,0355,1,2026-06-13 15:30:10,0.6790083708950418,0
3846,0392,1,2026-06-13 15:30:10,0.3774951706374758,0
3847,0710,1,2026-06-13 15:30:10,0.0568254990341275,0
3848,0710,1,2026-06-13 15:30:10,0.0568254990341275,0
3849,0710,1,2026-06-13 15:30:10,0.0568254990341275,0
3850,0710,1,2026-06-13 15:30:10,0.0568254990341275,0
3851,0912,1,2026-06-13 15:30:10,0.7826786864133934,1
3852,0962,1,2026-06-13 15:30:10,0.4697359948486799,0
3853,0203,1,2026-06-13 15:30:20,0.3774951706374758,0
3854,0355,1,2026-06-13 15:30:20,0.6790083708950418,0
3855,0392,1,2026-06-13 15:30:20,0.3774951706374758,0
3856,0710,1,2026-06-13 15:30:20,0.0568254990341275,0
3857,0710,1,2026-06-13 15:30:20,0.0568254990341275,0
3858,0710,1,2026-06-13 15:30:20,0.0568254990341275,0
3859,0912,1,2026-06-13 15:30:20,0.7826786864133934,0
3860,0962,1,2026-06-13 15:30:20,0.4697359948486799,0
3861,0203,1,2026-06-13 15:30:30,0.3774951706374758,0
3862,0355,1,2026-06-13 15:30:30,0.6790083708950418,1
3863,0392,1,2026-06-13 15:30:30,0.3774951706374758,0
3864,0710,1,2026-06-13 15:30:30,0.0568254990341275,0
3865,0710,1,2026-06-13 15:30:30,0.0568254990341275,0
3866,0710,1,2026-06-13 15:30:30,0.0568254990341275,0
3867,0912,1,2026-06-13 15:30:30,0.7826786864133934,0
3868,0243,1,2026-06-13 15:30:40,0.8530264005151320,0
3869,0355,1,2026-06-13 15:30:40,0.6790083708950418,0
3870,0392,1,2026-06-13 15:30:40,0.3774951706374758,0
3871,0710,1,2026-06-13 15:30:40,0.0568254990341275,0
3872,0710,1,2026-06-13 15:30:40,0.0568254990341275,0
3873,0710,1,2026-06-13 15:30:40,0.0568254990341275,0
3874,0912,1,2026-06-13 15:30:40,0.7826786864133934,0
3875,0243,1,2026-06-13 15:30:50,0.8530264005151320,0
3876,0340,1,2026-06-13 15:30:50,1.0000000000000000,0
3877,0355,1,2026-06-13 15:30:50,0.6790083708950418,0
3878,0560,1,2026-06-13 15:30:50,0.8530264005151320,0
3879,0763,1,2026-06-13 15:30:50,0.7826786864133934,0
3880,0912,1,2026-06-13 15:30:50,0.7826786864133934,0
3881,0930,1,2026-06-13 15:30:50,0.5449130714745654,0
3882,0243,1,2026-06-13 15:31:00,0.8530264005151320,0
3883,0340,1,2026-06-13 15:31:00,1.0000000000000000,0
3884,0355,1,2026-06-13 15:31:00,0.6790083708950418,0
3885,0560,1,2026-06-13 15:31:00,0.8530264005151320,0
3886,0763,1,2026-06-13 15:31:00,0.7826786864133934,0
3887,0806,1,2026-06-13 15:31:00,0.9288473921442369,0
3888,0912,1,2026-06-13 15:31:00,0.7826786864133934,0
3889,0930,1,2026-06-13 15:31:00,0.5449130714745654,0
3890,0243,1,2026-06-13 15:31:10,0.8530264005151320,0
3891,0340,1,2026-06-13 15:31:10,1.0000000000000000,0
3892,0560,1,2026-06-13 15:31:10,0.8530264005151320,0
3893,0763,1,2026-06-13 15:31:10,0.7826786864133934,0
3894,0806,1,2026-06-13 15:31:10,0.9288473921442369,0
3895,0912,1,2026-06-13 15:31:10,0.7826786864133934,0
3896,0930,1,2026-06-13 15:31:10,0.5449130714745654,0
3897,0243,1,2026-06-13 15:31:20,0.8530264005151320,0
3898,0806,1,2026-06-13 15:31:20,0.9288473921442369,0
3899,0912,1,2026-06-13 15:31:20,0.7826786864133934,0
3900,0930,1,2026-06-13 15:31:20,0.5449130714745654,0
3901,0243,1,2026-06-13 15:31:30,0.8530264005151320,0
3902,0305,1,2026-06-13 15:31:30,0.4697359948486799,0
3903,0733,1,2026-06-13 15:31:30,0.6070508692852543,0
3904,0806,1,2026-06-13 15:31:30,0.9288473921442369,0
3905,0930,1,2026-06-13 15:31:30,0.5449130714745654,0
3906,0243,1,2026-06-13 15:31:40,0.8530264005151320,0
3907,0305,1,2026-06-13 15:31:40,0.4697359948486799,0
3908,0733,1,2026-06-13 15:31:40,0.6070508692852543,0
3909,0806,1,2026-06-13 15:31:40,0.9288473921442369,0
3910,0930,1,2026-06-13 15:31:40,0.5449130714745654,0
3911,0243,1,2026-06-13 15:31:50,0.8530264005151320,0
3912,0305,1,2026-06-13 15:31:50,0.4697359948486799,0
3913,0733,1,2026-06-13 15:31:50,0.6070508692852543,0
3914,0806,1,2026-06-13 15:31:50,0.9288473921442369,0
3915,0930,1,2026-06-13 15:31:50,0.5449130714745654,1
3916,0243,1,2026-06-13 15:32:00,0.8530264005151320,0
3917,0305,1,2026-06-13 15:32:00,0.4697359948486799,0
3918,0733,1,2026-06-13 15:32:00,0.6070508692852543,0
3919,0806,1,2026-06-13 15:32:00,0.9288473921442369,0
3920,0930,1,2026-06-13 15:32:00,0.5449130714745654,0
3921,0243,1,2026-06-13 15:32:10,0.8530264005151320,0
3922,0305,1,2026-06-13 15:32:10,0.4697359948486799,0
3923,0733,1,2026-06-13 15:32:10,0.6070508692852543,0
3924,0806,1,2026-06-13 15:32:10,0.9288473921442369,0
3925,0930,1,2026-06-13 15:32:10,0.5449130714745654,0
3926,0305,1,2026-06-13 15:32:20,0.4697359948486799,0
3927,0545,1,2026-06-13 15:32:20,0.9288473921442369,0
3928,0733,1,2026-06-13 15:32:20,0.6070508692852543,0
3929,0806,1,2026-06-13 15:32:20,0.9288473921442369,0
3930,0930,1,2026-06-13 15:32:20,0.5449130714745654,0
3931,0305,1,2026-06-13 15:32:30,0.4697359948486799,0
3932,0545,1,2026-06-13 15:32:30,0.9288473921442369,0
3933,0733,1,2026-06-13 15:32:30,0.6070508692852543,0
3934,0806,1,2026-06-13 15:32:30,0.9288473921442369,0
3935,0930,1,2026-06-13 15:32:30,0.5449130714745654,0
3936,0305,1,2026-06-13 15:32:40,0.4697359948486799,0
3937,0545,1,2026-06-13 15:32:40,0.9288473921442369,0
3938,0733,1,2026-06-13 15:32:40,0.6070508692852543,0
3939,0806,1,2026-06-13 15:32:40,0.9288473921442369,0
3940,0930,1,2026-06-13 15:32:40,0.5449130714745654,0
3941,0545,1,2026-06-13 15:32:50,0.9288473921442369,0
3942,0733,1,2026-06-13 15:32:50,0.6070508692852543,0
3943,0806,1,2026-06-13 15:32:50,0.9288473921442369,0
3944,0545,1,2026-06-13 15:33:00,0.9288473921442369,0
3945,0733,1,2026-06-13 15:33:00,0.6070508692852543,0
3946,0274,1,2026-06-13 15:33:10,0.3774951706374758,0
3947,0545,1,2026-06-13 15:33:10,0.9288473921442369,0
3948,0905,1,2026-06-13 15:33:10,0.1864133934320670,1
3949,0274,1,2026-06-13 15:33:20,0.3774951706374758,0
3950,0515,1,2026-06-13 15:33:20,0.4697359948486799,0
3951,0545,1,2026-06-13 15:33:20,0.9288473921442369,0
3952,0905,1,2026-06-13 15:33:20,0.1864133934320670,1
3953,0274,1,2026-06-13 15:33:30,0.3774951706374758,0
3954,0515,1,2026-06-13 15:33:30,0.4697359948486799,0
3955,0545,1,2026-06-13 15:33:30,0.9288473921442369,0
3956,0274,1,2026-06-13 15:33:40,0.3774951706374758,0
3957,0515,1,2026-06-13 15:33:40,0.4697359948486799,0
3958,0545,1,2026-06-13 15:33:40,0.9288473921442369,0
3959,0274,1,2026-06-13 15:33:50,0.3774951706374758,1
3960,0515,1,2026-06-13 15:33:50,0.4697359948486799,0
3961,0545,1,2026-06-13 15:33:50,0.9288473921442369,0
3962,0244,1,2026-06-13 15:34:00,0.6070508692852543,0
3963,0274,1,2026-06-13 15:34:00,0.3774951706374758,0
3964,0515,1,2026-06-13 15:34:00,0.4697359948486799,0
3965,0244,1,2026-06-13 15:34:10,0.6070508692852543,0
3966,0274,1,2026-06-13 15:34:10,0.3774951706374758,0
3967,0515,1,2026-06-13 15:34:10,0.4697359948486799,0
3968,0244,1,2026-06-13 15:34:20,0.6070508692852543,0
3969,0274,1,2026-06-13 15:34:20,0.3774951706374758,0
3970,0274,1,2026-06-13 15:34:30,0.3774951706374758,0
3971,0274,1,2026-06-13 15:34:40,0.3774951706374758,0
3972,0798,1,2026-06-13 15:36:20,0.1223438506117192,0
3973,0798,1,2026-06-13 15:36:30,0.1223438506117192,0
3974,0798,1,2026-06-13 15:36:40,0.1223438506117192,0
3975,0798,1,2026-06-13 15:36:50,0.1223438506117192,0
3976,0798,1,2026-06-13 15:37:00,0.1223438506117192,0
3977,0571,1,2026-06-13 15:37:10,0.1223438506117192,0
3978,0798,1,2026-06-13 15:37:10,0.1223438506117192,0
3979,0571,1,2026-06-13 15:37:20,0.1223438506117192,0
3980,0798,1,2026-06-13 15:37:20,0.1223438506117192,0
3981,0571,1,2026-06-13 15:37:30,0.1223438506117192,0
3982,0798,1,2026-06-13 15:37:30,0.1223438506117192,0
3983,0571,1,2026-06-13 15:37:40,0.1223438506117192,0
3984,0798,1,2026-06-13 15:37:40,0.1223438506117192,0
3985,0571,1,2026-06-13 15:37:50,0.1223438506117192,0
3986,0798,1,2026-06-13 15:37:50,0.1223438506117192,0
3987,0571,1,2026-06-13 15:38:00,0.1223438506117192,0
3988,0798,1,2026-06-13 15:38:00,0.1223438506117192,0
3989,0571,1,2026-06-13 15:38:10,0.1223438506117192,0
3990,0798,1,2026-06-13 15:38:10,0.1223438506117192,0
3991,0571,1,2026-06-13 15:38:20,0.1223438506117192,1
3992,0618,1,2026-06-13 15:38:20,0.1223438506117192,0
3993,0571,1,2026-06-13 15:38:30,0.1223438506117192,0
3994,0618,1,2026-06-13 15:38:30,0.1223438506117192,0
3995,0571,1,2026-06-13 15:38:40,0.1223438506117192,0
3996,0618,1,2026-06-13 15:38:40,0.1223438506117192,0
3997,0571,1,2026-06-13 15:38:50,0.1223438506117192,0
3998,0618,1,2026-06-13 15:38:50,0.1223438506117192,0
3999,0618,1,2026-06-13 15:39:00,0.1223438506117192,0
4000,0618,1,2026-06-13 15:39:10,0.1223438506117192,0
4001,0666,1,2026-06-13 16:45:50,0.5449130714745654,0
4002,0666,1,2026-06-13 16:46:00,0.5449130714745654,0
4003,0224,1,2026-06-13 16:46:10,0.7826786864133934,1
4004,0666,1,2026-06-13 16:46:10,0.5449130714745654,0
4005,0224,1,2026-06-13 16:46:20,0.7826786864133934,0
4006,0666,1,2026-06-13 16:46:20,0.5449130714745654,0
4007,0224,1,2026-06-13 16:46:30,0.7826786864133934,0
4008,0661,1,2026-06-13 16:46:30,0.6790083708950418,0
4009,0666,1,2026-06-13 16:46:30,0.5449130714745654,1
4010,0224,1,2026-06-13 16:46:40,0.7826786864133934,0
4011,0661,1,2026-06-13 16:46:40,0.6790083708950418,0
4012,0666,1,2026-06-13 16:46:40,0.5449130714745654,0
4013,0661,1,2026-06-13 16:46:50,0.6790083708950418,0
4014,0666,1,2026-06-13 16:46:50,0.5449130714745654,0
4015,0661,1,2026-06-13 16:47:00,0.6790083708950418,0
4016,0666,1,2026-06-13 16:47:00,0.5449130714745654,0
4017,0661,1,2026-06-13 16:47:10,0.6790083708950418,1
4018,0666,1,2026-06-13 16:47:10,0.5449130714745654,0
4019,0661,1,2026-06-13 16:47:20,0.6790083708950418,1
4020,0666,1,2026-06-13 16:47:20,0.5449130714745654,0
4021,0661,1,2026-06-13 16:47:30,0.6790083708950418,0
4022,0666,1,2026-06-13 16:47:30,0.5449130714745654,0
4023,0661,1,2026-06-13 16:47:40,0.6790083708950418,0
4024,0666,1,2026-06-13 16:47:40,0.5449130714745654,0
4025,0661,1,2026-06-13 16:47:50,0.6790083708950418,0
4026,0492,1,2026-06-13 16:48:00,1.0000000000000000,0
4027,0492,1,2026-06-13 16:48:10,1.0000000000000000,0
4028,0492,1,2026-06-13 16:48:20,1.0000000000000000,0
4029,0492,1,2026-06-13 16:48:30,1.0000000000000000,0
4030,0492,1,2026-06-13 16:48:40,1.0000000000000000,0
4031,0492,1,2026-06-13 16:48:50,1.0000000000000000,0
4032,0904,1,2026-06-13 17:05:20,0.8530264005151320,0
4033,0904,1,2026-06-13 17:05:30,0.8530264005151320,0
4034,0904,1,2026-06-13 17:05:40,0.8530264005151320,0
4035,0904,1,2026-06-13 17:05:50,0.8530264005151320,0
4036,0904,1,2026-06-13 17:06:00,0.8530264005151320,0
4037,0904,1,2026-06-13 17:06:10,0.8530264005151320,0
4038,0904,1,2026-06-13 17:06:20,0.8530264005151320,0
4039,0904,1,2026-06-13 17:06:30,0.8530264005151320,0
4040,0904,1,2026-06-13 17:06:40,0.8530264005151320,0
4041,0717,1,2026-06-13 17:08:00,1.0000000000000000,0
4042,0717,1,2026-06-13 17:08:10,1.0000000000000000,0
4043,0802,1,2026-06-13 17:08:10,0.8530264005151320,0
4044,0717,1,2026-06-13 17:08:20,1.0000000000000000,0
4045,0802,1,2026-06-13 17:08:20,0.8530264005151320,0
4046,0717,1,2026-06-13 17:08:30,1.0000000000000000,0
4047,0802,1,2026-06-13 17:08:30,0.8530264005151320,0
4048,0717,1,2026-06-13 17:08:40,1.0000000000000000,0
4049,0802,1,2026-06-13 17:08:40,0.8530264005151320,0
4050,0717,1,2026-06-13 17:08:50,1.0000000000000000,0
4051,0802,1,2026-06-13 17:08:50,0.8530264005151320,0
4052,0717,1,2026-06-13 17:09:00,1.0000000000000000,0
4053,0802,1,2026-06-13 17:09:00,0.8530264005151320,0
4054,0717,1,2026-06-13 17:09:10,1.0000000000000000,0
4055,0802,1,2026-06-13 17:09:10,0.8530264005151320,0
4056,0717,1,2026-06-13 17:09:20,1.0000000000000000,0
4057,0802,1,2026-06-13 17:09:20,0.8530264005151320,0
4058,0717,1,2026-06-13 17:09:30,1.0000000000000000,0
4059,0802,1,2026-06-13 17:09:30,0.8530264005151320,0
4060,0717,1,2026-06-13 17:09:40,1.0000000000000000,0
4061,0802,1,2026-06-13 17:09:40,0.8530264005151320,0
4062,0717,1,2026-06-13 17:09:50,1.0000000000000000,0
4063,0802,1,2026-06-13 17:09:50,0.8530264005151320,0
4064,0802,1,2026-06-13 17:10:00,0.8530264005151320,0
4065,0222,1,2026-06-13 17:10:20,0.1223438506117192,0
4066,0222,1,2026-06-13 17:10:30,0.1223438506117192,0
4067,0222,1,2026-06-13 17:10:40,0.1223438506117192,0
4068,0222,1,2026-06-13 17:10:50,0.1223438506117192,0
4069,0222,1,2026-06-13 17:11:00,0.1223438506117192,0
4070,0334,1,2026-06-13 17:11:00,0.5449130714745654,1
4071,0222,1,2026-06-13 17:11:10,0.1223438506117192,0
4072,0334,1,2026-06-13 17:11:10,0.5449130714745654,0
4073,0222,1,2026-06-13 17:11:20,0.1223438506117192,0
4074,0334,1,2026-06-13 17:11:20,0.5449130714745654,0
4075,0222,1,2026-06-13 17:11:30,0.1223438506117192,0
4076,0222,1,2026-06-13 17:11:40,0.1223438506117192,0
4077,0118,1,2026-06-13 17:11:50,0.4697359948486799,0
4078,0222,1,2026-06-13 17:11:50,0.1223438506117192,0
4079,0747,1,2026-06-13 17:11:50,0.2807469414037347,0
4080,0118,1,2026-06-13 17:12:00,0.4697359948486799,0
4081,0222,1,2026-06-13 17:12:00,0.1223438506117192,0
4082,0747,1,2026-06-13 17:12:00,0.2807469414037347,0
4083,0118,1,2026-06-13 17:12:10,0.4697359948486799,0
4084,0222,1,2026-06-13 17:12:10,0.1223438506117192,0
4085,0747,1,2026-06-13 17:12:10,0.2807469414037347,0
4086,0118,1,2026-06-13 17:12:20,0.4697359948486799,0
4087,0747,1,2026-06-13 17:12:20,0.2807469414037347,0
4088,0118,1,2026-06-13 17:12:30,0.4697359948486799,0
4089,0747,1,2026-06-13 17:12:30,0.2807469414037347,0
4090,0118,1,2026-06-13 17:12:40,0.4697359948486799,0
4091,0747,1,2026-06-13 17:12:40,0.2807469414037347,0
4092,0118,1,2026-06-13 17:12:50,0.4697359948486799,0
4093,0747,1,2026-06-13 17:12:50,0.2807469414037347,0
4094,0118,1,2026-06-13 17:13:00,0.4697359948486799,1
4095,0747,1,2026-06-13 17:13:00,0.2807469414037347,0
4096,0118,1,2026-06-13 17:13:10,0.4697359948486799,0
4097,0747,1,2026-06-13 17:13:10,0.2807469414037347,0
4098,0118,1,2026-06-13 17:13:20,0.4697359948486799,0
4099,0118,1,2026-06-13 17:13:30,0.4697359948486799,0
4100,0076,1,2026-06-13 18:25:50,0.2807469414037347,0
4101,0076,1,2026-06-13 18:26:00,0.2807469414037347,0
4102,0076,1,2026-06-13 18:26:10,0.2807469414037347,0
4103,0076,1,2026-06-13 18:26:20,0.2807469414037347,0
4104,0076,1,2026-06-13 18:26:30,0.2807469414037347,0
4105,0076,1,2026-06-13 18:26:40,0.2807469414037347,0
4106,0076,1,2026-06-13 18:26:50,0.2807469414037347,0
4107,0076,1,2026-06-13 18:27:00,0.2807469414037347,0
4108,0076,1,2026-06-13 18:27:10,0.2807469414037347,0
4109,0076,1,2026-06-13 18:27:20,0.2807469414037347,0
4110,0076,1,2026-06-13 18:27:30,0.2807469414037347,0
4111,0076,1,2026-06-13 18:27:40,0.2807469414037347,0
4112,0981,1,2026-06-13 18:44:10,0.7826786864133934,0
4113,0981,1,2026-06-13 18:44:20,0.7826786864133934,0
4114,0981,1,2026-06-13 18:44:30,0.7826786864133934,0
4115,0981,1,2026-06-13 18:44:40,0.7826786864133934,0
4116,0981,1,2026-06-13 18:44:50,0.7826786864133934,0
4117,0159,1,2026-06-13 18:45:00,0.9288473921442369,0
4118,0981,1,2026-06-13 18:45:00,0.7826786864133934,0
4119,0159,1,2026-06-13 18:45:10,0.9288473921442369,0
4120,0981,1,2026-06-13 18:45:10,0.7826786864133934,0
4121,0159,1,2026-06-13 18:45:20,0.9288473921442369,0
4122,0981,1,2026-06-13 18:45:20,0.7826786864133934,0
4123,0159,1,2026-06-13 18:45:30,0.9288473921442369,0
4124,0981,1,2026-06-13 18:45:30,0.7826786864133934,0
4125,0159,1,2026-06-13 18:45:40,0.9288473921442369,0
4126,0981,1,2026-06-13 18:45:40,0.7826786864133934,0
4127,0095,1,2026-06-13 18:45:50,0.0568254990341275,0
4128,0095,1,2026-06-13 18:46:00,0.0568254990341275,0
4129,0095,1,2026-06-13 18:46:10,0.0568254990341275,0
4130,0095,1,2026-06-13 18:46:20,0.0568254990341275,1
4131,0908,1,2026-06-13 20:03:10,0.3774951706374758,0
4132,0908,1,2026-06-13 20:03:20,0.3774951706374758,0
4133,0908,1,2026-06-13 20:03:30,0.3774951706374758,0
4134,0908,1,2026-06-13 20:03:40,0.3774951706374758,0
4135,0908,1,2026-06-13 20:03:50,0.3774951706374758,0
4136,0908,1,2026-06-13 20:04:00,0.3774951706374758,0
4137,0908,1,2026-06-13 20:04:10,0.3774951706374758,0
4138,0908,1,2026-06-13 20:04:20,0.3774951706374758,0
4139,0668,1,2026-06-13 20:04:30,0.7826786864133934,0
4140,0908,1,2026-06-13 20:04:30,0.3774951706374758,0
4141,0668,1,2026-06-13 20:04:40,0.7826786864133934,0
4142,0908,1,2026-06-13 20:04:40,0.3774951706374758,0
4143,0668,1,2026-06-13 20:04:50,0.7826786864133934,0
4144,0908,1,2026-06-13 20:04:50,0.3774951706374758,0
4145,0668,1,2026-06-13 20:05:00,0.7826786864133934,0
4146,0668,1,2026-06-13 20:05:10,0.7826786864133934,0
4147,0668,1,2026-06-13 20:05:20,0.7826786864133934,0
4148,0668,1,2026-06-13 20:05:30,0.7826786864133934,0
4149,0668,1,2026-06-13 20:05:40,0.7826786864133934,0
4150,0668,1,2026-06-13 20:05:50,0.7826786864133934,0
4151,0721,1,2026-06-14 01:18:50,0.7826786864133934,0
4152,0721,1,2026-06-14 01:19:00,0.7826786864133934,0
4153,0721,1,2026-06-14 01:19:10,0.7826786864133934,0
4154,0721,1,2026-06-14 01:19:20,0.7826786864133934,0
4155,0721,1,2026-06-14 01:19:30,0.7826786864133934,0
4156,0721,1,2026-06-14 01:19:40,0.7826786864133934,0
4157,0721,1,2026-06-14 01:19:50,0.7826786864133934,0
4158,0721,1,2026-06-14 01:20:00,0.7826786864133934,0
4159,0721,1,2026-06-14 01:20:10,0.7826786864133934,0
4160,0721,1,2026-06-14 01:20:20,0.7826786864133934,0
4161,0721,1,2026-06-14 01:20:30,0.7826786864133934,0
4162,0721,1,2026-06-14 01:20:40,0.7826786864133934,0
4163,0967,1,2026-06-14 01:21:00,0.1223438506117192,0
4164,0967,1,2026-06-14 01:21:10,0.1223438506117192,1
4165,0330,1,2026-06-14 01:21:20,0.2807469414037347,0
4166,0967,1,2026-06-14 01:21:20,0.1223438506117192,0
4167,0330,1,2026-06-14 01:21:30,0.2807469414037347,0
4168,0967,1,2026-06-14 01:21:30,0.1223438506117192,0
4169,0330,1,2026-06-14 01:21:40,0.2807469414037347,0
4170,0967,1,2026-06-14 01:21:40,0.1223438506117192,0
4171,0330,1,2026-06-14 01:21:50,0.2807469414037347,0
4172,0967,1,2026-06-14 01:21:50,0.1223438506117192,0
4173,0330,1,2026-06-14 01:22:00,0.2807469414037347,0
4174,0967,1,2026-06-14 01:22:00,0.1223438506117192,0
4175,0330,1,2026-06-14 01:22:10,0.2807469414037347,1
4176,0330,1,2026-06-14 01:22:20,0.2807469414037347,0
4177,0660,1,2026-06-14 01:22:20,0.6790083708950418,0
4178,0008,1,2026-06-14 01:22:30,0.6790083708950418,1
4179,0330,1,2026-06-14 01:22:30,0.2807469414037347,0
4180,0660,1,2026-06-14 01:22:30,0.6790083708950418,0
4181,0008,1,2026-06-14 01:22:40,0.6790083708950418,1
4182,0330,1,2026-06-14 01:22:40,0.2807469414037347,0
4183,0505,1,2026-06-14 01:22:40,0.0568254990341275,0
4184,0517,1,2026-06-14 01:22:40,0.5449130714745654,0
4185,0660,1,2026-06-14 01:22:40,0.6790083708950418,0
4186,0675,1,2026-06-14 01:22:40,0.4697359948486799,0
4187,0008,1,2026-06-14 01:22:50,0.6790083708950418,0
4188,0099,1,2026-06-14 01:22:50,0.4697359948486799,0
4189,0330,1,2026-06-14 01:22:50,0.2807469414037347,0
4190,0394,1,2026-06-14 01:22:50,0.6790083708950418,0
4191,0505,1,2026-06-14 01:22:50,0.0568254990341275,0
4192,0517,1,2026-06-14 01:22:50,0.5449130714745654,0
4193,0631,1,2026-06-14 01:22:50,0.6790083708950418,0
4194,0660,1,2026-06-14 01:22:50,0.6790083708950418,0
4195,0675,1,2026-06-14 01:22:50,0.4697359948486799,1
4196,0711,1,2026-06-14 01:22:50,0.7826786864133934,0
4197,0783,1,2026-06-14 01:22:50,0.0568254990341275,0
4198,0851,1,2026-06-14 01:22:50,0.2807469414037347,0
4199,0008,1,2026-06-14 01:23:00,0.6790083708950418,0
4200,0099,1,2026-06-14 01:23:00,0.4697359948486799,0
4201,0394,1,2026-06-14 01:23:00,0.6790083708950418,0
4202,0505,1,2026-06-14 01:23:00,0.0568254990341275,0
4203,0517,1,2026-06-14 01:23:00,0.5449130714745654,0
4204,0631,1,2026-06-14 01:23:00,0.6790083708950418,0
4205,0660,1,2026-06-14 01:23:00,0.6790083708950418,1
4206,0675,1,2026-06-14 01:23:00,0.4697359948486799,0
4207,0711,1,2026-06-14 01:23:00,0.7826786864133934,0
4208,0783,1,2026-06-14 01:23:00,0.0568254990341275,0
4209,0851,1,2026-06-14 01:23:00,0.2807469414037347,0
4210,0008,1,2026-06-14 01:23:10,0.6790083708950418,0
4211,0099,1,2026-06-14 01:23:10,0.4697359948486799,0
4212,0362,1,2026-06-14 01:23:10,0.1864133934320670,0
4213,0394,1,2026-06-14 01:23:10,0.6790083708950418,0
4214,0505,1,2026-06-14 01:23:10,0.0568254990341275,0
4215,0517,1,2026-06-14 01:23:10,0.5449130714745654,0
4216,0566,1,2026-06-14 01:23:10,0.1864133934320670,0
4217,0631,1,2026-06-14 01:23:10,0.6790083708950418,0
4218,0660,1,2026-06-14 01:23:10,0.6790083708950418,0
4219,0675,1,2026-06-14 01:23:10,0.4697359948486799,0
4220,0711,1,2026-06-14 01:23:10,0.7826786864133934,0
4221,0783,1,2026-06-14 01:23:10,0.0568254990341275,1
4222,0851,1,2026-06-14 01:23:10,0.2807469414037347,0
4223,0008,1,2026-06-14 01:23:20,0.6790083708950418,0
4224,0099,1,2026-06-14 01:23:20,0.4697359948486799,1
4225,0362,1,2026-06-14 01:23:20,0.1864133934320670,0
4226,0394,1,2026-06-14 01:23:20,0.6790083708950418,0
4227,0505,1,2026-06-14 01:23:20,0.0568254990341275,0
4228,0517,1,2026-06-14 01:23:20,0.5449130714745654,0
4229,0546,1,2026-06-14 01:23:20,0.1864133934320670,0
4230,0566,1,2026-06-14 01:23:20,0.1864133934320670,0
4231,0631,1,2026-06-14 01:23:20,0.6790083708950418,0
4232,0660,1,2026-06-14 01:23:20,0.6790083708950418,0
4233,0675,1,2026-06-14 01:23:20,0.4697359948486799,0
4234,0711,1,2026-06-14 01:23:20,0.7826786864133934,0
4235,0750,1,2026-06-14 01:23:20,1.0000000000000000,0
4236,0783,1,2026-06-14 01:23:20,0.0568254990341275,0
4237,0851,1,2026-06-14 01:23:20,0.2807469414037347,0
4238,0008,1,2026-06-14 01:23:30,0.6790083708950418,0
4239,0099,1,2026-06-14 01:23:30,0.4697359948486799,0
4240,0362,1,2026-06-14 01:23:30,0.1864133934320670,0
4241,0394,1,2026-06-14 01:23:30,0.6790083708950418,0
4242,0505,1,2026-06-14 01:23:30,0.0568254990341275,0
4243,0517,1,2026-06-14 01:23:30,0.5449130714745654,0
4244,0546,1,2026-06-14 01:23:30,0.1864133934320670,0
4245,0566,1,2026-06-14 01:23:30,0.1864133934320670,1
4246,0631,1,2026-06-14 01:23:30,0.6790083708950418,0
4247,0660,1,2026-06-14 01:23:30,0.6790083708950418,0
4248,0675,1,2026-06-14 01:23:30,0.4697359948486799,0
4249,0711,1,2026-06-14 01:23:30,0.7826786864133934,0
4250,0750,1,2026-06-14 01:23:30,1.0000000000000000,0
4251,0783,1,2026-06-14 01:23:30,0.0568254990341275,0
4252,0851,1,2026-06-14 01:23:30,0.2807469414037347,0
4253,0099,1,2026-06-14 01:23:40,0.4697359948486799,0
4254,0362,1,2026-06-14 01:23:40,0.1864133934320670,0
4255,0394,1,2026-06-14 01:23:40,0.6790083708950418,0
4256,0517,1,2026-06-14 01:23:40,0.5449130714745654,0
4257,0546,1,2026-06-14 01:23:40,0.1864133934320670,1
4258,0566,1,2026-06-14 01:23:40,0.1864133934320670,0
4259,0566,1,2026-06-14 01:23:40,0.1864133934320670,0
4260,0631,1,2026-06-14 01:23:40,0.6790083708950418,0
4261,0660,1,2026-06-14 01:23:40,0.6790083708950418,0
4262,0675,1,2026-06-14 01:23:40,0.4697359948486799,0
4263,0711,1,2026-06-14 01:23:40,0.7826786864133934,0
4264,0750,1,2026-06-14 01:23:40,1.0000000000000000,0
4265,0783,1,2026-06-14 01:23:40,0.0568254990341275,0
4266,0851,1,2026-06-14 01:23:40,0.2807469414037347,0
4267,0099,1,2026-06-14 01:23:50,0.4697359948486799,0
4268,0362,1,2026-06-14 01:23:50,0.1864133934320670,0
4269,0394,1,2026-06-14 01:23:50,0.6790083708950418,0
4270,0517,1,2026-06-14 01:23:50,0.5449130714745654,0
4271,0546,1,2026-06-14 01:23:50,0.1864133934320670,0
4272,0566,1,2026-06-14 01:23:50,0.1864133934320670,0
4273,0631,1,2026-06-14 01:23:50,0.6790083708950418,0
4274,0660,1,2026-06-14 01:23:50,0.6790083708950418,0
4275,0675,1,2026-06-14 01:23:50,0.4697359948486799,0
4276,0711,1,2026-06-14 01:23:50,0.7826786864133934,0
4277,0750,1,2026-06-14 01:23:50,1.0000000000000000,0
4278,0783,1,2026-06-14 01:23:50,0.0568254990341275,1
4279,0851,1,2026-06-14 01:23:50,0.2807469414037347,0
4280,0099,1,2026-06-14 01:24:00,0.4697359948486799,0
4281,0362,1,2026-06-14 01:24:00,0.1864133934320670,0
4282,0394,1,2026-06-14 01:24:00,0.6790083708950418,0
4283,0517,1,2026-06-14 01:24:00,0.5449130714745654,0
4284,0546,1,2026-06-14 01:24:00,0.1864133934320670,0
4285,0566,1,2026-06-14 01:24:00,0.1864133934320670,1
4286,0631,1,2026-06-14 01:24:00,0.6790083708950418,0
4287,0660,1,2026-06-14 01:24:00,0.6790083708950418,0
4288,0711,1,2026-06-14 01:24:00,0.7826786864133934,0
4289,0750,1,2026-06-14 01:24:00,1.0000000000000000,0
4290,0783,1,2026-06-14 01:24:00,0.0568254990341275,0
4291,0851,1,2026-06-14 01:24:00,0.2807469414037347,0
4292,0362,1,2026-06-14 01:24:10,0.1864133934320670,0
4293,0394,1,2026-06-14 01:24:10,0.6790083708950418,0
4294,0517,1,2026-06-14 01:24:10,0.5449130714745654,0
4295,0546,1,2026-06-14 01:24:10,0.1864133934320670,0
4296,0566,1,2026-06-14 01:24:10,0.1864133934320670,0
4297,0631,1,2026-06-14 01:24:10,0.6790083708950418,0
4298,0711,1,2026-06-14 01:24:10,0.7826786864133934,0
4299,0750,1,2026-06-14 01:24:10,1.0000000000000000,0
4300,0783,1,2026-06-14 01:24:10,0.0568254990341275,0
4301,0362,1,2026-06-14 01:24:20,0.1864133934320670,0
4302,0394,1,2026-06-14 01:24:20,0.6790083708950418,0
4303,0517,1,2026-06-14 01:24:20,0.5449130714745654,0
4304,0546,1,2026-06-14 01:24:20,0.1864133934320670,0
4305,0631,1,2026-06-14 01:24:20,0.6790083708950418,1
4306,0711,1,2026-06-14 01:24:20,0.7826786864133934,0
4307,0750,1,2026-06-14 01:24:20,1.0000000000000000,0
4308,0362,1,2026-06-14 01:24:30,0.1864133934320670,0
4309,0394,1,2026-06-14 01:24:30,0.6790083708950418,0
4310,0631,1,2026-06-14 01:24:30,0.6790083708950418,0
4311,0711,1,2026-06-14 01:24:30,0.7826786864133934,0
4312,0750,1,2026-06-14 01:24:30,1.0000000000000000,0
4313,0362,1,2026-06-14 01:24:40,0.1864133934320670,0
4314,0394,1,2026-06-14 01:24:40,0.6790083708950418,0
4315,0631,1,2026-06-14 01:24:40,0.6790083708950418,0
4316,0750,1,2026-06-14 01:24:40,1.0000000000000000,0
4317,0750,1,2026-06-14 01:24:50,1.0000000000000000,0
4318,0750,1,2026-06-14 01:25:00,1.0000000000000000,0
4319,0750,1,2026-06-14 01:25:10,1.0000000000000000,1
4320,0920,1,2026-06-14 01:29:50,1.0000000000000000,1
4321,0124,1,2026-06-14 01:30:00,0.0568254990341275,0
4322,0920,1,2026-06-14 01:30:00,1.0000000000000000,0
4323,0124,1,2026-06-14 01:30:10,0.0568254990341275,0
4324,0699,1,2026-06-14 01:30:10,0.2807469414037347,0
4325,0773,1,2026-06-14 01:30:10,0.3774951706374758,0
4326,0920,1,2026-06-14 01:30:10,1.0000000000000000,0
4327,0124,1,2026-06-14 01:30:20,0.0568254990341275,0
4328,0699,1,2026-06-14 01:30:20,0.2807469414037347,0
4329,0773,1,2026-06-14 01:30:20,0.3774951706374758,0
4330,0920,1,2026-06-14 01:30:20,1.0000000000000000,0
4331,0124,1,2026-06-14 01:30:30,0.0568254990341275,0
4332,0699,1,2026-06-14 01:30:30,0.2807469414037347,0
4333,0773,1,2026-06-14 01:30:30,0.3774951706374758,0
4334,0920,1,2026-06-14 01:30:30,1.0000000000000000,0
4335,0124,1,2026-06-14 01:30:40,0.0568254990341275,0
4336,0699,1,2026-06-14 01:30:40,0.2807469414037347,0
4337,0773,1,2026-06-14 01:30:40,0.3774951706374758,0
4338,0920,1,2026-06-14 01:30:40,1.0000000000000000,0
4339,0124,1,2026-06-14 01:30:50,0.0568254990341275,0
4340,0699,1,2026-06-14 01:30:50,0.2807469414037347,1
4341,0773,1,2026-06-14 01:30:50,0.3774951706374758,0
4342,0920,1,2026-06-14 01:30:50,1.0000000000000000,0
4343,0124,1,2026-06-14 01:31:00,0.0568254990341275,0
4344,0699,1,2026-06-14 01:31:00,0.2807469414037347,0
4345,0773,1,2026-06-14 01:31:00,0.3774951706374758,0
4346,0920,1,2026-06-14 01:31:00,1.0000000000000000,0
4347,0124,1,2026-06-14 01:31:10,0.0568254990341275,0
4348,0699,1,2026-06-14 01:31:10,0.2807469414037347,0
4349,0773,1,2026-06-14 01:31:10,0.3774951706374758,0
4350,0920,1,2026-06-14 01:31:10,1.0000000000000000,0
4351,0124,1,2026-06-14 01:31:20,0.0568254990341275,0
4352,0699,1,2026-06-14 01:31:20,0.2807469414037347,0
4353,0773,1,2026-06-14 01:31:20,0.3774951706374758,0
4354,0920,1,2026-06-14 01:31:20,1.0000000000000000,0
4355,0124,1,2026-06-14 01:31:30,0.0568254990341275,0
4356,0699,1,2026-06-14 01:31:30,0.2807469414037347,0
4357,0773,1,2026-06-14 01:31:30,0.3774951706374758,0
4358,0920,1,2026-06-14 01:31:30,1.0000000000000000,0
4359,0124,1,2026-06-14 01:31:40,0.0568254990341275,0
4360,0699,1,2026-06-14 01:31:40,0.2807469414037347,0
4361,0773,1,2026-06-14 01:31:40,0.3774951706374758,0
4362,0699,1,2026-06-14 01:31:50,0.2807469414037347,0
4363,0773,1,2026-06-14 01:31:50,0.3774951706374758,0
4364,0773,1,2026-06-14 01:32:00,0.3774951706374758,0
4365,0295,1,2026-06-14 01:32:10,0.6070508692852543,0
4366,0295,1,2026-06-14 01:32:20,0.6070508692852543,1
4367,0295,1,2026-06-14 01:32:30,0.6070508692852543,0
4368,0295,1,2026-06-14 01:32:40,0.6070508692852543,0
4369,0295,1,2026-06-14 01:32:50,0.6070508692852543,0
4370,0295,1,2026-06-14 01:33:00,0.6070508692852543,0
4371,0295,1,2026-06-14 01:33:10,0.6070508692852543,0
4372,0295,1,2026-06-14 01:33:20,0.6070508692852543,0
4373,0295,1,2026-06-14 01:33:30,0.6070508692852543,0
4374,0295,1,2026-06-14 01:33:40,0.6070508692852543,0
4375,0295,1,2026-06-14 01:33:50,0.6070508692852543,0
4376,0906,1,2026-06-14 02:59:40,0.5449130714745654,0
4377,0906,1,2026-06-14 02:59:50,0.5449130714745654,1
4378,0906,1,2026-06-14 03:00:00,0.5449130714745654,0
4379,0829,1,2026-06-14 03:00:10,0.4697359948486799,0
4380,0906,1,2026-06-14 03:00:10,0.5449130714745654,0
4381,0829,1,2026-06-14 03:00:20,0.4697359948486799,0
4382,0906,1,2026-06-14 03:00:20,0.5449130714745654,0
4383,0829,1,2026-06-14 03:00:30,0.4697359948486799,0
4384,0906,1,2026-06-14 03:00:30,0.5449130714745654,0
4385,0829,1,2026-06-14 03:00:40,0.4697359948486799,0
4386,0906,1,2026-06-14 03:00:40,0.5449130714745654,0
4387,0829,1,2026-06-14 03:00:50,0.4697359948486799,0
4388,0906,1,2026-06-14 03:00:50,0.5449130714745654,0
4389,0829,1,2026-06-14 03:01:00,0.4697359948486799,0
4390,0906,1,2026-06-14 03:01:00,0.5449130714745654,0
4391,0075,1,2026-06-14 03:01:10,0.6790083708950418,1
4392,0829,1,2026-06-14 03:01:10,0.4697359948486799,0
4393,0906,1,2026-06-14 03:01:10,0.5449130714745654,0
4394,0075,1,2026-06-14 03:01:20,0.6790083708950418,0
4395,0191,1,2026-06-14 03:01:20,0.1864133934320670,0
4396,0719,1,2026-06-14 03:01:20,0.3774951706374758,0
4397,0829,1,2026-06-14 03:01:20,0.4697359948486799,0
4398,0075,1,2026-06-14 03:01:30,0.6790083708950418,0
4399,0191,1,2026-06-14 03:01:30,0.1864133934320670,0
4400,0526,1,2026-06-14 03:01:30,1.0000000000000000,0
4401,0719,1,2026-06-14 03:01:30,0.3774951706374758,0
4402,0829,1,2026-06-14 03:01:30,0.4697359948486799,0
4403,0075,1,2026-06-14 03:01:40,0.6790083708950418,0
4404,0191,1,2026-06-14 03:01:40,0.1864133934320670,0
4405,0526,1,2026-06-14 03:01:40,1.0000000000000000,0
4406,0719,1,2026-06-14 03:01:40,0.3774951706374758,1
4407,0817,1,2026-06-14 03:01:40,0.3774951706374758,0
4408,0829,1,2026-06-14 03:01:40,0.4697359948486799,0
4409,0075,1,2026-06-14 03:01:50,0.6790083708950418,0
4410,0191,1,2026-06-14 03:01:50,0.1864133934320670,0
4411,0526,1,2026-06-14 03:01:50,1.0000000000000000,0
4412,0719,1,2026-06-14 03:01:50,0.3774951706374758,0
4413,0817,1,2026-06-14 03:01:50,0.3774951706374758,0
4414,0829,1,2026-06-14 03:01:50,0.4697359948486799,0
4415,0932,1,2026-06-14 03:01:50,0.1223438506117192,0
4416,0075,1,2026-06-14 03:02:00,0.6790083708950418,0
4417,0191,1,2026-06-14 03:02:00,0.1864133934320670,0
4418,0526,1,2026-06-14 03:02:00,1.0000000000000000,0
4419,0719,1,2026-06-14 03:02:00,0.3774951706374758,0
4420,0817,1,2026-06-14 03:02:00,0.3774951706374758,0
4421,0829,1,2026-06-14 03:02:00,0.4697359948486799,0
4422,0932,1,2026-06-14 03:02:00,0.1223438506117192,1
4423,0075,1,2026-06-14 03:02:10,0.6790083708950418,0
4424,0191,1,2026-06-14 03:02:10,0.1864133934320670,0
4425,0526,1,2026-06-14 03:02:10,1.0000000000000000,0
4426,0719,1,2026-06-14 03:02:10,0.3774951706374758,0
4427,0817,1,2026-06-14 03:02:10,0.3774951706374758,0
4428,0932,1,2026-06-14 03:02:10,0.1223438506117192,0
4429,0075,1,2026-06-14 03:02:20,0.6790083708950418,0
4430,0191,1,2026-06-14 03:02:20,0.1864133934320670,0
4431,0321,1,2026-06-14 03:02:20,0.9288473921442369,1
4432,0526,1,2026-06-14 03:02:20,1.0000000000000000,0
4433,0719,1,2026-06-14 03:02:20,0.3774951706374758,0
4434,0817,1,2026-06-14 03:02:20,0.3774951706374758,0
4435,0866,1,2026-06-14 03:02:20,0.1864133934320670,0
4436,0932,1,2026-06-14 03:02:20,0.1223438506117192,0
4437,0075,1,2026-06-14 03:02:30,0.6790083708950418,0
4438,0191,1,2026-06-14 03:02:30,0.1864133934320670,0
4439,0321,1,2026-06-14 03:02:30,0.9288473921442369,0
4440,0526,1,2026-06-14 03:02:30,1.0000000000000000,0
4441,0719,1,2026-06-14 03:02:30,0.3774951706374758,0
4442,0799,1,2026-06-14 03:02:30,0.7826786864133934,0
4443,0817,1,2026-06-14 03:02:30,0.3774951706374758,0
4444,0866,1,2026-06-14 03:02:30,0.1864133934320670,0
4445,0932,1,2026-06-14 03:02:30,0.1223438506117192,0
4446,0075,1,2026-06-14 03:02:40,0.6790083708950418,0
4447,0191,1,2026-06-14 03:02:40,0.1864133934320670,0
4448,0321,1,2026-06-14 03:02:40,0.9288473921442369,0
4449,0526,1,2026-06-14 03:02:40,1.0000000000000000,0
4450,0592,1,2026-06-14 03:02:40,0.6790083708950418,0
4451,0719,1,2026-06-14 03:02:40,0.3774951706374758,0
4452,0799,1,2026-06-14 03:02:40,0.7826786864133934,0
4453,0866,1,2026-06-14 03:02:40,0.1864133934320670,0
4454,0932,1,2026-06-14 03:02:40,0.1223438506117192,0
4455,0075,1,2026-06-14 03:02:50,0.6790083708950418,0
4456,0321,1,2026-06-14 03:02:50,0.9288473921442369,0
4457,0526,1,2026-06-14 03:02:50,1.0000000000000000,0
4458,0592,1,2026-06-14 03:02:50,0.6790083708950418,0
4459,0719,1,2026-06-14 03:02:50,0.3774951706374758,0
4460,0799,1,2026-06-14 03:02:50,0.7826786864133934,0
4461,0826,1,2026-06-14 03:02:50,0.2807469414037347,1
4462,0866,1,2026-06-14 03:02:50,0.1864133934320670,0
4463,0932,1,2026-06-14 03:02:50,0.1223438506117192,0
4464,0321,1,2026-06-14 03:03:00,0.9288473921442369,0
4465,0365,1,2026-06-14 03:03:00,0.2807469414037347,0
4466,0592,1,2026-06-14 03:03:00,0.6790083708950418,0
4467,0799,1,2026-06-14 03:03:00,0.7826786864133934,0
4468,0826,1,2026-06-14 03:03:00,0.2807469414037347,0
4469,0866,1,2026-06-14 03:03:00,0.1864133934320670,0
4470,0876,1,2026-06-14 03:03:00,0.1864133934320670,1
4471,0932,1,2026-06-14 03:03:00,0.1223438506117192,0
4472,0321,1,2026-06-14 03:03:10,0.9288473921442369,0
4473,0365,1,2026-06-14 03:03:10,0.2807469414037347,0
4474,0592,1,2026-06-14 03:03:10,0.6790083708950418,0
4475,0799,1,2026-06-14 03:03:10,0.7826786864133934,0
4476,0826,1,2026-06-14 03:03:10,0.2807469414037347,0
4477,0866,1,2026-06-14 03:03:10,0.1864133934320670,0
4478,0876,1,2026-06-14 03:03:10,0.1864133934320670,0
4479,0932,1,2026-06-14 03:03:10,0.1223438506117192,0
4480,0211,1,2026-06-14 03:03:20,0.6790083708950418,0
4481,0321,1,2026-06-14 03:03:20,0.9288473921442369,0
4482,0365,1,2026-06-14 03:03:20,0.2807469414037347,0
4483,0592,1,2026-06-14 03:03:20,0.6790083708950418,0
4484,0799,1,2026-06-14 03:03:20,0.7826786864133934,1
4485,0826,1,2026-06-14 03:03:20,0.2807469414037347,0
4486,0866,1,2026-06-14 03:03:20,0.1864133934320670,0
4487,0876,1,2026-06-14 03:03:20,0.1864133934320670,0
4488,0932,1,2026-06-14 03:03:20,0.1223438506117192,0
4489,0211,1,2026-06-14 03:03:30,0.6790083708950418,0
4490,0321,1,2026-06-14 03:03:30,0.9288473921442369,0
4491,0365,1,2026-06-14 03:03:30,0.2807469414037347,0
4492,0457,1,2026-06-14 03:03:30,0.6070508692852543,0
4493,0592,1,2026-06-14 03:03:30,0.6790083708950418,0
4494,0598,1,2026-06-14 03:03:30,0.1223438506117192,0
4495,0799,1,2026-06-14 03:03:30,0.7826786864133934,0
4496,0826,1,2026-06-14 03:03:30,0.2807469414037347,0
4497,0866,1,2026-06-14 03:03:30,0.1864133934320670,1
4498,0876,1,2026-06-14 03:03:30,0.1864133934320670,0
4499,0932,1,2026-06-14 03:03:30,0.1223438506117192,0
4500,0211,1,2026-06-14 03:03:40,0.6790083708950418,0
4501,0321,1,2026-06-14 03:03:40,0.9288473921442369,0
4502,0365,1,2026-06-14 03:03:40,0.2807469414037347,0
4503,0457,1,2026-06-14 03:03:40,0.6070508692852543,0
4504,0592,1,2026-06-14 03:03:40,0.6790083708950418,0
4505,0598,1,2026-06-14 03:03:40,0.1223438506117192,0
4506,0799,1,2026-06-14 03:03:40,0.7826786864133934,0
4507,0826,1,2026-06-14 03:03:40,0.2807469414037347,0
4508,0866,1,2026-06-14 03:03:40,0.1864133934320670,0
4509,0876,1,2026-06-14 03:03:40,0.1864133934320670,0
4510,0211,1,2026-06-14 03:03:50,0.6790083708950418,0
4511,0321,1,2026-06-14 03:03:50,0.9288473921442369,0
4512,0365,1,2026-06-14 03:03:50,0.2807469414037347,0
4513,0457,1,2026-06-14 03:03:50,0.6070508692852543,0
4514,0598,1,2026-06-14 03:03:50,0.1223438506117192,0
4515,0799,1,2026-06-14 03:03:50,0.7826786864133934,0
4516,0826,1,2026-06-14 03:03:50,0.2807469414037347,0
4517,0866,1,2026-06-14 03:03:50,0.1864133934320670,0
4518,0876,1,2026-06-14 03:03:50,0.1864133934320670,0
4519,0211,1,2026-06-14 03:04:00,0.6790083708950418,0
4520,0321,1,2026-06-14 03:04:00,0.9288473921442369,0
4521,0365,1,2026-06-14 03:04:00,0.2807469414037347,0
4522,0457,1,2026-06-14 03:04:00,0.6070508692852543,0
4523,0598,1,2026-06-14 03:04:00,0.1223438506117192,0
4524,0799,1,2026-06-14 03:04:00,0.7826786864133934,0
4525,0826,1,2026-06-14 03:04:00,0.2807469414037347,0
4526,0866,1,2026-06-14 03:04:00,0.1864133934320670,1
4527,0876,1,2026-06-14 03:04:00,0.1864133934320670,0
4528,0211,1,2026-06-14 03:04:10,0.6790083708950418,0
4529,0321,1,2026-06-14 03:04:10,0.9288473921442369,0
4530,0365,1,2026-06-14 03:04:10,0.2807469414037347,0
4531,0457,1,2026-06-14 03:04:10,0.6070508692852543,0
4532,0598,1,2026-06-14 03:04:10,0.1223438506117192,0
4533,0799,1,2026-06-14 03:04:10,0.7826786864133934,0
4534,0826,1,2026-06-14 03:04:10,0.2807469414037347,0
4535,0866,1,2026-06-14 03:04:10,0.1864133934320670,0
4536,0876,1,2026-06-14 03:04:10,0.1864133934320670,0
4537,0211,1,2026-06-14 03:04:20,0.6790083708950418,0
4538,0365,1,2026-06-14 03:04:20,0.2807469414037347,0
4539,0457,1,2026-06-14 03:04:20,0.6070508692852543,0
4540,0598,1,2026-06-14 03:04:20,0.1223438506117192,0
4541,0826,1,2026-06-14 03:04:20,0.2807469414037347,0
4542,0876,1,2026-06-14 03:04:20,0.1864133934320670,0
4543,0955,1,2026-06-14 03:04:20,0.3774951706374758,0
4544,0211,1,2026-06-14 03:04:30,0.6790083708950418,0
4545,0293,1,2026-06-14 03:04:30,0.6070508692852543,0
4546,0365,1,2026-06-14 03:04:30,0.2807469414037347,0
4547,0457,1,2026-06-14 03:04:30,0.6070508692852543,0
4548,0826,1,2026-06-14 03:04:30,0.2807469414037347,0
4549,0876,1,2026-06-14 03:04:30,0.1864133934320670,0
4550,0900,1,2026-06-14 03:04:30,0.3774951706374758,0
4551,0955,1,2026-06-14 03:04:30,0.3774951706374758,1
4552,0293,1,2026-06-14 03:04:40,0.6070508692852543,0
4553,0365,1,2026-06-14 03:04:40,0.2807469414037347,0
4554,0826,1,2026-06-14 03:04:40,0.2807469414037347,0
4555,0876,1,2026-06-14 03:04:40,0.1864133934320670,0
4556,0900,1,2026-06-14 03:04:40,0.3774951706374758,0
4557,0955,1,2026-06-14 03:04:40,0.3774951706374758,0
4558,0293,1,2026-06-14 03:04:50,0.6070508692852543,0
4559,0473,1,2026-06-14 03:04:50,1.0000000000000000,0
4560,0900,1,2026-06-14 03:04:50,0.3774951706374758,0
4561,0955,1,2026-06-14 03:04:50,0.3774951706374758,0
4562,0293,1,2026-06-14 03:05:00,0.6070508692852543,0
4563,0473,1,2026-06-14 03:05:00,1.0000000000000000,0
4564,0900,1,2026-06-14 03:05:00,0.3774951706374758,0
4565,0955,1,2026-06-14 03:05:00,0.3774951706374758,0
4566,0293,1,2026-06-14 03:05:10,0.6070508692852543,0
4567,0473,1,2026-06-14 03:05:10,1.0000000000000000,1
4568,0900,1,2026-06-14 03:05:10,0.3774951706374758,0
4569,0955,1,2026-06-14 03:05:10,0.3774951706374758,0
4570,0293,1,2026-06-14 03:05:20,0.6070508692852543,0
4571,0473,1,2026-06-14 03:05:20,1.0000000000000000,1
4572,0900,1,2026-06-14 03:05:20,0.3774951706374758,0
4573,0955,1,2026-06-14 03:05:20,0.3774951706374758,0
4574,0293,1,2026-06-14 03:05:30,0.6070508692852543,0
4575,0473,1,2026-06-14 03:05:30,1.0000000000000000,0
4576,0900,1,2026-06-14 03:05:30,0.3774951706374758,0
4577,0955,1,2026-06-14 03:05:30,0.3774951706374758,0
4578,0293,1,2026-06-14 03:05:40,0.6070508692852543,0
4579,0473,1,2026-06-14 03:05:40,1.0000000000000000,0
4580,0900,1,2026-06-14 03:05:40,0.3774951706374758,0
4581,0955,1,2026-06-14 03:05:40,0.3774951706374758,0
4582,0293,1,2026-06-14 03:05:50,0.6070508692852543,0
4583,0473,1,2026-06-14 03:05:50,1.0000000000000000,0
4584,0900,1,2026-06-14 03:05:50,0.3774951706374758,0
4585,0293,1,2026-06-14 03:06:00,0.6070508692852543,0
4586,0343,1,2026-06-14 03:06:00,0.4697359948486799,0
4587,0473,1,2026-06-14 03:06:00,1.0000000000000000,0
4588,0656,1,2026-06-14 03:06:00,0.3774951706374758,0
4589,0900,1,2026-06-14 03:06:00,0.3774951706374758,0
4590,0078,1,2026-06-14 03:06:10,0.5449130714745654,1
4591,0293,1,2026-06-14 03:06:10,0.6070508692852543,0
4592,0343,1,2026-06-14 03:06:10,0.4697359948486799,0
4593,0473,1,2026-06-14 03:06:10,1.0000000000000000,0
4594,0656,1,2026-06-14 03:06:10,0.3774951706374758,0
4595,0900,1,2026-06-14 03:06:10,0.3774951706374758,0
4596,0078,1,2026-06-14 03:06:20,0.5449130714745654,0
4597,0343,1,2026-06-14 03:06:20,0.4697359948486799,0
4598,0473,1,2026-06-14 03:06:20,1.0000000000000000,0
4599,0656,1,2026-06-14 03:06:20,0.3774951706374758,0
4600,0078,1,2026-06-14 03:06:30,0.5449130714745654,0
4601,0343,1,2026-06-14 03:06:30,0.4697359948486799,0
4602,0473,1,2026-06-14 03:06:30,1.0000000000000000,0
4603,0656,1,2026-06-14 03:06:30,0.3774951706374758,0
4604,0078,1,2026-06-14 03:06:40,0.5449130714745654,1
4605,0078,1,2026-06-14 03:06:40,0.5449130714745654,0
4606,0343,1,2026-06-14 03:06:40,0.4697359948486799,0
4607,0656,1,2026-06-14 03:06:40,0.3774951706374758,0
4608,0078,1,2026-06-14 03:06:50,0.5449130714745654,0
4609,0078,1,2026-06-14 03:06:50,0.5449130714745654,0
4610,0343,1,2026-06-14 03:06:50,0.4697359948486799,0
4611,0656,1,2026-06-14 03:06:50,0.3774951706374758,0
4612,0078,1,2026-06-14 03:07:00,0.5449130714745654,0
4613,0078,1,2026-06-14 03:07:00,0.5449130714745654,0
4614,0343,1,2026-06-14 03:07:00,0.4697359948486799,0
4615,0656,1,2026-06-14 03:07:00,0.3774951706374758,0
4616,0078,1,2026-06-14 03:07:10,0.5449130714745654,0
4617,0078,1,2026-06-14 03:07:10,0.5449130714745654,0
4618,0343,1,2026-06-14 03:07:10,0.4697359948486799,0
4619,0656,1,2026-06-14 03:07:10,0.3774951706374758,0
4620,0078,1,2026-06-14 03:07:20,0.5449130714745654,0
4621,0078,1,2026-06-14 03:07:20,0.5449130714745654,0
4622,0343,1,2026-06-14 03:07:20,0.4697359948486799,0
4623,0656,1,2026-06-14 03:07:20,0.3774951706374758,0
4624,0078,1,2026-06-14 03:07:30,0.5449130714745654,0
4625,0343,1,2026-06-14 03:07:30,0.4697359948486799,0
4626,0656,1,2026-06-14 03:07:30,0.3774951706374758,0
4627,0078,1,2026-06-14 03:07:40,0.5449130714745654,0
4628,0343,1,2026-06-14 03:07:40,0.4697359948486799,0
4629,0656,1,2026-06-14 03:07:40,0.3774951706374758,0
4630,0078,1,2026-06-14 03:07:50,0.5449130714745654,0
4631,0078,1,2026-06-14 03:07:50,0.5449130714745654,0
4632,0292,1,2026-06-14 03:09:30,1.0000000000000000,0
4633,0749,1,2026-06-14 03:09:30,0.6790083708950418,0
4634,0292,1,2026-06-14 03:09:40,1.0000000000000000,0
4635,0641,1,2026-06-14 03:09:40,0.0568254990341275,0
4636,0749,1,2026-06-14 03:09:40,0.6790083708950418,0
4637,0219,1,2026-06-14 03:09:50,0.4697359948486799,0
4638,0292,1,2026-06-14 03:09:50,1.0000000000000000,0
4639,0641,1,2026-06-14 03:09:50,0.0568254990341275,0
4640,0749,1,2026-06-14 03:09:50,0.6790083708950418,0
4641,0219,1,2026-06-14 03:10:00,0.4697359948486799,0
4642,0292,1,2026-06-14 03:10:00,1.0000000000000000,0
4643,0641,1,2026-06-14 03:10:00,0.0568254990341275,0
4644,0749,1,2026-06-14 03:10:00,0.6790083708950418,0
4645,0749,1,2026-06-14 03:10:00,0.6790083708950418,0
4646,0219,1,2026-06-14 03:10:10,0.4697359948486799,0
4647,0292,1,2026-06-14 03:10:10,1.0000000000000000,0
4648,0641,1,2026-06-14 03:10:10,0.0568254990341275,0
4649,0749,1,2026-06-14 03:10:10,0.6790083708950418,0
4650,0749,1,2026-06-14 03:10:10,0.6790083708950418,0
4651,0914,1,2026-06-14 03:10:10,0.9288473921442369,0
4652,0219,1,2026-06-14 03:10:20,0.4697359948486799,0
4653,0292,1,2026-06-14 03:10:20,1.0000000000000000,0
4654,0641,1,2026-06-14 03:10:20,0.0568254990341275,0
4655,0749,1,2026-06-14 03:10:20,0.6790083708950418,0
4656,0749,1,2026-06-14 03:10:20,0.6790083708950418,0
4657,0914,1,2026-06-14 03:10:20,0.9288473921442369,0
4658,0219,1,2026-06-14 03:10:30,0.4697359948486799,0
4659,0292,1,2026-06-14 03:10:30,1.0000000000000000,0
4660,0354,1,2026-06-14 03:10:30,0.6070508692852543,0
4661,0641,1,2026-06-14 03:10:30,0.0568254990341275,0
4662,0749,1,2026-06-14 03:10:30,0.6790083708950418,0
4663,0749,1,2026-06-14 03:10:30,0.6790083708950418,0
4664,0800,1,2026-06-14 03:10:30,0.7826786864133934,0
4665,0914,1,2026-06-14 03:10:30,0.9288473921442369,0
4666,0219,1,2026-06-14 03:10:40,0.4697359948486799,0
4667,0292,1,2026-06-14 03:10:40,1.0000000000000000,0
4668,0354,1,2026-06-14 03:10:40,0.6070508692852543,0
4669,0641,1,2026-06-14 03:10:40,0.0568254990341275,0
4670,0749,1,2026-06-14 03:10:40,0.6790083708950418,0
4671,0749,1,2026-06-14 03:10:40,0.6790083708950418,0
4672,0800,1,2026-06-14 03:10:40,0.7826786864133934,0
4673,0914,1,2026-06-14 03:10:40,0.9288473921442369,0
4674,0219,1,2026-06-14 03:10:50,0.4697359948486799,0
4675,0292,1,2026-06-14 03:10:50,1.0000000000000000,0
4676,0354,1,2026-06-14 03:10:50,0.6070508692852543,0
4677,0641,1,2026-06-14 03:10:50,0.0568254990341275,0
4678,0749,1,2026-06-14 03:10:50,0.6790083708950418,0
4679,0800,1,2026-06-14 03:10:50,0.7826786864133934,0
4680,0914,1,2026-06-14 03:10:50,0.9288473921442369,0
4681,0219,1,2026-06-14 03:11:00,0.4697359948486799,0
4682,0354,1,2026-06-14 03:11:00,0.6070508692852543,0
4683,0641,1,2026-06-14 03:11:00,0.0568254990341275,0
4684,0749,1,2026-06-14 03:11:00,0.6790083708950418,0
4685,0800,1,2026-06-14 03:11:00,0.7826786864133934,0
4686,0914,1,2026-06-14 03:11:00,0.9288473921442369,0
4687,0219,1,2026-06-14 03:11:10,0.4697359948486799,0
4688,0354,1,2026-06-14 03:11:10,0.6070508692852543,0
4689,0641,1,2026-06-14 03:11:10,0.0568254990341275,0
4690,0749,1,2026-06-14 03:11:10,0.6790083708950418,0
4691,0800,1,2026-06-14 03:11:10,0.7826786864133934,0
4692,0914,1,2026-06-14 03:11:10,0.9288473921442369,0
4693,0219,1,2026-06-14 03:11:20,0.4697359948486799,0
4694,0354,1,2026-06-14 03:11:20,0.6070508692852543,0
4695,0641,1,2026-06-14 03:11:20,0.0568254990341275,0
4696,0800,1,2026-06-14 03:11:20,0.7826786864133934,0
4697,0914,1,2026-06-14 03:11:20,0.9288473921442369,0
4698,0219,1,2026-06-14 03:11:30,0.4697359948486799,0
4699,0354,1,2026-06-14 03:11:30,0.6070508692852543,0
4700,0641,1,2026-06-14 03:11:30,0.0568254990341275,0
4701,0870,1,2026-06-14 03:11:30,0.7826786864133934,0
4702,0914,1,2026-06-14 03:11:30,0.9288473921442369,0
4703,0219,1,2026-06-14 03:11:40,0.4697359948486799,0
4704,0354,1,2026-06-14 03:11:40,0.6070508692852543,0
4705,0870,1,2026-06-14 03:11:40,0.7826786864133934,0
4706,0914,1,2026-06-14 03:11:40,0.9288473921442369,0
4707,0354,1,2026-06-14 03:11:50,0.6070508692852543,0
4708,0870,1,2026-06-14 03:11:50,0.7826786864133934,0
4709,0914,1,2026-06-14 03:11:50,0.9288473921442369,0
4710,0354,1,2026-06-14 03:12:00,0.6070508692852543,0
4711,0870,1,2026-06-14 03:12:00,0.7826786864133934,0
4712,0354,1,2026-06-14 03:12:10,0.6070508692852543,0
4713,0870,1,2026-06-14 03:12:10,0.7826786864133934,0
4714,0870,1,2026-06-14 03:12:20,0.7826786864133934,0
4715,0870,1,2026-06-14 03:12:30,0.7826786864133934,0
4716,0342,1,2026-06-14 04:33:50,0.4697359948486799,0
4717,0342,1,2026-06-14 04:34:00,0.4697359948486799,0
4718,0342,1,2026-06-14 04:34:10,0.4697359948486799,0
4719,0469,1,2026-06-14 04:34:10,0.5449130714745654,0
4720,0342,1,2026-06-14 04:34:20,0.4697359948486799,0
4721,0469,1,2026-06-14 04:34:20,0.5449130714745654,0
4722,0342,1,2026-06-14 04:34:30,0.4697359948486799,0
4723,0469,1,2026-06-14 04:34:30,0.5449130714745654,0
4724,0577,1,2026-06-14 04:34:30,0.8530264005151320,0
4725,0328,1,2026-06-14 04:34:40,0.7826786864133934,0
4726,0342,1,2026-06-14 04:34:40,0.4697359948486799,0
4727,0469,1,2026-06-14 04:34:40,0.5449130714745654,0
4728,0577,1,2026-06-14 04:34:40,0.8530264005151320,0
4729,0328,1,2026-06-14 04:34:50,0.7826786864133934,0
4730,0342,1,2026-06-14 04:34:50,0.4697359948486799,0
4731,0469,1,2026-06-14 04:34:50,0.5449130714745654,0
4732,0507,1,2026-06-14 04:34:50,0.6070508692852543,0
4733,0577,1,2026-06-14 04:34:50,0.8530264005151320,0
4734,0328,1,2026-06-14 04:35:00,0.7826786864133934,0
4735,0342,1,2026-06-14 04:35:00,0.4697359948486799,0
4736,0469,1,2026-06-14 04:35:00,0.5449130714745654,0
4737,0507,1,2026-06-14 04:35:00,0.6070508692852543,0
4738,0577,1,2026-06-14 04:35:00,0.8530264005151320,0
4739,0328,1,2026-06-14 04:35:10,0.7826786864133934,0
4740,0342,1,2026-06-14 04:35:10,0.4697359948486799,0
4741,0469,1,2026-06-14 04:35:10,0.5449130714745654,0
4742,0507,1,2026-06-14 04:35:10,0.6070508692852543,0
4743,0577,1,2026-06-14 04:35:10,0.8530264005151320,0
4744,0328,1,2026-06-14 04:35:20,0.7826786864133934,0
4745,0342,1,2026-06-14 04:35:20,0.4697359948486799,0
4746,0469,1,2026-06-14 04:35:20,0.5449130714745654,0
4747,0507,1,2026-06-14 04:35:20,0.6070508692852543,0
4748,0577,1,2026-06-14 04:35:20,0.8530264005151320,0
4749,0328,1,2026-06-14 04:35:30,0.7826786864133934,0
4750,0342,1,2026-06-14 04:35:30,0.4697359948486799,0
4751,0469,1,2026-06-14 04:35:30,0.5449130714745654,0
4752,0507,1,2026-06-14 04:35:30,0.6070508692852543,0
4753,0577,1,2026-06-14 04:35:30,0.8530264005151320,0
4754,0328,1,2026-06-14 04:35:40,0.7826786864133934,0
4755,0342,1,2026-06-14 04:35:40,0.4697359948486799,0
4756,0507,1,2026-06-14 04:35:40,0.6070508692852543,0
4757,0577,1,2026-06-14 04:35:40,0.8530264005151320,0
4758,0328,1,2026-06-14 04:35:50,0.7826786864133934,0
4759,0507,1,2026-06-14 04:35:50,0.6070508692852543,0
4760,0577,1,2026-06-14 04:35:50,0.8530264005151320,0
4761,0328,1,2026-06-14 04:36:00,0.7826786864133934,0
4762,0507,1,2026-06-14 04:36:00,0.6070508692852543,0
4763,0577,1,2026-06-14 04:36:00,0.8530264005151320,0
4764,0328,1,2026-06-14 04:36:10,0.7826786864133934,0
4765,0507,1,2026-06-14 04:36:10,0.6070508692852543,0
4766,0577,1,2026-06-14 04:36:10,0.8530264005151320,0
4767,0328,1,2026-06-14 04:36:20,0.7826786864133934,0
4768,0507,1,2026-06-14 04:36:20,0.6070508692852543,0
4769,0577,1,2026-06-14 04:36:20,0.8530264005151320,0
4770,0328,1,2026-06-14 04:36:30,0.7826786864133934,0
4771,0507,1,2026-06-14 04:36:30,0.6070508692852543,0
4772,0701,1,2026-06-14 04:38:00,0.8530264005151320,0
4773,0701,1,2026-06-14 04:38:10,0.8530264005151320,0
4774,0701,1,2026-06-14 04:38:20,0.8530264005151320,0
4775,0701,1,2026-06-14 04:38:30,0.8530264005151320,0
4776,0761,1,2026-06-14 04:38:30,0.3774951706374758,0
4777,0701,1,2026-06-14 04:38:40,0.8530264005151320,0
4778,0761,1,2026-06-14 04:38:40,0.3774951706374758,0
4779,0701,1,2026-06-14 04:38:50,0.8530264005151320,0
4780,0761,1,2026-06-14 04:38:50,0.3774951706374758,0
4781,0701,1,2026-06-14 04:39:00,0.8530264005151320,0
4782,0761,1,2026-06-14 04:39:00,0.3774951706374758,0
4783,0701,1,2026-06-14 04:39:10,0.8530264005151320,0
4784,0761,1,2026-06-14 04:39:10,0.3774951706374758,0
4785,0701,1,2026-06-14 04:39:20,0.8530264005151320,0
4786,0761,1,2026-06-14 04:39:20,0.3774951706374758,0
4787,0701,1,2026-06-14 04:39:30,0.8530264005151320,0
4788,0761,1,2026-06-14 04:39:30,0.3774951706374758,0
4789,0865,1,2026-06-14 04:39:30,0.8530264005151320,0
4790,0701,1,2026-06-14 04:39:40,0.8530264005151320,0
4791,0761,1,2026-06-14 04:39:40,0.3774951706374758,0
4792,0865,1,2026-06-14 04:39:40,0.8530264005151320,0
4793,0701,1,2026-06-14 04:39:50,0.8530264005151320,0
4794,0761,1,2026-06-14 04:39:50,0.3774951706374758,0
4795,0865,1,2026-06-14 04:39:50,0.8530264005151320,0
4796,0761,1,2026-06-14 04:40:00,0.3774951706374758,0
4797,0865,1,2026-06-14 04:40:00,0.8530264005151320,0
4798,0761,1,2026-06-14 04:40:10,0.3774951706374758,0
4799,0865,1,2026-06-14 04:40:10,0.8530264005151320,0
4800,0865,1,2026-06-14 04:40:20,0.8530264005151320,0
4801,0865,1,2026-06-14 04:40:30,0.8530264005151320,0
4802,0865,1,2026-06-14 04:40:40,0.8530264005151320,0
4803,0865,1,2026-06-14 04:40:50,0.8530264005151320,0
4804,0865,1,2026-06-14 04:41:00,0.8530264005151320,0
4805,0865,1,2026-06-14 04:41:10,0.8530264005151320,0
4806,0039,1,2026-06-14 04:41:20,0.1864133934320670,0
4807,0039,1,2026-06-14 04:41:30,0.1864133934320670,0
4808,0024,1,2026-06-14 04:41:40,0.2807469414037347,0
4809,0039,1,2026-06-14 04:41:40,0.1864133934320670,0
4810,0472,1,2026-06-14 04:41:40,0.7826786864133934,0
4811,0024,1,2026-06-14 04:41:50,0.2807469414037347,0
4812,0039,1,2026-06-14 04:41:50,0.1864133934320670,0
4813,0472,1,2026-06-14 04:41:50,0.7826786864133934,0
4814,0639,1,2026-06-14 04:41:50,0.1864133934320670,1
4815,0737,1,2026-06-14 04:41:50,0.8530264005151320,0
4816,0024,1,2026-06-14 04:42:00,0.2807469414037347,0
4817,0039,1,2026-06-14 04:42:00,0.1864133934320670,0
4818,0472,1,2026-06-14 04:42:00,0.7826786864133934,0
4819,0639,1,2026-06-14 04:42:00,0.1864133934320670,0
4820,0737,1,2026-06-14 04:42:00,0.8530264005151320,0
4821,0024,1,2026-06-14 04:42:10,0.2807469414037347,0
4822,0039,1,2026-06-14 04:42:10,0.1864133934320670,0
4823,0148,1,2026-06-14 04:42:10,0.8530264005151320,0
4824,0370,1,2026-06-14 04:42:10,0.3774951706374758,0
4825,0470,1,2026-06-14 04:42:10,0.1864133934320670,0
4826,0472,1,2026-06-14 04:42:10,0.7826786864133934,0
4827,0639,1,2026-06-14 04:42:10,0.1864133934320670,0
4828,0737,1,2026-06-14 04:42:10,0.8530264005151320,0
4829,0024,1,2026-06-14 04:42:20,0.2807469414037347,0
4830,0039,1,2026-06-14 04:42:20,0.1864133934320670,0
4831,0148,1,2026-06-14 04:42:20,0.8530264005151320,0
4832,0370,1,2026-06-14 04:42:20,0.3774951706374758,0
4833,0470,1,2026-06-14 04:42:20,0.1864133934320670,0
4834,0472,1,2026-06-14 04:42:20,0.7826786864133934,0
4835,0639,1,2026-06-14 04:42:20,0.1864133934320670,1
4836,0647,1,2026-06-14 04:42:20,0.7826786864133934,0
4837,0737,1,2026-06-14 04:42:20,0.8530264005151320,0
4838,0024,1,2026-06-14 04:42:30,0.2807469414037347,0
4839,0039,1,2026-06-14 04:42:30,0.1864133934320670,0
4840,0115,1,2026-06-14 04:42:30,0.1223438506117192,0
4841,0148,1,2026-06-14 04:42:30,0.8530264005151320,0
4842,0370,1,2026-06-14 04:42:30,0.3774951706374758,0
4843,0470,1,2026-06-14 04:42:30,0.1864133934320670,0
4844,0472,1,2026-06-14 04:42:30,0.7826786864133934,0
4845,0647,1,2026-06-14 04:42:30,0.7826786864133934,0
4846,0737,1,2026-06-14 04:42:30,0.8530264005151320,0
4847,0024,1,2026-06-14 04:42:40,0.2807469414037347,0
4848,0115,1,2026-06-14 04:42:40,0.1223438506117192,0
4849,0148,1,2026-06-14 04:42:40,0.8530264005151320,0
4850,0370,1,2026-06-14 04:42:40,0.3774951706374758,0
4851,0470,1,2026-06-14 04:42:40,0.1864133934320670,0
4852,0472,1,2026-06-14 04:42:40,0.7826786864133934,0
4853,0647,1,2026-06-14 04:42:40,0.7826786864133934,0
4854,0737,1,2026-06-14 04:42:40,0.8530264005151320,1
4855,0024,1,2026-06-14 04:42:50,0.2807469414037347,0
4856,0115,1,2026-06-14 04:42:50,0.1223438506117192,0
4857,0148,1,2026-06-14 04:42:50,0.8530264005151320,0
4858,0206,1,2026-06-14 04:42:50,0.8530264005151320,0
4859,0370,1,2026-06-14 04:42:50,0.3774951706374758,0
4860,0470,1,2026-06-14 04:42:50,0.1864133934320670,0
4861,0472,1,2026-06-14 04:42:50,0.7826786864133934,0
4862,0647,1,2026-06-14 04:42:50,0.7826786864133934,0
4863,0737,1,2026-06-14 04:42:50,0.8530264005151320,0
4864,0024,1,2026-06-14 04:43:00,0.2807469414037347,0
4865,0115,1,2026-06-14 04:43:00,0.1223438506117192,0
4866,0148,1,2026-06-14 04:43:00,0.8530264005151320,0
4867,0206,1,2026-06-14 04:43:00,0.8530264005151320,0
4868,0370,1,2026-06-14 04:43:00,0.3774951706374758,0
4869,0470,1,2026-06-14 04:43:00,0.1864133934320670,0
4870,0472,1,2026-06-14 04:43:00,0.7826786864133934,0
4871,0647,1,2026-06-14 04:43:00,0.7826786864133934,0
4872,0737,1,2026-06-14 04:43:00,0.8530264005151320,0
4873,0115,1,2026-06-14 04:43:10,0.1223438506117192,0
4874,0148,1,2026-06-14 04:43:10,0.8530264005151320,0
4875,0206,1,2026-06-14 04:43:10,0.8530264005151320,0
4876,0370,1,2026-06-14 04:43:10,0.3774951706374758,0
4877,0470,1,2026-06-14 04:43:10,0.1864133934320670,0
4878,0472,1,2026-06-14 04:43:10,0.7826786864133934,0
4879,0647,1,2026-06-14 04:43:10,0.7826786864133934,0
4880,0737,1,2026-06-14 04:43:10,0.8530264005151320,0
4881,0115,1,2026-06-14 04:43:20,0.1223438506117192,0
4882,0148,1,2026-06-14 04:43:20,0.8530264005151320,0
4883,0206,1,2026-06-14 04:43:20,0.8530264005151320,0
4884,0370,1,2026-06-14 04:43:20,0.3774951706374758,0
4885,0470,1,2026-06-14 04:43:20,0.1864133934320670,0
4886,0472,1,2026-06-14 04:43:20,0.7826786864133934,0
4887,0488,1,2026-06-14 04:43:20,0.9288473921442369,0
4888,0488,1,2026-06-14 04:43:20,0.9288473921442369,0
4889,0488,1,2026-06-14 04:43:20,0.9288473921442369,0
4890,0488,1,2026-06-14 04:43:20,0.9288473921442369,0
4891,0647,1,2026-06-14 04:43:20,0.7826786864133934,0
4892,0737,1,2026-06-14 04:43:20,0.8530264005151320,0
4893,0855,1,2026-06-14 04:43:20,0.7826786864133934,1
4894,0115,1,2026-06-14 04:43:30,0.1223438506117192,0
4895,0148,1,2026-06-14 04:43:30,0.8530264005151320,0
4896,0206,1,2026-06-14 04:43:30,0.8530264005151320,0
4897,0470,1,2026-06-14 04:43:30,0.1864133934320670,0
4898,0488,1,2026-06-14 04:43:30,0.9288473921442369,0
4899,0488,1,2026-06-14 04:43:30,0.9288473921442369,0
4900,0488,1,2026-06-14 04:43:30,0.9288473921442369,0
4901,0647,1,2026-06-14 04:43:30,0.7826786864133934,0
4902,0737,1,2026-06-14 04:43:30,0.8530264005151320,0
4903,0855,1,2026-06-14 04:43:30,0.7826786864133934,0
4904,0148,1,2026-06-14 04:43:40,0.8530264005151320,0
4905,0206,1,2026-06-14 04:43:40,0.8530264005151320,0
4906,0470,1,2026-06-14 04:43:40,0.1864133934320670,0
4907,0488,1,2026-06-14 04:43:40,0.9288473921442369,0
4908,0488,1,2026-06-14 04:43:40,0.9288473921442369,0
4909,0647,1,2026-06-14 04:43:40,0.7826786864133934,0
4910,0855,1,2026-06-14 04:43:40,0.7826786864133934,0
4911,0148,1,2026-06-14 04:43:50,0.8530264005151320,0
4912,0206,1,2026-06-14 04:43:50,0.8530264005151320,0
4913,0470,1,2026-06-14 04:43:50,0.1864133934320670,0
4914,0488,1,2026-06-14 04:43:50,0.9288473921442369,0
4915,0488,1,2026-06-14 04:43:50,0.9288473921442369,0
4916,0647,1,2026-06-14 04:43:50,0.7826786864133934,0
4917,0855,1,2026-06-14 04:43:50,0.7826786864133934,0
4918,0148,1,2026-06-14 04:44:00,0.8530264005151320,0
4919,0470,1,2026-06-14 04:44:00,0.1864133934320670,0
4920,0488,1,2026-06-14 04:44:00,0.9288473921442369,0
4921,0488,1,2026-06-14 04:44:00,0.9288473921442369,0
4922,0647,1,2026-06-14 04:44:00,0.7826786864133934,0
4923,0855,1,2026-06-14 04:44:00,0.7826786864133934,0
4924,0488,1,2026-06-14 04:44:10,0.9288473921442369,0
4925,0488,1,2026-06-14 04:44:10,0.9288473921442369,0
4926,0647,1,2026-06-14 04:44:10,0.7826786864133934,0
4927,0825,1,2026-06-14 04:44:10,0.2807469414037347,0
4928,0855,1,2026-06-14 04:44:10,0.7826786864133934,0
4929,0488,1,2026-06-14 04:44:20,0.9288473921442369,0
4930,0488,1,2026-06-14 04:44:20,0.9288473921442369,0
4931,0825,1,2026-06-14 04:44:20,0.2807469414037347,0
4932,0855,1,2026-06-14 04:44:20,0.7826786864133934,1
4933,0931,1,2026-06-14 04:44:20,0.9288473921442369,0
4934,0488,1,2026-06-14 04:44:30,0.9288473921442369,0
4935,0825,1,2026-06-14 04:44:30,0.2807469414037347,0
4936,0855,1,2026-06-14 04:44:30,0.7826786864133934,0
4937,0931,1,2026-06-14 04:44:30,0.9288473921442369,0
4938,0346,1,2026-06-14 04:44:40,0.1864133934320670,0
4939,0488,1,2026-06-14 04:44:40,0.9288473921442369,0
4940,0488,1,2026-06-14 04:44:40,0.9288473921442369,0
4941,0601,1,2026-06-14 04:44:40,0.8530264005151320,0
4942,0825,1,2026-06-14 04:44:40,0.2807469414037347,0
4943,0855,1,2026-06-14 04:44:40,0.7826786864133934,0
4944,0931,1,2026-06-14 04:44:40,0.9288473921442369,0
4945,0950,1,2026-06-14 04:44:40,0.1223438506117192,0
4946,0346,1,2026-06-14 04:44:50,0.1864133934320670,1
4947,0488,1,2026-06-14 04:44:50,0.9288473921442369,0
4948,0488,1,2026-06-14 04:44:50,0.9288473921442369,0
4949,0488,1,2026-06-14 04:44:50,0.9288473921442369,0
4950,0488,1,2026-06-14 04:44:50,0.9288473921442369,0
4951,0601,1,2026-06-14 04:44:50,0.8530264005151320,0
4952,0746,1,2026-06-14 04:44:50,0.2807469414037347,0
4953,0825,1,2026-06-14 04:44:50,0.2807469414037347,0
4954,0855,1,2026-06-14 04:44:50,0.7826786864133934,0
4955,0931,1,2026-06-14 04:44:50,0.9288473921442369,0
4956,0950,1,2026-06-14 04:44:50,0.1223438506117192,0
4957,0300,1,2026-06-14 04:45:00,0.9288473921442369,0
4958,0346,1,2026-06-14 04:45:00,0.1864133934320670,0
4959,0523,1,2026-06-14 04:45:00,0.6790083708950418,0
4960,0601,1,2026-06-14 04:45:00,0.8530264005151320,0
4961,0746,1,2026-06-14 04:45:00,0.2807469414037347,0
4962,0779,1,2026-06-14 04:45:00,1.0000000000000000,0
4963,0814,1,2026-06-14 04:45:00,0.1864133934320670,0
4964,0825,1,2026-06-14 04:45:00,0.2807469414037347,0
4965,0855,1,2026-06-14 04:45:00,0.7826786864133934,0
4966,0931,1,2026-06-14 04:45:00,0.9288473921442369,0
4967,0950,1,2026-06-14 04:45:00,0.1223438506117192,0
4968,0300,1,2026-06-14 04:45:10,0.9288473921442369,0
4969,0346,1,2026-06-14 04:45:10,0.1864133934320670,0
4970,0346,1,2026-06-14 04:45:10,0.1864133934320670,0
4971,0523,1,2026-06-14 04:45:10,0.6790083708950418,0
4972,0601,1,2026-06-14 04:45:10,0.8530264005151320,0
4973,0746,1,2026-06-14 04:45:10,0.2807469414037347,0
4974,0779,1,2026-06-14 04:45:10,1.0000000000000000,0
4975,0814,1,2026-06-14 04:45:10,0.1864133934320670,0
4976,0825,1,2026-06-14 04:45:10,0.2807469414037347,0
4977,0931,1,2026-06-14 04:45:10,0.9288473921442369,0
4978,0950,1,2026-06-14 04:45:10,0.1223438506117192,0
4979,0300,1,2026-06-14 04:45:20,0.9288473921442369,0
4980,0346,1,2026-06-14 04:45:20,0.1864133934320670,1
4981,0346,1,2026-06-14 04:45:20,0.1864133934320670,0
4982,0523,1,2026-06-14 04:45:20,0.6790083708950418,0
4983,0601,1,2026-06-14 04:45:20,0.8530264005151320,0
4984,0746,1,2026-06-14 04:45:20,0.2807469414037347,0
4985,0779,1,2026-06-14 04:45:20,1.0000000000000000,0
4986,0814,1,2026-06-14 04:45:20,0.1864133934320670,0
4987,0825,1,2026-06-14 04:45:20,0.2807469414037347,0
4988,0931,1,2026-06-14 04:45:20,0.9288473921442369,0
4989,0950,1,2026-06-14 04:45:20,0.1223438506117192,0
4990,0122,1,2026-06-14 04:45:30,0.1864133934320670,0
4991,0300,1,2026-06-14 04:45:30,0.9288473921442369,0
4992,0346,1,2026-06-14 04:45:30,0.1864133934320670,0
4993,0346,1,2026-06-14 04:45:30,0.1864133934320670,0
4994,0523,1,2026-06-14 04:45:30,0.6790083708950418,0
4995,0601,1,2026-06-14 04:45:30,0.8530264005151320,0
4996,0746,1,2026-06-14 04:45:30,0.2807469414037347,0
4997,0779,1,2026-06-14 04:45:30,1.0000000000000000,0
4998,0814,1,2026-06-14 04:45:30,0.1864133934320670,0
4999,0825,1,2026-06-14 04:45:30,0.2807469414037347,0
5000,0931,1,2026-06-14 04:45:30,0.9288473921442369,0
5001,0950,1,2026-06-14 04:45:30,0.1223438506117192,0
5002,0122,1,2026-06-14 04:45:40,0.1864133934320670,0
5003,0300,1,2026-06-14 04:45:40,0.9288473921442369,0
5004,0346,1,2026-06-14 04:45:40,0.1864133934320670,0
5005,0346,1,2026-06-14 04:45:40,0.1864133934320670,0
5006,0523,1,2026-06-14 04:45:40,0.6790083708950418,0
5007,0601,1,2026-06-14 04:45:40,0.8530264005151320,0
5008,0746,1,2026-06-14 04:45:40,0.2807469414037347,0
5009,0779,1,2026-06-14 04:45:40,1.0000000000000000,0
5010,0814,1,2026-06-14 04:45:40,0.1864133934320670,0
5011,0931,1,2026-06-14 04:45:40,0.9288473921442369,0
5012,0950,1,2026-06-14 04:45:40,0.1223438506117192,0
5013,0122,1,2026-06-14 04:45:50,0.1864133934320670,0
5014,0300,1,2026-06-14 04:45:50,0.9288473921442369,0
5015,0346,1,2026-06-14 04:45:50,0.1864133934320670,0
5016,0408,1,2026-06-14 04:45:50,0.4697359948486799,0
5017,0447,1,2026-06-14 04:45:50,0.6790083708950418,0
5018,0523,1,2026-06-14 04:45:50,0.6790083708950418,0
5019,0746,1,2026-06-14 04:45:50,0.2807469414037347,0
5020,0779,1,2026-06-14 04:45:50,1.0000000000000000,0
5021,0814,1,2026-06-14 04:45:50,0.1864133934320670,0
5022,0850,1,2026-06-14 04:45:50,0.1223438506117192,0
5023,0931,1,2026-06-14 04:45:50,0.9288473921442369,0
5024,0950,1,2026-06-14 04:45:50,0.1223438506117192,0
5025,0122,1,2026-06-14 04:46:00,0.1864133934320670,0
5026,0300,1,2026-06-14 04:46:00,0.9288473921442369,0
5027,0346,1,2026-06-14 04:46:00,0.1864133934320670,0
5028,0408,1,2026-06-14 04:46:00,0.4697359948486799,0
5029,0443,1,2026-06-14 04:46:00,0.3774951706374758,0
5030,0447,1,2026-06-14 04:46:00,0.6790083708950418,1
5031,0523,1,2026-06-14 04:46:00,0.6790083708950418,0
5032,0746,1,2026-06-14 04:46:00,0.2807469414037347,0
5033,0779,1,2026-06-14 04:46:00,1.0000000000000000,0
5034,0814,1,2026-06-14 04:46:00,0.1864133934320670,0
5035,0850,1,2026-06-14 04:46:00,0.1223438506117192,0
5036,0931,1,2026-06-14 04:46:00,0.9288473921442369,0
5037,0950,1,2026-06-14 04:46:00,0.1223438506117192,0
5038,0122,1,2026-06-14 04:46:10,0.1864133934320670,0
5039,0300,1,2026-06-14 04:46:10,0.9288473921442369,0
5040,0346,1,2026-06-14 04:46:10,0.1864133934320670,0
5041,0408,1,2026-06-14 04:46:10,0.4697359948486799,0
5042,0443,1,2026-06-14 04:46:10,0.3774951706374758,0
5043,0447,1,2026-06-14 04:46:10,0.6790083708950418,0
5044,0447,1,2026-06-14 04:46:10,0.6790083708950418,0
5045,0523,1,2026-06-14 04:46:10,0.6790083708950418,0
5046,0746,1,2026-06-14 04:46:10,0.2807469414037347,0
5047,0779,1,2026-06-14 04:46:10,1.0000000000000000,0
5048,0850,1,2026-06-14 04:46:10,0.1223438506117192,0
5049,0911,1,2026-06-14 04:46:10,0.2807469414037347,0
5050,0950,1,2026-06-14 04:46:10,0.1223438506117192,0
5051,0991,1,2026-06-14 04:46:10,0.8530264005151320,0
5052,0122,1,2026-06-14 04:46:20,0.1864133934320670,0
5053,0408,1,2026-06-14 04:46:20,0.4697359948486799,0
5054,0443,1,2026-06-14 04:46:20,0.3774951706374758,0
5055,0447,1,2026-06-14 04:46:20,0.6790083708950418,0
5056,0447,1,2026-06-14 04:46:20,0.6790083708950418,0
5057,0523,1,2026-06-14 04:46:20,0.6790083708950418,0
5058,0746,1,2026-06-14 04:46:20,0.2807469414037347,0
5059,0850,1,2026-06-14 04:46:20,0.1223438506117192,0
5060,0911,1,2026-06-14 04:46:20,0.2807469414037347,0
5061,0926,1,2026-06-14 04:46:20,0.2807469414037347,0
5062,0950,1,2026-06-14 04:46:20,0.1223438506117192,0
5063,0991,1,2026-06-14 04:46:20,0.8530264005151320,0
5064,0122,1,2026-06-14 04:46:30,0.1864133934320670,0
5065,0408,1,2026-06-14 04:46:30,0.4697359948486799,0
5066,0443,1,2026-06-14 04:46:30,0.3774951706374758,0
5067,0447,1,2026-06-14 04:46:30,0.6790083708950418,1
5068,0447,1,2026-06-14 04:46:30,0.6790083708950418,0
5069,0523,1,2026-06-14 04:46:30,0.6790083708950418,0
5070,0746,1,2026-06-14 04:46:30,0.2807469414037347,0
5071,0850,1,2026-06-14 04:46:30,0.1223438506117192,0
5072,0911,1,2026-06-14 04:46:30,0.2807469414037347,0
5073,0926,1,2026-06-14 04:46:30,0.2807469414037347,0
5074,0943,1,2026-06-14 04:46:30,0.1223438506117192,0
5075,0950,1,2026-06-14 04:46:30,0.1223438506117192,0
5076,0991,1,2026-06-14 04:46:30,0.8530264005151320,0
5077,0122,1,2026-06-14 04:46:40,0.1864133934320670,0
5078,0408,1,2026-06-14 04:46:40,0.4697359948486799,0
5079,0443,1,2026-06-14 04:46:40,0.3774951706374758,0
5080,0447,1,2026-06-14 04:46:40,0.6790083708950418,0
5081,0447,1,2026-06-14 04:46:40,0.6790083708950418,0
5082,0523,1,2026-06-14 04:46:40,0.6790083708950418,0
5083,0630,1,2026-06-14 04:46:40,0.8530264005151320,0
5084,0850,1,2026-06-14 04:46:40,0.1223438506117192,0
5085,0911,1,2026-06-14 04:46:40,0.2807469414037347,0
5086,0926,1,2026-06-14 04:46:40,0.2807469414037347,0
5087,0943,1,2026-06-14 04:46:40,0.1223438506117192,0
5088,0991,1,2026-06-14 04:46:40,0.8530264005151320,0
5089,0122,1,2026-06-14 04:46:50,0.1864133934320670,0
5090,0408,1,2026-06-14 04:46:50,0.4697359948486799,1
5091,0443,1,2026-06-14 04:46:50,0.3774951706374758,0
5092,0447,1,2026-06-14 04:46:50,0.6790083708950418,0
5093,0447,1,2026-06-14 04:46:50,0.6790083708950418,0
5094,0630,1,2026-06-14 04:46:50,0.8530264005151320,0
5095,0850,1,2026-06-14 04:46:50,0.1223438506117192,0
5096,0911,1,2026-06-14 04:46:50,0.2807469414037347,0
5097,0926,1,2026-06-14 04:46:50,0.2807469414037347,0
5098,0943,1,2026-06-14 04:46:50,0.1223438506117192,0
5099,0991,1,2026-06-14 04:46:50,0.8530264005151320,0
5100,0122,1,2026-06-14 04:47:00,0.1864133934320670,0
5101,0249,1,2026-06-14 04:47:00,0.7826786864133934,0
5102,0408,1,2026-06-14 04:47:00,0.4697359948486799,0
5103,0443,1,2026-06-14 04:47:00,0.3774951706374758,0
5104,0447,1,2026-06-14 04:47:00,0.6790083708950418,0
5105,0447,1,2026-06-14 04:47:00,0.6790083708950418,0
5106,0630,1,2026-06-14 04:47:00,0.8530264005151320,0
5107,0850,1,2026-06-14 04:47:00,0.1223438506117192,0
5108,0911,1,2026-06-14 04:47:00,0.2807469414037347,0
5109,0926,1,2026-06-14 04:47:00,0.2807469414037347,0
5110,0943,1,2026-06-14 04:47:00,0.1223438506117192,0
5111,0991,1,2026-06-14 04:47:00,0.8530264005151320,0
5112,0122,1,2026-06-14 04:47:10,0.1864133934320670,0
5113,0249,1,2026-06-14 04:47:10,0.7826786864133934,0
5114,0408,1,2026-06-14 04:47:10,0.4697359948486799,0
5115,0443,1,2026-06-14 04:47:10,0.3774951706374758,0
5116,0447,1,2026-06-14 04:47:10,0.6790083708950418,0
5117,0447,1,2026-06-14 04:47:10,0.6790083708950418,0
5118,0630,1,2026-06-14 04:47:10,0.8530264005151320,0
5119,0850,1,2026-06-14 04:47:10,0.1223438506117192,0
5120,0911,1,2026-06-14 04:47:10,0.2807469414037347,0
5121,0926,1,2026-06-14 04:47:10,0.2807469414037347,0
5122,0943,1,2026-06-14 04:47:10,0.1223438506117192,0
5123,0991,1,2026-06-14 04:47:10,0.8530264005151320,0
5124,0249,1,2026-06-14 04:47:20,0.7826786864133934,0
5125,0408,1,2026-06-14 04:47:20,0.4697359948486799,0
5126,0443,1,2026-06-14 04:47:20,0.3774951706374758,0
5127,0447,1,2026-06-14 04:47:20,0.6790083708950418,0
5128,0630,1,2026-06-14 04:47:20,0.8530264005151320,0
5129,0642,1,2026-06-14 04:47:20,0.3774951706374758,0
5130,0911,1,2026-06-14 04:47:20,0.2807469414037347,0
5131,0926,1,2026-06-14 04:47:20,0.2807469414037347,0
5132,0943,1,2026-06-14 04:47:20,0.1223438506117192,0
5133,0991,1,2026-06-14 04:47:20,0.8530264005151320,0
5134,0249,1,2026-06-14 04:47:30,0.7826786864133934,0
5135,0408,1,2026-06-14 04:47:30,0.4697359948486799,0
5136,0443,1,2026-06-14 04:47:30,0.3774951706374758,0
5137,0447,1,2026-06-14 04:47:30,0.6790083708950418,0
5138,0630,1,2026-06-14 04:47:30,0.8530264005151320,0
5139,0642,1,2026-06-14 04:47:30,0.3774951706374758,0
5140,0911,1,2026-06-14 04:47:30,0.2807469414037347,0
5141,0926,1,2026-06-14 04:47:30,0.2807469414037347,0
5142,0943,1,2026-06-14 04:47:30,0.1223438506117192,0
5143,0991,1,2026-06-14 04:47:30,0.8530264005151320,0
5144,0249,1,2026-06-14 04:47:40,0.7826786864133934,0
5145,0408,1,2026-06-14 04:47:40,0.4697359948486799,0
5146,0443,1,2026-06-14 04:47:40,0.3774951706374758,0
5147,0447,1,2026-06-14 04:47:40,0.6790083708950418,0
5148,0630,1,2026-06-14 04:47:40,0.8530264005151320,0
5149,0642,1,2026-06-14 04:47:40,0.3774951706374758,0
5150,0911,1,2026-06-14 04:47:40,0.2807469414037347,0
5151,0926,1,2026-06-14 04:47:40,0.2807469414037347,0
5152,0943,1,2026-06-14 04:47:40,0.1223438506117192,0
5153,0249,1,2026-06-14 04:47:50,0.7826786864133934,0
5154,0521,1,2026-06-14 04:47:50,0.4697359948486799,0
5155,0630,1,2026-06-14 04:47:50,0.8530264005151320,0
5156,0642,1,2026-06-14 04:47:50,0.3774951706374758,0
5157,0911,1,2026-06-14 04:47:50,0.2807469414037347,0
5158,0926,1,2026-06-14 04:47:50,0.2807469414037347,0
5159,0630,1,2026-06-14 04:48:00,0.8530264005151320,0
5160,0642,1,2026-06-14 04:48:00,0.3774951706374758,0
5161,0926,1,2026-06-14 04:48:00,0.2807469414037347,0
5162,0630,1,2026-06-14 04:48:10,0.8530264005151320,0
5163,0642,1,2026-06-14 04:48:10,0.3774951706374758,0
5164,0926,1,2026-06-14 04:48:10,0.2807469414037347,0
5165,0630,1,2026-06-14 04:48:20,0.8530264005151320,0
5166,0642,1,2026-06-14 04:48:20,0.3774951706374758,0
5167,0642,1,2026-06-14 04:48:30,0.3774951706374758,0
5168,0642,1,2026-06-14 04:48:40,0.3774951706374758,0
5169,0666,1,2026-06-14 06:12:40,0.5449130714745654,0
5170,0666,1,2026-06-14 06:12:50,0.5449130714745654,0
5171,0666,1,2026-06-14 06:13:00,0.5449130714745654,0
5172,0236,1,2026-06-14 06:13:10,0.8530264005151320,0
5173,0666,1,2026-06-14 06:13:10,0.5449130714745654,0
5174,0236,1,2026-06-14 06:13:20,0.8530264005151320,0
5175,0666,1,2026-06-14 06:13:20,0.5449130714745654,0
5176,0236,1,2026-06-14 06:13:30,0.8530264005151320,0
5177,0666,1,2026-06-14 06:13:30,0.5449130714745654,0
5178,0236,1,2026-06-14 06:13:40,0.8530264005151320,0
5179,0666,1,2026-06-14 06:13:40,0.5449130714745654,0
5180,0236,1,2026-06-14 06:13:50,0.8530264005151320,0
5181,0666,1,2026-06-14 06:13:50,0.5449130714745654,0
5182,0236,1,2026-06-14 06:14:00,0.8530264005151320,0
5183,0666,1,2026-06-14 06:14:00,0.5449130714745654,0
5184,0236,1,2026-06-14 06:14:10,0.8530264005151320,0
5185,0666,1,2026-06-14 06:14:10,0.5449130714745654,0
5186,0236,1,2026-06-14 06:14:20,0.8530264005151320,0
5187,0303,1,2026-06-14 06:14:20,0.7826786864133934,0
5188,0236,1,2026-06-14 06:14:30,0.8530264005151320,0
5189,0303,1,2026-06-14 06:14:30,0.7826786864133934,0
5190,0236,1,2026-06-14 06:14:40,0.8530264005151320,0
5191,0303,1,2026-06-14 06:14:40,0.7826786864133934,0
5192,0303,1,2026-06-14 06:14:50,0.7826786864133934,0
5193,0303,1,2026-06-14 06:15:00,0.7826786864133934,0
5194,0303,1,2026-06-14 06:15:10,0.7826786864133934,0
5195,0303,1,2026-06-14 06:15:20,0.7826786864133934,0
5196,0303,1,2026-06-14 06:15:30,0.7826786864133934,0
5197,0303,1,2026-06-14 06:15:40,0.7826786864133934,0
5198,0303,1,2026-06-14 06:15:50,0.7826786864133934,0
5199,0529,1,2026-06-14 06:18:10,0.7826786864133934,0
5200,0772,1,2026-06-14 06:18:10,0.1223438506117192,0
5201,0529,1,2026-06-14 06:18:20,0.7826786864133934,0
5202,0772,1,2026-06-14 06:18:20,0.1223438506117192,0
5203,0529,1,2026-06-14 06:18:30,0.7826786864133934,0
5204,0772,1,2026-06-14 06:18:30,0.1223438506117192,0
5205,0529,1,2026-06-14 06:18:40,0.7826786864133934,0
5206,0772,1,2026-06-14 06:18:40,0.1223438506117192,0
5207,0529,1,2026-06-14 06:18:50,0.7826786864133934,0
5208,0772,1,2026-06-14 06:18:50,0.1223438506117192,0
5209,0529,1,2026-06-14 06:19:00,0.7826786864133934,0
5210,0772,1,2026-06-14 06:19:00,0.1223438506117192,0
5211,0787,1,2026-06-14 06:19:00,0.8530264005151320,0
5212,0522,1,2026-06-14 06:19:10,0.8530264005151320,0
5213,0529,1,2026-06-14 06:19:10,0.7826786864133934,0
5214,0772,1,2026-06-14 06:19:10,0.1223438506117192,0
5215,0787,1,2026-06-14 06:19:10,0.8530264005151320,0
5216,0522,1,2026-06-14 06:19:20,0.8530264005151320,0
5217,0529,1,2026-06-14 06:19:20,0.7826786864133934,0
5218,0772,1,2026-06-14 06:19:20,0.1223438506117192,0
5219,0787,1,2026-06-14 06:19:20,0.8530264005151320,0
5220,0522,1,2026-06-14 06:19:30,0.8530264005151320,0
5221,0529,1,2026-06-14 06:19:30,0.7826786864133934,0
5222,0772,1,2026-06-14 06:19:30,0.1223438506117192,0
5223,0522,1,2026-06-14 06:19:40,0.8530264005151320,0
5224,0772,1,2026-06-14 06:19:40,0.1223438506117192,0
5225,0269,1,2026-06-14 06:19:50,0.3774951706374758,0
5226,0522,1,2026-06-14 06:19:50,0.8530264005151320,0
5227,0772,1,2026-06-14 06:19:50,0.1223438506117192,0
5228,0269,1,2026-06-14 06:20:00,0.3774951706374758,0
5229,0522,1,2026-06-14 06:20:00,0.8530264005151320,0
5230,0269,1,2026-06-14 06:20:10,0.3774951706374758,0
5231,0522,1,2026-06-14 06:20:10,0.8530264005151320,0
5232,0422,1,2026-06-14 06:20:20,1.0000000000000000,0
5233,0438,1,2026-06-14 06:20:20,0.4697359948486799,0
5234,0422,1,2026-06-14 06:20:30,1.0000000000000000,0
5235,0438,1,2026-06-14 06:20:30,0.4697359948486799,0
5236,0422,1,2026-06-14 06:20:40,1.0000000000000000,0
5237,0422,1,2026-06-14 06:20:50,1.0000000000000000,0
5238,0594,1,2026-06-14 06:20:50,0.7826786864133934,0
5239,0594,1,2026-06-14 06:20:50,0.7826786864133934,0
5240,0594,1,2026-06-14 06:20:50,0.7826786864133934,0
5241,0594,1,2026-06-14 06:20:50,0.7826786864133934,0
5242,0422,1,2026-06-14 06:21:00,1.0000000000000000,0
5243,0594,1,2026-06-14 06:21:00,0.7826786864133934,0
5244,0594,1,2026-06-14 06:21:00,0.7826786864133934,0
5245,0594,1,2026-06-14 06:21:00,0.7826786864133934,0
5246,0133,1,2026-06-14 06:21:10,0.6790083708950418,0
5247,0422,1,2026-06-14 06:21:10,1.0000000000000000,0
5248,0594,1,2026-06-14 06:21:10,0.7826786864133934,0
5249,0594,1,2026-06-14 06:21:10,0.7826786864133934,0
5250,0594,1,2026-06-14 06:21:10,0.7826786864133934,0
5251,0133,1,2026-06-14 06:21:20,0.6790083708950418,0
5252,0422,1,2026-06-14 06:21:20,1.0000000000000000,0
5253,0594,1,2026-06-14 06:21:20,0.7826786864133934,0
5254,0594,1,2026-06-14 06:21:20,0.7826786864133934,0
5255,0594,1,2026-06-14 06:21:20,0.7826786864133934,0
5256,0670,1,2026-06-14 06:21:20,0.7826786864133934,0
5257,0714,1,2026-06-14 06:21:20,0.7826786864133934,0
5258,0133,1,2026-06-14 06:21:30,0.6790083708950418,0
5259,0201,1,2026-06-14 06:21:30,0.4697359948486799,0
5260,0201,1,2026-06-14 06:21:30,0.4697359948486799,0
5261,0201,1,2026-06-14 06:21:30,0.4697359948486799,0
5262,0422,1,2026-06-14 06:21:30,1.0000000000000000,0
5263,0594,1,2026-06-14 06:21:30,0.7826786864133934,0
5264,0594,1,2026-06-14 06:21:30,0.7826786864133934,0
5265,0670,1,2026-06-14 06:21:30,0.7826786864133934,0
5266,0714,1,2026-06-14 06:21:30,0.7826786864133934,0
5267,0133,1,2026-06-14 06:21:40,0.6790083708950418,0
5268,0201,1,2026-06-14 06:21:40,0.4697359948486799,0
5269,0201,1,2026-06-14 06:21:40,0.4697359948486799,0
5270,0201,1,2026-06-14 06:21:40,0.4697359948486799,0
5271,0422,1,2026-06-14 06:21:40,1.0000000000000000,0
5272,0547,1,2026-06-14 06:21:40,0.6070508692852543,0
5273,0594,1,2026-06-14 06:21:40,0.7826786864133934,0
5274,0594,1,2026-06-14 06:21:40,0.7826786864133934,0
5275,0670,1,2026-06-14 06:21:40,0.7826786864133934,0
5276,0714,1,2026-06-14 06:21:40,0.7826786864133934,0
5277,0133,1,2026-06-14 06:21:50,0.6790083708950418,0
5278,0201,1,2026-06-14 06:21:50,0.4697359948486799,0
5279,0201,1,2026-06-14 06:21:50,0.4697359948486799,0
5280,0201,1,2026-06-14 06:21:50,0.4697359948486799,0
5281,0402,1,2026-06-14 06:21:50,0.6070508692852543,0
5282,0422,1,2026-06-14 06:21:50,1.0000000000000000,0
5283,0547,1,2026-06-14 06:21:50,0.6070508692852543,0
5284,0594,1,2026-06-14 06:21:50,0.7826786864133934,0
5285,0594,1,2026-06-14 06:21:50,0.7826786864133934,0
5286,0670,1,2026-06-14 06:21:50,0.7826786864133934,0
5287,0714,1,2026-06-14 06:21:50,0.7826786864133934,0
5288,0133,1,2026-06-14 06:22:00,0.6790083708950418,0
5289,0201,1,2026-06-14 06:22:00,0.4697359948486799,0
5290,0201,1,2026-06-14 06:22:00,0.4697359948486799,0
5291,0402,1,2026-06-14 06:22:00,0.6070508692852543,0
5292,0547,1,2026-06-14 06:22:00,0.6070508692852543,0
5293,0594,1,2026-06-14 06:22:00,0.7826786864133934,0
5294,0594,1,2026-06-14 06:22:00,0.7826786864133934,0
5295,0670,1,2026-06-14 06:22:00,0.7826786864133934,0
5296,0714,1,2026-06-14 06:22:00,0.7826786864133934,0
5297,0133,1,2026-06-14 06:22:10,0.6790083708950418,0
5298,0201,1,2026-06-14 06:22:10,0.4697359948486799,0
5299,0201,1,2026-06-14 06:22:10,0.4697359948486799,0
5300,0402,1,2026-06-14 06:22:10,0.6070508692852543,0
5301,0547,1,2026-06-14 06:22:10,0.6070508692852543,0
5302,0594,1,2026-06-14 06:22:10,0.7826786864133934,0
5303,0594,1,2026-06-14 06:22:10,0.7826786864133934,0
5304,0594,1,2026-06-14 06:22:10,0.7826786864133934,0
5305,0670,1,2026-06-14 06:22:10,0.7826786864133934,0
5306,0714,1,2026-06-14 06:22:10,0.7826786864133934,0
5307,0133,1,2026-06-14 06:22:20,0.6790083708950418,0
5308,0201,1,2026-06-14 06:22:20,0.4697359948486799,0
5309,0201,1,2026-06-14 06:22:20,0.4697359948486799,0
5310,0402,1,2026-06-14 06:22:20,0.6070508692852543,0
5311,0547,1,2026-06-14 06:22:20,0.6070508692852543,0
5312,0594,1,2026-06-14 06:22:20,0.7826786864133934,0
5313,0594,1,2026-06-14 06:22:20,0.7826786864133934,0
5314,0594,1,2026-06-14 06:22:20,0.7826786864133934,0
5315,0594,1,2026-06-14 06:22:20,0.7826786864133934,0
5316,0670,1,2026-06-14 06:22:20,0.7826786864133934,0
5317,0714,1,2026-06-14 06:22:20,0.7826786864133934,0
5318,0133,1,2026-06-14 06:22:30,0.6790083708950418,0
5319,0201,1,2026-06-14 06:22:30,0.4697359948486799,0
5320,0201,1,2026-06-14 06:22:30,0.4697359948486799,0
5321,0402,1,2026-06-14 06:22:30,0.6070508692852543,0
5322,0547,1,2026-06-14 06:22:30,0.6070508692852543,0
5323,0670,1,2026-06-14 06:22:30,0.7826786864133934,0
5324,0714,1,2026-06-14 06:22:30,0.7826786864133934,0
5325,0133,1,2026-06-14 06:22:40,0.6790083708950418,0
5326,0201,1,2026-06-14 06:22:40,0.4697359948486799,0
5327,0201,1,2026-06-14 06:22:40,0.4697359948486799,0
5328,0402,1,2026-06-14 06:22:40,0.6070508692852543,0
5329,0670,1,2026-06-14 06:22:40,0.7826786864133934,0
5330,0714,1,2026-06-14 06:22:40,0.7826786864133934,0
5331,0201,1,2026-06-14 06:22:50,0.4697359948486799,0
5332,0714,1,2026-06-14 06:22:50,0.7826786864133934,0
5333,0201,1,2026-06-14 06:23:00,0.4697359948486799,0
5334,0201,1,2026-06-14 06:23:00,0.4697359948486799,0
5335,0714,1,2026-06-14 06:23:00,0.7826786864133934,0
5336,0201,1,2026-06-14 06:23:10,0.4697359948486799,0
5337,0201,1,2026-06-14 06:23:10,0.4697359948486799,0
5338,0201,1,2026-06-14 06:23:10,0.4697359948486799,0
5339,0714,1,2026-06-14 06:23:10,0.7826786864133934,0
5340,0574,1,2026-06-14 06:28:40,0.4697359948486799,0
5341,0574,1,2026-06-14 06:28:50,0.4697359948486799,0
5342,0574,1,2026-06-14 06:29:00,0.4697359948486799,0
5343,0284,1,2026-06-14 06:32:30,0.1223438506117192,0
5344,0718,1,2026-06-14 06:32:30,0.3774951706374758,0
5345,0284,1,2026-06-14 06:32:40,0.1223438506117192,0
5346,0718,1,2026-06-14 06:32:40,0.3774951706374758,0
5347,0284,1,2026-06-14 06:32:50,0.1223438506117192,0
5348,0718,1,2026-06-14 06:32:50,0.3774951706374758,0
5349,0284,1,2026-06-14 06:33:00,0.1223438506117192,0
5350,0718,1,2026-06-14 06:33:00,0.3774951706374758,0
5351,0284,1,2026-06-14 06:33:10,0.1223438506117192,0
5352,0718,1,2026-06-14 06:33:10,0.3774951706374758,0
5353,0284,1,2026-06-14 06:33:20,0.1223438506117192,0
5354,0718,1,2026-06-14 06:33:20,0.3774951706374758,0
5355,0284,1,2026-06-14 06:33:30,0.1223438506117192,0
5356,0718,1,2026-06-14 06:33:30,0.3774951706374758,0
5357,0284,1,2026-06-14 06:33:40,0.1223438506117192,0
5358,0718,1,2026-06-14 06:33:40,0.3774951706374758,0
5359,0284,1,2026-06-14 06:33:50,0.1223438506117192,0
5360,0718,1,2026-06-14 06:33:50,0.3774951706374758,0
5361,0284,1,2026-06-14 06:34:00,0.1223438506117192,0
5362,0718,1,2026-06-14 06:34:00,0.3774951706374758,0
5363,0284,1,2026-06-14 06:34:10,0.1223438506117192,0
5364,0718,1,2026-06-14 06:34:10,0.3774951706374758,0
5365,0172,1,2026-06-14 07:49:10,0.3774951706374758,0
5366,0172,1,2026-06-14 07:49:10,0.3774951706374758,0
5367,0172,1,2026-06-14 07:49:20,0.3774951706374758,0
5368,0172,1,2026-06-14 07:49:20,0.3774951706374758,0
5369,0172,1,2026-06-14 07:49:30,0.3774951706374758,0
5370,0172,1,2026-06-14 07:49:30,0.3774951706374758,0
5371,0172,1,2026-06-14 07:49:40,0.3774951706374758,0
5372,0172,1,2026-06-14 07:49:40,0.3774951706374758,0
5373,0172,1,2026-06-14 07:49:40,0.3774951706374758,0
5374,0172,1,2026-06-14 07:49:50,0.3774951706374758,0
5375,0172,1,2026-06-14 07:49:50,0.3774951706374758,0
5376,0172,1,2026-06-14 07:49:50,0.3774951706374758,0
5377,0172,1,2026-06-14 07:49:50,0.3774951706374758,0
5378,0172,1,2026-06-14 07:50:00,0.3774951706374758,0
5379,0172,1,2026-06-14 07:50:00,0.3774951706374758,0
5380,0172,1,2026-06-14 07:50:00,0.3774951706374758,0
5381,0172,1,2026-06-14 07:50:00,0.3774951706374758,0
5382,0492,1,2026-06-14 07:50:00,1.0000000000000000,0
5383,0172,1,2026-06-14 07:50:10,0.3774951706374758,0
5384,0172,1,2026-06-14 07:50:10,0.3774951706374758,0
5385,0172,1,2026-06-14 07:50:10,0.3774951706374758,0
5386,0492,1,2026-06-14 07:50:10,1.0000000000000000,0
5387,0172,1,2026-06-14 07:50:20,0.3774951706374758,0
5388,0172,1,2026-06-14 07:50:20,0.3774951706374758,0
5389,0172,1,2026-06-14 07:50:20,0.3774951706374758,0
5390,0492,1,2026-06-14 07:50:20,1.0000000000000000,0
5391,0172,1,2026-06-14 07:50:30,0.3774951706374758,0
5392,0172,1,2026-06-14 07:50:30,0.3774951706374758,0
5393,0172,1,2026-06-14 07:50:40,0.3774951706374758,0
5394,0172,1,2026-06-14 07:50:40,0.3774951706374758,0
5395,0172,1,2026-06-14 07:50:50,0.3774951706374758,0
5396,0172,1,2026-06-14 07:50:50,0.3774951706374758,0
5397,0404,1,2026-06-14 07:51:10,0.6070508692852543,0
5398,0286,1,2026-06-14 07:51:20,1.0000000000000000,0
5399,0404,1,2026-06-14 07:51:20,0.6070508692852543,0
5400,0552,1,2026-06-14 07:51:20,0.5449130714745654,0
5401,0142,1,2026-06-14 07:51:30,0.5449130714745654,0
5402,0241,1,2026-06-14 07:51:30,0.3774951706374758,0
5403,0286,1,2026-06-14 07:51:30,1.0000000000000000,0
5404,0404,1,2026-06-14 07:51:30,0.6070508692852543,0
5405,0552,1,2026-06-14 07:51:30,0.5449130714745654,0
5406,0142,1,2026-06-14 07:51:40,0.5449130714745654,0
5407,0241,1,2026-06-14 07:51:40,0.3774951706374758,0
5408,0286,1,2026-06-14 07:51:40,1.0000000000000000,0
5409,0404,1,2026-06-14 07:51:40,0.6070508692852543,0
5410,0552,1,2026-06-14 07:51:40,0.5449130714745654,0
5411,0142,1,2026-06-14 07:51:50,0.5449130714745654,0
5412,0241,1,2026-06-14 07:51:50,0.3774951706374758,0
5413,0286,1,2026-06-14 07:51:50,1.0000000000000000,0
5414,0404,1,2026-06-14 07:51:50,0.6070508692852543,0
5415,0552,1,2026-06-14 07:51:50,0.5449130714745654,0
5416,0969,1,2026-06-14 07:51:50,0.2807469414037347,0
5417,0142,1,2026-06-14 07:52:00,0.5449130714745654,0
5418,0241,1,2026-06-14 07:52:00,0.3774951706374758,0
5419,0286,1,2026-06-14 07:52:00,1.0000000000000000,0
5420,0404,1,2026-06-14 07:52:00,0.6070508692852543,0
5421,0552,1,2026-06-14 07:52:00,0.5449130714745654,0
5422,0969,1,2026-06-14 07:52:00,0.2807469414037347,0
5423,0142,1,2026-06-14 07:52:10,0.5449130714745654,0
5424,0241,1,2026-06-14 07:52:10,0.3774951706374758,0
5425,0286,1,2026-06-14 07:52:10,1.0000000000000000,0
5426,0404,1,2026-06-14 07:52:10,0.6070508692852543,0
5427,0552,1,2026-06-14 07:52:10,0.5449130714745654,0
5428,0969,1,2026-06-14 07:52:10,0.2807469414037347,0
5429,0142,1,2026-06-14 07:52:20,0.5449130714745654,0
5430,0241,1,2026-06-14 07:52:20,0.3774951706374758,0
5431,0286,1,2026-06-14 07:52:20,1.0000000000000000,0
5432,0404,1,2026-06-14 07:52:20,0.6070508692852543,0
5433,0552,1,2026-06-14 07:52:20,0.5449130714745654,0
5434,0969,1,2026-06-14 07:52:20,0.2807469414037347,0
5435,0142,1,2026-06-14 07:52:30,0.5449130714745654,0
5436,0241,1,2026-06-14 07:52:30,0.3774951706374758,0
5437,0286,1,2026-06-14 07:52:30,1.0000000000000000,0
5438,0404,1,2026-06-14 07:52:30,0.6070508692852543,0
5439,0552,1,2026-06-14 07:52:30,0.5449130714745654,0
5440,0753,1,2026-06-14 07:52:30,0.7826786864133934,0
5441,0969,1,2026-06-14 07:52:30,0.2807469414037347,0
5442,0142,1,2026-06-14 07:52:40,0.5449130714745654,0
5443,0241,1,2026-06-14 07:52:40,0.3774951706374758,0
5444,0286,1,2026-06-14 07:52:40,1.0000000000000000,0
5445,0404,1,2026-06-14 07:52:40,0.6070508692852543,0
5446,0753,1,2026-06-14 07:52:40,0.7826786864133934,0
5447,0969,1,2026-06-14 07:52:40,0.2807469414037347,0
5448,0142,1,2026-06-14 07:52:50,0.5449130714745654,0
5449,0241,1,2026-06-14 07:52:50,0.3774951706374758,0
5450,0286,1,2026-06-14 07:52:50,1.0000000000000000,0
5451,0753,1,2026-06-14 07:52:50,0.7826786864133934,0
5452,0969,1,2026-06-14 07:52:50,0.2807469414037347,0
5453,0142,1,2026-06-14 07:53:00,0.5449130714745654,0
5454,0241,1,2026-06-14 07:53:00,0.3774951706374758,0
5455,0286,1,2026-06-14 07:53:00,1.0000000000000000,0
5456,0753,1,2026-06-14 07:53:00,0.7826786864133934,0
5457,0842,1,2026-06-14 07:53:00,0.1223438506117192,0
5458,0969,1,2026-06-14 07:53:00,0.2807469414037347,0
5459,0241,1,2026-06-14 07:53:10,0.3774951706374758,0
5460,0286,1,2026-06-14 07:53:10,1.0000000000000000,0
5461,0753,1,2026-06-14 07:53:10,0.7826786864133934,0
5462,0842,1,2026-06-14 07:53:10,0.1223438506117192,0
5463,0969,1,2026-06-14 07:53:10,0.2807469414037347,0
5464,0241,1,2026-06-14 07:53:20,0.3774951706374758,0
5465,0430,1,2026-06-14 07:53:20,0.9288473921442369,0
5466,0752,1,2026-06-14 07:53:20,0.8530264005151320,0
5467,0753,1,2026-06-14 07:53:20,0.7826786864133934,0
5468,0842,1,2026-06-14 07:53:20,0.1223438506117192,0
5469,0874,1,2026-06-14 07:53:20,0.1864133934320670,0
5470,0969,1,2026-06-14 07:53:20,0.2807469414037347,0
5471,0430,1,2026-06-14 07:53:30,0.9288473921442369,0
5472,0752,1,2026-06-14 07:53:30,0.8530264005151320,0
5473,0753,1,2026-06-14 07:53:30,0.7826786864133934,0
5474,0842,1,2026-06-14 07:53:30,0.1223438506117192,0
5475,0874,1,2026-06-14 07:53:30,0.1864133934320670,0
5476,0969,1,2026-06-14 07:53:30,0.2807469414037347,0
5477,0132,1,2026-06-14 07:53:40,0.9288473921442369,0
5478,0430,1,2026-06-14 07:53:40,0.9288473921442369,0
5479,0752,1,2026-06-14 07:53:40,0.8530264005151320,0
5480,0753,1,2026-06-14 07:53:40,0.7826786864133934,0
5481,0842,1,2026-06-14 07:53:40,0.1223438506117192,0
5482,0874,1,2026-06-14 07:53:40,0.1864133934320670,0
5483,0132,1,2026-06-14 07:53:50,0.9288473921442369,0
5484,0401,1,2026-06-14 07:53:50,0.9288473921442369,0
5485,0430,1,2026-06-14 07:53:50,0.9288473921442369,0
5486,0752,1,2026-06-14 07:53:50,0.8530264005151320,0
5487,0753,1,2026-06-14 07:53:50,0.7826786864133934,0
5488,0789,1,2026-06-14 07:53:50,0.1223438506117192,0
5489,0842,1,2026-06-14 07:53:50,0.1223438506117192,0
5490,0874,1,2026-06-14 07:53:50,0.1864133934320670,0
5491,0132,1,2026-06-14 07:54:00,0.9288473921442369,0
5492,0401,1,2026-06-14 07:54:00,0.9288473921442369,0
5493,0430,1,2026-06-14 07:54:00,0.9288473921442369,0
5494,0510,1,2026-06-14 07:54:00,0.2807469414037347,0
5495,0752,1,2026-06-14 07:54:00,0.8530264005151320,0
5496,0753,1,2026-06-14 07:54:00,0.7826786864133934,0
5497,0789,1,2026-06-14 07:54:00,0.1223438506117192,0
5498,0842,1,2026-06-14 07:54:00,0.1223438506117192,0
5499,0874,1,2026-06-14 07:54:00,0.1864133934320670,0
5500,0132,1,2026-06-14 07:54:10,0.9288473921442369,0
5501,0401,1,2026-06-14 07:54:10,0.9288473921442369,0
5502,0430,1,2026-06-14 07:54:10,0.9288473921442369,0
5503,0510,1,2026-06-14 07:54:10,0.2807469414037347,0
5504,0752,1,2026-06-14 07:54:10,0.8530264005151320,0
5505,0753,1,2026-06-14 07:54:10,0.7826786864133934,0
5506,0789,1,2026-06-14 07:54:10,0.1223438506117192,0
5507,0842,1,2026-06-14 07:54:10,0.1223438506117192,0
5508,0874,1,2026-06-14 07:54:10,0.1864133934320670,0
5509,0132,1,2026-06-14 07:54:20,0.9288473921442369,0
5510,0401,1,2026-06-14 07:54:20,0.9288473921442369,0
5511,0510,1,2026-06-14 07:54:20,0.2807469414037347,0
5512,0752,1,2026-06-14 07:54:20,0.8530264005151320,0
5513,0842,1,2026-06-14 07:54:20,0.1223438506117192,0
5514,0132,1,2026-06-14 07:54:30,0.9288473921442369,0
5515,0401,1,2026-06-14 07:54:30,0.9288473921442369,0
5516,0510,1,2026-06-14 07:54:30,0.2807469414037347,0
5517,0752,1,2026-06-14 07:54:30,0.8530264005151320,0
5518,0842,1,2026-06-14 07:54:30,0.1223438506117192,0
5519,0132,1,2026-06-14 07:54:40,0.9288473921442369,0
5520,0401,1,2026-06-14 07:54:40,0.9288473921442369,0
5521,0510,1,2026-06-14 07:54:40,0.2807469414037347,0
5522,0752,1,2026-06-14 07:54:40,0.8530264005151320,0
5523,0842,1,2026-06-14 07:54:40,0.1223438506117192,0
5524,0132,1,2026-06-14 07:54:50,0.9288473921442369,0
5525,0401,1,2026-06-14 07:54:50,0.9288473921442369,0
5526,0510,1,2026-06-14 07:54:50,0.2807469414037347,0
5527,0752,1,2026-06-14 07:54:50,0.8530264005151320,0
5528,0842,1,2026-06-14 07:54:50,0.1223438506117192,0
5529,0132,1,2026-06-14 07:55:00,0.9288473921442369,0
5530,0401,1,2026-06-14 07:55:00,0.9288473921442369,0
5531,0510,1,2026-06-14 07:55:00,0.2807469414037347,0
5532,0752,1,2026-06-14 07:55:00,0.8530264005151320,0
5533,0132,1,2026-06-14 07:55:10,0.9288473921442369,0
5534,0752,1,2026-06-14 07:55:10,0.8530264005151320,0
5535,0132,1,2026-06-14 07:55:20,0.9288473921442369,0
5536,0511,1,2026-06-14 07:55:30,0.3774951706374758,0
5537,0762,1,2026-06-14 07:55:30,0.5449130714745654,0
5538,0511,1,2026-06-14 07:55:40,0.3774951706374758,0
5539,0579,1,2026-06-14 07:55:40,0.6070508692852543,0
5540,0678,1,2026-06-14 07:55:40,0.6790083708950418,0
5541,0762,1,2026-06-14 07:55:40,0.5449130714745654,0
5542,0511,1,2026-06-14 07:55:50,0.3774951706374758,0
5543,0532,1,2026-06-14 07:55:50,0.5449130714745654,0
5544,0579,1,2026-06-14 07:55:50,0.6070508692852543,0
5545,0678,1,2026-06-14 07:55:50,0.6790083708950418,0
5546,0762,1,2026-06-14 07:55:50,0.5449130714745654,0
5547,0511,1,2026-06-14 07:56:00,0.3774951706374758,0
5548,0532,1,2026-06-14 07:56:00,0.5449130714745654,0
5549,0579,1,2026-06-14 07:56:00,0.6070508692852543,0
5550,0678,1,2026-06-14 07:56:00,0.6790083708950418,0
5551,0762,1,2026-06-14 07:56:00,0.5449130714745654,0
5552,0511,1,2026-06-14 07:56:10,0.3774951706374758,0
5553,0532,1,2026-06-14 07:56:10,0.5449130714745654,0
5554,0579,1,2026-06-14 07:56:10,0.6070508692852543,0
5555,0678,1,2026-06-14 07:56:10,0.6790083708950418,0
5556,0762,1,2026-06-14 07:56:10,0.5449130714745654,0
5557,0511,1,2026-06-14 07:56:20,0.3774951706374758,0
5558,0532,1,2026-06-14 07:56:20,0.5449130714745654,0
5559,0579,1,2026-06-14 07:56:20,0.6070508692852543,0
5560,0678,1,2026-06-14 07:56:20,0.6790083708950418,0
5561,0762,1,2026-06-14 07:56:20,0.5449130714745654,0
5562,0511,1,2026-06-14 07:56:30,0.3774951706374758,0
5563,0532,1,2026-06-14 07:56:30,0.5449130714745654,0
5564,0579,1,2026-06-14 07:56:30,0.6070508692852543,0
5565,0678,1,2026-06-14 07:56:30,0.6790083708950418,0
5566,0762,1,2026-06-14 07:56:30,0.5449130714745654,0
5567,0511,1,2026-06-14 07:56:40,0.3774951706374758,0
5568,0532,1,2026-06-14 07:56:40,0.5449130714745654,0
5569,0579,1,2026-06-14 07:56:40,0.6070508692852543,0
5570,0678,1,2026-06-14 07:56:40,0.6790083708950418,0
5571,0762,1,2026-06-14 07:56:40,0.5449130714745654,0
5572,0163,1,2026-06-14 07:56:50,0.7826786864133934,0
5573,0511,1,2026-06-14 07:56:50,0.3774951706374758,0
5574,0532,1,2026-06-14 07:56:50,0.5449130714745654,0
5575,0579,1,2026-06-14 07:56:50,0.6070508692852543,0
5576,0678,1,2026-06-14 07:56:50,0.6790083708950418,0
5577,0762,1,2026-06-14 07:56:50,0.5449130714745654,0
5578,0163,1,2026-06-14 07:57:00,0.7826786864133934,0
5579,0532,1,2026-06-14 07:57:00,0.5449130714745654,0
5580,0579,1,2026-06-14 07:57:00,0.6070508692852543,0
5581,0678,1,2026-06-14 07:57:00,0.6790083708950418,0
5582,0163,1,2026-06-14 07:57:10,0.7826786864133934,0
5583,0532,1,2026-06-14 07:57:10,0.5449130714745654,0
5584,0579,1,2026-06-14 07:57:10,0.6070508692852543,0
5585,0678,1,2026-06-14 07:57:10,0.6790083708950418,0
5586,0163,1,2026-06-14 07:57:20,0.7826786864133934,0
5587,0532,1,2026-06-14 07:57:20,0.5449130714745654,0
5588,0579,1,2026-06-14 07:57:20,0.6070508692852543,0
5589,0678,1,2026-06-14 07:57:20,0.6790083708950418,0
5590,0579,1,2026-06-14 07:57:30,0.6070508692852543,0
5591,0307,1,2026-06-14 07:58:20,0.9288473921442369,0
5592,0329,1,2026-06-14 07:58:20,0.6070508692852543,0
5593,0420,1,2026-06-14 07:58:20,1.0000000000000000,0
5594,0307,1,2026-06-14 07:58:30,0.9288473921442369,0
5595,0329,1,2026-06-14 07:58:30,0.6070508692852543,0
5596,0420,1,2026-06-14 07:58:30,1.0000000000000000,0
5597,0307,1,2026-06-14 07:58:40,0.9288473921442369,0
5598,0329,1,2026-06-14 07:58:40,0.6070508692852543,0
5599,0420,1,2026-06-14 07:58:40,1.0000000000000000,0
5600,0849,1,2026-06-14 07:58:40,0.5449130714745654,0
5601,0849,1,2026-06-14 07:58:40,0.5449130714745654,0
5602,0849,1,2026-06-14 07:58:40,0.5449130714745654,0
5603,0849,1,2026-06-14 07:58:40,0.5449130714745654,0
5604,0971,1,2026-06-14 07:58:40,1.0000000000000000,0
5605,0307,1,2026-06-14 07:58:50,0.9288473921442369,0
5606,0329,1,2026-06-14 07:58:50,0.6070508692852543,0
5607,0420,1,2026-06-14 07:58:50,1.0000000000000000,0
5608,0849,1,2026-06-14 07:58:50,0.5449130714745654,0
5609,0849,1,2026-06-14 07:58:50,0.5449130714745654,0
5610,0849,1,2026-06-14 07:58:50,0.5449130714745654,0
5611,0849,1,2026-06-14 07:58:50,0.5449130714745654,0
5612,0849,1,2026-06-14 07:58:50,0.5449130714745654,0
5613,0971,1,2026-06-14 07:58:50,1.0000000000000000,0
5614,0329,1,2026-06-14 07:59:00,0.6070508692852543,0
5615,0420,1,2026-06-14 07:59:00,1.0000000000000000,0
5616,0468,1,2026-06-14 07:59:00,0.2807469414037347,0
5617,0849,1,2026-06-14 07:59:00,0.5449130714745654,0
5618,0849,1,2026-06-14 07:59:00,0.5449130714745654,0
5619,0849,1,2026-06-14 07:59:00,0.5449130714745654,0
5620,0971,1,2026-06-14 07:59:00,1.0000000000000000,0
5621,0329,1,2026-06-14 07:59:10,0.6070508692852543,0
5622,0420,1,2026-06-14 07:59:10,1.0000000000000000,0
5623,0468,1,2026-06-14 07:59:10,0.2807469414037347,0
5624,0534,1,2026-06-14 07:59:10,0.1223438506117192,0
5625,0849,1,2026-06-14 07:59:10,0.5449130714745654,0
5626,0849,1,2026-06-14 07:59:10,0.5449130714745654,0
5627,0849,1,2026-06-14 07:59:10,0.5449130714745654,0
5628,0849,1,2026-06-14 07:59:10,0.5449130714745654,0
5629,0971,1,2026-06-14 07:59:10,1.0000000000000000,0
5630,0329,1,2026-06-14 07:59:20,0.6070508692852543,0
5631,0420,1,2026-06-14 07:59:20,1.0000000000000000,0
5632,0468,1,2026-06-14 07:59:20,0.2807469414037347,0
5633,0534,1,2026-06-14 07:59:20,0.1223438506117192,0
5634,0849,1,2026-06-14 07:59:20,0.5449130714745654,0
5635,0849,1,2026-06-14 07:59:20,0.5449130714745654,0
5636,0849,1,2026-06-14 07:59:20,0.5449130714745654,0
5637,0849,1,2026-06-14 07:59:20,0.5449130714745654,0
5638,0971,1,2026-06-14 07:59:20,1.0000000000000000,0
5639,0329,1,2026-06-14 07:59:30,0.6070508692852543,0
5640,0420,1,2026-06-14 07:59:30,1.0000000000000000,0
5641,0468,1,2026-06-14 07:59:30,0.2807469414037347,0
5642,0534,1,2026-06-14 07:59:30,0.1223438506117192,0
5643,0849,1,2026-06-14 07:59:30,0.5449130714745654,0
5644,0849,1,2026-06-14 07:59:30,0.5449130714745654,0
5645,0849,1,2026-06-14 07:59:30,0.5449130714745654,0
5646,0849,1,2026-06-14 07:59:30,0.5449130714745654,0
5647,0971,1,2026-06-14 07:59:30,1.0000000000000000,0
5648,0420,1,2026-06-14 07:59:40,1.0000000000000000,0
5649,0468,1,2026-06-14 07:59:40,0.2807469414037347,0
5650,0534,1,2026-06-14 07:59:40,0.1223438506117192,0
5651,0621,1,2026-06-14 07:59:40,1.0000000000000000,0
5652,0849,1,2026-06-14 07:59:40,0.5449130714745654,0
5653,0849,1,2026-06-14 07:59:40,0.5449130714745654,0
5654,0849,1,2026-06-14 07:59:40,0.5449130714745654,0
5655,0849,1,2026-06-14 07:59:40,0.5449130714745654,0
5656,0971,1,2026-06-14 07:59:40,1.0000000000000000,0
5657,0420,1,2026-06-14 07:59:50,1.0000000000000000,0
5658,0468,1,2026-06-14 07:59:50,0.2807469414037347,0
5659,0534,1,2026-06-14 07:59:50,0.1223438506117192,0
5660,0621,1,2026-06-14 07:59:50,1.0000000000000000,0
5661,0849,1,2026-06-14 07:59:50,0.5449130714745654,0
5662,0849,1,2026-06-14 07:59:50,0.5449130714745654,0
5663,0849,1,2026-06-14 07:59:50,0.5449130714745654,0
5664,0971,1,2026-06-14 07:59:50,1.0000000000000000,0
5665,0420,1,2026-06-14 08:00:00,1.0000000000000000,0
5666,0433,1,2026-06-14 08:00:00,0.4697359948486799,0
5667,0433,1,2026-06-14 08:00:00,0.4697359948486799,0
5668,0433,1,2026-06-14 08:00:00,0.4697359948486799,0
5669,0433,1,2026-06-14 08:00:00,0.4697359948486799,0
5670,0468,1,2026-06-14 08:00:00,0.2807469414037347,0
5671,0534,1,2026-06-14 08:00:00,0.1223438506117192,0
5672,0621,1,2026-06-14 08:00:00,1.0000000000000000,0
5673,0849,1,2026-06-14 08:00:00,0.5449130714745654,0
5674,0849,1,2026-06-14 08:00:00,0.5449130714745654,0
5675,0849,1,2026-06-14 08:00:00,0.5449130714745654,0
5676,0849,1,2026-06-14 08:00:00,0.5449130714745654,0
5677,0971,1,2026-06-14 08:00:00,1.0000000000000000,0
5678,0420,1,2026-06-14 08:00:10,1.0000000000000000,0
5679,0433,1,2026-06-14 08:00:10,0.4697359948486799,0
5680,0433,1,2026-06-14 08:00:10,0.4697359948486799,0
5681,0433,1,2026-06-14 08:00:10,0.4697359948486799,0
5682,0433,1,2026-06-14 08:00:10,0.4697359948486799,0
5683,0468,1,2026-06-14 08:00:10,0.2807469414037347,0
5684,0534,1,2026-06-14 08:00:10,0.1223438506117192,0
5685,0621,1,2026-06-14 08:00:10,1.0000000000000000,0
5686,0849,1,2026-06-14 08:00:10,0.5449130714745654,0
5687,0849,1,2026-06-14 08:00:10,0.5449130714745654,0
5688,0849,1,2026-06-14 08:00:10,0.5449130714745654,0
5689,0849,1,2026-06-14 08:00:10,0.5449130714745654,0
5690,0971,1,2026-06-14 08:00:10,1.0000000000000000,0
5691,0433,1,2026-06-14 08:00:20,0.4697359948486799,0
5692,0433,1,2026-06-14 08:00:20,0.4697359948486799,0
5693,0433,1,2026-06-14 08:00:20,0.4697359948486799,0
5694,0433,1,2026-06-14 08:00:20,0.4697359948486799,0
5695,0468,1,2026-06-14 08:00:20,0.2807469414037347,0
5696,0534,1,2026-06-14 08:00:20,0.1223438506117192,0
5697,0621,1,2026-06-14 08:00:20,1.0000000000000000,0
5698,0971,1,2026-06-14 08:00:20,1.0000000000000000,0
5699,0433,1,2026-06-14 08:00:30,0.4697359948486799,0
5700,0433,1,2026-06-14 08:00:30,0.4697359948486799,0
5701,0433,1,2026-06-14 08:00:30,0.4697359948486799,0
5702,0433,1,2026-06-14 08:00:30,0.4697359948486799,0
5703,0468,1,2026-06-14 08:00:30,0.2807469414037347,0
5704,0534,1,2026-06-14 08:00:30,0.1223438506117192,0
5705,0621,1,2026-06-14 08:00:30,1.0000000000000000,0
5706,0971,1,2026-06-14 08:00:30,1.0000000000000000,0
5707,0433,1,2026-06-14 08:00:40,0.4697359948486799,0
5708,0433,1,2026-06-14 08:00:40,0.4697359948486799,0
5709,0433,1,2026-06-14 08:00:40,0.4697359948486799,0
5710,0433,1,2026-06-14 08:00:40,0.4697359948486799,0
5711,0468,1,2026-06-14 08:00:40,0.2807469414037347,0
5712,0534,1,2026-06-14 08:00:40,0.1223438506117192,0
5713,0621,1,2026-06-14 08:00:40,1.0000000000000000,0
5714,0433,1,2026-06-14 08:00:50,0.4697359948486799,0
5715,0433,1,2026-06-14 08:00:50,0.4697359948486799,0
5716,0433,1,2026-06-14 08:00:50,0.4697359948486799,0
5717,0433,1,2026-06-14 08:00:50,0.4697359948486799,0
5718,0468,1,2026-06-14 08:00:50,0.2807469414037347,0
5719,0534,1,2026-06-14 08:00:50,0.1223438506117192,0
5720,0621,1,2026-06-14 08:00:50,1.0000000000000000,0
5721,0621,1,2026-06-14 08:01:00,1.0000000000000000,0
5722,0156,1,2026-06-14 08:03:10,0.7826786864133934,0
5723,0156,1,2026-06-14 08:03:20,0.7826786864133934,0
5724,0156,1,2026-06-14 08:03:30,0.7826786864133934,0
5725,0156,1,2026-06-14 08:03:40,0.7826786864133934,0
5726,0156,1,2026-06-14 08:03:50,0.7826786864133934,0
5727,0156,1,2026-06-14 08:04:00,0.7826786864133934,0
5728,0156,1,2026-06-14 08:04:10,0.7826786864133934,0
5729,0156,1,2026-06-14 08:04:20,0.7826786864133934,0
5730,0156,1,2026-06-14 08:04:30,0.7826786864133934,0
5731,0156,1,2026-06-14 08:04:40,0.7826786864133934,0
5732,0156,1,2026-06-14 08:04:50,0.7826786864133934,0
5733,0156,1,2026-06-14 08:05:00,0.7826786864133934,0
5734,0226,1,2026-06-14 08:05:00,0.7826786864133934,0
5735,0226,1,2026-06-14 08:05:10,0.7826786864133934,0
5736,0226,1,2026-06-14 08:05:20,0.7826786864133934,0
5737,0226,1,2026-06-14 08:05:30,0.7826786864133934,0
5738,0226,1,2026-06-14 08:05:40,0.7826786864133934,0
5739,0226,1,2026-06-14 08:05:50,0.7826786864133934,0
5740,0226,1,2026-06-14 08:06:00,0.7826786864133934,0
5741,0986,1,2026-06-14 08:06:20,0.5449130714745654,0
5742,0986,1,2026-06-14 08:06:30,0.5449130714745654,0
5743,0716,1,2026-06-14 08:06:40,0.8530264005151320,0
5744,0986,1,2026-06-14 08:06:40,0.5449130714745654,0
5745,0716,1,2026-06-14 08:06:50,0.8530264005151320,0
5746,0986,1,2026-06-14 08:06:50,0.5449130714745654,0
5747,0716,1,2026-06-14 08:07:00,0.8530264005151320,0
5748,0986,1,2026-06-14 08:07:00,0.5449130714745654,0
5749,0716,1,2026-06-14 08:07:10,0.8530264005151320,0
5750,0986,1,2026-06-14 08:07:10,0.5449130714745654,0
5751,0716,1,2026-06-14 08:07:20,0.8530264005151320,0
5752,0986,1,2026-06-14 08:07:20,0.5449130714745654,0
5753,0716,1,2026-06-14 08:07:30,0.8530264005151320,0
5754,0986,1,2026-06-14 08:07:30,0.5449130714745654,0
5755,0716,1,2026-06-14 08:07:40,0.8530264005151320,0
5756,0986,1,2026-06-14 08:07:40,0.5449130714745654,0
5757,0716,1,2026-06-14 08:07:50,0.8530264005151320,0
5758,0986,1,2026-06-14 08:07:50,0.5449130714745654,0
5759,0716,1,2026-06-14 08:08:00,0.8530264005151320,0
5760,0986,1,2026-06-14 08:08:00,0.5449130714745654,0
5761,0716,1,2026-06-14 08:08:10,0.8530264005151320,0
5762,0716,1,2026-06-14 08:08:20,0.8530264005151320,0
5763,0499,1,2026-06-14 08:08:50,0.2807469414037347,0
5764,0570,1,2026-06-14 08:08:50,0.1223438506117192,0
5765,0260,1,2026-06-14 08:09:00,0.4697359948486799,0
5766,0499,1,2026-06-14 08:09:00,0.2807469414037347,0
5767,0570,1,2026-06-14 08:09:00,0.1223438506117192,0
5768,0260,1,2026-06-14 08:09:10,0.4697359948486799,0
5769,0499,1,2026-06-14 08:09:10,0.2807469414037347,0
5770,0570,1,2026-06-14 08:09:10,0.1223438506117192,0
5771,0260,1,2026-06-14 08:09:20,0.4697359948486799,0
5772,0499,1,2026-06-14 08:09:20,0.2807469414037347,0
5773,0570,1,2026-06-14 08:09:20,0.1223438506117192,0
5774,0260,1,2026-06-14 08:09:30,0.4697359948486799,0
5775,0499,1,2026-06-14 08:09:30,0.2807469414037347,0
5776,0570,1,2026-06-14 08:09:30,0.1223438506117192,0
5777,0260,1,2026-06-14 08:09:40,0.4697359948486799,0
5778,0499,1,2026-06-14 08:09:40,0.2807469414037347,0
5779,0570,1,2026-06-14 08:09:40,0.1223438506117192,0
5780,0499,1,2026-06-14 08:09:50,0.2807469414037347,0
5781,0570,1,2026-06-14 08:09:50,0.1223438506117192,0
5782,0499,1,2026-06-14 08:10:00,0.2807469414037347,0
5783,0570,1,2026-06-14 08:10:00,0.1223438506117192,0
5784,0499,1,2026-06-14 08:10:10,0.2807469414037347,0
5785,0570,1,2026-06-14 08:10:10,0.1223438506117192,0
5786,0499,1,2026-06-14 08:10:20,0.2807469414037347,0
5787,0570,1,2026-06-14 08:10:20,0.1223438506117192,0
5788,0175,1,2026-06-14 08:16:20,1.0000000000000000,0
5789,0175,1,2026-06-14 08:16:30,1.0000000000000000,0
5790,0175,1,2026-06-14 08:16:40,1.0000000000000000,0
5791,0175,1,2026-06-14 08:16:50,1.0000000000000000,0
5792,0175,1,2026-06-14 08:17:00,1.0000000000000000,0
5793,0175,1,2026-06-14 08:17:10,1.0000000000000000,0
5794,0175,1,2026-06-14 08:17:20,1.0000000000000000,0
5795,0175,1,2026-06-14 08:17:30,1.0000000000000000,0
5796,0065,1,2026-06-14 09:30:10,0.5449130714745654,0
5797,0166,1,2026-06-14 09:30:10,0.3774951706374758,0
5798,0908,1,2026-06-14 09:30:10,0.3774951706374758,0
5799,0065,1,2026-06-14 09:30:20,0.5449130714745654,0
5800,0166,1,2026-06-14 09:30:20,0.3774951706374758,0
5801,0908,1,2026-06-14 09:30:20,0.3774951706374758,0
5802,0065,1,2026-06-14 09:30:30,0.5449130714745654,0
5803,0166,1,2026-06-14 09:30:30,0.3774951706374758,0
5804,0616,1,2026-06-14 09:30:30,0.6070508692852543,0
5805,0908,1,2026-06-14 09:30:30,0.3774951706374758,0
5806,0065,1,2026-06-14 09:30:40,0.5449130714745654,0
5807,0166,1,2026-06-14 09:30:40,0.3774951706374758,0
5808,0616,1,2026-06-14 09:30:40,0.6070508692852543,0
5809,0908,1,2026-06-14 09:30:40,0.3774951706374758,0
5810,0065,1,2026-06-14 09:30:50,0.5449130714745654,0
5811,0166,1,2026-06-14 09:30:50,0.3774951706374758,0
5812,0616,1,2026-06-14 09:30:50,0.6070508692852543,0
5813,0695,1,2026-06-14 09:30:50,0.0568254990341275,0
5814,0908,1,2026-06-14 09:30:50,0.3774951706374758,0
5815,0065,1,2026-06-14 09:31:00,0.5449130714745654,0
5816,0166,1,2026-06-14 09:31:00,0.3774951706374758,0
5817,0509,1,2026-06-14 09:31:00,0.9288473921442369,0
5818,0616,1,2026-06-14 09:31:00,0.6070508692852543,0
5819,0695,1,2026-06-14 09:31:00,0.0568254990341275,0
5820,0908,1,2026-06-14 09:31:00,0.3774951706374758,0
5821,0065,1,2026-06-14 09:31:10,0.5449130714745654,0
5822,0087,1,2026-06-14 09:31:10,0.6790083708950418,0
5823,0166,1,2026-06-14 09:31:10,0.3774951706374758,0
5824,0509,1,2026-06-14 09:31:10,0.9288473921442369,0
5825,0616,1,2026-06-14 09:31:10,0.6070508692852543,0
5826,0695,1,2026-06-14 09:31:10,0.0568254990341275,0
5827,0809,1,2026-06-14 09:31:10,0.6790083708950418,0
5828,0908,1,2026-06-14 09:31:10,0.3774951706374758,0
5829,0065,1,2026-06-14 09:31:20,0.5449130714745654,0
5830,0087,1,2026-06-14 09:31:20,0.6790083708950418,0
5831,0157,1,2026-06-14 09:31:20,0.8530264005151320,0
5832,0166,1,2026-06-14 09:31:20,0.3774951706374758,0
5833,0268,1,2026-06-14 09:31:20,0.5449130714745654,0
5834,0509,1,2026-06-14 09:31:20,0.9288473921442369,0
5835,0616,1,2026-06-14 09:31:20,0.6070508692852543,0
5836,0695,1,2026-06-14 09:31:20,0.0568254990341275,0
5837,0809,1,2026-06-14 09:31:20,0.6790083708950418,0
5838,0908,1,2026-06-14 09:31:20,0.3774951706374758,0
5839,0065,1,2026-06-14 09:31:30,0.5449130714745654,0
5840,0087,1,2026-06-14 09:31:30,0.6790083708950418,0
5841,0157,1,2026-06-14 09:31:30,0.8530264005151320,0
5842,0166,1,2026-06-14 09:31:30,0.3774951706374758,0
5843,0268,1,2026-06-14 09:31:30,0.5449130714745654,0
5844,0509,1,2026-06-14 09:31:30,0.9288473921442369,0
5845,0616,1,2026-06-14 09:31:30,0.6070508692852543,0
5846,0695,1,2026-06-14 09:31:30,0.0568254990341275,0
5847,0809,1,2026-06-14 09:31:30,0.6790083708950418,0
5848,0065,1,2026-06-14 09:31:40,0.5449130714745654,0
5849,0087,1,2026-06-14 09:31:40,0.6790083708950418,0
5850,0102,1,2026-06-14 09:31:40,0.7826786864133934,0
5851,0157,1,2026-06-14 09:31:40,0.8530264005151320,0
5852,0166,1,2026-06-14 09:31:40,0.3774951706374758,0
5853,0268,1,2026-06-14 09:31:40,0.5449130714745654,0
5854,0509,1,2026-06-14 09:31:40,0.9288473921442369,0
5855,0616,1,2026-06-14 09:31:40,0.6070508692852543,0
5856,0695,1,2026-06-14 09:31:40,0.0568254990341275,0
5857,0809,1,2026-06-14 09:31:40,0.6790083708950418,0
5858,0065,1,2026-06-14 09:31:50,0.5449130714745654,0
5859,0087,1,2026-06-14 09:31:50,0.6790083708950418,0
5860,0102,1,2026-06-14 09:31:50,0.7826786864133934,0
5861,0157,1,2026-06-14 09:31:50,0.8530264005151320,0
5862,0166,1,2026-06-14 09:31:50,0.3774951706374758,0
5863,0268,1,2026-06-14 09:31:50,0.5449130714745654,0
5864,0379,1,2026-06-14 09:31:50,0.8530264005151320,0
5865,0509,1,2026-06-14 09:31:50,0.9288473921442369,0
5866,0616,1,2026-06-14 09:31:50,0.6070508692852543,0
5867,0683,1,2026-06-14 09:31:50,0.8530264005151320,0
5868,0695,1,2026-06-14 09:31:50,0.0568254990341275,0
5869,0769,1,2026-06-14 09:31:50,0.9288473921442369,0
5870,0809,1,2026-06-14 09:31:50,0.6790083708950418,0
5871,0840,1,2026-06-14 09:31:50,0.9288473921442369,1
5872,0053,1,2026-06-14 09:32:00,0.1223438506117192,0
5873,0087,1,2026-06-14 09:32:00,0.6790083708950418,0
5874,0102,1,2026-06-14 09:32:00,0.7826786864133934,0
5875,0157,1,2026-06-14 09:32:00,0.8530264005151320,0
5876,0229,1,2026-06-14 09:32:00,0.6070508692852543,0
5877,0268,1,2026-06-14 09:32:00,0.5449130714745654,0
5878,0379,1,2026-06-14 09:32:00,0.8530264005151320,0
5879,0442,1,2026-06-14 09:32:00,0.7826786864133934,0
5880,0478,1,2026-06-14 09:32:00,0.0568254990341275,0
5881,0509,1,2026-06-14 09:32:00,0.9288473921442369,0
5882,0530,1,2026-06-14 09:32:00,0.6790083708950418,0
5883,0538,1,2026-06-14 09:32:00,0.4697359948486799,0
5884,0616,1,2026-06-14 09:32:00,0.6070508692852543,0
5885,0683,1,2026-06-14 09:32:00,0.8530264005151320,0
5886,0684,1,2026-06-14 09:32:00,0.3774951706374758,1
5887,0695,1,2026-06-14 09:32:00,0.0568254990341275,0
5888,0731,1,2026-06-14 09:32:00,0.6070508692852543,0
5889,0769,1,2026-06-14 09:32:00,0.9288473921442369,0
5890,0809,1,2026-06-14 09:32:00,0.6790083708950418,0
5891,0840,1,2026-06-14 09:32:00,0.9288473921442369,0
5892,0841,1,2026-06-14 09:32:00,0.6790083708950418,0
5893,0841,1,2026-06-14 09:32:00,0.6790083708950418,0
5894,0841,1,2026-06-14 09:32:00,0.6790083708950418,0
5895,0053,1,2026-06-14 09:32:10,0.1223438506117192,0
5896,0087,1,2026-06-14 09:32:10,0.6790083708950418,0
5897,0102,1,2026-06-14 09:32:10,0.7826786864133934,0
5898,0157,1,2026-06-14 09:32:10,0.8530264005151320,0
5899,0229,1,2026-06-14 09:32:10,0.6070508692852543,0
5900,0268,1,2026-06-14 09:32:10,0.5449130714745654,0
5901,0317,1,2026-06-14 09:32:10,0.1223438506117192,0
5902,0379,1,2026-06-14 09:32:10,0.8530264005151320,0
5903,0442,1,2026-06-14 09:32:10,0.7826786864133934,0
5904,0478,1,2026-06-14 09:32:10,0.0568254990341275,1
5905,0486,1,2026-06-14 09:32:10,0.4697359948486799,0
5906,0509,1,2026-06-14 09:32:10,0.9288473921442369,0
5907,0530,1,2026-06-14 09:32:10,0.6790083708950418,0
5908,0538,1,2026-06-14 09:32:10,0.4697359948486799,0
5909,0575,1,2026-06-14 09:32:10,0.9288473921442369,0
5910,0616,1,2026-06-14 09:32:10,0.6070508692852543,0
5911,0683,1,2026-06-14 09:32:10,0.8530264005151320,0
5912,0684,1,2026-06-14 09:32:10,0.3774951706374758,0
5913,0695,1,2026-06-14 09:32:10,0.0568254990341275,0
5914,0731,1,2026-06-14 09:32:10,0.6070508692852543,0
5915,0769,1,2026-06-14 09:32:10,0.9288473921442369,0
5916,0809,1,2026-06-14 09:32:10,0.6790083708950418,0
5917,0840,1,2026-06-14 09:32:10,0.9288473921442369,0
5918,0841,1,2026-06-14 09:32:10,0.6790083708950418,0
5919,0841,1,2026-06-14 09:32:10,0.6790083708950418,0
5920,0841,1,2026-06-14 09:32:10,0.6790083708950418,0
5921,0053,1,2026-06-14 09:32:20,0.1223438506117192,0
5922,0087,1,2026-06-14 09:32:20,0.6790083708950418,0
5923,0102,1,2026-06-14 09:32:20,0.7826786864133934,0
5924,0157,1,2026-06-14 09:32:20,0.8530264005151320,0
5925,0229,1,2026-06-14 09:32:20,0.6070508692852543,0
5926,0268,1,2026-06-14 09:32:20,0.5449130714745654,0
5927,0317,1,2026-06-14 09:32:20,0.1223438506117192,0
5928,0379,1,2026-06-14 09:32:20,0.8530264005151320,0
5929,0442,1,2026-06-14 09:32:20,0.7826786864133934,0
5930,0478,1,2026-06-14 09:32:20,0.0568254990341275,0
5931,0486,1,2026-06-14 09:32:20,0.4697359948486799,0
5932,0491,1,2026-06-14 09:32:20,1.0000000000000000,0
5933,0509,1,2026-06-14 09:32:20,0.9288473921442369,0
5934,0530,1,2026-06-14 09:32:20,0.6790083708950418,0
5935,0538,1,2026-06-14 09:32:20,0.4697359948486799,0
5936,0575,1,2026-06-14 09:32:20,0.9288473921442369,0
5937,0616,1,2026-06-14 09:32:20,0.6070508692852543,0
5938,0683,1,2026-06-14 09:32:20,0.8530264005151320,0
5939,0684,1,2026-06-14 09:32:20,0.3774951706374758,0
5940,0695,1,2026-06-14 09:32:20,0.0568254990341275,0
5941,0731,1,2026-06-14 09:32:20,0.6070508692852543,0
5942,0769,1,2026-06-14 09:32:20,0.9288473921442369,0
5943,0809,1,2026-06-14 09:32:20,0.6790083708950418,0
5944,0840,1,2026-06-14 09:32:20,0.9288473921442369,1
5945,0841,1,2026-06-14 09:32:20,0.6790083708950418,0
5946,0841,1,2026-06-14 09:32:20,0.6790083708950418,0
5947,0853,1,2026-06-14 09:32:20,0.1223438506117192,0
5948,0053,1,2026-06-14 09:32:30,0.1223438506117192,0
5949,0087,1,2026-06-14 09:32:30,0.6790083708950418,0
5950,0102,1,2026-06-14 09:32:30,0.7826786864133934,0
5951,0180,1,2026-06-14 09:32:30,0.7826786864133934,0
5952,0229,1,2026-06-14 09:32:30,0.6070508692852543,0
5953,0268,1,2026-06-14 09:32:30,0.5449130714745654,0
5954,0317,1,2026-06-14 09:32:30,0.1223438506117192,0
5955,0379,1,2026-06-14 09:32:30,0.8530264005151320,0
5956,0442,1,2026-06-14 09:32:30,0.7826786864133934,0
5957,0475,1,2026-06-14 09:32:30,0.7826786864133934,0
5958,0478,1,2026-06-14 09:32:30,0.0568254990341275,0
5959,0486,1,2026-06-14 09:32:30,0.4697359948486799,0
5960,0491,1,2026-06-14 09:32:30,1.0000000000000000,0
5961,0509,1,2026-06-14 09:32:30,0.9288473921442369,0
5962,0530,1,2026-06-14 09:32:30,0.6790083708950418,0
5963,0538,1,2026-06-14 09:32:30,0.4697359948486799,0
5964,0575,1,2026-06-14 09:32:30,0.9288473921442369,0
5965,0683,1,2026-06-14 09:32:30,0.8530264005151320,0
5966,0684,1,2026-06-14 09:32:30,0.3774951706374758,1
5967,0695,1,2026-06-14 09:32:30,0.0568254990341275,0
5968,0731,1,2026-06-14 09:32:30,0.6070508692852543,0
5969,0769,1,2026-06-14 09:32:30,0.9288473921442369,0
5970,0809,1,2026-06-14 09:32:30,0.6790083708950418,0
5971,0840,1,2026-06-14 09:32:30,0.9288473921442369,0
5972,0841,1,2026-06-14 09:32:30,0.6790083708950418,0
5973,0841,1,2026-06-14 09:32:30,0.6790083708950418,0
5974,0841,1,2026-06-14 09:32:30,0.6790083708950418,0
5975,0853,1,2026-06-14 09:32:30,0.1223438506117192,0
5976,0087,1,2026-06-14 09:32:40,0.6790083708950418,0
5977,0102,1,2026-06-14 09:32:40,0.7826786864133934,0
5978,0180,1,2026-06-14 09:32:40,0.7826786864133934,0
5979,0229,1,2026-06-14 09:32:40,0.6070508692852543,0
5980,0268,1,2026-06-14 09:32:40,0.5449130714745654,0
5981,0273,1,2026-06-14 09:32:40,0.8530264005151320,0
5982,0317,1,2026-06-14 09:32:40,0.1223438506117192,0
5983,0379,1,2026-06-14 09:32:40,0.8530264005151320,0
5984,0424,1,2026-06-14 09:32:40,0.2807469414037347,0
5985,0442,1,2026-06-14 09:32:40,0.7826786864133934,0
5986,0475,1,2026-06-14 09:32:40,0.7826786864133934,0
5987,0478,1,2026-06-14 09:32:40,0.0568254990341275,1
5988,0486,1,2026-06-14 09:32:40,0.4697359948486799,0
5989,0491,1,2026-06-14 09:32:40,1.0000000000000000,0
5990,0509,1,2026-06-14 09:32:40,0.9288473921442369,0
5991,0530,1,2026-06-14 09:32:40,0.6790083708950418,0
5992,0538,1,2026-06-14 09:32:40,0.4697359948486799,0
5993,0575,1,2026-06-14 09:32:40,0.9288473921442369,0
5994,0684,1,2026-06-14 09:32:40,0.3774951706374758,0
5995,0731,1,2026-06-14 09:32:40,0.6070508692852543,0
5996,0769,1,2026-06-14 09:32:40,0.9288473921442369,0
5997,0809,1,2026-06-14 09:32:40,0.6790083708950418,0
5998,0841,1,2026-06-14 09:32:40,0.6790083708950418,0
5999,0841,1,2026-06-14 09:32:40,0.6790083708950418,0
6000,0841,1,2026-06-14 09:32:40,0.6790083708950418,0
6001,0841,1,2026-06-14 09:32:40,0.6790083708950418,0
6002,0841,1,2026-06-14 09:32:40,0.6790083708950418,0
6003,0841,1,2026-06-14 09:32:40,0.6790083708950418,0
6004,0102,1,2026-06-14 09:32:50,0.7826786864133934,0
6005,0180,1,2026-06-14 09:32:50,0.7826786864133934,0
6006,0229,1,2026-06-14 09:32:50,0.6070508692852543,0
6007,0268,1,2026-06-14 09:32:50,0.5449130714745654,0
6008,0273,1,2026-06-14 09:32:50,0.8530264005151320,0
6009,0317,1,2026-06-14 09:32:50,0.1223438506117192,0
6010,0379,1,2026-06-14 09:32:50,0.8530264005151320,0
6011,0424,1,2026-06-14 09:32:50,0.2807469414037347,0
6012,0442,1,2026-06-14 09:32:50,0.7826786864133934,0
6013,0475,1,2026-06-14 09:32:50,0.7826786864133934,0
6014,0478,1,2026-06-14 09:32:50,0.0568254990341275,0
6015,0491,1,2026-06-14 09:32:50,1.0000000000000000,0
6016,0509,1,2026-06-14 09:32:50,0.9288473921442369,0
6017,0530,1,2026-06-14 09:32:50,0.6790083708950418,0
6018,0538,1,2026-06-14 09:32:50,0.4697359948486799,0
6019,0575,1,2026-06-14 09:32:50,0.9288473921442369,0
6020,0684,1,2026-06-14 09:32:50,0.3774951706374758,0
6021,0731,1,2026-06-14 09:32:50,0.6070508692852543,0
6022,0769,1,2026-06-14 09:32:50,0.9288473921442369,0
6023,0841,1,2026-06-14 09:32:50,0.6790083708950418,0
6024,0841,1,2026-06-14 09:32:50,0.6790083708950418,0
6025,0841,1,2026-06-14 09:32:50,0.6790083708950418,0
6026,0841,1,2026-06-14 09:32:50,0.6790083708950418,0
6027,0841,1,2026-06-14 09:32:50,0.6790083708950418,0
6028,0841,1,2026-06-14 09:32:50,0.6790083708950418,1
6029,0102,1,2026-06-14 09:33:00,0.7826786864133934,0
6030,0180,1,2026-06-14 09:33:00,0.7826786864133934,0
6031,0212,1,2026-06-14 09:33:00,0.7826786864133934,0
6032,0229,1,2026-06-14 09:33:00,0.6070508692852543,0
6033,0268,1,2026-06-14 09:33:00,0.5449130714745654,0
6034,0273,1,2026-06-14 09:33:00,0.8530264005151320,0
6035,0317,1,2026-06-14 09:33:00,0.1223438506117192,0
6036,0379,1,2026-06-14 09:33:00,0.8530264005151320,0
6037,0424,1,2026-06-14 09:33:00,0.2807469414037347,0
6038,0425,1,2026-06-14 09:33:00,0.7826786864133934,0
6039,0442,1,2026-06-14 09:33:00,0.7826786864133934,0
6040,0475,1,2026-06-14 09:33:00,0.7826786864133934,0
6041,0491,1,2026-06-14 09:33:00,1.0000000000000000,0
6042,0530,1,2026-06-14 09:33:00,0.6790083708950418,0
6043,0538,1,2026-06-14 09:33:00,0.4697359948486799,0
6044,0575,1,2026-06-14 09:33:00,0.9288473921442369,0
6045,0731,1,2026-06-14 09:33:00,0.6070508692852543,0
6046,0769,1,2026-06-14 09:33:00,0.9288473921442369,0
6047,0841,1,2026-06-14 09:33:00,0.6790083708950418,0
6048,0841,1,2026-06-14 09:33:00,0.6790083708950418,0
6049,0841,1,2026-06-14 09:33:00,0.6790083708950418,0
6050,0841,1,2026-06-14 09:33:00,0.6790083708950418,0
6051,0841,1,2026-06-14 09:33:00,0.6790083708950418,0
6052,0229,1,2026-06-14 09:33:10,0.6070508692852543,0
6053,0268,1,2026-06-14 09:33:10,0.5449130714745654,0
6054,0273,1,2026-06-14 09:33:10,0.8530264005151320,0
6055,0317,1,2026-06-14 09:33:10,0.1223438506117192,0
6056,0379,1,2026-06-14 09:33:10,0.8530264005151320,0
6057,0424,1,2026-06-14 09:33:10,0.2807469414037347,0
6058,0425,1,2026-06-14 09:33:10,0.7826786864133934,0
6059,0442,1,2026-06-14 09:33:10,0.7826786864133934,0
6060,0475,1,2026-06-14 09:33:10,0.7826786864133934,0
6061,0491,1,2026-06-14 09:33:10,1.0000000000000000,0
6062,0530,1,2026-06-14 09:33:10,0.6790083708950418,0
6063,0538,1,2026-06-14 09:33:10,0.4697359948486799,0
6064,0575,1,2026-06-14 09:33:10,0.9288473921442369,0
6065,0731,1,2026-06-14 09:33:10,0.6070508692852543,0
6066,0769,1,2026-06-14 09:33:10,0.9288473921442369,0
6067,0841,1,2026-06-14 09:33:10,0.6790083708950418,0
6068,0841,1,2026-06-14 09:33:10,0.6790083708950418,0
6069,0841,1,2026-06-14 09:33:10,0.6790083708950418,0
6070,0841,1,2026-06-14 09:33:10,0.6790083708950418,0
6071,0229,1,2026-06-14 09:33:20,0.6070508692852543,0
6072,0273,1,2026-06-14 09:33:20,0.8530264005151320,0
6073,0308,1,2026-06-14 09:33:20,0.2807469414037347,0
6074,0317,1,2026-06-14 09:33:20,0.1223438506117192,0
6075,0375,1,2026-06-14 09:33:20,0.4697359948486799,0
6076,0379,1,2026-06-14 09:33:20,0.8530264005151320,0
6077,0424,1,2026-06-14 09:33:20,0.2807469414037347,0
6078,0425,1,2026-06-14 09:33:20,0.7826786864133934,0
6079,0442,1,2026-06-14 09:33:20,0.7826786864133934,0
6080,0475,1,2026-06-14 09:33:20,0.7826786864133934,0
6081,0491,1,2026-06-14 09:33:20,1.0000000000000000,0
6082,0530,1,2026-06-14 09:33:20,0.6790083708950418,0
6083,0538,1,2026-06-14 09:33:20,0.4697359948486799,0
6084,0575,1,2026-06-14 09:33:20,0.9288473921442369,0
6085,0731,1,2026-06-14 09:33:20,0.6070508692852543,0
6086,0769,1,2026-06-14 09:33:20,0.9288473921442369,0
6087,0841,1,2026-06-14 09:33:20,0.6790083708950418,0
6088,0841,1,2026-06-14 09:33:20,0.6790083708950418,0
6089,0841,1,2026-06-14 09:33:20,0.6790083708950418,1
6090,0229,1,2026-06-14 09:33:30,0.6070508692852543,0
6091,0273,1,2026-06-14 09:33:30,0.8530264005151320,0
6092,0308,1,2026-06-14 09:33:30,0.2807469414037347,0
6093,0317,1,2026-06-14 09:33:30,0.1223438506117192,0
6094,0375,1,2026-06-14 09:33:30,0.4697359948486799,0
6095,0379,1,2026-06-14 09:33:30,0.8530264005151320,0
6096,0424,1,2026-06-14 09:33:30,0.2807469414037347,0
6097,0425,1,2026-06-14 09:33:30,0.7826786864133934,0
6098,0442,1,2026-06-14 09:33:30,0.7826786864133934,0
6099,0491,1,2026-06-14 09:33:30,1.0000000000000000,0
6100,0530,1,2026-06-14 09:33:30,0.6790083708950418,0
6101,0538,1,2026-06-14 09:33:30,0.4697359948486799,0
6102,0575,1,2026-06-14 09:33:30,0.9288473921442369,0
6103,0731,1,2026-06-14 09:33:30,0.6070508692852543,0
6104,0769,1,2026-06-14 09:33:30,0.9288473921442369,0
6105,0841,1,2026-06-14 09:33:30,0.6790083708950418,0
6106,0841,1,2026-06-14 09:33:30,0.6790083708950418,0
6107,0841,1,2026-06-14 09:33:30,0.6790083708950418,0
6108,0229,1,2026-06-14 09:33:40,0.6070508692852543,0
6109,0308,1,2026-06-14 09:33:40,0.2807469414037347,0
6110,0317,1,2026-06-14 09:33:40,0.1223438506117192,0
6111,0375,1,2026-06-14 09:33:40,0.4697359948486799,0
6112,0375,1,2026-06-14 09:33:40,0.4697359948486799,0
6113,0379,1,2026-06-14 09:33:40,0.8530264005151320,0
6114,0424,1,2026-06-14 09:33:40,0.2807469414037347,0
6115,0425,1,2026-06-14 09:33:40,0.7826786864133934,0
6116,0442,1,2026-06-14 09:33:40,0.7826786864133934,0
6117,0491,1,2026-06-14 09:33:40,1.0000000000000000,0
6118,0530,1,2026-06-14 09:33:40,0.6790083708950418,0
6119,0538,1,2026-06-14 09:33:40,0.4697359948486799,0
6120,0575,1,2026-06-14 09:33:40,0.9288473921442369,0
6121,0731,1,2026-06-14 09:33:40,0.6070508692852543,0
6122,0841,1,2026-06-14 09:33:40,0.6790083708950418,0
6123,0841,1,2026-06-14 09:33:40,0.6790083708950418,0
6124,0308,1,2026-06-14 09:33:50,0.2807469414037347,0
6125,0317,1,2026-06-14 09:33:50,0.1223438506117192,0
6126,0375,1,2026-06-14 09:33:50,0.4697359948486799,0
6127,0375,1,2026-06-14 09:33:50,0.4697359948486799,0
6128,0375,1,2026-06-14 09:33:50,0.4697359948486799,1
6129,0424,1,2026-06-14 09:33:50,0.2807469414037347,0
6130,0425,1,2026-06-14 09:33:50,0.7826786864133934,0
6131,0491,1,2026-06-14 09:33:50,1.0000000000000000,0
6132,0538,1,2026-06-14 09:33:50,0.4697359948486799,0
6133,0575,1,2026-06-14 09:33:50,0.9288473921442369,0
6134,0308,1,2026-06-14 09:34:00,0.2807469414037347,0
6135,0317,1,2026-06-14 09:34:00,0.1223438506117192,0
6136,0375,1,2026-06-14 09:34:00,0.4697359948486799,0
6137,0375,1,2026-06-14 09:34:00,0.4697359948486799,0
6138,0424,1,2026-06-14 09:34:00,0.2807469414037347,0
6139,0425,1,2026-06-14 09:34:00,0.7826786864133934,0
6140,0491,1,2026-06-14 09:34:00,1.0000000000000000,0
6141,0575,1,2026-06-14 09:34:00,0.9288473921442369,0
6142,0308,1,2026-06-14 09:34:10,0.2807469414037347,0
6143,0375,1,2026-06-14 09:34:10,0.4697359948486799,0
6144,0375,1,2026-06-14 09:34:10,0.4697359948486799,0
6145,0424,1,2026-06-14 09:34:10,0.2807469414037347,0
6146,0425,1,2026-06-14 09:34:10,0.7826786864133934,0
6147,0491,1,2026-06-14 09:34:10,1.0000000000000000,0
6148,0308,1,2026-06-14 09:34:20,0.2807469414037347,0
6149,0375,1,2026-06-14 09:34:20,0.4697359948486799,1
6150,0375,1,2026-06-14 09:34:20,0.4697359948486799,0
6151,0425,1,2026-06-14 09:34:20,0.7826786864133934,0
6152,0449,1,2026-06-14 09:34:20,0.1223438506117192,0
6153,0308,1,2026-06-14 09:34:30,0.2807469414037347,0
6154,0375,1,2026-06-14 09:34:30,0.4697359948486799,0
6155,0375,1,2026-06-14 09:34:30,0.4697359948486799,0
6156,0425,1,2026-06-14 09:34:30,0.7826786864133934,0
6157,0449,1,2026-06-14 09:34:30,0.1223438506117192,0
6158,0375,1,2026-06-14 09:34:40,0.4697359948486799,0
6159,0375,1,2026-06-14 09:34:40,0.4697359948486799,0
6160,0425,1,2026-06-14 09:34:40,0.7826786864133934,0
6161,0449,1,2026-06-14 09:34:40,0.1223438506117192,0
6162,0988,1,2026-06-14 09:34:40,0.8530264005151320,0
6163,0375,1,2026-06-14 09:34:50,0.4697359948486799,0
6164,0425,1,2026-06-14 09:34:50,0.7826786864133934,0
6165,0988,1,2026-06-14 09:34:50,0.8530264005151320,0
6166,0375,1,2026-06-14 09:35:00,0.4697359948486799,0
6167,0988,1,2026-06-14 09:35:00,0.8530264005151320,0
6168,0375,1,2026-06-14 09:35:10,0.4697359948486799,0
6169,0988,1,2026-06-14 09:35:10,0.8530264005151320,0
6170,0988,1,2026-06-14 09:35:20,0.8530264005151320,0
6171,0988,1,2026-06-14 09:35:30,0.8530264005151320,0
6172,0995,1,2026-06-14 09:35:30,0.1864133934320670,0
6173,0988,1,2026-06-14 09:35:40,0.8530264005151320,0
6174,0995,1,2026-06-14 09:35:40,0.1864133934320670,0
6175,0495,1,2026-06-14 09:35:50,1.0000000000000000,0
6176,0988,1,2026-06-14 09:35:50,0.8530264005151320,0
6177,0995,1,2026-06-14 09:35:50,0.1864133934320670,0
6178,0495,1,2026-06-14 09:36:00,1.0000000000000000,0
6179,0988,1,2026-06-14 09:36:00,0.8530264005151320,0
6180,0995,1,2026-06-14 09:36:00,0.1864133934320670,0
6181,0495,1,2026-06-14 09:36:10,1.0000000000000000,0
6182,0745,1,2026-06-14 09:36:10,0.0568254990341275,0
6183,0988,1,2026-06-14 09:36:10,0.8530264005151320,0
6184,0995,1,2026-06-14 09:36:10,0.1864133934320670,0
6185,0495,1,2026-06-14 09:36:20,1.0000000000000000,0
6186,0745,1,2026-06-14 09:36:20,0.0568254990341275,0
6187,0988,1,2026-06-14 09:36:20,0.8530264005151320,0
6188,0995,1,2026-06-14 09:36:20,0.1864133934320670,0
6189,0495,1,2026-06-14 09:36:30,1.0000000000000000,0
6190,0745,1,2026-06-14 09:36:30,0.0568254990341275,0
6191,0988,1,2026-06-14 09:36:30,0.8530264005151320,0
6192,0995,1,2026-06-14 09:36:30,0.1864133934320670,0
6193,0495,1,2026-06-14 09:36:40,1.0000000000000000,0
6194,0745,1,2026-06-14 09:36:40,0.0568254990341275,0
6195,0995,1,2026-06-14 09:36:40,0.1864133934320670,0
6196,0495,1,2026-06-14 09:36:50,1.0000000000000000,0
6197,0745,1,2026-06-14 09:36:50,0.0568254990341275,0
6198,0995,1,2026-06-14 09:36:50,0.1864133934320670,0
6199,0495,1,2026-06-14 09:37:00,1.0000000000000000,0
6200,0745,1,2026-06-14 09:37:00,0.0568254990341275,0
6201,0995,1,2026-06-14 09:37:00,0.1864133934320670,0
6202,0495,1,2026-06-14 09:37:10,1.0000000000000000,0
6203,0745,1,2026-06-14 09:37:10,0.0568254990341275,0
6204,0995,1,2026-06-14 09:37:10,0.1864133934320670,0
6205,0495,1,2026-06-14 09:37:20,1.0000000000000000,0
6206,0745,1,2026-06-14 09:37:20,0.0568254990341275,0
6207,0995,1,2026-06-14 09:37:20,0.1864133934320670,0
6208,0745,1,2026-06-14 09:37:30,0.0568254990341275,0
6209,0745,1,2026-06-14 09:37:40,0.0568254990341275,0
6210,0745,1,2026-06-14 09:37:50,0.0568254990341275,0
6211,0745,1,2026-06-14 09:38:00,0.0568254990341275,0
