index,ID,satellite,time,score_scenario,selected
0,0167,0,2026-06-13 10:33:50,0.4665991902834008,0
1,0167,0,2026-06-13 10:34:00,0.4665991902834008,0
2,0167,0,2026-06-13 10:34:10,0.4665991902834008,0
3,0391,0,2026-06-13 10:34:10,0.1987854251012146,0
4,0167,0,2026-06-13 10:34:20,0.4665991902834008,0
5,0194,0,2026-06-13 10:34:20,0.5303643724696356,1
6,0391,0,2026-06-13 10:34:20,0.1987854251012146,0
7,0167,0,2026-06-13 10:34:30,0.4665991902834008,0
8,0194,0,2026-06-13 10:34:30,0.5303643724696356,0
9,0391,0,2026-06-13 10:34:30,0.1987854251012146,0
10,0167,0,2026-06-13 10:34:40,0.4665991902834008,0
11,0194,0,2026-06-13 10:34:40,0.5303643724696356,0
12,0391,0,2026-06-13 10:34:40,0.1987854251012146,0
13,0167,0,2026-06-13 10:34:50,0.4665991902834008,0
14,0194,0,2026-06-13 10:34:50,0.5303643724696356,0
15,0391,0,2026-06-13 10:34:50,0.1987854251012146,0
16,0167,0,2026-06-13 10:35:00,0.4665991902834008,0
17,0194,0,2026-06-13 10:35:00,0.5303643724696356,0
18,0391,0,2026-06-13 10:35:00,0.1987854251012146,0
19,0167,0,2026-06-13 10:35:10,0.4665991902834008,0
20,0194,0,2026-06-13 10:35:10,0.5303643724696356,0
21,0306,0,2026-06-13 10:35:10,0.6115384615384616,1
22,0391,0,2026-06-13 10:35:10,0.1987854251012146,0
23,0167,0,2026-06-13 10:35:20,0.4665991902834008,0
24,0194,0,2026-06-13 10:35:20,0.5303643724696356,0
25,0306,0,2026-06-13 10:35:20,0.6115384615384616,0
26,0391,0,2026-06-13 10:35:20,0.1987854251012146,0
27,0194,0,2026-06-13 10:35:30,0.5303643724696356,0
28,0391,0,2026-06-13 10:35:30,0.1987854251012146,0
29,0194,0,2026-06-13 10:35:40,0.5303643724696356,0
30,0391,0,2026-06-13 10:35:40,0.1987854251012146,0
31,0391,0,2026-06-13 10:35:50,0.1987854251012146,1
32,0219,0,2026-06-13 10:38:10,1.0000000000000000,1
33,0219,0,2026-06-13 10:38:20,1.0000000000000000,0
34,0219,0,2026-06-13 10:38:30,1.0000000000000000,0
35,0357,0,2026-06-13 10:38:30,0.1987854251012146,0
36,0357,0,2026-06-13 10:38:30,0.1987854251012146,0
37,0219,0,2026-06-13 10:38:40,1.0000000000000000,0
38,0311,0,2026-06-13 10:38:40,0.5303643724696356,0
39,0311,0,2026-06-13 10:38:40,0.5303643724696356,0
40,0311,0,2026-06-13 10:38:40,0.5303643724696356,0
41,0357,0,2026-06-13 10:38:40,0.1987854251012146,0
42,0357,0,2026-06-13 10:38:40,0.1987854251012146,0
43,0493,0,2026-06-13 10:38:40,0.4665991902834008,0
44,0219,0,2026-06-13 10:38:50,1.0000000000000000,0
45,0311,0,2026-06-13 10:38:50,0.5303643724696356,0
46,0311,0,2026-06-13 10:38:50,0.5303643724696356,0
47,0311,0,2026-06-13 10:38:50,0.5303643724696356,0
48,0357,0,2026-06-13 10:38:50,0.1987854251012146,0
49,0357,0,2026-06-13 10:38:50,0.1987854251012146,0
50,0493,0,2026-06-13 10:38:50,0.4665991902834008,1
51,0219,0,2026-06-13 10:39:00,1.0000000000000000,0
52,0311,0,2026-06-13 10:39:00,0.5303643724696356,0
53,0357,0,2026-06-13 10:39:00,0.1987854251012146,0
54,0357,0,2026-06-13 10:39:00,0.1987854251012146,0
55,0493,0,2026-06-13 10:39:00,0.4665991902834008,0
56,0219,0,2026-06-13 10:39:10,1.0000000000000000,0
57,0311,0,2026-06-13 10:39:10,0.5303643724696356,0
58,0311,0,2026-06-13 10:39:10,0.5303643724696356,0
59,0357,0,2026-06-13 10:39:10,0.1987854251012146,0
60,0357,0,2026-06-13 10:39:10,0.1987854251012146,0
61,0493,0,2026-06-13 10:39:10,0.4665991902834008,0
62,0219,0,2026-06-13 10:39:20,1.0000000000000000,0
63,0311,0,2026-06-13 10:39:20,0.5303643724696356,0
64,0311,0,2026-06-13 10:39:20,0.5303643724696356,1
65,0357,0,2026-06-13 10:39:20,0.1987854251012146,0
66,0357,0,2026-06-13 10:39:20,0.1987854251012146,0
67,0493,0,2026-06-13 10:39:20,0.4665991902834008,0
68,0219,0,2026-06-13 10:39:30,1.0000000000000000,0
69,0311,0,2026-06-13 10:39:30,0.5303643724696356,0
70,0311,0,2026-06-13 10:39:30,0.5303643724696356,0
71,0357,0,2026-06-13 10:39:30,0.1987854251012146,0
72,0357,0,2026-06-13 10:39:30,0.1987854251012146,0
73,0493,0,2026-06-13 10:39:30,0.4665991902834008,0
74,0219,0,2026-06-13 10:39:40,1.0000000000000000,0
75,0311,0,2026-06-13 10:39:40,0.5303643724696356,0
76,0311,0,2026-06-13 10:39:40,0.5303643724696356,0
77,0357,0,2026-06-13 10:39:40,0.1987854251012146,0
78,0357,0,2026-06-13 10:39:40,0.1987854251012146,0
79,0493,0,2026-06-13 10:39:40,0.4665991902834008,0
80,0311,0,2026-06-13 10:39:50,0.5303643724696356,1
81,0311,0,2026-06-13 10:39:50,0.5303643724696356,0
82,0357,0,2026-06-13 10:39:50,0.1987854251012146,0
83,0357,0,2026-06-13 10:39:50,0.1987854251012146,0
84,0493,0,2026-06-13 10:39:50,0.4665991902834008,0
85,0311,0,2026-06-13 10:40:00,0.5303643724696356,0
86,0357,0,2026-06-13 10:40:00,0.1987854251012146,0
87,0493,0,2026-06-13 10:40:00,0.4665991902834008,0
88,0311,0,2026-06-13 10:40:10,0.5303643724696356,0
89,0357,0,2026-06-13 10:40:10,0.1987854251012146,0
90,0493,0,2026-06-13 10:40:10,0.4665991902834008,0
91,0311,0,2026-06-13 10:40:20,0.5303643724696356,0
92,0357,0,2026-06-13 10:40:20,0.1987854251012146,0
93,0493,0,2026-06-13 10:40:20,0.4665991902834008,0
94,0496,0,2026-06-13 10:40:20,0.1340080971659919,0
95,0493,0,2026-06-13 10:40:30,0.4665991902834008,0
96,0496,0,2026-06-13 10:40:30,0.1340080971659919,0
97,0496,0,2026-06-13 10:40:40,0.1340080971659919,0
98,0066,0,2026-06-13 10:40:50,0.3402834008097166,1
99,0496,0,2026-06-13 10:40:50,0.1340080971659919,0
100,0066,0,2026-06-13 10:41:00,0.3402834008097166,0
101,0496,0,2026-06-13 10:41:00,0.1340080971659919,0
102,0066,0,2026-06-13 10:41:10,0.3402834008097166,0
103,0496,0,2026-06-13 10:41:10,0.1340080971659919,0
104,0066,0,2026-06-13 10:41:20,0.3402834008097166,0
105,0496,0,2026-06-13 10:41:20,0.1340080971659919,0
106,0066,0,2026-06-13 10:41:30,0.3402834008097166,0
107,0496,0,2026-06-13 10:41:30,0.1340080971659919,0
108,0066,0,2026-06-13 10:41:40,0.3402834008097166,0
109,0496,0,2026-06-13 10:41:40,0.1340080971659919,0
110,0066,0,2026-06-13 10:41:50,0.3402834008097166,0
111,0496,0,2026-06-13 10:41:50,0.1340080971659919,0
112,0066,0,2026-06-13 10:42:00,0.3402834008097166,0
113,0496,0,2026-06-13 10:42:00,0.1340080971659919,1
114,0188,0,2026-06-13 10:44:30,0.4665991902834008,0
115,0188,0,2026-06-13 10:44:40,0.4665991902834008,0
116,0188,0,2026-06-13 10:44:50,0.4665991902834008,0
117,0188,0,2026-06-13 10:45:00,0.4665991902834008,0
118,0188,0,2026-06-13 10:45:00,0.4665991902834008,0
119,0188,0,2026-06-13 10:45:10,0.4665991902834008,0
120,0188,0,2026-06-13 10:45:10,0.4665991902834008,1
121,0188,0,2026-06-13 10:45:20,0.4665991902834008,0
122,0188,0,2026-06-13 10:45:20,0.4665991902834008,0
123,0188,0,2026-06-13 10:45:30,0.4665991902834008,0
124,0188,0,2026-06-13 10:45:40,0.4665991902834008,1
125,0188,0,2026-06-13 10:45:50,0.4665991902834008,0
126,0065,0,2026-06-13 10:46:10,0.6115384615384616,1
127,0065,0,2026-06-13 10:46:20,0.6115384615384616,0
128,0404,0,2026-06-13 10:46:20,0.4665991902834008,0
129,0065,0,2026-06-13 10:46:30,0.6115384615384616,0
130,0404,0,2026-06-13 10:46:30,0.4665991902834008,0
131,0065,0,2026-06-13 10:46:40,0.6115384615384616,0
132,0404,0,2026-06-13 10:46:40,0.4665991902834008,0
133,0065,0,2026-06-13 10:46:50,0.6115384615384616,0
134,0404,0,2026-06-13 10:46:50,0.4665991902834008,0
135,0404,0,2026-06-13 10:46:50,0.4665991902834008,0
136,0065,0,2026-06-13 10:47:00,0.6115384615384616,0
137,0404,0,2026-06-13 10:47:00,0.4665991902834008,0
138,0404,0,2026-06-13 10:47:00,0.4665991902834008,0
139,0065,0,2026-06-13 10:47:10,0.6115384615384616,0
140,0404,0,2026-06-13 10:47:10,0.4665991902834008,0
141,0404,0,2026-06-13 10:47:10,0.4665991902834008,0
142,0065,0,2026-06-13 10:47:20,0.6115384615384616,0
143,0404,0,2026-06-13 10:47:20,0.4665991902834008,0
144,0404,0,2026-06-13 10:47:20,0.4665991902834008,1
145,0065,0,2026-06-13 10:47:30,0.6115384615384616,0
146,0404,0,2026-06-13 10:47:30,0.4665991902834008,0
147,0404,0,2026-06-13 10:47:30,0.4665991902834008,0
148,0065,0,2026-06-13 10:47:40,0.6115384615384616,0
149,0404,0,2026-06-13 10:47:40,0.4665991902834008,0
150,0404,0,2026-06-13 10:47:50,0.4665991902834008,1
151,0404,0,2026-06-13 10:48:00,0.4665991902834008,0
152,0381,0,2026-06-13 12:30:00,1.0000000000000000,0
153,0381,0,2026-06-13 12:30:10,1.0000000000000000,0
154,0381,0,2026-06-13 12:30:20,1.0000000000000000,0
155,0132,0,2026-06-13 12:33:20,0.4665991902834008,1
156,0132,0,2026-06-13 12:33:30,0.4665991902834008,0
157,0132,0,2026-06-13 12:33:40,0.4665991902834008,0
158,0237,0,2026-06-13 12:33:40,0.2900809716599190,0
159,0106,0,2026-06-13 12:33:50,0.2900809716599190,1
160,0132,0,2026-06-13 12:33:50,0.4665991902834008,0
161,0237,0,2026-06-13 12:33:50,0.2900809716599190,0
162,0106,0,2026-06-13 12:34:00,0.2900809716599190,0
163,0132,0,2026-06-13 12:34:00,0.4665991902834008,0
164,0237,0,2026-06-13 12:34:00,0.2900809716599190,0
165,0287,0,2026-06-13 12:34:00,0.2900809716599190,0
166,0106,0,2026-06-13 12:34:10,0.2900809716599190,0
167,0132,0,2026-06-13 12:34:10,0.4665991902834008,0
168,0237,0,2026-06-13 12:34:10,0.2900809716599190,0
169,0237,0,2026-06-13 12:34:10,0.2900809716599190,0
170,0287,0,2026-06-13 12:34:10,0.2900809716599190,0
171,0106,0,2026-06-13 12:34:20,0.2900809716599190,0
172,0132,0,2026-06-13 12:34:20,0.4665991902834008,0
173,0237,0,2026-06-13 12:34:20,0.2900809716599190,0
174,0237,0,2026-06-13 12:34:20,0.2900809716599190,0
175,0287,0,2026-06-13 12:34:20,0.2900809716599190,0
176,0106,0,2026-06-13 12:34:30,0.2900809716599190,0
177,0132,0,2026-06-13 12:34:30,0.4665991902834008,0
178,0237,0,2026-06-13 12:34:30,0.2900809716599190,0
179,0237,0,2026-06-13 12:34:30,0.2900809716599190,1
180,0287,0,2026-06-13 12:34:30,0.2900809716599190,0
181,0106,0,2026-06-13 12:34:40,0.2900809716599190,0
182,0132,0,2026-06-13 12:34:40,0.4665991902834008,0
183,0237,0,2026-06-13 12:34:40,0.2900809716599190,0
184,0287,0,2026-06-13 12:34:40,0.2900809716599190,0
185,0106,0,2026-06-13 12:34:50,0.2900809716599190,0
186,0132,0,2026-06-13 12:34:50,0.4665991902834008,0
187,0237,0,2026-06-13 12:34:50,0.2900809716599190,0
188,0287,0,2026-06-13 12:34:50,0.2900809716599190,0
189,0106,0,2026-06-13 12:35:00,0.2900809716599190,0
190,0132,0,2026-06-13 12:35:00,0.4665991902834008,0
191,0237,0,2026-06-13 12:35:00,0.2900809716599190,1
192,0287,0,2026-06-13 12:35:00,0.2900809716599190,0
193,0287,0,2026-06-13 12:35:10,0.2900809716599190,0
194,0287,0,2026-06-13 12:35:20,0.2900809716599190,0
195,0287,0,2026-06-13 12:35:30,0.2900809716599190,0
196,0287,0,2026-06-13 12:35:40,0.2900809716599190,1
197,0287,0,2026-06-13 12:35:50,0.2900809716599190,0
198,0297,0,2026-06-13 14:12:30,0.9289473684210526,0
199,0297,0,2026-06-13 14:12:40,0.9289473684210526,0
200,0297,0,2026-06-13 14:12:50,0.9289473684210526,0
201,0297,0,2026-06-13 14:13:00,0.9289473684210526,0
202,0297,0,2026-06-13 14:13:10,0.9289473684210526,0
203,0297,0,2026-06-13 14:13:20,0.9289473684210526,0
204,0297,0,2026-06-13 14:13:30,0.9289473684210526,0
205,0297,0,2026-06-13 14:13:40,0.9289473684210526,0
206,0297,0,2026-06-13 14:13:50,0.9289473684210526,1
207,0399,0,2026-06-13 14:15:40,0.5303643724696356,1
208,0210,0,2026-06-13 14:15:50,0.9289473684210526,0
209,0399,0,2026-06-13 14:15:50,0.5303643724696356,0
210,0210,0,2026-06-13 14:16:00,0.9289473684210526,0
211,0399,0,2026-06-13 14:16:00,0.5303643724696356,0
212,0210,0,2026-06-13 14:16:10,0.9289473684210526,0
213,0399,0,2026-06-13 14:16:10,0.5303643724696356,0
214,0210,0,2026-06-13 14:16:20,0.9289473684210526,0
215,0399,0,2026-06-13 14:16:20,0.5303643724696356,0
216,0210,0,2026-06-13 14:16:30,0.9289473684210526,0
217,0399,0,2026-06-13 14:16:30,0.5303643724696356,0
218,0210,0,2026-06-13 14:16:40,0.9289473684210526,0
219,0399,0,2026-06-13 14:16:40,0.5303643724696356,0
220,0210,0,2026-06-13 14:16:50,0.9289473684210526,0
221,0399,0,2026-06-13 14:16:50,0.5303643724696356,0
222,0210,0,2026-06-13 14:17:00,0.9289473684210526,0
223,0399,0,2026-06-13 14:17:00,0.5303643724696356,0
224,0210,0,2026-06-13 14:17:10,0.9289473684210526,0
225,0399,0,2026-06-13 14:17:10,0.5303643724696356,0
226,0210,0,2026-06-13 14:17:20,0.9289473684210526,0
227,0399,0,2026-06-13 14:17:20,0.5303643724696356,0
228,0210,0,2026-06-13 14:17:30,0.9289473684210526,1
229,0079,0,2026-06-13 15:12:00,0.4665991902834008,0
230,0079,0,2026-06-13 15:12:10,0.4665991902834008,1
231,0149,0,2026-06-13 15:32:40,0.6645748987854251,0
232,0149,0,2026-06-13 15:32:50,0.6645748987854251,0
233,0149,0,2026-06-13 15:33:00,0.6645748987854251,0
234,0149,0,2026-06-13 15:33:10,0.6645748987854251,0
235,0149,0,2026-06-13 15:33:20,0.6645748987854251,0
236,0149,0,2026-06-13 15:33:30,0.6645748987854251,1
237,0149,0,2026-06-13 15:33:40,0.6645748987854251,0
238,0149,0,2026-06-13 15:33:50,0.6645748987854251,0
239,0448,0,2026-06-13 15:33:50,0.1987854251012146,1
240,0055,0,2026-06-13 15:34:00,0.8038461538461539,0
241,0149,0,2026-06-13 15:34:00,0.6645748987854251,0
242,0448,0,2026-06-13 15:34:00,0.1987854251012146,1
243,0055,0,2026-06-13 15:34:10,0.8038461538461539,0
244,0149,0,2026-06-13 15:34:10,0.6645748987854251,0
245,0448,0,2026-06-13 15:34:10,0.1987854251012146,0
246,0485,0,2026-06-13 15:34:10,0.8038461538461539,0
247,0055,0,2026-06-13 15:34:20,0.8038461538461539,0
248,0149,0,2026-06-13 15:34:20,0.6645748987854251,0
249,0321,0,2026-06-13 15:34:20,0.7000000000000000,0
250,0448,0,2026-06-13 15:34:20,0.1987854251012146,0
251,0485,0,2026-06-13 15:34:20,0.8038461538461539,1
252,0055,0,2026-06-13 15:34:30,0.8038461538461539,0
253,0321,0,2026-06-13 15:34:30,0.7000000000000000,0
254,0448,0,2026-06-13 15:34:30,0.1987854251012146,0
255,0485,0,2026-06-13 15:34:30,0.8038461538461539,0
256,0055,0,2026-06-13 15:34:40,0.8038461538461539,0
257,0321,0,2026-06-13 15:34:40,0.7000000000000000,1
258,0448,0,2026-06-13 15:34:40,0.1987854251012146,0
259,0485,0,2026-06-13 15:34:40,0.8038461538461539,0
260,0485,0,2026-06-13 15:34:40,0.8038461538461539,0
261,0043,0,2026-06-13 15:34:50,0.1987854251012146,0
262,0055,0,2026-06-13 15:34:50,0.8038461538461539,0
263,0321,0,2026-06-13 15:34:50,0.7000000000000000,0
264,0485,0,2026-06-13 15:34:50,0.8038461538461539,1
265,0485,0,2026-06-13 15:34:50,0.8038461538461539,0
266,0043,0,2026-06-13 15:35:00,0.1987854251012146,0
267,0055,0,2026-06-13 15:35:00,0.8038461538461539,0
268,0321,0,2026-06-13 15:35:00,0.7000000000000000,0
269,0366,0,2026-06-13 15:35:00,1.0000000000000000,0
270,0485,0,2026-06-13 15:35:00,0.8038461538461539,0
271,0485,0,2026-06-13 15:35:00,0.8038461538461539,0
272,0043,0,2026-06-13 15:35:10,0.1987854251012146,1
273,0055,0,2026-06-13 15:35:10,0.8038461538461539,0
274,0321,0,2026-06-13 15:35:10,0.7000000000000000,0
275,0366,0,2026-06-13 15:35:10,1.0000000000000000,0
276,0485,0,2026-06-13 15:35:10,0.8038461538461539,0
277,0043,0,2026-06-13 15:35:20,0.1987854251012146,0
278,0055,0,2026-06-13 15:35:20,0.8038461538461539,0
279,0366,0,2026-06-13 15:35:20,1.0000000000000000,0
280,0485,0,2026-06-13 15:35:20,0.8038461538461539,0
281,0043,0,2026-06-13 15:35:30,0.1987854251012146,0
282,0055,0,2026-06-13 15:35:30,0.8038461538461539,0
283,0366,0,2026-06-13 15:35:30,1.0000000000000000,0
284,0366,0,2026-06-13 15:35:30,1.0000000000000000,1
285,0366,0,2026-06-13 15:35:30,1.0000000000000000,0
286,0485,0,2026-06-13 15:35:30,0.8038461538461539,0
287,0055,0,2026-06-13 15:35:40,0.8038461538461539,0
288,0366,0,2026-06-13 15:35:40,1.0000000000000000,0
289,0366,0,2026-06-13 15:35:40,1.0000000000000000,0
290,0366,0,2026-06-13 15:35:40,1.0000000000000000,0
291,0366,0,2026-06-13 15:35:40,1.0000000000000000,0
292,0055,0,2026-06-13 15:35:50,0.8038461538461539,0
293,0366,0,2026-06-13 15:35:50,1.0000000000000000,0
294,0366,0,2026-06-13 15:35:50,1.0000000000000000,0
295,0366,0,2026-06-13 15:35:50,1.0000000000000000,0
296,0366,0,2026-06-13 15:35:50,1.0000000000000000,0
297,0366,0,2026-06-13 15:35:50,1.0000000000000000,0
298,0432,0,2026-06-13 15:35:50,1.0000000000000000,0
299,0432,0,2026-06-13 15:35:50,1.0000000000000000,0
300,0432,0,2026-06-13 15:35:50,1.0000000000000000,0
301,0432,0,2026-06-13 15:35:50,1.0000000000000000,0
302,0171,0,2026-06-13 15:36:00,0.0629554655870445,0
303,0366,0,2026-06-13 15:36:00,1.0000000000000000,1
304,0366,0,2026-06-13 15:36:00,1.0000000000000000,0
305,0366,0,2026-06-13 15:36:00,1.0000000000000000,0
306,0366,0,2026-06-13 15:36:00,1.0000000000000000,0
307,0432,0,2026-06-13 15:36:00,1.0000000000000000,0
308,0432,0,2026-06-13 15:36:00,1.0000000000000000,0
309,0432,0,2026-06-13 15:36:00,1.0000000000000000,0
310,0171,0,2026-06-13 15:36:10,0.0629554655870445,0
311,0366,0,2026-06-13 15:36:10,1.0000000000000000,0
312,0366,0,2026-06-13 15:36:10,1.0000000000000000,0
313,0366,0,2026-06-13 15:36:10,1.0000000000000000,0
314,0432,0,2026-06-13 15:36:10,1.0000000000000000,0
315,0171,0,2026-06-13 15:36:20,0.0629554655870445,0
316,0366,0,2026-06-13 15:36:20,1.0000000000000000,0
317,0432,0,2026-06-13 15:36:20,1.0000000000000000,0
318,0432,0,2026-06-13 15:36:20,1.0000000000000000,1
319,0171,0,2026-06-13 15:36:30,0.0629554655870445,0
320,0366,0,2026-06-13 15:36:30,1.0000000000000000,0
321,0432,0,2026-06-13 15:36:30,1.0000000000000000,0
322,0432,0,2026-06-13 15:36:30,1.0000000000000000,0
323,0171,0,2026-06-13 15:36:40,0.0629554655870445,0
324,0366,0,2026-06-13 15:36:40,1.0000000000000000,0
325,0432,0,2026-06-13 15:36:40,1.0000000000000000,0
326,0432,0,2026-06-13 15:36:40,1.0000000000000000,0
327,0171,0,2026-06-13 15:36:50,0.0629554655870445,0
328,0432,0,2026-06-13 15:36:50,1.0000000000000000,1
329,0432,0,2026-06-13 15:36:50,1.0000000000000000,0
330,0171,0,2026-06-13 15:37:00,0.0629554655870445,0
331,0422,0,2026-06-13 15:37:00,0.2900809716599190,0
332,0432,0,2026-06-13 15:37:00,1.0000000000000000,0
333,0171,0,2026-06-13 15:37:10,0.0629554655870445,0
334,0422,0,2026-06-13 15:37:10,0.2900809716599190,0
335,0432,0,2026-06-13 15:37:10,1.0000000000000000,0
336,0171,0,2026-06-13 15:37:20,0.0629554655870445,0
337,0422,0,2026-06-13 15:37:20,0.2900809716599190,0
338,0432,0,2026-06-13 15:37:20,1.0000000000000000,0
339,0432,0,2026-06-13 15:37:20,1.0000000000000000,0
340,0422,0,2026-06-13 15:37:30,0.2900809716599190,0
341,0422,0,2026-06-13 15:37:40,0.2900809716599190,0
342,0427,0,2026-06-13 15:37:40,0.1340080971659919,0
343,0422,0,2026-06-13 15:37:50,0.2900809716599190,0
344,0427,0,2026-06-13 15:37:50,0.1340080971659919,1
345,0422,0,2026-06-13 15:38:00,0.2900809716599190,0
346,0427,0,2026-06-13 15:38:00,0.1340080971659919,0
347,0422,0,2026-06-13 15:38:10,0.2900809716599190,1
348,0427,0,2026-06-13 15:38:10,0.1340080971659919,0
349,0422,0,2026-06-13 15:38:20,0.2900809716599190,0
350,0427,0,2026-06-13 15:38:20,0.1340080971659919,0
351,0422,0,2026-06-13 15:38:30,0.2900809716599190,0
352,0427,0,2026-06-13 15:38:30,0.1340080971659919,1
353,0422,0,2026-06-13 15:38:40,0.2900809716599190,0
354,0427,0,2026-06-13 15:38:40,0.1340080971659919,0
355,0422,0,2026-06-13 15:38:50,0.2900809716599190,0
356,0427,0,2026-06-13 15:38:50,0.1340080971659919,0
357,0427,0,2026-06-13 15:39:00,0.1340080971659919,0
358,0427,0,2026-06-13 15:39:10,0.1340080971659919,0
359,0427,0,2026-06-13 15:39:20,0.1340080971659919,0
360,0454,0,2026-06-13 15:39:20,1.0000000000000000,0
361,0427,0,2026-06-13 15:39:30,0.1340080971659919,0
362,0454,0,2026-06-13 15:39:30,1.0000000000000000,0
363,0454,0,2026-06-13 15:39:40,1.0000000000000000,0
364,0454,0,2026-06-13 15:39:50,1.0000000000000000,0
365,0454,0,2026-06-13 15:40:00,1.0000000000000000,0
366,0454,0,2026-06-13 15:40:10,1.0000000000000000,1
367,0454,0,2026-06-13 15:40:20,1.0000000000000000,0
368,0454,0,2026-06-13 15:40:30,1.0000000000000000,0
369,0130,0,2026-06-13 15:41:20,0.0629554655870445,0
370,0130,0,2026-06-13 15:41:30,0.0629554655870445,0
371,0130,0,2026-06-13 15:41:40,0.0629554655870445,0
372,0130,0,2026-06-13 15:41:50,0.0629554655870445,0
373,0130,0,2026-06-13 15:42:00,0.0629554655870445,0
374,0130,0,2026-06-13 15:42:10,0.0629554655870445,1
375,0130,0,2026-06-13 15:42:20,0.0629554655870445,0
376,0130,0,2026-06-13 15:42:30,0.0629554655870445,0
377,0010,0,2026-06-13 15:42:40,0.2900809716599190,1
378,0010,0,2026-06-13 15:42:50,0.2900809716599190,0
379,0010,0,2026-06-13 15:43:00,0.2900809716599190,0
380,0010,0,2026-06-13 15:43:10,0.2900809716599190,0
381,0010,0,2026-06-13 15:43:20,0.2900809716599190,0
382,0010,0,2026-06-13 15:43:30,0.2900809716599190,0
383,0010,0,2026-06-13 15:43:40,0.2900809716599190,0
384,0010,0,2026-06-13 15:43:50,0.2900809716599190,0
385,0010,0,2026-06-13 15:44:00,0.2900809716599190,0
386,0010,0,2026-06-13 15:44:10,0.2900809716599190,0
387,0010,0,2026-06-13 15:44:20,0.2900809716599190,0
388,0010,0,2026-06-13 15:44:30,0.2900809716599190,0
389,0263,0,2026-06-13 17:13:00,0.2900809716599190,0
390,0263,0,2026-06-13 17:13:10,0.2900809716599190,0
391,0263,0,2026-06-13 17:13:20,0.2900809716599190,0
392,0333,0,2026-06-13 17:13:20,0.6115384615384616,0
393,0263,0,2026-06-13 17:13:30,0.2900809716599190,0
394,0333,0,2026-06-13 17:13:30,0.6115384615384616,0
395,0263,0,2026-06-13 17:13:40,0.2900809716599190,0
396,0333,0,2026-06-13 17:13:40,0.6115384615384616,0
397,0263,0,2026-06-13 17:13:50,0.2900809716599190,1
398,0333,0,2026-06-13 17:13:50,0.6115384615384616,0
399,0263,0,2026-06-13 17:14:00,0.2900809716599190,0
400,0333,0,2026-06-13 17:14:00,0.6115384615384616,0
401,0263,0,2026-06-13 17:14:10,0.2900809716599190,0
402,0333,0,2026-06-13 17:14:10,0.6115384615384616,0
403,0263,0,2026-06-13 17:14:20,0.2900809716599190,0
404,0333,0,2026-06-13 17:14:20,0.6115384615384616,0
405,0263,0,2026-06-13 17:14:30,0.2900809716599190,0
406,0333,0,2026-06-13 17:14:30,0.6115384615384616,0
407,0263,0,2026-06-13 17:14:40,0.2900809716599190,0
408,0333,0,2026-06-13 17:14:40,0.6115384615384616,0
409,0333,0,2026-06-13 17:14:50,0.6115384615384616,0
410,0214,0,2026-06-13 17:15:10,0.7000000000000000,0
411,0214,0,2026-06-13 17:15:20,0.7000000000000000,0
412,0214,0,2026-06-13 17:15:30,0.7000000000000000,0
413,0214,0,2026-06-13 17:15:40,0.7000000000000000,0
414,0214,0,2026-06-13 17:15:50,0.7000000000000000,0
415,0214,0,2026-06-13 17:16:00,0.7000000000000000,0
416,0214,0,2026-06-13 17:16:10,0.7000000000000000,0
417,0214,0,2026-06-13 17:16:20,0.7000000000000000,1
418,0214,0,2026-06-13 17:16:30,0.7000000000000000,0
419,0283,0,2026-06-13 17:16:30,0.8038461538461539,0
420,0214,0,2026-06-13 17:16:40,0.7000000000000000,0
421,0283,0,2026-06-13 17:16:40,0.8038461538461539,0
422,0283,0,2026-06-13 17:16:50,0.8038461538461539,0
423,0283,0,2026-06-13 17:16:50,0.8038461538461539,0
424,0283,0,2026-06-13 17:17:00,0.8038461538461539,0
425,0283,0,2026-06-13 17:17:00,0.8038461538461539,1
426,0075,0,2026-06-13 17:17:10,0.9289473684210526,0
427,0283,0,2026-06-13 17:17:10,0.8038461538461539,0
428,0283,0,2026-06-13 17:17:10,0.8038461538461539,0
429,0075,0,2026-06-13 17:17:20,0.9289473684210526,0
430,0283,0,2026-06-13 17:17:20,0.8038461538461539,0
431,0283,0,2026-06-13 17:17:20,0.8038461538461539,0
432,0075,0,2026-06-13 17:17:30,0.9289473684210526,0
433,0283,0,2026-06-13 17:17:30,0.8038461538461539,1
434,0283,0,2026-06-13 17:17:30,0.8038461538461539,0
435,0075,0,2026-06-13 17:17:40,0.9289473684210526,0
436,0283,0,2026-06-13 17:17:40,0.8038461538461539,0
437,0283,0,2026-06-13 17:17:40,0.8038461538461539,0
438,0075,0,2026-06-13 17:17:50,0.9289473684210526,0
439,0283,0,2026-06-13 17:17:50,0.8038461538461539,0
440,0283,0,2026-06-13 17:17:50,0.8038461538461539,0
441,0075,0,2026-06-13 17:18:00,0.9289473684210526,0
442,0283,0,2026-06-13 17:18:00,0.8038461538461539,0
443,0075,0,2026-06-13 17:18:10,0.9289473684210526,0
444,0283,0,2026-06-13 17:18:10,0.8038461538461539,0
445,0283,0,2026-06-13 17:18:20,0.8038461538461539,0
446,0018,0,2026-06-13 18:30:50,0.6115384615384616,0
447,0018,0,2026-06-13 18:31:00,0.6115384615384616,0
448,0018,0,2026-06-13 18:31:10,0.6115384615384616,0
449,0018,0,2026-06-13 18:31:20,0.6115384615384616,0
450,0018,0,2026-06-13 18:31:30,0.6115384615384616,0
451,0018,0,2026-06-13 18:31:40,0.6115384615384616,0
452,0018,0,2026-06-13 18:31:50,0.6115384615384616,1
453,0018,0,2026-06-13 18:32:00,0.6115384615384616,0
454,0018,0,2026-06-13 18:32:10,0.6115384615384616,0
455,0018,0,2026-06-13 18:32:20,0.6115384615384616,0
456,0018,0,2026-06-13 18:32:30,0.6115384615384616,0
457,0018,0,2026-06-13 18:32:40,0.6115384615384616,0
458,0284,0,2026-06-13 18:49:40,0.9289473684210526,1
459,0284,0,2026-06-13 18:49:50,0.9289473684210526,0
460,0284,0,2026-06-13 18:50:00,0.9289473684210526,1
461,0284,0,2026-06-13 18:50:10,0.9289473684210526,0
462,0284,0,2026-06-13 18:50:20,0.9289473684210526,0
463,0362,0,2026-06-13 18:50:20,0.8038461538461539,0
464,0284,0,2026-06-13 18:50:30,0.9289473684210526,0
465,0362,0,2026-06-13 18:50:30,0.8038461538461539,0
466,0284,0,2026-06-13 18:50:40,0.9289473684210526,0
467,0362,0,2026-06-13 18:50:40,0.8038461538461539,0
468,0284,0,2026-06-13 18:50:50,0.9289473684210526,0
469,0362,0,2026-06-13 18:50:50,0.8038461538461539,0
470,0284,0,2026-06-13 18:51:00,0.9289473684210526,0
471,0362,0,2026-06-13 18:51:00,0.8038461538461539,1
472,0284,0,2026-06-13 18:51:10,0.9289473684210526,0
473,0362,0,2026-06-13 18:51:10,0.8038461538461539,0
474,0362,0,2026-06-13 18:51:20,0.8038461538461539,0
475,0362,0,2026-06-13 18:51:30,0.8038461538461539,0
476,0362,0,2026-06-13 18:51:40,0.8038461538461539,0
477,0362,0,2026-06-13 18:51:50,0.8038461538461539,0
478,0362,0,2026-06-13 18:52:00,0.8038461538461539,0
479,0396,0,2026-06-14 01:24:40,0.9289473684210526,0
480,0396,0,2026-06-14 01:24:40,0.9289473684210526,0
481,0396,0,2026-06-14 01:24:50,0.9289473684210526,0
482,0396,0,2026-06-14 01:24:50,0.9289473684210526,0
483,0396,0,2026-06-14 01:24:50,0.9289473684210526,0
484,0396,0,2026-06-14 01:24:50,0.9289473684210526,0
485,0396,0,2026-06-14 01:24:50,0.9289473684210526,0
486,0396,0,2026-06-14 01:25:00,0.9289473684210526,0
487,0396,0,2026-06-14 01:25:00,0.9289473684210526,0
488,0396,0,2026-06-14 01:25:00,0.9289473684210526,0
489,0396,0,2026-06-14 01:25:00,0.9289473684210526,0
490,0396,0,2026-06-14 01:25:00,0.9289473684210526,0
491,0396,0,2026-06-14 01:25:00,0.9289473684210526,0
492,0396,0,2026-06-14 01:25:10,0.9289473684210526,0
493,0396,0,2026-06-14 01:25:10,0.9289473684210526,0
494,0396,0,2026-06-14 01:25:10,0.9289473684210526,0
495,0396,0,2026-06-14 01:25:10,0.9289473684210526,0
496,0396,0,2026-06-14 01:25:10,0.9289473684210526,0
497,0396,0,2026-06-14 01:25:10,0.9289473684210526,0
498,0396,0,2026-06-14 01:25:20,0.9289473684210526,0
499,0396,0,2026-06-14 01:25:20,0.9289473684210526,0
500,0396,0,2026-06-14 01:25:20,0.9289473684210526,0
501,0396,0,2026-06-14 01:25:20,0.9289473684210526,0
502,0396,0,2026-06-14 01:25:20,0.9289473684210526,0
503,0396,0,2026-06-14 01:25:30,0.9289473684210526,0
504,0396,0,2026-06-14 01:25:30,0.9289473684210526,0
505,0396,0,2026-06-14 01:25:30,0.9289473684210526,0
506,0396,0,2026-06-14 01:25:30,0.9289473684210526,0
507,0396,0,2026-06-14 01:25:30,0.9289473684210526,0
508,0396,0,2026-06-14 01:25:40,0.9289473684210526,0
509,0396,0,2026-06-14 01:25:40,0.9289473684210526,0
510,0396,0,2026-06-14 01:25:40,0.9289473684210526,0
511,0396,0,2026-06-14 01:25:40,0.9289473684210526,0
512,0396,0,2026-06-14 01:25:40,0.9289473684210526,0
513,0396,0,2026-06-14 01:25:50,0.9289473684210526,0
514,0396,0,2026-06-14 01:25:50,0.9289473684210526,0
515,0396,0,2026-06-14 01:25:50,0.9289473684210526,0
516,0396,0,2026-06-14 01:25:50,0.9289473684210526,0
517,0396,0,2026-06-14 01:25:50,0.9289473684210526,0
518,0396,0,2026-06-14 01:25:50,0.9289473684210526,0
519,0396,0,2026-06-14 01:26:00,0.9289473684210526,0
520,0396,0,2026-06-14 01:26:00,0.9289473684210526,0
521,0396,0,2026-06-14 01:26:00,0.9289473684210526,0
522,0396,0,2026-06-14 01:26:00,0.9289473684210526,0
523,0396,0,2026-06-14 01:26:00,0.9289473684210526,0
524,0396,0,2026-06-14 01:26:00,0.9289473684210526,0
525,0396,0,2026-06-14 01:26:10,0.9289473684210526,0
526,0396,0,2026-06-14 01:26:10,0.9289473684210526,0
527,0396,0,2026-06-14 01:26:10,0.9289473684210526,0
528,0396,0,2026-06-14 01:26:10,0.9289473684210526,0
529,0396,0,2026-06-14 01:26:10,0.9289473684210526,0
530,0396,0,2026-06-14 01:26:20,0.9289473684210526,0
531,0396,0,2026-06-14 01:26:20,0.9289473684210526,0
532,0396,0,2026-06-14 01:26:20,0.9289473684210526,0
533,0396,0,2026-06-14 01:26:20,0.9289473684210526,0
534,0064,0,2026-06-14 01:28:20,0.6645748987854251,1
535,0038,0,2026-06-14 01:28:30,0.0629554655870445,0
536,0064,0,2026-06-14 01:28:30,0.6645748987854251,0
537,0189,0,2026-06-14 01:28:30,1.0000000000000000,0
538,007,0,2026-06-14 01:28:40,0.5303643724696356,0
539,0038,0,2026-06-14 01:28:40,0.0629554655870445,0
540,0064,0,2026-06-14 01:28:40,0.6645748987854251,0
541,0189,0,2026-06-14 01:28:40,1.0000000000000000,0
542,007,0,2026-06-14 01:28:50,0.5303643724696356,0
543,0038,0,2026-06-14 01:28:50,0.0629554655870445,0
544,0064,0,2026-06-14 01:28:50,0.6645748987854251,0
545,0189,0,2026-06-14 01:28:50,1.0000000000000000,0
546,0257,0,2026-06-14 01:28:50,0.9289473684210526,0
547,0257,0,2026-06-14 01:28:50,0.9289473684210526,0
548,0257,0,2026-06-14 01:28:50,0.9289473684210526,0
549,0257,0,2026-06-14 01:28:50,0.9289473684210526,0
550,007,0,2026-06-14 01:29:00,0.5303643724696356,0
551,0038,0,2026-06-14 01:29:00,0.0629554655870445,0
552,0064,0,2026-06-14 01:29:00,0.6645748987854251,0
553,0189,0,2026-06-14 01:29:00,1.0000000000000000,0
554,0197,0,2026-06-14 01:29:00,0.7000000000000000,1
555,0257,0,2026-06-14 01:29:00,0.9289473684210526,0
556,0257,0,2026-06-14 01:29:00,0.9289473684210526,0
557,0257,0,2026-06-14 01:29:00,0.9289473684210526,0
558,0257,0,2026-06-14 01:29:00,0.9289473684210526,0
559,007,0,2026-06-14 01:29:10,0.5303643724696356,0
560,0038,0,2026-06-14 01:29:10,0.0629554655870445,0
561,0064,0,2026-06-14 01:29:10,0.6645748987854251,0
562,0189,0,2026-06-14 01:29:10,1.0000000000000000,0
563,0197,0,2026-06-14 01:29:10,0.7000000000000000,0
564,0257,0,2026-06-14 01:29:10,0.9289473684210526,0
565,0257,0,2026-06-14 01:29:10,0.9289473684210526,0
566,0257,0,2026-06-14 01:29:10,0.9289473684210526,0
567,0257,0,2026-06-14 01:29:10,0.9289473684210526,0
568,007,0,2026-06-14 01:29:20,0.5303643724696356,0
569,0038,0,2026-06-14 01:29:20,0.0629554655870445,0
570,0064,0,2026-06-14 01:29:20,0.6645748987854251,0
571,0189,0,2026-06-14 01:29:20,1.0000000000000000,0
572,0197,0,2026-06-14 01:29:20,0.7000000000000000,1
573,0257,0,2026-06-14 01:29:20,0.9289473684210526,0
574,0257,0,2026-06-14 01:29:20,0.9289473684210526,0
575,0257,0,2026-06-14 01:29:20,0.9289473684210526,0
576,0257,0,2026-06-14 01:29:20,0.9289473684210526,0
577,0257,0,2026-06-14 01:29:20,0.9289473684210526,0
578,007,0,2026-06-14 01:29:30,0.5303643724696356,0
579,0038,0,2026-06-14 01:29:30,0.0629554655870445,0
580,0064,0,2026-06-14 01:29:30,0.6645748987854251,0
581,0189,0,2026-06-14 01:29:30,1.0000000000000000,0
582,0197,0,2026-06-14 01:29:30,0.7000000000000000,0
583,0257,0,2026-06-14 01:29:30,0.9289473684210526,0
584,0257,0,2026-06-14 01:29:30,0.9289473684210526,0
585,0257,0,2026-06-14 01:29:30,0.9289473684210526,0
586,0257,0,2026-06-14 01:29:30,0.9289473684210526,0
587,007,0,2026-06-14 01:29:40,0.5303643724696356,0
588,0038,0,2026-06-14 01:29:40,0.0629554655870445,0
589,0064,0,2026-06-14 01:29:40,0.6645748987854251,0
590,0189,0,2026-06-14 01:29:40,1.0000000000000000,0
591,0197,0,2026-06-14 01:29:40,0.7000000000000000,0
592,0257,0,2026-06-14 01:29:40,0.9289473684210526,0
593,0257,0,2026-06-14 01:29:40,0.9289473684210526,0
594,0257,0,2026-06-14 01:29:40,0.9289473684210526,0
595,0257,0,2026-06-14 01:29:40,0.9289473684210526,0
596,007,0,2026-06-14 01:29:50,0.5303643724696356,0
597,0038,0,2026-06-14 01:29:50,0.0629554655870445,1
598,0064,0,2026-06-14 01:29:50,0.6645748987854251,0
599,0189,0,2026-06-14 01:29:50,1.0000000000000000,0
600,0197,0,2026-06-14 01:29:50,0.7000000000000000,0
601,0257,0,2026-06-14 01:29:50,0.9289473684210526,0
602,0257,0,2026-06-14 01:29:50,0.9289473684210526,0
603,0257,0,2026-06-14 01:29:50,0.9289473684210526,0
604,0257,0,2026-06-14 01:29:50,0.9289473684210526,0
605,007,0,2026-06-14 01:30:00,0.5303643724696356,0
606,0189,0,2026-06-14 01:30:00,1.0000000000000000,0
607,007,0,2026-06-14 01:30:10,0.5303643724696356,1
608,0189,0,2026-06-14 01:30:10,1.0000000000000000,0
609,007,0,2026-06-14 01:30:20,0.5303643724696356,0
610,0189,0,2026-06-14 01:30:20,1.0000000000000000,1
611,007,0,2026-06-14 01:30:30,0.5303643724696356,0
612,0137,0,2026-06-14 01:35:40,0.6645748987854251,0
613,0137,0,2026-06-14 01:35:50,0.6645748987854251,0
614,0137,0,2026-06-14 01:36:00,0.6645748987854251,0
615,0137,0,2026-06-14 01:36:10,0.6645748987854251,0
616,0137,0,2026-06-14 01:36:20,0.6645748987854251,0
617,0137,0,2026-06-14 01:36:30,0.6645748987854251,0
618,0137,0,2026-06-14 01:36:40,0.6645748987854251,0
619,0137,0,2026-06-14 01:36:50,0.6645748987854251,0
620,0137,0,2026-06-14 01:37:00,0.6645748987854251,0
621,0137,0,2026-06-14 01:37:10,0.6645748987854251,0
622,0137,0,2026-06-14 01:37:20,0.6645748987854251,0
623,0137,0,2026-06-14 01:37:30,0.6645748987854251,0
624,0180,0,2026-06-14 01:37:50,0.6115384615384616,0
625,0180,0,2026-06-14 01:38:00,0.6115384615384616,0
626,0180,0,2026-06-14 01:38:10,0.6115384615384616,0
627,0180,0,2026-06-14 01:38:20,0.6115384615384616,0
628,0180,0,2026-06-14 01:38:30,0.6115384615384616,0
629,0180,0,2026-06-14 01:38:40,0.6115384615384616,0
630,0180,0,2026-06-14 01:38:50,0.6115384615384616,0
631,0180,0,2026-06-14 01:39:00,0.6115384615384616,0
632,0180,0,2026-06-14 01:39:10,0.6115384615384616,0
633,0180,0,2026-06-14 01:39:20,0.6115384615384616,0
634,0180,0,2026-06-14 01:39:30,0.6115384615384616,1
635,0410,0,2026-06-14 03:05:20,0.9289473684210526,0
636,0410,0,2026-06-14 03:05:20,0.9289473684210526,0
637,0410,0,2026-06-14 03:05:20,0.9289473684210526,0
638,0410,0,2026-06-14 03:05:30,0.9289473684210526,0
639,0410,0,2026-06-14 03:05:30,0.9289473684210526,0
640,0410,0,2026-06-14 03:05:30,0.9289473684210526,0
641,0410,0,2026-06-14 03:05:30,0.9289473684210526,0
642,0410,0,2026-06-14 03:05:40,0.9289473684210526,0
643,0410,0,2026-06-14 03:05:40,0.9289473684210526,0
644,0410,0,2026-06-14 03:05:40,0.9289473684210526,0
645,0410,0,2026-06-14 03:05:40,0.9289473684210526,0
646,0410,0,2026-06-14 03:05:50,0.9289473684210526,0
647,0410,0,2026-06-14 03:05:50,0.9289473684210526,0
648,0410,0,2026-06-14 03:05:50,0.9289473684210526,0
649,0410,0,2026-06-14 03:05:50,0.9289473684210526,1
650,0410,0,2026-06-14 03:05:50,0.9289473684210526,0
651,0410,0,2026-06-14 03:05:50,0.9289473684210526,0
652,0410,0,2026-06-14 03:06:00,0.9289473684210526,0
653,0410,0,2026-06-14 03:06:00,0.9289473684210526,0
654,0410,0,2026-06-14 03:06:00,0.9289473684210526,0
655,0410,0,2026-06-14 03:06:00,0.9289473684210526,0
656,0410,0,2026-06-14 03:06:00,0.9289473684210526,0
657,0346,0,2026-06-14 03:06:10,0.3402834008097166,0
658,0410,0,2026-06-14 03:06:10,0.9289473684210526,0
659,0410,0,2026-06-14 03:06:10,0.9289473684210526,0
660,0410,0,2026-06-14 03:06:10,0.9289473684210526,0
661,0410,0,2026-06-14 03:06:10,0.9289473684210526,0
662,0410,0,2026-06-14 03:06:10,0.9289473684210526,0
663,0346,0,2026-06-14 03:06:20,0.3402834008097166,0
664,0410,0,2026-06-14 03:06:20,0.9289473684210526,0
665,0410,0,2026-06-14 03:06:20,0.9289473684210526,0
666,0410,0,2026-06-14 03:06:20,0.9289473684210526,0
667,0410,0,2026-06-14 03:06:20,0.9289473684210526,0
668,0410,0,2026-06-14 03:06:20,0.9289473684210526,0
669,0346,0,2026-06-14 03:06:30,0.3402834008097166,0
670,0410,0,2026-06-14 03:06:30,0.9289473684210526,0
671,0410,0,2026-06-14 03:06:30,0.9289473684210526,0
672,0410,0,2026-06-14 03:06:30,0.9289473684210526,0
673,0410,0,2026-06-14 03:06:30,0.9289473684210526,0
674,0410,0,2026-06-14 03:06:30,0.9289473684210526,0
675,0346,0,2026-06-14 03:06:40,0.3402834008097166,0
676,0410,0,2026-06-14 03:06:40,0.9289473684210526,0
677,0410,0,2026-06-14 03:06:40,0.9289473684210526,0
678,0410,0,2026-06-14 03:06:40,0.9289473684210526,0
679,0410,0,2026-06-14 03:06:40,0.9289473684210526,0
680,0410,0,2026-06-14 03:06:40,0.9289473684210526,0
681,0410,0,2026-06-14 03:06:40,0.9289473684210526,0
682,0346,0,2026-06-14 03:06:50,0.3402834008097166,0
683,0410,0,2026-06-14 03:06:50,0.9289473684210526,0
684,0410,0,2026-06-14 03:06:50,0.9289473684210526,0
685,0410,0,2026-06-14 03:06:50,0.9289473684210526,0
686,0410,0,2026-06-14 03:06:50,0.9289473684210526,0
687,0266,0,2026-06-14 03:07:00,0.2900809716599190,0
688,0346,0,2026-06-14 03:07:00,0.3402834008097166,0
689,0349,0,2026-06-14 03:07:00,0.6115384615384616,0
690,0410,0,2026-06-14 03:07:00,0.9289473684210526,0
691,0410,0,2026-06-14 03:07:00,0.9289473684210526,0
692,0410,0,2026-06-14 03:07:00,0.9289473684210526,0
693,0266,0,2026-06-14 03:07:10,0.2900809716599190,0
694,0346,0,2026-06-14 03:07:10,0.3402834008097166,0
695,0349,0,2026-06-14 03:07:10,0.6115384615384616,0
696,0410,0,2026-06-14 03:07:10,0.9289473684210526,0
697,0410,0,2026-06-14 03:07:10,0.9289473684210526,0
698,0450,0,2026-06-14 03:07:10,0.1987854251012146,0
699,0266,0,2026-06-14 03:07:20,0.2900809716599190,0
700,0346,0,2026-06-14 03:07:20,0.3402834008097166,0
701,0349,0,2026-06-14 03:07:20,0.6115384615384616,1
702,0450,0,2026-06-14 03:07:20,0.1987854251012146,0
703,0266,0,2026-06-14 03:07:30,0.2900809716599190,0
704,0346,0,2026-06-14 03:07:30,0.3402834008097166,0
705,0349,0,2026-06-14 03:07:30,0.6115384615384616,0
706,0450,0,2026-06-14 03:07:30,0.1987854251012146,1
707,0266,0,2026-06-14 03:07:40,0.2900809716599190,1
708,0346,0,2026-06-14 03:07:40,0.3402834008097166,0
709,0349,0,2026-06-14 03:07:40,0.6115384615384616,0
710,0434,0,2026-06-14 03:07:40,0.1340080971659919,0
711,0450,0,2026-06-14 03:07:40,0.1987854251012146,0
712,0266,0,2026-06-14 03:07:50,0.2900809716599190,0
713,0349,0,2026-06-14 03:07:50,0.6115384615384616,0
714,0434,0,2026-06-14 03:07:50,0.1340080971659919,0
715,0450,0,2026-06-14 03:07:50,0.1987854251012146,0
716,0266,0,2026-06-14 03:08:00,0.2900809716599190,0
717,0349,0,2026-06-14 03:08:00,0.6115384615384616,0
718,0434,0,2026-06-14 03:08:00,0.1340080971659919,0
719,0450,0,2026-06-14 03:08:00,0.1987854251012146,0
720,0266,0,2026-06-14 03:08:10,0.2900809716599190,0
721,0349,0,2026-06-14 03:08:10,0.6115384615384616,0
722,0434,0,2026-06-14 03:08:10,0.1340080971659919,0
723,0450,0,2026-06-14 03:08:10,0.1987854251012146,0
724,0124,0,2026-06-14 03:08:20,0.4665991902834008,0
725,0266,0,2026-06-14 03:08:20,0.2900809716599190,0
726,0349,0,2026-06-14 03:08:20,0.6115384615384616,0
727,0434,0,2026-06-14 03:08:20,0.1340080971659919,0
728,0450,0,2026-06-14 03:08:20,0.1987854251012146,0
729,0124,0,2026-06-14 03:08:30,0.4665991902834008,0
730,0266,0,2026-06-14 03:08:30,0.2900809716599190,0
731,0349,0,2026-06-14 03:08:30,0.6115384615384616,0
732,0434,0,2026-06-14 03:08:30,0.1340080971659919,0
733,0450,0,2026-06-14 03:08:30,0.1987854251012146,0
734,0124,0,2026-06-14 03:08:40,0.4665991902834008,0
735,0266,0,2026-06-14 03:08:40,0.2900809716599190,0
736,0278,0,2026-06-14 03:08:40,0.6115384615384616,1
737,0349,0,2026-06-14 03:08:40,0.6115384615384616,0
738,0434,0,2026-06-14 03:08:40,0.1340080971659919,0
739,0450,0,2026-06-14 03:08:40,0.1987854251012146,0
740,0033,0,2026-06-14 03:08:50,0.9289473684210526,1
741,0124,0,2026-06-14 03:08:50,0.4665991902834008,0
742,0266,0,2026-06-14 03:08:50,0.2900809716599190,0
743,0278,0,2026-06-14 03:08:50,0.6115384615384616,0
744,0349,0,2026-06-14 03:08:50,0.6115384615384616,0
745,0434,0,2026-06-14 03:08:50,0.1340080971659919,0
746,0443,0,2026-06-14 03:08:50,0.4665991902834008,0
747,0450,0,2026-06-14 03:08:50,0.1987854251012146,0
748,0033,0,2026-06-14 03:09:00,0.9289473684210526,0
749,0124,0,2026-06-14 03:09:00,0.4665991902834008,0
750,0278,0,2026-06-14 03:09:00,0.6115384615384616,0
751,0434,0,2026-06-14 03:09:00,0.1340080971659919,0
752,0443,0,2026-06-14 03:09:00,0.4665991902834008,0
753,0033,0,2026-06-14 03:09:10,0.9289473684210526,0
754,0124,0,2026-06-14 03:09:10,0.4665991902834008,0
755,0278,0,2026-06-14 03:09:10,0.6115384615384616,0
756,0434,0,2026-06-14 03:09:10,0.1340080971659919,0
757,0443,0,2026-06-14 03:09:10,0.4665991902834008,1
758,0033,0,2026-06-14 03:09:20,0.9289473684210526,0
759,0124,0,2026-06-14 03:09:20,0.4665991902834008,0
760,0278,0,2026-06-14 03:09:20,0.6115384615384616,0
761,0434,0,2026-06-14 03:09:20,0.1340080971659919,0
762,0443,0,2026-06-14 03:09:20,0.4665991902834008,0
763,0033,0,2026-06-14 03:09:30,0.9289473684210526,0
764,0124,0,2026-06-14 03:09:30,0.4665991902834008,0
765,0278,0,2026-06-14 03:09:30,0.6115384615384616,0
766,0443,0,2026-06-14 03:09:30,0.4665991902834008,1
767,0033,0,2026-06-14 03:09:40,0.9289473684210526,0
768,0124,0,2026-06-14 03:09:40,0.4665991902834008,0
769,0278,0,2026-06-14 03:09:40,0.6115384615384616,0
770,0443,0,2026-06-14 03:09:40,0.4665991902834008,0
771,0033,0,2026-06-14 03:09:50,0.9289473684210526,0
772,0124,0,2026-06-14 03:09:50,0.4665991902834008,0
773,0278,0,2026-06-14 03:09:50,0.6115384615384616,0
774,0443,0,2026-06-14 03:09:50,0.4665991902834008,0
775,0033,0,2026-06-14 03:10:00,0.9289473684210526,0
776,0278,0,2026-06-14 03:10:00,0.6115384615384616,0
777,0443,0,2026-06-14 03:10:00,0.4665991902834008,0
778,0033,0,2026-06-14 03:10:10,0.9289473684210526,0
779,0278,0,2026-06-14 03:10:10,0.6115384615384616,0
780,0443,0,2026-06-14 03:10:10,0.4665991902834008,0
781,0033,0,2026-06-14 03:10:20,0.9289473684210526,0
782,0278,0,2026-06-14 03:10:20,0.6115384615384616,0
783,0443,0,2026-06-14 03:10:20,0.4665991902834008,0
784,0033,0,2026-06-14 03:10:30,0.9289473684210526,0
785,0278,0,2026-06-14 03:10:30,0.6115384615384616,0
786,0443,0,2026-06-14 03:10:30,0.4665991902834008,0
787,0033,0,2026-06-14 03:10:40,0.9289473684210526,0
788,0443,0,2026-06-14 03:10:40,0.4665991902834008,0
789,0161,0,2026-06-14 03:11:50,0.1987854251012146,0
790,0161,0,2026-06-14 03:12:00,0.1987854251012146,0
791,0161,0,2026-06-14 03:12:10,0.1987854251012146,0
792,0161,0,2026-06-14 03:12:20,0.1987854251012146,0
793,0161,0,2026-06-14 03:12:30,0.1987854251012146,0
794,0344,0,2026-06-14 03:12:30,0.4665991902834008,0
795,0161,0,2026-06-14 03:12:40,0.1987854251012146,0
796,0344,0,2026-06-14 03:12:40,0.4665991902834008,0
797,0161,0,2026-06-14 03:12:50,0.1987854251012146,0
798,0344,0,2026-06-14 03:12:50,0.4665991902834008,0
799,0161,0,2026-06-14 03:13:00,0.1987854251012146,0
800,0344,0,2026-06-14 03:13:00,0.4665991902834008,0
801,0161,0,2026-06-14 03:13:10,0.1987854251012146,0
802,0344,0,2026-06-14 03:13:10,0.4665991902834008,0
803,0161,0,2026-06-14 03:13:20,0.1987854251012146,0
804,0344,0,2026-06-14 03:13:20,0.4665991902834008,0
805,0161,0,2026-06-14 03:13:30,0.1987854251012146,0
806,0344,0,2026-06-14 03:13:30,0.4665991902834008,0
807,0161,0,2026-06-14 03:13:40,0.1987854251012146,0
808,0344,0,2026-06-14 03:13:40,0.4665991902834008,0
809,0344,0,2026-06-14 03:13:50,0.4665991902834008,0
810,0344,0,2026-06-14 03:14:00,0.4665991902834008,0
811,0344,0,2026-06-14 03:14:10,0.4665991902834008,1
812,0170,0,2026-06-14 03:15:50,0.6645748987854251,1
813,0170,0,2026-06-14 03:16:00,0.6645748987854251,0
814,0170,0,2026-06-14 03:16:10,0.6645748987854251,0
815,0170,0,2026-06-14 03:16:20,0.6645748987854251,0
816,0170,0,2026-06-14 03:16:30,0.6645748987854251,0
817,0170,0,2026-06-14 03:16:40,0.6645748987854251,0
818,0170,0,2026-06-14 03:16:50,0.6645748987854251,0
819,0170,0,2026-06-14 03:17:00,0.6645748987854251,0
820,0170,0,2026-06-14 03:17:10,0.6645748987854251,0
821,0170,0,2026-06-14 03:17:20,0.6645748987854251,0
822,0133,0,2026-06-14 04:39:50,0.1340080971659919,0
823,0133,0,2026-06-14 04:40:00,0.1340080971659919,0
824,0133,0,2026-06-14 04:40:10,0.1340080971659919,0
825,0133,0,2026-06-14 04:40:20,0.1340080971659919,0
826,0133,0,2026-06-14 04:40:30,0.1340080971659919,1
827,0133,0,2026-06-14 04:40:40,0.1340080971659919,0
828,0133,0,2026-06-14 04:40:50,0.1340080971659919,0
829,0133,0,2026-06-14 04:41:00,0.1340080971659919,0
830,0133,0,2026-06-14 04:41:10,0.1340080971659919,0
831,0133,0,2026-06-14 04:41:20,0.1340080971659919,0
832,0133,0,2026-06-14 04:41:30,0.1340080971659919,0
833,0133,0,2026-06-14 04:41:40,0.1340080971659919,0
834,0293,0,2026-06-14 04:45:00,0.2900809716599190,0
835,0293,0,2026-06-14 04:45:00,0.2900809716599190,0
836,0293,0,2026-06-14 04:45:00,0.2900809716599190,0
837,0293,0,2026-06-14 04:45:00,0.2900809716599190,0
838,0293,0,2026-06-14 04:45:00,0.2900809716599190,0
839,0293,0,2026-06-14 04:45:00,0.2900809716599190,0
840,0293,0,2026-06-14 04:45:10,0.2900809716599190,0
841,0293,0,2026-06-14 04:45:10,0.2900809716599190,0
842,0293,0,2026-06-14 04:45:10,0.2900809716599190,0
843,0293,0,2026-06-14 04:45:10,0.2900809716599190,0
844,0293,0,2026-06-14 04:45:20,0.2900809716599190,0
845,0293,0,2026-06-14 04:45:20,0.2900809716599190,0
846,0293,0,2026-06-14 04:45:20,0.2900809716599190,0
847,0293,0,2026-06-14 04:45:20,0.2900809716599190,0
848,0293,0,2026-06-14 04:45:30,0.2900809716599190,0
849,0293,0,2026-06-14 04:45:30,0.2900809716599190,0
850,0293,0,2026-06-14 04:45:30,0.2900809716599190,0
851,0293,0,2026-06-14 04:45:30,0.2900809716599190,1
852,0293,0,2026-06-14 04:45:30,0.2900809716599190,0
853,0293,0,2026-06-14 04:45:30,0.2900809716599190,0
854,0374,0,2026-06-14 04:45:50,0.4665991902834008,0
855,0374,0,2026-06-14 04:46:00,0.4665991902834008,0
856,0374,0,2026-06-14 04:46:10,0.4665991902834008,0
857,0374,0,2026-06-14 04:46:20,0.4665991902834008,0
858,0374,0,2026-06-14 04:46:30,0.4665991902834008,1
859,0374,0,2026-06-14 04:46:40,0.4665991902834008,1
860,0500,0,2026-06-14 04:47:50,0.5303643724696356,0
861,0172,0,2026-06-14 04:48:00,0.7000000000000000,0
862,0500,0,2026-06-14 04:48:00,0.5303643724696356,0
863,0172,0,2026-06-14 04:48:10,0.7000000000000000,0
864,0354,0,2026-06-14 04:48:10,0.0629554655870445,0
865,0500,0,2026-06-14 04:48:10,0.5303643724696356,0
866,0172,0,2026-06-14 04:48:20,0.7000000000000000,0
867,0354,0,2026-06-14 04:48:20,0.0629554655870445,0
868,0437,0,2026-06-14 04:48:20,0.6115384615384616,0
869,0500,0,2026-06-14 04:48:20,0.5303643724696356,1
870,009,0,2026-06-14 04:48:30,0.6115384615384616,1
871,0172,0,2026-06-14 04:48:30,0.7000000000000000,0
872,0354,0,2026-06-14 04:48:30,0.0629554655870445,0
873,0420,0,2026-06-14 04:48:30,0.5303643724696356,0
874,0437,0,2026-06-14 04:48:30,0.6115384615384616,0
875,0500,0,2026-06-14 04:48:30,0.5303643724696356,0
876,009,0,2026-06-14 04:48:40,0.6115384615384616,1
877,0172,0,2026-06-14 04:48:40,0.7000000000000000,0
878,0354,0,2026-06-14 04:48:40,0.0629554655870445,0
879,0420,0,2026-06-14 04:48:40,0.5303643724696356,0
880,0437,0,2026-06-14 04:48:40,0.6115384615384616,0
881,0500,0,2026-06-14 04:48:40,0.5303643724696356,0
882,0172,0,2026-06-14 04:48:50,0.7000000000000000,0
883,0354,0,2026-06-14 04:48:50,0.0629554655870445,0
884,0420,0,2026-06-14 04:48:50,0.5303643724696356,0
885,0437,0,2026-06-14 04:48:50,0.6115384615384616,1
886,0500,0,2026-06-14 04:48:50,0.5303643724696356,0
887,0172,0,2026-06-14 04:49:00,0.7000000000000000,0
888,0354,0,2026-06-14 04:49:00,0.0629554655870445,0
889,0420,0,2026-06-14 04:49:00,0.5303643724696356,0
890,0437,0,2026-06-14 04:49:00,0.6115384615384616,1
891,0500,0,2026-06-14 04:49:00,0.5303643724696356,0
892,0172,0,2026-06-14 04:49:10,0.7000000000000000,0
893,0354,0,2026-06-14 04:49:10,0.0629554655870445,0
894,0413,0,2026-06-14 04:49:10,0.0629554655870445,0
895,0420,0,2026-06-14 04:49:10,0.5303643724696356,0
896,0500,0,2026-06-14 04:49:10,0.5303643724696356,0
897,0172,0,2026-06-14 04:49:20,0.7000000000000000,0
898,0342,0,2026-06-14 04:49:20,0.1987854251012146,0
899,0354,0,2026-06-14 04:49:20,0.0629554655870445,0
900,0413,0,2026-06-14 04:49:20,0.0629554655870445,0
901,0420,0,2026-06-14 04:49:20,0.5303643724696356,1
902,0172,0,2026-06-14 04:49:30,0.7000000000000000,0
903,0342,0,2026-06-14 04:49:30,0.1987854251012146,0
904,0354,0,2026-06-14 04:49:30,0.0629554655870445,0
905,0413,0,2026-06-14 04:49:30,0.0629554655870445,0
906,0420,0,2026-06-14 04:49:30,0.5303643724696356,0
907,0172,0,2026-06-14 04:49:40,0.7000000000000000,0
908,0342,0,2026-06-14 04:49:40,0.1987854251012146,0
909,0354,0,2026-06-14 04:49:40,0.0629554655870445,0
910,0413,0,2026-06-14 04:49:40,0.0629554655870445,0
911,0420,0,2026-06-14 04:49:40,0.5303643724696356,1
912,0172,0,2026-06-14 04:49:50,0.7000000000000000,0
913,0342,0,2026-06-14 04:49:50,0.1987854251012146,0
914,0354,0,2026-06-14 04:49:50,0.0629554655870445,0
915,0413,0,2026-06-14 04:49:50,0.0629554655870445,0
916,0420,0,2026-06-14 04:49:50,0.5303643724696356,0
917,0342,0,2026-06-14 04:50:00,0.1987854251012146,0
918,0413,0,2026-06-14 04:50:00,0.0629554655870445,1
919,0420,0,2026-06-14 04:50:00,0.5303643724696356,0
920,0342,0,2026-06-14 04:50:10,0.1987854251012146,1
921,0413,0,2026-06-14 04:50:10,0.0629554655870445,0
922,0342,0,2026-06-14 04:50:20,0.1987854251012146,0
923,0413,0,2026-06-14 04:50:20,0.0629554655870445,0
924,0342,0,2026-06-14 04:50:30,0.1987854251012146,0
925,0413,0,2026-06-14 04:50:30,0.0629554655870445,0
926,0271,0,2026-06-14 04:50:40,0.6645748987854251,0
927,0335,0,2026-06-14 04:50:40,0.6645748987854251,0
928,0342,0,2026-06-14 04:50:40,0.1987854251012146,0
929,0413,0,2026-06-14 04:50:40,0.0629554655870445,0
930,0451,0,2026-06-14 04:50:40,0.8038461538461539,1
931,0084,0,2026-06-14 04:50:50,0.2900809716599190,0
932,0271,0,2026-06-14 04:50:50,0.6645748987854251,0
933,0335,0,2026-06-14 04:50:50,0.6645748987854251,0
934,0342,0,2026-06-14 04:50:50,0.1987854251012146,0
935,0413,0,2026-06-14 04:50:50,0.0629554655870445,0
936,0451,0,2026-06-14 04:50:50,0.8038461538461539,1
937,0084,0,2026-06-14 04:51:00,0.2900809716599190,0
938,0271,0,2026-06-14 04:51:00,0.6645748987854251,0
939,0335,0,2026-06-14 04:51:00,0.6645748987854251,0
940,0413,0,2026-06-14 04:51:00,0.0629554655870445,0
941,0451,0,2026-06-14 04:51:00,0.8038461538461539,0
942,0084,0,2026-06-14 04:51:10,0.2900809716599190,1
943,0271,0,2026-06-14 04:51:10,0.6645748987854251,0
944,0335,0,2026-06-14 04:51:10,0.6645748987854251,0
945,0451,0,2026-06-14 04:51:10,0.8038461538461539,0
946,0084,0,2026-06-14 04:51:20,0.2900809716599190,1
947,0271,0,2026-06-14 04:51:20,0.6645748987854251,0
948,0335,0,2026-06-14 04:51:20,0.6645748987854251,0
949,0451,0,2026-06-14 04:51:20,0.8038461538461539,0
950,0084,0,2026-06-14 04:51:30,0.2900809716599190,0
951,0271,0,2026-06-14 04:51:30,0.6645748987854251,0
952,0335,0,2026-06-14 04:51:30,0.6645748987854251,0
953,0361,0,2026-06-14 04:51:30,0.2900809716599190,0
954,0451,0,2026-06-14 04:51:30,0.8038461538461539,0
955,0084,0,2026-06-14 04:51:40,0.2900809716599190,0
956,0271,0,2026-06-14 04:51:40,0.6645748987854251,0
957,0335,0,2026-06-14 04:51:40,0.6645748987854251,1
958,0361,0,2026-06-14 04:51:40,0.2900809716599190,0
959,0451,0,2026-06-14 04:51:40,0.8038461538461539,0
960,0084,0,2026-06-14 04:51:50,0.2900809716599190,0
961,0271,0,2026-06-14 04:51:50,0.6645748987854251,0
962,0335,0,2026-06-14 04:51:50,0.6645748987854251,0
963,0361,0,2026-06-14 04:51:50,0.2900809716599190,0
964,0451,0,2026-06-14 04:51:50,0.8038461538461539,0
965,0084,0,2026-06-14 04:52:00,0.2900809716599190,0
966,0271,0,2026-06-14 04:52:00,0.6645748987854251,0
967,0335,0,2026-06-14 04:52:00,0.6645748987854251,0
968,0361,0,2026-06-14 04:52:00,0.2900809716599190,0
969,0414,0,2026-06-14 04:52:00,0.8038461538461539,0
970,0451,0,2026-06-14 04:52:00,0.8038461538461539,0
971,0084,0,2026-06-14 04:52:10,0.2900809716599190,0
972,0271,0,2026-06-14 04:52:10,0.6645748987854251,0
973,0335,0,2026-06-14 04:52:10,0.6645748987854251,0
974,0361,0,2026-06-14 04:52:10,0.2900809716599190,1
975,0414,0,2026-06-14 04:52:10,0.8038461538461539,0
976,0445,0,2026-06-14 04:52:10,0.4665991902834008,0
977,0451,0,2026-06-14 04:52:10,0.8038461538461539,0
978,0084,0,2026-06-14 04:52:20,0.2900809716599190,0
979,0271,0,2026-06-14 04:52:20,0.6645748987854251,0
980,0335,0,2026-06-14 04:52:20,0.6645748987854251,0
981,0361,0,2026-06-14 04:52:20,0.2900809716599190,0
982,0414,0,2026-06-14 04:52:20,0.8038461538461539,0
983,0445,0,2026-06-14 04:52:20,0.4665991902834008,0
984,0451,0,2026-06-14 04:52:20,0.8038461538461539,0
985,0074,0,2026-06-14 04:52:30,0.9289473684210526,0
986,0084,0,2026-06-14 04:52:30,0.2900809716599190,0
987,0271,0,2026-06-14 04:52:30,0.6645748987854251,0
988,0361,0,2026-06-14 04:52:30,0.2900809716599190,0
989,0414,0,2026-06-14 04:52:30,0.8038461538461539,0
990,0429,0,2026-06-14 04:52:30,0.2900809716599190,1
991,0445,0,2026-06-14 04:52:30,0.4665991902834008,0
992,0074,0,2026-06-14 04:52:40,0.9289473684210526,0
993,0361,0,2026-06-14 04:52:40,0.2900809716599190,0
994,0414,0,2026-06-14 04:52:40,0.8038461538461539,0
995,0429,0,2026-06-14 04:52:40,0.2900809716599190,1
996,0445,0,2026-06-14 04:52:40,0.4665991902834008,0
997,0074,0,2026-06-14 04:52:50,0.9289473684210526,0
998,0361,0,2026-06-14 04:52:50,0.2900809716599190,0
999,0414,0,2026-06-14 04:52:50,0.8038461538461539,0
1000,0429,0,2026-06-14 04:52:50,0.2900809716599190,0
1001,0445,0,2026-06-14 04:52:50,0.4665991902834008,0
1002,0054,0,2026-06-14 04:53:00,0.5303643724696356,0
1003,0074,0,2026-06-14 04:53:00,0.9289473684210526,0
1004,0227,0,2026-06-14 04:53:00,0.8038461538461539,0
1005,0361,0,2026-06-14 04:53:00,0.2900809716599190,0
1006,0414,0,2026-06-14 04:53:00,0.8038461538461539,0
1007,0429,0,2026-06-14 04:53:00,0.2900809716599190,0
1008,0445,0,2026-06-14 04:53:00,0.4665991902834008,0
1009,0054,0,2026-06-14 04:53:10,0.5303643724696356,0
1010,0074,0,2026-06-14 04:53:10,0.9289473684210526,0
1011,0227,0,2026-06-14 04:53:10,0.8038461538461539,0
1012,0361,0,2026-06-14 04:53:10,0.2900809716599190,0
1013,0414,0,2026-06-14 04:53:10,0.8038461538461539,0
1014,0429,0,2026-06-14 04:53:10,0.2900809716599190,0
1015,0445,0,2026-06-14 04:53:10,0.4665991902834008,0
1016,0054,0,2026-06-14 04:53:20,0.5303643724696356,0
1017,0074,0,2026-06-14 04:53:20,0.9289473684210526,0
1018,0227,0,2026-06-14 04:53:20,0.8038461538461539,0
1019,0361,0,2026-06-14 04:53:20,0.2900809716599190,0
1020,0414,0,2026-06-14 04:53:20,0.8038461538461539,0
1021,0429,0,2026-06-14 04:53:20,0.2900809716599190,0
1022,0445,0,2026-06-14 04:53:20,0.4665991902834008,0
1023,0054,0,2026-06-14 04:53:30,0.5303643724696356,0
1024,0074,0,2026-06-14 04:53:30,0.9289473684210526,0
1025,0227,0,2026-06-14 04:53:30,0.8038461538461539,0
1026,0414,0,2026-06-14 04:53:30,0.8038461538461539,0
1027,0429,0,2026-06-14 04:53:30,0.2900809716599190,0
1028,0445,0,2026-06-14 04:53:30,0.4665991902834008,0
1029,0054,0,2026-06-14 04:53:40,0.5303643724696356,0
1030,0074,0,2026-06-14 04:53:40,0.9289473684210526,0
1031,0227,0,2026-06-14 04:53:40,0.8038461538461539,0
1032,0414,0,2026-06-14 04:53:40,0.8038461538461539,1
1033,0429,0,2026-06-14 04:53:40,0.2900809716599190,0
1034,0445,0,2026-06-14 04:53:40,0.4665991902834008,0
1035,0054,0,2026-06-14 04:53:50,0.5303643724696356,0
1036,0074,0,2026-06-14 04:53:50,0.9289473684210526,0
1037,0227,0,2026-06-14 04:53:50,0.8038461538461539,0
1038,0414,0,2026-06-14 04:53:50,0.8038461538461539,0
1039,0429,0,2026-06-14 04:53:50,0.2900809716599190,0
1040,0445,0,2026-06-14 04:53:50,0.4665991902834008,1
1041,0054,0,2026-06-14 04:54:00,0.5303643724696356,0
1042,0074,0,2026-06-14 04:54:00,0.9289473684210526,1
1043,0227,0,2026-06-14 04:54:00,0.8038461538461539,0
1044,0429,0,2026-06-14 04:54:00,0.2900809716599190,0
1045,0445,0,2026-06-14 04:54:00,0.4665991902834008,0
1046,0054,0,2026-06-14 04:54:10,0.5303643724696356,0
1047,0074,0,2026-06-14 04:54:10,0.9289473684210526,1
1048,0227,0,2026-06-14 04:54:10,0.8038461538461539,0
1049,0054,0,2026-06-14 04:54:20,0.5303643724696356,0
1050,0227,0,2026-06-14 04:54:20,0.8038461538461539,1
1051,0054,0,2026-06-14 04:54:30,0.5303643724696356,0
1052,0227,0,2026-06-14 04:54:30,0.8038461538461539,0
1053,0054,0,2026-06-14 04:54:40,0.5303643724696356,0
1054,0227,0,2026-06-14 04:54:40,0.8038461538461539,0
1055,0054,0,2026-06-14 04:54:50,0.5303643724696356,0
1056,0466,0,2026-06-14 06:19:10,0.6645748987854251,0
1057,0466,0,2026-06-14 06:19:20,0.6645748987854251,0
1058,0466,0,2026-06-14 06:19:30,0.6645748987854251,0
1059,0193,0,2026-06-14 06:19:40,0.5303643724696356,0
1060,0466,0,2026-06-14 06:19:40,0.6645748987854251,0
1061,0193,0,2026-06-14 06:19:50,0.5303643724696356,0
1062,0466,0,2026-06-14 06:19:50,0.6645748987854251,0
1063,0193,0,2026-06-14 06:20:00,0.5303643724696356,0
1064,0193,0,2026-06-14 06:20:10,0.5303643724696356,0
1065,0193,0,2026-06-14 06:20:20,0.5303643724696356,0
1066,0478,0,2026-06-14 06:21:20,0.8038461538461539,1
1067,0478,0,2026-06-14 06:21:30,0.8038461538461539,1
1068,0478,0,2026-06-14 06:21:40,0.8038461538461539,0
1069,0478,0,2026-06-14 06:21:50,0.8038461538461539,0
1070,0478,0,2026-06-14 06:22:00,0.8038461538461539,0
1071,0238,0,2026-06-14 06:26:50,0.7000000000000000,0
1072,0238,0,2026-06-14 06:27:00,0.7000000000000000,1
1073,0116,0,2026-06-14 06:27:10,0.6115384615384616,1
1074,0143,0,2026-06-14 06:27:10,0.1340080971659919,0
1075,0238,0,2026-06-14 06:27:10,0.7000000000000000,0
1076,0116,0,2026-06-14 06:27:20,0.6115384615384616,0
1077,0143,0,2026-06-14 06:27:20,0.1340080971659919,0
1078,0238,0,2026-06-14 06:27:20,0.7000000000000000,0
1079,0116,0,2026-06-14 06:27:30,0.6115384615384616,0
1080,0143,0,2026-06-14 06:27:30,0.1340080971659919,1
1081,0238,0,2026-06-14 06:27:30,0.7000000000000000,0
1082,0261,0,2026-06-14 06:27:30,0.6115384615384616,0
1083,0116,0,2026-06-14 06:27:40,0.6115384615384616,0
1084,0143,0,2026-06-14 06:27:40,0.1340080971659919,0
1085,0238,0,2026-06-14 06:27:40,0.7000000000000000,0
1086,0261,0,2026-06-14 06:27:40,0.6115384615384616,0
1087,0073,0,2026-06-14 06:27:50,0.8038461538461539,1
1088,0116,0,2026-06-14 06:27:50,0.6115384615384616,0
1089,0143,0,2026-06-14 06:27:50,0.1340080971659919,0
1090,0238,0,2026-06-14 06:27:50,0.7000000000000000,0
1091,0261,0,2026-06-14 06:27:50,0.6115384615384616,0
1092,0073,0,2026-06-14 06:28:00,0.8038461538461539,0
1093,0116,0,2026-06-14 06:28:00,0.6115384615384616,0
1094,0143,0,2026-06-14 06:28:00,0.1340080971659919,0
1095,0238,0,2026-06-14 06:28:00,0.7000000000000000,0
1096,0261,0,2026-06-14 06:28:00,0.6115384615384616,0
1097,0073,0,2026-06-14 06:28:10,0.8038461538461539,0
1098,0116,0,2026-06-14 06:28:10,0.6115384615384616,0
1099,0143,0,2026-06-14 06:28:10,0.1340080971659919,0
1100,0238,0,2026-06-14 06:28:10,0.7000000000000000,0
1101,0261,0,2026-06-14 06:28:10,0.6115384615384616,1
1102,0073,0,2026-06-14 06:28:20,0.8038461538461539,0
1103,0116,0,2026-06-14 06:28:20,0.6115384615384616,0
1104,0143,0,2026-06-14 06:28:20,0.1340080971659919,0
1105,0238,0,2026-06-14 06:28:20,0.7000000000000000,0
1106,0261,0,2026-06-14 06:28:20,0.6115384615384616,0
1107,0073,0,2026-06-14 06:28:30,0.8038461538461539,0
1108,0116,0,2026-06-14 06:28:30,0.6115384615384616,0
1109,0143,0,2026-06-14 06:28:30,0.1340080971659919,0
1110,0238,0,2026-06-14 06:28:30,0.7000000000000000,0
1111,0261,0,2026-06-14 06:28:30,0.6115384615384616,1
1112,0073,0,2026-06-14 06:28:40,0.8038461538461539,0
1113,0116,0,2026-06-14 06:28:40,0.6115384615384616,0
1114,0143,0,2026-06-14 06:28:40,0.1340080971659919,0
1115,0238,0,2026-06-14 06:28:40,0.7000000000000000,0
1116,0261,0,2026-06-14 06:28:40,0.6115384615384616,0
1117,0073,0,2026-06-14 06:28:50,0.8038461538461539,0
1118,0116,0,2026-06-14 06:28:50,0.6115384615384616,0
1119,0143,0,2026-06-14 06:28:50,0.1340080971659919,0
1120,0261,0,2026-06-14 06:28:50,0.6115384615384616,0
1121,0116,0,2026-06-14 06:29:00,0.6115384615384616,0
1122,0143,0,2026-06-14 06:29:00,0.1340080971659919,0
1123,0261,0,2026-06-14 06:29:00,0.6115384615384616,0
1124,0261,0,2026-06-14 06:29:10,0.6115384615384616,0
1125,0261,0,2026-06-14 06:29:20,0.6115384615384616,0
1126,0334,0,2026-06-14 06:38:40,0.5303643724696356,0
1127,0334,0,2026-06-14 06:38:50,0.5303643724696356,0
1128,0334,0,2026-06-14 06:39:00,0.5303643724696356,0
1129,0334,0,2026-06-14 06:39:10,0.5303643724696356,0
1130,0334,0,2026-06-14 06:39:20,0.5303643724696356,0
1131,0334,0,2026-06-14 06:39:30,0.5303643724696356,0
1132,0334,0,2026-06-14 06:39:40,0.5303643724696356,0
1133,0334,0,2026-06-14 06:39:50,0.5303643724696356,0
1134,0334,0,2026-06-14 06:40:00,0.5303643724696356,0
1135,0334,0,2026-06-14 06:40:10,0.5303643724696356,1
1136,0334,0,2026-06-14 06:40:20,0.5303643724696356,0
1137,0216,0,2026-06-14 07:57:20,0.8038461538461539,1
1138,0044,0,2026-06-14 07:57:30,0.6115384615384616,0
1139,0216,0,2026-06-14 07:57:30,0.8038461538461539,0
1140,0044,0,2026-06-14 07:57:40,0.6115384615384616,1
1141,0216,0,2026-06-14 07:57:40,0.8038461538461539,0
1142,0359,0,2026-06-14 07:57:40,0.0629554655870445,0
1143,0044,0,2026-06-14 07:57:50,0.6115384615384616,0
1144,0216,0,2026-06-14 07:57:50,0.8038461538461539,0
1145,0359,0,2026-06-14 07:57:50,0.0629554655870445,0
1146,0044,0,2026-06-14 07:58:00,0.6115384615384616,0
1147,0216,0,2026-06-14 07:58:00,0.8038461538461539,0
1148,0359,0,2026-06-14 07:58:00,0.0629554655870445,0
1149,0044,0,2026-06-14 07:58:10,0.6115384615384616,0
1150,0216,0,2026-06-14 07:58:10,0.8038461538461539,0
1151,0359,0,2026-06-14 07:58:10,0.0629554655870445,0
1152,0044,0,2026-06-14 07:58:20,0.6115384615384616,0
1153,0216,0,2026-06-14 07:58:20,0.8038461538461539,0
1154,0359,0,2026-06-14 07:58:20,0.0629554655870445,0
1155,0470,0,2026-06-14 07:58:20,0.8038461538461539,0
1156,0216,0,2026-06-14 07:58:30,0.8038461538461539,0
1157,0359,0,2026-06-14 07:58:30,0.0629554655870445,0
1158,0470,0,2026-06-14 07:58:30,0.8038461538461539,0
1159,0216,0,2026-06-14 07:58:40,0.8038461538461539,0
1160,0359,0,2026-06-14 07:58:40,0.0629554655870445,0
1161,0470,0,2026-06-14 07:58:40,0.8038461538461539,0
1162,0216,0,2026-06-14 07:58:50,0.8038461538461539,0
1163,0359,0,2026-06-14 07:58:50,0.0629554655870445,0
1164,0470,0,2026-06-14 07:58:50,0.8038461538461539,1
1165,0216,0,2026-06-14 07:59:00,0.8038461538461539,0
1166,0359,0,2026-06-14 07:59:00,0.0629554655870445,1
1167,0470,0,2026-06-14 07:59:00,0.8038461538461539,0
1168,0359,0,2026-06-14 07:59:10,0.0629554655870445,0
1169,0470,0,2026-06-14 07:59:10,0.8038461538461539,0
1170,0359,0,2026-06-14 07:59:20,0.0629554655870445,0
1171,0470,0,2026-06-14 07:59:20,0.8038461538461539,0
1172,0470,0,2026-06-14 07:59:30,0.8038461538461539,0
1173,0056,0,2026-06-14 07:59:50,1.0000000000000000,0
1174,0056,0,2026-06-14 08:00:00,1.0000000000000000,0
1175,0056,0,2026-06-14 08:00:10,1.0000000000000000,0
1176,0056,0,2026-06-14 08:00:20,1.0000000000000000,0
1177,0056,0,2026-06-14 08:00:30,1.0000000000000000,0
1178,0056,0,2026-06-14 08:00:40,1.0000000000000000,0
1179,0151,0,2026-06-14 08:00:40,1.0000000000000000,1
1180,0056,0,2026-06-14 08:00:50,1.0000000000000000,0
1181,0151,0,2026-06-14 08:00:50,1.0000000000000000,1
1182,0056,0,2026-06-14 08:01:00,1.0000000000000000,0
1183,0151,0,2026-06-14 08:01:00,1.0000000000000000,0
1184,0056,0,2026-06-14 08:01:10,1.0000000000000000,0
1185,0151,0,2026-06-14 08:01:10,1.0000000000000000,0
1186,0056,0,2026-06-14 08:01:20,1.0000000000000000,0
1187,0151,0,2026-06-14 08:01:20,1.0000000000000000,0
1188,0056,0,2026-06-14 08:01:30,1.0000000000000000,0
1189,0151,0,2026-06-14 08:01:30,1.0000000000000000,0
1190,0056,0,2026-06-14 08:01:40,1.0000000000000000,0
1191,0136,0,2026-06-14 08:01:40,0.7000000000000000,1
1192,0151,0,2026-06-14 08:01:40,1.0000000000000000,0
1193,0110,0,2026-06-14 08:01:50,0.1340080971659919,0
1194,0136,0,2026-06-14 08:01:50,0.7000000000000000,1
1195,0151,0,2026-06-14 08:01:50,1.0000000000000000,0
1196,0110,0,2026-06-14 08:02:00,0.1340080971659919,0
1197,0136,0,2026-06-14 08:02:00,0.7000000000000000,0
1198,0151,0,2026-06-14 08:02:00,1.0000000000000000,0
1199,0224,0,2026-06-14 08:02:00,0.4665991902834008,0
1200,0110,0,2026-06-14 08:02:10,0.1340080971659919,1
1201,0136,0,2026-06-14 08:02:10,0.7000000000000000,0
1202,0151,0,2026-06-14 08:02:10,1.0000000000000000,0
1203,0224,0,2026-06-14 08:02:10,0.4665991902834008,0
1204,0110,0,2026-06-14 08:02:20,0.1340080971659919,0
1205,0136,0,2026-06-14 08:02:20,0.7000000000000000,0
1206,0224,0,2026-06-14 08:02:20,0.4665991902834008,1
1207,0110,0,2026-06-14 08:02:30,0.1340080971659919,0
1208,0136,0,2026-06-14 08:02:30,0.7000000000000000,0
1209,0224,0,2026-06-14 08:02:30,0.4665991902834008,0
1210,0110,0,2026-06-14 08:02:40,0.1340080971659919,0
1211,0136,0,2026-06-14 08:02:40,0.7000000000000000,0
1212,0147,0,2026-06-14 08:02:40,1.0000000000000000,0
1213,0224,0,2026-06-14 08:02:40,0.4665991902834008,0
1214,0110,0,2026-06-14 08:02:50,0.1340080971659919,0
1215,0136,0,2026-06-14 08:02:50,0.7000000000000000,0
1216,0147,0,2026-06-14 08:02:50,1.0000000000000000,1
1217,0224,0,2026-06-14 08:02:50,0.4665991902834008,0
1218,0110,0,2026-06-14 08:03:00,0.1340080971659919,0
1219,0136,0,2026-06-14 08:03:00,0.7000000000000000,0
1220,0147,0,2026-06-14 08:03:00,1.0000000000000000,1
1221,0224,0,2026-06-14 08:03:00,0.4665991902834008,0
1222,0104,0,2026-06-14 08:03:10,0.3402834008097166,1
1223,0110,0,2026-06-14 08:03:10,0.1340080971659919,0
1224,0136,0,2026-06-14 08:03:10,0.7000000000000000,0
1225,0147,0,2026-06-14 08:03:10,1.0000000000000000,0
1226,0224,0,2026-06-14 08:03:10,0.4665991902834008,0
1227,0088,0,2026-06-14 08:03:20,0.2900809716599190,1
1228,0104,0,2026-06-14 08:03:20,0.3402834008097166,0
1229,0110,0,2026-06-14 08:03:20,0.1340080971659919,0
1230,0136,0,2026-06-14 08:03:20,0.7000000000000000,0
1231,0147,0,2026-06-14 08:03:20,1.0000000000000000,0
1232,0224,0,2026-06-14 08:03:20,0.4665991902834008,0
1233,0262,0,2026-06-14 08:03:20,1.0000000000000000,0
1234,0088,0,2026-06-14 08:03:30,0.2900809716599190,0
1235,0104,0,2026-06-14 08:03:30,0.3402834008097166,0
1236,0110,0,2026-06-14 08:03:30,0.1340080971659919,0
1237,0147,0,2026-06-14 08:03:30,1.0000000000000000,0
1238,0224,0,2026-06-14 08:03:30,0.4665991902834008,0
1239,0262,0,2026-06-14 08:03:30,1.0000000000000000,0
1240,0088,0,2026-06-14 08:03:40,0.2900809716599190,0
1241,0104,0,2026-06-14 08:03:40,0.3402834008097166,0
1242,0110,0,2026-06-14 08:03:40,0.1340080971659919,0
1243,0147,0,2026-06-14 08:03:40,1.0000000000000000,0
1244,0224,0,2026-06-14 08:03:40,0.4665991902834008,0
1245,0262,0,2026-06-14 08:03:40,1.0000000000000000,1
1246,0088,0,2026-06-14 08:03:50,0.2900809716599190,0
1247,0104,0,2026-06-14 08:03:50,0.3402834008097166,0
1248,0147,0,2026-06-14 08:03:50,1.0000000000000000,0
1249,0262,0,2026-06-14 08:03:50,1.0000000000000000,0
1250,0088,0,2026-06-14 08:04:00,0.2900809716599190,0
1251,0097,0,2026-06-14 08:04:00,0.4665991902834008,0
1252,0104,0,2026-06-14 08:04:00,0.3402834008097166,0
1253,0147,0,2026-06-14 08:04:00,1.0000000000000000,0
1254,0262,0,2026-06-14 08:04:00,1.0000000000000000,0
1255,0310,0,2026-06-14 08:04:00,0.5303643724696356,1
1256,0088,0,2026-06-14 08:04:10,0.2900809716599190,0
1257,0097,0,2026-06-14 08:04:10,0.4665991902834008,1
1258,0104,0,2026-06-14 08:04:10,0.3402834008097166,0
1259,0147,0,2026-06-14 08:04:10,1.0000000000000000,0
1260,0262,0,2026-06-14 08:04:10,1.0000000000000000,0
1261,0310,0,2026-06-14 08:04:10,0.5303643724696356,0
1262,0088,0,2026-06-14 08:04:20,0.2900809716599190,0
1263,0097,0,2026-06-14 08:04:20,0.4665991902834008,0
1264,0104,0,2026-06-14 08:04:20,0.3402834008097166,0
1265,0105,0,2026-06-14 08:04:20,0.1987854251012146,0
1266,0222,0,2026-06-14 08:04:20,0.1340080971659919,1
1267,0262,0,2026-06-14 08:04:20,1.0000000000000000,0
1268,0310,0,2026-06-14 08:04:20,0.5303643724696356,0
1269,0460,0,2026-06-14 08:04:20,0.0629554655870445,0
1270,0097,0,2026-06-14 08:04:30,0.4665991902834008,0
1271,0104,0,2026-06-14 08:04:30,0.3402834008097166,0
1272,0105,0,2026-06-14 08:04:30,0.1987854251012146,0
1273,0222,0,2026-06-14 08:04:30,0.1340080971659919,1
1274,0262,0,2026-06-14 08:04:30,1.0000000000000000,0
1275,0310,0,2026-06-14 08:04:30,0.5303643724696356,0
1276,0460,0,2026-06-14 08:04:30,0.0629554655870445,0
1277,0097,0,2026-06-14 08:04:40,0.4665991902834008,0
1278,0104,0,2026-06-14 08:04:40,0.3402834008097166,0
1279,0105,0,2026-06-14 08:04:40,0.1987854251012146,1
1280,0222,0,2026-06-14 08:04:40,0.1340080971659919,0
1281,0262,0,2026-06-14 08:04:40,1.0000000000000000,0
1282,0310,0,2026-06-14 08:04:40,0.5303643724696356,0
1283,0460,0,2026-06-14 08:04:40,0.0629554655870445,0
1284,0072,0,2026-06-14 08:04:50,0.5303643724696356,0
1285,0097,0,2026-06-14 08:04:50,0.4665991902834008,0
1286,0105,0,2026-06-14 08:04:50,0.1987854251012146,0
1287,0222,0,2026-06-14 08:04:50,0.1340080971659919,0
1288,0262,0,2026-06-14 08:04:50,1.0000000000000000,0
1289,0310,0,2026-06-14 08:04:50,0.5303643724696356,0
1290,0460,0,2026-06-14 08:04:50,0.0629554655870445,0
1291,0072,0,2026-06-14 08:05:00,0.5303643724696356,1
1292,0097,0,2026-06-14 08:05:00,0.4665991902834008,0
1293,0105,0,2026-06-14 08:05:00,0.1987854251012146,0
1294,0222,0,2026-06-14 08:05:00,0.1340080971659919,0
1295,0262,0,2026-06-14 08:05:00,1.0000000000000000,0
1296,0310,0,2026-06-14 08:05:00,0.5303643724696356,0
1297,0460,0,2026-06-14 08:05:00,0.0629554655870445,0
1298,0072,0,2026-06-14 08:05:10,0.5303643724696356,0
1299,0097,0,2026-06-14 08:05:10,0.4665991902834008,0
1300,0105,0,2026-06-14 08:05:10,0.1987854251012146,0
1301,0222,0,2026-06-14 08:05:10,0.1340080971659919,0
1302,0310,0,2026-06-14 08:05:10,0.5303643724696356,0
1303,0323,0,2026-06-14 08:05:10,0.4665991902834008,1
1304,0460,0,2026-06-14 08:05:10,0.0629554655870445,0
1305,0072,0,2026-06-14 08:05:20,0.5303643724696356,0
1306,0076,0,2026-06-14 08:05:20,0.1340080971659919,0
1307,0097,0,2026-06-14 08:05:20,0.4665991902834008,0
1308,0105,0,2026-06-14 08:05:20,0.1987854251012146,0
1309,0222,0,2026-06-14 08:05:20,0.1340080971659919,0
1310,0310,0,2026-06-14 08:05:20,0.5303643724696356,0
1311,0323,0,2026-06-14 08:05:20,0.4665991902834008,1
1312,0460,0,2026-06-14 08:05:20,0.0629554655870445,0
1313,0072,0,2026-06-14 08:05:30,0.5303643724696356,0
1314,0076,0,2026-06-14 08:05:30,0.1340080971659919,0
1315,0097,0,2026-06-14 08:05:30,0.4665991902834008,0
1316,0105,0,2026-06-14 08:05:30,0.1987854251012146,0
1317,0222,0,2026-06-14 08:05:30,0.1340080971659919,0
1318,0310,0,2026-06-14 08:05:30,0.5303643724696356,0
1319,0323,0,2026-06-14 08:05:30,0.4665991902834008,0
1320,0460,0,2026-06-14 08:05:30,0.0629554655870445,0
1321,0072,0,2026-06-14 08:05:40,0.5303643724696356,0
1322,0076,0,2026-06-14 08:05:40,0.1340080971659919,0
1323,0097,0,2026-06-14 08:05:40,0.4665991902834008,0
1324,0105,0,2026-06-14 08:05:40,0.1987854251012146,0
1325,0159,0,2026-06-14 08:05:40,0.2900809716599190,0
1326,0222,0,2026-06-14 08:05:40,0.1340080971659919,0
1327,0323,0,2026-06-14 08:05:40,0.4665991902834008,0
1328,0460,0,2026-06-14 08:05:40,0.0629554655870445,0
1329,0072,0,2026-06-14 08:05:50,0.5303643724696356,0
1330,0076,0,2026-06-14 08:05:50,0.1340080971659919,0
1331,0105,0,2026-06-14 08:05:50,0.1987854251012146,0
1332,0159,0,2026-06-14 08:05:50,0.2900809716599190,0
1333,0222,0,2026-06-14 08:05:50,0.1340080971659919,0
1334,0270,0,2026-06-14 08:05:50,0.6115384615384616,0
1335,0323,0,2026-06-14 08:05:50,0.4665991902834008,0
1336,0460,0,2026-06-14 08:05:50,0.0629554655870445,1
1337,0072,0,2026-06-14 08:06:00,0.5303643724696356,0
1338,0076,0,2026-06-14 08:06:00,0.1340080971659919,0
1339,0105,0,2026-06-14 08:06:00,0.1987854251012146,0
1340,0159,0,2026-06-14 08:06:00,0.2900809716599190,0
1341,0270,0,2026-06-14 08:06:00,0.6115384615384616,0
1342,0323,0,2026-06-14 08:06:00,0.4665991902834008,0
1343,0072,0,2026-06-14 08:06:10,0.5303643724696356,0
1344,0076,0,2026-06-14 08:06:10,0.1340080971659919,0
1345,0105,0,2026-06-14 08:06:10,0.1987854251012146,0
1346,0159,0,2026-06-14 08:06:10,0.2900809716599190,0
1347,0270,0,2026-06-14 08:06:10,0.6115384615384616,0
1348,0323,0,2026-06-14 08:06:10,0.4665991902834008,0
1349,0072,0,2026-06-14 08:06:20,0.5303643724696356,0
1350,0076,0,2026-06-14 08:06:20,0.1340080971659919,0
1351,0159,0,2026-06-14 08:06:20,0.2900809716599190,0
1352,0270,0,2026-06-14 08:06:20,0.6115384615384616,0
1353,0323,0,2026-06-14 08:06:20,0.4665991902834008,0
1354,0076,0,2026-06-14 08:06:30,0.1340080971659919,0
1355,0159,0,2026-06-14 08:06:30,0.2900809716599190,0
1356,0270,0,2026-06-14 08:06:30,0.6115384615384616,0
1357,0323,0,2026-06-14 08:06:30,0.4665991902834008,0
1358,0076,0,2026-06-14 08:06:40,0.1340080971659919,0
1359,0159,0,2026-06-14 08:06:40,0.2900809716599190,1
1360,0270,0,2026-06-14 08:06:40,0.6115384615384616,0
1361,0076,0,2026-06-14 08:06:50,0.1340080971659919,0
1362,0159,0,2026-06-14 08:06:50,0.2900809716599190,0
1363,0270,0,2026-06-14 08:06:50,0.6115384615384616,0
1364,0076,0,2026-06-14 08:07:00,0.1340080971659919,0
1365,0159,0,2026-06-14 08:07:00,0.2900809716599190,0
1366,0270,0,2026-06-14 08:07:00,0.6115384615384616,0
1367,0159,0,2026-06-14 08:07:10,0.2900809716599190,0
1368,0270,0,2026-06-14 08:07:10,0.6115384615384616,0
1369,0159,0,2026-06-14 08:07:20,0.2900809716599190,0
1370,0270,0,2026-06-14 08:07:20,0.6115384615384616,1
1371,0159,0,2026-06-14 08:07:30,0.2900809716599190,1
1372,0270,0,2026-06-14 08:07:30,0.6115384615384616,0
1373,0100,0,2026-06-14 08:10:50,0.2900809716599190,0
1374,0100,0,2026-06-14 08:11:00,0.2900809716599190,0
1375,0100,0,2026-06-14 08:11:10,0.2900809716599190,0
1376,0100,0,2026-06-14 08:11:20,0.2900809716599190,0
1377,0100,0,2026-06-14 08:11:30,0.2900809716599190,0
1378,0100,0,2026-06-14 08:11:40,0.2900809716599190,0
1379,0100,0,2026-06-14 08:11:50,0.2900809716599190,0
1380,0100,0,2026-06-14 08:12:00,0.2900809716599190,0
1381,0100,0,2026-06-14 08:12:10,0.2900809716599190,0
1382,0100,0,2026-06-14 08:12:20,0.2900809716599190,0
1383,0100,0,2026-06-14 08:12:30,0.2900809716599190,0
1384,0100,0,2026-06-14 08:12:40,0.2900809716599190,1
1385,006,0,2026-06-14 08:15:50,0.9289473684210526,0
1386,006,0,2026-06-14 08:16:00,0.9289473684210526,1
1387,0030,0,2026-06-14 08:22:20,0.1987854251012146,0
1388,0030,0,2026-06-14 08:22:30,0.1987854251012146,0
1389,0030,0,2026-06-14 08:22:40,0.1987854251012146,0
1390,0030,0,2026-06-14 08:22:50,0.1987854251012146,0
1391,0030,0,2026-06-14 08:23:00,0.1987854251012146,0
1392,0030,0,2026-06-14 08:23:10,0.1987854251012146,0
1393,0030,0,2026-06-14 08:23:20,0.1987854251012146,0
1394,0030,0,2026-06-14 08:23:30,0.1987854251012146,0
1395,0030,0,2026-06-14 08:23:40,0.1987854251012146,0
1396,0030,0,2026-06-14 08:23:50,0.1987854251012146,0
1397,0030,0,2026-06-14 08:24:00,0.1987854251012146,0
1398,0030,0,2026-06-14 08:24:10,0.1987854251012146,0
1399,0330,0,2026-06-14 09:35:20,0.0629554655870445,0
1400,0330,0,2026-06-14 09:35:30,0.0629554655870445,0
1401,0330,0,2026-06-14 09:35:40,0.0629554655870445,0
1402,0330,0,2026-06-14 09:35:50,0.0629554655870445,0
1403,0330,0,2026-06-14 09:36:00,0.0629554655870445,0
1404,0207,0,2026-06-14 09:36:10,0.5303643724696356,0
1405,0330,0,2026-06-14 09:36:10,0.0629554655870445,0
1406,0207,0,2026-06-14 09:36:20,0.5303643724696356,1
1407,0330,0,2026-06-14 09:36:20,0.0629554655870445,0
1408,0207,0,2026-06-14 09:36:30,0.5303643724696356,1
1409,0330,0,2026-06-14 09:36:30,0.0629554655870445,0
1410,0016,0,2026-06-14 09:36:40,0.4665991902834008,0
1411,0016,0,2026-06-14 09:36:40,0.4665991902834008,0
1412,0016,0,2026-06-14 09:36:40,0.4665991902834008,0
1413,0207,0,2026-06-14 09:36:40,0.5303643724696356,0
1414,0016,0,2026-06-14 09:36:50,0.4665991902834008,0
1415,0016,0,2026-06-14 09:36:50,0.4665991902834008,0
1416,0016,0,2026-06-14 09:36:50,0.4665991902834008,0
1417,0016,0,2026-06-14 09:36:50,0.4665991902834008,0
1418,0178,0,2026-06-14 09:36:50,0.1987854251012146,0
1419,0016,0,2026-06-14 09:37:00,0.4665991902834008,1
1420,0016,0,2026-06-14 09:37:00,0.4665991902834008,0
1421,0016,0,2026-06-14 09:37:00,0.4665991902834008,0
1422,0016,0,2026-06-14 09:37:00,0.4665991902834008,0
1423,0016,0,2026-06-14 09:37:00,0.4665991902834008,0
1424,0178,0,2026-06-14 09:37:00,0.1987854251012146,0
1425,0016,0,2026-06-14 09:37:10,0.4665991902834008,0
1426,0016,0,2026-06-14 09:37:10,0.4665991902834008,0
1427,0016,0,2026-06-14 09:37:10,0.4665991902834008,0
1428,0016,0,2026-06-14 09:37:10,0.4665991902834008,0
1429,0016,0,2026-06-14 09:37:10,0.4665991902834008,0
1430,0016,0,2026-06-14 09:37:10,0.4665991902834008,0
1431,0016,0,2026-06-14 09:37:10,0.4665991902834008,0
1432,0178,0,2026-06-14 09:37:10,0.1987854251012146,0
1433,0016,0,2026-06-14 09:37:20,0.4665991902834008,0
1434,0016,0,2026-06-14 09:37:20,0.4665991902834008,0
1435,0016,0,2026-06-14 09:37:20,0.4665991902834008,0
1436,0016,0,2026-06-14 09:37:20,0.4665991902834008,0
1437,0016,0,2026-06-14 09:37:20,0.4665991902834008,0
1438,0016,0,2026-06-14 09:37:20,0.4665991902834008,0
1439,0016,0,2026-06-14 09:37:20,0.4665991902834008,0
1440,0016,0,2026-06-14 09:37:20,0.4665991902834008,0
1441,0016,0,2026-06-14 09:37:20,0.4665991902834008,0
1442,0178,0,2026-06-14 09:37:20,0.1987854251012146,0
1443,0016,0,2026-06-14 09:37:30,0.4665991902834008,1
1444,0016,0,2026-06-14 09:37:30,0.4665991902834008,0
1445,0016,0,2026-06-14 09:37:30,0.4665991902834008,0
1446,0016,0,2026-06-14 09:37:30,0.4665991902834008,0
1447,0016,0,2026-06-14 09:37:30,0.4665991902834008,0
1448,0016,0,2026-06-14 09:37:30,0.4665991902834008,0
1449,0016,0,2026-06-14 09:37:30,0.4665991902834008,0
1450,0016,0,2026-06-14 09:37:30,0.4665991902834008,0
1451,0178,0,2026-06-14 09:37:30,0.1987854251012146,0
1452,0016,0,2026-06-14 09:37:40,0.4665991902834008,0
1453,0016,0,2026-06-14 09:37:40,0.4665991902834008,0
1454,0016,0,2026-06-14 09:37:40,0.4665991902834008,0
1455,0016,0,2026-06-14 09:37:40,0.4665991902834008,0
1456,0016,0,2026-06-14 09:37:40,0.4665991902834008,0
1457,0016,0,2026-06-14 09:37:40,0.4665991902834008,0
1458,0016,0,2026-06-14 09:37:40,0.4665991902834008,0
1459,0016,0,2026-06-14 09:37:40,0.4665991902834008,0
1460,0178,0,2026-06-14 09:37:40,0.1987854251012146,0
1461,0016,0,2026-06-14 09:37:50,0.4665991902834008,0
1462,0016,0,2026-06-14 09:37:50,0.4665991902834008,0
1463,0016,0,2026-06-14 09:37:50,0.4665991902834008,0
1464,0016,0,2026-06-14 09:37:50,0.4665991902834008,0
1465,0016,0,2026-06-14 09:37:50,0.4665991902834008,0
1466,0016,0,2026-06-14 09:37:50,0.4665991902834008,0
1467,0016,0,2026-06-14 09:37:50,0.4665991902834008,0
1468,0016,0,2026-06-14 09:37:50,0.4665991902834008,0
1469,0178,0,2026-06-14 09:37:50,0.1987854251012146,0
1470,0199,0,2026-06-14 09:37:50,0.1340080971659919,1
1471,0247,0,2026-06-14 09:37:50,0.8038461538461539,0
1472,0247,0,2026-06-14 09:37:50,0.8038461538461539,0
1473,0247,0,2026-06-14 09:37:50,0.8038461538461539,0
1474,0247,0,2026-06-14 09:37:50,0.8038461538461539,0
1475,0285,0,2026-06-14 09:37:50,1.0000000000000000,0
1476,0016,0,2026-06-14 09:38:00,0.4665991902834008,0
1477,0016,0,2026-06-14 09:38:00,0.4665991902834008,0
1478,0016,0,2026-06-14 09:38:00,0.4665991902834008,0
1479,0016,0,2026-06-14 09:38:00,0.4665991902834008,0
1480,0016,0,2026-06-14 09:38:00,0.4665991902834008,0
1481,0178,0,2026-06-14 09:38:00,0.1987854251012146,0
1482,0199,0,2026-06-14 09:38:00,0.1340080971659919,0
1483,0247,0,2026-06-14 09:38:00,0.8038461538461539,0
1484,0247,0,2026-06-14 09:38:00,0.8038461538461539,0
1485,0247,0,2026-06-14 09:38:00,0.8038461538461539,0
1486,0247,0,2026-06-14 09:38:00,0.8038461538461539,0
1487,0247,0,2026-06-14 09:38:00,0.8038461538461539,0
1488,0285,0,2026-06-14 09:38:00,1.0000000000000000,0
1489,0016,0,2026-06-14 09:38:10,0.4665991902834008,0
1490,0016,0,2026-06-14 09:38:10,0.4665991902834008,0
1491,0016,0,2026-06-14 09:38:10,0.4665991902834008,0
1492,0199,0,2026-06-14 09:38:10,0.1340080971659919,0
1493,0247,0,2026-06-14 09:38:10,0.8038461538461539,0
1494,0247,0,2026-06-14 09:38:10,0.8038461538461539,0
1495,0247,0,2026-06-14 09:38:10,0.8038461538461539,0
1496,0247,0,2026-06-14 09:38:10,0.8038461538461539,0
1497,0247,0,2026-06-14 09:38:10,0.8038461538461539,0
1498,0247,0,2026-06-14 09:38:10,0.8038461538461539,0
1499,0276,0,2026-06-14 09:38:10,0.0629554655870445,0
1500,0285,0,2026-06-14 09:38:10,1.0000000000000000,1
1501,0199,0,2026-06-14 09:38:20,0.1340080971659919,0
1502,0247,0,2026-06-14 09:38:20,0.8038461538461539,0
1503,0247,0,2026-06-14 09:38:20,0.8038461538461539,0
1504,0247,0,2026-06-14 09:38:20,0.8038461538461539,0
1505,0247,0,2026-06-14 09:38:20,0.8038461538461539,0
1506,0247,0,2026-06-14 09:38:20,0.8038461538461539,0
1507,0247,0,2026-06-14 09:38:20,0.8038461538461539,0
1508,0247,0,2026-06-14 09:38:20,0.8038461538461539,0
1509,0276,0,2026-06-14 09:38:20,0.0629554655870445,0
1510,0285,0,2026-06-14 09:38:20,1.0000000000000000,0
1511,0199,0,2026-06-14 09:38:30,0.1340080971659919,0
1512,0247,0,2026-06-14 09:38:30,0.8038461538461539,0
1513,0247,0,2026-06-14 09:38:30,0.8038461538461539,0
1514,0247,0,2026-06-14 09:38:30,0.8038461538461539,0
1515,0247,0,2026-06-14 09:38:30,0.8038461538461539,0
1516,0247,0,2026-06-14 09:38:30,0.8038461538461539,0
1517,0247,0,2026-06-14 09:38:30,0.8038461538461539,0
1518,0247,0,2026-06-14 09:38:30,0.8038461538461539,0
1519,0247,0,2026-06-14 09:38:30,0.8038461538461539,0
1520,0285,0,2026-06-14 09:38:30,1.0000000000000000,0
1521,0327,0,2026-06-14 09:38:30,0.9289473684210526,1
1522,0042,0,2026-06-14 09:38:40,0.3402834008097166,0
1523,0134,0,2026-06-14 09:38:40,0.9289473684210526,0
1524,0199,0,2026-06-14 09:38:40,0.1340080971659919,0
1525,0247,0,2026-06-14 09:38:40,0.8038461538461539,0
1526,0247,0,2026-06-14 09:38:40,0.8038461538461539,0
1527,0247,0,2026-06-14 09:38:40,0.8038461538461539,0
1528,0247,0,2026-06-14 09:38:40,0.8038461538461539,0
1529,0247,0,2026-06-14 09:38:40,0.8038461538461539,0
1530,0247,0,2026-06-14 09:38:40,0.8038461538461539,0
1531,0269,0,2026-06-14 09:38:40,0.8038461538461539,0
1532,0285,0,2026-06-14 09:38:40,1.0000000000000000,0
1533,0327,0,2026-06-14 09:38:40,0.9289473684210526,0
1534,0403,0,2026-06-14 09:38:40,0.5303643724696356,0
1535,0412,0,2026-06-14 09:38:40,0.8038461538461539,0
1536,0042,0,2026-06-14 09:38:50,0.3402834008097166,0
1537,0134,0,2026-06-14 09:38:50,0.9289473684210526,0
1538,0155,0,2026-06-14 09:38:50,0.2900809716599190,1
1539,0199,0,2026-06-14 09:38:50,0.1340080971659919,0
1540,0269,0,2026-06-14 09:38:50,0.8038461538461539,0
1541,0285,0,2026-06-14 09:38:50,1.0000000000000000,0
1542,0327,0,2026-06-14 09:38:50,0.9289473684210526,0
1543,0403,0,2026-06-14 09:38:50,0.5303643724696356,0
1544,0412,0,2026-06-14 09:38:50,0.8038461538461539,0
1545,0042,0,2026-06-14 09:39:00,0.3402834008097166,0
1546,0134,0,2026-06-14 09:39:00,0.9289473684210526,0
1547,0155,0,2026-06-14 09:39:00,0.2900809716599190,0
1548,0199,0,2026-06-14 09:39:00,0.1340080971659919,0
1549,0269,0,2026-06-14 09:39:00,0.8038461538461539,0
1550,0285,0,2026-06-14 09:39:00,1.0000000000000000,0
1551,0327,0,2026-06-14 09:39:00,0.9289473684210526,0
1552,0403,0,2026-06-14 09:39:00,0.5303643724696356,0
1553,0412,0,2026-06-14 09:39:00,0.8038461538461539,0
1554,0042,0,2026-06-14 09:39:10,0.3402834008097166,0
1555,0134,0,2026-06-14 09:39:10,0.9289473684210526,0
1556,0155,0,2026-06-14 09:39:10,0.2900809716599190,0
1557,0199,0,2026-06-14 09:39:10,0.1340080971659919,0
1558,0269,0,2026-06-14 09:39:10,0.8038461538461539,0
1559,0285,0,2026-06-14 09:39:10,1.0000000000000000,0
1560,0327,0,2026-06-14 09:39:10,0.9289473684210526,0
1561,0403,0,2026-06-14 09:39:10,0.5303643724696356,0
1562,0412,0,2026-06-14 09:39:10,0.8038461538461539,0
1563,0042,0,2026-06-14 09:39:20,0.3402834008097166,0
1564,0134,0,2026-06-14 09:39:20,0.9289473684210526,0
1565,0155,0,2026-06-14 09:39:20,0.2900809716599190,0
1566,0199,0,2026-06-14 09:39:20,0.1340080971659919,0
1567,0269,0,2026-06-14 09:39:20,0.8038461538461539,0
1568,0285,0,2026-06-14 09:39:20,1.0000000000000000,0
1569,0327,0,2026-06-14 09:39:20,0.9289473684210526,0
1570,0403,0,2026-06-14 09:39:20,0.5303643724696356,0
1571,0412,0,2026-06-14 09:39:20,0.8038461538461539,1
1572,0042,0,2026-06-14 09:39:30,0.3402834008097166,0
1573,0108,0,2026-06-14 09:39:30,0.1987854251012146,0
1574,0134,0,2026-06-14 09:39:30,0.9289473684210526,1
1575,0155,0,2026-06-14 09:39:30,0.2900809716599190,0
1576,0199,0,2026-06-14 09:39:30,0.1340080971659919,0
1577,0269,0,2026-06-14 09:39:30,0.8038461538461539,0
1578,0285,0,2026-06-14 09:39:30,1.0000000000000000,0
1579,0327,0,2026-06-14 09:39:30,0.9289473684210526,0
1580,0403,0,2026-06-14 09:39:30,0.5303643724696356,0
1581,0412,0,2026-06-14 09:39:30,0.8038461538461539,0
1582,0042,0,2026-06-14 09:39:40,0.3402834008097166,0
1583,0108,0,2026-06-14 09:39:40,0.1987854251012146,0
1584,0134,0,2026-06-14 09:39:40,0.9289473684210526,0
1585,0155,0,2026-06-14 09:39:40,0.2900809716599190,0
1586,0269,0,2026-06-14 09:39:40,0.8038461538461539,0
1587,0285,0,2026-06-14 09:39:40,1.0000000000000000,0
1588,0327,0,2026-06-14 09:39:40,0.9289473684210526,0
1589,0403,0,2026-06-14 09:39:40,0.5303643724696356,0
1590,0412,0,2026-06-14 09:39:40,0.8038461538461539,0
1591,0108,0,2026-06-14 09:39:50,0.1987854251012146,0
1592,0269,0,2026-06-14 09:39:50,0.8038461538461539,0
1593,0327,0,2026-06-14 09:39:50,0.9289473684210526,0
1594,0403,0,2026-06-14 09:39:50,0.5303643724696356,1
1595,0412,0,2026-06-14 09:39:50,0.8038461538461539,0
1596,0167,1,2026-06-13 10:29:30,0.4665991902834008,0
1597,0167,1,2026-06-13 10:29:40,0.4665991902834008,1
1598,0167,1,2026-06-13 10:29:50,0.4665991902834008,0
1599,0194,1,2026-06-13 10:29:50,0.5303643724696356,0
1600,0391,1,2026-06-13 10:29:50,0.1987854251012146,1
1601,0167,1,2026-06-13 10:30:00,0.4665991902834008,0
1602,0194,1,2026-06-13 10:30:00,0.5303643724696356,0
1603,0391,1,2026-06-13 10:30:00,0.1987854251012146,0
1604,0167,1,2026-06-13 10:30:10,0.4665991902834008,0
1605,0194,1,2026-06-13 10:30:10,0.5303643724696356,0
1606,0391,1,2026-06-13 10:30:10,0.1987854251012146,0
1607,0167,1,2026-06-13 10:30:20,0.4665991902834008,0
1608,0194,1,2026-06-13 10:30:20,0.5303643724696356,0
1609,0391,1,2026-06-13 10:30:20,0.1987854251012146,0
1610,0167,1,2026-06-13 10:30:30,0.4665991902834008,0
1611,0194,1,2026-06-13 10:30:30,0.5303643724696356,0
1612,0391,1,2026-06-13 10:30:30,0.1987854251012146,0
1613,0167,1,2026-06-13 10:30:40,0.4665991902834008,0
1614,0194,1,2026-06-13 10:30:40,0.5303643724696356,0
1615,0391,1,2026-06-13 10:30:40,0.1987854251012146,0
1616,0167,1,2026-06-13 10:30:50,0.4665991902834008,0
1617,0194,1,2026-06-13 10:30:50,0.5303643724696356,0
1618,0391,1,2026-06-13 10:30:50,0.1987854251012146,0
1619,0167,1,2026-06-13 10:31:00,0.4665991902834008,0
1620,0194,1,2026-06-13 10:31:00,0.5303643724696356,0
1621,0391,1,2026-06-13 10:31:00,0.1987854251012146,0
1622,0167,1,2026-06-13 10:31:10,0.4665991902834008,0
1623,0194,1,2026-06-13 10:31:10,0.5303643724696356,0
1624,0391,1,2026-06-13 10:31:10,0.1987854251012146,0
1625,0194,1,2026-06-13 10:31:20,0.5303643724696356,0
1626,0391,1,2026-06-13 10:31:20,0.1987854251012146,0
1627,0194,1,2026-06-13 10:31:30,0.5303643724696356,0
1628,0391,1,2026-06-13 10:31:30,0.1987854251012146,0
1629,0194,1,2026-06-13 10:31:40,0.5303643724696356,0
1630,0391,1,2026-06-13 10:31:40,0.1987854251012146,0
1631,0114,1,2026-06-13 10:33:20,0.1340080971659919,0
1632,0114,1,2026-06-13 10:33:30,0.1340080971659919,0
1633,0114,1,2026-06-13 10:33:40,0.1340080971659919,0
1634,0114,1,2026-06-13 10:33:50,0.1340080971659919,0
1635,0114,1,2026-06-13 10:34:00,0.1340080971659919,0
1636,0114,1,2026-06-13 10:34:10,0.1340080971659919,0
1637,0114,1,2026-06-13 10:34:20,0.1340080971659919,0
1638,0311,1,2026-06-13 10:34:20,0.5303643724696356,0
1639,0311,1,2026-06-13 10:34:20,0.5303643724696356,0
1640,0311,1,2026-06-13 10:34:20,0.5303643724696356,0
1641,0357,1,2026-06-13 10:34:20,0.1987854251012146,0
1642,0357,1,2026-06-13 10:34:20,0.1987854251012146,0
1643,0357,1,2026-06-13 10:34:20,0.1987854251012146,0
1644,0114,1,2026-06-13 10:34:30,0.1340080971659919,1
1645,0311,1,2026-06-13 10:34:30,0.5303643724696356,0
1646,0311,1,2026-06-13 10:34:30,0.5303643724696356,0
1647,0311,1,2026-06-13 10:34:30,0.5303643724696356,0
1648,0357,1,2026-06-13 10:34:30,0.1987854251012146,0
1649,0357,1,2026-06-13 10:34:30,0.1987854251012146,0
1650,0114,1,2026-06-13 10:34:40,0.1340080971659919,1
1651,0311,1,2026-06-13 10:34:40,0.5303643724696356,0
1652,0357,1,2026-06-13 10:34:40,0.1987854251012146,0
1653,0493,1,2026-06-13 10:34:40,0.4665991902834008,0
1654,0114,1,2026-06-13 10:34:50,0.1340080971659919,0
1655,0311,1,2026-06-13 10:34:50,0.5303643724696356,0
1656,0311,1,2026-06-13 10:34:50,0.5303643724696356,0
1657,0357,1,2026-06-13 10:34:50,0.1987854251012146,0
1658,0357,1,2026-06-13 10:34:50,0.1987854251012146,0
1659,0493,1,2026-06-13 10:34:50,0.4665991902834008,0
1660,0311,1,2026-06-13 10:35:00,0.5303643724696356,0
1661,0311,1,2026-06-13 10:35:00,0.5303643724696356,0
1662,0357,1,2026-06-13 10:35:00,0.1987854251012146,0
1663,0357,1,2026-06-13 10:35:00,0.1987854251012146,0
1664,0493,1,2026-06-13 10:35:00,0.4665991902834008,0
1665,0311,1,2026-06-13 10:35:10,0.5303643724696356,0
1666,0311,1,2026-06-13 10:35:10,0.5303643724696356,0
1667,0357,1,2026-06-13 10:35:10,0.1987854251012146,0
1668,0357,1,2026-06-13 10:35:10,0.1987854251012146,1
1669,0493,1,2026-06-13 10:35:10,0.4665991902834008,0
1670,0311,1,2026-06-13 10:35:20,0.5303643724696356,0
1671,0311,1,2026-06-13 10:35:20,0.5303643724696356,0
1672,0357,1,2026-06-13 10:35:20,0.1987854251012146,0
1673,0357,1,2026-06-13 10:35:20,0.1987854251012146,0
1674,0493,1,2026-06-13 10:35:20,0.4665991902834008,0
1675,0311,1,2026-06-13 10:35:30,0.5303643724696356,0
1676,0311,1,2026-06-13 10:35:30,0.5303643724696356,0
1677,0357,1,2026-06-13 10:35:30,0.1987854251012146,0
1678,0493,1,2026-06-13 10:35:30,0.4665991902834008,0
1679,0311,1,2026-06-13 10:35:40,0.5303643724696356,0
1680,0311,1,2026-06-13 10:35:40,0.5303643724696356,0
1681,0357,1,2026-06-13 10:35:40,0.1987854251012146,1
1682,0493,1,2026-06-13 10:35:40,0.4665991902834008,0
1683,0311,1,2026-06-13 10:35:50,0.5303643724696356,0
1684,0357,1,2026-06-13 10:35:50,0.1987854251012146,0
1685,0493,1,2026-06-13 10:35:50,0.4665991902834008,0
1686,0311,1,2026-06-13 10:36:00,0.5303643724696356,0
1687,0493,1,2026-06-13 10:36:00,0.4665991902834008,0
1688,0496,1,2026-06-13 10:36:00,0.1340080971659919,0
1689,0066,1,2026-06-13 10:36:10,0.3402834008097166,0
1690,0311,1,2026-06-13 10:36:10,0.5303643724696356,0
1691,0496,1,2026-06-13 10:36:10,0.1340080971659919,0
1692,0066,1,2026-06-13 10:36:20,0.3402834008097166,0
1693,0496,1,2026-06-13 10:36:20,0.1340080971659919,0
1694,0066,1,2026-06-13 10:36:30,0.3402834008097166,0
1695,0496,1,2026-06-13 10:36:30,0.1340080971659919,0
1696,0066,1,2026-06-13 10:36:40,0.3402834008097166,0
1697,0496,1,2026-06-13 10:36:40,0.1340080971659919,0
1698,0066,1,2026-06-13 10:36:50,0.3402834008097166,0
1699,0496,1,2026-06-13 10:36:50,0.1340080971659919,0
1700,0066,1,2026-06-13 10:37:00,0.3402834008097166,0
1701,0496,1,2026-06-13 10:37:00,0.1340080971659919,0
1702,0066,1,2026-06-13 10:37:10,0.3402834008097166,0
1703,0496,1,2026-06-13 10:37:10,0.1340080971659919,0
1704,0066,1,2026-06-13 10:37:20,0.3402834008097166,0
1705,0496,1,2026-06-13 10:37:20,0.1340080971659919,0
1706,0066,1,2026-06-13 10:37:30,0.3402834008097166,0
1707,0496,1,2026-06-13 10:37:30,0.1340080971659919,0
1708,0066,1,2026-06-13 10:37:40,0.3402834008097166,0
1709,0496,1,2026-06-13 10:37:40,0.1340080971659919,0
1710,0066,1,2026-06-13 10:37:50,0.3402834008097166,0
1711,0066,1,2026-06-13 10:38:00,0.3402834008097166,0
1712,0212,1,2026-06-13 10:41:10,0.9289473684210526,0
1713,0212,1,2026-06-13 10:41:20,0.9289473684210526,0
1714,0212,1,2026-06-13 10:41:30,0.9289473684210526,0
1715,0212,1,2026-06-13 10:41:40,0.9289473684210526,0
1716,0212,1,2026-06-13 10:41:50,0.9289473684210526,1
1717,0212,1,2026-06-13 10:42:00,0.9289473684210526,0
1718,0404,1,2026-06-13 10:42:00,0.4665991902834008,0
1719,0212,1,2026-06-13 10:42:10,0.9289473684210526,0
1720,0404,1,2026-06-13 10:42:10,0.4665991902834008,0
1721,0404,1,2026-06-13 10:42:20,0.4665991902834008,0
1722,0404,1,2026-06-13 10:42:30,0.4665991902834008,0
1723,0404,1,2026-06-13 10:42:30,0.4665991902834008,0
1724,0404,1,2026-06-13 10:42:40,0.4665991902834008,0
1725,0404,1,2026-06-13 10:42:40,0.4665991902834008,0
1726,0404,1,2026-06-13 10:42:50,0.4665991902834008,0
1727,0404,1,2026-06-13 10:42:50,0.4665991902834008,0
1728,0404,1,2026-06-13 10:43:00,0.4665991902834008,0
1729,0404,1,2026-06-13 10:43:00,0.4665991902834008,0
1730,0404,1,2026-06-13 10:43:10,0.4665991902834008,0
1731,0404,1,2026-06-13 10:43:10,0.4665991902834008,0
1732,0404,1,2026-06-13 10:43:20,0.4665991902834008,0
1733,0404,1,2026-06-13 10:43:30,0.4665991902834008,0
1734,0404,1,2026-06-13 10:43:40,0.4665991902834008,0
1735,0381,1,2026-06-13 12:24:50,1.0000000000000000,0
1736,0381,1,2026-06-13 12:25:00,1.0000000000000000,0
1737,0381,1,2026-06-13 12:25:10,1.0000000000000000,1
1738,0381,1,2026-06-13 12:25:20,1.0000000000000000,0
1739,0381,1,2026-06-13 12:25:30,1.0000000000000000,0
1740,0381,1,2026-06-13 12:25:40,1.0000000000000000,0
1741,0381,1,2026-06-13 12:25:50,1.0000000000000000,0
1742,0381,1,2026-06-13 12:26:00,1.0000000000000000,0
1743,0381,1,2026-06-13 12:26:10,1.0000000000000000,0
1744,0381,1,2026-06-13 12:26:20,1.0000000000000000,0
1745,0381,1,2026-06-13 12:26:30,1.0000000000000000,0
1746,0132,1,2026-06-13 12:28:50,0.4665991902834008,0
1747,0106,1,2026-06-13 12:29:00,0.2900809716599190,0
1748,0132,1,2026-06-13 12:29:00,0.4665991902834008,0
1749,0106,1,2026-06-13 12:29:10,0.2900809716599190,0
1750,0132,1,2026-06-13 12:29:10,0.4665991902834008,0
1751,0106,1,2026-06-13 12:29:20,0.2900809716599190,0
1752,0132,1,2026-06-13 12:29:20,0.4665991902834008,0
1753,0106,1,2026-06-13 12:29:30,0.2900809716599190,0
1754,0132,1,2026-06-13 12:29:30,0.4665991902834008,0
1755,0106,1,2026-06-13 12:29:40,0.2900809716599190,0
1756,0132,1,2026-06-13 12:29:40,0.4665991902834008,0
1757,0287,1,2026-06-13 12:29:40,0.2900809716599190,0
1758,0106,1,2026-06-13 12:29:50,0.2900809716599190,0
1759,0132,1,2026-06-13 12:29:50,0.4665991902834008,0
1760,0287,1,2026-06-13 12:29:50,0.2900809716599190,0
1761,0106,1,2026-06-13 12:30:00,0.2900809716599190,0
1762,0132,1,2026-06-13 12:30:00,0.4665991902834008,0
1763,0258,1,2026-06-13 12:30:00,0.3402834008097166,0
1764,0287,1,2026-06-13 12:30:00,0.2900809716599190,0
1765,0106,1,2026-06-13 12:30:10,0.2900809716599190,0
1766,0132,1,2026-06-13 12:30:10,0.4665991902834008,0
1767,0258,1,2026-06-13 12:30:10,0.3402834008097166,0
1768,0287,1,2026-06-13 12:30:10,0.2900809716599190,0
1769,0106,1,2026-06-13 12:30:20,0.2900809716599190,0
1770,0132,1,2026-06-13 12:30:20,0.4665991902834008,0
1771,0258,1,2026-06-13 12:30:20,0.3402834008097166,0
1772,0287,1,2026-06-13 12:30:20,0.2900809716599190,0
1773,0106,1,2026-06-13 12:30:30,0.2900809716599190,0
1774,0132,1,2026-06-13 12:30:30,0.4665991902834008,0
1775,0258,1,2026-06-13 12:30:30,0.3402834008097166,0
1776,0287,1,2026-06-13 12:30:30,0.2900809716599190,0
1777,0106,1,2026-06-13 12:30:40,0.2900809716599190,0
1778,0258,1,2026-06-13 12:30:40,0.3402834008097166,0
1779,0287,1,2026-06-13 12:30:40,0.2900809716599190,0
1780,0106,1,2026-06-13 12:30:50,0.2900809716599190,0
1781,0258,1,2026-06-13 12:30:50,0.3402834008097166,0
1782,0287,1,2026-06-13 12:30:50,0.2900809716599190,0
1783,0258,1,2026-06-13 12:31:00,0.3402834008097166,0
1784,0287,1,2026-06-13 12:31:00,0.2900809716599190,0
1785,0258,1,2026-06-13 12:31:10,0.3402834008097166,1
1786,0287,1,2026-06-13 12:31:10,0.2900809716599190,0
1787,0258,1,2026-06-13 12:31:20,0.3402834008097166,1
1788,0491,1,2026-06-13 12:31:40,0.3402834008097166,0
1789,0491,1,2026-06-13 12:31:50,0.3402834008097166,0
1790,0491,1,2026-06-13 12:32:00,0.3402834008097166,0
1791,0491,1,2026-06-13 12:32:10,0.3402834008097166,0
1792,0491,1,2026-06-13 12:32:20,0.3402834008097166,0
1793,0491,1,2026-06-13 12:32:30,0.3402834008097166,0
1794,0491,1,2026-06-13 12:32:40,0.3402834008097166,1
1795,0210,1,2026-06-13 14:11:10,0.9289473684210526,0
1796,0210,1,2026-06-13 14:11:20,0.9289473684210526,0
1797,0210,1,2026-06-13 14:11:30,0.9289473684210526,0
1798,0399,1,2026-06-13 14:11:30,0.5303643724696356,0
1799,0210,1,2026-06-13 14:11:40,0.9289473684210526,0
1800,0399,1,2026-06-13 14:11:40,0.5303643724696356,0
1801,0210,1,2026-06-13 14:11:50,0.9289473684210526,0
1802,0399,1,2026-06-13 14:11:50,0.5303643724696356,0
1803,0210,1,2026-06-13 14:12:00,0.9289473684210526,0
1804,0399,1,2026-06-13 14:12:00,0.5303643724696356,0
1805,0210,1,2026-06-13 14:12:10,0.9289473684210526,0
1806,0399,1,2026-06-13 14:12:10,0.5303643724696356,0
1807,0210,1,2026-06-13 14:12:20,0.9289473684210526,0
1808,0210,1,2026-06-13 14:12:30,0.9289473684210526,0
1809,0210,1,2026-06-13 14:12:40,0.9289473684210526,0
1810,0210,1,2026-06-13 14:12:50,0.9289473684210526,0
1811,0079,1,2026-06-13 15:07:10,0.4665991902834008,0
1812,0079,1,2026-06-13 15:07:20,0.4665991902834008,0
1813,0079,1,2026-06-13 15:07:30,0.4665991902834008,0
1814,0079,1,2026-06-13 15:07:40,0.4665991902834008,0
1815,0079,1,2026-06-13 15:07:50,0.4665991902834008,0
1816,0079,1,2026-06-13 15:08:00,0.4665991902834008,0
1817,0079,1,2026-06-13 15:08:10,0.4665991902834008,0
1818,0079,1,2026-06-13 15:08:20,0.4665991902834008,0
1819,0079,1,2026-06-13 15:08:30,0.4665991902834008,0
1820,0079,1,2026-06-13 15:08:40,0.4665991902834008,0
1821,0079,1,2026-06-13 15:08:50,0.4665991902834008,0
1822,0079,1,2026-06-13 15:09:00,0.4665991902834008,0
1823,0149,1,2026-06-13 15:28:20,0.6645748987854251,0
1824,0149,1,2026-06-13 15:28:30,0.6645748987854251,0
1825,0149,1,2026-06-13 15:28:40,0.6645748987854251,0
1826,0149,1,2026-06-13 15:28:50,0.6645748987854251,0
1827,0149,1,2026-06-13 15:29:00,0.6645748987854251,0
1828,0149,1,2026-06-13 15:29:10,0.6645748987854251,0
1829,0055,1,2026-06-13 15:29:30,0.8038461538461539,0
1830,0055,1,2026-06-13 15:29:40,0.8038461538461539,0
1831,0055,1,2026-06-13 15:29:50,0.8038461538461539,0
1832,0055,1,2026-06-13 15:30:00,0.8038461538461539,0
1833,0055,1,2026-06-13 15:30:10,0.8038461538461539,1
1834,0055,1,2026-06-13 15:30:20,0.8038461538461539,0
1835,0055,1,2026-06-13 15:30:30,0.8038461538461539,0
1836,0055,1,2026-06-13 15:30:40,0.8038461538461539,0
1837,0366,1,2026-06-13 15:30:50,1.0000000000000000,0
1838,0366,1,2026-06-13 15:30:50,1.0000000000000000,0
1839,0366,1,2026-06-13 15:30:50,1.0000000000000000,0
1840,0432,1,2026-06-13 15:30:50,1.0000000000000000,0
1841,0432,1,2026-06-13 15:30:50,1.0000000000000000,0
1842,0171,1,2026-06-13 15:31:00,0.0629554655870445,0
1843,0366,1,2026-06-13 15:31:00,1.0000000000000000,0
1844,0366,1,2026-06-13 15:31:00,1.0000000000000000,0
1845,0366,1,2026-06-13 15:31:00,1.0000000000000000,0
1846,0432,1,2026-06-13 15:31:00,1.0000000000000000,0
1847,0432,1,2026-06-13 15:31:00,1.0000000000000000,0
1848,0171,1,2026-06-13 15:31:10,0.0629554655870445,0
1849,0366,1,2026-06-13 15:31:10,1.0000000000000000,0
1850,0366,1,2026-06-13 15:31:10,1.0000000000000000,0
1851,0366,1,2026-06-13 15:31:10,1.0000000000000000,0
1852,0432,1,2026-06-13 15:31:10,1.0000000000000000,0
1853,0432,1,2026-06-13 15:31:10,1.0000000000000000,0
1854,0432,1,2026-06-13 15:31:10,1.0000000000000000,0
1855,0171,1,2026-06-13 15:31:20,0.0629554655870445,0
1856,0432,1,2026-06-13 15:31:20,1.0000000000000000,0
1857,0432,1,2026-06-13 15:31:20,1.0000000000000000,0
1858,0432,1,2026-06-13 15:31:20,1.0000000000000000,0
1859,0171,1,2026-06-13 15:31:30,0.0629554655870445,0
1860,0432,1,2026-06-13 15:31:30,1.0000000000000000,0
1861,0432,1,2026-06-13 15:31:30,1.0000000000000000,0
1862,0171,1,2026-06-13 15:31:40,0.0629554655870445,0
1863,0432,1,2026-06-13 15:31:40,1.0000000000000000,0
1864,0432,1,2026-06-13 15:31:40,1.0000000000000000,0
1865,0171,1,2026-06-13 15:31:50,0.0629554655870445,0
1866,0432,1,2026-06-13 15:31:50,1.0000000000000000,0
1867,0432,1,2026-06-13 15:31:50,1.0000000000000000,0
1868,0171,1,2026-06-13 15:32:00,0.0629554655870445,1
1869,0432,1,2026-06-13 15:32:00,1.0000000000000000,0
1870,0432,1,2026-06-13 15:32:00,1.0000000000000000,0
1871,0171,1,2026-06-13 15:32:10,0.0629554655870445,0
1872,0432,1,2026-06-13 15:32:10,1.0000000000000000,0
1873,0432,1,2026-06-13 15:32:10,1.0000000000000000,0
1874,0171,1,2026-06-13 15:32:20,0.0629554655870445,0
1875,0422,1,2026-06-13 15:32:20,0.2900809716599190,0
1876,0432,1,2026-06-13 15:32:20,1.0000000000000000,0
1877,0171,1,2026-06-13 15:32:30,0.0629554655870445,0
1878,0422,1,2026-06-13 15:32:30,0.2900809716599190,0
1879,0432,1,2026-06-13 15:32:30,1.0000000000000000,0
1880,0432,1,2026-06-13 15:32:30,1.0000000000000000,0
1881,0171,1,2026-06-13 15:32:40,0.0629554655870445,0
1882,0422,1,2026-06-13 15:32:40,0.2900809716599190,0
1883,0432,1,2026-06-13 15:32:40,1.0000000000000000,0
1884,0171,1,2026-06-13 15:32:50,0.0629554655870445,0
1885,0422,1,2026-06-13 15:32:50,0.2900809716599190,0
1886,0422,1,2026-06-13 15:33:00,0.2900809716599190,0
1887,0422,1,2026-06-13 15:33:10,0.2900809716599190,0
1888,0422,1,2026-06-13 15:33:20,0.2900809716599190,0
1889,0427,1,2026-06-13 15:33:20,0.1340080971659919,0
1890,0422,1,2026-06-13 15:33:30,0.2900809716599190,0
1891,0427,1,2026-06-13 15:33:30,0.1340080971659919,0
1892,0422,1,2026-06-13 15:33:40,0.2900809716599190,0
1893,0427,1,2026-06-13 15:33:40,0.1340080971659919,0
1894,0422,1,2026-06-13 15:33:50,0.2900809716599190,0
1895,0427,1,2026-06-13 15:33:50,0.1340080971659919,0
1896,0427,1,2026-06-13 15:34:00,0.1340080971659919,0
1897,0427,1,2026-06-13 15:34:10,0.1340080971659919,0
1898,0130,1,2026-06-13 15:36:20,0.0629554655870445,0
1899,0130,1,2026-06-13 15:36:30,0.0629554655870445,0
1900,0130,1,2026-06-13 15:36:40,0.0629554655870445,0
1901,0130,1,2026-06-13 15:36:50,0.0629554655870445,0
1902,0130,1,2026-06-13 15:37:00,0.0629554655870445,0
1903,0103,1,2026-06-13 15:37:10,1.0000000000000000,0
1904,0130,1,2026-06-13 15:37:10,0.0629554655870445,0
1905,0103,1,2026-06-13 15:37:20,1.0000000000000000,1
1906,0130,1,2026-06-13 15:37:20,0.0629554655870445,0
1907,0103,1,2026-06-13 15:37:30,1.0000000000000000,0
1908,0130,1,2026-06-13 15:37:30,0.0629554655870445,0
1909,0103,1,2026-06-13 15:37:40,1.0000000000000000,0
1910,0130,1,2026-06-13 15:37:40,0.0629554655870445,0
1911,0103,1,2026-06-13 15:37:50,1.0000000000000000,0
1912,0130,1,2026-06-13 15:37:50,0.0629554655870445,0
1913,0103,1,2026-06-13 15:38:00,1.0000000000000000,0
1914,0130,1,2026-06-13 15:38:00,0.0629554655870445,0
1915,0103,1,2026-06-13 15:38:10,1.0000000000000000,0
1916,0130,1,2026-06-13 15:38:10,0.0629554655870445,0
1917,0010,1,2026-06-13 15:38:20,0.2900809716599190,0
1918,0103,1,2026-06-13 15:38:20,1.0000000000000000,0
1919,0010,1,2026-06-13 15:38:30,0.2900809716599190,0
1920,0103,1,2026-06-13 15:38:30,1.0000000000000000,0
1921,0010,1,2026-06-13 15:38:40,0.2900809716599190,0
1922,0103,1,2026-06-13 15:38:40,1.0000000000000000,0
1923,0010,1,2026-06-13 15:38:50,0.2900809716599190,0
1924,0103,1,2026-06-13 15:38:50,1.0000000000000000,0
1925,0010,1,2026-06-13 15:39:00,0.2900809716599190,0
1926,0010,1,2026-06-13 15:39:10,0.2900809716599190,0
1927,0466,1,2026-06-13 16:45:50,0.6645748987854251,0
1928,0466,1,2026-06-13 16:46:00,0.6645748987854251,0
1929,0059,1,2026-06-13 16:46:10,0.8038461538461539,1
1930,0466,1,2026-06-13 16:46:10,0.6645748987854251,0
1931,0059,1,2026-06-13 16:46:20,0.8038461538461539,0
1932,0466,1,2026-06-13 16:46:20,0.6645748987854251,0
1933,0059,1,2026-06-13 16:46:30,0.8038461538461539,0
1934,0466,1,2026-06-13 16:46:30,0.6645748987854251,0
1935,0059,1,2026-06-13 16:46:40,0.8038461538461539,0
1936,0466,1,2026-06-13 16:46:40,0.6645748987854251,0
1937,0466,1,2026-06-13 16:46:50,0.6645748987854251,0
1938,0466,1,2026-06-13 16:47:00,0.6645748987854251,0
1939,0466,1,2026-06-13 16:47:10,0.6645748987854251,0
1940,0466,1,2026-06-13 16:47:20,0.6645748987854251,0
1941,0466,1,2026-06-13 16:47:30,0.6645748987854251,0
1942,0466,1,2026-06-13 16:47:40,0.6645748987854251,0
1943,0263,1,2026-06-13 17:08:00,0.2900809716599190,0
1944,0263,1,2026-06-13 17:08:10,0.2900809716599190,0
1945,0333,1,2026-06-13 17:08:10,0.6115384615384616,0
1946,0263,1,2026-06-13 17:08:20,0.2900809716599190,0
1947,0333,1,2026-06-13 17:08:20,0.6115384615384616,0
1948,0263,1,2026-06-13 17:08:30,0.2900809716599190,0
1949,0333,1,2026-06-13 17:08:30,0.6115384615384616,0
1950,0263,1,2026-06-13 17:08:40,0.2900809716599190,0
1951,0333,1,2026-06-13 17:08:40,0.6115384615384616,0
1952,0263,1,2026-06-13 17:08:50,0.2900809716599190,0
1953,0333,1,2026-06-13 17:08:50,0.6115384615384616,0
1954,0263,1,2026-06-13 17:09:00,0.2900809716599190,0
1955,0333,1,2026-06-13 17:09:00,0.6115384615384616,0
1956,0263,1,2026-06-13 17:09:10,0.2900809716599190,0
1957,0333,1,2026-06-13 17:09:10,0.6115384615384616,0
1958,0263,1,2026-06-13 17:09:20,0.2900809716599190,0
1959,0333,1,2026-06-13 17:09:20,0.6115384615384616,0
1960,0263,1,2026-06-13 17:09:30,0.2900809716599190,0
1961,0333,1,2026-06-13 17:09:30,0.6115384615384616,0
1962,0263,1,2026-06-13 17:09:40,0.2900809716599190,0
1963,0333,1,2026-06-13 17:09:40,0.6115384615384616,0
1964,0263,1,2026-06-13 17:09:50,0.2900809716599190,0
1965,0333,1,2026-06-13 17:09:50,0.6115384615384616,1
1966,0333,1,2026-06-13 17:10:00,0.6115384615384616,1
1967,0288,1,2026-06-13 17:11:00,0.6645748987854251,0
1968,0288,1,2026-06-13 17:11:10,0.6645748987854251,1
1969,0288,1,2026-06-13 17:11:20,0.6645748987854251,0
1970,0075,1,2026-06-13 17:11:50,0.9289473684210526,0
1971,0283,1,2026-06-13 17:11:50,0.8038461538461539,0
1972,0283,1,2026-06-13 17:11:50,0.8038461538461539,0
1973,0075,1,2026-06-13 17:12:00,0.9289473684210526,0
1974,0283,1,2026-06-13 17:12:00,0.8038461538461539,0
1975,0075,1,2026-06-13 17:12:10,0.9289473684210526,0
1976,0283,1,2026-06-13 17:12:10,0.8038461538461539,0
1977,0075,1,2026-06-13 17:12:20,0.9289473684210526,0
1978,0283,1,2026-06-13 17:12:20,0.8038461538461539,0
1979,0283,1,2026-06-13 17:12:20,0.8038461538461539,0
1980,0075,1,2026-06-13 17:12:30,0.9289473684210526,0
1981,0283,1,2026-06-13 17:12:30,0.8038461538461539,0
1982,0283,1,2026-06-13 17:12:30,0.8038461538461539,0
1983,0075,1,2026-06-13 17:12:40,0.9289473684210526,0
1984,0283,1,2026-06-13 17:12:40,0.8038461538461539,0
1985,0283,1,2026-06-13 17:12:40,0.8038461538461539,0
1986,0075,1,2026-06-13 17:12:50,0.9289473684210526,0
1987,0283,1,2026-06-13 17:12:50,0.8038461538461539,0
1988,0075,1,2026-06-13 17:13:00,0.9289473684210526,1
1989,0283,1,2026-06-13 17:13:00,0.8038461538461539,0
1990,0075,1,2026-06-13 17:13:10,0.9289473684210526,0
1991,0283,1,2026-06-13 17:13:10,0.8038461538461539,0
1992,0075,1,2026-06-13 17:13:20,0.9289473684210526,0
1993,0075,1,2026-06-13 17:13:30,0.9289473684210526,0
1994,0018,1,2026-06-13 18:25:50,0.6115384615384616,0
1995,0018,1,2026-06-13 18:26:00,0.6115384615384616,0
1996,0018,1,2026-06-13 18:26:10,0.6115384615384616,0
1997,0018,1,2026-06-13 18:26:20,0.6115384615384616,0
1998,0018,1,2026-06-13 18:26:30,0.6115384615384616,0
1999,0018,1,2026-06-13 18:26:40,0.6115384615384616,0
2000,0018,1,2026-06-13 18:26:50,0.6115384615384616,0
2001,0018,1,2026-06-13 18:27:00,0.6115384615384616,0
2002,0018,1,2026-06-13 18:27:10,0.6115384615384616,0
2003,0018,1,2026-06-13 18:27:20,0.6115384615384616,0
2004,0018,1,2026-06-13 18:27:30,0.6115384615384616,0
2005,0018,1,2026-06-13 18:27:40,0.6115384615384616,0
2006,0284,1,2026-06-13 18:45:00,0.9289473684210526,0
2007,0284,1,2026-06-13 18:45:10,0.9289473684210526,0
2008,0284,1,2026-06-13 18:45:20,0.9289473684210526,0
2009,0284,1,2026-06-13 18:45:30,0.9289473684210526,0
2010,0284,1,2026-06-13 18:45:40,0.9289473684210526,0
2011,0362,1,2026-06-13 18:45:50,0.8038461538461539,0
2012,0362,1,2026-06-13 18:46:00,0.8038461538461539,0
2013,0362,1,2026-06-13 18:46:10,0.8038461538461539,0
2014,0362,1,2026-06-13 18:46:20,0.8038461538461539,0
2015,0396,1,2026-06-14 01:18:50,0.9289473684210526,0
2016,0396,1,2026-06-14 01:18:50,0.9289473684210526,0
2017,0396,1,2026-06-14 01:19:00,0.9289473684210526,0
2018,0396,1,2026-06-14 01:19:00,0.9289473684210526,0
2019,0396,1,2026-06-14 01:19:00,0.9289473684210526,0
2020,0396,1,2026-06-14 01:19:10,0.9289473684210526,0
2021,0396,1,2026-06-14 01:19:10,0.9289473684210526,0
2022,0396,1,2026-06-14 01:19:10,0.9289473684210526,0
2023,0396,1,2026-06-14 01:19:20,0.9289473684210526,0
2024,0396,1,2026-06-14 01:19:20,0.9289473684210526,0
2025,0396,1,2026-06-14 01:19:20,0.9289473684210526,0
2026,0396,1,2026-06-14 01:19:20,0.9289473684210526,0
2027,0396,1,2026-06-14 01:19:20,0.9289473684210526,0
2028,0396,1,2026-06-14 01:19:20,0.9289473684210526,0
2029,0396,1,2026-06-14 01:19:30,0.9289473684210526,0
2030,0396,1,2026-06-14 01:19:30,0.9289473684210526,0
2031,0396,1,2026-06-14 01:19:30,0.9289473684210526,0
2032,0396,1,2026-06-14 01:19:30,0.9289473684210526,0
2033,0396,1,2026-06-14 01:19:30,0.9289473684210526,0
2034,0396,1,2026-06-14 01:19:30,0.9289473684210526,0
2035,0396,1,2026-06-14 01:19:40,0.9289473684210526,0
2036,0396,1,2026-06-14 01:19:40,0.9289473684210526,0
2037,0396,1,2026-06-14 01:19:40,0.9289473684210526,0
2038,0396,1,2026-06-14 01:19:40,0.9289473684210526,0
2039,0396,1,2026-06-14 01:19:40,0.9289473684210526,0
2040,0396,1,2026-06-14 01:19:40,0.9289473684210526,0
2041,0396,1,2026-06-14 01:19:50,0.9289473684210526,0
2042,0396,1,2026-06-14 01:19:50,0.9289473684210526,0
2043,0396,1,2026-06-14 01:19:50,0.9289473684210526,0
2044,0396,1,2026-06-14 01:19:50,0.9289473684210526,0
2045,0396,1,2026-06-14 01:19:50,0.9289473684210526,0
2046,0396,1,2026-06-14 01:20:00,0.9289473684210526,0
2047,0396,1,2026-06-14 01:20:00,0.9289473684210526,0
2048,0396,1,2026-06-14 01:20:00,0.9289473684210526,0
2049,0396,1,2026-06-14 01:20:00,0.9289473684210526,0
2050,0396,1,2026-06-14 01:20:00,0.9289473684210526,0
2051,0396,1,2026-06-14 01:20:00,0.9289473684210526,1
2052,0396,1,2026-06-14 01:20:10,0.9289473684210526,0
2053,0396,1,2026-06-14 01:20:10,0.9289473684210526,0
2054,0396,1,2026-06-14 01:20:10,0.9289473684210526,0
2055,0396,1,2026-06-14 01:20:10,0.9289473684210526,0
2056,0396,1,2026-06-14 01:20:10,0.9289473684210526,0
2057,0396,1,2026-06-14 01:20:10,0.9289473684210526,0
2058,0396,1,2026-06-14 01:20:20,0.9289473684210526,0
2059,0396,1,2026-06-14 01:20:20,0.9289473684210526,0
2060,0396,1,2026-06-14 01:20:20,0.9289473684210526,0
2061,0396,1,2026-06-14 01:20:20,0.9289473684210526,0
2062,0396,1,2026-06-14 01:20:20,0.9289473684210526,0
2063,0396,1,2026-06-14 01:20:30,0.9289473684210526,0
2064,0396,1,2026-06-14 01:20:30,0.9289473684210526,0
2065,0396,1,2026-06-14 01:20:30,0.9289473684210526,0
2066,0396,1,2026-06-14 01:20:30,0.9289473684210526,0
2067,0396,1,2026-06-14 01:20:30,0.9289473684210526,1
2068,0396,1,2026-06-14 01:20:40,0.9289473684210526,0
2069,0396,1,2026-06-14 01:20:40,0.9289473684210526,0
2070,0396,1,2026-06-14 01:20:40,0.9289473684210526,0
2071,0396,1,2026-06-14 01:20:40,0.9289473684210526,0
2072,0468,1,2026-06-14 01:21:00,0.1987854251012146,0
2073,0468,1,2026-06-14 01:21:10,0.1987854251012146,0
2074,0292,1,2026-06-14 01:21:20,0.1987854251012146,0
2075,0468,1,2026-06-14 01:21:20,0.1987854251012146,0
2076,0292,1,2026-06-14 01:21:30,0.1987854251012146,0
2077,0468,1,2026-06-14 01:21:30,0.1987854251012146,0
2078,0292,1,2026-06-14 01:21:40,0.1987854251012146,0
2079,0468,1,2026-06-14 01:21:40,0.1987854251012146,1
2080,0292,1,2026-06-14 01:21:50,0.1987854251012146,0
2081,0468,1,2026-06-14 01:21:50,0.1987854251012146,0
2082,0292,1,2026-06-14 01:22:00,0.1987854251012146,0
2083,0468,1,2026-06-14 01:22:00,0.1987854251012146,0
2084,0292,1,2026-06-14 01:22:10,0.1987854251012146,0
2085,0292,1,2026-06-14 01:22:20,0.1987854251012146,1
2086,0292,1,2026-06-14 01:22:30,0.1987854251012146,0
2087,0025,1,2026-06-14 01:22:40,0.5303643724696356,0
2088,0038,1,2026-06-14 01:22:40,0.0629554655870445,0
2089,0112,1,2026-06-14 01:22:40,0.7000000000000000,1
2090,0292,1,2026-06-14 01:22:40,0.1987854251012146,0
2091,0025,1,2026-06-14 01:22:50,0.5303643724696356,0
2092,0038,1,2026-06-14 01:22:50,0.0629554655870445,0
2093,0112,1,2026-06-14 01:22:50,0.7000000000000000,1
2094,0189,1,2026-06-14 01:22:50,1.0000000000000000,0
2095,0201,1,2026-06-14 01:22:50,0.4665991902834008,0
2096,0257,1,2026-06-14 01:22:50,0.9289473684210526,0
2097,0292,1,2026-06-14 01:22:50,0.1987854251012146,0
2098,0315,1,2026-06-14 01:22:50,0.4665991902834008,0
2099,0025,1,2026-06-14 01:23:00,0.5303643724696356,1
2100,0038,1,2026-06-14 01:23:00,0.0629554655870445,0
2101,0112,1,2026-06-14 01:23:00,0.7000000000000000,0
2102,0189,1,2026-06-14 01:23:00,1.0000000000000000,0
2103,0201,1,2026-06-14 01:23:00,0.4665991902834008,0
2104,0257,1,2026-06-14 01:23:00,0.9289473684210526,0
2105,0257,1,2026-06-14 01:23:00,0.9289473684210526,0
2106,0315,1,2026-06-14 01:23:00,0.4665991902834008,0
2107,007,1,2026-06-14 01:23:10,0.5303643724696356,0
2108,0025,1,2026-06-14 01:23:10,0.5303643724696356,0
2109,0038,1,2026-06-14 01:23:10,0.0629554655870445,0
2110,0112,1,2026-06-14 01:23:10,0.7000000000000000,0
2111,0189,1,2026-06-14 01:23:10,1.0000000000000000,0
2112,0201,1,2026-06-14 01:23:10,0.4665991902834008,1
2113,0231,1,2026-06-14 01:23:10,0.4665991902834008,0
2114,0257,1,2026-06-14 01:23:10,0.9289473684210526,0
2115,0257,1,2026-06-14 01:23:10,0.9289473684210526,0
2116,0257,1,2026-06-14 01:23:10,0.9289473684210526,0
2117,0315,1,2026-06-14 01:23:10,0.4665991902834008,0
2118,007,1,2026-06-14 01:23:20,0.5303643724696356,0
2119,0025,1,2026-06-14 01:23:20,0.5303643724696356,0
2120,0038,1,2026-06-14 01:23:20,0.0629554655870445,0
2121,0112,1,2026-06-14 01:23:20,0.7000000000000000,0
2122,0189,1,2026-06-14 01:23:20,1.0000000000000000,0
2123,0201,1,2026-06-14 01:23:20,0.4665991902834008,0
2124,0231,1,2026-06-14 01:23:20,0.4665991902834008,1
2125,0257,1,2026-06-14 01:23:20,0.9289473684210526,0
2126,0257,1,2026-06-14 01:23:20,0.9289473684210526,0
2127,0257,1,2026-06-14 01:23:20,0.9289473684210526,0
2128,0257,1,2026-06-14 01:23:20,0.9289473684210526,0
2129,0257,1,2026-06-14 01:23:20,0.9289473684210526,0
2130,0308,1,2026-06-14 01:23:20,0.2900809716599190,0
2131,0315,1,2026-06-14 01:23:20,0.4665991902834008,0
2132,007,1,2026-06-14 01:23:30,0.5303643724696356,0
2133,0025,1,2026-06-14 01:23:30,0.5303643724696356,0
2134,0038,1,2026-06-14 01:23:30,0.0629554655870445,0
2135,0112,1,2026-06-14 01:23:30,0.7000000000000000,0
2136,0189,1,2026-06-14 01:23:30,1.0000000000000000,0
2137,0201,1,2026-06-14 01:23:30,0.4665991902834008,0
2138,0231,1,2026-06-14 01:23:30,0.4665991902834008,0
2139,0257,1,2026-06-14 01:23:30,0.9289473684210526,0
2140,0257,1,2026-06-14 01:23:30,0.9289473684210526,0
2141,0257,1,2026-06-14 01:23:30,0.9289473684210526,0
2142,0257,1,2026-06-14 01:23:30,0.9289473684210526,0
2143,0257,1,2026-06-14 01:23:30,0.9289473684210526,0
2144,0308,1,2026-06-14 01:23:30,0.2900809716599190,0
2145,0315,1,2026-06-14 01:23:30,0.4665991902834008,1
2146,007,1,2026-06-14 01:23:40,0.5303643724696356,0
2147,0025,1,2026-06-14 01:23:40,0.5303643724696356,0
2148,0038,1,2026-06-14 01:23:40,0.0629554655870445,0
2149,0189,1,2026-06-14 01:23:40,1.0000000000000000,0
2150,0201,1,2026-06-14 01:23:40,0.4665991902834008,0
2151,0231,1,2026-06-14 01:23:40,0.4665991902834008,0
2152,0257,1,2026-06-14 01:23:40,0.9289473684210526,0
2153,0257,1,2026-06-14 01:23:40,0.9289473684210526,0
2154,0257,1,2026-06-14 01:23:40,0.9289473684210526,0
2155,0257,1,2026-06-14 01:23:40,0.9289473684210526,0
2156,0257,1,2026-06-14 01:23:40,0.9289473684210526,0
2157,0308,1,2026-06-14 01:23:40,0.2900809716599190,0
2158,0315,1,2026-06-14 01:23:40,0.4665991902834008,1
2159,007,1,2026-06-14 01:23:50,0.5303643724696356,0
2160,0025,1,2026-06-14 01:23:50,0.5303643724696356,0
2161,0038,1,2026-06-14 01:23:50,0.0629554655870445,0
2162,0189,1,2026-06-14 01:23:50,1.0000000000000000,0
2163,0201,1,2026-06-14 01:23:50,0.4665991902834008,0
2164,0231,1,2026-06-14 01:23:50,0.4665991902834008,0
2165,0257,1,2026-06-14 01:23:50,0.9289473684210526,0
2166,0257,1,2026-06-14 01:23:50,0.9289473684210526,0
2167,0257,1,2026-06-14 01:23:50,0.9289473684210526,0
2168,0257,1,2026-06-14 01:23:50,0.9289473684210526,0
2169,0257,1,2026-06-14 01:23:50,0.9289473684210526,0
2170,0308,1,2026-06-14 01:23:50,0.2900809716599190,0
2171,0315,1,2026-06-14 01:23:50,0.4665991902834008,0
2172,007,1,2026-06-14 01:24:00,0.5303643724696356,0
2173,0038,1,2026-06-14 01:24:00,0.0629554655870445,0
2174,0189,1,2026-06-14 01:24:00,1.0000000000000000,0
2175,0201,1,2026-06-14 01:24:00,0.4665991902834008,0
2176,0231,1,2026-06-14 01:24:00,0.4665991902834008,0
2177,0257,1,2026-06-14 01:24:00,0.9289473684210526,0
2178,0257,1,2026-06-14 01:24:00,0.9289473684210526,0
2179,0257,1,2026-06-14 01:24:00,0.9289473684210526,0
2180,0257,1,2026-06-14 01:24:00,0.9289473684210526,0
2181,0257,1,2026-06-14 01:24:00,0.9289473684210526,1
2182,0308,1,2026-06-14 01:24:00,0.2900809716599190,0
2183,0315,1,2026-06-14 01:24:00,0.4665991902834008,0
2184,007,1,2026-06-14 01:24:10,0.5303643724696356,0
2185,0038,1,2026-06-14 01:24:10,0.0629554655870445,0
2186,0189,1,2026-06-14 01:24:10,1.0000000000000000,0
2187,0231,1,2026-06-14 01:24:10,0.4665991902834008,0
2188,0257,1,2026-06-14 01:24:10,0.9289473684210526,0
2189,0257,1,2026-06-14 01:24:10,0.9289473684210526,0
2190,0257,1,2026-06-14 01:24:10,0.9289473684210526,0
2191,0308,1,2026-06-14 01:24:10,0.2900809716599190,1
2192,0315,1,2026-06-14 01:24:10,0.4665991902834008,0
2193,007,1,2026-06-14 01:24:20,0.5303643724696356,0
2194,0038,1,2026-06-14 01:24:20,0.0629554655870445,0
2195,0189,1,2026-06-14 01:24:20,1.0000000000000000,0
2196,0257,1,2026-06-14 01:24:20,0.9289473684210526,0
2197,0257,1,2026-06-14 01:24:20,0.9289473684210526,0
2198,0308,1,2026-06-14 01:24:20,0.2900809716599190,0
2199,007,1,2026-06-14 01:24:30,0.5303643724696356,0
2200,0189,1,2026-06-14 01:24:30,1.0000000000000000,0
2201,0257,1,2026-06-14 01:24:30,0.9289473684210526,1
2202,007,1,2026-06-14 01:24:40,0.5303643724696356,0
2203,0189,1,2026-06-14 01:24:40,1.0000000000000000,0
2204,0137,1,2026-06-14 01:30:00,0.6645748987854251,0
2205,0137,1,2026-06-14 01:30:10,0.6645748987854251,0
2206,0137,1,2026-06-14 01:30:20,0.6645748987854251,0
2207,0137,1,2026-06-14 01:30:30,0.6645748987854251,0
2208,0137,1,2026-06-14 01:30:40,0.6645748987854251,0
2209,0137,1,2026-06-14 01:30:50,0.6645748987854251,0
2210,0137,1,2026-06-14 01:31:00,0.6645748987854251,0
2211,0137,1,2026-06-14 01:31:10,0.6645748987854251,0
2212,0137,1,2026-06-14 01:31:20,0.6645748987854251,1
2213,0137,1,2026-06-14 01:31:30,0.6645748987854251,1
2214,0137,1,2026-06-14 01:31:40,0.6645748987854251,0
2215,0180,1,2026-06-14 01:32:10,0.6115384615384616,0
2216,0180,1,2026-06-14 01:32:20,0.6115384615384616,0
2217,0180,1,2026-06-14 01:32:30,0.6115384615384616,0
2218,0180,1,2026-06-14 01:32:40,0.6115384615384616,0
2219,0180,1,2026-06-14 01:32:50,0.6115384615384616,0
2220,0180,1,2026-06-14 01:33:00,0.6115384615384616,0
2221,0180,1,2026-06-14 01:33:10,0.6115384615384616,0
2222,0180,1,2026-06-14 01:33:20,0.6115384615384616,0
2223,0180,1,2026-06-14 01:33:30,0.6115384615384616,0
2224,0180,1,2026-06-14 01:33:40,0.6115384615384616,0
2225,0180,1,2026-06-14 01:33:50,0.6115384615384616,0
2226,0410,1,2026-06-14 02:59:40,0.9289473684210526,0
2227,0410,1,2026-06-14 02:59:40,0.9289473684210526,0
2228,0410,1,2026-06-14 02:59:40,0.9289473684210526,0
2229,0410,1,2026-06-14 02:59:40,0.9289473684210526,1
2230,0410,1,2026-06-14 02:59:40,0.9289473684210526,0
2231,0410,1,2026-06-14 02:59:50,0.9289473684210526,0
2232,0410,1,2026-06-14 02:59:50,0.9289473684210526,0
2233,0410,1,2026-06-14 02:59:50,0.9289473684210526,0
2234,0410,1,2026-06-14 02:59:50,0.9289473684210526,1
2235,0410,1,2026-06-14 02:59:50,0.9289473684210526,0
2236,0410,1,2026-06-14 03:00:00,0.9289473684210526,0
2237,0410,1,2026-06-14 03:00:00,0.9289473684210526,0
2238,0410,1,2026-06-14 03:00:00,0.9289473684210526,0
2239,0410,1,2026-06-14 03:00:00,0.9289473684210526,0
2240,0410,1,2026-06-14 03:00:00,0.9289473684210526,0
2241,0346,1,2026-06-14 03:00:10,0.3402834008097166,1
2242,0410,1,2026-06-14 03:00:10,0.9289473684210526,0
2243,0410,1,2026-06-14 03:00:10,0.9289473684210526,0
2244,0410,1,2026-06-14 03:00:10,0.9289473684210526,0
2245,0410,1,2026-06-14 03:00:10,0.9289473684210526,0
2246,0410,1,2026-06-14 03:00:10,0.9289473684210526,0
2247,0346,1,2026-06-14 03:00:20,0.3402834008097166,0
2248,0410,1,2026-06-14 03:00:20,0.9289473684210526,0
2249,0410,1,2026-06-14 03:00:20,0.9289473684210526,0
2250,0410,1,2026-06-14 03:00:20,0.9289473684210526,0
2251,0410,1,2026-06-14 03:00:20,0.9289473684210526,0
2252,0410,1,2026-06-14 03:00:20,0.9289473684210526,0
2253,0346,1,2026-06-14 03:00:30,0.3402834008097166,0
2254,0410,1,2026-06-14 03:00:30,0.9289473684210526,0
2255,0410,1,2026-06-14 03:00:30,0.9289473684210526,0
2256,0410,1,2026-06-14 03:00:30,0.9289473684210526,0
2257,0410,1,2026-06-14 03:00:30,0.9289473684210526,0
2258,0410,1,2026-06-14 03:00:30,0.9289473684210526,0
2259,0346,1,2026-06-14 03:00:40,0.3402834008097166,1
2260,0410,1,2026-06-14 03:00:40,0.9289473684210526,0
2261,0410,1,2026-06-14 03:00:40,0.9289473684210526,0
2262,0410,1,2026-06-14 03:00:40,0.9289473684210526,0
2263,0410,1,2026-06-14 03:00:40,0.9289473684210526,0
2264,0410,1,2026-06-14 03:00:40,0.9289473684210526,0
2265,0346,1,2026-06-14 03:00:50,0.3402834008097166,0
2266,0410,1,2026-06-14 03:00:50,0.9289473684210526,0
2267,0410,1,2026-06-14 03:00:50,0.9289473684210526,0
2268,0410,1,2026-06-14 03:00:50,0.9289473684210526,0
2269,0410,1,2026-06-14 03:00:50,0.9289473684210526,0
2270,0346,1,2026-06-14 03:01:00,0.3402834008097166,0
2271,0410,1,2026-06-14 03:01:00,0.9289473684210526,0
2272,0410,1,2026-06-14 03:01:00,0.9289473684210526,0
2273,0410,1,2026-06-14 03:01:00,0.9289473684210526,0
2274,0410,1,2026-06-14 03:01:00,0.9289473684210526,0
2275,0346,1,2026-06-14 03:01:10,0.3402834008097166,0
2276,0410,1,2026-06-14 03:01:10,0.9289473684210526,0
2277,0410,1,2026-06-14 03:01:10,0.9289473684210526,0
2278,0410,1,2026-06-14 03:01:10,0.9289473684210526,0
2279,0410,1,2026-06-14 03:01:10,0.9289473684210526,0
2280,0410,1,2026-06-14 03:01:10,0.9289473684210526,0
2281,0266,1,2026-06-14 03:01:20,0.2900809716599190,0
2282,0346,1,2026-06-14 03:01:20,0.3402834008097166,0
2283,0266,1,2026-06-14 03:01:30,0.2900809716599190,0
2284,0346,1,2026-06-14 03:01:30,0.3402834008097166,0
2285,0450,1,2026-06-14 03:01:30,0.1987854251012146,0
2286,0266,1,2026-06-14 03:01:40,0.2900809716599190,0
2287,0346,1,2026-06-14 03:01:40,0.3402834008097166,0
2288,0349,1,2026-06-14 03:01:40,0.6115384615384616,1
2289,0450,1,2026-06-14 03:01:40,0.1987854251012146,0
2290,0266,1,2026-06-14 03:01:50,0.2900809716599190,0
2291,0346,1,2026-06-14 03:01:50,0.3402834008097166,0
2292,0349,1,2026-06-14 03:01:50,0.6115384615384616,0
2293,0434,1,2026-06-14 03:01:50,0.1340080971659919,0
2294,0450,1,2026-06-14 03:01:50,0.1987854251012146,0
2295,0266,1,2026-06-14 03:02:00,0.2900809716599190,0
2296,0346,1,2026-06-14 03:02:00,0.3402834008097166,0
2297,0349,1,2026-06-14 03:02:00,0.6115384615384616,0
2298,0434,1,2026-06-14 03:02:00,0.1340080971659919,0
2299,0450,1,2026-06-14 03:02:00,0.1987854251012146,0
2300,0266,1,2026-06-14 03:02:10,0.2900809716599190,0
2301,0349,1,2026-06-14 03:02:10,0.6115384615384616,0
2302,0434,1,2026-06-14 03:02:10,0.1340080971659919,0
2303,0450,1,2026-06-14 03:02:10,0.1987854251012146,0
2304,0124,1,2026-06-14 03:02:20,0.4665991902834008,0
2305,0266,1,2026-06-14 03:02:20,0.2900809716599190,0
2306,0349,1,2026-06-14 03:02:20,0.6115384615384616,0
2307,0434,1,2026-06-14 03:02:20,0.1340080971659919,0
2308,0450,1,2026-06-14 03:02:20,0.1987854251012146,0
2309,0124,1,2026-06-14 03:02:30,0.4665991902834008,0
2310,0266,1,2026-06-14 03:02:30,0.2900809716599190,0
2311,0349,1,2026-06-14 03:02:30,0.6115384615384616,0
2312,0434,1,2026-06-14 03:02:30,0.1340080971659919,0
2313,0450,1,2026-06-14 03:02:30,0.1987854251012146,0
2314,0124,1,2026-06-14 03:02:40,0.4665991902834008,0
2315,0266,1,2026-06-14 03:02:40,0.2900809716599190,0
2316,0434,1,2026-06-14 03:02:40,0.1340080971659919,0
2317,0450,1,2026-06-14 03:02:40,0.1987854251012146,0
2318,0124,1,2026-06-14 03:02:50,0.4665991902834008,0
2319,0266,1,2026-06-14 03:02:50,0.2900809716599190,0
2320,0278,1,2026-06-14 03:02:50,0.6115384615384616,0
2321,0434,1,2026-06-14 03:02:50,0.1340080971659919,0
2322,0450,1,2026-06-14 03:02:50,0.1987854251012146,0
2323,0124,1,2026-06-14 03:03:00,0.4665991902834008,0
2324,0278,1,2026-06-14 03:03:00,0.6115384615384616,0
2325,0434,1,2026-06-14 03:03:00,0.1340080971659919,0
2326,0124,1,2026-06-14 03:03:10,0.4665991902834008,0
2327,0278,1,2026-06-14 03:03:10,0.6115384615384616,0
2328,0434,1,2026-06-14 03:03:10,0.1340080971659919,0
2329,0033,1,2026-06-14 03:03:20,0.9289473684210526,0
2330,0124,1,2026-06-14 03:03:20,0.4665991902834008,0
2331,0278,1,2026-06-14 03:03:20,0.6115384615384616,0
2332,0434,1,2026-06-14 03:03:20,0.1340080971659919,1
2333,0033,1,2026-06-14 03:03:30,0.9289473684210526,0
2334,0124,1,2026-06-14 03:03:30,0.4665991902834008,0
2335,0278,1,2026-06-14 03:03:30,0.6115384615384616,0
2336,0434,1,2026-06-14 03:03:30,0.1340080971659919,0
2337,0443,1,2026-06-14 03:03:30,0.4665991902834008,0
2338,0033,1,2026-06-14 03:03:40,0.9289473684210526,0
2339,0124,1,2026-06-14 03:03:40,0.4665991902834008,1
2340,0278,1,2026-06-14 03:03:40,0.6115384615384616,0
2341,0443,1,2026-06-14 03:03:40,0.4665991902834008,0
2342,0033,1,2026-06-14 03:03:50,0.9289473684210526,0
2343,0124,1,2026-06-14 03:03:50,0.4665991902834008,0
2344,0278,1,2026-06-14 03:03:50,0.6115384615384616,0
2345,0443,1,2026-06-14 03:03:50,0.4665991902834008,0
2346,0033,1,2026-06-14 03:04:00,0.9289473684210526,0
2347,0124,1,2026-06-14 03:04:00,0.4665991902834008,0
2348,0278,1,2026-06-14 03:04:00,0.6115384615384616,0
2349,0443,1,2026-06-14 03:04:00,0.4665991902834008,0
2350,0033,1,2026-06-14 03:04:10,0.9289473684210526,0
2351,0124,1,2026-06-14 03:04:10,0.4665991902834008,0
2352,0278,1,2026-06-14 03:04:10,0.6115384615384616,0
2353,0443,1,2026-06-14 03:04:10,0.4665991902834008,0
2354,0033,1,2026-06-14 03:04:20,0.9289473684210526,0
2355,0278,1,2026-06-14 03:04:20,0.6115384615384616,0
2356,0443,1,2026-06-14 03:04:20,0.4665991902834008,0
2357,0456,1,2026-06-14 03:04:20,1.0000000000000000,0
2358,0033,1,2026-06-14 03:04:30,0.9289473684210526,0
2359,0278,1,2026-06-14 03:04:30,0.6115384615384616,0
2360,0456,1,2026-06-14 03:04:30,1.0000000000000000,0
2361,0278,1,2026-06-14 03:04:40,0.6115384615384616,0
2362,0456,1,2026-06-14 03:04:40,1.0000000000000000,0
2363,0456,1,2026-06-14 03:04:50,1.0000000000000000,0
2364,0456,1,2026-06-14 03:04:50,1.0000000000000000,0
2365,0456,1,2026-06-14 03:05:00,1.0000000000000000,0
2366,0456,1,2026-06-14 03:05:00,1.0000000000000000,0
2367,0456,1,2026-06-14 03:05:10,1.0000000000000000,0
2368,0456,1,2026-06-14 03:05:10,1.0000000000000000,1
2369,0456,1,2026-06-14 03:05:20,1.0000000000000000,0
2370,0456,1,2026-06-14 03:05:30,1.0000000000000000,0
2371,0456,1,2026-06-14 03:05:40,1.0000000000000000,1
2372,0161,1,2026-06-14 03:06:10,0.1987854251012146,1
2373,0161,1,2026-06-14 03:06:20,0.1987854251012146,0
2374,0161,1,2026-06-14 03:06:30,0.1987854251012146,0
2375,0161,1,2026-06-14 03:06:40,0.1987854251012146,0
2376,0161,1,2026-06-14 03:06:50,0.1987854251012146,0
2377,0161,1,2026-06-14 03:07:00,0.1987854251012146,0
2378,0161,1,2026-06-14 03:07:10,0.1987854251012146,0
2379,0161,1,2026-06-14 03:07:20,0.1987854251012146,0
2380,0161,1,2026-06-14 03:07:30,0.1987854251012146,0
2381,0161,1,2026-06-14 03:07:40,0.1987854251012146,0
2382,0161,1,2026-06-14 03:07:50,0.1987854251012146,0
2383,0170,1,2026-06-14 03:09:50,0.6645748987854251,0
2384,0170,1,2026-06-14 03:10:00,0.6645748987854251,0
2385,0170,1,2026-06-14 03:10:10,0.6645748987854251,0
2386,0170,1,2026-06-14 03:10:20,0.6645748987854251,0
2387,0170,1,2026-06-14 03:10:30,0.6645748987854251,0
2388,0170,1,2026-06-14 03:10:40,0.6645748987854251,0
2389,0170,1,2026-06-14 03:10:50,0.6645748987854251,0
2390,0170,1,2026-06-14 03:11:00,0.6645748987854251,0
2391,0170,1,2026-06-14 03:11:10,0.6645748987854251,0
2392,0170,1,2026-06-14 03:11:20,0.6645748987854251,0
2393,0170,1,2026-06-14 03:11:30,0.6645748987854251,0
2394,0170,1,2026-06-14 03:11:40,0.6645748987854251,0
2395,0133,1,2026-06-14 04:33:50,0.1340080971659919,0
2396,0133,1,2026-06-14 04:34:00,0.1340080971659919,0
2397,0079,1,2026-06-14 04:34:10,0.4665991902834008,0
2398,0133,1,2026-06-14 04:34:10,0.1340080971659919,0
2399,0079,1,2026-06-14 04:34:20,0.4665991902834008,0
2400,0133,1,2026-06-14 04:34:20,0.1340080971659919,0
2401,0079,1,2026-06-14 04:34:30,0.4665991902834008,0
2402,0133,1,2026-06-14 04:34:30,0.1340080971659919,0
2403,0079,1,2026-06-14 04:34:40,0.4665991902834008,0
2404,0133,1,2026-06-14 04:34:40,0.1340080971659919,0
2405,0079,1,2026-06-14 04:34:50,0.4665991902834008,1
2406,0133,1,2026-06-14 04:34:50,0.1340080971659919,0
2407,0079,1,2026-06-14 04:35:00,0.4665991902834008,0
2408,0133,1,2026-06-14 04:35:00,0.1340080971659919,0
2409,0079,1,2026-06-14 04:35:10,0.4665991902834008,0
2410,0133,1,2026-06-14 04:35:10,0.1340080971659919,0
2411,0079,1,2026-06-14 04:35:20,0.4665991902834008,0
2412,0133,1,2026-06-14 04:35:20,0.1340080971659919,0
2413,0079,1,2026-06-14 04:35:30,0.4665991902834008,0
2414,0133,1,2026-06-14 04:35:30,0.1340080971659919,0
2415,0133,1,2026-06-14 04:35:40,0.1340080971659919,0
2416,0293,1,2026-06-14 04:38:30,0.2900809716599190,0
2417,0293,1,2026-06-14 04:38:40,0.2900809716599190,0
2418,0293,1,2026-06-14 04:38:40,0.2900809716599190,0
2419,0293,1,2026-06-14 04:38:50,0.2900809716599190,0
2420,0293,1,2026-06-14 04:38:50,0.2900809716599190,0
2421,0293,1,2026-06-14 04:39:00,0.2900809716599190,0
2422,0293,1,2026-06-14 04:39:00,0.2900809716599190,0
2423,0293,1,2026-06-14 04:39:00,0.2900809716599190,0
2424,0293,1,2026-06-14 04:39:00,0.2900809716599190,0
2425,0293,1,2026-06-14 04:39:10,0.2900809716599190,0
2426,0293,1,2026-06-14 04:39:10,0.2900809716599190,0
2427,0293,1,2026-06-14 04:39:10,0.2900809716599190,0
2428,0293,1,2026-06-14 04:39:10,0.2900809716599190,0
2429,0293,1,2026-06-14 04:39:10,0.2900809716599190,0
2430,0293,1,2026-06-14 04:39:10,0.2900809716599190,0
2431,0293,1,2026-06-14 04:39:20,0.2900809716599190,0
2432,0293,1,2026-06-14 04:39:20,0.2900809716599190,0
2433,0293,1,2026-06-14 04:39:20,0.2900809716599190,0
2434,0293,1,2026-06-14 04:39:20,0.2900809716599190,0
2435,0293,1,2026-06-14 04:39:20,0.2900809716599190,0
2436,0293,1,2026-06-14 04:39:20,0.2900809716599190,0
2437,0293,1,2026-06-14 04:39:30,0.2900809716599190,0
2438,0293,1,2026-06-14 04:39:30,0.2900809716599190,0
2439,0293,1,2026-06-14 04:39:30,0.2900809716599190,1
2440,0293,1,2026-06-14 04:39:30,0.2900809716599190,0
2441,0293,1,2026-06-14 04:39:30,0.2900809716599190,0
2442,0374,1,2026-06-14 04:39:30,0.4665991902834008,0
2443,0293,1,2026-06-14 04:39:40,0.2900809716599190,0
2444,0293,1,2026-06-14 04:39:40,0.2900809716599190,0
2445,0293,1,2026-06-14 04:39:40,0.2900809716599190,0
2446,0293,1,2026-06-14 04:39:40,0.2900809716599190,0
2447,0374,1,2026-06-14 04:39:40,0.4665991902834008,0
2448,0293,1,2026-06-14 04:39:50,0.2900809716599190,0
2449,0293,1,2026-06-14 04:39:50,0.2900809716599190,0
2450,0374,1,2026-06-14 04:39:50,0.4665991902834008,0
2451,0293,1,2026-06-14 04:40:00,0.2900809716599190,0
2452,0374,1,2026-06-14 04:40:00,0.4665991902834008,0
2453,0293,1,2026-06-14 04:40:10,0.2900809716599190,0
2454,0374,1,2026-06-14 04:40:10,0.4665991902834008,0
2455,0374,1,2026-06-14 04:40:20,0.4665991902834008,0
2456,0374,1,2026-06-14 04:40:30,0.4665991902834008,0
2457,0374,1,2026-06-14 04:40:40,0.4665991902834008,0
2458,0374,1,2026-06-14 04:40:50,0.4665991902834008,0
2459,0374,1,2026-06-14 04:41:00,0.4665991902834008,0
2460,0374,1,2026-06-14 04:41:10,0.4665991902834008,0
2461,0145,1,2026-06-14 04:42:10,0.1340080971659919,0
2462,0354,1,2026-06-14 04:42:10,0.0629554655870445,0
2463,0145,1,2026-06-14 04:42:20,0.1340080971659919,0
2464,0354,1,2026-06-14 04:42:20,0.0629554655870445,0
2465,0145,1,2026-06-14 04:42:30,0.1340080971659919,0
2466,0172,1,2026-06-14 04:42:30,0.7000000000000000,0
2467,0354,1,2026-06-14 04:42:30,0.0629554655870445,0
2468,0145,1,2026-06-14 04:42:40,0.1340080971659919,0
2469,0172,1,2026-06-14 04:42:40,0.7000000000000000,0
2470,0354,1,2026-06-14 04:42:40,0.0629554655870445,0
2471,0145,1,2026-06-14 04:42:50,0.1340080971659919,0
2472,0172,1,2026-06-14 04:42:50,0.7000000000000000,1
2473,0354,1,2026-06-14 04:42:50,0.0629554655870445,0
2474,0145,1,2026-06-14 04:43:00,0.1340080971659919,0
2475,0172,1,2026-06-14 04:43:00,0.7000000000000000,0
2476,0354,1,2026-06-14 04:43:00,0.0629554655870445,0
2477,0145,1,2026-06-14 04:43:10,0.1340080971659919,0
2478,0172,1,2026-06-14 04:43:10,0.7000000000000000,0
2479,0354,1,2026-06-14 04:43:10,0.0629554655870445,0
2480,0145,1,2026-06-14 04:43:20,0.1340080971659919,0
2481,0172,1,2026-06-14 04:43:20,0.7000000000000000,0
2482,0354,1,2026-06-14 04:43:20,0.0629554655870445,0
2483,0413,1,2026-06-14 04:43:20,0.0629554655870445,0
2484,0172,1,2026-06-14 04:43:30,0.7000000000000000,0
2485,0354,1,2026-06-14 04:43:30,0.0629554655870445,0
2486,0413,1,2026-06-14 04:43:30,0.0629554655870445,0
2487,0354,1,2026-06-14 04:43:40,0.0629554655870445,0
2488,0413,1,2026-06-14 04:43:40,0.0629554655870445,0
2489,0354,1,2026-06-14 04:43:50,0.0629554655870445,0
2490,0413,1,2026-06-14 04:43:50,0.0629554655870445,0
2491,0354,1,2026-06-14 04:44:00,0.0629554655870445,0
2492,0413,1,2026-06-14 04:44:00,0.0629554655870445,0
2493,0413,1,2026-06-14 04:44:10,0.0629554655870445,0
2494,0413,1,2026-06-14 04:44:20,0.0629554655870445,0
2495,0413,1,2026-06-14 04:44:30,0.0629554655870445,0
2496,0049,1,2026-06-14 04:44:40,0.4665991902834008,0
2497,0139,1,2026-06-14 04:44:40,0.9289473684210526,0
2498,0413,1,2026-06-14 04:44:40,0.0629554655870445,0
2499,0451,1,2026-06-14 04:44:40,0.8038461538461539,0
2500,0049,1,2026-06-14 04:44:50,0.4665991902834008,0
2501,0084,1,2026-06-14 04:44:50,0.2900809716599190,0
2502,0139,1,2026-06-14 04:44:50,0.9289473684210526,0
2503,0413,1,2026-06-14 04:44:50,0.0629554655870445,0
2504,0451,1,2026-06-14 04:44:50,0.8038461538461539,0
2505,0049,1,2026-06-14 04:45:00,0.4665991902834008,0
2506,0084,1,2026-06-14 04:45:00,0.2900809716599190,0
2507,0139,1,2026-06-14 04:45:00,0.9289473684210526,1
2508,0229,1,2026-06-14 04:45:00,1.0000000000000000,0
2509,0240,1,2026-06-14 04:45:00,0.1987854251012146,0
2510,0271,1,2026-06-14 04:45:00,0.6645748987854251,0
2511,0335,1,2026-06-14 04:45:00,0.6645748987854251,0
2512,0451,1,2026-06-14 04:45:00,0.8038461538461539,0
2513,0049,1,2026-06-14 04:45:10,0.4665991902834008,0
2514,0084,1,2026-06-14 04:45:10,0.2900809716599190,0
2515,0139,1,2026-06-14 04:45:10,0.9289473684210526,0
2516,0139,1,2026-06-14 04:45:10,0.9289473684210526,0
2517,0229,1,2026-06-14 04:45:10,1.0000000000000000,0
2518,0240,1,2026-06-14 04:45:10,0.1987854251012146,0
2519,0271,1,2026-06-14 04:45:10,0.6645748987854251,0
2520,0335,1,2026-06-14 04:45:10,0.6645748987854251,0
2521,0451,1,2026-06-14 04:45:10,0.8038461538461539,0
2522,0049,1,2026-06-14 04:45:20,0.4665991902834008,0
2523,0084,1,2026-06-14 04:45:20,0.2900809716599190,0
2524,0139,1,2026-06-14 04:45:20,0.9289473684210526,0
2525,0229,1,2026-06-14 04:45:20,1.0000000000000000,0
2526,0240,1,2026-06-14 04:45:20,0.1987854251012146,0
2527,0271,1,2026-06-14 04:45:20,0.6645748987854251,0
2528,0335,1,2026-06-14 04:45:20,0.6645748987854251,0
2529,0451,1,2026-06-14 04:45:20,0.8038461538461539,0
2530,0049,1,2026-06-14 04:45:30,0.4665991902834008,0
2531,0084,1,2026-06-14 04:45:30,0.2900809716599190,0
2532,0139,1,2026-06-14 04:45:30,0.9289473684210526,1
2533,0229,1,2026-06-14 04:45:30,1.0000000000000000,0
2534,0240,1,2026-06-14 04:45:30,0.1987854251012146,0
2535,0271,1,2026-06-14 04:45:30,0.6645748987854251,0
2536,0335,1,2026-06-14 04:45:30,0.6645748987854251,0
2537,0451,1,2026-06-14 04:45:30,0.8038461538461539,0
2538,0049,1,2026-06-14 04:45:40,0.4665991902834008,0
2539,0084,1,2026-06-14 04:45:40,0.2900809716599190,0
2540,0139,1,2026-06-14 04:45:40,0.9289473684210526,0
2541,0229,1,2026-06-14 04:45:40,1.0000000000000000,0
2542,0240,1,2026-06-14 04:45:40,0.1987854251012146,0
2543,0271,1,2026-06-14 04:45:40,0.6645748987854251,0
2544,0335,1,2026-06-14 04:45:40,0.6645748987854251,0
2545,0451,1,2026-06-14 04:45:40,0.8038461538461539,0
2546,0049,1,2026-06-14 04:45:50,0.4665991902834008,0
2547,0084,1,2026-06-14 04:45:50,0.2900809716599190,0
2548,0229,1,2026-06-14 04:45:50,1.0000000000000000,0
2549,0240,1,2026-06-14 04:45:50,0.1987854251012146,0
2550,0271,1,2026-06-14 04:45:50,0.6645748987854251,0
2551,0335,1,2026-06-14 04:45:50,0.6645748987854251,0
2552,0361,1,2026-06-14 04:45:50,0.2900809716599190,0
2553,0451,1,2026-06-14 04:45:50,0.8038461538461539,0
2554,0049,1,2026-06-14 04:46:00,0.4665991902834008,0
2555,0084,1,2026-06-14 04:46:00,0.2900809716599190,0
2556,0229,1,2026-06-14 04:46:00,1.0000000000000000,0
2557,0240,1,2026-06-14 04:46:00,0.1987854251012146,0
2558,0271,1,2026-06-14 04:46:00,0.6645748987854251,0
2559,0335,1,2026-06-14 04:46:00,0.6645748987854251,0
2560,0361,1,2026-06-14 04:46:00,0.2900809716599190,0
2561,0451,1,2026-06-14 04:46:00,0.8038461538461539,0
2562,0049,1,2026-06-14 04:46:10,0.4665991902834008,0
2563,0084,1,2026-06-14 04:46:10,0.2900809716599190,0
2564,0229,1,2026-06-14 04:46:10,1.0000000000000000,0
2565,0240,1,2026-06-14 04:46:10,0.1987854251012146,0
2566,0271,1,2026-06-14 04:46:10,0.6645748987854251,1
2567,0361,1,2026-06-14 04:46:10,0.2900809716599190,0
2568,0414,1,2026-06-14 04:46:10,0.8038461538461539,0
2569,0451,1,2026-06-14 04:46:10,0.8038461538461539,0
2570,0084,1,2026-06-14 04:46:20,0.2900809716599190,0
2571,0229,1,2026-06-14 04:46:20,1.0000000000000000,0
2572,0361,1,2026-06-14 04:46:20,0.2900809716599190,0
2573,0414,1,2026-06-14 04:46:20,0.8038461538461539,0
2574,0429,1,2026-06-14 04:46:20,0.2900809716599190,0
2575,0451,1,2026-06-14 04:46:20,0.8038461538461539,0
2576,0084,1,2026-06-14 04:46:30,0.2900809716599190,0
2577,0229,1,2026-06-14 04:46:30,1.0000000000000000,0
2578,0361,1,2026-06-14 04:46:30,0.2900809716599190,0
2579,0414,1,2026-06-14 04:46:30,0.8038461538461539,0
2580,0429,1,2026-06-14 04:46:30,0.2900809716599190,0
2581,0445,1,2026-06-14 04:46:30,0.4665991902834008,0
2582,0451,1,2026-06-14 04:46:30,0.8038461538461539,0
2583,0229,1,2026-06-14 04:46:40,1.0000000000000000,0
2584,0361,1,2026-06-14 04:46:40,0.2900809716599190,0
2585,0414,1,2026-06-14 04:46:40,0.8038461538461539,0
2586,0429,1,2026-06-14 04:46:40,0.2900809716599190,0
2587,0445,1,2026-06-14 04:46:40,0.4665991902834008,0
2588,0361,1,2026-06-14 04:46:50,0.2900809716599190,0
2589,0414,1,2026-06-14 04:46:50,0.8038461538461539,0
2590,0429,1,2026-06-14 04:46:50,0.2900809716599190,0
2591,0445,1,2026-06-14 04:46:50,0.4665991902834008,0
2592,0361,1,2026-06-14 04:47:00,0.2900809716599190,0
2593,0414,1,2026-06-14 04:47:00,0.8038461538461539,0
2594,0429,1,2026-06-14 04:47:00,0.2900809716599190,0
2595,0445,1,2026-06-14 04:47:00,0.4665991902834008,0
2596,0361,1,2026-06-14 04:47:10,0.2900809716599190,0
2597,0414,1,2026-06-14 04:47:10,0.8038461538461539,0
2598,0429,1,2026-06-14 04:47:10,0.2900809716599190,0
2599,0445,1,2026-06-14 04:47:10,0.4665991902834008,0
2600,0054,1,2026-06-14 04:47:20,0.5303643724696356,1
2601,0414,1,2026-06-14 04:47:20,0.8038461538461539,0
2602,0429,1,2026-06-14 04:47:20,0.2900809716599190,0
2603,0445,1,2026-06-14 04:47:20,0.4665991902834008,0
2604,0054,1,2026-06-14 04:47:30,0.5303643724696356,0
2605,0414,1,2026-06-14 04:47:30,0.8038461538461539,0
2606,0429,1,2026-06-14 04:47:30,0.2900809716599190,0
2607,0445,1,2026-06-14 04:47:30,0.4665991902834008,0
2608,0054,1,2026-06-14 04:47:40,0.5303643724696356,0
2609,0414,1,2026-06-14 04:47:40,0.8038461538461539,0
2610,0429,1,2026-06-14 04:47:40,0.2900809716599190,0
2611,0445,1,2026-06-14 04:47:40,0.4665991902834008,0
2612,0054,1,2026-06-14 04:47:50,0.5303643724696356,0
2613,0227,1,2026-06-14 04:47:50,0.8038461538461539,0
2614,0414,1,2026-06-14 04:47:50,0.8038461538461539,0
2615,0429,1,2026-06-14 04:47:50,0.2900809716599190,0
2616,0054,1,2026-06-14 04:48:00,0.5303643724696356,0
2617,0429,1,2026-06-14 04:48:00,0.2900809716599190,0
2618,0054,1,2026-06-14 04:48:10,0.5303643724696356,0
2619,0429,1,2026-06-14 04:48:10,0.2900809716599190,0
2620,0054,1,2026-06-14 04:48:20,0.5303643724696356,0
2621,0054,1,2026-06-14 04:48:30,0.5303643724696356,0
2622,0054,1,2026-06-14 04:48:40,0.5303643724696356,0
2623,0466,1,2026-06-14 06:12:40,0.6645748987854251,0
2624,0466,1,2026-06-14 06:12:50,0.6645748987854251,0
2625,0466,1,2026-06-14 06:13:00,0.6645748987854251,0
2626,0193,1,2026-06-14 06:13:10,0.5303643724696356,0
2627,0466,1,2026-06-14 06:13:10,0.6645748987854251,0
2628,0193,1,2026-06-14 06:13:20,0.5303643724696356,0
2629,0466,1,2026-06-14 06:13:20,0.6645748987854251,0
2630,0193,1,2026-06-14 06:13:30,0.5303643724696356,0
2631,0466,1,2026-06-14 06:13:30,0.6645748987854251,0
2632,0193,1,2026-06-14 06:13:40,0.5303643724696356,0
2633,0466,1,2026-06-14 06:13:40,0.6645748987854251,0
2634,0193,1,2026-06-14 06:13:50,0.5303643724696356,0
2635,0466,1,2026-06-14 06:13:50,0.6645748987854251,0
2636,0193,1,2026-06-14 06:14:00,0.5303643724696356,0
2637,0466,1,2026-06-14 06:14:00,0.6645748987854251,0
2638,0193,1,2026-06-14 06:14:10,0.5303643724696356,0
2639,0466,1,2026-06-14 06:14:10,0.6645748987854251,0
2640,0193,1,2026-06-14 06:14:20,0.5303643724696356,0
2641,0193,1,2026-06-14 06:14:30,0.5303643724696356,0
2642,0193,1,2026-06-14 06:14:40,0.5303643724696356,1
2643,0481,1,2026-06-14 06:19:10,0.3402834008097166,0
2644,0481,1,2026-06-14 06:19:20,0.3402834008097166,0
2645,0481,1,2026-06-14 06:19:30,0.3402834008097166,0
2646,0481,1,2026-06-14 06:19:40,0.3402834008097166,0
2647,0481,1,2026-06-14 06:19:50,0.3402834008097166,0
2648,0481,1,2026-06-14 06:20:00,0.3402834008097166,0
2649,0481,1,2026-06-14 06:20:10,0.3402834008097166,0
2650,0339,1,2026-06-14 06:20:20,0.8038461538461539,1
2651,0339,1,2026-06-14 06:20:30,0.8038461538461539,0
2652,0339,1,2026-06-14 06:20:40,0.8038461538461539,0
2653,0238,1,2026-06-14 06:20:50,0.7000000000000000,0
2654,0339,1,2026-06-14 06:20:50,0.8038461538461539,1
2655,0339,1,2026-06-14 06:20:50,0.8038461538461539,0
2656,0238,1,2026-06-14 06:21:00,0.7000000000000000,0
2657,0339,1,2026-06-14 06:21:00,0.8038461538461539,0
2658,0339,1,2026-06-14 06:21:00,0.8038461538461539,0
2659,0143,1,2026-06-14 06:21:10,0.1340080971659919,0
2660,0238,1,2026-06-14 06:21:10,0.7000000000000000,0
2661,0339,1,2026-06-14 06:21:10,0.8038461538461539,0
2662,0339,1,2026-06-14 06:21:10,0.8038461538461539,0
2663,0116,1,2026-06-14 06:21:20,0.6115384615384616,0
2664,0143,1,2026-06-14 06:21:20,0.1340080971659919,0
2665,0238,1,2026-06-14 06:21:20,0.7000000000000000,0
2666,0261,1,2026-06-14 06:21:20,0.6115384615384616,0
2667,0339,1,2026-06-14 06:21:20,0.8038461538461539,0
2668,0339,1,2026-06-14 06:21:20,0.8038461538461539,0
2669,0116,1,2026-06-14 06:21:30,0.6115384615384616,0
2670,0143,1,2026-06-14 06:21:30,0.1340080971659919,0
2671,0238,1,2026-06-14 06:21:30,0.7000000000000000,0
2672,0261,1,2026-06-14 06:21:30,0.6115384615384616,0
2673,0339,1,2026-06-14 06:21:30,0.8038461538461539,0
2674,0116,1,2026-06-14 06:21:40,0.6115384615384616,0
2675,0143,1,2026-06-14 06:21:40,0.1340080971659919,0
2676,0238,1,2026-06-14 06:21:40,0.7000000000000000,0
2677,0261,1,2026-06-14 06:21:40,0.6115384615384616,0
2678,0282,1,2026-06-14 06:21:40,0.9289473684210526,0
2679,0339,1,2026-06-14 06:21:40,0.8038461538461539,0
2680,0116,1,2026-06-14 06:21:50,0.6115384615384616,0
2681,0143,1,2026-06-14 06:21:50,0.1340080971659919,0
2682,0238,1,2026-06-14 06:21:50,0.7000000000000000,0
2683,0261,1,2026-06-14 06:21:50,0.6115384615384616,0
2684,0282,1,2026-06-14 06:21:50,0.9289473684210526,0
2685,0338,1,2026-06-14 06:21:50,0.6645748987854251,0
2686,0339,1,2026-06-14 06:21:50,0.8038461538461539,0
2687,0116,1,2026-06-14 06:22:00,0.6115384615384616,0
2688,0143,1,2026-06-14 06:22:00,0.1340080971659919,0
2689,0238,1,2026-06-14 06:22:00,0.7000000000000000,0
2690,0261,1,2026-06-14 06:22:00,0.6115384615384616,0
2691,0282,1,2026-06-14 06:22:00,0.9289473684210526,0
2692,0338,1,2026-06-14 06:22:00,0.6645748987854251,0
2693,0116,1,2026-06-14 06:22:10,0.6115384615384616,0
2694,0143,1,2026-06-14 06:22:10,0.1340080971659919,0
2695,0238,1,2026-06-14 06:22:10,0.7000000000000000,0
2696,0261,1,2026-06-14 06:22:10,0.6115384615384616,0
2697,0282,1,2026-06-14 06:22:10,0.9289473684210526,0
2698,0338,1,2026-06-14 06:22:10,0.6645748987854251,0
2699,0116,1,2026-06-14 06:22:20,0.6115384615384616,0
2700,0143,1,2026-06-14 06:22:20,0.1340080971659919,0
2701,0238,1,2026-06-14 06:22:20,0.7000000000000000,0
2702,0261,1,2026-06-14 06:22:20,0.6115384615384616,0
2703,0282,1,2026-06-14 06:22:20,0.9289473684210526,0
2704,0338,1,2026-06-14 06:22:20,0.6645748987854251,0
2705,0116,1,2026-06-14 06:22:30,0.6115384615384616,0
2706,0143,1,2026-06-14 06:22:30,0.1340080971659919,0
2707,0261,1,2026-06-14 06:22:30,0.6115384615384616,0
2708,0282,1,2026-06-14 06:22:30,0.9289473684210526,0
2709,0338,1,2026-06-14 06:22:30,0.6645748987854251,0
2710,0116,1,2026-06-14 06:22:40,0.6115384615384616,0
2711,0143,1,2026-06-14 06:22:40,0.1340080971659919,1
2712,0261,1,2026-06-14 06:22:40,0.6115384615384616,0
2713,0338,1,2026-06-14 06:22:40,0.6645748987854251,0
2714,0261,1,2026-06-14 06:22:50,0.6115384615384616,0
2715,0261,1,2026-06-14 06:23:00,0.6115384615384616,0
2716,0261,1,2026-06-14 06:23:10,0.6115384615384616,0
2717,0118,1,2026-06-14 06:28:40,0.3402834008097166,0
2718,0118,1,2026-06-14 06:28:50,0.3402834008097166,0
2719,0118,1,2026-06-14 06:29:00,0.3402834008097166,0
2720,0334,1,2026-06-14 06:32:30,0.5303643724696356,0
2721,0334,1,2026-06-14 06:32:40,0.5303643724696356,0
2722,0334,1,2026-06-14 06:32:50,0.5303643724696356,0
2723,0334,1,2026-06-14 06:33:00,0.5303643724696356,0
2724,0334,1,2026-06-14 06:33:10,0.5303643724696356,0
2725,0334,1,2026-06-14 06:33:20,0.5303643724696356,0
2726,0334,1,2026-06-14 06:33:30,0.5303643724696356,0
2727,0334,1,2026-06-14 06:33:40,0.5303643724696356,0
2728,0334,1,2026-06-14 06:33:50,0.5303643724696356,0
2729,0334,1,2026-06-14 06:34:00,0.5303643724696356,0
2730,0334,1,2026-06-14 06:34:10,0.5303643724696356,0
2731,0216,1,2026-06-14 07:51:20,0.8038461538461539,0
2732,0359,1,2026-06-14 07:51:20,0.0629554655870445,0
2733,0216,1,2026-06-14 07:51:30,0.8038461538461539,0
2734,0359,1,2026-06-14 07:51:30,0.0629554655870445,0
2735,0216,1,2026-06-14 07:51:40,0.8038461538461539,0
2736,0359,1,2026-06-14 07:51:40,0.0629554655870445,0
2737,0216,1,2026-06-14 07:51:50,0.8038461538461539,0
2738,0359,1,2026-06-14 07:51:50,0.0629554655870445,1
2739,0470,1,2026-06-14 07:51:50,0.8038461538461539,0
2740,0216,1,2026-06-14 07:52:00,0.8038461538461539,0
2741,0359,1,2026-06-14 07:52:00,0.0629554655870445,0
2742,0470,1,2026-06-14 07:52:00,0.8038461538461539,0
2743,0216,1,2026-06-14 07:52:10,0.8038461538461539,0
2744,0359,1,2026-06-14 07:52:10,0.0629554655870445,0
2745,0470,1,2026-06-14 07:52:10,0.8038461538461539,0
2746,0216,1,2026-06-14 07:52:20,0.8038461538461539,0
2747,0359,1,2026-06-14 07:52:20,0.0629554655870445,0
2748,0470,1,2026-06-14 07:52:20,0.8038461538461539,0
2749,0216,1,2026-06-14 07:52:30,0.8038461538461539,0
2750,0359,1,2026-06-14 07:52:30,0.0629554655870445,0
2751,0470,1,2026-06-14 07:52:30,0.8038461538461539,0
2752,0359,1,2026-06-14 07:52:40,0.0629554655870445,0
2753,0470,1,2026-06-14 07:52:40,0.8038461538461539,0
2754,0359,1,2026-06-14 07:52:50,0.0629554655870445,0
2755,0470,1,2026-06-14 07:52:50,0.8038461538461539,0
2756,0359,1,2026-06-14 07:53:00,0.0629554655870445,0
2757,0470,1,2026-06-14 07:53:00,0.8038461538461539,0
2758,0359,1,2026-06-14 07:53:10,0.0629554655870445,0
2759,0470,1,2026-06-14 07:53:10,0.8038461538461539,0
2760,0382,1,2026-06-14 07:53:20,0.7000000000000000,0
2761,0470,1,2026-06-14 07:53:20,0.8038461538461539,0
2762,0382,1,2026-06-14 07:53:30,0.7000000000000000,0
2763,0470,1,2026-06-14 07:53:30,0.8038461538461539,0
2764,0382,1,2026-06-14 07:53:40,0.7000000000000000,0
2765,0382,1,2026-06-14 07:53:50,0.7000000000000000,0
2766,0056,1,2026-06-14 07:54:00,1.0000000000000000,0
2767,0382,1,2026-06-14 07:54:00,0.7000000000000000,0
2768,0056,1,2026-06-14 07:54:10,1.0000000000000000,0
2769,0382,1,2026-06-14 07:54:10,0.7000000000000000,0
2770,0056,1,2026-06-14 07:54:20,1.0000000000000000,0
2771,0056,1,2026-06-14 07:54:30,1.0000000000000000,1
2772,0056,1,2026-06-14 07:54:40,1.0000000000000000,0
2773,0056,1,2026-06-14 07:54:50,1.0000000000000000,0
2774,0056,1,2026-06-14 07:55:00,1.0000000000000000,0
2775,0136,1,2026-06-14 07:55:30,0.7000000000000000,0
2776,0110,1,2026-06-14 07:55:40,0.1340080971659919,0
2777,0136,1,2026-06-14 07:55:40,0.7000000000000000,0
2778,0224,1,2026-06-14 07:55:40,0.4665991902834008,0
2779,0110,1,2026-06-14 07:55:50,0.1340080971659919,0
2780,0136,1,2026-06-14 07:55:50,0.7000000000000000,0
2781,0224,1,2026-06-14 07:55:50,0.4665991902834008,0
2782,0110,1,2026-06-14 07:56:00,0.1340080971659919,0
2783,0136,1,2026-06-14 07:56:00,0.7000000000000000,0
2784,0224,1,2026-06-14 07:56:00,0.4665991902834008,0
2785,0110,1,2026-06-14 07:56:10,0.1340080971659919,0
2786,0136,1,2026-06-14 07:56:10,0.7000000000000000,0
2787,0224,1,2026-06-14 07:56:10,0.4665991902834008,0
2788,0110,1,2026-06-14 07:56:20,0.1340080971659919,0
2789,0136,1,2026-06-14 07:56:20,0.7000000000000000,0
2790,0224,1,2026-06-14 07:56:20,0.4665991902834008,0
2791,0110,1,2026-06-14 07:56:30,0.1340080971659919,0
2792,0136,1,2026-06-14 07:56:30,0.7000000000000000,0
2793,0224,1,2026-06-14 07:56:30,0.4665991902834008,0
2794,0110,1,2026-06-14 07:56:40,0.1340080971659919,0
2795,0136,1,2026-06-14 07:56:40,0.7000000000000000,0
2796,0224,1,2026-06-14 07:56:40,0.4665991902834008,0
2797,0110,1,2026-06-14 07:56:50,0.1340080971659919,0
2798,0136,1,2026-06-14 07:56:50,0.7000000000000000,0
2799,0147,1,2026-06-14 07:56:50,1.0000000000000000,0
2800,0224,1,2026-06-14 07:56:50,0.4665991902834008,0
2801,0110,1,2026-06-14 07:57:00,0.1340080971659919,0
2802,0147,1,2026-06-14 07:57:00,1.0000000000000000,0
2803,0224,1,2026-06-14 07:57:00,0.4665991902834008,0
2804,0110,1,2026-06-14 07:57:10,0.1340080971659919,0
2805,0147,1,2026-06-14 07:57:10,1.0000000000000000,0
2806,0224,1,2026-06-14 07:57:10,0.4665991902834008,0
2807,0110,1,2026-06-14 07:57:20,0.1340080971659919,0
2808,0147,1,2026-06-14 07:57:20,1.0000000000000000,0
2809,0224,1,2026-06-14 07:57:20,0.4665991902834008,0
2810,0224,1,2026-06-14 07:57:30,0.4665991902834008,0
2811,0072,1,2026-06-14 07:58:20,0.5303643724696356,0
2812,0097,1,2026-06-14 07:58:20,0.4665991902834008,0
2813,0105,1,2026-06-14 07:58:20,0.1987854251012146,0
2814,0072,1,2026-06-14 07:58:30,0.5303643724696356,0
2815,0097,1,2026-06-14 07:58:30,0.4665991902834008,0
2816,0105,1,2026-06-14 07:58:30,0.1987854251012146,0
2817,0072,1,2026-06-14 07:58:40,0.5303643724696356,0
2818,0097,1,2026-06-14 07:58:40,0.4665991902834008,0
2819,0105,1,2026-06-14 07:58:40,0.1987854251012146,0
2820,0323,1,2026-06-14 07:58:40,0.4665991902834008,0
2821,0072,1,2026-06-14 07:58:50,0.5303643724696356,0
2822,0097,1,2026-06-14 07:58:50,0.4665991902834008,0
2823,0105,1,2026-06-14 07:58:50,0.1987854251012146,0
2824,0323,1,2026-06-14 07:58:50,0.4665991902834008,0
2825,0072,1,2026-06-14 07:59:00,0.5303643724696356,0
2826,0076,1,2026-06-14 07:59:00,0.1340080971659919,0
2827,0105,1,2026-06-14 07:59:00,0.1987854251012146,0
2828,0323,1,2026-06-14 07:59:00,0.4665991902834008,0
2829,0072,1,2026-06-14 07:59:10,0.5303643724696356,0
2830,0076,1,2026-06-14 07:59:10,0.1340080971659919,1
2831,0105,1,2026-06-14 07:59:10,0.1987854251012146,0
2832,0323,1,2026-06-14 07:59:10,0.4665991902834008,0
2833,0072,1,2026-06-14 07:59:20,0.5303643724696356,0
2834,0076,1,2026-06-14 07:59:20,0.1340080971659919,0
2835,0105,1,2026-06-14 07:59:20,0.1987854251012146,0
2836,0323,1,2026-06-14 07:59:20,0.4665991902834008,0
2837,0072,1,2026-06-14 07:59:30,0.5303643724696356,0
2838,0076,1,2026-06-14 07:59:30,0.1340080971659919,0
2839,0105,1,2026-06-14 07:59:30,0.1987854251012146,0
2840,0323,1,2026-06-14 07:59:30,0.4665991902834008,0
2841,0072,1,2026-06-14 07:59:40,0.5303643724696356,0
2842,0076,1,2026-06-14 07:59:40,0.1340080971659919,0
2843,0159,1,2026-06-14 07:59:40,0.2900809716599190,0
2844,0323,1,2026-06-14 07:59:40,0.4665991902834008,0
2845,0072,1,2026-06-14 07:59:50,0.5303643724696356,0
2846,0076,1,2026-06-14 07:59:50,0.1340080971659919,0
2847,0159,1,2026-06-14 07:59:50,0.2900809716599190,0
2848,0323,1,2026-06-14 07:59:50,0.4665991902834008,0
2849,0072,1,2026-06-14 08:00:00,0.5303643724696356,0
2850,0076,1,2026-06-14 08:00:00,0.1340080971659919,0
2851,0159,1,2026-06-14 08:00:00,0.2900809716599190,0
2852,0270,1,2026-06-14 08:00:00,0.6115384615384616,1
2853,0323,1,2026-06-14 08:00:00,0.4665991902834008,0
2854,0072,1,2026-06-14 08:00:10,0.5303643724696356,0
2855,0076,1,2026-06-14 08:00:10,0.1340080971659919,0
2856,0159,1,2026-06-14 08:00:10,0.2900809716599190,0
2857,0270,1,2026-06-14 08:00:10,0.6115384615384616,0
2858,0323,1,2026-06-14 08:00:10,0.4665991902834008,0
2859,0076,1,2026-06-14 08:00:20,0.1340080971659919,0
2860,0159,1,2026-06-14 08:00:20,0.2900809716599190,0
2861,0270,1,2026-06-14 08:00:20,0.6115384615384616,0
2862,0323,1,2026-06-14 08:00:20,0.4665991902834008,0
2863,0076,1,2026-06-14 08:00:30,0.1340080971659919,0
2864,0159,1,2026-06-14 08:00:30,0.2900809716599190,0
2865,0270,1,2026-06-14 08:00:30,0.6115384615384616,0
2866,0323,1,2026-06-14 08:00:30,0.4665991902834008,0
2867,0076,1,2026-06-14 08:00:40,0.1340080971659919,0
2868,0159,1,2026-06-14 08:00:40,0.2900809716599190,0
2869,0270,1,2026-06-14 08:00:40,0.6115384615384616,0
2870,0076,1,2026-06-14 08:00:50,0.1340080971659919,0
2871,0159,1,2026-06-14 08:00:50,0.2900809716599190,0
2872,0270,1,2026-06-14 08:00:50,0.6115384615384616,0
2873,0159,1,2026-06-14 08:01:00,0.2900809716599190,0
2874,0100,1,2026-06-14 08:05:00,0.2900809716599190,0
2875,0100,1,2026-06-14 08:05:10,0.2900809716599190,0
2876,0100,1,2026-06-14 08:05:20,0.2900809716599190,0
2877,0100,1,2026-06-14 08:05:30,0.2900809716599190,0
2878,0100,1,2026-06-14 08:05:40,0.2900809716599190,0
2879,0100,1,2026-06-14 08:05:50,0.2900809716599190,0
2880,0100,1,2026-06-14 08:06:00,0.2900809716599190,0
2881,0486,1,2026-06-14 08:06:20,0.3402834008097166,0
2882,0486,1,2026-06-14 08:06:30,0.3402834008097166,0
2883,0486,1,2026-06-14 08:06:40,0.3402834008097166,0
2884,0486,1,2026-06-14 08:06:50,0.3402834008097166,1
2885,0486,1,2026-06-14 08:06:50,0.3402834008097166,0
2886,0486,1,2026-06-14 08:07:00,0.3402834008097166,0
2887,0486,1,2026-06-14 08:07:00,0.3402834008097166,0
2888,0486,1,2026-06-14 08:07:10,0.3402834008097166,0
2889,0486,1,2026-06-14 08:07:10,0.3402834008097166,0
2890,0486,1,2026-06-14 08:07:20,0.3402834008097166,0
2891,0486,1,2026-06-14 08:07:20,0.3402834008097166,1
2892,0486,1,2026-06-14 08:07:30,0.3402834008097166,0
2893,0486,1,2026-06-14 08:07:30,0.3402834008097166,0
2894,0486,1,2026-06-14 08:07:40,0.3402834008097166,0
2895,0486,1,2026-06-14 08:07:50,0.3402834008097166,1
2896,0486,1,2026-06-14 08:08:00,0.3402834008097166,0
2897,006,1,2026-06-14 08:08:50,0.9289473684210526,0
2898,006,1,2026-06-14 08:09:00,0.9289473684210526,0
2899,0023,1,2026-06-14 08:09:00,0.0629554655870445,0
2900,006,1,2026-06-14 08:09:10,0.9289473684210526,0
2901,0023,1,2026-06-14 08:09:10,0.0629554655870445,0
2902,006,1,2026-06-14 08:09:20,0.9289473684210526,0
2903,0023,1,2026-06-14 08:09:20,0.0629554655870445,0
2904,006,1,2026-06-14 08:09:30,0.9289473684210526,0
2905,0023,1,2026-06-14 08:09:30,0.0629554655870445,0
2906,006,1,2026-06-14 08:09:40,0.9289473684210526,0
2907,0023,1,2026-06-14 08:09:40,0.0629554655870445,0
2908,006,1,2026-06-14 08:09:50,0.9289473684210526,0
2909,006,1,2026-06-14 08:10:00,0.9289473684210526,0
2910,006,1,2026-06-14 08:10:10,0.9289473684210526,0
2911,006,1,2026-06-14 08:10:20,0.9289473684210526,0
2912,0030,1,2026-06-14 08:16:20,0.1987854251012146,0
2913,0030,1,2026-06-14 08:16:30,0.1987854251012146,0
2914,0030,1,2026-06-14 08:16:40,0.1987854251012146,0
2915,0030,1,2026-06-14 08:16:50,0.1987854251012146,0
2916,0030,1,2026-06-14 08:17:00,0.1987854251012146,0
2917,0030,1,2026-06-14 08:17:10,0.1987854251012146,1
2918,0030,1,2026-06-14 08:17:20,0.1987854251012146,0
2919,0030,1,2026-06-14 08:17:30,0.1987854251012146,0
2920,0016,1,2026-06-14 09:30:10,0.4665991902834008,0
2921,0016,1,2026-06-14 09:30:10,0.4665991902834008,0
2922,0016,1,2026-06-14 09:30:10,0.4665991902834008,0
2923,0178,1,2026-06-14 09:30:10,0.1987854251012146,0
2924,0016,1,2026-06-14 09:30:20,0.4665991902834008,0
2925,0016,1,2026-06-14 09:30:20,0.4665991902834008,0
2926,0016,1,2026-06-14 09:30:20,0.4665991902834008,0
2927,0178,1,2026-06-14 09:30:20,0.1987854251012146,0
2928,0016,1,2026-06-14 09:30:30,0.4665991902834008,0
2929,0016,1,2026-06-14 09:30:30,0.4665991902834008,0
2930,0016,1,2026-06-14 09:30:30,0.4665991902834008,0
2931,0178,1,2026-06-14 09:30:30,0.1987854251012146,0
2932,0016,1,2026-06-14 09:30:40,0.4665991902834008,0
2933,0016,1,2026-06-14 09:30:40,0.4665991902834008,0
2934,0016,1,2026-06-14 09:30:40,0.4665991902834008,0
2935,0016,1,2026-06-14 09:30:40,0.4665991902834008,0
2936,0016,1,2026-06-14 09:30:40,0.4665991902834008,0
2937,0178,1,2026-06-14 09:30:40,0.1987854251012146,0
2938,0016,1,2026-06-14 09:30:50,0.4665991902834008,0
2939,0016,1,2026-06-14 09:30:50,0.4665991902834008,0
2940,0016,1,2026-06-14 09:30:50,0.4665991902834008,0
2941,0016,1,2026-06-14 09:30:50,0.4665991902834008,0
2942,0016,1,2026-06-14 09:30:50,0.4665991902834008,0
2943,0178,1,2026-06-14 09:30:50,0.1987854251012146,0
2944,0016,1,2026-06-14 09:31:00,0.4665991902834008,0
2945,0016,1,2026-06-14 09:31:00,0.4665991902834008,0
2946,0016,1,2026-06-14 09:31:00,0.4665991902834008,0
2947,0016,1,2026-06-14 09:31:00,0.4665991902834008,0
2948,0016,1,2026-06-14 09:31:00,0.4665991902834008,0
2949,0016,1,2026-06-14 09:31:00,0.4665991902834008,0
2950,0178,1,2026-06-14 09:31:00,0.1987854251012146,0
2951,0016,1,2026-06-14 09:31:10,0.4665991902834008,0
2952,0016,1,2026-06-14 09:31:10,0.4665991902834008,0
2953,0016,1,2026-06-14 09:31:10,0.4665991902834008,0
2954,0016,1,2026-06-14 09:31:10,0.4665991902834008,0
2955,0016,1,2026-06-14 09:31:10,0.4665991902834008,0
2956,0016,1,2026-06-14 09:31:10,0.4665991902834008,0
2957,0016,1,2026-06-14 09:31:10,0.4665991902834008,0
2958,0016,1,2026-06-14 09:31:10,0.4665991902834008,0
2959,0178,1,2026-06-14 09:31:10,0.1987854251012146,0
2960,0247,1,2026-06-14 09:31:10,0.8038461538461539,0
2961,0247,1,2026-06-14 09:31:10,0.8038461538461539,0
2962,0247,1,2026-06-14 09:31:10,0.8038461538461539,0
2963,0276,1,2026-06-14 09:31:10,0.0629554655870445,0
2964,0016,1,2026-06-14 09:31:20,0.4665991902834008,0
2965,0016,1,2026-06-14 09:31:20,0.4665991902834008,0
2966,0016,1,2026-06-14 09:31:20,0.4665991902834008,0
2967,0016,1,2026-06-14 09:31:20,0.4665991902834008,0
2968,0016,1,2026-06-14 09:31:20,0.4665991902834008,0
2969,0016,1,2026-06-14 09:31:20,0.4665991902834008,0
2970,0016,1,2026-06-14 09:31:20,0.4665991902834008,0
2971,0016,1,2026-06-14 09:31:20,0.4665991902834008,0
2972,0178,1,2026-06-14 09:31:20,0.1987854251012146,0
2973,0199,1,2026-06-14 09:31:20,0.1340080971659919,0
2974,0247,1,2026-06-14 09:31:20,0.8038461538461539,0
2975,0247,1,2026-06-14 09:31:20,0.8038461538461539,0
2976,0247,1,2026-06-14 09:31:20,0.8038461538461539,0
2977,0276,1,2026-06-14 09:31:20,0.0629554655870445,0
2978,0016,1,2026-06-14 09:31:30,0.4665991902834008,0
2979,0016,1,2026-06-14 09:31:30,0.4665991902834008,0
2980,0016,1,2026-06-14 09:31:30,0.4665991902834008,0
2981,0016,1,2026-06-14 09:31:30,0.4665991902834008,0
2982,0178,1,2026-06-14 09:31:30,0.1987854251012146,0
2983,0199,1,2026-06-14 09:31:30,0.1340080971659919,0
2984,0247,1,2026-06-14 09:31:30,0.8038461538461539,0
2985,0247,1,2026-06-14 09:31:30,0.8038461538461539,0
2986,0247,1,2026-06-14 09:31:30,0.8038461538461539,1
2987,0276,1,2026-06-14 09:31:30,0.0629554655870445,0
2988,0016,1,2026-06-14 09:31:40,0.4665991902834008,0
2989,0016,1,2026-06-14 09:31:40,0.4665991902834008,0
2990,0016,1,2026-06-14 09:31:40,0.4665991902834008,0
2991,0016,1,2026-06-14 09:31:40,0.4665991902834008,0
2992,0178,1,2026-06-14 09:31:40,0.1987854251012146,0
2993,0199,1,2026-06-14 09:31:40,0.1340080971659919,0
2994,0247,1,2026-06-14 09:31:40,0.8038461538461539,0
2995,0247,1,2026-06-14 09:31:40,0.8038461538461539,0
2996,0247,1,2026-06-14 09:31:40,0.8038461538461539,0
2997,0247,1,2026-06-14 09:31:40,0.8038461538461539,0
2998,0247,1,2026-06-14 09:31:40,0.8038461538461539,0
2999,0276,1,2026-06-14 09:31:40,0.0629554655870445,0
3000,0285,1,2026-06-14 09:31:40,1.0000000000000000,0
3001,0016,1,2026-06-14 09:31:50,0.4665991902834008,0
3002,0016,1,2026-06-14 09:31:50,0.4665991902834008,0
3003,0178,1,2026-06-14 09:31:50,0.1987854251012146,0
3004,0199,1,2026-06-14 09:31:50,0.1340080971659919,0
3005,0230,1,2026-06-14 09:31:50,0.4665991902834008,0
3006,0247,1,2026-06-14 09:31:50,0.8038461538461539,0
3007,0247,1,2026-06-14 09:31:50,0.8038461538461539,0
3008,0247,1,2026-06-14 09:31:50,0.8038461538461539,0
3009,0247,1,2026-06-14 09:31:50,0.8038461538461539,0
3010,0247,1,2026-06-14 09:31:50,0.8038461538461539,0
3011,0247,1,2026-06-14 09:31:50,0.8038461538461539,0
3012,0276,1,2026-06-14 09:31:50,0.0629554655870445,0
3013,0285,1,2026-06-14 09:31:50,1.0000000000000000,0
3014,0353,1,2026-06-14 09:31:50,1.0000000000000000,0
3015,0042,1,2026-06-14 09:32:00,0.3402834008097166,0
3016,0134,1,2026-06-14 09:32:00,0.9289473684210526,0
3017,0155,1,2026-06-14 09:32:00,0.2900809716599190,0
3018,0199,1,2026-06-14 09:32:00,0.1340080971659919,0
3019,0211,1,2026-06-14 09:32:00,0.2900809716599190,0
3020,0230,1,2026-06-14 09:32:00,0.4665991902834008,0
3021,0247,1,2026-06-14 09:32:00,0.8038461538461539,0
3022,0247,1,2026-06-14 09:32:00,0.8038461538461539,1
3023,0247,1,2026-06-14 09:32:00,0.8038461538461539,0
3024,0247,1,2026-06-14 09:32:00,0.8038461538461539,0
3025,0247,1,2026-06-14 09:32:00,0.8038461538461539,0
3026,0269,1,2026-06-14 09:32:00,0.8038461538461539,0
3027,0276,1,2026-06-14 09:32:00,0.0629554655870445,0
3028,0285,1,2026-06-14 09:32:00,1.0000000000000000,0
3029,0327,1,2026-06-14 09:32:00,0.9289473684210526,0
3030,0353,1,2026-06-14 09:32:00,1.0000000000000000,0
3031,0412,1,2026-06-14 09:32:00,0.8038461538461539,0
3032,0425,1,2026-06-14 09:32:00,0.3402834008097166,0
3033,0042,1,2026-06-14 09:32:10,0.3402834008097166,0
3034,0134,1,2026-06-14 09:32:10,0.9289473684210526,0
3035,0155,1,2026-06-14 09:32:10,0.2900809716599190,0
3036,0199,1,2026-06-14 09:32:10,0.1340080971659919,0
3037,0211,1,2026-06-14 09:32:10,0.2900809716599190,0
3038,0230,1,2026-06-14 09:32:10,0.4665991902834008,0
3039,0247,1,2026-06-14 09:32:10,0.8038461538461539,0
3040,0247,1,2026-06-14 09:32:10,0.8038461538461539,0
3041,0247,1,2026-06-14 09:32:10,0.8038461538461539,0
3042,0247,1,2026-06-14 09:32:10,0.8038461538461539,0
3043,0247,1,2026-06-14 09:32:10,0.8038461538461539,0
3044,0269,1,2026-06-14 09:32:10,0.8038461538461539,0
3045,0276,1,2026-06-14 09:32:10,0.0629554655870445,0
3046,0285,1,2026-06-14 09:32:10,1.0000000000000000,0
3047,0327,1,2026-06-14 09:32:10,0.9289473684210526,0
3048,0353,1,2026-06-14 09:32:10,1.0000000000000000,0
3049,0412,1,2026-06-14 09:32:10,0.8038461538461539,0
3050,0425,1,2026-06-14 09:32:10,0.3402834008097166,0
3051,0042,1,2026-06-14 09:32:20,0.3402834008097166,0
3052,0134,1,2026-06-14 09:32:20,0.9289473684210526,0
3053,0155,1,2026-06-14 09:32:20,0.2900809716599190,0
3054,0199,1,2026-06-14 09:32:20,0.1340080971659919,0
3055,0211,1,2026-06-14 09:32:20,0.2900809716599190,0
3056,0230,1,2026-06-14 09:32:20,0.4665991902834008,0
3057,0247,1,2026-06-14 09:32:20,0.8038461538461539,0
3058,0247,1,2026-06-14 09:32:20,0.8038461538461539,0
3059,0247,1,2026-06-14 09:32:20,0.8038461538461539,0
3060,0247,1,2026-06-14 09:32:20,0.8038461538461539,0
3061,0269,1,2026-06-14 09:32:20,0.8038461538461539,0
3062,0276,1,2026-06-14 09:32:20,0.0629554655870445,0
3063,0285,1,2026-06-14 09:32:20,1.0000000000000000,0
3064,0306,1,2026-06-14 09:32:20,0.6115384615384616,0
3065,0327,1,2026-06-14 09:32:20,0.9289473684210526,0
3066,0353,1,2026-06-14 09:32:20,1.0000000000000000,0
3067,0412,1,2026-06-14 09:32:20,0.8038461538461539,1
3068,0425,1,2026-06-14 09:32:20,0.3402834008097166,0
3069,0042,1,2026-06-14 09:32:30,0.3402834008097166,0
3070,0134,1,2026-06-14 09:32:30,0.9289473684210526,0
3071,0155,1,2026-06-14 09:32:30,0.2900809716599190,0
3072,0199,1,2026-06-14 09:32:30,0.1340080971659919,0
3073,0211,1,2026-06-14 09:32:30,0.2900809716599190,0
3074,0230,1,2026-06-14 09:32:30,0.4665991902834008,0
3075,0247,1,2026-06-14 09:32:30,0.8038461538461539,0
3076,0247,1,2026-06-14 09:32:30,0.8038461538461539,0
3077,0247,1,2026-06-14 09:32:30,0.8038461538461539,0
3078,0269,1,2026-06-14 09:32:30,0.8038461538461539,0
3079,0276,1,2026-06-14 09:32:30,0.0629554655870445,0
3080,0285,1,2026-06-14 09:32:30,1.0000000000000000,0
3081,0306,1,2026-06-14 09:32:30,0.6115384615384616,0
3082,0327,1,2026-06-14 09:32:30,0.9289473684210526,0
3083,0353,1,2026-06-14 09:32:30,1.0000000000000000,0
3084,0412,1,2026-06-14 09:32:30,0.8038461538461539,0
3085,0425,1,2026-06-14 09:32:30,0.3402834008097166,0
3086,0042,1,2026-06-14 09:32:40,0.3402834008097166,0
3087,0108,1,2026-06-14 09:32:40,0.1987854251012146,0
3088,0134,1,2026-06-14 09:32:40,0.9289473684210526,0
3089,0155,1,2026-06-14 09:32:40,0.2900809716599190,0
3090,0199,1,2026-06-14 09:32:40,0.1340080971659919,0
3091,0247,1,2026-06-14 09:32:40,0.8038461538461539,0
3092,0247,1,2026-06-14 09:32:40,0.8038461538461539,0
3093,0269,1,2026-06-14 09:32:40,0.8038461538461539,0
3094,0276,1,2026-06-14 09:32:40,0.0629554655870445,0
3095,0285,1,2026-06-14 09:32:40,1.0000000000000000,0
3096,0327,1,2026-06-14 09:32:40,0.9289473684210526,0
3097,0412,1,2026-06-14 09:32:40,0.8038461538461539,0
3098,0425,1,2026-06-14 09:32:40,0.3402834008097166,0
3099,0042,1,2026-06-14 09:32:50,0.3402834008097166,0
3100,0108,1,2026-06-14 09:32:50,0.1987854251012146,0
3101,0134,1,2026-06-14 09:32:50,0.9289473684210526,0
3102,0155,1,2026-06-14 09:32:50,0.2900809716599190,0
3103,0199,1,2026-06-14 09:32:50,0.1340080971659919,0
3104,0269,1,2026-06-14 09:32:50,0.8038461538461539,0
3105,0285,1,2026-06-14 09:32:50,1.0000000000000000,0
3106,0327,1,2026-06-14 09:32:50,0.9289473684210526,0
3107,0412,1,2026-06-14 09:32:50,0.8038461538461539,0
3108,0425,1,2026-06-14 09:32:50,0.3402834008097166,0
3109,0042,1,2026-06-14 09:33:00,0.3402834008097166,0
3110,0108,1,2026-06-14 09:33:00,0.1987854251012146,0
3111,0134,1,2026-06-14 09:33:00,0.9289473684210526,0
3112,0155,1,2026-06-14 09:33:00,0.2900809716599190,0
3113,0199,1,2026-06-14 09:33:00,0.1340080971659919,0
3114,0269,1,2026-06-14 09:33:00,0.8038461538461539,0
3115,0285,1,2026-06-14 09:33:00,1.0000000000000000,0
3116,0327,1,2026-06-14 09:33:00,0.9289473684210526,0
3117,0403,1,2026-06-14 09:33:00,0.5303643724696356,0
3118,0412,1,2026-06-14 09:33:00,0.8038461538461539,0
3119,0042,1,2026-06-14 09:33:10,0.3402834008097166,0
3120,0108,1,2026-06-14 09:33:10,0.1987854251012146,0
3121,0134,1,2026-06-14 09:33:10,0.9289473684210526,0
3122,0155,1,2026-06-14 09:33:10,0.2900809716599190,0
3123,0199,1,2026-06-14 09:33:10,0.1340080971659919,0
3124,0269,1,2026-06-14 09:33:10,0.8038461538461539,0
3125,0327,1,2026-06-14 09:33:10,0.9289473684210526,0
3126,0412,1,2026-06-14 09:33:10,0.8038461538461539,0
3127,0042,1,2026-06-14 09:33:20,0.3402834008097166,0
3128,0108,1,2026-06-14 09:33:20,0.1987854251012146,0
3129,0134,1,2026-06-14 09:33:20,0.9289473684210526,0
3130,0155,1,2026-06-14 09:33:20,0.2900809716599190,0
3131,0269,1,2026-06-14 09:33:20,0.8038461538461539,1
3132,0327,1,2026-06-14 09:33:20,0.9289473684210526,0
3133,0412,1,2026-06-14 09:33:20,0.8038461538461539,0
3134,0042,1,2026-06-14 09:33:30,0.3402834008097166,1
3135,0108,1,2026-06-14 09:33:30,0.1987854251012146,0
3136,0134,1,2026-06-14 09:33:30,0.9289473684210526,0
3137,0155,1,2026-06-14 09:33:30,0.2900809716599190,0
3138,0269,1,2026-06-14 09:33:30,0.8038461538461539,0
3139,0327,1,2026-06-14 09:33:30,0.9289473684210526,0
3140,0412,1,2026-06-14 09:33:30,0.8038461538461539,0
3141,0042,1,2026-06-14 09:33:40,0.3402834008097166,0
3142,0108,1,2026-06-14 09:33:40,0.1987854251012146,0
3143,0134,1,2026-06-14 09:33:40,0.9289473684210526,0
3144,0155,1,2026-06-14 09:33:40,0.2900809716599190,0
3145,0269,1,2026-06-14 09:33:40,0.8038461538461539,0
3146,0327,1,2026-06-14 09:33:40,0.9289473684210526,0
3147,0412,1,2026-06-14 09:33:40,0.8038461538461539,0
3148,0108,1,2026-06-14 09:33:50,0.1987854251012146,0
3149,0327,1,2026-06-14 09:33:50,0.9289473684210526,0
3150,0108,1,2026-06-14 09:34:00,0.1987854251012146,0
3151,0108,1,2026-06-14 09:34:10,0.1987854251012146,0
3152,0495,1,2026-06-14 09:35:30,0.9289473684210526,0
3153,0495,1,2026-06-14 09:35:40,0.9289473684210526,0
3154,0423,1,2026-06-14 09:35:50,0.1340080971659919,0
3155,0495,1,2026-06-14 09:35:50,0.9289473684210526,0
3156,0423,1,2026-06-14 09:36:00,0.1340080971659919,0
3157,0495,1,2026-06-14 09:36:00,0.9289473684210526,0
3158,0423,1,2026-06-14 09:36:10,0.1340080971659919,0
3159,0495,1,2026-06-14 09:36:10,0.9289473684210526,0
3160,0423,1,2026-06-14 09:36:20,0.1340080971659919,0
3161,0495,1,2026-06-14 09:36:20,0.9289473684210526,0
3162,0423,1,2026-06-14 09:36:30,0.1340080971659919,0
3163,0495,1,2026-06-14 09:36:30,0.9289473684210526,0
3164,0423,1,2026-06-14 09:36:40,0.1340080971659919,0
3165,0495,1,2026-06-14 09:36:40,0.9289473684210526,0
3166,0423,1,2026-06-14 09:36:50,0.1340080971659919,0
3167,0495,1,2026-06-14 09:36:50,0.9289473684210526,0
3168,0423,1,2026-06-14 09:37:00,0.1340080971659919,0
3169,0495,1,2026-06-14 09:37:00,0.9289473684210526,0
3170,0423,1,2026-06-14 09:37:10,0.1340080971659919,0
3171,0495,1,2026-06-14 09:37:10,0.9289473684210526,0
3172,0423,1,2026-06-14 09:37:20,0.1340080971659919,0
3173,0495,1,2026-06-14 09:37:20,0.9289473684210526,0
3174,0016,2,2026-06-13 10:22:00,0.4665991902834008,0
3175,0016,2,2026-06-13 10:22:00,0.4665991902834008,0
3176,0016,2,2026-06-13 10:22:00,0.4665991902834008,0
3177,0016,2,2026-06-13 10:22:10,0.4665991902834008,0
3178,0016,2,2026-06-13 10:22:10,0.4665991902834008,0
3179,0178,2,2026-06-13 10:22:10,0.1987854251012146,0
3180,0016,2,2026-06-13 10:22:20,0.4665991902834008,0
3181,0016,2,2026-06-13 10:22:20,0.4665991902834008,0
3182,0016,2,2026-06-13 10:22:20,0.4665991902834008,0
3183,0178,2,2026-06-13 10:22:20,0.1987854251012146,0
3184,0016,2,2026-06-13 10:22:30,0.4665991902834008,0
3185,0016,2,2026-06-13 10:22:30,0.4665991902834008,0
3186,0016,2,2026-06-13 10:22:30,0.4665991902834008,0
3187,0016,2,2026-06-13 10:22:30,0.4665991902834008,0
3188,0178,2,2026-06-13 10:22:30,0.1987854251012146,0
3189,0016,2,2026-06-13 10:22:40,0.4665991902834008,0
3190,0016,2,2026-06-13 10:22:40,0.4665991902834008,0
3191,0016,2,2026-06-13 10:22:40,0.4665991902834008,0
3192,0016,2,2026-06-13 10:22:40,0.4665991902834008,0
3193,0016,2,2026-06-13 10:22:40,0.4665991902834008,0
3194,0016,2,2026-06-13 10:22:40,0.4665991902834008,0
3195,0016,2,2026-06-13 10:22:40,0.4665991902834008,0
3196,0016,2,2026-06-13 10:22:40,0.4665991902834008,0
3197,0178,2,2026-06-13 10:22:40,0.1987854251012146,0
3198,0016,2,2026-06-13 10:22:50,0.4665991902834008,0
3199,0016,2,2026-06-13 10:22:50,0.4665991902834008,0
3200,0016,2,2026-06-13 10:22:50,0.4665991902834008,0
3201,0016,2,2026-06-13 10:22:50,0.4665991902834008,0
3202,0016,2,2026-06-13 10:22:50,0.4665991902834008,0
3203,0016,2,2026-06-13 10:22:50,0.4665991902834008,0
3204,0016,2,2026-06-13 10:22:50,0.4665991902834008,0
3205,0178,2,2026-06-13 10:22:50,0.1987854251012146,0
3206,0016,2,2026-06-13 10:23:00,0.4665991902834008,0
3207,0016,2,2026-06-13 10:23:00,0.4665991902834008,0
3208,0016,2,2026-06-13 10:23:00,0.4665991902834008,0
3209,0016,2,2026-06-13 10:23:00,0.4665991902834008,0
3210,0016,2,2026-06-13 10:23:00,0.4665991902834008,0
3211,0016,2,2026-06-13 10:23:00,0.4665991902834008,0
3212,0178,2,2026-06-13 10:23:00,0.1987854251012146,0
3213,0247,2,2026-06-13 10:23:00,0.8038461538461539,0
3214,0247,2,2026-06-13 10:23:00,0.8038461538461539,0
3215,0247,2,2026-06-13 10:23:00,0.8038461538461539,0
3216,0016,2,2026-06-13 10:23:10,0.4665991902834008,0
3217,0016,2,2026-06-13 10:23:10,0.4665991902834008,0
3218,0016,2,2026-06-13 10:23:10,0.4665991902834008,0
3219,0016,2,2026-06-13 10:23:10,0.4665991902834008,0
3220,0016,2,2026-06-13 10:23:10,0.4665991902834008,0
3221,0016,2,2026-06-13 10:23:10,0.4665991902834008,0
3222,0178,2,2026-06-13 10:23:10,0.1987854251012146,0
3223,0247,2,2026-06-13 10:23:10,0.8038461538461539,0
3224,0247,2,2026-06-13 10:23:10,0.8038461538461539,0
3225,0276,2,2026-06-13 10:23:10,0.0629554655870445,0
3226,0016,2,2026-06-13 10:23:20,0.4665991902834008,0
3227,0016,2,2026-06-13 10:23:20,0.4665991902834008,0
3228,0016,2,2026-06-13 10:23:20,0.4665991902834008,0
3229,0016,2,2026-06-13 10:23:20,0.4665991902834008,0
3230,0178,2,2026-06-13 10:23:20,0.1987854251012146,0
3231,0199,2,2026-06-13 10:23:20,0.1340080971659919,0
3232,0247,2,2026-06-13 10:23:20,0.8038461538461539,0
3233,0247,2,2026-06-13 10:23:20,0.8038461538461539,0
3234,0247,2,2026-06-13 10:23:20,0.8038461538461539,0
3235,0276,2,2026-06-13 10:23:20,0.0629554655870445,0
3236,0016,2,2026-06-13 10:23:30,0.4665991902834008,0
3237,0016,2,2026-06-13 10:23:30,0.4665991902834008,0
3238,0178,2,2026-06-13 10:23:30,0.1987854251012146,1
3239,0199,2,2026-06-13 10:23:30,0.1340080971659919,0
3240,0247,2,2026-06-13 10:23:30,0.8038461538461539,0
3241,0247,2,2026-06-13 10:23:30,0.8038461538461539,0
3242,0247,2,2026-06-13 10:23:30,0.8038461538461539,0
3243,0247,2,2026-06-13 10:23:30,0.8038461538461539,0
3244,0276,2,2026-06-13 10:23:30,0.0629554655870445,0
3245,0285,2,2026-06-13 10:23:30,1.0000000000000000,0
3246,0016,2,2026-06-13 10:23:40,0.4665991902834008,0
3247,0016,2,2026-06-13 10:23:40,0.4665991902834008,0
3248,0016,2,2026-06-13 10:23:40,0.4665991902834008,0
3249,0178,2,2026-06-13 10:23:40,0.1987854251012146,0
3250,0199,2,2026-06-13 10:23:40,0.1340080971659919,0
3251,0230,2,2026-06-13 10:23:40,0.4665991902834008,0
3252,0247,2,2026-06-13 10:23:40,0.8038461538461539,0
3253,0247,2,2026-06-13 10:23:40,0.8038461538461539,0
3254,0247,2,2026-06-13 10:23:40,0.8038461538461539,0
3255,0247,2,2026-06-13 10:23:40,0.8038461538461539,0
3256,0247,2,2026-06-13 10:23:40,0.8038461538461539,0
3257,0247,2,2026-06-13 10:23:40,0.8038461538461539,0
3258,0247,2,2026-06-13 10:23:40,0.8038461538461539,0
3259,0276,2,2026-06-13 10:23:40,0.0629554655870445,0
3260,0285,2,2026-06-13 10:23:40,1.0000000000000000,0
3261,0353,2,2026-06-13 10:23:40,1.0000000000000000,0
3262,0016,2,2026-06-13 10:23:50,0.4665991902834008,0
3263,0016,2,2026-06-13 10:23:50,0.4665991902834008,0
3264,0016,2,2026-06-13 10:23:50,0.4665991902834008,0
3265,0042,2,2026-06-13 10:23:50,0.3402834008097166,0
3266,0134,2,2026-06-13 10:23:50,0.9289473684210526,0
3267,0178,2,2026-06-13 10:23:50,0.1987854251012146,0
3268,0199,2,2026-06-13 10:23:50,0.1340080971659919,0
3269,0211,2,2026-06-13 10:23:50,0.2900809716599190,0
3270,0230,2,2026-06-13 10:23:50,0.4665991902834008,0
3271,0247,2,2026-06-13 10:23:50,0.8038461538461539,0
3272,0247,2,2026-06-13 10:23:50,0.8038461538461539,0
3273,0247,2,2026-06-13 10:23:50,0.8038461538461539,0
3274,0247,2,2026-06-13 10:23:50,0.8038461538461539,0
3275,0247,2,2026-06-13 10:23:50,0.8038461538461539,0
3276,0247,2,2026-06-13 10:23:50,0.8038461538461539,0
3277,0247,2,2026-06-13 10:23:50,0.8038461538461539,0
3278,0276,2,2026-06-13 10:23:50,0.0629554655870445,0
3279,0285,2,2026-06-13 10:23:50,1.0000000000000000,0
3280,0353,2,2026-06-13 10:23:50,1.0000000000000000,0
3281,0412,2,2026-06-13 10:23:50,0.8038461538461539,0
3282,0425,2,2026-06-13 10:23:50,0.3402834008097166,0
3283,0042,2,2026-06-13 10:24:00,0.3402834008097166,0
3284,0134,2,2026-06-13 10:24:00,0.9289473684210526,0
3285,0155,2,2026-06-13 10:24:00,0.2900809716599190,0
3286,0199,2,2026-06-13 10:24:00,0.1340080971659919,0
3287,0211,2,2026-06-13 10:24:00,0.2900809716599190,0
3288,0230,2,2026-06-13 10:24:00,0.4665991902834008,0
3289,0247,2,2026-06-13 10:24:00,0.8038461538461539,0
3290,0247,2,2026-06-13 10:24:00,0.8038461538461539,0
3291,0247,2,2026-06-13 10:24:00,0.8038461538461539,0
3292,0269,2,2026-06-13 10:24:00,0.8038461538461539,0
3293,0276,2,2026-06-13 10:24:00,0.0629554655870445,0
3294,0285,2,2026-06-13 10:24:00,1.0000000000000000,0
3295,0306,2,2026-06-13 10:24:00,0.6115384615384616,0
3296,0327,2,2026-06-13 10:24:00,0.9289473684210526,0
3297,0353,2,2026-06-13 10:24:00,1.0000000000000000,0
3298,0412,2,2026-06-13 10:24:00,0.8038461538461539,0
3299,0425,2,2026-06-13 10:24:00,0.3402834008097166,0
3300,0042,2,2026-06-13 10:24:10,0.3402834008097166,0
3301,0134,2,2026-06-13 10:24:10,0.9289473684210526,0
3302,0155,2,2026-06-13 10:24:10,0.2900809716599190,0
3303,0199,2,2026-06-13 10:24:10,0.1340080971659919,0
3304,0211,2,2026-06-13 10:24:10,0.2900809716599190,0
3305,0230,2,2026-06-13 10:24:10,0.4665991902834008,0
3306,0247,2,2026-06-13 10:24:10,0.8038461538461539,0
3307,0247,2,2026-06-13 10:24:10,0.8038461538461539,0
3308,0247,2,2026-06-13 10:24:10,0.8038461538461539,0
3309,0269,2,2026-06-13 10:24:10,0.8038461538461539,0
3310,0276,2,2026-06-13 10:24:10,0.0629554655870445,0
3311,0285,2,2026-06-13 10:24:10,1.0000000000000000,0
3312,0306,2,2026-06-13 10:24:10,0.6115384615384616,0
3313,0327,2,2026-06-13 10:24:10,0.9289473684210526,0
3314,0353,2,2026-06-13 10:24:10,1.0000000000000000,0
3315,0412,2,2026-06-13 10:24:10,0.8038461538461539,0
3316,0425,2,2026-06-13 10:24:10,0.3402834008097166,0
3317,0042,2,2026-06-13 10:24:20,0.3402834008097166,0
3318,0134,2,2026-06-13 10:24:20,0.9289473684210526,0
3319,0155,2,2026-06-13 10:24:20,0.2900809716599190,0
3320,0199,2,2026-06-13 10:24:20,0.1340080971659919,0
3321,0211,2,2026-06-13 10:24:20,0.2900809716599190,0
3322,0230,2,2026-06-13 10:24:20,0.4665991902834008,0
3323,0247,2,2026-06-13 10:24:20,0.8038461538461539,0
3324,0247,2,2026-06-13 10:24:20,0.8038461538461539,0
3325,0269,2,2026-06-13 10:24:20,0.8038461538461539,0
3326,0276,2,2026-06-13 10:24:20,0.0629554655870445,0
3327,0285,2,2026-06-13 10:24:20,1.0000000000000000,0
3328,0306,2,2026-06-13 10:24:20,0.6115384615384616,0
3329,0327,2,2026-06-13 10:24:20,0.9289473684210526,0
3330,0353,2,2026-06-13 10:24:20,1.0000000000000000,0
3331,0412,2,2026-06-13 10:24:20,0.8038461538461539,0
3332,0425,2,2026-06-13 10:24:20,0.3402834008097166,0
3333,0042,2,2026-06-13 10:24:30,0.3402834008097166,0
3334,0108,2,2026-06-13 10:24:30,0.1987854251012146,0
3335,0134,2,2026-06-13 10:24:30,0.9289473684210526,0
3336,0155,2,2026-06-13 10:24:30,0.2900809716599190,0
3337,0199,2,2026-06-13 10:24:30,0.1340080971659919,0
3338,0211,2,2026-06-13 10:24:30,0.2900809716599190,0
3339,0230,2,2026-06-13 10:24:30,0.4665991902834008,0
3340,0247,2,2026-06-13 10:24:30,0.8038461538461539,0
3341,0247,2,2026-06-13 10:24:30,0.8038461538461539,0
3342,0247,2,2026-06-13 10:24:30,0.8038461538461539,0
3343,0269,2,2026-06-13 10:24:30,0.8038461538461539,0
3344,0276,2,2026-06-13 10:24:30,0.0629554655870445,0
3345,0285,2,2026-06-13 10:24:30,1.0000000000000000,0
3346,0306,2,2026-06-13 10:24:30,0.6115384615384616,0
3347,0327,2,2026-06-13 10:24:30,0.9289473684210526,0
3348,0353,2,2026-06-13 10:24:30,1.0000000000000000,0
3349,0412,2,2026-06-13 10:24:30,0.8038461538461539,0
3350,0425,2,2026-06-13 10:24:30,0.3402834008097166,0
3351,0042,2,2026-06-13 10:24:40,0.3402834008097166,0
3352,0108,2,2026-06-13 10:24:40,0.1987854251012146,0
3353,0134,2,2026-06-13 10:24:40,0.9289473684210526,0
3354,0155,2,2026-06-13 10:24:40,0.2900809716599190,0
3355,0199,2,2026-06-13 10:24:40,0.1340080971659919,0
3356,0247,2,2026-06-13 10:24:40,0.8038461538461539,0
3357,0247,2,2026-06-13 10:24:40,0.8038461538461539,0
3358,0269,2,2026-06-13 10:24:40,0.8038461538461539,0
3359,0285,2,2026-06-13 10:24:40,1.0000000000000000,0
3360,0306,2,2026-06-13 10:24:40,0.6115384615384616,0
3361,0327,2,2026-06-13 10:24:40,0.9289473684210526,0
3362,0412,2,2026-06-13 10:24:40,0.8038461538461539,0
3363,0425,2,2026-06-13 10:24:40,0.3402834008097166,0
3364,0042,2,2026-06-13 10:24:50,0.3402834008097166,0
3365,0108,2,2026-06-13 10:24:50,0.1987854251012146,0
3366,0134,2,2026-06-13 10:24:50,0.9289473684210526,0
3367,0155,2,2026-06-13 10:24:50,0.2900809716599190,0
3368,0199,2,2026-06-13 10:24:50,0.1340080971659919,0
3369,0269,2,2026-06-13 10:24:50,0.8038461538461539,0
3370,0285,2,2026-06-13 10:24:50,1.0000000000000000,0
3371,0327,2,2026-06-13 10:24:50,0.9289473684210526,0
3372,0412,2,2026-06-13 10:24:50,0.8038461538461539,0
3373,0425,2,2026-06-13 10:24:50,0.3402834008097166,0
3374,0042,2,2026-06-13 10:25:00,0.3402834008097166,0
3375,0108,2,2026-06-13 10:25:00,0.1987854251012146,0
3376,0134,2,2026-06-13 10:25:00,0.9289473684210526,0
3377,0155,2,2026-06-13 10:25:00,0.2900809716599190,0
3378,0199,2,2026-06-13 10:25:00,0.1340080971659919,0
3379,0269,2,2026-06-13 10:25:00,0.8038461538461539,0
3380,0327,2,2026-06-13 10:25:00,0.9289473684210526,0
3381,0412,2,2026-06-13 10:25:00,0.8038461538461539,0
3382,0042,2,2026-06-13 10:25:10,0.3402834008097166,0
3383,0108,2,2026-06-13 10:25:10,0.1987854251012146,0
3384,0134,2,2026-06-13 10:25:10,0.9289473684210526,0
3385,0155,2,2026-06-13 10:25:10,0.2900809716599190,0
3386,0199,2,2026-06-13 10:25:10,0.1340080971659919,0
3387,0269,2,2026-06-13 10:25:10,0.8038461538461539,0
3388,0327,2,2026-06-13 10:25:10,0.9289473684210526,0
3389,0412,2,2026-06-13 10:25:10,0.8038461538461539,0
3390,0042,2,2026-06-13 10:25:20,0.3402834008097166,0
3391,0108,2,2026-06-13 10:25:20,0.1987854251012146,0
3392,0134,2,2026-06-13 10:25:20,0.9289473684210526,0
3393,0155,2,2026-06-13 10:25:20,0.2900809716599190,0
3394,0269,2,2026-06-13 10:25:20,0.8038461538461539,0
3395,0327,2,2026-06-13 10:25:20,0.9289473684210526,0
3396,0412,2,2026-06-13 10:25:20,0.8038461538461539,0
3397,0042,2,2026-06-13 10:25:30,0.3402834008097166,0
3398,0108,2,2026-06-13 10:25:30,0.1987854251012146,0
3399,0134,2,2026-06-13 10:25:30,0.9289473684210526,0
3400,0155,2,2026-06-13 10:25:30,0.2900809716599190,0
3401,0269,2,2026-06-13 10:25:30,0.8038461538461539,0
3402,0324,2,2026-06-13 10:25:30,0.5303643724696356,0
3403,0327,2,2026-06-13 10:25:30,0.9289473684210526,0
3404,0412,2,2026-06-13 10:25:30,0.8038461538461539,0
3405,0108,2,2026-06-13 10:25:40,0.1987854251012146,0
3406,0155,2,2026-06-13 10:25:40,0.2900809716599190,0
3407,0269,2,2026-06-13 10:25:40,0.8038461538461539,0
3408,0324,2,2026-06-13 10:25:40,0.5303643724696356,0
3409,0327,2,2026-06-13 10:25:40,0.9289473684210526,0
3410,0412,2,2026-06-13 10:25:40,0.8038461538461539,0
3411,0108,2,2026-06-13 10:25:50,0.1987854251012146,0
3412,0324,2,2026-06-13 10:25:50,0.5303643724696356,0
3413,0108,2,2026-06-13 10:26:00,0.1987854251012146,0
3414,0108,2,2026-06-13 10:26:10,0.1987854251012146,0
3415,0495,2,2026-06-13 10:27:30,0.9289473684210526,0
3416,0423,2,2026-06-13 10:27:40,0.1340080971659919,0
3417,0495,2,2026-06-13 10:27:40,0.9289473684210526,0
3418,0423,2,2026-06-13 10:27:50,0.1340080971659919,0
3419,0495,2,2026-06-13 10:27:50,0.9289473684210526,0
3420,0423,2,2026-06-13 10:28:00,0.1340080971659919,0
3421,0495,2,2026-06-13 10:28:00,0.9289473684210526,0
3422,0423,2,2026-06-13 10:28:10,0.1340080971659919,0
3423,0495,2,2026-06-13 10:28:10,0.9289473684210526,0
3424,0423,2,2026-06-13 10:28:20,0.1340080971659919,0
3425,0495,2,2026-06-13 10:28:20,0.9289473684210526,0
3426,0423,2,2026-06-13 10:28:30,0.1340080971659919,0
3427,0495,2,2026-06-13 10:28:30,0.9289473684210526,0
3428,0423,2,2026-06-13 10:28:40,0.1340080971659919,0
3429,0495,2,2026-06-13 10:28:40,0.9289473684210526,0
3430,0423,2,2026-06-13 10:28:50,0.1340080971659919,0
3431,0495,2,2026-06-13 10:28:50,0.9289473684210526,0
3432,0423,2,2026-06-13 10:29:00,0.1340080971659919,0
3433,0495,2,2026-06-13 10:29:00,0.9289473684210526,0
3434,0423,2,2026-06-13 10:29:10,0.1340080971659919,0
3435,0495,2,2026-06-13 10:29:10,0.9289473684210526,0
3436,0423,2,2026-06-13 10:29:20,0.1340080971659919,0
3437,0495,2,2026-06-13 10:29:20,0.9289473684210526,0
3438,005,2,2026-06-13 10:33:50,0.1340080971659919,0
3439,005,2,2026-06-13 10:34:00,0.1340080971659919,0
3440,005,2,2026-06-13 10:34:10,0.1340080971659919,0
3441,005,2,2026-06-13 10:34:20,0.1340080971659919,0
3442,005,2,2026-06-13 10:34:30,0.1340080971659919,0
3443,005,2,2026-06-13 10:34:40,0.1340080971659919,0
3444,005,2,2026-06-13 10:34:50,0.1340080971659919,0
3445,005,2,2026-06-13 10:35:00,0.1340080971659919,0
3446,005,2,2026-06-13 10:35:10,0.1340080971659919,0
3447,005,2,2026-06-13 10:35:20,0.1340080971659919,0
3448,005,2,2026-06-13 10:35:30,0.1340080971659919,0
3449,0048,2,2026-06-13 10:35:50,0.0629554655870445,0
3450,0131,2,2026-06-13 10:35:50,0.4665991902834008,0
3451,0368,2,2026-06-13 10:35:50,0.9289473684210526,0
3452,0048,2,2026-06-13 10:36:00,0.0629554655870445,0
3453,0131,2,2026-06-13 10:36:00,0.4665991902834008,0
3454,0368,2,2026-06-13 10:36:00,0.9289473684210526,0
3455,0048,2,2026-06-13 10:36:10,0.0629554655870445,0
3456,0131,2,2026-06-13 10:36:10,0.4665991902834008,0
3457,0368,2,2026-06-13 10:36:10,0.9289473684210526,0
3458,0048,2,2026-06-13 10:36:20,0.0629554655870445,0
3459,0131,2,2026-06-13 10:36:20,0.4665991902834008,0
3460,0368,2,2026-06-13 10:36:20,0.9289473684210526,0
3461,0048,2,2026-06-13 10:36:30,0.0629554655870445,0
3462,0131,2,2026-06-13 10:36:30,0.4665991902834008,0
3463,0368,2,2026-06-13 10:36:30,0.9289473684210526,0
3464,0028,2,2026-06-13 10:36:40,0.0629554655870445,0
3465,0048,2,2026-06-13 10:36:40,0.0629554655870445,0
3466,0131,2,2026-06-13 10:36:40,0.4665991902834008,0
3467,0368,2,2026-06-13 10:36:40,0.9289473684210526,0
3468,0028,2,2026-06-13 10:36:50,0.0629554655870445,0
3469,0048,2,2026-06-13 10:36:50,0.0629554655870445,0
3470,0131,2,2026-06-13 10:36:50,0.4665991902834008,0
3471,0368,2,2026-06-13 10:36:50,0.9289473684210526,0
3472,0028,2,2026-06-13 10:37:00,0.0629554655870445,0
3473,0131,2,2026-06-13 10:37:00,0.4665991902834008,0
3474,0368,2,2026-06-13 10:37:00,0.9289473684210526,0
3475,0028,2,2026-06-13 10:37:10,0.0629554655870445,0
3476,0131,2,2026-06-13 10:37:10,0.4665991902834008,0
3477,0368,2,2026-06-13 10:37:10,0.9289473684210526,0
3478,0028,2,2026-06-13 10:37:20,0.0629554655870445,0
3479,0131,2,2026-06-13 10:37:20,0.4665991902834008,0
3480,0368,2,2026-06-13 10:37:20,0.9289473684210526,0
3481,0028,2,2026-06-13 10:37:30,0.0629554655870445,0
3482,0368,2,2026-06-13 10:37:30,0.9289473684210526,0
3483,0028,2,2026-06-13 10:37:40,0.0629554655870445,0
3484,0368,2,2026-06-13 10:37:40,0.9289473684210526,0
3485,0314,2,2026-06-13 14:00:40,0.9289473684210526,0
3486,0314,2,2026-06-13 14:00:50,0.9289473684210526,0
3487,0314,2,2026-06-13 14:01:00,0.9289473684210526,0
3488,0314,2,2026-06-13 14:01:10,0.9289473684210526,0
3489,0314,2,2026-06-13 14:01:20,0.9289473684210526,0
3490,0314,2,2026-06-13 14:01:30,0.9289473684210526,0
3491,0314,2,2026-06-13 14:01:40,0.9289473684210526,0
3492,0314,2,2026-06-13 14:01:50,0.9289473684210526,0
3493,0314,2,2026-06-13 14:02:00,0.9289473684210526,0
3494,0461,2,2026-06-13 14:02:00,0.8038461538461539,0
3495,0203,2,2026-06-13 14:02:10,0.2900809716599190,0
3496,0314,2,2026-06-13 14:02:10,0.9289473684210526,0
3497,0461,2,2026-06-13 14:02:10,0.8038461538461539,0
3498,0203,2,2026-06-13 14:02:20,0.2900809716599190,0
3499,0314,2,2026-06-13 14:02:20,0.9289473684210526,0
3500,0461,2,2026-06-13 14:02:20,0.8038461538461539,0
3501,0203,2,2026-06-13 14:02:30,0.2900809716599190,0
3502,0314,2,2026-06-13 14:02:30,0.9289473684210526,0
3503,0461,2,2026-06-13 14:02:30,0.8038461538461539,0
3504,0203,2,2026-06-13 14:02:40,0.2900809716599190,0
3505,0461,2,2026-06-13 14:02:40,0.8038461538461539,0
3506,0203,2,2026-06-13 14:02:50,0.2900809716599190,0
3507,0461,2,2026-06-13 14:02:50,0.8038461538461539,0
3508,0203,2,2026-06-13 14:03:00,0.2900809716599190,0
3509,0461,2,2026-06-13 14:03:00,0.8038461538461539,0
3510,0203,2,2026-06-13 14:03:10,0.2900809716599190,0
3511,0461,2,2026-06-13 14:03:10,0.8038461538461539,0
3512,0203,2,2026-06-13 14:03:20,0.2900809716599190,0
3513,0461,2,2026-06-13 14:03:20,0.8038461538461539,0
3514,0203,2,2026-06-13 14:03:30,0.2900809716599190,0
3515,0461,2,2026-06-13 14:03:30,0.8038461538461539,0
3516,0203,2,2026-06-13 14:03:40,0.2900809716599190,0
3517,0461,2,2026-06-13 14:03:40,0.8038461538461539,0
3518,0203,2,2026-06-13 14:03:50,0.2900809716599190,0
3519,0461,2,2026-06-13 14:03:50,0.8038461538461539,0
3520,0203,2,2026-06-13 14:04:00,0.2900809716599190,0
3521,0037,2,2026-06-13 14:04:20,0.8038461538461539,0
3522,0037,2,2026-06-13 14:04:30,0.8038461538461539,0
3523,0037,2,2026-06-13 14:04:40,0.8038461538461539,0
3524,0037,2,2026-06-13 14:04:50,0.8038461538461539,0
3525,0173,2,2026-06-13 14:04:50,0.6115384615384616,0
3526,0037,2,2026-06-13 14:05:00,0.8038461538461539,0
3527,0173,2,2026-06-13 14:05:00,0.6115384615384616,0
3528,0037,2,2026-06-13 14:05:10,0.8038461538461539,0
3529,0173,2,2026-06-13 14:05:10,0.6115384615384616,0
3530,0037,2,2026-06-13 14:05:20,0.8038461538461539,0
3531,0173,2,2026-06-13 14:05:20,0.6115384615384616,0
3532,0037,2,2026-06-13 14:05:30,0.8038461538461539,0
3533,0173,2,2026-06-13 14:05:30,0.6115384615384616,0
3534,0037,2,2026-06-13 14:05:40,0.8038461538461539,0
3535,0173,2,2026-06-13 14:05:40,0.6115384615384616,0
3536,0037,2,2026-06-13 14:05:50,0.8038461538461539,0
3537,0173,2,2026-06-13 14:05:50,0.6115384615384616,0
3538,0037,2,2026-06-13 14:06:00,0.8038461538461539,0
3539,0173,2,2026-06-13 14:06:00,0.6115384615384616,0
3540,0037,2,2026-06-13 14:06:10,0.8038461538461539,0
3541,0173,2,2026-06-13 14:06:10,0.6115384615384616,0
3542,0449,2,2026-06-13 14:06:10,0.6115384615384616,0
3543,0173,2,2026-06-13 14:06:20,0.6115384615384616,0
3544,0449,2,2026-06-13 14:06:20,0.6115384615384616,0
3545,0173,2,2026-06-13 14:06:30,0.6115384615384616,0
3546,0449,2,2026-06-13 14:06:30,0.6115384615384616,0
3547,0449,2,2026-06-13 14:06:40,0.6115384615384616,0
3548,0265,2,2026-06-13 15:28:50,0.9289473684210526,0
3549,0265,2,2026-06-13 15:29:00,0.9289473684210526,0
3550,0265,2,2026-06-13 15:29:10,0.9289473684210526,0
3551,0265,2,2026-06-13 15:29:20,0.9289473684210526,0
3552,0265,2,2026-06-13 15:29:20,0.9289473684210526,0
3553,0265,2,2026-06-13 15:29:30,0.9289473684210526,0
3554,0265,2,2026-06-13 15:29:30,0.9289473684210526,0
3555,0265,2,2026-06-13 15:29:40,0.9289473684210526,0
3556,0265,2,2026-06-13 15:29:40,0.9289473684210526,0
3557,0265,2,2026-06-13 15:29:50,0.9289473684210526,0
3558,0265,2,2026-06-13 15:29:50,0.9289473684210526,1
3559,0265,2,2026-06-13 15:30:00,0.9289473684210526,0
3560,0265,2,2026-06-13 15:30:00,0.9289473684210526,0
3561,0265,2,2026-06-13 15:30:10,0.9289473684210526,0
3562,0265,2,2026-06-13 15:30:10,0.9289473684210526,0
3563,0265,2,2026-06-13 15:30:20,0.9289473684210526,1
3564,0265,2,2026-06-13 15:30:30,0.9289473684210526,0
3565,0265,2,2026-06-13 15:30:40,0.9289473684210526,0
3566,0300,2,2026-06-13 15:30:50,0.2900809716599190,0
3567,0300,2,2026-06-13 15:31:00,0.2900809716599190,0
3568,0300,2,2026-06-13 15:31:10,0.2900809716599190,0
3569,0300,2,2026-06-13 15:31:20,0.2900809716599190,0
3570,0300,2,2026-06-13 15:31:30,0.2900809716599190,0
3571,0300,2,2026-06-13 15:31:40,0.2900809716599190,0
3572,0300,2,2026-06-13 15:31:50,0.2900809716599190,0
3573,0300,2,2026-06-13 15:32:00,0.2900809716599190,0
3574,0045,2,2026-06-13 15:32:10,0.4665991902834008,0
3575,0196,2,2026-06-13 15:32:10,0.3402834008097166,0
3576,0300,2,2026-06-13 15:32:10,0.2900809716599190,0
3577,0441,2,2026-06-13 15:32:10,0.0629554655870445,0
3578,0045,2,2026-06-13 15:32:20,0.4665991902834008,0
3579,0196,2,2026-06-13 15:32:20,0.3402834008097166,0
3580,0300,2,2026-06-13 15:32:20,0.2900809716599190,0
3581,0441,2,2026-06-13 15:32:20,0.0629554655870445,1
3582,0045,2,2026-06-13 15:32:30,0.4665991902834008,0
3583,0196,2,2026-06-13 15:32:30,0.3402834008097166,0
3584,0300,2,2026-06-13 15:32:30,0.2900809716599190,0
3585,0441,2,2026-06-13 15:32:30,0.0629554655870445,0
3586,0045,2,2026-06-13 15:32:40,0.4665991902834008,0
3587,0196,2,2026-06-13 15:32:40,0.3402834008097166,0
3588,0300,2,2026-06-13 15:32:40,0.2900809716599190,0
3589,0441,2,2026-06-13 15:32:40,0.0629554655870445,0
3590,0441,2,2026-06-13 15:32:40,0.0629554655870445,0
3591,0045,2,2026-06-13 15:32:50,0.4665991902834008,0
3592,0196,2,2026-06-13 15:32:50,0.3402834008097166,0
3593,0441,2,2026-06-13 15:32:50,0.0629554655870445,1
3594,0441,2,2026-06-13 15:32:50,0.0629554655870445,0
3595,0045,2,2026-06-13 15:33:00,0.4665991902834008,0
3596,0196,2,2026-06-13 15:33:00,0.3402834008097166,0
3597,0441,2,2026-06-13 15:33:00,0.0629554655870445,0
3598,0441,2,2026-06-13 15:33:00,0.0629554655870445,0
3599,0045,2,2026-06-13 15:33:10,0.4665991902834008,0
3600,0196,2,2026-06-13 15:33:10,0.3402834008097166,0
3601,0441,2,2026-06-13 15:33:10,0.0629554655870445,0
3602,0441,2,2026-06-13 15:33:10,0.0629554655870445,0
3603,0045,2,2026-06-13 15:33:20,0.4665991902834008,0
3604,0196,2,2026-06-13 15:33:20,0.3402834008097166,0
3605,0291,2,2026-06-13 15:33:20,0.8038461538461539,0
3606,0441,2,2026-06-13 15:33:20,0.0629554655870445,0
3607,0441,2,2026-06-13 15:33:20,0.0629554655870445,0
3608,0045,2,2026-06-13 15:33:30,0.4665991902834008,0
3609,0196,2,2026-06-13 15:33:30,0.3402834008097166,0
3610,0291,2,2026-06-13 15:33:30,0.8038461538461539,0
3611,0441,2,2026-06-13 15:33:30,0.0629554655870445,0
3612,0441,2,2026-06-13 15:33:30,0.0629554655870445,0
3613,0045,2,2026-06-13 15:33:40,0.4665991902834008,0
3614,0196,2,2026-06-13 15:33:40,0.3402834008097166,0
3615,0291,2,2026-06-13 15:33:40,0.8038461538461539,0
3616,0441,2,2026-06-13 15:33:40,0.0629554655870445,0
3617,008,2,2026-06-13 15:33:50,0.3402834008097166,0
3618,0045,2,2026-06-13 15:33:50,0.4665991902834008,0
3619,0196,2,2026-06-13 15:33:50,0.3402834008097166,0
3620,0291,2,2026-06-13 15:33:50,0.8038461538461539,0
3621,0441,2,2026-06-13 15:33:50,0.0629554655870445,0
3622,008,2,2026-06-13 15:34:00,0.3402834008097166,0
3623,0045,2,2026-06-13 15:34:00,0.4665991902834008,0
3624,0291,2,2026-06-13 15:34:00,0.8038461538461539,0
3625,0441,2,2026-06-13 15:34:00,0.0629554655870445,0
3626,008,2,2026-06-13 15:34:10,0.3402834008097166,0
3627,0291,2,2026-06-13 15:34:10,0.8038461538461539,0
3628,008,2,2026-06-13 15:34:20,0.3402834008097166,0
3629,0291,2,2026-06-13 15:34:20,0.8038461538461539,0
3630,008,2,2026-06-13 15:34:30,0.3402834008097166,0
3631,0291,2,2026-06-13 15:34:30,0.8038461538461539,0
3632,008,2,2026-06-13 15:34:40,0.3402834008097166,0
3633,0291,2,2026-06-13 15:34:40,0.8038461538461539,0
3634,008,2,2026-06-13 15:34:50,0.3402834008097166,0
3635,0291,2,2026-06-13 15:34:50,0.8038461538461539,0
3636,008,2,2026-06-13 15:35:00,0.3402834008097166,0
3637,0129,2,2026-06-13 15:35:00,0.4665991902834008,0
3638,0291,2,2026-06-13 15:35:00,0.8038461538461539,0
3639,008,2,2026-06-13 15:35:10,0.3402834008097166,0
3640,0129,2,2026-06-13 15:35:10,0.4665991902834008,0
3641,0291,2,2026-06-13 15:35:10,0.8038461538461539,0
3642,008,2,2026-06-13 15:35:20,0.3402834008097166,0
3643,0129,2,2026-06-13 15:35:20,0.4665991902834008,0
3644,0129,2,2026-06-13 15:35:30,0.4665991902834008,0
3645,0129,2,2026-06-13 15:35:40,0.4665991902834008,0
3646,0129,2,2026-06-13 15:35:50,0.4665991902834008,0
3647,0129,2,2026-06-13 15:36:00,0.4665991902834008,0
3648,0129,2,2026-06-13 15:36:10,0.4665991902834008,0
3649,0129,2,2026-06-13 15:36:20,0.4665991902834008,0
3650,0177,2,2026-06-13 17:00:30,0.7000000000000000,0
3651,0177,2,2026-06-13 17:00:40,0.7000000000000000,0
3652,0177,2,2026-06-13 17:00:50,0.7000000000000000,0
3653,0177,2,2026-06-13 17:01:00,0.7000000000000000,0
3654,0177,2,2026-06-13 17:01:10,0.7000000000000000,0
3655,0177,2,2026-06-13 17:01:20,0.7000000000000000,0
3656,0177,2,2026-06-13 17:01:30,0.7000000000000000,0
3657,0365,2,2026-06-13 17:01:30,0.8038461538461539,0
3658,0177,2,2026-06-13 17:01:40,0.7000000000000000,0
3659,0365,2,2026-06-13 17:01:40,0.8038461538461539,0
3660,0177,2,2026-06-13 17:01:50,0.7000000000000000,0
3661,0365,2,2026-06-13 17:01:50,0.8038461538461539,0
3662,0177,2,2026-06-13 17:02:00,0.7000000000000000,0
3663,0365,2,2026-06-13 17:02:00,0.8038461538461539,0
3664,0177,2,2026-06-13 17:02:10,0.7000000000000000,0
3665,0350,2,2026-06-13 17:02:10,0.7000000000000000,0
3666,0365,2,2026-06-13 17:02:10,0.8038461538461539,0
3667,0350,2,2026-06-13 17:02:20,0.7000000000000000,0
3668,0365,2,2026-06-13 17:02:20,0.8038461538461539,0
3669,0350,2,2026-06-13 17:02:30,0.7000000000000000,0
3670,0365,2,2026-06-13 17:02:30,0.8038461538461539,0
3671,0350,2,2026-06-13 17:02:40,0.7000000000000000,0
3672,0365,2,2026-06-13 17:02:40,0.8038461538461539,0
3673,0312,2,2026-06-13 17:02:50,0.6115384615384616,0
3674,0350,2,2026-06-13 17:02:50,0.7000000000000000,0
3675,0365,2,2026-06-13 17:02:50,0.8038461538461539,0
3676,0312,2,2026-06-13 17:03:00,0.6115384615384616,0
3677,0350,2,2026-06-13 17:03:00,0.7000000000000000,0
3678,0365,2,2026-06-13 17:03:00,0.8038461538461539,0
3679,0312,2,2026-06-13 17:03:10,0.6115384615384616,0
3680,0350,2,2026-06-13 17:03:10,0.7000000000000000,0
3681,0312,2,2026-06-13 17:03:20,0.6115384615384616,0
3682,0320,2,2026-06-13 17:03:20,0.0629554655870445,0
3683,0350,2,2026-06-13 17:03:20,0.7000000000000000,0
3684,0312,2,2026-06-13 17:03:30,0.6115384615384616,0
3685,0320,2,2026-06-13 17:03:30,0.0629554655870445,0
3686,0350,2,2026-06-13 17:03:30,0.7000000000000000,0
3687,0312,2,2026-06-13 17:03:40,0.6115384615384616,0
3688,0320,2,2026-06-13 17:03:40,0.0629554655870445,0
3689,0312,2,2026-06-13 17:03:50,0.6115384615384616,0
3690,0320,2,2026-06-13 17:03:50,0.0629554655870445,0
3691,0312,2,2026-06-13 17:04:00,0.6115384615384616,0
3692,0320,2,2026-06-13 17:04:00,0.0629554655870445,0
3693,0312,2,2026-06-13 17:04:10,0.6115384615384616,0
3694,0320,2,2026-06-13 17:04:10,0.0629554655870445,0
3695,0312,2,2026-06-13 17:04:20,0.6115384615384616,0
3696,0248,2,2026-06-13 17:04:50,0.3402834008097166,0
3697,0248,2,2026-06-13 17:05:00,0.3402834008097166,0
3698,0248,2,2026-06-13 17:05:10,0.3402834008097166,0
3699,0248,2,2026-06-13 17:05:20,0.3402834008097166,0
3700,0248,2,2026-06-13 17:05:30,0.3402834008097166,0
3701,0319,2,2026-06-13 17:07:00,0.0629554655870445,0
3702,0319,2,2026-06-13 17:07:10,0.0629554655870445,0
3703,0319,2,2026-06-13 17:07:20,0.0629554655870445,0
3704,0319,2,2026-06-13 17:07:30,0.0629554655870445,0
3705,0319,2,2026-06-13 17:07:40,0.0629554655870445,0
3706,0319,2,2026-06-13 17:07:50,0.0629554655870445,0
3707,0319,2,2026-06-13 17:08:00,0.0629554655870445,0
3708,0319,2,2026-06-13 17:08:10,0.0629554655870445,0
3709,0319,2,2026-06-13 17:08:20,0.0629554655870445,0
3710,0319,2,2026-06-13 17:08:30,0.0629554655870445,0
3711,0319,2,2026-06-13 17:08:40,0.0629554655870445,0
3712,0082,2,2026-06-13 18:36:50,0.6115384615384616,0
3713,0082,2,2026-06-13 18:37:00,0.6115384615384616,0
3714,0082,2,2026-06-13 18:37:10,0.6115384615384616,0
3715,0082,2,2026-06-13 18:37:20,0.6115384615384616,0
3716,0082,2,2026-06-13 18:37:30,0.6115384615384616,0
3717,0082,2,2026-06-13 18:37:40,0.6115384615384616,0
3718,0082,2,2026-06-13 18:37:50,0.6115384615384616,0
3719,0082,2,2026-06-13 18:38:00,0.6115384615384616,0
3720,0082,2,2026-06-13 18:38:10,0.6115384615384616,0
3721,0069,2,2026-06-13 18:41:50,0.0629554655870445,0
3722,0251,2,2026-06-13 18:41:50,0.6645748987854251,0
3723,0069,2,2026-06-13 18:42:00,0.0629554655870445,0
3724,0251,2,2026-06-13 18:42:00,0.6645748987854251,0
3725,0332,2,2026-06-13 18:42:00,0.5303643724696356,0
3726,0069,2,2026-06-13 18:42:10,0.0629554655870445,0
3727,0251,2,2026-06-13 18:42:10,0.6645748987854251,0
3728,0332,2,2026-06-13 18:42:10,0.5303643724696356,0
3729,0069,2,2026-06-13 18:42:20,0.0629554655870445,0
3730,0251,2,2026-06-13 18:42:20,0.6645748987854251,0
3731,0332,2,2026-06-13 18:42:20,0.5303643724696356,0
3732,0069,2,2026-06-13 18:42:30,0.0629554655870445,0
3733,0251,2,2026-06-13 18:42:30,0.6645748987854251,0
3734,0332,2,2026-06-13 18:42:30,0.5303643724696356,0
3735,0337,2,2026-06-13 18:42:30,0.7000000000000000,0
3736,0069,2,2026-06-13 18:42:40,0.0629554655870445,0
3737,0251,2,2026-06-13 18:42:40,0.6645748987854251,0
3738,0332,2,2026-06-13 18:42:40,0.5303643724696356,0
3739,0337,2,2026-06-13 18:42:40,0.7000000000000000,0
3740,0069,2,2026-06-13 18:42:50,0.0629554655870445,0
3741,0251,2,2026-06-13 18:42:50,0.6645748987854251,0
3742,0332,2,2026-06-13 18:42:50,0.5303643724696356,0
3743,0337,2,2026-06-13 18:42:50,0.7000000000000000,0
3744,0069,2,2026-06-13 18:43:00,0.0629554655870445,0
3745,0251,2,2026-06-13 18:43:00,0.6645748987854251,0
3746,0332,2,2026-06-13 18:43:00,0.5303643724696356,0
3747,0337,2,2026-06-13 18:43:00,0.7000000000000000,0
3748,0069,2,2026-06-13 18:43:10,0.0629554655870445,0
3749,0251,2,2026-06-13 18:43:10,0.6645748987854251,0
3750,0332,2,2026-06-13 18:43:10,0.5303643724696356,0
3751,0337,2,2026-06-13 18:43:10,0.7000000000000000,0
3752,0069,2,2026-06-13 18:43:20,0.0629554655870445,0
3753,0251,2,2026-06-13 18:43:20,0.6645748987854251,0
3754,0332,2,2026-06-13 18:43:20,0.5303643724696356,0
3755,0337,2,2026-06-13 18:43:20,0.7000000000000000,0
3756,0069,2,2026-06-13 18:43:30,0.0629554655870445,0
3757,0332,2,2026-06-13 18:43:30,0.5303643724696356,0
3758,0337,2,2026-06-13 18:43:30,0.7000000000000000,0
3759,0069,2,2026-06-13 18:43:40,0.0629554655870445,0
3760,0332,2,2026-06-13 18:43:40,0.5303643724696356,0
3761,0337,2,2026-06-13 18:43:40,0.7000000000000000,0
3762,0152,2,2026-06-13 22:20:30,0.2900809716599190,0
3763,0152,2,2026-06-13 22:20:40,0.2900809716599190,0
3764,0152,2,2026-06-13 22:20:50,0.2900809716599190,0
3765,0152,2,2026-06-13 22:21:00,0.2900809716599190,0
3766,0152,2,2026-06-13 22:21:10,0.2900809716599190,0
3767,0152,2,2026-06-13 22:21:20,0.2900809716599190,0
3768,0152,2,2026-06-13 22:21:30,0.2900809716599190,0
3769,0152,2,2026-06-13 22:21:40,0.2900809716599190,0
3770,0152,2,2026-06-13 22:21:50,0.2900809716599190,0
3771,0152,2,2026-06-13 22:22:00,0.2900809716599190,0
3772,0152,2,2026-06-13 22:22:10,0.2900809716599190,0
3773,0152,2,2026-06-13 22:22:20,0.2900809716599190,0
3774,0264,2,2026-06-13 23:55:30,0.1340080971659919,0
3775,0264,2,2026-06-13 23:55:40,0.1340080971659919,0
3776,0264,2,2026-06-13 23:55:50,0.1340080971659919,0
3777,0264,2,2026-06-13 23:56:00,0.1340080971659919,0
3778,0264,2,2026-06-13 23:56:10,0.1340080971659919,0
3779,0264,2,2026-06-13 23:56:20,0.1340080971659919,0
3780,0264,2,2026-06-13 23:56:30,0.1340080971659919,0
3781,0264,2,2026-06-13 23:56:40,0.1340080971659919,0
3782,0264,2,2026-06-13 23:56:50,0.1340080971659919,0
3783,0264,2,2026-06-13 23:57:00,0.1340080971659919,0
3784,0453,2,2026-06-13 23:57:00,1.0000000000000000,0
3785,0264,2,2026-06-13 23:57:10,0.1340080971659919,0
3786,0453,2,2026-06-13 23:57:10,1.0000000000000000,0
3787,0264,2,2026-06-13 23:57:20,0.1340080971659919,0
3788,0453,2,2026-06-13 23:57:20,1.0000000000000000,0
3789,0453,2,2026-06-13 23:57:30,1.0000000000000000,0
3790,0453,2,2026-06-13 23:57:40,1.0000000000000000,0
3791,0453,2,2026-06-13 23:57:50,1.0000000000000000,0
3792,0453,2,2026-06-13 23:58:00,1.0000000000000000,0
3793,0453,2,2026-06-13 23:58:10,1.0000000000000000,0
3794,0453,2,2026-06-13 23:58:20,1.0000000000000000,0
3795,0453,2,2026-06-13 23:58:30,1.0000000000000000,0
3796,0453,2,2026-06-13 23:58:40,1.0000000000000000,0
3797,0453,2,2026-06-13 23:58:50,1.0000000000000000,0
3798,0380,2,2026-06-14 01:17:20,0.6115384615384616,0
3799,0380,2,2026-06-14 01:17:30,0.6115384615384616,0
3800,0380,2,2026-06-14 01:17:40,0.6115384615384616,0
3801,0380,2,2026-06-14 01:17:50,0.6115384615384616,0
3802,0021,2,2026-06-14 02:51:20,0.6115384615384616,0
3803,0021,2,2026-06-14 02:51:30,0.6115384615384616,1
3804,0021,2,2026-06-14 02:51:40,0.6115384615384616,0
3805,0021,2,2026-06-14 02:51:50,0.6115384615384616,1
3806,0021,2,2026-06-14 02:51:50,0.6115384615384616,0
3807,0021,2,2026-06-14 02:52:00,0.6115384615384616,1
3808,0021,2,2026-06-14 02:52:00,0.6115384615384616,0
3809,0021,2,2026-06-14 02:52:10,0.6115384615384616,0
3810,0021,2,2026-06-14 02:52:10,0.6115384615384616,0
3811,0021,2,2026-06-14 02:52:20,0.6115384615384616,0
3812,0021,2,2026-06-14 02:52:20,0.6115384615384616,0
3813,0021,2,2026-06-14 02:52:30,0.6115384615384616,0
3814,0021,2,2026-06-14 02:52:30,0.6115384615384616,0
3815,0021,2,2026-06-14 02:52:40,0.6115384615384616,0
3816,0021,2,2026-06-14 02:52:50,0.6115384615384616,0
3817,0021,2,2026-06-14 02:53:00,0.6115384615384616,0
3818,0186,2,2026-06-14 02:53:30,0.3402834008097166,0
3819,0348,2,2026-06-14 02:53:30,0.2900809716599190,0
3820,0186,2,2026-06-14 02:53:40,0.3402834008097166,0
3821,0317,2,2026-06-14 02:53:40,0.1987854251012146,0
3822,0348,2,2026-06-14 02:53:40,0.2900809716599190,0
3823,0182,2,2026-06-14 02:53:50,0.1340080971659919,0
3824,0186,2,2026-06-14 02:53:50,0.3402834008097166,0
3825,0223,2,2026-06-14 02:53:50,0.6115384615384616,0
3826,0286,2,2026-06-14 02:53:50,0.6645748987854251,0
3827,0317,2,2026-06-14 02:53:50,0.1987854251012146,0
3828,0348,2,2026-06-14 02:53:50,0.2900809716599190,0
3829,0182,2,2026-06-14 02:54:00,0.1340080971659919,0
3830,0186,2,2026-06-14 02:54:00,0.3402834008097166,0
3831,0223,2,2026-06-14 02:54:00,0.6115384615384616,0
3832,0286,2,2026-06-14 02:54:00,0.6645748987854251,0
3833,0317,2,2026-06-14 02:54:00,0.1987854251012146,0
3834,0348,2,2026-06-14 02:54:00,0.2900809716599190,0
3835,0182,2,2026-06-14 02:54:10,0.1340080971659919,0
3836,0186,2,2026-06-14 02:54:10,0.3402834008097166,0
3837,0223,2,2026-06-14 02:54:10,0.6115384615384616,0
3838,0286,2,2026-06-14 02:54:10,0.6645748987854251,0
3839,0317,2,2026-06-14 02:54:10,0.1987854251012146,0
3840,0348,2,2026-06-14 02:54:10,0.2900809716599190,0
3841,0182,2,2026-06-14 02:54:20,0.1340080971659919,0
3842,0186,2,2026-06-14 02:54:20,0.3402834008097166,0
3843,0223,2,2026-06-14 02:54:20,0.6115384615384616,0
3844,0286,2,2026-06-14 02:54:20,0.6645748987854251,0
3845,0317,2,2026-06-14 02:54:20,0.1987854251012146,0
3846,0348,2,2026-06-14 02:54:20,0.2900809716599190,0
3847,0182,2,2026-06-14 02:54:30,0.1340080971659919,0
3848,0186,2,2026-06-14 02:54:30,0.3402834008097166,0
3849,0223,2,2026-06-14 02:54:30,0.6115384615384616,0
3850,0286,2,2026-06-14 02:54:30,0.6645748987854251,0
3851,0317,2,2026-06-14 02:54:30,0.1987854251012146,0
3852,0348,2,2026-06-14 02:54:30,0.2900809716599190,0
3853,0182,2,2026-06-14 02:54:40,0.1340080971659919,0
3854,0186,2,2026-06-14 02:54:40,0.3402834008097166,0
3855,0223,2,2026-06-14 02:54:40,0.6115384615384616,0
3856,0286,2,2026-06-14 02:54:40,0.6645748987854251,0
3857,0317,2,2026-06-14 02:54:40,0.1987854251012146,0
3858,0348,2,2026-06-14 02:54:40,0.2900809716599190,0
3859,0351,2,2026-06-14 02:54:40,1.0000000000000000,0
3860,0385,2,2026-06-14 02:54:40,0.6645748987854251,0
3861,0182,2,2026-06-14 02:54:50,0.1340080971659919,0
3862,0186,2,2026-06-14 02:54:50,0.3402834008097166,0
3863,0223,2,2026-06-14 02:54:50,0.6115384615384616,0
3864,0286,2,2026-06-14 02:54:50,0.6645748987854251,0
3865,0317,2,2026-06-14 02:54:50,0.1987854251012146,0
3866,0348,2,2026-06-14 02:54:50,0.2900809716599190,0
3867,0351,2,2026-06-14 02:54:50,1.0000000000000000,0
3868,0385,2,2026-06-14 02:54:50,0.6645748987854251,0
3869,0091,2,2026-06-14 02:55:00,0.2900809716599190,0
3870,0182,2,2026-06-14 02:55:00,0.1340080971659919,0
3871,0186,2,2026-06-14 02:55:00,0.3402834008097166,0
3872,0223,2,2026-06-14 02:55:00,0.6115384615384616,0
3873,0286,2,2026-06-14 02:55:00,0.6645748987854251,0
3874,0317,2,2026-06-14 02:55:00,0.1987854251012146,0
3875,0340,2,2026-06-14 02:55:00,0.8038461538461539,0
3876,0348,2,2026-06-14 02:55:00,0.2900809716599190,0
3877,0351,2,2026-06-14 02:55:00,1.0000000000000000,0
3878,0355,2,2026-06-14 02:55:00,0.3402834008097166,0
3879,0385,2,2026-06-14 02:55:00,0.6645748987854251,0
3880,0091,2,2026-06-14 02:55:10,0.2900809716599190,0
3881,0182,2,2026-06-14 02:55:10,0.1340080971659919,0
3882,0186,2,2026-06-14 02:55:10,0.3402834008097166,0
3883,0223,2,2026-06-14 02:55:10,0.6115384615384616,0
3884,0286,2,2026-06-14 02:55:10,0.6645748987854251,0
3885,0317,2,2026-06-14 02:55:10,0.1987854251012146,0
3886,0340,2,2026-06-14 02:55:10,0.8038461538461539,0
3887,0348,2,2026-06-14 02:55:10,0.2900809716599190,0
3888,0351,2,2026-06-14 02:55:10,1.0000000000000000,0
3889,0355,2,2026-06-14 02:55:10,0.3402834008097166,0
3890,0385,2,2026-06-14 02:55:10,0.6645748987854251,0
3891,0091,2,2026-06-14 02:55:20,0.2900809716599190,0
3892,0182,2,2026-06-14 02:55:20,0.1340080971659919,0
3893,0223,2,2026-06-14 02:55:20,0.6115384615384616,0
3894,0286,2,2026-06-14 02:55:20,0.6645748987854251,0
3895,0317,2,2026-06-14 02:55:20,0.1987854251012146,0
3896,0340,2,2026-06-14 02:55:20,0.8038461538461539,0
3897,0351,2,2026-06-14 02:55:20,1.0000000000000000,0
3898,0355,2,2026-06-14 02:55:20,0.3402834008097166,0
3899,0385,2,2026-06-14 02:55:20,0.6645748987854251,0
3900,0057,2,2026-06-14 02:55:30,0.6115384615384616,0
3901,0091,2,2026-06-14 02:55:30,0.2900809716599190,0
3902,0111,2,2026-06-14 02:55:30,0.2900809716599190,0
3903,0182,2,2026-06-14 02:55:30,0.1340080971659919,0
3904,0223,2,2026-06-14 02:55:30,0.6115384615384616,0
3905,0286,2,2026-06-14 02:55:30,0.6645748987854251,0
3906,0340,2,2026-06-14 02:55:30,0.8038461538461539,0
3907,0351,2,2026-06-14 02:55:30,1.0000000000000000,0
3908,0355,2,2026-06-14 02:55:30,0.3402834008097166,0
3909,0385,2,2026-06-14 02:55:30,0.6645748987854251,0
3910,0057,2,2026-06-14 02:55:40,0.6115384615384616,0
3911,0091,2,2026-06-14 02:55:40,0.2900809716599190,0
3912,0111,2,2026-06-14 02:55:40,0.2900809716599190,0
3913,0182,2,2026-06-14 02:55:40,0.1340080971659919,0
3914,0223,2,2026-06-14 02:55:40,0.6115384615384616,0
3915,0340,2,2026-06-14 02:55:40,0.8038461538461539,0
3916,0351,2,2026-06-14 02:55:40,1.0000000000000000,0
3917,0355,2,2026-06-14 02:55:40,0.3402834008097166,0
3918,0385,2,2026-06-14 02:55:40,0.6645748987854251,0
3919,0057,2,2026-06-14 02:55:50,0.6115384615384616,0
3920,0091,2,2026-06-14 02:55:50,0.2900809716599190,0
3921,0111,2,2026-06-14 02:55:50,0.2900809716599190,0
3922,0305,2,2026-06-14 02:55:50,0.4665991902834008,0
3923,0340,2,2026-06-14 02:55:50,0.8038461538461539,0
3924,0351,2,2026-06-14 02:55:50,1.0000000000000000,0
3925,0355,2,2026-06-14 02:55:50,0.3402834008097166,0
3926,0385,2,2026-06-14 02:55:50,0.6645748987854251,0
3927,0091,2,2026-06-14 02:56:00,0.2900809716599190,0
3928,0111,2,2026-06-14 02:56:00,0.2900809716599190,0
3929,0305,2,2026-06-14 02:56:00,0.4665991902834008,0
3930,0355,2,2026-06-14 02:56:00,0.3402834008097166,0
3931,0019,2,2026-06-14 02:56:10,0.1987854251012146,0
3932,0091,2,2026-06-14 02:56:10,0.2900809716599190,0
3933,0111,2,2026-06-14 02:56:10,0.2900809716599190,0
3934,0305,2,2026-06-14 02:56:10,0.4665991902834008,0
3935,0355,2,2026-06-14 02:56:10,0.3402834008097166,0
3936,0019,2,2026-06-14 02:56:20,0.1987854251012146,0
3937,0091,2,2026-06-14 02:56:20,0.2900809716599190,0
3938,0111,2,2026-06-14 02:56:20,0.2900809716599190,0
3939,0253,2,2026-06-14 02:56:20,0.1340080971659919,0
3940,0302,2,2026-06-14 02:56:20,0.0629554655870445,0
3941,0305,2,2026-06-14 02:56:20,0.4665991902834008,0
3942,0355,2,2026-06-14 02:56:20,0.3402834008097166,0
3943,0019,2,2026-06-14 02:56:30,0.1987854251012146,0
3944,0111,2,2026-06-14 02:56:30,0.2900809716599190,0
3945,0253,2,2026-06-14 02:56:30,0.1340080971659919,0
3946,0302,2,2026-06-14 02:56:30,0.0629554655870445,0
3947,0305,2,2026-06-14 02:56:30,0.4665991902834008,0
3948,0355,2,2026-06-14 02:56:30,0.3402834008097166,0
3949,0394,2,2026-06-14 02:56:30,0.1987854251012146,0
3950,0019,2,2026-06-14 02:56:40,0.1987854251012146,0
3951,0111,2,2026-06-14 02:56:40,0.2900809716599190,0
3952,0253,2,2026-06-14 02:56:40,0.1340080971659919,0
3953,0302,2,2026-06-14 02:56:40,0.0629554655870445,0
3954,0305,2,2026-06-14 02:56:40,0.4665991902834008,0
3955,0355,2,2026-06-14 02:56:40,0.3402834008097166,0
3956,0394,2,2026-06-14 02:56:40,0.1987854251012146,0
3957,0019,2,2026-06-14 02:56:50,0.1987854251012146,0
3958,0111,2,2026-06-14 02:56:50,0.2900809716599190,0
3959,0253,2,2026-06-14 02:56:50,0.1340080971659919,0
3960,0302,2,2026-06-14 02:56:50,0.0629554655870445,0
3961,0305,2,2026-06-14 02:56:50,0.4665991902834008,0
3962,0384,2,2026-06-14 02:56:50,0.6115384615384616,0
3963,0394,2,2026-06-14 02:56:50,0.1987854251012146,0
3964,0019,2,2026-06-14 02:57:00,0.1987854251012146,0
3965,0111,2,2026-06-14 02:57:00,0.2900809716599190,0
3966,0253,2,2026-06-14 02:57:00,0.1340080971659919,0
3967,0302,2,2026-06-14 02:57:00,0.0629554655870445,0
3968,0384,2,2026-06-14 02:57:00,0.6115384615384616,0
3969,0394,2,2026-06-14 02:57:00,0.1987854251012146,0
3970,0019,2,2026-06-14 02:57:10,0.1987854251012146,0
3971,0111,2,2026-06-14 02:57:10,0.2900809716599190,0
3972,0253,2,2026-06-14 02:57:10,0.1340080971659919,0
3973,0302,2,2026-06-14 02:57:10,0.0629554655870445,0
3974,0384,2,2026-06-14 02:57:10,0.6115384615384616,0
3975,0394,2,2026-06-14 02:57:10,0.1987854251012146,0
3976,0019,2,2026-06-14 02:57:20,0.1987854251012146,0
3977,0086,2,2026-06-14 02:57:20,0.1340080971659919,0
3978,0253,2,2026-06-14 02:57:20,0.1340080971659919,0
3979,0302,2,2026-06-14 02:57:20,0.0629554655870445,0
3980,0384,2,2026-06-14 02:57:20,0.6115384615384616,0
3981,0394,2,2026-06-14 02:57:20,0.1987854251012146,0
3982,0463,2,2026-06-14 02:57:20,0.2900809716599190,0
3983,0019,2,2026-06-14 02:57:30,0.1987854251012146,0
3984,0086,2,2026-06-14 02:57:30,0.1340080971659919,0
3985,0253,2,2026-06-14 02:57:30,0.1340080971659919,0
3986,0302,2,2026-06-14 02:57:30,0.0629554655870445,0
3987,0384,2,2026-06-14 02:57:30,0.6115384615384616,0
3988,0394,2,2026-06-14 02:57:30,0.1987854251012146,0
3989,0463,2,2026-06-14 02:57:30,0.2900809716599190,0
3990,0086,2,2026-06-14 02:57:40,0.1340080971659919,0
3991,0253,2,2026-06-14 02:57:40,0.1340080971659919,0
3992,0259,2,2026-06-14 02:57:40,0.2900809716599190,0
3993,0302,2,2026-06-14 02:57:40,0.0629554655870445,0
3994,0384,2,2026-06-14 02:57:40,0.6115384615384616,0
3995,0394,2,2026-06-14 02:57:40,0.1987854251012146,0
3996,0463,2,2026-06-14 02:57:40,0.2900809716599190,0
3997,0086,2,2026-06-14 02:57:50,0.1340080971659919,0
3998,0253,2,2026-06-14 02:57:50,0.1340080971659919,0
3999,0259,2,2026-06-14 02:57:50,0.2900809716599190,0
4000,0302,2,2026-06-14 02:57:50,0.0629554655870445,0
4001,0384,2,2026-06-14 02:57:50,0.6115384615384616,0
4002,0394,2,2026-06-14 02:57:50,0.1987854251012146,0
4003,0086,2,2026-06-14 02:58:00,0.1340080971659919,0
4004,0117,2,2026-06-14 02:58:00,0.7000000000000000,0
4005,0259,2,2026-06-14 02:58:00,0.2900809716599190,0
4006,0280,2,2026-06-14 02:58:00,0.6115384615384616,0
4007,0302,2,2026-06-14 02:58:00,0.0629554655870445,0
4008,0384,2,2026-06-14 02:58:00,0.6115384615384616,0
4009,0394,2,2026-06-14 02:58:00,0.1987854251012146,0
4010,0034,2,2026-06-14 02:58:10,0.8038461538461539,0
4011,0086,2,2026-06-14 02:58:10,0.1340080971659919,0
4012,0117,2,2026-06-14 02:58:10,0.7000000000000000,0
4013,0259,2,2026-06-14 02:58:10,0.2900809716599190,0
4014,0280,2,2026-06-14 02:58:10,0.6115384615384616,0
4015,0384,2,2026-06-14 02:58:10,0.6115384615384616,0
4016,0394,2,2026-06-14 02:58:10,0.1987854251012146,0
4017,0034,2,2026-06-14 02:58:20,0.8038461538461539,0
4018,0086,2,2026-06-14 02:58:20,0.1340080971659919,0
4019,0117,2,2026-06-14 02:58:20,0.7000000000000000,0
4020,0259,2,2026-06-14 02:58:20,0.2900809716599190,0
4021,0280,2,2026-06-14 02:58:20,0.6115384615384616,0
4022,0384,2,2026-06-14 02:58:20,0.6115384615384616,0
4023,0394,2,2026-06-14 02:58:20,0.1987854251012146,0
4024,0034,2,2026-06-14 02:58:30,0.8038461538461539,0
4025,0086,2,2026-06-14 02:58:30,0.1340080971659919,0
4026,0117,2,2026-06-14 02:58:30,0.7000000000000000,0
4027,0259,2,2026-06-14 02:58:30,0.2900809716599190,0
4028,0280,2,2026-06-14 02:58:30,0.6115384615384616,0
4029,0384,2,2026-06-14 02:58:30,0.6115384615384616,0
4030,004,2,2026-06-14 02:58:40,0.6645748987854251,0
4031,0034,2,2026-06-14 02:58:40,0.8038461538461539,0
4032,0086,2,2026-06-14 02:58:40,0.1340080971659919,0
4033,0117,2,2026-06-14 02:58:40,0.7000000000000000,0
4034,0259,2,2026-06-14 02:58:40,0.2900809716599190,0
4035,0280,2,2026-06-14 02:58:40,0.6115384615384616,0
4036,004,2,2026-06-14 02:58:50,0.6645748987854251,0
4037,0034,2,2026-06-14 02:58:50,0.8038461538461539,0
4038,0086,2,2026-06-14 02:58:50,0.1340080971659919,0
4039,0117,2,2026-06-14 02:58:50,0.7000000000000000,0
4040,0280,2,2026-06-14 02:58:50,0.6115384615384616,0
4041,0034,2,2026-06-14 02:59:00,0.8038461538461539,0
4042,0086,2,2026-06-14 02:59:00,0.1340080971659919,0
4043,0117,2,2026-06-14 02:59:00,0.7000000000000000,0
4044,0198,2,2026-06-14 02:59:00,0.6115384615384616,0
4045,0280,2,2026-06-14 02:59:00,0.6115384615384616,0
4046,0389,2,2026-06-14 02:59:00,0.4665991902834008,0
4047,0034,2,2026-06-14 02:59:10,0.8038461538461539,0
4048,0117,2,2026-06-14 02:59:10,0.7000000000000000,0
4049,0138,2,2026-06-14 02:59:10,0.4665991902834008,0
4050,0198,2,2026-06-14 02:59:10,0.6115384615384616,0
4051,0280,2,2026-06-14 02:59:10,0.6115384615384616,0
4052,0389,2,2026-06-14 02:59:10,0.4665991902834008,0
4053,0012,2,2026-06-14 02:59:20,0.8038461538461539,0
4054,0034,2,2026-06-14 02:59:20,0.8038461538461539,0
4055,0117,2,2026-06-14 02:59:20,0.7000000000000000,0
4056,0138,2,2026-06-14 02:59:20,0.4665991902834008,0
4057,0198,2,2026-06-14 02:59:20,0.6115384615384616,0
4058,0280,2,2026-06-14 02:59:20,0.6115384615384616,0
4059,0389,2,2026-06-14 02:59:20,0.4665991902834008,0
4060,0012,2,2026-06-14 02:59:30,0.8038461538461539,0
4061,0034,2,2026-06-14 02:59:30,0.8038461538461539,0
4062,0117,2,2026-06-14 02:59:30,0.7000000000000000,0
4063,0138,2,2026-06-14 02:59:30,0.4665991902834008,0
4064,0198,2,2026-06-14 02:59:30,0.6115384615384616,0
4065,0198,2,2026-06-14 02:59:30,0.6115384615384616,0
4066,0280,2,2026-06-14 02:59:30,0.6115384615384616,0
4067,0389,2,2026-06-14 02:59:30,0.4665991902834008,0
4068,0458,2,2026-06-14 02:59:30,0.9289473684210526,0
4069,0012,2,2026-06-14 02:59:40,0.8038461538461539,0
4070,0034,2,2026-06-14 02:59:40,0.8038461538461539,0
4071,0138,2,2026-06-14 02:59:40,0.4665991902834008,0
4072,0198,2,2026-06-14 02:59:40,0.6115384615384616,0
4073,0198,2,2026-06-14 02:59:40,0.6115384615384616,0
4074,0280,2,2026-06-14 02:59:40,0.6115384615384616,0
4075,0389,2,2026-06-14 02:59:40,0.4665991902834008,0
4076,0458,2,2026-06-14 02:59:40,0.9289473684210526,0
4077,0012,2,2026-06-14 02:59:50,0.8038461538461539,0
4078,0034,2,2026-06-14 02:59:50,0.8038461538461539,0
4079,0138,2,2026-06-14 02:59:50,0.4665991902834008,0
4080,0198,2,2026-06-14 02:59:50,0.6115384615384616,0
4081,0198,2,2026-06-14 02:59:50,0.6115384615384616,1
4082,0389,2,2026-06-14 02:59:50,0.4665991902834008,0
4083,0458,2,2026-06-14 02:59:50,0.9289473684210526,0
4084,0012,2,2026-06-14 03:00:00,0.8038461538461539,0
4085,0034,2,2026-06-14 03:00:00,0.8038461538461539,0
4086,0138,2,2026-06-14 03:00:00,0.4665991902834008,0
4087,0198,2,2026-06-14 03:00:00,0.6115384615384616,0
4088,0198,2,2026-06-14 03:00:00,0.6115384615384616,0
4089,0458,2,2026-06-14 03:00:00,0.9289473684210526,0
4090,0012,2,2026-06-14 03:00:10,0.8038461538461539,0
4091,0138,2,2026-06-14 03:00:10,0.4665991902834008,0
4092,0198,2,2026-06-14 03:00:10,0.6115384615384616,0
4093,0198,2,2026-06-14 03:00:10,0.6115384615384616,0
4094,0458,2,2026-06-14 03:00:10,0.9289473684210526,0
4095,0012,2,2026-06-14 03:00:20,0.8038461538461539,0
4096,0138,2,2026-06-14 03:00:20,0.4665991902834008,0
4097,0198,2,2026-06-14 03:00:20,0.6115384615384616,1
4098,0458,2,2026-06-14 03:00:20,0.9289473684210526,0
4099,0138,2,2026-06-14 03:00:30,0.4665991902834008,0
4100,0198,2,2026-06-14 03:00:30,0.6115384615384616,0
4101,0458,2,2026-06-14 03:00:30,0.9289473684210526,0
4102,0138,2,2026-06-14 03:00:40,0.4665991902834008,0
4103,0198,2,2026-06-14 03:00:40,0.6115384615384616,0
4104,0458,2,2026-06-14 03:00:40,0.9289473684210526,0
4105,0035,2,2026-06-14 03:04:30,0.5303643724696356,0
4106,0035,2,2026-06-14 03:04:40,0.5303643724696356,0
4107,0035,2,2026-06-14 03:04:50,0.5303643724696356,0
4108,0035,2,2026-06-14 03:05:00,0.5303643724696356,0
4109,0035,2,2026-06-14 03:05:10,0.5303643724696356,0
4110,0035,2,2026-06-14 03:05:20,0.5303643724696356,0
4111,0035,2,2026-06-14 03:05:30,0.5303643724696356,0
4112,0035,2,2026-06-14 03:05:40,0.5303643724696356,0
4113,0364,2,2026-06-14 03:05:40,0.6115384615384616,0
4114,0035,2,2026-06-14 03:05:50,0.5303643724696356,0
4115,0364,2,2026-06-14 03:05:50,0.6115384615384616,0
4116,0035,2,2026-06-14 03:06:00,0.5303643724696356,0
4117,0364,2,2026-06-14 03:06:00,0.6115384615384616,0
4118,0035,2,2026-06-14 03:06:10,0.5303643724696356,0
4119,0185,2,2026-06-14 03:06:10,0.3402834008097166,0
4120,0364,2,2026-06-14 03:06:10,0.6115384615384616,0
4121,0185,2,2026-06-14 03:06:20,0.3402834008097166,0
4122,0364,2,2026-06-14 03:06:20,0.6115384615384616,0
4123,0185,2,2026-06-14 03:06:30,0.3402834008097166,0
4124,0364,2,2026-06-14 03:06:30,0.6115384615384616,0
4125,0185,2,2026-06-14 03:06:40,0.3402834008097166,0
4126,0364,2,2026-06-14 03:06:40,0.6115384615384616,0
4127,0185,2,2026-06-14 03:06:50,0.3402834008097166,0
4128,0364,2,2026-06-14 03:06:50,0.6115384615384616,0
4129,0185,2,2026-06-14 03:07:00,0.3402834008097166,0
4130,0364,2,2026-06-14 03:07:00,0.6115384615384616,0
4131,0185,2,2026-06-14 03:07:10,0.3402834008097166,0
4132,0165,2,2026-06-14 03:07:40,0.4665991902834008,0
4133,0165,2,2026-06-14 03:07:50,0.4665991902834008,0
4134,0329,2,2026-06-14 03:07:50,0.4665991902834008,0
4135,0438,2,2026-06-14 03:07:50,1.0000000000000000,0
4136,0165,2,2026-06-14 03:08:00,0.4665991902834008,0
4137,0329,2,2026-06-14 03:08:00,0.4665991902834008,0
4138,0438,2,2026-06-14 03:08:00,1.0000000000000000,0
4139,0165,2,2026-06-14 03:08:10,0.4665991902834008,0
4140,0329,2,2026-06-14 03:08:10,0.4665991902834008,0
4141,0438,2,2026-06-14 03:08:10,1.0000000000000000,0
4142,0165,2,2026-06-14 03:08:20,0.4665991902834008,0
4143,0329,2,2026-06-14 03:08:20,0.4665991902834008,0
4144,0438,2,2026-06-14 03:08:20,1.0000000000000000,0
4145,0165,2,2026-06-14 03:08:30,0.4665991902834008,0
4146,0329,2,2026-06-14 03:08:30,0.4665991902834008,0
4147,0438,2,2026-06-14 03:08:30,1.0000000000000000,0
4148,0165,2,2026-06-14 03:08:40,0.4665991902834008,0
4149,0329,2,2026-06-14 03:08:40,0.4665991902834008,0
4150,0438,2,2026-06-14 03:08:40,1.0000000000000000,0
4151,0165,2,2026-06-14 03:08:50,0.4665991902834008,0
4152,0329,2,2026-06-14 03:08:50,0.4665991902834008,0
4153,0438,2,2026-06-14 03:08:50,1.0000000000000000,0
4154,0160,2,2026-06-14 04:36:30,0.1987854251012146,0
4155,0160,2,2026-06-14 04:36:40,0.1987854251012146,0
4156,0160,2,2026-06-14 04:36:50,0.1987854251012146,0
4157,0160,2,2026-06-14 04:37:00,0.1987854251012146,0
4158,0160,2,2026-06-14 04:37:00,0.1987854251012146,0
4159,0160,2,2026-06-14 04:37:10,0.1987854251012146,0
4160,0160,2,2026-06-14 04:37:10,0.1987854251012146,0
4161,0160,2,2026-06-14 04:37:20,0.1987854251012146,0
4162,0160,2,2026-06-14 04:37:20,0.1987854251012146,0
4163,0063,2,2026-06-14 04:37:30,0.5303643724696356,0
4164,0160,2,2026-06-14 04:37:30,0.1987854251012146,0
4165,0160,2,2026-06-14 04:37:30,0.1987854251012146,0
4166,0455,2,2026-06-14 04:37:30,0.5303643724696356,0
4167,0063,2,2026-06-14 04:37:40,0.5303643724696356,0
4168,0160,2,2026-06-14 04:37:40,0.1987854251012146,0
4169,0160,2,2026-06-14 04:37:40,0.1987854251012146,1
4170,0455,2,2026-06-14 04:37:40,0.5303643724696356,0
4171,0063,2,2026-06-14 04:37:50,0.5303643724696356,0
4172,0160,2,2026-06-14 04:37:50,0.1987854251012146,0
4173,0455,2,2026-06-14 04:37:50,0.5303643724696356,0
4174,0026,2,2026-06-14 04:38:00,1.0000000000000000,0
4175,0063,2,2026-06-14 04:38:00,0.5303643724696356,0
4176,0160,2,2026-06-14 04:38:00,0.1987854251012146,0
4177,0455,2,2026-06-14 04:38:00,0.5303643724696356,0
4178,0026,2,2026-06-14 04:38:10,1.0000000000000000,0
4179,0063,2,2026-06-14 04:38:10,0.5303643724696356,0
4180,0160,2,2026-06-14 04:38:10,0.1987854251012146,1
4181,0405,2,2026-06-14 04:38:10,0.0629554655870445,0
4182,0455,2,2026-06-14 04:38:10,0.5303643724696356,0
4183,0026,2,2026-06-14 04:38:20,1.0000000000000000,0
4184,0063,2,2026-06-14 04:38:20,0.5303643724696356,0
4185,0405,2,2026-06-14 04:38:20,0.0629554655870445,0
4186,0455,2,2026-06-14 04:38:20,0.5303643724696356,0
4187,0026,2,2026-06-14 04:38:30,1.0000000000000000,0
4188,0063,2,2026-06-14 04:38:30,0.5303643724696356,0
4189,0405,2,2026-06-14 04:38:30,0.0629554655870445,0
4190,0455,2,2026-06-14 04:38:30,0.5303643724696356,0
4191,0026,2,2026-06-14 04:38:40,1.0000000000000000,0
4192,0063,2,2026-06-14 04:38:40,0.5303643724696356,0
4193,0067,2,2026-06-14 04:38:40,0.5303643724696356,0
4194,0213,2,2026-06-14 04:38:40,0.9289473684210526,0
4195,0405,2,2026-06-14 04:38:40,0.0629554655870445,0
4196,0455,2,2026-06-14 04:38:40,0.5303643724696356,0
4197,0026,2,2026-06-14 04:38:50,1.0000000000000000,0
4198,0063,2,2026-06-14 04:38:50,0.5303643724696356,0
4199,0067,2,2026-06-14 04:38:50,0.5303643724696356,0
4200,0190,2,2026-06-14 04:38:50,0.8038461538461539,0
4201,0213,2,2026-06-14 04:38:50,0.9289473684210526,0
4202,0405,2,2026-06-14 04:38:50,0.0629554655870445,0
4203,0455,2,2026-06-14 04:38:50,0.5303643724696356,0
4204,0026,2,2026-06-14 04:39:00,1.0000000000000000,0
4205,0063,2,2026-06-14 04:39:00,0.5303643724696356,0
4206,0067,2,2026-06-14 04:39:00,0.5303643724696356,0
4207,0213,2,2026-06-14 04:39:00,0.9289473684210526,0
4208,0405,2,2026-06-14 04:39:00,0.0629554655870445,0
4209,0455,2,2026-06-14 04:39:00,0.5303643724696356,0
4210,0026,2,2026-06-14 04:39:10,1.0000000000000000,0
4211,0067,2,2026-06-14 04:39:10,0.5303643724696356,0
4212,0213,2,2026-06-14 04:39:10,0.9289473684210526,0
4213,0405,2,2026-06-14 04:39:10,0.0629554655870445,0
4214,0026,2,2026-06-14 04:39:20,1.0000000000000000,0
4215,0067,2,2026-06-14 04:39:20,0.5303643724696356,0
4216,0213,2,2026-06-14 04:39:20,0.9289473684210526,0
4217,0405,2,2026-06-14 04:39:20,0.0629554655870445,0
4218,0026,2,2026-06-14 04:39:30,1.0000000000000000,0
4219,0067,2,2026-06-14 04:39:30,0.5303643724696356,0
4220,0405,2,2026-06-14 04:39:30,0.0629554655870445,0
4221,0026,2,2026-06-14 04:39:40,1.0000000000000000,0
4222,0067,2,2026-06-14 04:39:40,0.5303643724696356,0
4223,0405,2,2026-06-14 04:39:40,0.0629554655870445,0
4224,0026,2,2026-06-14 04:39:50,1.0000000000000000,0
4225,0067,2,2026-06-14 04:39:50,0.5303643724696356,0
4226,0067,2,2026-06-14 04:40:00,0.5303643724696356,0
4227,0067,2,2026-06-14 04:40:10,0.5303643724696356,0
4228,0079,2,2026-06-14 06:07:10,0.4665991902834008,0
4229,0079,2,2026-06-14 06:07:20,0.4665991902834008,0
4230,0079,2,2026-06-14 06:07:30,0.4665991902834008,0
4231,0079,2,2026-06-14 06:07:40,0.4665991902834008,0
4232,0079,2,2026-06-14 06:07:50,0.4665991902834008,0
4233,0407,2,2026-06-14 06:07:50,0.0629554655870445,0
4234,0079,2,2026-06-14 06:08:00,0.4665991902834008,0
4235,0407,2,2026-06-14 06:08:00,0.0629554655870445,0
4236,0079,2,2026-06-14 06:08:10,0.4665991902834008,0
4237,0407,2,2026-06-14 06:08:10,0.0629554655870445,0
4238,0407,2,2026-06-14 06:08:20,0.0629554655870445,0
4239,0407,2,2026-06-14 06:08:30,0.0629554655870445,0
4240,0407,2,2026-06-14 06:08:40,0.0629554655870445,0
4241,0407,2,2026-06-14 06:08:50,0.0629554655870445,0
4242,0407,2,2026-06-14 06:09:00,0.0629554655870445,0
4243,0407,2,2026-06-14 06:09:10,0.0629554655870445,0
4244,0220,2,2026-06-14 06:11:50,0.8038461538461539,0
4245,0220,2,2026-06-14 06:12:00,0.8038461538461539,0
4246,0220,2,2026-06-14 06:12:10,0.8038461538461539,0
4247,0220,2,2026-06-14 06:12:20,0.8038461538461539,0
4248,0220,2,2026-06-14 06:12:30,0.8038461538461539,0
4249,0179,2,2026-06-14 06:12:40,0.4665991902834008,0
4250,0220,2,2026-06-14 06:12:40,0.8038461538461539,0
4251,0179,2,2026-06-14 06:12:50,0.4665991902834008,0
4252,0220,2,2026-06-14 06:12:50,0.8038461538461539,0
4253,0363,2,2026-06-14 06:12:50,0.1340080971659919,0
4254,0179,2,2026-06-14 06:13:00,0.4665991902834008,0
4255,0220,2,2026-06-14 06:13:00,0.8038461538461539,0
4256,0363,2,2026-06-14 06:13:00,0.1340080971659919,0
4257,0179,2,2026-06-14 06:13:10,0.4665991902834008,0
4258,0220,2,2026-06-14 06:13:10,0.8038461538461539,0
4259,0363,2,2026-06-14 06:13:10,0.1340080971659919,0
4260,0179,2,2026-06-14 06:13:20,0.4665991902834008,0
4261,0220,2,2026-06-14 06:13:20,0.8038461538461539,0
4262,0363,2,2026-06-14 06:13:20,0.1340080971659919,0
4263,0179,2,2026-06-14 06:13:30,0.4665991902834008,0
4264,0220,2,2026-06-14 06:13:30,0.8038461538461539,0
4265,0363,2,2026-06-14 06:13:30,0.1340080971659919,0
4266,0179,2,2026-06-14 06:13:40,0.4665991902834008,0
4267,0363,2,2026-06-14 06:13:40,0.1340080971659919,0
4268,0179,2,2026-06-14 06:13:50,0.4665991902834008,0
4269,0363,2,2026-06-14 06:13:50,0.1340080971659919,0
4270,0179,2,2026-06-14 06:14:00,0.4665991902834008,0
4271,0363,2,2026-06-14 06:14:00,0.1340080971659919,0
4272,0363,2,2026-06-14 06:14:10,0.1340080971659919,0
4273,0363,2,2026-06-14 06:14:20,0.1340080971659919,0
4274,0363,2,2026-06-14 06:14:30,0.1340080971659919,0
4275,0052,2,2026-06-14 06:14:50,0.6645748987854251,0
4276,0052,2,2026-06-14 06:15:00,0.6645748987854251,0
4277,0052,2,2026-06-14 06:15:10,0.6645748987854251,0
4278,0052,2,2026-06-14 06:15:20,0.6645748987854251,0
4279,0052,2,2026-06-14 06:15:30,0.6645748987854251,0
4280,0052,2,2026-06-14 06:15:40,0.6645748987854251,0
4281,0052,2,2026-06-14 06:15:50,0.6645748987854251,0
4282,0052,2,2026-06-14 06:16:00,0.6645748987854251,0
4283,0375,2,2026-06-14 06:16:00,1.0000000000000000,0
4284,0052,2,2026-06-14 06:16:10,0.6645748987854251,0
4285,0375,2,2026-06-14 06:16:10,1.0000000000000000,0
4286,0052,2,2026-06-14 06:16:20,0.6645748987854251,0
4287,0375,2,2026-06-14 06:16:20,1.0000000000000000,0
4288,0052,2,2026-06-14 06:16:30,0.6645748987854251,0
4289,0375,2,2026-06-14 06:16:30,1.0000000000000000,0
4290,0375,2,2026-06-14 06:16:40,1.0000000000000000,0
4291,0375,2,2026-06-14 06:16:50,1.0000000000000000,0
4292,0375,2,2026-06-14 06:17:00,1.0000000000000000,0
4293,0375,2,2026-06-14 06:17:10,1.0000000000000000,0
4294,0375,2,2026-06-14 06:17:20,1.0000000000000000,0
4295,0375,2,2026-06-14 06:17:30,1.0000000000000000,0
4296,0375,2,2026-06-14 06:17:40,1.0000000000000000,0
4297,0375,2,2026-06-14 06:17:50,1.0000000000000000,0
4298,0440,2,2026-06-14 07:46:00,0.3402834008097166,0
4299,0466,2,2026-06-14 07:46:00,0.6645748987854251,0
4300,0440,2,2026-06-14 07:46:10,0.3402834008097166,0
4301,0466,2,2026-06-14 07:46:10,0.6645748987854251,0
4302,0059,2,2026-06-14 07:46:20,0.8038461538461539,0
4303,0440,2,2026-06-14 07:46:20,0.3402834008097166,0
4304,0466,2,2026-06-14 07:46:20,0.6645748987854251,1
4305,0059,2,2026-06-14 07:46:30,0.8038461538461539,0
4306,0440,2,2026-06-14 07:46:30,0.3402834008097166,0
4307,0466,2,2026-06-14 07:46:30,0.6645748987854251,0
4308,0044,2,2026-06-14 07:46:40,0.6115384615384616,0
4309,0059,2,2026-06-14 07:46:40,0.8038461538461539,0
4310,0343,2,2026-06-14 07:46:40,0.1340080971659919,0
4311,0440,2,2026-06-14 07:46:40,0.3402834008097166,0
4312,0466,2,2026-06-14 07:46:40,0.6645748987854251,0
4313,0044,2,2026-06-14 07:46:50,0.6115384615384616,0
4314,0059,2,2026-06-14 07:46:50,0.8038461538461539,0
4315,0343,2,2026-06-14 07:46:50,0.1340080971659919,0
4316,0440,2,2026-06-14 07:46:50,0.3402834008097166,0
4317,0044,2,2026-06-14 07:47:00,0.6115384615384616,0
4318,0059,2,2026-06-14 07:47:00,0.8038461538461539,0
4319,0343,2,2026-06-14 07:47:00,0.1340080971659919,0
4320,0440,2,2026-06-14 07:47:00,0.3402834008097166,0
4321,0044,2,2026-06-14 07:47:10,0.6115384615384616,0
4322,0059,2,2026-06-14 07:47:10,0.8038461538461539,0
4323,0343,2,2026-06-14 07:47:10,0.1340080971659919,0
4324,0440,2,2026-06-14 07:47:10,0.3402834008097166,0
4325,0044,2,2026-06-14 07:47:20,0.6115384615384616,0
4326,0059,2,2026-06-14 07:47:20,0.8038461538461539,0
4327,0135,2,2026-06-14 07:47:20,0.7000000000000000,0
4328,0343,2,2026-06-14 07:47:20,0.1340080971659919,0
4329,0440,2,2026-06-14 07:47:20,0.3402834008097166,0
4330,0044,2,2026-06-14 07:47:30,0.6115384615384616,0
4331,0059,2,2026-06-14 07:47:30,0.8038461538461539,0
4332,0135,2,2026-06-14 07:47:30,0.7000000000000000,0
4333,0343,2,2026-06-14 07:47:30,0.1340080971659919,0
4334,0440,2,2026-06-14 07:47:30,0.3402834008097166,0
4335,0044,2,2026-06-14 07:47:40,0.6115384615384616,0
4336,0059,2,2026-06-14 07:47:40,0.8038461538461539,0
4337,0135,2,2026-06-14 07:47:40,0.7000000000000000,0
4338,0343,2,2026-06-14 07:47:40,0.1340080971659919,0
4339,0408,2,2026-06-14 07:47:40,0.6645748987854251,0
4340,0440,2,2026-06-14 07:47:40,0.3402834008097166,0
4341,0059,2,2026-06-14 07:47:50,0.8038461538461539,0
4342,0135,2,2026-06-14 07:47:50,0.7000000000000000,0
4343,0343,2,2026-06-14 07:47:50,0.1340080971659919,0
4344,0408,2,2026-06-14 07:47:50,0.6645748987854251,0
4345,0440,2,2026-06-14 07:47:50,0.3402834008097166,0
4346,0059,2,2026-06-14 07:48:00,0.8038461538461539,0
4347,0135,2,2026-06-14 07:48:00,0.7000000000000000,0
4348,0343,2,2026-06-14 07:48:00,0.1340080971659919,0
4349,0408,2,2026-06-14 07:48:00,0.6645748987854251,0
4350,0135,2,2026-06-14 07:48:10,0.7000000000000000,0
4351,0408,2,2026-06-14 07:48:10,0.6645748987854251,0
4352,0135,2,2026-06-14 07:48:20,0.7000000000000000,0
4353,0408,2,2026-06-14 07:48:20,0.6645748987854251,0
4354,0135,2,2026-06-14 07:48:30,0.7000000000000000,0
4355,0408,2,2026-06-14 07:48:30,0.6645748987854251,0
4356,0135,2,2026-06-14 07:48:40,0.7000000000000000,0
4357,0408,2,2026-06-14 07:48:40,0.6645748987854251,0
4358,0135,2,2026-06-14 07:48:50,0.7000000000000000,0
4359,0408,2,2026-06-14 07:48:50,0.6645748987854251,0
4360,0408,2,2026-06-14 07:49:00,0.6645748987854251,0
4361,0047,2,2026-06-14 07:49:30,0.3402834008097166,0
4362,0047,2,2026-06-14 07:49:40,0.3402834008097166,0
4363,0047,2,2026-06-14 07:49:50,0.3402834008097166,0
4364,0047,2,2026-06-14 07:50:00,0.3402834008097166,0
4365,0047,2,2026-06-14 07:50:10,0.3402834008097166,0
4366,0047,2,2026-06-14 07:50:20,0.3402834008097166,0
4367,0087,2,2026-06-14 07:51:50,0.6645748987854251,0
4368,0087,2,2026-06-14 07:52:00,0.6645748987854251,0
4369,0095,2,2026-06-14 07:52:00,0.3402834008097166,0
4370,0087,2,2026-06-14 07:52:10,0.6645748987854251,0
4371,0095,2,2026-06-14 07:52:10,0.3402834008097166,0
4372,0087,2,2026-06-14 07:52:20,0.6645748987854251,0
4373,0087,2,2026-06-14 07:52:20,0.6645748987854251,1
4374,0095,2,2026-06-14 07:52:20,0.3402834008097166,0
4375,0087,2,2026-06-14 07:52:30,0.6645748987854251,0
4376,0087,2,2026-06-14 07:52:30,0.6645748987854251,0
4377,0095,2,2026-06-14 07:52:30,0.3402834008097166,0
4378,0087,2,2026-06-14 07:52:40,0.6645748987854251,0
4379,0095,2,2026-06-14 07:52:40,0.3402834008097166,0
4380,0087,2,2026-06-14 07:52:50,0.6645748987854251,1
4381,0095,2,2026-06-14 07:52:50,0.3402834008097166,0
4382,0087,2,2026-06-14 07:53:00,0.6645748987854251,0
4383,0095,2,2026-06-14 07:53:00,0.3402834008097166,0
4384,0095,2,2026-06-14 07:53:10,0.3402834008097166,0
4385,0095,2,2026-06-14 07:53:20,0.3402834008097166,0
4386,0095,2,2026-06-14 07:53:30,0.3402834008097166,0
4387,0095,2,2026-06-14 07:53:40,0.3402834008097166,0
4388,0095,2,2026-06-14 07:53:50,0.3402834008097166,0
4389,0467,2,2026-06-14 07:55:20,0.6115384615384616,0
4390,0467,2,2026-06-14 07:55:30,0.6115384615384616,0
4391,0467,2,2026-06-14 07:55:40,0.6115384615384616,0
4392,0467,2,2026-06-14 07:55:50,0.6115384615384616,0
4393,0467,2,2026-06-14 07:56:00,0.6115384615384616,0
4394,0467,2,2026-06-14 07:56:10,0.6115384615384616,0
4395,0467,2,2026-06-14 07:56:20,0.6115384615384616,0
4396,0467,2,2026-06-14 07:56:30,0.6115384615384616,0
4397,0467,2,2026-06-14 07:56:40,0.6115384615384616,0
4398,0467,2,2026-06-14 07:56:50,0.6115384615384616,0
4399,002,2,2026-06-14 07:57:50,0.1987854251012146,0
4400,0014,2,2026-06-14 07:57:50,0.7000000000000000,0
4401,0015,2,2026-06-14 07:57:50,0.6115384615384616,0
4402,0022,2,2026-06-14 07:57:50,0.9289473684210526,0
4403,0024,2,2026-06-14 07:57:50,0.2900809716599190,0
4404,0032,2,2026-06-14 07:57:50,0.3402834008097166,0
4405,0041,2,2026-06-14 07:57:50,0.6115384615384616,0
4406,0053,2,2026-06-14 07:57:50,0.9289473684210526,0
4407,0071,2,2026-06-14 07:57:50,0.8038461538461539,0
4408,0089,2,2026-06-14 07:57:50,0.1987854251012146,0
4409,0099,2,2026-06-14 07:57:50,1.0000000000000000,0
4410,0121,2,2026-06-14 07:57:50,0.8038461538461539,0
4411,0141,2,2026-06-14 07:57:50,1.0000000000000000,1
4412,0150,2,2026-06-14 07:57:50,0.1987854251012146,0
4413,0163,2,2026-06-14 07:57:50,0.9289473684210526,0
4414,0176,2,2026-06-14 07:57:50,0.8038461538461539,0
4415,0181,2,2026-06-14 07:57:50,0.7000000000000000,0
4416,0208,2,2026-06-14 07:57:50,0.6115384615384616,0
4417,0244,2,2026-06-14 07:57:50,0.0629554655870445,0
4418,0246,2,2026-06-14 07:57:50,0.1340080971659919,0
4419,0252,2,2026-06-14 07:57:50,0.1987854251012146,0
4420,0290,2,2026-06-14 07:57:50,0.9289473684210526,0
4421,0294,2,2026-06-14 07:57:50,0.8038461538461539,0
4422,0295,2,2026-06-14 07:57:50,0.7000000000000000,0
4423,0301,2,2026-06-14 07:57:50,0.2900809716599190,0
4424,0303,2,2026-06-14 07:57:50,0.3402834008097166,0
4425,0309,2,2026-06-14 07:57:50,0.6645748987854251,0
4426,0325,2,2026-06-14 07:57:50,0.1340080971659919,0
4427,0331,2,2026-06-14 07:57:50,0.7000000000000000,0
4428,0356,2,2026-06-14 07:57:50,0.6115384615384616,0
4429,0358,2,2026-06-14 07:57:50,0.1340080971659919,0
4430,0372,2,2026-06-14 07:57:50,0.0629554655870445,0
4431,0392,2,2026-06-14 07:57:50,0.2900809716599190,0
4432,0395,2,2026-06-14 07:57:50,0.1340080971659919,0
4433,0402,2,2026-06-14 07:57:50,0.4665991902834008,0
4434,0417,2,2026-06-14 07:57:50,0.6115384615384616,0
4435,0435,2,2026-06-14 07:57:50,0.9289473684210526,0
4436,0436,2,2026-06-14 07:57:50,0.4665991902834008,0
4437,0452,2,2026-06-14 07:57:50,0.9289473684210526,0
4438,0459,2,2026-06-14 07:57:50,1.0000000000000000,0
4439,0471,2,2026-06-14 07:57:50,0.6645748987854251,0
4440,0472,2,2026-06-14 07:57:50,0.0629554655870445,0
4441,0476,2,2026-06-14 07:57:50,0.9289473684210526,0
4442,0480,2,2026-06-14 07:57:50,0.1340080971659919,0
4443,0487,2,2026-06-14 07:57:50,0.9289473684210526,0
4444,002,2,2026-06-14 07:58:00,0.1987854251012146,0
4445,0014,2,2026-06-14 07:58:00,0.7000000000000000,0
4446,0015,2,2026-06-14 07:58:00,0.6115384615384616,0
4447,0020,2,2026-06-14 07:58:00,0.6115384615384616,0
4448,0022,2,2026-06-14 07:58:00,0.9289473684210526,0
4449,0024,2,2026-06-14 07:58:00,0.2900809716599190,0
4450,0032,2,2026-06-14 07:58:00,0.3402834008097166,0
4451,0041,2,2026-06-14 07:58:00,0.6115384615384616,0
4452,0053,2,2026-06-14 07:58:00,0.9289473684210526,0
4453,0070,2,2026-06-14 07:58:00,0.6115384615384616,0
4454,0071,2,2026-06-14 07:58:00,0.8038461538461539,0
4455,0083,2,2026-06-14 07:58:00,0.5303643724696356,0
4456,0085,2,2026-06-14 07:58:00,0.0629554655870445,0
4457,0089,2,2026-06-14 07:58:00,0.1987854251012146,0
4458,0099,2,2026-06-14 07:58:00,1.0000000000000000,0
4459,0113,2,2026-06-14 07:58:00,0.8038461538461539,0
4460,0121,2,2026-06-14 07:58:00,0.8038461538461539,0
4461,0126,2,2026-06-14 07:58:00,0.9289473684210526,0
4462,0140,2,2026-06-14 07:58:00,0.8038461538461539,0
4463,0141,2,2026-06-14 07:58:00,1.0000000000000000,0
4464,0150,2,2026-06-14 07:58:00,0.1987854251012146,0
4465,0163,2,2026-06-14 07:58:00,0.9289473684210526,0
4466,0176,2,2026-06-14 07:58:00,0.8038461538461539,0
4467,0181,2,2026-06-14 07:58:00,0.7000000000000000,0
4468,0183,2,2026-06-14 07:58:00,0.9289473684210526,0
4469,0187,2,2026-06-14 07:58:00,0.0629554655870445,0
4470,0205,2,2026-06-14 07:58:00,0.7000000000000000,0
4471,0208,2,2026-06-14 07:58:00,0.6115384615384616,0
4472,0226,2,2026-06-14 07:58:00,0.6645748987854251,0
4473,0232,2,2026-06-14 07:58:00,0.9289473684210526,0
4474,0235,2,2026-06-14 07:58:00,0.6645748987854251,0
4475,0243,2,2026-06-14 07:58:00,0.0629554655870445,0
4476,0244,2,2026-06-14 07:58:00,0.0629554655870445,0
4477,0246,2,2026-06-14 07:58:00,0.1340080971659919,0
4478,0252,2,2026-06-14 07:58:00,0.1987854251012146,0
4479,0255,2,2026-06-14 07:58:00,0.6645748987854251,0
4480,0290,2,2026-06-14 07:58:00,0.9289473684210526,0
4481,0294,2,2026-06-14 07:58:00,0.8038461538461539,0
4482,0295,2,2026-06-14 07:58:00,0.7000000000000000,0
4483,0296,2,2026-06-14 07:58:00,0.0629554655870445,0
4484,0301,2,2026-06-14 07:58:00,0.2900809716599190,0
4485,0303,2,2026-06-14 07:58:00,0.3402834008097166,0
4486,0307,2,2026-06-14 07:58:00,0.8038461538461539,0
4487,0309,2,2026-06-14 07:58:00,0.6645748987854251,0
4488,0325,2,2026-06-14 07:58:00,0.1340080971659919,0
4489,0331,2,2026-06-14 07:58:00,0.7000000000000000,0
4490,0356,2,2026-06-14 07:58:00,0.6115384615384616,0
4491,0358,2,2026-06-14 07:58:00,0.1340080971659919,0
4492,0371,2,2026-06-14 07:58:00,0.7000000000000000,0
4493,0372,2,2026-06-14 07:58:00,0.0629554655870445,0
4494,0383,2,2026-06-14 07:58:00,0.6645748987854251,0
4495,0386,2,2026-06-14 07:58:00,0.4665991902834008,0
4496,0392,2,2026-06-14 07:58:00,0.2900809716599190,0
4497,0395,2,2026-06-14 07:58:00,0.1340080971659919,0
4498,0402,2,2026-06-14 07:58:00,0.4665991902834008,0
4499,0417,2,2026-06-14 07:58:00,0.6115384615384616,0
4500,0430,2,2026-06-14 07:58:00,0.5303643724696356,0
4501,0431,2,2026-06-14 07:58:00,0.1340080971659919,0
4502,0435,2,2026-06-14 07:58:00,0.9289473684210526,0
4503,0436,2,2026-06-14 07:58:00,0.4665991902834008,0
4504,0452,2,2026-06-14 07:58:00,0.9289473684210526,1
4505,0459,2,2026-06-14 07:58:00,1.0000000000000000,0
4506,0469,2,2026-06-14 07:58:00,0.1340080971659919,0
4507,0471,2,2026-06-14 07:58:00,0.6645748987854251,0
4508,0472,2,2026-06-14 07:58:00,0.0629554655870445,0
4509,0476,2,2026-06-14 07:58:00,0.9289473684210526,0
4510,0480,2,2026-06-14 07:58:00,0.1340080971659919,0
4511,0487,2,2026-06-14 07:58:00,0.9289473684210526,0
4512,002,2,2026-06-14 07:58:10,0.1987854251012146,0
4513,0014,2,2026-06-14 07:58:10,0.7000000000000000,0
4514,0015,2,2026-06-14 07:58:10,0.6115384615384616,0
4515,0020,2,2026-06-14 07:58:10,0.6115384615384616,0
4516,0022,2,2026-06-14 07:58:10,0.9289473684210526,0
4517,0024,2,2026-06-14 07:58:10,0.2900809716599190,0
4518,0032,2,2026-06-14 07:58:10,0.3402834008097166,0
4519,0041,2,2026-06-14 07:58:10,0.6115384615384616,0
4520,0053,2,2026-06-14 07:58:10,0.9289473684210526,0
4521,0070,2,2026-06-14 07:58:10,0.6115384615384616,0
4522,0071,2,2026-06-14 07:58:10,0.8038461538461539,0
4523,0083,2,2026-06-14 07:58:10,0.5303643724696356,0
4524,0085,2,2026-06-14 07:58:10,0.0629554655870445,0
4525,0089,2,2026-06-14 07:58:10,0.1987854251012146,0
4526,0099,2,2026-06-14 07:58:10,1.0000000000000000,0
4527,0113,2,2026-06-14 07:58:10,0.8038461538461539,0
4528,0121,2,2026-06-14 07:58:10,0.8038461538461539,0
4529,0126,2,2026-06-14 07:58:10,0.9289473684210526,0
4530,0140,2,2026-06-14 07:58:10,0.8038461538461539,0
4531,0141,2,2026-06-14 07:58:10,1.0000000000000000,0
4532,0150,2,2026-06-14 07:58:10,0.1987854251012146,0
4533,0163,2,2026-06-14 07:58:10,0.9289473684210526,0
4534,0176,2,2026-06-14 07:58:10,0.8038461538461539,0
4535,0181,2,2026-06-14 07:58:10,0.7000000000000000,0
4536,0183,2,2026-06-14 07:58:10,0.9289473684210526,0
4537,0187,2,2026-06-14 07:58:10,0.0629554655870445,0
4538,0205,2,2026-06-14 07:58:10,0.7000000000000000,0
4539,0208,2,2026-06-14 07:58:10,0.6115384615384616,0
4540,0226,2,2026-06-14 07:58:10,0.6645748987854251,0
4541,0232,2,2026-06-14 07:58:10,0.9289473684210526,0
4542,0235,2,2026-06-14 07:58:10,0.6645748987854251,0
4543,0243,2,2026-06-14 07:58:10,0.0629554655870445,0
4544,0244,2,2026-06-14 07:58:10,0.0629554655870445,0
4545,0246,2,2026-06-14 07:58:10,0.1340080971659919,0
4546,0252,2,2026-06-14 07:58:10,0.1987854251012146,0
4547,0255,2,2026-06-14 07:58:10,0.6645748987854251,0
4548,0290,2,2026-06-14 07:58:10,0.9289473684210526,0
4549,0294,2,2026-06-14 07:58:10,0.8038461538461539,0
4550,0295,2,2026-06-14 07:58:10,0.7000000000000000,0
4551,0296,2,2026-06-14 07:58:10,0.0629554655870445,0
4552,0301,2,2026-06-14 07:58:10,0.2900809716599190,0
4553,0303,2,2026-06-14 07:58:10,0.3402834008097166,0
4554,0307,2,2026-06-14 07:58:10,0.8038461538461539,0
4555,0309,2,2026-06-14 07:58:10,0.6645748987854251,0
4556,0325,2,2026-06-14 07:58:10,0.1340080971659919,0
4557,0331,2,2026-06-14 07:58:10,0.7000000000000000,0
4558,0356,2,2026-06-14 07:58:10,0.6115384615384616,0
4559,0358,2,2026-06-14 07:58:10,0.1340080971659919,0
4560,0371,2,2026-06-14 07:58:10,0.7000000000000000,0
4561,0372,2,2026-06-14 07:58:10,0.0629554655870445,0
4562,0383,2,2026-06-14 07:58:10,0.6645748987854251,0
4563,0386,2,2026-06-14 07:58:10,0.4665991902834008,0
4564,0392,2,2026-06-14 07:58:10,0.2900809716599190,0
4565,0395,2,2026-06-14 07:58:10,0.1340080971659919,0
4566,0402,2,2026-06-14 07:58:10,0.4665991902834008,0
4567,0417,2,2026-06-14 07:58:10,0.6115384615384616,0
4568,0430,2,2026-06-14 07:58:10,0.5303643724696356,0
4569,0431,2,2026-06-14 07:58:10,0.1340080971659919,0
4570,0435,2,2026-06-14 07:58:10,0.9289473684210526,0
4571,0436,2,2026-06-14 07:58:10,0.4665991902834008,0
4572,0452,2,2026-06-14 07:58:10,0.9289473684210526,0
4573,0459,2,2026-06-14 07:58:10,1.0000000000000000,0
4574,0469,2,2026-06-14 07:58:10,0.1340080971659919,0
4575,0471,2,2026-06-14 07:58:10,0.6645748987854251,0
4576,0472,2,2026-06-14 07:58:10,0.0629554655870445,0
4577,0476,2,2026-06-14 07:58:10,0.9289473684210526,0
4578,0480,2,2026-06-14 07:58:10,0.1340080971659919,0
4579,0487,2,2026-06-14 07:58:10,0.9289473684210526,0
4580,002,2,2026-06-14 07:58:20,0.1987854251012146,0
4581,0014,2,2026-06-14 07:58:20,0.7000000000000000,0
4582,0015,2,2026-06-14 07:58:20,0.6115384615384616,0
4583,0020,2,2026-06-14 07:58:20,0.6115384615384616,0
4584,0022,2,2026-06-14 07:58:20,0.9289473684210526,0
4585,0024,2,2026-06-14 07:58:20,0.2900809716599190,0
4586,0032,2,2026-06-14 07:58:20,0.3402834008097166,0
4587,0041,2,2026-06-14 07:58:20,0.6115384615384616,0
4588,0053,2,2026-06-14 07:58:20,0.9289473684210526,0
4589,0070,2,2026-06-14 07:58:20,0.6115384615384616,0
4590,0071,2,2026-06-14 07:58:20,0.8038461538461539,0
4591,0083,2,2026-06-14 07:58:20,0.5303643724696356,0
4592,0085,2,2026-06-14 07:58:20,0.0629554655870445,0
4593,0089,2,2026-06-14 07:58:20,0.1987854251012146,0
4594,0099,2,2026-06-14 07:58:20,1.0000000000000000,0
4595,0113,2,2026-06-14 07:58:20,0.8038461538461539,0
4596,0121,2,2026-06-14 07:58:20,0.8038461538461539,0
4597,0126,2,2026-06-14 07:58:20,0.9289473684210526,0
4598,0140,2,2026-06-14 07:58:20,0.8038461538461539,0
4599,0141,2,2026-06-14 07:58:20,1.0000000000000000,1
4600,0150,2,2026-06-14 07:58:20,0.1987854251012146,0
4601,0163,2,2026-06-14 07:58:20,0.9289473684210526,0
4602,0176,2,2026-06-14 07:58:20,0.8038461538461539,0
4603,0181,2,2026-06-14 07:58:20,0.7000000000000000,0
4604,0183,2,2026-06-14 07:58:20,0.9289473684210526,0
4605,0187,2,2026-06-14 07:58:20,0.0629554655870445,0
4606,0205,2,2026-06-14 07:58:20,0.7000000000000000,0
4607,0208,2,2026-06-14 07:58:20,0.6115384615384616,0
4608,0226,2,2026-06-14 07:58:20,0.6645748987854251,0
4609,0232,2,2026-06-14 07:58:20,0.9289473684210526,0
4610,0235,2,2026-06-14 07:58:20,0.6645748987854251,0
4611,0243,2,2026-06-14 07:58:20,0.0629554655870445,0
4612,0244,2,2026-06-14 07:58:20,0.0629554655870445,0
4613,0246,2,2026-06-14 07:58:20,0.1340080971659919,0
4614,0252,2,2026-06-14 07:58:20,0.1987854251012146,0
4615,0255,2,2026-06-14 07:58:20,0.6645748987854251,0
4616,0290,2,2026-06-14 07:58:20,0.9289473684210526,0
4617,0294,2,2026-06-14 07:58:20,0.8038461538461539,0
4618,0295,2,2026-06-14 07:58:20,0.7000000000000000,0
4619,0296,2,2026-06-14 07:58:20,0.0629554655870445,0
4620,0301,2,2026-06-14 07:58:20,0.2900809716599190,0
4621,0303,2,2026-06-14 07:58:20,0.3402834008097166,0
4622,0307,2,2026-06-14 07:58:20,0.8038461538461539,0
4623,0309,2,2026-06-14 07:58:20,0.6645748987854251,0
4624,0325,2,2026-06-14 07:58:20,0.1340080971659919,0
4625,0331,2,2026-06-14 07:58:20,0.7000000000000000,0
4626,0356,2,2026-06-14 07:58:20,0.6115384615384616,0
4627,0358,2,2026-06-14 07:58:20,0.1340080971659919,0
4628,0371,2,2026-06-14 07:58:20,0.7000000000000000,0
4629,0372,2,2026-06-14 07:58:20,0.0629554655870445,0
4630,0383,2,2026-06-14 07:58:20,0.6645748987854251,0
4631,0386,2,2026-06-14 07:58:20,0.4665991902834008,0
4632,0392,2,2026-06-14 07:58:20,0.2900809716599190,0
4633,0395,2,2026-06-14 07:58:20,0.1340080971659919,0
4634,0402,2,2026-06-14 07:58:20,0.4665991902834008,0
4635,0417,2,2026-06-14 07:58:20,0.6115384615384616,0
4636,0430,2,2026-06-14 07:58:20,0.5303643724696356,0
4637,0431,2,2026-06-14 07:58:20,0.1340080971659919,0
4638,0435,2,2026-06-14 07:58:20,0.9289473684210526,0
4639,0436,2,2026-06-14 07:58:20,0.4665991902834008,0
4640,0452,2,2026-06-14 07:58:20,0.9289473684210526,0
4641,0459,2,2026-06-14 07:58:20,1.0000000000000000,0
4642,0469,2,2026-06-14 07:58:20,0.1340080971659919,0
4643,0471,2,2026-06-14 07:58:20,0.6645748987854251,0
4644,0472,2,2026-06-14 07:58:20,0.0629554655870445,0
4645,0476,2,2026-06-14 07:58:20,0.9289473684210526,0
4646,0480,2,2026-06-14 07:58:20,0.1340080971659919,0
4647,0487,2,2026-06-14 07:58:20,0.9289473684210526,0
4648,002,2,2026-06-14 07:58:30,0.1987854251012146,0
4649,0014,2,2026-06-14 07:58:30,0.7000000000000000,0
4650,0015,2,2026-06-14 07:58:30,0.6115384615384616,0
4651,0024,2,2026-06-14 07:58:30,0.2900809716599190,0
4652,0032,2,2026-06-14 07:58:30,0.3402834008097166,0
4653,0053,2,2026-06-14 07:58:30,0.9289473684210526,0
4654,0085,2,2026-06-14 07:58:30,0.0629554655870445,0
4655,0099,2,2026-06-14 07:58:30,1.0000000000000000,0
4656,0121,2,2026-06-14 07:58:30,0.8038461538461539,0
4657,0141,2,2026-06-14 07:58:30,1.0000000000000000,0
4658,0163,2,2026-06-14 07:58:30,0.9289473684210526,0
4659,0176,2,2026-06-14 07:58:30,0.8038461538461539,0
4660,0181,2,2026-06-14 07:58:30,0.7000000000000000,0
4661,0208,2,2026-06-14 07:58:30,0.6115384615384616,0
4662,0244,2,2026-06-14 07:58:30,0.0629554655870445,0
4663,0246,2,2026-06-14 07:58:30,0.1340080971659919,0
4664,0252,2,2026-06-14 07:58:30,0.1987854251012146,0
4665,0290,2,2026-06-14 07:58:30,0.9289473684210526,0
4666,0294,2,2026-06-14 07:58:30,0.8038461538461539,0
4667,0295,2,2026-06-14 07:58:30,0.7000000000000000,0
4668,0303,2,2026-06-14 07:58:30,0.3402834008097166,0
4669,0309,2,2026-06-14 07:58:30,0.6645748987854251,0
4670,0325,2,2026-06-14 07:58:30,0.1340080971659919,0
4671,0331,2,2026-06-14 07:58:30,0.7000000000000000,0
4672,0356,2,2026-06-14 07:58:30,0.6115384615384616,0
4673,0372,2,2026-06-14 07:58:30,0.0629554655870445,0
4674,0386,2,2026-06-14 07:58:30,0.4665991902834008,0
4675,0392,2,2026-06-14 07:58:30,0.2900809716599190,0
4676,0417,2,2026-06-14 07:58:30,0.6115384615384616,0
4677,0430,2,2026-06-14 07:58:30,0.5303643724696356,0
4678,0435,2,2026-06-14 07:58:30,0.9289473684210526,0
4679,0436,2,2026-06-14 07:58:30,0.4665991902834008,0
4680,0452,2,2026-06-14 07:58:30,0.9289473684210526,1
4681,0459,2,2026-06-14 07:58:30,1.0000000000000000,0
4682,0471,2,2026-06-14 07:58:30,0.6645748987854251,0
4683,0472,2,2026-06-14 07:58:30,0.0629554655870445,0
4684,0476,2,2026-06-14 07:58:30,0.9289473684210526,0
4685,0480,2,2026-06-14 07:58:30,0.1340080971659919,0
4686,0487,2,2026-06-14 07:58:30,0.9289473684210526,0
4687,0473,2,2026-06-14 07:58:40,0.6645748987854251,0
4688,0473,2,2026-06-14 07:58:50,0.6645748987854251,0
4689,0473,2,2026-06-14 07:59:00,0.6645748987854251,0
4690,0473,2,2026-06-14 07:59:10,0.6645748987854251,0
4691,0473,2,2026-06-14 07:59:20,0.6645748987854251,0
4692,0473,2,2026-06-14 07:59:30,0.6645748987854251,0
4693,0473,2,2026-06-14 07:59:40,0.6645748987854251,0
4694,0488,2,2026-06-14 07:59:40,0.9289473684210526,0
4695,0473,2,2026-06-14 07:59:50,0.6645748987854251,0
4696,0488,2,2026-06-14 07:59:50,0.9289473684210526,0
4697,0473,2,2026-06-14 08:00:00,0.6645748987854251,0
4698,0488,2,2026-06-14 08:00:00,0.9289473684210526,0
4699,0473,2,2026-06-14 08:00:10,0.6645748987854251,0
4700,0488,2,2026-06-14 08:00:10,0.9289473684210526,0
4701,0473,2,2026-06-14 08:00:20,0.6645748987854251,0
4702,0488,2,2026-06-14 08:00:20,0.9289473684210526,0
4703,0473,2,2026-06-14 08:00:30,0.6645748987854251,0
4704,0488,2,2026-06-14 08:00:30,0.9289473684210526,0
4705,0488,2,2026-06-14 08:00:40,0.9289473684210526,0
4706,0488,2,2026-06-14 08:00:50,0.9289473684210526,0
4707,0488,2,2026-06-14 08:01:00,0.9289473684210526,0
4708,0488,2,2026-06-14 08:01:10,0.9289473684210526,0
4709,0488,2,2026-06-14 08:01:20,0.9289473684210526,0
4710,0488,2,2026-06-14 08:01:30,0.9289473684210526,0
4711,0058,2,2026-06-14 08:04:20,0.4665991902834008,0
4712,0058,2,2026-06-14 08:04:30,0.4665991902834008,0
4713,0388,2,2026-06-14 08:08:40,0.5303643724696356,0
4714,0388,2,2026-06-14 08:08:50,0.5303643724696356,0
4715,0409,2,2026-06-14 08:08:50,0.4665991902834008,0
4716,0388,2,2026-06-14 08:09:00,0.5303643724696356,0
4717,0409,2,2026-06-14 08:09:00,0.4665991902834008,0
4718,0490,2,2026-06-14 08:09:00,0.4665991902834008,0
4719,0388,2,2026-06-14 08:09:10,0.5303643724696356,0
4720,0409,2,2026-06-14 08:09:10,0.4665991902834008,0
4721,0490,2,2026-06-14 08:09:10,0.4665991902834008,0
4722,0388,2,2026-06-14 08:09:20,0.5303643724696356,0
4723,0409,2,2026-06-14 08:09:20,0.4665991902834008,0
4724,0409,2,2026-06-14 08:09:20,0.4665991902834008,1
4725,0490,2,2026-06-14 08:09:20,0.4665991902834008,0
4726,0388,2,2026-06-14 08:09:30,0.5303643724696356,0
4727,0409,2,2026-06-14 08:09:30,0.4665991902834008,0
4728,0409,2,2026-06-14 08:09:30,0.4665991902834008,0
4729,0490,2,2026-06-14 08:09:30,0.4665991902834008,0
4730,0388,2,2026-06-14 08:09:40,0.5303643724696356,0
4731,0409,2,2026-06-14 08:09:40,0.4665991902834008,0
4732,0409,2,2026-06-14 08:09:40,0.4665991902834008,0
4733,0490,2,2026-06-14 08:09:40,0.4665991902834008,0
4734,0388,2,2026-06-14 08:09:50,0.5303643724696356,0
4735,0409,2,2026-06-14 08:09:50,0.4665991902834008,1
4736,0409,2,2026-06-14 08:09:50,0.4665991902834008,0
4737,0490,2,2026-06-14 08:09:50,0.4665991902834008,0
4738,0388,2,2026-06-14 08:10:00,0.5303643724696356,0
4739,0409,2,2026-06-14 08:10:00,0.4665991902834008,0
4740,0409,2,2026-06-14 08:10:00,0.4665991902834008,0
4741,0490,2,2026-06-14 08:10:00,0.4665991902834008,0
4742,0388,2,2026-06-14 08:10:10,0.5303643724696356,0
4743,0409,2,2026-06-14 08:10:10,0.4665991902834008,0
4744,0409,2,2026-06-14 08:10:10,0.4665991902834008,0
4745,0490,2,2026-06-14 08:10:10,0.4665991902834008,0
4746,0409,2,2026-06-14 08:10:20,0.4665991902834008,0
4747,0490,2,2026-06-14 08:10:20,0.4665991902834008,0
4748,0409,2,2026-06-14 08:10:30,0.4665991902834008,0
4749,0490,2,2026-06-14 08:10:30,0.4665991902834008,0
4750,0409,2,2026-06-14 08:10:40,0.4665991902834008,0
4751,0490,2,2026-06-14 08:10:40,0.4665991902834008,0
4752,0018,2,2026-06-14 09:23:10,0.6115384615384616,0
4753,0018,2,2026-06-14 09:23:20,0.6115384615384616,0
4754,0018,2,2026-06-14 09:23:30,0.6115384615384616,0
4755,0018,2,2026-06-14 09:23:40,0.6115384615384616,0
4756,0018,2,2026-06-14 09:23:50,0.6115384615384616,0
4757,0018,2,2026-06-14 09:24:00,0.6115384615384616,0
4758,0018,2,2026-06-14 09:24:10,0.6115384615384616,0
4759,0018,2,2026-06-14 09:24:20,0.6115384615384616,0
4760,0018,2,2026-06-14 09:24:30,0.6115384615384616,0
4761,0330,2,2026-06-14 09:24:30,0.0629554655870445,0
4762,0018,2,2026-06-14 09:24:40,0.6115384615384616,0
4763,0330,2,2026-06-14 09:24:40,0.0629554655870445,1
4764,0018,2,2026-06-14 09:24:50,0.6115384615384616,0
4765,0330,2,2026-06-14 09:24:50,0.0629554655870445,0
4766,0018,2,2026-06-14 09:25:00,0.6115384615384616,0
4767,0207,2,2026-06-14 09:25:00,0.5303643724696356,0
4768,0330,2,2026-06-14 09:25:00,0.0629554655870445,0
4769,0207,2,2026-06-14 09:25:10,0.5303643724696356,0
4770,0330,2,2026-06-14 09:25:10,0.0629554655870445,0
4771,0207,2,2026-06-14 09:25:20,0.5303643724696356,0
4772,0330,2,2026-06-14 09:25:20,0.0629554655870445,0
4773,0442,2,2026-06-14 09:25:20,0.8038461538461539,0
4774,0207,2,2026-06-14 09:25:30,0.5303643724696356,0
4775,0207,2,2026-06-14 09:25:30,0.5303643724696356,0
4776,0330,2,2026-06-14 09:25:30,0.0629554655870445,0
4777,0442,2,2026-06-14 09:25:30,0.8038461538461539,0
4778,0207,2,2026-06-14 09:25:40,0.5303643724696356,0
4779,0207,2,2026-06-14 09:25:40,0.5303643724696356,0
4780,0330,2,2026-06-14 09:25:40,0.0629554655870445,0
4781,0442,2,2026-06-14 09:25:40,0.8038461538461539,0
4782,0164,2,2026-06-14 09:25:50,1.0000000000000000,0
4783,0207,2,2026-06-14 09:25:50,0.5303643724696356,0
4784,0207,2,2026-06-14 09:25:50,0.5303643724696356,0
4785,0442,2,2026-06-14 09:25:50,0.8038461538461539,0
4786,0050,2,2026-06-14 09:26:00,0.9289473684210526,0
4787,0164,2,2026-06-14 09:26:00,1.0000000000000000,0
4788,0207,2,2026-06-14 09:26:00,0.5303643724696356,0
4789,0442,2,2026-06-14 09:26:00,0.8038461538461539,0
4790,0050,2,2026-06-14 09:26:10,0.9289473684210526,0
4791,0164,2,2026-06-14 09:26:10,1.0000000000000000,0
4792,0207,2,2026-06-14 09:26:10,0.5303643724696356,0
4793,0442,2,2026-06-14 09:26:10,0.8038461538461539,0
4794,0050,2,2026-06-14 09:26:20,0.9289473684210526,0
4795,0164,2,2026-06-14 09:26:20,1.0000000000000000,0
4796,0207,2,2026-06-14 09:26:20,0.5303643724696356,0
4797,0442,2,2026-06-14 09:26:20,0.8038461538461539,0
4798,0050,2,2026-06-14 09:26:30,0.9289473684210526,0
4799,0164,2,2026-06-14 09:26:30,1.0000000000000000,0
4800,0382,2,2026-06-14 09:26:30,0.7000000000000000,0
4801,0442,2,2026-06-14 09:26:30,0.8038461538461539,0
4802,0050,2,2026-06-14 09:26:40,0.9289473684210526,0
4803,0164,2,2026-06-14 09:26:40,1.0000000000000000,0
4804,0382,2,2026-06-14 09:26:40,0.7000000000000000,0
4805,0442,2,2026-06-14 09:26:40,0.8038461538461539,0
4806,0477,2,2026-06-14 09:26:40,0.1340080971659919,0
4807,0050,2,2026-06-14 09:26:50,0.9289473684210526,0
4808,0157,2,2026-06-14 09:26:50,0.6115384615384616,0
4809,0164,2,2026-06-14 09:26:50,1.0000000000000000,0
4810,0360,2,2026-06-14 09:26:50,1.0000000000000000,0
4811,0382,2,2026-06-14 09:26:50,0.7000000000000000,0
4812,0442,2,2026-06-14 09:26:50,0.8038461538461539,0
4813,0477,2,2026-06-14 09:26:50,0.1340080971659919,0
4814,0050,2,2026-06-14 09:27:00,0.9289473684210526,0
4815,0157,2,2026-06-14 09:27:00,0.6115384615384616,0
4816,0164,2,2026-06-14 09:27:00,1.0000000000000000,0
4817,0360,2,2026-06-14 09:27:00,1.0000000000000000,0
4818,0382,2,2026-06-14 09:27:00,0.7000000000000000,0
4819,0442,2,2026-06-14 09:27:00,0.8038461538461539,0
4820,0477,2,2026-06-14 09:27:00,0.1340080971659919,0
4821,0050,2,2026-06-14 09:27:10,0.9289473684210526,0
4822,0157,2,2026-06-14 09:27:10,0.6115384615384616,0
4823,0164,2,2026-06-14 09:27:10,1.0000000000000000,0
4824,0360,2,2026-06-14 09:27:10,1.0000000000000000,0
4825,0382,2,2026-06-14 09:27:10,0.7000000000000000,0
4826,0477,2,2026-06-14 09:27:10,0.1340080971659919,0
4827,0050,2,2026-06-14 09:27:20,0.9289473684210526,0
4828,0157,2,2026-06-14 09:27:20,0.6115384615384616,0
4829,0164,2,2026-06-14 09:27:20,1.0000000000000000,0
4830,0360,2,2026-06-14 09:27:20,1.0000000000000000,0
4831,0382,2,2026-06-14 09:27:20,0.7000000000000000,0
4832,0477,2,2026-06-14 09:27:20,0.1340080971659919,0
4833,0050,2,2026-06-14 09:27:30,0.9289473684210526,0
4834,0157,2,2026-06-14 09:27:30,0.6115384615384616,0
4835,0360,2,2026-06-14 09:27:30,1.0000000000000000,0
4836,0477,2,2026-06-14 09:27:30,0.1340080971659919,0
4837,0050,2,2026-06-14 09:27:40,0.9289473684210526,0
4838,0157,2,2026-06-14 09:27:40,0.6115384615384616,0
4839,0360,2,2026-06-14 09:27:40,1.0000000000000000,0
4840,0369,2,2026-06-14 09:27:40,0.6645748987854251,1
4841,0477,2,2026-06-14 09:27:40,0.1340080971659919,0
4842,0046,2,2026-06-14 09:27:50,0.1987854251012146,0
4843,0050,2,2026-06-14 09:27:50,0.9289473684210526,0
4844,0062,2,2026-06-14 09:27:50,0.4665991902834008,0
4845,0157,2,2026-06-14 09:27:50,0.6115384615384616,0
4846,0360,2,2026-06-14 09:27:50,1.0000000000000000,0
4847,0369,2,2026-06-14 09:27:50,0.6645748987854251,0
4848,0477,2,2026-06-14 09:27:50,0.1340080971659919,0
4849,0046,2,2026-06-14 09:28:00,0.1987854251012146,0
4850,0062,2,2026-06-14 09:28:00,0.4665991902834008,0
4851,0157,2,2026-06-14 09:28:00,0.6115384615384616,0
4852,0174,2,2026-06-14 09:28:00,0.3402834008097166,0
4853,0360,2,2026-06-14 09:28:00,1.0000000000000000,0
4854,0369,2,2026-06-14 09:28:00,0.6645748987854251,0
4855,0046,2,2026-06-14 09:28:10,0.1987854251012146,0
4856,0062,2,2026-06-14 09:28:10,0.4665991902834008,0
4857,0109,2,2026-06-14 09:28:10,0.2900809716599190,0
4858,0157,2,2026-06-14 09:28:10,0.6115384615384616,0
4859,0174,2,2026-06-14 09:28:10,0.3402834008097166,0
4860,0360,2,2026-06-14 09:28:10,1.0000000000000000,0
4861,0369,2,2026-06-14 09:28:10,0.6645748987854251,1
4862,0369,2,2026-06-14 09:28:10,0.6645748987854251,0
4863,0046,2,2026-06-14 09:28:20,0.1987854251012146,0
4864,0062,2,2026-06-14 09:28:20,0.4665991902834008,0
4865,0109,2,2026-06-14 09:28:20,0.2900809716599190,0
4866,0157,2,2026-06-14 09:28:20,0.6115384615384616,0
4867,0174,2,2026-06-14 09:28:20,0.3402834008097166,0
4868,0360,2,2026-06-14 09:28:20,1.0000000000000000,0
4869,0369,2,2026-06-14 09:28:20,0.6645748987854251,0
4870,0369,2,2026-06-14 09:28:20,0.6645748987854251,0
4871,0046,2,2026-06-14 09:28:30,0.1987854251012146,0
4872,0062,2,2026-06-14 09:28:30,0.4665991902834008,0
4873,0109,2,2026-06-14 09:28:30,0.2900809716599190,0
4874,0174,2,2026-06-14 09:28:30,0.3402834008097166,0
4875,0360,2,2026-06-14 09:28:30,1.0000000000000000,0
4876,0369,2,2026-06-14 09:28:30,0.6645748987854251,0
4877,0369,2,2026-06-14 09:28:30,0.6645748987854251,0
4878,0046,2,2026-06-14 09:28:40,0.1987854251012146,0
4879,0062,2,2026-06-14 09:28:40,0.4665991902834008,0
4880,0109,2,2026-06-14 09:28:40,0.2900809716599190,0
4881,0174,2,2026-06-14 09:28:40,0.3402834008097166,0
4882,0360,2,2026-06-14 09:28:40,1.0000000000000000,0
4883,0369,2,2026-06-14 09:28:40,0.6645748987854251,0
4884,0369,2,2026-06-14 09:28:40,0.6645748987854251,0
4885,0046,2,2026-06-14 09:28:50,0.1987854251012146,0
4886,0062,2,2026-06-14 09:28:50,0.4665991902834008,0
4887,0109,2,2026-06-14 09:28:50,0.2900809716599190,0
4888,0174,2,2026-06-14 09:28:50,0.3402834008097166,0
4889,0369,2,2026-06-14 09:28:50,0.6645748987854251,0
4890,0369,2,2026-06-14 09:28:50,0.6645748987854251,0
4891,0046,2,2026-06-14 09:29:00,0.1987854251012146,0
4892,0062,2,2026-06-14 09:29:00,0.4665991902834008,0
4893,0090,2,2026-06-14 09:29:00,0.6115384615384616,0
4894,0109,2,2026-06-14 09:29:00,0.2900809716599190,0
4895,0174,2,2026-06-14 09:29:00,0.3402834008097166,0
4896,0369,2,2026-06-14 09:29:00,0.6645748987854251,0
4897,0046,2,2026-06-14 09:29:10,0.1987854251012146,0
4898,0062,2,2026-06-14 09:29:10,0.4665991902834008,0
4899,0090,2,2026-06-14 09:29:10,0.6115384615384616,0
4900,0109,2,2026-06-14 09:29:10,0.2900809716599190,0
4901,0174,2,2026-06-14 09:29:10,0.3402834008097166,0
4902,0369,2,2026-06-14 09:29:10,0.6645748987854251,0
4903,0046,2,2026-06-14 09:29:20,0.1987854251012146,0
4904,0062,2,2026-06-14 09:29:20,0.4665991902834008,0
4905,0090,2,2026-06-14 09:29:20,0.6115384615384616,0
4906,0109,2,2026-06-14 09:29:20,0.2900809716599190,0
4907,0369,2,2026-06-14 09:29:20,0.6645748987854251,0
4908,0090,2,2026-06-14 09:29:30,0.6115384615384616,0
4909,0109,2,2026-06-14 09:29:30,0.2900809716599190,0
4910,0483,2,2026-06-14 09:29:30,0.3402834008097166,0
4911,0090,2,2026-06-14 09:29:40,0.6115384615384616,0
4912,0109,2,2026-06-14 09:29:40,0.2900809716599190,0
4913,0483,2,2026-06-14 09:29:40,0.3402834008097166,0
4914,0090,2,2026-06-14 09:29:50,0.6115384615384616,0
4915,0109,2,2026-06-14 09:29:50,0.2900809716599190,0
4916,0483,2,2026-06-14 09:29:50,0.3402834008097166,0
4917,0090,2,2026-06-14 09:30:00,0.6115384615384616,0
4918,0242,2,2026-06-14 09:30:00,0.0629554655870445,0
4919,0483,2,2026-06-14 09:30:00,0.3402834008097166,0
4920,0090,2,2026-06-14 09:30:10,0.6115384615384616,0
4921,0242,2,2026-06-14 09:30:10,0.0629554655870445,0
4922,0483,2,2026-06-14 09:30:10,0.3402834008097166,0
4923,0090,2,2026-06-14 09:30:20,0.6115384615384616,0
4924,0242,2,2026-06-14 09:30:20,0.0629554655870445,0
4925,0483,2,2026-06-14 09:30:20,0.3402834008097166,0
4926,0090,2,2026-06-14 09:30:30,0.6115384615384616,0
4927,0242,2,2026-06-14 09:30:30,0.0629554655870445,0
4928,0483,2,2026-06-14 09:30:30,0.3402834008097166,0
4929,0090,2,2026-06-14 09:30:40,0.6115384615384616,0
4930,0242,2,2026-06-14 09:30:40,0.0629554655870445,0
4931,0483,2,2026-06-14 09:30:40,0.3402834008097166,0
4932,0090,2,2026-06-14 09:30:50,0.6115384615384616,0
4933,0242,2,2026-06-14 09:30:50,0.0629554655870445,0
4934,0483,2,2026-06-14 09:30:50,0.3402834008097166,0
4935,0242,2,2026-06-14 09:31:00,0.0629554655870445,0
4936,0242,2,2026-06-14 09:31:10,0.0629554655870445,0
4937,0242,2,2026-06-14 09:31:20,0.0629554655870445,0
4938,0242,2,2026-06-14 09:31:30,0.0629554655870445,0
4939,0242,2,2026-06-14 09:31:40,0.0629554655870445,0
