index,ID,satellite,time,score_scenario,selected
0,0167,0,2026-06-13 10:33:50,0.4640795381654907,0
1,0167,0,2026-06-13 10:34:00,0.4640795381654907,0
2,0167,0,2026-06-13 10:34:10,0.4640795381654907,0
3,0391,0,2026-06-13 10:34:10,0.1927517639512508,0
4,0167,0,2026-06-13 10:34:20,0.4640795381654907,0
5,0194,0,2026-06-13 10:34:20,0.5381654906991661,1
6,0391,0,2026-06-13 10:34:20,0.1927517639512508,0
7,0167,0,2026-06-13 10:34:30,0.4640795381654907,0
8,0194,0,2026-06-13 10:34:30,0.5381654906991661,0
9,0391,0,2026-06-13 10:34:30,0.1927517639512508,0
10,0167,0,2026-06-13 10:34:40,0.4640795381654907,0
11,0194,0,2026-06-13 10:34:40,0.5381654906991661,0
12,0391,0,2026-06-13 10:34:40,0.1927517639512508,0
13,0167,0,2026-06-13 10:34:50,0.4640795381654907,0
14,0194,0,2026-06-13 10:34:50,0.5381654906991661,0
15,0391,0,2026-06-13 10:34:50,0.1927517639512508,0
16,0167,0,2026-06-13 10:35:00,0.4640795381654907,0
17,0194,0,2026-06-13 10:35:00,0.5381654906991661,0
18,0391,0,2026-06-13 10:35:00,0.1927517639512508,0
19,0167,0,2026-06-13 10:35:10,0.4640795381654907,0
20,0194,0,2026-06-13 10:35:10,0.5381654906991661,0
21,0306,0,2026-06-13 10:35:10,0.6019884541372674,1
22,0391,0,2026-06-13 10:35:10,0.1927517639512508,0
23,0167,0,2026-06-13 10:35:20,0.4640795381654907,0
24,0194,0,2026-06-13 10:35:20,0.5381654906991661,0
25,0306,0,2026-06-13 10:35:20,0.6019884541372674,0
26,0391,0,2026-06-13 10:35:20,0.1927517639512508,0
27,0194,0,2026-06-13 10:35:30,0.5381654906991661,0
28,0391,0,2026-06-13 10:35:30,0.1927517639512508,0
29,0194,0,2026-06-13 10:35:40,0.5381654906991661,0
30,0391,0,2026-06-13 10:35:40,0.1927517639512508,0
31,0391,0,2026-06-13 10:35:50,0.1927517639512508,0
32,0219,0,2026-06-13 10:38:10,1.0000000000000000,1
33,0219,0,2026-06-13 10:38:20,1.0000000000000000,0
34,0219,0,2026-06-13 10:38:30,1.0000000000000000,0
35,0357,0,2026-06-13 10:38:30,0.1927517639512508,0
36,0357,0,2026-06-13 10:38:30,0.1927517639512508,0
37,0219,0,2026-06-13 10:38:40,1.0000000000000000,0
38,0311,0,2026-06-13 10:38:40,0.5381654906991661,0
39,0311,0,2026-06-13 10:38:40,0.5381654906991661,0
40,0311,0,2026-06-13 10:38:40,0.5381654906991661,0
41,0357,0,2026-06-13 10:38:40,0.1927517639512508,0
42,0357,0,2026-06-13 10:38:40,0.1927517639512508,0
43,0493,0,2026-06-13 10:38:40,0.4640795381654907,1
44,0219,0,2026-06-13 10:38:50,1.0000000000000000,0
45,0311,0,2026-06-13 10:38:50,0.5381654906991661,0
46,0311,0,2026-06-13 10:38:50,0.5381654906991661,0
47,0311,0,2026-06-13 10:38:50,0.5381654906991661,0
48,0357,0,2026-06-13 10:38:50,0.1927517639512508,0
49,0357,0,2026-06-13 10:38:50,0.1927517639512508,0
50,0493,0,2026-06-13 10:38:50,0.4640795381654907,0
51,0219,0,2026-06-13 10:39:00,1.0000000000000000,0
52,0311,0,2026-06-13 10:39:00,0.5381654906991661,0
53,0357,0,2026-06-13 10:39:00,0.1927517639512508,0
54,0357,0,2026-06-13 10:39:00,0.1927517639512508,0
55,0493,0,2026-06-13 10:39:00,0.4640795381654907,0
56,0219,0,2026-06-13 10:39:10,1.0000000000000000,0
57,0311,0,2026-06-13 10:39:10,0.5381654906991661,0
58,0311,0,2026-06-13 10:39:10,0.5381654906991661,0
59,0357,0,2026-06-13 10:39:10,0.1927517639512508,0
60,0357,0,2026-06-13 10:39:10,0.1927517639512508,0
61,0493,0,2026-06-13 10:39:10,0.4640795381654907,0
62,0219,0,2026-06-13 10:39:20,1.0000000000000000,0
63,0311,0,2026-06-13 10:39:20,0.5381654906991661,0
64,0311,0,2026-06-13 10:39:20,0.5381654906991661,0
65,0357,0,2026-06-13 10:39:20,0.1927517639512508,0
66,0357,0,2026-06-13 10:39:20,0.1927517639512508,1
67,0493,0,2026-06-13 10:39:20,0.4640795381654907,0
68,0219,0,2026-06-13 10:39:30,1.0000000000000000,0
69,0311,0,2026-06-13 10:39:30,0.5381654906991661,0
70,0311,0,2026-06-13 10:39:30,0.5381654906991661,1
71,0357,0,2026-06-13 10:39:30,0.1927517639512508,0
72,0357,0,2026-06-13 10:39:30,0.1927517639512508,0
73,0493,0,2026-06-13 10:39:30,0.4640795381654907,0
74,0219,0,2026-06-13 10:39:40,1.0000000000000000,0
75,0311,0,2026-06-13 10:39:40,0.5381654906991661,0
76,0311,0,2026-06-13 10:39:40,0.5381654906991661,0
77,0357,0,2026-06-13 10:39:40,0.1927517639512508,0
78,0357,0,2026-06-13 10:39:40,0.1927517639512508,0
79,0493,0,2026-06-13 10:39:40,0.4640795381654907,0
80,0311,0,2026-06-13 10:39:50,0.5381654906991661,0
81,0311,0,2026-06-13 10:39:50,0.5381654906991661,0
82,0357,0,2026-06-13 10:39:50,0.1927517639512508,1
83,0357,0,2026-06-13 10:39:50,0.1927517639512508,0
84,0493,0,2026-06-13 10:39:50,0.4640795381654907,0
85,0311,0,2026-06-13 10:40:00,0.5381654906991661,1
86,0357,0,2026-06-13 10:40:00,0.1927517639512508,0
87,0493,0,2026-06-13 10:40:00,0.4640795381654907,0
88,0311,0,2026-06-13 10:40:10,0.5381654906991661,0
89,0357,0,2026-06-13 10:40:10,0.1927517639512508,0
90,0493,0,2026-06-13 10:40:10,0.4640795381654907,0
91,0311,0,2026-06-13 10:40:20,0.5381654906991661,0
92,0357,0,2026-06-13 10:40:20,0.1927517639512508,0
93,0493,0,2026-06-13 10:40:20,0.4640795381654907,0
94,0496,0,2026-06-13 10:40:20,0.1215522771007056,0
95,0493,0,2026-06-13 10:40:30,0.4640795381654907,0
96,0496,0,2026-06-13 10:40:30,0.1215522771007056,1
97,0496,0,2026-06-13 10:40:40,0.1215522771007056,0
98,0066,0,2026-06-13 10:40:50,0.3373957665169981,0
99,0496,0,2026-06-13 10:40:50,0.1215522771007056,0
100,0066,0,2026-06-13 10:41:00,0.3373957665169981,0
101,0496,0,2026-06-13 10:41:00,0.1215522771007056,0
102,0066,0,2026-06-13 10:41:10,0.3373957665169981,0
103,0496,0,2026-06-13 10:41:10,0.1215522771007056,0
104,0066,0,2026-06-13 10:41:20,0.3373957665169981,0
105,0496,0,2026-06-13 10:41:20,0.1215522771007056,0
106,0066,0,2026-06-13 10:41:30,0.3373957665169981,0
107,0496,0,2026-06-13 10:41:30,0.1215522771007056,0
108,0066,0,2026-06-13 10:41:40,0.3373957665169981,0
109,0496,0,2026-06-13 10:41:40,0.1215522771007056,0
110,0066,0,2026-06-13 10:41:50,0.3373957665169981,0
111,0496,0,2026-06-13 10:41:50,0.1215522771007056,0
112,0066,0,2026-06-13 10:42:00,0.3373957665169981,0
113,0496,0,2026-06-13 10:42:00,0.1215522771007056,0
114,0188,0,2026-06-13 10:44:30,0.4640795381654907,0
115,0188,0,2026-06-13 10:44:40,0.4640795381654907,0
116,0188,0,2026-06-13 10:44:50,0.4640795381654907,0
117,0188,0,2026-06-13 10:45:00,0.4640795381654907,0
118,0188,0,2026-06-13 10:45:00,0.4640795381654907,1
119,0188,0,2026-06-13 10:45:10,0.4640795381654907,0
120,0188,0,2026-06-13 10:45:10,0.4640795381654907,0
121,0188,0,2026-06-13 10:45:20,0.4640795381654907,0
122,0188,0,2026-06-13 10:45:20,0.4640795381654907,0
123,0188,0,2026-06-13 10:45:30,0.4640795381654907,1
124,0188,0,2026-06-13 10:45:40,0.4640795381654907,0
125,0188,0,2026-06-13 10:45:50,0.4640795381654907,0
126,0065,0,2026-06-13 10:46:10,0.6019884541372674,0
127,0065,0,2026-06-13 10:46:20,0.6019884541372674,0
128,0404,0,2026-06-13 10:46:20,0.4640795381654907,0
129,0065,0,2026-06-13 10:46:30,0.6019884541372674,1
130,0404,0,2026-06-13 10:46:30,0.4640795381654907,0
131,0065,0,2026-06-13 10:46:40,0.6019884541372674,0
132,0404,0,2026-06-13 10:46:40,0.4640795381654907,0
133,0065,0,2026-06-13 10:46:50,0.6019884541372674,0
134,0404,0,2026-06-13 10:46:50,0.4640795381654907,0
135,0404,0,2026-06-13 10:46:50,0.4640795381654907,0
136,0065,0,2026-06-13 10:47:00,0.6019884541372674,0
137,0404,0,2026-06-13 10:47:00,0.4640795381654907,0
138,0404,0,2026-06-13 10:47:00,0.4640795381654907,0
139,0065,0,2026-06-13 10:47:10,0.6019884541372674,0
140,0404,0,2026-06-13 10:47:10,0.4640795381654907,0
141,0404,0,2026-06-13 10:47:10,0.4640795381654907,0
142,0065,0,2026-06-13 10:47:20,0.6019884541372674,0
143,0404,0,2026-06-13 10:47:20,0.4640795381654907,0
144,0404,0,2026-06-13 10:47:20,0.4640795381654907,0
145,0065,0,2026-06-13 10:47:30,0.6019884541372674,0
146,0404,0,2026-06-13 10:47:30,0.4640795381654907,0
147,0404,0,2026-06-13 10:47:30,0.4640795381654907,0
148,0065,0,2026-06-13 10:47:40,0.6019884541372674,0
149,0404,0,2026-06-13 10:47:40,0.4640795381654907,0
150,0404,0,2026-06-13 10:47:50,0.4640795381654907,0
151,0404,0,2026-06-13 10:48:00,0.4640795381654907,0
152,0381,0,2026-06-13 12:30:00,1.0000000000000000,0
153,0381,0,2026-06-13 12:30:10,1.0000000000000000,1
154,0381,0,2026-06-13 12:30:20,1.0000000000000000,0
155,0132,0,2026-06-13 12:33:20,0.4640795381654907,1
156,0132,0,2026-06-13 12:33:30,0.4640795381654907,0
157,0132,0,2026-06-13 12:33:40,0.4640795381654907,0
158,0237,0,2026-06-13 12:33:40,0.2995509942270687,1
159,0106,0,2026-06-13 12:33:50,0.2995509942270687,0
160,0132,0,2026-06-13 12:33:50,0.4640795381654907,0
161,0237,0,2026-06-13 12:33:50,0.2995509942270687,0
162,0106,0,2026-06-13 12:34:00,0.2995509942270687,0
163,0132,0,2026-06-13 12:34:00,0.4640795381654907,0
164,0237,0,2026-06-13 12:34:00,0.2995509942270687,0
165,0287,0,2026-06-13 12:34:00,0.2995509942270687,0
166,0106,0,2026-06-13 12:34:10,0.2995509942270687,0
167,0132,0,2026-06-13 12:34:10,0.4640795381654907,0
168,0237,0,2026-06-13 12:34:10,0.2995509942270687,1
169,0237,0,2026-06-13 12:34:10,0.2995509942270687,0
170,0287,0,2026-06-13 12:34:10,0.2995509942270687,0
171,0106,0,2026-06-13 12:34:20,0.2995509942270687,0
172,0132,0,2026-06-13 12:34:20,0.4640795381654907,0
173,0237,0,2026-06-13 12:34:20,0.2995509942270687,0
174,0237,0,2026-06-13 12:34:20,0.2995509942270687,0
175,0287,0,2026-06-13 12:34:20,0.2995509942270687,0
176,0106,0,2026-06-13 12:34:30,0.2995509942270687,0
177,0132,0,2026-06-13 12:34:30,0.4640795381654907,0
178,0237,0,2026-06-13 12:34:30,0.2995509942270687,0
179,0237,0,2026-06-13 12:34:30,0.2995509942270687,0
180,0287,0,2026-06-13 12:34:30,0.2995509942270687,0
181,0106,0,2026-06-13 12:34:40,0.2995509942270687,1
182,0132,0,2026-06-13 12:34:40,0.4640795381654907,0
183,0237,0,2026-06-13 12:34:40,0.2995509942270687,0
184,0287,0,2026-06-13 12:34:40,0.2995509942270687,0
185,0106,0,2026-06-13 12:34:50,0.2995509942270687,0
186,0132,0,2026-06-13 12:34:50,0.4640795381654907,0
187,0237,0,2026-06-13 12:34:50,0.2995509942270687,0
188,0287,0,2026-06-13 12:34:50,0.2995509942270687,0
189,0106,0,2026-06-13 12:35:00,0.2995509942270687,0
190,0132,0,2026-06-13 12:35:00,0.4640795381654907,0
191,0237,0,2026-06-13 12:35:00,0.2995509942270687,0
192,0287,0,2026-06-13 12:35:00,0.2995509942270687,0
193,0287,0,2026-06-13 12:35:10,0.2995509942270687,0
194,0287,0,2026-06-13 12:35:20,0.2995509942270687,0
195,0287,0,2026-06-13 12:35:30,0.2995509942270687,0
196,0287,0,2026-06-13 12:35:40,0.2995509942270687,0
197,0287,0,2026-06-13 12:35:50,0.2995509942270687,0
198,0297,0,2026-06-13 14:12:30,0.9204618345093009,0
199,0297,0,2026-06-13 14:12:40,0.9204618345093009,0
200,0297,0,2026-06-13 14:12:50,0.9204618345093009,0
201,0297,0,2026-06-13 14:13:00,0.9204618345093009,0
202,0297,0,2026-06-13 14:13:10,0.9204618345093009,0
203,0297,0,2026-06-13 14:13:20,0.9204618345093009,0
204,0297,0,2026-06-13 14:13:30,0.9204618345093009,0
205,0297,0,2026-06-13 14:13:40,0.9204618345093009,0
206,0297,0,2026-06-13 14:13:50,0.9204618345093009,1
207,0399,0,2026-06-13 14:15:40,0.5381654906991661,0
208,0210,0,2026-06-13 14:15:50,0.9204618345093009,0
209,0399,0,2026-06-13 14:15:50,0.5381654906991661,0
210,0210,0,2026-06-13 14:16:00,0.9204618345093009,0
211,0399,0,2026-06-13 14:16:00,0.5381654906991661,0
212,0210,0,2026-06-13 14:16:10,0.9204618345093009,0
213,0399,0,2026-06-13 14:16:10,0.5381654906991661,0
214,0210,0,2026-06-13 14:16:20,0.9204618345093009,0
215,0399,0,2026-06-13 14:16:20,0.5381654906991661,0
216,0210,0,2026-06-13 14:16:30,0.9204618345093009,0
217,0399,0,2026-06-13 14:16:30,0.5381654906991661,0
218,0210,0,2026-06-13 14:16:40,0.9204618345093009,0
219,0399,0,2026-06-13 14:16:40,0.5381654906991661,0
220,0210,0,2026-06-13 14:16:50,0.9204618345093009,0
221,0399,0,2026-06-13 14:16:50,0.5381654906991661,0
222,0210,0,2026-06-13 14:17:00,0.9204618345093009,0
223,0399,0,2026-06-13 14:17:00,0.5381654906991661,0
224,0210,0,2026-06-13 14:17:10,0.9204618345093009,0
225,0399,0,2026-06-13 14:17:10,0.5381654906991661,0
226,0210,0,2026-06-13 14:17:20,0.9204618345093009,0
227,0399,0,2026-06-13 14:17:20,0.5381654906991661,0
228,0210,0,2026-06-13 14:17:30,0.9204618345093009,0
229,0079,0,2026-06-13 15:12:00,0.4640795381654907,0
230,0079,0,2026-06-13 15:12:10,0.4640795381654907,1
231,0149,0,2026-06-13 15:32:40,0.6488133418858243,0
232,0149,0,2026-06-13 15:32:50,0.6488133418858243,0
233,0149,0,2026-06-13 15:33:00,0.6488133418858243,0
234,0149,0,2026-06-13 15:33:10,0.6488133418858243,0
235,0149,0,2026-06-13 15:33:20,0.6488133418858243,0
236,0149,0,2026-06-13 15:33:30,0.6488133418858243,0
237,0149,0,2026-06-13 15:33:40,0.6488133418858243,0
238,0149,0,2026-06-13 15:33:50,0.6488133418858243,0
239,0448,0,2026-06-13 15:33:50,0.1927517639512508,1
240,0055,0,2026-06-13 15:34:00,0.7738935214881334,0
241,0149,0,2026-06-13 15:34:00,0.6488133418858243,0
242,0448,0,2026-06-13 15:34:00,0.1927517639512508,1
243,0055,0,2026-06-13 15:34:10,0.7738935214881334,0
244,0149,0,2026-06-13 15:34:10,0.6488133418858243,0
245,0448,0,2026-06-13 15:34:10,0.1927517639512508,0
246,0485,0,2026-06-13 15:34:10,0.7738935214881334,0
247,0055,0,2026-06-13 15:34:20,0.7738935214881334,0
248,0149,0,2026-06-13 15:34:20,0.6488133418858243,0
249,0321,0,2026-06-13 15:34:20,0.6792815907633099,0
250,0448,0,2026-06-13 15:34:20,0.1927517639512508,0
251,0485,0,2026-06-13 15:34:20,0.7738935214881334,0
252,0055,0,2026-06-13 15:34:30,0.7738935214881334,0
253,0321,0,2026-06-13 15:34:30,0.6792815907633099,0
254,0448,0,2026-06-13 15:34:30,0.1927517639512508,0
255,0485,0,2026-06-13 15:34:30,0.7738935214881334,0
256,0055,0,2026-06-13 15:34:40,0.7738935214881334,0
257,0321,0,2026-06-13 15:34:40,0.6792815907633099,0
258,0448,0,2026-06-13 15:34:40,0.1927517639512508,0
259,0485,0,2026-06-13 15:34:40,0.7738935214881334,0
260,0485,0,2026-06-13 15:34:40,0.7738935214881334,1
261,0043,0,2026-06-13 15:34:50,0.1927517639512508,0
262,0055,0,2026-06-13 15:34:50,0.7738935214881334,0
263,0321,0,2026-06-13 15:34:50,0.6792815907633099,0
264,0485,0,2026-06-13 15:34:50,0.7738935214881334,0
265,0485,0,2026-06-13 15:34:50,0.7738935214881334,0
266,0043,0,2026-06-13 15:35:00,0.1927517639512508,0
267,0055,0,2026-06-13 15:35:00,0.7738935214881334,0
268,0321,0,2026-06-13 15:35:00,0.6792815907633099,1
269,0366,0,2026-06-13 15:35:00,1.0000000000000000,0
270,0485,0,2026-06-13 15:35:00,0.7738935214881334,0
271,0485,0,2026-06-13 15:35:00,0.7738935214881334,0
272,0043,0,2026-06-13 15:35:10,0.1927517639512508,0
273,0055,0,2026-06-13 15:35:10,0.7738935214881334,0
274,0321,0,2026-06-13 15:35:10,0.6792815907633099,0
275,0366,0,2026-06-13 15:35:10,1.0000000000000000,0
276,0485,0,2026-06-13 15:35:10,0.7738935214881334,1
277,0043,0,2026-06-13 15:35:20,0.1927517639512508,0
278,0055,0,2026-06-13 15:35:20,0.7738935214881334,0
279,0366,0,2026-06-13 15:35:20,1.0000000000000000,0
280,0485,0,2026-06-13 15:35:20,0.7738935214881334,0
281,0043,0,2026-06-13 15:35:30,0.1927517639512508,1
282,0055,0,2026-06-13 15:35:30,0.7738935214881334,0
283,0366,0,2026-06-13 15:35:30,1.0000000000000000,0
284,0366,0,2026-06-13 15:35:30,1.0000000000000000,0
285,0366,0,2026-06-13 15:35:30,1.0000000000000000,0
286,0485,0,2026-06-13 15:35:30,0.7738935214881334,0
287,0055,0,2026-06-13 15:35:40,0.7738935214881334,0
288,0366,0,2026-06-13 15:35:40,1.0000000000000000,0
289,0366,0,2026-06-13 15:35:40,1.0000000000000000,0
290,0366,0,2026-06-13 15:35:40,1.0000000000000000,0
291,0366,0,2026-06-13 15:35:40,1.0000000000000000,0
292,0055,0,2026-06-13 15:35:50,0.7738935214881334,0
293,0366,0,2026-06-13 15:35:50,1.0000000000000000,0
294,0366,0,2026-06-13 15:35:50,1.0000000000000000,0
295,0366,0,2026-06-13 15:35:50,1.0000000000000000,1
296,0366,0,2026-06-13 15:35:50,1.0000000000000000,0
297,0366,0,2026-06-13 15:35:50,1.0000000000000000,0
298,0432,0,2026-06-13 15:35:50,1.0000000000000000,0
299,0432,0,2026-06-13 15:35:50,1.0000000000000000,0
300,0432,0,2026-06-13 15:35:50,1.0000000000000000,0
301,0432,0,2026-06-13 15:35:50,1.0000000000000000,0
302,0171,0,2026-06-13 15:36:00,0.0525978191148172,0
303,0366,0,2026-06-13 15:36:00,1.0000000000000000,0
304,0366,0,2026-06-13 15:36:00,1.0000000000000000,0
305,0366,0,2026-06-13 15:36:00,1.0000000000000000,0
306,0366,0,2026-06-13 15:36:00,1.0000000000000000,0
307,0432,0,2026-06-13 15:36:00,1.0000000000000000,0
308,0432,0,2026-06-13 15:36:00,1.0000000000000000,0
309,0432,0,2026-06-13 15:36:00,1.0000000000000000,0
310,0171,0,2026-06-13 15:36:10,0.0525978191148172,0
311,0366,0,2026-06-13 15:36:10,1.0000000000000000,0
312,0366,0,2026-06-13 15:36:10,1.0000000000000000,0
313,0366,0,2026-06-13 15:36:10,1.0000000000000000,0
314,0432,0,2026-06-13 15:36:10,1.0000000000000000,0
315,0171,0,2026-06-13 15:36:20,0.0525978191148172,0
316,0366,0,2026-06-13 15:36:20,1.0000000000000000,0
317,0432,0,2026-06-13 15:36:20,1.0000000000000000,0
318,0432,0,2026-06-13 15:36:20,1.0000000000000000,1
319,0171,0,2026-06-13 15:36:30,0.0525978191148172,0
320,0366,0,2026-06-13 15:36:30,1.0000000000000000,0
321,0432,0,2026-06-13 15:36:30,1.0000000000000000,0
322,0432,0,2026-06-13 15:36:30,1.0000000000000000,0
323,0171,0,2026-06-13 15:36:40,0.0525978191148172,0
324,0366,0,2026-06-13 15:36:40,1.0000000000000000,0
325,0432,0,2026-06-13 15:36:40,1.0000000000000000,0
326,0432,0,2026-06-13 15:36:40,1.0000000000000000,0
327,0171,0,2026-06-13 15:36:50,0.0525978191148172,0
328,0432,0,2026-06-13 15:36:50,1.0000000000000000,1
329,0432,0,2026-06-13 15:36:50,1.0000000000000000,0
330,0171,0,2026-06-13 15:37:00,0.0525978191148172,1
331,0422,0,2026-06-13 15:37:00,0.2995509942270687,0
332,0432,0,2026-06-13 15:37:00,1.0000000000000000,0
333,0171,0,2026-06-13 15:37:10,0.0525978191148172,0
334,0422,0,2026-06-13 15:37:10,0.2995509942270687,0
335,0432,0,2026-06-13 15:37:10,1.0000000000000000,0
336,0171,0,2026-06-13 15:37:20,0.0525978191148172,0
337,0422,0,2026-06-13 15:37:20,0.2995509942270687,0
338,0432,0,2026-06-13 15:37:20,1.0000000000000000,0
339,0432,0,2026-06-13 15:37:20,1.0000000000000000,0
340,0422,0,2026-06-13 15:37:30,0.2995509942270687,0
341,0422,0,2026-06-13 15:37:40,0.2995509942270687,0
342,0427,0,2026-06-13 15:37:40,0.1215522771007056,0
343,0422,0,2026-06-13 15:37:50,0.2995509942270687,0
344,0427,0,2026-06-13 15:37:50,0.1215522771007056,0
345,0422,0,2026-06-13 15:38:00,0.2995509942270687,0
346,0427,0,2026-06-13 15:38:00,0.1215522771007056,0
347,0422,0,2026-06-13 15:38:10,0.2995509942270687,0
348,0427,0,2026-06-13 15:38:10,0.1215522771007056,0
349,0422,0,2026-06-13 15:38:20,0.2995509942270687,0
350,0427,0,2026-06-13 15:38:20,0.1215522771007056,0
351,0422,0,2026-06-13 15:38:30,0.2995509942270687,0
352,0427,0,2026-06-13 15:38:30,0.1215522771007056,0
353,0422,0,2026-06-13 15:38:40,0.2995509942270687,0
354,0427,0,2026-06-13 15:38:40,0.1215522771007056,0
355,0422,0,2026-06-13 15:38:50,0.2995509942270687,0
356,0427,0,2026-06-13 15:38:50,0.1215522771007056,0
357,0427,0,2026-06-13 15:39:00,0.1215522771007056,0
358,0427,0,2026-06-13 15:39:10,0.1215522771007056,0
359,0427,0,2026-06-13 15:39:20,0.1215522771007056,0
360,0454,0,2026-06-13 15:39:20,1.0000000000000000,0
361,0427,0,2026-06-13 15:39:30,0.1215522771007056,0
362,0454,0,2026-06-13 15:39:30,1.0000000000000000,0
363,0454,0,2026-06-13 15:39:40,1.0000000000000000,0
364,0454,0,2026-06-13 15:39:50,1.0000000000000000,0
365,0454,0,2026-06-13 15:40:00,1.0000000000000000,0
366,0454,0,2026-06-13 15:40:10,1.0000000000000000,1
367,0454,0,2026-06-13 15:40:20,1.0000000000000000,0
368,0454,0,2026-06-13 15:40:30,1.0000000000000000,0
369,0130,0,2026-06-13 15:41:20,0.0525978191148172,0
370,0130,0,2026-06-13 15:41:30,0.0525978191148172,0
371,0130,0,2026-06-13 15:41:40,0.0525978191148172,0
372,0130,0,2026-06-13 15:41:50,0.0525978191148172,0
373,0130,0,2026-06-13 15:42:00,0.0525978191148172,0
374,0130,0,2026-06-13 15:42:10,0.0525978191148172,0
375,0130,0,2026-06-13 15:42:20,0.0525978191148172,0
376,0130,0,2026-06-13 15:42:30,0.0525978191148172,0
377,0010,0,2026-06-13 15:42:40,0.2995509942270687,0
378,0010,0,2026-06-13 15:42:50,0.2995509942270687,0
379,0010,0,2026-06-13 15:43:00,0.2995509942270687,0
380,0010,0,2026-06-13 15:43:10,0.2995509942270687,0
381,0010,0,2026-06-13 15:43:20,0.2995509942270687,0
382,0010,0,2026-06-13 15:43:30,0.2995509942270687,0
383,0010,0,2026-06-13 15:43:40,0.2995509942270687,0
384,0010,0,2026-06-13 15:43:50,0.2995509942270687,0
385,0010,0,2026-06-13 15:44:00,0.2995509942270687,0
386,0010,0,2026-06-13 15:44:10,0.2995509942270687,0
387,0010,0,2026-06-13 15:44:20,0.2995509942270687,0
388,0010,0,2026-06-13 15:44:30,0.2995509942270687,0
389,0263,0,2026-06-13 17:13:00,0.2995509942270687,0
390,0263,0,2026-06-13 17:13:10,0.2995509942270687,0
391,0263,0,2026-06-13 17:13:20,0.2995509942270687,0
392,0333,0,2026-06-13 17:13:20,0.6019884541372674,0
393,0263,0,2026-06-13 17:13:30,0.2995509942270687,0
394,0333,0,2026-06-13 17:13:30,0.6019884541372674,0
395,0263,0,2026-06-13 17:13:40,0.2995509942270687,0
396,0333,0,2026-06-13 17:13:40,0.6019884541372674,0
397,0263,0,2026-06-13 17:13:50,0.2995509942270687,0
398,0333,0,2026-06-13 17:13:50,0.6019884541372674,0
399,0263,0,2026-06-13 17:14:00,0.2995509942270687,1
400,0333,0,2026-06-13 17:14:00,0.6019884541372674,0
401,0263,0,2026-06-13 17:14:10,0.2995509942270687,0
402,0333,0,2026-06-13 17:14:10,0.6019884541372674,0
403,0263,0,2026-06-13 17:14:20,0.2995509942270687,0
404,0333,0,2026-06-13 17:14:20,0.6019884541372674,0
405,0263,0,2026-06-13 17:14:30,0.2995509942270687,0
406,0333,0,2026-06-13 17:14:30,0.6019884541372674,0
407,0263,0,2026-06-13 17:14:40,0.2995509942270687,0
408,0333,0,2026-06-13 17:14:40,0.6019884541372674,0
409,0333,0,2026-06-13 17:14:50,0.6019884541372674,0
410,0214,0,2026-06-13 17:15:10,0.6792815907633099,0
411,0214,0,2026-06-13 17:15:20,0.6792815907633099,0
412,0214,0,2026-06-13 17:15:30,0.6792815907633099,1
413,0214,0,2026-06-13 17:15:40,0.6792815907633099,0
414,0214,0,2026-06-13 17:15:50,0.6792815907633099,0
415,0214,0,2026-06-13 17:16:00,0.6792815907633099,0
416,0214,0,2026-06-13 17:16:10,0.6792815907633099,0
417,0214,0,2026-06-13 17:16:20,0.6792815907633099,0
418,0214,0,2026-06-13 17:16:30,0.6792815907633099,0
419,0283,0,2026-06-13 17:16:30,0.7738935214881334,0
420,0214,0,2026-06-13 17:16:40,0.6792815907633099,0
421,0283,0,2026-06-13 17:16:40,0.7738935214881334,0
422,0283,0,2026-06-13 17:16:50,0.7738935214881334,0
423,0283,0,2026-06-13 17:16:50,0.7738935214881334,0
424,0283,0,2026-06-13 17:17:00,0.7738935214881334,0
425,0283,0,2026-06-13 17:17:00,0.7738935214881334,0
426,0075,0,2026-06-13 17:17:10,0.9204618345093009,1
427,0283,0,2026-06-13 17:17:10,0.7738935214881334,0
428,0283,0,2026-06-13 17:17:10,0.7738935214881334,0
429,0075,0,2026-06-13 17:17:20,0.9204618345093009,0
430,0283,0,2026-06-13 17:17:20,0.7738935214881334,0
431,0283,0,2026-06-13 17:17:20,0.7738935214881334,0
432,0075,0,2026-06-13 17:17:30,0.9204618345093009,0
433,0283,0,2026-06-13 17:17:30,0.7738935214881334,0
434,0283,0,2026-06-13 17:17:30,0.7738935214881334,1
435,0075,0,2026-06-13 17:17:40,0.9204618345093009,0
436,0283,0,2026-06-13 17:17:40,0.7738935214881334,0
437,0283,0,2026-06-13 17:17:40,0.7738935214881334,0
438,0075,0,2026-06-13 17:17:50,0.9204618345093009,0
439,0283,0,2026-06-13 17:17:50,0.7738935214881334,0
440,0283,0,2026-06-13 17:17:50,0.7738935214881334,0
441,0075,0,2026-06-13 17:18:00,0.9204618345093009,0
442,0283,0,2026-06-13 17:18:00,0.7738935214881334,1
443,0075,0,2026-06-13 17:18:10,0.9204618345093009,0
444,0283,0,2026-06-13 17:18:10,0.7738935214881334,0
445,0283,0,2026-06-13 17:18:20,0.7738935214881334,0
446,0018,0,2026-06-13 18:30:50,0.6019884541372674,0
447,0018,0,2026-06-13 18:31:00,0.6019884541372674,0
448,0018,0,2026-06-13 18:31:10,0.6019884541372674,0
449,0018,0,2026-06-13 18:31:20,0.6019884541372674,0
450,0018,0,2026-06-13 18:31:30,0.6019884541372674,0
451,0018,0,2026-06-13 18:31:40,0.6019884541372674,1
452,0018,0,2026-06-13 18:31:50,0.6019884541372674,0
453,0018,0,2026-06-13 18:32:00,0.6019884541372674,0
454,0018,0,2026-06-13 18:32:10,0.6019884541372674,0
455,0018,0,2026-06-13 18:32:20,0.6019884541372674,0
456,0018,0,2026-06-13 18:32:30,0.6019884541372674,0
457,0018,0,2026-06-13 18:32:40,0.6019884541372674,0
458,0284,0,2026-06-13 18:49:40,0.9204618345093009,0
459,0284,0,2026-06-13 18:49:50,0.9204618345093009,1
460,0284,0,2026-06-13 18:50:00,0.9204618345093009,0
461,0284,0,2026-06-13 18:50:10,0.9204618345093009,1
462,0284,0,2026-06-13 18:50:20,0.9204618345093009,0
463,0362,0,2026-06-13 18:50:20,0.7738935214881334,0
464,0284,0,2026-06-13 18:50:30,0.9204618345093009,0
465,0362,0,2026-06-13 18:50:30,0.7738935214881334,0
466,0284,0,2026-06-13 18:50:40,0.9204618345093009,0
467,0362,0,2026-06-13 18:50:40,0.7738935214881334,0
468,0284,0,2026-06-13 18:50:50,0.9204618345093009,0
469,0362,0,2026-06-13 18:50:50,0.7738935214881334,0
470,0284,0,2026-06-13 18:51:00,0.9204618345093009,0
471,0362,0,2026-06-13 18:51:00,0.7738935214881334,0
472,0284,0,2026-06-13 18:51:10,0.9204618345093009,0
473,0362,0,2026-06-13 18:51:10,0.7738935214881334,0
474,0362,0,2026-06-13 18:51:20,0.7738935214881334,0
475,0362,0,2026-06-13 18:51:30,0.7738935214881334,0
476,0362,0,2026-06-13 18:51:40,0.7738935214881334,0
477,0362,0,2026-06-13 18:51:50,0.7738935214881334,0
478,0362,0,2026-06-13 18:52:00,0.7738935214881334,1
479,0396,0,2026-06-14 01:24:40,0.9204618345093009,0
480,0396,0,2026-06-14 01:24:40,0.9204618345093009,0
481,0396,0,2026-06-14 01:24:50,0.9204618345093009,0
482,0396,0,2026-06-14 01:24:50,0.9204618345093009,0
483,0396,0,2026-06-14 01:24:50,0.9204618345093009,0
484,0396,0,2026-06-14 01:24:50,0.9204618345093009,0
485,0396,0,2026-06-14 01:24:50,0.9204618345093009,1
486,0396,0,2026-06-14 01:25:00,0.9204618345093009,0
487,0396,0,2026-06-14 01:25:00,0.9204618345093009,0
488,0396,0,2026-06-14 01:25:00,0.9204618345093009,0
489,0396,0,2026-06-14 01:25:00,0.9204618345093009,0
490,0396,0,2026-06-14 01:25:00,0.9204618345093009,0
491,0396,0,2026-06-14 01:25:00,0.9204618345093009,0
492,0396,0,2026-06-14 01:25:10,0.9204618345093009,0
493,0396,0,2026-06-14 01:25:10,0.9204618345093009,0
494,0396,0,2026-06-14 01:25:10,0.9204618345093009,0
495,0396,0,2026-06-14 01:25:10,0.9204618345093009,0
496,0396,0,2026-06-14 01:25:10,0.9204618345093009,0
497,0396,0,2026-06-14 01:25:10,0.9204618345093009,0
498,0396,0,2026-06-14 01:25:20,0.9204618345093009,0
499,0396,0,2026-06-14 01:25:20,0.9204618345093009,0
500,0396,0,2026-06-14 01:25:20,0.9204618345093009,0
501,0396,0,2026-06-14 01:25:20,0.9204618345093009,0
502,0396,0,2026-06-14 01:25:20,0.9204618345093009,0
503,0396,0,2026-06-14 01:25:30,0.9204618345093009,0
504,0396,0,2026-06-14 01:25:30,0.9204618345093009,0
505,0396,0,2026-06-14 01:25:30,0.9204618345093009,0
506,0396,0,2026-06-14 01:25:30,0.9204618345093009,0
507,0396,0,2026-06-14 01:25:30,0.9204618345093009,0
508,0396,0,2026-06-14 01:25:40,0.9204618345093009,0
509,0396,0,2026-06-14 01:25:40,0.9204618345093009,0
510,0396,0,2026-06-14 01:25:40,0.9204618345093009,0
511,0396,0,2026-06-14 01:25:40,0.9204618345093009,0
512,0396,0,2026-06-14 01:25:40,0.9204618345093009,0
513,0396,0,2026-06-14 01:25:50,0.9204618345093009,0
514,0396,0,2026-06-14 01:25:50,0.9204618345093009,0
515,0396,0,2026-06-14 01:25:50,0.9204618345093009,0
516,0396,0,2026-06-14 01:25:50,0.9204618345093009,0
517,0396,0,2026-06-14 01:25:50,0.9204618345093009,0
518,0396,0,2026-06-14 01:25:50,0.9204618345093009,0
519,0396,0,2026-06-14 01:26:00,0.9204618345093009,0
520,0396,0,2026-06-14 01:26:00,0.9204618345093009,0
521,0396,0,2026-06-14 01:26:00,0.9204618345093009,0
522,0396,0,2026-06-14 01:26:00,0.9204618345093009,0
523,0396,0,2026-06-14 01:26:00,0.9204618345093009,0
524,0396,0,2026-06-14 01:26:00,0.9204618345093009,0
525,0396,0,2026-06-14 01:26:10,0.9204618345093009,0
526,0396,0,2026-06-14 01:26:10,0.9204618345093009,0
527,0396,0,2026-06-14 01:26:10,0.9204618345093009,0
528,0396,0,2026-06-14 01:26:10,0.9204618345093009,0
529,0396,0,2026-06-14 01:26:10,0.9204618345093009,0
530,0396,0,2026-06-14 01:26:20,0.9204618345093009,0
531,0396,0,2026-06-14 01:26:20,0.9204618345093009,0
532,0396,0,2026-06-14 01:26:20,0.9204618345093009,0
533,0396,0,2026-06-14 01:26:20,0.9204618345093009,0
534,0064,0,2026-06-14 01:28:20,0.6488133418858243,1
535,0038,0,2026-06-14 01:28:30,0.0525978191148172,0
536,0064,0,2026-06-14 01:28:30,0.6488133418858243,0
537,0189,0,2026-06-14 01:28:30,1.0000000000000000,0
538,007,0,2026-06-14 01:28:40,0.5381654906991661,0
539,0038,0,2026-06-14 01:28:40,0.0525978191148172,1
540,0064,0,2026-06-14 01:28:40,0.6488133418858243,0
541,0189,0,2026-06-14 01:28:40,1.0000000000000000,0
542,007,0,2026-06-14 01:28:50,0.5381654906991661,0
543,0038,0,2026-06-14 01:28:50,0.0525978191148172,0
544,0064,0,2026-06-14 01:28:50,0.6488133418858243,0
545,0189,0,2026-06-14 01:28:50,1.0000000000000000,0
546,0257,0,2026-06-14 01:28:50,0.9204618345093009,0
547,0257,0,2026-06-14 01:28:50,0.9204618345093009,0
548,0257,0,2026-06-14 01:28:50,0.9204618345093009,1
549,0257,0,2026-06-14 01:28:50,0.9204618345093009,0
550,007,0,2026-06-14 01:29:00,0.5381654906991661,0
551,0038,0,2026-06-14 01:29:00,0.0525978191148172,0
552,0064,0,2026-06-14 01:29:00,0.6488133418858243,0
553,0189,0,2026-06-14 01:29:00,1.0000000000000000,0
554,0197,0,2026-06-14 01:29:00,0.6792815907633099,0
555,0257,0,2026-06-14 01:29:00,0.9204618345093009,0
556,0257,0,2026-06-14 01:29:00,0.9204618345093009,0
557,0257,0,2026-06-14 01:29:00,0.9204618345093009,0
558,0257,0,2026-06-14 01:29:00,0.9204618345093009,0
559,007,0,2026-06-14 01:29:10,0.5381654906991661,0
560,0038,0,2026-06-14 01:29:10,0.0525978191148172,0
561,0064,0,2026-06-14 01:29:10,0.6488133418858243,0
562,0189,0,2026-06-14 01:29:10,1.0000000000000000,0
563,0197,0,2026-06-14 01:29:10,0.6792815907633099,0
564,0257,0,2026-06-14 01:29:10,0.9204618345093009,0
565,0257,0,2026-06-14 01:29:10,0.9204618345093009,0
566,0257,0,2026-06-14 01:29:10,0.9204618345093009,0
567,0257,0,2026-06-14 01:29:10,0.9204618345093009,0
568,007,0,2026-06-14 01:29:20,0.5381654906991661,0
569,0038,0,2026-06-14 01:29:20,0.0525978191148172,0
570,0064,0,2026-06-14 01:29:20,0.6488133418858243,0
571,0189,0,2026-06-14 01:29:20,1.0000000000000000,0
572,0197,0,2026-06-14 01:29:20,0.6792815907633099,1
573,0257,0,2026-06-14 01:29:20,0.9204618345093009,0
574,0257,0,2026-06-14 01:29:20,0.9204618345093009,0
575,0257,0,2026-06-14 01:29:20,0.9204618345093009,0
576,0257,0,2026-06-14 01:29:20,0.9204618345093009,0
577,0257,0,2026-06-14 01:29:20,0.9204618345093009,0
578,007,0,2026-06-14 01:29:30,0.5381654906991661,0
579,0038,0,2026-06-14 01:29:30,0.0525978191148172,0
580,0064,0,2026-06-14 01:29:30,0.6488133418858243,0
581,0189,0,2026-06-14 01:29:30,1.0000000000000000,0
582,0197,0,2026-06-14 01:29:30,0.6792815907633099,0
583,0257,0,2026-06-14 01:29:30,0.9204618345093009,0
584,0257,0,2026-06-14 01:29:30,0.9204618345093009,0
585,0257,0,2026-06-14 01:29:30,0.9204618345093009,0
586,0257,0,2026-06-14 01:29:30,0.9204618345093009,0
587,007,0,2026-06-14 01:29:40,0.5381654906991661,0
588,0038,0,2026-06-14 01:29:40,0.0525978191148172,0
589,0064,0,2026-06-14 01:29:40,0.6488133418858243,0
590,0189,0,2026-06-14 01:29:40,1.0000000000000000,0
591,0197,0,2026-06-14 01:29:40,0.6792815907633099,0
592,0257,0,2026-06-14 01:29:40,0.9204618345093009,0
593,0257,0,2026-06-14 01:29:40,0.9204618345093009,0
594,0257,0,2026-06-14 01:29:40,0.9204618345093009,0
595,0257,0,2026-06-14 01:29:40,0.9204618345093009,0
596,007,0,2026-06-14 01:29:50,0.5381654906991661,0
597,0038,0,2026-06-14 01:29:50,0.0525978191148172,0
598,0064,0,2026-06-14 01:29:50,0.6488133418858243,0
599,0189,0,2026-06-14 01:29:50,1.0000000000000000,0
600,0197,0,2026-06-14 01:29:50,0.6792815907633099,1
601,0257,0,2026-06-14 01:29:50,0.9204618345093009,0
602,0257,0,2026-06-14 01:29:50,0.9204618345093009,0
603,0257,0,2026-06-14 01:29:50,0.9204618345093009,0
604,0257,0,2026-06-14 01:29:50,0.9204618345093009,0
605,007,0,2026-06-14 01:30:00,0.5381654906991661,0
606,0189,0,2026-06-14 01:30:00,1.0000000000000000,0
607,007,0,2026-06-14 01:30:10,0.5381654906991661,0
608,0189,0,2026-06-14 01:30:10,1.0000000000000000,0
609,007,0,2026-06-14 01:30:20,0.5381654906991661,0
610,0189,0,2026-06-14 01:30:20,1.0000000000000000,1
611,007,0,2026-06-14 01:30:30,0.5381654906991661,0
612,0137,0,2026-06-14 01:35:40,0.6488133418858243,0
613,0137,0,2026-06-14 01:35:50,0.6488133418858243,0
614,0137,0,2026-06-14 01:36:00,0.6488133418858243,0
615,0137,0,2026-06-14 01:36:10,0.6488133418858243,0
616,0137,0,2026-06-14 01:36:20,0.6488133418858243,0
617,0137,0,2026-06-14 01:36:30,0.6488133418858243,0
618,0137,0,2026-06-14 01:36:40,0.6488133418858243,0
619,0137,0,2026-06-14 01:36:50,0.6488133418858243,0
620,0137,0,2026-06-14 01:37:00,0.6488133418858243,0
621,0137,0,2026-06-14 01:37:10,0.6488133418858243,0
622,0137,0,2026-06-14 01:37:20,0.6488133418858243,0
623,0137,0,2026-06-14 01:37:30,0.6488133418858243,1
624,0180,0,2026-06-14 01:37:50,0.6019884541372674,0
625,0180,0,2026-06-14 01:38:00,0.6019884541372674,0
626,0180,0,2026-06-14 01:38:10,0.6019884541372674,0
627,0180,0,2026-06-14 01:38:20,0.6019884541372674,0
628,0180,0,2026-06-14 01:38:30,0.6019884541372674,0
629,0180,0,2026-06-14 01:38:40,0.6019884541372674,0
630,0180,0,2026-06-14 01:38:50,0.6019884541372674,0
631,0180,0,2026-06-14 01:39:00,0.6019884541372674,0
632,0180,0,2026-06-14 01:39:10,0.6019884541372674,0
633,0180,0,2026-06-14 01:39:20,0.6019884541372674,0
634,0180,0,2026-06-14 01:39:30,0.6019884541372674,0
635,0410,0,2026-06-14 03:05:20,0.9204618345093009,0
636,0410,0,2026-06-14 03:05:20,0.9204618345093009,0
637,0410,0,2026-06-14 03:05:20,0.9204618345093009,0
638,0410,0,2026-06-14 03:05:30,0.9204618345093009,0
639,0410,0,2026-06-14 03:05:30,0.9204618345093009,0
640,0410,0,2026-06-14 03:05:30,0.9204618345093009,0
641,0410,0,2026-06-14 03:05:30,0.9204618345093009,0
642,0410,0,2026-06-14 03:05:40,0.9204618345093009,0
643,0410,0,2026-06-14 03:05:40,0.9204618345093009,0
644,0410,0,2026-06-14 03:05:40,0.9204618345093009,0
645,0410,0,2026-06-14 03:05:40,0.9204618345093009,0
646,0410,0,2026-06-14 03:05:50,0.9204618345093009,0
647,0410,0,2026-06-14 03:05:50,0.9204618345093009,0
648,0410,0,2026-06-14 03:05:50,0.9204618345093009,0
649,0410,0,2026-06-14 03:05:50,0.9204618345093009,1
650,0410,0,2026-06-14 03:05:50,0.9204618345093009,0
651,0410,0,2026-06-14 03:05:50,0.9204618345093009,0
652,0410,0,2026-06-14 03:06:00,0.9204618345093009,0
653,0410,0,2026-06-14 03:06:00,0.9204618345093009,0
654,0410,0,2026-06-14 03:06:00,0.9204618345093009,0
655,0410,0,2026-06-14 03:06:00,0.9204618345093009,0
656,0410,0,2026-06-14 03:06:00,0.9204618345093009,0
657,0346,0,2026-06-14 03:06:10,0.3373957665169981,0
658,0410,0,2026-06-14 03:06:10,0.9204618345093009,0
659,0410,0,2026-06-14 03:06:10,0.9204618345093009,0
660,0410,0,2026-06-14 03:06:10,0.9204618345093009,0
661,0410,0,2026-06-14 03:06:10,0.9204618345093009,0
662,0410,0,2026-06-14 03:06:10,0.9204618345093009,0
663,0346,0,2026-06-14 03:06:20,0.3373957665169981,0
664,0410,0,2026-06-14 03:06:20,0.9204618345093009,0
665,0410,0,2026-06-14 03:06:20,0.9204618345093009,0
666,0410,0,2026-06-14 03:06:20,0.9204618345093009,0
667,0410,0,2026-06-14 03:06:20,0.9204618345093009,0
668,0410,0,2026-06-14 03:06:20,0.9204618345093009,0
669,0346,0,2026-06-14 03:06:30,0.3373957665169981,0
670,0410,0,2026-06-14 03:06:30,0.9204618345093009,0
671,0410,0,2026-06-14 03:06:30,0.9204618345093009,0
672,0410,0,2026-06-14 03:06:30,0.9204618345093009,0
673,0410,0,2026-06-14 03:06:30,0.9204618345093009,0
674,0410,0,2026-06-14 03:06:30,0.9204618345093009,0
675,0346,0,2026-06-14 03:06:40,0.3373957665169981,0
676,0410,0,2026-06-14 03:06:40,0.9204618345093009,0
677,0410,0,2026-06-14 03:06:40,0.9204618345093009,0
678,0410,0,2026-06-14 03:06:40,0.9204618345093009,0
679,0410,0,2026-06-14 03:06:40,0.9204618345093009,0
680,0410,0,2026-06-14 03:06:40,0.9204618345093009,0
681,0410,0,2026-06-14 03:06:40,0.9204618345093009,0
682,0346,0,2026-06-14 03:06:50,0.3373957665169981,0
683,0410,0,2026-06-14 03:06:50,0.9204618345093009,0
684,0410,0,2026-06-14 03:06:50,0.9204618345093009,0
685,0410,0,2026-06-14 03:06:50,0.9204618345093009,0
686,0410,0,2026-06-14 03:06:50,0.9204618345093009,0
687,0266,0,2026-06-14 03:07:00,0.2995509942270687,0
688,0346,0,2026-06-14 03:07:00,0.3373957665169981,0
689,0349,0,2026-06-14 03:07:00,0.6019884541372674,0
690,0410,0,2026-06-14 03:07:00,0.9204618345093009,0
691,0410,0,2026-06-14 03:07:00,0.9204618345093009,0
692,0410,0,2026-06-14 03:07:00,0.9204618345093009,0
693,0266,0,2026-06-14 03:07:10,0.2995509942270687,0
694,0346,0,2026-06-14 03:07:10,0.3373957665169981,0
695,0349,0,2026-06-14 03:07:10,0.6019884541372674,0
696,0410,0,2026-06-14 03:07:10,0.9204618345093009,0
697,0410,0,2026-06-14 03:07:10,0.9204618345093009,0
698,0450,0,2026-06-14 03:07:10,0.1927517639512508,0
699,0266,0,2026-06-14 03:07:20,0.2995509942270687,0
700,0346,0,2026-06-14 03:07:20,0.3373957665169981,0
701,0349,0,2026-06-14 03:07:20,0.6019884541372674,0
702,0450,0,2026-06-14 03:07:20,0.1927517639512508,0
703,0266,0,2026-06-14 03:07:30,0.2995509942270687,0
704,0346,0,2026-06-14 03:07:30,0.3373957665169981,0
705,0349,0,2026-06-14 03:07:30,0.6019884541372674,0
706,0450,0,2026-06-14 03:07:30,0.1927517639512508,0
707,0266,0,2026-06-14 03:07:40,0.2995509942270687,0
708,0346,0,2026-06-14 03:07:40,0.3373957665169981,0
709,0349,0,2026-06-14 03:07:40,0.6019884541372674,0
710,0434,0,2026-06-14 03:07:40,0.1215522771007056,0
711,0450,0,2026-06-14 03:07:40,0.1927517639512508,0
712,0266,0,2026-06-14 03:07:50,0.2995509942270687,0
713,0349,0,2026-06-14 03:07:50,0.6019884541372674,0
714,0434,0,2026-06-14 03:07:50,0.1215522771007056,0
715,0450,0,2026-06-14 03:07:50,0.1927517639512508,0
716,0266,0,2026-06-14 03:08:00,0.2995509942270687,0
717,0349,0,2026-06-14 03:08:00,0.6019884541372674,0
718,0434,0,2026-06-14 03:08:00,0.1215522771007056,0
719,0450,0,2026-06-14 03:08:00,0.1927517639512508,1
720,0266,0,2026-06-14 03:08:10,0.2995509942270687,0
721,0349,0,2026-06-14 03:08:10,0.6019884541372674,0
722,0434,0,2026-06-14 03:08:10,0.1215522771007056,0
723,0450,0,2026-06-14 03:08:10,0.1927517639512508,0
724,0124,0,2026-06-14 03:08:20,0.4640795381654907,1
725,0266,0,2026-06-14 03:08:20,0.2995509942270687,0
726,0349,0,2026-06-14 03:08:20,0.6019884541372674,0
727,0434,0,2026-06-14 03:08:20,0.1215522771007056,0
728,0450,0,2026-06-14 03:08:20,0.1927517639512508,0
729,0124,0,2026-06-14 03:08:30,0.4640795381654907,0
730,0266,0,2026-06-14 03:08:30,0.2995509942270687,0
731,0349,0,2026-06-14 03:08:30,0.6019884541372674,0
732,0434,0,2026-06-14 03:08:30,0.1215522771007056,0
733,0450,0,2026-06-14 03:08:30,0.1927517639512508,0
734,0124,0,2026-06-14 03:08:40,0.4640795381654907,0
735,0266,0,2026-06-14 03:08:40,0.2995509942270687,0
736,0278,0,2026-06-14 03:08:40,0.6019884541372674,1
737,0349,0,2026-06-14 03:08:40,0.6019884541372674,0
738,0434,0,2026-06-14 03:08:40,0.1215522771007056,0
739,0450,0,2026-06-14 03:08:40,0.1927517639512508,0
740,0033,0,2026-06-14 03:08:50,0.9204618345093009,0
741,0124,0,2026-06-14 03:08:50,0.4640795381654907,0
742,0266,0,2026-06-14 03:08:50,0.2995509942270687,0
743,0278,0,2026-06-14 03:08:50,0.6019884541372674,0
744,0349,0,2026-06-14 03:08:50,0.6019884541372674,0
745,0434,0,2026-06-14 03:08:50,0.1215522771007056,0
746,0443,0,2026-06-14 03:08:50,0.4640795381654907,0
747,0450,0,2026-06-14 03:08:50,0.1927517639512508,0
748,0033,0,2026-06-14 03:09:00,0.9204618345093009,0
749,0124,0,2026-06-14 03:09:00,0.4640795381654907,0
750,0278,0,2026-06-14 03:09:00,0.6019884541372674,0
751,0434,0,2026-06-14 03:09:00,0.1215522771007056,0
752,0443,0,2026-06-14 03:09:00,0.4640795381654907,0
753,0033,0,2026-06-14 03:09:10,0.9204618345093009,0
754,0124,0,2026-06-14 03:09:10,0.4640795381654907,0
755,0278,0,2026-06-14 03:09:10,0.6019884541372674,0
756,0434,0,2026-06-14 03:09:10,0.1215522771007056,0
757,0443,0,2026-06-14 03:09:10,0.4640795381654907,1
758,0033,0,2026-06-14 03:09:20,0.9204618345093009,0
759,0124,0,2026-06-14 03:09:20,0.4640795381654907,0
760,0278,0,2026-06-14 03:09:20,0.6019884541372674,0
761,0434,0,2026-06-14 03:09:20,0.1215522771007056,0
762,0443,0,2026-06-14 03:09:20,0.4640795381654907,0
763,0033,0,2026-06-14 03:09:30,0.9204618345093009,1
764,0124,0,2026-06-14 03:09:30,0.4640795381654907,0
765,0278,0,2026-06-14 03:09:30,0.6019884541372674,0
766,0443,0,2026-06-14 03:09:30,0.4640795381654907,0
767,0033,0,2026-06-14 03:09:40,0.9204618345093009,0
768,0124,0,2026-06-14 03:09:40,0.4640795381654907,0
769,0278,0,2026-06-14 03:09:40,0.6019884541372674,0
770,0443,0,2026-06-14 03:09:40,0.4640795381654907,1
771,0033,0,2026-06-14 03:09:50,0.9204618345093009,0
772,0124,0,2026-06-14 03:09:50,0.4640795381654907,0
773,0278,0,2026-06-14 03:09:50,0.6019884541372674,0
774,0443,0,2026-06-14 03:09:50,0.4640795381654907,0
775,0033,0,2026-06-14 03:10:00,0.9204618345093009,0
776,0278,0,2026-06-14 03:10:00,0.6019884541372674,0
777,0443,0,2026-06-14 03:10:00,0.4640795381654907,0
778,0033,0,2026-06-14 03:10:10,0.9204618345093009,0
779,0278,0,2026-06-14 03:10:10,0.6019884541372674,0
780,0443,0,2026-06-14 03:10:10,0.4640795381654907,0
781,0033,0,2026-06-14 03:10:20,0.9204618345093009,0
782,0278,0,2026-06-14 03:10:20,0.6019884541372674,0
783,0443,0,2026-06-14 03:10:20,0.4640795381654907,0
784,0033,0,2026-06-14 03:10:30,0.9204618345093009,0
785,0278,0,2026-06-14 03:10:30,0.6019884541372674,0
786,0443,0,2026-06-14 03:10:30,0.4640795381654907,0
787,0033,0,2026-06-14 03:10:40,0.9204618345093009,0
788,0443,0,2026-06-14 03:10:40,0.4640795381654907,0
789,0161,0,2026-06-14 03:11:50,0.1927517639512508,0
790,0161,0,2026-06-14 03:12:00,0.1927517639512508,1
791,0161,0,2026-06-14 03:12:10,0.1927517639512508,0
792,0161,0,2026-06-14 03:12:20,0.1927517639512508,0
793,0161,0,2026-06-14 03:12:30,0.1927517639512508,0
794,0344,0,2026-06-14 03:12:30,0.4640795381654907,0
795,0161,0,2026-06-14 03:12:40,0.1927517639512508,0
796,0344,0,2026-06-14 03:12:40,0.4640795381654907,0
797,0161,0,2026-06-14 03:12:50,0.1927517639512508,0
798,0344,0,2026-06-14 03:12:50,0.4640795381654907,0
799,0161,0,2026-06-14 03:13:00,0.1927517639512508,0
800,0344,0,2026-06-14 03:13:00,0.4640795381654907,1
801,0161,0,2026-06-14 03:13:10,0.1927517639512508,0
802,0344,0,2026-06-14 03:13:10,0.4640795381654907,0
803,0161,0,2026-06-14 03:13:20,0.1927517639512508,0
804,0344,0,2026-06-14 03:13:20,0.4640795381654907,0
805,0161,0,2026-06-14 03:13:30,0.1927517639512508,0
806,0344,0,2026-06-14 03:13:30,0.4640795381654907,0
807,0161,0,2026-06-14 03:13:40,0.1927517639512508,0
808,0344,0,2026-06-14 03:13:40,0.4640795381654907,0
809,0344,0,2026-06-14 03:13:50,0.4640795381654907,0
810,0344,0,2026-06-14 03:14:00,0.4640795381654907,0
811,0344,0,2026-06-14 03:14:10,0.4640795381654907,0
812,0170,0,2026-06-14 03:15:50,0.6488133418858243,0
813,0170,0,2026-06-14 03:16:00,0.6488133418858243,0
814,0170,0,2026-06-14 03:16:10,0.6488133418858243,0
815,0170,0,2026-06-14 03:16:20,0.6488133418858243,0
816,0170,0,2026-06-14 03:16:30,0.6488133418858243,0
817,0170,0,2026-06-14 03:16:40,0.6488133418858243,0
818,0170,0,2026-06-14 03:16:50,0.6488133418858243,1
819,0170,0,2026-06-14 03:17:00,0.6488133418858243,0
820,0170,0,2026-06-14 03:17:10,0.6488133418858243,0
821,0170,0,2026-06-14 03:17:20,0.6488133418858243,0
822,0133,0,2026-06-14 04:39:50,0.1215522771007056,0
823,0133,0,2026-06-14 04:40:00,0.1215522771007056,0
824,0133,0,2026-06-14 04:40:10,0.1215522771007056,0
825,0133,0,2026-06-14 04:40:20,0.1215522771007056,0
826,0133,0,2026-06-14 04:40:30,0.1215522771007056,0
827,0133,0,2026-06-14 04:40:40,0.1215522771007056,0
828,0133,0,2026-06-14 04:40:50,0.1215522771007056,0
829,0133,0,2026-06-14 04:41:00,0.1215522771007056,0
830,0133,0,2026-06-14 04:41:10,0.1215522771007056,0
831,0133,0,2026-06-14 04:41:20,0.1215522771007056,0
832,0133,0,2026-06-14 04:41:30,0.1215522771007056,1
833,0133,0,2026-06-14 04:41:40,0.1215522771007056,0
834,0293,0,2026-06-14 04:45:00,0.2995509942270687,0
835,0293,0,2026-06-14 04:45:00,0.2995509942270687,0
836,0293,0,2026-06-14 04:45:00,0.2995509942270687,0
837,0293,0,2026-06-14 04:45:00,0.2995509942270687,0
838,0293,0,2026-06-14 04:45:00,0.2995509942270687,0
839,0293,0,2026-06-14 04:45:00,0.2995509942270687,0
840,0293,0,2026-06-14 04:45:10,0.2995509942270687,0
841,0293,0,2026-06-14 04:45:10,0.2995509942270687,0
842,0293,0,2026-06-14 04:45:10,0.2995509942270687,0
843,0293,0,2026-06-14 04:45:10,0.2995509942270687,0
844,0293,0,2026-06-14 04:45:20,0.2995509942270687,0
845,0293,0,2026-06-14 04:45:20,0.2995509942270687,1
846,0293,0,2026-06-14 04:45:20,0.2995509942270687,0
847,0293,0,2026-06-14 04:45:20,0.2995509942270687,0
848,0293,0,2026-06-14 04:45:30,0.2995509942270687,0
849,0293,0,2026-06-14 04:45:30,0.2995509942270687,0
850,0293,0,2026-06-14 04:45:30,0.2995509942270687,0
851,0293,0,2026-06-14 04:45:30,0.2995509942270687,0
852,0293,0,2026-06-14 04:45:30,0.2995509942270687,0
853,0293,0,2026-06-14 04:45:30,0.2995509942270687,0
854,0374,0,2026-06-14 04:45:50,0.4640795381654907,0
855,0374,0,2026-06-14 04:46:00,0.4640795381654907,0
856,0374,0,2026-06-14 04:46:10,0.4640795381654907,0
857,0374,0,2026-06-14 04:46:20,0.4640795381654907,0
858,0374,0,2026-06-14 04:46:30,0.4640795381654907,0
859,0374,0,2026-06-14 04:46:40,0.4640795381654907,1
860,0500,0,2026-06-14 04:47:50,0.5381654906991661,0
861,0172,0,2026-06-14 04:48:00,0.6792815907633099,0
862,0500,0,2026-06-14 04:48:00,0.5381654906991661,0
863,0172,0,2026-06-14 04:48:10,0.6792815907633099,0
864,0354,0,2026-06-14 04:48:10,0.0525978191148172,0
865,0500,0,2026-06-14 04:48:10,0.5381654906991661,0
866,0172,0,2026-06-14 04:48:20,0.6792815907633099,0
867,0354,0,2026-06-14 04:48:20,0.0525978191148172,0
868,0437,0,2026-06-14 04:48:20,0.6019884541372674,0
869,0500,0,2026-06-14 04:48:20,0.5381654906991661,1
870,009,0,2026-06-14 04:48:30,0.6019884541372674,1
871,0172,0,2026-06-14 04:48:30,0.6792815907633099,0
872,0354,0,2026-06-14 04:48:30,0.0525978191148172,0
873,0420,0,2026-06-14 04:48:30,0.5381654906991661,0
874,0437,0,2026-06-14 04:48:30,0.6019884541372674,0
875,0500,0,2026-06-14 04:48:30,0.5381654906991661,0
876,009,0,2026-06-14 04:48:40,0.6019884541372674,1
877,0172,0,2026-06-14 04:48:40,0.6792815907633099,0
878,0354,0,2026-06-14 04:48:40,0.0525978191148172,0
879,0420,0,2026-06-14 04:48:40,0.5381654906991661,0
880,0437,0,2026-06-14 04:48:40,0.6019884541372674,0
881,0500,0,2026-06-14 04:48:40,0.5381654906991661,0
882,0172,0,2026-06-14 04:48:50,0.6792815907633099,0
883,0354,0,2026-06-14 04:48:50,0.0525978191148172,0
884,0420,0,2026-06-14 04:48:50,0.5381654906991661,0
885,0437,0,2026-06-14 04:48:50,0.6019884541372674,1
886,0500,0,2026-06-14 04:48:50,0.5381654906991661,0
887,0172,0,2026-06-14 04:49:00,0.6792815907633099,0
888,0354,0,2026-06-14 04:49:00,0.0525978191148172,0
889,0420,0,2026-06-14 04:49:00,0.5381654906991661,0
890,0437,0,2026-06-14 04:49:00,0.6019884541372674,1
891,0500,0,2026-06-14 04:49:00,0.5381654906991661,0
892,0172,0,2026-06-14 04:49:10,0.6792815907633099,0
893,0354,0,2026-06-14 04:49:10,0.0525978191148172,0
894,0413,0,2026-06-14 04:49:10,0.0525978191148172,0
895,0420,0,2026-06-14 04:49:10,0.5381654906991661,0
896,0500,0,2026-06-14 04:49:10,0.5381654906991661,0
897,0172,0,2026-06-14 04:49:20,0.6792815907633099,0
898,0342,0,2026-06-14 04:49:20,0.1927517639512508,0
899,0354,0,2026-06-14 04:49:20,0.0525978191148172,0
900,0413,0,2026-06-14 04:49:20,0.0525978191148172,0
901,0420,0,2026-06-14 04:49:20,0.5381654906991661,1
902,0172,0,2026-06-14 04:49:30,0.6792815907633099,0
903,0342,0,2026-06-14 04:49:30,0.1927517639512508,0
904,0354,0,2026-06-14 04:49:30,0.0525978191148172,0
905,0413,0,2026-06-14 04:49:30,0.0525978191148172,0
906,0420,0,2026-06-14 04:49:30,0.5381654906991661,0
907,0172,0,2026-06-14 04:49:40,0.6792815907633099,0
908,0342,0,2026-06-14 04:49:40,0.1927517639512508,0
909,0354,0,2026-06-14 04:49:40,0.0525978191148172,0
910,0413,0,2026-06-14 04:49:40,0.0525978191148172,0
911,0420,0,2026-06-14 04:49:40,0.5381654906991661,1
912,0172,0,2026-06-14 04:49:50,0.6792815907633099,0
913,0342,0,2026-06-14 04:49:50,0.1927517639512508,0
914,0354,0,2026-06-14 04:49:50,0.0525978191148172,0
915,0413,0,2026-06-14 04:49:50,0.0525978191148172,0
916,0420,0,2026-06-14 04:49:50,0.5381654906991661,0
917,0342,0,2026-06-14 04:50:00,0.1927517639512508,0
918,0413,0,2026-06-14 04:50:00,0.0525978191148172,1
919,0420,0,2026-06-14 04:50:00,0.5381654906991661,0
920,0342,0,2026-06-14 04:50:10,0.1927517639512508,1
921,0413,0,2026-06-14 04:50:10,0.0525978191148172,0
922,0342,0,2026-06-14 04:50:20,0.1927517639512508,0
923,0413,0,2026-06-14 04:50:20,0.0525978191148172,0
924,0342,0,2026-06-14 04:50:30,0.1927517639512508,0
925,0413,0,2026-06-14 04:50:30,0.0525978191148172,0
926,0271,0,2026-06-14 04:50:40,0.6488133418858243,0
927,0335,0,2026-06-14 04:50:40,0.6488133418858243,0
928,0342,0,2026-06-14 04:50:40,0.1927517639512508,0
929,0413,0,2026-06-14 04:50:40,0.0525978191148172,0
930,0451,0,2026-06-14 04:50:40,0.7738935214881334,1
931,0084,0,2026-06-14 04:50:50,0.2995509942270687,0
932,0271,0,2026-06-14 04:50:50,0.6488133418858243,0
933,0335,0,2026-06-14 04:50:50,0.6488133418858243,0
934,0342,0,2026-06-14 04:50:50,0.1927517639512508,0
935,0413,0,2026-06-14 04:50:50,0.0525978191148172,0
936,0451,0,2026-06-14 04:50:50,0.7738935214881334,1
937,0084,0,2026-06-14 04:51:00,0.2995509942270687,0
938,0271,0,2026-06-14 04:51:00,0.6488133418858243,0
939,0335,0,2026-06-14 04:51:00,0.6488133418858243,0
940,0413,0,2026-06-14 04:51:00,0.0525978191148172,0
941,0451,0,2026-06-14 04:51:00,0.7738935214881334,0
942,0084,0,2026-06-14 04:51:10,0.2995509942270687,0
943,0271,0,2026-06-14 04:51:10,0.6488133418858243,0
944,0335,0,2026-06-14 04:51:10,0.6488133418858243,0
945,0451,0,2026-06-14 04:51:10,0.7738935214881334,0
946,0084,0,2026-06-14 04:51:20,0.2995509942270687,0
947,0271,0,2026-06-14 04:51:20,0.6488133418858243,0
948,0335,0,2026-06-14 04:51:20,0.6488133418858243,0
949,0451,0,2026-06-14 04:51:20,0.7738935214881334,0
950,0084,0,2026-06-14 04:51:30,0.2995509942270687,0
951,0271,0,2026-06-14 04:51:30,0.6488133418858243,0
952,0335,0,2026-06-14 04:51:30,0.6488133418858243,0
953,0361,0,2026-06-14 04:51:30,0.2995509942270687,0
954,0451,0,2026-06-14 04:51:30,0.7738935214881334,0
955,0084,0,2026-06-14 04:51:40,0.2995509942270687,1
956,0271,0,2026-06-14 04:51:40,0.6488133418858243,0
957,0335,0,2026-06-14 04:51:40,0.6488133418858243,0
958,0361,0,2026-06-14 04:51:40,0.2995509942270687,0
959,0451,0,2026-06-14 04:51:40,0.7738935214881334,0
960,0084,0,2026-06-14 04:51:50,0.2995509942270687,1
961,0271,0,2026-06-14 04:51:50,0.6488133418858243,0
962,0335,0,2026-06-14 04:51:50,0.6488133418858243,0
963,0361,0,2026-06-14 04:51:50,0.2995509942270687,0
964,0451,0,2026-06-14 04:51:50,0.7738935214881334,0
965,0084,0,2026-06-14 04:52:00,0.2995509942270687,0
966,0271,0,2026-06-14 04:52:00,0.6488133418858243,0
967,0335,0,2026-06-14 04:52:00,0.6488133418858243,0
968,0361,0,2026-06-14 04:52:00,0.2995509942270687,0
969,0414,0,2026-06-14 04:52:00,0.7738935214881334,0
970,0451,0,2026-06-14 04:52:00,0.7738935214881334,0
971,0084,0,2026-06-14 04:52:10,0.2995509942270687,0
972,0271,0,2026-06-14 04:52:10,0.6488133418858243,0
973,0335,0,2026-06-14 04:52:10,0.6488133418858243,0
974,0361,0,2026-06-14 04:52:10,0.2995509942270687,0
975,0414,0,2026-06-14 04:52:10,0.7738935214881334,1
976,0445,0,2026-06-14 04:52:10,0.4640795381654907,0
977,0451,0,2026-06-14 04:52:10,0.7738935214881334,0
978,0084,0,2026-06-14 04:52:20,0.2995509942270687,0
979,0271,0,2026-06-14 04:52:20,0.6488133418858243,0
980,0335,0,2026-06-14 04:52:20,0.6488133418858243,0
981,0361,0,2026-06-14 04:52:20,0.2995509942270687,0
982,0414,0,2026-06-14 04:52:20,0.7738935214881334,0
983,0445,0,2026-06-14 04:52:20,0.4640795381654907,1
984,0451,0,2026-06-14 04:52:20,0.7738935214881334,0
985,0074,0,2026-06-14 04:52:30,0.9204618345093009,1
986,0084,0,2026-06-14 04:52:30,0.2995509942270687,0
987,0271,0,2026-06-14 04:52:30,0.6488133418858243,0
988,0361,0,2026-06-14 04:52:30,0.2995509942270687,0
989,0414,0,2026-06-14 04:52:30,0.7738935214881334,0
990,0429,0,2026-06-14 04:52:30,0.2995509942270687,0
991,0445,0,2026-06-14 04:52:30,0.4640795381654907,0
992,0074,0,2026-06-14 04:52:40,0.9204618345093009,1
993,0361,0,2026-06-14 04:52:40,0.2995509942270687,0
994,0414,0,2026-06-14 04:52:40,0.7738935214881334,0
995,0429,0,2026-06-14 04:52:40,0.2995509942270687,0
996,0445,0,2026-06-14 04:52:40,0.4640795381654907,0
997,0074,0,2026-06-14 04:52:50,0.9204618345093009,0
998,0361,0,2026-06-14 04:52:50,0.2995509942270687,0
999,0414,0,2026-06-14 04:52:50,0.7738935214881334,0
1000,0429,0,2026-06-14 04:52:50,0.2995509942270687,0
1001,0445,0,2026-06-14 04:52:50,0.4640795381654907,0
1002,0054,0,2026-06-14 04:53:00,0.5381654906991661,0
1003,0074,0,2026-06-14 04:53:00,0.9204618345093009,0
1004,0227,0,2026-06-14 04:53:00,0.7738935214881334,0
1005,0361,0,2026-06-14 04:53:00,0.2995509942270687,0
1006,0414,0,2026-06-14 04:53:00,0.7738935214881334,0
1007,0429,0,2026-06-14 04:53:00,0.2995509942270687,0
1008,0445,0,2026-06-14 04:53:00,0.4640795381654907,0
1009,0054,0,2026-06-14 04:53:10,0.5381654906991661,0
1010,0074,0,2026-06-14 04:53:10,0.9204618345093009,0
1011,0227,0,2026-06-14 04:53:10,0.7738935214881334,0
1012,0361,0,2026-06-14 04:53:10,0.2995509942270687,1
1013,0414,0,2026-06-14 04:53:10,0.7738935214881334,0
1014,0429,0,2026-06-14 04:53:10,0.2995509942270687,0
1015,0445,0,2026-06-14 04:53:10,0.4640795381654907,0
1016,0054,0,2026-06-14 04:53:20,0.5381654906991661,0
1017,0074,0,2026-06-14 04:53:20,0.9204618345093009,0
1018,0227,0,2026-06-14 04:53:20,0.7738935214881334,0
1019,0361,0,2026-06-14 04:53:20,0.2995509942270687,0
1020,0414,0,2026-06-14 04:53:20,0.7738935214881334,0
1021,0429,0,2026-06-14 04:53:20,0.2995509942270687,0
1022,0445,0,2026-06-14 04:53:20,0.4640795381654907,0
1023,0054,0,2026-06-14 04:53:30,0.5381654906991661,0
1024,0074,0,2026-06-14 04:53:30,0.9204618345093009,0
1025,0227,0,2026-06-14 04:53:30,0.7738935214881334,0
1026,0414,0,2026-06-14 04:53:30,0.7738935214881334,0
1027,0429,0,2026-06-14 04:53:30,0.2995509942270687,0
1028,0445,0,2026-06-14 04:53:30,0.4640795381654907,0
1029,0054,0,2026-06-14 04:53:40,0.5381654906991661,0
1030,0074,0,2026-06-14 04:53:40,0.9204618345093009,0
1031,0227,0,2026-06-14 04:53:40,0.7738935214881334,0
1032,0414,0,2026-06-14 04:53:40,0.7738935214881334,0
1033,0429,0,2026-06-14 04:53:40,0.2995509942270687,0
1034,0445,0,2026-06-14 04:53:40,0.4640795381654907,0
1035,0054,0,2026-06-14 04:53:50,0.5381654906991661,0
1036,0074,0,2026-06-14 04:53:50,0.9204618345093009,0
1037,0227,0,2026-06-14 04:53:50,0.7738935214881334,0
1038,0414,0,2026-06-14 04:53:50,0.7738935214881334,0
1039,0429,0,2026-06-14 04:53:50,0.2995509942270687,0
1040,0445,0,2026-06-14 04:53:50,0.4640795381654907,0
1041,0054,0,2026-06-14 04:54:00,0.5381654906991661,0
1042,0074,0,2026-06-14 04:54:00,0.9204618345093009,0
1043,0227,0,2026-06-14 04:54:00,0.7738935214881334,0
1044,0429,0,2026-06-14 04:54:00,0.2995509942270687,0
1045,0445,0,2026-06-14 04:54:00,0.4640795381654907,0
1046,0054,0,2026-06-14 04:54:10,0.5381654906991661,0
1047,0074,0,2026-06-14 04:54:10,0.9204618345093009,0
1048,0227,0,2026-06-14 04:54:10,0.7738935214881334,1
1049,0054,0,2026-06-14 04:54:20,0.5381654906991661,0
1050,0227,0,2026-06-14 04:54:20,0.7738935214881334,0
1051,0054,0,2026-06-14 04:54:30,0.5381654906991661,0
1052,0227,0,2026-06-14 04:54:30,0.7738935214881334,0
1053,0054,0,2026-06-14 04:54:40,0.5381654906991661,0
1054,0227,0,2026-06-14 04:54:40,0.7738935214881334,0
1055,0054,0,2026-06-14 04:54:50,0.5381654906991661,0
1056,0466,0,2026-06-14 06:19:10,0.6488133418858243,1
1057,0466,0,2026-06-14 06:19:20,0.6488133418858243,0
1058,0466,0,2026-06-14 06:19:30,0.6488133418858243,0
1059,0193,0,2026-06-14 06:19:40,0.5381654906991661,1
1060,0466,0,2026-06-14 06:19:40,0.6488133418858243,0
1061,0193,0,2026-06-14 06:19:50,0.5381654906991661,0
1062,0466,0,2026-06-14 06:19:50,0.6488133418858243,0
1063,0193,0,2026-06-14 06:20:00,0.5381654906991661,0
1064,0193,0,2026-06-14 06:20:10,0.5381654906991661,0
1065,0193,0,2026-06-14 06:20:20,0.5381654906991661,0
1066,0478,0,2026-06-14 06:21:20,0.7738935214881334,1
1067,0478,0,2026-06-14 06:21:30,0.7738935214881334,1
1068,0478,0,2026-06-14 06:21:40,0.7738935214881334,0
1069,0478,0,2026-06-14 06:21:50,0.7738935214881334,0
1070,0478,0,2026-06-14 06:22:00,0.7738935214881334,0
1071,0238,0,2026-06-14 06:26:50,0.6792815907633099,0
1072,0238,0,2026-06-14 06:27:00,0.6792815907633099,0
1073,0116,0,2026-06-14 06:27:10,0.6019884541372674,0
1074,0143,0,2026-06-14 06:27:10,0.1215522771007056,0
1075,0238,0,2026-06-14 06:27:10,0.6792815907633099,0
1076,0116,0,2026-06-14 06:27:20,0.6019884541372674,0
1077,0143,0,2026-06-14 06:27:20,0.1215522771007056,0
1078,0238,0,2026-06-14 06:27:20,0.6792815907633099,0
1079,0116,0,2026-06-14 06:27:30,0.6019884541372674,0
1080,0143,0,2026-06-14 06:27:30,0.1215522771007056,0
1081,0238,0,2026-06-14 06:27:30,0.6792815907633099,0
1082,0261,0,2026-06-14 06:27:30,0.6019884541372674,0
1083,0116,0,2026-06-14 06:27:40,0.6019884541372674,0
1084,0143,0,2026-06-14 06:27:40,0.1215522771007056,0
1085,0238,0,2026-06-14 06:27:40,0.6792815907633099,0
1086,0261,0,2026-06-14 06:27:40,0.6019884541372674,0
1087,0073,0,2026-06-14 06:27:50,0.7738935214881334,1
1088,0116,0,2026-06-14 06:27:50,0.6019884541372674,0
1089,0143,0,2026-06-14 06:27:50,0.1215522771007056,0
1090,0238,0,2026-06-14 06:27:50,0.6792815907633099,0
1091,0261,0,2026-06-14 06:27:50,0.6019884541372674,0
1092,0073,0,2026-06-14 06:28:00,0.7738935214881334,0
1093,0116,0,2026-06-14 06:28:00,0.6019884541372674,0
1094,0143,0,2026-06-14 06:28:00,0.1215522771007056,0
1095,0238,0,2026-06-14 06:28:00,0.6792815907633099,0
1096,0261,0,2026-06-14 06:28:00,0.6019884541372674,0
1097,0073,0,2026-06-14 06:28:10,0.7738935214881334,0
1098,0116,0,2026-06-14 06:28:10,0.6019884541372674,0
1099,0143,0,2026-06-14 06:28:10,0.1215522771007056,0
1100,0238,0,2026-06-14 06:28:10,0.6792815907633099,0
1101,0261,0,2026-06-14 06:28:10,0.6019884541372674,0
1102,0073,0,2026-06-14 06:28:20,0.7738935214881334,0
1103,0116,0,2026-06-14 06:28:20,0.6019884541372674,0
1104,0143,0,2026-06-14 06:28:20,0.1215522771007056,0
1105,0238,0,2026-06-14 06:28:20,0.6792815907633099,0
1106,0261,0,2026-06-14 06:28:20,0.6019884541372674,0
1107,0073,0,2026-06-14 06:28:30,0.7738935214881334,0
1108,0116,0,2026-06-14 06:28:30,0.6019884541372674,0
1109,0143,0,2026-06-14 06:28:30,0.1215522771007056,0
1110,0238,0,2026-06-14 06:28:30,0.6792815907633099,0
1111,0261,0,2026-06-14 06:28:30,0.6019884541372674,0
1112,0073,0,2026-06-14 06:28:40,0.7738935214881334,0
1113,0116,0,2026-06-14 06:28:40,0.6019884541372674,0
1114,0143,0,2026-06-14 06:28:40,0.1215522771007056,0
1115,0238,0,2026-06-14 06:28:40,0.6792815907633099,0
1116,0261,0,2026-06-14 06:28:40,0.6019884541372674,0
1117,0073,0,2026-06-14 06:28:50,0.7738935214881334,0
1118,0116,0,2026-06-14 06:28:50,0.6019884541372674,0
1119,0143,0,2026-06-14 06:28:50,0.1215522771007056,0
1120,0261,0,2026-06-14 06:28:50,0.6019884541372674,0
1121,0116,0,2026-06-14 06:29:00,0.6019884541372674,0
1122,0143,0,2026-06-14 06:29:00,0.1215522771007056,1
1123,0261,0,2026-06-14 06:29:00,0.6019884541372674,0
1124,0261,0,2026-06-14 06:29:10,0.6019884541372674,0
1125,0261,0,2026-06-14 06:29:20,0.6019884541372674,0
1126,0334,0,2026-06-14 06:38:40,0.5381654906991661,0
1127,0334,0,2026-06-14 06:38:50,0.5381654906991661,0
1128,0334,0,2026-06-14 06:39:00,0.5381654906991661,0
1129,0334,0,2026-06-14 06:39:10,0.5381654906991661,0
1130,0334,0,2026-06-14 06:39:20,0.5381654906991661,0
1131,0334,0,2026-06-14 06:39:30,0.5381654906991661,0
1132,0334,0,2026-06-14 06:39:40,0.5381654906991661,0
1133,0334,0,2026-06-14 06:39:50,0.5381654906991661,0
1134,0334,0,2026-06-14 06:40:00,0.5381654906991661,0
1135,0334,0,2026-06-14 06:40:10,0.5381654906991661,0
1136,0334,0,2026-06-14 06:40:20,0.5381654906991661,0
1137,0216,0,2026-06-14 07:57:20,0.7738935214881334,1
1138,0044,0,2026-06-14 07:57:30,0.6019884541372674,0
1139,0216,0,2026-06-14 07:57:30,0.7738935214881334,0
1140,0044,0,2026-06-14 07:57:40,0.6019884541372674,0
1141,0216,0,2026-06-14 07:57:40,0.7738935214881334,0
1142,0359,0,2026-06-14 07:57:40,0.0525978191148172,0
1143,0044,0,2026-06-14 07:57:50,0.6019884541372674,0
1144,0216,0,2026-06-14 07:57:50,0.7738935214881334,0
1145,0359,0,2026-06-14 07:57:50,0.0525978191148172,1
1146,0044,0,2026-06-14 07:58:00,0.6019884541372674,0
1147,0216,0,2026-06-14 07:58:00,0.7738935214881334,0
1148,0359,0,2026-06-14 07:58:00,0.0525978191148172,0
1149,0044,0,2026-06-14 07:58:10,0.6019884541372674,0
1150,0216,0,2026-06-14 07:58:10,0.7738935214881334,0
1151,0359,0,2026-06-14 07:58:10,0.0525978191148172,0
1152,0044,0,2026-06-14 07:58:20,0.6019884541372674,1
1153,0216,0,2026-06-14 07:58:20,0.7738935214881334,0
1154,0359,0,2026-06-14 07:58:20,0.0525978191148172,0
1155,0470,0,2026-06-14 07:58:20,0.7738935214881334,0
1156,0216,0,2026-06-14 07:58:30,0.7738935214881334,0
1157,0359,0,2026-06-14 07:58:30,0.0525978191148172,0
1158,0470,0,2026-06-14 07:58:30,0.7738935214881334,0
1159,0216,0,2026-06-14 07:58:40,0.7738935214881334,0
1160,0359,0,2026-06-14 07:58:40,0.0525978191148172,0
1161,0470,0,2026-06-14 07:58:40,0.7738935214881334,0
1162,0216,0,2026-06-14 07:58:50,0.7738935214881334,0
1163,0359,0,2026-06-14 07:58:50,0.0525978191148172,0
1164,0470,0,2026-06-14 07:58:50,0.7738935214881334,0
1165,0216,0,2026-06-14 07:59:00,0.7738935214881334,0
1166,0359,0,2026-06-14 07:59:00,0.0525978191148172,1
1167,0470,0,2026-06-14 07:59:00,0.7738935214881334,0
1168,0359,0,2026-06-14 07:59:10,0.0525978191148172,0
1169,0470,0,2026-06-14 07:59:10,0.7738935214881334,0
1170,0359,0,2026-06-14 07:59:20,0.0525978191148172,0
1171,0470,0,2026-06-14 07:59:20,0.7738935214881334,0
1172,0470,0,2026-06-14 07:59:30,0.7738935214881334,0
1173,0056,0,2026-06-14 07:59:50,1.0000000000000000,0
1174,0056,0,2026-06-14 08:00:00,1.0000000000000000,0
1175,0056,0,2026-06-14 08:00:10,1.0000000000000000,0
1176,0056,0,2026-06-14 08:00:20,1.0000000000000000,1
1177,0056,0,2026-06-14 08:00:30,1.0000000000000000,0
1178,0056,0,2026-06-14 08:00:40,1.0000000000000000,0
1179,0151,0,2026-06-14 08:00:40,1.0000000000000000,1
1180,0056,0,2026-06-14 08:00:50,1.0000000000000000,0
1181,0151,0,2026-06-14 08:00:50,1.0000000000000000,1
1182,0056,0,2026-06-14 08:01:00,1.0000000000000000,0
1183,0151,0,2026-06-14 08:01:00,1.0000000000000000,0
1184,0056,0,2026-06-14 08:01:10,1.0000000000000000,0
1185,0151,0,2026-06-14 08:01:10,1.0000000000000000,0
1186,0056,0,2026-06-14 08:01:20,1.0000000000000000,0
1187,0151,0,2026-06-14 08:01:20,1.0000000000000000,0
1188,0056,0,2026-06-14 08:01:30,1.0000000000000000,0
1189,0151,0,2026-06-14 08:01:30,1.0000000000000000,0
1190,0056,0,2026-06-14 08:01:40,1.0000000000000000,0
1191,0136,0,2026-06-14 08:01:40,0.6792815907633099,1
1192,0151,0,2026-06-14 08:01:40,1.0000000000000000,0
1193,0110,0,2026-06-14 08:01:50,0.1215522771007056,0
1194,0136,0,2026-06-14 08:01:50,0.6792815907633099,1
1195,0151,0,2026-06-14 08:01:50,1.0000000000000000,0
1196,0110,0,2026-06-14 08:02:00,0.1215522771007056,0
1197,0136,0,2026-06-14 08:02:00,0.6792815907633099,0
1198,0151,0,2026-06-14 08:02:00,1.0000000000000000,0
1199,0224,0,2026-06-14 08:02:00,0.4640795381654907,0
1200,0110,0,2026-06-14 08:02:10,0.1215522771007056,0
1201,0136,0,2026-06-14 08:02:10,0.6792815907633099,0
1202,0151,0,2026-06-14 08:02:10,1.0000000000000000,0
1203,0224,0,2026-06-14 08:02:10,0.4640795381654907,0
1204,0110,0,2026-06-14 08:02:20,0.1215522771007056,1
1205,0136,0,2026-06-14 08:02:20,0.6792815907633099,0
1206,0224,0,2026-06-14 08:02:20,0.4640795381654907,0
1207,0110,0,2026-06-14 08:02:30,0.1215522771007056,0
1208,0136,0,2026-06-14 08:02:30,0.6792815907633099,0
1209,0224,0,2026-06-14 08:02:30,0.4640795381654907,0
1210,0110,0,2026-06-14 08:02:40,0.1215522771007056,0
1211,0136,0,2026-06-14 08:02:40,0.6792815907633099,0
1212,0147,0,2026-06-14 08:02:40,1.0000000000000000,0
1213,0224,0,2026-06-14 08:02:40,0.4640795381654907,0
1214,0110,0,2026-06-14 08:02:50,0.1215522771007056,0
1215,0136,0,2026-06-14 08:02:50,0.6792815907633099,0
1216,0147,0,2026-06-14 08:02:50,1.0000000000000000,1
1217,0224,0,2026-06-14 08:02:50,0.4640795381654907,0
1218,0110,0,2026-06-14 08:03:00,0.1215522771007056,0
1219,0136,0,2026-06-14 08:03:00,0.6792815907633099,0
1220,0147,0,2026-06-14 08:03:00,1.0000000000000000,1
1221,0224,0,2026-06-14 08:03:00,0.4640795381654907,0
1222,0104,0,2026-06-14 08:03:10,0.3373957665169981,1
1223,0110,0,2026-06-14 08:03:10,0.1215522771007056,0
1224,0136,0,2026-06-14 08:03:10,0.6792815907633099,0
1225,0147,0,2026-06-14 08:03:10,1.0000000000000000,0
1226,0224,0,2026-06-14 08:03:10,0.4640795381654907,0
1227,0088,0,2026-06-14 08:03:20,0.2995509942270687,1
1228,0104,0,2026-06-14 08:03:20,0.3373957665169981,0
1229,0110,0,2026-06-14 08:03:20,0.1215522771007056,0
1230,0136,0,2026-06-14 08:03:20,0.6792815907633099,0
1231,0147,0,2026-06-14 08:03:20,1.0000000000000000,0
1232,0224,0,2026-06-14 08:03:20,0.4640795381654907,0
1233,0262,0,2026-06-14 08:03:20,1.0000000000000000,0
1234,0088,0,2026-06-14 08:03:30,0.2995509942270687,0
1235,0104,0,2026-06-14 08:03:30,0.3373957665169981,0
1236,0110,0,2026-06-14 08:03:30,0.1215522771007056,0
1237,0147,0,2026-06-14 08:03:30,1.0000000000000000,0
1238,0224,0,2026-06-14 08:03:30,0.4640795381654907,0
1239,0262,0,2026-06-14 08:03:30,1.0000000000000000,0
1240,0088,0,2026-06-14 08:03:40,0.2995509942270687,0
1241,0104,0,2026-06-14 08:03:40,0.3373957665169981,0
1242,0110,0,2026-06-14 08:03:40,0.1215522771007056,0
1243,0147,0,2026-06-14 08:03:40,1.0000000000000000,0
1244,0224,0,2026-06-14 08:03:40,0.4640795381654907,0
1245,0262,0,2026-06-14 08:03:40,1.0000000000000000,1
1246,0088,0,2026-06-14 08:03:50,0.2995509942270687,0
1247,0104,0,2026-06-14 08:03:50,0.3373957665169981,0
1248,0147,0,2026-06-14 08:03:50,1.0000000000000000,0
1249,0262,0,2026-06-14 08:03:50,1.0000000000000000,0
1250,0088,0,2026-06-14 08:04:00,0.2995509942270687,0
1251,0097,0,2026-06-14 08:04:00,0.4640795381654907,0
1252,0104,0,2026-06-14 08:04:00,0.3373957665169981,0
1253,0147,0,2026-06-14 08:04:00,1.0000000000000000,0
1254,0262,0,2026-06-14 08:04:00,1.0000000000000000,0
1255,0310,0,2026-06-14 08:04:00,0.5381654906991661,1
1256,0088,0,2026-06-14 08:04:10,0.2995509942270687,0
1257,0097,0,2026-06-14 08:04:10,0.4640795381654907,0
1258,0104,0,2026-06-14 08:04:10,0.3373957665169981,0
1259,0147,0,2026-06-14 08:04:10,1.0000000000000000,0
1260,0262,0,2026-06-14 08:04:10,1.0000000000000000,0
1261,0310,0,2026-06-14 08:04:10,0.5381654906991661,0
1262,0088,0,2026-06-14 08:04:20,0.2995509942270687,0
1263,0097,0,2026-06-14 08:04:20,0.4640795381654907,0
1264,0104,0,2026-06-14 08:04:20,0.3373957665169981,0
1265,0105,0,2026-06-14 08:04:20,0.1927517639512508,0
1266,0222,0,2026-06-14 08:04:20,0.1215522771007056,1
1267,0262,0,2026-06-14 08:04:20,1.0000000000000000,0
1268,0310,0,2026-06-14 08:04:20,0.5381654906991661,0
1269,0460,0,2026-06-14 08:04:20,0.0525978191148172,0
1270,0097,0,2026-06-14 08:04:30,0.4640795381654907,0
1271,0104,0,2026-06-14 08:04:30,0.3373957665169981,0
1272,0105,0,2026-06-14 08:04:30,0.1927517639512508,0
1273,0222,0,2026-06-14 08:04:30,0.1215522771007056,1
1274,0262,0,2026-06-14 08:04:30,1.0000000000000000,0
1275,0310,0,2026-06-14 08:04:30,0.5381654906991661,0
1276,0460,0,2026-06-14 08:04:30,0.0525978191148172,0
1277,0097,0,2026-06-14 08:04:40,0.4640795381654907,0
1278,0104,0,2026-06-14 08:04:40,0.3373957665169981,0
1279,0105,0,2026-06-14 08:04:40,0.1927517639512508,0
1280,0222,0,2026-06-14 08:04:40,0.1215522771007056,0
1281,0262,0,2026-06-14 08:04:40,1.0000000000000000,0
1282,0310,0,2026-06-14 08:04:40,0.5381654906991661,0
1283,0460,0,2026-06-14 08:04:40,0.0525978191148172,0
1284,0072,0,2026-06-14 08:04:50,0.5381654906991661,0
1285,0097,0,2026-06-14 08:04:50,0.4640795381654907,0
1286,0105,0,2026-06-14 08:04:50,0.1927517639512508,0
1287,0222,0,2026-06-14 08:04:50,0.1215522771007056,0
1288,0262,0,2026-06-14 08:04:50,1.0000000000000000,0
1289,0310,0,2026-06-14 08:04:50,0.5381654906991661,0
1290,0460,0,2026-06-14 08:04:50,0.0525978191148172,0
1291,0072,0,2026-06-14 08:05:00,0.5381654906991661,1
1292,0097,0,2026-06-14 08:05:00,0.4640795381654907,0
1293,0105,0,2026-06-14 08:05:00,0.1927517639512508,0
1294,0222,0,2026-06-14 08:05:00,0.1215522771007056,0
1295,0262,0,2026-06-14 08:05:00,1.0000000000000000,0
1296,0310,0,2026-06-14 08:05:00,0.5381654906991661,0
1297,0460,0,2026-06-14 08:05:00,0.0525978191148172,0
1298,0072,0,2026-06-14 08:05:10,0.5381654906991661,0
1299,0097,0,2026-06-14 08:05:10,0.4640795381654907,0
1300,0105,0,2026-06-14 08:05:10,0.1927517639512508,0
1301,0222,0,2026-06-14 08:05:10,0.1215522771007056,0
1302,0310,0,2026-06-14 08:05:10,0.5381654906991661,0
1303,0323,0,2026-06-14 08:05:10,0.4640795381654907,1
1304,0460,0,2026-06-14 08:05:10,0.0525978191148172,0
1305,0072,0,2026-06-14 08:05:20,0.5381654906991661,0
1306,0076,0,2026-06-14 08:05:20,0.1215522771007056,0
1307,0097,0,2026-06-14 08:05:20,0.4640795381654907,0
1308,0105,0,2026-06-14 08:05:20,0.1927517639512508,0
1309,0222,0,2026-06-14 08:05:20,0.1215522771007056,0
1310,0310,0,2026-06-14 08:05:20,0.5381654906991661,0
1311,0323,0,2026-06-14 08:05:20,0.4640795381654907,1
1312,0460,0,2026-06-14 08:05:20,0.0525978191148172,0
1313,0072,0,2026-06-14 08:05:30,0.5381654906991661,0
1314,0076,0,2026-06-14 08:05:30,0.1215522771007056,1
1315,0097,0,2026-06-14 08:05:30,0.4640795381654907,0
1316,0105,0,2026-06-14 08:05:30,0.1927517639512508,0
1317,0222,0,2026-06-14 08:05:30,0.1215522771007056,0
1318,0310,0,2026-06-14 08:05:30,0.5381654906991661,0
1319,0323,0,2026-06-14 08:05:30,0.4640795381654907,0
1320,0460,0,2026-06-14 08:05:30,0.0525978191148172,0
1321,0072,0,2026-06-14 08:05:40,0.5381654906991661,0
1322,0076,0,2026-06-14 08:05:40,0.1215522771007056,0
1323,0097,0,2026-06-14 08:05:40,0.4640795381654907,0
1324,0105,0,2026-06-14 08:05:40,0.1927517639512508,0
1325,0159,0,2026-06-14 08:05:40,0.2995509942270687,0
1326,0222,0,2026-06-14 08:05:40,0.1215522771007056,0
1327,0323,0,2026-06-14 08:05:40,0.4640795381654907,0
1328,0460,0,2026-06-14 08:05:40,0.0525978191148172,0
1329,0072,0,2026-06-14 08:05:50,0.5381654906991661,0
1330,0076,0,2026-06-14 08:05:50,0.1215522771007056,0
1331,0105,0,2026-06-14 08:05:50,0.1927517639512508,0
1332,0159,0,2026-06-14 08:05:50,0.2995509942270687,0
1333,0222,0,2026-06-14 08:05:50,0.1215522771007056,0
1334,0270,0,2026-06-14 08:05:50,0.6019884541372674,0
1335,0323,0,2026-06-14 08:05:50,0.4640795381654907,0
1336,0460,0,2026-06-14 08:05:50,0.0525978191148172,0
1337,0072,0,2026-06-14 08:06:00,0.5381654906991661,0
1338,0076,0,2026-06-14 08:06:00,0.1215522771007056,0
1339,0105,0,2026-06-14 08:06:00,0.1927517639512508,0
1340,0159,0,2026-06-14 08:06:00,0.2995509942270687,0
1341,0270,0,2026-06-14 08:06:00,0.6019884541372674,0
1342,0323,0,2026-06-14 08:06:00,0.4640795381654907,0
1343,0072,0,2026-06-14 08:06:10,0.5381654906991661,0
1344,0076,0,2026-06-14 08:06:10,0.1215522771007056,0
1345,0105,0,2026-06-14 08:06:10,0.1927517639512508,0
1346,0159,0,2026-06-14 08:06:10,0.2995509942270687,0
1347,0270,0,2026-06-14 08:06:10,0.6019884541372674,0
1348,0323,0,2026-06-14 08:06:10,0.4640795381654907,0
1349,0072,0,2026-06-14 08:06:20,0.5381654906991661,0
1350,0076,0,2026-06-14 08:06:20,0.1215522771007056,0
1351,0159,0,2026-06-14 08:06:20,0.2995509942270687,0
1352,0270,0,2026-06-14 08:06:20,0.6019884541372674,0
1353,0323,0,2026-06-14 08:06:20,0.4640795381654907,0
1354,0076,0,2026-06-14 08:06:30,0.1215522771007056,0
1355,0159,0,2026-06-14 08:06:30,0.2995509942270687,1
1356,0270,0,2026-06-14 08:06:30,0.6019884541372674,0
1357,0323,0,2026-06-14 08:06:30,0.4640795381654907,0
1358,0076,0,2026-06-14 08:06:40,0.1215522771007056,0
1359,0159,0,2026-06-14 08:06:40,0.2995509942270687,1
1360,0270,0,2026-06-14 08:06:40,0.6019884541372674,0
1361,0076,0,2026-06-14 08:06:50,0.1215522771007056,0
1362,0159,0,2026-06-14 08:06:50,0.2995509942270687,0
1363,0270,0,2026-06-14 08:06:50,0.6019884541372674,0
1364,0076,0,2026-06-14 08:07:00,0.1215522771007056,0
1365,0159,0,2026-06-14 08:07:00,0.2995509942270687,0
1366,0270,0,2026-06-14 08:07:00,0.6019884541372674,1
1367,0159,0,2026-06-14 08:07:10,0.2995509942270687,0
1368,0270,0,2026-06-14 08:07:10,0.6019884541372674,0
1369,0159,0,2026-06-14 08:07:20,0.2995509942270687,0
1370,0270,0,2026-06-14 08:07:20,0.6019884541372674,0
1371,0159,0,2026-06-14 08:07:30,0.2995509942270687,0
1372,0270,0,2026-06-14 08:07:30,0.6019884541372674,1
1373,0100,0,2026-06-14 08:10:50,0.2995509942270687,0
1374,0100,0,2026-06-14 08:11:00,0.2995509942270687,0
1375,0100,0,2026-06-14 08:11:10,0.2995509942270687,0
1376,0100,0,2026-06-14 08:11:20,0.2995509942270687,0
1377,0100,0,2026-06-14 08:11:30,0.2995509942270687,0
1378,0100,0,2026-06-14 08:11:40,0.2995509942270687,0
1379,0100,0,2026-06-14 08:11:50,0.2995509942270687,0
1380,0100,0,2026-06-14 08:12:00,0.2995509942270687,0
1381,0100,0,2026-06-14 08:12:10,0.2995509942270687,1
1382,0100,0,2026-06-14 08:12:20,0.2995509942270687,0
1383,0100,0,2026-06-14 08:12:30,0.2995509942270687,0
1384,0100,0,2026-06-14 08:12:40,0.2995509942270687,0
1385,006,0,2026-06-14 08:15:50,0.9204618345093009,0
1386,006,0,2026-06-14 08:16:00,0.9204618345093009,0
1387,0030,0,2026-06-14 08:22:20,0.1927517639512508,0
1388,0030,0,2026-06-14 08:22:30,0.1927517639512508,0
1389,0030,0,2026-06-14 08:22:40,0.1927517639512508,1
1390,0030,0,2026-06-14 08:22:50,0.1927517639512508,0
1391,0030,0,2026-06-14 08:23:00,0.1927517639512508,0
1392,0030,0,2026-06-14 08:23:10,0.1927517639512508,0
1393,0030,0,2026-06-14 08:23:20,0.1927517639512508,0
1394,0030,0,2026-06-14 08:23:30,0.1927517639512508,0
1395,0030,0,2026-06-14 08:23:40,0.1927517639512508,0
1396,0030,0,2026-06-14 08:23:50,0.1927517639512508,0
1397,0030,0,2026-06-14 08:24:00,0.1927517639512508,0
1398,0030,0,2026-06-14 08:24:10,0.1927517639512508,0
1399,0330,0,2026-06-14 09:35:20,0.0525978191148172,0
1400,0330,0,2026-06-14 09:35:30,0.0525978191148172,0
1401,0330,0,2026-06-14 09:35:40,0.0525978191148172,0
1402,0330,0,2026-06-14 09:35:50,0.0525978191148172,0
1403,0330,0,2026-06-14 09:36:00,0.0525978191148172,0
1404,0207,0,2026-06-14 09:36:10,0.5381654906991661,0
1405,0330,0,2026-06-14 09:36:10,0.0525978191148172,1
1406,0207,0,2026-06-14 09:36:20,0.5381654906991661,1
1407,0330,0,2026-06-14 09:36:20,0.0525978191148172,0
1408,0207,0,2026-06-14 09:36:30,0.5381654906991661,1
1409,0330,0,2026-06-14 09:36:30,0.0525978191148172,0
1410,0016,0,2026-06-14 09:36:40,0.4640795381654907,0
1411,0016,0,2026-06-14 09:36:40,0.4640795381654907,0
1412,0207,0,2026-06-14 09:36:40,0.5381654906991661,0
1413,0016,0,2026-06-14 09:36:50,0.4640795381654907,0
1414,0016,0,2026-06-14 09:36:50,0.4640795381654907,0
1415,0178,0,2026-06-14 09:36:50,0.1927517639512508,0
1416,0016,0,2026-06-14 09:37:00,0.4640795381654907,0
1417,0016,0,2026-06-14 09:37:00,0.4640795381654907,0
1418,0016,0,2026-06-14 09:37:00,0.4640795381654907,0
1419,0178,0,2026-06-14 09:37:00,0.1927517639512508,0
1420,0016,0,2026-06-14 09:37:10,0.4640795381654907,0
1421,0016,0,2026-06-14 09:37:10,0.4640795381654907,0
1422,0016,0,2026-06-14 09:37:10,0.4640795381654907,0
1423,0016,0,2026-06-14 09:37:10,0.4640795381654907,0
1424,0016,0,2026-06-14 09:37:10,0.4640795381654907,0
1425,0178,0,2026-06-14 09:37:10,0.1927517639512508,0
1426,0016,0,2026-06-14 09:37:20,0.4640795381654907,0
1427,0016,0,2026-06-14 09:37:20,0.4640795381654907,0
1428,0016,0,2026-06-14 09:37:20,0.4640795381654907,0
1429,0016,0,2026-06-14 09:37:20,0.4640795381654907,0
1430,0016,0,2026-06-14 09:37:20,0.4640795381654907,0
1431,0016,0,2026-06-14 09:37:20,0.4640795381654907,0
1432,0178,0,2026-06-14 09:37:20,0.1927517639512508,0
1433,0016,0,2026-06-14 09:37:30,0.4640795381654907,0
1434,0016,0,2026-06-14 09:37:30,0.4640795381654907,0
1435,0016,0,2026-06-14 09:37:30,0.4640795381654907,0
1436,0016,0,2026-06-14 09:37:30,0.4640795381654907,0
1437,0016,0,2026-06-14 09:37:30,0.4640795381654907,0
1438,0178,0,2026-06-14 09:37:30,0.1927517639512508,0
1439,0016,0,2026-06-14 09:37:40,0.4640795381654907,0
1440,0016,0,2026-06-14 09:37:40,0.4640795381654907,0
1441,0016,0,2026-06-14 09:37:40,0.4640795381654907,0
1442,0016,0,2026-06-14 09:37:40,0.4640795381654907,0
1443,0016,0,2026-06-14 09:37:40,0.4640795381654907,0
1444,0178,0,2026-06-14 09:37:40,0.1927517639512508,0
1445,0016,0,2026-06-14 09:37:50,0.4640795381654907,0
1446,0016,0,2026-06-14 09:37:50,0.4640795381654907,0
1447,0016,0,2026-06-14 09:37:50,0.4640795381654907,0
1448,0016,0,2026-06-14 09:37:50,0.4640795381654907,0
1449,0016,0,2026-06-14 09:37:50,0.4640795381654907,0
1450,0178,0,2026-06-14 09:37:50,0.1927517639512508,0
1451,0199,0,2026-06-14 09:37:50,0.1215522771007056,1
1452,0247,0,2026-06-14 09:37:50,0.7738935214881334,0
1453,0247,0,2026-06-14 09:37:50,0.7738935214881334,0
1454,0285,0,2026-06-14 09:37:50,1.0000000000000000,0
1455,0016,0,2026-06-14 09:38:00,0.4640795381654907,0
1456,0016,0,2026-06-14 09:38:00,0.4640795381654907,0
1457,0016,0,2026-06-14 09:38:00,0.4640795381654907,0
1458,0178,0,2026-06-14 09:38:00,0.1927517639512508,0
1459,0199,0,2026-06-14 09:38:00,0.1215522771007056,0
1460,0247,0,2026-06-14 09:38:00,0.7738935214881334,0
1461,0247,0,2026-06-14 09:38:00,0.7738935214881334,0
1462,0247,0,2026-06-14 09:38:00,0.7738935214881334,0
1463,0285,0,2026-06-14 09:38:00,1.0000000000000000,0
1464,0016,0,2026-06-14 09:38:10,0.4640795381654907,0
1465,0016,0,2026-06-14 09:38:10,0.4640795381654907,0
1466,0199,0,2026-06-14 09:38:10,0.1215522771007056,0
1467,0247,0,2026-06-14 09:38:10,0.7738935214881334,0
1468,0247,0,2026-06-14 09:38:10,0.7738935214881334,0
1469,0247,0,2026-06-14 09:38:10,0.7738935214881334,0
1470,0247,0,2026-06-14 09:38:10,0.7738935214881334,0
1471,0276,0,2026-06-14 09:38:10,0.0525978191148172,0
1472,0285,0,2026-06-14 09:38:10,1.0000000000000000,1
1473,0199,0,2026-06-14 09:38:20,0.1215522771007056,0
1474,0247,0,2026-06-14 09:38:20,0.7738935214881334,0
1475,0247,0,2026-06-14 09:38:20,0.7738935214881334,0
1476,0247,0,2026-06-14 09:38:20,0.7738935214881334,0
1477,0247,0,2026-06-14 09:38:20,0.7738935214881334,0
1478,0276,0,2026-06-14 09:38:20,0.0525978191148172,0
1479,0285,0,2026-06-14 09:38:20,1.0000000000000000,0
1480,0199,0,2026-06-14 09:38:30,0.1215522771007056,0
1481,0247,0,2026-06-14 09:38:30,0.7738935214881334,0
1482,0247,0,2026-06-14 09:38:30,0.7738935214881334,0
1483,0247,0,2026-06-14 09:38:30,0.7738935214881334,0
1484,0247,0,2026-06-14 09:38:30,0.7738935214881334,0
1485,0247,0,2026-06-14 09:38:30,0.7738935214881334,0
1486,0285,0,2026-06-14 09:38:30,1.0000000000000000,0
1487,0327,0,2026-06-14 09:38:30,0.9204618345093009,1
1488,0042,0,2026-06-14 09:38:40,0.3373957665169981,0
1489,0134,0,2026-06-14 09:38:40,0.9204618345093009,0
1490,0199,0,2026-06-14 09:38:40,0.1215522771007056,0
1491,0247,0,2026-06-14 09:38:40,0.7738935214881334,0
1492,0247,0,2026-06-14 09:38:40,0.7738935214881334,0
1493,0247,0,2026-06-14 09:38:40,0.7738935214881334,0
1494,0247,0,2026-06-14 09:38:40,0.7738935214881334,0
1495,0269,0,2026-06-14 09:38:40,0.7738935214881334,1
1496,0285,0,2026-06-14 09:38:40,1.0000000000000000,0
1497,0327,0,2026-06-14 09:38:40,0.9204618345093009,0
1498,0403,0,2026-06-14 09:38:40,0.5381654906991661,0
1499,0412,0,2026-06-14 09:38:40,0.7738935214881334,0
1500,0042,0,2026-06-14 09:38:50,0.3373957665169981,1
1501,0134,0,2026-06-14 09:38:50,0.9204618345093009,0
1502,0155,0,2026-06-14 09:38:50,0.2995509942270687,0
1503,0199,0,2026-06-14 09:38:50,0.1215522771007056,0
1504,0269,0,2026-06-14 09:38:50,0.7738935214881334,0
1505,0285,0,2026-06-14 09:38:50,1.0000000000000000,0
1506,0327,0,2026-06-14 09:38:50,0.9204618345093009,0
1507,0403,0,2026-06-14 09:38:50,0.5381654906991661,0
1508,0412,0,2026-06-14 09:38:50,0.7738935214881334,0
1509,0042,0,2026-06-14 09:39:00,0.3373957665169981,0
1510,0134,0,2026-06-14 09:39:00,0.9204618345093009,0
1511,0155,0,2026-06-14 09:39:00,0.2995509942270687,0
1512,0199,0,2026-06-14 09:39:00,0.1215522771007056,0
1513,0269,0,2026-06-14 09:39:00,0.7738935214881334,0
1514,0285,0,2026-06-14 09:39:00,1.0000000000000000,0
1515,0327,0,2026-06-14 09:39:00,0.9204618345093009,0
1516,0403,0,2026-06-14 09:39:00,0.5381654906991661,0
1517,0412,0,2026-06-14 09:39:00,0.7738935214881334,1
1518,0042,0,2026-06-14 09:39:10,0.3373957665169981,0
1519,0134,0,2026-06-14 09:39:10,0.9204618345093009,0
1520,0155,0,2026-06-14 09:39:10,0.2995509942270687,0
1521,0199,0,2026-06-14 09:39:10,0.1215522771007056,0
1522,0269,0,2026-06-14 09:39:10,0.7738935214881334,0
1523,0285,0,2026-06-14 09:39:10,1.0000000000000000,0
1524,0327,0,2026-06-14 09:39:10,0.9204618345093009,0
1525,0403,0,2026-06-14 09:39:10,0.5381654906991661,0
1526,0412,0,2026-06-14 09:39:10,0.7738935214881334,1
1527,0042,0,2026-06-14 09:39:20,0.3373957665169981,0
1528,0134,0,2026-06-14 09:39:20,0.9204618345093009,0
1529,0155,0,2026-06-14 09:39:20,0.2995509942270687,1
1530,0199,0,2026-06-14 09:39:20,0.1215522771007056,0
1531,0269,0,2026-06-14 09:39:20,0.7738935214881334,0
1532,0285,0,2026-06-14 09:39:20,1.0000000000000000,0
1533,0327,0,2026-06-14 09:39:20,0.9204618345093009,0
1534,0403,0,2026-06-14 09:39:20,0.5381654906991661,0
1535,0412,0,2026-06-14 09:39:20,0.7738935214881334,0
1536,0042,0,2026-06-14 09:39:30,0.3373957665169981,0
1537,0108,0,2026-06-14 09:39:30,0.1927517639512508,0
1538,0134,0,2026-06-14 09:39:30,0.9204618345093009,1
1539,0155,0,2026-06-14 09:39:30,0.2995509942270687,0
1540,0199,0,2026-06-14 09:39:30,0.1215522771007056,0
1541,0269,0,2026-06-14 09:39:30,0.7738935214881334,0
1542,0285,0,2026-06-14 09:39:30,1.0000000000000000,0
1543,0327,0,2026-06-14 09:39:30,0.9204618345093009,0
1544,0403,0,2026-06-14 09:39:30,0.5381654906991661,0
1545,0412,0,2026-06-14 09:39:30,0.7738935214881334,0
1546,0042,0,2026-06-14 09:39:40,0.3373957665169981,0
1547,0108,0,2026-06-14 09:39:40,0.1927517639512508,0
1548,0134,0,2026-06-14 09:39:40,0.9204618345093009,0
1549,0155,0,2026-06-14 09:39:40,0.2995509942270687,0
1550,0269,0,2026-06-14 09:39:40,0.7738935214881334,0
1551,0285,0,2026-06-14 09:39:40,1.0000000000000000,0
1552,0327,0,2026-06-14 09:39:40,0.9204618345093009,0
1553,0403,0,2026-06-14 09:39:40,0.5381654906991661,0
1554,0412,0,2026-06-14 09:39:40,0.7738935214881334,0
1555,0108,0,2026-06-14 09:39:50,0.1927517639512508,0
1556,0269,0,2026-06-14 09:39:50,0.7738935214881334,0
1557,0327,0,2026-06-14 09:39:50,0.9204618345093009,0
1558,0403,0,2026-06-14 09:39:50,0.5381654906991661,1
1559,0412,0,2026-06-14 09:39:50,0.7738935214881334,0
1560,0167,1,2026-06-13 10:29:30,0.4640795381654907,0
1561,0167,1,2026-06-13 10:29:40,0.4640795381654907,1
1562,0167,1,2026-06-13 10:29:50,0.4640795381654907,0
1563,0194,1,2026-06-13 10:29:50,0.5381654906991661,0
1564,0391,1,2026-06-13 10:29:50,0.1927517639512508,0
1565,0167,1,2026-06-13 10:30:00,0.4640795381654907,0
1566,0194,1,2026-06-13 10:30:00,0.5381654906991661,0
1567,0391,1,2026-06-13 10:30:00,0.1927517639512508,0
1568,0167,1,2026-06-13 10:30:10,0.4640795381654907,0
1569,0194,1,2026-06-13 10:30:10,0.5381654906991661,0
1570,0391,1,2026-06-13 10:30:10,0.1927517639512508,0
1571,0167,1,2026-06-13 10:30:20,0.4640795381654907,0
1572,0194,1,2026-06-13 10:30:20,0.5381654906991661,0
1573,0391,1,2026-06-13 10:30:20,0.1927517639512508,0
1574,0167,1,2026-06-13 10:30:30,0.4640795381654907,0
1575,0194,1,2026-06-13 10:30:30,0.5381654906991661,0
1576,0391,1,2026-06-13 10:30:30,0.1927517639512508,0
1577,0167,1,2026-06-13 10:30:40,0.4640795381654907,0
1578,0194,1,2026-06-13 10:30:40,0.5381654906991661,0
1579,0391,1,2026-06-13 10:30:40,0.1927517639512508,0
1580,0167,1,2026-06-13 10:30:50,0.4640795381654907,0
1581,0194,1,2026-06-13 10:30:50,0.5381654906991661,0
1582,0391,1,2026-06-13 10:30:50,0.1927517639512508,0
1583,0167,1,2026-06-13 10:31:00,0.4640795381654907,0
1584,0194,1,2026-06-13 10:31:00,0.5381654906991661,0
1585,0391,1,2026-06-13 10:31:00,0.1927517639512508,0
1586,0167,1,2026-06-13 10:31:10,0.4640795381654907,0
1587,0194,1,2026-06-13 10:31:10,0.5381654906991661,0
1588,0391,1,2026-06-13 10:31:10,0.1927517639512508,0
1589,0194,1,2026-06-13 10:31:20,0.5381654906991661,0
1590,0391,1,2026-06-13 10:31:20,0.1927517639512508,0
1591,0194,1,2026-06-13 10:31:30,0.5381654906991661,0
1592,0391,1,2026-06-13 10:31:30,0.1927517639512508,1
1593,0194,1,2026-06-13 10:31:40,0.5381654906991661,0
1594,0391,1,2026-06-13 10:31:40,0.1927517639512508,1
1595,0114,1,2026-06-13 10:33:20,0.1215522771007056,0
1596,0114,1,2026-06-13 10:33:30,0.1215522771007056,0
1597,0114,1,2026-06-13 10:33:40,0.1215522771007056,0
1598,0114,1,2026-06-13 10:33:50,0.1215522771007056,1
1599,0114,1,2026-06-13 10:34:00,0.1215522771007056,1
1600,0114,1,2026-06-13 10:34:10,0.1215522771007056,0
1601,0114,1,2026-06-13 10:34:20,0.1215522771007056,0
1602,0311,1,2026-06-13 10:34:20,0.5381654906991661,0
1603,0311,1,2026-06-13 10:34:20,0.5381654906991661,0
1604,0311,1,2026-06-13 10:34:20,0.5381654906991661,0
1605,0357,1,2026-06-13 10:34:20,0.1927517639512508,0
1606,0357,1,2026-06-13 10:34:20,0.1927517639512508,0
1607,0357,1,2026-06-13 10:34:20,0.1927517639512508,0
1608,0114,1,2026-06-13 10:34:30,0.1215522771007056,0
1609,0311,1,2026-06-13 10:34:30,0.5381654906991661,0
1610,0311,1,2026-06-13 10:34:30,0.5381654906991661,0
1611,0311,1,2026-06-13 10:34:30,0.5381654906991661,0
1612,0357,1,2026-06-13 10:34:30,0.1927517639512508,0
1613,0357,1,2026-06-13 10:34:30,0.1927517639512508,0
1614,0114,1,2026-06-13 10:34:40,0.1215522771007056,0
1615,0311,1,2026-06-13 10:34:40,0.5381654906991661,0
1616,0357,1,2026-06-13 10:34:40,0.1927517639512508,0
1617,0493,1,2026-06-13 10:34:40,0.4640795381654907,0
1618,0114,1,2026-06-13 10:34:50,0.1215522771007056,0
1619,0311,1,2026-06-13 10:34:50,0.5381654906991661,0
1620,0311,1,2026-06-13 10:34:50,0.5381654906991661,0
1621,0357,1,2026-06-13 10:34:50,0.1927517639512508,0
1622,0357,1,2026-06-13 10:34:50,0.1927517639512508,0
1623,0493,1,2026-06-13 10:34:50,0.4640795381654907,0
1624,0311,1,2026-06-13 10:35:00,0.5381654906991661,0
1625,0311,1,2026-06-13 10:35:00,0.5381654906991661,0
1626,0357,1,2026-06-13 10:35:00,0.1927517639512508,0
1627,0357,1,2026-06-13 10:35:00,0.1927517639512508,0
1628,0493,1,2026-06-13 10:35:00,0.4640795381654907,0
1629,0311,1,2026-06-13 10:35:10,0.5381654906991661,0
1630,0311,1,2026-06-13 10:35:10,0.5381654906991661,0
1631,0357,1,2026-06-13 10:35:10,0.1927517639512508,0
1632,0357,1,2026-06-13 10:35:10,0.1927517639512508,0
1633,0493,1,2026-06-13 10:35:10,0.4640795381654907,0
1634,0311,1,2026-06-13 10:35:20,0.5381654906991661,0
1635,0311,1,2026-06-13 10:35:20,0.5381654906991661,0
1636,0357,1,2026-06-13 10:35:20,0.1927517639512508,0
1637,0357,1,2026-06-13 10:35:20,0.1927517639512508,0
1638,0493,1,2026-06-13 10:35:20,0.4640795381654907,0
1639,0311,1,2026-06-13 10:35:30,0.5381654906991661,0
1640,0311,1,2026-06-13 10:35:30,0.5381654906991661,0
1641,0357,1,2026-06-13 10:35:30,0.1927517639512508,0
1642,0493,1,2026-06-13 10:35:30,0.4640795381654907,0
1643,0311,1,2026-06-13 10:35:40,0.5381654906991661,0
1644,0311,1,2026-06-13 10:35:40,0.5381654906991661,0
1645,0357,1,2026-06-13 10:35:40,0.1927517639512508,0
1646,0493,1,2026-06-13 10:35:40,0.4640795381654907,0
1647,0311,1,2026-06-13 10:35:50,0.5381654906991661,0
1648,0357,1,2026-06-13 10:35:50,0.1927517639512508,0
1649,0493,1,2026-06-13 10:35:50,0.4640795381654907,0
1650,0311,1,2026-06-13 10:36:00,0.5381654906991661,0
1651,0493,1,2026-06-13 10:36:00,0.4640795381654907,0
1652,0496,1,2026-06-13 10:36:00,0.1215522771007056,0
1653,0066,1,2026-06-13 10:36:10,0.3373957665169981,0
1654,0311,1,2026-06-13 10:36:10,0.5381654906991661,0
1655,0496,1,2026-06-13 10:36:10,0.1215522771007056,0
1656,0066,1,2026-06-13 10:36:20,0.3373957665169981,0
1657,0496,1,2026-06-13 10:36:20,0.1215522771007056,0
1658,0066,1,2026-06-13 10:36:30,0.3373957665169981,0
1659,0496,1,2026-06-13 10:36:30,0.1215522771007056,0
1660,0066,1,2026-06-13 10:36:40,0.3373957665169981,0
1661,0496,1,2026-06-13 10:36:40,0.1215522771007056,0
1662,0066,1,2026-06-13 10:36:50,0.3373957665169981,0
1663,0496,1,2026-06-13 10:36:50,0.1215522771007056,0
1664,0066,1,2026-06-13 10:37:00,0.3373957665169981,0
1665,0496,1,2026-06-13 10:37:00,0.1215522771007056,0
1666,0066,1,2026-06-13 10:37:10,0.3373957665169981,0
1667,0496,1,2026-06-13 10:37:10,0.1215522771007056,0
1668,0066,1,2026-06-13 10:37:20,0.3373957665169981,0
1669,0496,1,2026-06-13 10:37:20,0.1215522771007056,0
1670,0066,1,2026-06-13 10:37:30,0.3373957665169981,0
1671,0496,1,2026-06-13 10:37:30,0.1215522771007056,0
1672,0066,1,2026-06-13 10:37:40,0.3373957665169981,0
1673,0496,1,2026-06-13 10:37:40,0.1215522771007056,0
1674,0066,1,2026-06-13 10:37:50,0.3373957665169981,0
1675,0066,1,2026-06-13 10:38:00,0.3373957665169981,1
1676,0212,1,2026-06-13 10:41:10,0.9204618345093009,1
1677,0212,1,2026-06-13 10:41:20,0.9204618345093009,0
1678,0212,1,2026-06-13 10:41:30,0.9204618345093009,0
1679,0212,1,2026-06-13 10:41:40,0.9204618345093009,0
1680,0212,1,2026-06-13 10:41:50,0.9204618345093009,0
1681,0212,1,2026-06-13 10:42:00,0.9204618345093009,0
1682,0404,1,2026-06-13 10:42:00,0.4640795381654907,0
1683,0212,1,2026-06-13 10:42:10,0.9204618345093009,0
1684,0404,1,2026-06-13 10:42:10,0.4640795381654907,0
1685,0404,1,2026-06-13 10:42:20,0.4640795381654907,1
1686,0404,1,2026-06-13 10:42:30,0.4640795381654907,0
1687,0404,1,2026-06-13 10:42:30,0.4640795381654907,0
1688,0404,1,2026-06-13 10:42:40,0.4640795381654907,0
1689,0404,1,2026-06-13 10:42:40,0.4640795381654907,0
1690,0404,1,2026-06-13 10:42:50,0.4640795381654907,1
1691,0404,1,2026-06-13 10:42:50,0.4640795381654907,0
1692,0404,1,2026-06-13 10:43:00,0.4640795381654907,0
1693,0404,1,2026-06-13 10:43:00,0.4640795381654907,0
1694,0404,1,2026-06-13 10:43:10,0.4640795381654907,0
1695,0404,1,2026-06-13 10:43:10,0.4640795381654907,0
1696,0404,1,2026-06-13 10:43:20,0.4640795381654907,0
1697,0404,1,2026-06-13 10:43:30,0.4640795381654907,0
1698,0404,1,2026-06-13 10:43:40,0.4640795381654907,0
1699,0381,1,2026-06-13 12:24:50,1.0000000000000000,0
1700,0381,1,2026-06-13 12:25:00,1.0000000000000000,0
1701,0381,1,2026-06-13 12:25:10,1.0000000000000000,0
1702,0381,1,2026-06-13 12:25:20,1.0000000000000000,0
1703,0381,1,2026-06-13 12:25:30,1.0000000000000000,0
1704,0381,1,2026-06-13 12:25:40,1.0000000000000000,0
1705,0381,1,2026-06-13 12:25:50,1.0000000000000000,0
1706,0381,1,2026-06-13 12:26:00,1.0000000000000000,0
1707,0381,1,2026-06-13 12:26:10,1.0000000000000000,0
1708,0381,1,2026-06-13 12:26:20,1.0000000000000000,0
1709,0381,1,2026-06-13 12:26:30,1.0000000000000000,0
1710,0132,1,2026-06-13 12:28:50,0.4640795381654907,0
1711,0106,1,2026-06-13 12:29:00,0.2995509942270687,0
1712,0132,1,2026-06-13 12:29:00,0.4640795381654907,0
1713,0106,1,2026-06-13 12:29:10,0.2995509942270687,0
1714,0132,1,2026-06-13 12:29:10,0.4640795381654907,0
1715,0106,1,2026-06-13 12:29:20,0.2995509942270687,0
1716,0132,1,2026-06-13 12:29:20,0.4640795381654907,0
1717,0106,1,2026-06-13 12:29:30,0.2995509942270687,0
1718,0132,1,2026-06-13 12:29:30,0.4640795381654907,0
1719,0106,1,2026-06-13 12:29:40,0.2995509942270687,0
1720,0132,1,2026-06-13 12:29:40,0.4640795381654907,0
1721,0287,1,2026-06-13 12:29:40,0.2995509942270687,0
1722,0106,1,2026-06-13 12:29:50,0.2995509942270687,0
1723,0132,1,2026-06-13 12:29:50,0.4640795381654907,0
1724,0287,1,2026-06-13 12:29:50,0.2995509942270687,0
1725,0106,1,2026-06-13 12:30:00,0.2995509942270687,0
1726,0132,1,2026-06-13 12:30:00,0.4640795381654907,0
1727,0258,1,2026-06-13 12:30:00,0.3373957665169981,0
1728,0287,1,2026-06-13 12:30:00,0.2995509942270687,0
1729,0106,1,2026-06-13 12:30:10,0.2995509942270687,0
1730,0132,1,2026-06-13 12:30:10,0.4640795381654907,0
1731,0258,1,2026-06-13 12:30:10,0.3373957665169981,0
1732,0287,1,2026-06-13 12:30:10,0.2995509942270687,0
1733,0106,1,2026-06-13 12:30:20,0.2995509942270687,0
1734,0132,1,2026-06-13 12:30:20,0.4640795381654907,0
1735,0258,1,2026-06-13 12:30:20,0.3373957665169981,0
1736,0287,1,2026-06-13 12:30:20,0.2995509942270687,0
1737,0106,1,2026-06-13 12:30:30,0.2995509942270687,0
1738,0132,1,2026-06-13 12:30:30,0.4640795381654907,0
1739,0258,1,2026-06-13 12:30:30,0.3373957665169981,0
1740,0287,1,2026-06-13 12:30:30,0.2995509942270687,0
1741,0106,1,2026-06-13 12:30:40,0.2995509942270687,0
1742,0258,1,2026-06-13 12:30:40,0.3373957665169981,0
1743,0287,1,2026-06-13 12:30:40,0.2995509942270687,1
1744,0106,1,2026-06-13 12:30:50,0.2995509942270687,0
1745,0258,1,2026-06-13 12:30:50,0.3373957665169981,0
1746,0287,1,2026-06-13 12:30:50,0.2995509942270687,0
1747,0258,1,2026-06-13 12:31:00,0.3373957665169981,0
1748,0287,1,2026-06-13 12:31:00,0.2995509942270687,0
1749,0258,1,2026-06-13 12:31:10,0.3373957665169981,1
1750,0287,1,2026-06-13 12:31:10,0.2995509942270687,0
1751,0258,1,2026-06-13 12:31:20,0.3373957665169981,1
1752,0491,1,2026-06-13 12:31:40,0.3373957665169981,0
1753,0491,1,2026-06-13 12:31:50,0.3373957665169981,0
1754,0491,1,2026-06-13 12:32:00,0.3373957665169981,0
1755,0491,1,2026-06-13 12:32:10,0.3373957665169981,0
1756,0491,1,2026-06-13 12:32:20,0.3373957665169981,0
1757,0491,1,2026-06-13 12:32:30,0.3373957665169981,0
1758,0491,1,2026-06-13 12:32:40,0.3373957665169981,1
1759,0210,1,2026-06-13 14:11:10,0.9204618345093009,0
1760,0210,1,2026-06-13 14:11:20,0.9204618345093009,1
1761,0210,1,2026-06-13 14:11:30,0.9204618345093009,0
1762,0399,1,2026-06-13 14:11:30,0.5381654906991661,0
1763,0210,1,2026-06-13 14:11:40,0.9204618345093009,0
1764,0399,1,2026-06-13 14:11:40,0.5381654906991661,0
1765,0210,1,2026-06-13 14:11:50,0.9204618345093009,0
1766,0399,1,2026-06-13 14:11:50,0.5381654906991661,0
1767,0210,1,2026-06-13 14:12:00,0.9204618345093009,0
1768,0399,1,2026-06-13 14:12:00,0.5381654906991661,0
1769,0210,1,2026-06-13 14:12:10,0.9204618345093009,0
1770,0399,1,2026-06-13 14:12:10,0.5381654906991661,1
1771,0210,1,2026-06-13 14:12:20,0.9204618345093009,0
1772,0210,1,2026-06-13 14:12:30,0.9204618345093009,0
1773,0210,1,2026-06-13 14:12:40,0.9204618345093009,0
1774,0210,1,2026-06-13 14:12:50,0.9204618345093009,0
1775,0079,1,2026-06-13 15:07:10,0.4640795381654907,0
1776,0079,1,2026-06-13 15:07:20,0.4640795381654907,0
1777,0079,1,2026-06-13 15:07:30,0.4640795381654907,0
1778,0079,1,2026-06-13 15:07:40,0.4640795381654907,0
1779,0079,1,2026-06-13 15:07:50,0.4640795381654907,0
1780,0079,1,2026-06-13 15:08:00,0.4640795381654907,0
1781,0079,1,2026-06-13 15:08:10,0.4640795381654907,0
1782,0079,1,2026-06-13 15:08:20,0.4640795381654907,0
1783,0079,1,2026-06-13 15:08:30,0.4640795381654907,0
1784,0079,1,2026-06-13 15:08:40,0.4640795381654907,0
1785,0079,1,2026-06-13 15:08:50,0.4640795381654907,0
1786,0079,1,2026-06-13 15:09:00,0.4640795381654907,0
1787,0149,1,2026-06-13 15:28:20,0.6488133418858243,0
1788,0149,1,2026-06-13 15:28:30,0.6488133418858243,0
1789,0149,1,2026-06-13 15:28:40,0.6488133418858243,0
1790,0149,1,2026-06-13 15:28:50,0.6488133418858243,0
1791,0149,1,2026-06-13 15:29:00,0.6488133418858243,0
1792,0149,1,2026-06-13 15:29:10,0.6488133418858243,1
1793,0055,1,2026-06-13 15:29:30,0.7738935214881334,0
1794,0055,1,2026-06-13 15:29:40,0.7738935214881334,0
1795,0055,1,2026-06-13 15:29:50,0.7738935214881334,0
1796,0055,1,2026-06-13 15:30:00,0.7738935214881334,0
1797,0055,1,2026-06-13 15:30:10,0.7738935214881334,0
1798,0055,1,2026-06-13 15:30:20,0.7738935214881334,0
1799,0055,1,2026-06-13 15:30:30,0.7738935214881334,1
1800,0055,1,2026-06-13 15:30:40,0.7738935214881334,0
1801,0366,1,2026-06-13 15:30:50,1.0000000000000000,0
1802,0366,1,2026-06-13 15:30:50,1.0000000000000000,0
1803,0366,1,2026-06-13 15:30:50,1.0000000000000000,1
1804,0432,1,2026-06-13 15:30:50,1.0000000000000000,0
1805,0432,1,2026-06-13 15:30:50,1.0000000000000000,0
1806,0171,1,2026-06-13 15:31:00,0.0525978191148172,0
1807,0366,1,2026-06-13 15:31:00,1.0000000000000000,0
1808,0366,1,2026-06-13 15:31:00,1.0000000000000000,0
1809,0366,1,2026-06-13 15:31:00,1.0000000000000000,0
1810,0432,1,2026-06-13 15:31:00,1.0000000000000000,0
1811,0432,1,2026-06-13 15:31:00,1.0000000000000000,0
1812,0171,1,2026-06-13 15:31:10,0.0525978191148172,0
1813,0366,1,2026-06-13 15:31:10,1.0000000000000000,0
1814,0366,1,2026-06-13 15:31:10,1.0000000000000000,0
1815,0366,1,2026-06-13 15:31:10,1.0000000000000000,0
1816,0432,1,2026-06-13 15:31:10,1.0000000000000000,0
1817,0432,1,2026-06-13 15:31:10,1.0000000000000000,0
1818,0432,1,2026-06-13 15:31:10,1.0000000000000000,0
1819,0171,1,2026-06-13 15:31:20,0.0525978191148172,0
1820,0432,1,2026-06-13 15:31:20,1.0000000000000000,0
1821,0432,1,2026-06-13 15:31:20,1.0000000000000000,0
1822,0432,1,2026-06-13 15:31:20,1.0000000000000000,0
1823,0171,1,2026-06-13 15:31:30,0.0525978191148172,0
1824,0432,1,2026-06-13 15:31:30,1.0000000000000000,0
1825,0432,1,2026-06-13 15:31:30,1.0000000000000000,0
1826,0171,1,2026-06-13 15:31:40,0.0525978191148172,0
1827,0432,1,2026-06-13 15:31:40,1.0000000000000000,0
1828,0432,1,2026-06-13 15:31:40,1.0000000000000000,0
1829,0171,1,2026-06-13 15:31:50,0.0525978191148172,0
1830,0432,1,2026-06-13 15:31:50,1.0000000000000000,0
1831,0432,1,2026-06-13 15:31:50,1.0000000000000000,0
1832,0171,1,2026-06-13 15:32:00,0.0525978191148172,0
1833,0432,1,2026-06-13 15:32:00,1.0000000000000000,0
1834,0432,1,2026-06-13 15:32:00,1.0000000000000000,0
1835,0171,1,2026-06-13 15:32:10,0.0525978191148172,0
1836,0432,1,2026-06-13 15:32:10,1.0000000000000000,0
1837,0432,1,2026-06-13 15:32:10,1.0000000000000000,0
1838,0171,1,2026-06-13 15:32:20,0.0525978191148172,0
1839,0422,1,2026-06-13 15:32:20,0.2995509942270687,0
1840,0432,1,2026-06-13 15:32:20,1.0000000000000000,0
1841,0171,1,2026-06-13 15:32:30,0.0525978191148172,0
1842,0422,1,2026-06-13 15:32:30,0.2995509942270687,0
1843,0432,1,2026-06-13 15:32:30,1.0000000000000000,0
1844,0432,1,2026-06-13 15:32:30,1.0000000000000000,0
1845,0171,1,2026-06-13 15:32:40,0.0525978191148172,0
1846,0422,1,2026-06-13 15:32:40,0.2995509942270687,0
1847,0432,1,2026-06-13 15:32:40,1.0000000000000000,0
1848,0171,1,2026-06-13 15:32:50,0.0525978191148172,0
1849,0422,1,2026-06-13 15:32:50,0.2995509942270687,0
1850,0422,1,2026-06-13 15:33:00,0.2995509942270687,1
1851,0422,1,2026-06-13 15:33:10,0.2995509942270687,0
1852,0422,1,2026-06-13 15:33:20,0.2995509942270687,0
1853,0427,1,2026-06-13 15:33:20,0.1215522771007056,0
1854,0422,1,2026-06-13 15:33:30,0.2995509942270687,0
1855,0427,1,2026-06-13 15:33:30,0.1215522771007056,0
1856,0422,1,2026-06-13 15:33:40,0.2995509942270687,0
1857,0427,1,2026-06-13 15:33:40,0.1215522771007056,0
1858,0422,1,2026-06-13 15:33:50,0.2995509942270687,0
1859,0427,1,2026-06-13 15:33:50,0.1215522771007056,0
1860,0427,1,2026-06-13 15:34:00,0.1215522771007056,1
1861,0427,1,2026-06-13 15:34:10,0.1215522771007056,1
1862,0130,1,2026-06-13 15:36:20,0.0525978191148172,0
1863,0130,1,2026-06-13 15:36:30,0.0525978191148172,0
1864,0130,1,2026-06-13 15:36:40,0.0525978191148172,0
1865,0130,1,2026-06-13 15:36:50,0.0525978191148172,1
1866,0130,1,2026-06-13 15:37:00,0.0525978191148172,0
1867,0103,1,2026-06-13 15:37:10,1.0000000000000000,0
1868,0130,1,2026-06-13 15:37:10,0.0525978191148172,0
1869,0103,1,2026-06-13 15:37:20,1.0000000000000000,1
1870,0130,1,2026-06-13 15:37:20,0.0525978191148172,0
1871,0103,1,2026-06-13 15:37:30,1.0000000000000000,0
1872,0130,1,2026-06-13 15:37:30,0.0525978191148172,0
1873,0103,1,2026-06-13 15:37:40,1.0000000000000000,0
1874,0130,1,2026-06-13 15:37:40,0.0525978191148172,0
1875,0103,1,2026-06-13 15:37:50,1.0000000000000000,0
1876,0130,1,2026-06-13 15:37:50,0.0525978191148172,0
1877,0103,1,2026-06-13 15:38:00,1.0000000000000000,0
1878,0130,1,2026-06-13 15:38:00,0.0525978191148172,0
1879,0103,1,2026-06-13 15:38:10,1.0000000000000000,0
1880,0130,1,2026-06-13 15:38:10,0.0525978191148172,0
1881,0010,1,2026-06-13 15:38:20,0.2995509942270687,0
1882,0103,1,2026-06-13 15:38:20,1.0000000000000000,0
1883,0010,1,2026-06-13 15:38:30,0.2995509942270687,0
1884,0103,1,2026-06-13 15:38:30,1.0000000000000000,0
1885,0010,1,2026-06-13 15:38:40,0.2995509942270687,0
1886,0103,1,2026-06-13 15:38:40,1.0000000000000000,0
1887,0010,1,2026-06-13 15:38:50,0.2995509942270687,0
1888,0103,1,2026-06-13 15:38:50,1.0000000000000000,0
1889,0010,1,2026-06-13 15:39:00,0.2995509942270687,0
1890,0010,1,2026-06-13 15:39:10,0.2995509942270687,1
1891,0466,1,2026-06-13 16:45:50,0.6488133418858243,0
1892,0466,1,2026-06-13 16:46:00,0.6488133418858243,0
1893,0059,1,2026-06-13 16:46:10,0.7738935214881334,0
1894,0466,1,2026-06-13 16:46:10,0.6488133418858243,0
1895,0059,1,2026-06-13 16:46:20,0.7738935214881334,0
1896,0466,1,2026-06-13 16:46:20,0.6488133418858243,0
1897,0059,1,2026-06-13 16:46:30,0.7738935214881334,1
1898,0466,1,2026-06-13 16:46:30,0.6488133418858243,0
1899,0059,1,2026-06-13 16:46:40,0.7738935214881334,0
1900,0466,1,2026-06-13 16:46:40,0.6488133418858243,0
1901,0466,1,2026-06-13 16:46:50,0.6488133418858243,0
1902,0466,1,2026-06-13 16:47:00,0.6488133418858243,0
1903,0466,1,2026-06-13 16:47:10,0.6488133418858243,0
1904,0466,1,2026-06-13 16:47:20,0.6488133418858243,0
1905,0466,1,2026-06-13 16:47:30,0.6488133418858243,0
1906,0466,1,2026-06-13 16:47:40,0.6488133418858243,0
1907,0263,1,2026-06-13 17:08:00,0.2995509942270687,0
1908,0263,1,2026-06-13 17:08:10,0.2995509942270687,0
1909,0333,1,2026-06-13 17:08:10,0.6019884541372674,0
1910,0263,1,2026-06-13 17:08:20,0.2995509942270687,0
1911,0333,1,2026-06-13 17:08:20,0.6019884541372674,0
1912,0263,1,2026-06-13 17:08:30,0.2995509942270687,0
1913,0333,1,2026-06-13 17:08:30,0.6019884541372674,0
1914,0263,1,2026-06-13 17:08:40,0.2995509942270687,0
1915,0333,1,2026-06-13 17:08:40,0.6019884541372674,1
1916,0263,1,2026-06-13 17:08:50,0.2995509942270687,0
1917,0333,1,2026-06-13 17:08:50,0.6019884541372674,1
1918,0263,1,2026-06-13 17:09:00,0.2995509942270687,0
1919,0333,1,2026-06-13 17:09:00,0.6019884541372674,0
1920,0263,1,2026-06-13 17:09:10,0.2995509942270687,0
1921,0333,1,2026-06-13 17:09:10,0.6019884541372674,0
1922,0263,1,2026-06-13 17:09:20,0.2995509942270687,0
1923,0333,1,2026-06-13 17:09:20,0.6019884541372674,0
1924,0263,1,2026-06-13 17:09:30,0.2995509942270687,0
1925,0333,1,2026-06-13 17:09:30,0.6019884541372674,0
1926,0263,1,2026-06-13 17:09:40,0.2995509942270687,0
1927,0333,1,2026-06-13 17:09:40,0.6019884541372674,0
1928,0263,1,2026-06-13 17:09:50,0.2995509942270687,0
1929,0333,1,2026-06-13 17:09:50,0.6019884541372674,0
1930,0333,1,2026-06-13 17:10:00,0.6019884541372674,0
1931,0288,1,2026-06-13 17:11:00,0.6488133418858243,0
1932,0288,1,2026-06-13 17:11:10,0.6488133418858243,0
1933,0288,1,2026-06-13 17:11:20,0.6488133418858243,1
1934,0075,1,2026-06-13 17:11:50,0.9204618345093009,0
1935,0283,1,2026-06-13 17:11:50,0.7738935214881334,0
1936,0283,1,2026-06-13 17:11:50,0.7738935214881334,0
1937,0075,1,2026-06-13 17:12:00,0.9204618345093009,0
1938,0283,1,2026-06-13 17:12:00,0.7738935214881334,0
1939,0075,1,2026-06-13 17:12:10,0.9204618345093009,0
1940,0283,1,2026-06-13 17:12:10,0.7738935214881334,0
1941,0075,1,2026-06-13 17:12:20,0.9204618345093009,0
1942,0283,1,2026-06-13 17:12:20,0.7738935214881334,0
1943,0283,1,2026-06-13 17:12:20,0.7738935214881334,0
1944,0075,1,2026-06-13 17:12:30,0.9204618345093009,0
1945,0283,1,2026-06-13 17:12:30,0.7738935214881334,0
1946,0283,1,2026-06-13 17:12:30,0.7738935214881334,0
1947,0075,1,2026-06-13 17:12:40,0.9204618345093009,0
1948,0283,1,2026-06-13 17:12:40,0.7738935214881334,0
1949,0283,1,2026-06-13 17:12:40,0.7738935214881334,0
1950,0075,1,2026-06-13 17:12:50,0.9204618345093009,0
1951,0283,1,2026-06-13 17:12:50,0.7738935214881334,0
1952,0075,1,2026-06-13 17:13:00,0.9204618345093009,0
1953,0283,1,2026-06-13 17:13:00,0.7738935214881334,0
1954,0075,1,2026-06-13 17:13:10,0.9204618345093009,0
1955,0283,1,2026-06-13 17:13:10,0.7738935214881334,0
1956,0075,1,2026-06-13 17:13:20,0.9204618345093009,0
1957,0075,1,2026-06-13 17:13:30,0.9204618345093009,0
1958,0018,1,2026-06-13 18:25:50,0.6019884541372674,0
1959,0018,1,2026-06-13 18:26:00,0.6019884541372674,0
1960,0018,1,2026-06-13 18:26:10,0.6019884541372674,0
1961,0018,1,2026-06-13 18:26:20,0.6019884541372674,0
1962,0018,1,2026-06-13 18:26:30,0.6019884541372674,0
1963,0018,1,2026-06-13 18:26:40,0.6019884541372674,0
1964,0018,1,2026-06-13 18:26:50,0.6019884541372674,0
1965,0018,1,2026-06-13 18:27:00,0.6019884541372674,0
1966,0018,1,2026-06-13 18:27:10,0.6019884541372674,0
1967,0018,1,2026-06-13 18:27:20,0.6019884541372674,0
1968,0018,1,2026-06-13 18:27:30,0.6019884541372674,0
1969,0018,1,2026-06-13 18:27:40,0.6019884541372674,0
1970,0284,1,2026-06-13 18:45:00,0.9204618345093009,0
1971,0284,1,2026-06-13 18:45:10,0.9204618345093009,0
1972,0284,1,2026-06-13 18:45:20,0.9204618345093009,0
1973,0284,1,2026-06-13 18:45:30,0.9204618345093009,0
1974,0284,1,2026-06-13 18:45:40,0.9204618345093009,0
1975,0362,1,2026-06-13 18:45:50,0.7738935214881334,0
1976,0362,1,2026-06-13 18:46:00,0.7738935214881334,0
1977,0362,1,2026-06-13 18:46:10,0.7738935214881334,0
1978,0362,1,2026-06-13 18:46:20,0.7738935214881334,0
1979,0396,1,2026-06-14 01:18:50,0.9204618345093009,0
1980,0396,1,2026-06-14 01:18:50,0.9204618345093009,0
1981,0396,1,2026-06-14 01:19:00,0.9204618345093009,0
1982,0396,1,2026-06-14 01:19:00,0.9204618345093009,0
1983,0396,1,2026-06-14 01:19:00,0.9204618345093009,0
1984,0396,1,2026-06-14 01:19:10,0.9204618345093009,0
1985,0396,1,2026-06-14 01:19:10,0.9204618345093009,0
1986,0396,1,2026-06-14 01:19:10,0.9204618345093009,0
1987,0396,1,2026-06-14 01:19:20,0.9204618345093009,0
1988,0396,1,2026-06-14 01:19:20,0.9204618345093009,0
1989,0396,1,2026-06-14 01:19:20,0.9204618345093009,0
1990,0396,1,2026-06-14 01:19:20,0.9204618345093009,0
1991,0396,1,2026-06-14 01:19:20,0.9204618345093009,0
1992,0396,1,2026-06-14 01:19:20,0.9204618345093009,0
1993,0396,1,2026-06-14 01:19:30,0.9204618345093009,1
1994,0396,1,2026-06-14 01:19:30,0.9204618345093009,0
1995,0396,1,2026-06-14 01:19:30,0.9204618345093009,0
1996,0396,1,2026-06-14 01:19:30,0.9204618345093009,0
1997,0396,1,2026-06-14 01:19:30,0.9204618345093009,0
1998,0396,1,2026-06-14 01:19:30,0.9204618345093009,0
1999,0396,1,2026-06-14 01:19:40,0.9204618345093009,0
2000,0396,1,2026-06-14 01:19:40,0.9204618345093009,0
2001,0396,1,2026-06-14 01:19:40,0.9204618345093009,0
2002,0396,1,2026-06-14 01:19:40,0.9204618345093009,0
2003,0396,1,2026-06-14 01:19:40,0.9204618345093009,0
2004,0396,1,2026-06-14 01:19:40,0.9204618345093009,0
2005,0396,1,2026-06-14 01:19:50,0.9204618345093009,0
2006,0396,1,2026-06-14 01:19:50,0.9204618345093009,0
2007,0396,1,2026-06-14 01:19:50,0.9204618345093009,0
2008,0396,1,2026-06-14 01:19:50,0.9204618345093009,0
2009,0396,1,2026-06-14 01:19:50,0.9204618345093009,0
2010,0396,1,2026-06-14 01:20:00,0.9204618345093009,0
2011,0396,1,2026-06-14 01:20:00,0.9204618345093009,0
2012,0396,1,2026-06-14 01:20:00,0.9204618345093009,0
2013,0396,1,2026-06-14 01:20:00,0.9204618345093009,0
2014,0396,1,2026-06-14 01:20:00,0.9204618345093009,0
2015,0396,1,2026-06-14 01:20:00,0.9204618345093009,0
2016,0396,1,2026-06-14 01:20:10,0.9204618345093009,0
2017,0396,1,2026-06-14 01:20:10,0.9204618345093009,0
2018,0396,1,2026-06-14 01:20:10,0.9204618345093009,0
2019,0396,1,2026-06-14 01:20:10,0.9204618345093009,0
2020,0396,1,2026-06-14 01:20:10,0.9204618345093009,0
2021,0396,1,2026-06-14 01:20:10,0.9204618345093009,0
2022,0396,1,2026-06-14 01:20:20,0.9204618345093009,0
2023,0396,1,2026-06-14 01:20:20,0.9204618345093009,0
2024,0396,1,2026-06-14 01:20:20,0.9204618345093009,0
2025,0396,1,2026-06-14 01:20:20,0.9204618345093009,0
2026,0396,1,2026-06-14 01:20:20,0.9204618345093009,0
2027,0396,1,2026-06-14 01:20:30,0.9204618345093009,0
2028,0396,1,2026-06-14 01:20:30,0.9204618345093009,0
2029,0396,1,2026-06-14 01:20:30,0.9204618345093009,0
2030,0396,1,2026-06-14 01:20:30,0.9204618345093009,0
2031,0396,1,2026-06-14 01:20:30,0.9204618345093009,0
2032,0396,1,2026-06-14 01:20:40,0.9204618345093009,0
2033,0396,1,2026-06-14 01:20:40,0.9204618345093009,0
2034,0396,1,2026-06-14 01:20:40,0.9204618345093009,0
2035,0396,1,2026-06-14 01:20:40,0.9204618345093009,0
2036,0468,1,2026-06-14 01:21:00,0.1927517639512508,1
2037,0468,1,2026-06-14 01:21:10,0.1927517639512508,0
2038,0292,1,2026-06-14 01:21:20,0.1927517639512508,0
2039,0468,1,2026-06-14 01:21:20,0.1927517639512508,0
2040,0292,1,2026-06-14 01:21:30,0.1927517639512508,0
2041,0468,1,2026-06-14 01:21:30,0.1927517639512508,0
2042,0292,1,2026-06-14 01:21:40,0.1927517639512508,0
2043,0468,1,2026-06-14 01:21:40,0.1927517639512508,0
2044,0292,1,2026-06-14 01:21:50,0.1927517639512508,0
2045,0468,1,2026-06-14 01:21:50,0.1927517639512508,0
2046,0292,1,2026-06-14 01:22:00,0.1927517639512508,0
2047,0468,1,2026-06-14 01:22:00,0.1927517639512508,0
2048,0292,1,2026-06-14 01:22:10,0.1927517639512508,0
2049,0292,1,2026-06-14 01:22:20,0.1927517639512508,1
2050,0292,1,2026-06-14 01:22:30,0.1927517639512508,0
2051,0025,1,2026-06-14 01:22:40,0.5381654906991661,0
2052,0038,1,2026-06-14 01:22:40,0.0525978191148172,0
2053,0112,1,2026-06-14 01:22:40,0.6792815907633099,1
2054,0292,1,2026-06-14 01:22:40,0.1927517639512508,0
2055,0025,1,2026-06-14 01:22:50,0.5381654906991661,0
2056,0038,1,2026-06-14 01:22:50,0.0525978191148172,0
2057,0112,1,2026-06-14 01:22:50,0.6792815907633099,1
2058,0189,1,2026-06-14 01:22:50,1.0000000000000000,0
2059,0201,1,2026-06-14 01:22:50,0.4640795381654907,0
2060,0257,1,2026-06-14 01:22:50,0.9204618345093009,0
2061,0292,1,2026-06-14 01:22:50,0.1927517639512508,0
2062,0315,1,2026-06-14 01:22:50,0.4640795381654907,0
2063,0025,1,2026-06-14 01:23:00,0.5381654906991661,1
2064,0038,1,2026-06-14 01:23:00,0.0525978191148172,0
2065,0112,1,2026-06-14 01:23:00,0.6792815907633099,0
2066,0189,1,2026-06-14 01:23:00,1.0000000000000000,0
2067,0201,1,2026-06-14 01:23:00,0.4640795381654907,0
2068,0257,1,2026-06-14 01:23:00,0.9204618345093009,0
2069,0257,1,2026-06-14 01:23:00,0.9204618345093009,0
2070,0315,1,2026-06-14 01:23:00,0.4640795381654907,0
2071,007,1,2026-06-14 01:23:10,0.5381654906991661,0
2072,0025,1,2026-06-14 01:23:10,0.5381654906991661,0
2073,0038,1,2026-06-14 01:23:10,0.0525978191148172,0
2074,0112,1,2026-06-14 01:23:10,0.6792815907633099,0
2075,0189,1,2026-06-14 01:23:10,1.0000000000000000,0
2076,0201,1,2026-06-14 01:23:10,0.4640795381654907,0
2077,0231,1,2026-06-14 01:23:10,0.4640795381654907,0
2078,0257,1,2026-06-14 01:23:10,0.9204618345093009,1
2079,0257,1,2026-06-14 01:23:10,0.9204618345093009,0
2080,0257,1,2026-06-14 01:23:10,0.9204618345093009,0
2081,0315,1,2026-06-14 01:23:10,0.4640795381654907,0
2082,007,1,2026-06-14 01:23:20,0.5381654906991661,0
2083,0025,1,2026-06-14 01:23:20,0.5381654906991661,0
2084,0038,1,2026-06-14 01:23:20,0.0525978191148172,0
2085,0112,1,2026-06-14 01:23:20,0.6792815907633099,0
2086,0189,1,2026-06-14 01:23:20,1.0000000000000000,0
2087,0201,1,2026-06-14 01:23:20,0.4640795381654907,0
2088,0231,1,2026-06-14 01:23:20,0.4640795381654907,0
2089,0257,1,2026-06-14 01:23:20,0.9204618345093009,0
2090,0257,1,2026-06-14 01:23:20,0.9204618345093009,0
2091,0257,1,2026-06-14 01:23:20,0.9204618345093009,0
2092,0257,1,2026-06-14 01:23:20,0.9204618345093009,0
2093,0257,1,2026-06-14 01:23:20,0.9204618345093009,0
2094,0308,1,2026-06-14 01:23:20,0.2995509942270687,1
2095,0315,1,2026-06-14 01:23:20,0.4640795381654907,0
2096,007,1,2026-06-14 01:23:30,0.5381654906991661,0
2097,0025,1,2026-06-14 01:23:30,0.5381654906991661,0
2098,0038,1,2026-06-14 01:23:30,0.0525978191148172,0
2099,0112,1,2026-06-14 01:23:30,0.6792815907633099,0
2100,0189,1,2026-06-14 01:23:30,1.0000000000000000,0
2101,0201,1,2026-06-14 01:23:30,0.4640795381654907,0
2102,0231,1,2026-06-14 01:23:30,0.4640795381654907,0
2103,0257,1,2026-06-14 01:23:30,0.9204618345093009,0
2104,0257,1,2026-06-14 01:23:30,0.9204618345093009,0
2105,0257,1,2026-06-14 01:23:30,0.9204618345093009,0
2106,0257,1,2026-06-14 01:23:30,0.9204618345093009,0
2107,0257,1,2026-06-14 01:23:30,0.9204618345093009,0
2108,0308,1,2026-06-14 01:23:30,0.2995509942270687,0
2109,0315,1,2026-06-14 01:23:30,0.4640795381654907,0
2110,007,1,2026-06-14 01:23:40,0.5381654906991661,0
2111,0025,1,2026-06-14 01:23:40,0.5381654906991661,0
2112,0038,1,2026-06-14 01:23:40,0.0525978191148172,0
2113,0189,1,2026-06-14 01:23:40,1.0000000000000000,0
2114,0201,1,2026-06-14 01:23:40,0.4640795381654907,0
2115,0231,1,2026-06-14 01:23:40,0.4640795381654907,0
2116,0257,1,2026-06-14 01:23:40,0.9204618345093009,0
2117,0257,1,2026-06-14 01:23:40,0.9204618345093009,0
2118,0257,1,2026-06-14 01:23:40,0.9204618345093009,0
2119,0257,1,2026-06-14 01:23:40,0.9204618345093009,0
2120,0257,1,2026-06-14 01:23:40,0.9204618345093009,0
2121,0308,1,2026-06-14 01:23:40,0.2995509942270687,0
2122,0315,1,2026-06-14 01:23:40,0.4640795381654907,1
2123,007,1,2026-06-14 01:23:50,0.5381654906991661,0
2124,0025,1,2026-06-14 01:23:50,0.5381654906991661,0
2125,0038,1,2026-06-14 01:23:50,0.0525978191148172,0
2126,0189,1,2026-06-14 01:23:50,1.0000000000000000,0
2127,0201,1,2026-06-14 01:23:50,0.4640795381654907,1
2128,0231,1,2026-06-14 01:23:50,0.4640795381654907,0
2129,0257,1,2026-06-14 01:23:50,0.9204618345093009,0
2130,0257,1,2026-06-14 01:23:50,0.9204618345093009,0
2131,0257,1,2026-06-14 01:23:50,0.9204618345093009,0
2132,0257,1,2026-06-14 01:23:50,0.9204618345093009,0
2133,0257,1,2026-06-14 01:23:50,0.9204618345093009,0
2134,0308,1,2026-06-14 01:23:50,0.2995509942270687,0
2135,0315,1,2026-06-14 01:23:50,0.4640795381654907,0
2136,007,1,2026-06-14 01:24:00,0.5381654906991661,0
2137,0038,1,2026-06-14 01:24:00,0.0525978191148172,0
2138,0189,1,2026-06-14 01:24:00,1.0000000000000000,0
2139,0201,1,2026-06-14 01:24:00,0.4640795381654907,0
2140,0231,1,2026-06-14 01:24:00,0.4640795381654907,1
2141,0257,1,2026-06-14 01:24:00,0.9204618345093009,0
2142,0257,1,2026-06-14 01:24:00,0.9204618345093009,0
2143,0257,1,2026-06-14 01:24:00,0.9204618345093009,0
2144,0257,1,2026-06-14 01:24:00,0.9204618345093009,0
2145,0257,1,2026-06-14 01:24:00,0.9204618345093009,0
2146,0308,1,2026-06-14 01:24:00,0.2995509942270687,0
2147,0315,1,2026-06-14 01:24:00,0.4640795381654907,0
2148,007,1,2026-06-14 01:24:10,0.5381654906991661,0
2149,0038,1,2026-06-14 01:24:10,0.0525978191148172,0
2150,0189,1,2026-06-14 01:24:10,1.0000000000000000,0
2151,0231,1,2026-06-14 01:24:10,0.4640795381654907,0
2152,0257,1,2026-06-14 01:24:10,0.9204618345093009,0
2153,0257,1,2026-06-14 01:24:10,0.9204618345093009,0
2154,0257,1,2026-06-14 01:24:10,0.9204618345093009,0
2155,0308,1,2026-06-14 01:24:10,0.2995509942270687,0
2156,0315,1,2026-06-14 01:24:10,0.4640795381654907,1
2157,007,1,2026-06-14 01:24:20,0.5381654906991661,0
2158,0038,1,2026-06-14 01:24:20,0.0525978191148172,0
2159,0189,1,2026-06-14 01:24:20,1.0000000000000000,0
2160,0257,1,2026-06-14 01:24:20,0.9204618345093009,0
2161,0257,1,2026-06-14 01:24:20,0.9204618345093009,0
2162,0308,1,2026-06-14 01:24:20,0.2995509942270687,0
2163,007,1,2026-06-14 01:24:30,0.5381654906991661,0
2164,0189,1,2026-06-14 01:24:30,1.0000000000000000,0
2165,0257,1,2026-06-14 01:24:30,0.9204618345093009,0
2166,007,1,2026-06-14 01:24:40,0.5381654906991661,1
2167,0189,1,2026-06-14 01:24:40,1.0000000000000000,0
2168,0137,1,2026-06-14 01:30:00,0.6488133418858243,0
2169,0137,1,2026-06-14 01:30:10,0.6488133418858243,1
2170,0137,1,2026-06-14 01:30:20,0.6488133418858243,0
2171,0137,1,2026-06-14 01:30:30,0.6488133418858243,0
2172,0137,1,2026-06-14 01:30:40,0.6488133418858243,0
2173,0137,1,2026-06-14 01:30:50,0.6488133418858243,0
2174,0137,1,2026-06-14 01:31:00,0.6488133418858243,0
2175,0137,1,2026-06-14 01:31:10,0.6488133418858243,0
2176,0137,1,2026-06-14 01:31:20,0.6488133418858243,0
2177,0137,1,2026-06-14 01:31:30,0.6488133418858243,0
2178,0137,1,2026-06-14 01:31:40,0.6488133418858243,0
2179,0180,1,2026-06-14 01:32:10,0.6019884541372674,0
2180,0180,1,2026-06-14 01:32:20,0.6019884541372674,1
2181,0180,1,2026-06-14 01:32:30,0.6019884541372674,0
2182,0180,1,2026-06-14 01:32:40,0.6019884541372674,0
2183,0180,1,2026-06-14 01:32:50,0.6019884541372674,0
2184,0180,1,2026-06-14 01:33:00,0.6019884541372674,0
2185,0180,1,2026-06-14 01:33:10,0.6019884541372674,0
2186,0180,1,2026-06-14 01:33:20,0.6019884541372674,0
2187,0180,1,2026-06-14 01:33:30,0.6019884541372674,0
2188,0180,1,2026-06-14 01:33:40,0.6019884541372674,0
2189,0180,1,2026-06-14 01:33:50,0.6019884541372674,0
2190,0410,1,2026-06-14 02:59:40,0.9204618345093009,0
2191,0410,1,2026-06-14 02:59:40,0.9204618345093009,0
2192,0410,1,2026-06-14 02:59:40,0.9204618345093009,0
2193,0410,1,2026-06-14 02:59:40,0.9204618345093009,1
2194,0410,1,2026-06-14 02:59:40,0.9204618345093009,0
2195,0410,1,2026-06-14 02:59:50,0.9204618345093009,0
2196,0410,1,2026-06-14 02:59:50,0.9204618345093009,0
2197,0410,1,2026-06-14 02:59:50,0.9204618345093009,0
2198,0410,1,2026-06-14 02:59:50,0.9204618345093009,1
2199,0410,1,2026-06-14 02:59:50,0.9204618345093009,0
2200,0410,1,2026-06-14 03:00:00,0.9204618345093009,0
2201,0410,1,2026-06-14 03:00:00,0.9204618345093009,0
2202,0410,1,2026-06-14 03:00:00,0.9204618345093009,0
2203,0410,1,2026-06-14 03:00:00,0.9204618345093009,0
2204,0410,1,2026-06-14 03:00:00,0.9204618345093009,0
2205,0346,1,2026-06-14 03:00:10,0.3373957665169981,0
2206,0410,1,2026-06-14 03:00:10,0.9204618345093009,0
2207,0410,1,2026-06-14 03:00:10,0.9204618345093009,0
2208,0410,1,2026-06-14 03:00:10,0.9204618345093009,0
2209,0410,1,2026-06-14 03:00:10,0.9204618345093009,0
2210,0410,1,2026-06-14 03:00:10,0.9204618345093009,0
2211,0346,1,2026-06-14 03:00:20,0.3373957665169981,1
2212,0410,1,2026-06-14 03:00:20,0.9204618345093009,0
2213,0410,1,2026-06-14 03:00:20,0.9204618345093009,0
2214,0410,1,2026-06-14 03:00:20,0.9204618345093009,0
2215,0410,1,2026-06-14 03:00:20,0.9204618345093009,0
2216,0410,1,2026-06-14 03:00:20,0.9204618345093009,0
2217,0346,1,2026-06-14 03:00:30,0.3373957665169981,1
2218,0410,1,2026-06-14 03:00:30,0.9204618345093009,0
2219,0410,1,2026-06-14 03:00:30,0.9204618345093009,0
2220,0410,1,2026-06-14 03:00:30,0.9204618345093009,0
2221,0410,1,2026-06-14 03:00:30,0.9204618345093009,0
2222,0410,1,2026-06-14 03:00:30,0.9204618345093009,0
2223,0346,1,2026-06-14 03:00:40,0.3373957665169981,0
2224,0410,1,2026-06-14 03:00:40,0.9204618345093009,0
2225,0410,1,2026-06-14 03:00:40,0.9204618345093009,0
2226,0410,1,2026-06-14 03:00:40,0.9204618345093009,0
2227,0410,1,2026-06-14 03:00:40,0.9204618345093009,0
2228,0410,1,2026-06-14 03:00:40,0.9204618345093009,0
2229,0346,1,2026-06-14 03:00:50,0.3373957665169981,0
2230,0410,1,2026-06-14 03:00:50,0.9204618345093009,0
2231,0410,1,2026-06-14 03:00:50,0.9204618345093009,0
2232,0410,1,2026-06-14 03:00:50,0.9204618345093009,0
2233,0410,1,2026-06-14 03:00:50,0.9204618345093009,0
2234,0346,1,2026-06-14 03:01:00,0.3373957665169981,0
2235,0410,1,2026-06-14 03:01:00,0.9204618345093009,0
2236,0410,1,2026-06-14 03:01:00,0.9204618345093009,0
2237,0410,1,2026-06-14 03:01:00,0.9204618345093009,0
2238,0410,1,2026-06-14 03:01:00,0.9204618345093009,0
2239,0346,1,2026-06-14 03:01:10,0.3373957665169981,0
2240,0410,1,2026-06-14 03:01:10,0.9204618345093009,0
2241,0410,1,2026-06-14 03:01:10,0.9204618345093009,0
2242,0410,1,2026-06-14 03:01:10,0.9204618345093009,0
2243,0410,1,2026-06-14 03:01:10,0.9204618345093009,0
2244,0410,1,2026-06-14 03:01:10,0.9204618345093009,0
2245,0266,1,2026-06-14 03:01:20,0.2995509942270687,0
2246,0346,1,2026-06-14 03:01:20,0.3373957665169981,0
2247,0266,1,2026-06-14 03:01:30,0.2995509942270687,0
2248,0346,1,2026-06-14 03:01:30,0.3373957665169981,0
2249,0450,1,2026-06-14 03:01:30,0.1927517639512508,0
2250,0266,1,2026-06-14 03:01:40,0.2995509942270687,0
2251,0346,1,2026-06-14 03:01:40,0.3373957665169981,0
2252,0349,1,2026-06-14 03:01:40,0.6019884541372674,1
2253,0450,1,2026-06-14 03:01:40,0.1927517639512508,0
2254,0266,1,2026-06-14 03:01:50,0.2995509942270687,0
2255,0346,1,2026-06-14 03:01:50,0.3373957665169981,0
2256,0349,1,2026-06-14 03:01:50,0.6019884541372674,0
2257,0434,1,2026-06-14 03:01:50,0.1215522771007056,0
2258,0450,1,2026-06-14 03:01:50,0.1927517639512508,0
2259,0266,1,2026-06-14 03:02:00,0.2995509942270687,1
2260,0346,1,2026-06-14 03:02:00,0.3373957665169981,0
2261,0349,1,2026-06-14 03:02:00,0.6019884541372674,0
2262,0434,1,2026-06-14 03:02:00,0.1215522771007056,0
2263,0450,1,2026-06-14 03:02:00,0.1927517639512508,0
2264,0266,1,2026-06-14 03:02:10,0.2995509942270687,0
2265,0349,1,2026-06-14 03:02:10,0.6019884541372674,0
2266,0434,1,2026-06-14 03:02:10,0.1215522771007056,0
2267,0450,1,2026-06-14 03:02:10,0.1927517639512508,0
2268,0124,1,2026-06-14 03:02:20,0.4640795381654907,0
2269,0266,1,2026-06-14 03:02:20,0.2995509942270687,0
2270,0349,1,2026-06-14 03:02:20,0.6019884541372674,1
2271,0434,1,2026-06-14 03:02:20,0.1215522771007056,0
2272,0450,1,2026-06-14 03:02:20,0.1927517639512508,0
2273,0124,1,2026-06-14 03:02:30,0.4640795381654907,0
2274,0266,1,2026-06-14 03:02:30,0.2995509942270687,0
2275,0349,1,2026-06-14 03:02:30,0.6019884541372674,0
2276,0434,1,2026-06-14 03:02:30,0.1215522771007056,0
2277,0450,1,2026-06-14 03:02:30,0.1927517639512508,0
2278,0124,1,2026-06-14 03:02:40,0.4640795381654907,0
2279,0266,1,2026-06-14 03:02:40,0.2995509942270687,0
2280,0434,1,2026-06-14 03:02:40,0.1215522771007056,0
2281,0450,1,2026-06-14 03:02:40,0.1927517639512508,0
2282,0124,1,2026-06-14 03:02:50,0.4640795381654907,0
2283,0266,1,2026-06-14 03:02:50,0.2995509942270687,0
2284,0278,1,2026-06-14 03:02:50,0.6019884541372674,0
2285,0434,1,2026-06-14 03:02:50,0.1215522771007056,0
2286,0450,1,2026-06-14 03:02:50,0.1927517639512508,0
2287,0124,1,2026-06-14 03:03:00,0.4640795381654907,0
2288,0278,1,2026-06-14 03:03:00,0.6019884541372674,0
2289,0434,1,2026-06-14 03:03:00,0.1215522771007056,0
2290,0124,1,2026-06-14 03:03:10,0.4640795381654907,0
2291,0278,1,2026-06-14 03:03:10,0.6019884541372674,0
2292,0434,1,2026-06-14 03:03:10,0.1215522771007056,1
2293,0033,1,2026-06-14 03:03:20,0.9204618345093009,0
2294,0124,1,2026-06-14 03:03:20,0.4640795381654907,0
2295,0278,1,2026-06-14 03:03:20,0.6019884541372674,0
2296,0434,1,2026-06-14 03:03:20,0.1215522771007056,0
2297,0033,1,2026-06-14 03:03:30,0.9204618345093009,0
2298,0124,1,2026-06-14 03:03:30,0.4640795381654907,0
2299,0278,1,2026-06-14 03:03:30,0.6019884541372674,0
2300,0434,1,2026-06-14 03:03:30,0.1215522771007056,0
2301,0443,1,2026-06-14 03:03:30,0.4640795381654907,0
2302,0033,1,2026-06-14 03:03:40,0.9204618345093009,0
2303,0124,1,2026-06-14 03:03:40,0.4640795381654907,0
2304,0278,1,2026-06-14 03:03:40,0.6019884541372674,0
2305,0443,1,2026-06-14 03:03:40,0.4640795381654907,0
2306,0033,1,2026-06-14 03:03:50,0.9204618345093009,0
2307,0124,1,2026-06-14 03:03:50,0.4640795381654907,0
2308,0278,1,2026-06-14 03:03:50,0.6019884541372674,0
2309,0443,1,2026-06-14 03:03:50,0.4640795381654907,0
2310,0033,1,2026-06-14 03:04:00,0.9204618345093009,0
2311,0124,1,2026-06-14 03:04:00,0.4640795381654907,0
2312,0278,1,2026-06-14 03:04:00,0.6019884541372674,0
2313,0443,1,2026-06-14 03:04:00,0.4640795381654907,0
2314,0033,1,2026-06-14 03:04:10,0.9204618345093009,0
2315,0124,1,2026-06-14 03:04:10,0.4640795381654907,0
2316,0278,1,2026-06-14 03:04:10,0.6019884541372674,0
2317,0443,1,2026-06-14 03:04:10,0.4640795381654907,0
2318,0033,1,2026-06-14 03:04:20,0.9204618345093009,0
2319,0278,1,2026-06-14 03:04:20,0.6019884541372674,0
2320,0443,1,2026-06-14 03:04:20,0.4640795381654907,0
2321,0456,1,2026-06-14 03:04:20,1.0000000000000000,0
2322,0033,1,2026-06-14 03:04:30,0.9204618345093009,0
2323,0278,1,2026-06-14 03:04:30,0.6019884541372674,0
2324,0456,1,2026-06-14 03:04:30,1.0000000000000000,0
2325,0278,1,2026-06-14 03:04:40,0.6019884541372674,0
2326,0456,1,2026-06-14 03:04:40,1.0000000000000000,0
2327,0456,1,2026-06-14 03:04:50,1.0000000000000000,0
2328,0456,1,2026-06-14 03:04:50,1.0000000000000000,0
2329,0456,1,2026-06-14 03:05:00,1.0000000000000000,0
2330,0456,1,2026-06-14 03:05:00,1.0000000000000000,1
2331,0456,1,2026-06-14 03:05:10,1.0000000000000000,0
2332,0456,1,2026-06-14 03:05:10,1.0000000000000000,0
2333,0456,1,2026-06-14 03:05:20,1.0000000000000000,0
2334,0456,1,2026-06-14 03:05:30,1.0000000000000000,1
2335,0456,1,2026-06-14 03:05:40,1.0000000000000000,0
2336,0161,1,2026-06-14 03:06:10,0.1927517639512508,0
2337,0161,1,2026-06-14 03:06:20,0.1927517639512508,0
2338,0161,1,2026-06-14 03:06:30,0.1927517639512508,0
2339,0161,1,2026-06-14 03:06:40,0.1927517639512508,0
2340,0161,1,2026-06-14 03:06:50,0.1927517639512508,0
2341,0161,1,2026-06-14 03:07:00,0.1927517639512508,0
2342,0161,1,2026-06-14 03:07:10,0.1927517639512508,0
2343,0161,1,2026-06-14 03:07:20,0.1927517639512508,0
2344,0161,1,2026-06-14 03:07:30,0.1927517639512508,0
2345,0161,1,2026-06-14 03:07:40,0.1927517639512508,0
2346,0161,1,2026-06-14 03:07:50,0.1927517639512508,0
2347,0170,1,2026-06-14 03:09:50,0.6488133418858243,0
2348,0170,1,2026-06-14 03:10:00,0.6488133418858243,0
2349,0170,1,2026-06-14 03:10:10,0.6488133418858243,0
2350,0170,1,2026-06-14 03:10:20,0.6488133418858243,0
2351,0170,1,2026-06-14 03:10:30,0.6488133418858243,0
2352,0170,1,2026-06-14 03:10:40,0.6488133418858243,0
2353,0170,1,2026-06-14 03:10:50,0.6488133418858243,0
2354,0170,1,2026-06-14 03:11:00,0.6488133418858243,0
2355,0170,1,2026-06-14 03:11:10,0.6488133418858243,0
2356,0170,1,2026-06-14 03:11:20,0.6488133418858243,0
2357,0170,1,2026-06-14 03:11:30,0.6488133418858243,0
2358,0170,1,2026-06-14 03:11:40,0.6488133418858243,0
2359,0133,1,2026-06-14 04:33:50,0.1215522771007056,0
2360,0133,1,2026-06-14 04:34:00,0.1215522771007056,0
2361,0079,1,2026-06-14 04:34:10,0.4640795381654907,0
2362,0133,1,2026-06-14 04:34:10,0.1215522771007056,0
2363,0079,1,2026-06-14 04:34:20,0.4640795381654907,0
2364,0133,1,2026-06-14 04:34:20,0.1215522771007056,0
2365,0079,1,2026-06-14 04:34:30,0.4640795381654907,1
2366,0133,1,2026-06-14 04:34:30,0.1215522771007056,0
2367,0079,1,2026-06-14 04:34:40,0.4640795381654907,0
2368,0133,1,2026-06-14 04:34:40,0.1215522771007056,0
2369,0079,1,2026-06-14 04:34:50,0.4640795381654907,0
2370,0133,1,2026-06-14 04:34:50,0.1215522771007056,0
2371,0079,1,2026-06-14 04:35:00,0.4640795381654907,0
2372,0133,1,2026-06-14 04:35:00,0.1215522771007056,0
2373,0079,1,2026-06-14 04:35:10,0.4640795381654907,0
2374,0133,1,2026-06-14 04:35:10,0.1215522771007056,0
2375,0079,1,2026-06-14 04:35:20,0.4640795381654907,0
2376,0133,1,2026-06-14 04:35:20,0.1215522771007056,0
2377,0079,1,2026-06-14 04:35:30,0.4640795381654907,0
2378,0133,1,2026-06-14 04:35:30,0.1215522771007056,0
2379,0133,1,2026-06-14 04:35:40,0.1215522771007056,0
2380,0293,1,2026-06-14 04:38:30,0.2995509942270687,0
2381,0293,1,2026-06-14 04:38:40,0.2995509942270687,0
2382,0293,1,2026-06-14 04:38:40,0.2995509942270687,0
2383,0293,1,2026-06-14 04:38:50,0.2995509942270687,0
2384,0293,1,2026-06-14 04:38:50,0.2995509942270687,0
2385,0293,1,2026-06-14 04:39:00,0.2995509942270687,0
2386,0293,1,2026-06-14 04:39:00,0.2995509942270687,0
2387,0293,1,2026-06-14 04:39:00,0.2995509942270687,0
2388,0293,1,2026-06-14 04:39:00,0.2995509942270687,0
2389,0293,1,2026-06-14 04:39:10,0.2995509942270687,0
2390,0293,1,2026-06-14 04:39:10,0.2995509942270687,0
2391,0293,1,2026-06-14 04:39:10,0.2995509942270687,0
2392,0293,1,2026-06-14 04:39:10,0.2995509942270687,0
2393,0293,1,2026-06-14 04:39:10,0.2995509942270687,0
2394,0293,1,2026-06-14 04:39:10,0.2995509942270687,0
2395,0293,1,2026-06-14 04:39:20,0.2995509942270687,0
2396,0293,1,2026-06-14 04:39:20,0.2995509942270687,0
2397,0293,1,2026-06-14 04:39:20,0.2995509942270687,1
2398,0293,1,2026-06-14 04:39:20,0.2995509942270687,0
2399,0293,1,2026-06-14 04:39:20,0.2995509942270687,0
2400,0293,1,2026-06-14 04:39:20,0.2995509942270687,0
2401,0293,1,2026-06-14 04:39:30,0.2995509942270687,0
2402,0293,1,2026-06-14 04:39:30,0.2995509942270687,0
2403,0293,1,2026-06-14 04:39:30,0.2995509942270687,0
2404,0293,1,2026-06-14 04:39:30,0.2995509942270687,0
2405,0293,1,2026-06-14 04:39:30,0.2995509942270687,0
2406,0374,1,2026-06-14 04:39:30,0.4640795381654907,0
2407,0293,1,2026-06-14 04:39:40,0.2995509942270687,0
2408,0293,1,2026-06-14 04:39:40,0.2995509942270687,0
2409,0293,1,2026-06-14 04:39:40,0.2995509942270687,0
2410,0293,1,2026-06-14 04:39:40,0.2995509942270687,0
2411,0374,1,2026-06-14 04:39:40,0.4640795381654907,0
2412,0293,1,2026-06-14 04:39:50,0.2995509942270687,0
2413,0293,1,2026-06-14 04:39:50,0.2995509942270687,0
2414,0374,1,2026-06-14 04:39:50,0.4640795381654907,0
2415,0293,1,2026-06-14 04:40:00,0.2995509942270687,0
2416,0374,1,2026-06-14 04:40:00,0.4640795381654907,0
2417,0293,1,2026-06-14 04:40:10,0.2995509942270687,0
2418,0374,1,2026-06-14 04:40:10,0.4640795381654907,0
2419,0374,1,2026-06-14 04:40:20,0.4640795381654907,0
2420,0374,1,2026-06-14 04:40:30,0.4640795381654907,0
2421,0374,1,2026-06-14 04:40:40,0.4640795381654907,0
2422,0374,1,2026-06-14 04:40:50,0.4640795381654907,0
2423,0374,1,2026-06-14 04:41:00,0.4640795381654907,0
2424,0374,1,2026-06-14 04:41:10,0.4640795381654907,1
2425,0145,1,2026-06-14 04:42:10,0.1215522771007056,0
2426,0354,1,2026-06-14 04:42:10,0.0525978191148172,0
2427,0145,1,2026-06-14 04:42:20,0.1215522771007056,0
2428,0354,1,2026-06-14 04:42:20,0.0525978191148172,0
2429,0145,1,2026-06-14 04:42:30,0.1215522771007056,0
2430,0172,1,2026-06-14 04:42:30,0.6792815907633099,1
2431,0354,1,2026-06-14 04:42:30,0.0525978191148172,0
2432,0145,1,2026-06-14 04:42:40,0.1215522771007056,0
2433,0172,1,2026-06-14 04:42:40,0.6792815907633099,0
2434,0354,1,2026-06-14 04:42:40,0.0525978191148172,0
2435,0145,1,2026-06-14 04:42:50,0.1215522771007056,0
2436,0172,1,2026-06-14 04:42:50,0.6792815907633099,0
2437,0354,1,2026-06-14 04:42:50,0.0525978191148172,0
2438,0145,1,2026-06-14 04:43:00,0.1215522771007056,0
2439,0172,1,2026-06-14 04:43:00,0.6792815907633099,0
2440,0354,1,2026-06-14 04:43:00,0.0525978191148172,0
2441,0145,1,2026-06-14 04:43:10,0.1215522771007056,0
2442,0172,1,2026-06-14 04:43:10,0.6792815907633099,0
2443,0354,1,2026-06-14 04:43:10,0.0525978191148172,0
2444,0145,1,2026-06-14 04:43:20,0.1215522771007056,0
2445,0172,1,2026-06-14 04:43:20,0.6792815907633099,0
2446,0354,1,2026-06-14 04:43:20,0.0525978191148172,0
2447,0413,1,2026-06-14 04:43:20,0.0525978191148172,0
2448,0172,1,2026-06-14 04:43:30,0.6792815907633099,0
2449,0354,1,2026-06-14 04:43:30,0.0525978191148172,0
2450,0413,1,2026-06-14 04:43:30,0.0525978191148172,0
2451,0354,1,2026-06-14 04:43:40,0.0525978191148172,0
2452,0413,1,2026-06-14 04:43:40,0.0525978191148172,0
2453,0354,1,2026-06-14 04:43:50,0.0525978191148172,0
2454,0413,1,2026-06-14 04:43:50,0.0525978191148172,0
2455,0354,1,2026-06-14 04:44:00,0.0525978191148172,0
2456,0413,1,2026-06-14 04:44:00,0.0525978191148172,0
2457,0413,1,2026-06-14 04:44:10,0.0525978191148172,0
2458,0413,1,2026-06-14 04:44:20,0.0525978191148172,0
2459,0413,1,2026-06-14 04:44:30,0.0525978191148172,0
2460,0049,1,2026-06-14 04:44:40,0.4640795381654907,0
2461,0139,1,2026-06-14 04:44:40,0.9204618345093009,1
2462,0413,1,2026-06-14 04:44:40,0.0525978191148172,0
2463,0451,1,2026-06-14 04:44:40,0.7738935214881334,0
2464,0049,1,2026-06-14 04:44:50,0.4640795381654907,0
2465,0084,1,2026-06-14 04:44:50,0.2995509942270687,0
2466,0139,1,2026-06-14 04:44:50,0.9204618345093009,0
2467,0413,1,2026-06-14 04:44:50,0.0525978191148172,0
2468,0451,1,2026-06-14 04:44:50,0.7738935214881334,0
2469,0049,1,2026-06-14 04:45:00,0.4640795381654907,0
2470,0084,1,2026-06-14 04:45:00,0.2995509942270687,0
2471,0139,1,2026-06-14 04:45:00,0.9204618345093009,0
2472,0229,1,2026-06-14 04:45:00,1.0000000000000000,0
2473,0240,1,2026-06-14 04:45:00,0.1927517639512508,0
2474,0271,1,2026-06-14 04:45:00,0.6488133418858243,0
2475,0335,1,2026-06-14 04:45:00,0.6488133418858243,0
2476,0451,1,2026-06-14 04:45:00,0.7738935214881334,0
2477,0049,1,2026-06-14 04:45:10,0.4640795381654907,0
2478,0084,1,2026-06-14 04:45:10,0.2995509942270687,0
2479,0139,1,2026-06-14 04:45:10,0.9204618345093009,1
2480,0139,1,2026-06-14 04:45:10,0.9204618345093009,0
2481,0229,1,2026-06-14 04:45:10,1.0000000000000000,0
2482,0240,1,2026-06-14 04:45:10,0.1927517639512508,0
2483,0271,1,2026-06-14 04:45:10,0.6488133418858243,0
2484,0335,1,2026-06-14 04:45:10,0.6488133418858243,0
2485,0451,1,2026-06-14 04:45:10,0.7738935214881334,0
2486,0049,1,2026-06-14 04:45:20,0.4640795381654907,0
2487,0084,1,2026-06-14 04:45:20,0.2995509942270687,0
2488,0139,1,2026-06-14 04:45:20,0.9204618345093009,0
2489,0229,1,2026-06-14 04:45:20,1.0000000000000000,0
2490,0240,1,2026-06-14 04:45:20,0.1927517639512508,0
2491,0271,1,2026-06-14 04:45:20,0.6488133418858243,0
2492,0335,1,2026-06-14 04:45:20,0.6488133418858243,0
2493,0451,1,2026-06-14 04:45:20,0.7738935214881334,0
2494,0049,1,2026-06-14 04:45:30,0.4640795381654907,0
2495,0084,1,2026-06-14 04:45:30,0.2995509942270687,0
2496,0139,1,2026-06-14 04:45:30,0.9204618345093009,0
2497,0229,1,2026-06-14 04:45:30,1.0000000000000000,0
2498,0240,1,2026-06-14 04:45:30,0.1927517639512508,0
2499,0271,1,2026-06-14 04:45:30,0.6488133418858243,0
2500,0335,1,2026-06-14 04:45:30,0.6488133418858243,0
2501,0451,1,2026-06-14 04:45:30,0.7738935214881334,0
2502,0049,1,2026-06-14 04:45:40,0.4640795381654907,0
2503,0084,1,2026-06-14 04:45:40,0.2995509942270687,0
2504,0139,1,2026-06-14 04:45:40,0.9204618345093009,0
2505,0229,1,2026-06-14 04:45:40,1.0000000000000000,0
2506,0240,1,2026-06-14 04:45:40,0.1927517639512508,0
2507,0271,1,2026-06-14 04:45:40,0.6488133418858243,0
2508,0335,1,2026-06-14 04:45:40,0.6488133418858243,1
2509,0451,1,2026-06-14 04:45:40,0.7738935214881334,0
2510,0049,1,2026-06-14 04:45:50,0.4640795381654907,0
2511,0084,1,2026-06-14 04:45:50,0.2995509942270687,0
2512,0229,1,2026-06-14 04:45:50,1.0000000000000000,0
2513,0240,1,2026-06-14 04:45:50,0.1927517639512508,0
2514,0271,1,2026-06-14 04:45:50,0.6488133418858243,1
2515,0335,1,2026-06-14 04:45:50,0.6488133418858243,0
2516,0361,1,2026-06-14 04:45:50,0.2995509942270687,0
2517,0451,1,2026-06-14 04:45:50,0.7738935214881334,0
2518,0049,1,2026-06-14 04:46:00,0.4640795381654907,0
2519,0084,1,2026-06-14 04:46:00,0.2995509942270687,0
2520,0229,1,2026-06-14 04:46:00,1.0000000000000000,0
2521,0240,1,2026-06-14 04:46:00,0.1927517639512508,0
2522,0271,1,2026-06-14 04:46:00,0.6488133418858243,0
2523,0335,1,2026-06-14 04:46:00,0.6488133418858243,0
2524,0361,1,2026-06-14 04:46:00,0.2995509942270687,0
2525,0451,1,2026-06-14 04:46:00,0.7738935214881334,0
2526,0049,1,2026-06-14 04:46:10,0.4640795381654907,0
2527,0084,1,2026-06-14 04:46:10,0.2995509942270687,0
2528,0229,1,2026-06-14 04:46:10,1.0000000000000000,0
2529,0240,1,2026-06-14 04:46:10,0.1927517639512508,0
2530,0271,1,2026-06-14 04:46:10,0.6488133418858243,0
2531,0361,1,2026-06-14 04:46:10,0.2995509942270687,0
2532,0414,1,2026-06-14 04:46:10,0.7738935214881334,0
2533,0451,1,2026-06-14 04:46:10,0.7738935214881334,0
2534,0084,1,2026-06-14 04:46:20,0.2995509942270687,0
2535,0229,1,2026-06-14 04:46:20,1.0000000000000000,0
2536,0361,1,2026-06-14 04:46:20,0.2995509942270687,0
2537,0414,1,2026-06-14 04:46:20,0.7738935214881334,0
2538,0429,1,2026-06-14 04:46:20,0.2995509942270687,0
2539,0451,1,2026-06-14 04:46:20,0.7738935214881334,0
2540,0084,1,2026-06-14 04:46:30,0.2995509942270687,0
2541,0229,1,2026-06-14 04:46:30,1.0000000000000000,0
2542,0361,1,2026-06-14 04:46:30,0.2995509942270687,0
2543,0414,1,2026-06-14 04:46:30,0.7738935214881334,0
2544,0429,1,2026-06-14 04:46:30,0.2995509942270687,0
2545,0445,1,2026-06-14 04:46:30,0.4640795381654907,0
2546,0451,1,2026-06-14 04:46:30,0.7738935214881334,0
2547,0229,1,2026-06-14 04:46:40,1.0000000000000000,0
2548,0361,1,2026-06-14 04:46:40,0.2995509942270687,0
2549,0414,1,2026-06-14 04:46:40,0.7738935214881334,0
2550,0429,1,2026-06-14 04:46:40,0.2995509942270687,0
2551,0445,1,2026-06-14 04:46:40,0.4640795381654907,0
2552,0361,1,2026-06-14 04:46:50,0.2995509942270687,0
2553,0414,1,2026-06-14 04:46:50,0.7738935214881334,0
2554,0429,1,2026-06-14 04:46:50,0.2995509942270687,1
2555,0445,1,2026-06-14 04:46:50,0.4640795381654907,0
2556,0361,1,2026-06-14 04:47:00,0.2995509942270687,0
2557,0414,1,2026-06-14 04:47:00,0.7738935214881334,0
2558,0429,1,2026-06-14 04:47:00,0.2995509942270687,1
2559,0445,1,2026-06-14 04:47:00,0.4640795381654907,0
2560,0361,1,2026-06-14 04:47:10,0.2995509942270687,0
2561,0414,1,2026-06-14 04:47:10,0.7738935214881334,0
2562,0429,1,2026-06-14 04:47:10,0.2995509942270687,0
2563,0445,1,2026-06-14 04:47:10,0.4640795381654907,0
2564,0054,1,2026-06-14 04:47:20,0.5381654906991661,0
2565,0414,1,2026-06-14 04:47:20,0.7738935214881334,0
2566,0429,1,2026-06-14 04:47:20,0.2995509942270687,0
2567,0445,1,2026-06-14 04:47:20,0.4640795381654907,0
2568,0054,1,2026-06-14 04:47:30,0.5381654906991661,0
2569,0414,1,2026-06-14 04:47:30,0.7738935214881334,0
2570,0429,1,2026-06-14 04:47:30,0.2995509942270687,0
2571,0445,1,2026-06-14 04:47:30,0.4640795381654907,0
2572,0054,1,2026-06-14 04:47:40,0.5381654906991661,0
2573,0414,1,2026-06-14 04:47:40,0.7738935214881334,0
2574,0429,1,2026-06-14 04:47:40,0.2995509942270687,0
2575,0445,1,2026-06-14 04:47:40,0.4640795381654907,0
2576,0054,1,2026-06-14 04:47:50,0.5381654906991661,0
2577,0227,1,2026-06-14 04:47:50,0.7738935214881334,0
2578,0414,1,2026-06-14 04:47:50,0.7738935214881334,0
2579,0429,1,2026-06-14 04:47:50,0.2995509942270687,0
2580,0054,1,2026-06-14 04:48:00,0.5381654906991661,0
2581,0429,1,2026-06-14 04:48:00,0.2995509942270687,0
2582,0054,1,2026-06-14 04:48:10,0.5381654906991661,0
2583,0429,1,2026-06-14 04:48:10,0.2995509942270687,0
2584,0054,1,2026-06-14 04:48:20,0.5381654906991661,0
2585,0054,1,2026-06-14 04:48:30,0.5381654906991661,1
2586,0054,1,2026-06-14 04:48:40,0.5381654906991661,0
2587,0466,1,2026-06-14 06:12:40,0.6488133418858243,0
2588,0466,1,2026-06-14 06:12:50,0.6488133418858243,0
2589,0466,1,2026-06-14 06:13:00,0.6488133418858243,0
2590,0193,1,2026-06-14 06:13:10,0.5381654906991661,0
2591,0466,1,2026-06-14 06:13:10,0.6488133418858243,0
2592,0193,1,2026-06-14 06:13:20,0.5381654906991661,0
2593,0466,1,2026-06-14 06:13:20,0.6488133418858243,0
2594,0193,1,2026-06-14 06:13:30,0.5381654906991661,0
2595,0466,1,2026-06-14 06:13:30,0.6488133418858243,0
2596,0193,1,2026-06-14 06:13:40,0.5381654906991661,0
2597,0466,1,2026-06-14 06:13:40,0.6488133418858243,0
2598,0193,1,2026-06-14 06:13:50,0.5381654906991661,0
2599,0466,1,2026-06-14 06:13:50,0.6488133418858243,0
2600,0193,1,2026-06-14 06:14:00,0.5381654906991661,0
2601,0466,1,2026-06-14 06:14:00,0.6488133418858243,0
2602,0193,1,2026-06-14 06:14:10,0.5381654906991661,0
2603,0466,1,2026-06-14 06:14:10,0.6488133418858243,0
2604,0193,1,2026-06-14 06:14:20,0.5381654906991661,0
2605,0193,1,2026-06-14 06:14:30,0.5381654906991661,0
2606,0193,1,2026-06-14 06:14:40,0.5381654906991661,0
2607,0481,1,2026-06-14 06:19:10,0.3373957665169981,0
2608,0481,1,2026-06-14 06:19:20,0.3373957665169981,0
2609,0481,1,2026-06-14 06:19:30,0.3373957665169981,0
2610,0481,1,2026-06-14 06:19:40,0.3373957665169981,0
2611,0481,1,2026-06-14 06:19:50,0.3373957665169981,0
2612,0481,1,2026-06-14 06:20:00,0.3373957665169981,0
2613,0481,1,2026-06-14 06:20:10,0.3373957665169981,0
2614,0339,1,2026-06-14 06:20:20,0.7738935214881334,1
2615,0339,1,2026-06-14 06:20:30,0.7738935214881334,0
2616,0339,1,2026-06-14 06:20:40,0.7738935214881334,0
2617,0238,1,2026-06-14 06:20:50,0.6792815907633099,0
2618,0339,1,2026-06-14 06:20:50,0.7738935214881334,1
2619,0339,1,2026-06-14 06:20:50,0.7738935214881334,0
2620,0238,1,2026-06-14 06:21:00,0.6792815907633099,0
2621,0339,1,2026-06-14 06:21:00,0.7738935214881334,0
2622,0339,1,2026-06-14 06:21:00,0.7738935214881334,0
2623,0143,1,2026-06-14 06:21:10,0.1215522771007056,0
2624,0238,1,2026-06-14 06:21:10,0.6792815907633099,0
2625,0339,1,2026-06-14 06:21:10,0.7738935214881334,0
2626,0339,1,2026-06-14 06:21:10,0.7738935214881334,0
2627,0116,1,2026-06-14 06:21:20,0.6019884541372674,0
2628,0143,1,2026-06-14 06:21:20,0.1215522771007056,0
2629,0238,1,2026-06-14 06:21:20,0.6792815907633099,0
2630,0261,1,2026-06-14 06:21:20,0.6019884541372674,0
2631,0339,1,2026-06-14 06:21:20,0.7738935214881334,0
2632,0339,1,2026-06-14 06:21:20,0.7738935214881334,0
2633,0116,1,2026-06-14 06:21:30,0.6019884541372674,0
2634,0143,1,2026-06-14 06:21:30,0.1215522771007056,0
2635,0238,1,2026-06-14 06:21:30,0.6792815907633099,1
2636,0261,1,2026-06-14 06:21:30,0.6019884541372674,0
2637,0339,1,2026-06-14 06:21:30,0.7738935214881334,0
2638,0116,1,2026-06-14 06:21:40,0.6019884541372674,0
2639,0143,1,2026-06-14 06:21:40,0.1215522771007056,1
2640,0238,1,2026-06-14 06:21:40,0.6792815907633099,0
2641,0261,1,2026-06-14 06:21:40,0.6019884541372674,0
2642,0282,1,2026-06-14 06:21:40,0.9204618345093009,0
2643,0339,1,2026-06-14 06:21:40,0.7738935214881334,0
2644,0116,1,2026-06-14 06:21:50,0.6019884541372674,1
2645,0143,1,2026-06-14 06:21:50,0.1215522771007056,0
2646,0238,1,2026-06-14 06:21:50,0.6792815907633099,0
2647,0261,1,2026-06-14 06:21:50,0.6019884541372674,0
2648,0282,1,2026-06-14 06:21:50,0.9204618345093009,0
2649,0338,1,2026-06-14 06:21:50,0.6488133418858243,0
2650,0339,1,2026-06-14 06:21:50,0.7738935214881334,0
2651,0116,1,2026-06-14 06:22:00,0.6019884541372674,0
2652,0143,1,2026-06-14 06:22:00,0.1215522771007056,0
2653,0238,1,2026-06-14 06:22:00,0.6792815907633099,0
2654,0261,1,2026-06-14 06:22:00,0.6019884541372674,1
2655,0282,1,2026-06-14 06:22:00,0.9204618345093009,0
2656,0338,1,2026-06-14 06:22:00,0.6488133418858243,0
2657,0116,1,2026-06-14 06:22:10,0.6019884541372674,0
2658,0143,1,2026-06-14 06:22:10,0.1215522771007056,0
2659,0238,1,2026-06-14 06:22:10,0.6792815907633099,0
2660,0261,1,2026-06-14 06:22:10,0.6019884541372674,1
2661,0282,1,2026-06-14 06:22:10,0.9204618345093009,0
2662,0338,1,2026-06-14 06:22:10,0.6488133418858243,0
2663,0116,1,2026-06-14 06:22:20,0.6019884541372674,0
2664,0143,1,2026-06-14 06:22:20,0.1215522771007056,0
2665,0238,1,2026-06-14 06:22:20,0.6792815907633099,0
2666,0261,1,2026-06-14 06:22:20,0.6019884541372674,0
2667,0282,1,2026-06-14 06:22:20,0.9204618345093009,0
2668,0338,1,2026-06-14 06:22:20,0.6488133418858243,0
2669,0116,1,2026-06-14 06:22:30,0.6019884541372674,0
2670,0143,1,2026-06-14 06:22:30,0.1215522771007056,0
2671,0261,1,2026-06-14 06:22:30,0.6019884541372674,0
2672,0282,1,2026-06-14 06:22:30,0.9204618345093009,0
2673,0338,1,2026-06-14 06:22:30,0.6488133418858243,0
2674,0116,1,2026-06-14 06:22:40,0.6019884541372674,0
2675,0143,1,2026-06-14 06:22:40,0.1215522771007056,0
2676,0261,1,2026-06-14 06:22:40,0.6019884541372674,0
2677,0338,1,2026-06-14 06:22:40,0.6488133418858243,0
2678,0261,1,2026-06-14 06:22:50,0.6019884541372674,0
2679,0261,1,2026-06-14 06:23:00,0.6019884541372674,0
2680,0261,1,2026-06-14 06:23:10,0.6019884541372674,0
2681,0118,1,2026-06-14 06:28:40,0.3373957665169981,0
2682,0118,1,2026-06-14 06:28:50,0.3373957665169981,0
2683,0118,1,2026-06-14 06:29:00,0.3373957665169981,0
2684,0334,1,2026-06-14 06:32:30,0.5381654906991661,0
2685,0334,1,2026-06-14 06:32:40,0.5381654906991661,0
2686,0334,1,2026-06-14 06:32:50,0.5381654906991661,0
2687,0334,1,2026-06-14 06:33:00,0.5381654906991661,0
2688,0334,1,2026-06-14 06:33:10,0.5381654906991661,0
2689,0334,1,2026-06-14 06:33:20,0.5381654906991661,0
2690,0334,1,2026-06-14 06:33:30,0.5381654906991661,0
2691,0334,1,2026-06-14 06:33:40,0.5381654906991661,0
2692,0334,1,2026-06-14 06:33:50,0.5381654906991661,0
2693,0334,1,2026-06-14 06:34:00,0.5381654906991661,1
2694,0334,1,2026-06-14 06:34:10,0.5381654906991661,0
2695,0216,1,2026-06-14 07:51:20,0.7738935214881334,0
2696,0359,1,2026-06-14 07:51:20,0.0525978191148172,0
2697,0216,1,2026-06-14 07:51:30,0.7738935214881334,0
2698,0359,1,2026-06-14 07:51:30,0.0525978191148172,0
2699,0216,1,2026-06-14 07:51:40,0.7738935214881334,0
2700,0359,1,2026-06-14 07:51:40,0.0525978191148172,0
2701,0216,1,2026-06-14 07:51:50,0.7738935214881334,0
2702,0359,1,2026-06-14 07:51:50,0.0525978191148172,0
2703,0470,1,2026-06-14 07:51:50,0.7738935214881334,0
2704,0216,1,2026-06-14 07:52:00,0.7738935214881334,0
2705,0359,1,2026-06-14 07:52:00,0.0525978191148172,0
2706,0470,1,2026-06-14 07:52:00,0.7738935214881334,0
2707,0216,1,2026-06-14 07:52:10,0.7738935214881334,0
2708,0359,1,2026-06-14 07:52:10,0.0525978191148172,0
2709,0470,1,2026-06-14 07:52:10,0.7738935214881334,0
2710,0216,1,2026-06-14 07:52:20,0.7738935214881334,0
2711,0359,1,2026-06-14 07:52:20,0.0525978191148172,0
2712,0470,1,2026-06-14 07:52:20,0.7738935214881334,0
2713,0216,1,2026-06-14 07:52:30,0.7738935214881334,0
2714,0359,1,2026-06-14 07:52:30,0.0525978191148172,0
2715,0470,1,2026-06-14 07:52:30,0.7738935214881334,0
2716,0359,1,2026-06-14 07:52:40,0.0525978191148172,0
2717,0470,1,2026-06-14 07:52:40,0.7738935214881334,0
2718,0359,1,2026-06-14 07:52:50,0.0525978191148172,0
2719,0470,1,2026-06-14 07:52:50,0.7738935214881334,0
2720,0359,1,2026-06-14 07:53:00,0.0525978191148172,0
2721,0470,1,2026-06-14 07:53:00,0.7738935214881334,0
2722,0359,1,2026-06-14 07:53:10,0.0525978191148172,0
2723,0470,1,2026-06-14 07:53:10,0.7738935214881334,0
2724,0382,1,2026-06-14 07:53:20,0.6792815907633099,0
2725,0470,1,2026-06-14 07:53:20,0.7738935214881334,0
2726,0382,1,2026-06-14 07:53:30,0.6792815907633099,0
2727,0470,1,2026-06-14 07:53:30,0.7738935214881334,1
2728,0382,1,2026-06-14 07:53:40,0.6792815907633099,0
2729,0382,1,2026-06-14 07:53:50,0.6792815907633099,0
2730,0056,1,2026-06-14 07:54:00,1.0000000000000000,0
2731,0382,1,2026-06-14 07:54:00,0.6792815907633099,0
2732,0056,1,2026-06-14 07:54:10,1.0000000000000000,0
2733,0382,1,2026-06-14 07:54:10,0.6792815907633099,0
2734,0056,1,2026-06-14 07:54:20,1.0000000000000000,0
2735,0056,1,2026-06-14 07:54:30,1.0000000000000000,0
2736,0056,1,2026-06-14 07:54:40,1.0000000000000000,0
2737,0056,1,2026-06-14 07:54:50,1.0000000000000000,0
2738,0056,1,2026-06-14 07:55:00,1.0000000000000000,0
2739,0136,1,2026-06-14 07:55:30,0.6792815907633099,0
2740,0110,1,2026-06-14 07:55:40,0.1215522771007056,0
2741,0136,1,2026-06-14 07:55:40,0.6792815907633099,0
2742,0224,1,2026-06-14 07:55:40,0.4640795381654907,0
2743,0110,1,2026-06-14 07:55:50,0.1215522771007056,0
2744,0136,1,2026-06-14 07:55:50,0.6792815907633099,0
2745,0224,1,2026-06-14 07:55:50,0.4640795381654907,1
2746,0110,1,2026-06-14 07:56:00,0.1215522771007056,0
2747,0136,1,2026-06-14 07:56:00,0.6792815907633099,0
2748,0224,1,2026-06-14 07:56:00,0.4640795381654907,0
2749,0110,1,2026-06-14 07:56:10,0.1215522771007056,0
2750,0136,1,2026-06-14 07:56:10,0.6792815907633099,0
2751,0224,1,2026-06-14 07:56:10,0.4640795381654907,0
2752,0110,1,2026-06-14 07:56:20,0.1215522771007056,0
2753,0136,1,2026-06-14 07:56:20,0.6792815907633099,0
2754,0224,1,2026-06-14 07:56:20,0.4640795381654907,0
2755,0110,1,2026-06-14 07:56:30,0.1215522771007056,0
2756,0136,1,2026-06-14 07:56:30,0.6792815907633099,0
2757,0224,1,2026-06-14 07:56:30,0.4640795381654907,0
2758,0110,1,2026-06-14 07:56:40,0.1215522771007056,0
2759,0136,1,2026-06-14 07:56:40,0.6792815907633099,0
2760,0224,1,2026-06-14 07:56:40,0.4640795381654907,0
2761,0110,1,2026-06-14 07:56:50,0.1215522771007056,0
2762,0136,1,2026-06-14 07:56:50,0.6792815907633099,0
2763,0147,1,2026-06-14 07:56:50,1.0000000000000000,0
2764,0224,1,2026-06-14 07:56:50,0.4640795381654907,0
2765,0110,1,2026-06-14 07:57:00,0.1215522771007056,0
2766,0147,1,2026-06-14 07:57:00,1.0000000000000000,0
2767,0224,1,2026-06-14 07:57:00,0.4640795381654907,0
2768,0110,1,2026-06-14 07:57:10,0.1215522771007056,0
2769,0147,1,2026-06-14 07:57:10,1.0000000000000000,0
2770,0224,1,2026-06-14 07:57:10,0.4640795381654907,0
2771,0110,1,2026-06-14 07:57:20,0.1215522771007056,0
2772,0147,1,2026-06-14 07:57:20,1.0000000000000000,0
2773,0224,1,2026-06-14 07:57:20,0.4640795381654907,0
2774,0224,1,2026-06-14 07:57:30,0.4640795381654907,0
2775,0072,1,2026-06-14 07:58:20,0.5381654906991661,0
2776,0097,1,2026-06-14 07:58:20,0.4640795381654907,0
2777,0105,1,2026-06-14 07:58:20,0.1927517639512508,0
2778,0072,1,2026-06-14 07:58:30,0.5381654906991661,0
2779,0097,1,2026-06-14 07:58:30,0.4640795381654907,0
2780,0105,1,2026-06-14 07:58:30,0.1927517639512508,1
2781,0072,1,2026-06-14 07:58:40,0.5381654906991661,0
2782,0097,1,2026-06-14 07:58:40,0.4640795381654907,1
2783,0105,1,2026-06-14 07:58:40,0.1927517639512508,0
2784,0323,1,2026-06-14 07:58:40,0.4640795381654907,0
2785,0072,1,2026-06-14 07:58:50,0.5381654906991661,0
2786,0097,1,2026-06-14 07:58:50,0.4640795381654907,0
2787,0105,1,2026-06-14 07:58:50,0.1927517639512508,0
2788,0323,1,2026-06-14 07:58:50,0.4640795381654907,0
2789,0072,1,2026-06-14 07:59:00,0.5381654906991661,0
2790,0076,1,2026-06-14 07:59:00,0.1215522771007056,0
2791,0105,1,2026-06-14 07:59:00,0.1927517639512508,0
2792,0323,1,2026-06-14 07:59:00,0.4640795381654907,0
2793,0072,1,2026-06-14 07:59:10,0.5381654906991661,0
2794,0076,1,2026-06-14 07:59:10,0.1215522771007056,0
2795,0105,1,2026-06-14 07:59:10,0.1927517639512508,0
2796,0323,1,2026-06-14 07:59:10,0.4640795381654907,0
2797,0072,1,2026-06-14 07:59:20,0.5381654906991661,0
2798,0076,1,2026-06-14 07:59:20,0.1215522771007056,0
2799,0105,1,2026-06-14 07:59:20,0.1927517639512508,0
2800,0323,1,2026-06-14 07:59:20,0.4640795381654907,0
2801,0072,1,2026-06-14 07:59:30,0.5381654906991661,0
2802,0076,1,2026-06-14 07:59:30,0.1215522771007056,0
2803,0105,1,2026-06-14 07:59:30,0.1927517639512508,0
2804,0323,1,2026-06-14 07:59:30,0.4640795381654907,0
2805,0072,1,2026-06-14 07:59:40,0.5381654906991661,0
2806,0076,1,2026-06-14 07:59:40,0.1215522771007056,0
2807,0159,1,2026-06-14 07:59:40,0.2995509942270687,0
2808,0323,1,2026-06-14 07:59:40,0.4640795381654907,0
2809,0072,1,2026-06-14 07:59:50,0.5381654906991661,0
2810,0076,1,2026-06-14 07:59:50,0.1215522771007056,0
2811,0159,1,2026-06-14 07:59:50,0.2995509942270687,0
2812,0323,1,2026-06-14 07:59:50,0.4640795381654907,0
2813,0072,1,2026-06-14 08:00:00,0.5381654906991661,0
2814,0076,1,2026-06-14 08:00:00,0.1215522771007056,0
2815,0159,1,2026-06-14 08:00:00,0.2995509942270687,0
2816,0270,1,2026-06-14 08:00:00,0.6019884541372674,0
2817,0323,1,2026-06-14 08:00:00,0.4640795381654907,0
2818,0072,1,2026-06-14 08:00:10,0.5381654906991661,0
2819,0076,1,2026-06-14 08:00:10,0.1215522771007056,0
2820,0159,1,2026-06-14 08:00:10,0.2995509942270687,0
2821,0270,1,2026-06-14 08:00:10,0.6019884541372674,0
2822,0323,1,2026-06-14 08:00:10,0.4640795381654907,0
2823,0076,1,2026-06-14 08:00:20,0.1215522771007056,0
2824,0159,1,2026-06-14 08:00:20,0.2995509942270687,0
2825,0270,1,2026-06-14 08:00:20,0.6019884541372674,0
2826,0323,1,2026-06-14 08:00:20,0.4640795381654907,0
2827,0076,1,2026-06-14 08:00:30,0.1215522771007056,0
2828,0159,1,2026-06-14 08:00:30,0.2995509942270687,0
2829,0270,1,2026-06-14 08:00:30,0.6019884541372674,0
2830,0323,1,2026-06-14 08:00:30,0.4640795381654907,0
2831,0076,1,2026-06-14 08:00:40,0.1215522771007056,0
2832,0159,1,2026-06-14 08:00:40,0.2995509942270687,0
2833,0270,1,2026-06-14 08:00:40,0.6019884541372674,0
2834,0076,1,2026-06-14 08:00:50,0.1215522771007056,0
2835,0159,1,2026-06-14 08:00:50,0.2995509942270687,0
2836,0270,1,2026-06-14 08:00:50,0.6019884541372674,0
2837,0159,1,2026-06-14 08:01:00,0.2995509942270687,0
2838,0100,1,2026-06-14 08:05:00,0.2995509942270687,0
2839,0100,1,2026-06-14 08:05:10,0.2995509942270687,0
2840,0100,1,2026-06-14 08:05:20,0.2995509942270687,0
2841,0100,1,2026-06-14 08:05:30,0.2995509942270687,0
2842,0100,1,2026-06-14 08:05:40,0.2995509942270687,0
2843,0100,1,2026-06-14 08:05:50,0.2995509942270687,0
2844,0100,1,2026-06-14 08:06:00,0.2995509942270687,0
2845,0486,1,2026-06-14 08:06:20,0.3373957665169981,0
2846,0486,1,2026-06-14 08:06:30,0.3373957665169981,0
2847,0486,1,2026-06-14 08:06:40,0.3373957665169981,0
2848,0486,1,2026-06-14 08:06:50,0.3373957665169981,0
2849,0486,1,2026-06-14 08:06:50,0.3373957665169981,0
2850,0486,1,2026-06-14 08:07:00,0.3373957665169981,0
2851,0486,1,2026-06-14 08:07:00,0.3373957665169981,1
2852,0486,1,2026-06-14 08:07:10,0.3373957665169981,0
2853,0486,1,2026-06-14 08:07:10,0.3373957665169981,0
2854,0486,1,2026-06-14 08:07:20,0.3373957665169981,1
2855,0486,1,2026-06-14 08:07:20,0.3373957665169981,0
2856,0486,1,2026-06-14 08:07:30,0.3373957665169981,1
2857,0486,1,2026-06-14 08:07:30,0.3373957665169981,0
2858,0486,1,2026-06-14 08:07:40,0.3373957665169981,0
2859,0486,1,2026-06-14 08:07:50,0.3373957665169981,0
2860,0486,1,2026-06-14 08:08:00,0.3373957665169981,0
2861,006,1,2026-06-14 08:08:50,0.9204618345093009,0
2862,006,1,2026-06-14 08:09:00,0.9204618345093009,0
2863,0023,1,2026-06-14 08:09:00,0.0525978191148172,0
2864,006,1,2026-06-14 08:09:10,0.9204618345093009,1
2865,0023,1,2026-06-14 08:09:10,0.0525978191148172,0
2866,006,1,2026-06-14 08:09:20,0.9204618345093009,0
2867,0023,1,2026-06-14 08:09:20,0.0525978191148172,0
2868,006,1,2026-06-14 08:09:30,0.9204618345093009,0
2869,0023,1,2026-06-14 08:09:30,0.0525978191148172,0
2870,006,1,2026-06-14 08:09:40,0.9204618345093009,0
2871,0023,1,2026-06-14 08:09:40,0.0525978191148172,0
2872,006,1,2026-06-14 08:09:50,0.9204618345093009,0
2873,006,1,2026-06-14 08:10:00,0.9204618345093009,0
2874,006,1,2026-06-14 08:10:10,0.9204618345093009,0
2875,006,1,2026-06-14 08:10:20,0.9204618345093009,0
2876,0030,1,2026-06-14 08:16:20,0.1927517639512508,0
2877,0030,1,2026-06-14 08:16:30,0.1927517639512508,0
2878,0030,1,2026-06-14 08:16:40,0.1927517639512508,0
2879,0030,1,2026-06-14 08:16:50,0.1927517639512508,0
2880,0030,1,2026-06-14 08:17:00,0.1927517639512508,0
2881,0030,1,2026-06-14 08:17:10,0.1927517639512508,0
2882,0030,1,2026-06-14 08:17:20,0.1927517639512508,0
2883,0030,1,2026-06-14 08:17:30,0.1927517639512508,0
2884,0016,1,2026-06-14 09:30:10,0.4640795381654907,0
2885,0016,1,2026-06-14 09:30:10,0.4640795381654907,0
2886,0178,1,2026-06-14 09:30:10,0.1927517639512508,0
2887,0016,1,2026-06-14 09:30:20,0.4640795381654907,0
2888,0016,1,2026-06-14 09:30:20,0.4640795381654907,1
2889,0178,1,2026-06-14 09:30:20,0.1927517639512508,0
2890,0016,1,2026-06-14 09:30:30,0.4640795381654907,0
2891,0016,1,2026-06-14 09:30:30,0.4640795381654907,0
2892,0016,1,2026-06-14 09:30:30,0.4640795381654907,0
2893,0178,1,2026-06-14 09:30:30,0.1927517639512508,0
2894,0016,1,2026-06-14 09:30:40,0.4640795381654907,0
2895,0016,1,2026-06-14 09:30:40,0.4640795381654907,0
2896,0016,1,2026-06-14 09:30:40,0.4640795381654907,0
2897,0016,1,2026-06-14 09:30:40,0.4640795381654907,0
2898,0178,1,2026-06-14 09:30:40,0.1927517639512508,1
2899,0016,1,2026-06-14 09:30:50,0.4640795381654907,0
2900,0016,1,2026-06-14 09:30:50,0.4640795381654907,0
2901,0016,1,2026-06-14 09:30:50,0.4640795381654907,1
2902,0016,1,2026-06-14 09:30:50,0.4640795381654907,0
2903,0178,1,2026-06-14 09:30:50,0.1927517639512508,0
2904,0016,1,2026-06-14 09:31:00,0.4640795381654907,0
2905,0016,1,2026-06-14 09:31:00,0.4640795381654907,0
2906,0016,1,2026-06-14 09:31:00,0.4640795381654907,0
2907,0016,1,2026-06-14 09:31:00,0.4640795381654907,0
2908,0016,1,2026-06-14 09:31:00,0.4640795381654907,0
2909,0178,1,2026-06-14 09:31:00,0.1927517639512508,0
2910,0016,1,2026-06-14 09:31:10,0.4640795381654907,0
2911,0016,1,2026-06-14 09:31:10,0.4640795381654907,0
2912,0016,1,2026-06-14 09:31:10,0.4640795381654907,0
2913,0016,1,2026-06-14 09:31:10,0.4640795381654907,0
2914,0016,1,2026-06-14 09:31:10,0.4640795381654907,0
2915,0016,1,2026-06-14 09:31:10,0.4640795381654907,0
2916,0178,1,2026-06-14 09:31:10,0.1927517639512508,0
2917,0247,1,2026-06-14 09:31:10,0.7738935214881334,0
2918,0247,1,2026-06-14 09:31:10,0.7738935214881334,1
2919,0276,1,2026-06-14 09:31:10,0.0525978191148172,0
2920,0016,1,2026-06-14 09:31:20,0.4640795381654907,0
2921,0016,1,2026-06-14 09:31:20,0.4640795381654907,0
2922,0016,1,2026-06-14 09:31:20,0.4640795381654907,0
2923,0016,1,2026-06-14 09:31:20,0.4640795381654907,0
2924,0016,1,2026-06-14 09:31:20,0.4640795381654907,0
2925,0016,1,2026-06-14 09:31:20,0.4640795381654907,0
2926,0178,1,2026-06-14 09:31:20,0.1927517639512508,0
2927,0199,1,2026-06-14 09:31:20,0.1215522771007056,0
2928,0247,1,2026-06-14 09:31:20,0.7738935214881334,0
2929,0247,1,2026-06-14 09:31:20,0.7738935214881334,0
2930,0276,1,2026-06-14 09:31:20,0.0525978191148172,0
2931,0016,1,2026-06-14 09:31:30,0.4640795381654907,0
2932,0016,1,2026-06-14 09:31:30,0.4640795381654907,0
2933,0016,1,2026-06-14 09:31:30,0.4640795381654907,0
2934,0178,1,2026-06-14 09:31:30,0.1927517639512508,0
2935,0199,1,2026-06-14 09:31:30,0.1215522771007056,0
2936,0247,1,2026-06-14 09:31:30,0.7738935214881334,0
2937,0247,1,2026-06-14 09:31:30,0.7738935214881334,0
2938,0247,1,2026-06-14 09:31:30,0.7738935214881334,0
2939,0276,1,2026-06-14 09:31:30,0.0525978191148172,0
2940,0016,1,2026-06-14 09:31:40,0.4640795381654907,0
2941,0016,1,2026-06-14 09:31:40,0.4640795381654907,0
2942,0016,1,2026-06-14 09:31:40,0.4640795381654907,0
2943,0178,1,2026-06-14 09:31:40,0.1927517639512508,0
2944,0199,1,2026-06-14 09:31:40,0.1215522771007056,0
2945,0247,1,2026-06-14 09:31:40,0.7738935214881334,0
2946,0247,1,2026-06-14 09:31:40,0.7738935214881334,0
2947,0247,1,2026-06-14 09:31:40,0.7738935214881334,1
2948,0247,1,2026-06-14 09:31:40,0.7738935214881334,0
2949,0276,1,2026-06-14 09:31:40,0.0525978191148172,0
2950,0285,1,2026-06-14 09:31:40,1.0000000000000000,0
2951,0016,1,2026-06-14 09:31:50,0.4640795381654907,0
2952,0016,1,2026-06-14 09:31:50,0.4640795381654907,0
2953,0178,1,2026-06-14 09:31:50,0.1927517639512508,0
2954,0199,1,2026-06-14 09:31:50,0.1215522771007056,0
2955,0230,1,2026-06-14 09:31:50,0.4640795381654907,0
2956,0247,1,2026-06-14 09:31:50,0.7738935214881334,0
2957,0247,1,2026-06-14 09:31:50,0.7738935214881334,0
2958,0247,1,2026-06-14 09:31:50,0.7738935214881334,0
2959,0247,1,2026-06-14 09:31:50,0.7738935214881334,0
2960,0247,1,2026-06-14 09:31:50,0.7738935214881334,0
2961,0276,1,2026-06-14 09:31:50,0.0525978191148172,0
2962,0285,1,2026-06-14 09:31:50,1.0000000000000000,0
2963,0353,1,2026-06-14 09:31:50,1.0000000000000000,0
2964,0042,1,2026-06-14 09:32:00,0.3373957665169981,0
2965,0134,1,2026-06-14 09:32:00,0.9204618345093009,0
2966,0155,1,2026-06-14 09:32:00,0.2995509942270687,0
2967,0199,1,2026-06-14 09:32:00,0.1215522771007056,0
2968,0211,1,2026-06-14 09:32:00,0.2995509942270687,0
2969,0230,1,2026-06-14 09:32:00,0.4640795381654907,0
2970,0247,1,2026-06-14 09:32:00,0.7738935214881334,0
2971,0247,1,2026-06-14 09:32:00,0.7738935214881334,0
2972,0247,1,2026-06-14 09:32:00,0.7738935214881334,0
2973,0269,1,2026-06-14 09:32:00,0.7738935214881334,0
2974,0276,1,2026-06-14 09:32:00,0.0525978191148172,0
2975,0285,1,2026-06-14 09:32:00,1.0000000000000000,0
2976,0327,1,2026-06-14 09:32:00,0.9204618345093009,0
2977,0353,1,2026-06-14 09:32:00,1.0000000000000000,0
2978,0412,1,2026-06-14 09:32:00,0.7738935214881334,0
2979,0425,1,2026-06-14 09:32:00,0.3373957665169981,0
2980,0042,1,2026-06-14 09:32:10,0.3373957665169981,0
2981,0134,1,2026-06-14 09:32:10,0.9204618345093009,0
2982,0155,1,2026-06-14 09:32:10,0.2995509942270687,0
2983,0199,1,2026-06-14 09:32:10,0.1215522771007056,0
2984,0211,1,2026-06-14 09:32:10,0.2995509942270687,0
2985,0230,1,2026-06-14 09:32:10,0.4640795381654907,0
2986,0247,1,2026-06-14 09:32:10,0.7738935214881334,0
2987,0247,1,2026-06-14 09:32:10,0.7738935214881334,0
2988,0247,1,2026-06-14 09:32:10,0.7738935214881334,0
2989,0269,1,2026-06-14 09:32:10,0.7738935214881334,0
2990,0276,1,2026-06-14 09:32:10,0.0525978191148172,0
2991,0285,1,2026-06-14 09:32:10,1.0000000000000000,0
2992,0327,1,2026-06-14 09:32:10,0.9204618345093009,0
2993,0353,1,2026-06-14 09:32:10,1.0000000000000000,0
2994,0412,1,2026-06-14 09:32:10,0.7738935214881334,0
2995,0425,1,2026-06-14 09:32:10,0.3373957665169981,0
2996,0042,1,2026-06-14 09:32:20,0.3373957665169981,0
2997,0134,1,2026-06-14 09:32:20,0.9204618345093009,0
2998,0155,1,2026-06-14 09:32:20,0.2995509942270687,0
2999,0199,1,2026-06-14 09:32:20,0.1215522771007056,0
3000,0211,1,2026-06-14 09:32:20,0.2995509942270687,0
3001,0230,1,2026-06-14 09:32:20,0.4640795381654907,0
3002,0247,1,2026-06-14 09:32:20,0.7738935214881334,0
3003,0247,1,2026-06-14 09:32:20,0.7738935214881334,0
3004,0247,1,2026-06-14 09:32:20,0.7738935214881334,0
3005,0269,1,2026-06-14 09:32:20,0.7738935214881334,0
3006,0276,1,2026-06-14 09:32:20,0.0525978191148172,0
3007,0285,1,2026-06-14 09:32:20,1.0000000000000000,0
3008,0306,1,2026-06-14 09:32:20,0.6019884541372674,0
3009,0327,1,2026-06-14 09:32:20,0.9204618345093009,0
3010,0353,1,2026-06-14 09:32:20,1.0000000000000000,0
3011,0412,1,2026-06-14 09:32:20,0.7738935214881334,0
3012,0425,1,2026-06-14 09:32:20,0.3373957665169981,0
3013,0042,1,2026-06-14 09:32:30,0.3373957665169981,0
3014,0134,1,2026-06-14 09:32:30,0.9204618345093009,0
3015,0155,1,2026-06-14 09:32:30,0.2995509942270687,0
3016,0199,1,2026-06-14 09:32:30,0.1215522771007056,0
3017,0211,1,2026-06-14 09:32:30,0.2995509942270687,0
3018,0230,1,2026-06-14 09:32:30,0.4640795381654907,0
3019,0247,1,2026-06-14 09:32:30,0.7738935214881334,0
3020,0247,1,2026-06-14 09:32:30,0.7738935214881334,0
3021,0247,1,2026-06-14 09:32:30,0.7738935214881334,0
3022,0269,1,2026-06-14 09:32:30,0.7738935214881334,0
3023,0276,1,2026-06-14 09:32:30,0.0525978191148172,0
3024,0285,1,2026-06-14 09:32:30,1.0000000000000000,0
3025,0306,1,2026-06-14 09:32:30,0.6019884541372674,0
3026,0327,1,2026-06-14 09:32:30,0.9204618345093009,0
3027,0353,1,2026-06-14 09:32:30,1.0000000000000000,0
3028,0412,1,2026-06-14 09:32:30,0.7738935214881334,0
3029,0425,1,2026-06-14 09:32:30,0.3373957665169981,0
3030,0042,1,2026-06-14 09:32:40,0.3373957665169981,0
3031,0108,1,2026-06-14 09:32:40,0.1927517639512508,0
3032,0134,1,2026-06-14 09:32:40,0.9204618345093009,0
3033,0155,1,2026-06-14 09:32:40,0.2995509942270687,0
3034,0199,1,2026-06-14 09:32:40,0.1215522771007056,0
3035,0247,1,2026-06-14 09:32:40,0.7738935214881334,0
3036,0247,1,2026-06-14 09:32:40,0.7738935214881334,0
3037,0269,1,2026-06-14 09:32:40,0.7738935214881334,0
3038,0276,1,2026-06-14 09:32:40,0.0525978191148172,0
3039,0285,1,2026-06-14 09:32:40,1.0000000000000000,0
3040,0327,1,2026-06-14 09:32:40,0.9204618345093009,0
3041,0412,1,2026-06-14 09:32:40,0.7738935214881334,0
3042,0425,1,2026-06-14 09:32:40,0.3373957665169981,0
3043,0042,1,2026-06-14 09:32:50,0.3373957665169981,0
3044,0108,1,2026-06-14 09:32:50,0.1927517639512508,0
3045,0134,1,2026-06-14 09:32:50,0.9204618345093009,0
3046,0155,1,2026-06-14 09:32:50,0.2995509942270687,0
3047,0199,1,2026-06-14 09:32:50,0.1215522771007056,0
3048,0269,1,2026-06-14 09:32:50,0.7738935214881334,0
3049,0285,1,2026-06-14 09:32:50,1.0000000000000000,0
3050,0327,1,2026-06-14 09:32:50,0.9204618345093009,0
3051,0412,1,2026-06-14 09:32:50,0.7738935214881334,0
3052,0425,1,2026-06-14 09:32:50,0.3373957665169981,0
3053,0042,1,2026-06-14 09:33:00,0.3373957665169981,0
3054,0108,1,2026-06-14 09:33:00,0.1927517639512508,0
3055,0134,1,2026-06-14 09:33:00,0.9204618345093009,0
3056,0155,1,2026-06-14 09:33:00,0.2995509942270687,0
3057,0199,1,2026-06-14 09:33:00,0.1215522771007056,0
3058,0269,1,2026-06-14 09:33:00,0.7738935214881334,0
3059,0285,1,2026-06-14 09:33:00,1.0000000000000000,0
3060,0327,1,2026-06-14 09:33:00,0.9204618345093009,0
3061,0403,1,2026-06-14 09:33:00,0.5381654906991661,0
3062,0412,1,2026-06-14 09:33:00,0.7738935214881334,0
3063,0042,1,2026-06-14 09:33:10,0.3373957665169981,0
3064,0108,1,2026-06-14 09:33:10,0.1927517639512508,0
3065,0134,1,2026-06-14 09:33:10,0.9204618345093009,0
3066,0155,1,2026-06-14 09:33:10,0.2995509942270687,0
3067,0199,1,2026-06-14 09:33:10,0.1215522771007056,0
3068,0269,1,2026-06-14 09:33:10,0.7738935214881334,0
3069,0327,1,2026-06-14 09:33:10,0.9204618345093009,0
3070,0412,1,2026-06-14 09:33:10,0.7738935214881334,0
3071,0042,1,2026-06-14 09:33:20,0.3373957665169981,0
3072,0108,1,2026-06-14 09:33:20,0.1927517639512508,0
3073,0134,1,2026-06-14 09:33:20,0.9204618345093009,0
3074,0155,1,2026-06-14 09:33:20,0.2995509942270687,0
3075,0269,1,2026-06-14 09:33:20,0.7738935214881334,0
3076,0327,1,2026-06-14 09:33:20,0.9204618345093009,0
3077,0412,1,2026-06-14 09:33:20,0.7738935214881334,0
3078,0042,1,2026-06-14 09:33:30,0.3373957665169981,0
3079,0108,1,2026-06-14 09:33:30,0.1927517639512508,0
3080,0134,1,2026-06-14 09:33:30,0.9204618345093009,0
3081,0155,1,2026-06-14 09:33:30,0.2995509942270687,0
3082,0269,1,2026-06-14 09:33:30,0.7738935214881334,0
3083,0327,1,2026-06-14 09:33:30,0.9204618345093009,0
3084,0412,1,2026-06-14 09:33:30,0.7738935214881334,0
3085,0042,1,2026-06-14 09:33:40,0.3373957665169981,0
3086,0108,1,2026-06-14 09:33:40,0.1927517639512508,0
3087,0134,1,2026-06-14 09:33:40,0.9204618345093009,0
3088,0155,1,2026-06-14 09:33:40,0.2995509942270687,0
3089,0269,1,2026-06-14 09:33:40,0.7738935214881334,0
3090,0327,1,2026-06-14 09:33:40,0.9204618345093009,0
3091,0412,1,2026-06-14 09:33:40,0.7738935214881334,0
3092,0108,1,2026-06-14 09:33:50,0.1927517639512508,0
3093,0327,1,2026-06-14 09:33:50,0.9204618345093009,0
3094,0108,1,2026-06-14 09:34:00,0.1927517639512508,0
3095,0108,1,2026-06-14 09:34:10,0.1927517639512508,0
3096,0495,1,2026-06-14 09:35:30,0.9204618345093009,0
3097,0495,1,2026-06-14 09:35:40,0.9204618345093009,0
3098,0423,1,2026-06-14 09:35:50,0.1215522771007056,0
3099,0495,1,2026-06-14 09:35:50,0.9204618345093009,0
3100,0423,1,2026-06-14 09:36:00,0.1215522771007056,0
3101,0495,1,2026-06-14 09:36:00,0.9204618345093009,0
3102,0423,1,2026-06-14 09:36:10,0.1215522771007056,0
3103,0495,1,2026-06-14 09:36:10,0.9204618345093009,0
3104,0423,1,2026-06-14 09:36:20,0.1215522771007056,0
3105,0495,1,2026-06-14 09:36:20,0.9204618345093009,0
3106,0423,1,2026-06-14 09:36:30,0.1215522771007056,0
3107,0495,1,2026-06-14 09:36:30,0.9204618345093009,0
3108,0423,1,2026-06-14 09:36:40,0.1215522771007056,0
3109,0495,1,2026-06-14 09:36:40,0.9204618345093009,0
3110,0423,1,2026-06-14 09:36:50,0.1215522771007056,0
3111,0495,1,2026-06-14 09:36:50,0.9204618345093009,0
3112,0423,1,2026-06-14 09:37:00,0.1215522771007056,0
3113,0495,1,2026-06-14 09:37:00,0.9204618345093009,0
3114,0423,1,2026-06-14 09:37:10,0.1215522771007056,0
3115,0495,1,2026-06-14 09:37:10,0.9204618345093009,0
3116,0423,1,2026-06-14 09:37:20,0.1215522771007056,0
3117,0495,1,2026-06-14 09:37:20,0.9204618345093009,0
