index,ID,satellite,time,score_scenario,selected
0,0064,0,2026-06-13 10:33:50,0.1768707482993197,0
1,0064,0,2026-06-13 10:34:00,0.1768707482993197,0
2,0064,0,2026-06-13 10:34:10,0.1768707482993197,0
3,0064,0,2026-06-13 10:34:20,0.1768707482993197,0
4,0064,0,2026-06-13 10:34:30,0.1768707482993197,0
5,0064,0,2026-06-13 10:34:40,0.1768707482993197,0
6,0064,0,2026-06-13 10:34:50,0.1768707482993197,0
7,0064,0,2026-06-13 10:35:00,0.1768707482993197,0
8,0064,0,2026-06-13 10:35:10,0.1768707482993197,0
9,0064,0,2026-06-13 10:35:20,0.1768707482993197,0
10,0201,0,2026-06-13 10:38:30,0.2384953981592637,0
11,0201,0,2026-06-13 10:38:40,0.2384953981592637,0
12,0243,0,2026-06-13 10:38:40,0.9723889555822329,0
13,0201,0,2026-06-13 10:38:50,0.2384953981592637,0
14,0243,0,2026-06-13 10:38:50,0.9723889555822329,0
15,0201,0,2026-06-13 10:39:00,0.2384953981592637,0
16,0243,0,2026-06-13 10:39:00,0.9723889555822329,0
17,0201,0,2026-06-13 10:39:10,0.2384953981592637,0
18,0243,0,2026-06-13 10:39:10,0.9723889555822329,0
19,0201,0,2026-06-13 10:39:20,0.2384953981592637,0
20,0243,0,2026-06-13 10:39:20,0.9723889555822329,0
21,0201,0,2026-06-13 10:39:30,0.2384953981592637,0
22,0243,0,2026-06-13 10:39:30,0.9723889555822329,0
23,0201,0,2026-06-13 10:39:40,0.2384953981592637,0
24,0243,0,2026-06-13 10:39:40,0.9723889555822329,0
25,0201,0,2026-06-13 10:39:50,0.2384953981592637,0
26,0243,0,2026-06-13 10:39:50,0.9723889555822329,0
27,0201,0,2026-06-13 10:40:00,0.2384953981592637,0
28,0243,0,2026-06-13 10:40:00,0.9723889555822329,0
29,0201,0,2026-06-13 10:40:10,0.2384953981592637,0
30,0243,0,2026-06-13 10:40:10,0.9723889555822329,0
31,0201,0,2026-06-13 10:40:20,0.2384953981592637,0
32,0243,0,2026-06-13 10:40:20,0.9723889555822329,0
33,0243,0,2026-06-13 10:40:30,0.9723889555822329,1
34,0111,0,2026-06-13 12:30:00,0.8947579031612645,1
35,0111,0,2026-06-13 12:30:10,0.8947579031612645,0
36,0111,0,2026-06-13 12:30:20,0.8947579031612645,1
37,0136,0,2026-06-13 12:34:00,0.2384953981592637,0
38,0136,0,2026-06-13 12:34:10,0.2384953981592637,0
39,0136,0,2026-06-13 12:34:20,0.2384953981592637,0
40,0136,0,2026-06-13 12:34:30,0.2384953981592637,1
41,0136,0,2026-06-13 12:34:40,0.2384953981592637,0
42,0136,0,2026-06-13 12:34:50,0.2384953981592637,0
43,0136,0,2026-06-13 12:35:00,0.2384953981592637,0
44,0136,0,2026-06-13 12:35:10,0.2384953981592637,0
45,0136,0,2026-06-13 12:35:20,0.2384953981592637,0
46,0136,0,2026-06-13 12:35:30,0.2384953981592637,0
47,0136,0,2026-06-13 12:35:40,0.2384953981592637,0
48,0136,0,2026-06-13 12:35:50,0.2384953981592637,0
49,0055,0,2026-06-13 14:12:30,0.8947579031612645,1
50,0055,0,2026-06-13 14:12:40,0.8947579031612645,0
51,0055,0,2026-06-13 14:12:50,0.8947579031612645,0
52,0055,0,2026-06-13 14:13:00,0.8947579031612645,1
53,0055,0,2026-06-13 14:13:00,0.8947579031612645,0
54,0055,0,2026-06-13 14:13:10,0.8947579031612645,0
55,0055,0,2026-06-13 14:13:10,0.8947579031612645,0
56,0055,0,2026-06-13 14:13:20,0.8947579031612645,0
57,0055,0,2026-06-13 14:13:20,0.8947579031612645,0
58,0055,0,2026-06-13 14:13:30,0.8947579031612645,0
59,0055,0,2026-06-13 14:13:40,0.8947579031612645,0
60,0055,0,2026-06-13 14:13:50,0.8947579031612645,0
61,0039,0,2026-06-13 14:15:40,0.8947579031612645,1
62,0023,0,2026-06-13 14:15:50,0.5106042416966786,0
63,0039,0,2026-06-13 14:15:50,0.8947579031612645,1
64,0023,0,2026-06-13 14:16:00,0.5106042416966786,0
65,0039,0,2026-06-13 14:16:00,0.8947579031612645,0
66,0023,0,2026-06-13 14:16:10,0.5106042416966786,0
67,0039,0,2026-06-13 14:16:10,0.8947579031612645,0
68,0023,0,2026-06-13 14:16:20,0.5106042416966786,0
69,0039,0,2026-06-13 14:16:20,0.8947579031612645,0
70,0023,0,2026-06-13 14:16:30,0.5106042416966786,0
71,0039,0,2026-06-13 14:16:30,0.8947579031612645,0
72,0023,0,2026-06-13 14:16:40,0.5106042416966786,0
73,0039,0,2026-06-13 14:16:40,0.8947579031612645,0
74,0023,0,2026-06-13 14:16:50,0.5106042416966786,0
75,0039,0,2026-06-13 14:16:50,0.8947579031612645,0
76,0023,0,2026-06-13 14:17:00,0.5106042416966786,0
77,0039,0,2026-06-13 14:17:00,0.8947579031612645,0
78,0023,0,2026-06-13 14:17:10,0.5106042416966786,0
79,0039,0,2026-06-13 14:17:10,0.8947579031612645,0
80,0023,0,2026-06-13 14:17:20,0.5106042416966786,0
81,0039,0,2026-06-13 14:17:20,0.8947579031612645,0
82,0023,0,2026-06-13 14:17:30,0.5106042416966786,1
83,0160,0,2026-06-13 15:32:40,0.3897559023609444,0
84,0160,0,2026-06-13 15:32:50,0.3897559023609444,0
85,0160,0,2026-06-13 15:33:00,0.3897559023609444,0
86,0160,0,2026-06-13 15:33:10,0.3897559023609444,0
87,0160,0,2026-06-13 15:33:20,0.3897559023609444,0
88,0160,0,2026-06-13 15:33:30,0.3897559023609444,0
89,0160,0,2026-06-13 15:33:40,0.3897559023609444,1
90,0160,0,2026-06-13 15:33:50,0.3897559023609444,1
91,0160,0,2026-06-13 15:34:00,0.3897559023609444,0
92,0160,0,2026-06-13 15:34:10,0.3897559023609444,0
93,0235,0,2026-06-13 15:34:10,0.7919167667066827,0
94,0160,0,2026-06-13 15:34:20,0.3897559023609444,0
95,0235,0,2026-06-13 15:34:20,0.7919167667066827,0
96,0235,0,2026-06-13 15:34:30,0.7919167667066827,0
97,0235,0,2026-06-13 15:34:40,0.7919167667066827,0
98,008,0,2026-06-13 15:34:50,0.9723889555822329,1
99,0235,0,2026-06-13 15:34:50,0.7919167667066827,0
100,008,0,2026-06-13 15:35:00,0.9723889555822329,0
101,0235,0,2026-06-13 15:35:00,0.7919167667066827,0
102,008,0,2026-06-13 15:35:10,0.9723889555822329,0
103,0235,0,2026-06-13 15:35:10,0.7919167667066827,0
104,008,0,2026-06-13 15:35:20,0.9723889555822329,0
105,0235,0,2026-06-13 15:35:20,0.7919167667066827,1
106,008,0,2026-06-13 15:35:30,0.9723889555822329,0
107,0235,0,2026-06-13 15:35:30,0.7919167667066827,0
108,0179,0,2026-06-13 15:37:00,0.3897559023609444,1
109,0179,0,2026-06-13 15:37:00,0.3897559023609444,0
110,0179,0,2026-06-13 15:37:10,0.3897559023609444,0
111,0179,0,2026-06-13 15:37:10,0.3897559023609444,0
112,0179,0,2026-06-13 15:37:20,0.3897559023609444,0
113,0179,0,2026-06-13 15:37:30,0.3897559023609444,1
114,0179,0,2026-06-13 15:37:30,0.3897559023609444,0
115,0179,0,2026-06-13 15:37:40,0.3897559023609444,0
116,0179,0,2026-06-13 15:37:40,0.3897559023609444,0
117,0184,0,2026-06-13 15:37:40,0.1768707482993197,0
118,0179,0,2026-06-13 15:37:50,0.3897559023609444,0
119,0179,0,2026-06-13 15:37:50,0.3897559023609444,0
120,0184,0,2026-06-13 15:37:50,0.1768707482993197,0
121,0179,0,2026-06-13 15:38:00,0.3897559023609444,0
122,0179,0,2026-06-13 15:38:00,0.3897559023609444,0
123,0184,0,2026-06-13 15:38:00,0.1768707482993197,0
124,0179,0,2026-06-13 15:38:10,0.3897559023609444,0
125,0179,0,2026-06-13 15:38:10,0.3897559023609444,0
126,0184,0,2026-06-13 15:38:10,0.1768707482993197,0
127,0184,0,2026-06-13 15:38:10,0.1768707482993197,0
128,0179,0,2026-06-13 15:38:20,0.3897559023609444,0
129,0179,0,2026-06-13 15:38:20,0.3897559023609444,0
130,0184,0,2026-06-13 15:38:20,0.1768707482993197,0
131,0184,0,2026-06-13 15:38:20,0.1768707482993197,1
132,0179,0,2026-06-13 15:38:30,0.3897559023609444,0
133,0184,0,2026-06-13 15:38:30,0.1768707482993197,0
134,0184,0,2026-06-13 15:38:30,0.1768707482993197,0
135,0179,0,2026-06-13 15:38:40,0.3897559023609444,0
136,0184,0,2026-06-13 15:38:40,0.1768707482993197,0
137,0184,0,2026-06-13 15:38:40,0.1768707482993197,0
138,0179,0,2026-06-13 15:38:50,0.3897559023609444,0
139,0184,0,2026-06-13 15:38:50,0.1768707482993197,1
140,0184,0,2026-06-13 15:38:50,0.1768707482993197,0
141,0184,0,2026-06-13 15:39:00,0.1768707482993197,0
142,0184,0,2026-06-13 15:39:00,0.1768707482993197,0
143,0184,0,2026-06-13 15:39:10,0.1768707482993197,0
144,0184,0,2026-06-13 15:39:20,0.1768707482993197,0
145,0184,0,2026-06-13 15:39:30,0.1768707482993197,0
146,0077,0,2026-06-13 15:42:40,0.9723889555822329,0
147,0077,0,2026-06-13 15:42:50,0.9723889555822329,0
148,0077,0,2026-06-13 15:43:00,0.9723889555822329,0
149,0077,0,2026-06-13 15:43:10,0.9723889555822329,0
150,0077,0,2026-06-13 15:43:20,0.9723889555822329,0
151,0077,0,2026-06-13 15:43:30,0.9723889555822329,0
152,0077,0,2026-06-13 15:43:40,0.9723889555822329,0
153,0077,0,2026-06-13 15:43:50,0.9723889555822329,0
154,0077,0,2026-06-13 15:44:00,0.9723889555822329,0
155,0077,0,2026-06-13 15:44:10,0.9723889555822329,0
156,0077,0,2026-06-13 15:44:20,0.9723889555822329,0
157,0077,0,2026-06-13 15:44:30,0.9723889555822329,0
158,0038,0,2026-06-13 17:13:00,0.6078431372549019,0
159,0038,0,2026-06-13 17:13:10,0.6078431372549019,0
160,0038,0,2026-06-13 17:13:20,0.6078431372549019,0
161,0069,0,2026-06-13 17:13:20,1.0000000000000000,0
162,0038,0,2026-06-13 17:13:30,0.6078431372549019,0
163,0069,0,2026-06-13 17:13:30,1.0000000000000000,0
164,0038,0,2026-06-13 17:13:40,0.6078431372549019,0
165,0069,0,2026-06-13 17:13:40,1.0000000000000000,0
166,0038,0,2026-06-13 17:13:50,0.6078431372549019,0
167,0069,0,2026-06-13 17:13:50,1.0000000000000000,0
168,0038,0,2026-06-13 17:14:00,0.6078431372549019,0
169,0069,0,2026-06-13 17:14:00,1.0000000000000000,1
170,0038,0,2026-06-13 17:14:10,0.6078431372549019,0
171,0069,0,2026-06-13 17:14:10,1.0000000000000000,0
172,0038,0,2026-06-13 17:14:20,0.6078431372549019,0
173,0069,0,2026-06-13 17:14:20,1.0000000000000000,0
174,0038,0,2026-06-13 17:14:30,0.6078431372549019,0
175,0069,0,2026-06-13 17:14:30,1.0000000000000000,0
176,0038,0,2026-06-13 17:14:40,0.6078431372549019,0
177,0069,0,2026-06-13 17:14:40,1.0000000000000000,0
178,0069,0,2026-06-13 17:14:50,1.0000000000000000,0
179,0071,0,2026-06-13 17:15:10,0.7919167667066827,0
180,0071,0,2026-06-13 17:15:20,0.7919167667066827,0
181,0071,0,2026-06-13 17:15:30,0.7919167667066827,0
182,0071,0,2026-06-13 17:15:40,0.7919167667066827,0
183,0071,0,2026-06-13 17:15:50,0.7919167667066827,0
184,0071,0,2026-06-13 17:16:00,0.7919167667066827,1
185,0071,0,2026-06-13 17:16:10,0.7919167667066827,0
186,0071,0,2026-06-13 17:16:20,0.7919167667066827,0
187,0053,0,2026-06-13 17:16:30,0.9723889555822329,0
188,0071,0,2026-06-13 17:16:30,0.7919167667066827,0
189,0053,0,2026-06-13 17:16:40,0.9723889555822329,0
190,0071,0,2026-06-13 17:16:40,0.7919167667066827,0
191,0053,0,2026-06-13 17:16:50,0.9723889555822329,0
192,0053,0,2026-06-13 17:17:00,0.9723889555822329,0
193,007,0,2026-06-13 17:17:10,0.7919167667066827,1
194,0053,0,2026-06-13 17:17:10,0.9723889555822329,0
195,007,0,2026-06-13 17:17:20,0.7919167667066827,0
196,0053,0,2026-06-13 17:17:20,0.9723889555822329,0
197,007,0,2026-06-13 17:17:30,0.7919167667066827,0
198,0053,0,2026-06-13 17:17:30,0.9723889555822329,0
199,007,0,2026-06-13 17:17:40,0.7919167667066827,0
200,0053,0,2026-06-13 17:17:40,0.9723889555822329,0
201,007,0,2026-06-13 17:17:50,0.7919167667066827,0
202,0053,0,2026-06-13 17:17:50,0.9723889555822329,0
203,007,0,2026-06-13 17:18:00,0.7919167667066827,0
204,0053,0,2026-06-13 17:18:00,0.9723889555822329,0
205,007,0,2026-06-13 17:18:10,0.7919167667066827,0
206,0053,0,2026-06-13 17:18:10,0.9723889555822329,0
207,0053,0,2026-06-13 17:18:20,0.9723889555822329,1
208,0119,0,2026-06-13 18:30:50,0.8947579031612645,0
209,0119,0,2026-06-13 18:31:00,0.8947579031612645,0
210,0119,0,2026-06-13 18:31:10,0.8947579031612645,0
211,0119,0,2026-06-13 18:31:20,0.8947579031612645,0
212,0119,0,2026-06-13 18:31:30,0.8947579031612645,0
213,0119,0,2026-06-13 18:31:40,0.8947579031612645,0
214,0119,0,2026-06-13 18:31:50,0.8947579031612645,0
215,0119,0,2026-06-13 18:32:00,0.8947579031612645,0
216,0119,0,2026-06-13 18:32:10,0.8947579031612645,0
217,0119,0,2026-06-13 18:32:20,0.8947579031612645,0
218,0119,0,2026-06-13 18:32:30,0.8947579031612645,0
219,0119,0,2026-06-13 18:32:40,0.8947579031612645,1
220,0134,0,2026-06-13 18:50:20,0.0208083233293317,0
221,0134,0,2026-06-13 18:50:30,0.0208083233293317,0
222,0134,0,2026-06-13 18:50:40,0.0208083233293317,0
223,0134,0,2026-06-13 18:50:50,0.0208083233293317,0
224,0134,0,2026-06-13 18:51:00,0.0208083233293317,0
225,0134,0,2026-06-13 18:51:10,0.0208083233293317,0
226,0134,0,2026-06-13 18:51:20,0.0208083233293317,0
227,0134,0,2026-06-13 18:51:30,0.0208083233293317,0
228,0134,0,2026-06-13 18:51:40,0.0208083233293317,0
229,0134,0,2026-06-13 18:51:50,0.0208083233293317,1
230,0134,0,2026-06-13 18:52:00,0.0208083233293317,1
231,0180,0,2026-06-14 01:24:40,0.7919167667066827,0
232,0180,0,2026-06-14 01:24:50,0.7919167667066827,0
233,0180,0,2026-06-14 01:25:00,0.7919167667066827,0
234,0180,0,2026-06-14 01:25:10,0.7919167667066827,0
235,0180,0,2026-06-14 01:25:20,0.7919167667066827,1
236,0180,0,2026-06-14 01:25:30,0.7919167667066827,0
237,0180,0,2026-06-14 01:25:40,0.7919167667066827,1
238,0180,0,2026-06-14 01:25:50,0.7919167667066827,0
239,0180,0,2026-06-14 01:26:00,0.7919167667066827,0
240,0180,0,2026-06-14 01:26:10,0.7919167667066827,0
241,0180,0,2026-06-14 01:26:20,0.7919167667066827,0
242,0026,0,2026-06-14 01:28:20,0.1768707482993197,1
243,0026,0,2026-06-14 01:28:30,0.1768707482993197,0
244,0115,0,2026-06-14 01:28:30,0.6962785114045619,0
245,0155,0,2026-06-14 01:28:30,0.5106042416966786,0
246,0155,0,2026-06-14 01:28:30,0.5106042416966786,0
247,0155,0,2026-06-14 01:28:30,0.5106042416966786,0
248,0155,0,2026-06-14 01:28:30,0.5106042416966786,0
249,0026,0,2026-06-14 01:28:40,0.1768707482993197,0
250,0115,0,2026-06-14 01:28:40,0.6962785114045619,0
251,0155,0,2026-06-14 01:28:40,0.5106042416966786,0
252,0155,0,2026-06-14 01:28:40,0.5106042416966786,0
253,0155,0,2026-06-14 01:28:40,0.5106042416966786,1
254,0155,0,2026-06-14 01:28:40,0.5106042416966786,0
255,0169,0,2026-06-14 01:28:40,0.5106042416966786,0
256,0026,0,2026-06-14 01:28:50,0.1768707482993197,0
257,0115,0,2026-06-14 01:28:50,0.6962785114045619,0
258,0150,0,2026-06-14 01:28:50,0.8947579031612645,1
259,0155,0,2026-06-14 01:28:50,0.5106042416966786,0
260,0155,0,2026-06-14 01:28:50,0.5106042416966786,0
261,0155,0,2026-06-14 01:28:50,0.5106042416966786,0
262,0155,0,2026-06-14 01:28:50,0.5106042416966786,0
263,0169,0,2026-06-14 01:28:50,0.5106042416966786,0
264,0026,0,2026-06-14 01:29:00,0.1768707482993197,0
265,0115,0,2026-06-14 01:29:00,0.6962785114045619,0
266,0133,0,2026-06-14 01:29:00,0.8947579031612645,0
267,0150,0,2026-06-14 01:29:00,0.8947579031612645,0
268,0155,0,2026-06-14 01:29:00,0.5106042416966786,0
269,0155,0,2026-06-14 01:29:00,0.5106042416966786,0
270,0155,0,2026-06-14 01:29:00,0.5106042416966786,0
271,0155,0,2026-06-14 01:29:00,0.5106042416966786,0
272,0169,0,2026-06-14 01:29:00,0.5106042416966786,0
273,0026,0,2026-06-14 01:29:10,0.1768707482993197,0
274,0115,0,2026-06-14 01:29:10,0.6962785114045619,0
275,0133,0,2026-06-14 01:29:10,0.8947579031612645,0
276,0150,0,2026-06-14 01:29:10,0.8947579031612645,0
277,0155,0,2026-06-14 01:29:10,0.5106042416966786,0
278,0155,0,2026-06-14 01:29:10,0.5106042416966786,0
279,0155,0,2026-06-14 01:29:10,0.5106042416966786,0
280,0169,0,2026-06-14 01:29:10,0.5106042416966786,0
281,0026,0,2026-06-14 01:29:20,0.1768707482993197,1
282,0115,0,2026-06-14 01:29:20,0.6962785114045619,0
283,0133,0,2026-06-14 01:29:20,0.8947579031612645,0
284,0150,0,2026-06-14 01:29:20,0.8947579031612645,0
285,0155,0,2026-06-14 01:29:20,0.5106042416966786,0
286,0155,0,2026-06-14 01:29:20,0.5106042416966786,0
287,0155,0,2026-06-14 01:29:20,0.5106042416966786,0
288,0169,0,2026-06-14 01:29:20,0.5106042416966786,0
289,0026,0,2026-06-14 01:29:30,0.1768707482993197,0
290,0115,0,2026-06-14 01:29:30,0.6962785114045619,0
291,0133,0,2026-06-14 01:29:30,0.8947579031612645,0
292,0150,0,2026-06-14 01:29:30,0.8947579031612645,0
293,0155,0,2026-06-14 01:29:30,0.5106042416966786,0
294,0155,0,2026-06-14 01:29:30,0.5106042416966786,0
295,0155,0,2026-06-14 01:29:30,0.5106042416966786,0
296,0169,0,2026-06-14 01:29:30,0.5106042416966786,0
297,0026,0,2026-06-14 01:29:40,0.1768707482993197,0
298,0115,0,2026-06-14 01:29:40,0.6962785114045619,0
299,0133,0,2026-06-14 01:29:40,0.8947579031612645,1
300,0150,0,2026-06-14 01:29:40,0.8947579031612645,0
301,0155,0,2026-06-14 01:29:40,0.5106042416966786,0
302,0155,0,2026-06-14 01:29:40,0.5106042416966786,0
303,0155,0,2026-06-14 01:29:40,0.5106042416966786,0
304,0155,0,2026-06-14 01:29:40,0.5106042416966786,0
305,0169,0,2026-06-14 01:29:40,0.5106042416966786,0
306,0026,0,2026-06-14 01:29:50,0.1768707482993197,0
307,0115,0,2026-06-14 01:29:50,0.6962785114045619,0
308,0133,0,2026-06-14 01:29:50,0.8947579031612645,1
309,0150,0,2026-06-14 01:29:50,0.8947579031612645,0
310,0155,0,2026-06-14 01:29:50,0.5106042416966786,0
311,0155,0,2026-06-14 01:29:50,0.5106042416966786,0
312,0155,0,2026-06-14 01:29:50,0.5106042416966786,0
313,0155,0,2026-06-14 01:29:50,0.5106042416966786,0
314,0169,0,2026-06-14 01:29:50,0.5106042416966786,0
315,0115,0,2026-06-14 01:30:00,0.6962785114045619,0
316,0169,0,2026-06-14 01:30:00,0.5106042416966786,0
317,0115,0,2026-06-14 01:30:10,0.6962785114045619,0
318,0169,0,2026-06-14 01:30:10,0.5106042416966786,0
319,0115,0,2026-06-14 01:30:20,0.6962785114045619,0
320,0169,0,2026-06-14 01:30:20,0.5106042416966786,0
321,0169,0,2026-06-14 01:30:30,0.5106042416966786,0
322,0029,0,2026-06-14 03:07:00,1.0000000000000000,1
323,0047,0,2026-06-14 03:07:00,0.7919167667066827,0
324,0029,0,2026-06-14 03:07:10,1.0000000000000000,1
325,0047,0,2026-06-14 03:07:10,0.7919167667066827,0
326,0204,0,2026-06-14 03:07:10,0.6962785114045619,0
327,0029,0,2026-06-14 03:07:20,1.0000000000000000,0
328,0047,0,2026-06-14 03:07:20,0.7919167667066827,1
329,0204,0,2026-06-14 03:07:20,0.6962785114045619,0
330,0029,0,2026-06-14 03:07:30,1.0000000000000000,0
331,0047,0,2026-06-14 03:07:30,0.7919167667066827,0
332,0204,0,2026-06-14 03:07:30,0.6962785114045619,0
333,0029,0,2026-06-14 03:07:40,1.0000000000000000,0
334,0047,0,2026-06-14 03:07:40,0.7919167667066827,1
335,0204,0,2026-06-14 03:07:40,0.6962785114045619,0
336,0029,0,2026-06-14 03:07:50,1.0000000000000000,0
337,0047,0,2026-06-14 03:07:50,0.7919167667066827,0
338,0204,0,2026-06-14 03:07:50,0.6962785114045619,1
339,0029,0,2026-06-14 03:08:00,1.0000000000000000,0
340,0047,0,2026-06-14 03:08:00,0.7919167667066827,0
341,0204,0,2026-06-14 03:08:00,0.6962785114045619,0
342,0029,0,2026-06-14 03:08:10,1.0000000000000000,0
343,0047,0,2026-06-14 03:08:10,0.7919167667066827,0
344,0204,0,2026-06-14 03:08:10,0.6962785114045619,0
345,0017,0,2026-06-14 03:08:20,0.2384953981592637,1
346,0029,0,2026-06-14 03:08:20,1.0000000000000000,0
347,0047,0,2026-06-14 03:08:20,0.7919167667066827,0
348,0204,0,2026-06-14 03:08:20,0.6962785114045619,0
349,0017,0,2026-06-14 03:08:30,0.2384953981592637,0
350,0029,0,2026-06-14 03:08:30,1.0000000000000000,0
351,0047,0,2026-06-14 03:08:30,0.7919167667066827,0
352,0204,0,2026-06-14 03:08:30,0.6962785114045619,0
353,0017,0,2026-06-14 03:08:40,0.2384953981592637,0
354,0029,0,2026-06-14 03:08:40,1.0000000000000000,0
355,0047,0,2026-06-14 03:08:40,0.7919167667066827,0
356,0204,0,2026-06-14 03:08:40,0.6962785114045619,0
357,0017,0,2026-06-14 03:08:50,0.2384953981592637,0
358,0025,0,2026-06-14 03:08:50,0.3897559023609444,0
359,0029,0,2026-06-14 03:08:50,1.0000000000000000,0
360,0047,0,2026-06-14 03:08:50,0.7919167667066827,0
361,0197,0,2026-06-14 03:08:50,0.5106042416966786,0
362,0204,0,2026-06-14 03:08:50,0.6962785114045619,0
363,0017,0,2026-06-14 03:09:00,0.2384953981592637,0
364,0025,0,2026-06-14 03:09:00,0.3897559023609444,1
365,0197,0,2026-06-14 03:09:00,0.5106042416966786,0
366,0017,0,2026-06-14 03:09:10,0.2384953981592637,0
367,0025,0,2026-06-14 03:09:10,0.3897559023609444,0
368,0197,0,2026-06-14 03:09:10,0.5106042416966786,0
369,0017,0,2026-06-14 03:09:20,0.2384953981592637,0
370,0025,0,2026-06-14 03:09:20,0.3897559023609444,0
371,0197,0,2026-06-14 03:09:20,0.5106042416966786,1
372,0017,0,2026-06-14 03:09:30,0.2384953981592637,0
373,0025,0,2026-06-14 03:09:30,0.3897559023609444,1
374,0197,0,2026-06-14 03:09:30,0.5106042416966786,0
375,0017,0,2026-06-14 03:09:40,0.2384953981592637,0
376,0025,0,2026-06-14 03:09:40,0.3897559023609444,0
377,0197,0,2026-06-14 03:09:40,0.5106042416966786,0
378,0017,0,2026-06-14 03:09:50,0.2384953981592637,0
379,0025,0,2026-06-14 03:09:50,0.3897559023609444,0
380,0197,0,2026-06-14 03:09:50,0.5106042416966786,0
381,0025,0,2026-06-14 03:10:00,0.3897559023609444,0
382,0197,0,2026-06-14 03:10:00,0.5106042416966786,0
383,0025,0,2026-06-14 03:10:10,0.3897559023609444,0
384,0197,0,2026-06-14 03:10:10,0.5106042416966786,0
385,0025,0,2026-06-14 03:10:20,0.3897559023609444,0
386,0197,0,2026-06-14 03:10:20,0.5106042416966786,0
387,0025,0,2026-06-14 03:10:30,0.3897559023609444,0
388,0197,0,2026-06-14 03:10:30,0.5106042416966786,0
389,0025,0,2026-06-14 03:10:40,0.3897559023609444,0
390,0197,0,2026-06-14 03:10:40,0.5106042416966786,0
391,0175,0,2026-06-14 03:11:50,0.9723889555822329,0
392,0175,0,2026-06-14 03:12:00,0.9723889555822329,0
393,0175,0,2026-06-14 03:12:10,0.9723889555822329,0
394,0175,0,2026-06-14 03:12:20,0.9723889555822329,0
395,0175,0,2026-06-14 03:12:30,0.9723889555822329,0
396,0175,0,2026-06-14 03:12:40,0.9723889555822329,0
397,0175,0,2026-06-14 03:12:50,0.9723889555822329,0
398,0175,0,2026-06-14 03:13:00,0.9723889555822329,0
399,0175,0,2026-06-14 03:13:10,0.9723889555822329,0
400,0175,0,2026-06-14 03:13:20,0.9723889555822329,0
401,0175,0,2026-06-14 03:13:30,0.9723889555822329,0
402,0175,0,2026-06-14 03:13:40,0.9723889555822329,0
403,0142,0,2026-06-14 04:39:50,0.5106042416966786,0
404,0142,0,2026-06-14 04:40:00,0.5106042416966786,0
405,0142,0,2026-06-14 04:40:10,0.5106042416966786,0
406,0142,0,2026-06-14 04:40:20,0.5106042416966786,0
407,0142,0,2026-06-14 04:40:30,0.5106042416966786,0
408,0142,0,2026-06-14 04:40:40,0.5106042416966786,0
409,0142,0,2026-06-14 04:40:50,0.5106042416966786,0
410,0142,0,2026-06-14 04:41:00,0.5106042416966786,0
411,0142,0,2026-06-14 04:41:10,0.5106042416966786,0
412,0142,0,2026-06-14 04:41:20,0.5106042416966786,0
413,0142,0,2026-06-14 04:41:30,0.5106042416966786,0
414,0142,0,2026-06-14 04:41:40,0.5106042416966786,0
415,0129,0,2026-06-14 04:45:00,0.6962785114045619,1
416,0129,0,2026-06-14 04:45:10,0.6962785114045619,1
417,0129,0,2026-06-14 04:45:20,0.6962785114045619,0
418,0129,0,2026-06-14 04:45:30,0.6962785114045619,0
419,0087,0,2026-06-14 04:48:00,0.1768707482993197,1
420,0087,0,2026-06-14 04:48:10,0.1768707482993197,0
421,0218,0,2026-06-14 04:48:10,0.1768707482993197,0
422,0087,0,2026-06-14 04:48:20,0.1768707482993197,0
423,0191,0,2026-06-14 04:48:20,1.0000000000000000,0
424,0218,0,2026-06-14 04:48:20,0.1768707482993197,0
425,0087,0,2026-06-14 04:48:30,0.1768707482993197,0
426,0191,0,2026-06-14 04:48:30,1.0000000000000000,0
427,0218,0,2026-06-14 04:48:30,0.1768707482993197,0
428,0248,0,2026-06-14 04:48:30,0.0796318527410964,0
429,0087,0,2026-06-14 04:48:40,0.1768707482993197,0
430,0191,0,2026-06-14 04:48:40,1.0000000000000000,0
431,0218,0,2026-06-14 04:48:40,0.1768707482993197,0
432,0248,0,2026-06-14 04:48:40,0.0796318527410964,1
433,0087,0,2026-06-14 04:48:50,0.1768707482993197,0
434,0191,0,2026-06-14 04:48:50,1.0000000000000000,0
435,0218,0,2026-06-14 04:48:50,0.1768707482993197,0
436,0248,0,2026-06-14 04:48:50,0.0796318527410964,0
437,0087,0,2026-06-14 04:49:00,0.1768707482993197,0
438,0191,0,2026-06-14 04:49:00,1.0000000000000000,1
439,0218,0,2026-06-14 04:49:00,0.1768707482993197,0
440,0248,0,2026-06-14 04:49:00,0.0796318527410964,0
441,0087,0,2026-06-14 04:49:10,0.1768707482993197,0
442,0218,0,2026-06-14 04:49:10,0.1768707482993197,0
443,0248,0,2026-06-14 04:49:10,0.0796318527410964,0
444,0042,0,2026-06-14 04:49:20,0.7919167667066827,1
445,0087,0,2026-06-14 04:49:20,0.1768707482993197,0
446,0218,0,2026-06-14 04:49:20,0.1768707482993197,0
447,0248,0,2026-06-14 04:49:20,0.0796318527410964,0
448,0042,0,2026-06-14 04:49:30,0.7919167667066827,0
449,0087,0,2026-06-14 04:49:30,0.1768707482993197,0
450,0218,0,2026-06-14 04:49:30,0.1768707482993197,0
451,0248,0,2026-06-14 04:49:30,0.0796318527410964,0
452,0042,0,2026-06-14 04:49:40,0.7919167667066827,0
453,0087,0,2026-06-14 04:49:40,0.1768707482993197,0
454,0218,0,2026-06-14 04:49:40,0.1768707482993197,0
455,0248,0,2026-06-14 04:49:40,0.0796318527410964,0
456,0042,0,2026-06-14 04:49:50,0.7919167667066827,0
457,0087,0,2026-06-14 04:49:50,0.1768707482993197,0
458,0218,0,2026-06-14 04:49:50,0.1768707482993197,0
459,0248,0,2026-06-14 04:49:50,0.0796318527410964,0
460,0042,0,2026-06-14 04:50:00,0.7919167667066827,0
461,0248,0,2026-06-14 04:50:00,0.0796318527410964,0
462,0042,0,2026-06-14 04:50:10,0.7919167667066827,0
463,0042,0,2026-06-14 04:50:20,0.7919167667066827,0
464,0042,0,2026-06-14 04:50:30,0.7919167667066827,0
465,0042,0,2026-06-14 04:50:40,0.7919167667066827,0
466,0066,0,2026-06-14 04:50:40,0.8947579031612645,1
467,0174,0,2026-06-14 04:50:40,0.1768707482993197,0
468,0042,0,2026-06-14 04:50:50,0.7919167667066827,0
469,0066,0,2026-06-14 04:50:50,0.8947579031612645,0
470,0174,0,2026-06-14 04:50:50,0.1768707482993197,0
471,0066,0,2026-06-14 04:51:00,0.8947579031612645,0
472,0174,0,2026-06-14 04:51:00,0.1768707482993197,1
473,0174,0,2026-06-14 04:51:00,0.1768707482993197,0
474,0066,0,2026-06-14 04:51:10,0.8947579031612645,0
475,0174,0,2026-06-14 04:51:10,0.1768707482993197,0
476,0174,0,2026-06-14 04:51:10,0.1768707482993197,0
477,0174,0,2026-06-14 04:51:10,0.1768707482993197,0
478,0066,0,2026-06-14 04:51:20,0.8947579031612645,0
479,0174,0,2026-06-14 04:51:20,0.1768707482993197,0
480,0174,0,2026-06-14 04:51:20,0.1768707482993197,0
481,0044,0,2026-06-14 04:51:30,0.5106042416966786,0
482,0066,0,2026-06-14 04:51:30,0.8947579031612645,0
483,0174,0,2026-06-14 04:51:30,0.1768707482993197,1
484,0174,0,2026-06-14 04:51:30,0.1768707482993197,0
485,0044,0,2026-06-14 04:51:40,0.5106042416966786,0
486,0066,0,2026-06-14 04:51:40,0.8947579031612645,0
487,0174,0,2026-06-14 04:51:40,0.1768707482993197,0
488,0174,0,2026-06-14 04:51:40,0.1768707482993197,0
489,0044,0,2026-06-14 04:51:50,0.5106042416966786,1
490,0066,0,2026-06-14 04:51:50,0.8947579031612645,0
491,0174,0,2026-06-14 04:51:50,0.1768707482993197,0
492,0174,0,2026-06-14 04:51:50,0.1768707482993197,0
493,0044,0,2026-06-14 04:52:00,0.5106042416966786,0
494,0066,0,2026-06-14 04:52:00,0.8947579031612645,0
495,0172,0,2026-06-14 04:52:00,0.6078431372549019,0
496,0174,0,2026-06-14 04:52:00,0.1768707482993197,0
497,0174,0,2026-06-14 04:52:00,0.1768707482993197,0
498,0044,0,2026-06-14 04:52:10,0.5106042416966786,0
499,0066,0,2026-06-14 04:52:10,0.8947579031612645,0
500,0172,0,2026-06-14 04:52:10,0.6078431372549019,0
501,0174,0,2026-06-14 04:52:10,0.1768707482993197,0
502,0199,0,2026-06-14 04:52:10,0.9723889555822329,0
503,0044,0,2026-06-14 04:52:20,0.5106042416966786,0
504,0066,0,2026-06-14 04:52:20,0.8947579031612645,0
505,0172,0,2026-06-14 04:52:20,0.6078431372549019,0
506,0174,0,2026-06-14 04:52:20,0.1768707482993197,0
507,0199,0,2026-06-14 04:52:20,0.9723889555822329,0
508,0044,0,2026-06-14 04:52:30,0.5106042416966786,0
509,0172,0,2026-06-14 04:52:30,0.6078431372549019,0
510,0186,0,2026-06-14 04:52:30,0.7919167667066827,0
511,0199,0,2026-06-14 04:52:30,0.9723889555822329,0
512,0044,0,2026-06-14 04:52:40,0.5106042416966786,0
513,0172,0,2026-06-14 04:52:40,0.6078431372549019,0
514,0186,0,2026-06-14 04:52:40,0.7919167667066827,0
515,0199,0,2026-06-14 04:52:40,0.9723889555822329,0
516,0044,0,2026-06-14 04:52:50,0.5106042416966786,0
517,0172,0,2026-06-14 04:52:50,0.6078431372549019,0
518,0186,0,2026-06-14 04:52:50,0.7919167667066827,0
519,0199,0,2026-06-14 04:52:50,0.9723889555822329,0
520,0044,0,2026-06-14 04:53:00,0.5106042416966786,0
521,0172,0,2026-06-14 04:53:00,0.6078431372549019,0
522,0186,0,2026-06-14 04:53:00,0.7919167667066827,0
523,0199,0,2026-06-14 04:53:00,0.9723889555822329,0
524,0044,0,2026-06-14 04:53:10,0.5106042416966786,0
525,0172,0,2026-06-14 04:53:10,0.6078431372549019,0
526,0186,0,2026-06-14 04:53:10,0.7919167667066827,0
527,0199,0,2026-06-14 04:53:10,0.9723889555822329,0
528,0044,0,2026-06-14 04:53:20,0.5106042416966786,0
529,0172,0,2026-06-14 04:53:20,0.6078431372549019,0
530,0186,0,2026-06-14 04:53:20,0.7919167667066827,0
531,0199,0,2026-06-14 04:53:20,0.9723889555822329,0
532,0172,0,2026-06-14 04:53:30,0.6078431372549019,0
533,0186,0,2026-06-14 04:53:30,0.7919167667066827,0
534,0199,0,2026-06-14 04:53:30,0.9723889555822329,0
535,0172,0,2026-06-14 04:53:40,0.6078431372549019,0
536,0186,0,2026-06-14 04:53:40,0.7919167667066827,0
537,0199,0,2026-06-14 04:53:40,0.9723889555822329,0
538,0172,0,2026-06-14 04:53:50,0.6078431372549019,0
539,0186,0,2026-06-14 04:53:50,0.7919167667066827,0
540,0199,0,2026-06-14 04:53:50,0.9723889555822329,0
541,0186,0,2026-06-14 04:54:00,0.7919167667066827,0
542,0199,0,2026-06-14 04:54:00,0.9723889555822329,0
543,0228,0,2026-06-14 06:21:20,0.6078431372549019,0
544,0228,0,2026-06-14 06:21:30,0.6078431372549019,0
545,0228,0,2026-06-14 06:21:40,0.6078431372549019,0
546,0228,0,2026-06-14 06:21:50,0.6078431372549019,1
547,0228,0,2026-06-14 06:22:00,0.6078431372549019,0
548,0020,0,2026-06-14 06:26:50,0.6962785114045619,1
549,0020,0,2026-06-14 06:27:00,0.6962785114045619,1
550,0020,0,2026-06-14 06:27:10,0.6962785114045619,0
551,0065,0,2026-06-14 06:27:10,0.3897559023609444,1
552,0020,0,2026-06-14 06:27:20,0.6962785114045619,0
553,0065,0,2026-06-14 06:27:20,0.3897559023609444,0
554,0020,0,2026-06-14 06:27:30,0.6962785114045619,0
555,0065,0,2026-06-14 06:27:30,0.3897559023609444,0
556,0189,0,2026-06-14 06:27:30,0.9723889555822329,0
557,0020,0,2026-06-14 06:27:40,0.6962785114045619,0
558,0065,0,2026-06-14 06:27:40,0.3897559023609444,0
559,0189,0,2026-06-14 06:27:40,0.9723889555822329,0
560,0020,0,2026-06-14 06:27:50,0.6962785114045619,0
561,0065,0,2026-06-14 06:27:50,0.3897559023609444,0
562,0145,0,2026-06-14 06:27:50,0.6078431372549019,1
563,0189,0,2026-06-14 06:27:50,0.9723889555822329,0
564,0020,0,2026-06-14 06:28:00,0.6962785114045619,0
565,0065,0,2026-06-14 06:28:00,0.3897559023609444,0
566,0145,0,2026-06-14 06:28:00,0.6078431372549019,0
567,0189,0,2026-06-14 06:28:00,0.9723889555822329,0
568,0020,0,2026-06-14 06:28:10,0.6962785114045619,0
569,0065,0,2026-06-14 06:28:10,0.3897559023609444,0
570,0145,0,2026-06-14 06:28:10,0.6078431372549019,0
571,0189,0,2026-06-14 06:28:10,0.9723889555822329,0
572,0020,0,2026-06-14 06:28:20,0.6962785114045619,0
573,0065,0,2026-06-14 06:28:20,0.3897559023609444,0
574,0145,0,2026-06-14 06:28:20,0.6078431372549019,0
575,0189,0,2026-06-14 06:28:20,0.9723889555822329,0
576,0020,0,2026-06-14 06:28:30,0.6962785114045619,0
577,0065,0,2026-06-14 06:28:30,0.3897559023609444,0
578,0145,0,2026-06-14 06:28:30,0.6078431372549019,0
579,0189,0,2026-06-14 06:28:30,0.9723889555822329,0
580,0020,0,2026-06-14 06:28:40,0.6962785114045619,0
581,0065,0,2026-06-14 06:28:40,0.3897559023609444,0
582,0145,0,2026-06-14 06:28:40,0.6078431372549019,0
583,0189,0,2026-06-14 06:28:40,0.9723889555822329,0
584,0065,0,2026-06-14 06:28:50,0.3897559023609444,0
585,0145,0,2026-06-14 06:28:50,0.6078431372549019,0
586,0189,0,2026-06-14 06:28:50,0.9723889555822329,0
587,0065,0,2026-06-14 06:29:00,0.3897559023609444,0
588,0189,0,2026-06-14 06:29:00,0.9723889555822329,0
589,0189,0,2026-06-14 06:29:10,0.9723889555822329,0
590,0189,0,2026-06-14 06:29:20,0.9723889555822329,0
591,0200,0,2026-06-14 06:38:40,0.5106042416966786,0
592,0200,0,2026-06-14 06:38:50,0.5106042416966786,0
593,0200,0,2026-06-14 06:39:00,0.5106042416966786,0
594,0200,0,2026-06-14 06:39:10,0.5106042416966786,0
595,0200,0,2026-06-14 06:39:20,0.5106042416966786,0
596,0200,0,2026-06-14 06:39:30,0.5106042416966786,0
597,0200,0,2026-06-14 06:39:40,0.5106042416966786,0
598,0200,0,2026-06-14 06:39:50,0.5106042416966786,0
599,0200,0,2026-06-14 06:40:00,0.5106042416966786,0
600,0200,0,2026-06-14 06:40:10,0.5106042416966786,0
601,0200,0,2026-06-14 06:40:20,0.5106042416966786,0
602,0146,0,2026-06-14 07:58:20,0.0796318527410964,0
603,0146,0,2026-06-14 07:58:30,0.0796318527410964,0
604,0146,0,2026-06-14 07:58:40,0.0796318527410964,0
605,0146,0,2026-06-14 07:58:50,0.0796318527410964,0
606,0146,0,2026-06-14 07:59:00,0.0796318527410964,0
607,0146,0,2026-06-14 07:59:10,0.0796318527410964,0
608,0146,0,2026-06-14 07:59:20,0.0796318527410964,0
609,0146,0,2026-06-14 07:59:30,0.0796318527410964,0
610,0220,0,2026-06-14 08:00:40,0.5550220088035214,0
611,0220,0,2026-06-14 08:00:50,0.5550220088035214,0
612,0220,0,2026-06-14 08:01:00,0.5550220088035214,0
613,0220,0,2026-06-14 08:01:10,0.5550220088035214,0
614,0220,0,2026-06-14 08:01:20,0.5550220088035214,1
615,0220,0,2026-06-14 08:01:30,0.5550220088035214,0
616,0220,0,2026-06-14 08:01:40,0.5550220088035214,0
617,0220,0,2026-06-14 08:01:50,0.5550220088035214,0
618,0220,0,2026-06-14 08:02:00,0.5550220088035214,0
619,0220,0,2026-06-14 08:02:10,0.5550220088035214,1
620,0022,0,2026-06-14 08:03:10,0.6078431372549019,0
621,0022,0,2026-06-14 08:03:20,0.6078431372549019,0
622,0022,0,2026-06-14 08:03:30,0.6078431372549019,1
623,0022,0,2026-06-14 08:03:40,0.6078431372549019,0
624,0022,0,2026-06-14 08:03:50,0.6078431372549019,0
625,0022,0,2026-06-14 08:04:00,0.6078431372549019,0
626,0049,0,2026-06-14 08:04:00,0.5106042416966786,1
627,0190,0,2026-06-14 08:04:00,0.3897559023609444,0
628,0022,0,2026-06-14 08:04:10,0.6078431372549019,0
629,0049,0,2026-06-14 08:04:10,0.5106042416966786,1
630,0190,0,2026-06-14 08:04:10,0.3897559023609444,0
631,0022,0,2026-06-14 08:04:20,0.6078431372549019,0
632,0049,0,2026-06-14 08:04:20,0.5106042416966786,0
633,0182,0,2026-06-14 08:04:20,0.5550220088035214,0
634,0190,0,2026-06-14 08:04:20,0.3897559023609444,1
635,0229,0,2026-06-14 08:04:20,0.0208083233293317,0
636,0022,0,2026-06-14 08:04:30,0.6078431372549019,0
637,0049,0,2026-06-14 08:04:30,0.5106042416966786,0
638,0182,0,2026-06-14 08:04:30,0.5550220088035214,0
639,0190,0,2026-06-14 08:04:30,0.3897559023609444,1
640,0229,0,2026-06-14 08:04:30,0.0208083233293317,0
641,0022,0,2026-06-14 08:04:40,0.6078431372549019,0
642,0049,0,2026-06-14 08:04:40,0.5106042416966786,0
643,0182,0,2026-06-14 08:04:40,0.5550220088035214,0
644,0190,0,2026-06-14 08:04:40,0.3897559023609444,0
645,0229,0,2026-06-14 08:04:40,0.0208083233293317,1
646,001,0,2026-06-14 08:04:50,0.8947579031612645,0
647,0049,0,2026-06-14 08:04:50,0.5106042416966786,0
648,0182,0,2026-06-14 08:04:50,0.5550220088035214,1
649,0190,0,2026-06-14 08:04:50,0.3897559023609444,0
650,0229,0,2026-06-14 08:04:50,0.0208083233293317,0
651,001,0,2026-06-14 08:05:00,0.8947579031612645,0
652,0049,0,2026-06-14 08:05:00,0.5106042416966786,0
653,0182,0,2026-06-14 08:05:00,0.5550220088035214,1
654,0190,0,2026-06-14 08:05:00,0.3897559023609444,0
655,0229,0,2026-06-14 08:05:00,0.0208083233293317,0
656,001,0,2026-06-14 08:05:10,0.8947579031612645,0
657,0049,0,2026-06-14 08:05:10,0.5106042416966786,0
658,0182,0,2026-06-14 08:05:10,0.5550220088035214,0
659,0190,0,2026-06-14 08:05:10,0.3897559023609444,0
660,0229,0,2026-06-14 08:05:10,0.0208083233293317,0
661,001,0,2026-06-14 08:05:20,0.8947579031612645,0
662,0030,0,2026-06-14 08:05:20,0.1768707482993197,0
663,0049,0,2026-06-14 08:05:20,0.5106042416966786,0
664,0182,0,2026-06-14 08:05:20,0.5550220088035214,0
665,0190,0,2026-06-14 08:05:20,0.3897559023609444,0
666,0229,0,2026-06-14 08:05:20,0.0208083233293317,0
667,001,0,2026-06-14 08:05:30,0.8947579031612645,0
668,0030,0,2026-06-14 08:05:30,0.1768707482993197,0
669,0049,0,2026-06-14 08:05:30,0.5106042416966786,0
670,0182,0,2026-06-14 08:05:30,0.5550220088035214,0
671,0190,0,2026-06-14 08:05:30,0.3897559023609444,0
672,0229,0,2026-06-14 08:05:30,0.0208083233293317,0
673,001,0,2026-06-14 08:05:40,0.8947579031612645,0
674,0030,0,2026-06-14 08:05:40,0.1768707482993197,0
675,0049,0,2026-06-14 08:05:40,0.5106042416966786,0
676,0052,0,2026-06-14 08:05:40,0.1768707482993197,0
677,0182,0,2026-06-14 08:05:40,0.5550220088035214,0
678,0229,0,2026-06-14 08:05:40,0.0208083233293317,0
679,001,0,2026-06-14 08:05:50,0.8947579031612645,0
680,0030,0,2026-06-14 08:05:50,0.1768707482993197,0
681,0052,0,2026-06-14 08:05:50,0.1768707482993197,0
682,0182,0,2026-06-14 08:05:50,0.5550220088035214,0
683,0229,0,2026-06-14 08:05:50,0.0208083233293317,0
684,001,0,2026-06-14 08:06:00,0.8947579031612645,0
685,0030,0,2026-06-14 08:06:00,0.1768707482993197,0
686,0052,0,2026-06-14 08:06:00,0.1768707482993197,0
687,0182,0,2026-06-14 08:06:00,0.5550220088035214,0
688,001,0,2026-06-14 08:06:10,0.8947579031612645,0
689,0030,0,2026-06-14 08:06:10,0.1768707482993197,0
690,0052,0,2026-06-14 08:06:10,0.1768707482993197,0
691,0182,0,2026-06-14 08:06:10,0.5550220088035214,0
692,001,0,2026-06-14 08:06:20,0.8947579031612645,0
693,0030,0,2026-06-14 08:06:20,0.1768707482993197,0
694,0052,0,2026-06-14 08:06:20,0.1768707482993197,0
695,0030,0,2026-06-14 08:06:30,0.1768707482993197,0
696,0052,0,2026-06-14 08:06:30,0.1768707482993197,0
697,0030,0,2026-06-14 08:06:40,0.1768707482993197,0
698,0052,0,2026-06-14 08:06:40,0.1768707482993197,0
699,0030,0,2026-06-14 08:06:50,0.1768707482993197,0
700,0052,0,2026-06-14 08:06:50,0.1768707482993197,0
701,0030,0,2026-06-14 08:07:00,0.1768707482993197,0
702,0052,0,2026-06-14 08:07:00,0.1768707482993197,0
703,0052,0,2026-06-14 08:07:10,0.1768707482993197,0
704,0052,0,2026-06-14 08:07:20,0.1768707482993197,0
705,0052,0,2026-06-14 08:07:30,0.1768707482993197,0
706,0078,0,2026-06-14 08:15:50,0.6962785114045619,0
707,0078,0,2026-06-14 08:15:50,0.6962785114045619,0
708,0078,0,2026-06-14 08:16:00,0.6962785114045619,0
709,0078,0,2026-06-14 08:16:00,0.6962785114045619,1
710,0078,0,2026-06-14 08:16:00,0.6962785114045619,0
711,0127,0,2026-06-14 09:36:50,0.5550220088035214,0
712,0127,0,2026-06-14 09:37:00,0.5550220088035214,0
713,0127,0,2026-06-14 09:37:10,0.5550220088035214,0
714,0127,0,2026-06-14 09:37:20,0.5550220088035214,0
715,0127,0,2026-06-14 09:37:30,0.5550220088035214,0
716,0127,0,2026-06-14 09:37:40,0.5550220088035214,0
717,0083,0,2026-06-14 09:37:50,0.7919167667066827,0
718,0117,0,2026-06-14 09:37:50,0.0796318527410964,1
719,0127,0,2026-06-14 09:37:50,0.5550220088035214,0
720,0148,0,2026-06-14 09:37:50,0.3897559023609444,0
721,0148,0,2026-06-14 09:37:50,0.3897559023609444,0
722,0148,0,2026-06-14 09:37:50,0.3897559023609444,0
723,0083,0,2026-06-14 09:38:00,0.7919167667066827,0
724,0117,0,2026-06-14 09:38:00,0.0796318527410964,0
725,0127,0,2026-06-14 09:38:00,0.5550220088035214,0
726,0148,0,2026-06-14 09:38:00,0.3897559023609444,0
727,0148,0,2026-06-14 09:38:00,0.3897559023609444,0
728,0148,0,2026-06-14 09:38:00,0.3897559023609444,0
729,0148,0,2026-06-14 09:38:00,0.3897559023609444,0
730,0083,0,2026-06-14 09:38:10,0.7919167667066827,0
731,0117,0,2026-06-14 09:38:10,0.0796318527410964,0
732,0148,0,2026-06-14 09:38:10,0.3897559023609444,0
733,0148,0,2026-06-14 09:38:10,0.3897559023609444,0
734,0148,0,2026-06-14 09:38:10,0.3897559023609444,0
735,0148,0,2026-06-14 09:38:10,0.3897559023609444,0
736,0148,0,2026-06-14 09:38:10,0.3897559023609444,0
737,0148,0,2026-06-14 09:38:10,0.3897559023609444,0
738,0148,0,2026-06-14 09:38:10,0.3897559023609444,0
739,0148,0,2026-06-14 09:38:10,0.3897559023609444,0
740,0148,0,2026-06-14 09:38:10,0.3897559023609444,0
741,0083,0,2026-06-14 09:38:20,0.7919167667066827,0
742,0117,0,2026-06-14 09:38:20,0.0796318527410964,0
743,0148,0,2026-06-14 09:38:20,0.3897559023609444,0
744,0148,0,2026-06-14 09:38:20,0.3897559023609444,0
745,0148,0,2026-06-14 09:38:20,0.3897559023609444,0
746,0148,0,2026-06-14 09:38:20,0.3897559023609444,0
747,0148,0,2026-06-14 09:38:20,0.3897559023609444,0
748,0148,0,2026-06-14 09:38:20,0.3897559023609444,0
749,0148,0,2026-06-14 09:38:20,0.3897559023609444,0
750,0148,0,2026-06-14 09:38:20,0.3897559023609444,0
751,0148,0,2026-06-14 09:38:20,0.3897559023609444,0
752,0148,0,2026-06-14 09:38:20,0.3897559023609444,0
753,0083,0,2026-06-14 09:38:30,0.7919167667066827,0
754,0117,0,2026-06-14 09:38:30,0.0796318527410964,0
755,0148,0,2026-06-14 09:38:30,0.3897559023609444,0
756,0148,0,2026-06-14 09:38:30,0.3897559023609444,0
757,0148,0,2026-06-14 09:38:30,0.3897559023609444,0
758,0148,0,2026-06-14 09:38:30,0.3897559023609444,0
759,0148,0,2026-06-14 09:38:30,0.3897559023609444,0
760,0148,0,2026-06-14 09:38:30,0.3897559023609444,0
761,0148,0,2026-06-14 09:38:30,0.3897559023609444,0
762,0148,0,2026-06-14 09:38:30,0.3897559023609444,0
763,0083,0,2026-06-14 09:38:40,0.7919167667066827,0
764,0117,0,2026-06-14 09:38:40,0.0796318527410964,0
765,0148,0,2026-06-14 09:38:40,0.3897559023609444,0
766,0148,0,2026-06-14 09:38:40,0.3897559023609444,0
767,0148,0,2026-06-14 09:38:40,0.3897559023609444,0
768,0148,0,2026-06-14 09:38:40,0.3897559023609444,0
769,0148,0,2026-06-14 09:38:40,0.3897559023609444,0
770,0148,0,2026-06-14 09:38:40,0.3897559023609444,1
771,0148,0,2026-06-14 09:38:40,0.3897559023609444,0
772,0148,0,2026-06-14 09:38:40,0.3897559023609444,0
773,0165,0,2026-06-14 09:38:40,0.2384953981592637,0
774,0202,0,2026-06-14 09:38:40,0.7919167667066827,0
775,0076,0,2026-06-14 09:38:50,0.5550220088035214,0
776,0117,0,2026-06-14 09:38:50,0.0796318527410964,0
777,0148,0,2026-06-14 09:38:50,0.3897559023609444,0
778,0148,0,2026-06-14 09:38:50,0.3897559023609444,0
779,0148,0,2026-06-14 09:38:50,0.3897559023609444,0
780,0148,0,2026-06-14 09:38:50,0.3897559023609444,0
781,0148,0,2026-06-14 09:38:50,0.3897559023609444,0
782,0148,0,2026-06-14 09:38:50,0.3897559023609444,0
783,0148,0,2026-06-14 09:38:50,0.3897559023609444,0
784,0148,0,2026-06-14 09:38:50,0.3897559023609444,0
785,0165,0,2026-06-14 09:38:50,0.2384953981592637,0
786,0202,0,2026-06-14 09:38:50,0.7919167667066827,0
787,0076,0,2026-06-14 09:39:00,0.5550220088035214,0
788,0117,0,2026-06-14 09:39:00,0.0796318527410964,0
789,0148,0,2026-06-14 09:39:00,0.3897559023609444,0
790,0148,0,2026-06-14 09:39:00,0.3897559023609444,0
791,0148,0,2026-06-14 09:39:00,0.3897559023609444,0
792,0148,0,2026-06-14 09:39:00,0.3897559023609444,0
793,0148,0,2026-06-14 09:39:00,0.3897559023609444,0
794,0148,0,2026-06-14 09:39:00,0.3897559023609444,0
795,0148,0,2026-06-14 09:39:00,0.3897559023609444,0
796,0148,0,2026-06-14 09:39:00,0.3897559023609444,0
797,0148,0,2026-06-14 09:39:00,0.3897559023609444,0
798,0165,0,2026-06-14 09:39:00,0.2384953981592637,0
799,0202,0,2026-06-14 09:39:00,0.7919167667066827,0
800,0076,0,2026-06-14 09:39:10,0.5550220088035214,0
801,0117,0,2026-06-14 09:39:10,0.0796318527410964,0
802,0148,0,2026-06-14 09:39:10,0.3897559023609444,0
803,0148,0,2026-06-14 09:39:10,0.3897559023609444,0
804,0148,0,2026-06-14 09:39:10,0.3897559023609444,0
805,0148,0,2026-06-14 09:39:10,0.3897559023609444,0
806,0148,0,2026-06-14 09:39:10,0.3897559023609444,0
807,0148,0,2026-06-14 09:39:10,0.3897559023609444,0
808,0148,0,2026-06-14 09:39:10,0.3897559023609444,0
809,0148,0,2026-06-14 09:39:10,0.3897559023609444,0
810,0165,0,2026-06-14 09:39:10,0.2384953981592637,0
811,0202,0,2026-06-14 09:39:10,0.7919167667066827,0
812,0076,0,2026-06-14 09:39:20,0.5550220088035214,0
813,0117,0,2026-06-14 09:39:20,0.0796318527410964,0
814,0148,0,2026-06-14 09:39:20,0.3897559023609444,0
815,0148,0,2026-06-14 09:39:20,0.3897559023609444,0
816,0148,0,2026-06-14 09:39:20,0.3897559023609444,0
817,0148,0,2026-06-14 09:39:20,0.3897559023609444,0
818,0148,0,2026-06-14 09:39:20,0.3897559023609444,0
819,0148,0,2026-06-14 09:39:20,0.3897559023609444,0
820,0148,0,2026-06-14 09:39:20,0.3897559023609444,0
821,0148,0,2026-06-14 09:39:20,0.3897559023609444,0
822,0165,0,2026-06-14 09:39:20,0.2384953981592637,0
823,0202,0,2026-06-14 09:39:20,0.7919167667066827,0
824,0076,0,2026-06-14 09:39:30,0.5550220088035214,0
825,0117,0,2026-06-14 09:39:30,0.0796318527410964,0
826,0148,0,2026-06-14 09:39:30,0.3897559023609444,0
827,0148,0,2026-06-14 09:39:30,0.3897559023609444,0
828,0148,0,2026-06-14 09:39:30,0.3897559023609444,0
829,0148,0,2026-06-14 09:39:30,0.3897559023609444,0
830,0148,0,2026-06-14 09:39:30,0.3897559023609444,0
831,0148,0,2026-06-14 09:39:30,0.3897559023609444,0
832,0148,0,2026-06-14 09:39:30,0.3897559023609444,0
833,0165,0,2026-06-14 09:39:30,0.2384953981592637,0
834,0202,0,2026-06-14 09:39:30,0.7919167667066827,0
835,0076,0,2026-06-14 09:39:40,0.5550220088035214,0
836,0117,0,2026-06-14 09:39:40,0.0796318527410964,0
837,0165,0,2026-06-14 09:39:40,0.2384953981592637,0
838,0202,0,2026-06-14 09:39:40,0.7919167667066827,0
839,0165,0,2026-06-14 09:39:50,0.2384953981592637,1
840,0202,0,2026-06-14 09:39:50,0.7919167667066827,0
841,0064,1,2026-06-13 10:29:30,0.1768707482993197,0
842,0064,1,2026-06-13 10:29:40,0.1768707482993197,0
843,0064,1,2026-06-13 10:29:50,0.1768707482993197,1
844,0064,1,2026-06-13 10:30:00,0.1768707482993197,0
845,0064,1,2026-06-13 10:30:10,0.1768707482993197,0
846,0064,1,2026-06-13 10:30:20,0.1768707482993197,0
847,0064,1,2026-06-13 10:30:30,0.1768707482993197,0
848,0064,1,2026-06-13 10:30:40,0.1768707482993197,0
849,0064,1,2026-06-13 10:30:50,0.1768707482993197,1
850,0064,1,2026-06-13 10:31:00,0.1768707482993197,0
851,0064,1,2026-06-13 10:31:10,0.1768707482993197,0
852,0010,1,2026-06-13 10:33:20,0.1768707482993197,0
853,0010,1,2026-06-13 10:33:30,0.1768707482993197,0
854,0010,1,2026-06-13 10:33:40,0.1768707482993197,1
855,0010,1,2026-06-13 10:33:50,0.1768707482993197,0
856,0010,1,2026-06-13 10:34:00,0.1768707482993197,0
857,0010,1,2026-06-13 10:34:10,0.1768707482993197,0
858,0010,1,2026-06-13 10:34:20,0.1768707482993197,0
859,0201,1,2026-06-13 10:34:20,0.2384953981592637,1
860,0010,1,2026-06-13 10:34:30,0.1768707482993197,0
861,0201,1,2026-06-13 10:34:30,0.2384953981592637,0
862,0010,1,2026-06-13 10:34:40,0.1768707482993197,0
863,0201,1,2026-06-13 10:34:40,0.2384953981592637,1
864,0243,1,2026-06-13 10:34:40,0.9723889555822329,0
865,0010,1,2026-06-13 10:34:50,0.1768707482993197,0
866,0201,1,2026-06-13 10:34:50,0.2384953981592637,0
867,0243,1,2026-06-13 10:34:50,0.9723889555822329,0
868,0201,1,2026-06-13 10:35:00,0.2384953981592637,0
869,0243,1,2026-06-13 10:35:00,0.9723889555822329,0
870,0201,1,2026-06-13 10:35:10,0.2384953981592637,0
871,0243,1,2026-06-13 10:35:10,0.9723889555822329,0
872,0201,1,2026-06-13 10:35:20,0.2384953981592637,0
873,0243,1,2026-06-13 10:35:20,0.9723889555822329,0
874,0201,1,2026-06-13 10:35:30,0.2384953981592637,0
875,0243,1,2026-06-13 10:35:30,0.9723889555822329,0
876,0201,1,2026-06-13 10:35:40,0.2384953981592637,0
877,0243,1,2026-06-13 10:35:40,0.9723889555822329,0
878,0201,1,2026-06-13 10:35:50,0.2384953981592637,0
879,0243,1,2026-06-13 10:35:50,0.9723889555822329,0
880,0243,1,2026-06-13 10:36:00,0.9723889555822329,0
881,004,1,2026-06-13 10:41:10,0.7919167667066827,0
882,004,1,2026-06-13 10:41:20,0.7919167667066827,0
883,004,1,2026-06-13 10:41:30,0.7919167667066827,0
884,004,1,2026-06-13 10:41:40,0.7919167667066827,0
885,004,1,2026-06-13 10:41:50,0.7919167667066827,0
886,004,1,2026-06-13 10:42:00,0.7919167667066827,0
887,004,1,2026-06-13 10:42:10,0.7919167667066827,1
888,0111,1,2026-06-13 12:24:50,0.8947579031612645,0
889,0111,1,2026-06-13 12:25:00,0.8947579031612645,0
890,0111,1,2026-06-13 12:25:10,0.8947579031612645,0
891,0111,1,2026-06-13 12:25:20,0.8947579031612645,0
892,0111,1,2026-06-13 12:25:30,0.8947579031612645,0
893,0111,1,2026-06-13 12:25:40,0.8947579031612645,0
894,0111,1,2026-06-13 12:25:50,0.8947579031612645,0
895,0111,1,2026-06-13 12:26:00,0.8947579031612645,0
896,0111,1,2026-06-13 12:26:10,0.8947579031612645,0
897,0111,1,2026-06-13 12:26:20,0.8947579031612645,0
898,0111,1,2026-06-13 12:26:30,0.8947579031612645,0
899,0136,1,2026-06-13 12:29:40,0.2384953981592637,0
900,0136,1,2026-06-13 12:29:50,0.2384953981592637,0
901,0136,1,2026-06-13 12:30:00,0.2384953981592637,0
902,0136,1,2026-06-13 12:30:10,0.2384953981592637,0
903,0136,1,2026-06-13 12:30:20,0.2384953981592637,0
904,0136,1,2026-06-13 12:30:30,0.2384953981592637,0
905,0136,1,2026-06-13 12:30:40,0.2384953981592637,0
906,0136,1,2026-06-13 12:30:50,0.2384953981592637,0
907,0136,1,2026-06-13 12:31:00,0.2384953981592637,0
908,0136,1,2026-06-13 12:31:10,0.2384953981592637,1
909,0023,1,2026-06-13 14:11:10,0.5106042416966786,0
910,0023,1,2026-06-13 14:11:20,0.5106042416966786,0
911,0023,1,2026-06-13 14:11:30,0.5106042416966786,0
912,0039,1,2026-06-13 14:11:30,0.8947579031612645,0
913,0023,1,2026-06-13 14:11:40,0.5106042416966786,0
914,0039,1,2026-06-13 14:11:40,0.8947579031612645,0
915,0023,1,2026-06-13 14:11:50,0.5106042416966786,0
916,0039,1,2026-06-13 14:11:50,0.8947579031612645,0
917,0023,1,2026-06-13 14:12:00,0.5106042416966786,0
918,0039,1,2026-06-13 14:12:00,0.8947579031612645,0
919,0023,1,2026-06-13 14:12:10,0.5106042416966786,0
920,0039,1,2026-06-13 14:12:10,0.8947579031612645,0
921,0023,1,2026-06-13 14:12:20,0.5106042416966786,0
922,0023,1,2026-06-13 14:12:30,0.5106042416966786,0
923,0023,1,2026-06-13 14:12:40,0.5106042416966786,0
924,0023,1,2026-06-13 14:12:50,0.5106042416966786,0
925,0160,1,2026-06-13 15:28:20,0.3897559023609444,0
926,0160,1,2026-06-13 15:28:30,0.3897559023609444,0
927,0160,1,2026-06-13 15:28:40,0.3897559023609444,0
928,0160,1,2026-06-13 15:28:50,0.3897559023609444,0
929,0160,1,2026-06-13 15:29:00,0.3897559023609444,0
930,0160,1,2026-06-13 15:29:10,0.3897559023609444,0
931,0179,1,2026-06-13 15:32:20,0.3897559023609444,0
932,0179,1,2026-06-13 15:32:20,0.3897559023609444,0
933,0179,1,2026-06-13 15:32:20,0.3897559023609444,0
934,0179,1,2026-06-13 15:32:30,0.3897559023609444,0
935,0179,1,2026-06-13 15:32:40,0.3897559023609444,0
936,0179,1,2026-06-13 15:32:50,0.3897559023609444,0
937,0179,1,2026-06-13 15:32:50,0.3897559023609444,0
938,0179,1,2026-06-13 15:33:00,0.3897559023609444,0
939,0179,1,2026-06-13 15:33:00,0.3897559023609444,0
940,0179,1,2026-06-13 15:33:10,0.3897559023609444,0
941,0179,1,2026-06-13 15:33:10,0.3897559023609444,0
942,0179,1,2026-06-13 15:33:20,0.3897559023609444,0
943,0179,1,2026-06-13 15:33:20,0.3897559023609444,0
944,0184,1,2026-06-13 15:33:20,0.1768707482993197,0
945,0179,1,2026-06-13 15:33:30,0.3897559023609444,0
946,0184,1,2026-06-13 15:33:30,0.1768707482993197,0
947,0179,1,2026-06-13 15:33:40,0.3897559023609444,0
948,0184,1,2026-06-13 15:33:40,0.1768707482993197,0
949,0179,1,2026-06-13 15:33:50,0.3897559023609444,0
950,0184,1,2026-06-13 15:33:50,0.1768707482993197,0
951,0184,1,2026-06-13 15:34:00,0.1768707482993197,0
952,0184,1,2026-06-13 15:34:10,0.1768707482993197,0
953,0137,1,2026-06-13 15:37:10,0.2384953981592637,0
954,0137,1,2026-06-13 15:37:20,0.2384953981592637,1
955,0137,1,2026-06-13 15:37:30,0.2384953981592637,0
956,0137,1,2026-06-13 15:37:40,0.2384953981592637,0
957,0137,1,2026-06-13 15:37:50,0.2384953981592637,0
958,0137,1,2026-06-13 15:38:00,0.2384953981592637,0
959,0137,1,2026-06-13 15:38:10,0.2384953981592637,0
960,0077,1,2026-06-13 15:38:20,0.9723889555822329,0
961,0137,1,2026-06-13 15:38:20,0.2384953981592637,0
962,0077,1,2026-06-13 15:38:30,0.9723889555822329,0
963,0137,1,2026-06-13 15:38:30,0.2384953981592637,0
964,0077,1,2026-06-13 15:38:40,0.9723889555822329,0
965,0137,1,2026-06-13 15:38:40,0.2384953981592637,0
966,0077,1,2026-06-13 15:38:50,0.9723889555822329,0
967,0137,1,2026-06-13 15:38:50,0.2384953981592637,0
968,0077,1,2026-06-13 15:39:00,0.9723889555822329,0
969,0077,1,2026-06-13 15:39:10,0.9723889555822329,1
970,0021,1,2026-06-13 16:46:10,0.1768707482993197,0
971,0021,1,2026-06-13 16:46:20,0.1768707482993197,0
972,0021,1,2026-06-13 16:46:30,0.1768707482993197,0
973,0021,1,2026-06-13 16:46:40,0.1768707482993197,1
974,0038,1,2026-06-13 17:08:00,0.6078431372549019,1
975,0038,1,2026-06-13 17:08:10,0.6078431372549019,0
976,0069,1,2026-06-13 17:08:10,1.0000000000000000,0
977,0038,1,2026-06-13 17:08:20,0.6078431372549019,0
978,0069,1,2026-06-13 17:08:20,1.0000000000000000,0
979,0038,1,2026-06-13 17:08:30,0.6078431372549019,0
980,0069,1,2026-06-13 17:08:30,1.0000000000000000,0
981,0038,1,2026-06-13 17:08:40,0.6078431372549019,0
982,0069,1,2026-06-13 17:08:40,1.0000000000000000,0
983,0038,1,2026-06-13 17:08:50,0.6078431372549019,0
984,0069,1,2026-06-13 17:08:50,1.0000000000000000,0
985,0038,1,2026-06-13 17:09:00,0.6078431372549019,0
986,0069,1,2026-06-13 17:09:00,1.0000000000000000,0
987,0038,1,2026-06-13 17:09:10,0.6078431372549019,0
988,0069,1,2026-06-13 17:09:10,1.0000000000000000,0
989,0038,1,2026-06-13 17:09:20,0.6078431372549019,0
990,0069,1,2026-06-13 17:09:20,1.0000000000000000,0
991,0038,1,2026-06-13 17:09:30,0.6078431372549019,0
992,0069,1,2026-06-13 17:09:30,1.0000000000000000,0
993,0038,1,2026-06-13 17:09:40,0.6078431372549019,0
994,0069,1,2026-06-13 17:09:40,1.0000000000000000,0
995,0038,1,2026-06-13 17:09:50,0.6078431372549019,0
996,0069,1,2026-06-13 17:09:50,1.0000000000000000,0
997,0069,1,2026-06-13 17:10:00,1.0000000000000000,0
998,007,1,2026-06-13 17:11:50,0.7919167667066827,0
999,0053,1,2026-06-13 17:11:50,0.9723889555822329,0
1000,007,1,2026-06-13 17:12:00,0.7919167667066827,0
1001,0053,1,2026-06-13 17:12:00,0.9723889555822329,0
1002,007,1,2026-06-13 17:12:10,0.7919167667066827,0
1003,0053,1,2026-06-13 17:12:10,0.9723889555822329,0
1004,007,1,2026-06-13 17:12:20,0.7919167667066827,0
1005,0053,1,2026-06-13 17:12:20,0.9723889555822329,0
1006,007,1,2026-06-13 17:12:30,0.7919167667066827,0
1007,0053,1,2026-06-13 17:12:30,0.9723889555822329,1
1008,007,1,2026-06-13 17:12:40,0.7919167667066827,0
1009,0053,1,2026-06-13 17:12:40,0.9723889555822329,0
1010,007,1,2026-06-13 17:12:50,0.7919167667066827,0
1011,0053,1,2026-06-13 17:12:50,0.9723889555822329,0
1012,007,1,2026-06-13 17:13:00,0.7919167667066827,0
1013,0053,1,2026-06-13 17:13:00,0.9723889555822329,0
1014,007,1,2026-06-13 17:13:10,0.7919167667066827,0
1015,0053,1,2026-06-13 17:13:10,0.9723889555822329,0
1016,007,1,2026-06-13 17:13:20,0.7919167667066827,0
1017,007,1,2026-06-13 17:13:30,0.7919167667066827,0
1018,0119,1,2026-06-13 18:25:50,0.8947579031612645,0
1019,0119,1,2026-06-13 18:26:00,0.8947579031612645,0
1020,0119,1,2026-06-13 18:26:10,0.8947579031612645,0
1021,0119,1,2026-06-13 18:26:20,0.8947579031612645,0
1022,0119,1,2026-06-13 18:26:30,0.8947579031612645,0
1023,0119,1,2026-06-13 18:26:40,0.8947579031612645,0
1024,0119,1,2026-06-13 18:26:50,0.8947579031612645,0
1025,0119,1,2026-06-13 18:27:00,0.8947579031612645,0
1026,0119,1,2026-06-13 18:27:10,0.8947579031612645,0
1027,0119,1,2026-06-13 18:27:20,0.8947579031612645,0
1028,0119,1,2026-06-13 18:27:30,0.8947579031612645,0
1029,0119,1,2026-06-13 18:27:40,0.8947579031612645,0
1030,0134,1,2026-06-13 18:45:50,0.0208083233293317,0
1031,0134,1,2026-06-13 18:46:00,0.0208083233293317,0
1032,0134,1,2026-06-13 18:46:10,0.0208083233293317,0
1033,0134,1,2026-06-13 18:46:20,0.0208083233293317,0
1034,0180,1,2026-06-14 01:18:50,0.7919167667066827,0
1035,0180,1,2026-06-14 01:19:00,0.7919167667066827,0
1036,0180,1,2026-06-14 01:19:10,0.7919167667066827,0
1037,0180,1,2026-06-14 01:19:20,0.7919167667066827,0
1038,0180,1,2026-06-14 01:19:30,0.7919167667066827,0
1039,0180,1,2026-06-14 01:19:40,0.7919167667066827,0
1040,0180,1,2026-06-14 01:19:50,0.7919167667066827,0
1041,0180,1,2026-06-14 01:20:00,0.7919167667066827,0
1042,0180,1,2026-06-14 01:20:10,0.7919167667066827,0
1043,0180,1,2026-06-14 01:20:20,0.7919167667066827,0
1044,0180,1,2026-06-14 01:20:30,0.7919167667066827,0
1045,0180,1,2026-06-14 01:20:40,0.7919167667066827,0
1046,0014,1,2026-06-14 01:21:20,0.6962785114045619,0
1047,0014,1,2026-06-14 01:21:30,0.6962785114045619,0
1048,0014,1,2026-06-14 01:21:40,0.6962785114045619,0
1049,0014,1,2026-06-14 01:21:50,0.6962785114045619,0
1050,0014,1,2026-06-14 01:22:00,0.6962785114045619,1
1051,0014,1,2026-06-14 01:22:10,0.6962785114045619,0
1052,0014,1,2026-06-14 01:22:20,0.6962785114045619,0
1053,0014,1,2026-06-14 01:22:30,0.6962785114045619,0
1054,0014,1,2026-06-14 01:22:40,0.6962785114045619,0
1055,0031,1,2026-06-14 01:22:40,0.5106042416966786,1
1056,0155,1,2026-06-14 01:22:40,0.5106042416966786,0
1057,0155,1,2026-06-14 01:22:40,0.5106042416966786,0
1058,0014,1,2026-06-14 01:22:50,0.6962785114045619,0
1059,0031,1,2026-06-14 01:22:50,0.5106042416966786,0
1060,0115,1,2026-06-14 01:22:50,0.6962785114045619,0
1061,0150,1,2026-06-14 01:22:50,0.8947579031612645,0
1062,0155,1,2026-06-14 01:22:50,0.5106042416966786,0
1063,0155,1,2026-06-14 01:22:50,0.5106042416966786,0
1064,0155,1,2026-06-14 01:22:50,0.5106042416966786,0
1065,0031,1,2026-06-14 01:23:00,0.5106042416966786,0
1066,0115,1,2026-06-14 01:23:00,0.6962785114045619,0
1067,0150,1,2026-06-14 01:23:00,0.8947579031612645,0
1068,0155,1,2026-06-14 01:23:00,0.5106042416966786,0
1069,0155,1,2026-06-14 01:23:00,0.5106042416966786,1
1070,0155,1,2026-06-14 01:23:00,0.5106042416966786,0
1071,0155,1,2026-06-14 01:23:00,0.5106042416966786,0
1072,0031,1,2026-06-14 01:23:10,0.5106042416966786,0
1073,0072,1,2026-06-14 01:23:10,0.1768707482993197,0
1074,0115,1,2026-06-14 01:23:10,0.6962785114045619,0
1075,0150,1,2026-06-14 01:23:10,0.8947579031612645,0
1076,0155,1,2026-06-14 01:23:10,0.5106042416966786,0
1077,0155,1,2026-06-14 01:23:10,0.5106042416966786,0
1078,0155,1,2026-06-14 01:23:10,0.5106042416966786,0
1079,0155,1,2026-06-14 01:23:10,0.5106042416966786,0
1080,0155,1,2026-06-14 01:23:10,0.5106042416966786,0
1081,0169,1,2026-06-14 01:23:10,0.5106042416966786,0
1082,0031,1,2026-06-14 01:23:20,0.5106042416966786,0
1083,0072,1,2026-06-14 01:23:20,0.1768707482993197,1
1084,0115,1,2026-06-14 01:23:20,0.6962785114045619,0
1085,0150,1,2026-06-14 01:23:20,0.8947579031612645,0
1086,0155,1,2026-06-14 01:23:20,0.5106042416966786,0
1087,0155,1,2026-06-14 01:23:20,0.5106042416966786,0
1088,0155,1,2026-06-14 01:23:20,0.5106042416966786,0
1089,0155,1,2026-06-14 01:23:20,0.5106042416966786,0
1090,0169,1,2026-06-14 01:23:20,0.5106042416966786,0
1091,0031,1,2026-06-14 01:23:30,0.5106042416966786,0
1092,0072,1,2026-06-14 01:23:30,0.1768707482993197,0
1093,0115,1,2026-06-14 01:23:30,0.6962785114045619,0
1094,0150,1,2026-06-14 01:23:30,0.8947579031612645,0
1095,0155,1,2026-06-14 01:23:30,0.5106042416966786,0
1096,0155,1,2026-06-14 01:23:30,0.5106042416966786,0
1097,0155,1,2026-06-14 01:23:30,0.5106042416966786,0
1098,0169,1,2026-06-14 01:23:30,0.5106042416966786,0
1099,0072,1,2026-06-14 01:23:40,0.1768707482993197,0
1100,0115,1,2026-06-14 01:23:40,0.6962785114045619,0
1101,0150,1,2026-06-14 01:23:40,0.8947579031612645,0
1102,0155,1,2026-06-14 01:23:40,0.5106042416966786,0
1103,0155,1,2026-06-14 01:23:40,0.5106042416966786,0
1104,0155,1,2026-06-14 01:23:40,0.5106042416966786,0
1105,0155,1,2026-06-14 01:23:40,0.5106042416966786,0
1106,0169,1,2026-06-14 01:23:40,0.5106042416966786,0
1107,0072,1,2026-06-14 01:23:50,0.1768707482993197,0
1108,0115,1,2026-06-14 01:23:50,0.6962785114045619,0
1109,0150,1,2026-06-14 01:23:50,0.8947579031612645,0
1110,0155,1,2026-06-14 01:23:50,0.5106042416966786,0
1111,0155,1,2026-06-14 01:23:50,0.5106042416966786,0
1112,0155,1,2026-06-14 01:23:50,0.5106042416966786,0
1113,0155,1,2026-06-14 01:23:50,0.5106042416966786,0
1114,0169,1,2026-06-14 01:23:50,0.5106042416966786,1
1115,0072,1,2026-06-14 01:24:00,0.1768707482993197,0
1116,0115,1,2026-06-14 01:24:00,0.6962785114045619,1
1117,0150,1,2026-06-14 01:24:00,0.8947579031612645,0
1118,0155,1,2026-06-14 01:24:00,0.5106042416966786,0
1119,0155,1,2026-06-14 01:24:00,0.5106042416966786,0
1120,0155,1,2026-06-14 01:24:00,0.5106042416966786,0
1121,0169,1,2026-06-14 01:24:00,0.5106042416966786,0
1122,0072,1,2026-06-14 01:24:10,0.1768707482993197,0
1123,0115,1,2026-06-14 01:24:10,0.6962785114045619,0
1124,0150,1,2026-06-14 01:24:10,0.8947579031612645,0
1125,0155,1,2026-06-14 01:24:10,0.5106042416966786,0
1126,0155,1,2026-06-14 01:24:10,0.5106042416966786,0
1127,0155,1,2026-06-14 01:24:10,0.5106042416966786,0
1128,0169,1,2026-06-14 01:24:10,0.5106042416966786,0
1129,0115,1,2026-06-14 01:24:20,0.6962785114045619,0
1130,0150,1,2026-06-14 01:24:20,0.8947579031612645,0
1131,0155,1,2026-06-14 01:24:20,0.5106042416966786,0
1132,0155,1,2026-06-14 01:24:20,0.5106042416966786,0
1133,0169,1,2026-06-14 01:24:20,0.5106042416966786,0
1134,0115,1,2026-06-14 01:24:30,0.6962785114045619,0
1135,0150,1,2026-06-14 01:24:30,0.8947579031612645,0
1136,0169,1,2026-06-14 01:24:30,0.5106042416966786,0
1137,0115,1,2026-06-14 01:24:40,0.6962785114045619,0
1138,0169,1,2026-06-14 01:24:40,0.5106042416966786,0
1139,0029,1,2026-06-14 03:01:20,1.0000000000000000,0
1140,0029,1,2026-06-14 03:01:30,1.0000000000000000,0
1141,0204,1,2026-06-14 03:01:30,0.6962785114045619,0
1142,0029,1,2026-06-14 03:01:40,1.0000000000000000,0
1143,0047,1,2026-06-14 03:01:40,0.7919167667066827,0
1144,0204,1,2026-06-14 03:01:40,0.6962785114045619,0
1145,0029,1,2026-06-14 03:01:50,1.0000000000000000,0
1146,0047,1,2026-06-14 03:01:50,0.7919167667066827,0
1147,0204,1,2026-06-14 03:01:50,0.6962785114045619,0
1148,0029,1,2026-06-14 03:02:00,1.0000000000000000,0
1149,0047,1,2026-06-14 03:02:00,0.7919167667066827,0
1150,0204,1,2026-06-14 03:02:00,0.6962785114045619,1
1151,0029,1,2026-06-14 03:02:10,1.0000000000000000,0
1152,0047,1,2026-06-14 03:02:10,0.7919167667066827,0
1153,0204,1,2026-06-14 03:02:10,0.6962785114045619,0
1154,0017,1,2026-06-14 03:02:20,0.2384953981592637,0
1155,0029,1,2026-06-14 03:02:20,1.0000000000000000,0
1156,0047,1,2026-06-14 03:02:20,0.7919167667066827,0
1157,0204,1,2026-06-14 03:02:20,0.6962785114045619,0
1158,0017,1,2026-06-14 03:02:30,0.2384953981592637,0
1159,0029,1,2026-06-14 03:02:30,1.0000000000000000,0
1160,0047,1,2026-06-14 03:02:30,0.7919167667066827,0
1161,0204,1,2026-06-14 03:02:30,0.6962785114045619,0
1162,0017,1,2026-06-14 03:02:40,0.2384953981592637,0
1163,0029,1,2026-06-14 03:02:40,1.0000000000000000,0
1164,0204,1,2026-06-14 03:02:40,0.6962785114045619,0
1165,0017,1,2026-06-14 03:02:50,0.2384953981592637,0
1166,0029,1,2026-06-14 03:02:50,1.0000000000000000,0
1167,0204,1,2026-06-14 03:02:50,0.6962785114045619,0
1168,0017,1,2026-06-14 03:03:00,0.2384953981592637,0
1169,0017,1,2026-06-14 03:03:10,0.2384953981592637,0
1170,0017,1,2026-06-14 03:03:20,0.2384953981592637,0
1171,0025,1,2026-06-14 03:03:20,0.3897559023609444,0
1172,0017,1,2026-06-14 03:03:30,0.2384953981592637,0
1173,0025,1,2026-06-14 03:03:30,0.3897559023609444,0
1174,0197,1,2026-06-14 03:03:30,0.5106042416966786,0
1175,0017,1,2026-06-14 03:03:40,0.2384953981592637,0
1176,0025,1,2026-06-14 03:03:40,0.3897559023609444,0
1177,0197,1,2026-06-14 03:03:40,0.5106042416966786,0
1178,0017,1,2026-06-14 03:03:50,0.2384953981592637,0
1179,0025,1,2026-06-14 03:03:50,0.3897559023609444,0
1180,0197,1,2026-06-14 03:03:50,0.5106042416966786,0
1181,0017,1,2026-06-14 03:04:00,0.2384953981592637,0
1182,0025,1,2026-06-14 03:04:00,0.3897559023609444,0
1183,0197,1,2026-06-14 03:04:00,0.5106042416966786,0
1184,0017,1,2026-06-14 03:04:10,0.2384953981592637,0
1185,0025,1,2026-06-14 03:04:10,0.3897559023609444,0
1186,0197,1,2026-06-14 03:04:10,0.5106042416966786,0
1187,0025,1,2026-06-14 03:04:20,0.3897559023609444,0
1188,0197,1,2026-06-14 03:04:20,0.5106042416966786,0
1189,0025,1,2026-06-14 03:04:30,0.3897559023609444,0
1190,0175,1,2026-06-14 03:06:10,0.9723889555822329,0
1191,0175,1,2026-06-14 03:06:20,0.9723889555822329,0
1192,0175,1,2026-06-14 03:06:30,0.9723889555822329,0
1193,0175,1,2026-06-14 03:06:40,0.9723889555822329,0
1194,0175,1,2026-06-14 03:06:50,0.9723889555822329,0
1195,0175,1,2026-06-14 03:07:00,0.9723889555822329,0
1196,0175,1,2026-06-14 03:07:10,0.9723889555822329,0
1197,0175,1,2026-06-14 03:07:20,0.9723889555822329,0
1198,0175,1,2026-06-14 03:07:30,0.9723889555822329,0
1199,0175,1,2026-06-14 03:07:40,0.9723889555822329,0
1200,0175,1,2026-06-14 03:07:50,0.9723889555822329,1
1201,0142,1,2026-06-14 04:33:50,0.5106042416966786,1
1202,0142,1,2026-06-14 04:34:00,0.5106042416966786,0
1203,0142,1,2026-06-14 04:34:10,0.5106042416966786,0
1204,0142,1,2026-06-14 04:34:20,0.5106042416966786,0
1205,0142,1,2026-06-14 04:34:30,0.5106042416966786,0
1206,0142,1,2026-06-14 04:34:40,0.5106042416966786,0
1207,0142,1,2026-06-14 04:34:50,0.5106042416966786,0
1208,0142,1,2026-06-14 04:35:00,0.5106042416966786,0
1209,0142,1,2026-06-14 04:35:10,0.5106042416966786,0
1210,0142,1,2026-06-14 04:35:20,0.5106042416966786,0
1211,0142,1,2026-06-14 04:35:30,0.5106042416966786,0
1212,0142,1,2026-06-14 04:35:40,0.5106042416966786,0
1213,0129,1,2026-06-14 04:38:30,0.6962785114045619,0
1214,0129,1,2026-06-14 04:38:40,0.6962785114045619,0
1215,0129,1,2026-06-14 04:38:50,0.6962785114045619,0
1216,0129,1,2026-06-14 04:39:00,0.6962785114045619,0
1217,0129,1,2026-06-14 04:39:10,0.6962785114045619,0
1218,0129,1,2026-06-14 04:39:20,0.6962785114045619,0
1219,0129,1,2026-06-14 04:39:30,0.6962785114045619,0
1220,0129,1,2026-06-14 04:39:40,0.6962785114045619,0
1221,0129,1,2026-06-14 04:39:50,0.6962785114045619,0
1222,0129,1,2026-06-14 04:40:00,0.6962785114045619,0
1223,0129,1,2026-06-14 04:40:10,0.6962785114045619,0
1224,0218,1,2026-06-14 04:42:10,0.1768707482993197,0
1225,0218,1,2026-06-14 04:42:20,0.1768707482993197,0
1226,0087,1,2026-06-14 04:42:30,0.1768707482993197,0
1227,0218,1,2026-06-14 04:42:30,0.1768707482993197,0
1228,0087,1,2026-06-14 04:42:40,0.1768707482993197,0
1229,0218,1,2026-06-14 04:42:40,0.1768707482993197,0
1230,0087,1,2026-06-14 04:42:50,0.1768707482993197,0
1231,0218,1,2026-06-14 04:42:50,0.1768707482993197,0
1232,0087,1,2026-06-14 04:43:00,0.1768707482993197,0
1233,0218,1,2026-06-14 04:43:00,0.1768707482993197,0
1234,0087,1,2026-06-14 04:43:10,0.1768707482993197,0
1235,0218,1,2026-06-14 04:43:10,0.1768707482993197,0
1236,0087,1,2026-06-14 04:43:20,0.1768707482993197,0
1237,0218,1,2026-06-14 04:43:20,0.1768707482993197,0
1238,0087,1,2026-06-14 04:43:30,0.1768707482993197,0
1239,0218,1,2026-06-14 04:43:30,0.1768707482993197,0
1240,0218,1,2026-06-14 04:43:40,0.1768707482993197,0
1241,0218,1,2026-06-14 04:43:50,0.1768707482993197,0
1242,0218,1,2026-06-14 04:44:00,0.1768707482993197,1
1243,0066,1,2026-06-14 04:44:40,0.8947579031612645,0
1244,0066,1,2026-06-14 04:44:50,0.8947579031612645,0
1245,0019,1,2026-06-14 04:45:00,0.5106042416966786,0
1246,0024,1,2026-06-14 04:45:00,0.2384953981592637,0
1247,0066,1,2026-06-14 04:45:00,0.8947579031612645,0
1248,0174,1,2026-06-14 04:45:00,0.1768707482993197,0
1249,0174,1,2026-06-14 04:45:00,0.1768707482993197,0
1250,0019,1,2026-06-14 04:45:10,0.5106042416966786,1
1251,0024,1,2026-06-14 04:45:10,0.2384953981592637,0
1252,0066,1,2026-06-14 04:45:10,0.8947579031612645,0
1253,0174,1,2026-06-14 04:45:10,0.1768707482993197,0
1254,0174,1,2026-06-14 04:45:10,0.1768707482993197,0
1255,0019,1,2026-06-14 04:45:20,0.5106042416966786,0
1256,0024,1,2026-06-14 04:45:20,0.2384953981592637,1
1257,0066,1,2026-06-14 04:45:20,0.8947579031612645,0
1258,0174,1,2026-06-14 04:45:20,0.1768707482993197,0
1259,0019,1,2026-06-14 04:45:30,0.5106042416966786,0
1260,0024,1,2026-06-14 04:45:30,0.2384953981592637,0
1261,0066,1,2026-06-14 04:45:30,0.8947579031612645,0
1262,0174,1,2026-06-14 04:45:30,0.1768707482993197,0
1263,0174,1,2026-06-14 04:45:30,0.1768707482993197,0
1264,0019,1,2026-06-14 04:45:40,0.5106042416966786,0
1265,0024,1,2026-06-14 04:45:40,0.2384953981592637,0
1266,0066,1,2026-06-14 04:45:40,0.8947579031612645,0
1267,0174,1,2026-06-14 04:45:40,0.1768707482993197,0
1268,0019,1,2026-06-14 04:45:50,0.5106042416966786,0
1269,0024,1,2026-06-14 04:45:50,0.2384953981592637,0
1270,0044,1,2026-06-14 04:45:50,0.5106042416966786,0
1271,0066,1,2026-06-14 04:45:50,0.8947579031612645,0
1272,0174,1,2026-06-14 04:45:50,0.1768707482993197,0
1273,0019,1,2026-06-14 04:46:00,0.5106042416966786,0
1274,0024,1,2026-06-14 04:46:00,0.2384953981592637,0
1275,0044,1,2026-06-14 04:46:00,0.5106042416966786,0
1276,0066,1,2026-06-14 04:46:00,0.8947579031612645,0
1277,0174,1,2026-06-14 04:46:00,0.1768707482993197,0
1278,0174,1,2026-06-14 04:46:00,0.1768707482993197,0
1279,0019,1,2026-06-14 04:46:10,0.5106042416966786,0
1280,0024,1,2026-06-14 04:46:10,0.2384953981592637,0
1281,0044,1,2026-06-14 04:46:10,0.5106042416966786,0
1282,0066,1,2026-06-14 04:46:10,0.8947579031612645,0
1283,0172,1,2026-06-14 04:46:10,0.6078431372549019,0
1284,0019,1,2026-06-14 04:46:20,0.5106042416966786,0
1285,0044,1,2026-06-14 04:46:20,0.5106042416966786,0
1286,0066,1,2026-06-14 04:46:20,0.8947579031612645,0
1287,0172,1,2026-06-14 04:46:20,0.6078431372549019,0
1288,0186,1,2026-06-14 04:46:20,0.7919167667066827,0
1289,0019,1,2026-06-14 04:46:30,0.5106042416966786,0
1290,0044,1,2026-06-14 04:46:30,0.5106042416966786,0
1291,0066,1,2026-06-14 04:46:30,0.8947579031612645,0
1292,0172,1,2026-06-14 04:46:30,0.6078431372549019,0
1293,0186,1,2026-06-14 04:46:30,0.7919167667066827,0
1294,0199,1,2026-06-14 04:46:30,0.9723889555822329,0
1295,0019,1,2026-06-14 04:46:40,0.5106042416966786,0
1296,0044,1,2026-06-14 04:46:40,0.5106042416966786,0
1297,0172,1,2026-06-14 04:46:40,0.6078431372549019,0
1298,0186,1,2026-06-14 04:46:40,0.7919167667066827,0
1299,0199,1,2026-06-14 04:46:40,0.9723889555822329,0
1300,0044,1,2026-06-14 04:46:50,0.5106042416966786,0
1301,0172,1,2026-06-14 04:46:50,0.6078431372549019,0
1302,0186,1,2026-06-14 04:46:50,0.7919167667066827,0
1303,0199,1,2026-06-14 04:46:50,0.9723889555822329,0
1304,0044,1,2026-06-14 04:47:00,0.5106042416966786,0
1305,0172,1,2026-06-14 04:47:00,0.6078431372549019,1
1306,0186,1,2026-06-14 04:47:00,0.7919167667066827,0
1307,0199,1,2026-06-14 04:47:00,0.9723889555822329,0
1308,0044,1,2026-06-14 04:47:10,0.5106042416966786,0
1309,0172,1,2026-06-14 04:47:10,0.6078431372549019,0
1310,0186,1,2026-06-14 04:47:10,0.7919167667066827,0
1311,0199,1,2026-06-14 04:47:10,0.9723889555822329,1
1312,0172,1,2026-06-14 04:47:20,0.6078431372549019,0
1313,0186,1,2026-06-14 04:47:20,0.7919167667066827,0
1314,0199,1,2026-06-14 04:47:20,0.9723889555822329,0
1315,0172,1,2026-06-14 04:47:30,0.6078431372549019,0
1316,0186,1,2026-06-14 04:47:30,0.7919167667066827,0
1317,0199,1,2026-06-14 04:47:30,0.9723889555822329,0
1318,0172,1,2026-06-14 04:47:40,0.6078431372549019,0
1319,0186,1,2026-06-14 04:47:40,0.7919167667066827,0
1320,0199,1,2026-06-14 04:47:40,0.9723889555822329,0
1321,0172,1,2026-06-14 04:47:50,0.6078431372549019,0
1322,0186,1,2026-06-14 04:47:50,0.7919167667066827,0
1323,0186,1,2026-06-14 04:48:00,0.7919167667066827,0
1324,0186,1,2026-06-14 04:48:10,0.7919167667066827,1
1325,0231,1,2026-06-14 06:19:10,0.6078431372549019,0
1326,0231,1,2026-06-14 06:19:20,0.6078431372549019,0
1327,0231,1,2026-06-14 06:19:30,0.6078431372549019,0
1328,0231,1,2026-06-14 06:19:40,0.6078431372549019,0
1329,0231,1,2026-06-14 06:19:50,0.6078431372549019,0
1330,0231,1,2026-06-14 06:20:00,0.6078431372549019,1
1331,0231,1,2026-06-14 06:20:10,0.6078431372549019,1
1332,0020,1,2026-06-14 06:20:50,0.6962785114045619,0
1333,0020,1,2026-06-14 06:21:00,0.6962785114045619,0
1334,0020,1,2026-06-14 06:21:10,0.6962785114045619,0
1335,0065,1,2026-06-14 06:21:10,0.3897559023609444,0
1336,0020,1,2026-06-14 06:21:20,0.6962785114045619,0
1337,0065,1,2026-06-14 06:21:20,0.3897559023609444,0
1338,0189,1,2026-06-14 06:21:20,0.9723889555822329,0
1339,0020,1,2026-06-14 06:21:30,0.6962785114045619,0
1340,0065,1,2026-06-14 06:21:30,0.3897559023609444,0
1341,0189,1,2026-06-14 06:21:30,0.9723889555822329,0
1342,0020,1,2026-06-14 06:21:40,0.6962785114045619,0
1343,0065,1,2026-06-14 06:21:40,0.3897559023609444,0
1344,0189,1,2026-06-14 06:21:40,0.9723889555822329,0
1345,0020,1,2026-06-14 06:21:50,0.6962785114045619,0
1346,0065,1,2026-06-14 06:21:50,0.3897559023609444,0
1347,0189,1,2026-06-14 06:21:50,0.9723889555822329,0
1348,0020,1,2026-06-14 06:22:00,0.6962785114045619,0
1349,0065,1,2026-06-14 06:22:00,0.3897559023609444,0
1350,0189,1,2026-06-14 06:22:00,0.9723889555822329,0
1351,0020,1,2026-06-14 06:22:10,0.6962785114045619,0
1352,0065,1,2026-06-14 06:22:10,0.3897559023609444,0
1353,0189,1,2026-06-14 06:22:10,0.9723889555822329,0
1354,0020,1,2026-06-14 06:22:20,0.6962785114045619,0
1355,0065,1,2026-06-14 06:22:20,0.3897559023609444,0
1356,0189,1,2026-06-14 06:22:20,0.9723889555822329,0
1357,0065,1,2026-06-14 06:22:30,0.3897559023609444,0
1358,0189,1,2026-06-14 06:22:30,0.9723889555822329,0
1359,0065,1,2026-06-14 06:22:40,0.3897559023609444,0
1360,0189,1,2026-06-14 06:22:40,0.9723889555822329,0
1361,0189,1,2026-06-14 06:22:50,0.9723889555822329,0
1362,0189,1,2026-06-14 06:23:00,0.9723889555822329,0
1363,0189,1,2026-06-14 06:23:10,0.9723889555822329,1
1364,0143,1,2026-06-14 06:28:40,0.6962785114045619,0
1365,0143,1,2026-06-14 06:28:50,0.6962785114045619,1
1366,0143,1,2026-06-14 06:29:00,0.6962785114045619,1
1367,0200,1,2026-06-14 06:32:30,0.5106042416966786,0
1368,0200,1,2026-06-14 06:32:40,0.5106042416966786,0
1369,0200,1,2026-06-14 06:32:50,0.5106042416966786,0
1370,0200,1,2026-06-14 06:33:00,0.5106042416966786,0
1371,0200,1,2026-06-14 06:33:10,0.5106042416966786,0
1372,0200,1,2026-06-14 06:33:20,0.5106042416966786,0
1373,0200,1,2026-06-14 06:33:30,0.5106042416966786,0
1374,0200,1,2026-06-14 06:33:40,0.5106042416966786,0
1375,0200,1,2026-06-14 06:33:50,0.5106042416966786,0
1376,0200,1,2026-06-14 06:34:00,0.5106042416966786,0
1377,0200,1,2026-06-14 06:34:10,0.5106042416966786,1
1378,0146,1,2026-06-14 07:51:50,0.0796318527410964,0
1379,0146,1,2026-06-14 07:52:00,0.0796318527410964,0
1380,0146,1,2026-06-14 07:52:10,0.0796318527410964,0
1381,0146,1,2026-06-14 07:52:20,0.0796318527410964,0
1382,0146,1,2026-06-14 07:52:30,0.0796318527410964,1
1383,0146,1,2026-06-14 07:52:40,0.0796318527410964,0
1384,0146,1,2026-06-14 07:52:50,0.0796318527410964,0
1385,0146,1,2026-06-14 07:53:00,0.0796318527410964,1
1386,0146,1,2026-06-14 07:53:10,0.0796318527410964,0
1387,0068,1,2026-06-14 07:53:20,0.3897559023609444,0
1388,0146,1,2026-06-14 07:53:20,0.0796318527410964,0
1389,0068,1,2026-06-14 07:53:30,0.3897559023609444,0
1390,0146,1,2026-06-14 07:53:30,0.0796318527410964,0
1391,0068,1,2026-06-14 07:53:40,0.3897559023609444,0
1392,0068,1,2026-06-14 07:53:50,0.3897559023609444,0
1393,0068,1,2026-06-14 07:54:00,0.3897559023609444,1
1394,0068,1,2026-06-14 07:54:10,0.3897559023609444,1
1395,001,1,2026-06-14 07:58:20,0.8947579031612645,0
1396,0049,1,2026-06-14 07:58:20,0.5106042416966786,0
1397,0182,1,2026-06-14 07:58:20,0.5550220088035214,0
1398,001,1,2026-06-14 07:58:30,0.8947579031612645,0
1399,0049,1,2026-06-14 07:58:30,0.5106042416966786,0
1400,0182,1,2026-06-14 07:58:30,0.5550220088035214,0
1401,001,1,2026-06-14 07:58:40,0.8947579031612645,0
1402,0049,1,2026-06-14 07:58:40,0.5106042416966786,0
1403,0182,1,2026-06-14 07:58:40,0.5550220088035214,0
1404,001,1,2026-06-14 07:58:50,0.8947579031612645,1
1405,0049,1,2026-06-14 07:58:50,0.5106042416966786,0
1406,0182,1,2026-06-14 07:58:50,0.5550220088035214,0
1407,001,1,2026-06-14 07:59:00,0.8947579031612645,0
1408,0030,1,2026-06-14 07:59:00,0.1768707482993197,0
1409,0182,1,2026-06-14 07:59:00,0.5550220088035214,0
1410,001,1,2026-06-14 07:59:10,0.8947579031612645,0
1411,0030,1,2026-06-14 07:59:10,0.1768707482993197,1
1412,0182,1,2026-06-14 07:59:10,0.5550220088035214,0
1413,001,1,2026-06-14 07:59:20,0.8947579031612645,0
1414,0030,1,2026-06-14 07:59:20,0.1768707482993197,0
1415,0182,1,2026-06-14 07:59:20,0.5550220088035214,0
1416,001,1,2026-06-14 07:59:30,0.8947579031612645,0
1417,0030,1,2026-06-14 07:59:30,0.1768707482993197,0
1418,0182,1,2026-06-14 07:59:30,0.5550220088035214,0
1419,001,1,2026-06-14 07:59:40,0.8947579031612645,0
1420,0030,1,2026-06-14 07:59:40,0.1768707482993197,0
1421,0052,1,2026-06-14 07:59:40,0.1768707482993197,0
1422,001,1,2026-06-14 07:59:50,0.8947579031612645,0
1423,0030,1,2026-06-14 07:59:50,0.1768707482993197,0
1424,0052,1,2026-06-14 07:59:50,0.1768707482993197,0
1425,001,1,2026-06-14 08:00:00,0.8947579031612645,0
1426,0030,1,2026-06-14 08:00:00,0.1768707482993197,0
1427,0052,1,2026-06-14 08:00:00,0.1768707482993197,0
1428,001,1,2026-06-14 08:00:10,0.8947579031612645,0
1429,0030,1,2026-06-14 08:00:10,0.1768707482993197,0
1430,0052,1,2026-06-14 08:00:10,0.1768707482993197,0
1431,0030,1,2026-06-14 08:00:20,0.1768707482993197,0
1432,0052,1,2026-06-14 08:00:20,0.1768707482993197,0
1433,0030,1,2026-06-14 08:00:30,0.1768707482993197,0
1434,0052,1,2026-06-14 08:00:30,0.1768707482993197,0
1435,0030,1,2026-06-14 08:00:40,0.1768707482993197,0
1436,0052,1,2026-06-14 08:00:40,0.1768707482993197,0
1437,0030,1,2026-06-14 08:00:50,0.1768707482993197,0
1438,0052,1,2026-06-14 08:00:50,0.1768707482993197,1
1439,0052,1,2026-06-14 08:01:00,0.1768707482993197,0
1440,0236,1,2026-06-14 08:06:20,0.2384953981592637,0
1441,0236,1,2026-06-14 08:06:30,0.2384953981592637,1
1442,0236,1,2026-06-14 08:06:40,0.2384953981592637,0
1443,0236,1,2026-06-14 08:06:50,0.2384953981592637,0
1444,0236,1,2026-06-14 08:07:00,0.2384953981592637,0
1445,0236,1,2026-06-14 08:07:10,0.2384953981592637,0
1446,0236,1,2026-06-14 08:07:20,0.2384953981592637,0
1447,0236,1,2026-06-14 08:07:30,0.2384953981592637,0
1448,0236,1,2026-06-14 08:07:40,0.2384953981592637,0
1449,0236,1,2026-06-14 08:07:50,0.2384953981592637,0
1450,0236,1,2026-06-14 08:08:00,0.2384953981592637,0
1451,0078,1,2026-06-14 08:08:50,0.6962785114045619,0
1452,0078,1,2026-06-14 08:09:00,0.6962785114045619,0
1453,0078,1,2026-06-14 08:09:10,0.6962785114045619,0
1454,0078,1,2026-06-14 08:09:20,0.6962785114045619,0
1455,0078,1,2026-06-14 08:09:20,0.6962785114045619,0
1456,0078,1,2026-06-14 08:09:30,0.6962785114045619,0
1457,0078,1,2026-06-14 08:09:30,0.6962785114045619,0
1458,0078,1,2026-06-14 08:09:30,0.6962785114045619,0
1459,0078,1,2026-06-14 08:09:30,0.6962785114045619,0
1460,0078,1,2026-06-14 08:09:40,0.6962785114045619,0
1461,0078,1,2026-06-14 08:09:40,0.6962785114045619,1
1462,0078,1,2026-06-14 08:09:40,0.6962785114045619,0
1463,0078,1,2026-06-14 08:09:40,0.6962785114045619,0
1464,0078,1,2026-06-14 08:09:50,0.6962785114045619,0
1465,0078,1,2026-06-14 08:09:50,0.6962785114045619,0
1466,0078,1,2026-06-14 08:09:50,0.6962785114045619,0
1467,0078,1,2026-06-14 08:10:00,0.6962785114045619,0
1468,0078,1,2026-06-14 08:10:10,0.6962785114045619,0
1469,0078,1,2026-06-14 08:10:20,0.6962785114045619,0
1470,0127,1,2026-06-14 09:30:10,0.5550220088035214,0
1471,0127,1,2026-06-14 09:30:20,0.5550220088035214,0
1472,0127,1,2026-06-14 09:30:30,0.5550220088035214,0
1473,0127,1,2026-06-14 09:30:40,0.5550220088035214,0
1474,0127,1,2026-06-14 09:30:50,0.5550220088035214,0
1475,0127,1,2026-06-14 09:31:00,0.5550220088035214,0
1476,0083,1,2026-06-14 09:31:10,0.7919167667066827,0
1477,0127,1,2026-06-14 09:31:10,0.5550220088035214,1
1478,0083,1,2026-06-14 09:31:20,0.7919167667066827,0
1479,0127,1,2026-06-14 09:31:20,0.5550220088035214,0
1480,0148,1,2026-06-14 09:31:20,0.3897559023609444,0
1481,0148,1,2026-06-14 09:31:20,0.3897559023609444,0
1482,0148,1,2026-06-14 09:31:20,0.3897559023609444,0
1483,0083,1,2026-06-14 09:31:30,0.7919167667066827,1
1484,0127,1,2026-06-14 09:31:30,0.5550220088035214,0
1485,0148,1,2026-06-14 09:31:30,0.3897559023609444,0
1486,0148,1,2026-06-14 09:31:30,0.3897559023609444,0
1487,0148,1,2026-06-14 09:31:30,0.3897559023609444,0
1488,0148,1,2026-06-14 09:31:30,0.3897559023609444,0
1489,0083,1,2026-06-14 09:31:40,0.7919167667066827,0
1490,0117,1,2026-06-14 09:31:40,0.0796318527410964,0
1491,0127,1,2026-06-14 09:31:40,0.5550220088035214,0
1492,0148,1,2026-06-14 09:31:40,0.3897559023609444,0
1493,0148,1,2026-06-14 09:31:40,0.3897559023609444,0
1494,0083,1,2026-06-14 09:31:50,0.7919167667066827,0
1495,0117,1,2026-06-14 09:31:50,0.0796318527410964,0
1496,0126,1,2026-06-14 09:31:50,0.6962785114045619,1
1497,0127,1,2026-06-14 09:31:50,0.5550220088035214,0
1498,0148,1,2026-06-14 09:31:50,0.3897559023609444,0
1499,0148,1,2026-06-14 09:31:50,0.3897559023609444,0
1500,0148,1,2026-06-14 09:31:50,0.3897559023609444,0
1501,0148,1,2026-06-14 09:31:50,0.3897559023609444,0
1502,0148,1,2026-06-14 09:31:50,0.3897559023609444,0
1503,003,1,2026-06-14 09:32:00,0.5106042416966786,0
1504,0076,1,2026-06-14 09:32:00,0.5550220088035214,0
1505,0083,1,2026-06-14 09:32:00,0.7919167667066827,0
1506,0117,1,2026-06-14 09:32:00,0.0796318527410964,0
1507,0125,1,2026-06-14 09:32:00,0.1768707482993197,1
1508,0126,1,2026-06-14 09:32:00,0.6962785114045619,0
1509,0148,1,2026-06-14 09:32:00,0.3897559023609444,0
1510,0148,1,2026-06-14 09:32:00,0.3897559023609444,0
1511,0148,1,2026-06-14 09:32:00,0.3897559023609444,0
1512,0148,1,2026-06-14 09:32:00,0.3897559023609444,0
1513,0148,1,2026-06-14 09:32:00,0.3897559023609444,0
1514,0148,1,2026-06-14 09:32:00,0.3897559023609444,0
1515,0148,1,2026-06-14 09:32:00,0.3897559023609444,0
1516,0202,1,2026-06-14 09:32:00,0.7919167667066827,0
1517,003,1,2026-06-14 09:32:10,0.5106042416966786,0
1518,0076,1,2026-06-14 09:32:10,0.5550220088035214,0
1519,0083,1,2026-06-14 09:32:10,0.7919167667066827,0
1520,0117,1,2026-06-14 09:32:10,0.0796318527410964,0
1521,0125,1,2026-06-14 09:32:10,0.1768707482993197,0
1522,0126,1,2026-06-14 09:32:10,0.6962785114045619,0
1523,0148,1,2026-06-14 09:32:10,0.3897559023609444,0
1524,0148,1,2026-06-14 09:32:10,0.3897559023609444,0
1525,0148,1,2026-06-14 09:32:10,0.3897559023609444,0
1526,0148,1,2026-06-14 09:32:10,0.3897559023609444,0
1527,0148,1,2026-06-14 09:32:10,0.3897559023609444,0
1528,0148,1,2026-06-14 09:32:10,0.3897559023609444,0
1529,0202,1,2026-06-14 09:32:10,0.7919167667066827,0
1530,003,1,2026-06-14 09:32:20,0.5106042416966786,0
1531,0076,1,2026-06-14 09:32:20,0.5550220088035214,0
1532,0083,1,2026-06-14 09:32:20,0.7919167667066827,0
1533,0117,1,2026-06-14 09:32:20,0.0796318527410964,0
1534,0125,1,2026-06-14 09:32:20,0.1768707482993197,0
1535,0126,1,2026-06-14 09:32:20,0.6962785114045619,0
1536,0148,1,2026-06-14 09:32:20,0.3897559023609444,0
1537,0148,1,2026-06-14 09:32:20,0.3897559023609444,0
1538,0148,1,2026-06-14 09:32:20,0.3897559023609444,0
1539,0148,1,2026-06-14 09:32:20,0.3897559023609444,0
1540,0148,1,2026-06-14 09:32:20,0.3897559023609444,0
1541,0202,1,2026-06-14 09:32:20,0.7919167667066827,0
1542,003,1,2026-06-14 09:32:30,0.5106042416966786,0
1543,0076,1,2026-06-14 09:32:30,0.5550220088035214,0
1544,0083,1,2026-06-14 09:32:30,0.7919167667066827,0
1545,0117,1,2026-06-14 09:32:30,0.0796318527410964,0
1546,0125,1,2026-06-14 09:32:30,0.1768707482993197,1
1547,0126,1,2026-06-14 09:32:30,0.6962785114045619,0
1548,0148,1,2026-06-14 09:32:30,0.3897559023609444,0
1549,0148,1,2026-06-14 09:32:30,0.3897559023609444,0
1550,0148,1,2026-06-14 09:32:30,0.3897559023609444,0
1551,0148,1,2026-06-14 09:32:30,0.3897559023609444,0
1552,0148,1,2026-06-14 09:32:30,0.3897559023609444,0
1553,0148,1,2026-06-14 09:32:30,0.3897559023609444,0
1554,0202,1,2026-06-14 09:32:30,0.7919167667066827,0
1555,003,1,2026-06-14 09:32:40,0.5106042416966786,1
1556,0076,1,2026-06-14 09:32:40,0.5550220088035214,0
1557,0083,1,2026-06-14 09:32:40,0.7919167667066827,0
1558,0117,1,2026-06-14 09:32:40,0.0796318527410964,0
1559,0148,1,2026-06-14 09:32:40,0.3897559023609444,0
1560,0148,1,2026-06-14 09:32:40,0.3897559023609444,0
1561,0148,1,2026-06-14 09:32:40,0.3897559023609444,0
1562,0148,1,2026-06-14 09:32:40,0.3897559023609444,0
1563,0148,1,2026-06-14 09:32:40,0.3897559023609444,0
1564,0148,1,2026-06-14 09:32:40,0.3897559023609444,0
1565,0148,1,2026-06-14 09:32:40,0.3897559023609444,0
1566,0202,1,2026-06-14 09:32:40,0.7919167667066827,0
1567,003,1,2026-06-14 09:32:50,0.5106042416966786,0
1568,0076,1,2026-06-14 09:32:50,0.5550220088035214,0
1569,0117,1,2026-06-14 09:32:50,0.0796318527410964,0
1570,0148,1,2026-06-14 09:32:50,0.3897559023609444,0
1571,0148,1,2026-06-14 09:32:50,0.3897559023609444,0
1572,0148,1,2026-06-14 09:32:50,0.3897559023609444,0
1573,0148,1,2026-06-14 09:32:50,0.3897559023609444,0
1574,0202,1,2026-06-14 09:32:50,0.7919167667066827,0
1575,0076,1,2026-06-14 09:33:00,0.5550220088035214,0
1576,0117,1,2026-06-14 09:33:00,0.0796318527410964,0
1577,0148,1,2026-06-14 09:33:00,0.3897559023609444,0
1578,0148,1,2026-06-14 09:33:00,0.3897559023609444,0
1579,0148,1,2026-06-14 09:33:00,0.3897559023609444,0
1580,0165,1,2026-06-14 09:33:00,0.2384953981592637,0
1581,0202,1,2026-06-14 09:33:00,0.7919167667066827,0
1582,0076,1,2026-06-14 09:33:10,0.5550220088035214,0
1583,0148,1,2026-06-14 09:33:10,0.3897559023609444,0
1584,0148,1,2026-06-14 09:33:10,0.3897559023609444,0
1585,0148,1,2026-06-14 09:33:10,0.3897559023609444,0
1586,0148,1,2026-06-14 09:33:10,0.3897559023609444,0
1587,0202,1,2026-06-14 09:33:10,0.7919167667066827,0
1588,0076,1,2026-06-14 09:33:20,0.5550220088035214,0
1589,0202,1,2026-06-14 09:33:20,0.7919167667066827,0
1590,0076,1,2026-06-14 09:33:30,0.5550220088035214,0
1591,0202,1,2026-06-14 09:33:30,0.7919167667066827,0
1592,0076,1,2026-06-14 09:33:40,0.5550220088035214,0
1593,0202,1,2026-06-14 09:33:40,0.7919167667066827,0
1594,0245,1,2026-06-14 09:35:30,0.9723889555822329,1
1595,0245,1,2026-06-14 09:35:40,0.9723889555822329,0
1596,0181,1,2026-06-14 09:35:50,0.6962785114045619,0
1597,0245,1,2026-06-14 09:35:50,0.9723889555822329,0
1598,0181,1,2026-06-14 09:36:00,0.6962785114045619,0
1599,0245,1,2026-06-14 09:36:00,0.9723889555822329,0
1600,0181,1,2026-06-14 09:36:10,0.6962785114045619,0
1601,0245,1,2026-06-14 09:36:10,0.9723889555822329,0
1602,0181,1,2026-06-14 09:36:20,0.6962785114045619,0
1603,0245,1,2026-06-14 09:36:20,0.9723889555822329,0
1604,0181,1,2026-06-14 09:36:30,0.6962785114045619,0
1605,0245,1,2026-06-14 09:36:30,0.9723889555822329,0
1606,0181,1,2026-06-14 09:36:40,0.6962785114045619,0
1607,0245,1,2026-06-14 09:36:40,0.9723889555822329,0
1608,0181,1,2026-06-14 09:36:50,0.6962785114045619,0
1609,0245,1,2026-06-14 09:36:50,0.9723889555822329,0
1610,0181,1,2026-06-14 09:37:00,0.6962785114045619,0
1611,0245,1,2026-06-14 09:37:00,0.9723889555822329,0
1612,0181,1,2026-06-14 09:37:10,0.6962785114045619,0
1613,0245,1,2026-06-14 09:37:10,0.9723889555822329,0
1614,0181,1,2026-06-14 09:37:20,0.6962785114045619,0
1615,0245,1,2026-06-14 09:37:20,0.9723889555822329,0
1616,0127,2,2026-06-13 10:22:10,0.5550220088035214,0
1617,0127,2,2026-06-13 10:22:20,0.5550220088035214,0
1618,0127,2,2026-06-13 10:22:30,0.5550220088035214,0
1619,0127,2,2026-06-13 10:22:40,0.5550220088035214,0
1620,0127,2,2026-06-13 10:22:50,0.5550220088035214,0
1621,0083,2,2026-06-13 10:23:00,0.7919167667066827,0
1622,0127,2,2026-06-13 10:23:00,0.5550220088035214,0
1623,0083,2,2026-06-13 10:23:10,0.7919167667066827,0
1624,0127,2,2026-06-13 10:23:10,0.5550220088035214,0
1625,0083,2,2026-06-13 10:23:20,0.7919167667066827,0
1626,0127,2,2026-06-13 10:23:20,0.5550220088035214,0
1627,0148,2,2026-06-13 10:23:20,0.3897559023609444,0
1628,0148,2,2026-06-13 10:23:20,0.3897559023609444,0
1629,0083,2,2026-06-13 10:23:30,0.7919167667066827,0
1630,0117,2,2026-06-13 10:23:30,0.0796318527410964,0
1631,0127,2,2026-06-13 10:23:30,0.5550220088035214,0
1632,0148,2,2026-06-13 10:23:30,0.3897559023609444,0
1633,0148,2,2026-06-13 10:23:30,0.3897559023609444,0
1634,0148,2,2026-06-13 10:23:30,0.3897559023609444,0
1635,0148,2,2026-06-13 10:23:30,0.3897559023609444,0
1636,0083,2,2026-06-13 10:23:40,0.7919167667066827,0
1637,0117,2,2026-06-13 10:23:40,0.0796318527410964,0
1638,0126,2,2026-06-13 10:23:40,0.6962785114045619,0
1639,0127,2,2026-06-13 10:23:40,0.5550220088035214,0
1640,0148,2,2026-06-13 10:23:40,0.3897559023609444,0
1641,0148,2,2026-06-13 10:23:40,0.3897559023609444,0
1642,0148,2,2026-06-13 10:23:40,0.3897559023609444,0
1643,0148,2,2026-06-13 10:23:40,0.3897559023609444,0
1644,003,2,2026-06-13 10:23:50,0.5106042416966786,0
1645,0083,2,2026-06-13 10:23:50,0.7919167667066827,0
1646,0117,2,2026-06-13 10:23:50,0.0796318527410964,0
1647,0125,2,2026-06-13 10:23:50,0.1768707482993197,0
1648,0126,2,2026-06-13 10:23:50,0.6962785114045619,0
1649,0127,2,2026-06-13 10:23:50,0.5550220088035214,0
1650,0148,2,2026-06-13 10:23:50,0.3897559023609444,0
1651,0148,2,2026-06-13 10:23:50,0.3897559023609444,0
1652,0148,2,2026-06-13 10:23:50,0.3897559023609444,0
1653,0148,2,2026-06-13 10:23:50,0.3897559023609444,0
1654,0148,2,2026-06-13 10:23:50,0.3897559023609444,0
1655,0148,2,2026-06-13 10:23:50,0.3897559023609444,0
1656,0148,2,2026-06-13 10:23:50,0.3897559023609444,0
1657,0148,2,2026-06-13 10:23:50,0.3897559023609444,0
1658,003,2,2026-06-13 10:24:00,0.5106042416966786,0
1659,0076,2,2026-06-13 10:24:00,0.5550220088035214,0
1660,0083,2,2026-06-13 10:24:00,0.7919167667066827,0
1661,0117,2,2026-06-13 10:24:00,0.0796318527410964,0
1662,0125,2,2026-06-13 10:24:00,0.1768707482993197,0
1663,0126,2,2026-06-13 10:24:00,0.6962785114045619,0
1664,0148,2,2026-06-13 10:24:00,0.3897559023609444,0
1665,0148,2,2026-06-13 10:24:00,0.3897559023609444,0
1666,0148,2,2026-06-13 10:24:00,0.3897559023609444,0
1667,0148,2,2026-06-13 10:24:00,0.3897559023609444,0
1668,0148,2,2026-06-13 10:24:00,0.3897559023609444,0
1669,0148,2,2026-06-13 10:24:00,0.3897559023609444,0
1670,0148,2,2026-06-13 10:24:00,0.3897559023609444,0
1671,0148,2,2026-06-13 10:24:00,0.3897559023609444,0
1672,0202,2,2026-06-13 10:24:00,0.7919167667066827,0
1673,003,2,2026-06-13 10:24:10,0.5106042416966786,0
1674,0076,2,2026-06-13 10:24:10,0.5550220088035214,0
1675,0083,2,2026-06-13 10:24:10,0.7919167667066827,0
1676,0117,2,2026-06-13 10:24:10,0.0796318527410964,0
1677,0125,2,2026-06-13 10:24:10,0.1768707482993197,0
1678,0126,2,2026-06-13 10:24:10,0.6962785114045619,0
1679,0148,2,2026-06-13 10:24:10,0.3897559023609444,0
1680,0148,2,2026-06-13 10:24:10,0.3897559023609444,0
1681,0148,2,2026-06-13 10:24:10,0.3897559023609444,1
1682,0148,2,2026-06-13 10:24:10,0.3897559023609444,0
1683,0148,2,2026-06-13 10:24:10,0.3897559023609444,0
1684,0148,2,2026-06-13 10:24:10,0.3897559023609444,0
1685,0148,2,2026-06-13 10:24:10,0.3897559023609444,0
1686,0202,2,2026-06-13 10:24:10,0.7919167667066827,0
1687,003,2,2026-06-13 10:24:20,0.5106042416966786,0
1688,0076,2,2026-06-13 10:24:20,0.5550220088035214,0
1689,0083,2,2026-06-13 10:24:20,0.7919167667066827,0
1690,0117,2,2026-06-13 10:24:20,0.0796318527410964,0
1691,0125,2,2026-06-13 10:24:20,0.1768707482993197,0
1692,0126,2,2026-06-13 10:24:20,0.6962785114045619,0
1693,0148,2,2026-06-13 10:24:20,0.3897559023609444,0
1694,0148,2,2026-06-13 10:24:20,0.3897559023609444,0
1695,0148,2,2026-06-13 10:24:20,0.3897559023609444,0
1696,0148,2,2026-06-13 10:24:20,0.3897559023609444,0
1697,0148,2,2026-06-13 10:24:20,0.3897559023609444,0
1698,0148,2,2026-06-13 10:24:20,0.3897559023609444,0
1699,0148,2,2026-06-13 10:24:20,0.3897559023609444,0
1700,0148,2,2026-06-13 10:24:20,0.3897559023609444,0
1701,0202,2,2026-06-13 10:24:20,0.7919167667066827,0
1702,003,2,2026-06-13 10:24:30,0.5106042416966786,0
1703,0076,2,2026-06-13 10:24:30,0.5550220088035214,0
1704,0083,2,2026-06-13 10:24:30,0.7919167667066827,0
1705,0117,2,2026-06-13 10:24:30,0.0796318527410964,0
1706,0125,2,2026-06-13 10:24:30,0.1768707482993197,0
1707,0126,2,2026-06-13 10:24:30,0.6962785114045619,0
1708,0148,2,2026-06-13 10:24:30,0.3897559023609444,0
1709,0148,2,2026-06-13 10:24:30,0.3897559023609444,0
1710,0148,2,2026-06-13 10:24:30,0.3897559023609444,0
1711,0148,2,2026-06-13 10:24:30,0.3897559023609444,0
1712,0148,2,2026-06-13 10:24:30,0.3897559023609444,0
1713,0148,2,2026-06-13 10:24:30,0.3897559023609444,0
1714,0148,2,2026-06-13 10:24:30,0.3897559023609444,0
1715,0148,2,2026-06-13 10:24:30,0.3897559023609444,0
1716,0202,2,2026-06-13 10:24:30,0.7919167667066827,0
1717,003,2,2026-06-13 10:24:40,0.5106042416966786,0
1718,0076,2,2026-06-13 10:24:40,0.5550220088035214,0
1719,0083,2,2026-06-13 10:24:40,0.7919167667066827,0
1720,0117,2,2026-06-13 10:24:40,0.0796318527410964,0
1721,0148,2,2026-06-13 10:24:40,0.3897559023609444,0
1722,0148,2,2026-06-13 10:24:40,0.3897559023609444,0
1723,0148,2,2026-06-13 10:24:40,0.3897559023609444,0
1724,0148,2,2026-06-13 10:24:40,0.3897559023609444,0
1725,0148,2,2026-06-13 10:24:40,0.3897559023609444,0
1726,0148,2,2026-06-13 10:24:40,0.3897559023609444,0
1727,0148,2,2026-06-13 10:24:40,0.3897559023609444,0
1728,0202,2,2026-06-13 10:24:40,0.7919167667066827,0
1729,003,2,2026-06-13 10:24:50,0.5106042416966786,0
1730,0076,2,2026-06-13 10:24:50,0.5550220088035214,0
1731,0117,2,2026-06-13 10:24:50,0.0796318527410964,0
1732,0148,2,2026-06-13 10:24:50,0.3897559023609444,0
1733,0148,2,2026-06-13 10:24:50,0.3897559023609444,0
1734,0148,2,2026-06-13 10:24:50,0.3897559023609444,0
1735,0148,2,2026-06-13 10:24:50,0.3897559023609444,0
1736,0148,2,2026-06-13 10:24:50,0.3897559023609444,0
1737,0202,2,2026-06-13 10:24:50,0.7919167667066827,1
1738,0076,2,2026-06-13 10:25:00,0.5550220088035214,0
1739,0148,2,2026-06-13 10:25:00,0.3897559023609444,0
1740,0148,2,2026-06-13 10:25:00,0.3897559023609444,0
1741,0148,2,2026-06-13 10:25:00,0.3897559023609444,0
1742,0148,2,2026-06-13 10:25:00,0.3897559023609444,0
1743,0148,2,2026-06-13 10:25:00,0.3897559023609444,0
1744,0202,2,2026-06-13 10:25:00,0.7919167667066827,0
1745,0076,2,2026-06-13 10:25:10,0.5550220088035214,1
1746,0148,2,2026-06-13 10:25:10,0.3897559023609444,0
1747,0148,2,2026-06-13 10:25:10,0.3897559023609444,0
1748,0148,2,2026-06-13 10:25:10,0.3897559023609444,0
1749,0148,2,2026-06-13 10:25:10,0.3897559023609444,0
1750,0202,2,2026-06-13 10:25:10,0.7919167667066827,0
1751,0076,2,2026-06-13 10:25:20,0.5550220088035214,0
1752,0202,2,2026-06-13 10:25:20,0.7919167667066827,0
1753,0076,2,2026-06-13 10:25:30,0.5550220088035214,0
1754,0202,2,2026-06-13 10:25:30,0.7919167667066827,0
1755,0207,2,2026-06-13 10:25:30,0.0796318527410964,0
1756,0076,2,2026-06-13 10:25:40,0.5550220088035214,0
1757,0202,2,2026-06-13 10:25:40,0.7919167667066827,0
1758,0207,2,2026-06-13 10:25:40,0.0796318527410964,0
1759,0207,2,2026-06-13 10:25:50,0.0796318527410964,1
1760,0245,2,2026-06-13 10:27:30,0.9723889555822329,0
1761,0181,2,2026-06-13 10:27:40,0.6962785114045619,0
1762,0245,2,2026-06-13 10:27:40,0.9723889555822329,0
1763,0181,2,2026-06-13 10:27:50,0.6962785114045619,0
1764,0245,2,2026-06-13 10:27:50,0.9723889555822329,0
1765,0181,2,2026-06-13 10:28:00,0.6962785114045619,0
1766,0245,2,2026-06-13 10:28:00,0.9723889555822329,0
1767,0181,2,2026-06-13 10:28:10,0.6962785114045619,0
1768,0245,2,2026-06-13 10:28:10,0.9723889555822329,0
1769,0181,2,2026-06-13 10:28:20,0.6962785114045619,0
1770,0245,2,2026-06-13 10:28:20,0.9723889555822329,0
1771,0181,2,2026-06-13 10:28:30,0.6962785114045619,0
1772,0245,2,2026-06-13 10:28:30,0.9723889555822329,0
1773,0181,2,2026-06-13 10:28:40,0.6962785114045619,1
1774,0245,2,2026-06-13 10:28:40,0.9723889555822329,0
1775,0181,2,2026-06-13 10:28:50,0.6962785114045619,0
1776,0245,2,2026-06-13 10:28:50,0.9723889555822329,0
1777,0181,2,2026-06-13 10:29:00,0.6962785114045619,0
1778,0245,2,2026-06-13 10:29:00,0.9723889555822329,0
1779,0181,2,2026-06-13 10:29:10,0.6962785114045619,0
1780,0245,2,2026-06-13 10:29:10,0.9723889555822329,0
1781,0181,2,2026-06-13 10:29:20,0.6962785114045619,0
1782,0245,2,2026-06-13 10:29:20,0.9723889555822329,0
1783,0149,2,2026-06-13 10:35:50,0.0796318527410964,0
1784,0149,2,2026-06-13 10:36:00,0.0796318527410964,0
1785,0149,2,2026-06-13 10:36:10,0.0796318527410964,1
1786,0149,2,2026-06-13 10:36:20,0.0796318527410964,0
1787,0149,2,2026-06-13 10:36:30,0.0796318527410964,0
1788,0084,2,2026-06-13 10:36:40,0.6078431372549019,0
1789,0149,2,2026-06-13 10:36:40,0.0796318527410964,0
1790,0084,2,2026-06-13 10:36:50,0.6078431372549019,0
1791,0149,2,2026-06-13 10:36:50,0.0796318527410964,0
1792,0084,2,2026-06-13 10:37:00,0.6078431372549019,0
1793,0149,2,2026-06-13 10:37:00,0.0796318527410964,0
1794,0084,2,2026-06-13 10:37:10,0.6078431372549019,0
1795,0084,2,2026-06-13 10:37:10,0.6078431372549019,1
1796,0149,2,2026-06-13 10:37:10,0.0796318527410964,0
1797,0084,2,2026-06-13 10:37:20,0.6078431372549019,0
1798,0149,2,2026-06-13 10:37:20,0.0796318527410964,0
1799,0084,2,2026-06-13 10:37:30,0.6078431372549019,0
1800,0084,2,2026-06-13 10:37:40,0.6078431372549019,1
1801,0113,2,2026-06-13 14:02:10,0.6962785114045619,0
1802,0113,2,2026-06-13 14:02:20,0.6962785114045619,0
1803,0113,2,2026-06-13 14:02:30,0.6962785114045619,0
1804,0113,2,2026-06-13 14:02:40,0.6962785114045619,0
1805,0113,2,2026-06-13 14:02:50,0.6962785114045619,0
1806,0113,2,2026-06-13 14:03:00,0.6962785114045619,0
1807,0113,2,2026-06-13 14:03:10,0.6962785114045619,0
1808,0113,2,2026-06-13 14:03:20,0.6962785114045619,0
1809,0113,2,2026-06-13 14:03:30,0.6962785114045619,0
1810,0113,2,2026-06-13 14:03:40,0.6962785114045619,0
1811,0113,2,2026-06-13 14:03:50,0.6962785114045619,0
1812,0113,2,2026-06-13 14:04:00,0.6962785114045619,1
1813,0195,2,2026-06-13 15:32:10,0.2384953981592637,0
1814,0241,2,2026-06-13 15:32:10,0.3897559023609444,0
1815,0195,2,2026-06-13 15:32:20,0.2384953981592637,0
1816,0241,2,2026-06-13 15:32:20,0.3897559023609444,0
1817,0195,2,2026-06-13 15:32:30,0.2384953981592637,0
1818,0241,2,2026-06-13 15:32:30,0.3897559023609444,0
1819,0195,2,2026-06-13 15:32:40,0.2384953981592637,0
1820,0241,2,2026-06-13 15:32:40,0.3897559023609444,0
1821,0195,2,2026-06-13 15:32:50,0.2384953981592637,0
1822,0241,2,2026-06-13 15:32:50,0.3897559023609444,0
1823,0195,2,2026-06-13 15:33:00,0.2384953981592637,1
1824,0241,2,2026-06-13 15:33:00,0.3897559023609444,0
1825,0195,2,2026-06-13 15:33:10,0.2384953981592637,0
1826,0241,2,2026-06-13 15:33:10,0.3897559023609444,0
1827,0045,2,2026-06-13 15:33:20,0.3897559023609444,1
1828,0195,2,2026-06-13 15:33:20,0.2384953981592637,0
1829,0241,2,2026-06-13 15:33:20,0.3897559023609444,0
1830,0045,2,2026-06-13 15:33:30,0.3897559023609444,0
1831,0195,2,2026-06-13 15:33:30,0.2384953981592637,0
1832,0241,2,2026-06-13 15:33:30,0.3897559023609444,0
1833,0045,2,2026-06-13 15:33:40,0.3897559023609444,0
1834,0195,2,2026-06-13 15:33:40,0.2384953981592637,0
1835,0241,2,2026-06-13 15:33:40,0.3897559023609444,0
1836,0045,2,2026-06-13 15:33:50,0.3897559023609444,0
1837,0144,2,2026-06-13 15:33:50,0.7919167667066827,0
1838,0195,2,2026-06-13 15:33:50,0.2384953981592637,0
1839,0241,2,2026-06-13 15:33:50,0.3897559023609444,1
1840,0045,2,2026-06-13 15:34:00,0.3897559023609444,0
1841,0144,2,2026-06-13 15:34:00,0.7919167667066827,0
1842,0195,2,2026-06-13 15:34:00,0.2384953981592637,0
1843,0241,2,2026-06-13 15:34:00,0.3897559023609444,0
1844,0045,2,2026-06-13 15:34:10,0.3897559023609444,0
1845,0144,2,2026-06-13 15:34:10,0.7919167667066827,0
1846,0045,2,2026-06-13 15:34:20,0.3897559023609444,0
1847,0144,2,2026-06-13 15:34:20,0.7919167667066827,0
1848,0045,2,2026-06-13 15:34:30,0.3897559023609444,0
1849,0144,2,2026-06-13 15:34:30,0.7919167667066827,0
1850,0045,2,2026-06-13 15:34:40,0.3897559023609444,0
1851,0144,2,2026-06-13 15:34:40,0.7919167667066827,0
1852,0045,2,2026-06-13 15:34:50,0.3897559023609444,0
1853,0144,2,2026-06-13 15:34:50,0.7919167667066827,0
1854,0045,2,2026-06-13 15:35:00,0.3897559023609444,0
1855,0144,2,2026-06-13 15:35:00,0.7919167667066827,0
1856,0045,2,2026-06-13 15:35:10,0.3897559023609444,0
1857,0144,2,2026-06-13 15:35:10,0.7919167667066827,0
1858,0144,2,2026-06-13 15:35:20,0.7919167667066827,1
1859,0170,2,2026-06-13 17:00:30,0.1768707482993197,0
1860,0170,2,2026-06-13 17:00:40,0.1768707482993197,0
1861,0170,2,2026-06-13 17:00:50,0.1768707482993197,0
1862,0170,2,2026-06-13 17:01:00,0.1768707482993197,0
1863,0170,2,2026-06-13 17:01:10,0.1768707482993197,0
1864,0170,2,2026-06-13 17:01:20,0.1768707482993197,0
1865,0170,2,2026-06-13 17:01:30,0.1768707482993197,0
1866,0170,2,2026-06-13 17:01:40,0.1768707482993197,0
1867,0170,2,2026-06-13 17:01:50,0.1768707482993197,0
1868,0170,2,2026-06-13 17:02:00,0.1768707482993197,0
1869,0170,2,2026-06-13 17:02:10,0.1768707482993197,1
1870,0034,2,2026-06-13 17:02:50,0.8947579031612645,0
1871,0034,2,2026-06-13 17:03:00,0.8947579031612645,0
1872,0034,2,2026-06-13 17:03:10,0.8947579031612645,0
1873,0034,2,2026-06-13 17:03:20,0.8947579031612645,0
1874,0080,2,2026-06-13 17:03:20,0.5106042416966786,0
1875,0034,2,2026-06-13 17:03:30,0.8947579031612645,0
1876,0080,2,2026-06-13 17:03:30,0.5106042416966786,0
1877,0034,2,2026-06-13 17:03:40,0.8947579031612645,0
1878,0080,2,2026-06-13 17:03:40,0.5106042416966786,0
1879,0034,2,2026-06-13 17:03:50,0.8947579031612645,1
1880,0080,2,2026-06-13 17:03:50,0.5106042416966786,0
1881,0034,2,2026-06-13 17:04:00,0.8947579031612645,0
1882,0080,2,2026-06-13 17:04:00,0.5106042416966786,0
1883,0034,2,2026-06-13 17:04:10,0.8947579031612645,0
1884,0080,2,2026-06-13 17:04:10,0.5106042416966786,1
1885,0034,2,2026-06-13 17:04:20,0.8947579031612645,0
1886,0048,2,2026-06-13 17:04:50,0.7919167667066827,0
1887,0048,2,2026-06-13 17:05:00,0.7919167667066827,0
1888,0048,2,2026-06-13 17:05:10,0.7919167667066827,0
1889,0048,2,2026-06-13 17:05:20,0.7919167667066827,1
1890,0048,2,2026-06-13 17:05:30,0.7919167667066827,1
1891,0118,2,2026-06-13 18:41:50,0.8947579031612645,0
1892,0118,2,2026-06-13 18:42:00,0.8947579031612645,0
1893,0118,2,2026-06-13 18:42:10,0.8947579031612645,0
1894,0118,2,2026-06-13 18:42:20,0.8947579031612645,0
1895,0118,2,2026-06-13 18:42:30,0.8947579031612645,0
1896,0118,2,2026-06-13 18:42:40,0.8947579031612645,0
1897,0118,2,2026-06-13 18:42:50,0.8947579031612645,0
1898,0118,2,2026-06-13 18:43:00,0.8947579031612645,0
1899,0118,2,2026-06-13 18:43:10,0.8947579031612645,0
1900,0118,2,2026-06-13 18:43:20,0.8947579031612645,1
1901,0028,2,2026-06-13 22:20:30,0.6962785114045619,0
1902,0028,2,2026-06-13 22:20:40,0.6962785114045619,0
1903,0028,2,2026-06-13 22:20:50,0.6962785114045619,0
1904,0028,2,2026-06-13 22:21:00,0.6962785114045619,0
1905,0028,2,2026-06-13 22:21:10,0.6962785114045619,0
1906,0028,2,2026-06-13 22:21:20,0.6962785114045619,0
1907,0028,2,2026-06-13 22:21:30,0.6962785114045619,0
1908,0028,2,2026-06-13 22:21:40,0.6962785114045619,0
1909,0028,2,2026-06-13 22:21:50,0.6962785114045619,0
1910,0028,2,2026-06-13 22:22:00,0.6962785114045619,0
1911,0028,2,2026-06-13 22:22:10,0.6962785114045619,0
1912,0028,2,2026-06-13 22:22:20,0.6962785114045619,1
1913,0162,2,2026-06-13 23:55:30,0.0796318527410964,0
1914,0162,2,2026-06-13 23:55:40,0.0796318527410964,0
1915,0162,2,2026-06-13 23:55:50,0.0796318527410964,0
1916,0162,2,2026-06-13 23:56:00,0.0796318527410964,0
1917,0162,2,2026-06-13 23:56:10,0.0796318527410964,0
1918,0162,2,2026-06-13 23:56:20,0.0796318527410964,0
1919,0162,2,2026-06-13 23:56:30,0.0796318527410964,0
1920,0162,2,2026-06-13 23:56:40,0.0796318527410964,0
1921,0162,2,2026-06-13 23:56:50,0.0796318527410964,1
1922,0162,2,2026-06-13 23:57:00,0.0796318527410964,0
1923,0206,2,2026-06-13 23:57:00,0.2384953981592637,0
1924,0162,2,2026-06-13 23:57:10,0.0796318527410964,0
1925,0206,2,2026-06-13 23:57:10,0.2384953981592637,0
1926,0162,2,2026-06-13 23:57:20,0.0796318527410964,0
1927,0206,2,2026-06-13 23:57:20,0.2384953981592637,0
1928,0206,2,2026-06-13 23:57:30,0.2384953981592637,0
1929,0206,2,2026-06-13 23:57:40,0.2384953981592637,0
1930,0206,2,2026-06-13 23:57:50,0.2384953981592637,0
1931,0206,2,2026-06-13 23:58:00,0.2384953981592637,0
1932,0206,2,2026-06-13 23:58:10,0.2384953981592637,0
1933,0206,2,2026-06-13 23:58:20,0.2384953981592637,0
1934,0206,2,2026-06-13 23:58:30,0.2384953981592637,0
1935,0206,2,2026-06-13 23:58:40,0.2384953981592637,0
1936,0206,2,2026-06-13 23:58:50,0.2384953981592637,1
1937,0157,2,2026-06-14 02:53:30,0.9723889555822329,1
1938,0187,2,2026-06-14 02:53:30,0.0796318527410964,0
1939,0067,2,2026-06-14 02:53:40,0.8947579031612645,0
1940,0157,2,2026-06-14 02:53:40,0.9723889555822329,1
1941,0187,2,2026-06-14 02:53:40,0.0796318527410964,0
1942,0011,2,2026-06-14 02:53:50,0.5106042416966786,0
1943,0067,2,2026-06-14 02:53:50,0.8947579031612645,1
1944,0104,2,2026-06-14 02:53:50,0.8947579031612645,0
1945,0157,2,2026-06-14 02:53:50,0.9723889555822329,0
1946,0187,2,2026-06-14 02:53:50,0.0796318527410964,0
1947,0011,2,2026-06-14 02:54:00,0.5106042416966786,0
1948,0067,2,2026-06-14 02:54:00,0.8947579031612645,0
1949,0104,2,2026-06-14 02:54:00,0.8947579031612645,0
1950,0157,2,2026-06-14 02:54:00,0.9723889555822329,0
1951,0187,2,2026-06-14 02:54:00,0.0796318527410964,0
1952,0011,2,2026-06-14 02:54:10,0.5106042416966786,1
1953,0067,2,2026-06-14 02:54:10,0.8947579031612645,0
1954,0104,2,2026-06-14 02:54:10,0.8947579031612645,0
1955,0157,2,2026-06-14 02:54:10,0.9723889555822329,0
1956,0187,2,2026-06-14 02:54:10,0.0796318527410964,0
1957,0011,2,2026-06-14 02:54:20,0.5106042416966786,0
1958,0011,2,2026-06-14 02:54:20,0.5106042416966786,0
1959,0067,2,2026-06-14 02:54:20,0.8947579031612645,0
1960,0104,2,2026-06-14 02:54:20,0.8947579031612645,1
1961,0157,2,2026-06-14 02:54:20,0.9723889555822329,0
1962,0187,2,2026-06-14 02:54:20,0.0796318527410964,0
1963,0011,2,2026-06-14 02:54:30,0.5106042416966786,0
1964,0011,2,2026-06-14 02:54:30,0.5106042416966786,0
1965,0067,2,2026-06-14 02:54:30,0.8947579031612645,0
1966,0104,2,2026-06-14 02:54:30,0.8947579031612645,0
1967,0157,2,2026-06-14 02:54:30,0.9723889555822329,0
1968,0187,2,2026-06-14 02:54:30,0.0796318527410964,0
1969,0011,2,2026-06-14 02:54:40,0.5106042416966786,1
1970,0011,2,2026-06-14 02:54:40,0.5106042416966786,0
1971,0067,2,2026-06-14 02:54:40,0.8947579031612645,0
1972,0104,2,2026-06-14 02:54:40,0.8947579031612645,0
1973,0122,2,2026-06-14 02:54:40,0.0796318527410964,0
1974,0157,2,2026-06-14 02:54:40,0.9723889555822329,0
1975,0187,2,2026-06-14 02:54:40,0.0796318527410964,0
1976,0011,2,2026-06-14 02:54:50,0.5106042416966786,0
1977,0011,2,2026-06-14 02:54:50,0.5106042416966786,0
1978,0067,2,2026-06-14 02:54:50,0.8947579031612645,0
1979,0104,2,2026-06-14 02:54:50,0.8947579031612645,0
1980,0122,2,2026-06-14 02:54:50,0.0796318527410964,0
1981,0157,2,2026-06-14 02:54:50,0.9723889555822329,0
1982,0187,2,2026-06-14 02:54:50,0.0796318527410964,0
1983,0011,2,2026-06-14 02:55:00,0.5106042416966786,0
1984,0011,2,2026-06-14 02:55:00,0.5106042416966786,0
1985,0067,2,2026-06-14 02:55:00,0.8947579031612645,0
1986,0082,2,2026-06-14 02:55:00,0.3897559023609444,0
1987,0095,2,2026-06-14 02:55:00,0.6962785114045619,1
1988,0104,2,2026-06-14 02:55:00,0.8947579031612645,0
1989,0107,2,2026-06-14 02:55:00,0.2384953981592637,0
1990,0122,2,2026-06-14 02:55:00,0.0796318527410964,0
1991,0157,2,2026-06-14 02:55:00,0.9723889555822329,0
1992,0187,2,2026-06-14 02:55:00,0.0796318527410964,0
1993,0011,2,2026-06-14 02:55:10,0.5106042416966786,0
1994,0067,2,2026-06-14 02:55:10,0.8947579031612645,0
1995,0082,2,2026-06-14 02:55:10,0.3897559023609444,0
1996,0095,2,2026-06-14 02:55:10,0.6962785114045619,1
1997,0104,2,2026-06-14 02:55:10,0.8947579031612645,0
1998,0107,2,2026-06-14 02:55:10,0.2384953981592637,0
1999,0122,2,2026-06-14 02:55:10,0.0796318527410964,0
2000,0157,2,2026-06-14 02:55:10,0.9723889555822329,0
2001,0187,2,2026-06-14 02:55:10,0.0796318527410964,0
2002,0011,2,2026-06-14 02:55:20,0.5106042416966786,0
2003,0067,2,2026-06-14 02:55:20,0.8947579031612645,0
2004,0082,2,2026-06-14 02:55:20,0.3897559023609444,0
2005,0095,2,2026-06-14 02:55:20,0.6962785114045619,0
2006,0104,2,2026-06-14 02:55:20,0.8947579031612645,0
2007,0107,2,2026-06-14 02:55:20,0.2384953981592637,0
2008,0122,2,2026-06-14 02:55:20,0.0796318527410964,0
2009,0011,2,2026-06-14 02:55:30,0.5106042416966786,0
2010,0082,2,2026-06-14 02:55:30,0.3897559023609444,0
2011,0095,2,2026-06-14 02:55:30,0.6962785114045619,0
2012,0104,2,2026-06-14 02:55:30,0.8947579031612645,0
2013,0107,2,2026-06-14 02:55:30,0.2384953981592637,0
2014,0122,2,2026-06-14 02:55:30,0.0796318527410964,0
2015,0185,2,2026-06-14 02:55:30,0.5106042416966786,0
2016,0082,2,2026-06-14 02:55:40,0.3897559023609444,1
2017,0095,2,2026-06-14 02:55:40,0.6962785114045619,0
2018,0104,2,2026-06-14 02:55:40,0.8947579031612645,0
2019,0107,2,2026-06-14 02:55:40,0.2384953981592637,0
2020,0122,2,2026-06-14 02:55:40,0.0796318527410964,0
2021,0185,2,2026-06-14 02:55:40,0.5106042416966786,0
2022,0082,2,2026-06-14 02:55:50,0.3897559023609444,0
2023,0095,2,2026-06-14 02:55:50,0.6962785114045619,0
2024,0107,2,2026-06-14 02:55:50,0.2384953981592637,1
2025,0122,2,2026-06-14 02:55:50,0.0796318527410964,0
2026,0185,2,2026-06-14 02:55:50,0.5106042416966786,0
2027,0082,2,2026-06-14 02:56:00,0.3897559023609444,1
2028,0095,2,2026-06-14 02:56:00,0.6962785114045619,0
2029,0054,2,2026-06-14 02:56:10,0.5550220088035214,0
2030,0082,2,2026-06-14 02:56:10,0.3897559023609444,0
2031,0095,2,2026-06-14 02:56:10,0.6962785114045619,0
2032,006,2,2026-06-14 02:56:20,0.8947579031612645,0
2033,0054,2,2026-06-14 02:56:20,0.5550220088035214,1
2034,0082,2,2026-06-14 02:56:20,0.3897559023609444,0
2035,0095,2,2026-06-14 02:56:20,0.6962785114045619,0
2036,0098,2,2026-06-14 02:56:20,0.6962785114045619,0
2037,006,2,2026-06-14 02:56:30,0.8947579031612645,1
2038,0054,2,2026-06-14 02:56:30,0.5550220088035214,0
2039,0095,2,2026-06-14 02:56:30,0.6962785114045619,0
2040,0098,2,2026-06-14 02:56:30,0.6962785114045619,0
2041,0158,2,2026-06-14 02:56:30,0.6078431372549019,0
2042,006,2,2026-06-14 02:56:40,0.8947579031612645,0
2043,0054,2,2026-06-14 02:56:40,0.5550220088035214,0
2044,0095,2,2026-06-14 02:56:40,0.6962785114045619,0
2045,0098,2,2026-06-14 02:56:40,0.6962785114045619,0
2046,0158,2,2026-06-14 02:56:40,0.6078431372549019,1
2047,006,2,2026-06-14 02:56:50,0.8947579031612645,0
2048,0054,2,2026-06-14 02:56:50,0.5550220088035214,0
2049,0098,2,2026-06-14 02:56:50,0.6962785114045619,0
2050,0158,2,2026-06-14 02:56:50,0.6078431372549019,0
2051,006,2,2026-06-14 02:57:00,0.8947579031612645,0
2052,0054,2,2026-06-14 02:57:00,0.5550220088035214,0
2053,0098,2,2026-06-14 02:57:00,0.6962785114045619,1
2054,0158,2,2026-06-14 02:57:00,0.6078431372549019,0
2055,006,2,2026-06-14 02:57:10,0.8947579031612645,0
2056,0054,2,2026-06-14 02:57:10,0.5550220088035214,0
2057,0098,2,2026-06-14 02:57:10,0.6962785114045619,0
2058,0158,2,2026-06-14 02:57:10,0.6078431372549019,0
2059,006,2,2026-06-14 02:57:20,0.8947579031612645,0
2060,0054,2,2026-06-14 02:57:20,0.5550220088035214,0
2061,0098,2,2026-06-14 02:57:20,0.6962785114045619,0
2062,0152,2,2026-06-14 02:57:20,0.0796318527410964,0
2063,0158,2,2026-06-14 02:57:20,0.6078431372549019,0
2064,0215,2,2026-06-14 02:57:20,0.6962785114045619,1
2065,006,2,2026-06-14 02:57:30,0.8947579031612645,0
2066,0054,2,2026-06-14 02:57:30,0.5550220088035214,0
2067,0098,2,2026-06-14 02:57:30,0.6962785114045619,0
2068,0152,2,2026-06-14 02:57:30,0.0796318527410964,0
2069,0158,2,2026-06-14 02:57:30,0.6078431372549019,0
2070,0215,2,2026-06-14 02:57:30,0.6962785114045619,0
2071,006,2,2026-06-14 02:57:40,0.8947579031612645,0
2072,0098,2,2026-06-14 02:57:40,0.6962785114045619,0
2073,0110,2,2026-06-14 02:57:40,0.0208083233293317,0
2074,0152,2,2026-06-14 02:57:40,0.0796318527410964,0
2075,0158,2,2026-06-14 02:57:40,0.6078431372549019,0
2076,0215,2,2026-06-14 02:57:40,0.6962785114045619,0
2077,006,2,2026-06-14 02:57:50,0.8947579031612645,0
2078,0098,2,2026-06-14 02:57:50,0.6962785114045619,0
2079,0110,2,2026-06-14 02:57:50,0.0208083233293317,1
2080,0152,2,2026-06-14 02:57:50,0.0796318527410964,0
2081,0158,2,2026-06-14 02:57:50,0.6078431372549019,0
2082,0098,2,2026-06-14 02:58:00,0.6962785114045619,0
2083,0110,2,2026-06-14 02:58:00,0.0208083233293317,0
2084,0152,2,2026-06-14 02:58:00,0.0796318527410964,0
2085,0158,2,2026-06-14 02:58:00,0.6078431372549019,0
2086,0110,2,2026-06-14 02:58:10,0.0208083233293317,0
2087,0152,2,2026-06-14 02:58:10,0.0796318527410964,0
2088,0158,2,2026-06-14 02:58:10,0.6078431372549019,0
2089,0110,2,2026-06-14 02:58:20,0.0208083233293317,0
2090,0152,2,2026-06-14 02:58:20,0.0796318527410964,1
2091,0158,2,2026-06-14 02:58:20,0.6078431372549019,0
2092,0110,2,2026-06-14 02:58:30,0.0208083233293317,0
2093,0152,2,2026-06-14 02:58:30,0.0796318527410964,0
2094,0102,2,2026-06-14 02:58:40,0.8947579031612645,1
2095,0110,2,2026-06-14 02:58:40,0.0208083233293317,0
2096,0152,2,2026-06-14 02:58:40,0.0796318527410964,0
2097,0102,2,2026-06-14 02:58:50,0.8947579031612645,0
2098,0152,2,2026-06-14 02:58:50,0.0796318527410964,0
2099,0057,2,2026-06-14 02:59:00,0.2384953981592637,1
2100,0152,2,2026-06-14 02:59:00,0.0796318527410964,0
2101,0057,2,2026-06-14 02:59:10,0.2384953981592637,1
2102,0103,2,2026-06-14 02:59:10,0.6078431372549019,0
2103,0057,2,2026-06-14 02:59:20,0.2384953981592637,0
2104,0100,2,2026-06-14 02:59:20,1.0000000000000000,1
2105,0103,2,2026-06-14 02:59:20,0.6078431372549019,0
2106,0057,2,2026-06-14 02:59:30,0.2384953981592637,0
2107,0100,2,2026-06-14 02:59:30,1.0000000000000000,0
2108,0103,2,2026-06-14 02:59:30,0.6078431372549019,1
2109,0210,2,2026-06-14 02:59:30,0.5106042416966786,0
2110,0057,2,2026-06-14 02:59:40,0.2384953981592637,0
2111,0100,2,2026-06-14 02:59:40,1.0000000000000000,0
2112,0103,2,2026-06-14 02:59:40,0.6078431372549019,0
2113,0210,2,2026-06-14 02:59:40,0.5106042416966786,0
2114,0057,2,2026-06-14 02:59:50,0.2384953981592637,0
2115,0100,2,2026-06-14 02:59:50,1.0000000000000000,0
2116,0103,2,2026-06-14 02:59:50,0.6078431372549019,0
2117,0210,2,2026-06-14 02:59:50,0.5106042416966786,0
2118,0057,2,2026-06-14 03:00:00,0.2384953981592637,0
2119,0100,2,2026-06-14 03:00:00,1.0000000000000000,0
2120,0103,2,2026-06-14 03:00:00,0.6078431372549019,0
2121,0210,2,2026-06-14 03:00:00,0.5106042416966786,0
2122,0057,2,2026-06-14 03:00:10,0.2384953981592637,0
2123,0100,2,2026-06-14 03:00:10,1.0000000000000000,0
2124,0103,2,2026-06-14 03:00:10,0.6078431372549019,0
2125,0210,2,2026-06-14 03:00:10,0.5106042416966786,0
2126,0057,2,2026-06-14 03:00:20,0.2384953981592637,0
2127,0100,2,2026-06-14 03:00:20,1.0000000000000000,0
2128,0103,2,2026-06-14 03:00:20,0.6078431372549019,0
2129,0210,2,2026-06-14 03:00:20,0.5106042416966786,0
2130,0057,2,2026-06-14 03:00:30,0.2384953981592637,0
2131,0103,2,2026-06-14 03:00:30,0.6078431372549019,0
2132,0210,2,2026-06-14 03:00:30,0.5106042416966786,0
2133,0057,2,2026-06-14 03:00:40,0.2384953981592637,0
2134,0103,2,2026-06-14 03:00:40,0.6078431372549019,0
2135,0210,2,2026-06-14 03:00:40,0.5106042416966786,1
2136,0036,2,2026-06-14 03:07:50,0.3897559023609444,0
2137,0036,2,2026-06-14 03:08:00,0.3897559023609444,0
2138,0036,2,2026-06-14 03:08:10,0.3897559023609444,0
2139,0036,2,2026-06-14 03:08:20,0.3897559023609444,1
2140,0036,2,2026-06-14 03:08:30,0.3897559023609444,0
2141,0036,2,2026-06-14 03:08:40,0.3897559023609444,0
2142,0036,2,2026-06-14 03:08:50,0.3897559023609444,1
2143,0167,2,2026-06-14 04:38:10,0.7919167667066827,1
2144,0167,2,2026-06-14 04:38:20,0.7919167667066827,1
2145,0167,2,2026-06-14 04:38:30,0.7919167667066827,0
2146,0164,2,2026-06-14 04:38:40,0.6078431372549019,0
2147,0167,2,2026-06-14 04:38:40,0.7919167667066827,0
2148,0164,2,2026-06-14 04:38:50,0.6078431372549019,1
2149,0167,2,2026-06-14 04:38:50,0.7919167667066827,0
2150,0164,2,2026-06-14 04:39:00,0.6078431372549019,1
2151,0167,2,2026-06-14 04:39:00,0.7919167667066827,0
2152,0164,2,2026-06-14 04:39:10,0.6078431372549019,0
2153,0167,2,2026-06-14 04:39:10,0.7919167667066827,0
2154,0164,2,2026-06-14 04:39:20,0.6078431372549019,0
2155,0167,2,2026-06-14 04:39:20,0.7919167667066827,0
2156,0167,2,2026-06-14 04:39:30,0.7919167667066827,0
2157,0167,2,2026-06-14 04:39:40,0.7919167667066827,0
2158,0166,2,2026-06-14 06:07:50,0.8947579031612645,0
2159,0166,2,2026-06-14 06:08:00,0.8947579031612645,0
2160,0166,2,2026-06-14 06:08:10,0.8947579031612645,0
2161,0166,2,2026-06-14 06:08:20,0.8947579031612645,0
2162,0166,2,2026-06-14 06:08:30,0.8947579031612645,0
2163,0166,2,2026-06-14 06:08:40,0.8947579031612645,0
2164,0166,2,2026-06-14 06:08:50,0.8947579031612645,0
2165,0166,2,2026-06-14 06:09:00,0.8947579031612645,0
2166,0166,2,2026-06-14 06:09:10,0.8947579031612645,1
2167,0015,2,2026-06-14 06:12:40,0.5550220088035214,1
2168,0015,2,2026-06-14 06:12:50,0.5550220088035214,0
2169,0051,2,2026-06-14 06:12:50,0.1768707482993197,0
2170,0015,2,2026-06-14 06:13:00,0.5550220088035214,0
2171,0051,2,2026-06-14 06:13:00,0.1768707482993197,0
2172,0015,2,2026-06-14 06:13:10,0.5550220088035214,0
2173,0051,2,2026-06-14 06:13:10,0.1768707482993197,0
2174,0015,2,2026-06-14 06:13:20,0.5550220088035214,0
2175,0051,2,2026-06-14 06:13:20,0.1768707482993197,0
2176,0015,2,2026-06-14 06:13:30,0.5550220088035214,0
2177,0051,2,2026-06-14 06:13:30,0.1768707482993197,0
2178,0015,2,2026-06-14 06:13:40,0.5550220088035214,0
2179,0051,2,2026-06-14 06:13:40,0.1768707482993197,0
2180,0015,2,2026-06-14 06:13:50,0.5550220088035214,0
2181,0051,2,2026-06-14 06:13:50,0.1768707482993197,0
2182,0015,2,2026-06-14 06:14:00,0.5550220088035214,0
2183,0051,2,2026-06-14 06:14:00,0.1768707482993197,0
2184,0051,2,2026-06-14 06:14:10,0.1768707482993197,0
2185,0051,2,2026-06-14 06:14:20,0.1768707482993197,1
2186,0051,2,2026-06-14 06:14:30,0.1768707482993197,0
2187,0135,2,2026-06-14 06:14:50,0.8947579031612645,0
2188,0135,2,2026-06-14 06:15:00,0.8947579031612645,0
2189,0135,2,2026-06-14 06:15:10,0.8947579031612645,0
2190,0135,2,2026-06-14 06:15:20,0.8947579031612645,0
2191,0135,2,2026-06-14 06:15:30,0.8947579031612645,0
2192,0135,2,2026-06-14 06:15:40,0.8947579031612645,0
2193,0135,2,2026-06-14 06:15:50,0.8947579031612645,0
2194,0135,2,2026-06-14 06:16:00,0.8947579031612645,0
2195,0135,2,2026-06-14 06:16:10,0.8947579031612645,0
2196,0135,2,2026-06-14 06:16:20,0.8947579031612645,0
2197,0135,2,2026-06-14 06:16:30,0.8947579031612645,1
2198,0194,2,2026-06-14 07:46:00,0.8947579031612645,0
2199,0194,2,2026-06-14 07:46:10,0.8947579031612645,0
2200,0021,2,2026-06-14 07:46:20,0.1768707482993197,0
2201,0194,2,2026-06-14 07:46:20,0.8947579031612645,0
2202,0021,2,2026-06-14 07:46:30,0.1768707482993197,0
2203,0194,2,2026-06-14 07:46:30,0.8947579031612645,0
2204,0021,2,2026-06-14 07:46:40,0.1768707482993197,0
2205,0194,2,2026-06-14 07:46:40,0.8947579031612645,0
2206,0021,2,2026-06-14 07:46:50,0.1768707482993197,0
2207,0194,2,2026-06-14 07:46:50,0.8947579031612645,0
2208,0021,2,2026-06-14 07:47:00,0.1768707482993197,0
2209,0194,2,2026-06-14 07:47:00,0.8947579031612645,0
2210,0021,2,2026-06-14 07:47:10,0.1768707482993197,0
2211,0194,2,2026-06-14 07:47:10,0.8947579031612645,0
2212,0021,2,2026-06-14 07:47:20,0.1768707482993197,0
2213,0194,2,2026-06-14 07:47:20,0.8947579031612645,0
2214,0021,2,2026-06-14 07:47:30,0.1768707482993197,0
2215,0194,2,2026-06-14 07:47:30,0.8947579031612645,0
2216,0021,2,2026-06-14 07:47:40,0.1768707482993197,0
2217,0194,2,2026-06-14 07:47:40,0.8947579031612645,0
2218,0021,2,2026-06-14 07:47:50,0.1768707482993197,0
2219,0194,2,2026-06-14 07:47:50,0.8947579031612645,1
2220,0021,2,2026-06-14 07:48:00,0.1768707482993197,0
2221,0032,2,2026-06-14 07:57:50,0.3897559023609444,0
2222,0058,2,2026-06-14 07:57:50,0.0796318527410964,0
2223,0063,2,2026-06-14 07:57:50,0.0796318527410964,0
2224,0085,2,2026-06-14 07:57:50,0.0208083233293317,0
2225,0090,2,2026-06-14 07:57:50,0.0796318527410964,0
2226,0096,2,2026-06-14 07:57:50,0.3897559023609444,0
2227,0101,2,2026-06-14 07:57:50,1.0000000000000000,0
2228,0109,2,2026-06-14 07:57:50,0.1768707482993197,0
2229,0121,2,2026-06-14 07:57:50,0.2384953981592637,0
2230,0130,2,2026-06-14 07:57:50,0.6078431372549019,0
2231,0131,2,2026-06-14 07:57:50,0.5550220088035214,0
2232,0156,2,2026-06-14 07:57:50,0.8947579031612645,0
2233,0159,2,2026-06-14 07:57:50,0.1768707482993197,0
2234,0163,2,2026-06-14 07:57:50,0.9723889555822329,0
2235,0178,2,2026-06-14 07:57:50,1.0000000000000000,1
2236,0211,2,2026-06-14 07:57:50,0.7919167667066827,0
2237,0214,2,2026-06-14 07:57:50,0.9723889555822329,0
2238,0221,2,2026-06-14 07:57:50,0.8947579031612645,0
2239,0226,2,2026-06-14 07:57:50,0.0796318527410964,0
2240,0237,2,2026-06-14 07:57:50,0.0796318527410964,0
2241,0250,2,2026-06-14 07:57:50,0.9723889555822329,0
2242,002,2,2026-06-14 07:58:00,0.0208083233293317,0
2243,0032,2,2026-06-14 07:58:00,0.3897559023609444,0
2244,0035,2,2026-06-14 07:58:00,0.6078431372549019,0
2245,0058,2,2026-06-14 07:58:00,0.0796318527410964,0
2246,0060,2,2026-06-14 07:58:00,1.0000000000000000,1
2247,0063,2,2026-06-14 07:58:00,0.0796318527410964,0
2248,0085,2,2026-06-14 07:58:00,0.0208083233293317,0
2249,0090,2,2026-06-14 07:58:00,0.0796318527410964,0
2250,0096,2,2026-06-14 07:58:00,0.3897559023609444,0
2251,0101,2,2026-06-14 07:58:00,1.0000000000000000,0
2252,0109,2,2026-06-14 07:58:00,0.1768707482993197,0
2253,0121,2,2026-06-14 07:58:00,0.2384953981592637,0
2254,0130,2,2026-06-14 07:58:00,0.6078431372549019,0
2255,0131,2,2026-06-14 07:58:00,0.5550220088035214,0
2256,0156,2,2026-06-14 07:58:00,0.8947579031612645,0
2257,0159,2,2026-06-14 07:58:00,0.1768707482993197,0
2258,0161,2,2026-06-14 07:58:00,0.8947579031612645,0
2259,0163,2,2026-06-14 07:58:00,0.9723889555822329,0
2260,0173,2,2026-06-14 07:58:00,0.6078431372549019,0
2261,0178,2,2026-06-14 07:58:00,1.0000000000000000,0
2262,0188,2,2026-06-14 07:58:00,0.5106042416966786,0
2263,0205,2,2026-06-14 07:58:00,0.2384953981592637,0
2264,0208,2,2026-06-14 07:58:00,0.3897559023609444,0
2265,0211,2,2026-06-14 07:58:00,0.7919167667066827,0
2266,0214,2,2026-06-14 07:58:00,0.9723889555822329,0
2267,0221,2,2026-06-14 07:58:00,0.8947579031612645,0
2268,0226,2,2026-06-14 07:58:00,0.0796318527410964,0
2269,0237,2,2026-06-14 07:58:00,0.0796318527410964,0
2270,0250,2,2026-06-14 07:58:00,0.9723889555822329,0
2271,002,2,2026-06-14 07:58:10,0.0208083233293317,0
2272,0032,2,2026-06-14 07:58:10,0.3897559023609444,0
2273,0035,2,2026-06-14 07:58:10,0.6078431372549019,0
2274,0058,2,2026-06-14 07:58:10,0.0796318527410964,0
2275,0060,2,2026-06-14 07:58:10,1.0000000000000000,0
2276,0063,2,2026-06-14 07:58:10,0.0796318527410964,0
2277,0085,2,2026-06-14 07:58:10,0.0208083233293317,0
2278,0090,2,2026-06-14 07:58:10,0.0796318527410964,0
2279,0096,2,2026-06-14 07:58:10,0.3897559023609444,0
2280,0101,2,2026-06-14 07:58:10,1.0000000000000000,0
2281,0109,2,2026-06-14 07:58:10,0.1768707482993197,0
2282,0121,2,2026-06-14 07:58:10,0.2384953981592637,0
2283,0130,2,2026-06-14 07:58:10,0.6078431372549019,0
2284,0131,2,2026-06-14 07:58:10,0.5550220088035214,0
2285,0156,2,2026-06-14 07:58:10,0.8947579031612645,0
2286,0159,2,2026-06-14 07:58:10,0.1768707482993197,0
2287,0161,2,2026-06-14 07:58:10,0.8947579031612645,0
2288,0163,2,2026-06-14 07:58:10,0.9723889555822329,1
2289,0173,2,2026-06-14 07:58:10,0.6078431372549019,0
2290,0178,2,2026-06-14 07:58:10,1.0000000000000000,0
2291,0188,2,2026-06-14 07:58:10,0.5106042416966786,0
2292,0205,2,2026-06-14 07:58:10,0.2384953981592637,0
2293,0208,2,2026-06-14 07:58:10,0.3897559023609444,0
2294,0211,2,2026-06-14 07:58:10,0.7919167667066827,0
2295,0214,2,2026-06-14 07:58:10,0.9723889555822329,0
2296,0221,2,2026-06-14 07:58:10,0.8947579031612645,0
2297,0226,2,2026-06-14 07:58:10,0.0796318527410964,0
2298,0237,2,2026-06-14 07:58:10,0.0796318527410964,0
2299,0250,2,2026-06-14 07:58:10,0.9723889555822329,0
2300,002,2,2026-06-14 07:58:20,0.0208083233293317,0
2301,0032,2,2026-06-14 07:58:20,0.3897559023609444,0
2302,0035,2,2026-06-14 07:58:20,0.6078431372549019,0
2303,0058,2,2026-06-14 07:58:20,0.0796318527410964,0
2304,0060,2,2026-06-14 07:58:20,1.0000000000000000,1
2305,0063,2,2026-06-14 07:58:20,0.0796318527410964,0
2306,0085,2,2026-06-14 07:58:20,0.0208083233293317,0
2307,0090,2,2026-06-14 07:58:20,0.0796318527410964,0
2308,0096,2,2026-06-14 07:58:20,0.3897559023609444,0
2309,0101,2,2026-06-14 07:58:20,1.0000000000000000,0
2310,0109,2,2026-06-14 07:58:20,0.1768707482993197,0
2311,0121,2,2026-06-14 07:58:20,0.2384953981592637,0
2312,0130,2,2026-06-14 07:58:20,0.6078431372549019,0
2313,0131,2,2026-06-14 07:58:20,0.5550220088035214,0
2314,0156,2,2026-06-14 07:58:20,0.8947579031612645,0
2315,0159,2,2026-06-14 07:58:20,0.1768707482993197,0
2316,0161,2,2026-06-14 07:58:20,0.8947579031612645,0
2317,0163,2,2026-06-14 07:58:20,0.9723889555822329,0
2318,0173,2,2026-06-14 07:58:20,0.6078431372549019,0
2319,0178,2,2026-06-14 07:58:20,1.0000000000000000,0
2320,0188,2,2026-06-14 07:58:20,0.5106042416966786,0
2321,0205,2,2026-06-14 07:58:20,0.2384953981592637,0
2322,0208,2,2026-06-14 07:58:20,0.3897559023609444,0
2323,0211,2,2026-06-14 07:58:20,0.7919167667066827,0
2324,0214,2,2026-06-14 07:58:20,0.9723889555822329,0
2325,0221,2,2026-06-14 07:58:20,0.8947579031612645,0
2326,0226,2,2026-06-14 07:58:20,0.0796318527410964,0
2327,0237,2,2026-06-14 07:58:20,0.0796318527410964,0
2328,0250,2,2026-06-14 07:58:20,0.9723889555822329,0
2329,0032,2,2026-06-14 07:58:30,0.3897559023609444,0
2330,0058,2,2026-06-14 07:58:30,0.0796318527410964,0
2331,0063,2,2026-06-14 07:58:30,0.0796318527410964,0
2332,0085,2,2026-06-14 07:58:30,0.0208083233293317,0
2333,0096,2,2026-06-14 07:58:30,0.3897559023609444,0
2334,0101,2,2026-06-14 07:58:30,1.0000000000000000,1
2335,0109,2,2026-06-14 07:58:30,0.1768707482993197,0
2336,0121,2,2026-06-14 07:58:30,0.2384953981592637,0
2337,0130,2,2026-06-14 07:58:30,0.6078431372549019,0
2338,0131,2,2026-06-14 07:58:30,0.5550220088035214,0
2339,0156,2,2026-06-14 07:58:30,0.8947579031612645,0
2340,0163,2,2026-06-14 07:58:30,0.9723889555822329,0
2341,0178,2,2026-06-14 07:58:30,1.0000000000000000,0
2342,0211,2,2026-06-14 07:58:30,0.7919167667066827,0
2343,0214,2,2026-06-14 07:58:30,0.9723889555822329,0
2344,0237,2,2026-06-14 07:58:30,0.0796318527410964,0
2345,0250,2,2026-06-14 07:58:30,0.9723889555822329,0
2346,0223,2,2026-06-14 07:58:40,0.5106042416966786,0
2347,0223,2,2026-06-14 07:58:50,0.5106042416966786,0
2348,0223,2,2026-06-14 07:59:00,0.5106042416966786,0
2349,0223,2,2026-06-14 07:59:10,0.5106042416966786,0
2350,0223,2,2026-06-14 07:59:20,0.5106042416966786,0
2351,0223,2,2026-06-14 07:59:30,0.5106042416966786,0
2352,0223,2,2026-06-14 07:59:40,0.5106042416966786,0
2353,0238,2,2026-06-14 07:59:40,0.9723889555822329,0
2354,0223,2,2026-06-14 07:59:50,0.5106042416966786,0
2355,0238,2,2026-06-14 07:59:50,0.9723889555822329,0
2356,0223,2,2026-06-14 08:00:00,0.5106042416966786,1
2357,0238,2,2026-06-14 08:00:00,0.9723889555822329,0
2358,0223,2,2026-06-14 08:00:10,0.5106042416966786,0
2359,0238,2,2026-06-14 08:00:10,0.9723889555822329,0
2360,0223,2,2026-06-14 08:00:20,0.5106042416966786,0
2361,0238,2,2026-06-14 08:00:20,0.9723889555822329,0
2362,0223,2,2026-06-14 08:00:30,0.5106042416966786,0
2363,0238,2,2026-06-14 08:00:30,0.9723889555822329,0
2364,0238,2,2026-06-14 08:00:40,0.9723889555822329,0
2365,0238,2,2026-06-14 08:00:50,0.9723889555822329,0
2366,0238,2,2026-06-14 08:01:00,0.9723889555822329,0
2367,0238,2,2026-06-14 08:01:10,0.9723889555822329,0
2368,0238,2,2026-06-14 08:01:20,0.9723889555822329,0
2369,0238,2,2026-06-14 08:01:30,0.9723889555822329,1
2370,0154,2,2026-06-14 08:08:40,0.7919167667066827,0
2371,0114,2,2026-06-14 08:08:50,0.6962785114045619,1
2372,0154,2,2026-06-14 08:08:50,0.7919167667066827,0
2373,0114,2,2026-06-14 08:09:00,0.6962785114045619,0
2374,0154,2,2026-06-14 08:09:00,0.7919167667066827,0
2375,0240,2,2026-06-14 08:09:00,0.7919167667066827,0
2376,0114,2,2026-06-14 08:09:10,0.6962785114045619,0
2377,0154,2,2026-06-14 08:09:10,0.7919167667066827,0
2378,0154,2,2026-06-14 08:09:10,0.7919167667066827,0
2379,0240,2,2026-06-14 08:09:10,0.7919167667066827,0
2380,0114,2,2026-06-14 08:09:20,0.6962785114045619,0
2381,0154,2,2026-06-14 08:09:20,0.7919167667066827,0
2382,0154,2,2026-06-14 08:09:20,0.7919167667066827,0
2383,0240,2,2026-06-14 08:09:20,0.7919167667066827,0
2384,0114,2,2026-06-14 08:09:30,0.6962785114045619,0
2385,0154,2,2026-06-14 08:09:30,0.7919167667066827,0
2386,0154,2,2026-06-14 08:09:30,0.7919167667066827,0
2387,0240,2,2026-06-14 08:09:30,0.7919167667066827,0
2388,0114,2,2026-06-14 08:09:40,0.6962785114045619,0
2389,0154,2,2026-06-14 08:09:40,0.7919167667066827,0
2390,0154,2,2026-06-14 08:09:40,0.7919167667066827,1
2391,0240,2,2026-06-14 08:09:40,0.7919167667066827,0
2392,0114,2,2026-06-14 08:09:50,0.6962785114045619,0
2393,0154,2,2026-06-14 08:09:50,0.7919167667066827,0
2394,0240,2,2026-06-14 08:09:50,0.7919167667066827,0
2395,0114,2,2026-06-14 08:10:00,0.6962785114045619,0
2396,0154,2,2026-06-14 08:10:00,0.7919167667066827,0
2397,0240,2,2026-06-14 08:10:00,0.7919167667066827,0
2398,0114,2,2026-06-14 08:10:10,0.6962785114045619,0
2399,0154,2,2026-06-14 08:10:10,0.7919167667066827,1
2400,0240,2,2026-06-14 08:10:10,0.7919167667066827,0
2401,0114,2,2026-06-14 08:10:20,0.6962785114045619,0
2402,0240,2,2026-06-14 08:10:20,0.7919167667066827,0
2403,0114,2,2026-06-14 08:10:30,0.6962785114045619,0
2404,0240,2,2026-06-14 08:10:30,0.7919167667066827,1
2405,0114,2,2026-06-14 08:10:40,0.6962785114045619,0
2406,0240,2,2026-06-14 08:10:40,0.7919167667066827,0
2407,0119,2,2026-06-14 09:23:10,0.8947579031612645,0
2408,0119,2,2026-06-14 09:23:20,0.8947579031612645,0
2409,0119,2,2026-06-14 09:23:30,0.8947579031612645,0
2410,0119,2,2026-06-14 09:23:40,0.8947579031612645,0
2411,0119,2,2026-06-14 09:23:50,0.8947579031612645,0
2412,0119,2,2026-06-14 09:24:00,0.8947579031612645,0
2413,0119,2,2026-06-14 09:24:10,0.8947579031612645,0
2414,0119,2,2026-06-14 09:24:20,0.8947579031612645,0
2415,0119,2,2026-06-14 09:24:30,0.8947579031612645,1
2416,0119,2,2026-06-14 09:24:40,0.8947579031612645,0
2417,0119,2,2026-06-14 09:24:50,0.8947579031612645,0
2418,0119,2,2026-06-14 09:25:00,0.8947579031612645,0
2419,0196,2,2026-06-14 09:25:20,0.8947579031612645,0
2420,0196,2,2026-06-14 09:25:30,0.8947579031612645,1
2421,0196,2,2026-06-14 09:25:40,0.8947579031612645,0
2422,0070,2,2026-06-14 09:25:50,0.6962785114045619,1
2423,0196,2,2026-06-14 09:25:50,0.8947579031612645,0
2424,0070,2,2026-06-14 09:26:00,0.6962785114045619,1
2425,0141,2,2026-06-14 09:26:00,0.0208083233293317,0
2426,0196,2,2026-06-14 09:26:00,0.8947579031612645,0
2427,0070,2,2026-06-14 09:26:10,0.6962785114045619,0
2428,0141,2,2026-06-14 09:26:10,0.0208083233293317,1
2429,0196,2,2026-06-14 09:26:10,0.8947579031612645,0
2430,0070,2,2026-06-14 09:26:20,0.6962785114045619,0
2431,0141,2,2026-06-14 09:26:20,0.0208083233293317,0
2432,0196,2,2026-06-14 09:26:20,0.8947579031612645,0
2433,0068,2,2026-06-14 09:26:30,0.3897559023609444,0
2434,0070,2,2026-06-14 09:26:30,0.6962785114045619,0
2435,0141,2,2026-06-14 09:26:30,0.0208083233293317,0
2436,0196,2,2026-06-14 09:26:30,0.8947579031612645,0
2437,0068,2,2026-06-14 09:26:40,0.3897559023609444,0
2438,0070,2,2026-06-14 09:26:40,0.6962785114045619,0
2439,0141,2,2026-06-14 09:26:40,0.0208083233293317,0
2440,0196,2,2026-06-14 09:26:40,0.8947579031612645,0
2441,0068,2,2026-06-14 09:26:50,0.3897559023609444,0
2442,0070,2,2026-06-14 09:26:50,0.6962785114045619,0
2443,0141,2,2026-06-14 09:26:50,0.0208083233293317,0
2444,0196,2,2026-06-14 09:26:50,0.8947579031612645,0
2445,0233,2,2026-06-14 09:26:50,0.7919167667066827,0
2446,0068,2,2026-06-14 09:27:00,0.3897559023609444,0
2447,0070,2,2026-06-14 09:27:00,0.6962785114045619,0
2448,0141,2,2026-06-14 09:27:00,0.0208083233293317,0
2449,0196,2,2026-06-14 09:27:00,0.8947579031612645,0
2450,0233,2,2026-06-14 09:27:00,0.7919167667066827,0
2451,0068,2,2026-06-14 09:27:10,0.3897559023609444,0
2452,0070,2,2026-06-14 09:27:10,0.6962785114045619,0
2453,0141,2,2026-06-14 09:27:10,0.0208083233293317,0
2454,0233,2,2026-06-14 09:27:10,0.7919167667066827,0
2455,0068,2,2026-06-14 09:27:20,0.3897559023609444,0
2456,0070,2,2026-06-14 09:27:20,0.6962785114045619,0
2457,0141,2,2026-06-14 09:27:20,0.0208083233293317,0
2458,0233,2,2026-06-14 09:27:20,0.7919167667066827,1
2459,0141,2,2026-06-14 09:27:30,0.0208083233293317,0
2460,0233,2,2026-06-14 09:27:30,0.7919167667066827,0
2461,0139,2,2026-06-14 09:27:40,0.6078431372549019,1
2462,0141,2,2026-06-14 09:27:40,0.0208083233293317,0
2463,0233,2,2026-06-14 09:27:40,0.7919167667066827,0
2464,0027,2,2026-06-14 09:27:50,0.0796318527410964,0
2465,0139,2,2026-06-14 09:27:50,0.6078431372549019,1
2466,0141,2,2026-06-14 09:27:50,0.0208083233293317,0
2467,0212,2,2026-06-14 09:27:50,0.5106042416966786,0
2468,0233,2,2026-06-14 09:27:50,0.7919167667066827,0
2469,0027,2,2026-06-14 09:28:00,0.0796318527410964,0
2470,0139,2,2026-06-14 09:28:00,0.6078431372549019,0
2471,0212,2,2026-06-14 09:28:00,0.5106042416966786,0
2472,0233,2,2026-06-14 09:28:00,0.7919167667066827,0
2473,0027,2,2026-06-14 09:28:10,0.0796318527410964,0
2474,0139,2,2026-06-14 09:28:10,0.6078431372549019,0
2475,0212,2,2026-06-14 09:28:10,0.5106042416966786,1
2476,0233,2,2026-06-14 09:28:10,0.7919167667066827,0
2477,0027,2,2026-06-14 09:28:20,0.0796318527410964,0
2478,0139,2,2026-06-14 09:28:20,0.6078431372549019,0
2479,0212,2,2026-06-14 09:28:20,0.5106042416966786,1
2480,0233,2,2026-06-14 09:28:20,0.7919167667066827,0
2481,0027,2,2026-06-14 09:28:30,0.0796318527410964,1
2482,0139,2,2026-06-14 09:28:30,0.6078431372549019,0
2483,0212,2,2026-06-14 09:28:30,0.5106042416966786,0
2484,0027,2,2026-06-14 09:28:40,0.0796318527410964,0
2485,0139,2,2026-06-14 09:28:40,0.6078431372549019,0
2486,0212,2,2026-06-14 09:28:40,0.5106042416966786,0
2487,0027,2,2026-06-14 09:28:50,0.0796318527410964,0
2488,0139,2,2026-06-14 09:28:50,0.6078431372549019,0
2489,0212,2,2026-06-14 09:28:50,0.5106042416966786,0
2490,0027,2,2026-06-14 09:29:00,0.0796318527410964,0
2491,0139,2,2026-06-14 09:29:00,0.6078431372549019,0
2492,0212,2,2026-06-14 09:29:00,0.5106042416966786,0
2493,0027,2,2026-06-14 09:29:10,0.0796318527410964,0
2494,0139,2,2026-06-14 09:29:10,0.6078431372549019,0
2495,0212,2,2026-06-14 09:29:10,0.5106042416966786,0
2496,0027,2,2026-06-14 09:29:20,0.0796318527410964,0
2497,0139,2,2026-06-14 09:29:20,0.6078431372549019,0
2498,0212,2,2026-06-14 09:29:20,0.5106042416966786,0
