index,ID,satellite,time,score_scenario,selected
0,0167,0,2026-06-13 10:33:50,0.4445547362450369,0
1,0167,0,2026-06-13 10:34:00,0.4445547362450369,0
2,0167,0,2026-06-13 10:34:10,0.4445547362450369,0
3,0391,0,2026-06-13 10:34:10,0.1905842314237096,0
4,0167,0,2026-06-13 10:34:20,0.4445547362450369,0
5,0194,0,2026-06-13 10:34:20,0.5185762904140669,0
6,0391,0,2026-06-13 10:34:20,0.1905842314237096,0
7,0167,0,2026-06-13 10:34:30,0.4445547362450369,0
8,0194,0,2026-06-13 10:34:30,0.5185762904140669,0
9,0391,0,2026-06-13 10:34:30,0.1905842314237096,0
10,0167,0,2026-06-13 10:34:40,0.4445547362450369,0
11,0194,0,2026-06-13 10:34:40,0.5185762904140669,0
12,0391,0,2026-06-13 10:34:40,0.1905842314237096,0
13,0167,0,2026-06-13 10:34:50,0.4445547362450369,0
14,0194,0,2026-06-13 10:34:50,0.5185762904140669,0
15,0391,0,2026-06-13 10:34:50,0.1905842314237096,0
16,0167,0,2026-06-13 10:35:00,0.4445547362450369,0
17,0194,0,2026-06-13 10:35:00,0.5185762904140669,0
18,0391,0,2026-06-13 10:35:00,0.1905842314237096,0
19,0167,0,2026-06-13 10:35:10,0.4445547362450369,0
20,0194,0,2026-06-13 10:35:10,0.5185762904140669,0
21,0306,0,2026-06-13 10:35:10,0.5906125921724333,1
22,0391,0,2026-06-13 10:35:10,0.1905842314237096,0
23,0167,0,2026-06-13 10:35:20,0.4445547362450369,0
24,0194,0,2026-06-13 10:35:20,0.5185762904140669,0
25,0306,0,2026-06-13 10:35:20,0.5906125921724333,0
26,0391,0,2026-06-13 10:35:20,0.1905842314237096,0
27,0194,0,2026-06-13 10:35:30,0.5185762904140669,0
28,0391,0,2026-06-13 10:35:30,0.1905842314237096,0
29,0194,0,2026-06-13 10:35:40,0.5185762904140669,0
30,0391,0,2026-06-13 10:35:40,0.1905842314237096,0
31,0391,0,2026-06-13 10:35:50,0.1905842314237096,0
32,0219,0,2026-06-13 10:38:10,1.0000000000000000,1
33,0219,0,2026-06-13 10:38:20,1.0000000000000000,0
34,0219,0,2026-06-13 10:38:30,1.0000000000000000,0
35,0357,0,2026-06-13 10:38:30,0.1905842314237096,0
36,0357,0,2026-06-13 10:38:30,0.1905842314237096,0
37,0357,0,2026-06-13 10:38:30,0.1905842314237096,0
38,0219,0,2026-06-13 10:38:40,1.0000000000000000,0
39,0311,0,2026-06-13 10:38:40,0.5185762904140669,0
40,0311,0,2026-06-13 10:38:40,0.5185762904140669,0
41,0311,0,2026-06-13 10:38:40,0.5185762904140669,0
42,0311,0,2026-06-13 10:38:40,0.5185762904140669,0
43,0357,0,2026-06-13 10:38:40,0.1905842314237096,0
44,0357,0,2026-06-13 10:38:40,0.1905842314237096,0
45,0493,0,2026-06-13 10:38:40,0.4445547362450369,0
46,0219,0,2026-06-13 10:38:50,1.0000000000000000,0
47,0311,0,2026-06-13 10:38:50,0.5185762904140669,0
48,0311,0,2026-06-13 10:38:50,0.5185762904140669,0
49,0311,0,2026-06-13 10:38:50,0.5185762904140669,0
50,0311,0,2026-06-13 10:38:50,0.5185762904140669,0
51,0357,0,2026-06-13 10:38:50,0.1905842314237096,0
52,0357,0,2026-06-13 10:38:50,0.1905842314237096,0
53,0357,0,2026-06-13 10:38:50,0.1905842314237096,0
54,0493,0,2026-06-13 10:38:50,0.4445547362450369,0
55,0219,0,2026-06-13 10:39:00,1.0000000000000000,0
56,0311,0,2026-06-13 10:39:00,0.5185762904140669,0
57,0357,0,2026-06-13 10:39:00,0.1905842314237096,0
58,0357,0,2026-06-13 10:39:00,0.1905842314237096,0
59,0357,0,2026-06-13 10:39:00,0.1905842314237096,0
60,0357,0,2026-06-13 10:39:00,0.1905842314237096,0
61,0493,0,2026-06-13 10:39:00,0.4445547362450369,0
62,0219,0,2026-06-13 10:39:10,1.0000000000000000,0
63,0311,0,2026-06-13 10:39:10,0.5185762904140669,0
64,0311,0,2026-06-13 10:39:10,0.5185762904140669,0
65,0311,0,2026-06-13 10:39:10,0.5185762904140669,0
66,0357,0,2026-06-13 10:39:10,0.1905842314237096,0
67,0357,0,2026-06-13 10:39:10,0.1905842314237096,0
68,0357,0,2026-06-13 10:39:10,0.1905842314237096,0
69,0357,0,2026-06-13 10:39:10,0.1905842314237096,0
70,0493,0,2026-06-13 10:39:10,0.4445547362450369,0
71,0219,0,2026-06-13 10:39:20,1.0000000000000000,0
72,0311,0,2026-06-13 10:39:20,0.5185762904140669,0
73,0311,0,2026-06-13 10:39:20,0.5185762904140669,0
74,0311,0,2026-06-13 10:39:20,0.5185762904140669,0
75,0311,0,2026-06-13 10:39:20,0.5185762904140669,0
76,0357,0,2026-06-13 10:39:20,0.1905842314237096,0
77,0357,0,2026-06-13 10:39:20,0.1905842314237096,0
78,0357,0,2026-06-13 10:39:20,0.1905842314237096,0
79,0357,0,2026-06-13 10:39:20,0.1905842314237096,0
80,0493,0,2026-06-13 10:39:20,0.4445547362450369,0
81,0219,0,2026-06-13 10:39:30,1.0000000000000000,0
82,0311,0,2026-06-13 10:39:30,0.5185762904140669,0
83,0311,0,2026-06-13 10:39:30,0.5185762904140669,0
84,0311,0,2026-06-13 10:39:30,0.5185762904140669,0
85,0311,0,2026-06-13 10:39:30,0.5185762904140669,0
86,0357,0,2026-06-13 10:39:30,0.1905842314237096,0
87,0357,0,2026-06-13 10:39:30,0.1905842314237096,0
88,0357,0,2026-06-13 10:39:30,0.1905842314237096,0
89,0357,0,2026-06-13 10:39:30,0.1905842314237096,0
90,0493,0,2026-06-13 10:39:30,0.4445547362450369,0
91,0219,0,2026-06-13 10:39:40,1.0000000000000000,0
92,0311,0,2026-06-13 10:39:40,0.5185762904140669,0
93,0311,0,2026-06-13 10:39:40,0.5185762904140669,0
94,0311,0,2026-06-13 10:39:40,0.5185762904140669,0
95,0311,0,2026-06-13 10:39:40,0.5185762904140669,0
96,0357,0,2026-06-13 10:39:40,0.1905842314237096,0
97,0357,0,2026-06-13 10:39:40,0.1905842314237096,0
98,0357,0,2026-06-13 10:39:40,0.1905842314237096,0
99,0357,0,2026-06-13 10:39:40,0.1905842314237096,0
100,0493,0,2026-06-13 10:39:40,0.4445547362450369,0
101,0311,0,2026-06-13 10:39:50,0.5185762904140669,0
102,0311,0,2026-06-13 10:39:50,0.5185762904140669,0
103,0311,0,2026-06-13 10:39:50,0.5185762904140669,0
104,0311,0,2026-06-13 10:39:50,0.5185762904140669,0
105,0357,0,2026-06-13 10:39:50,0.1905842314237096,0
106,0357,0,2026-06-13 10:39:50,0.1905842314237096,0
107,0357,0,2026-06-13 10:39:50,0.1905842314237096,0
108,0493,0,2026-06-13 10:39:50,0.4445547362450369,1
109,0311,0,2026-06-13 10:40:00,0.5185762904140669,0
110,0311,0,2026-06-13 10:40:00,0.5185762904140669,0
111,0357,0,2026-06-13 10:40:00,0.1905842314237096,0
112,0357,0,2026-06-13 10:40:00,0.1905842314237096,0
113,0493,0,2026-06-13 10:40:00,0.4445547362450369,0
114,0311,0,2026-06-13 10:40:10,0.5185762904140669,0
115,0357,0,2026-06-13 10:40:10,0.1905842314237096,0
116,0493,0,2026-06-13 10:40:10,0.4445547362450369,0
117,0311,0,2026-06-13 10:40:20,0.5185762904140669,0
118,0311,0,2026-06-13 10:40:20,0.5185762904140669,0
119,0357,0,2026-06-13 10:40:20,0.1905842314237096,0
120,0357,0,2026-06-13 10:40:20,0.1905842314237096,0
121,0493,0,2026-06-13 10:40:20,0.4445547362450369,0
122,0496,0,2026-06-13 10:40:20,0.1188315371525808,0
123,0493,0,2026-06-13 10:40:30,0.4445547362450369,0
124,0496,0,2026-06-13 10:40:30,0.1188315371525808,0
125,0496,0,2026-06-13 10:40:40,0.1188315371525808,0
126,0066,0,2026-06-13 10:40:50,0.3291264889393080,0
127,0496,0,2026-06-13 10:40:50,0.1188315371525808,0
128,0066,0,2026-06-13 10:41:00,0.3291264889393080,0
129,0496,0,2026-06-13 10:41:00,0.1188315371525808,0
130,0066,0,2026-06-13 10:41:10,0.3291264889393080,0
131,0496,0,2026-06-13 10:41:10,0.1188315371525808,0
132,0066,0,2026-06-13 10:41:20,0.3291264889393080,0
133,0496,0,2026-06-13 10:41:20,0.1188315371525808,0
134,0066,0,2026-06-13 10:41:30,0.3291264889393080,0
135,0496,0,2026-06-13 10:41:30,0.1188315371525808,0
136,0066,0,2026-06-13 10:41:40,0.3291264889393080,0
137,0496,0,2026-06-13 10:41:40,0.1188315371525808,0
138,0066,0,2026-06-13 10:41:50,0.3291264889393080,0
139,0496,0,2026-06-13 10:41:50,0.1188315371525808,1
140,0066,0,2026-06-13 10:42:00,0.3291264889393080,0
141,0496,0,2026-06-13 10:42:00,0.1188315371525808,0
142,0188,0,2026-06-13 10:44:30,0.4445547362450369,0
143,0188,0,2026-06-13 10:44:30,0.4445547362450369,0
144,0188,0,2026-06-13 10:44:40,0.4445547362450369,0
145,0188,0,2026-06-13 10:44:50,0.4445547362450369,0
146,0188,0,2026-06-13 10:45:00,0.4445547362450369,0
147,0188,0,2026-06-13 10:45:00,0.4445547362450369,0
148,0188,0,2026-06-13 10:45:00,0.4445547362450369,0
149,0188,0,2026-06-13 10:45:10,0.4445547362450369,0
150,0188,0,2026-06-13 10:45:10,0.4445547362450369,1
151,0188,0,2026-06-13 10:45:10,0.4445547362450369,0
152,0188,0,2026-06-13 10:45:10,0.4445547362450369,0
153,0188,0,2026-06-13 10:45:20,0.4445547362450369,0
154,0188,0,2026-06-13 10:45:20,0.4445547362450369,0
155,0188,0,2026-06-13 10:45:30,0.4445547362450369,0
156,0188,0,2026-06-13 10:45:40,0.4445547362450369,1
157,0188,0,2026-06-13 10:45:50,0.4445547362450369,0
158,0188,0,2026-06-13 10:45:50,0.4445547362450369,0
159,0065,0,2026-06-13 10:46:10,0.5906125921724333,0
160,0065,0,2026-06-13 10:46:20,0.5906125921724333,0
161,0404,0,2026-06-13 10:46:20,0.4445547362450369,0
162,0404,0,2026-06-13 10:46:20,0.4445547362450369,0
163,0065,0,2026-06-13 10:46:30,0.5906125921724333,0
164,0404,0,2026-06-13 10:46:30,0.4445547362450369,0
165,0065,0,2026-06-13 10:46:40,0.5906125921724333,0
166,0404,0,2026-06-13 10:46:40,0.4445547362450369,0
167,0065,0,2026-06-13 10:46:50,0.5906125921724333,0
168,0404,0,2026-06-13 10:46:50,0.4445547362450369,0
169,0404,0,2026-06-13 10:46:50,0.4445547362450369,0
170,0404,0,2026-06-13 10:46:50,0.4445547362450369,0
171,0065,0,2026-06-13 10:47:00,0.5906125921724333,0
172,0404,0,2026-06-13 10:47:00,0.4445547362450369,0
173,0404,0,2026-06-13 10:47:00,0.4445547362450369,0
174,0404,0,2026-06-13 10:47:00,0.4445547362450369,0
175,0404,0,2026-06-13 10:47:00,0.4445547362450369,0
176,0065,0,2026-06-13 10:47:10,0.5906125921724333,0
177,0404,0,2026-06-13 10:47:10,0.4445547362450369,0
178,0404,0,2026-06-13 10:47:10,0.4445547362450369,0
179,0404,0,2026-06-13 10:47:10,0.4445547362450369,0
180,0404,0,2026-06-13 10:47:10,0.4445547362450369,0
181,0065,0,2026-06-13 10:47:20,0.5906125921724333,0
182,0404,0,2026-06-13 10:47:20,0.4445547362450369,0
183,0404,0,2026-06-13 10:47:20,0.4445547362450369,0
184,0404,0,2026-06-13 10:47:20,0.4445547362450369,0
185,0404,0,2026-06-13 10:47:20,0.4445547362450369,0
186,0065,0,2026-06-13 10:47:30,0.5906125921724333,0
187,0404,0,2026-06-13 10:47:30,0.4445547362450369,0
188,0404,0,2026-06-13 10:47:30,0.4445547362450369,1
189,0404,0,2026-06-13 10:47:30,0.4445547362450369,0
190,0404,0,2026-06-13 10:47:30,0.4445547362450369,0
191,0065,0,2026-06-13 10:47:40,0.5906125921724333,0
192,0404,0,2026-06-13 10:47:40,0.4445547362450369,0
193,0404,0,2026-06-13 10:47:40,0.4445547362450369,0
194,0404,0,2026-06-13 10:47:50,0.4445547362450369,0
195,0404,0,2026-06-13 10:48:00,0.4445547362450369,1
196,0404,0,2026-06-13 10:48:00,0.4445547362450369,0
197,0381,0,2026-06-13 12:30:00,1.0000000000000000,0
198,0381,0,2026-06-13 12:30:10,1.0000000000000000,0
199,0381,0,2026-06-13 12:30:20,1.0000000000000000,0
200,0132,0,2026-06-13 12:33:20,0.4445547362450369,0
201,0132,0,2026-06-13 12:33:30,0.4445547362450369,0
202,0132,0,2026-06-13 12:33:40,0.4445547362450369,0
203,0237,0,2026-06-13 12:33:40,0.2820476460578559,1
204,0237,0,2026-06-13 12:33:40,0.2820476460578559,0
205,0106,0,2026-06-13 12:33:50,0.2820476460578559,0
206,0132,0,2026-06-13 12:33:50,0.4445547362450369,0
207,0237,0,2026-06-13 12:33:50,0.2820476460578559,0
208,0237,0,2026-06-13 12:33:50,0.2820476460578559,0
209,0106,0,2026-06-13 12:34:00,0.2820476460578559,0
210,0132,0,2026-06-13 12:34:00,0.4445547362450369,0
211,0237,0,2026-06-13 12:34:00,0.2820476460578559,0
212,0237,0,2026-06-13 12:34:00,0.2820476460578559,0
213,0287,0,2026-06-13 12:34:00,0.2820476460578559,0
214,0106,0,2026-06-13 12:34:10,0.2820476460578559,0
215,0132,0,2026-06-13 12:34:10,0.4445547362450369,0
216,0237,0,2026-06-13 12:34:10,0.2820476460578559,1
217,0237,0,2026-06-13 12:34:10,0.2820476460578559,0
218,0237,0,2026-06-13 12:34:10,0.2820476460578559,0
219,0287,0,2026-06-13 12:34:10,0.2820476460578559,0
220,0106,0,2026-06-13 12:34:20,0.2820476460578559,0
221,0132,0,2026-06-13 12:34:20,0.4445547362450369,0
222,0237,0,2026-06-13 12:34:20,0.2820476460578559,0
223,0237,0,2026-06-13 12:34:20,0.2820476460578559,0
224,0287,0,2026-06-13 12:34:20,0.2820476460578559,0
225,0106,0,2026-06-13 12:34:30,0.2820476460578559,0
226,0132,0,2026-06-13 12:34:30,0.4445547362450369,0
227,0237,0,2026-06-13 12:34:30,0.2820476460578559,0
228,0237,0,2026-06-13 12:34:30,0.2820476460578559,0
229,0237,0,2026-06-13 12:34:30,0.2820476460578559,0
230,0287,0,2026-06-13 12:34:30,0.2820476460578559,0
231,0106,0,2026-06-13 12:34:40,0.2820476460578559,1
232,0132,0,2026-06-13 12:34:40,0.4445547362450369,0
233,0237,0,2026-06-13 12:34:40,0.2820476460578559,0
234,0237,0,2026-06-13 12:34:40,0.2820476460578559,0
235,0287,0,2026-06-13 12:34:40,0.2820476460578559,0
236,0106,0,2026-06-13 12:34:50,0.2820476460578559,0
237,0132,0,2026-06-13 12:34:50,0.4445547362450369,0
238,0237,0,2026-06-13 12:34:50,0.2820476460578559,0
239,0287,0,2026-06-13 12:34:50,0.2820476460578559,0
240,0106,0,2026-06-13 12:35:00,0.2820476460578559,0
241,0132,0,2026-06-13 12:35:00,0.4445547362450369,0
242,0237,0,2026-06-13 12:35:00,0.2820476460578559,0
243,0237,0,2026-06-13 12:35:00,0.2820476460578559,0
244,0287,0,2026-06-13 12:35:00,0.2820476460578559,0
245,0287,0,2026-06-13 12:35:10,0.2820476460578559,0
246,0287,0,2026-06-13 12:35:20,0.2820476460578559,0
247,0287,0,2026-06-13 12:35:30,0.2820476460578559,0
248,0287,0,2026-06-13 12:35:40,0.2820476460578559,0
249,0287,0,2026-06-13 12:35:50,0.2820476460578559,0
250,0297,0,2026-06-13 14:12:30,0.9119398752127056,0
251,0297,0,2026-06-13 14:12:40,0.9119398752127056,0
252,0297,0,2026-06-13 14:12:50,0.9119398752127056,0
253,0297,0,2026-06-13 14:13:00,0.9119398752127056,0
254,0297,0,2026-06-13 14:13:10,0.9119398752127056,1
255,0297,0,2026-06-13 14:13:20,0.9119398752127056,0
256,0297,0,2026-06-13 14:13:30,0.9119398752127056,0
257,0297,0,2026-06-13 14:13:40,0.9119398752127056,0
258,0297,0,2026-06-13 14:13:50,0.9119398752127056,0
259,0399,0,2026-06-13 14:15:40,0.5185762904140669,0
260,0210,0,2026-06-13 14:15:50,0.9119398752127056,0
261,0399,0,2026-06-13 14:15:50,0.5185762904140669,0
262,0210,0,2026-06-13 14:16:00,0.9119398752127056,0
263,0399,0,2026-06-13 14:16:00,0.5185762904140669,0
264,0210,0,2026-06-13 14:16:10,0.9119398752127056,0
265,0399,0,2026-06-13 14:16:10,0.5185762904140669,0
266,0210,0,2026-06-13 14:16:20,0.9119398752127056,0
267,0399,0,2026-06-13 14:16:20,0.5185762904140669,0
268,0210,0,2026-06-13 14:16:30,0.9119398752127056,0
269,0399,0,2026-06-13 14:16:30,0.5185762904140669,0
270,0210,0,2026-06-13 14:16:40,0.9119398752127056,0
271,0399,0,2026-06-13 14:16:40,0.5185762904140669,0
272,0210,0,2026-06-13 14:16:50,0.9119398752127056,0
273,0399,0,2026-06-13 14:16:50,0.5185762904140669,0
274,0210,0,2026-06-13 14:17:00,0.9119398752127056,0
275,0399,0,2026-06-13 14:17:00,0.5185762904140669,0
276,0210,0,2026-06-13 14:17:10,0.9119398752127056,0
277,0399,0,2026-06-13 14:17:10,0.5185762904140669,0
278,0210,0,2026-06-13 14:17:20,0.9119398752127056,0
279,0399,0,2026-06-13 14:17:20,0.5185762904140669,0
280,0210,0,2026-06-13 14:17:30,0.9119398752127056,0
281,0079,0,2026-06-13 15:12:00,0.4445547362450369,0
282,0079,0,2026-06-13 15:12:10,0.4445547362450369,0
283,0149,0,2026-06-13 15:32:40,0.6381168462847420,0
284,0149,0,2026-06-13 15:32:50,0.6381168462847420,0
285,0149,0,2026-06-13 15:33:00,0.6381168462847420,0
286,0149,0,2026-06-13 15:33:10,0.6381168462847420,0
287,0149,0,2026-06-13 15:33:20,0.6381168462847420,0
288,0149,0,2026-06-13 15:33:30,0.6381168462847420,0
289,0149,0,2026-06-13 15:33:40,0.6381168462847420,0
290,0149,0,2026-06-13 15:33:50,0.6381168462847420,0
291,0448,0,2026-06-13 15:33:50,0.1905842314237096,1
292,0055,0,2026-06-13 15:34:00,0.7765173000567215,0
293,0149,0,2026-06-13 15:34:00,0.6381168462847420,0
294,0448,0,2026-06-13 15:34:00,0.1905842314237096,1
295,0055,0,2026-06-13 15:34:10,0.7765173000567215,0
296,0149,0,2026-06-13 15:34:10,0.6381168462847420,0
297,0448,0,2026-06-13 15:34:10,0.1905842314237096,0
298,0485,0,2026-06-13 15:34:10,0.7765173000567215,0
299,0485,0,2026-06-13 15:34:10,0.7765173000567215,0
300,0055,0,2026-06-13 15:34:20,0.7765173000567215,0
301,0149,0,2026-06-13 15:34:20,0.6381168462847420,0
302,0321,0,2026-06-13 15:34:20,0.6703062960862167,0
303,0448,0,2026-06-13 15:34:20,0.1905842314237096,0
304,0485,0,2026-06-13 15:34:20,0.7765173000567215,0
305,0485,0,2026-06-13 15:34:20,0.7765173000567215,0
306,0055,0,2026-06-13 15:34:30,0.7765173000567215,0
307,0321,0,2026-06-13 15:34:30,0.6703062960862167,0
308,0448,0,2026-06-13 15:34:30,0.1905842314237096,0
309,0485,0,2026-06-13 15:34:30,0.7765173000567215,0
310,0485,0,2026-06-13 15:34:30,0.7765173000567215,0
311,0055,0,2026-06-13 15:34:40,0.7765173000567215,0
312,0321,0,2026-06-13 15:34:40,0.6703062960862167,1
313,0448,0,2026-06-13 15:34:40,0.1905842314237096,0
314,0485,0,2026-06-13 15:34:40,0.7765173000567215,0
315,0485,0,2026-06-13 15:34:40,0.7765173000567215,0
316,0485,0,2026-06-13 15:34:40,0.7765173000567215,0
317,0485,0,2026-06-13 15:34:40,0.7765173000567215,0
318,0043,0,2026-06-13 15:34:50,0.1905842314237096,0
319,0055,0,2026-06-13 15:34:50,0.7765173000567215,0
320,0321,0,2026-06-13 15:34:50,0.6703062960862167,0
321,0485,0,2026-06-13 15:34:50,0.7765173000567215,0
322,0485,0,2026-06-13 15:34:50,0.7765173000567215,0
323,0485,0,2026-06-13 15:34:50,0.7765173000567215,0
324,0485,0,2026-06-13 15:34:50,0.7765173000567215,0
325,0043,0,2026-06-13 15:35:00,0.1905842314237096,0
326,0055,0,2026-06-13 15:35:00,0.7765173000567215,0
327,0321,0,2026-06-13 15:35:00,0.6703062960862167,0
328,0366,0,2026-06-13 15:35:00,1.0000000000000000,0
329,0366,0,2026-06-13 15:35:00,1.0000000000000000,0
330,0485,0,2026-06-13 15:35:00,0.7765173000567215,0
331,0485,0,2026-06-13 15:35:00,0.7765173000567215,0
332,0485,0,2026-06-13 15:35:00,0.7765173000567215,0
333,0043,0,2026-06-13 15:35:10,0.1905842314237096,1
334,0055,0,2026-06-13 15:35:10,0.7765173000567215,0
335,0321,0,2026-06-13 15:35:10,0.6703062960862167,0
336,0366,0,2026-06-13 15:35:10,1.0000000000000000,0
337,0366,0,2026-06-13 15:35:10,1.0000000000000000,0
338,0485,0,2026-06-13 15:35:10,0.7765173000567215,0
339,0485,0,2026-06-13 15:35:10,0.7765173000567215,0
340,0043,0,2026-06-13 15:35:20,0.1905842314237096,0
341,0055,0,2026-06-13 15:35:20,0.7765173000567215,0
342,0366,0,2026-06-13 15:35:20,1.0000000000000000,0
343,0366,0,2026-06-13 15:35:20,1.0000000000000000,0
344,0485,0,2026-06-13 15:35:20,0.7765173000567215,0
345,0485,0,2026-06-13 15:35:20,0.7765173000567215,0
346,0043,0,2026-06-13 15:35:30,0.1905842314237096,0
347,0055,0,2026-06-13 15:35:30,0.7765173000567215,0
348,0366,0,2026-06-13 15:35:30,1.0000000000000000,0
349,0366,0,2026-06-13 15:35:30,1.0000000000000000,0
350,0366,0,2026-06-13 15:35:30,1.0000000000000000,1
351,0366,0,2026-06-13 15:35:30,1.0000000000000000,0
352,0366,0,2026-06-13 15:35:30,1.0000000000000000,0
353,0485,0,2026-06-13 15:35:30,0.7765173000567215,0
354,0485,0,2026-06-13 15:35:30,0.7765173000567215,0
355,0055,0,2026-06-13 15:35:40,0.7765173000567215,0
356,0366,0,2026-06-13 15:35:40,1.0000000000000000,0
357,0366,0,2026-06-13 15:35:40,1.0000000000000000,0
358,0366,0,2026-06-13 15:35:40,1.0000000000000000,0
359,0366,0,2026-06-13 15:35:40,1.0000000000000000,0
360,0366,0,2026-06-13 15:35:40,1.0000000000000000,0
361,0366,0,2026-06-13 15:35:40,1.0000000000000000,0
362,0055,0,2026-06-13 15:35:50,0.7765173000567215,0
363,0366,0,2026-06-13 15:35:50,1.0000000000000000,0
364,0366,0,2026-06-13 15:35:50,1.0000000000000000,0
365,0366,0,2026-06-13 15:35:50,1.0000000000000000,0
366,0366,0,2026-06-13 15:35:50,1.0000000000000000,0
367,0366,0,2026-06-13 15:35:50,1.0000000000000000,0
368,0366,0,2026-06-13 15:35:50,1.0000000000000000,0
369,0366,0,2026-06-13 15:35:50,1.0000000000000000,0
370,0432,0,2026-06-13 15:35:50,1.0000000000000000,0
371,0432,0,2026-06-13 15:35:50,1.0000000000000000,0
372,0432,0,2026-06-13 15:35:50,1.0000000000000000,0
373,0432,0,2026-06-13 15:35:50,1.0000000000000000,0
374,0432,0,2026-06-13 15:35:50,1.0000000000000000,0
375,0171,0,2026-06-13 15:36:00,0.0545944412932501,0
376,0366,0,2026-06-13 15:36:00,1.0000000000000000,0
377,0366,0,2026-06-13 15:36:00,1.0000000000000000,0
378,0366,0,2026-06-13 15:36:00,1.0000000000000000,0
379,0366,0,2026-06-13 15:36:00,1.0000000000000000,0
380,0366,0,2026-06-13 15:36:00,1.0000000000000000,0
381,0366,0,2026-06-13 15:36:00,1.0000000000000000,0
382,0432,0,2026-06-13 15:36:00,1.0000000000000000,0
383,0432,0,2026-06-13 15:36:00,1.0000000000000000,0
384,0432,0,2026-06-13 15:36:00,1.0000000000000000,0
385,0432,0,2026-06-13 15:36:00,1.0000000000000000,0
386,0171,0,2026-06-13 15:36:10,0.0545944412932501,0
387,0366,0,2026-06-13 15:36:10,1.0000000000000000,0
388,0366,0,2026-06-13 15:36:10,1.0000000000000000,0
389,0366,0,2026-06-13 15:36:10,1.0000000000000000,0
390,0366,0,2026-06-13 15:36:10,1.0000000000000000,0
391,0432,0,2026-06-13 15:36:10,1.0000000000000000,0
392,0432,0,2026-06-13 15:36:10,1.0000000000000000,0
393,0171,0,2026-06-13 15:36:20,0.0545944412932501,0
394,0366,0,2026-06-13 15:36:20,1.0000000000000000,0
395,0366,0,2026-06-13 15:36:20,1.0000000000000000,0
396,0432,0,2026-06-13 15:36:20,1.0000000000000000,0
397,0432,0,2026-06-13 15:36:20,1.0000000000000000,0
398,0432,0,2026-06-13 15:36:20,1.0000000000000000,0
399,0432,0,2026-06-13 15:36:20,1.0000000000000000,0
400,0171,0,2026-06-13 15:36:30,0.0545944412932501,0
401,0366,0,2026-06-13 15:36:30,1.0000000000000000,0
402,0366,0,2026-06-13 15:36:30,1.0000000000000000,0
403,0432,0,2026-06-13 15:36:30,1.0000000000000000,0
404,0432,0,2026-06-13 15:36:30,1.0000000000000000,0
405,0432,0,2026-06-13 15:36:30,1.0000000000000000,0
406,0432,0,2026-06-13 15:36:30,1.0000000000000000,0
407,0171,0,2026-06-13 15:36:40,0.0545944412932501,0
408,0366,0,2026-06-13 15:36:40,1.0000000000000000,0
409,0366,0,2026-06-13 15:36:40,1.0000000000000000,0
410,0432,0,2026-06-13 15:36:40,1.0000000000000000,0
411,0432,0,2026-06-13 15:36:40,1.0000000000000000,0
412,0432,0,2026-06-13 15:36:40,1.0000000000000000,0
413,0432,0,2026-06-13 15:36:40,1.0000000000000000,0
414,0171,0,2026-06-13 15:36:50,0.0545944412932501,0
415,0432,0,2026-06-13 15:36:50,1.0000000000000000,0
416,0432,0,2026-06-13 15:36:50,1.0000000000000000,0
417,0432,0,2026-06-13 15:36:50,1.0000000000000000,0
418,0432,0,2026-06-13 15:36:50,1.0000000000000000,0
419,0171,0,2026-06-13 15:37:00,0.0545944412932501,0
420,0422,0,2026-06-13 15:37:00,0.2820476460578559,0
421,0432,0,2026-06-13 15:37:00,1.0000000000000000,0
422,0432,0,2026-06-13 15:37:00,1.0000000000000000,0
423,0171,0,2026-06-13 15:37:10,0.0545944412932501,0
424,0422,0,2026-06-13 15:37:10,0.2820476460578559,0
425,0432,0,2026-06-13 15:37:10,1.0000000000000000,0
426,0432,0,2026-06-13 15:37:10,1.0000000000000000,0
427,0171,0,2026-06-13 15:37:20,0.0545944412932501,0
428,0422,0,2026-06-13 15:37:20,0.2820476460578559,0
429,0432,0,2026-06-13 15:37:20,1.0000000000000000,0
430,0432,0,2026-06-13 15:37:20,1.0000000000000000,0
431,0432,0,2026-06-13 15:37:20,1.0000000000000000,0
432,0422,0,2026-06-13 15:37:30,0.2820476460578559,0
433,0422,0,2026-06-13 15:37:40,0.2820476460578559,0
434,0427,0,2026-06-13 15:37:40,0.1188315371525808,1
435,0422,0,2026-06-13 15:37:50,0.2820476460578559,0
436,0427,0,2026-06-13 15:37:50,0.1188315371525808,1
437,0422,0,2026-06-13 15:38:00,0.2820476460578559,0
438,0427,0,2026-06-13 15:38:00,0.1188315371525808,0
439,0422,0,2026-06-13 15:38:10,0.2820476460578559,1
440,0427,0,2026-06-13 15:38:10,0.1188315371525808,0
441,0422,0,2026-06-13 15:38:20,0.2820476460578559,0
442,0427,0,2026-06-13 15:38:20,0.1188315371525808,0
443,0422,0,2026-06-13 15:38:30,0.2820476460578559,0
444,0427,0,2026-06-13 15:38:30,0.1188315371525808,0
445,0422,0,2026-06-13 15:38:40,0.2820476460578559,0
446,0427,0,2026-06-13 15:38:40,0.1188315371525808,0
447,0422,0,2026-06-13 15:38:50,0.2820476460578559,0
448,0427,0,2026-06-13 15:38:50,0.1188315371525808,0
449,0427,0,2026-06-13 15:39:00,0.1188315371525808,0
450,0427,0,2026-06-13 15:39:10,0.1188315371525808,0
451,0427,0,2026-06-13 15:39:20,0.1188315371525808,0
452,0454,0,2026-06-13 15:39:20,1.0000000000000000,0
453,0427,0,2026-06-13 15:39:30,0.1188315371525808,0
454,0454,0,2026-06-13 15:39:30,1.0000000000000000,0
455,0454,0,2026-06-13 15:39:40,1.0000000000000000,0
456,0454,0,2026-06-13 15:39:50,1.0000000000000000,0
457,0454,0,2026-06-13 15:40:00,1.0000000000000000,0
458,0454,0,2026-06-13 15:40:10,1.0000000000000000,0
459,0454,0,2026-06-13 15:40:20,1.0000000000000000,0
460,0454,0,2026-06-13 15:40:30,1.0000000000000000,1
461,0130,0,2026-06-13 15:41:20,0.0545944412932501,0
462,0130,0,2026-06-13 15:41:30,0.0545944412932501,0
463,0130,0,2026-06-13 15:41:40,0.0545944412932501,0
464,0130,0,2026-06-13 15:41:50,0.0545944412932501,0
465,0130,0,2026-06-13 15:42:00,0.0545944412932501,0
466,0130,0,2026-06-13 15:42:10,0.0545944412932501,0
467,0130,0,2026-06-13 15:42:20,0.0545944412932501,0
468,0130,0,2026-06-13 15:42:30,0.0545944412932501,0
469,0010,0,2026-06-13 15:42:40,0.2820476460578559,0
470,0010,0,2026-06-13 15:42:50,0.2820476460578559,0
471,0010,0,2026-06-13 15:43:00,0.2820476460578559,0
472,0010,0,2026-06-13 15:43:10,0.2820476460578559,0
473,0010,0,2026-06-13 15:43:20,0.2820476460578559,0
474,0010,0,2026-06-13 15:43:30,0.2820476460578559,0
475,0010,0,2026-06-13 15:43:40,0.2820476460578559,0
476,0010,0,2026-06-13 15:43:50,0.2820476460578559,0
477,0010,0,2026-06-13 15:44:00,0.2820476460578559,0
478,0010,0,2026-06-13 15:44:10,0.2820476460578559,0
479,0010,0,2026-06-13 15:44:20,0.2820476460578559,0
480,0010,0,2026-06-13 15:44:30,0.2820476460578559,0
481,0263,0,2026-06-13 17:13:00,0.2820476460578559,0
482,0263,0,2026-06-13 17:13:10,0.2820476460578559,1
483,0263,0,2026-06-13 17:13:20,0.2820476460578559,0
484,0333,0,2026-06-13 17:13:20,0.5906125921724333,0
485,0263,0,2026-06-13 17:13:30,0.2820476460578559,0
486,0333,0,2026-06-13 17:13:30,0.5906125921724333,0
487,0263,0,2026-06-13 17:13:40,0.2820476460578559,0
488,0333,0,2026-06-13 17:13:40,0.5906125921724333,1
489,0263,0,2026-06-13 17:13:50,0.2820476460578559,0
490,0333,0,2026-06-13 17:13:50,0.5906125921724333,0
491,0263,0,2026-06-13 17:14:00,0.2820476460578559,0
492,0333,0,2026-06-13 17:14:00,0.5906125921724333,0
493,0263,0,2026-06-13 17:14:10,0.2820476460578559,0
494,0333,0,2026-06-13 17:14:10,0.5906125921724333,0
495,0263,0,2026-06-13 17:14:20,0.2820476460578559,0
496,0333,0,2026-06-13 17:14:20,0.5906125921724333,0
497,0263,0,2026-06-13 17:14:30,0.2820476460578559,0
498,0333,0,2026-06-13 17:14:30,0.5906125921724333,1
499,0263,0,2026-06-13 17:14:40,0.2820476460578559,0
500,0333,0,2026-06-13 17:14:40,0.5906125921724333,0
501,0333,0,2026-06-13 17:14:50,0.5906125921724333,0
502,0214,0,2026-06-13 17:15:10,0.6703062960862167,1
503,0214,0,2026-06-13 17:15:20,0.6703062960862167,0
504,0214,0,2026-06-13 17:15:30,0.6703062960862167,0
505,0214,0,2026-06-13 17:15:40,0.6703062960862167,0
506,0214,0,2026-06-13 17:15:50,0.6703062960862167,0
507,0214,0,2026-06-13 17:16:00,0.6703062960862167,0
508,0214,0,2026-06-13 17:16:10,0.6703062960862167,0
509,0214,0,2026-06-13 17:16:20,0.6703062960862167,0
510,0214,0,2026-06-13 17:16:30,0.6703062960862167,0
511,0283,0,2026-06-13 17:16:30,0.7765173000567215,0
512,0283,0,2026-06-13 17:16:30,0.7765173000567215,0
513,0214,0,2026-06-13 17:16:40,0.6703062960862167,0
514,0283,0,2026-06-13 17:16:40,0.7765173000567215,0
515,0283,0,2026-06-13 17:16:40,0.7765173000567215,0
516,0283,0,2026-06-13 17:16:50,0.7765173000567215,0
517,0283,0,2026-06-13 17:16:50,0.7765173000567215,0
518,0283,0,2026-06-13 17:16:50,0.7765173000567215,0
519,0283,0,2026-06-13 17:17:00,0.7765173000567215,0
520,0283,0,2026-06-13 17:17:00,0.7765173000567215,0
521,0283,0,2026-06-13 17:17:00,0.7765173000567215,0
522,0283,0,2026-06-13 17:17:00,0.7765173000567215,1
523,0075,0,2026-06-13 17:17:10,0.9119398752127056,0
524,0283,0,2026-06-13 17:17:10,0.7765173000567215,0
525,0283,0,2026-06-13 17:17:10,0.7765173000567215,0
526,0283,0,2026-06-13 17:17:10,0.7765173000567215,0
527,0075,0,2026-06-13 17:17:20,0.9119398752127056,0
528,0283,0,2026-06-13 17:17:20,0.7765173000567215,0
529,0283,0,2026-06-13 17:17:20,0.7765173000567215,0
530,0283,0,2026-06-13 17:17:20,0.7765173000567215,0
531,0283,0,2026-06-13 17:17:20,0.7765173000567215,0
532,0075,0,2026-06-13 17:17:30,0.9119398752127056,0
533,0283,0,2026-06-13 17:17:30,0.7765173000567215,0
534,0283,0,2026-06-13 17:17:30,0.7765173000567215,0
535,0283,0,2026-06-13 17:17:30,0.7765173000567215,0
536,0283,0,2026-06-13 17:17:30,0.7765173000567215,0
537,0075,0,2026-06-13 17:17:40,0.9119398752127056,0
538,0283,0,2026-06-13 17:17:40,0.7765173000567215,0
539,0283,0,2026-06-13 17:17:40,0.7765173000567215,0
540,0283,0,2026-06-13 17:17:40,0.7765173000567215,0
541,0283,0,2026-06-13 17:17:40,0.7765173000567215,0
542,0075,0,2026-06-13 17:17:50,0.9119398752127056,0
543,0283,0,2026-06-13 17:17:50,0.7765173000567215,0
544,0283,0,2026-06-13 17:17:50,0.7765173000567215,0
545,0283,0,2026-06-13 17:17:50,0.7765173000567215,0
546,0283,0,2026-06-13 17:17:50,0.7765173000567215,0
547,0075,0,2026-06-13 17:18:00,0.9119398752127056,0
548,0283,0,2026-06-13 17:18:00,0.7765173000567215,0
549,0283,0,2026-06-13 17:18:00,0.7765173000567215,0
550,0075,0,2026-06-13 17:18:10,0.9119398752127056,0
551,0283,0,2026-06-13 17:18:10,0.7765173000567215,0
552,0283,0,2026-06-13 17:18:10,0.7765173000567215,0
553,0283,0,2026-06-13 17:18:20,0.7765173000567215,0
554,0283,0,2026-06-13 17:18:20,0.7765173000567215,0
555,0018,0,2026-06-13 18:30:50,0.5906125921724333,0
556,0018,0,2026-06-13 18:31:00,0.5906125921724333,0
557,0018,0,2026-06-13 18:31:10,0.5906125921724333,0
558,0018,0,2026-06-13 18:31:20,0.5906125921724333,0
559,0018,0,2026-06-13 18:31:30,0.5906125921724333,0
560,0018,0,2026-06-13 18:31:40,0.5906125921724333,0
561,0018,0,2026-06-13 18:31:50,0.5906125921724333,0
562,0018,0,2026-06-13 18:32:00,0.5906125921724333,0
563,0018,0,2026-06-13 18:32:10,0.5906125921724333,0
564,0018,0,2026-06-13 18:32:20,0.5906125921724333,0
565,0018,0,2026-06-13 18:32:30,0.5906125921724333,0
566,0018,0,2026-06-13 18:32:40,0.5906125921724333,0
567,0284,0,2026-06-13 18:49:40,0.9119398752127056,0
568,0284,0,2026-06-13 18:49:50,0.9119398752127056,0
569,0284,0,2026-06-13 18:50:00,0.9119398752127056,0
570,0284,0,2026-06-13 18:50:10,0.9119398752127056,0
571,0284,0,2026-06-13 18:50:20,0.9119398752127056,0
572,0362,0,2026-06-13 18:50:20,0.7765173000567215,1
573,0284,0,2026-06-13 18:50:30,0.9119398752127056,0
574,0362,0,2026-06-13 18:50:30,0.7765173000567215,0
575,0284,0,2026-06-13 18:50:40,0.9119398752127056,0
576,0362,0,2026-06-13 18:50:40,0.7765173000567215,0
577,0284,0,2026-06-13 18:50:50,0.9119398752127056,0
578,0362,0,2026-06-13 18:50:50,0.7765173000567215,0
579,0284,0,2026-06-13 18:51:00,0.9119398752127056,1
580,0362,0,2026-06-13 18:51:00,0.7765173000567215,0
581,0284,0,2026-06-13 18:51:10,0.9119398752127056,0
582,0362,0,2026-06-13 18:51:10,0.7765173000567215,0
583,0362,0,2026-06-13 18:51:20,0.7765173000567215,0
584,0362,0,2026-06-13 18:51:30,0.7765173000567215,0
585,0362,0,2026-06-13 18:51:40,0.7765173000567215,0
586,0362,0,2026-06-13 18:51:50,0.7765173000567215,0
587,0362,0,2026-06-13 18:52:00,0.7765173000567215,0
588,0396,0,2026-06-14 01:24:40,0.9119398752127056,0
589,0396,0,2026-06-14 01:24:40,0.9119398752127056,0
590,0396,0,2026-06-14 01:24:40,0.9119398752127056,0
591,0396,0,2026-06-14 01:24:50,0.9119398752127056,0
592,0396,0,2026-06-14 01:24:50,0.9119398752127056,0
593,0396,0,2026-06-14 01:24:50,0.9119398752127056,0
594,0396,0,2026-06-14 01:24:50,0.9119398752127056,0
595,0396,0,2026-06-14 01:24:50,0.9119398752127056,0
596,0396,0,2026-06-14 01:24:50,0.9119398752127056,0
597,0396,0,2026-06-14 01:25:00,0.9119398752127056,0
598,0396,0,2026-06-14 01:25:00,0.9119398752127056,0
599,0396,0,2026-06-14 01:25:00,0.9119398752127056,0
600,0396,0,2026-06-14 01:25:00,0.9119398752127056,0
601,0396,0,2026-06-14 01:25:00,0.9119398752127056,0
602,0396,0,2026-06-14 01:25:00,0.9119398752127056,0
603,0396,0,2026-06-14 01:25:00,0.9119398752127056,0
604,0396,0,2026-06-14 01:25:10,0.9119398752127056,0
605,0396,0,2026-06-14 01:25:10,0.9119398752127056,0
606,0396,0,2026-06-14 01:25:10,0.9119398752127056,0
607,0396,0,2026-06-14 01:25:10,0.9119398752127056,0
608,0396,0,2026-06-14 01:25:10,0.9119398752127056,0
609,0396,0,2026-06-14 01:25:10,0.9119398752127056,0
610,0396,0,2026-06-14 01:25:10,0.9119398752127056,0
611,0396,0,2026-06-14 01:25:10,0.9119398752127056,0
612,0396,0,2026-06-14 01:25:20,0.9119398752127056,0
613,0396,0,2026-06-14 01:25:20,0.9119398752127056,0
614,0396,0,2026-06-14 01:25:20,0.9119398752127056,0
615,0396,0,2026-06-14 01:25:20,0.9119398752127056,0
616,0396,0,2026-06-14 01:25:20,0.9119398752127056,0
617,0396,0,2026-06-14 01:25:20,0.9119398752127056,0
618,0396,0,2026-06-14 01:25:20,0.9119398752127056,0
619,0396,0,2026-06-14 01:25:30,0.9119398752127056,0
620,0396,0,2026-06-14 01:25:30,0.9119398752127056,0
621,0396,0,2026-06-14 01:25:30,0.9119398752127056,0
622,0396,0,2026-06-14 01:25:30,0.9119398752127056,0
623,0396,0,2026-06-14 01:25:30,0.9119398752127056,0
624,0396,0,2026-06-14 01:25:30,0.9119398752127056,0
625,0396,0,2026-06-14 01:25:30,0.9119398752127056,0
626,0396,0,2026-06-14 01:25:40,0.9119398752127056,0
627,0396,0,2026-06-14 01:25:40,0.9119398752127056,0
628,0396,0,2026-06-14 01:25:40,0.9119398752127056,0
629,0396,0,2026-06-14 01:25:40,0.9119398752127056,0
630,0396,0,2026-06-14 01:25:40,0.9119398752127056,0
631,0396,0,2026-06-14 01:25:40,0.9119398752127056,0
632,0396,0,2026-06-14 01:25:40,0.9119398752127056,0
633,0396,0,2026-06-14 01:25:50,0.9119398752127056,0
634,0396,0,2026-06-14 01:25:50,0.9119398752127056,0
635,0396,0,2026-06-14 01:25:50,0.9119398752127056,0
636,0396,0,2026-06-14 01:25:50,0.9119398752127056,0
637,0396,0,2026-06-14 01:25:50,0.9119398752127056,0
638,0396,0,2026-06-14 01:25:50,0.9119398752127056,0
639,0396,0,2026-06-14 01:25:50,0.9119398752127056,0
640,0396,0,2026-06-14 01:25:50,0.9119398752127056,0
641,0396,0,2026-06-14 01:26:00,0.9119398752127056,0
642,0396,0,2026-06-14 01:26:00,0.9119398752127056,0
643,0396,0,2026-06-14 01:26:00,0.9119398752127056,0
644,0396,0,2026-06-14 01:26:00,0.9119398752127056,0
645,0396,0,2026-06-14 01:26:00,0.9119398752127056,0
646,0396,0,2026-06-14 01:26:00,0.9119398752127056,0
647,0396,0,2026-06-14 01:26:00,0.9119398752127056,0
648,0396,0,2026-06-14 01:26:10,0.9119398752127056,0
649,0396,0,2026-06-14 01:26:10,0.9119398752127056,0
650,0396,0,2026-06-14 01:26:10,0.9119398752127056,0
651,0396,0,2026-06-14 01:26:10,0.9119398752127056,0
652,0396,0,2026-06-14 01:26:10,0.9119398752127056,0
653,0396,0,2026-06-14 01:26:10,0.9119398752127056,0
654,0396,0,2026-06-14 01:26:20,0.9119398752127056,0
655,0396,0,2026-06-14 01:26:20,0.9119398752127056,0
656,0396,0,2026-06-14 01:26:20,0.9119398752127056,0
657,0396,0,2026-06-14 01:26:20,0.9119398752127056,0
658,0396,0,2026-06-14 01:26:20,0.9119398752127056,0
659,0064,0,2026-06-14 01:28:20,0.6381168462847420,1
660,0038,0,2026-06-14 01:28:30,0.0545944412932501,0
661,0064,0,2026-06-14 01:28:30,0.6381168462847420,0
662,0189,0,2026-06-14 01:28:30,1.0000000000000000,0
663,007,0,2026-06-14 01:28:40,0.5185762904140669,0
664,0038,0,2026-06-14 01:28:40,0.0545944412932501,1
665,0064,0,2026-06-14 01:28:40,0.6381168462847420,0
666,0189,0,2026-06-14 01:28:40,1.0000000000000000,0
667,007,0,2026-06-14 01:28:50,0.5185762904140669,0
668,0038,0,2026-06-14 01:28:50,0.0545944412932501,0
669,0064,0,2026-06-14 01:28:50,0.6381168462847420,0
670,0189,0,2026-06-14 01:28:50,1.0000000000000000,0
671,0257,0,2026-06-14 01:28:50,0.9119398752127056,0
672,0257,0,2026-06-14 01:28:50,0.9119398752127056,0
673,0257,0,2026-06-14 01:28:50,0.9119398752127056,0
674,0257,0,2026-06-14 01:28:50,0.9119398752127056,0
675,0257,0,2026-06-14 01:28:50,0.9119398752127056,0
676,007,0,2026-06-14 01:29:00,0.5185762904140669,0
677,0038,0,2026-06-14 01:29:00,0.0545944412932501,0
678,0064,0,2026-06-14 01:29:00,0.6381168462847420,0
679,0189,0,2026-06-14 01:29:00,1.0000000000000000,0
680,0197,0,2026-06-14 01:29:00,0.6703062960862167,0
681,0257,0,2026-06-14 01:29:00,0.9119398752127056,0
682,0257,0,2026-06-14 01:29:00,0.9119398752127056,0
683,0257,0,2026-06-14 01:29:00,0.9119398752127056,0
684,0257,0,2026-06-14 01:29:00,0.9119398752127056,0
685,0257,0,2026-06-14 01:29:00,0.9119398752127056,0
686,007,0,2026-06-14 01:29:10,0.5185762904140669,0
687,0038,0,2026-06-14 01:29:10,0.0545944412932501,0
688,0064,0,2026-06-14 01:29:10,0.6381168462847420,0
689,0189,0,2026-06-14 01:29:10,1.0000000000000000,0
690,0197,0,2026-06-14 01:29:10,0.6703062960862167,0
691,0257,0,2026-06-14 01:29:10,0.9119398752127056,0
692,0257,0,2026-06-14 01:29:10,0.9119398752127056,0
693,0257,0,2026-06-14 01:29:10,0.9119398752127056,0
694,0257,0,2026-06-14 01:29:10,0.9119398752127056,0
695,0257,0,2026-06-14 01:29:10,0.9119398752127056,1
696,007,0,2026-06-14 01:29:20,0.5185762904140669,0
697,0038,0,2026-06-14 01:29:20,0.0545944412932501,0
698,0064,0,2026-06-14 01:29:20,0.6381168462847420,0
699,0189,0,2026-06-14 01:29:20,1.0000000000000000,0
700,0197,0,2026-06-14 01:29:20,0.6703062960862167,0
701,0257,0,2026-06-14 01:29:20,0.9119398752127056,0
702,0257,0,2026-06-14 01:29:20,0.9119398752127056,0
703,0257,0,2026-06-14 01:29:20,0.9119398752127056,0
704,0257,0,2026-06-14 01:29:20,0.9119398752127056,0
705,0257,0,2026-06-14 01:29:20,0.9119398752127056,0
706,0257,0,2026-06-14 01:29:20,0.9119398752127056,0
707,0257,0,2026-06-14 01:29:20,0.9119398752127056,0
708,007,0,2026-06-14 01:29:30,0.5185762904140669,0
709,0038,0,2026-06-14 01:29:30,0.0545944412932501,0
710,0064,0,2026-06-14 01:29:30,0.6381168462847420,0
711,0189,0,2026-06-14 01:29:30,1.0000000000000000,0
712,0197,0,2026-06-14 01:29:30,0.6703062960862167,0
713,0257,0,2026-06-14 01:29:30,0.9119398752127056,0
714,0257,0,2026-06-14 01:29:30,0.9119398752127056,0
715,0257,0,2026-06-14 01:29:30,0.9119398752127056,0
716,0257,0,2026-06-14 01:29:30,0.9119398752127056,0
717,0257,0,2026-06-14 01:29:30,0.9119398752127056,0
718,0257,0,2026-06-14 01:29:30,0.9119398752127056,0
719,007,0,2026-06-14 01:29:40,0.5185762904140669,0
720,0038,0,2026-06-14 01:29:40,0.0545944412932501,0
721,0064,0,2026-06-14 01:29:40,0.6381168462847420,0
722,0189,0,2026-06-14 01:29:40,1.0000000000000000,0
723,0197,0,2026-06-14 01:29:40,0.6703062960862167,0
724,0257,0,2026-06-14 01:29:40,0.9119398752127056,0
725,0257,0,2026-06-14 01:29:40,0.9119398752127056,0
726,0257,0,2026-06-14 01:29:40,0.9119398752127056,0
727,0257,0,2026-06-14 01:29:40,0.9119398752127056,0
728,0257,0,2026-06-14 01:29:40,0.9119398752127056,0
729,007,0,2026-06-14 01:29:50,0.5185762904140669,0
730,0038,0,2026-06-14 01:29:50,0.0545944412932501,0
731,0064,0,2026-06-14 01:29:50,0.6381168462847420,0
732,0189,0,2026-06-14 01:29:50,1.0000000000000000,0
733,0197,0,2026-06-14 01:29:50,0.6703062960862167,1
734,0257,0,2026-06-14 01:29:50,0.9119398752127056,0
735,0257,0,2026-06-14 01:29:50,0.9119398752127056,0
736,0257,0,2026-06-14 01:29:50,0.9119398752127056,0
737,0257,0,2026-06-14 01:29:50,0.9119398752127056,0
738,0257,0,2026-06-14 01:29:50,0.9119398752127056,0
739,007,0,2026-06-14 01:30:00,0.5185762904140669,0
740,0189,0,2026-06-14 01:30:00,1.0000000000000000,0
741,007,0,2026-06-14 01:30:10,0.5185762904140669,1
742,0189,0,2026-06-14 01:30:10,1.0000000000000000,0
743,007,0,2026-06-14 01:30:20,0.5185762904140669,0
744,0189,0,2026-06-14 01:30:20,1.0000000000000000,1
745,007,0,2026-06-14 01:30:30,0.5185762904140669,0
746,0137,0,2026-06-14 01:35:40,0.6381168462847420,0
747,0137,0,2026-06-14 01:35:50,0.6381168462847420,0
748,0137,0,2026-06-14 01:36:00,0.6381168462847420,0
749,0137,0,2026-06-14 01:36:10,0.6381168462847420,1
750,0137,0,2026-06-14 01:36:20,0.6381168462847420,0
751,0137,0,2026-06-14 01:36:30,0.6381168462847420,0
752,0137,0,2026-06-14 01:36:40,0.6381168462847420,1
753,0137,0,2026-06-14 01:36:50,0.6381168462847420,0
754,0137,0,2026-06-14 01:37:00,0.6381168462847420,0
755,0137,0,2026-06-14 01:37:10,0.6381168462847420,0
756,0137,0,2026-06-14 01:37:20,0.6381168462847420,0
757,0137,0,2026-06-14 01:37:30,0.6381168462847420,0
758,0180,0,2026-06-14 01:37:50,0.5906125921724333,0
759,0180,0,2026-06-14 01:38:00,0.5906125921724333,0
760,0180,0,2026-06-14 01:38:10,0.5906125921724333,0
761,0180,0,2026-06-14 01:38:20,0.5906125921724333,0
762,0180,0,2026-06-14 01:38:30,0.5906125921724333,0
763,0180,0,2026-06-14 01:38:40,0.5906125921724333,0
764,0180,0,2026-06-14 01:38:50,0.5906125921724333,0
765,0180,0,2026-06-14 01:39:00,0.5906125921724333,0
766,0180,0,2026-06-14 01:39:10,0.5906125921724333,0
767,0180,0,2026-06-14 01:39:20,0.5906125921724333,0
768,0180,0,2026-06-14 01:39:30,0.5906125921724333,0
769,0410,0,2026-06-14 03:05:20,0.9119398752127056,0
770,0410,0,2026-06-14 03:05:20,0.9119398752127056,1
771,0410,0,2026-06-14 03:05:20,0.9119398752127056,0
772,0410,0,2026-06-14 03:05:30,0.9119398752127056,0
773,0410,0,2026-06-14 03:05:30,0.9119398752127056,0
774,0410,0,2026-06-14 03:05:30,0.9119398752127056,0
775,0410,0,2026-06-14 03:05:30,0.9119398752127056,0
776,0410,0,2026-06-14 03:05:30,0.9119398752127056,0
777,0410,0,2026-06-14 03:05:40,0.9119398752127056,0
778,0410,0,2026-06-14 03:05:40,0.9119398752127056,0
779,0410,0,2026-06-14 03:05:40,0.9119398752127056,0
780,0410,0,2026-06-14 03:05:40,0.9119398752127056,0
781,0410,0,2026-06-14 03:05:40,0.9119398752127056,0
782,0410,0,2026-06-14 03:05:50,0.9119398752127056,1
783,0410,0,2026-06-14 03:05:50,0.9119398752127056,0
784,0410,0,2026-06-14 03:05:50,0.9119398752127056,0
785,0410,0,2026-06-14 03:05:50,0.9119398752127056,0
786,0410,0,2026-06-14 03:05:50,0.9119398752127056,0
787,0410,0,2026-06-14 03:05:50,0.9119398752127056,0
788,0410,0,2026-06-14 03:05:50,0.9119398752127056,0
789,0410,0,2026-06-14 03:06:00,0.9119398752127056,0
790,0410,0,2026-06-14 03:06:00,0.9119398752127056,0
791,0410,0,2026-06-14 03:06:00,0.9119398752127056,0
792,0410,0,2026-06-14 03:06:00,0.9119398752127056,0
793,0410,0,2026-06-14 03:06:00,0.9119398752127056,0
794,0410,0,2026-06-14 03:06:00,0.9119398752127056,0
795,0410,0,2026-06-14 03:06:00,0.9119398752127056,0
796,0346,0,2026-06-14 03:06:10,0.3291264889393080,0
797,0410,0,2026-06-14 03:06:10,0.9119398752127056,0
798,0410,0,2026-06-14 03:06:10,0.9119398752127056,0
799,0410,0,2026-06-14 03:06:10,0.9119398752127056,0
800,0410,0,2026-06-14 03:06:10,0.9119398752127056,0
801,0410,0,2026-06-14 03:06:10,0.9119398752127056,0
802,0410,0,2026-06-14 03:06:10,0.9119398752127056,0
803,0410,0,2026-06-14 03:06:10,0.9119398752127056,0
804,0346,0,2026-06-14 03:06:20,0.3291264889393080,0
805,0410,0,2026-06-14 03:06:20,0.9119398752127056,0
806,0410,0,2026-06-14 03:06:20,0.9119398752127056,0
807,0410,0,2026-06-14 03:06:20,0.9119398752127056,0
808,0410,0,2026-06-14 03:06:20,0.9119398752127056,0
809,0410,0,2026-06-14 03:06:20,0.9119398752127056,0
810,0410,0,2026-06-14 03:06:20,0.9119398752127056,0
811,0346,0,2026-06-14 03:06:30,0.3291264889393080,0
812,0410,0,2026-06-14 03:06:30,0.9119398752127056,0
813,0410,0,2026-06-14 03:06:30,0.9119398752127056,0
814,0410,0,2026-06-14 03:06:30,0.9119398752127056,0
815,0410,0,2026-06-14 03:06:30,0.9119398752127056,0
816,0410,0,2026-06-14 03:06:30,0.9119398752127056,0
817,0410,0,2026-06-14 03:06:30,0.9119398752127056,0
818,0346,0,2026-06-14 03:06:40,0.3291264889393080,0
819,0410,0,2026-06-14 03:06:40,0.9119398752127056,0
820,0410,0,2026-06-14 03:06:40,0.9119398752127056,0
821,0410,0,2026-06-14 03:06:40,0.9119398752127056,0
822,0410,0,2026-06-14 03:06:40,0.9119398752127056,0
823,0410,0,2026-06-14 03:06:40,0.9119398752127056,0
824,0410,0,2026-06-14 03:06:40,0.9119398752127056,0
825,0410,0,2026-06-14 03:06:40,0.9119398752127056,0
826,0346,0,2026-06-14 03:06:50,0.3291264889393080,0
827,0410,0,2026-06-14 03:06:50,0.9119398752127056,0
828,0410,0,2026-06-14 03:06:50,0.9119398752127056,0
829,0410,0,2026-06-14 03:06:50,0.9119398752127056,0
830,0410,0,2026-06-14 03:06:50,0.9119398752127056,0
831,0266,0,2026-06-14 03:07:00,0.2820476460578559,0
832,0346,0,2026-06-14 03:07:00,0.3291264889393080,0
833,0349,0,2026-06-14 03:07:00,0.5906125921724333,0
834,0410,0,2026-06-14 03:07:00,0.9119398752127056,0
835,0410,0,2026-06-14 03:07:00,0.9119398752127056,0
836,0410,0,2026-06-14 03:07:00,0.9119398752127056,0
837,0410,0,2026-06-14 03:07:00,0.9119398752127056,0
838,0266,0,2026-06-14 03:07:10,0.2820476460578559,0
839,0346,0,2026-06-14 03:07:10,0.3291264889393080,0
840,0349,0,2026-06-14 03:07:10,0.5906125921724333,0
841,0410,0,2026-06-14 03:07:10,0.9119398752127056,0
842,0410,0,2026-06-14 03:07:10,0.9119398752127056,0
843,0410,0,2026-06-14 03:07:10,0.9119398752127056,0
844,0450,0,2026-06-14 03:07:10,0.1905842314237096,0
845,0266,0,2026-06-14 03:07:20,0.2820476460578559,0
846,0346,0,2026-06-14 03:07:20,0.3291264889393080,0
847,0349,0,2026-06-14 03:07:20,0.5906125921724333,0
848,0450,0,2026-06-14 03:07:20,0.1905842314237096,0
849,0266,0,2026-06-14 03:07:30,0.2820476460578559,0
850,0346,0,2026-06-14 03:07:30,0.3291264889393080,0
851,0349,0,2026-06-14 03:07:30,0.5906125921724333,0
852,0450,0,2026-06-14 03:07:30,0.1905842314237096,0
853,0266,0,2026-06-14 03:07:40,0.2820476460578559,0
854,0346,0,2026-06-14 03:07:40,0.3291264889393080,0
855,0349,0,2026-06-14 03:07:40,0.5906125921724333,0
856,0434,0,2026-06-14 03:07:40,0.1188315371525808,0
857,0450,0,2026-06-14 03:07:40,0.1905842314237096,0
858,0266,0,2026-06-14 03:07:50,0.2820476460578559,0
859,0349,0,2026-06-14 03:07:50,0.5906125921724333,0
860,0434,0,2026-06-14 03:07:50,0.1188315371525808,0
861,0450,0,2026-06-14 03:07:50,0.1905842314237096,0
862,0266,0,2026-06-14 03:08:00,0.2820476460578559,0
863,0349,0,2026-06-14 03:08:00,0.5906125921724333,0
864,0434,0,2026-06-14 03:08:00,0.1188315371525808,0
865,0450,0,2026-06-14 03:08:00,0.1905842314237096,0
866,0266,0,2026-06-14 03:08:10,0.2820476460578559,0
867,0349,0,2026-06-14 03:08:10,0.5906125921724333,0
868,0434,0,2026-06-14 03:08:10,0.1188315371525808,0
869,0450,0,2026-06-14 03:08:10,0.1905842314237096,0
870,0124,0,2026-06-14 03:08:20,0.4445547362450369,1
871,0266,0,2026-06-14 03:08:20,0.2820476460578559,0
872,0349,0,2026-06-14 03:08:20,0.5906125921724333,0
873,0434,0,2026-06-14 03:08:20,0.1188315371525808,0
874,0450,0,2026-06-14 03:08:20,0.1905842314237096,0
875,0124,0,2026-06-14 03:08:30,0.4445547362450369,0
876,0266,0,2026-06-14 03:08:30,0.2820476460578559,0
877,0349,0,2026-06-14 03:08:30,0.5906125921724333,0
878,0434,0,2026-06-14 03:08:30,0.1188315371525808,0
879,0450,0,2026-06-14 03:08:30,0.1905842314237096,0
880,0124,0,2026-06-14 03:08:40,0.4445547362450369,0
881,0266,0,2026-06-14 03:08:40,0.2820476460578559,0
882,0278,0,2026-06-14 03:08:40,0.5906125921724333,0
883,0349,0,2026-06-14 03:08:40,0.5906125921724333,0
884,0434,0,2026-06-14 03:08:40,0.1188315371525808,0
885,0450,0,2026-06-14 03:08:40,0.1905842314237096,0
886,0033,0,2026-06-14 03:08:50,0.9119398752127056,0
887,0124,0,2026-06-14 03:08:50,0.4445547362450369,0
888,0266,0,2026-06-14 03:08:50,0.2820476460578559,0
889,0278,0,2026-06-14 03:08:50,0.5906125921724333,0
890,0349,0,2026-06-14 03:08:50,0.5906125921724333,0
891,0434,0,2026-06-14 03:08:50,0.1188315371525808,0
892,0443,0,2026-06-14 03:08:50,0.4445547362450369,0
893,0450,0,2026-06-14 03:08:50,0.1905842314237096,0
894,0033,0,2026-06-14 03:09:00,0.9119398752127056,0
895,0124,0,2026-06-14 03:09:00,0.4445547362450369,0
896,0278,0,2026-06-14 03:09:00,0.5906125921724333,0
897,0434,0,2026-06-14 03:09:00,0.1188315371525808,0
898,0443,0,2026-06-14 03:09:00,0.4445547362450369,0
899,0033,0,2026-06-14 03:09:10,0.9119398752127056,0
900,0124,0,2026-06-14 03:09:10,0.4445547362450369,0
901,0278,0,2026-06-14 03:09:10,0.5906125921724333,0
902,0434,0,2026-06-14 03:09:10,0.1188315371525808,0
903,0443,0,2026-06-14 03:09:10,0.4445547362450369,1
904,0033,0,2026-06-14 03:09:20,0.9119398752127056,0
905,0124,0,2026-06-14 03:09:20,0.4445547362450369,0
906,0278,0,2026-06-14 03:09:20,0.5906125921724333,0
907,0434,0,2026-06-14 03:09:20,0.1188315371525808,0
908,0443,0,2026-06-14 03:09:20,0.4445547362450369,1
909,0033,0,2026-06-14 03:09:30,0.9119398752127056,0
910,0124,0,2026-06-14 03:09:30,0.4445547362450369,0
911,0278,0,2026-06-14 03:09:30,0.5906125921724333,0
912,0443,0,2026-06-14 03:09:30,0.4445547362450369,0
913,0033,0,2026-06-14 03:09:40,0.9119398752127056,0
914,0124,0,2026-06-14 03:09:40,0.4445547362450369,0
915,0278,0,2026-06-14 03:09:40,0.5906125921724333,0
916,0443,0,2026-06-14 03:09:40,0.4445547362450369,0
917,0033,0,2026-06-14 03:09:50,0.9119398752127056,0
918,0124,0,2026-06-14 03:09:50,0.4445547362450369,0
919,0278,0,2026-06-14 03:09:50,0.5906125921724333,0
920,0443,0,2026-06-14 03:09:50,0.4445547362450369,0
921,0033,0,2026-06-14 03:10:00,0.9119398752127056,0
922,0278,0,2026-06-14 03:10:00,0.5906125921724333,0
923,0443,0,2026-06-14 03:10:00,0.4445547362450369,0
924,0033,0,2026-06-14 03:10:10,0.9119398752127056,0
925,0278,0,2026-06-14 03:10:10,0.5906125921724333,0
926,0443,0,2026-06-14 03:10:10,0.4445547362450369,0
927,0033,0,2026-06-14 03:10:20,0.9119398752127056,0
928,0278,0,2026-06-14 03:10:20,0.5906125921724333,0
929,0443,0,2026-06-14 03:10:20,0.4445547362450369,0
930,0033,0,2026-06-14 03:10:30,0.9119398752127056,0
931,0278,0,2026-06-14 03:10:30,0.5906125921724333,0
932,0443,0,2026-06-14 03:10:30,0.4445547362450369,0
933,0033,0,2026-06-14 03:10:40,0.9119398752127056,0
934,0443,0,2026-06-14 03:10:40,0.4445547362450369,0
935,0161,0,2026-06-14 03:11:50,0.1905842314237096,0
936,0161,0,2026-06-14 03:12:00,0.1905842314237096,0
937,0161,0,2026-06-14 03:12:10,0.1905842314237096,0
938,0161,0,2026-06-14 03:12:20,0.1905842314237096,0
939,0161,0,2026-06-14 03:12:30,0.1905842314237096,0
940,0344,0,2026-06-14 03:12:30,0.4445547362450369,0
941,0161,0,2026-06-14 03:12:40,0.1905842314237096,0
942,0344,0,2026-06-14 03:12:40,0.4445547362450369,0
943,0161,0,2026-06-14 03:12:50,0.1905842314237096,0
944,0344,0,2026-06-14 03:12:50,0.4445547362450369,0
945,0161,0,2026-06-14 03:13:00,0.1905842314237096,0
946,0344,0,2026-06-14 03:13:00,0.4445547362450369,0
947,0161,0,2026-06-14 03:13:10,0.1905842314237096,0
948,0344,0,2026-06-14 03:13:10,0.4445547362450369,0
949,0161,0,2026-06-14 03:13:20,0.1905842314237096,0
950,0344,0,2026-06-14 03:13:20,0.4445547362450369,0
951,0161,0,2026-06-14 03:13:30,0.1905842314237096,0
952,0344,0,2026-06-14 03:13:30,0.4445547362450369,0
953,0161,0,2026-06-14 03:13:40,0.1905842314237096,0
954,0344,0,2026-06-14 03:13:40,0.4445547362450369,0
955,0344,0,2026-06-14 03:13:50,0.4445547362450369,0
956,0344,0,2026-06-14 03:14:00,0.4445547362450369,1
957,0344,0,2026-06-14 03:14:10,0.4445547362450369,0
958,0170,0,2026-06-14 03:15:50,0.6381168462847420,0
959,0170,0,2026-06-14 03:16:00,0.6381168462847420,0
960,0170,0,2026-06-14 03:16:10,0.6381168462847420,0
961,0170,0,2026-06-14 03:16:20,0.6381168462847420,0
962,0170,0,2026-06-14 03:16:30,0.6381168462847420,0
963,0170,0,2026-06-14 03:16:40,0.6381168462847420,0
964,0170,0,2026-06-14 03:16:50,0.6381168462847420,0
965,0170,0,2026-06-14 03:17:00,0.6381168462847420,0
966,0170,0,2026-06-14 03:17:10,0.6381168462847420,0
967,0170,0,2026-06-14 03:17:20,0.6381168462847420,0
968,0133,0,2026-06-14 04:39:50,0.1188315371525808,0
969,0133,0,2026-06-14 04:40:00,0.1188315371525808,1
970,0133,0,2026-06-14 04:40:10,0.1188315371525808,0
971,0133,0,2026-06-14 04:40:20,0.1188315371525808,0
972,0133,0,2026-06-14 04:40:30,0.1188315371525808,0
973,0133,0,2026-06-14 04:40:40,0.1188315371525808,0
974,0133,0,2026-06-14 04:40:50,0.1188315371525808,0
975,0133,0,2026-06-14 04:41:00,0.1188315371525808,0
976,0133,0,2026-06-14 04:41:10,0.1188315371525808,0
977,0133,0,2026-06-14 04:41:20,0.1188315371525808,0
978,0133,0,2026-06-14 04:41:30,0.1188315371525808,0
979,0133,0,2026-06-14 04:41:40,0.1188315371525808,0
980,0293,0,2026-06-14 04:45:00,0.2820476460578559,1
981,0293,0,2026-06-14 04:45:00,0.2820476460578559,0
982,0293,0,2026-06-14 04:45:00,0.2820476460578559,0
983,0293,0,2026-06-14 04:45:00,0.2820476460578559,0
984,0293,0,2026-06-14 04:45:00,0.2820476460578559,0
985,0293,0,2026-06-14 04:45:00,0.2820476460578559,0
986,0293,0,2026-06-14 04:45:10,0.2820476460578559,0
987,0293,0,2026-06-14 04:45:10,0.2820476460578559,0
988,0293,0,2026-06-14 04:45:10,0.2820476460578559,0
989,0293,0,2026-06-14 04:45:10,0.2820476460578559,0
990,0293,0,2026-06-14 04:45:10,0.2820476460578559,0
991,0293,0,2026-06-14 04:45:20,0.2820476460578559,0
992,0293,0,2026-06-14 04:45:20,0.2820476460578559,0
993,0293,0,2026-06-14 04:45:20,0.2820476460578559,0
994,0293,0,2026-06-14 04:45:20,0.2820476460578559,0
995,0293,0,2026-06-14 04:45:20,0.2820476460578559,0
996,0293,0,2026-06-14 04:45:30,0.2820476460578559,1
997,0293,0,2026-06-14 04:45:30,0.2820476460578559,0
998,0293,0,2026-06-14 04:45:30,0.2820476460578559,0
999,0293,0,2026-06-14 04:45:30,0.2820476460578559,0
1000,0293,0,2026-06-14 04:45:30,0.2820476460578559,0
1001,0293,0,2026-06-14 04:45:30,0.2820476460578559,0
1002,0293,0,2026-06-14 04:45:30,0.2820476460578559,0
1003,0374,0,2026-06-14 04:45:50,0.4445547362450369,0
1004,0374,0,2026-06-14 04:46:00,0.4445547362450369,1
1005,0374,0,2026-06-14 04:46:10,0.4445547362450369,1
1006,0374,0,2026-06-14 04:46:20,0.4445547362450369,0
1007,0374,0,2026-06-14 04:46:30,0.4445547362450369,0
1008,0374,0,2026-06-14 04:46:40,0.4445547362450369,0
1009,0500,0,2026-06-14 04:47:50,0.5185762904140669,0
1010,0172,0,2026-06-14 04:48:00,0.6703062960862167,0
1011,0500,0,2026-06-14 04:48:00,0.5185762904140669,0
1012,0172,0,2026-06-14 04:48:10,0.6703062960862167,0
1013,0354,0,2026-06-14 04:48:10,0.0545944412932501,0
1014,0500,0,2026-06-14 04:48:10,0.5185762904140669,0
1015,0172,0,2026-06-14 04:48:20,0.6703062960862167,0
1016,0354,0,2026-06-14 04:48:20,0.0545944412932501,0
1017,0437,0,2026-06-14 04:48:20,0.5906125921724333,1
1018,0500,0,2026-06-14 04:48:20,0.5185762904140669,0
1019,009,0,2026-06-14 04:48:30,0.5906125921724333,1
1020,0172,0,2026-06-14 04:48:30,0.6703062960862167,0
1021,0354,0,2026-06-14 04:48:30,0.0545944412932501,0
1022,0420,0,2026-06-14 04:48:30,0.5185762904140669,0
1023,0437,0,2026-06-14 04:48:30,0.5906125921724333,0
1024,0500,0,2026-06-14 04:48:30,0.5185762904140669,0
1025,009,0,2026-06-14 04:48:40,0.5906125921724333,1
1026,0172,0,2026-06-14 04:48:40,0.6703062960862167,0
1027,0354,0,2026-06-14 04:48:40,0.0545944412932501,0
1028,0420,0,2026-06-14 04:48:40,0.5185762904140669,0
1029,0437,0,2026-06-14 04:48:40,0.5906125921724333,0
1030,0500,0,2026-06-14 04:48:40,0.5185762904140669,0
1031,0172,0,2026-06-14 04:48:50,0.6703062960862167,0
1032,0354,0,2026-06-14 04:48:50,0.0545944412932501,0
1033,0420,0,2026-06-14 04:48:50,0.5185762904140669,0
1034,0437,0,2026-06-14 04:48:50,0.5906125921724333,1
1035,0500,0,2026-06-14 04:48:50,0.5185762904140669,0
1036,0172,0,2026-06-14 04:49:00,0.6703062960862167,0
1037,0354,0,2026-06-14 04:49:00,0.0545944412932501,0
1038,0420,0,2026-06-14 04:49:00,0.5185762904140669,0
1039,0437,0,2026-06-14 04:49:00,0.5906125921724333,0
1040,0500,0,2026-06-14 04:49:00,0.5185762904140669,0
1041,0172,0,2026-06-14 04:49:10,0.6703062960862167,0
1042,0354,0,2026-06-14 04:49:10,0.0545944412932501,0
1043,0413,0,2026-06-14 04:49:10,0.0545944412932501,0
1044,0420,0,2026-06-14 04:49:10,0.5185762904140669,0
1045,0500,0,2026-06-14 04:49:10,0.5185762904140669,0
1046,0172,0,2026-06-14 04:49:20,0.6703062960862167,0
1047,0342,0,2026-06-14 04:49:20,0.1905842314237096,0
1048,0354,0,2026-06-14 04:49:20,0.0545944412932501,0
1049,0413,0,2026-06-14 04:49:20,0.0545944412932501,0
1050,0420,0,2026-06-14 04:49:20,0.5185762904140669,0
1051,0172,0,2026-06-14 04:49:30,0.6703062960862167,0
1052,0342,0,2026-06-14 04:49:30,0.1905842314237096,0
1053,0354,0,2026-06-14 04:49:30,0.0545944412932501,0
1054,0413,0,2026-06-14 04:49:30,0.0545944412932501,0
1055,0420,0,2026-06-14 04:49:30,0.5185762904140669,0
1056,0172,0,2026-06-14 04:49:40,0.6703062960862167,0
1057,0342,0,2026-06-14 04:49:40,0.1905842314237096,0
1058,0354,0,2026-06-14 04:49:40,0.0545944412932501,0
1059,0413,0,2026-06-14 04:49:40,0.0545944412932501,0
1060,0420,0,2026-06-14 04:49:40,0.5185762904140669,1
1061,0172,0,2026-06-14 04:49:50,0.6703062960862167,0
1062,0342,0,2026-06-14 04:49:50,0.1905842314237096,0
1063,0354,0,2026-06-14 04:49:50,0.0545944412932501,0
1064,0413,0,2026-06-14 04:49:50,0.0545944412932501,0
1065,0420,0,2026-06-14 04:49:50,0.5185762904140669,0
1066,0342,0,2026-06-14 04:50:00,0.1905842314237096,0
1067,0413,0,2026-06-14 04:50:00,0.0545944412932501,0
1068,0420,0,2026-06-14 04:50:00,0.5185762904140669,0
1069,0342,0,2026-06-14 04:50:10,0.1905842314237096,1
1070,0413,0,2026-06-14 04:50:10,0.0545944412932501,0
1071,0342,0,2026-06-14 04:50:20,0.1905842314237096,0
1072,0413,0,2026-06-14 04:50:20,0.0545944412932501,1
1073,0342,0,2026-06-14 04:50:30,0.1905842314237096,0
1074,0413,0,2026-06-14 04:50:30,0.0545944412932501,0
1075,0271,0,2026-06-14 04:50:40,0.6381168462847420,0
1076,0335,0,2026-06-14 04:50:40,0.6381168462847420,0
1077,0342,0,2026-06-14 04:50:40,0.1905842314237096,0
1078,0413,0,2026-06-14 04:50:40,0.0545944412932501,0
1079,0451,0,2026-06-14 04:50:40,0.7765173000567215,1
1080,0084,0,2026-06-14 04:50:50,0.2820476460578559,0
1081,0271,0,2026-06-14 04:50:50,0.6381168462847420,0
1082,0335,0,2026-06-14 04:50:50,0.6381168462847420,0
1083,0342,0,2026-06-14 04:50:50,0.1905842314237096,0
1084,0413,0,2026-06-14 04:50:50,0.0545944412932501,0
1085,0451,0,2026-06-14 04:50:50,0.7765173000567215,1
1086,0084,0,2026-06-14 04:51:00,0.2820476460578559,0
1087,0271,0,2026-06-14 04:51:00,0.6381168462847420,0
1088,0335,0,2026-06-14 04:51:00,0.6381168462847420,0
1089,0413,0,2026-06-14 04:51:00,0.0545944412932501,0
1090,0451,0,2026-06-14 04:51:00,0.7765173000567215,0
1091,0084,0,2026-06-14 04:51:10,0.2820476460578559,1
1092,0271,0,2026-06-14 04:51:10,0.6381168462847420,0
1093,0335,0,2026-06-14 04:51:10,0.6381168462847420,0
1094,0451,0,2026-06-14 04:51:10,0.7765173000567215,0
1095,0084,0,2026-06-14 04:51:20,0.2820476460578559,0
1096,0271,0,2026-06-14 04:51:20,0.6381168462847420,0
1097,0335,0,2026-06-14 04:51:20,0.6381168462847420,0
1098,0451,0,2026-06-14 04:51:20,0.7765173000567215,0
1099,0084,0,2026-06-14 04:51:30,0.2820476460578559,0
1100,0271,0,2026-06-14 04:51:30,0.6381168462847420,0
1101,0335,0,2026-06-14 04:51:30,0.6381168462847420,0
1102,0361,0,2026-06-14 04:51:30,0.2820476460578559,0
1103,0451,0,2026-06-14 04:51:30,0.7765173000567215,0
1104,0084,0,2026-06-14 04:51:40,0.2820476460578559,0
1105,0271,0,2026-06-14 04:51:40,0.6381168462847420,0
1106,0335,0,2026-06-14 04:51:40,0.6381168462847420,0
1107,0361,0,2026-06-14 04:51:40,0.2820476460578559,0
1108,0451,0,2026-06-14 04:51:40,0.7765173000567215,0
1109,0084,0,2026-06-14 04:51:50,0.2820476460578559,0
1110,0271,0,2026-06-14 04:51:50,0.6381168462847420,0
1111,0335,0,2026-06-14 04:51:50,0.6381168462847420,0
1112,0361,0,2026-06-14 04:51:50,0.2820476460578559,0
1113,0451,0,2026-06-14 04:51:50,0.7765173000567215,0
1114,0084,0,2026-06-14 04:52:00,0.2820476460578559,0
1115,0271,0,2026-06-14 04:52:00,0.6381168462847420,0
1116,0335,0,2026-06-14 04:52:00,0.6381168462847420,0
1117,0361,0,2026-06-14 04:52:00,0.2820476460578559,1
1118,0414,0,2026-06-14 04:52:00,0.7765173000567215,0
1119,0451,0,2026-06-14 04:52:00,0.7765173000567215,0
1120,0084,0,2026-06-14 04:52:10,0.2820476460578559,0
1121,0271,0,2026-06-14 04:52:10,0.6381168462847420,0
1122,0335,0,2026-06-14 04:52:10,0.6381168462847420,0
1123,0361,0,2026-06-14 04:52:10,0.2820476460578559,0
1124,0414,0,2026-06-14 04:52:10,0.7765173000567215,1
1125,0445,0,2026-06-14 04:52:10,0.4445547362450369,0
1126,0451,0,2026-06-14 04:52:10,0.7765173000567215,0
1127,0084,0,2026-06-14 04:52:20,0.2820476460578559,0
1128,0271,0,2026-06-14 04:52:20,0.6381168462847420,0
1129,0335,0,2026-06-14 04:52:20,0.6381168462847420,0
1130,0361,0,2026-06-14 04:52:20,0.2820476460578559,0
1131,0414,0,2026-06-14 04:52:20,0.7765173000567215,0
1132,0445,0,2026-06-14 04:52:20,0.4445547362450369,1
1133,0451,0,2026-06-14 04:52:20,0.7765173000567215,0
1134,0074,0,2026-06-14 04:52:30,0.9119398752127056,0
1135,0084,0,2026-06-14 04:52:30,0.2820476460578559,0
1136,0271,0,2026-06-14 04:52:30,0.6381168462847420,0
1137,0361,0,2026-06-14 04:52:30,0.2820476460578559,0
1138,0414,0,2026-06-14 04:52:30,0.7765173000567215,0
1139,0429,0,2026-06-14 04:52:30,0.2820476460578559,0
1140,0445,0,2026-06-14 04:52:30,0.4445547362450369,0
1141,0074,0,2026-06-14 04:52:40,0.9119398752127056,0
1142,0361,0,2026-06-14 04:52:40,0.2820476460578559,0
1143,0414,0,2026-06-14 04:52:40,0.7765173000567215,0
1144,0429,0,2026-06-14 04:52:40,0.2820476460578559,0
1145,0445,0,2026-06-14 04:52:40,0.4445547362450369,0
1146,0074,0,2026-06-14 04:52:50,0.9119398752127056,0
1147,0361,0,2026-06-14 04:52:50,0.2820476460578559,0
1148,0414,0,2026-06-14 04:52:50,0.7765173000567215,0
1149,0429,0,2026-06-14 04:52:50,0.2820476460578559,0
1150,0445,0,2026-06-14 04:52:50,0.4445547362450369,0
1151,0054,0,2026-06-14 04:53:00,0.5185762904140669,0
1152,0074,0,2026-06-14 04:53:00,0.9119398752127056,0
1153,0227,0,2026-06-14 04:53:00,0.7765173000567215,0
1154,0361,0,2026-06-14 04:53:00,0.2820476460578559,0
1155,0414,0,2026-06-14 04:53:00,0.7765173000567215,0
1156,0429,0,2026-06-14 04:53:00,0.2820476460578559,0
1157,0445,0,2026-06-14 04:53:00,0.4445547362450369,0
1158,0054,0,2026-06-14 04:53:10,0.5185762904140669,0
1159,0074,0,2026-06-14 04:53:10,0.9119398752127056,0
1160,0227,0,2026-06-14 04:53:10,0.7765173000567215,0
1161,0361,0,2026-06-14 04:53:10,0.2820476460578559,0
1162,0414,0,2026-06-14 04:53:10,0.7765173000567215,0
1163,0429,0,2026-06-14 04:53:10,0.2820476460578559,0
1164,0445,0,2026-06-14 04:53:10,0.4445547362450369,0
1165,0054,0,2026-06-14 04:53:20,0.5185762904140669,0
1166,0074,0,2026-06-14 04:53:20,0.9119398752127056,0
1167,0227,0,2026-06-14 04:53:20,0.7765173000567215,0
1168,0361,0,2026-06-14 04:53:20,0.2820476460578559,0
1169,0414,0,2026-06-14 04:53:20,0.7765173000567215,0
1170,0429,0,2026-06-14 04:53:20,0.2820476460578559,0
1171,0445,0,2026-06-14 04:53:20,0.4445547362450369,0
1172,0054,0,2026-06-14 04:53:30,0.5185762904140669,0
1173,0074,0,2026-06-14 04:53:30,0.9119398752127056,0
1174,0227,0,2026-06-14 04:53:30,0.7765173000567215,0
1175,0414,0,2026-06-14 04:53:30,0.7765173000567215,0
1176,0429,0,2026-06-14 04:53:30,0.2820476460578559,0
1177,0445,0,2026-06-14 04:53:30,0.4445547362450369,0
1178,0054,0,2026-06-14 04:53:40,0.5185762904140669,0
1179,0074,0,2026-06-14 04:53:40,0.9119398752127056,0
1180,0227,0,2026-06-14 04:53:40,0.7765173000567215,0
1181,0414,0,2026-06-14 04:53:40,0.7765173000567215,0
1182,0429,0,2026-06-14 04:53:40,0.2820476460578559,1
1183,0445,0,2026-06-14 04:53:40,0.4445547362450369,0
1184,0054,0,2026-06-14 04:53:50,0.5185762904140669,0
1185,0074,0,2026-06-14 04:53:50,0.9119398752127056,0
1186,0227,0,2026-06-14 04:53:50,0.7765173000567215,0
1187,0414,0,2026-06-14 04:53:50,0.7765173000567215,0
1188,0429,0,2026-06-14 04:53:50,0.2820476460578559,0
1189,0445,0,2026-06-14 04:53:50,0.4445547362450369,0
1190,0054,0,2026-06-14 04:54:00,0.5185762904140669,0
1191,0074,0,2026-06-14 04:54:00,0.9119398752127056,1
1192,0227,0,2026-06-14 04:54:00,0.7765173000567215,0
1193,0429,0,2026-06-14 04:54:00,0.2820476460578559,0
1194,0445,0,2026-06-14 04:54:00,0.4445547362450369,0
1195,0054,0,2026-06-14 04:54:10,0.5185762904140669,0
1196,0074,0,2026-06-14 04:54:10,0.9119398752127056,1
1197,0227,0,2026-06-14 04:54:10,0.7765173000567215,0
1198,0054,0,2026-06-14 04:54:20,0.5185762904140669,0
1199,0227,0,2026-06-14 04:54:20,0.7765173000567215,1
1200,0054,0,2026-06-14 04:54:30,0.5185762904140669,1
1201,0227,0,2026-06-14 04:54:30,0.7765173000567215,0
1202,0054,0,2026-06-14 04:54:40,0.5185762904140669,0
1203,0227,0,2026-06-14 04:54:40,0.7765173000567215,0
1204,0054,0,2026-06-14 04:54:50,0.5185762904140669,0
1205,0466,0,2026-06-14 06:19:10,0.6381168462847420,0
1206,0466,0,2026-06-14 06:19:20,0.6381168462847420,0
1207,0466,0,2026-06-14 06:19:30,0.6381168462847420,0
1208,0193,0,2026-06-14 06:19:40,0.5185762904140669,0
1209,0466,0,2026-06-14 06:19:40,0.6381168462847420,0
1210,0193,0,2026-06-14 06:19:50,0.5185762904140669,0
1211,0466,0,2026-06-14 06:19:50,0.6381168462847420,0
1212,0193,0,2026-06-14 06:20:00,0.5185762904140669,0
1213,0193,0,2026-06-14 06:20:10,0.5185762904140669,0
1214,0193,0,2026-06-14 06:20:20,0.5185762904140669,1
1215,0478,0,2026-06-14 06:21:20,0.7765173000567215,0
1216,0478,0,2026-06-14 06:21:30,0.7765173000567215,1
1217,0478,0,2026-06-14 06:21:40,0.7765173000567215,0
1218,0478,0,2026-06-14 06:21:50,0.7765173000567215,1
1219,0478,0,2026-06-14 06:22:00,0.7765173000567215,0
1220,0238,0,2026-06-14 06:26:50,0.6703062960862167,0
1221,0238,0,2026-06-14 06:27:00,0.6703062960862167,0
1222,0116,0,2026-06-14 06:27:10,0.5906125921724333,0
1223,0143,0,2026-06-14 06:27:10,0.1188315371525808,0
1224,0238,0,2026-06-14 06:27:10,0.6703062960862167,0
1225,0116,0,2026-06-14 06:27:20,0.5906125921724333,0
1226,0143,0,2026-06-14 06:27:20,0.1188315371525808,0
1227,0238,0,2026-06-14 06:27:20,0.6703062960862167,0
1228,0116,0,2026-06-14 06:27:30,0.5906125921724333,0
1229,0143,0,2026-06-14 06:27:30,0.1188315371525808,1
1230,0238,0,2026-06-14 06:27:30,0.6703062960862167,0
1231,0261,0,2026-06-14 06:27:30,0.5906125921724333,0
1232,0116,0,2026-06-14 06:27:40,0.5906125921724333,0
1233,0143,0,2026-06-14 06:27:40,0.1188315371525808,0
1234,0238,0,2026-06-14 06:27:40,0.6703062960862167,0
1235,0261,0,2026-06-14 06:27:40,0.5906125921724333,1
1236,0073,0,2026-06-14 06:27:50,0.7765173000567215,0
1237,0116,0,2026-06-14 06:27:50,0.5906125921724333,0
1238,0143,0,2026-06-14 06:27:50,0.1188315371525808,0
1239,0238,0,2026-06-14 06:27:50,0.6703062960862167,0
1240,0261,0,2026-06-14 06:27:50,0.5906125921724333,1
1241,0073,0,2026-06-14 06:28:00,0.7765173000567215,0
1242,0116,0,2026-06-14 06:28:00,0.5906125921724333,0
1243,0143,0,2026-06-14 06:28:00,0.1188315371525808,0
1244,0238,0,2026-06-14 06:28:00,0.6703062960862167,0
1245,0261,0,2026-06-14 06:28:00,0.5906125921724333,0
1246,0073,0,2026-06-14 06:28:10,0.7765173000567215,0
1247,0116,0,2026-06-14 06:28:10,0.5906125921724333,0
1248,0143,0,2026-06-14 06:28:10,0.1188315371525808,0
1249,0238,0,2026-06-14 06:28:10,0.6703062960862167,0
1250,0261,0,2026-06-14 06:28:10,0.5906125921724333,0
1251,0073,0,2026-06-14 06:28:20,0.7765173000567215,1
1252,0116,0,2026-06-14 06:28:20,0.5906125921724333,0
1253,0143,0,2026-06-14 06:28:20,0.1188315371525808,0
1254,0238,0,2026-06-14 06:28:20,0.6703062960862167,0
1255,0261,0,2026-06-14 06:28:20,0.5906125921724333,0
1256,0073,0,2026-06-14 06:28:30,0.7765173000567215,0
1257,0116,0,2026-06-14 06:28:30,0.5906125921724333,0
1258,0143,0,2026-06-14 06:28:30,0.1188315371525808,0
1259,0238,0,2026-06-14 06:28:30,0.6703062960862167,0
1260,0261,0,2026-06-14 06:28:30,0.5906125921724333,0
1261,0073,0,2026-06-14 06:28:40,0.7765173000567215,0
1262,0116,0,2026-06-14 06:28:40,0.5906125921724333,0
1263,0143,0,2026-06-14 06:28:40,0.1188315371525808,1
1264,0238,0,2026-06-14 06:28:40,0.6703062960862167,0
1265,0261,0,2026-06-14 06:28:40,0.5906125921724333,0
1266,0073,0,2026-06-14 06:28:50,0.7765173000567215,0
1267,0116,0,2026-06-14 06:28:50,0.5906125921724333,1
1268,0143,0,2026-06-14 06:28:50,0.1188315371525808,0
1269,0261,0,2026-06-14 06:28:50,0.5906125921724333,0
1270,0116,0,2026-06-14 06:29:00,0.5906125921724333,0
1271,0143,0,2026-06-14 06:29:00,0.1188315371525808,0
1272,0261,0,2026-06-14 06:29:00,0.5906125921724333,0
1273,0261,0,2026-06-14 06:29:10,0.5906125921724333,0
1274,0261,0,2026-06-14 06:29:20,0.5906125921724333,0
1275,0334,0,2026-06-14 06:38:40,0.5185762904140669,0
1276,0334,0,2026-06-14 06:38:50,0.5185762904140669,0
1277,0334,0,2026-06-14 06:39:00,0.5185762904140669,0
1278,0334,0,2026-06-14 06:39:10,0.5185762904140669,0
1279,0334,0,2026-06-14 06:39:20,0.5185762904140669,0
1280,0334,0,2026-06-14 06:39:30,0.5185762904140669,0
1281,0334,0,2026-06-14 06:39:40,0.5185762904140669,0
1282,0334,0,2026-06-14 06:39:50,0.5185762904140669,0
1283,0334,0,2026-06-14 06:40:00,0.5185762904140669,0
1284,0334,0,2026-06-14 06:40:10,0.5185762904140669,1
1285,0334,0,2026-06-14 06:40:20,0.5185762904140669,0
1286,0216,0,2026-06-14 07:57:20,0.7765173000567215,0
1287,0044,0,2026-06-14 07:57:30,0.5906125921724333,1
1288,0216,0,2026-06-14 07:57:30,0.7765173000567215,0
1289,0044,0,2026-06-14 07:57:40,0.5906125921724333,0
1290,0216,0,2026-06-14 07:57:40,0.7765173000567215,0
1291,0359,0,2026-06-14 07:57:40,0.0545944412932501,0
1292,0044,0,2026-06-14 07:57:50,0.5906125921724333,0
1293,0216,0,2026-06-14 07:57:50,0.7765173000567215,1
1294,0359,0,2026-06-14 07:57:50,0.0545944412932501,0
1295,0044,0,2026-06-14 07:58:00,0.5906125921724333,0
1296,0216,0,2026-06-14 07:58:00,0.7765173000567215,0
1297,0359,0,2026-06-14 07:58:00,0.0545944412932501,0
1298,0044,0,2026-06-14 07:58:10,0.5906125921724333,0
1299,0216,0,2026-06-14 07:58:10,0.7765173000567215,0
1300,0359,0,2026-06-14 07:58:10,0.0545944412932501,0
1301,0044,0,2026-06-14 07:58:20,0.5906125921724333,0
1302,0216,0,2026-06-14 07:58:20,0.7765173000567215,0
1303,0359,0,2026-06-14 07:58:20,0.0545944412932501,1
1304,0470,0,2026-06-14 07:58:20,0.7765173000567215,0
1305,0216,0,2026-06-14 07:58:30,0.7765173000567215,0
1306,0359,0,2026-06-14 07:58:30,0.0545944412932501,0
1307,0470,0,2026-06-14 07:58:30,0.7765173000567215,0
1308,0216,0,2026-06-14 07:58:40,0.7765173000567215,0
1309,0359,0,2026-06-14 07:58:40,0.0545944412932501,0
1310,0470,0,2026-06-14 07:58:40,0.7765173000567215,0
1311,0216,0,2026-06-14 07:58:50,0.7765173000567215,0
1312,0359,0,2026-06-14 07:58:50,0.0545944412932501,0
1313,0470,0,2026-06-14 07:58:50,0.7765173000567215,0
1314,0216,0,2026-06-14 07:59:00,0.7765173000567215,0
1315,0359,0,2026-06-14 07:59:00,0.0545944412932501,0
1316,0470,0,2026-06-14 07:59:00,0.7765173000567215,0
1317,0359,0,2026-06-14 07:59:10,0.0545944412932501,1
1318,0470,0,2026-06-14 07:59:10,0.7765173000567215,0
1319,0359,0,2026-06-14 07:59:20,0.0545944412932501,0
1320,0470,0,2026-06-14 07:59:20,0.7765173000567215,0
1321,0470,0,2026-06-14 07:59:30,0.7765173000567215,0
1322,0056,0,2026-06-14 07:59:50,1.0000000000000000,0
1323,0056,0,2026-06-14 08:00:00,1.0000000000000000,0
1324,0056,0,2026-06-14 08:00:10,1.0000000000000000,0
1325,0056,0,2026-06-14 08:00:20,1.0000000000000000,0
1326,0056,0,2026-06-14 08:00:30,1.0000000000000000,0
1327,0056,0,2026-06-14 08:00:40,1.0000000000000000,0
1328,0151,0,2026-06-14 08:00:40,1.0000000000000000,0
1329,0056,0,2026-06-14 08:00:50,1.0000000000000000,0
1330,0151,0,2026-06-14 08:00:50,1.0000000000000000,0
1331,0056,0,2026-06-14 08:01:00,1.0000000000000000,0
1332,0151,0,2026-06-14 08:01:00,1.0000000000000000,1
1333,0056,0,2026-06-14 08:01:10,1.0000000000000000,0
1334,0151,0,2026-06-14 08:01:10,1.0000000000000000,0
1335,0056,0,2026-06-14 08:01:20,1.0000000000000000,0
1336,0151,0,2026-06-14 08:01:20,1.0000000000000000,1
1337,0056,0,2026-06-14 08:01:30,1.0000000000000000,0
1338,0151,0,2026-06-14 08:01:30,1.0000000000000000,0
1339,0056,0,2026-06-14 08:01:40,1.0000000000000000,0
1340,0136,0,2026-06-14 08:01:40,0.6703062960862167,1
1341,0151,0,2026-06-14 08:01:40,1.0000000000000000,0
1342,0110,0,2026-06-14 08:01:50,0.1188315371525808,0
1343,0136,0,2026-06-14 08:01:50,0.6703062960862167,1
1344,0151,0,2026-06-14 08:01:50,1.0000000000000000,0
1345,0110,0,2026-06-14 08:02:00,0.1188315371525808,0
1346,0136,0,2026-06-14 08:02:00,0.6703062960862167,0
1347,0151,0,2026-06-14 08:02:00,1.0000000000000000,0
1348,0224,0,2026-06-14 08:02:00,0.4445547362450369,0
1349,0110,0,2026-06-14 08:02:10,0.1188315371525808,1
1350,0136,0,2026-06-14 08:02:10,0.6703062960862167,0
1351,0151,0,2026-06-14 08:02:10,1.0000000000000000,0
1352,0224,0,2026-06-14 08:02:10,0.4445547362450369,0
1353,0110,0,2026-06-14 08:02:20,0.1188315371525808,0
1354,0136,0,2026-06-14 08:02:20,0.6703062960862167,0
1355,0224,0,2026-06-14 08:02:20,0.4445547362450369,0
1356,0110,0,2026-06-14 08:02:30,0.1188315371525808,0
1357,0136,0,2026-06-14 08:02:30,0.6703062960862167,0
1358,0224,0,2026-06-14 08:02:30,0.4445547362450369,0
1359,0110,0,2026-06-14 08:02:40,0.1188315371525808,0
1360,0136,0,2026-06-14 08:02:40,0.6703062960862167,0
1361,0147,0,2026-06-14 08:02:40,1.0000000000000000,0
1362,0224,0,2026-06-14 08:02:40,0.4445547362450369,0
1363,0110,0,2026-06-14 08:02:50,0.1188315371525808,0
1364,0136,0,2026-06-14 08:02:50,0.6703062960862167,0
1365,0147,0,2026-06-14 08:02:50,1.0000000000000000,1
1366,0224,0,2026-06-14 08:02:50,0.4445547362450369,0
1367,0110,0,2026-06-14 08:03:00,0.1188315371525808,0
1368,0136,0,2026-06-14 08:03:00,0.6703062960862167,0
1369,0147,0,2026-06-14 08:03:00,1.0000000000000000,1
1370,0224,0,2026-06-14 08:03:00,0.4445547362450369,0
1371,0104,0,2026-06-14 08:03:10,0.3291264889393080,1
1372,0110,0,2026-06-14 08:03:10,0.1188315371525808,0
1373,0136,0,2026-06-14 08:03:10,0.6703062960862167,0
1374,0147,0,2026-06-14 08:03:10,1.0000000000000000,0
1375,0224,0,2026-06-14 08:03:10,0.4445547362450369,0
1376,0088,0,2026-06-14 08:03:20,0.2820476460578559,1
1377,0104,0,2026-06-14 08:03:20,0.3291264889393080,0
1378,0110,0,2026-06-14 08:03:20,0.1188315371525808,0
1379,0136,0,2026-06-14 08:03:20,0.6703062960862167,0
1380,0147,0,2026-06-14 08:03:20,1.0000000000000000,0
1381,0224,0,2026-06-14 08:03:20,0.4445547362450369,0
1382,0262,0,2026-06-14 08:03:20,1.0000000000000000,0
1383,0088,0,2026-06-14 08:03:30,0.2820476460578559,0
1384,0104,0,2026-06-14 08:03:30,0.3291264889393080,0
1385,0110,0,2026-06-14 08:03:30,0.1188315371525808,0
1386,0147,0,2026-06-14 08:03:30,1.0000000000000000,0
1387,0224,0,2026-06-14 08:03:30,0.4445547362450369,0
1388,0262,0,2026-06-14 08:03:30,1.0000000000000000,0
1389,0088,0,2026-06-14 08:03:40,0.2820476460578559,0
1390,0104,0,2026-06-14 08:03:40,0.3291264889393080,0
1391,0110,0,2026-06-14 08:03:40,0.1188315371525808,0
1392,0147,0,2026-06-14 08:03:40,1.0000000000000000,0
1393,0224,0,2026-06-14 08:03:40,0.4445547362450369,0
1394,0262,0,2026-06-14 08:03:40,1.0000000000000000,1
1395,0088,0,2026-06-14 08:03:50,0.2820476460578559,0
1396,0104,0,2026-06-14 08:03:50,0.3291264889393080,0
1397,0147,0,2026-06-14 08:03:50,1.0000000000000000,0
1398,0262,0,2026-06-14 08:03:50,1.0000000000000000,0
1399,0088,0,2026-06-14 08:04:00,0.2820476460578559,0
1400,0097,0,2026-06-14 08:04:00,0.4445547362450369,0
1401,0104,0,2026-06-14 08:04:00,0.3291264889393080,0
1402,0147,0,2026-06-14 08:04:00,1.0000000000000000,0
1403,0262,0,2026-06-14 08:04:00,1.0000000000000000,0
1404,0310,0,2026-06-14 08:04:00,0.5185762904140669,1
1405,0088,0,2026-06-14 08:04:10,0.2820476460578559,0
1406,0097,0,2026-06-14 08:04:10,0.4445547362450369,1
1407,0104,0,2026-06-14 08:04:10,0.3291264889393080,0
1408,0147,0,2026-06-14 08:04:10,1.0000000000000000,0
1409,0262,0,2026-06-14 08:04:10,1.0000000000000000,0
1410,0310,0,2026-06-14 08:04:10,0.5185762904140669,0
1411,0088,0,2026-06-14 08:04:20,0.2820476460578559,0
1412,0097,0,2026-06-14 08:04:20,0.4445547362450369,0
1413,0104,0,2026-06-14 08:04:20,0.3291264889393080,0
1414,0105,0,2026-06-14 08:04:20,0.1905842314237096,0
1415,0222,0,2026-06-14 08:04:20,0.1188315371525808,1
1416,0262,0,2026-06-14 08:04:20,1.0000000000000000,0
1417,0310,0,2026-06-14 08:04:20,0.5185762904140669,0
1418,0460,0,2026-06-14 08:04:20,0.0545944412932501,0
1419,0097,0,2026-06-14 08:04:30,0.4445547362450369,0
1420,0104,0,2026-06-14 08:04:30,0.3291264889393080,0
1421,0105,0,2026-06-14 08:04:30,0.1905842314237096,0
1422,0222,0,2026-06-14 08:04:30,0.1188315371525808,1
1423,0262,0,2026-06-14 08:04:30,1.0000000000000000,0
1424,0310,0,2026-06-14 08:04:30,0.5185762904140669,0
1425,0460,0,2026-06-14 08:04:30,0.0545944412932501,0
1426,0097,0,2026-06-14 08:04:40,0.4445547362450369,0
1427,0104,0,2026-06-14 08:04:40,0.3291264889393080,0
1428,0105,0,2026-06-14 08:04:40,0.1905842314237096,1
1429,0222,0,2026-06-14 08:04:40,0.1188315371525808,0
1430,0262,0,2026-06-14 08:04:40,1.0000000000000000,0
1431,0310,0,2026-06-14 08:04:40,0.5185762904140669,0
1432,0460,0,2026-06-14 08:04:40,0.0545944412932501,0
1433,0072,0,2026-06-14 08:04:50,0.5185762904140669,0
1434,0097,0,2026-06-14 08:04:50,0.4445547362450369,0
1435,0105,0,2026-06-14 08:04:50,0.1905842314237096,0
1436,0222,0,2026-06-14 08:04:50,0.1188315371525808,0
1437,0262,0,2026-06-14 08:04:50,1.0000000000000000,0
1438,0310,0,2026-06-14 08:04:50,0.5185762904140669,0
1439,0460,0,2026-06-14 08:04:50,0.0545944412932501,0
1440,0072,0,2026-06-14 08:05:00,0.5185762904140669,1
1441,0097,0,2026-06-14 08:05:00,0.4445547362450369,0
1442,0105,0,2026-06-14 08:05:00,0.1905842314237096,0
1443,0222,0,2026-06-14 08:05:00,0.1188315371525808,0
1444,0262,0,2026-06-14 08:05:00,1.0000000000000000,0
1445,0310,0,2026-06-14 08:05:00,0.5185762904140669,0
1446,0460,0,2026-06-14 08:05:00,0.0545944412932501,0
1447,0072,0,2026-06-14 08:05:10,0.5185762904140669,0
1448,0097,0,2026-06-14 08:05:10,0.4445547362450369,0
1449,0105,0,2026-06-14 08:05:10,0.1905842314237096,0
1450,0222,0,2026-06-14 08:05:10,0.1188315371525808,0
1451,0310,0,2026-06-14 08:05:10,0.5185762904140669,0
1452,0323,0,2026-06-14 08:05:10,0.4445547362450369,1
1453,0460,0,2026-06-14 08:05:10,0.0545944412932501,0
1454,0072,0,2026-06-14 08:05:20,0.5185762904140669,0
1455,0076,0,2026-06-14 08:05:20,0.1188315371525808,0
1456,0097,0,2026-06-14 08:05:20,0.4445547362450369,0
1457,0105,0,2026-06-14 08:05:20,0.1905842314237096,0
1458,0222,0,2026-06-14 08:05:20,0.1188315371525808,0
1459,0310,0,2026-06-14 08:05:20,0.5185762904140669,0
1460,0323,0,2026-06-14 08:05:20,0.4445547362450369,1
1461,0460,0,2026-06-14 08:05:20,0.0545944412932501,0
1462,0072,0,2026-06-14 08:05:30,0.5185762904140669,0
1463,0076,0,2026-06-14 08:05:30,0.1188315371525808,1
1464,0097,0,2026-06-14 08:05:30,0.4445547362450369,0
1465,0105,0,2026-06-14 08:05:30,0.1905842314237096,0
1466,0222,0,2026-06-14 08:05:30,0.1188315371525808,0
1467,0310,0,2026-06-14 08:05:30,0.5185762904140669,0
1468,0323,0,2026-06-14 08:05:30,0.4445547362450369,0
1469,0460,0,2026-06-14 08:05:30,0.0545944412932501,0
1470,0072,0,2026-06-14 08:05:40,0.5185762904140669,0
1471,0076,0,2026-06-14 08:05:40,0.1188315371525808,0
1472,0097,0,2026-06-14 08:05:40,0.4445547362450369,0
1473,0105,0,2026-06-14 08:05:40,0.1905842314237096,0
1474,0159,0,2026-06-14 08:05:40,0.2820476460578559,0
1475,0222,0,2026-06-14 08:05:40,0.1188315371525808,0
1476,0323,0,2026-06-14 08:05:40,0.4445547362450369,0
1477,0460,0,2026-06-14 08:05:40,0.0545944412932501,0
1478,0072,0,2026-06-14 08:05:50,0.5185762904140669,0
1479,0076,0,2026-06-14 08:05:50,0.1188315371525808,0
1480,0105,0,2026-06-14 08:05:50,0.1905842314237096,0
1481,0159,0,2026-06-14 08:05:50,0.2820476460578559,0
1482,0222,0,2026-06-14 08:05:50,0.1188315371525808,0
1483,0270,0,2026-06-14 08:05:50,0.5906125921724333,0
1484,0323,0,2026-06-14 08:05:50,0.4445547362450369,0
1485,0460,0,2026-06-14 08:05:50,0.0545944412932501,0
1486,0072,0,2026-06-14 08:06:00,0.5185762904140669,0
1487,0076,0,2026-06-14 08:06:00,0.1188315371525808,0
1488,0105,0,2026-06-14 08:06:00,0.1905842314237096,0
1489,0159,0,2026-06-14 08:06:00,0.2820476460578559,0
1490,0270,0,2026-06-14 08:06:00,0.5906125921724333,0
1491,0323,0,2026-06-14 08:06:00,0.4445547362450369,0
1492,0072,0,2026-06-14 08:06:10,0.5185762904140669,0
1493,0076,0,2026-06-14 08:06:10,0.1188315371525808,0
1494,0105,0,2026-06-14 08:06:10,0.1905842314237096,0
1495,0159,0,2026-06-14 08:06:10,0.2820476460578559,0
1496,0270,0,2026-06-14 08:06:10,0.5906125921724333,1
1497,0323,0,2026-06-14 08:06:10,0.4445547362450369,0
1498,0072,0,2026-06-14 08:06:20,0.5185762904140669,0
1499,0076,0,2026-06-14 08:06:20,0.1188315371525808,0
1500,0159,0,2026-06-14 08:06:20,0.2820476460578559,0
1501,0270,0,2026-06-14 08:06:20,0.5906125921724333,0
1502,0323,0,2026-06-14 08:06:20,0.4445547362450369,0
1503,0076,0,2026-06-14 08:06:30,0.1188315371525808,0
1504,0159,0,2026-06-14 08:06:30,0.2820476460578559,0
1505,0270,0,2026-06-14 08:06:30,0.5906125921724333,0
1506,0323,0,2026-06-14 08:06:30,0.4445547362450369,0
1507,0076,0,2026-06-14 08:06:40,0.1188315371525808,0
1508,0159,0,2026-06-14 08:06:40,0.2820476460578559,0
1509,0270,0,2026-06-14 08:06:40,0.5906125921724333,0
1510,0076,0,2026-06-14 08:06:50,0.1188315371525808,0
1511,0159,0,2026-06-14 08:06:50,0.2820476460578559,0
1512,0270,0,2026-06-14 08:06:50,0.5906125921724333,1
1513,0076,0,2026-06-14 08:07:00,0.1188315371525808,0
1514,0159,0,2026-06-14 08:07:00,0.2820476460578559,0
1515,0270,0,2026-06-14 08:07:00,0.5906125921724333,0
1516,0159,0,2026-06-14 08:07:10,0.2820476460578559,0
1517,0270,0,2026-06-14 08:07:10,0.5906125921724333,0
1518,0159,0,2026-06-14 08:07:20,0.2820476460578559,1
1519,0270,0,2026-06-14 08:07:20,0.5906125921724333,0
1520,0159,0,2026-06-14 08:07:30,0.2820476460578559,0
1521,0270,0,2026-06-14 08:07:30,0.5906125921724333,0
1522,0100,0,2026-06-14 08:10:50,0.2820476460578559,0
1523,0100,0,2026-06-14 08:11:00,0.2820476460578559,0
1524,0100,0,2026-06-14 08:11:10,0.2820476460578559,0
1525,0100,0,2026-06-14 08:11:20,0.2820476460578559,0
1526,0100,0,2026-06-14 08:11:30,0.2820476460578559,0
1527,0100,0,2026-06-14 08:11:40,0.2820476460578559,0
1528,0100,0,2026-06-14 08:11:50,0.2820476460578559,0
1529,0100,0,2026-06-14 08:12:00,0.2820476460578559,0
1530,0100,0,2026-06-14 08:12:10,0.2820476460578559,0
1531,0100,0,2026-06-14 08:12:20,0.2820476460578559,0
1532,0100,0,2026-06-14 08:12:30,0.2820476460578559,0
1533,0100,0,2026-06-14 08:12:40,0.2820476460578559,0
1534,006,0,2026-06-14 08:15:50,0.9119398752127056,0
1535,006,0,2026-06-14 08:16:00,0.9119398752127056,0
1536,0030,0,2026-06-14 08:22:20,0.1905842314237096,0
1537,0030,0,2026-06-14 08:22:30,0.1905842314237096,0
1538,0030,0,2026-06-14 08:22:40,0.1905842314237096,0
1539,0030,0,2026-06-14 08:22:50,0.1905842314237096,0
1540,0030,0,2026-06-14 08:23:00,0.1905842314237096,0
1541,0030,0,2026-06-14 08:23:10,0.1905842314237096,0
1542,0030,0,2026-06-14 08:23:20,0.1905842314237096,0
1543,0030,0,2026-06-14 08:23:30,0.1905842314237096,0
1544,0030,0,2026-06-14 08:23:40,0.1905842314237096,0
1545,0030,0,2026-06-14 08:23:50,0.1905842314237096,0
1546,0030,0,2026-06-14 08:24:00,0.1905842314237096,0
1547,0030,0,2026-06-14 08:24:10,0.1905842314237096,0
1548,0330,0,2026-06-14 09:35:20,0.0545944412932501,0
1549,0330,0,2026-06-14 09:35:30,0.0545944412932501,0
1550,0330,0,2026-06-14 09:35:40,0.0545944412932501,0
1551,0330,0,2026-06-14 09:35:50,0.0545944412932501,0
1552,0330,0,2026-06-14 09:36:00,0.0545944412932501,0
1553,0207,0,2026-06-14 09:36:10,0.5185762904140669,0
1554,0330,0,2026-06-14 09:36:10,0.0545944412932501,1
1555,0207,0,2026-06-14 09:36:20,0.5185762904140669,1
1556,0330,0,2026-06-14 09:36:20,0.0545944412932501,0
1557,0207,0,2026-06-14 09:36:30,0.5185762904140669,1
1558,0330,0,2026-06-14 09:36:30,0.0545944412932501,0
1559,0016,0,2026-06-14 09:36:40,0.4445547362450369,0
1560,0016,0,2026-06-14 09:36:40,0.4445547362450369,0
1561,0016,0,2026-06-14 09:36:40,0.4445547362450369,0
1562,0207,0,2026-06-14 09:36:40,0.5185762904140669,0
1563,0016,0,2026-06-14 09:36:50,0.4445547362450369,0
1564,0016,0,2026-06-14 09:36:50,0.4445547362450369,0
1565,0016,0,2026-06-14 09:36:50,0.4445547362450369,0
1566,0016,0,2026-06-14 09:36:50,0.4445547362450369,0
1567,0178,0,2026-06-14 09:36:50,0.1905842314237096,0
1568,0016,0,2026-06-14 09:37:00,0.4445547362450369,0
1569,0016,0,2026-06-14 09:37:00,0.4445547362450369,0
1570,0016,0,2026-06-14 09:37:00,0.4445547362450369,0
1571,0016,0,2026-06-14 09:37:00,0.4445547362450369,0
1572,0016,0,2026-06-14 09:37:00,0.4445547362450369,0
1573,0178,0,2026-06-14 09:37:00,0.1905842314237096,0
1574,0016,0,2026-06-14 09:37:10,0.4445547362450369,0
1575,0016,0,2026-06-14 09:37:10,0.4445547362450369,0
1576,0016,0,2026-06-14 09:37:10,0.4445547362450369,0
1577,0016,0,2026-06-14 09:37:10,0.4445547362450369,0
1578,0016,0,2026-06-14 09:37:10,0.4445547362450369,0
1579,0016,0,2026-06-14 09:37:10,0.4445547362450369,0
1580,0016,0,2026-06-14 09:37:10,0.4445547362450369,0
1581,0178,0,2026-06-14 09:37:10,0.1905842314237096,0
1582,0016,0,2026-06-14 09:37:20,0.4445547362450369,0
1583,0016,0,2026-06-14 09:37:20,0.4445547362450369,0
1584,0016,0,2026-06-14 09:37:20,0.4445547362450369,0
1585,0016,0,2026-06-14 09:37:20,0.4445547362450369,0
1586,0016,0,2026-06-14 09:37:20,0.4445547362450369,0
1587,0016,0,2026-06-14 09:37:20,0.4445547362450369,0
1588,0016,0,2026-06-14 09:37:20,0.4445547362450369,0
1589,0016,0,2026-06-14 09:37:20,0.4445547362450369,0
1590,0016,0,2026-06-14 09:37:20,0.4445547362450369,0
1591,0178,0,2026-06-14 09:37:20,0.1905842314237096,0
1592,0016,0,2026-06-14 09:37:30,0.4445547362450369,0
1593,0016,0,2026-06-14 09:37:30,0.4445547362450369,0
1594,0016,0,2026-06-14 09:37:30,0.4445547362450369,0
1595,0016,0,2026-06-14 09:37:30,0.4445547362450369,0
1596,0016,0,2026-06-14 09:37:30,0.4445547362450369,0
1597,0016,0,2026-06-14 09:37:30,0.4445547362450369,0
1598,0016,0,2026-06-14 09:37:30,0.4445547362450369,0
1599,0016,0,2026-06-14 09:37:30,0.4445547362450369,0
1600,0178,0,2026-06-14 09:37:30,0.1905842314237096,0
1601,0016,0,2026-06-14 09:37:40,0.4445547362450369,0
1602,0016,0,2026-06-14 09:37:40,0.4445547362450369,0
1603,0016,0,2026-06-14 09:37:40,0.4445547362450369,0
1604,0016,0,2026-06-14 09:37:40,0.4445547362450369,0
1605,0016,0,2026-06-14 09:37:40,0.4445547362450369,0
1606,0016,0,2026-06-14 09:37:40,0.4445547362450369,0
1607,0016,0,2026-06-14 09:37:40,0.4445547362450369,0
1608,0016,0,2026-06-14 09:37:40,0.4445547362450369,0
1609,0178,0,2026-06-14 09:37:40,0.1905842314237096,0
1610,0016,0,2026-06-14 09:37:50,0.4445547362450369,0
1611,0016,0,2026-06-14 09:37:50,0.4445547362450369,0
1612,0016,0,2026-06-14 09:37:50,0.4445547362450369,0
1613,0016,0,2026-06-14 09:37:50,0.4445547362450369,0
1614,0016,0,2026-06-14 09:37:50,0.4445547362450369,0
1615,0016,0,2026-06-14 09:37:50,0.4445547362450369,0
1616,0016,0,2026-06-14 09:37:50,0.4445547362450369,0
1617,0016,0,2026-06-14 09:37:50,0.4445547362450369,0
1618,0178,0,2026-06-14 09:37:50,0.1905842314237096,0
1619,0199,0,2026-06-14 09:37:50,0.1188315371525808,1
1620,0247,0,2026-06-14 09:37:50,0.7765173000567215,0
1621,0247,0,2026-06-14 09:37:50,0.7765173000567215,0
1622,0247,0,2026-06-14 09:37:50,0.7765173000567215,0
1623,0247,0,2026-06-14 09:37:50,0.7765173000567215,0
1624,0285,0,2026-06-14 09:37:50,1.0000000000000000,0
1625,0016,0,2026-06-14 09:38:00,0.4445547362450369,0
1626,0016,0,2026-06-14 09:38:00,0.4445547362450369,0
1627,0016,0,2026-06-14 09:38:00,0.4445547362450369,0
1628,0016,0,2026-06-14 09:38:00,0.4445547362450369,0
1629,0016,0,2026-06-14 09:38:00,0.4445547362450369,0
1630,0178,0,2026-06-14 09:38:00,0.1905842314237096,0
1631,0199,0,2026-06-14 09:38:00,0.1188315371525808,0
1632,0247,0,2026-06-14 09:38:00,0.7765173000567215,0
1633,0247,0,2026-06-14 09:38:00,0.7765173000567215,0
1634,0247,0,2026-06-14 09:38:00,0.7765173000567215,0
1635,0247,0,2026-06-14 09:38:00,0.7765173000567215,0
1636,0247,0,2026-06-14 09:38:00,0.7765173000567215,0
1637,0285,0,2026-06-14 09:38:00,1.0000000000000000,0
1638,0016,0,2026-06-14 09:38:10,0.4445547362450369,0
1639,0016,0,2026-06-14 09:38:10,0.4445547362450369,0
1640,0016,0,2026-06-14 09:38:10,0.4445547362450369,0
1641,0199,0,2026-06-14 09:38:10,0.1188315371525808,0
1642,0247,0,2026-06-14 09:38:10,0.7765173000567215,0
1643,0247,0,2026-06-14 09:38:10,0.7765173000567215,0
1644,0247,0,2026-06-14 09:38:10,0.7765173000567215,0
1645,0247,0,2026-06-14 09:38:10,0.7765173000567215,0
1646,0247,0,2026-06-14 09:38:10,0.7765173000567215,0
1647,0247,0,2026-06-14 09:38:10,0.7765173000567215,0
1648,0276,0,2026-06-14 09:38:10,0.0545944412932501,0
1649,0285,0,2026-06-14 09:38:10,1.0000000000000000,1
1650,0199,0,2026-06-14 09:38:20,0.1188315371525808,0
1651,0247,0,2026-06-14 09:38:20,0.7765173000567215,0
1652,0247,0,2026-06-14 09:38:20,0.7765173000567215,0
1653,0247,0,2026-06-14 09:38:20,0.7765173000567215,0
1654,0247,0,2026-06-14 09:38:20,0.7765173000567215,0
1655,0247,0,2026-06-14 09:38:20,0.7765173000567215,0
1656,0247,0,2026-06-14 09:38:20,0.7765173000567215,0
1657,0247,0,2026-06-14 09:38:20,0.7765173000567215,0
1658,0276,0,2026-06-14 09:38:20,0.0545944412932501,0
1659,0285,0,2026-06-14 09:38:20,1.0000000000000000,0
1660,0199,0,2026-06-14 09:38:30,0.1188315371525808,0
1661,0247,0,2026-06-14 09:38:30,0.7765173000567215,0
1662,0247,0,2026-06-14 09:38:30,0.7765173000567215,0
1663,0247,0,2026-06-14 09:38:30,0.7765173000567215,0
1664,0247,0,2026-06-14 09:38:30,0.7765173000567215,0
1665,0247,0,2026-06-14 09:38:30,0.7765173000567215,0
1666,0247,0,2026-06-14 09:38:30,0.7765173000567215,0
1667,0247,0,2026-06-14 09:38:30,0.7765173000567215,0
1668,0247,0,2026-06-14 09:38:30,0.7765173000567215,0
1669,0285,0,2026-06-14 09:38:30,1.0000000000000000,0
1670,0327,0,2026-06-14 09:38:30,0.9119398752127056,0
1671,0042,0,2026-06-14 09:38:40,0.3291264889393080,0
1672,0134,0,2026-06-14 09:38:40,0.9119398752127056,0
1673,0199,0,2026-06-14 09:38:40,0.1188315371525808,0
1674,0247,0,2026-06-14 09:38:40,0.7765173000567215,0
1675,0247,0,2026-06-14 09:38:40,0.7765173000567215,0
1676,0247,0,2026-06-14 09:38:40,0.7765173000567215,0
1677,0247,0,2026-06-14 09:38:40,0.7765173000567215,0
1678,0247,0,2026-06-14 09:38:40,0.7765173000567215,0
1679,0247,0,2026-06-14 09:38:40,0.7765173000567215,0
1680,0269,0,2026-06-14 09:38:40,0.7765173000567215,0
1681,0285,0,2026-06-14 09:38:40,1.0000000000000000,0
1682,0327,0,2026-06-14 09:38:40,0.9119398752127056,0
1683,0403,0,2026-06-14 09:38:40,0.5185762904140669,0
1684,0412,0,2026-06-14 09:38:40,0.7765173000567215,1
1685,0042,0,2026-06-14 09:38:50,0.3291264889393080,0
1686,0134,0,2026-06-14 09:38:50,0.9119398752127056,0
1687,0155,0,2026-06-14 09:38:50,0.2820476460578559,0
1688,0199,0,2026-06-14 09:38:50,0.1188315371525808,0
1689,0269,0,2026-06-14 09:38:50,0.7765173000567215,1
1690,0285,0,2026-06-14 09:38:50,1.0000000000000000,0
1691,0327,0,2026-06-14 09:38:50,0.9119398752127056,0
1692,0403,0,2026-06-14 09:38:50,0.5185762904140669,0
1693,0412,0,2026-06-14 09:38:50,0.7765173000567215,0
1694,0042,0,2026-06-14 09:39:00,0.3291264889393080,0
1695,0134,0,2026-06-14 09:39:00,0.9119398752127056,0
1696,0155,0,2026-06-14 09:39:00,0.2820476460578559,1
1697,0199,0,2026-06-14 09:39:00,0.1188315371525808,0
1698,0269,0,2026-06-14 09:39:00,0.7765173000567215,0
1699,0285,0,2026-06-14 09:39:00,1.0000000000000000,0
1700,0327,0,2026-06-14 09:39:00,0.9119398752127056,0
1701,0403,0,2026-06-14 09:39:00,0.5185762904140669,0
1702,0412,0,2026-06-14 09:39:00,0.7765173000567215,0
1703,0042,0,2026-06-14 09:39:10,0.3291264889393080,1
1704,0134,0,2026-06-14 09:39:10,0.9119398752127056,0
1705,0155,0,2026-06-14 09:39:10,0.2820476460578559,0
1706,0199,0,2026-06-14 09:39:10,0.1188315371525808,0
1707,0269,0,2026-06-14 09:39:10,0.7765173000567215,0
1708,0285,0,2026-06-14 09:39:10,1.0000000000000000,0
1709,0327,0,2026-06-14 09:39:10,0.9119398752127056,0
1710,0403,0,2026-06-14 09:39:10,0.5185762904140669,0
1711,0412,0,2026-06-14 09:39:10,0.7765173000567215,0
1712,0042,0,2026-06-14 09:39:20,0.3291264889393080,0
1713,0134,0,2026-06-14 09:39:20,0.9119398752127056,0
1714,0155,0,2026-06-14 09:39:20,0.2820476460578559,0
1715,0199,0,2026-06-14 09:39:20,0.1188315371525808,0
1716,0269,0,2026-06-14 09:39:20,0.7765173000567215,0
1717,0285,0,2026-06-14 09:39:20,1.0000000000000000,0
1718,0327,0,2026-06-14 09:39:20,0.9119398752127056,0
1719,0403,0,2026-06-14 09:39:20,0.5185762904140669,0
1720,0412,0,2026-06-14 09:39:20,0.7765173000567215,1
1721,0042,0,2026-06-14 09:39:30,0.3291264889393080,0
1722,0108,0,2026-06-14 09:39:30,0.1905842314237096,0
1723,0134,0,2026-06-14 09:39:30,0.9119398752127056,1
1724,0155,0,2026-06-14 09:39:30,0.2820476460578559,0
1725,0199,0,2026-06-14 09:39:30,0.1188315371525808,0
1726,0269,0,2026-06-14 09:39:30,0.7765173000567215,0
1727,0285,0,2026-06-14 09:39:30,1.0000000000000000,0
1728,0327,0,2026-06-14 09:39:30,0.9119398752127056,0
1729,0403,0,2026-06-14 09:39:30,0.5185762904140669,0
1730,0412,0,2026-06-14 09:39:30,0.7765173000567215,0
1731,0042,0,2026-06-14 09:39:40,0.3291264889393080,0
1732,0108,0,2026-06-14 09:39:40,0.1905842314237096,0
1733,0134,0,2026-06-14 09:39:40,0.9119398752127056,0
1734,0155,0,2026-06-14 09:39:40,0.2820476460578559,0
1735,0269,0,2026-06-14 09:39:40,0.7765173000567215,0
1736,0285,0,2026-06-14 09:39:40,1.0000000000000000,0
1737,0327,0,2026-06-14 09:39:40,0.9119398752127056,0
1738,0403,0,2026-06-14 09:39:40,0.5185762904140669,0
1739,0412,0,2026-06-14 09:39:40,0.7765173000567215,0
1740,0108,0,2026-06-14 09:39:50,0.1905842314237096,0
1741,0269,0,2026-06-14 09:39:50,0.7765173000567215,0
1742,0327,0,2026-06-14 09:39:50,0.9119398752127056,0
1743,0403,0,2026-06-14 09:39:50,0.5185762904140669,1
1744,0412,0,2026-06-14 09:39:50,0.7765173000567215,0
1745,0167,1,2026-06-13 10:29:30,0.4445547362450369,0
1746,0167,1,2026-06-13 10:29:40,0.4445547362450369,0
1747,0167,1,2026-06-13 10:29:50,0.4445547362450369,0
1748,0194,1,2026-06-13 10:29:50,0.5185762904140669,0
1749,0391,1,2026-06-13 10:29:50,0.1905842314237096,0
1750,0167,1,2026-06-13 10:30:00,0.4445547362450369,0
1751,0194,1,2026-06-13 10:30:00,0.5185762904140669,0
1752,0391,1,2026-06-13 10:30:00,0.1905842314237096,0
1753,0167,1,2026-06-13 10:30:10,0.4445547362450369,0
1754,0194,1,2026-06-13 10:30:10,0.5185762904140669,1
1755,0391,1,2026-06-13 10:30:10,0.1905842314237096,0
1756,0167,1,2026-06-13 10:30:20,0.4445547362450369,0
1757,0194,1,2026-06-13 10:30:20,0.5185762904140669,0
1758,0391,1,2026-06-13 10:30:20,0.1905842314237096,0
1759,0167,1,2026-06-13 10:30:30,0.4445547362450369,0
1760,0194,1,2026-06-13 10:30:30,0.5185762904140669,0
1761,0391,1,2026-06-13 10:30:30,0.1905842314237096,0
1762,0167,1,2026-06-13 10:30:40,0.4445547362450369,0
1763,0194,1,2026-06-13 10:30:40,0.5185762904140669,0
1764,0391,1,2026-06-13 10:30:40,0.1905842314237096,0
1765,0167,1,2026-06-13 10:30:50,0.4445547362450369,0
1766,0194,1,2026-06-13 10:30:50,0.5185762904140669,0
1767,0391,1,2026-06-13 10:30:50,0.1905842314237096,0
1768,0167,1,2026-06-13 10:31:00,0.4445547362450369,0
1769,0194,1,2026-06-13 10:31:00,0.5185762904140669,0
1770,0391,1,2026-06-13 10:31:00,0.1905842314237096,0
1771,0167,1,2026-06-13 10:31:10,0.4445547362450369,1
1772,0194,1,2026-06-13 10:31:10,0.5185762904140669,0
1773,0391,1,2026-06-13 10:31:10,0.1905842314237096,0
1774,0194,1,2026-06-13 10:31:20,0.5185762904140669,0
1775,0391,1,2026-06-13 10:31:20,0.1905842314237096,0
1776,0194,1,2026-06-13 10:31:30,0.5185762904140669,0
1777,0391,1,2026-06-13 10:31:30,0.1905842314237096,1
1778,0194,1,2026-06-13 10:31:40,0.5185762904140669,0
1779,0391,1,2026-06-13 10:31:40,0.1905842314237096,1
1780,0114,1,2026-06-13 10:33:20,0.1188315371525808,0
1781,0114,1,2026-06-13 10:33:30,0.1188315371525808,0
1782,0114,1,2026-06-13 10:33:40,0.1188315371525808,0
1783,0114,1,2026-06-13 10:33:50,0.1188315371525808,1
1784,0114,1,2026-06-13 10:34:00,0.1188315371525808,1
1785,0114,1,2026-06-13 10:34:10,0.1188315371525808,0
1786,0114,1,2026-06-13 10:34:20,0.1188315371525808,0
1787,0311,1,2026-06-13 10:34:20,0.5185762904140669,0
1788,0311,1,2026-06-13 10:34:20,0.5185762904140669,0
1789,0311,1,2026-06-13 10:34:20,0.5185762904140669,0
1790,0311,1,2026-06-13 10:34:20,0.5185762904140669,0
1791,0311,1,2026-06-13 10:34:20,0.5185762904140669,0
1792,0357,1,2026-06-13 10:34:20,0.1905842314237096,0
1793,0357,1,2026-06-13 10:34:20,0.1905842314237096,0
1794,0357,1,2026-06-13 10:34:20,0.1905842314237096,0
1795,0357,1,2026-06-13 10:34:20,0.1905842314237096,0
1796,0357,1,2026-06-13 10:34:20,0.1905842314237096,0
1797,0357,1,2026-06-13 10:34:20,0.1905842314237096,0
1798,0357,1,2026-06-13 10:34:20,0.1905842314237096,0
1799,0114,1,2026-06-13 10:34:30,0.1188315371525808,0
1800,0311,1,2026-06-13 10:34:30,0.5185762904140669,0
1801,0311,1,2026-06-13 10:34:30,0.5185762904140669,0
1802,0311,1,2026-06-13 10:34:30,0.5185762904140669,0
1803,0311,1,2026-06-13 10:34:30,0.5185762904140669,0
1804,0311,1,2026-06-13 10:34:30,0.5185762904140669,0
1805,0311,1,2026-06-13 10:34:30,0.5185762904140669,0
1806,0357,1,2026-06-13 10:34:30,0.1905842314237096,0
1807,0357,1,2026-06-13 10:34:30,0.1905842314237096,0
1808,0357,1,2026-06-13 10:34:30,0.1905842314237096,0
1809,0357,1,2026-06-13 10:34:30,0.1905842314237096,0
1810,0357,1,2026-06-13 10:34:30,0.1905842314237096,0
1811,0357,1,2026-06-13 10:34:30,0.1905842314237096,0
1812,0114,1,2026-06-13 10:34:40,0.1188315371525808,0
1813,0311,1,2026-06-13 10:34:40,0.5185762904140669,0
1814,0311,1,2026-06-13 10:34:40,0.5185762904140669,0
1815,0311,1,2026-06-13 10:34:40,0.5185762904140669,0
1816,0311,1,2026-06-13 10:34:40,0.5185762904140669,0
1817,0311,1,2026-06-13 10:34:40,0.5185762904140669,0
1818,0357,1,2026-06-13 10:34:40,0.1905842314237096,0
1819,0357,1,2026-06-13 10:34:40,0.1905842314237096,0
1820,0357,1,2026-06-13 10:34:40,0.1905842314237096,0
1821,0357,1,2026-06-13 10:34:40,0.1905842314237096,0
1822,0357,1,2026-06-13 10:34:40,0.1905842314237096,0
1823,0493,1,2026-06-13 10:34:40,0.4445547362450369,0
1824,0114,1,2026-06-13 10:34:50,0.1188315371525808,0
1825,0311,1,2026-06-13 10:34:50,0.5185762904140669,0
1826,0311,1,2026-06-13 10:34:50,0.5185762904140669,0
1827,0311,1,2026-06-13 10:34:50,0.5185762904140669,0
1828,0311,1,2026-06-13 10:34:50,0.5185762904140669,0
1829,0311,1,2026-06-13 10:34:50,0.5185762904140669,0
1830,0357,1,2026-06-13 10:34:50,0.1905842314237096,0
1831,0357,1,2026-06-13 10:34:50,0.1905842314237096,0
1832,0357,1,2026-06-13 10:34:50,0.1905842314237096,0
1833,0357,1,2026-06-13 10:34:50,0.1905842314237096,0
1834,0357,1,2026-06-13 10:34:50,0.1905842314237096,0
1835,0493,1,2026-06-13 10:34:50,0.4445547362450369,0
1836,0311,1,2026-06-13 10:35:00,0.5185762904140669,0
1837,0311,1,2026-06-13 10:35:00,0.5185762904140669,0
1838,0311,1,2026-06-13 10:35:00,0.5185762904140669,0
1839,0311,1,2026-06-13 10:35:00,0.5185762904140669,0
1840,0311,1,2026-06-13 10:35:00,0.5185762904140669,0
1841,0357,1,2026-06-13 10:35:00,0.1905842314237096,0
1842,0357,1,2026-06-13 10:35:00,0.1905842314237096,0
1843,0357,1,2026-06-13 10:35:00,0.1905842314237096,0
1844,0357,1,2026-06-13 10:35:00,0.1905842314237096,0
1845,0493,1,2026-06-13 10:35:00,0.4445547362450369,0
1846,0311,1,2026-06-13 10:35:10,0.5185762904140669,0
1847,0311,1,2026-06-13 10:35:10,0.5185762904140669,0
1848,0311,1,2026-06-13 10:35:10,0.5185762904140669,0
1849,0311,1,2026-06-13 10:35:10,0.5185762904140669,0
1850,0357,1,2026-06-13 10:35:10,0.1905842314237096,0
1851,0357,1,2026-06-13 10:35:10,0.1905842314237096,0
1852,0357,1,2026-06-13 10:35:10,0.1905842314237096,0
1853,0357,1,2026-06-13 10:35:10,0.1905842314237096,0
1854,0493,1,2026-06-13 10:35:10,0.4445547362450369,0
1855,0311,1,2026-06-13 10:35:20,0.5185762904140669,0
1856,0311,1,2026-06-13 10:35:20,0.5185762904140669,0
1857,0311,1,2026-06-13 10:35:20,0.5185762904140669,0
1858,0311,1,2026-06-13 10:35:20,0.5185762904140669,0
1859,0357,1,2026-06-13 10:35:20,0.1905842314237096,0
1860,0357,1,2026-06-13 10:35:20,0.1905842314237096,1
1861,0357,1,2026-06-13 10:35:20,0.1905842314237096,0
1862,0357,1,2026-06-13 10:35:20,0.1905842314237096,0
1863,0493,1,2026-06-13 10:35:20,0.4445547362450369,0
1864,0311,1,2026-06-13 10:35:30,0.5185762904140669,0
1865,0311,1,2026-06-13 10:35:30,0.5185762904140669,1
1866,0311,1,2026-06-13 10:35:30,0.5185762904140669,0
1867,0311,1,2026-06-13 10:35:30,0.5185762904140669,0
1868,0357,1,2026-06-13 10:35:30,0.1905842314237096,0
1869,0357,1,2026-06-13 10:35:30,0.1905842314237096,0
1870,0357,1,2026-06-13 10:35:30,0.1905842314237096,0
1871,0357,1,2026-06-13 10:35:30,0.1905842314237096,0
1872,0493,1,2026-06-13 10:35:30,0.4445547362450369,0
1873,0311,1,2026-06-13 10:35:40,0.5185762904140669,0
1874,0311,1,2026-06-13 10:35:40,0.5185762904140669,0
1875,0311,1,2026-06-13 10:35:40,0.5185762904140669,0
1876,0311,1,2026-06-13 10:35:40,0.5185762904140669,0
1877,0311,1,2026-06-13 10:35:40,0.5185762904140669,0
1878,0357,1,2026-06-13 10:35:40,0.1905842314237096,0
1879,0357,1,2026-06-13 10:35:40,0.1905842314237096,0
1880,0357,1,2026-06-13 10:35:40,0.1905842314237096,0
1881,0357,1,2026-06-13 10:35:40,0.1905842314237096,0
1882,0357,1,2026-06-13 10:35:40,0.1905842314237096,0
1883,0493,1,2026-06-13 10:35:40,0.4445547362450369,0
1884,0311,1,2026-06-13 10:35:50,0.5185762904140669,0
1885,0311,1,2026-06-13 10:35:50,0.5185762904140669,0
1886,0311,1,2026-06-13 10:35:50,0.5185762904140669,0
1887,0311,1,2026-06-13 10:35:50,0.5185762904140669,0
1888,0357,1,2026-06-13 10:35:50,0.1905842314237096,1
1889,0357,1,2026-06-13 10:35:50,0.1905842314237096,0
1890,0357,1,2026-06-13 10:35:50,0.1905842314237096,0
1891,0357,1,2026-06-13 10:35:50,0.1905842314237096,0
1892,0493,1,2026-06-13 10:35:50,0.4445547362450369,0
1893,0311,1,2026-06-13 10:36:00,0.5185762904140669,1
1894,0311,1,2026-06-13 10:36:00,0.5185762904140669,0
1895,0311,1,2026-06-13 10:36:00,0.5185762904140669,0
1896,0311,1,2026-06-13 10:36:00,0.5185762904140669,0
1897,0493,1,2026-06-13 10:36:00,0.4445547362450369,0
1898,0496,1,2026-06-13 10:36:00,0.1188315371525808,0
1899,0066,1,2026-06-13 10:36:10,0.3291264889393080,0
1900,0311,1,2026-06-13 10:36:10,0.5185762904140669,0
1901,0311,1,2026-06-13 10:36:10,0.5185762904140669,0
1902,0311,1,2026-06-13 10:36:10,0.5185762904140669,0
1903,0496,1,2026-06-13 10:36:10,0.1188315371525808,0
1904,0066,1,2026-06-13 10:36:20,0.3291264889393080,0
1905,0496,1,2026-06-13 10:36:20,0.1188315371525808,0
1906,0066,1,2026-06-13 10:36:30,0.3291264889393080,0
1907,0496,1,2026-06-13 10:36:30,0.1188315371525808,0
1908,0066,1,2026-06-13 10:36:40,0.3291264889393080,0
1909,0496,1,2026-06-13 10:36:40,0.1188315371525808,0
1910,0066,1,2026-06-13 10:36:50,0.3291264889393080,0
1911,0496,1,2026-06-13 10:36:50,0.1188315371525808,0
1912,0066,1,2026-06-13 10:37:00,0.3291264889393080,0
1913,0496,1,2026-06-13 10:37:00,0.1188315371525808,0
1914,0066,1,2026-06-13 10:37:10,0.3291264889393080,0
1915,0496,1,2026-06-13 10:37:10,0.1188315371525808,0
1916,0066,1,2026-06-13 10:37:20,0.3291264889393080,0
1917,0496,1,2026-06-13 10:37:20,0.1188315371525808,0
1918,0066,1,2026-06-13 10:37:30,0.3291264889393080,0
1919,0496,1,2026-06-13 10:37:30,0.1188315371525808,0
1920,0066,1,2026-06-13 10:37:40,0.3291264889393080,0
1921,0496,1,2026-06-13 10:37:40,0.1188315371525808,0
1922,0066,1,2026-06-13 10:37:50,0.3291264889393080,0
1923,0066,1,2026-06-13 10:38:00,0.3291264889393080,0
1924,0212,1,2026-06-13 10:41:10,0.9119398752127056,0
1925,0212,1,2026-06-13 10:41:20,0.9119398752127056,0
1926,0212,1,2026-06-13 10:41:30,0.9119398752127056,0
1927,0212,1,2026-06-13 10:41:40,0.9119398752127056,0
1928,0212,1,2026-06-13 10:41:50,0.9119398752127056,0
1929,0212,1,2026-06-13 10:42:00,0.9119398752127056,1
1930,0404,1,2026-06-13 10:42:00,0.4445547362450369,0
1931,0404,1,2026-06-13 10:42:00,0.4445547362450369,0
1932,0212,1,2026-06-13 10:42:10,0.9119398752127056,0
1933,0404,1,2026-06-13 10:42:10,0.4445547362450369,0
1934,0404,1,2026-06-13 10:42:20,0.4445547362450369,0
1935,0404,1,2026-06-13 10:42:30,0.4445547362450369,0
1936,0404,1,2026-06-13 10:42:30,0.4445547362450369,0
1937,0404,1,2026-06-13 10:42:40,0.4445547362450369,0
1938,0404,1,2026-06-13 10:42:40,0.4445547362450369,0
1939,0404,1,2026-06-13 10:42:50,0.4445547362450369,0
1940,0404,1,2026-06-13 10:42:50,0.4445547362450369,0
1941,0404,1,2026-06-13 10:43:00,0.4445547362450369,0
1942,0404,1,2026-06-13 10:43:00,0.4445547362450369,0
1943,0404,1,2026-06-13 10:43:10,0.4445547362450369,0
1944,0404,1,2026-06-13 10:43:10,0.4445547362450369,0
1945,0404,1,2026-06-13 10:43:20,0.4445547362450369,0
1946,0404,1,2026-06-13 10:43:30,0.4445547362450369,0
1947,0404,1,2026-06-13 10:43:40,0.4445547362450369,0
1948,0404,1,2026-06-13 10:43:40,0.4445547362450369,0
1949,0381,1,2026-06-13 12:24:50,1.0000000000000000,0
1950,0381,1,2026-06-13 12:25:00,1.0000000000000000,0
1951,0381,1,2026-06-13 12:25:10,1.0000000000000000,0
1952,0381,1,2026-06-13 12:25:20,1.0000000000000000,0
1953,0381,1,2026-06-13 12:25:30,1.0000000000000000,0
1954,0381,1,2026-06-13 12:25:40,1.0000000000000000,0
1955,0381,1,2026-06-13 12:25:50,1.0000000000000000,0
1956,0381,1,2026-06-13 12:26:00,1.0000000000000000,0
1957,0381,1,2026-06-13 12:26:10,1.0000000000000000,0
1958,0381,1,2026-06-13 12:26:20,1.0000000000000000,0
1959,0381,1,2026-06-13 12:26:30,1.0000000000000000,1
1960,0132,1,2026-06-13 12:28:50,0.4445547362450369,0
1961,0106,1,2026-06-13 12:29:00,0.2820476460578559,0
1962,0132,1,2026-06-13 12:29:00,0.4445547362450369,0
1963,0106,1,2026-06-13 12:29:10,0.2820476460578559,0
1964,0132,1,2026-06-13 12:29:10,0.4445547362450369,0
1965,0106,1,2026-06-13 12:29:20,0.2820476460578559,0
1966,0132,1,2026-06-13 12:29:20,0.4445547362450369,1
1967,0106,1,2026-06-13 12:29:30,0.2820476460578559,0
1968,0132,1,2026-06-13 12:29:30,0.4445547362450369,0
1969,0106,1,2026-06-13 12:29:40,0.2820476460578559,0
1970,0132,1,2026-06-13 12:29:40,0.4445547362450369,0
1971,0287,1,2026-06-13 12:29:40,0.2820476460578559,0
1972,0106,1,2026-06-13 12:29:50,0.2820476460578559,0
1973,0132,1,2026-06-13 12:29:50,0.4445547362450369,0
1974,0287,1,2026-06-13 12:29:50,0.2820476460578559,0
1975,0106,1,2026-06-13 12:30:00,0.2820476460578559,0
1976,0132,1,2026-06-13 12:30:00,0.4445547362450369,0
1977,0258,1,2026-06-13 12:30:00,0.3291264889393080,0
1978,0287,1,2026-06-13 12:30:00,0.2820476460578559,0
1979,0106,1,2026-06-13 12:30:10,0.2820476460578559,0
1980,0132,1,2026-06-13 12:30:10,0.4445547362450369,0
1981,0258,1,2026-06-13 12:30:10,0.3291264889393080,0
1982,0287,1,2026-06-13 12:30:10,0.2820476460578559,0
1983,0106,1,2026-06-13 12:30:20,0.2820476460578559,0
1984,0132,1,2026-06-13 12:30:20,0.4445547362450369,0
1985,0258,1,2026-06-13 12:30:20,0.3291264889393080,0
1986,0287,1,2026-06-13 12:30:20,0.2820476460578559,0
1987,0106,1,2026-06-13 12:30:30,0.2820476460578559,0
1988,0132,1,2026-06-13 12:30:30,0.4445547362450369,0
1989,0258,1,2026-06-13 12:30:30,0.3291264889393080,0
1990,0287,1,2026-06-13 12:30:30,0.2820476460578559,0
1991,0106,1,2026-06-13 12:30:40,0.2820476460578559,0
1992,0258,1,2026-06-13 12:30:40,0.3291264889393080,1
1993,0287,1,2026-06-13 12:30:40,0.2820476460578559,0
1994,0106,1,2026-06-13 12:30:50,0.2820476460578559,0
1995,0258,1,2026-06-13 12:30:50,0.3291264889393080,0
1996,0287,1,2026-06-13 12:30:50,0.2820476460578559,0
1997,0258,1,2026-06-13 12:31:00,0.3291264889393080,0
1998,0287,1,2026-06-13 12:31:00,0.2820476460578559,0
1999,0258,1,2026-06-13 12:31:10,0.3291264889393080,1
2000,0287,1,2026-06-13 12:31:10,0.2820476460578559,0
2001,0258,1,2026-06-13 12:31:20,0.3291264889393080,0
2002,0491,1,2026-06-13 12:31:40,0.3291264889393080,0
2003,0491,1,2026-06-13 12:31:50,0.3291264889393080,0
2004,0491,1,2026-06-13 12:32:00,0.3291264889393080,0
2005,0491,1,2026-06-13 12:32:10,0.3291264889393080,1
2006,0491,1,2026-06-13 12:32:20,0.3291264889393080,0
2007,0491,1,2026-06-13 12:32:30,0.3291264889393080,0
2008,0491,1,2026-06-13 12:32:40,0.3291264889393080,0
2009,0210,1,2026-06-13 14:11:10,0.9119398752127056,0
2010,0210,1,2026-06-13 14:11:20,0.9119398752127056,0
2011,0210,1,2026-06-13 14:11:30,0.9119398752127056,0
2012,0399,1,2026-06-13 14:11:30,0.5185762904140669,1
2013,0210,1,2026-06-13 14:11:40,0.9119398752127056,0
2014,0399,1,2026-06-13 14:11:40,0.5185762904140669,0
2015,0210,1,2026-06-13 14:11:50,0.9119398752127056,0
2016,0399,1,2026-06-13 14:11:50,0.5185762904140669,0
2017,0210,1,2026-06-13 14:12:00,0.9119398752127056,0
2018,0399,1,2026-06-13 14:12:00,0.5185762904140669,0
2019,0210,1,2026-06-13 14:12:10,0.9119398752127056,0
2020,0399,1,2026-06-13 14:12:10,0.5185762904140669,0
2021,0210,1,2026-06-13 14:12:20,0.9119398752127056,0
2022,0210,1,2026-06-13 14:12:30,0.9119398752127056,0
2023,0210,1,2026-06-13 14:12:40,0.9119398752127056,0
2024,0210,1,2026-06-13 14:12:50,0.9119398752127056,1
2025,0079,1,2026-06-13 15:07:10,0.4445547362450369,0
2026,0079,1,2026-06-13 15:07:20,0.4445547362450369,0
2027,0079,1,2026-06-13 15:07:30,0.4445547362450369,0
2028,0079,1,2026-06-13 15:07:40,0.4445547362450369,0
2029,0079,1,2026-06-13 15:07:50,0.4445547362450369,0
2030,0079,1,2026-06-13 15:08:00,0.4445547362450369,0
2031,0079,1,2026-06-13 15:08:10,0.4445547362450369,0
2032,0079,1,2026-06-13 15:08:20,0.4445547362450369,0
2033,0079,1,2026-06-13 15:08:30,0.4445547362450369,0
2034,0079,1,2026-06-13 15:08:40,0.4445547362450369,0
2035,0079,1,2026-06-13 15:08:50,0.4445547362450369,0
2036,0079,1,2026-06-13 15:09:00,0.4445547362450369,1
2037,0149,1,2026-06-13 15:28:20,0.6381168462847420,0
2038,0149,1,2026-06-13 15:28:30,0.6381168462847420,0
2039,0149,1,2026-06-13 15:28:40,0.6381168462847420,0
2040,0149,1,2026-06-13 15:28:50,0.6381168462847420,0
2041,0149,1,2026-06-13 15:29:00,0.6381168462847420,1
2042,0149,1,2026-06-13 15:29:10,0.6381168462847420,0
2043,0055,1,2026-06-13 15:29:30,0.7765173000567215,0
2044,0055,1,2026-06-13 15:29:40,0.7765173000567215,0
2045,0055,1,2026-06-13 15:29:50,0.7765173000567215,0
2046,0055,1,2026-06-13 15:30:00,0.7765173000567215,0
2047,0055,1,2026-06-13 15:30:10,0.7765173000567215,0
2048,0055,1,2026-06-13 15:30:20,0.7765173000567215,0
2049,0055,1,2026-06-13 15:30:30,0.7765173000567215,1
2050,0055,1,2026-06-13 15:30:40,0.7765173000567215,0
2051,0366,1,2026-06-13 15:30:50,1.0000000000000000,1
2052,0366,1,2026-06-13 15:30:50,1.0000000000000000,0
2053,0366,1,2026-06-13 15:30:50,1.0000000000000000,0
2054,0366,1,2026-06-13 15:30:50,1.0000000000000000,0
2055,0366,1,2026-06-13 15:30:50,1.0000000000000000,0
2056,0432,1,2026-06-13 15:30:50,1.0000000000000000,0
2057,0432,1,2026-06-13 15:30:50,1.0000000000000000,0
2058,0432,1,2026-06-13 15:30:50,1.0000000000000000,0
2059,0171,1,2026-06-13 15:31:00,0.0545944412932501,0
2060,0366,1,2026-06-13 15:31:00,1.0000000000000000,0
2061,0366,1,2026-06-13 15:31:00,1.0000000000000000,0
2062,0366,1,2026-06-13 15:31:00,1.0000000000000000,0
2063,0366,1,2026-06-13 15:31:00,1.0000000000000000,0
2064,0366,1,2026-06-13 15:31:00,1.0000000000000000,0
2065,0366,1,2026-06-13 15:31:00,1.0000000000000000,0
2066,0432,1,2026-06-13 15:31:00,1.0000000000000000,0
2067,0432,1,2026-06-13 15:31:00,1.0000000000000000,0
2068,0432,1,2026-06-13 15:31:00,1.0000000000000000,0
2069,0432,1,2026-06-13 15:31:00,1.0000000000000000,0
2070,0171,1,2026-06-13 15:31:10,0.0545944412932501,1
2071,0366,1,2026-06-13 15:31:10,1.0000000000000000,0
2072,0366,1,2026-06-13 15:31:10,1.0000000000000000,0
2073,0366,1,2026-06-13 15:31:10,1.0000000000000000,0
2074,0366,1,2026-06-13 15:31:10,1.0000000000000000,0
2075,0366,1,2026-06-13 15:31:10,1.0000000000000000,0
2076,0366,1,2026-06-13 15:31:10,1.0000000000000000,0
2077,0432,1,2026-06-13 15:31:10,1.0000000000000000,0
2078,0432,1,2026-06-13 15:31:10,1.0000000000000000,0
2079,0432,1,2026-06-13 15:31:10,1.0000000000000000,0
2080,0432,1,2026-06-13 15:31:10,1.0000000000000000,0
2081,0432,1,2026-06-13 15:31:10,1.0000000000000000,0
2082,0432,1,2026-06-13 15:31:10,1.0000000000000000,0
2083,0171,1,2026-06-13 15:31:20,0.0545944412932501,0
2084,0432,1,2026-06-13 15:31:20,1.0000000000000000,0
2085,0432,1,2026-06-13 15:31:20,1.0000000000000000,0
2086,0432,1,2026-06-13 15:31:20,1.0000000000000000,0
2087,0432,1,2026-06-13 15:31:20,1.0000000000000000,0
2088,0432,1,2026-06-13 15:31:20,1.0000000000000000,0
2089,0432,1,2026-06-13 15:31:20,1.0000000000000000,0
2090,0432,1,2026-06-13 15:31:20,1.0000000000000000,0
2091,0171,1,2026-06-13 15:31:30,0.0545944412932501,0
2092,0432,1,2026-06-13 15:31:30,1.0000000000000000,0
2093,0432,1,2026-06-13 15:31:30,1.0000000000000000,0
2094,0432,1,2026-06-13 15:31:30,1.0000000000000000,0
2095,0432,1,2026-06-13 15:31:30,1.0000000000000000,0
2096,0432,1,2026-06-13 15:31:30,1.0000000000000000,0
2097,0432,1,2026-06-13 15:31:30,1.0000000000000000,0
2098,0171,1,2026-06-13 15:31:40,0.0545944412932501,0
2099,0432,1,2026-06-13 15:31:40,1.0000000000000000,0
2100,0432,1,2026-06-13 15:31:40,1.0000000000000000,1
2101,0432,1,2026-06-13 15:31:40,1.0000000000000000,0
2102,0432,1,2026-06-13 15:31:40,1.0000000000000000,0
2103,0432,1,2026-06-13 15:31:40,1.0000000000000000,0
2104,0171,1,2026-06-13 15:31:50,0.0545944412932501,0
2105,0432,1,2026-06-13 15:31:50,1.0000000000000000,0
2106,0432,1,2026-06-13 15:31:50,1.0000000000000000,0
2107,0432,1,2026-06-13 15:31:50,1.0000000000000000,0
2108,0432,1,2026-06-13 15:31:50,1.0000000000000000,0
2109,0432,1,2026-06-13 15:31:50,1.0000000000000000,0
2110,0171,1,2026-06-13 15:32:00,0.0545944412932501,0
2111,0432,1,2026-06-13 15:32:00,1.0000000000000000,0
2112,0432,1,2026-06-13 15:32:00,1.0000000000000000,0
2113,0432,1,2026-06-13 15:32:00,1.0000000000000000,0
2114,0432,1,2026-06-13 15:32:00,1.0000000000000000,0
2115,0432,1,2026-06-13 15:32:00,1.0000000000000000,0
2116,0432,1,2026-06-13 15:32:00,1.0000000000000000,0
2117,0171,1,2026-06-13 15:32:10,0.0545944412932501,0
2118,0432,1,2026-06-13 15:32:10,1.0000000000000000,1
2119,0432,1,2026-06-13 15:32:10,1.0000000000000000,0
2120,0432,1,2026-06-13 15:32:10,1.0000000000000000,0
2121,0432,1,2026-06-13 15:32:10,1.0000000000000000,0
2122,0432,1,2026-06-13 15:32:10,1.0000000000000000,0
2123,0432,1,2026-06-13 15:32:10,1.0000000000000000,0
2124,0171,1,2026-06-13 15:32:20,0.0545944412932501,0
2125,0422,1,2026-06-13 15:32:20,0.2820476460578559,0
2126,0432,1,2026-06-13 15:32:20,1.0000000000000000,0
2127,0432,1,2026-06-13 15:32:20,1.0000000000000000,0
2128,0432,1,2026-06-13 15:32:20,1.0000000000000000,0
2129,0432,1,2026-06-13 15:32:20,1.0000000000000000,0
2130,0432,1,2026-06-13 15:32:20,1.0000000000000000,0
2131,0171,1,2026-06-13 15:32:30,0.0545944412932501,0
2132,0422,1,2026-06-13 15:32:30,0.2820476460578559,0
2133,0432,1,2026-06-13 15:32:30,1.0000000000000000,0
2134,0432,1,2026-06-13 15:32:30,1.0000000000000000,0
2135,0432,1,2026-06-13 15:32:30,1.0000000000000000,0
2136,0432,1,2026-06-13 15:32:30,1.0000000000000000,0
2137,0432,1,2026-06-13 15:32:30,1.0000000000000000,0
2138,0171,1,2026-06-13 15:32:40,0.0545944412932501,0
2139,0422,1,2026-06-13 15:32:40,0.2820476460578559,0
2140,0432,1,2026-06-13 15:32:40,1.0000000000000000,0
2141,0432,1,2026-06-13 15:32:40,1.0000000000000000,0
2142,0432,1,2026-06-13 15:32:40,1.0000000000000000,0
2143,0171,1,2026-06-13 15:32:50,0.0545944412932501,0
2144,0422,1,2026-06-13 15:32:50,0.2820476460578559,0
2145,0422,1,2026-06-13 15:33:00,0.2820476460578559,0
2146,0422,1,2026-06-13 15:33:10,0.2820476460578559,0
2147,0422,1,2026-06-13 15:33:20,0.2820476460578559,0
2148,0427,1,2026-06-13 15:33:20,0.1188315371525808,0
2149,0422,1,2026-06-13 15:33:30,0.2820476460578559,0
2150,0427,1,2026-06-13 15:33:30,0.1188315371525808,0
2151,0422,1,2026-06-13 15:33:40,0.2820476460578559,0
2152,0427,1,2026-06-13 15:33:40,0.1188315371525808,0
2153,0422,1,2026-06-13 15:33:50,0.2820476460578559,0
2154,0427,1,2026-06-13 15:33:50,0.1188315371525808,0
2155,0427,1,2026-06-13 15:34:00,0.1188315371525808,0
2156,0427,1,2026-06-13 15:34:10,0.1188315371525808,0
2157,0130,1,2026-06-13 15:36:20,0.0545944412932501,0
2158,0130,1,2026-06-13 15:36:30,0.0545944412932501,0
2159,0130,1,2026-06-13 15:36:40,0.0545944412932501,0
2160,0130,1,2026-06-13 15:36:50,0.0545944412932501,0
2161,0130,1,2026-06-13 15:37:00,0.0545944412932501,0
2162,0103,1,2026-06-13 15:37:10,1.0000000000000000,1
2163,0130,1,2026-06-13 15:37:10,0.0545944412932501,0
2164,0103,1,2026-06-13 15:37:20,1.0000000000000000,0
2165,0130,1,2026-06-13 15:37:20,0.0545944412932501,0
2166,0103,1,2026-06-13 15:37:30,1.0000000000000000,0
2167,0130,1,2026-06-13 15:37:30,0.0545944412932501,0
2168,0103,1,2026-06-13 15:37:40,1.0000000000000000,0
2169,0130,1,2026-06-13 15:37:40,0.0545944412932501,0
2170,0103,1,2026-06-13 15:37:50,1.0000000000000000,0
2171,0130,1,2026-06-13 15:37:50,0.0545944412932501,0
2172,0103,1,2026-06-13 15:38:00,1.0000000000000000,0
2173,0130,1,2026-06-13 15:38:00,0.0545944412932501,0
2174,0103,1,2026-06-13 15:38:10,1.0000000000000000,0
2175,0130,1,2026-06-13 15:38:10,0.0545944412932501,0
2176,0010,1,2026-06-13 15:38:20,0.2820476460578559,0
2177,0103,1,2026-06-13 15:38:20,1.0000000000000000,0
2178,0010,1,2026-06-13 15:38:30,0.2820476460578559,0
2179,0103,1,2026-06-13 15:38:30,1.0000000000000000,0
2180,0010,1,2026-06-13 15:38:40,0.2820476460578559,0
2181,0103,1,2026-06-13 15:38:40,1.0000000000000000,0
2182,0010,1,2026-06-13 15:38:50,0.2820476460578559,0
2183,0103,1,2026-06-13 15:38:50,1.0000000000000000,0
2184,0010,1,2026-06-13 15:39:00,0.2820476460578559,0
2185,0010,1,2026-06-13 15:39:10,0.2820476460578559,1
2186,0466,1,2026-06-13 16:45:50,0.6381168462847420,0
2187,0466,1,2026-06-13 16:46:00,0.6381168462847420,0
2188,0059,1,2026-06-13 16:46:10,0.7765173000567215,0
2189,0466,1,2026-06-13 16:46:10,0.6381168462847420,0
2190,0059,1,2026-06-13 16:46:20,0.7765173000567215,0
2191,0466,1,2026-06-13 16:46:20,0.6381168462847420,0
2192,0059,1,2026-06-13 16:46:30,0.7765173000567215,0
2193,0466,1,2026-06-13 16:46:30,0.6381168462847420,0
2194,0059,1,2026-06-13 16:46:40,0.7765173000567215,0
2195,0466,1,2026-06-13 16:46:40,0.6381168462847420,0
2196,0466,1,2026-06-13 16:46:50,0.6381168462847420,0
2197,0466,1,2026-06-13 16:47:00,0.6381168462847420,0
2198,0466,1,2026-06-13 16:47:10,0.6381168462847420,0
2199,0466,1,2026-06-13 16:47:20,0.6381168462847420,0
2200,0466,1,2026-06-13 16:47:30,0.6381168462847420,0
2201,0466,1,2026-06-13 16:47:40,0.6381168462847420,0
2202,0263,1,2026-06-13 17:08:00,0.2820476460578559,0
2203,0263,1,2026-06-13 17:08:10,0.2820476460578559,0
2204,0333,1,2026-06-13 17:08:10,0.5906125921724333,0
2205,0263,1,2026-06-13 17:08:20,0.2820476460578559,0
2206,0333,1,2026-06-13 17:08:20,0.5906125921724333,0
2207,0263,1,2026-06-13 17:08:30,0.2820476460578559,0
2208,0333,1,2026-06-13 17:08:30,0.5906125921724333,0
2209,0263,1,2026-06-13 17:08:40,0.2820476460578559,0
2210,0333,1,2026-06-13 17:08:40,0.5906125921724333,0
2211,0263,1,2026-06-13 17:08:50,0.2820476460578559,0
2212,0333,1,2026-06-13 17:08:50,0.5906125921724333,0
2213,0263,1,2026-06-13 17:09:00,0.2820476460578559,0
2214,0333,1,2026-06-13 17:09:00,0.5906125921724333,0
2215,0263,1,2026-06-13 17:09:10,0.2820476460578559,0
2216,0333,1,2026-06-13 17:09:10,0.5906125921724333,0
2217,0263,1,2026-06-13 17:09:20,0.2820476460578559,0
2218,0333,1,2026-06-13 17:09:20,0.5906125921724333,0
2219,0263,1,2026-06-13 17:09:30,0.2820476460578559,0
2220,0333,1,2026-06-13 17:09:30,0.5906125921724333,0
2221,0263,1,2026-06-13 17:09:40,0.2820476460578559,0
2222,0333,1,2026-06-13 17:09:40,0.5906125921724333,0
2223,0263,1,2026-06-13 17:09:50,0.2820476460578559,0
2224,0333,1,2026-06-13 17:09:50,0.5906125921724333,0
2225,0333,1,2026-06-13 17:10:00,0.5906125921724333,0
2226,0288,1,2026-06-13 17:11:00,0.6381168462847420,0
2227,0288,1,2026-06-13 17:11:10,0.6381168462847420,0
2228,0288,1,2026-06-13 17:11:20,0.6381168462847420,1
2229,0075,1,2026-06-13 17:11:50,0.9119398752127056,0
2230,0283,1,2026-06-13 17:11:50,0.7765173000567215,0
2231,0283,1,2026-06-13 17:11:50,0.7765173000567215,0
2232,0283,1,2026-06-13 17:11:50,0.7765173000567215,0
2233,0283,1,2026-06-13 17:11:50,0.7765173000567215,0
2234,0283,1,2026-06-13 17:11:50,0.7765173000567215,0
2235,0283,1,2026-06-13 17:11:50,0.7765173000567215,0
2236,0075,1,2026-06-13 17:12:00,0.9119398752127056,0
2237,0283,1,2026-06-13 17:12:00,0.7765173000567215,0
2238,0283,1,2026-06-13 17:12:00,0.7765173000567215,0
2239,0283,1,2026-06-13 17:12:00,0.7765173000567215,0
2240,0283,1,2026-06-13 17:12:00,0.7765173000567215,0
2241,0283,1,2026-06-13 17:12:00,0.7765173000567215,0
2242,0075,1,2026-06-13 17:12:10,0.9119398752127056,0
2243,0283,1,2026-06-13 17:12:10,0.7765173000567215,0
2244,0283,1,2026-06-13 17:12:10,0.7765173000567215,0
2245,0283,1,2026-06-13 17:12:10,0.7765173000567215,0
2246,0283,1,2026-06-13 17:12:10,0.7765173000567215,0
2247,0283,1,2026-06-13 17:12:10,0.7765173000567215,0
2248,0075,1,2026-06-13 17:12:20,0.9119398752127056,0
2249,0283,1,2026-06-13 17:12:20,0.7765173000567215,0
2250,0283,1,2026-06-13 17:12:20,0.7765173000567215,0
2251,0283,1,2026-06-13 17:12:20,0.7765173000567215,0
2252,0283,1,2026-06-13 17:12:20,0.7765173000567215,0
2253,0283,1,2026-06-13 17:12:20,0.7765173000567215,0
2254,0283,1,2026-06-13 17:12:20,0.7765173000567215,0
2255,0075,1,2026-06-13 17:12:30,0.9119398752127056,0
2256,0283,1,2026-06-13 17:12:30,0.7765173000567215,0
2257,0283,1,2026-06-13 17:12:30,0.7765173000567215,0
2258,0283,1,2026-06-13 17:12:30,0.7765173000567215,0
2259,0283,1,2026-06-13 17:12:30,0.7765173000567215,0
2260,0283,1,2026-06-13 17:12:30,0.7765173000567215,0
2261,0075,1,2026-06-13 17:12:40,0.9119398752127056,0
2262,0283,1,2026-06-13 17:12:40,0.7765173000567215,0
2263,0283,1,2026-06-13 17:12:40,0.7765173000567215,0
2264,0283,1,2026-06-13 17:12:40,0.7765173000567215,0
2265,0283,1,2026-06-13 17:12:40,0.7765173000567215,0
2266,0283,1,2026-06-13 17:12:40,0.7765173000567215,0
2267,0075,1,2026-06-13 17:12:50,0.9119398752127056,0
2268,0283,1,2026-06-13 17:12:50,0.7765173000567215,0
2269,0283,1,2026-06-13 17:12:50,0.7765173000567215,0
2270,0283,1,2026-06-13 17:12:50,0.7765173000567215,0
2271,0283,1,2026-06-13 17:12:50,0.7765173000567215,0
2272,0075,1,2026-06-13 17:13:00,0.9119398752127056,0
2273,0283,1,2026-06-13 17:13:00,0.7765173000567215,0
2274,0283,1,2026-06-13 17:13:00,0.7765173000567215,0
2275,0283,1,2026-06-13 17:13:00,0.7765173000567215,0
2276,0283,1,2026-06-13 17:13:00,0.7765173000567215,0
2277,0283,1,2026-06-13 17:13:00,0.7765173000567215,0
2278,0075,1,2026-06-13 17:13:10,0.9119398752127056,0
2279,0283,1,2026-06-13 17:13:10,0.7765173000567215,0
2280,0283,1,2026-06-13 17:13:10,0.7765173000567215,0
2281,0283,1,2026-06-13 17:13:10,0.7765173000567215,0
2282,0283,1,2026-06-13 17:13:10,0.7765173000567215,0
2283,0283,1,2026-06-13 17:13:10,0.7765173000567215,0
2284,0075,1,2026-06-13 17:13:20,0.9119398752127056,0
2285,0075,1,2026-06-13 17:13:30,0.9119398752127056,0
2286,0018,1,2026-06-13 18:25:50,0.5906125921724333,0
2287,0018,1,2026-06-13 18:26:00,0.5906125921724333,0
2288,0018,1,2026-06-13 18:26:10,0.5906125921724333,0
2289,0018,1,2026-06-13 18:26:20,0.5906125921724333,0
2290,0018,1,2026-06-13 18:26:30,0.5906125921724333,0
2291,0018,1,2026-06-13 18:26:40,0.5906125921724333,0
2292,0018,1,2026-06-13 18:26:50,0.5906125921724333,0
2293,0018,1,2026-06-13 18:27:00,0.5906125921724333,0
2294,0018,1,2026-06-13 18:27:10,0.5906125921724333,0
2295,0018,1,2026-06-13 18:27:20,0.5906125921724333,0
2296,0018,1,2026-06-13 18:27:30,0.5906125921724333,0
2297,0018,1,2026-06-13 18:27:40,0.5906125921724333,0
2298,0284,1,2026-06-13 18:45:00,0.9119398752127056,1
2299,0284,1,2026-06-13 18:45:10,0.9119398752127056,0
2300,0284,1,2026-06-13 18:45:20,0.9119398752127056,0
2301,0284,1,2026-06-13 18:45:30,0.9119398752127056,0
2302,0284,1,2026-06-13 18:45:40,0.9119398752127056,0
2303,0362,1,2026-06-13 18:45:50,0.7765173000567215,0
2304,0362,1,2026-06-13 18:46:00,0.7765173000567215,0
2305,0362,1,2026-06-13 18:46:10,0.7765173000567215,0
2306,0362,1,2026-06-13 18:46:20,0.7765173000567215,0
2307,0396,1,2026-06-14 01:18:50,0.9119398752127056,0
2308,0396,1,2026-06-14 01:18:50,0.9119398752127056,0
2309,0396,1,2026-06-14 01:18:50,0.9119398752127056,0
2310,0396,1,2026-06-14 01:19:00,0.9119398752127056,0
2311,0396,1,2026-06-14 01:19:00,0.9119398752127056,0
2312,0396,1,2026-06-14 01:19:00,0.9119398752127056,0
2313,0396,1,2026-06-14 01:19:00,0.9119398752127056,0
2314,0396,1,2026-06-14 01:19:10,0.9119398752127056,0
2315,0396,1,2026-06-14 01:19:10,0.9119398752127056,0
2316,0396,1,2026-06-14 01:19:10,0.9119398752127056,0
2317,0396,1,2026-06-14 01:19:10,0.9119398752127056,0
2318,0396,1,2026-06-14 01:19:20,0.9119398752127056,0
2319,0396,1,2026-06-14 01:19:20,0.9119398752127056,0
2320,0396,1,2026-06-14 01:19:20,0.9119398752127056,0
2321,0396,1,2026-06-14 01:19:20,0.9119398752127056,0
2322,0396,1,2026-06-14 01:19:20,0.9119398752127056,0
2323,0396,1,2026-06-14 01:19:20,0.9119398752127056,0
2324,0396,1,2026-06-14 01:19:20,0.9119398752127056,0
2325,0396,1,2026-06-14 01:19:20,0.9119398752127056,0
2326,0396,1,2026-06-14 01:19:30,0.9119398752127056,0
2327,0396,1,2026-06-14 01:19:30,0.9119398752127056,0
2328,0396,1,2026-06-14 01:19:30,0.9119398752127056,0
2329,0396,1,2026-06-14 01:19:30,0.9119398752127056,0
2330,0396,1,2026-06-14 01:19:30,0.9119398752127056,0
2331,0396,1,2026-06-14 01:19:30,0.9119398752127056,0
2332,0396,1,2026-06-14 01:19:30,0.9119398752127056,0
2333,0396,1,2026-06-14 01:19:30,0.9119398752127056,0
2334,0396,1,2026-06-14 01:19:40,0.9119398752127056,0
2335,0396,1,2026-06-14 01:19:40,0.9119398752127056,0
2336,0396,1,2026-06-14 01:19:40,0.9119398752127056,0
2337,0396,1,2026-06-14 01:19:40,0.9119398752127056,0
2338,0396,1,2026-06-14 01:19:40,0.9119398752127056,0
2339,0396,1,2026-06-14 01:19:40,0.9119398752127056,0
2340,0396,1,2026-06-14 01:19:40,0.9119398752127056,0
2341,0396,1,2026-06-14 01:19:40,0.9119398752127056,0
2342,0396,1,2026-06-14 01:19:50,0.9119398752127056,0
2343,0396,1,2026-06-14 01:19:50,0.9119398752127056,0
2344,0396,1,2026-06-14 01:19:50,0.9119398752127056,0
2345,0396,1,2026-06-14 01:19:50,0.9119398752127056,0
2346,0396,1,2026-06-14 01:19:50,0.9119398752127056,0
2347,0396,1,2026-06-14 01:19:50,0.9119398752127056,0
2348,0396,1,2026-06-14 01:19:50,0.9119398752127056,0
2349,0396,1,2026-06-14 01:19:50,0.9119398752127056,0
2350,0396,1,2026-06-14 01:20:00,0.9119398752127056,0
2351,0396,1,2026-06-14 01:20:00,0.9119398752127056,0
2352,0396,1,2026-06-14 01:20:00,0.9119398752127056,0
2353,0396,1,2026-06-14 01:20:00,0.9119398752127056,0
2354,0396,1,2026-06-14 01:20:00,0.9119398752127056,0
2355,0396,1,2026-06-14 01:20:00,0.9119398752127056,0
2356,0396,1,2026-06-14 01:20:00,0.9119398752127056,0
2357,0396,1,2026-06-14 01:20:00,0.9119398752127056,1
2358,0396,1,2026-06-14 01:20:00,0.9119398752127056,0
2359,0396,1,2026-06-14 01:20:10,0.9119398752127056,0
2360,0396,1,2026-06-14 01:20:10,0.9119398752127056,0
2361,0396,1,2026-06-14 01:20:10,0.9119398752127056,0
2362,0396,1,2026-06-14 01:20:10,0.9119398752127056,0
2363,0396,1,2026-06-14 01:20:10,0.9119398752127056,0
2364,0396,1,2026-06-14 01:20:10,0.9119398752127056,0
2365,0396,1,2026-06-14 01:20:10,0.9119398752127056,0
2366,0396,1,2026-06-14 01:20:10,0.9119398752127056,0
2367,0396,1,2026-06-14 01:20:10,0.9119398752127056,0
2368,0396,1,2026-06-14 01:20:10,0.9119398752127056,0
2369,0396,1,2026-06-14 01:20:20,0.9119398752127056,0
2370,0396,1,2026-06-14 01:20:20,0.9119398752127056,0
2371,0396,1,2026-06-14 01:20:20,0.9119398752127056,0
2372,0396,1,2026-06-14 01:20:20,0.9119398752127056,0
2373,0396,1,2026-06-14 01:20:20,0.9119398752127056,0
2374,0396,1,2026-06-14 01:20:20,0.9119398752127056,0
2375,0396,1,2026-06-14 01:20:20,0.9119398752127056,0
2376,0396,1,2026-06-14 01:20:20,0.9119398752127056,0
2377,0396,1,2026-06-14 01:20:30,0.9119398752127056,0
2378,0396,1,2026-06-14 01:20:30,0.9119398752127056,0
2379,0396,1,2026-06-14 01:20:30,0.9119398752127056,0
2380,0396,1,2026-06-14 01:20:30,0.9119398752127056,0
2381,0396,1,2026-06-14 01:20:30,0.9119398752127056,0
2382,0396,1,2026-06-14 01:20:30,0.9119398752127056,0
2383,0396,1,2026-06-14 01:20:40,0.9119398752127056,0
2384,0396,1,2026-06-14 01:20:40,0.9119398752127056,0
2385,0396,1,2026-06-14 01:20:40,0.9119398752127056,0
2386,0396,1,2026-06-14 01:20:40,0.9119398752127056,0
2387,0396,1,2026-06-14 01:20:40,0.9119398752127056,0
2388,0468,1,2026-06-14 01:21:00,0.1905842314237096,0
2389,0468,1,2026-06-14 01:21:10,0.1905842314237096,1
2390,0292,1,2026-06-14 01:21:20,0.1905842314237096,0
2391,0468,1,2026-06-14 01:21:20,0.1905842314237096,0
2392,0292,1,2026-06-14 01:21:30,0.1905842314237096,0
2393,0468,1,2026-06-14 01:21:30,0.1905842314237096,0
2394,0292,1,2026-06-14 01:21:40,0.1905842314237096,0
2395,0468,1,2026-06-14 01:21:40,0.1905842314237096,0
2396,0292,1,2026-06-14 01:21:50,0.1905842314237096,0
2397,0468,1,2026-06-14 01:21:50,0.1905842314237096,0
2398,0292,1,2026-06-14 01:22:00,0.1905842314237096,0
2399,0468,1,2026-06-14 01:22:00,0.1905842314237096,0
2400,0292,1,2026-06-14 01:22:10,0.1905842314237096,0
2401,0292,1,2026-06-14 01:22:20,0.1905842314237096,0
2402,0292,1,2026-06-14 01:22:30,0.1905842314237096,0
2403,0025,1,2026-06-14 01:22:40,0.5185762904140669,0
2404,0038,1,2026-06-14 01:22:40,0.0545944412932501,0
2405,0112,1,2026-06-14 01:22:40,0.6703062960862167,1
2406,0292,1,2026-06-14 01:22:40,0.1905842314237096,0
2407,0025,1,2026-06-14 01:22:50,0.5185762904140669,0
2408,0038,1,2026-06-14 01:22:50,0.0545944412932501,0
2409,0112,1,2026-06-14 01:22:50,0.6703062960862167,1
2410,0189,1,2026-06-14 01:22:50,1.0000000000000000,0
2411,0201,1,2026-06-14 01:22:50,0.4445547362450369,0
2412,0257,1,2026-06-14 01:22:50,0.9119398752127056,0
2413,0257,1,2026-06-14 01:22:50,0.9119398752127056,0
2414,0292,1,2026-06-14 01:22:50,0.1905842314237096,0
2415,0315,1,2026-06-14 01:22:50,0.4445547362450369,0
2416,0025,1,2026-06-14 01:23:00,0.5185762904140669,1
2417,0038,1,2026-06-14 01:23:00,0.0545944412932501,0
2418,0112,1,2026-06-14 01:23:00,0.6703062960862167,0
2419,0189,1,2026-06-14 01:23:00,1.0000000000000000,0
2420,0201,1,2026-06-14 01:23:00,0.4445547362450369,0
2421,0257,1,2026-06-14 01:23:00,0.9119398752127056,0
2422,0257,1,2026-06-14 01:23:00,0.9119398752127056,0
2423,0257,1,2026-06-14 01:23:00,0.9119398752127056,0
2424,0315,1,2026-06-14 01:23:00,0.4445547362450369,0
2425,007,1,2026-06-14 01:23:10,0.5185762904140669,0
2426,0025,1,2026-06-14 01:23:10,0.5185762904140669,0
2427,0038,1,2026-06-14 01:23:10,0.0545944412932501,0
2428,0112,1,2026-06-14 01:23:10,0.6703062960862167,0
2429,0189,1,2026-06-14 01:23:10,1.0000000000000000,0
2430,0201,1,2026-06-14 01:23:10,0.4445547362450369,0
2431,0231,1,2026-06-14 01:23:10,0.4445547362450369,0
2432,0257,1,2026-06-14 01:23:10,0.9119398752127056,0
2433,0257,1,2026-06-14 01:23:10,0.9119398752127056,0
2434,0257,1,2026-06-14 01:23:10,0.9119398752127056,0
2435,0257,1,2026-06-14 01:23:10,0.9119398752127056,0
2436,0257,1,2026-06-14 01:23:10,0.9119398752127056,0
2437,0315,1,2026-06-14 01:23:10,0.4445547362450369,0
2438,007,1,2026-06-14 01:23:20,0.5185762904140669,0
2439,0025,1,2026-06-14 01:23:20,0.5185762904140669,0
2440,0038,1,2026-06-14 01:23:20,0.0545944412932501,0
2441,0112,1,2026-06-14 01:23:20,0.6703062960862167,0
2442,0189,1,2026-06-14 01:23:20,1.0000000000000000,0
2443,0201,1,2026-06-14 01:23:20,0.4445547362450369,0
2444,0231,1,2026-06-14 01:23:20,0.4445547362450369,1
2445,0257,1,2026-06-14 01:23:20,0.9119398752127056,0
2446,0257,1,2026-06-14 01:23:20,0.9119398752127056,0
2447,0257,1,2026-06-14 01:23:20,0.9119398752127056,0
2448,0257,1,2026-06-14 01:23:20,0.9119398752127056,0
2449,0257,1,2026-06-14 01:23:20,0.9119398752127056,0
2450,0257,1,2026-06-14 01:23:20,0.9119398752127056,0
2451,0257,1,2026-06-14 01:23:20,0.9119398752127056,0
2452,0257,1,2026-06-14 01:23:20,0.9119398752127056,0
2453,0308,1,2026-06-14 01:23:20,0.2820476460578559,0
2454,0315,1,2026-06-14 01:23:20,0.4445547362450369,0
2455,007,1,2026-06-14 01:23:30,0.5185762904140669,0
2456,0025,1,2026-06-14 01:23:30,0.5185762904140669,0
2457,0038,1,2026-06-14 01:23:30,0.0545944412932501,0
2458,0112,1,2026-06-14 01:23:30,0.6703062960862167,0
2459,0189,1,2026-06-14 01:23:30,1.0000000000000000,0
2460,0201,1,2026-06-14 01:23:30,0.4445547362450369,1
2461,0231,1,2026-06-14 01:23:30,0.4445547362450369,0
2462,0257,1,2026-06-14 01:23:30,0.9119398752127056,0
2463,0257,1,2026-06-14 01:23:30,0.9119398752127056,0
2464,0257,1,2026-06-14 01:23:30,0.9119398752127056,0
2465,0257,1,2026-06-14 01:23:30,0.9119398752127056,0
2466,0257,1,2026-06-14 01:23:30,0.9119398752127056,0
2467,0257,1,2026-06-14 01:23:30,0.9119398752127056,0
2468,0257,1,2026-06-14 01:23:30,0.9119398752127056,0
2469,0257,1,2026-06-14 01:23:30,0.9119398752127056,0
2470,0257,1,2026-06-14 01:23:30,0.9119398752127056,0
2471,0308,1,2026-06-14 01:23:30,0.2820476460578559,0
2472,0315,1,2026-06-14 01:23:30,0.4445547362450369,0
2473,007,1,2026-06-14 01:23:40,0.5185762904140669,0
2474,0025,1,2026-06-14 01:23:40,0.5185762904140669,0
2475,0038,1,2026-06-14 01:23:40,0.0545944412932501,0
2476,0189,1,2026-06-14 01:23:40,1.0000000000000000,0
2477,0201,1,2026-06-14 01:23:40,0.4445547362450369,0
2478,0231,1,2026-06-14 01:23:40,0.4445547362450369,0
2479,0257,1,2026-06-14 01:23:40,0.9119398752127056,0
2480,0257,1,2026-06-14 01:23:40,0.9119398752127056,0
2481,0257,1,2026-06-14 01:23:40,0.9119398752127056,0
2482,0257,1,2026-06-14 01:23:40,0.9119398752127056,0
2483,0257,1,2026-06-14 01:23:40,0.9119398752127056,0
2484,0257,1,2026-06-14 01:23:40,0.9119398752127056,0
2485,0257,1,2026-06-14 01:23:40,0.9119398752127056,0
2486,0257,1,2026-06-14 01:23:40,0.9119398752127056,0
2487,0257,1,2026-06-14 01:23:40,0.9119398752127056,0
2488,0257,1,2026-06-14 01:23:40,0.9119398752127056,0
2489,0308,1,2026-06-14 01:23:40,0.2820476460578559,0
2490,0315,1,2026-06-14 01:23:40,0.4445547362450369,1
2491,007,1,2026-06-14 01:23:50,0.5185762904140669,0
2492,0025,1,2026-06-14 01:23:50,0.5185762904140669,0
2493,0038,1,2026-06-14 01:23:50,0.0545944412932501,0
2494,0189,1,2026-06-14 01:23:50,1.0000000000000000,0
2495,0201,1,2026-06-14 01:23:50,0.4445547362450369,0
2496,0231,1,2026-06-14 01:23:50,0.4445547362450369,0
2497,0257,1,2026-06-14 01:23:50,0.9119398752127056,0
2498,0257,1,2026-06-14 01:23:50,0.9119398752127056,0
2499,0257,1,2026-06-14 01:23:50,0.9119398752127056,0
2500,0257,1,2026-06-14 01:23:50,0.9119398752127056,0
2501,0257,1,2026-06-14 01:23:50,0.9119398752127056,0
2502,0257,1,2026-06-14 01:23:50,0.9119398752127056,0
2503,0257,1,2026-06-14 01:23:50,0.9119398752127056,0
2504,0257,1,2026-06-14 01:23:50,0.9119398752127056,0
2505,0257,1,2026-06-14 01:23:50,0.9119398752127056,0
2506,0308,1,2026-06-14 01:23:50,0.2820476460578559,0
2507,0315,1,2026-06-14 01:23:50,0.4445547362450369,1
2508,007,1,2026-06-14 01:24:00,0.5185762904140669,0
2509,0038,1,2026-06-14 01:24:00,0.0545944412932501,0
2510,0189,1,2026-06-14 01:24:00,1.0000000000000000,0
2511,0201,1,2026-06-14 01:24:00,0.4445547362450369,0
2512,0231,1,2026-06-14 01:24:00,0.4445547362450369,0
2513,0257,1,2026-06-14 01:24:00,0.9119398752127056,0
2514,0257,1,2026-06-14 01:24:00,0.9119398752127056,0
2515,0257,1,2026-06-14 01:24:00,0.9119398752127056,0
2516,0257,1,2026-06-14 01:24:00,0.9119398752127056,0
2517,0257,1,2026-06-14 01:24:00,0.9119398752127056,0
2518,0257,1,2026-06-14 01:24:00,0.9119398752127056,0
2519,0257,1,2026-06-14 01:24:00,0.9119398752127056,0
2520,0257,1,2026-06-14 01:24:00,0.9119398752127056,0
2521,0257,1,2026-06-14 01:24:00,0.9119398752127056,0
2522,0308,1,2026-06-14 01:24:00,0.2820476460578559,0
2523,0315,1,2026-06-14 01:24:00,0.4445547362450369,0
2524,007,1,2026-06-14 01:24:10,0.5185762904140669,0
2525,0038,1,2026-06-14 01:24:10,0.0545944412932501,0
2526,0189,1,2026-06-14 01:24:10,1.0000000000000000,0
2527,0231,1,2026-06-14 01:24:10,0.4445547362450369,0
2528,0257,1,2026-06-14 01:24:10,0.9119398752127056,0
2529,0257,1,2026-06-14 01:24:10,0.9119398752127056,0
2530,0257,1,2026-06-14 01:24:10,0.9119398752127056,0
2531,0257,1,2026-06-14 01:24:10,0.9119398752127056,0
2532,0257,1,2026-06-14 01:24:10,0.9119398752127056,0
2533,0308,1,2026-06-14 01:24:10,0.2820476460578559,1
2534,0315,1,2026-06-14 01:24:10,0.4445547362450369,0
2535,007,1,2026-06-14 01:24:20,0.5185762904140669,0
2536,0038,1,2026-06-14 01:24:20,0.0545944412932501,0
2537,0189,1,2026-06-14 01:24:20,1.0000000000000000,0
2538,0257,1,2026-06-14 01:24:20,0.9119398752127056,0
2539,0257,1,2026-06-14 01:24:20,0.9119398752127056,0
2540,0257,1,2026-06-14 01:24:20,0.9119398752127056,0
2541,0308,1,2026-06-14 01:24:20,0.2820476460578559,0
2542,007,1,2026-06-14 01:24:30,0.5185762904140669,0
2543,0189,1,2026-06-14 01:24:30,1.0000000000000000,0
2544,0257,1,2026-06-14 01:24:30,0.9119398752127056,0
2545,0257,1,2026-06-14 01:24:30,0.9119398752127056,0
2546,0257,1,2026-06-14 01:24:30,0.9119398752127056,0
2547,007,1,2026-06-14 01:24:40,0.5185762904140669,0
2548,0189,1,2026-06-14 01:24:40,1.0000000000000000,0
2549,0137,1,2026-06-14 01:30:00,0.6381168462847420,0
2550,0137,1,2026-06-14 01:30:10,0.6381168462847420,0
2551,0137,1,2026-06-14 01:30:20,0.6381168462847420,0
2552,0137,1,2026-06-14 01:30:30,0.6381168462847420,0
2553,0137,1,2026-06-14 01:30:40,0.6381168462847420,0
2554,0137,1,2026-06-14 01:30:50,0.6381168462847420,0
2555,0137,1,2026-06-14 01:31:00,0.6381168462847420,0
2556,0137,1,2026-06-14 01:31:10,0.6381168462847420,0
2557,0137,1,2026-06-14 01:31:20,0.6381168462847420,0
2558,0137,1,2026-06-14 01:31:30,0.6381168462847420,0
2559,0137,1,2026-06-14 01:31:40,0.6381168462847420,0
2560,0180,1,2026-06-14 01:32:10,0.5906125921724333,0
2561,0180,1,2026-06-14 01:32:20,0.5906125921724333,0
2562,0180,1,2026-06-14 01:32:30,0.5906125921724333,0
2563,0180,1,2026-06-14 01:32:40,0.5906125921724333,0
2564,0180,1,2026-06-14 01:32:50,0.5906125921724333,0
2565,0180,1,2026-06-14 01:33:00,0.5906125921724333,0
2566,0180,1,2026-06-14 01:33:10,0.5906125921724333,0
2567,0180,1,2026-06-14 01:33:20,0.5906125921724333,0
2568,0180,1,2026-06-14 01:33:30,0.5906125921724333,0
2569,0180,1,2026-06-14 01:33:40,0.5906125921724333,0
2570,0180,1,2026-06-14 01:33:50,0.5906125921724333,1
2571,0410,1,2026-06-14 02:59:40,0.9119398752127056,1
2572,0410,1,2026-06-14 02:59:40,0.9119398752127056,0
2573,0410,1,2026-06-14 02:59:40,0.9119398752127056,0
2574,0410,1,2026-06-14 02:59:40,0.9119398752127056,0
2575,0410,1,2026-06-14 02:59:40,0.9119398752127056,0
2576,0410,1,2026-06-14 02:59:40,0.9119398752127056,0
2577,0410,1,2026-06-14 02:59:40,0.9119398752127056,0
2578,0410,1,2026-06-14 02:59:50,0.9119398752127056,0
2579,0410,1,2026-06-14 02:59:50,0.9119398752127056,0
2580,0410,1,2026-06-14 02:59:50,0.9119398752127056,0
2581,0410,1,2026-06-14 02:59:50,0.9119398752127056,0
2582,0410,1,2026-06-14 02:59:50,0.9119398752127056,0
2583,0410,1,2026-06-14 02:59:50,0.9119398752127056,0
2584,0410,1,2026-06-14 03:00:00,0.9119398752127056,0
2585,0410,1,2026-06-14 03:00:00,0.9119398752127056,0
2586,0410,1,2026-06-14 03:00:00,0.9119398752127056,0
2587,0410,1,2026-06-14 03:00:00,0.9119398752127056,0
2588,0410,1,2026-06-14 03:00:00,0.9119398752127056,0
2589,0410,1,2026-06-14 03:00:00,0.9119398752127056,0
2590,0410,1,2026-06-14 03:00:00,0.9119398752127056,0
2591,0346,1,2026-06-14 03:00:10,0.3291264889393080,0
2592,0410,1,2026-06-14 03:00:10,0.9119398752127056,0
2593,0410,1,2026-06-14 03:00:10,0.9119398752127056,0
2594,0410,1,2026-06-14 03:00:10,0.9119398752127056,0
2595,0410,1,2026-06-14 03:00:10,0.9119398752127056,0
2596,0410,1,2026-06-14 03:00:10,0.9119398752127056,0
2597,0410,1,2026-06-14 03:00:10,0.9119398752127056,0
2598,0410,1,2026-06-14 03:00:10,0.9119398752127056,0
2599,0410,1,2026-06-14 03:00:10,0.9119398752127056,0
2600,0346,1,2026-06-14 03:00:20,0.3291264889393080,0
2601,0410,1,2026-06-14 03:00:20,0.9119398752127056,0
2602,0410,1,2026-06-14 03:00:20,0.9119398752127056,0
2603,0410,1,2026-06-14 03:00:20,0.9119398752127056,0
2604,0410,1,2026-06-14 03:00:20,0.9119398752127056,0
2605,0410,1,2026-06-14 03:00:20,0.9119398752127056,0
2606,0410,1,2026-06-14 03:00:20,0.9119398752127056,0
2607,0410,1,2026-06-14 03:00:20,0.9119398752127056,0
2608,0410,1,2026-06-14 03:00:20,0.9119398752127056,0
2609,0346,1,2026-06-14 03:00:30,0.3291264889393080,1
2610,0410,1,2026-06-14 03:00:30,0.9119398752127056,0
2611,0410,1,2026-06-14 03:00:30,0.9119398752127056,0
2612,0410,1,2026-06-14 03:00:30,0.9119398752127056,0
2613,0410,1,2026-06-14 03:00:30,0.9119398752127056,0
2614,0410,1,2026-06-14 03:00:30,0.9119398752127056,0
2615,0410,1,2026-06-14 03:00:30,0.9119398752127056,0
2616,0410,1,2026-06-14 03:00:30,0.9119398752127056,0
2617,0410,1,2026-06-14 03:00:30,0.9119398752127056,0
2618,0410,1,2026-06-14 03:00:30,0.9119398752127056,0
2619,0346,1,2026-06-14 03:00:40,0.3291264889393080,0
2620,0410,1,2026-06-14 03:00:40,0.9119398752127056,0
2621,0410,1,2026-06-14 03:00:40,0.9119398752127056,0
2622,0410,1,2026-06-14 03:00:40,0.9119398752127056,0
2623,0410,1,2026-06-14 03:00:40,0.9119398752127056,0
2624,0410,1,2026-06-14 03:00:40,0.9119398752127056,0
2625,0410,1,2026-06-14 03:00:40,0.9119398752127056,0
2626,0410,1,2026-06-14 03:00:40,0.9119398752127056,0
2627,0410,1,2026-06-14 03:00:40,0.9119398752127056,0
2628,0410,1,2026-06-14 03:00:40,0.9119398752127056,0
2629,0346,1,2026-06-14 03:00:50,0.3291264889393080,0
2630,0410,1,2026-06-14 03:00:50,0.9119398752127056,0
2631,0410,1,2026-06-14 03:00:50,0.9119398752127056,0
2632,0410,1,2026-06-14 03:00:50,0.9119398752127056,0
2633,0410,1,2026-06-14 03:00:50,0.9119398752127056,0
2634,0410,1,2026-06-14 03:00:50,0.9119398752127056,0
2635,0410,1,2026-06-14 03:00:50,0.9119398752127056,0
2636,0410,1,2026-06-14 03:00:50,0.9119398752127056,0
2637,0346,1,2026-06-14 03:01:00,0.3291264889393080,0
2638,0410,1,2026-06-14 03:01:00,0.9119398752127056,0
2639,0410,1,2026-06-14 03:01:00,0.9119398752127056,0
2640,0410,1,2026-06-14 03:01:00,0.9119398752127056,0
2641,0410,1,2026-06-14 03:01:00,0.9119398752127056,0
2642,0410,1,2026-06-14 03:01:00,0.9119398752127056,0
2643,0410,1,2026-06-14 03:01:00,0.9119398752127056,0
2644,0410,1,2026-06-14 03:01:00,0.9119398752127056,0
2645,0346,1,2026-06-14 03:01:10,0.3291264889393080,0
2646,0410,1,2026-06-14 03:01:10,0.9119398752127056,0
2647,0410,1,2026-06-14 03:01:10,0.9119398752127056,0
2648,0410,1,2026-06-14 03:01:10,0.9119398752127056,0
2649,0410,1,2026-06-14 03:01:10,0.9119398752127056,0
2650,0410,1,2026-06-14 03:01:10,0.9119398752127056,0
2651,0410,1,2026-06-14 03:01:10,0.9119398752127056,0
2652,0266,1,2026-06-14 03:01:20,0.2820476460578559,0
2653,0346,1,2026-06-14 03:01:20,0.3291264889393080,0
2654,0266,1,2026-06-14 03:01:30,0.2820476460578559,1
2655,0346,1,2026-06-14 03:01:30,0.3291264889393080,0
2656,0450,1,2026-06-14 03:01:30,0.1905842314237096,0
2657,0266,1,2026-06-14 03:01:40,0.2820476460578559,0
2658,0346,1,2026-06-14 03:01:40,0.3291264889393080,0
2659,0349,1,2026-06-14 03:01:40,0.5906125921724333,0
2660,0450,1,2026-06-14 03:01:40,0.1905842314237096,0
2661,0266,1,2026-06-14 03:01:50,0.2820476460578559,0
2662,0346,1,2026-06-14 03:01:50,0.3291264889393080,0
2663,0349,1,2026-06-14 03:01:50,0.5906125921724333,0
2664,0434,1,2026-06-14 03:01:50,0.1188315371525808,0
2665,0450,1,2026-06-14 03:01:50,0.1905842314237096,0
2666,0266,1,2026-06-14 03:02:00,0.2820476460578559,0
2667,0346,1,2026-06-14 03:02:00,0.3291264889393080,0
2668,0349,1,2026-06-14 03:02:00,0.5906125921724333,0
2669,0434,1,2026-06-14 03:02:00,0.1188315371525808,0
2670,0450,1,2026-06-14 03:02:00,0.1905842314237096,0
2671,0266,1,2026-06-14 03:02:10,0.2820476460578559,0
2672,0349,1,2026-06-14 03:02:10,0.5906125921724333,0
2673,0434,1,2026-06-14 03:02:10,0.1188315371525808,0
2674,0450,1,2026-06-14 03:02:10,0.1905842314237096,0
2675,0124,1,2026-06-14 03:02:20,0.4445547362450369,0
2676,0266,1,2026-06-14 03:02:20,0.2820476460578559,0
2677,0349,1,2026-06-14 03:02:20,0.5906125921724333,0
2678,0434,1,2026-06-14 03:02:20,0.1188315371525808,0
2679,0450,1,2026-06-14 03:02:20,0.1905842314237096,0
2680,0124,1,2026-06-14 03:02:30,0.4445547362450369,0
2681,0266,1,2026-06-14 03:02:30,0.2820476460578559,0
2682,0349,1,2026-06-14 03:02:30,0.5906125921724333,0
2683,0434,1,2026-06-14 03:02:30,0.1188315371525808,0
2684,0450,1,2026-06-14 03:02:30,0.1905842314237096,0
2685,0124,1,2026-06-14 03:02:40,0.4445547362450369,0
2686,0266,1,2026-06-14 03:02:40,0.2820476460578559,0
2687,0434,1,2026-06-14 03:02:40,0.1188315371525808,0
2688,0450,1,2026-06-14 03:02:40,0.1905842314237096,0
2689,0124,1,2026-06-14 03:02:50,0.4445547362450369,0
2690,0266,1,2026-06-14 03:02:50,0.2820476460578559,0
2691,0278,1,2026-06-14 03:02:50,0.5906125921724333,0
2692,0434,1,2026-06-14 03:02:50,0.1188315371525808,0
2693,0450,1,2026-06-14 03:02:50,0.1905842314237096,1
2694,0124,1,2026-06-14 03:03:00,0.4445547362450369,0
2695,0278,1,2026-06-14 03:03:00,0.5906125921724333,0
2696,0434,1,2026-06-14 03:03:00,0.1188315371525808,0
2697,0124,1,2026-06-14 03:03:10,0.4445547362450369,0
2698,0278,1,2026-06-14 03:03:10,0.5906125921724333,0
2699,0434,1,2026-06-14 03:03:10,0.1188315371525808,1
2700,0033,1,2026-06-14 03:03:20,0.9119398752127056,0
2701,0124,1,2026-06-14 03:03:20,0.4445547362450369,0
2702,0278,1,2026-06-14 03:03:20,0.5906125921724333,0
2703,0434,1,2026-06-14 03:03:20,0.1188315371525808,0
2704,0033,1,2026-06-14 03:03:30,0.9119398752127056,0
2705,0124,1,2026-06-14 03:03:30,0.4445547362450369,0
2706,0278,1,2026-06-14 03:03:30,0.5906125921724333,0
2707,0434,1,2026-06-14 03:03:30,0.1188315371525808,0
2708,0443,1,2026-06-14 03:03:30,0.4445547362450369,0
2709,0033,1,2026-06-14 03:03:40,0.9119398752127056,0
2710,0124,1,2026-06-14 03:03:40,0.4445547362450369,0
2711,0278,1,2026-06-14 03:03:40,0.5906125921724333,0
2712,0443,1,2026-06-14 03:03:40,0.4445547362450369,0
2713,0033,1,2026-06-14 03:03:50,0.9119398752127056,0
2714,0124,1,2026-06-14 03:03:50,0.4445547362450369,0
2715,0278,1,2026-06-14 03:03:50,0.5906125921724333,0
2716,0443,1,2026-06-14 03:03:50,0.4445547362450369,0
2717,0033,1,2026-06-14 03:04:00,0.9119398752127056,0
2718,0124,1,2026-06-14 03:04:00,0.4445547362450369,0
2719,0278,1,2026-06-14 03:04:00,0.5906125921724333,0
2720,0443,1,2026-06-14 03:04:00,0.4445547362450369,0
2721,0033,1,2026-06-14 03:04:10,0.9119398752127056,0
2722,0124,1,2026-06-14 03:04:10,0.4445547362450369,0
2723,0278,1,2026-06-14 03:04:10,0.5906125921724333,0
2724,0443,1,2026-06-14 03:04:10,0.4445547362450369,0
2725,0033,1,2026-06-14 03:04:20,0.9119398752127056,0
2726,0278,1,2026-06-14 03:04:20,0.5906125921724333,0
2727,0443,1,2026-06-14 03:04:20,0.4445547362450369,0
2728,0456,1,2026-06-14 03:04:20,1.0000000000000000,0
2729,0033,1,2026-06-14 03:04:30,0.9119398752127056,0
2730,0278,1,2026-06-14 03:04:30,0.5906125921724333,0
2731,0456,1,2026-06-14 03:04:30,1.0000000000000000,0
2732,0278,1,2026-06-14 03:04:40,0.5906125921724333,0
2733,0456,1,2026-06-14 03:04:40,1.0000000000000000,0
2734,0456,1,2026-06-14 03:04:50,1.0000000000000000,0
2735,0456,1,2026-06-14 03:04:50,1.0000000000000000,0
2736,0456,1,2026-06-14 03:05:00,1.0000000000000000,0
2737,0456,1,2026-06-14 03:05:00,1.0000000000000000,0
2738,0456,1,2026-06-14 03:05:10,1.0000000000000000,0
2739,0456,1,2026-06-14 03:05:10,1.0000000000000000,1
2740,0456,1,2026-06-14 03:05:20,1.0000000000000000,0
2741,0456,1,2026-06-14 03:05:30,1.0000000000000000,0
2742,0456,1,2026-06-14 03:05:40,1.0000000000000000,1
2743,0161,1,2026-06-14 03:06:10,0.1905842314237096,0
2744,0161,1,2026-06-14 03:06:20,0.1905842314237096,0
2745,0161,1,2026-06-14 03:06:30,0.1905842314237096,0
2746,0161,1,2026-06-14 03:06:40,0.1905842314237096,0
2747,0161,1,2026-06-14 03:06:50,0.1905842314237096,0
2748,0161,1,2026-06-14 03:07:00,0.1905842314237096,0
2749,0161,1,2026-06-14 03:07:10,0.1905842314237096,0
2750,0161,1,2026-06-14 03:07:20,0.1905842314237096,0
2751,0161,1,2026-06-14 03:07:30,0.1905842314237096,0
2752,0161,1,2026-06-14 03:07:40,0.1905842314237096,0
2753,0161,1,2026-06-14 03:07:50,0.1905842314237096,0
2754,0170,1,2026-06-14 03:09:50,0.6381168462847420,0
2755,0170,1,2026-06-14 03:10:00,0.6381168462847420,0
2756,0170,1,2026-06-14 03:10:10,0.6381168462847420,0
2757,0170,1,2026-06-14 03:10:20,0.6381168462847420,0
2758,0170,1,2026-06-14 03:10:30,0.6381168462847420,0
2759,0170,1,2026-06-14 03:10:40,0.6381168462847420,0
2760,0170,1,2026-06-14 03:10:50,0.6381168462847420,0
2761,0170,1,2026-06-14 03:11:00,0.6381168462847420,0
2762,0170,1,2026-06-14 03:11:10,0.6381168462847420,0
2763,0170,1,2026-06-14 03:11:20,0.6381168462847420,0
2764,0170,1,2026-06-14 03:11:30,0.6381168462847420,0
2765,0170,1,2026-06-14 03:11:40,0.6381168462847420,0
2766,0133,1,2026-06-14 04:33:50,0.1188315371525808,0
2767,0133,1,2026-06-14 04:34:00,0.1188315371525808,0
2768,0079,1,2026-06-14 04:34:10,0.4445547362450369,0
2769,0133,1,2026-06-14 04:34:10,0.1188315371525808,0
2770,0079,1,2026-06-14 04:34:20,0.4445547362450369,0
2771,0133,1,2026-06-14 04:34:20,0.1188315371525808,0
2772,0079,1,2026-06-14 04:34:30,0.4445547362450369,0
2773,0133,1,2026-06-14 04:34:30,0.1188315371525808,0
2774,0079,1,2026-06-14 04:34:40,0.4445547362450369,0
2775,0133,1,2026-06-14 04:34:40,0.1188315371525808,0
2776,0079,1,2026-06-14 04:34:50,0.4445547362450369,0
2777,0133,1,2026-06-14 04:34:50,0.1188315371525808,0
2778,0079,1,2026-06-14 04:35:00,0.4445547362450369,0
2779,0133,1,2026-06-14 04:35:00,0.1188315371525808,0
2780,0079,1,2026-06-14 04:35:10,0.4445547362450369,0
2781,0133,1,2026-06-14 04:35:10,0.1188315371525808,0
2782,0079,1,2026-06-14 04:35:20,0.4445547362450369,0
2783,0133,1,2026-06-14 04:35:20,0.1188315371525808,0
2784,0079,1,2026-06-14 04:35:30,0.4445547362450369,0
2785,0133,1,2026-06-14 04:35:30,0.1188315371525808,0
2786,0133,1,2026-06-14 04:35:40,0.1188315371525808,0
2787,0293,1,2026-06-14 04:38:30,0.2820476460578559,0
2788,0293,1,2026-06-14 04:38:30,0.2820476460578559,0
2789,0293,1,2026-06-14 04:38:40,0.2820476460578559,0
2790,0293,1,2026-06-14 04:38:40,0.2820476460578559,0
2791,0293,1,2026-06-14 04:38:40,0.2820476460578559,0
2792,0293,1,2026-06-14 04:38:50,0.2820476460578559,0
2793,0293,1,2026-06-14 04:38:50,0.2820476460578559,0
2794,0293,1,2026-06-14 04:38:50,0.2820476460578559,0
2795,0293,1,2026-06-14 04:39:00,0.2820476460578559,0
2796,0293,1,2026-06-14 04:39:00,0.2820476460578559,0
2797,0293,1,2026-06-14 04:39:00,0.2820476460578559,0
2798,0293,1,2026-06-14 04:39:00,0.2820476460578559,0
2799,0293,1,2026-06-14 04:39:00,0.2820476460578559,0
2800,0293,1,2026-06-14 04:39:10,0.2820476460578559,0
2801,0293,1,2026-06-14 04:39:10,0.2820476460578559,0
2802,0293,1,2026-06-14 04:39:10,0.2820476460578559,0
2803,0293,1,2026-06-14 04:39:10,0.2820476460578559,0
2804,0293,1,2026-06-14 04:39:10,0.2820476460578559,0
2805,0293,1,2026-06-14 04:39:10,0.2820476460578559,0
2806,0293,1,2026-06-14 04:39:10,0.2820476460578559,0
2807,0293,1,2026-06-14 04:39:10,0.2820476460578559,0
2808,0293,1,2026-06-14 04:39:20,0.2820476460578559,0
2809,0293,1,2026-06-14 04:39:20,0.2820476460578559,0
2810,0293,1,2026-06-14 04:39:20,0.2820476460578559,0
2811,0293,1,2026-06-14 04:39:20,0.2820476460578559,0
2812,0293,1,2026-06-14 04:39:20,0.2820476460578559,0
2813,0293,1,2026-06-14 04:39:20,0.2820476460578559,0
2814,0293,1,2026-06-14 04:39:20,0.2820476460578559,0
2815,0293,1,2026-06-14 04:39:20,0.2820476460578559,0
2816,0293,1,2026-06-14 04:39:20,0.2820476460578559,0
2817,0293,1,2026-06-14 04:39:30,0.2820476460578559,0
2818,0293,1,2026-06-14 04:39:30,0.2820476460578559,0
2819,0293,1,2026-06-14 04:39:30,0.2820476460578559,0
2820,0293,1,2026-06-14 04:39:30,0.2820476460578559,0
2821,0293,1,2026-06-14 04:39:30,0.2820476460578559,0
2822,0293,1,2026-06-14 04:39:30,0.2820476460578559,0
2823,0293,1,2026-06-14 04:39:30,0.2820476460578559,0
2824,0374,1,2026-06-14 04:39:30,0.4445547362450369,0
2825,0293,1,2026-06-14 04:39:40,0.2820476460578559,0
2826,0293,1,2026-06-14 04:39:40,0.2820476460578559,0
2827,0293,1,2026-06-14 04:39:40,0.2820476460578559,0
2828,0293,1,2026-06-14 04:39:40,0.2820476460578559,0
2829,0293,1,2026-06-14 04:39:40,0.2820476460578559,0
2830,0374,1,2026-06-14 04:39:40,0.4445547362450369,0
2831,0293,1,2026-06-14 04:39:50,0.2820476460578559,0
2832,0293,1,2026-06-14 04:39:50,0.2820476460578559,0
2833,0293,1,2026-06-14 04:39:50,0.2820476460578559,0
2834,0374,1,2026-06-14 04:39:50,0.4445547362450369,0
2835,0293,1,2026-06-14 04:40:00,0.2820476460578559,0
2836,0293,1,2026-06-14 04:40:00,0.2820476460578559,0
2837,0374,1,2026-06-14 04:40:00,0.4445547362450369,0
2838,0293,1,2026-06-14 04:40:10,0.2820476460578559,0
2839,0293,1,2026-06-14 04:40:10,0.2820476460578559,0
2840,0374,1,2026-06-14 04:40:10,0.4445547362450369,0
2841,0374,1,2026-06-14 04:40:20,0.4445547362450369,0
2842,0374,1,2026-06-14 04:40:30,0.4445547362450369,0
2843,0374,1,2026-06-14 04:40:40,0.4445547362450369,0
2844,0374,1,2026-06-14 04:40:50,0.4445547362450369,0
2845,0374,1,2026-06-14 04:41:00,0.4445547362450369,0
2846,0374,1,2026-06-14 04:41:10,0.4445547362450369,0
2847,0145,1,2026-06-14 04:42:10,0.1188315371525808,0
2848,0354,1,2026-06-14 04:42:10,0.0545944412932501,0
2849,0145,1,2026-06-14 04:42:20,0.1188315371525808,0
2850,0354,1,2026-06-14 04:42:20,0.0545944412932501,0
2851,0145,1,2026-06-14 04:42:30,0.1188315371525808,0
2852,0172,1,2026-06-14 04:42:30,0.6703062960862167,0
2853,0354,1,2026-06-14 04:42:30,0.0545944412932501,0
2854,0145,1,2026-06-14 04:42:40,0.1188315371525808,0
2855,0172,1,2026-06-14 04:42:40,0.6703062960862167,0
2856,0354,1,2026-06-14 04:42:40,0.0545944412932501,0
2857,0145,1,2026-06-14 04:42:50,0.1188315371525808,0
2858,0172,1,2026-06-14 04:42:50,0.6703062960862167,0
2859,0354,1,2026-06-14 04:42:50,0.0545944412932501,0
2860,0145,1,2026-06-14 04:43:00,0.1188315371525808,0
2861,0172,1,2026-06-14 04:43:00,0.6703062960862167,0
2862,0354,1,2026-06-14 04:43:00,0.0545944412932501,0
2863,0145,1,2026-06-14 04:43:10,0.1188315371525808,0
2864,0172,1,2026-06-14 04:43:10,0.6703062960862167,0
2865,0354,1,2026-06-14 04:43:10,0.0545944412932501,0
2866,0145,1,2026-06-14 04:43:20,0.1188315371525808,0
2867,0172,1,2026-06-14 04:43:20,0.6703062960862167,0
2868,0354,1,2026-06-14 04:43:20,0.0545944412932501,0
2869,0413,1,2026-06-14 04:43:20,0.0545944412932501,0
2870,0172,1,2026-06-14 04:43:30,0.6703062960862167,0
2871,0354,1,2026-06-14 04:43:30,0.0545944412932501,0
2872,0413,1,2026-06-14 04:43:30,0.0545944412932501,0
2873,0354,1,2026-06-14 04:43:40,0.0545944412932501,0
2874,0413,1,2026-06-14 04:43:40,0.0545944412932501,0
2875,0354,1,2026-06-14 04:43:50,0.0545944412932501,0
2876,0413,1,2026-06-14 04:43:50,0.0545944412932501,0
2877,0354,1,2026-06-14 04:44:00,0.0545944412932501,0
2878,0413,1,2026-06-14 04:44:00,0.0545944412932501,0
2879,0413,1,2026-06-14 04:44:10,0.0545944412932501,0
2880,0413,1,2026-06-14 04:44:20,0.0545944412932501,0
2881,0413,1,2026-06-14 04:44:30,0.0545944412932501,0
2882,0049,1,2026-06-14 04:44:40,0.4445547362450369,0
2883,0139,1,2026-06-14 04:44:40,0.9119398752127056,1
2884,0413,1,2026-06-14 04:44:40,0.0545944412932501,0
2885,0451,1,2026-06-14 04:44:40,0.7765173000567215,0
2886,0049,1,2026-06-14 04:44:50,0.4445547362450369,0
2887,0084,1,2026-06-14 04:44:50,0.2820476460578559,0
2888,0139,1,2026-06-14 04:44:50,0.9119398752127056,0
2889,0413,1,2026-06-14 04:44:50,0.0545944412932501,0
2890,0451,1,2026-06-14 04:44:50,0.7765173000567215,0
2891,0049,1,2026-06-14 04:45:00,0.4445547362450369,0
2892,0084,1,2026-06-14 04:45:00,0.2820476460578559,0
2893,0139,1,2026-06-14 04:45:00,0.9119398752127056,0
2894,0229,1,2026-06-14 04:45:00,1.0000000000000000,0
2895,0240,1,2026-06-14 04:45:00,0.1905842314237096,0
2896,0271,1,2026-06-14 04:45:00,0.6381168462847420,0
2897,0335,1,2026-06-14 04:45:00,0.6381168462847420,0
2898,0451,1,2026-06-14 04:45:00,0.7765173000567215,0
2899,0049,1,2026-06-14 04:45:10,0.4445547362450369,0
2900,0084,1,2026-06-14 04:45:10,0.2820476460578559,0
2901,0139,1,2026-06-14 04:45:10,0.9119398752127056,1
2902,0139,1,2026-06-14 04:45:10,0.9119398752127056,0
2903,0229,1,2026-06-14 04:45:10,1.0000000000000000,0
2904,0240,1,2026-06-14 04:45:10,0.1905842314237096,0
2905,0271,1,2026-06-14 04:45:10,0.6381168462847420,0
2906,0335,1,2026-06-14 04:45:10,0.6381168462847420,0
2907,0451,1,2026-06-14 04:45:10,0.7765173000567215,0
2908,0049,1,2026-06-14 04:45:20,0.4445547362450369,0
2909,0084,1,2026-06-14 04:45:20,0.2820476460578559,0
2910,0139,1,2026-06-14 04:45:20,0.9119398752127056,0
2911,0229,1,2026-06-14 04:45:20,1.0000000000000000,0
2912,0240,1,2026-06-14 04:45:20,0.1905842314237096,0
2913,0271,1,2026-06-14 04:45:20,0.6381168462847420,0
2914,0335,1,2026-06-14 04:45:20,0.6381168462847420,0
2915,0451,1,2026-06-14 04:45:20,0.7765173000567215,0
2916,0049,1,2026-06-14 04:45:30,0.4445547362450369,0
2917,0084,1,2026-06-14 04:45:30,0.2820476460578559,0
2918,0139,1,2026-06-14 04:45:30,0.9119398752127056,0
2919,0229,1,2026-06-14 04:45:30,1.0000000000000000,0
2920,0240,1,2026-06-14 04:45:30,0.1905842314237096,0
2921,0271,1,2026-06-14 04:45:30,0.6381168462847420,0
2922,0335,1,2026-06-14 04:45:30,0.6381168462847420,0
2923,0451,1,2026-06-14 04:45:30,0.7765173000567215,0
2924,0049,1,2026-06-14 04:45:40,0.4445547362450369,0
2925,0084,1,2026-06-14 04:45:40,0.2820476460578559,0
2926,0139,1,2026-06-14 04:45:40,0.9119398752127056,0
2927,0229,1,2026-06-14 04:45:40,1.0000000000000000,0
2928,0240,1,2026-06-14 04:45:40,0.1905842314237096,0
2929,0271,1,2026-06-14 04:45:40,0.6381168462847420,0
2930,0335,1,2026-06-14 04:45:40,0.6381168462847420,0
2931,0451,1,2026-06-14 04:45:40,0.7765173000567215,0
2932,0049,1,2026-06-14 04:45:50,0.4445547362450369,0
2933,0084,1,2026-06-14 04:45:50,0.2820476460578559,0
2934,0229,1,2026-06-14 04:45:50,1.0000000000000000,0
2935,0240,1,2026-06-14 04:45:50,0.1905842314237096,0
2936,0271,1,2026-06-14 04:45:50,0.6381168462847420,1
2937,0335,1,2026-06-14 04:45:50,0.6381168462847420,0
2938,0361,1,2026-06-14 04:45:50,0.2820476460578559,0
2939,0451,1,2026-06-14 04:45:50,0.7765173000567215,0
2940,0049,1,2026-06-14 04:46:00,0.4445547362450369,0
2941,0084,1,2026-06-14 04:46:00,0.2820476460578559,0
2942,0229,1,2026-06-14 04:46:00,1.0000000000000000,0
2943,0240,1,2026-06-14 04:46:00,0.1905842314237096,0
2944,0271,1,2026-06-14 04:46:00,0.6381168462847420,0
2945,0335,1,2026-06-14 04:46:00,0.6381168462847420,0
2946,0361,1,2026-06-14 04:46:00,0.2820476460578559,0
2947,0451,1,2026-06-14 04:46:00,0.7765173000567215,0
2948,0049,1,2026-06-14 04:46:10,0.4445547362450369,0
2949,0084,1,2026-06-14 04:46:10,0.2820476460578559,0
2950,0229,1,2026-06-14 04:46:10,1.0000000000000000,0
2951,0240,1,2026-06-14 04:46:10,0.1905842314237096,0
2952,0271,1,2026-06-14 04:46:10,0.6381168462847420,0
2953,0361,1,2026-06-14 04:46:10,0.2820476460578559,0
2954,0414,1,2026-06-14 04:46:10,0.7765173000567215,0
2955,0451,1,2026-06-14 04:46:10,0.7765173000567215,0
2956,0084,1,2026-06-14 04:46:20,0.2820476460578559,0
2957,0229,1,2026-06-14 04:46:20,1.0000000000000000,0
2958,0361,1,2026-06-14 04:46:20,0.2820476460578559,0
2959,0414,1,2026-06-14 04:46:20,0.7765173000567215,0
2960,0429,1,2026-06-14 04:46:20,0.2820476460578559,0
2961,0451,1,2026-06-14 04:46:20,0.7765173000567215,0
2962,0084,1,2026-06-14 04:46:30,0.2820476460578559,0
2963,0229,1,2026-06-14 04:46:30,1.0000000000000000,0
2964,0361,1,2026-06-14 04:46:30,0.2820476460578559,0
2965,0414,1,2026-06-14 04:46:30,0.7765173000567215,0
2966,0429,1,2026-06-14 04:46:30,0.2820476460578559,0
2967,0445,1,2026-06-14 04:46:30,0.4445547362450369,0
2968,0451,1,2026-06-14 04:46:30,0.7765173000567215,0
2969,0229,1,2026-06-14 04:46:40,1.0000000000000000,0
2970,0361,1,2026-06-14 04:46:40,0.2820476460578559,0
2971,0414,1,2026-06-14 04:46:40,0.7765173000567215,0
2972,0429,1,2026-06-14 04:46:40,0.2820476460578559,0
2973,0445,1,2026-06-14 04:46:40,0.4445547362450369,0
2974,0361,1,2026-06-14 04:46:50,0.2820476460578559,0
2975,0414,1,2026-06-14 04:46:50,0.7765173000567215,0
2976,0429,1,2026-06-14 04:46:50,0.2820476460578559,0
2977,0445,1,2026-06-14 04:46:50,0.4445547362450369,0
2978,0361,1,2026-06-14 04:47:00,0.2820476460578559,0
2979,0414,1,2026-06-14 04:47:00,0.7765173000567215,0
2980,0429,1,2026-06-14 04:47:00,0.2820476460578559,0
2981,0445,1,2026-06-14 04:47:00,0.4445547362450369,0
2982,0361,1,2026-06-14 04:47:10,0.2820476460578559,0
2983,0414,1,2026-06-14 04:47:10,0.7765173000567215,0
2984,0429,1,2026-06-14 04:47:10,0.2820476460578559,1
2985,0445,1,2026-06-14 04:47:10,0.4445547362450369,0
2986,0054,1,2026-06-14 04:47:20,0.5185762904140669,0
2987,0414,1,2026-06-14 04:47:20,0.7765173000567215,0
2988,0429,1,2026-06-14 04:47:20,0.2820476460578559,0
2989,0445,1,2026-06-14 04:47:20,0.4445547362450369,0
2990,0054,1,2026-06-14 04:47:30,0.5185762904140669,0
2991,0414,1,2026-06-14 04:47:30,0.7765173000567215,0
2992,0429,1,2026-06-14 04:47:30,0.2820476460578559,0
2993,0445,1,2026-06-14 04:47:30,0.4445547362450369,0
2994,0054,1,2026-06-14 04:47:40,0.5185762904140669,0
2995,0414,1,2026-06-14 04:47:40,0.7765173000567215,0
2996,0429,1,2026-06-14 04:47:40,0.2820476460578559,0
2997,0445,1,2026-06-14 04:47:40,0.4445547362450369,0
2998,0054,1,2026-06-14 04:47:50,0.5185762904140669,0
2999,0227,1,2026-06-14 04:47:50,0.7765173000567215,0
3000,0414,1,2026-06-14 04:47:50,0.7765173000567215,0
3001,0429,1,2026-06-14 04:47:50,0.2820476460578559,0
3002,0054,1,2026-06-14 04:48:00,0.5185762904140669,0
3003,0429,1,2026-06-14 04:48:00,0.2820476460578559,0
3004,0054,1,2026-06-14 04:48:10,0.5185762904140669,0
3005,0429,1,2026-06-14 04:48:10,0.2820476460578559,0
3006,0054,1,2026-06-14 04:48:20,0.5185762904140669,0
3007,0054,1,2026-06-14 04:48:30,0.5185762904140669,0
3008,0054,1,2026-06-14 04:48:40,0.5185762904140669,0
3009,0466,1,2026-06-14 06:12:40,0.6381168462847420,0
3010,0466,1,2026-06-14 06:12:50,0.6381168462847420,0
3011,0466,1,2026-06-14 06:13:00,0.6381168462847420,0
3012,0193,1,2026-06-14 06:13:10,0.5185762904140669,0
3013,0466,1,2026-06-14 06:13:10,0.6381168462847420,1
3014,0193,1,2026-06-14 06:13:20,0.5185762904140669,0
3015,0466,1,2026-06-14 06:13:20,0.6381168462847420,0
3016,0193,1,2026-06-14 06:13:30,0.5185762904140669,0
3017,0466,1,2026-06-14 06:13:30,0.6381168462847420,0
3018,0193,1,2026-06-14 06:13:40,0.5185762904140669,0
3019,0466,1,2026-06-14 06:13:40,0.6381168462847420,0
3020,0193,1,2026-06-14 06:13:50,0.5185762904140669,0
3021,0466,1,2026-06-14 06:13:50,0.6381168462847420,0
3022,0193,1,2026-06-14 06:14:00,0.5185762904140669,0
3023,0466,1,2026-06-14 06:14:00,0.6381168462847420,0
3024,0193,1,2026-06-14 06:14:10,0.5185762904140669,0
3025,0466,1,2026-06-14 06:14:10,0.6381168462847420,0
3026,0193,1,2026-06-14 06:14:20,0.5185762904140669,0
3027,0193,1,2026-06-14 06:14:30,0.5185762904140669,0
3028,0193,1,2026-06-14 06:14:40,0.5185762904140669,0
3029,0481,1,2026-06-14 06:19:10,0.3291264889393080,0
3030,0481,1,2026-06-14 06:19:20,0.3291264889393080,0
3031,0481,1,2026-06-14 06:19:30,0.3291264889393080,0
3032,0481,1,2026-06-14 06:19:40,0.3291264889393080,0
3033,0481,1,2026-06-14 06:19:50,0.3291264889393080,0
3034,0481,1,2026-06-14 06:20:00,0.3291264889393080,0
3035,0481,1,2026-06-14 06:20:10,0.3291264889393080,0
3036,0339,1,2026-06-14 06:20:20,0.7765173000567215,0
3037,0339,1,2026-06-14 06:20:30,0.7765173000567215,1
3038,0339,1,2026-06-14 06:20:40,0.7765173000567215,0
3039,0238,1,2026-06-14 06:20:50,0.6703062960862167,0
3040,0339,1,2026-06-14 06:20:50,0.7765173000567215,0
3041,0339,1,2026-06-14 06:20:50,0.7765173000567215,0
3042,0339,1,2026-06-14 06:20:50,0.7765173000567215,0
3043,0238,1,2026-06-14 06:21:00,0.6703062960862167,0
3044,0339,1,2026-06-14 06:21:00,0.7765173000567215,1
3045,0339,1,2026-06-14 06:21:00,0.7765173000567215,0
3046,0143,1,2026-06-14 06:21:10,0.1188315371525808,0
3047,0238,1,2026-06-14 06:21:10,0.6703062960862167,0
3048,0339,1,2026-06-14 06:21:10,0.7765173000567215,0
3049,0339,1,2026-06-14 06:21:10,0.7765173000567215,0
3050,0116,1,2026-06-14 06:21:20,0.5906125921724333,0
3051,0143,1,2026-06-14 06:21:20,0.1188315371525808,0
3052,0238,1,2026-06-14 06:21:20,0.6703062960862167,0
3053,0261,1,2026-06-14 06:21:20,0.5906125921724333,0
3054,0339,1,2026-06-14 06:21:20,0.7765173000567215,0
3055,0339,1,2026-06-14 06:21:20,0.7765173000567215,0
3056,0339,1,2026-06-14 06:21:20,0.7765173000567215,0
3057,0116,1,2026-06-14 06:21:30,0.5906125921724333,0
3058,0143,1,2026-06-14 06:21:30,0.1188315371525808,0
3059,0238,1,2026-06-14 06:21:30,0.6703062960862167,0
3060,0261,1,2026-06-14 06:21:30,0.5906125921724333,0
3061,0339,1,2026-06-14 06:21:30,0.7765173000567215,0
3062,0339,1,2026-06-14 06:21:30,0.7765173000567215,0
3063,0116,1,2026-06-14 06:21:40,0.5906125921724333,0
3064,0143,1,2026-06-14 06:21:40,0.1188315371525808,0
3065,0238,1,2026-06-14 06:21:40,0.6703062960862167,1
3066,0261,1,2026-06-14 06:21:40,0.5906125921724333,0
3067,0282,1,2026-06-14 06:21:40,0.9119398752127056,0
3068,0339,1,2026-06-14 06:21:40,0.7765173000567215,0
3069,0116,1,2026-06-14 06:21:50,0.5906125921724333,0
3070,0143,1,2026-06-14 06:21:50,0.1188315371525808,0
3071,0238,1,2026-06-14 06:21:50,0.6703062960862167,0
3072,0261,1,2026-06-14 06:21:50,0.5906125921724333,0
3073,0282,1,2026-06-14 06:21:50,0.9119398752127056,0
3074,0338,1,2026-06-14 06:21:50,0.6381168462847420,0
3075,0339,1,2026-06-14 06:21:50,0.7765173000567215,0
3076,0116,1,2026-06-14 06:22:00,0.5906125921724333,0
3077,0143,1,2026-06-14 06:22:00,0.1188315371525808,0
3078,0238,1,2026-06-14 06:22:00,0.6703062960862167,0
3079,0261,1,2026-06-14 06:22:00,0.5906125921724333,0
3080,0282,1,2026-06-14 06:22:00,0.9119398752127056,0
3081,0338,1,2026-06-14 06:22:00,0.6381168462847420,0
3082,0116,1,2026-06-14 06:22:10,0.5906125921724333,0
3083,0143,1,2026-06-14 06:22:10,0.1188315371525808,0
3084,0238,1,2026-06-14 06:22:10,0.6703062960862167,0
3085,0261,1,2026-06-14 06:22:10,0.5906125921724333,0
3086,0282,1,2026-06-14 06:22:10,0.9119398752127056,0
3087,0338,1,2026-06-14 06:22:10,0.6381168462847420,0
3088,0116,1,2026-06-14 06:22:20,0.5906125921724333,0
3089,0143,1,2026-06-14 06:22:20,0.1188315371525808,0
3090,0238,1,2026-06-14 06:22:20,0.6703062960862167,0
3091,0261,1,2026-06-14 06:22:20,0.5906125921724333,0
3092,0282,1,2026-06-14 06:22:20,0.9119398752127056,0
3093,0338,1,2026-06-14 06:22:20,0.6381168462847420,0
3094,0116,1,2026-06-14 06:22:30,0.5906125921724333,0
3095,0143,1,2026-06-14 06:22:30,0.1188315371525808,0
3096,0261,1,2026-06-14 06:22:30,0.5906125921724333,0
3097,0282,1,2026-06-14 06:22:30,0.9119398752127056,0
3098,0338,1,2026-06-14 06:22:30,0.6381168462847420,0
3099,0116,1,2026-06-14 06:22:40,0.5906125921724333,0
3100,0143,1,2026-06-14 06:22:40,0.1188315371525808,0
3101,0261,1,2026-06-14 06:22:40,0.5906125921724333,0
3102,0338,1,2026-06-14 06:22:40,0.6381168462847420,0
3103,0261,1,2026-06-14 06:22:50,0.5906125921724333,0
3104,0261,1,2026-06-14 06:23:00,0.5906125921724333,0
3105,0261,1,2026-06-14 06:23:10,0.5906125921724333,0
3106,0118,1,2026-06-14 06:28:40,0.3291264889393080,0
3107,0118,1,2026-06-14 06:28:50,0.3291264889393080,0
3108,0118,1,2026-06-14 06:29:00,0.3291264889393080,0
3109,0334,1,2026-06-14 06:32:30,0.5185762904140669,0
3110,0334,1,2026-06-14 06:32:40,0.5185762904140669,0
3111,0334,1,2026-06-14 06:32:50,0.5185762904140669,0
3112,0334,1,2026-06-14 06:33:00,0.5185762904140669,0
3113,0334,1,2026-06-14 06:33:10,0.5185762904140669,0
3114,0334,1,2026-06-14 06:33:20,0.5185762904140669,0
3115,0334,1,2026-06-14 06:33:30,0.5185762904140669,0
3116,0334,1,2026-06-14 06:33:40,0.5185762904140669,0
3117,0334,1,2026-06-14 06:33:50,0.5185762904140669,0
3118,0334,1,2026-06-14 06:34:00,0.5185762904140669,0
3119,0334,1,2026-06-14 06:34:10,0.5185762904140669,0
3120,0216,1,2026-06-14 07:51:20,0.7765173000567215,0
3121,0359,1,2026-06-14 07:51:20,0.0545944412932501,0
3122,0216,1,2026-06-14 07:51:30,0.7765173000567215,0
3123,0359,1,2026-06-14 07:51:30,0.0545944412932501,0
3124,0216,1,2026-06-14 07:51:40,0.7765173000567215,0
3125,0359,1,2026-06-14 07:51:40,0.0545944412932501,0
3126,0216,1,2026-06-14 07:51:50,0.7765173000567215,0
3127,0359,1,2026-06-14 07:51:50,0.0545944412932501,0
3128,0470,1,2026-06-14 07:51:50,0.7765173000567215,1
3129,0216,1,2026-06-14 07:52:00,0.7765173000567215,0
3130,0359,1,2026-06-14 07:52:00,0.0545944412932501,0
3131,0470,1,2026-06-14 07:52:00,0.7765173000567215,0
3132,0216,1,2026-06-14 07:52:10,0.7765173000567215,0
3133,0359,1,2026-06-14 07:52:10,0.0545944412932501,0
3134,0470,1,2026-06-14 07:52:10,0.7765173000567215,0
3135,0216,1,2026-06-14 07:52:20,0.7765173000567215,0
3136,0359,1,2026-06-14 07:52:20,0.0545944412932501,0
3137,0470,1,2026-06-14 07:52:20,0.7765173000567215,0
3138,0216,1,2026-06-14 07:52:30,0.7765173000567215,0
3139,0359,1,2026-06-14 07:52:30,0.0545944412932501,0
3140,0470,1,2026-06-14 07:52:30,0.7765173000567215,0
3141,0359,1,2026-06-14 07:52:40,0.0545944412932501,0
3142,0470,1,2026-06-14 07:52:40,0.7765173000567215,0
3143,0359,1,2026-06-14 07:52:50,0.0545944412932501,0
3144,0470,1,2026-06-14 07:52:50,0.7765173000567215,0
3145,0359,1,2026-06-14 07:53:00,0.0545944412932501,0
3146,0470,1,2026-06-14 07:53:00,0.7765173000567215,0
3147,0359,1,2026-06-14 07:53:10,0.0545944412932501,0
3148,0470,1,2026-06-14 07:53:10,0.7765173000567215,0
3149,0382,1,2026-06-14 07:53:20,0.6703062960862167,0
3150,0470,1,2026-06-14 07:53:20,0.7765173000567215,0
3151,0382,1,2026-06-14 07:53:30,0.6703062960862167,0
3152,0470,1,2026-06-14 07:53:30,0.7765173000567215,0
3153,0382,1,2026-06-14 07:53:40,0.6703062960862167,0
3154,0382,1,2026-06-14 07:53:50,0.6703062960862167,0
3155,0056,1,2026-06-14 07:54:00,1.0000000000000000,0
3156,0382,1,2026-06-14 07:54:00,0.6703062960862167,0
3157,0056,1,2026-06-14 07:54:10,1.0000000000000000,0
3158,0382,1,2026-06-14 07:54:10,0.6703062960862167,0
3159,0056,1,2026-06-14 07:54:20,1.0000000000000000,0
3160,0056,1,2026-06-14 07:54:30,1.0000000000000000,0
3161,0056,1,2026-06-14 07:54:40,1.0000000000000000,0
3162,0056,1,2026-06-14 07:54:50,1.0000000000000000,1
3163,0056,1,2026-06-14 07:55:00,1.0000000000000000,0
3164,0136,1,2026-06-14 07:55:30,0.6703062960862167,0
3165,0110,1,2026-06-14 07:55:40,0.1188315371525808,0
3166,0136,1,2026-06-14 07:55:40,0.6703062960862167,0
3167,0224,1,2026-06-14 07:55:40,0.4445547362450369,0
3168,0110,1,2026-06-14 07:55:50,0.1188315371525808,0
3169,0136,1,2026-06-14 07:55:50,0.6703062960862167,0
3170,0224,1,2026-06-14 07:55:50,0.4445547362450369,0
3171,0110,1,2026-06-14 07:56:00,0.1188315371525808,0
3172,0136,1,2026-06-14 07:56:00,0.6703062960862167,0
3173,0224,1,2026-06-14 07:56:00,0.4445547362450369,0
3174,0110,1,2026-06-14 07:56:10,0.1188315371525808,0
3175,0136,1,2026-06-14 07:56:10,0.6703062960862167,0
3176,0224,1,2026-06-14 07:56:10,0.4445547362450369,0
3177,0110,1,2026-06-14 07:56:20,0.1188315371525808,0
3178,0136,1,2026-06-14 07:56:20,0.6703062960862167,0
3179,0224,1,2026-06-14 07:56:20,0.4445547362450369,0
3180,0110,1,2026-06-14 07:56:30,0.1188315371525808,0
3181,0136,1,2026-06-14 07:56:30,0.6703062960862167,0
3182,0224,1,2026-06-14 07:56:30,0.4445547362450369,0
3183,0110,1,2026-06-14 07:56:40,0.1188315371525808,0
3184,0136,1,2026-06-14 07:56:40,0.6703062960862167,0
3185,0224,1,2026-06-14 07:56:40,0.4445547362450369,0
3186,0110,1,2026-06-14 07:56:50,0.1188315371525808,0
3187,0136,1,2026-06-14 07:56:50,0.6703062960862167,0
3188,0147,1,2026-06-14 07:56:50,1.0000000000000000,0
3189,0224,1,2026-06-14 07:56:50,0.4445547362450369,0
3190,0110,1,2026-06-14 07:57:00,0.1188315371525808,0
3191,0147,1,2026-06-14 07:57:00,1.0000000000000000,0
3192,0224,1,2026-06-14 07:57:00,0.4445547362450369,0
3193,0110,1,2026-06-14 07:57:10,0.1188315371525808,0
3194,0147,1,2026-06-14 07:57:10,1.0000000000000000,0
3195,0224,1,2026-06-14 07:57:10,0.4445547362450369,0
3196,0110,1,2026-06-14 07:57:20,0.1188315371525808,0
3197,0147,1,2026-06-14 07:57:20,1.0000000000000000,0
3198,0224,1,2026-06-14 07:57:20,0.4445547362450369,0
3199,0224,1,2026-06-14 07:57:30,0.4445547362450369,1
3200,0072,1,2026-06-14 07:58:20,0.5185762904140669,0
3201,0097,1,2026-06-14 07:58:20,0.4445547362450369,0
3202,0105,1,2026-06-14 07:58:20,0.1905842314237096,0
3203,0072,1,2026-06-14 07:58:30,0.5185762904140669,0
3204,0097,1,2026-06-14 07:58:30,0.4445547362450369,0
3205,0105,1,2026-06-14 07:58:30,0.1905842314237096,0
3206,0072,1,2026-06-14 07:58:40,0.5185762904140669,0
3207,0097,1,2026-06-14 07:58:40,0.4445547362450369,0
3208,0105,1,2026-06-14 07:58:40,0.1905842314237096,0
3209,0323,1,2026-06-14 07:58:40,0.4445547362450369,0
3210,0072,1,2026-06-14 07:58:50,0.5185762904140669,0
3211,0097,1,2026-06-14 07:58:50,0.4445547362450369,0
3212,0105,1,2026-06-14 07:58:50,0.1905842314237096,0
3213,0323,1,2026-06-14 07:58:50,0.4445547362450369,0
3214,0072,1,2026-06-14 07:59:00,0.5185762904140669,0
3215,0076,1,2026-06-14 07:59:00,0.1188315371525808,0
3216,0105,1,2026-06-14 07:59:00,0.1905842314237096,0
3217,0323,1,2026-06-14 07:59:00,0.4445547362450369,0
3218,0072,1,2026-06-14 07:59:10,0.5185762904140669,0
3219,0076,1,2026-06-14 07:59:10,0.1188315371525808,0
3220,0105,1,2026-06-14 07:59:10,0.1905842314237096,0
3221,0323,1,2026-06-14 07:59:10,0.4445547362450369,0
3222,0072,1,2026-06-14 07:59:20,0.5185762904140669,0
3223,0076,1,2026-06-14 07:59:20,0.1188315371525808,0
3224,0105,1,2026-06-14 07:59:20,0.1905842314237096,0
3225,0323,1,2026-06-14 07:59:20,0.4445547362450369,0
3226,0072,1,2026-06-14 07:59:30,0.5185762904140669,0
3227,0076,1,2026-06-14 07:59:30,0.1188315371525808,0
3228,0105,1,2026-06-14 07:59:30,0.1905842314237096,0
3229,0323,1,2026-06-14 07:59:30,0.4445547362450369,0
3230,0072,1,2026-06-14 07:59:40,0.5185762904140669,0
3231,0076,1,2026-06-14 07:59:40,0.1188315371525808,0
3232,0159,1,2026-06-14 07:59:40,0.2820476460578559,0
3233,0323,1,2026-06-14 07:59:40,0.4445547362450369,0
3234,0072,1,2026-06-14 07:59:50,0.5185762904140669,0
3235,0076,1,2026-06-14 07:59:50,0.1188315371525808,0
3236,0159,1,2026-06-14 07:59:50,0.2820476460578559,1
3237,0323,1,2026-06-14 07:59:50,0.4445547362450369,0
3238,0072,1,2026-06-14 08:00:00,0.5185762904140669,0
3239,0076,1,2026-06-14 08:00:00,0.1188315371525808,0
3240,0159,1,2026-06-14 08:00:00,0.2820476460578559,0
3241,0270,1,2026-06-14 08:00:00,0.5906125921724333,0
3242,0323,1,2026-06-14 08:00:00,0.4445547362450369,0
3243,0072,1,2026-06-14 08:00:10,0.5185762904140669,0
3244,0076,1,2026-06-14 08:00:10,0.1188315371525808,0
3245,0159,1,2026-06-14 08:00:10,0.2820476460578559,0
3246,0270,1,2026-06-14 08:00:10,0.5906125921724333,0
3247,0323,1,2026-06-14 08:00:10,0.4445547362450369,0
3248,0076,1,2026-06-14 08:00:20,0.1188315371525808,0
3249,0159,1,2026-06-14 08:00:20,0.2820476460578559,0
3250,0270,1,2026-06-14 08:00:20,0.5906125921724333,0
3251,0323,1,2026-06-14 08:00:20,0.4445547362450369,0
3252,0076,1,2026-06-14 08:00:30,0.1188315371525808,0
3253,0159,1,2026-06-14 08:00:30,0.2820476460578559,0
3254,0270,1,2026-06-14 08:00:30,0.5906125921724333,0
3255,0323,1,2026-06-14 08:00:30,0.4445547362450369,0
3256,0076,1,2026-06-14 08:00:40,0.1188315371525808,0
3257,0159,1,2026-06-14 08:00:40,0.2820476460578559,0
3258,0270,1,2026-06-14 08:00:40,0.5906125921724333,0
3259,0076,1,2026-06-14 08:00:50,0.1188315371525808,0
3260,0159,1,2026-06-14 08:00:50,0.2820476460578559,0
3261,0270,1,2026-06-14 08:00:50,0.5906125921724333,0
3262,0159,1,2026-06-14 08:01:00,0.2820476460578559,0
3263,0100,1,2026-06-14 08:05:00,0.2820476460578559,0
3264,0100,1,2026-06-14 08:05:10,0.2820476460578559,0
3265,0100,1,2026-06-14 08:05:20,0.2820476460578559,0
3266,0100,1,2026-06-14 08:05:30,0.2820476460578559,0
3267,0100,1,2026-06-14 08:05:40,0.2820476460578559,0
3268,0100,1,2026-06-14 08:05:50,0.2820476460578559,1
3269,0100,1,2026-06-14 08:06:00,0.2820476460578559,0
3270,0486,1,2026-06-14 08:06:20,0.3291264889393080,0
3271,0486,1,2026-06-14 08:06:30,0.3291264889393080,1
3272,0486,1,2026-06-14 08:06:30,0.3291264889393080,0
3273,0486,1,2026-06-14 08:06:40,0.3291264889393080,0
3274,0486,1,2026-06-14 08:06:40,0.3291264889393080,0
3275,0486,1,2026-06-14 08:06:40,0.3291264889393080,0
3276,0486,1,2026-06-14 08:06:50,0.3291264889393080,1
3277,0486,1,2026-06-14 08:06:50,0.3291264889393080,0
3278,0486,1,2026-06-14 08:06:50,0.3291264889393080,0
3279,0486,1,2026-06-14 08:06:50,0.3291264889393080,0
3280,0486,1,2026-06-14 08:07:00,0.3291264889393080,1
3281,0486,1,2026-06-14 08:07:00,0.3291264889393080,0
3282,0486,1,2026-06-14 08:07:00,0.3291264889393080,0
3283,0486,1,2026-06-14 08:07:00,0.3291264889393080,0
3284,0486,1,2026-06-14 08:07:00,0.3291264889393080,0
3285,0486,1,2026-06-14 08:07:10,0.3291264889393080,0
3286,0486,1,2026-06-14 08:07:10,0.3291264889393080,0
3287,0486,1,2026-06-14 08:07:10,0.3291264889393080,0
3288,0486,1,2026-06-14 08:07:10,0.3291264889393080,0
3289,0486,1,2026-06-14 08:07:10,0.3291264889393080,0
3290,0486,1,2026-06-14 08:07:10,0.3291264889393080,0
3291,0486,1,2026-06-14 08:07:10,0.3291264889393080,0
3292,0486,1,2026-06-14 08:07:20,0.3291264889393080,0
3293,0486,1,2026-06-14 08:07:20,0.3291264889393080,0
3294,0486,1,2026-06-14 08:07:20,0.3291264889393080,0
3295,0486,1,2026-06-14 08:07:20,0.3291264889393080,0
3296,0486,1,2026-06-14 08:07:20,0.3291264889393080,0
3297,0486,1,2026-06-14 08:07:20,0.3291264889393080,0
3298,0486,1,2026-06-14 08:07:20,0.3291264889393080,0
3299,0486,1,2026-06-14 08:07:30,0.3291264889393080,0
3300,0486,1,2026-06-14 08:07:30,0.3291264889393080,0
3301,0486,1,2026-06-14 08:07:30,0.3291264889393080,0
3302,0486,1,2026-06-14 08:07:30,0.3291264889393080,0
3303,0486,1,2026-06-14 08:07:30,0.3291264889393080,0
3304,0486,1,2026-06-14 08:07:40,0.3291264889393080,0
3305,0486,1,2026-06-14 08:07:40,0.3291264889393080,0
3306,0486,1,2026-06-14 08:07:50,0.3291264889393080,0
3307,0486,1,2026-06-14 08:07:50,0.3291264889393080,0
3308,0486,1,2026-06-14 08:08:00,0.3291264889393080,0
3309,0486,1,2026-06-14 08:08:00,0.3291264889393080,0
3310,006,1,2026-06-14 08:08:50,0.9119398752127056,0
3311,006,1,2026-06-14 08:09:00,0.9119398752127056,1
3312,0023,1,2026-06-14 08:09:00,0.0545944412932501,0
3313,006,1,2026-06-14 08:09:10,0.9119398752127056,0
3314,0023,1,2026-06-14 08:09:10,0.0545944412932501,0
3315,006,1,2026-06-14 08:09:20,0.9119398752127056,0
3316,0023,1,2026-06-14 08:09:20,0.0545944412932501,0
3317,006,1,2026-06-14 08:09:30,0.9119398752127056,0
3318,0023,1,2026-06-14 08:09:30,0.0545944412932501,0
3319,006,1,2026-06-14 08:09:40,0.9119398752127056,0
3320,0023,1,2026-06-14 08:09:40,0.0545944412932501,0
3321,006,1,2026-06-14 08:09:50,0.9119398752127056,0
3322,006,1,2026-06-14 08:10:00,0.9119398752127056,0
3323,006,1,2026-06-14 08:10:10,0.9119398752127056,0
3324,006,1,2026-06-14 08:10:20,0.9119398752127056,0
3325,0030,1,2026-06-14 08:16:20,0.1905842314237096,0
3326,0030,1,2026-06-14 08:16:30,0.1905842314237096,0
3327,0030,1,2026-06-14 08:16:40,0.1905842314237096,0
3328,0030,1,2026-06-14 08:16:50,0.1905842314237096,0
3329,0030,1,2026-06-14 08:17:00,0.1905842314237096,0
3330,0030,1,2026-06-14 08:17:10,0.1905842314237096,1
3331,0030,1,2026-06-14 08:17:20,0.1905842314237096,0
3332,0030,1,2026-06-14 08:17:30,0.1905842314237096,0
3333,0016,1,2026-06-14 09:30:10,0.4445547362450369,0
3334,0016,1,2026-06-14 09:30:10,0.4445547362450369,0
3335,0016,1,2026-06-14 09:30:10,0.4445547362450369,0
3336,0178,1,2026-06-14 09:30:10,0.1905842314237096,0
3337,0016,1,2026-06-14 09:30:20,0.4445547362450369,0
3338,0016,1,2026-06-14 09:30:20,0.4445547362450369,0
3339,0016,1,2026-06-14 09:30:20,0.4445547362450369,0
3340,0178,1,2026-06-14 09:30:20,0.1905842314237096,0
3341,0016,1,2026-06-14 09:30:30,0.4445547362450369,0
3342,0016,1,2026-06-14 09:30:30,0.4445547362450369,0
3343,0016,1,2026-06-14 09:30:30,0.4445547362450369,0
3344,0178,1,2026-06-14 09:30:30,0.1905842314237096,0
3345,0016,1,2026-06-14 09:30:40,0.4445547362450369,0
3346,0016,1,2026-06-14 09:30:40,0.4445547362450369,0
3347,0016,1,2026-06-14 09:30:40,0.4445547362450369,0
3348,0016,1,2026-06-14 09:30:40,0.4445547362450369,0
3349,0016,1,2026-06-14 09:30:40,0.4445547362450369,0
3350,0178,1,2026-06-14 09:30:40,0.1905842314237096,0
3351,0016,1,2026-06-14 09:30:50,0.4445547362450369,0
3352,0016,1,2026-06-14 09:30:50,0.4445547362450369,0
3353,0016,1,2026-06-14 09:30:50,0.4445547362450369,0
3354,0016,1,2026-06-14 09:30:50,0.4445547362450369,0
3355,0016,1,2026-06-14 09:30:50,0.4445547362450369,0
3356,0178,1,2026-06-14 09:30:50,0.1905842314237096,0
3357,0016,1,2026-06-14 09:31:00,0.4445547362450369,0
3358,0016,1,2026-06-14 09:31:00,0.4445547362450369,0
3359,0016,1,2026-06-14 09:31:00,0.4445547362450369,0
3360,0016,1,2026-06-14 09:31:00,0.4445547362450369,0
3361,0016,1,2026-06-14 09:31:00,0.4445547362450369,0
3362,0016,1,2026-06-14 09:31:00,0.4445547362450369,0
3363,0178,1,2026-06-14 09:31:00,0.1905842314237096,0
3364,0016,1,2026-06-14 09:31:10,0.4445547362450369,0
3365,0016,1,2026-06-14 09:31:10,0.4445547362450369,0
3366,0016,1,2026-06-14 09:31:10,0.4445547362450369,0
3367,0016,1,2026-06-14 09:31:10,0.4445547362450369,0
3368,0016,1,2026-06-14 09:31:10,0.4445547362450369,0
3369,0016,1,2026-06-14 09:31:10,0.4445547362450369,0
3370,0016,1,2026-06-14 09:31:10,0.4445547362450369,0
3371,0016,1,2026-06-14 09:31:10,0.4445547362450369,0
3372,0178,1,2026-06-14 09:31:10,0.1905842314237096,0
3373,0247,1,2026-06-14 09:31:10,0.7765173000567215,0
3374,0247,1,2026-06-14 09:31:10,0.7765173000567215,0
3375,0247,1,2026-06-14 09:31:10,0.7765173000567215,0
3376,0276,1,2026-06-14 09:31:10,0.0545944412932501,0
3377,0016,1,2026-06-14 09:31:20,0.4445547362450369,0
3378,0016,1,2026-06-14 09:31:20,0.4445547362450369,0
3379,0016,1,2026-06-14 09:31:20,0.4445547362450369,0
3380,0016,1,2026-06-14 09:31:20,0.4445547362450369,0
3381,0016,1,2026-06-14 09:31:20,0.4445547362450369,0
3382,0016,1,2026-06-14 09:31:20,0.4445547362450369,0
3383,0016,1,2026-06-14 09:31:20,0.4445547362450369,1
3384,0016,1,2026-06-14 09:31:20,0.4445547362450369,0
3385,0178,1,2026-06-14 09:31:20,0.1905842314237096,0
3386,0199,1,2026-06-14 09:31:20,0.1188315371525808,0
3387,0247,1,2026-06-14 09:31:20,0.7765173000567215,0
3388,0247,1,2026-06-14 09:31:20,0.7765173000567215,0
3389,0247,1,2026-06-14 09:31:20,0.7765173000567215,0
3390,0276,1,2026-06-14 09:31:20,0.0545944412932501,0
3391,0016,1,2026-06-14 09:31:30,0.4445547362450369,0
3392,0016,1,2026-06-14 09:31:30,0.4445547362450369,0
3393,0016,1,2026-06-14 09:31:30,0.4445547362450369,0
3394,0016,1,2026-06-14 09:31:30,0.4445547362450369,0
3395,0178,1,2026-06-14 09:31:30,0.1905842314237096,0
3396,0199,1,2026-06-14 09:31:30,0.1188315371525808,0
3397,0247,1,2026-06-14 09:31:30,0.7765173000567215,0
3398,0247,1,2026-06-14 09:31:30,0.7765173000567215,0
3399,0247,1,2026-06-14 09:31:30,0.7765173000567215,0
3400,0276,1,2026-06-14 09:31:30,0.0545944412932501,0
3401,0016,1,2026-06-14 09:31:40,0.4445547362450369,0
3402,0016,1,2026-06-14 09:31:40,0.4445547362450369,0
3403,0016,1,2026-06-14 09:31:40,0.4445547362450369,0
3404,0016,1,2026-06-14 09:31:40,0.4445547362450369,0
3405,0178,1,2026-06-14 09:31:40,0.1905842314237096,0
3406,0199,1,2026-06-14 09:31:40,0.1188315371525808,0
3407,0247,1,2026-06-14 09:31:40,0.7765173000567215,0
3408,0247,1,2026-06-14 09:31:40,0.7765173000567215,0
3409,0247,1,2026-06-14 09:31:40,0.7765173000567215,0
3410,0247,1,2026-06-14 09:31:40,0.7765173000567215,0
3411,0247,1,2026-06-14 09:31:40,0.7765173000567215,0
3412,0276,1,2026-06-14 09:31:40,0.0545944412932501,0
3413,0285,1,2026-06-14 09:31:40,1.0000000000000000,0
3414,0016,1,2026-06-14 09:31:50,0.4445547362450369,0
3415,0016,1,2026-06-14 09:31:50,0.4445547362450369,0
3416,0178,1,2026-06-14 09:31:50,0.1905842314237096,0
3417,0199,1,2026-06-14 09:31:50,0.1188315371525808,0
3418,0230,1,2026-06-14 09:31:50,0.4445547362450369,0
3419,0247,1,2026-06-14 09:31:50,0.7765173000567215,0
3420,0247,1,2026-06-14 09:31:50,0.7765173000567215,0
3421,0247,1,2026-06-14 09:31:50,0.7765173000567215,0
3422,0247,1,2026-06-14 09:31:50,0.7765173000567215,0
3423,0247,1,2026-06-14 09:31:50,0.7765173000567215,1
3424,0247,1,2026-06-14 09:31:50,0.7765173000567215,0
3425,0276,1,2026-06-14 09:31:50,0.0545944412932501,0
3426,0285,1,2026-06-14 09:31:50,1.0000000000000000,0
3427,0353,1,2026-06-14 09:31:50,1.0000000000000000,0
3428,0042,1,2026-06-14 09:32:00,0.3291264889393080,0
3429,0134,1,2026-06-14 09:32:00,0.9119398752127056,0
3430,0155,1,2026-06-14 09:32:00,0.2820476460578559,0
3431,0199,1,2026-06-14 09:32:00,0.1188315371525808,0
3432,0211,1,2026-06-14 09:32:00,0.2820476460578559,0
3433,0230,1,2026-06-14 09:32:00,0.4445547362450369,0
3434,0247,1,2026-06-14 09:32:00,0.7765173000567215,0
3435,0247,1,2026-06-14 09:32:00,0.7765173000567215,0
3436,0247,1,2026-06-14 09:32:00,0.7765173000567215,0
3437,0247,1,2026-06-14 09:32:00,0.7765173000567215,0
3438,0247,1,2026-06-14 09:32:00,0.7765173000567215,0
3439,0269,1,2026-06-14 09:32:00,0.7765173000567215,0
3440,0276,1,2026-06-14 09:32:00,0.0545944412932501,0
3441,0285,1,2026-06-14 09:32:00,1.0000000000000000,0
3442,0327,1,2026-06-14 09:32:00,0.9119398752127056,0
3443,0353,1,2026-06-14 09:32:00,1.0000000000000000,0
3444,0412,1,2026-06-14 09:32:00,0.7765173000567215,0
3445,0425,1,2026-06-14 09:32:00,0.3291264889393080,0
3446,0042,1,2026-06-14 09:32:10,0.3291264889393080,0
3447,0134,1,2026-06-14 09:32:10,0.9119398752127056,0
3448,0155,1,2026-06-14 09:32:10,0.2820476460578559,0
3449,0199,1,2026-06-14 09:32:10,0.1188315371525808,0
3450,0211,1,2026-06-14 09:32:10,0.2820476460578559,0
3451,0230,1,2026-06-14 09:32:10,0.4445547362450369,0
3452,0247,1,2026-06-14 09:32:10,0.7765173000567215,0
3453,0247,1,2026-06-14 09:32:10,0.7765173000567215,0
3454,0247,1,2026-06-14 09:32:10,0.7765173000567215,0
3455,0247,1,2026-06-14 09:32:10,0.7765173000567215,0
3456,0247,1,2026-06-14 09:32:10,0.7765173000567215,0
3457,0269,1,2026-06-14 09:32:10,0.7765173000567215,0
3458,0276,1,2026-06-14 09:32:10,0.0545944412932501,0
3459,0285,1,2026-06-14 09:32:10,1.0000000000000000,0
3460,0327,1,2026-06-14 09:32:10,0.9119398752127056,0
3461,0353,1,2026-06-14 09:32:10,1.0000000000000000,0
3462,0412,1,2026-06-14 09:32:10,0.7765173000567215,0
3463,0425,1,2026-06-14 09:32:10,0.3291264889393080,0
3464,0042,1,2026-06-14 09:32:20,0.3291264889393080,0
3465,0134,1,2026-06-14 09:32:20,0.9119398752127056,0
3466,0155,1,2026-06-14 09:32:20,0.2820476460578559,0
3467,0199,1,2026-06-14 09:32:20,0.1188315371525808,0
3468,0211,1,2026-06-14 09:32:20,0.2820476460578559,0
3469,0230,1,2026-06-14 09:32:20,0.4445547362450369,0
3470,0247,1,2026-06-14 09:32:20,0.7765173000567215,0
3471,0247,1,2026-06-14 09:32:20,0.7765173000567215,0
3472,0247,1,2026-06-14 09:32:20,0.7765173000567215,1
3473,0247,1,2026-06-14 09:32:20,0.7765173000567215,0
3474,0269,1,2026-06-14 09:32:20,0.7765173000567215,0
3475,0276,1,2026-06-14 09:32:20,0.0545944412932501,0
3476,0285,1,2026-06-14 09:32:20,1.0000000000000000,0
3477,0306,1,2026-06-14 09:32:20,0.5906125921724333,0
3478,0327,1,2026-06-14 09:32:20,0.9119398752127056,0
3479,0353,1,2026-06-14 09:32:20,1.0000000000000000,0
3480,0412,1,2026-06-14 09:32:20,0.7765173000567215,0
3481,0425,1,2026-06-14 09:32:20,0.3291264889393080,0
3482,0042,1,2026-06-14 09:32:30,0.3291264889393080,0
3483,0134,1,2026-06-14 09:32:30,0.9119398752127056,0
3484,0155,1,2026-06-14 09:32:30,0.2820476460578559,0
3485,0199,1,2026-06-14 09:32:30,0.1188315371525808,0
3486,0211,1,2026-06-14 09:32:30,0.2820476460578559,0
3487,0230,1,2026-06-14 09:32:30,0.4445547362450369,0
3488,0247,1,2026-06-14 09:32:30,0.7765173000567215,0
3489,0247,1,2026-06-14 09:32:30,0.7765173000567215,0
3490,0247,1,2026-06-14 09:32:30,0.7765173000567215,0
3491,0269,1,2026-06-14 09:32:30,0.7765173000567215,0
3492,0276,1,2026-06-14 09:32:30,0.0545944412932501,0
3493,0285,1,2026-06-14 09:32:30,1.0000000000000000,0
3494,0306,1,2026-06-14 09:32:30,0.5906125921724333,0
3495,0327,1,2026-06-14 09:32:30,0.9119398752127056,0
3496,0353,1,2026-06-14 09:32:30,1.0000000000000000,0
3497,0412,1,2026-06-14 09:32:30,0.7765173000567215,0
3498,0425,1,2026-06-14 09:32:30,0.3291264889393080,0
3499,0042,1,2026-06-14 09:32:40,0.3291264889393080,0
3500,0108,1,2026-06-14 09:32:40,0.1905842314237096,0
3501,0134,1,2026-06-14 09:32:40,0.9119398752127056,0
3502,0155,1,2026-06-14 09:32:40,0.2820476460578559,0
3503,0199,1,2026-06-14 09:32:40,0.1188315371525808,0
3504,0247,1,2026-06-14 09:32:40,0.7765173000567215,0
3505,0247,1,2026-06-14 09:32:40,0.7765173000567215,0
3506,0269,1,2026-06-14 09:32:40,0.7765173000567215,0
3507,0276,1,2026-06-14 09:32:40,0.0545944412932501,0
3508,0285,1,2026-06-14 09:32:40,1.0000000000000000,0
3509,0327,1,2026-06-14 09:32:40,0.9119398752127056,0
3510,0412,1,2026-06-14 09:32:40,0.7765173000567215,0
3511,0425,1,2026-06-14 09:32:40,0.3291264889393080,0
3512,0042,1,2026-06-14 09:32:50,0.3291264889393080,0
3513,0108,1,2026-06-14 09:32:50,0.1905842314237096,0
3514,0134,1,2026-06-14 09:32:50,0.9119398752127056,0
3515,0155,1,2026-06-14 09:32:50,0.2820476460578559,0
3516,0199,1,2026-06-14 09:32:50,0.1188315371525808,0
3517,0269,1,2026-06-14 09:32:50,0.7765173000567215,0
3518,0285,1,2026-06-14 09:32:50,1.0000000000000000,0
3519,0327,1,2026-06-14 09:32:50,0.9119398752127056,0
3520,0412,1,2026-06-14 09:32:50,0.7765173000567215,0
3521,0425,1,2026-06-14 09:32:50,0.3291264889393080,0
3522,0042,1,2026-06-14 09:33:00,0.3291264889393080,0
3523,0108,1,2026-06-14 09:33:00,0.1905842314237096,0
3524,0134,1,2026-06-14 09:33:00,0.9119398752127056,0
3525,0155,1,2026-06-14 09:33:00,0.2820476460578559,0
3526,0199,1,2026-06-14 09:33:00,0.1188315371525808,0
3527,0269,1,2026-06-14 09:33:00,0.7765173000567215,0
3528,0285,1,2026-06-14 09:33:00,1.0000000000000000,0
3529,0327,1,2026-06-14 09:33:00,0.9119398752127056,0
3530,0403,1,2026-06-14 09:33:00,0.5185762904140669,0
3531,0412,1,2026-06-14 09:33:00,0.7765173000567215,0
3532,0042,1,2026-06-14 09:33:10,0.3291264889393080,0
3533,0108,1,2026-06-14 09:33:10,0.1905842314237096,0
3534,0134,1,2026-06-14 09:33:10,0.9119398752127056,0
3535,0155,1,2026-06-14 09:33:10,0.2820476460578559,0
3536,0199,1,2026-06-14 09:33:10,0.1188315371525808,0
3537,0269,1,2026-06-14 09:33:10,0.7765173000567215,0
3538,0327,1,2026-06-14 09:33:10,0.9119398752127056,0
3539,0412,1,2026-06-14 09:33:10,0.7765173000567215,0
3540,0042,1,2026-06-14 09:33:20,0.3291264889393080,0
3541,0108,1,2026-06-14 09:33:20,0.1905842314237096,0
3542,0134,1,2026-06-14 09:33:20,0.9119398752127056,0
3543,0155,1,2026-06-14 09:33:20,0.2820476460578559,0
3544,0269,1,2026-06-14 09:33:20,0.7765173000567215,0
3545,0327,1,2026-06-14 09:33:20,0.9119398752127056,0
3546,0412,1,2026-06-14 09:33:20,0.7765173000567215,0
3547,0042,1,2026-06-14 09:33:30,0.3291264889393080,0
3548,0108,1,2026-06-14 09:33:30,0.1905842314237096,0
3549,0134,1,2026-06-14 09:33:30,0.9119398752127056,0
3550,0155,1,2026-06-14 09:33:30,0.2820476460578559,0
3551,0269,1,2026-06-14 09:33:30,0.7765173000567215,0
3552,0327,1,2026-06-14 09:33:30,0.9119398752127056,0
3553,0412,1,2026-06-14 09:33:30,0.7765173000567215,0
3554,0042,1,2026-06-14 09:33:40,0.3291264889393080,0
3555,0108,1,2026-06-14 09:33:40,0.1905842314237096,0
3556,0134,1,2026-06-14 09:33:40,0.9119398752127056,0
3557,0155,1,2026-06-14 09:33:40,0.2820476460578559,0
3558,0269,1,2026-06-14 09:33:40,0.7765173000567215,0
3559,0327,1,2026-06-14 09:33:40,0.9119398752127056,0
3560,0412,1,2026-06-14 09:33:40,0.7765173000567215,0
3561,0108,1,2026-06-14 09:33:50,0.1905842314237096,0
3562,0327,1,2026-06-14 09:33:50,0.9119398752127056,1
3563,0108,1,2026-06-14 09:34:00,0.1905842314237096,0
3564,0108,1,2026-06-14 09:34:10,0.1905842314237096,0
3565,0495,1,2026-06-14 09:35:30,0.9119398752127056,0
3566,0495,1,2026-06-14 09:35:40,0.9119398752127056,0
3567,0423,1,2026-06-14 09:35:50,0.1188315371525808,0
3568,0495,1,2026-06-14 09:35:50,0.9119398752127056,0
3569,0423,1,2026-06-14 09:36:00,0.1188315371525808,0
3570,0495,1,2026-06-14 09:36:00,0.9119398752127056,0
3571,0423,1,2026-06-14 09:36:10,0.1188315371525808,0
3572,0495,1,2026-06-14 09:36:10,0.9119398752127056,0
3573,0423,1,2026-06-14 09:36:20,0.1188315371525808,0
3574,0495,1,2026-06-14 09:36:20,0.9119398752127056,0
3575,0423,1,2026-06-14 09:36:30,0.1188315371525808,0
3576,0495,1,2026-06-14 09:36:30,0.9119398752127056,0
3577,0423,1,2026-06-14 09:36:40,0.1188315371525808,0
3578,0495,1,2026-06-14 09:36:40,0.9119398752127056,0
3579,0423,1,2026-06-14 09:36:50,0.1188315371525808,0
3580,0495,1,2026-06-14 09:36:50,0.9119398752127056,0
3581,0423,1,2026-06-14 09:37:00,0.1188315371525808,0
3582,0495,1,2026-06-14 09:37:00,0.9119398752127056,0
3583,0423,1,2026-06-14 09:37:10,0.1188315371525808,0
3584,0495,1,2026-06-14 09:37:10,0.9119398752127056,0
3585,0423,1,2026-06-14 09:37:20,0.1188315371525808,0
3586,0495,1,2026-06-14 09:37:20,0.9119398752127056,0
3587,0016,2,2026-06-13 10:22:00,0.4445547362450369,0
3588,0016,2,2026-06-13 10:22:00,0.4445547362450369,0
3589,0016,2,2026-06-13 10:22:00,0.4445547362450369,0
3590,0016,2,2026-06-13 10:22:10,0.4445547362450369,0
3591,0016,2,2026-06-13 10:22:10,0.4445547362450369,0
3592,0178,2,2026-06-13 10:22:10,0.1905842314237096,0
3593,0016,2,2026-06-13 10:22:20,0.4445547362450369,0
3594,0016,2,2026-06-13 10:22:20,0.4445547362450369,0
3595,0016,2,2026-06-13 10:22:20,0.4445547362450369,0
3596,0178,2,2026-06-13 10:22:20,0.1905842314237096,1
3597,0016,2,2026-06-13 10:22:30,0.4445547362450369,0
3598,0016,2,2026-06-13 10:22:30,0.4445547362450369,0
3599,0016,2,2026-06-13 10:22:30,0.4445547362450369,0
3600,0016,2,2026-06-13 10:22:30,0.4445547362450369,0
3601,0178,2,2026-06-13 10:22:30,0.1905842314237096,0
3602,0016,2,2026-06-13 10:22:40,0.4445547362450369,0
3603,0016,2,2026-06-13 10:22:40,0.4445547362450369,0
3604,0016,2,2026-06-13 10:22:40,0.4445547362450369,0
3605,0016,2,2026-06-13 10:22:40,0.4445547362450369,0
3606,0016,2,2026-06-13 10:22:40,0.4445547362450369,0
3607,0016,2,2026-06-13 10:22:40,0.4445547362450369,0
3608,0016,2,2026-06-13 10:22:40,0.4445547362450369,0
3609,0016,2,2026-06-13 10:22:40,0.4445547362450369,0
3610,0178,2,2026-06-13 10:22:40,0.1905842314237096,0
3611,0016,2,2026-06-13 10:22:50,0.4445547362450369,0
3612,0016,2,2026-06-13 10:22:50,0.4445547362450369,0
3613,0016,2,2026-06-13 10:22:50,0.4445547362450369,0
3614,0016,2,2026-06-13 10:22:50,0.4445547362450369,0
3615,0016,2,2026-06-13 10:22:50,0.4445547362450369,1
3616,0016,2,2026-06-13 10:22:50,0.4445547362450369,0
3617,0016,2,2026-06-13 10:22:50,0.4445547362450369,0
3618,0178,2,2026-06-13 10:22:50,0.1905842314237096,0
3619,0016,2,2026-06-13 10:23:00,0.4445547362450369,0
3620,0016,2,2026-06-13 10:23:00,0.4445547362450369,0
3621,0016,2,2026-06-13 10:23:00,0.4445547362450369,0
3622,0016,2,2026-06-13 10:23:00,0.4445547362450369,0
3623,0016,2,2026-06-13 10:23:00,0.4445547362450369,0
3624,0016,2,2026-06-13 10:23:00,0.4445547362450369,0
3625,0178,2,2026-06-13 10:23:00,0.1905842314237096,0
3626,0247,2,2026-06-13 10:23:00,0.7765173000567215,0
3627,0247,2,2026-06-13 10:23:00,0.7765173000567215,0
3628,0247,2,2026-06-13 10:23:00,0.7765173000567215,0
3629,0016,2,2026-06-13 10:23:10,0.4445547362450369,0
3630,0016,2,2026-06-13 10:23:10,0.4445547362450369,0
3631,0016,2,2026-06-13 10:23:10,0.4445547362450369,0
3632,0016,2,2026-06-13 10:23:10,0.4445547362450369,0
3633,0016,2,2026-06-13 10:23:10,0.4445547362450369,0
3634,0016,2,2026-06-13 10:23:10,0.4445547362450369,0
3635,0178,2,2026-06-13 10:23:10,0.1905842314237096,0
3636,0247,2,2026-06-13 10:23:10,0.7765173000567215,0
3637,0247,2,2026-06-13 10:23:10,0.7765173000567215,0
3638,0276,2,2026-06-13 10:23:10,0.0545944412932501,0
3639,0016,2,2026-06-13 10:23:20,0.4445547362450369,0
3640,0016,2,2026-06-13 10:23:20,0.4445547362450369,0
3641,0016,2,2026-06-13 10:23:20,0.4445547362450369,0
3642,0016,2,2026-06-13 10:23:20,0.4445547362450369,0
3643,0178,2,2026-06-13 10:23:20,0.1905842314237096,0
3644,0199,2,2026-06-13 10:23:20,0.1188315371525808,0
3645,0247,2,2026-06-13 10:23:20,0.7765173000567215,0
3646,0247,2,2026-06-13 10:23:20,0.7765173000567215,0
3647,0247,2,2026-06-13 10:23:20,0.7765173000567215,0
3648,0276,2,2026-06-13 10:23:20,0.0545944412932501,0
3649,0016,2,2026-06-13 10:23:30,0.4445547362450369,0
3650,0016,2,2026-06-13 10:23:30,0.4445547362450369,0
3651,0178,2,2026-06-13 10:23:30,0.1905842314237096,0
3652,0199,2,2026-06-13 10:23:30,0.1188315371525808,0
3653,0247,2,2026-06-13 10:23:30,0.7765173000567215,0
3654,0247,2,2026-06-13 10:23:30,0.7765173000567215,0
3655,0247,2,2026-06-13 10:23:30,0.7765173000567215,0
3656,0247,2,2026-06-13 10:23:30,0.7765173000567215,0
3657,0276,2,2026-06-13 10:23:30,0.0545944412932501,0
3658,0285,2,2026-06-13 10:23:30,1.0000000000000000,0
3659,0016,2,2026-06-13 10:23:40,0.4445547362450369,0
3660,0016,2,2026-06-13 10:23:40,0.4445547362450369,0
3661,0016,2,2026-06-13 10:23:40,0.4445547362450369,0
3662,0178,2,2026-06-13 10:23:40,0.1905842314237096,0
3663,0199,2,2026-06-13 10:23:40,0.1188315371525808,0
3664,0230,2,2026-06-13 10:23:40,0.4445547362450369,0
3665,0247,2,2026-06-13 10:23:40,0.7765173000567215,0
3666,0247,2,2026-06-13 10:23:40,0.7765173000567215,0
3667,0247,2,2026-06-13 10:23:40,0.7765173000567215,0
3668,0247,2,2026-06-13 10:23:40,0.7765173000567215,0
3669,0247,2,2026-06-13 10:23:40,0.7765173000567215,0
3670,0247,2,2026-06-13 10:23:40,0.7765173000567215,0
3671,0247,2,2026-06-13 10:23:40,0.7765173000567215,0
3672,0276,2,2026-06-13 10:23:40,0.0545944412932501,0
3673,0285,2,2026-06-13 10:23:40,1.0000000000000000,0
3674,0353,2,2026-06-13 10:23:40,1.0000000000000000,0
3675,0016,2,2026-06-13 10:23:50,0.4445547362450369,0
3676,0016,2,2026-06-13 10:23:50,0.4445547362450369,0
3677,0016,2,2026-06-13 10:23:50,0.4445547362450369,0
3678,0042,2,2026-06-13 10:23:50,0.3291264889393080,0
3679,0134,2,2026-06-13 10:23:50,0.9119398752127056,0
3680,0178,2,2026-06-13 10:23:50,0.1905842314237096,0
3681,0199,2,2026-06-13 10:23:50,0.1188315371525808,0
3682,0211,2,2026-06-13 10:23:50,0.2820476460578559,0
3683,0230,2,2026-06-13 10:23:50,0.4445547362450369,0
3684,0247,2,2026-06-13 10:23:50,0.7765173000567215,0
3685,0247,2,2026-06-13 10:23:50,0.7765173000567215,0
3686,0247,2,2026-06-13 10:23:50,0.7765173000567215,0
3687,0247,2,2026-06-13 10:23:50,0.7765173000567215,0
3688,0247,2,2026-06-13 10:23:50,0.7765173000567215,0
3689,0247,2,2026-06-13 10:23:50,0.7765173000567215,0
3690,0247,2,2026-06-13 10:23:50,0.7765173000567215,0
3691,0276,2,2026-06-13 10:23:50,0.0545944412932501,0
3692,0285,2,2026-06-13 10:23:50,1.0000000000000000,0
3693,0353,2,2026-06-13 10:23:50,1.0000000000000000,0
3694,0412,2,2026-06-13 10:23:50,0.7765173000567215,0
3695,0425,2,2026-06-13 10:23:50,0.3291264889393080,0
3696,0042,2,2026-06-13 10:24:00,0.3291264889393080,0
3697,0134,2,2026-06-13 10:24:00,0.9119398752127056,0
3698,0155,2,2026-06-13 10:24:00,0.2820476460578559,0
3699,0199,2,2026-06-13 10:24:00,0.1188315371525808,0
3700,0211,2,2026-06-13 10:24:00,0.2820476460578559,0
3701,0230,2,2026-06-13 10:24:00,0.4445547362450369,0
3702,0247,2,2026-06-13 10:24:00,0.7765173000567215,0
3703,0247,2,2026-06-13 10:24:00,0.7765173000567215,0
3704,0247,2,2026-06-13 10:24:00,0.7765173000567215,0
3705,0269,2,2026-06-13 10:24:00,0.7765173000567215,0
3706,0276,2,2026-06-13 10:24:00,0.0545944412932501,0
3707,0285,2,2026-06-13 10:24:00,1.0000000000000000,0
3708,0306,2,2026-06-13 10:24:00,0.5906125921724333,0
3709,0327,2,2026-06-13 10:24:00,0.9119398752127056,0
3710,0353,2,2026-06-13 10:24:00,1.0000000000000000,0
3711,0412,2,2026-06-13 10:24:00,0.7765173000567215,0
3712,0425,2,2026-06-13 10:24:00,0.3291264889393080,0
3713,0042,2,2026-06-13 10:24:10,0.3291264889393080,0
3714,0134,2,2026-06-13 10:24:10,0.9119398752127056,0
3715,0155,2,2026-06-13 10:24:10,0.2820476460578559,0
3716,0199,2,2026-06-13 10:24:10,0.1188315371525808,0
3717,0211,2,2026-06-13 10:24:10,0.2820476460578559,0
3718,0230,2,2026-06-13 10:24:10,0.4445547362450369,0
3719,0247,2,2026-06-13 10:24:10,0.7765173000567215,0
3720,0247,2,2026-06-13 10:24:10,0.7765173000567215,0
3721,0247,2,2026-06-13 10:24:10,0.7765173000567215,0
3722,0269,2,2026-06-13 10:24:10,0.7765173000567215,0
3723,0276,2,2026-06-13 10:24:10,0.0545944412932501,0
3724,0285,2,2026-06-13 10:24:10,1.0000000000000000,0
3725,0306,2,2026-06-13 10:24:10,0.5906125921724333,0
3726,0327,2,2026-06-13 10:24:10,0.9119398752127056,0
3727,0353,2,2026-06-13 10:24:10,1.0000000000000000,0
3728,0412,2,2026-06-13 10:24:10,0.7765173000567215,0
3729,0425,2,2026-06-13 10:24:10,0.3291264889393080,0
3730,0042,2,2026-06-13 10:24:20,0.3291264889393080,0
3731,0134,2,2026-06-13 10:24:20,0.9119398752127056,0
3732,0155,2,2026-06-13 10:24:20,0.2820476460578559,0
3733,0199,2,2026-06-13 10:24:20,0.1188315371525808,0
3734,0211,2,2026-06-13 10:24:20,0.2820476460578559,0
3735,0230,2,2026-06-13 10:24:20,0.4445547362450369,0
3736,0247,2,2026-06-13 10:24:20,0.7765173000567215,0
3737,0247,2,2026-06-13 10:24:20,0.7765173000567215,0
3738,0269,2,2026-06-13 10:24:20,0.7765173000567215,0
3739,0276,2,2026-06-13 10:24:20,0.0545944412932501,0
3740,0285,2,2026-06-13 10:24:20,1.0000000000000000,0
3741,0306,2,2026-06-13 10:24:20,0.5906125921724333,0
3742,0327,2,2026-06-13 10:24:20,0.9119398752127056,0
3743,0353,2,2026-06-13 10:24:20,1.0000000000000000,0
3744,0412,2,2026-06-13 10:24:20,0.7765173000567215,0
3745,0425,2,2026-06-13 10:24:20,0.3291264889393080,0
3746,0042,2,2026-06-13 10:24:30,0.3291264889393080,0
3747,0108,2,2026-06-13 10:24:30,0.1905842314237096,0
3748,0134,2,2026-06-13 10:24:30,0.9119398752127056,0
3749,0155,2,2026-06-13 10:24:30,0.2820476460578559,0
3750,0199,2,2026-06-13 10:24:30,0.1188315371525808,0
3751,0211,2,2026-06-13 10:24:30,0.2820476460578559,0
3752,0230,2,2026-06-13 10:24:30,0.4445547362450369,0
3753,0247,2,2026-06-13 10:24:30,0.7765173000567215,0
3754,0247,2,2026-06-13 10:24:30,0.7765173000567215,0
3755,0247,2,2026-06-13 10:24:30,0.7765173000567215,0
3756,0269,2,2026-06-13 10:24:30,0.7765173000567215,0
3757,0276,2,2026-06-13 10:24:30,0.0545944412932501,0
3758,0285,2,2026-06-13 10:24:30,1.0000000000000000,0
3759,0306,2,2026-06-13 10:24:30,0.5906125921724333,0
3760,0327,2,2026-06-13 10:24:30,0.9119398752127056,0
3761,0353,2,2026-06-13 10:24:30,1.0000000000000000,0
3762,0412,2,2026-06-13 10:24:30,0.7765173000567215,0
3763,0425,2,2026-06-13 10:24:30,0.3291264889393080,0
3764,0042,2,2026-06-13 10:24:40,0.3291264889393080,0
3765,0108,2,2026-06-13 10:24:40,0.1905842314237096,0
3766,0134,2,2026-06-13 10:24:40,0.9119398752127056,0
3767,0155,2,2026-06-13 10:24:40,0.2820476460578559,0
3768,0199,2,2026-06-13 10:24:40,0.1188315371525808,0
3769,0247,2,2026-06-13 10:24:40,0.7765173000567215,0
3770,0247,2,2026-06-13 10:24:40,0.7765173000567215,0
3771,0269,2,2026-06-13 10:24:40,0.7765173000567215,0
3772,0285,2,2026-06-13 10:24:40,1.0000000000000000,0
3773,0306,2,2026-06-13 10:24:40,0.5906125921724333,0
3774,0327,2,2026-06-13 10:24:40,0.9119398752127056,0
3775,0412,2,2026-06-13 10:24:40,0.7765173000567215,0
3776,0425,2,2026-06-13 10:24:40,0.3291264889393080,0
3777,0042,2,2026-06-13 10:24:50,0.3291264889393080,0
3778,0108,2,2026-06-13 10:24:50,0.1905842314237096,0
3779,0134,2,2026-06-13 10:24:50,0.9119398752127056,0
3780,0155,2,2026-06-13 10:24:50,0.2820476460578559,0
3781,0199,2,2026-06-13 10:24:50,0.1188315371525808,0
3782,0269,2,2026-06-13 10:24:50,0.7765173000567215,0
3783,0285,2,2026-06-13 10:24:50,1.0000000000000000,0
3784,0327,2,2026-06-13 10:24:50,0.9119398752127056,0
3785,0412,2,2026-06-13 10:24:50,0.7765173000567215,0
3786,0425,2,2026-06-13 10:24:50,0.3291264889393080,0
3787,0042,2,2026-06-13 10:25:00,0.3291264889393080,0
3788,0108,2,2026-06-13 10:25:00,0.1905842314237096,0
3789,0134,2,2026-06-13 10:25:00,0.9119398752127056,0
3790,0155,2,2026-06-13 10:25:00,0.2820476460578559,0
3791,0199,2,2026-06-13 10:25:00,0.1188315371525808,0
3792,0269,2,2026-06-13 10:25:00,0.7765173000567215,0
3793,0327,2,2026-06-13 10:25:00,0.9119398752127056,0
3794,0412,2,2026-06-13 10:25:00,0.7765173000567215,0
3795,0042,2,2026-06-13 10:25:10,0.3291264889393080,0
3796,0108,2,2026-06-13 10:25:10,0.1905842314237096,0
3797,0134,2,2026-06-13 10:25:10,0.9119398752127056,0
3798,0155,2,2026-06-13 10:25:10,0.2820476460578559,0
3799,0199,2,2026-06-13 10:25:10,0.1188315371525808,0
3800,0269,2,2026-06-13 10:25:10,0.7765173000567215,0
3801,0327,2,2026-06-13 10:25:10,0.9119398752127056,0
3802,0412,2,2026-06-13 10:25:10,0.7765173000567215,0
3803,0042,2,2026-06-13 10:25:20,0.3291264889393080,0
3804,0108,2,2026-06-13 10:25:20,0.1905842314237096,0
3805,0134,2,2026-06-13 10:25:20,0.9119398752127056,0
3806,0155,2,2026-06-13 10:25:20,0.2820476460578559,0
3807,0269,2,2026-06-13 10:25:20,0.7765173000567215,0
3808,0327,2,2026-06-13 10:25:20,0.9119398752127056,0
3809,0412,2,2026-06-13 10:25:20,0.7765173000567215,0
3810,0042,2,2026-06-13 10:25:30,0.3291264889393080,0
3811,0108,2,2026-06-13 10:25:30,0.1905842314237096,0
3812,0134,2,2026-06-13 10:25:30,0.9119398752127056,0
3813,0155,2,2026-06-13 10:25:30,0.2820476460578559,0
3814,0269,2,2026-06-13 10:25:30,0.7765173000567215,0
3815,0324,2,2026-06-13 10:25:30,0.5185762904140669,0
3816,0327,2,2026-06-13 10:25:30,0.9119398752127056,0
3817,0412,2,2026-06-13 10:25:30,0.7765173000567215,0
3818,0108,2,2026-06-13 10:25:40,0.1905842314237096,0
3819,0155,2,2026-06-13 10:25:40,0.2820476460578559,0
3820,0269,2,2026-06-13 10:25:40,0.7765173000567215,0
3821,0324,2,2026-06-13 10:25:40,0.5185762904140669,0
3822,0327,2,2026-06-13 10:25:40,0.9119398752127056,0
3823,0412,2,2026-06-13 10:25:40,0.7765173000567215,0
3824,0108,2,2026-06-13 10:25:50,0.1905842314237096,0
3825,0324,2,2026-06-13 10:25:50,0.5185762904140669,0
3826,0108,2,2026-06-13 10:26:00,0.1905842314237096,0
3827,0108,2,2026-06-13 10:26:10,0.1905842314237096,0
3828,0495,2,2026-06-13 10:27:30,0.9119398752127056,0
3829,0423,2,2026-06-13 10:27:40,0.1188315371525808,0
3830,0495,2,2026-06-13 10:27:40,0.9119398752127056,0
3831,0423,2,2026-06-13 10:27:50,0.1188315371525808,0
3832,0495,2,2026-06-13 10:27:50,0.9119398752127056,0
3833,0423,2,2026-06-13 10:28:00,0.1188315371525808,0
3834,0495,2,2026-06-13 10:28:00,0.9119398752127056,0
3835,0423,2,2026-06-13 10:28:10,0.1188315371525808,0
3836,0495,2,2026-06-13 10:28:10,0.9119398752127056,0
3837,0423,2,2026-06-13 10:28:20,0.1188315371525808,0
3838,0495,2,2026-06-13 10:28:20,0.9119398752127056,0
3839,0423,2,2026-06-13 10:28:30,0.1188315371525808,0
3840,0495,2,2026-06-13 10:28:30,0.9119398752127056,0
3841,0423,2,2026-06-13 10:28:40,0.1188315371525808,0
3842,0495,2,2026-06-13 10:28:40,0.9119398752127056,0
3843,0423,2,2026-06-13 10:28:50,0.1188315371525808,0
3844,0495,2,2026-06-13 10:28:50,0.9119398752127056,0
3845,0423,2,2026-06-13 10:29:00,0.1188315371525808,0
3846,0495,2,2026-06-13 10:29:00,0.9119398752127056,0
3847,0423,2,2026-06-13 10:29:10,0.1188315371525808,0
3848,0495,2,2026-06-13 10:29:10,0.9119398752127056,0
3849,0423,2,2026-06-13 10:29:20,0.1188315371525808,0
3850,0495,2,2026-06-13 10:29:20,0.9119398752127056,0
3851,005,2,2026-06-13 10:33:50,0.1188315371525808,0
3852,005,2,2026-06-13 10:34:00,0.1188315371525808,0
3853,005,2,2026-06-13 10:34:10,0.1188315371525808,0
3854,005,2,2026-06-13 10:34:20,0.1188315371525808,0
3855,005,2,2026-06-13 10:34:30,0.1188315371525808,0
3856,005,2,2026-06-13 10:34:40,0.1188315371525808,0
3857,005,2,2026-06-13 10:34:50,0.1188315371525808,0
3858,005,2,2026-06-13 10:35:00,0.1188315371525808,0
3859,005,2,2026-06-13 10:35:10,0.1188315371525808,0
3860,005,2,2026-06-13 10:35:20,0.1188315371525808,0
3861,005,2,2026-06-13 10:35:30,0.1188315371525808,0
3862,0048,2,2026-06-13 10:35:50,0.0545944412932501,0
3863,0131,2,2026-06-13 10:35:50,0.4445547362450369,0
3864,0368,2,2026-06-13 10:35:50,0.9119398752127056,0
3865,0048,2,2026-06-13 10:36:00,0.0545944412932501,0
3866,0131,2,2026-06-13 10:36:00,0.4445547362450369,0
3867,0368,2,2026-06-13 10:36:00,0.9119398752127056,0
3868,0048,2,2026-06-13 10:36:10,0.0545944412932501,0
3869,0131,2,2026-06-13 10:36:10,0.4445547362450369,0
3870,0368,2,2026-06-13 10:36:10,0.9119398752127056,0
3871,0048,2,2026-06-13 10:36:20,0.0545944412932501,0
3872,0131,2,2026-06-13 10:36:20,0.4445547362450369,0
3873,0368,2,2026-06-13 10:36:20,0.9119398752127056,0
3874,0048,2,2026-06-13 10:36:30,0.0545944412932501,0
3875,0131,2,2026-06-13 10:36:30,0.4445547362450369,0
3876,0368,2,2026-06-13 10:36:30,0.9119398752127056,0
3877,0028,2,2026-06-13 10:36:40,0.0545944412932501,0
3878,0048,2,2026-06-13 10:36:40,0.0545944412932501,0
3879,0131,2,2026-06-13 10:36:40,0.4445547362450369,0
3880,0368,2,2026-06-13 10:36:40,0.9119398752127056,0
3881,0028,2,2026-06-13 10:36:50,0.0545944412932501,0
3882,0048,2,2026-06-13 10:36:50,0.0545944412932501,0
3883,0131,2,2026-06-13 10:36:50,0.4445547362450369,0
3884,0368,2,2026-06-13 10:36:50,0.9119398752127056,0
3885,0028,2,2026-06-13 10:37:00,0.0545944412932501,0
3886,0131,2,2026-06-13 10:37:00,0.4445547362450369,0
3887,0368,2,2026-06-13 10:37:00,0.9119398752127056,0
3888,0028,2,2026-06-13 10:37:10,0.0545944412932501,0
3889,0131,2,2026-06-13 10:37:10,0.4445547362450369,0
3890,0368,2,2026-06-13 10:37:10,0.9119398752127056,0
3891,0028,2,2026-06-13 10:37:20,0.0545944412932501,0
3892,0131,2,2026-06-13 10:37:20,0.4445547362450369,0
3893,0368,2,2026-06-13 10:37:20,0.9119398752127056,0
3894,0028,2,2026-06-13 10:37:30,0.0545944412932501,0
3895,0368,2,2026-06-13 10:37:30,0.9119398752127056,0
3896,0028,2,2026-06-13 10:37:40,0.0545944412932501,0
3897,0368,2,2026-06-13 10:37:40,0.9119398752127056,0
3898,0314,2,2026-06-13 14:00:40,0.9119398752127056,0
3899,0314,2,2026-06-13 14:00:50,0.9119398752127056,0
3900,0314,2,2026-06-13 14:01:00,0.9119398752127056,0
3901,0314,2,2026-06-13 14:01:10,0.9119398752127056,0
3902,0314,2,2026-06-13 14:01:20,0.9119398752127056,0
3903,0314,2,2026-06-13 14:01:30,0.9119398752127056,0
3904,0314,2,2026-06-13 14:01:40,0.9119398752127056,0
3905,0314,2,2026-06-13 14:01:50,0.9119398752127056,0
3906,0314,2,2026-06-13 14:02:00,0.9119398752127056,0
3907,0461,2,2026-06-13 14:02:00,0.7765173000567215,0
3908,0203,2,2026-06-13 14:02:10,0.2820476460578559,0
3909,0314,2,2026-06-13 14:02:10,0.9119398752127056,0
3910,0461,2,2026-06-13 14:02:10,0.7765173000567215,0
3911,0203,2,2026-06-13 14:02:20,0.2820476460578559,0
3912,0314,2,2026-06-13 14:02:20,0.9119398752127056,0
3913,0461,2,2026-06-13 14:02:20,0.7765173000567215,0
3914,0203,2,2026-06-13 14:02:30,0.2820476460578559,0
3915,0314,2,2026-06-13 14:02:30,0.9119398752127056,0
3916,0461,2,2026-06-13 14:02:30,0.7765173000567215,0
3917,0203,2,2026-06-13 14:02:40,0.2820476460578559,0
3918,0461,2,2026-06-13 14:02:40,0.7765173000567215,0
3919,0203,2,2026-06-13 14:02:50,0.2820476460578559,0
3920,0461,2,2026-06-13 14:02:50,0.7765173000567215,0
3921,0203,2,2026-06-13 14:03:00,0.2820476460578559,0
3922,0461,2,2026-06-13 14:03:00,0.7765173000567215,0
3923,0203,2,2026-06-13 14:03:10,0.2820476460578559,0
3924,0461,2,2026-06-13 14:03:10,0.7765173000567215,0
3925,0203,2,2026-06-13 14:03:20,0.2820476460578559,0
3926,0461,2,2026-06-13 14:03:20,0.7765173000567215,0
3927,0203,2,2026-06-13 14:03:30,0.2820476460578559,0
3928,0461,2,2026-06-13 14:03:30,0.7765173000567215,0
3929,0203,2,2026-06-13 14:03:40,0.2820476460578559,0
3930,0461,2,2026-06-13 14:03:40,0.7765173000567215,0
3931,0203,2,2026-06-13 14:03:50,0.2820476460578559,0
3932,0461,2,2026-06-13 14:03:50,0.7765173000567215,0
3933,0203,2,2026-06-13 14:04:00,0.2820476460578559,0
3934,0037,2,2026-06-13 14:04:20,0.7765173000567215,0
3935,0037,2,2026-06-13 14:04:30,0.7765173000567215,0
3936,0037,2,2026-06-13 14:04:40,0.7765173000567215,0
3937,0037,2,2026-06-13 14:04:50,0.7765173000567215,0
3938,0173,2,2026-06-13 14:04:50,0.5906125921724333,0
3939,0037,2,2026-06-13 14:05:00,0.7765173000567215,0
3940,0173,2,2026-06-13 14:05:00,0.5906125921724333,0
3941,0037,2,2026-06-13 14:05:10,0.7765173000567215,0
3942,0173,2,2026-06-13 14:05:10,0.5906125921724333,0
3943,0037,2,2026-06-13 14:05:20,0.7765173000567215,0
3944,0173,2,2026-06-13 14:05:20,0.5906125921724333,0
3945,0037,2,2026-06-13 14:05:30,0.7765173000567215,0
3946,0173,2,2026-06-13 14:05:30,0.5906125921724333,0
3947,0037,2,2026-06-13 14:05:40,0.7765173000567215,0
3948,0173,2,2026-06-13 14:05:40,0.5906125921724333,0
3949,0037,2,2026-06-13 14:05:50,0.7765173000567215,0
3950,0173,2,2026-06-13 14:05:50,0.5906125921724333,0
3951,0037,2,2026-06-13 14:06:00,0.7765173000567215,0
3952,0173,2,2026-06-13 14:06:00,0.5906125921724333,0
3953,0037,2,2026-06-13 14:06:10,0.7765173000567215,0
3954,0173,2,2026-06-13 14:06:10,0.5906125921724333,0
3955,0449,2,2026-06-13 14:06:10,0.5906125921724333,0
3956,0173,2,2026-06-13 14:06:20,0.5906125921724333,0
3957,0449,2,2026-06-13 14:06:20,0.5906125921724333,0
3958,0173,2,2026-06-13 14:06:30,0.5906125921724333,0
3959,0449,2,2026-06-13 14:06:30,0.5906125921724333,0
3960,0449,2,2026-06-13 14:06:40,0.5906125921724333,0
3961,0265,2,2026-06-13 15:28:50,0.9119398752127056,0
3962,0265,2,2026-06-13 15:29:00,0.9119398752127056,1
3963,0265,2,2026-06-13 15:29:10,0.9119398752127056,0
3964,0265,2,2026-06-13 15:29:20,0.9119398752127056,0
3965,0265,2,2026-06-13 15:29:20,0.9119398752127056,0
3966,0265,2,2026-06-13 15:29:30,0.9119398752127056,1
3967,0265,2,2026-06-13 15:29:30,0.9119398752127056,0
3968,0265,2,2026-06-13 15:29:40,0.9119398752127056,0
3969,0265,2,2026-06-13 15:29:40,0.9119398752127056,0
3970,0265,2,2026-06-13 15:29:50,0.9119398752127056,0
3971,0265,2,2026-06-13 15:29:50,0.9119398752127056,0
3972,0265,2,2026-06-13 15:30:00,0.9119398752127056,0
3973,0265,2,2026-06-13 15:30:00,0.9119398752127056,0
3974,0265,2,2026-06-13 15:30:10,0.9119398752127056,0
3975,0265,2,2026-06-13 15:30:10,0.9119398752127056,0
3976,0265,2,2026-06-13 15:30:20,0.9119398752127056,0
3977,0265,2,2026-06-13 15:30:30,0.9119398752127056,0
3978,0265,2,2026-06-13 15:30:40,0.9119398752127056,0
3979,0300,2,2026-06-13 15:30:50,0.2820476460578559,0
3980,0300,2,2026-06-13 15:31:00,0.2820476460578559,0
3981,0300,2,2026-06-13 15:31:10,0.2820476460578559,0
3982,0300,2,2026-06-13 15:31:20,0.2820476460578559,0
3983,0300,2,2026-06-13 15:31:30,0.2820476460578559,0
3984,0300,2,2026-06-13 15:31:40,0.2820476460578559,0
3985,0300,2,2026-06-13 15:31:50,0.2820476460578559,0
3986,0300,2,2026-06-13 15:32:00,0.2820476460578559,0
3987,0045,2,2026-06-13 15:32:10,0.4445547362450369,0
3988,0196,2,2026-06-13 15:32:10,0.3291264889393080,0
3989,0300,2,2026-06-13 15:32:10,0.2820476460578559,0
3990,0441,2,2026-06-13 15:32:10,0.0545944412932501,0
3991,0045,2,2026-06-13 15:32:20,0.4445547362450369,0
3992,0196,2,2026-06-13 15:32:20,0.3291264889393080,0
3993,0300,2,2026-06-13 15:32:20,0.2820476460578559,0
3994,0441,2,2026-06-13 15:32:20,0.0545944412932501,0
3995,0045,2,2026-06-13 15:32:30,0.4445547362450369,0
3996,0196,2,2026-06-13 15:32:30,0.3291264889393080,0
3997,0300,2,2026-06-13 15:32:30,0.2820476460578559,0
3998,0441,2,2026-06-13 15:32:30,0.0545944412932501,0
3999,0045,2,2026-06-13 15:32:40,0.4445547362450369,0
4000,0196,2,2026-06-13 15:32:40,0.3291264889393080,0
4001,0300,2,2026-06-13 15:32:40,0.2820476460578559,0
4002,0441,2,2026-06-13 15:32:40,0.0545944412932501,0
4003,0441,2,2026-06-13 15:32:40,0.0545944412932501,0
4004,0045,2,2026-06-13 15:32:50,0.4445547362450369,0
4005,0196,2,2026-06-13 15:32:50,0.3291264889393080,0
4006,0441,2,2026-06-13 15:32:50,0.0545944412932501,0
4007,0441,2,2026-06-13 15:32:50,0.0545944412932501,0
4008,0045,2,2026-06-13 15:33:00,0.4445547362450369,0
4009,0196,2,2026-06-13 15:33:00,0.3291264889393080,0
4010,0441,2,2026-06-13 15:33:00,0.0545944412932501,0
4011,0441,2,2026-06-13 15:33:00,0.0545944412932501,0
4012,0045,2,2026-06-13 15:33:10,0.4445547362450369,0
4013,0196,2,2026-06-13 15:33:10,0.3291264889393080,0
4014,0441,2,2026-06-13 15:33:10,0.0545944412932501,0
4015,0441,2,2026-06-13 15:33:10,0.0545944412932501,0
4016,0045,2,2026-06-13 15:33:20,0.4445547362450369,0
4017,0196,2,2026-06-13 15:33:20,0.3291264889393080,0
4018,0291,2,2026-06-13 15:33:20,0.7765173000567215,0
4019,0441,2,2026-06-13 15:33:20,0.0545944412932501,0
4020,0441,2,2026-06-13 15:33:20,0.0545944412932501,1
4021,0045,2,2026-06-13 15:33:30,0.4445547362450369,0
4022,0196,2,2026-06-13 15:33:30,0.3291264889393080,0
4023,0291,2,2026-06-13 15:33:30,0.7765173000567215,0
4024,0441,2,2026-06-13 15:33:30,0.0545944412932501,0
4025,0441,2,2026-06-13 15:33:30,0.0545944412932501,0
4026,0045,2,2026-06-13 15:33:40,0.4445547362450369,0
4027,0196,2,2026-06-13 15:33:40,0.3291264889393080,0
4028,0291,2,2026-06-13 15:33:40,0.7765173000567215,0
4029,0441,2,2026-06-13 15:33:40,0.0545944412932501,0
4030,008,2,2026-06-13 15:33:50,0.3291264889393080,0
4031,0045,2,2026-06-13 15:33:50,0.4445547362450369,0
4032,0196,2,2026-06-13 15:33:50,0.3291264889393080,0
4033,0291,2,2026-06-13 15:33:50,0.7765173000567215,0
4034,0441,2,2026-06-13 15:33:50,0.0545944412932501,1
4035,008,2,2026-06-13 15:34:00,0.3291264889393080,0
4036,0045,2,2026-06-13 15:34:00,0.4445547362450369,0
4037,0291,2,2026-06-13 15:34:00,0.7765173000567215,0
4038,0441,2,2026-06-13 15:34:00,0.0545944412932501,0
4039,008,2,2026-06-13 15:34:10,0.3291264889393080,0
4040,0291,2,2026-06-13 15:34:10,0.7765173000567215,0
4041,008,2,2026-06-13 15:34:20,0.3291264889393080,0
4042,0291,2,2026-06-13 15:34:20,0.7765173000567215,0
4043,008,2,2026-06-13 15:34:30,0.3291264889393080,0
4044,0291,2,2026-06-13 15:34:30,0.7765173000567215,0
4045,008,2,2026-06-13 15:34:40,0.3291264889393080,0
4046,0291,2,2026-06-13 15:34:40,0.7765173000567215,0
4047,008,2,2026-06-13 15:34:50,0.3291264889393080,0
4048,0291,2,2026-06-13 15:34:50,0.7765173000567215,0
4049,008,2,2026-06-13 15:35:00,0.3291264889393080,0
4050,0129,2,2026-06-13 15:35:00,0.4445547362450369,0
4051,0291,2,2026-06-13 15:35:00,0.7765173000567215,0
4052,008,2,2026-06-13 15:35:10,0.3291264889393080,0
4053,0129,2,2026-06-13 15:35:10,0.4445547362450369,0
4054,0291,2,2026-06-13 15:35:10,0.7765173000567215,0
4055,008,2,2026-06-13 15:35:20,0.3291264889393080,0
4056,0129,2,2026-06-13 15:35:20,0.4445547362450369,0
4057,0129,2,2026-06-13 15:35:30,0.4445547362450369,0
4058,0129,2,2026-06-13 15:35:40,0.4445547362450369,0
4059,0129,2,2026-06-13 15:35:50,0.4445547362450369,0
4060,0129,2,2026-06-13 15:36:00,0.4445547362450369,0
4061,0129,2,2026-06-13 15:36:10,0.4445547362450369,0
4062,0129,2,2026-06-13 15:36:20,0.4445547362450369,0
4063,0177,2,2026-06-13 17:00:30,0.6703062960862167,0
4064,0177,2,2026-06-13 17:00:40,0.6703062960862167,0
4065,0177,2,2026-06-13 17:00:50,0.6703062960862167,0
4066,0177,2,2026-06-13 17:01:00,0.6703062960862167,0
4067,0177,2,2026-06-13 17:01:10,0.6703062960862167,0
4068,0177,2,2026-06-13 17:01:20,0.6703062960862167,0
4069,0177,2,2026-06-13 17:01:30,0.6703062960862167,0
4070,0365,2,2026-06-13 17:01:30,0.7765173000567215,0
4071,0177,2,2026-06-13 17:01:40,0.6703062960862167,0
4072,0365,2,2026-06-13 17:01:40,0.7765173000567215,0
4073,0177,2,2026-06-13 17:01:50,0.6703062960862167,0
4074,0365,2,2026-06-13 17:01:50,0.7765173000567215,0
4075,0177,2,2026-06-13 17:02:00,0.6703062960862167,0
4076,0365,2,2026-06-13 17:02:00,0.7765173000567215,0
4077,0177,2,2026-06-13 17:02:10,0.6703062960862167,0
4078,0350,2,2026-06-13 17:02:10,0.6703062960862167,0
4079,0365,2,2026-06-13 17:02:10,0.7765173000567215,0
4080,0350,2,2026-06-13 17:02:20,0.6703062960862167,0
4081,0365,2,2026-06-13 17:02:20,0.7765173000567215,0
4082,0350,2,2026-06-13 17:02:30,0.6703062960862167,0
4083,0365,2,2026-06-13 17:02:30,0.7765173000567215,0
4084,0350,2,2026-06-13 17:02:40,0.6703062960862167,0
4085,0365,2,2026-06-13 17:02:40,0.7765173000567215,0
4086,0312,2,2026-06-13 17:02:50,0.5906125921724333,0
4087,0350,2,2026-06-13 17:02:50,0.6703062960862167,0
4088,0365,2,2026-06-13 17:02:50,0.7765173000567215,0
4089,0312,2,2026-06-13 17:03:00,0.5906125921724333,0
4090,0350,2,2026-06-13 17:03:00,0.6703062960862167,0
4091,0365,2,2026-06-13 17:03:00,0.7765173000567215,0
4092,0312,2,2026-06-13 17:03:10,0.5906125921724333,0
4093,0350,2,2026-06-13 17:03:10,0.6703062960862167,0
4094,0312,2,2026-06-13 17:03:20,0.5906125921724333,0
4095,0320,2,2026-06-13 17:03:20,0.0545944412932501,0
4096,0350,2,2026-06-13 17:03:20,0.6703062960862167,0
4097,0312,2,2026-06-13 17:03:30,0.5906125921724333,0
4098,0320,2,2026-06-13 17:03:30,0.0545944412932501,0
4099,0350,2,2026-06-13 17:03:30,0.6703062960862167,0
4100,0312,2,2026-06-13 17:03:40,0.5906125921724333,0
4101,0320,2,2026-06-13 17:03:40,0.0545944412932501,0
4102,0312,2,2026-06-13 17:03:50,0.5906125921724333,0
4103,0320,2,2026-06-13 17:03:50,0.0545944412932501,0
4104,0312,2,2026-06-13 17:04:00,0.5906125921724333,0
4105,0320,2,2026-06-13 17:04:00,0.0545944412932501,0
4106,0312,2,2026-06-13 17:04:10,0.5906125921724333,0
4107,0320,2,2026-06-13 17:04:10,0.0545944412932501,0
4108,0312,2,2026-06-13 17:04:20,0.5906125921724333,0
4109,0248,2,2026-06-13 17:04:50,0.3291264889393080,0
4110,0248,2,2026-06-13 17:05:00,0.3291264889393080,0
4111,0248,2,2026-06-13 17:05:10,0.3291264889393080,0
4112,0248,2,2026-06-13 17:05:20,0.3291264889393080,0
4113,0248,2,2026-06-13 17:05:30,0.3291264889393080,0
4114,0319,2,2026-06-13 17:07:00,0.0545944412932501,0
4115,0319,2,2026-06-13 17:07:10,0.0545944412932501,0
4116,0319,2,2026-06-13 17:07:20,0.0545944412932501,0
4117,0319,2,2026-06-13 17:07:30,0.0545944412932501,0
4118,0319,2,2026-06-13 17:07:40,0.0545944412932501,0
4119,0319,2,2026-06-13 17:07:50,0.0545944412932501,0
4120,0319,2,2026-06-13 17:08:00,0.0545944412932501,0
4121,0319,2,2026-06-13 17:08:10,0.0545944412932501,0
4122,0319,2,2026-06-13 17:08:20,0.0545944412932501,0
4123,0319,2,2026-06-13 17:08:30,0.0545944412932501,0
4124,0319,2,2026-06-13 17:08:40,0.0545944412932501,0
4125,0082,2,2026-06-13 18:36:50,0.5906125921724333,0
4126,0082,2,2026-06-13 18:37:00,0.5906125921724333,0
4127,0082,2,2026-06-13 18:37:10,0.5906125921724333,0
4128,0082,2,2026-06-13 18:37:20,0.5906125921724333,0
4129,0082,2,2026-06-13 18:37:30,0.5906125921724333,0
4130,0082,2,2026-06-13 18:37:40,0.5906125921724333,0
4131,0082,2,2026-06-13 18:37:50,0.5906125921724333,0
4132,0082,2,2026-06-13 18:38:00,0.5906125921724333,0
4133,0082,2,2026-06-13 18:38:10,0.5906125921724333,0
4134,0069,2,2026-06-13 18:41:50,0.0545944412932501,0
4135,0251,2,2026-06-13 18:41:50,0.6381168462847420,0
4136,0069,2,2026-06-13 18:42:00,0.0545944412932501,0
4137,0251,2,2026-06-13 18:42:00,0.6381168462847420,0
4138,0332,2,2026-06-13 18:42:00,0.5185762904140669,0
4139,0069,2,2026-06-13 18:42:10,0.0545944412932501,0
4140,0251,2,2026-06-13 18:42:10,0.6381168462847420,0
4141,0332,2,2026-06-13 18:42:10,0.5185762904140669,0
4142,0069,2,2026-06-13 18:42:20,0.0545944412932501,0
4143,0251,2,2026-06-13 18:42:20,0.6381168462847420,0
4144,0332,2,2026-06-13 18:42:20,0.5185762904140669,0
4145,0069,2,2026-06-13 18:42:30,0.0545944412932501,0
4146,0251,2,2026-06-13 18:42:30,0.6381168462847420,0
4147,0332,2,2026-06-13 18:42:30,0.5185762904140669,0
4148,0337,2,2026-06-13 18:42:30,0.6703062960862167,0
4149,0069,2,2026-06-13 18:42:40,0.0545944412932501,0
4150,0251,2,2026-06-13 18:42:40,0.6381168462847420,0
4151,0332,2,2026-06-13 18:42:40,0.5185762904140669,0
4152,0337,2,2026-06-13 18:42:40,0.6703062960862167,0
4153,0069,2,2026-06-13 18:42:50,0.0545944412932501,0
4154,0251,2,2026-06-13 18:42:50,0.6381168462847420,0
4155,0332,2,2026-06-13 18:42:50,0.5185762904140669,0
4156,0337,2,2026-06-13 18:42:50,0.6703062960862167,0
4157,0069,2,2026-06-13 18:43:00,0.0545944412932501,0
4158,0251,2,2026-06-13 18:43:00,0.6381168462847420,0
4159,0332,2,2026-06-13 18:43:00,0.5185762904140669,0
4160,0337,2,2026-06-13 18:43:00,0.6703062960862167,0
4161,0069,2,2026-06-13 18:43:10,0.0545944412932501,0
4162,0251,2,2026-06-13 18:43:10,0.6381168462847420,0
4163,0332,2,2026-06-13 18:43:10,0.5185762904140669,0
4164,0337,2,2026-06-13 18:43:10,0.6703062960862167,0
4165,0069,2,2026-06-13 18:43:20,0.0545944412932501,0
4166,0251,2,2026-06-13 18:43:20,0.6381168462847420,0
4167,0332,2,2026-06-13 18:43:20,0.5185762904140669,0
4168,0337,2,2026-06-13 18:43:20,0.6703062960862167,0
4169,0069,2,2026-06-13 18:43:30,0.0545944412932501,0
4170,0332,2,2026-06-13 18:43:30,0.5185762904140669,0
4171,0337,2,2026-06-13 18:43:30,0.6703062960862167,0
4172,0069,2,2026-06-13 18:43:40,0.0545944412932501,0
4173,0332,2,2026-06-13 18:43:40,0.5185762904140669,0
4174,0337,2,2026-06-13 18:43:40,0.6703062960862167,0
4175,0152,2,2026-06-13 22:20:30,0.2820476460578559,0
4176,0152,2,2026-06-13 22:20:40,0.2820476460578559,0
4177,0152,2,2026-06-13 22:20:50,0.2820476460578559,0
4178,0152,2,2026-06-13 22:21:00,0.2820476460578559,0
4179,0152,2,2026-06-13 22:21:10,0.2820476460578559,0
4180,0152,2,2026-06-13 22:21:20,0.2820476460578559,0
4181,0152,2,2026-06-13 22:21:30,0.2820476460578559,0
4182,0152,2,2026-06-13 22:21:40,0.2820476460578559,0
4183,0152,2,2026-06-13 22:21:50,0.2820476460578559,0
4184,0152,2,2026-06-13 22:22:00,0.2820476460578559,0
4185,0152,2,2026-06-13 22:22:10,0.2820476460578559,0
4186,0152,2,2026-06-13 22:22:20,0.2820476460578559,0
4187,0264,2,2026-06-13 23:55:30,0.1188315371525808,0
4188,0264,2,2026-06-13 23:55:40,0.1188315371525808,0
4189,0264,2,2026-06-13 23:55:50,0.1188315371525808,0
4190,0264,2,2026-06-13 23:56:00,0.1188315371525808,0
4191,0264,2,2026-06-13 23:56:10,0.1188315371525808,0
4192,0264,2,2026-06-13 23:56:20,0.1188315371525808,0
4193,0264,2,2026-06-13 23:56:30,0.1188315371525808,0
4194,0264,2,2026-06-13 23:56:40,0.1188315371525808,0
4195,0264,2,2026-06-13 23:56:50,0.1188315371525808,0
4196,0264,2,2026-06-13 23:57:00,0.1188315371525808,0
4197,0453,2,2026-06-13 23:57:00,1.0000000000000000,0
4198,0264,2,2026-06-13 23:57:10,0.1188315371525808,0
4199,0453,2,2026-06-13 23:57:10,1.0000000000000000,0
4200,0264,2,2026-06-13 23:57:20,0.1188315371525808,0
4201,0453,2,2026-06-13 23:57:20,1.0000000000000000,0
4202,0453,2,2026-06-13 23:57:30,1.0000000000000000,0
4203,0453,2,2026-06-13 23:57:40,1.0000000000000000,0
4204,0453,2,2026-06-13 23:57:50,1.0000000000000000,0
4205,0453,2,2026-06-13 23:58:00,1.0000000000000000,0
4206,0453,2,2026-06-13 23:58:10,1.0000000000000000,0
4207,0453,2,2026-06-13 23:58:20,1.0000000000000000,0
4208,0453,2,2026-06-13 23:58:30,1.0000000000000000,0
4209,0453,2,2026-06-13 23:58:40,1.0000000000000000,0
4210,0453,2,2026-06-13 23:58:50,1.0000000000000000,0
4211,0380,2,2026-06-14 01:17:20,0.5906125921724333,0
4212,0380,2,2026-06-14 01:17:30,0.5906125921724333,0
4213,0380,2,2026-06-14 01:17:40,0.5906125921724333,0
4214,0380,2,2026-06-14 01:17:50,0.5906125921724333,0
4215,0021,2,2026-06-14 02:51:20,0.5906125921724333,0
4216,0021,2,2026-06-14 02:51:30,0.5906125921724333,0
4217,0021,2,2026-06-14 02:51:40,0.5906125921724333,0
4218,0021,2,2026-06-14 02:51:50,0.5906125921724333,1
4219,0021,2,2026-06-14 02:51:50,0.5906125921724333,0
4220,0021,2,2026-06-14 02:52:00,0.5906125921724333,0
4221,0021,2,2026-06-14 02:52:00,0.5906125921724333,0
4222,0021,2,2026-06-14 02:52:10,0.5906125921724333,0
4223,0021,2,2026-06-14 02:52:10,0.5906125921724333,0
4224,0021,2,2026-06-14 02:52:20,0.5906125921724333,0
4225,0021,2,2026-06-14 02:52:20,0.5906125921724333,0
4226,0021,2,2026-06-14 02:52:30,0.5906125921724333,0
4227,0021,2,2026-06-14 02:52:30,0.5906125921724333,1
4228,0021,2,2026-06-14 02:52:40,0.5906125921724333,0
4229,0021,2,2026-06-14 02:52:50,0.5906125921724333,0
4230,0021,2,2026-06-14 02:53:00,0.5906125921724333,1
4231,0186,2,2026-06-14 02:53:30,0.3291264889393080,0
4232,0348,2,2026-06-14 02:53:30,0.2820476460578559,0
4233,0186,2,2026-06-14 02:53:40,0.3291264889393080,0
4234,0317,2,2026-06-14 02:53:40,0.1905842314237096,0
4235,0348,2,2026-06-14 02:53:40,0.2820476460578559,0
4236,0182,2,2026-06-14 02:53:50,0.1188315371525808,0
4237,0186,2,2026-06-14 02:53:50,0.3291264889393080,0
4238,0223,2,2026-06-14 02:53:50,0.5906125921724333,0
4239,0286,2,2026-06-14 02:53:50,0.6381168462847420,0
4240,0317,2,2026-06-14 02:53:50,0.1905842314237096,0
4241,0348,2,2026-06-14 02:53:50,0.2820476460578559,0
4242,0182,2,2026-06-14 02:54:00,0.1188315371525808,0
4243,0186,2,2026-06-14 02:54:00,0.3291264889393080,0
4244,0223,2,2026-06-14 02:54:00,0.5906125921724333,0
4245,0286,2,2026-06-14 02:54:00,0.6381168462847420,0
4246,0317,2,2026-06-14 02:54:00,0.1905842314237096,0
4247,0348,2,2026-06-14 02:54:00,0.2820476460578559,0
4248,0182,2,2026-06-14 02:54:10,0.1188315371525808,0
4249,0186,2,2026-06-14 02:54:10,0.3291264889393080,0
4250,0223,2,2026-06-14 02:54:10,0.5906125921724333,0
4251,0286,2,2026-06-14 02:54:10,0.6381168462847420,0
4252,0317,2,2026-06-14 02:54:10,0.1905842314237096,0
4253,0348,2,2026-06-14 02:54:10,0.2820476460578559,0
4254,0182,2,2026-06-14 02:54:20,0.1188315371525808,0
4255,0186,2,2026-06-14 02:54:20,0.3291264889393080,0
4256,0223,2,2026-06-14 02:54:20,0.5906125921724333,0
4257,0286,2,2026-06-14 02:54:20,0.6381168462847420,0
4258,0317,2,2026-06-14 02:54:20,0.1905842314237096,0
4259,0348,2,2026-06-14 02:54:20,0.2820476460578559,0
4260,0182,2,2026-06-14 02:54:30,0.1188315371525808,0
4261,0186,2,2026-06-14 02:54:30,0.3291264889393080,0
4262,0223,2,2026-06-14 02:54:30,0.5906125921724333,0
4263,0286,2,2026-06-14 02:54:30,0.6381168462847420,0
4264,0317,2,2026-06-14 02:54:30,0.1905842314237096,0
4265,0348,2,2026-06-14 02:54:30,0.2820476460578559,0
4266,0182,2,2026-06-14 02:54:40,0.1188315371525808,0
4267,0186,2,2026-06-14 02:54:40,0.3291264889393080,0
4268,0223,2,2026-06-14 02:54:40,0.5906125921724333,0
4269,0286,2,2026-06-14 02:54:40,0.6381168462847420,0
4270,0317,2,2026-06-14 02:54:40,0.1905842314237096,0
4271,0348,2,2026-06-14 02:54:40,0.2820476460578559,0
4272,0351,2,2026-06-14 02:54:40,1.0000000000000000,0
4273,0385,2,2026-06-14 02:54:40,0.6381168462847420,0
4274,0182,2,2026-06-14 02:54:50,0.1188315371525808,0
4275,0186,2,2026-06-14 02:54:50,0.3291264889393080,0
4276,0223,2,2026-06-14 02:54:50,0.5906125921724333,0
4277,0286,2,2026-06-14 02:54:50,0.6381168462847420,0
4278,0317,2,2026-06-14 02:54:50,0.1905842314237096,0
4279,0348,2,2026-06-14 02:54:50,0.2820476460578559,0
4280,0351,2,2026-06-14 02:54:50,1.0000000000000000,0
4281,0385,2,2026-06-14 02:54:50,0.6381168462847420,0
4282,0091,2,2026-06-14 02:55:00,0.2820476460578559,0
4283,0182,2,2026-06-14 02:55:00,0.1188315371525808,0
4284,0186,2,2026-06-14 02:55:00,0.3291264889393080,0
4285,0223,2,2026-06-14 02:55:00,0.5906125921724333,0
4286,0286,2,2026-06-14 02:55:00,0.6381168462847420,0
4287,0317,2,2026-06-14 02:55:00,0.1905842314237096,0
4288,0340,2,2026-06-14 02:55:00,0.7765173000567215,0
4289,0348,2,2026-06-14 02:55:00,0.2820476460578559,0
4290,0351,2,2026-06-14 02:55:00,1.0000000000000000,0
4291,0355,2,2026-06-14 02:55:00,0.3291264889393080,0
4292,0385,2,2026-06-14 02:55:00,0.6381168462847420,0
4293,0091,2,2026-06-14 02:55:10,0.2820476460578559,0
4294,0182,2,2026-06-14 02:55:10,0.1188315371525808,0
4295,0186,2,2026-06-14 02:55:10,0.3291264889393080,0
4296,0223,2,2026-06-14 02:55:10,0.5906125921724333,0
4297,0286,2,2026-06-14 02:55:10,0.6381168462847420,0
4298,0317,2,2026-06-14 02:55:10,0.1905842314237096,0
4299,0340,2,2026-06-14 02:55:10,0.7765173000567215,0
4300,0348,2,2026-06-14 02:55:10,0.2820476460578559,0
4301,0351,2,2026-06-14 02:55:10,1.0000000000000000,0
4302,0355,2,2026-06-14 02:55:10,0.3291264889393080,0
4303,0385,2,2026-06-14 02:55:10,0.6381168462847420,0
4304,0091,2,2026-06-14 02:55:20,0.2820476460578559,0
4305,0182,2,2026-06-14 02:55:20,0.1188315371525808,0
4306,0223,2,2026-06-14 02:55:20,0.5906125921724333,0
4307,0286,2,2026-06-14 02:55:20,0.6381168462847420,0
4308,0317,2,2026-06-14 02:55:20,0.1905842314237096,0
4309,0340,2,2026-06-14 02:55:20,0.7765173000567215,0
4310,0351,2,2026-06-14 02:55:20,1.0000000000000000,0
4311,0355,2,2026-06-14 02:55:20,0.3291264889393080,0
4312,0385,2,2026-06-14 02:55:20,0.6381168462847420,0
4313,0057,2,2026-06-14 02:55:30,0.5906125921724333,0
4314,0091,2,2026-06-14 02:55:30,0.2820476460578559,0
4315,0111,2,2026-06-14 02:55:30,0.2820476460578559,0
4316,0182,2,2026-06-14 02:55:30,0.1188315371525808,0
4317,0223,2,2026-06-14 02:55:30,0.5906125921724333,0
4318,0286,2,2026-06-14 02:55:30,0.6381168462847420,0
4319,0340,2,2026-06-14 02:55:30,0.7765173000567215,0
4320,0351,2,2026-06-14 02:55:30,1.0000000000000000,0
4321,0355,2,2026-06-14 02:55:30,0.3291264889393080,0
4322,0385,2,2026-06-14 02:55:30,0.6381168462847420,0
4323,0057,2,2026-06-14 02:55:40,0.5906125921724333,0
4324,0091,2,2026-06-14 02:55:40,0.2820476460578559,0
4325,0111,2,2026-06-14 02:55:40,0.2820476460578559,0
4326,0182,2,2026-06-14 02:55:40,0.1188315371525808,0
4327,0223,2,2026-06-14 02:55:40,0.5906125921724333,0
4328,0340,2,2026-06-14 02:55:40,0.7765173000567215,0
4329,0351,2,2026-06-14 02:55:40,1.0000000000000000,0
4330,0355,2,2026-06-14 02:55:40,0.3291264889393080,0
4331,0385,2,2026-06-14 02:55:40,0.6381168462847420,0
4332,0057,2,2026-06-14 02:55:50,0.5906125921724333,0
4333,0091,2,2026-06-14 02:55:50,0.2820476460578559,0
4334,0111,2,2026-06-14 02:55:50,0.2820476460578559,0
4335,0305,2,2026-06-14 02:55:50,0.4445547362450369,0
4336,0340,2,2026-06-14 02:55:50,0.7765173000567215,0
4337,0351,2,2026-06-14 02:55:50,1.0000000000000000,0
4338,0355,2,2026-06-14 02:55:50,0.3291264889393080,0
4339,0385,2,2026-06-14 02:55:50,0.6381168462847420,0
4340,0091,2,2026-06-14 02:56:00,0.2820476460578559,0
4341,0111,2,2026-06-14 02:56:00,0.2820476460578559,0
4342,0305,2,2026-06-14 02:56:00,0.4445547362450369,0
4343,0355,2,2026-06-14 02:56:00,0.3291264889393080,0
4344,0019,2,2026-06-14 02:56:10,0.1905842314237096,0
4345,0091,2,2026-06-14 02:56:10,0.2820476460578559,0
4346,0111,2,2026-06-14 02:56:10,0.2820476460578559,0
4347,0305,2,2026-06-14 02:56:10,0.4445547362450369,0
4348,0355,2,2026-06-14 02:56:10,0.3291264889393080,0
4349,0019,2,2026-06-14 02:56:20,0.1905842314237096,0
4350,0091,2,2026-06-14 02:56:20,0.2820476460578559,0
4351,0111,2,2026-06-14 02:56:20,0.2820476460578559,0
4352,0253,2,2026-06-14 02:56:20,0.1188315371525808,0
4353,0302,2,2026-06-14 02:56:20,0.0545944412932501,0
4354,0305,2,2026-06-14 02:56:20,0.4445547362450369,0
4355,0355,2,2026-06-14 02:56:20,0.3291264889393080,0
4356,0019,2,2026-06-14 02:56:30,0.1905842314237096,0
4357,0111,2,2026-06-14 02:56:30,0.2820476460578559,0
4358,0253,2,2026-06-14 02:56:30,0.1188315371525808,0
4359,0302,2,2026-06-14 02:56:30,0.0545944412932501,0
4360,0305,2,2026-06-14 02:56:30,0.4445547362450369,0
4361,0355,2,2026-06-14 02:56:30,0.3291264889393080,0
4362,0394,2,2026-06-14 02:56:30,0.1905842314237096,0
4363,0019,2,2026-06-14 02:56:40,0.1905842314237096,0
4364,0111,2,2026-06-14 02:56:40,0.2820476460578559,0
4365,0253,2,2026-06-14 02:56:40,0.1188315371525808,0
4366,0302,2,2026-06-14 02:56:40,0.0545944412932501,0
4367,0305,2,2026-06-14 02:56:40,0.4445547362450369,0
4368,0355,2,2026-06-14 02:56:40,0.3291264889393080,0
4369,0394,2,2026-06-14 02:56:40,0.1905842314237096,0
4370,0019,2,2026-06-14 02:56:50,0.1905842314237096,0
4371,0111,2,2026-06-14 02:56:50,0.2820476460578559,0
4372,0253,2,2026-06-14 02:56:50,0.1188315371525808,0
4373,0302,2,2026-06-14 02:56:50,0.0545944412932501,0
4374,0305,2,2026-06-14 02:56:50,0.4445547362450369,0
4375,0384,2,2026-06-14 02:56:50,0.5906125921724333,0
4376,0394,2,2026-06-14 02:56:50,0.1905842314237096,0
4377,0019,2,2026-06-14 02:57:00,0.1905842314237096,0
4378,0111,2,2026-06-14 02:57:00,0.2820476460578559,0
4379,0253,2,2026-06-14 02:57:00,0.1188315371525808,0
4380,0302,2,2026-06-14 02:57:00,0.0545944412932501,0
4381,0384,2,2026-06-14 02:57:00,0.5906125921724333,0
4382,0394,2,2026-06-14 02:57:00,0.1905842314237096,0
4383,0019,2,2026-06-14 02:57:10,0.1905842314237096,0
4384,0111,2,2026-06-14 02:57:10,0.2820476460578559,0
4385,0253,2,2026-06-14 02:57:10,0.1188315371525808,0
4386,0302,2,2026-06-14 02:57:10,0.0545944412932501,0
4387,0384,2,2026-06-14 02:57:10,0.5906125921724333,0
4388,0394,2,2026-06-14 02:57:10,0.1905842314237096,0
4389,0019,2,2026-06-14 02:57:20,0.1905842314237096,0
4390,0086,2,2026-06-14 02:57:20,0.1188315371525808,0
4391,0253,2,2026-06-14 02:57:20,0.1188315371525808,0
4392,0302,2,2026-06-14 02:57:20,0.0545944412932501,0
4393,0384,2,2026-06-14 02:57:20,0.5906125921724333,0
4394,0394,2,2026-06-14 02:57:20,0.1905842314237096,0
4395,0463,2,2026-06-14 02:57:20,0.2820476460578559,0
4396,0019,2,2026-06-14 02:57:30,0.1905842314237096,0
4397,0086,2,2026-06-14 02:57:30,0.1188315371525808,0
4398,0253,2,2026-06-14 02:57:30,0.1188315371525808,0
4399,0302,2,2026-06-14 02:57:30,0.0545944412932501,0
4400,0384,2,2026-06-14 02:57:30,0.5906125921724333,0
4401,0394,2,2026-06-14 02:57:30,0.1905842314237096,0
4402,0463,2,2026-06-14 02:57:30,0.2820476460578559,0
4403,0086,2,2026-06-14 02:57:40,0.1188315371525808,0
4404,0253,2,2026-06-14 02:57:40,0.1188315371525808,0
4405,0259,2,2026-06-14 02:57:40,0.2820476460578559,0
4406,0302,2,2026-06-14 02:57:40,0.0545944412932501,0
4407,0384,2,2026-06-14 02:57:40,0.5906125921724333,0
4408,0394,2,2026-06-14 02:57:40,0.1905842314237096,0
4409,0463,2,2026-06-14 02:57:40,0.2820476460578559,0
4410,0086,2,2026-06-14 02:57:50,0.1188315371525808,0
4411,0253,2,2026-06-14 02:57:50,0.1188315371525808,0
4412,0259,2,2026-06-14 02:57:50,0.2820476460578559,0
4413,0302,2,2026-06-14 02:57:50,0.0545944412932501,0
4414,0384,2,2026-06-14 02:57:50,0.5906125921724333,0
4415,0394,2,2026-06-14 02:57:50,0.1905842314237096,0
4416,0086,2,2026-06-14 02:58:00,0.1188315371525808,0
4417,0117,2,2026-06-14 02:58:00,0.6703062960862167,0
4418,0259,2,2026-06-14 02:58:00,0.2820476460578559,0
4419,0280,2,2026-06-14 02:58:00,0.5906125921724333,0
4420,0302,2,2026-06-14 02:58:00,0.0545944412932501,0
4421,0384,2,2026-06-14 02:58:00,0.5906125921724333,0
4422,0394,2,2026-06-14 02:58:00,0.1905842314237096,0
4423,0034,2,2026-06-14 02:58:10,0.7765173000567215,0
4424,0086,2,2026-06-14 02:58:10,0.1188315371525808,0
4425,0117,2,2026-06-14 02:58:10,0.6703062960862167,0
4426,0259,2,2026-06-14 02:58:10,0.2820476460578559,0
4427,0280,2,2026-06-14 02:58:10,0.5906125921724333,0
4428,0384,2,2026-06-14 02:58:10,0.5906125921724333,0
4429,0394,2,2026-06-14 02:58:10,0.1905842314237096,0
4430,0034,2,2026-06-14 02:58:20,0.7765173000567215,0
4431,0086,2,2026-06-14 02:58:20,0.1188315371525808,0
4432,0117,2,2026-06-14 02:58:20,0.6703062960862167,0
4433,0259,2,2026-06-14 02:58:20,0.2820476460578559,0
4434,0280,2,2026-06-14 02:58:20,0.5906125921724333,0
4435,0384,2,2026-06-14 02:58:20,0.5906125921724333,0
4436,0394,2,2026-06-14 02:58:20,0.1905842314237096,0
4437,0034,2,2026-06-14 02:58:30,0.7765173000567215,0
4438,0086,2,2026-06-14 02:58:30,0.1188315371525808,0
4439,0117,2,2026-06-14 02:58:30,0.6703062960862167,0
4440,0259,2,2026-06-14 02:58:30,0.2820476460578559,0
4441,0280,2,2026-06-14 02:58:30,0.5906125921724333,0
4442,0384,2,2026-06-14 02:58:30,0.5906125921724333,0
4443,004,2,2026-06-14 02:58:40,0.6381168462847420,0
4444,0034,2,2026-06-14 02:58:40,0.7765173000567215,0
4445,0086,2,2026-06-14 02:58:40,0.1188315371525808,0
4446,0117,2,2026-06-14 02:58:40,0.6703062960862167,0
4447,0259,2,2026-06-14 02:58:40,0.2820476460578559,0
4448,0280,2,2026-06-14 02:58:40,0.5906125921724333,0
4449,004,2,2026-06-14 02:58:50,0.6381168462847420,0
4450,0034,2,2026-06-14 02:58:50,0.7765173000567215,0
4451,0086,2,2026-06-14 02:58:50,0.1188315371525808,0
4452,0117,2,2026-06-14 02:58:50,0.6703062960862167,0
4453,0280,2,2026-06-14 02:58:50,0.5906125921724333,0
4454,0034,2,2026-06-14 02:59:00,0.7765173000567215,0
4455,0086,2,2026-06-14 02:59:00,0.1188315371525808,0
4456,0117,2,2026-06-14 02:59:00,0.6703062960862167,0
4457,0198,2,2026-06-14 02:59:00,0.5906125921724333,0
4458,0280,2,2026-06-14 02:59:00,0.5906125921724333,0
4459,0389,2,2026-06-14 02:59:00,0.4445547362450369,0
4460,0034,2,2026-06-14 02:59:10,0.7765173000567215,0
4461,0117,2,2026-06-14 02:59:10,0.6703062960862167,0
4462,0138,2,2026-06-14 02:59:10,0.4445547362450369,0
4463,0198,2,2026-06-14 02:59:10,0.5906125921724333,0
4464,0280,2,2026-06-14 02:59:10,0.5906125921724333,0
4465,0389,2,2026-06-14 02:59:10,0.4445547362450369,0
4466,0012,2,2026-06-14 02:59:20,0.7765173000567215,0
4467,0034,2,2026-06-14 02:59:20,0.7765173000567215,0
4468,0117,2,2026-06-14 02:59:20,0.6703062960862167,0
4469,0138,2,2026-06-14 02:59:20,0.4445547362450369,0
4470,0198,2,2026-06-14 02:59:20,0.5906125921724333,0
4471,0280,2,2026-06-14 02:59:20,0.5906125921724333,0
4472,0389,2,2026-06-14 02:59:20,0.4445547362450369,0
4473,0012,2,2026-06-14 02:59:30,0.7765173000567215,0
4474,0034,2,2026-06-14 02:59:30,0.7765173000567215,0
4475,0117,2,2026-06-14 02:59:30,0.6703062960862167,0
4476,0138,2,2026-06-14 02:59:30,0.4445547362450369,0
4477,0198,2,2026-06-14 02:59:30,0.5906125921724333,0
4478,0198,2,2026-06-14 02:59:30,0.5906125921724333,0
4479,0280,2,2026-06-14 02:59:30,0.5906125921724333,0
4480,0389,2,2026-06-14 02:59:30,0.4445547362450369,0
4481,0458,2,2026-06-14 02:59:30,0.9119398752127056,0
4482,0012,2,2026-06-14 02:59:40,0.7765173000567215,0
4483,0034,2,2026-06-14 02:59:40,0.7765173000567215,0
4484,0138,2,2026-06-14 02:59:40,0.4445547362450369,0
4485,0198,2,2026-06-14 02:59:40,0.5906125921724333,0
4486,0198,2,2026-06-14 02:59:40,0.5906125921724333,1
4487,0280,2,2026-06-14 02:59:40,0.5906125921724333,0
4488,0389,2,2026-06-14 02:59:40,0.4445547362450369,0
4489,0458,2,2026-06-14 02:59:40,0.9119398752127056,0
4490,0012,2,2026-06-14 02:59:50,0.7765173000567215,0
4491,0034,2,2026-06-14 02:59:50,0.7765173000567215,0
4492,0138,2,2026-06-14 02:59:50,0.4445547362450369,0
4493,0198,2,2026-06-14 02:59:50,0.5906125921724333,0
4494,0198,2,2026-06-14 02:59:50,0.5906125921724333,0
4495,0389,2,2026-06-14 02:59:50,0.4445547362450369,0
4496,0458,2,2026-06-14 02:59:50,0.9119398752127056,0
4497,0012,2,2026-06-14 03:00:00,0.7765173000567215,0
4498,0034,2,2026-06-14 03:00:00,0.7765173000567215,0
4499,0138,2,2026-06-14 03:00:00,0.4445547362450369,0
4500,0198,2,2026-06-14 03:00:00,0.5906125921724333,0
4501,0198,2,2026-06-14 03:00:00,0.5906125921724333,0
4502,0458,2,2026-06-14 03:00:00,0.9119398752127056,0
4503,0012,2,2026-06-14 03:00:10,0.7765173000567215,0
4504,0138,2,2026-06-14 03:00:10,0.4445547362450369,0
4505,0198,2,2026-06-14 03:00:10,0.5906125921724333,1
4506,0198,2,2026-06-14 03:00:10,0.5906125921724333,0
4507,0458,2,2026-06-14 03:00:10,0.9119398752127056,0
4508,0012,2,2026-06-14 03:00:20,0.7765173000567215,0
4509,0138,2,2026-06-14 03:00:20,0.4445547362450369,0
4510,0198,2,2026-06-14 03:00:20,0.5906125921724333,0
4511,0458,2,2026-06-14 03:00:20,0.9119398752127056,0
4512,0138,2,2026-06-14 03:00:30,0.4445547362450369,0
4513,0198,2,2026-06-14 03:00:30,0.5906125921724333,0
4514,0458,2,2026-06-14 03:00:30,0.9119398752127056,0
4515,0138,2,2026-06-14 03:00:40,0.4445547362450369,0
4516,0198,2,2026-06-14 03:00:40,0.5906125921724333,0
4517,0458,2,2026-06-14 03:00:40,0.9119398752127056,0
4518,0035,2,2026-06-14 03:04:30,0.5185762904140669,0
4519,0035,2,2026-06-14 03:04:40,0.5185762904140669,0
4520,0035,2,2026-06-14 03:04:50,0.5185762904140669,0
4521,0035,2,2026-06-14 03:05:00,0.5185762904140669,0
4522,0035,2,2026-06-14 03:05:10,0.5185762904140669,0
4523,0035,2,2026-06-14 03:05:20,0.5185762904140669,0
4524,0035,2,2026-06-14 03:05:30,0.5185762904140669,0
4525,0035,2,2026-06-14 03:05:40,0.5185762904140669,0
4526,0364,2,2026-06-14 03:05:40,0.5906125921724333,0
4527,0035,2,2026-06-14 03:05:50,0.5185762904140669,0
4528,0364,2,2026-06-14 03:05:50,0.5906125921724333,0
4529,0035,2,2026-06-14 03:06:00,0.5185762904140669,0
4530,0364,2,2026-06-14 03:06:00,0.5906125921724333,0
4531,0035,2,2026-06-14 03:06:10,0.5185762904140669,0
4532,0185,2,2026-06-14 03:06:10,0.3291264889393080,0
4533,0364,2,2026-06-14 03:06:10,0.5906125921724333,0
4534,0185,2,2026-06-14 03:06:20,0.3291264889393080,0
4535,0364,2,2026-06-14 03:06:20,0.5906125921724333,0
4536,0185,2,2026-06-14 03:06:30,0.3291264889393080,0
4537,0364,2,2026-06-14 03:06:30,0.5906125921724333,0
4538,0185,2,2026-06-14 03:06:40,0.3291264889393080,0
4539,0364,2,2026-06-14 03:06:40,0.5906125921724333,0
4540,0185,2,2026-06-14 03:06:50,0.3291264889393080,0
4541,0364,2,2026-06-14 03:06:50,0.5906125921724333,0
4542,0185,2,2026-06-14 03:07:00,0.3291264889393080,0
4543,0364,2,2026-06-14 03:07:00,0.5906125921724333,0
4544,0185,2,2026-06-14 03:07:10,0.3291264889393080,0
4545,0165,2,2026-06-14 03:07:40,0.4445547362450369,0
4546,0165,2,2026-06-14 03:07:50,0.4445547362450369,0
4547,0329,2,2026-06-14 03:07:50,0.4445547362450369,0
4548,0438,2,2026-06-14 03:07:50,1.0000000000000000,0
4549,0165,2,2026-06-14 03:08:00,0.4445547362450369,0
4550,0329,2,2026-06-14 03:08:00,0.4445547362450369,0
4551,0438,2,2026-06-14 03:08:00,1.0000000000000000,0
4552,0165,2,2026-06-14 03:08:10,0.4445547362450369,0
4553,0329,2,2026-06-14 03:08:10,0.4445547362450369,0
4554,0438,2,2026-06-14 03:08:10,1.0000000000000000,0
4555,0165,2,2026-06-14 03:08:20,0.4445547362450369,0
4556,0329,2,2026-06-14 03:08:20,0.4445547362450369,0
4557,0438,2,2026-06-14 03:08:20,1.0000000000000000,0
4558,0165,2,2026-06-14 03:08:30,0.4445547362450369,0
4559,0329,2,2026-06-14 03:08:30,0.4445547362450369,0
4560,0438,2,2026-06-14 03:08:30,1.0000000000000000,0
4561,0165,2,2026-06-14 03:08:40,0.4445547362450369,0
4562,0329,2,2026-06-14 03:08:40,0.4445547362450369,0
4563,0438,2,2026-06-14 03:08:40,1.0000000000000000,0
4564,0165,2,2026-06-14 03:08:50,0.4445547362450369,0
4565,0329,2,2026-06-14 03:08:50,0.4445547362450369,0
4566,0438,2,2026-06-14 03:08:50,1.0000000000000000,0
4567,0160,2,2026-06-14 04:36:30,0.1905842314237096,0
4568,0160,2,2026-06-14 04:36:40,0.1905842314237096,0
4569,0160,2,2026-06-14 04:36:50,0.1905842314237096,0
4570,0160,2,2026-06-14 04:37:00,0.1905842314237096,0
4571,0160,2,2026-06-14 04:37:00,0.1905842314237096,0
4572,0160,2,2026-06-14 04:37:10,0.1905842314237096,0
4573,0160,2,2026-06-14 04:37:10,0.1905842314237096,0
4574,0160,2,2026-06-14 04:37:20,0.1905842314237096,0
4575,0160,2,2026-06-14 04:37:20,0.1905842314237096,1
4576,0063,2,2026-06-14 04:37:30,0.5185762904140669,0
4577,0160,2,2026-06-14 04:37:30,0.1905842314237096,0
4578,0160,2,2026-06-14 04:37:30,0.1905842314237096,0
4579,0455,2,2026-06-14 04:37:30,0.5185762904140669,0
4580,0063,2,2026-06-14 04:37:40,0.5185762904140669,0
4581,0160,2,2026-06-14 04:37:40,0.1905842314237096,0
4582,0160,2,2026-06-14 04:37:40,0.1905842314237096,0
4583,0455,2,2026-06-14 04:37:40,0.5185762904140669,0
4584,0063,2,2026-06-14 04:37:50,0.5185762904140669,0
4585,0160,2,2026-06-14 04:37:50,0.1905842314237096,1
4586,0455,2,2026-06-14 04:37:50,0.5185762904140669,0
4587,0026,2,2026-06-14 04:38:00,1.0000000000000000,0
4588,0063,2,2026-06-14 04:38:00,0.5185762904140669,0
4589,0160,2,2026-06-14 04:38:00,0.1905842314237096,0
4590,0455,2,2026-06-14 04:38:00,0.5185762904140669,0
4591,0026,2,2026-06-14 04:38:10,1.0000000000000000,0
4592,0063,2,2026-06-14 04:38:10,0.5185762904140669,0
4593,0160,2,2026-06-14 04:38:10,0.1905842314237096,0
4594,0405,2,2026-06-14 04:38:10,0.0545944412932501,0
4595,0455,2,2026-06-14 04:38:10,0.5185762904140669,0
4596,0026,2,2026-06-14 04:38:20,1.0000000000000000,0
4597,0063,2,2026-06-14 04:38:20,0.5185762904140669,0
4598,0405,2,2026-06-14 04:38:20,0.0545944412932501,0
4599,0455,2,2026-06-14 04:38:20,0.5185762904140669,0
4600,0026,2,2026-06-14 04:38:30,1.0000000000000000,0
4601,0063,2,2026-06-14 04:38:30,0.5185762904140669,0
4602,0405,2,2026-06-14 04:38:30,0.0545944412932501,0
4603,0455,2,2026-06-14 04:38:30,0.5185762904140669,0
4604,0026,2,2026-06-14 04:38:40,1.0000000000000000,0
4605,0063,2,2026-06-14 04:38:40,0.5185762904140669,0
4606,0067,2,2026-06-14 04:38:40,0.5185762904140669,0
4607,0213,2,2026-06-14 04:38:40,0.9119398752127056,0
4608,0405,2,2026-06-14 04:38:40,0.0545944412932501,0
4609,0455,2,2026-06-14 04:38:40,0.5185762904140669,0
4610,0026,2,2026-06-14 04:38:50,1.0000000000000000,0
4611,0063,2,2026-06-14 04:38:50,0.5185762904140669,0
4612,0067,2,2026-06-14 04:38:50,0.5185762904140669,0
4613,0190,2,2026-06-14 04:38:50,0.7765173000567215,0
4614,0213,2,2026-06-14 04:38:50,0.9119398752127056,0
4615,0405,2,2026-06-14 04:38:50,0.0545944412932501,0
4616,0455,2,2026-06-14 04:38:50,0.5185762904140669,0
4617,0026,2,2026-06-14 04:39:00,1.0000000000000000,0
4618,0063,2,2026-06-14 04:39:00,0.5185762904140669,0
4619,0067,2,2026-06-14 04:39:00,0.5185762904140669,0
4620,0213,2,2026-06-14 04:39:00,0.9119398752127056,0
4621,0405,2,2026-06-14 04:39:00,0.0545944412932501,0
4622,0455,2,2026-06-14 04:39:00,0.5185762904140669,0
4623,0026,2,2026-06-14 04:39:10,1.0000000000000000,0
4624,0067,2,2026-06-14 04:39:10,0.5185762904140669,0
4625,0213,2,2026-06-14 04:39:10,0.9119398752127056,0
4626,0405,2,2026-06-14 04:39:10,0.0545944412932501,0
4627,0026,2,2026-06-14 04:39:20,1.0000000000000000,0
4628,0067,2,2026-06-14 04:39:20,0.5185762904140669,0
4629,0213,2,2026-06-14 04:39:20,0.9119398752127056,0
4630,0405,2,2026-06-14 04:39:20,0.0545944412932501,0
4631,0026,2,2026-06-14 04:39:30,1.0000000000000000,0
4632,0067,2,2026-06-14 04:39:30,0.5185762904140669,0
4633,0405,2,2026-06-14 04:39:30,0.0545944412932501,0
4634,0026,2,2026-06-14 04:39:40,1.0000000000000000,0
4635,0067,2,2026-06-14 04:39:40,0.5185762904140669,0
4636,0405,2,2026-06-14 04:39:40,0.0545944412932501,0
4637,0026,2,2026-06-14 04:39:50,1.0000000000000000,0
4638,0067,2,2026-06-14 04:39:50,0.5185762904140669,0
4639,0067,2,2026-06-14 04:40:00,0.5185762904140669,0
4640,0067,2,2026-06-14 04:40:10,0.5185762904140669,0
4641,0079,2,2026-06-14 06:07:10,0.4445547362450369,0
4642,0079,2,2026-06-14 06:07:20,0.4445547362450369,0
4643,0079,2,2026-06-14 06:07:30,0.4445547362450369,0
4644,0079,2,2026-06-14 06:07:40,0.4445547362450369,0
4645,0079,2,2026-06-14 06:07:50,0.4445547362450369,1
4646,0407,2,2026-06-14 06:07:50,0.0545944412932501,0
4647,0079,2,2026-06-14 06:08:00,0.4445547362450369,0
4648,0407,2,2026-06-14 06:08:00,0.0545944412932501,0
4649,0079,2,2026-06-14 06:08:10,0.4445547362450369,0
4650,0407,2,2026-06-14 06:08:10,0.0545944412932501,0
4651,0407,2,2026-06-14 06:08:20,0.0545944412932501,0
4652,0407,2,2026-06-14 06:08:30,0.0545944412932501,0
4653,0407,2,2026-06-14 06:08:40,0.0545944412932501,0
4654,0407,2,2026-06-14 06:08:50,0.0545944412932501,0
4655,0407,2,2026-06-14 06:09:00,0.0545944412932501,0
4656,0407,2,2026-06-14 06:09:10,0.0545944412932501,0
4657,0220,2,2026-06-14 06:11:50,0.7765173000567215,0
4658,0220,2,2026-06-14 06:12:00,0.7765173000567215,0
4659,0220,2,2026-06-14 06:12:10,0.7765173000567215,0
4660,0220,2,2026-06-14 06:12:20,0.7765173000567215,0
4661,0220,2,2026-06-14 06:12:30,0.7765173000567215,0
4662,0179,2,2026-06-14 06:12:40,0.4445547362450369,0
4663,0220,2,2026-06-14 06:12:40,0.7765173000567215,0
4664,0179,2,2026-06-14 06:12:50,0.4445547362450369,0
4665,0220,2,2026-06-14 06:12:50,0.7765173000567215,0
4666,0363,2,2026-06-14 06:12:50,0.1188315371525808,0
4667,0179,2,2026-06-14 06:13:00,0.4445547362450369,0
4668,0220,2,2026-06-14 06:13:00,0.7765173000567215,0
4669,0363,2,2026-06-14 06:13:00,0.1188315371525808,0
4670,0179,2,2026-06-14 06:13:10,0.4445547362450369,0
4671,0220,2,2026-06-14 06:13:10,0.7765173000567215,0
4672,0363,2,2026-06-14 06:13:10,0.1188315371525808,0
4673,0179,2,2026-06-14 06:13:20,0.4445547362450369,0
4674,0220,2,2026-06-14 06:13:20,0.7765173000567215,0
4675,0363,2,2026-06-14 06:13:20,0.1188315371525808,0
4676,0179,2,2026-06-14 06:13:30,0.4445547362450369,0
4677,0220,2,2026-06-14 06:13:30,0.7765173000567215,0
4678,0363,2,2026-06-14 06:13:30,0.1188315371525808,0
4679,0179,2,2026-06-14 06:13:40,0.4445547362450369,0
4680,0363,2,2026-06-14 06:13:40,0.1188315371525808,0
4681,0179,2,2026-06-14 06:13:50,0.4445547362450369,0
4682,0363,2,2026-06-14 06:13:50,0.1188315371525808,0
4683,0179,2,2026-06-14 06:14:00,0.4445547362450369,0
4684,0363,2,2026-06-14 06:14:00,0.1188315371525808,0
4685,0363,2,2026-06-14 06:14:10,0.1188315371525808,0
4686,0363,2,2026-06-14 06:14:20,0.1188315371525808,0
4687,0363,2,2026-06-14 06:14:30,0.1188315371525808,0
4688,0052,2,2026-06-14 06:14:50,0.6381168462847420,0
4689,0052,2,2026-06-14 06:15:00,0.6381168462847420,0
4690,0052,2,2026-06-14 06:15:10,0.6381168462847420,0
4691,0052,2,2026-06-14 06:15:20,0.6381168462847420,0
4692,0052,2,2026-06-14 06:15:30,0.6381168462847420,0
4693,0052,2,2026-06-14 06:15:40,0.6381168462847420,0
4694,0052,2,2026-06-14 06:15:50,0.6381168462847420,0
4695,0052,2,2026-06-14 06:16:00,0.6381168462847420,0
4696,0375,2,2026-06-14 06:16:00,1.0000000000000000,0
4697,0052,2,2026-06-14 06:16:10,0.6381168462847420,0
4698,0375,2,2026-06-14 06:16:10,1.0000000000000000,0
4699,0052,2,2026-06-14 06:16:20,0.6381168462847420,0
4700,0375,2,2026-06-14 06:16:20,1.0000000000000000,0
4701,0052,2,2026-06-14 06:16:30,0.6381168462847420,0
4702,0375,2,2026-06-14 06:16:30,1.0000000000000000,0
4703,0375,2,2026-06-14 06:16:40,1.0000000000000000,0
4704,0375,2,2026-06-14 06:16:50,1.0000000000000000,0
4705,0375,2,2026-06-14 06:17:00,1.0000000000000000,0
4706,0375,2,2026-06-14 06:17:10,1.0000000000000000,0
4707,0375,2,2026-06-14 06:17:20,1.0000000000000000,0
4708,0375,2,2026-06-14 06:17:30,1.0000000000000000,0
4709,0375,2,2026-06-14 06:17:40,1.0000000000000000,0
4710,0375,2,2026-06-14 06:17:50,1.0000000000000000,0
4711,0440,2,2026-06-14 07:46:00,0.3291264889393080,0
4712,0466,2,2026-06-14 07:46:00,0.6381168462847420,0
4713,0440,2,2026-06-14 07:46:10,0.3291264889393080,0
4714,0466,2,2026-06-14 07:46:10,0.6381168462847420,0
4715,0059,2,2026-06-14 07:46:20,0.7765173000567215,0
4716,0440,2,2026-06-14 07:46:20,0.3291264889393080,0
4717,0466,2,2026-06-14 07:46:20,0.6381168462847420,0
4718,0059,2,2026-06-14 07:46:30,0.7765173000567215,0
4719,0440,2,2026-06-14 07:46:30,0.3291264889393080,0
4720,0466,2,2026-06-14 07:46:30,0.6381168462847420,0
4721,0044,2,2026-06-14 07:46:40,0.5906125921724333,0
4722,0059,2,2026-06-14 07:46:40,0.7765173000567215,0
4723,0343,2,2026-06-14 07:46:40,0.1188315371525808,0
4724,0440,2,2026-06-14 07:46:40,0.3291264889393080,0
4725,0466,2,2026-06-14 07:46:40,0.6381168462847420,0
4726,0044,2,2026-06-14 07:46:50,0.5906125921724333,0
4727,0059,2,2026-06-14 07:46:50,0.7765173000567215,0
4728,0343,2,2026-06-14 07:46:50,0.1188315371525808,0
4729,0440,2,2026-06-14 07:46:50,0.3291264889393080,0
4730,0044,2,2026-06-14 07:47:00,0.5906125921724333,0
4731,0059,2,2026-06-14 07:47:00,0.7765173000567215,0
4732,0343,2,2026-06-14 07:47:00,0.1188315371525808,0
4733,0440,2,2026-06-14 07:47:00,0.3291264889393080,0
4734,0044,2,2026-06-14 07:47:10,0.5906125921724333,0
4735,0059,2,2026-06-14 07:47:10,0.7765173000567215,1
4736,0343,2,2026-06-14 07:47:10,0.1188315371525808,0
4737,0440,2,2026-06-14 07:47:10,0.3291264889393080,0
4738,0044,2,2026-06-14 07:47:20,0.5906125921724333,0
4739,0059,2,2026-06-14 07:47:20,0.7765173000567215,0
4740,0135,2,2026-06-14 07:47:20,0.6703062960862167,0
4741,0343,2,2026-06-14 07:47:20,0.1188315371525808,0
4742,0440,2,2026-06-14 07:47:20,0.3291264889393080,0
4743,0044,2,2026-06-14 07:47:30,0.5906125921724333,0
4744,0059,2,2026-06-14 07:47:30,0.7765173000567215,0
4745,0135,2,2026-06-14 07:47:30,0.6703062960862167,0
4746,0343,2,2026-06-14 07:47:30,0.1188315371525808,0
4747,0440,2,2026-06-14 07:47:30,0.3291264889393080,0
4748,0044,2,2026-06-14 07:47:40,0.5906125921724333,0
4749,0059,2,2026-06-14 07:47:40,0.7765173000567215,0
4750,0135,2,2026-06-14 07:47:40,0.6703062960862167,0
4751,0343,2,2026-06-14 07:47:40,0.1188315371525808,0
4752,0408,2,2026-06-14 07:47:40,0.6381168462847420,0
4753,0440,2,2026-06-14 07:47:40,0.3291264889393080,0
4754,0059,2,2026-06-14 07:47:50,0.7765173000567215,0
4755,0135,2,2026-06-14 07:47:50,0.6703062960862167,0
4756,0343,2,2026-06-14 07:47:50,0.1188315371525808,0
4757,0408,2,2026-06-14 07:47:50,0.6381168462847420,0
4758,0440,2,2026-06-14 07:47:50,0.3291264889393080,0
4759,0059,2,2026-06-14 07:48:00,0.7765173000567215,0
4760,0135,2,2026-06-14 07:48:00,0.6703062960862167,0
4761,0343,2,2026-06-14 07:48:00,0.1188315371525808,0
4762,0408,2,2026-06-14 07:48:00,0.6381168462847420,0
4763,0135,2,2026-06-14 07:48:10,0.6703062960862167,0
4764,0408,2,2026-06-14 07:48:10,0.6381168462847420,0
4765,0135,2,2026-06-14 07:48:20,0.6703062960862167,0
4766,0408,2,2026-06-14 07:48:20,0.6381168462847420,0
4767,0135,2,2026-06-14 07:48:30,0.6703062960862167,0
4768,0408,2,2026-06-14 07:48:30,0.6381168462847420,0
4769,0135,2,2026-06-14 07:48:40,0.6703062960862167,0
4770,0408,2,2026-06-14 07:48:40,0.6381168462847420,0
4771,0135,2,2026-06-14 07:48:50,0.6703062960862167,0
4772,0408,2,2026-06-14 07:48:50,0.6381168462847420,0
4773,0408,2,2026-06-14 07:49:00,0.6381168462847420,0
4774,0047,2,2026-06-14 07:49:30,0.3291264889393080,0
4775,0047,2,2026-06-14 07:49:40,0.3291264889393080,0
4776,0047,2,2026-06-14 07:49:50,0.3291264889393080,0
4777,0047,2,2026-06-14 07:50:00,0.3291264889393080,0
4778,0047,2,2026-06-14 07:50:10,0.3291264889393080,0
4779,0047,2,2026-06-14 07:50:20,0.3291264889393080,0
4780,0087,2,2026-06-14 07:51:50,0.6381168462847420,0
4781,0087,2,2026-06-14 07:52:00,0.6381168462847420,1
4782,0095,2,2026-06-14 07:52:00,0.3291264889393080,0
4783,0087,2,2026-06-14 07:52:10,0.6381168462847420,0
4784,0095,2,2026-06-14 07:52:10,0.3291264889393080,0
4785,0087,2,2026-06-14 07:52:20,0.6381168462847420,0
4786,0087,2,2026-06-14 07:52:20,0.6381168462847420,0
4787,0095,2,2026-06-14 07:52:20,0.3291264889393080,0
4788,0087,2,2026-06-14 07:52:30,0.6381168462847420,1
4789,0087,2,2026-06-14 07:52:30,0.6381168462847420,0
4790,0095,2,2026-06-14 07:52:30,0.3291264889393080,0
4791,0087,2,2026-06-14 07:52:40,0.6381168462847420,0
4792,0095,2,2026-06-14 07:52:40,0.3291264889393080,0
4793,0087,2,2026-06-14 07:52:50,0.6381168462847420,0
4794,0095,2,2026-06-14 07:52:50,0.3291264889393080,0
4795,0087,2,2026-06-14 07:53:00,0.6381168462847420,0
4796,0095,2,2026-06-14 07:53:00,0.3291264889393080,0
4797,0095,2,2026-06-14 07:53:10,0.3291264889393080,0
4798,0095,2,2026-06-14 07:53:20,0.3291264889393080,0
4799,0095,2,2026-06-14 07:53:30,0.3291264889393080,0
4800,0095,2,2026-06-14 07:53:40,0.3291264889393080,0
4801,0095,2,2026-06-14 07:53:50,0.3291264889393080,0
4802,0467,2,2026-06-14 07:55:20,0.5906125921724333,0
4803,0467,2,2026-06-14 07:55:30,0.5906125921724333,0
4804,0467,2,2026-06-14 07:55:40,0.5906125921724333,0
4805,0467,2,2026-06-14 07:55:50,0.5906125921724333,0
4806,0467,2,2026-06-14 07:56:00,0.5906125921724333,0
4807,0467,2,2026-06-14 07:56:10,0.5906125921724333,0
4808,0467,2,2026-06-14 07:56:20,0.5906125921724333,0
4809,0467,2,2026-06-14 07:56:30,0.5906125921724333,0
4810,0467,2,2026-06-14 07:56:40,0.5906125921724333,0
4811,0467,2,2026-06-14 07:56:50,0.5906125921724333,0
4812,002,2,2026-06-14 07:57:50,0.1905842314237096,0
4813,0014,2,2026-06-14 07:57:50,0.6703062960862167,0
4814,0015,2,2026-06-14 07:57:50,0.5906125921724333,0
4815,0022,2,2026-06-14 07:57:50,0.9119398752127056,0
4816,0024,2,2026-06-14 07:57:50,0.2820476460578559,0
4817,0032,2,2026-06-14 07:57:50,0.3291264889393080,0
4818,0041,2,2026-06-14 07:57:50,0.5906125921724333,0
4819,0053,2,2026-06-14 07:57:50,0.9119398752127056,0
4820,0071,2,2026-06-14 07:57:50,0.7765173000567215,0
4821,0089,2,2026-06-14 07:57:50,0.1905842314237096,0
4822,0099,2,2026-06-14 07:57:50,1.0000000000000000,0
4823,0121,2,2026-06-14 07:57:50,0.7765173000567215,0
4824,0141,2,2026-06-14 07:57:50,1.0000000000000000,1
4825,0150,2,2026-06-14 07:57:50,0.1905842314237096,0
4826,0163,2,2026-06-14 07:57:50,0.9119398752127056,0
4827,0176,2,2026-06-14 07:57:50,0.7765173000567215,0
4828,0181,2,2026-06-14 07:57:50,0.6703062960862167,0
4829,0208,2,2026-06-14 07:57:50,0.5906125921724333,0
4830,0244,2,2026-06-14 07:57:50,0.0545944412932501,0
4831,0246,2,2026-06-14 07:57:50,0.1188315371525808,0
4832,0252,2,2026-06-14 07:57:50,0.1905842314237096,0
4833,0290,2,2026-06-14 07:57:50,0.9119398752127056,0
4834,0294,2,2026-06-14 07:57:50,0.7765173000567215,0
4835,0295,2,2026-06-14 07:57:50,0.6703062960862167,0
4836,0301,2,2026-06-14 07:57:50,0.2820476460578559,0
4837,0303,2,2026-06-14 07:57:50,0.3291264889393080,0
4838,0309,2,2026-06-14 07:57:50,0.6381168462847420,0
4839,0325,2,2026-06-14 07:57:50,0.1188315371525808,0
4840,0331,2,2026-06-14 07:57:50,0.6703062960862167,0
4841,0356,2,2026-06-14 07:57:50,0.5906125921724333,0
4842,0358,2,2026-06-14 07:57:50,0.1188315371525808,0
4843,0372,2,2026-06-14 07:57:50,0.0545944412932501,0
4844,0392,2,2026-06-14 07:57:50,0.2820476460578559,0
4845,0395,2,2026-06-14 07:57:50,0.1188315371525808,0
4846,0402,2,2026-06-14 07:57:50,0.4445547362450369,0
4847,0417,2,2026-06-14 07:57:50,0.5906125921724333,0
4848,0435,2,2026-06-14 07:57:50,0.9119398752127056,0
4849,0436,2,2026-06-14 07:57:50,0.4445547362450369,0
4850,0452,2,2026-06-14 07:57:50,0.9119398752127056,0
4851,0459,2,2026-06-14 07:57:50,1.0000000000000000,0
4852,0471,2,2026-06-14 07:57:50,0.6381168462847420,0
4853,0472,2,2026-06-14 07:57:50,0.0545944412932501,0
4854,0476,2,2026-06-14 07:57:50,0.9119398752127056,0
4855,0480,2,2026-06-14 07:57:50,0.1188315371525808,0
4856,0487,2,2026-06-14 07:57:50,0.9119398752127056,0
4857,002,2,2026-06-14 07:58:00,0.1905842314237096,0
4858,0014,2,2026-06-14 07:58:00,0.6703062960862167,0
4859,0015,2,2026-06-14 07:58:00,0.5906125921724333,0
4860,0020,2,2026-06-14 07:58:00,0.5906125921724333,0
4861,0022,2,2026-06-14 07:58:00,0.9119398752127056,0
4862,0024,2,2026-06-14 07:58:00,0.2820476460578559,0
4863,0032,2,2026-06-14 07:58:00,0.3291264889393080,0
4864,0041,2,2026-06-14 07:58:00,0.5906125921724333,0
4865,0053,2,2026-06-14 07:58:00,0.9119398752127056,0
4866,0070,2,2026-06-14 07:58:00,0.5906125921724333,0
4867,0071,2,2026-06-14 07:58:00,0.7765173000567215,0
4868,0083,2,2026-06-14 07:58:00,0.5185762904140669,0
4869,0085,2,2026-06-14 07:58:00,0.0545944412932501,0
4870,0089,2,2026-06-14 07:58:00,0.1905842314237096,0
4871,0099,2,2026-06-14 07:58:00,1.0000000000000000,0
4872,0113,2,2026-06-14 07:58:00,0.7765173000567215,0
4873,0121,2,2026-06-14 07:58:00,0.7765173000567215,0
4874,0126,2,2026-06-14 07:58:00,0.9119398752127056,0
4875,0140,2,2026-06-14 07:58:00,0.7765173000567215,0
4876,0141,2,2026-06-14 07:58:00,1.0000000000000000,0
4877,0150,2,2026-06-14 07:58:00,0.1905842314237096,0
4878,0163,2,2026-06-14 07:58:00,0.9119398752127056,0
4879,0176,2,2026-06-14 07:58:00,0.7765173000567215,0
4880,0181,2,2026-06-14 07:58:00,0.6703062960862167,0
4881,0183,2,2026-06-14 07:58:00,0.9119398752127056,0
4882,0187,2,2026-06-14 07:58:00,0.0545944412932501,0
4883,0205,2,2026-06-14 07:58:00,0.6703062960862167,0
4884,0208,2,2026-06-14 07:58:00,0.5906125921724333,0
4885,0226,2,2026-06-14 07:58:00,0.6381168462847420,0
4886,0232,2,2026-06-14 07:58:00,0.9119398752127056,0
4887,0235,2,2026-06-14 07:58:00,0.6381168462847420,0
4888,0243,2,2026-06-14 07:58:00,0.0545944412932501,0
4889,0244,2,2026-06-14 07:58:00,0.0545944412932501,0
4890,0246,2,2026-06-14 07:58:00,0.1188315371525808,0
4891,0252,2,2026-06-14 07:58:00,0.1905842314237096,0
4892,0255,2,2026-06-14 07:58:00,0.6381168462847420,0
4893,0290,2,2026-06-14 07:58:00,0.9119398752127056,0
4894,0294,2,2026-06-14 07:58:00,0.7765173000567215,0
4895,0295,2,2026-06-14 07:58:00,0.6703062960862167,0
4896,0296,2,2026-06-14 07:58:00,0.0545944412932501,0
4897,0301,2,2026-06-14 07:58:00,0.2820476460578559,0
4898,0303,2,2026-06-14 07:58:00,0.3291264889393080,0
4899,0307,2,2026-06-14 07:58:00,0.7765173000567215,0
4900,0309,2,2026-06-14 07:58:00,0.6381168462847420,0
4901,0325,2,2026-06-14 07:58:00,0.1188315371525808,0
4902,0331,2,2026-06-14 07:58:00,0.6703062960862167,0
4903,0356,2,2026-06-14 07:58:00,0.5906125921724333,0
4904,0358,2,2026-06-14 07:58:00,0.1188315371525808,0
4905,0371,2,2026-06-14 07:58:00,0.6703062960862167,0
4906,0372,2,2026-06-14 07:58:00,0.0545944412932501,0
4907,0383,2,2026-06-14 07:58:00,0.6381168462847420,0
4908,0386,2,2026-06-14 07:58:00,0.4445547362450369,0
4909,0392,2,2026-06-14 07:58:00,0.2820476460578559,0
4910,0395,2,2026-06-14 07:58:00,0.1188315371525808,0
4911,0402,2,2026-06-14 07:58:00,0.4445547362450369,0
4912,0417,2,2026-06-14 07:58:00,0.5906125921724333,0
4913,0430,2,2026-06-14 07:58:00,0.5185762904140669,0
4914,0431,2,2026-06-14 07:58:00,0.1188315371525808,0
4915,0435,2,2026-06-14 07:58:00,0.9119398752127056,0
4916,0436,2,2026-06-14 07:58:00,0.4445547362450369,0
4917,0452,2,2026-06-14 07:58:00,0.9119398752127056,1
4918,0459,2,2026-06-14 07:58:00,1.0000000000000000,0
4919,0469,2,2026-06-14 07:58:00,0.1188315371525808,0
4920,0471,2,2026-06-14 07:58:00,0.6381168462847420,0
4921,0472,2,2026-06-14 07:58:00,0.0545944412932501,0
4922,0476,2,2026-06-14 07:58:00,0.9119398752127056,0
4923,0480,2,2026-06-14 07:58:00,0.1188315371525808,0
4924,0487,2,2026-06-14 07:58:00,0.9119398752127056,0
4925,002,2,2026-06-14 07:58:10,0.1905842314237096,0
4926,0014,2,2026-06-14 07:58:10,0.6703062960862167,0
4927,0015,2,2026-06-14 07:58:10,0.5906125921724333,0
4928,0020,2,2026-06-14 07:58:10,0.5906125921724333,0
4929,0022,2,2026-06-14 07:58:10,0.9119398752127056,0
4930,0024,2,2026-06-14 07:58:10,0.2820476460578559,0
4931,0032,2,2026-06-14 07:58:10,0.3291264889393080,0
4932,0041,2,2026-06-14 07:58:10,0.5906125921724333,0
4933,0053,2,2026-06-14 07:58:10,0.9119398752127056,0
4934,0070,2,2026-06-14 07:58:10,0.5906125921724333,0
4935,0071,2,2026-06-14 07:58:10,0.7765173000567215,0
4936,0083,2,2026-06-14 07:58:10,0.5185762904140669,0
4937,0085,2,2026-06-14 07:58:10,0.0545944412932501,0
4938,0089,2,2026-06-14 07:58:10,0.1905842314237096,0
4939,0099,2,2026-06-14 07:58:10,1.0000000000000000,0
4940,0113,2,2026-06-14 07:58:10,0.7765173000567215,0
4941,0121,2,2026-06-14 07:58:10,0.7765173000567215,0
4942,0126,2,2026-06-14 07:58:10,0.9119398752127056,0
4943,0140,2,2026-06-14 07:58:10,0.7765173000567215,0
4944,0141,2,2026-06-14 07:58:10,1.0000000000000000,0
4945,0150,2,2026-06-14 07:58:10,0.1905842314237096,0
4946,0163,2,2026-06-14 07:58:10,0.9119398752127056,0
4947,0176,2,2026-06-14 07:58:10,0.7765173000567215,0
4948,0181,2,2026-06-14 07:58:10,0.6703062960862167,0
4949,0183,2,2026-06-14 07:58:10,0.9119398752127056,0
4950,0187,2,2026-06-14 07:58:10,0.0545944412932501,0
4951,0205,2,2026-06-14 07:58:10,0.6703062960862167,0
4952,0208,2,2026-06-14 07:58:10,0.5906125921724333,0
4953,0226,2,2026-06-14 07:58:10,0.6381168462847420,0
4954,0232,2,2026-06-14 07:58:10,0.9119398752127056,0
4955,0235,2,2026-06-14 07:58:10,0.6381168462847420,0
4956,0243,2,2026-06-14 07:58:10,0.0545944412932501,0
4957,0244,2,2026-06-14 07:58:10,0.0545944412932501,0
4958,0246,2,2026-06-14 07:58:10,0.1188315371525808,0
4959,0252,2,2026-06-14 07:58:10,0.1905842314237096,0
4960,0255,2,2026-06-14 07:58:10,0.6381168462847420,0
4961,0290,2,2026-06-14 07:58:10,0.9119398752127056,0
4962,0294,2,2026-06-14 07:58:10,0.7765173000567215,0
4963,0295,2,2026-06-14 07:58:10,0.6703062960862167,0
4964,0296,2,2026-06-14 07:58:10,0.0545944412932501,0
4965,0301,2,2026-06-14 07:58:10,0.2820476460578559,0
4966,0303,2,2026-06-14 07:58:10,0.3291264889393080,0
4967,0307,2,2026-06-14 07:58:10,0.7765173000567215,0
4968,0309,2,2026-06-14 07:58:10,0.6381168462847420,0
4969,0325,2,2026-06-14 07:58:10,0.1188315371525808,0
4970,0331,2,2026-06-14 07:58:10,0.6703062960862167,0
4971,0356,2,2026-06-14 07:58:10,0.5906125921724333,0
4972,0358,2,2026-06-14 07:58:10,0.1188315371525808,0
4973,0371,2,2026-06-14 07:58:10,0.6703062960862167,0
4974,0372,2,2026-06-14 07:58:10,0.0545944412932501,0
4975,0383,2,2026-06-14 07:58:10,0.6381168462847420,0
4976,0386,2,2026-06-14 07:58:10,0.4445547362450369,0
4977,0392,2,2026-06-14 07:58:10,0.2820476460578559,0
4978,0395,2,2026-06-14 07:58:10,0.1188315371525808,0
4979,0402,2,2026-06-14 07:58:10,0.4445547362450369,0
4980,0417,2,2026-06-14 07:58:10,0.5906125921724333,0
4981,0430,2,2026-06-14 07:58:10,0.5185762904140669,0
4982,0431,2,2026-06-14 07:58:10,0.1188315371525808,0
4983,0435,2,2026-06-14 07:58:10,0.9119398752127056,0
4984,0436,2,2026-06-14 07:58:10,0.4445547362450369,0
4985,0452,2,2026-06-14 07:58:10,0.9119398752127056,0
4986,0459,2,2026-06-14 07:58:10,1.0000000000000000,0
4987,0469,2,2026-06-14 07:58:10,0.1188315371525808,0
4988,0471,2,2026-06-14 07:58:10,0.6381168462847420,0
4989,0472,2,2026-06-14 07:58:10,0.0545944412932501,0
4990,0476,2,2026-06-14 07:58:10,0.9119398752127056,0
4991,0480,2,2026-06-14 07:58:10,0.1188315371525808,0
4992,0487,2,2026-06-14 07:58:10,0.9119398752127056,0
4993,002,2,2026-06-14 07:58:20,0.1905842314237096,0
4994,0014,2,2026-06-14 07:58:20,0.6703062960862167,0
4995,0015,2,2026-06-14 07:58:20,0.5906125921724333,0
4996,0020,2,2026-06-14 07:58:20,0.5906125921724333,0
4997,0022,2,2026-06-14 07:58:20,0.9119398752127056,0
4998,0024,2,2026-06-14 07:58:20,0.2820476460578559,0
4999,0032,2,2026-06-14 07:58:20,0.3291264889393080,0
5000,0041,2,2026-06-14 07:58:20,0.5906125921724333,0
5001,0053,2,2026-06-14 07:58:20,0.9119398752127056,0
5002,0070,2,2026-06-14 07:58:20,0.5906125921724333,0
5003,0071,2,2026-06-14 07:58:20,0.7765173000567215,0
5004,0083,2,2026-06-14 07:58:20,0.5185762904140669,0
5005,0085,2,2026-06-14 07:58:20,0.0545944412932501,0
5006,0089,2,2026-06-14 07:58:20,0.1905842314237096,0
5007,0099,2,2026-06-14 07:58:20,1.0000000000000000,0
5008,0113,2,2026-06-14 07:58:20,0.7765173000567215,0
5009,0121,2,2026-06-14 07:58:20,0.7765173000567215,0
5010,0126,2,2026-06-14 07:58:20,0.9119398752127056,0
5011,0140,2,2026-06-14 07:58:20,0.7765173000567215,0
5012,0141,2,2026-06-14 07:58:20,1.0000000000000000,1
5013,0150,2,2026-06-14 07:58:20,0.1905842314237096,0
5014,0163,2,2026-06-14 07:58:20,0.9119398752127056,0
5015,0176,2,2026-06-14 07:58:20,0.7765173000567215,0
5016,0181,2,2026-06-14 07:58:20,0.6703062960862167,0
5017,0183,2,2026-06-14 07:58:20,0.9119398752127056,0
5018,0187,2,2026-06-14 07:58:20,0.0545944412932501,0
5019,0205,2,2026-06-14 07:58:20,0.6703062960862167,0
5020,0208,2,2026-06-14 07:58:20,0.5906125921724333,0
5021,0226,2,2026-06-14 07:58:20,0.6381168462847420,0
5022,0232,2,2026-06-14 07:58:20,0.9119398752127056,0
5023,0235,2,2026-06-14 07:58:20,0.6381168462847420,0
5024,0243,2,2026-06-14 07:58:20,0.0545944412932501,0
5025,0244,2,2026-06-14 07:58:20,0.0545944412932501,0
5026,0246,2,2026-06-14 07:58:20,0.1188315371525808,0
5027,0252,2,2026-06-14 07:58:20,0.1905842314237096,0
5028,0255,2,2026-06-14 07:58:20,0.6381168462847420,0
5029,0290,2,2026-06-14 07:58:20,0.9119398752127056,0
5030,0294,2,2026-06-14 07:58:20,0.7765173000567215,0
5031,0295,2,2026-06-14 07:58:20,0.6703062960862167,0
5032,0296,2,2026-06-14 07:58:20,0.0545944412932501,0
5033,0301,2,2026-06-14 07:58:20,0.2820476460578559,0
5034,0303,2,2026-06-14 07:58:20,0.3291264889393080,0
5035,0307,2,2026-06-14 07:58:20,0.7765173000567215,0
5036,0309,2,2026-06-14 07:58:20,0.6381168462847420,0
5037,0325,2,2026-06-14 07:58:20,0.1188315371525808,0
5038,0331,2,2026-06-14 07:58:20,0.6703062960862167,0
5039,0356,2,2026-06-14 07:58:20,0.5906125921724333,0
5040,0358,2,2026-06-14 07:58:20,0.1188315371525808,0
5041,0371,2,2026-06-14 07:58:20,0.6703062960862167,0
5042,0372,2,2026-06-14 07:58:20,0.0545944412932501,0
5043,0383,2,2026-06-14 07:58:20,0.6381168462847420,0
5044,0386,2,2026-06-14 07:58:20,0.4445547362450369,0
5045,0392,2,2026-06-14 07:58:20,0.2820476460578559,0
5046,0395,2,2026-06-14 07:58:20,0.1188315371525808,0
5047,0402,2,2026-06-14 07:58:20,0.4445547362450369,0
5048,0417,2,2026-06-14 07:58:20,0.5906125921724333,0
5049,0430,2,2026-06-14 07:58:20,0.5185762904140669,0
5050,0431,2,2026-06-14 07:58:20,0.1188315371525808,0
5051,0435,2,2026-06-14 07:58:20,0.9119398752127056,0
5052,0436,2,2026-06-14 07:58:20,0.4445547362450369,0
5053,0452,2,2026-06-14 07:58:20,0.9119398752127056,0
5054,0459,2,2026-06-14 07:58:20,1.0000000000000000,0
5055,0469,2,2026-06-14 07:58:20,0.1188315371525808,0
5056,0471,2,2026-06-14 07:58:20,0.6381168462847420,0
5057,0472,2,2026-06-14 07:58:20,0.0545944412932501,0
5058,0476,2,2026-06-14 07:58:20,0.9119398752127056,0
5059,0480,2,2026-06-14 07:58:20,0.1188315371525808,0
5060,0487,2,2026-06-14 07:58:20,0.9119398752127056,0
5061,002,2,2026-06-14 07:58:30,0.1905842314237096,0
5062,0014,2,2026-06-14 07:58:30,0.6703062960862167,0
5063,0015,2,2026-06-14 07:58:30,0.5906125921724333,0
5064,0024,2,2026-06-14 07:58:30,0.2820476460578559,0
5065,0032,2,2026-06-14 07:58:30,0.3291264889393080,0
5066,0053,2,2026-06-14 07:58:30,0.9119398752127056,0
5067,0085,2,2026-06-14 07:58:30,0.0545944412932501,0
5068,0099,2,2026-06-14 07:58:30,1.0000000000000000,0
5069,0121,2,2026-06-14 07:58:30,0.7765173000567215,0
5070,0141,2,2026-06-14 07:58:30,1.0000000000000000,0
5071,0163,2,2026-06-14 07:58:30,0.9119398752127056,0
5072,0176,2,2026-06-14 07:58:30,0.7765173000567215,0
5073,0181,2,2026-06-14 07:58:30,0.6703062960862167,0
5074,0208,2,2026-06-14 07:58:30,0.5906125921724333,0
5075,0244,2,2026-06-14 07:58:30,0.0545944412932501,0
5076,0246,2,2026-06-14 07:58:30,0.1188315371525808,0
5077,0252,2,2026-06-14 07:58:30,0.1905842314237096,0
5078,0290,2,2026-06-14 07:58:30,0.9119398752127056,0
5079,0294,2,2026-06-14 07:58:30,0.7765173000567215,0
5080,0295,2,2026-06-14 07:58:30,0.6703062960862167,0
5081,0303,2,2026-06-14 07:58:30,0.3291264889393080,0
5082,0309,2,2026-06-14 07:58:30,0.6381168462847420,0
5083,0325,2,2026-06-14 07:58:30,0.1188315371525808,0
5084,0331,2,2026-06-14 07:58:30,0.6703062960862167,0
5085,0356,2,2026-06-14 07:58:30,0.5906125921724333,0
5086,0372,2,2026-06-14 07:58:30,0.0545944412932501,0
5087,0386,2,2026-06-14 07:58:30,0.4445547362450369,0
5088,0392,2,2026-06-14 07:58:30,0.2820476460578559,0
5089,0417,2,2026-06-14 07:58:30,0.5906125921724333,0
5090,0430,2,2026-06-14 07:58:30,0.5185762904140669,0
5091,0435,2,2026-06-14 07:58:30,0.9119398752127056,0
5092,0436,2,2026-06-14 07:58:30,0.4445547362450369,0
5093,0452,2,2026-06-14 07:58:30,0.9119398752127056,1
5094,0459,2,2026-06-14 07:58:30,1.0000000000000000,0
5095,0471,2,2026-06-14 07:58:30,0.6381168462847420,0
5096,0472,2,2026-06-14 07:58:30,0.0545944412932501,0
5097,0476,2,2026-06-14 07:58:30,0.9119398752127056,0
5098,0480,2,2026-06-14 07:58:30,0.1188315371525808,0
5099,0487,2,2026-06-14 07:58:30,0.9119398752127056,0
5100,0473,2,2026-06-14 07:58:40,0.6381168462847420,0
5101,0473,2,2026-06-14 07:58:50,0.6381168462847420,0
5102,0473,2,2026-06-14 07:59:00,0.6381168462847420,0
5103,0473,2,2026-06-14 07:59:10,0.6381168462847420,0
5104,0473,2,2026-06-14 07:59:20,0.6381168462847420,0
5105,0473,2,2026-06-14 07:59:30,0.6381168462847420,0
5106,0473,2,2026-06-14 07:59:40,0.6381168462847420,0
5107,0488,2,2026-06-14 07:59:40,0.9119398752127056,0
5108,0473,2,2026-06-14 07:59:50,0.6381168462847420,0
5109,0488,2,2026-06-14 07:59:50,0.9119398752127056,0
5110,0473,2,2026-06-14 08:00:00,0.6381168462847420,0
5111,0488,2,2026-06-14 08:00:00,0.9119398752127056,0
5112,0473,2,2026-06-14 08:00:10,0.6381168462847420,0
5113,0488,2,2026-06-14 08:00:10,0.9119398752127056,0
5114,0473,2,2026-06-14 08:00:20,0.6381168462847420,0
5115,0488,2,2026-06-14 08:00:20,0.9119398752127056,0
5116,0473,2,2026-06-14 08:00:30,0.6381168462847420,0
5117,0488,2,2026-06-14 08:00:30,0.9119398752127056,0
5118,0488,2,2026-06-14 08:00:40,0.9119398752127056,0
5119,0488,2,2026-06-14 08:00:50,0.9119398752127056,0
5120,0488,2,2026-06-14 08:01:00,0.9119398752127056,0
5121,0488,2,2026-06-14 08:01:10,0.9119398752127056,0
5122,0488,2,2026-06-14 08:01:20,0.9119398752127056,0
5123,0488,2,2026-06-14 08:01:30,0.9119398752127056,0
5124,0058,2,2026-06-14 08:04:20,0.4445547362450369,0
5125,0058,2,2026-06-14 08:04:30,0.4445547362450369,0
5126,0388,2,2026-06-14 08:08:40,0.5185762904140669,0
5127,0388,2,2026-06-14 08:08:50,0.5185762904140669,0
5128,0409,2,2026-06-14 08:08:50,0.4445547362450369,0
5129,0388,2,2026-06-14 08:09:00,0.5185762904140669,0
5130,0409,2,2026-06-14 08:09:00,0.4445547362450369,0
5131,0490,2,2026-06-14 08:09:00,0.4445547362450369,0
5132,0388,2,2026-06-14 08:09:10,0.5185762904140669,0
5133,0409,2,2026-06-14 08:09:10,0.4445547362450369,0
5134,0490,2,2026-06-14 08:09:10,0.4445547362450369,0
5135,0388,2,2026-06-14 08:09:20,0.5185762904140669,0
5136,0409,2,2026-06-14 08:09:20,0.4445547362450369,0
5137,0409,2,2026-06-14 08:09:20,0.4445547362450369,0
5138,0490,2,2026-06-14 08:09:20,0.4445547362450369,0
5139,0388,2,2026-06-14 08:09:30,0.5185762904140669,0
5140,0409,2,2026-06-14 08:09:30,0.4445547362450369,0
5141,0409,2,2026-06-14 08:09:30,0.4445547362450369,0
5142,0490,2,2026-06-14 08:09:30,0.4445547362450369,0
5143,0388,2,2026-06-14 08:09:40,0.5185762904140669,0
5144,0409,2,2026-06-14 08:09:40,0.4445547362450369,0
5145,0409,2,2026-06-14 08:09:40,0.4445547362450369,1
5146,0490,2,2026-06-14 08:09:40,0.4445547362450369,0
5147,0388,2,2026-06-14 08:09:50,0.5185762904140669,0
5148,0409,2,2026-06-14 08:09:50,0.4445547362450369,0
5149,0409,2,2026-06-14 08:09:50,0.4445547362450369,0
5150,0490,2,2026-06-14 08:09:50,0.4445547362450369,0
5151,0388,2,2026-06-14 08:10:00,0.5185762904140669,0
5152,0409,2,2026-06-14 08:10:00,0.4445547362450369,0
5153,0409,2,2026-06-14 08:10:00,0.4445547362450369,0
5154,0490,2,2026-06-14 08:10:00,0.4445547362450369,0
5155,0388,2,2026-06-14 08:10:10,0.5185762904140669,0
5156,0409,2,2026-06-14 08:10:10,0.4445547362450369,1
5157,0409,2,2026-06-14 08:10:10,0.4445547362450369,0
5158,0490,2,2026-06-14 08:10:10,0.4445547362450369,0
5159,0409,2,2026-06-14 08:10:20,0.4445547362450369,0
5160,0490,2,2026-06-14 08:10:20,0.4445547362450369,0
5161,0409,2,2026-06-14 08:10:30,0.4445547362450369,0
5162,0490,2,2026-06-14 08:10:30,0.4445547362450369,0
5163,0409,2,2026-06-14 08:10:40,0.4445547362450369,0
5164,0490,2,2026-06-14 08:10:40,0.4445547362450369,0
5165,0018,2,2026-06-14 09:23:10,0.5906125921724333,0
5166,0018,2,2026-06-14 09:23:20,0.5906125921724333,0
5167,0018,2,2026-06-14 09:23:30,0.5906125921724333,0
5168,0018,2,2026-06-14 09:23:40,0.5906125921724333,1
5169,0018,2,2026-06-14 09:23:50,0.5906125921724333,0
5170,0018,2,2026-06-14 09:24:00,0.5906125921724333,0
5171,0018,2,2026-06-14 09:24:10,0.5906125921724333,0
5172,0018,2,2026-06-14 09:24:20,0.5906125921724333,0
5173,0018,2,2026-06-14 09:24:30,0.5906125921724333,0
5174,0330,2,2026-06-14 09:24:30,0.0545944412932501,0
5175,0018,2,2026-06-14 09:24:40,0.5906125921724333,0
5176,0330,2,2026-06-14 09:24:40,0.0545944412932501,0
5177,0018,2,2026-06-14 09:24:50,0.5906125921724333,0
5178,0330,2,2026-06-14 09:24:50,0.0545944412932501,0
5179,0018,2,2026-06-14 09:25:00,0.5906125921724333,0
5180,0207,2,2026-06-14 09:25:00,0.5185762904140669,0
5181,0330,2,2026-06-14 09:25:00,0.0545944412932501,0
5182,0207,2,2026-06-14 09:25:10,0.5185762904140669,0
5183,0330,2,2026-06-14 09:25:10,0.0545944412932501,0
5184,0207,2,2026-06-14 09:25:20,0.5185762904140669,0
5185,0330,2,2026-06-14 09:25:20,0.0545944412932501,0
5186,0442,2,2026-06-14 09:25:20,0.7765173000567215,0
5187,0207,2,2026-06-14 09:25:30,0.5185762904140669,0
5188,0207,2,2026-06-14 09:25:30,0.5185762904140669,0
5189,0330,2,2026-06-14 09:25:30,0.0545944412932501,0
5190,0442,2,2026-06-14 09:25:30,0.7765173000567215,0
5191,0207,2,2026-06-14 09:25:40,0.5185762904140669,0
5192,0207,2,2026-06-14 09:25:40,0.5185762904140669,0
5193,0330,2,2026-06-14 09:25:40,0.0545944412932501,0
5194,0442,2,2026-06-14 09:25:40,0.7765173000567215,0
5195,0164,2,2026-06-14 09:25:50,1.0000000000000000,0
5196,0207,2,2026-06-14 09:25:50,0.5185762904140669,0
5197,0207,2,2026-06-14 09:25:50,0.5185762904140669,0
5198,0442,2,2026-06-14 09:25:50,0.7765173000567215,0
5199,0050,2,2026-06-14 09:26:00,0.9119398752127056,0
5200,0164,2,2026-06-14 09:26:00,1.0000000000000000,0
5201,0207,2,2026-06-14 09:26:00,0.5185762904140669,0
5202,0442,2,2026-06-14 09:26:00,0.7765173000567215,0
5203,0050,2,2026-06-14 09:26:10,0.9119398752127056,0
5204,0164,2,2026-06-14 09:26:10,1.0000000000000000,0
5205,0207,2,2026-06-14 09:26:10,0.5185762904140669,0
5206,0442,2,2026-06-14 09:26:10,0.7765173000567215,0
5207,0050,2,2026-06-14 09:26:20,0.9119398752127056,0
5208,0164,2,2026-06-14 09:26:20,1.0000000000000000,0
5209,0207,2,2026-06-14 09:26:20,0.5185762904140669,0
5210,0442,2,2026-06-14 09:26:20,0.7765173000567215,0
5211,0050,2,2026-06-14 09:26:30,0.9119398752127056,0
5212,0164,2,2026-06-14 09:26:30,1.0000000000000000,0
5213,0382,2,2026-06-14 09:26:30,0.6703062960862167,0
5214,0442,2,2026-06-14 09:26:30,0.7765173000567215,0
5215,0050,2,2026-06-14 09:26:40,0.9119398752127056,0
5216,0164,2,2026-06-14 09:26:40,1.0000000000000000,0
5217,0382,2,2026-06-14 09:26:40,0.6703062960862167,0
5218,0442,2,2026-06-14 09:26:40,0.7765173000567215,0
5219,0477,2,2026-06-14 09:26:40,0.1188315371525808,0
5220,0050,2,2026-06-14 09:26:50,0.9119398752127056,0
5221,0157,2,2026-06-14 09:26:50,0.5906125921724333,0
5222,0164,2,2026-06-14 09:26:50,1.0000000000000000,0
5223,0360,2,2026-06-14 09:26:50,1.0000000000000000,0
5224,0382,2,2026-06-14 09:26:50,0.6703062960862167,0
5225,0442,2,2026-06-14 09:26:50,0.7765173000567215,0
5226,0477,2,2026-06-14 09:26:50,0.1188315371525808,0
5227,0050,2,2026-06-14 09:27:00,0.9119398752127056,0
5228,0157,2,2026-06-14 09:27:00,0.5906125921724333,0
5229,0164,2,2026-06-14 09:27:00,1.0000000000000000,0
5230,0360,2,2026-06-14 09:27:00,1.0000000000000000,0
5231,0382,2,2026-06-14 09:27:00,0.6703062960862167,0
5232,0442,2,2026-06-14 09:27:00,0.7765173000567215,0
5233,0477,2,2026-06-14 09:27:00,0.1188315371525808,0
5234,0050,2,2026-06-14 09:27:10,0.9119398752127056,0
5235,0157,2,2026-06-14 09:27:10,0.5906125921724333,0
5236,0164,2,2026-06-14 09:27:10,1.0000000000000000,0
5237,0360,2,2026-06-14 09:27:10,1.0000000000000000,0
5238,0382,2,2026-06-14 09:27:10,0.6703062960862167,0
5239,0477,2,2026-06-14 09:27:10,0.1188315371525808,0
5240,0050,2,2026-06-14 09:27:20,0.9119398752127056,0
5241,0157,2,2026-06-14 09:27:20,0.5906125921724333,0
5242,0164,2,2026-06-14 09:27:20,1.0000000000000000,0
5243,0360,2,2026-06-14 09:27:20,1.0000000000000000,0
5244,0382,2,2026-06-14 09:27:20,0.6703062960862167,0
5245,0477,2,2026-06-14 09:27:20,0.1188315371525808,0
5246,0050,2,2026-06-14 09:27:30,0.9119398752127056,0
5247,0157,2,2026-06-14 09:27:30,0.5906125921724333,0
5248,0360,2,2026-06-14 09:27:30,1.0000000000000000,0
5249,0477,2,2026-06-14 09:27:30,0.1188315371525808,0
5250,0050,2,2026-06-14 09:27:40,0.9119398752127056,0
5251,0157,2,2026-06-14 09:27:40,0.5906125921724333,0
5252,0360,2,2026-06-14 09:27:40,1.0000000000000000,0
5253,0369,2,2026-06-14 09:27:40,0.6381168462847420,1
5254,0477,2,2026-06-14 09:27:40,0.1188315371525808,0
5255,0046,2,2026-06-14 09:27:50,0.1905842314237096,0
5256,0050,2,2026-06-14 09:27:50,0.9119398752127056,0
5257,0062,2,2026-06-14 09:27:50,0.4445547362450369,0
5258,0157,2,2026-06-14 09:27:50,0.5906125921724333,0
5259,0360,2,2026-06-14 09:27:50,1.0000000000000000,0
5260,0369,2,2026-06-14 09:27:50,0.6381168462847420,0
5261,0477,2,2026-06-14 09:27:50,0.1188315371525808,0
5262,0046,2,2026-06-14 09:28:00,0.1905842314237096,0
5263,0062,2,2026-06-14 09:28:00,0.4445547362450369,0
5264,0157,2,2026-06-14 09:28:00,0.5906125921724333,0
5265,0174,2,2026-06-14 09:28:00,0.3291264889393080,0
5266,0360,2,2026-06-14 09:28:00,1.0000000000000000,0
5267,0369,2,2026-06-14 09:28:00,0.6381168462847420,0
5268,0046,2,2026-06-14 09:28:10,0.1905842314237096,0
5269,0062,2,2026-06-14 09:28:10,0.4445547362450369,0
5270,0109,2,2026-06-14 09:28:10,0.2820476460578559,0
5271,0157,2,2026-06-14 09:28:10,0.5906125921724333,0
5272,0174,2,2026-06-14 09:28:10,0.3291264889393080,0
5273,0360,2,2026-06-14 09:28:10,1.0000000000000000,0
5274,0369,2,2026-06-14 09:28:10,0.6381168462847420,1
5275,0369,2,2026-06-14 09:28:10,0.6381168462847420,0
5276,0046,2,2026-06-14 09:28:20,0.1905842314237096,0
5277,0062,2,2026-06-14 09:28:20,0.4445547362450369,0
5278,0109,2,2026-06-14 09:28:20,0.2820476460578559,0
5279,0157,2,2026-06-14 09:28:20,0.5906125921724333,0
5280,0174,2,2026-06-14 09:28:20,0.3291264889393080,0
5281,0360,2,2026-06-14 09:28:20,1.0000000000000000,0
5282,0369,2,2026-06-14 09:28:20,0.6381168462847420,0
5283,0369,2,2026-06-14 09:28:20,0.6381168462847420,0
5284,0046,2,2026-06-14 09:28:30,0.1905842314237096,0
5285,0062,2,2026-06-14 09:28:30,0.4445547362450369,0
5286,0109,2,2026-06-14 09:28:30,0.2820476460578559,0
5287,0174,2,2026-06-14 09:28:30,0.3291264889393080,0
5288,0360,2,2026-06-14 09:28:30,1.0000000000000000,0
5289,0369,2,2026-06-14 09:28:30,0.6381168462847420,0
5290,0369,2,2026-06-14 09:28:30,0.6381168462847420,0
5291,0046,2,2026-06-14 09:28:40,0.1905842314237096,0
5292,0062,2,2026-06-14 09:28:40,0.4445547362450369,0
5293,0109,2,2026-06-14 09:28:40,0.2820476460578559,0
5294,0174,2,2026-06-14 09:28:40,0.3291264889393080,0
5295,0360,2,2026-06-14 09:28:40,1.0000000000000000,0
5296,0369,2,2026-06-14 09:28:40,0.6381168462847420,0
5297,0369,2,2026-06-14 09:28:40,0.6381168462847420,0
5298,0046,2,2026-06-14 09:28:50,0.1905842314237096,0
5299,0062,2,2026-06-14 09:28:50,0.4445547362450369,0
5300,0109,2,2026-06-14 09:28:50,0.2820476460578559,0
5301,0174,2,2026-06-14 09:28:50,0.3291264889393080,0
5302,0369,2,2026-06-14 09:28:50,0.6381168462847420,0
5303,0369,2,2026-06-14 09:28:50,0.6381168462847420,0
5304,0046,2,2026-06-14 09:29:00,0.1905842314237096,0
5305,0062,2,2026-06-14 09:29:00,0.4445547362450369,0
5306,0090,2,2026-06-14 09:29:00,0.5906125921724333,0
5307,0109,2,2026-06-14 09:29:00,0.2820476460578559,0
5308,0174,2,2026-06-14 09:29:00,0.3291264889393080,0
5309,0369,2,2026-06-14 09:29:00,0.6381168462847420,0
5310,0046,2,2026-06-14 09:29:10,0.1905842314237096,0
5311,0062,2,2026-06-14 09:29:10,0.4445547362450369,0
5312,0090,2,2026-06-14 09:29:10,0.5906125921724333,0
5313,0109,2,2026-06-14 09:29:10,0.2820476460578559,0
5314,0174,2,2026-06-14 09:29:10,0.3291264889393080,0
5315,0369,2,2026-06-14 09:29:10,0.6381168462847420,0
5316,0046,2,2026-06-14 09:29:20,0.1905842314237096,0
5317,0062,2,2026-06-14 09:29:20,0.4445547362450369,0
5318,0090,2,2026-06-14 09:29:20,0.5906125921724333,0
5319,0109,2,2026-06-14 09:29:20,0.2820476460578559,0
5320,0369,2,2026-06-14 09:29:20,0.6381168462847420,0
5321,0090,2,2026-06-14 09:29:30,0.5906125921724333,0
5322,0109,2,2026-06-14 09:29:30,0.2820476460578559,0
5323,0483,2,2026-06-14 09:29:30,0.3291264889393080,0
5324,0090,2,2026-06-14 09:29:40,0.5906125921724333,0
5325,0109,2,2026-06-14 09:29:40,0.2820476460578559,0
5326,0483,2,2026-06-14 09:29:40,0.3291264889393080,0
5327,0090,2,2026-06-14 09:29:50,0.5906125921724333,0
5328,0109,2,2026-06-14 09:29:50,0.2820476460578559,0
5329,0483,2,2026-06-14 09:29:50,0.3291264889393080,0
5330,0090,2,2026-06-14 09:30:00,0.5906125921724333,0
5331,0242,2,2026-06-14 09:30:00,0.0545944412932501,0
5332,0483,2,2026-06-14 09:30:00,0.3291264889393080,0
5333,0090,2,2026-06-14 09:30:10,0.5906125921724333,0
5334,0242,2,2026-06-14 09:30:10,0.0545944412932501,0
5335,0483,2,2026-06-14 09:30:10,0.3291264889393080,0
5336,0090,2,2026-06-14 09:30:20,0.5906125921724333,0
5337,0242,2,2026-06-14 09:30:20,0.0545944412932501,0
5338,0483,2,2026-06-14 09:30:20,0.3291264889393080,0
5339,0090,2,2026-06-14 09:30:30,0.5906125921724333,0
5340,0242,2,2026-06-14 09:30:30,0.0545944412932501,0
5341,0483,2,2026-06-14 09:30:30,0.3291264889393080,0
5342,0090,2,2026-06-14 09:30:40,0.5906125921724333,0
5343,0242,2,2026-06-14 09:30:40,0.0545944412932501,0
5344,0483,2,2026-06-14 09:30:40,0.3291264889393080,0
5345,0090,2,2026-06-14 09:30:50,0.5906125921724333,0
5346,0242,2,2026-06-14 09:30:50,0.0545944412932501,0
5347,0483,2,2026-06-14 09:30:50,0.3291264889393080,0
5348,0242,2,2026-06-14 09:31:00,0.0545944412932501,0
5349,0242,2,2026-06-14 09:31:10,0.0545944412932501,0
5350,0242,2,2026-06-14 09:31:20,0.0545944412932501,0
5351,0242,2,2026-06-14 09:31:30,0.0545944412932501,0
5352,0242,2,2026-06-14 09:31:40,0.0545944412932501,0
5353,0497,3,2026-06-13 09:44:00,1.0000000000000000,0
5354,0497,3,2026-06-13 09:44:10,1.0000000000000000,0
5355,0497,3,2026-06-13 09:44:20,1.0000000000000000,0
5356,0497,3,2026-06-13 09:44:30,1.0000000000000000,0
5357,0497,3,2026-06-13 09:44:40,1.0000000000000000,0
5358,0497,3,2026-06-13 09:44:50,1.0000000000000000,0
5359,0421,3,2026-06-13 09:46:10,0.1188315371525808,0
5360,0421,3,2026-06-13 09:46:20,0.1188315371525808,0
5361,0421,3,2026-06-13 09:46:30,0.1188315371525808,0
5362,0421,3,2026-06-13 09:46:40,0.1188315371525808,0
5363,0421,3,2026-06-13 09:46:50,0.1188315371525808,0
5364,0421,3,2026-06-13 09:47:00,0.1188315371525808,0
5365,0421,3,2026-06-13 09:47:10,0.1188315371525808,0
5366,0119,3,2026-06-13 09:47:20,1.0000000000000000,0
5367,0421,3,2026-06-13 09:47:20,0.1188315371525808,0
5368,0119,3,2026-06-13 09:47:30,1.0000000000000000,0
5369,0421,3,2026-06-13 09:47:30,0.1188315371525808,0
5370,0119,3,2026-06-13 09:47:40,1.0000000000000000,0
5371,0421,3,2026-06-13 09:47:40,0.1188315371525808,0
5372,0119,3,2026-06-13 09:47:50,1.0000000000000000,0
5373,0119,3,2026-06-13 09:48:00,1.0000000000000000,0
5374,0119,3,2026-06-13 09:48:10,1.0000000000000000,0
5375,0119,3,2026-06-13 09:48:20,1.0000000000000000,0
5376,0119,3,2026-06-13 09:48:30,1.0000000000000000,0
5377,0119,3,2026-06-13 09:48:40,1.0000000000000000,0
5378,0119,3,2026-06-13 09:48:50,1.0000000000000000,0
5379,0119,3,2026-06-13 09:49:00,1.0000000000000000,0
5380,0167,3,2026-06-13 11:10:40,0.4445547362450369,0
5381,0167,3,2026-06-13 11:10:50,0.4445547362450369,0
5382,0391,3,2026-06-13 11:10:50,0.1905842314237096,0
5383,0167,3,2026-06-13 11:11:00,0.4445547362450369,0
5384,0194,3,2026-06-13 11:11:00,0.5185762904140669,0
5385,0391,3,2026-06-13 11:11:00,0.1905842314237096,0
5386,0167,3,2026-06-13 11:11:10,0.4445547362450369,0
5387,0194,3,2026-06-13 11:11:10,0.5185762904140669,0
5388,0391,3,2026-06-13 11:11:10,0.1905842314237096,0
5389,0167,3,2026-06-13 11:11:20,0.4445547362450369,0
5390,0194,3,2026-06-13 11:11:20,0.5185762904140669,0
5391,0391,3,2026-06-13 11:11:20,0.1905842314237096,0
5392,0167,3,2026-06-13 11:11:30,0.4445547362450369,0
5393,0194,3,2026-06-13 11:11:30,0.5185762904140669,0
5394,0391,3,2026-06-13 11:11:30,0.1905842314237096,0
5395,0167,3,2026-06-13 11:11:40,0.4445547362450369,0
5396,0194,3,2026-06-13 11:11:40,0.5185762904140669,0
5397,0391,3,2026-06-13 11:11:40,0.1905842314237096,0
5398,0167,3,2026-06-13 11:11:50,0.4445547362450369,0
5399,0194,3,2026-06-13 11:11:50,0.5185762904140669,0
5400,0391,3,2026-06-13 11:11:50,0.1905842314237096,0
5401,0167,3,2026-06-13 11:12:00,0.4445547362450369,0
5402,0194,3,2026-06-13 11:12:00,0.5185762904140669,0
5403,0391,3,2026-06-13 11:12:00,0.1905842314237096,0
5404,0167,3,2026-06-13 11:12:10,0.4445547362450369,0
5405,0194,3,2026-06-13 11:12:10,0.5185762904140669,0
5406,0391,3,2026-06-13 11:12:10,0.1905842314237096,0
5407,0194,3,2026-06-13 11:12:20,0.5185762904140669,0
5408,0391,3,2026-06-13 11:12:20,0.1905842314237096,0
5409,0194,3,2026-06-13 11:12:30,0.5185762904140669,0
5410,0391,3,2026-06-13 11:12:30,0.1905842314237096,0
5411,0391,3,2026-06-13 11:12:40,0.1905842314237096,0
5412,0219,3,2026-06-13 11:14:50,1.0000000000000000,0
5413,0219,3,2026-06-13 11:15:00,1.0000000000000000,0
5414,0219,3,2026-06-13 11:15:10,1.0000000000000000,0
5415,0357,3,2026-06-13 11:15:10,0.1905842314237096,0
5416,0357,3,2026-06-13 11:15:10,0.1905842314237096,0
5417,0357,3,2026-06-13 11:15:10,0.1905842314237096,0
5418,0219,3,2026-06-13 11:15:20,1.0000000000000000,0
5419,0357,3,2026-06-13 11:15:20,0.1905842314237096,0
5420,0357,3,2026-06-13 11:15:20,0.1905842314237096,0
5421,0357,3,2026-06-13 11:15:20,0.1905842314237096,0
5422,0219,3,2026-06-13 11:15:30,1.0000000000000000,0
5423,0311,3,2026-06-13 11:15:30,0.5185762904140669,0
5424,0311,3,2026-06-13 11:15:30,0.5185762904140669,0
5425,0311,3,2026-06-13 11:15:30,0.5185762904140669,0
5426,0311,3,2026-06-13 11:15:30,0.5185762904140669,0
5427,0311,3,2026-06-13 11:15:30,0.5185762904140669,0
5428,0357,3,2026-06-13 11:15:30,0.1905842314237096,0
5429,0357,3,2026-06-13 11:15:30,0.1905842314237096,0
5430,0357,3,2026-06-13 11:15:30,0.1905842314237096,0
5431,0357,3,2026-06-13 11:15:30,0.1905842314237096,0
5432,0357,3,2026-06-13 11:15:30,0.1905842314237096,0
5433,0493,3,2026-06-13 11:15:30,0.4445547362450369,0
5434,0219,3,2026-06-13 11:15:40,1.0000000000000000,0
5435,0311,3,2026-06-13 11:15:40,0.5185762904140669,0
5436,0311,3,2026-06-13 11:15:40,0.5185762904140669,0
5437,0311,3,2026-06-13 11:15:40,0.5185762904140669,0
5438,0311,3,2026-06-13 11:15:40,0.5185762904140669,0
5439,0311,3,2026-06-13 11:15:40,0.5185762904140669,0
5440,0357,3,2026-06-13 11:15:40,0.1905842314237096,0
5441,0357,3,2026-06-13 11:15:40,0.1905842314237096,0
5442,0357,3,2026-06-13 11:15:40,0.1905842314237096,0
5443,0357,3,2026-06-13 11:15:40,0.1905842314237096,0
5444,0357,3,2026-06-13 11:15:40,0.1905842314237096,0
5445,0357,3,2026-06-13 11:15:40,0.1905842314237096,0
5446,0357,3,2026-06-13 11:15:40,0.1905842314237096,0
5447,0493,3,2026-06-13 11:15:40,0.4445547362450369,0
5448,0219,3,2026-06-13 11:15:50,1.0000000000000000,0
5449,0311,3,2026-06-13 11:15:50,0.5185762904140669,0
5450,0311,3,2026-06-13 11:15:50,0.5185762904140669,0
5451,0311,3,2026-06-13 11:15:50,0.5185762904140669,0
5452,0311,3,2026-06-13 11:15:50,0.5185762904140669,0
5453,0311,3,2026-06-13 11:15:50,0.5185762904140669,0
5454,0311,3,2026-06-13 11:15:50,0.5185762904140669,0
5455,0357,3,2026-06-13 11:15:50,0.1905842314237096,0
5456,0357,3,2026-06-13 11:15:50,0.1905842314237096,0
5457,0357,3,2026-06-13 11:15:50,0.1905842314237096,0
5458,0357,3,2026-06-13 11:15:50,0.1905842314237096,0
5459,0357,3,2026-06-13 11:15:50,0.1905842314237096,0
5460,0357,3,2026-06-13 11:15:50,0.1905842314237096,0
5461,0357,3,2026-06-13 11:15:50,0.1905842314237096,0
5462,0493,3,2026-06-13 11:15:50,0.4445547362450369,0
5463,0219,3,2026-06-13 11:16:00,1.0000000000000000,0
5464,0311,3,2026-06-13 11:16:00,0.5185762904140669,0
5465,0311,3,2026-06-13 11:16:00,0.5185762904140669,0
5466,0311,3,2026-06-13 11:16:00,0.5185762904140669,0
5467,0311,3,2026-06-13 11:16:00,0.5185762904140669,0
5468,0311,3,2026-06-13 11:16:00,0.5185762904140669,0
5469,0311,3,2026-06-13 11:16:00,0.5185762904140669,0
5470,0311,3,2026-06-13 11:16:00,0.5185762904140669,0
5471,0357,3,2026-06-13 11:16:00,0.1905842314237096,0
5472,0357,3,2026-06-13 11:16:00,0.1905842314237096,0
5473,0357,3,2026-06-13 11:16:00,0.1905842314237096,0
5474,0357,3,2026-06-13 11:16:00,0.1905842314237096,0
5475,0357,3,2026-06-13 11:16:00,0.1905842314237096,0
5476,0357,3,2026-06-13 11:16:00,0.1905842314237096,0
5477,0357,3,2026-06-13 11:16:00,0.1905842314237096,0
5478,0493,3,2026-06-13 11:16:00,0.4445547362450369,0
5479,0219,3,2026-06-13 11:16:10,1.0000000000000000,0
5480,0311,3,2026-06-13 11:16:10,0.5185762904140669,0
5481,0311,3,2026-06-13 11:16:10,0.5185762904140669,0
5482,0311,3,2026-06-13 11:16:10,0.5185762904140669,0
5483,0311,3,2026-06-13 11:16:10,0.5185762904140669,0
5484,0311,3,2026-06-13 11:16:10,0.5185762904140669,0
5485,0311,3,2026-06-13 11:16:10,0.5185762904140669,0
5486,0357,3,2026-06-13 11:16:10,0.1905842314237096,0
5487,0357,3,2026-06-13 11:16:10,0.1905842314237096,0
5488,0357,3,2026-06-13 11:16:10,0.1905842314237096,0
5489,0357,3,2026-06-13 11:16:10,0.1905842314237096,0
5490,0357,3,2026-06-13 11:16:10,0.1905842314237096,0
5491,0357,3,2026-06-13 11:16:10,0.1905842314237096,0
5492,0493,3,2026-06-13 11:16:10,0.4445547362450369,0
5493,0219,3,2026-06-13 11:16:20,1.0000000000000000,0
5494,0311,3,2026-06-13 11:16:20,0.5185762904140669,0
5495,0311,3,2026-06-13 11:16:20,0.5185762904140669,0
5496,0311,3,2026-06-13 11:16:20,0.5185762904140669,0
5497,0311,3,2026-06-13 11:16:20,0.5185762904140669,0
5498,0311,3,2026-06-13 11:16:20,0.5185762904140669,0
5499,0311,3,2026-06-13 11:16:20,0.5185762904140669,0
5500,0357,3,2026-06-13 11:16:20,0.1905842314237096,0
5501,0357,3,2026-06-13 11:16:20,0.1905842314237096,0
5502,0357,3,2026-06-13 11:16:20,0.1905842314237096,0
5503,0357,3,2026-06-13 11:16:20,0.1905842314237096,0
5504,0357,3,2026-06-13 11:16:20,0.1905842314237096,0
5505,0357,3,2026-06-13 11:16:20,0.1905842314237096,0
5506,0493,3,2026-06-13 11:16:20,0.4445547362450369,0
5507,0219,3,2026-06-13 11:16:30,1.0000000000000000,0
5508,0311,3,2026-06-13 11:16:30,0.5185762904140669,0
5509,0311,3,2026-06-13 11:16:30,0.5185762904140669,0
5510,0311,3,2026-06-13 11:16:30,0.5185762904140669,0
5511,0311,3,2026-06-13 11:16:30,0.5185762904140669,0
5512,0311,3,2026-06-13 11:16:30,0.5185762904140669,0
5513,0311,3,2026-06-13 11:16:30,0.5185762904140669,0
5514,0357,3,2026-06-13 11:16:30,0.1905842314237096,0
5515,0357,3,2026-06-13 11:16:30,0.1905842314237096,0
5516,0357,3,2026-06-13 11:16:30,0.1905842314237096,0
5517,0357,3,2026-06-13 11:16:30,0.1905842314237096,0
5518,0357,3,2026-06-13 11:16:30,0.1905842314237096,0
5519,0357,3,2026-06-13 11:16:30,0.1905842314237096,0
5520,0357,3,2026-06-13 11:16:30,0.1905842314237096,0
5521,0493,3,2026-06-13 11:16:30,0.4445547362450369,0
5522,0311,3,2026-06-13 11:16:40,0.5185762904140669,0
5523,0311,3,2026-06-13 11:16:40,0.5185762904140669,0
5524,0311,3,2026-06-13 11:16:40,0.5185762904140669,0
5525,0311,3,2026-06-13 11:16:40,0.5185762904140669,0
5526,0311,3,2026-06-13 11:16:40,0.5185762904140669,0
5527,0357,3,2026-06-13 11:16:40,0.1905842314237096,0
5528,0357,3,2026-06-13 11:16:40,0.1905842314237096,0
5529,0357,3,2026-06-13 11:16:40,0.1905842314237096,0
5530,0357,3,2026-06-13 11:16:40,0.1905842314237096,0
5531,0357,3,2026-06-13 11:16:40,0.1905842314237096,0
5532,0493,3,2026-06-13 11:16:40,0.4445547362450369,0
5533,0311,3,2026-06-13 11:16:50,0.5185762904140669,0
5534,0311,3,2026-06-13 11:16:50,0.5185762904140669,0
5535,0311,3,2026-06-13 11:16:50,0.5185762904140669,0
5536,0311,3,2026-06-13 11:16:50,0.5185762904140669,0
5537,0311,3,2026-06-13 11:16:50,0.5185762904140669,0
5538,0357,3,2026-06-13 11:16:50,0.1905842314237096,0
5539,0357,3,2026-06-13 11:16:50,0.1905842314237096,0
5540,0357,3,2026-06-13 11:16:50,0.1905842314237096,0
5541,0357,3,2026-06-13 11:16:50,0.1905842314237096,0
5542,0493,3,2026-06-13 11:16:50,0.4445547362450369,0
5543,0311,3,2026-06-13 11:17:00,0.5185762904140669,0
5544,0311,3,2026-06-13 11:17:00,0.5185762904140669,0
5545,0311,3,2026-06-13 11:17:00,0.5185762904140669,0
5546,0311,3,2026-06-13 11:17:00,0.5185762904140669,0
5547,0311,3,2026-06-13 11:17:00,0.5185762904140669,0
5548,0357,3,2026-06-13 11:17:00,0.1905842314237096,0
5549,0357,3,2026-06-13 11:17:00,0.1905842314237096,0
5550,0357,3,2026-06-13 11:17:00,0.1905842314237096,0
5551,0357,3,2026-06-13 11:17:00,0.1905842314237096,0
5552,0493,3,2026-06-13 11:17:00,0.4445547362450369,0
5553,0496,3,2026-06-13 11:17:00,0.1188315371525808,0
5554,0311,3,2026-06-13 11:17:10,0.5185762904140669,0
5555,0311,3,2026-06-13 11:17:10,0.5185762904140669,0
5556,0311,3,2026-06-13 11:17:10,0.5185762904140669,0
5557,0311,3,2026-06-13 11:17:10,0.5185762904140669,0
5558,0311,3,2026-06-13 11:17:10,0.5185762904140669,0
5559,0493,3,2026-06-13 11:17:10,0.4445547362450369,0
5560,0496,3,2026-06-13 11:17:10,0.1188315371525808,0
5561,0493,3,2026-06-13 11:17:20,0.4445547362450369,0
5562,0496,3,2026-06-13 11:17:20,0.1188315371525808,0
5563,0066,3,2026-06-13 11:17:30,0.3291264889393080,0
5564,0496,3,2026-06-13 11:17:30,0.1188315371525808,0
5565,0066,3,2026-06-13 11:17:40,0.3291264889393080,0
5566,0496,3,2026-06-13 11:17:40,0.1188315371525808,0
5567,0066,3,2026-06-13 11:17:50,0.3291264889393080,0
5568,0496,3,2026-06-13 11:17:50,0.1188315371525808,0
5569,0066,3,2026-06-13 11:18:00,0.3291264889393080,0
5570,0496,3,2026-06-13 11:18:00,0.1188315371525808,0
5571,0066,3,2026-06-13 11:18:10,0.3291264889393080,0
5572,0496,3,2026-06-13 11:18:10,0.1188315371525808,0
5573,0066,3,2026-06-13 11:18:20,0.3291264889393080,0
5574,0496,3,2026-06-13 11:18:20,0.1188315371525808,0
5575,0066,3,2026-06-13 11:18:30,0.3291264889393080,0
5576,0496,3,2026-06-13 11:18:30,0.1188315371525808,0
5577,0066,3,2026-06-13 11:18:40,0.3291264889393080,1
5578,0496,3,2026-06-13 11:18:40,0.1188315371525808,0
5579,0066,3,2026-06-13 11:18:50,0.3291264889393080,0
5580,0496,3,2026-06-13 11:18:50,0.1188315371525808,0
5581,0066,3,2026-06-13 11:19:00,0.3291264889393080,0
5582,0188,3,2026-06-13 11:21:20,0.4445547362450369,0
5583,0188,3,2026-06-13 11:21:20,0.4445547362450369,0
5584,0188,3,2026-06-13 11:21:30,0.4445547362450369,0
5585,0188,3,2026-06-13 11:21:40,0.4445547362450369,0
5586,0188,3,2026-06-13 11:21:50,0.4445547362450369,0
5587,0188,3,2026-06-13 11:21:50,0.4445547362450369,0
5588,0188,3,2026-06-13 11:21:50,0.4445547362450369,0
5589,0188,3,2026-06-13 11:22:00,0.4445547362450369,0
5590,0188,3,2026-06-13 11:22:00,0.4445547362450369,0
5591,0188,3,2026-06-13 11:22:00,0.4445547362450369,0
5592,0188,3,2026-06-13 11:22:10,0.4445547362450369,0
5593,0188,3,2026-06-13 11:22:20,0.4445547362450369,0
5594,0188,3,2026-06-13 11:22:20,0.4445547362450369,0
5595,0188,3,2026-06-13 11:22:30,0.4445547362450369,0
5596,0188,3,2026-06-13 11:22:30,0.4445547362450369,0
5597,0065,3,2026-06-13 11:23:00,0.5906125921724333,0
5598,0065,3,2026-06-13 11:23:10,0.5906125921724333,0
5599,0404,3,2026-06-13 11:23:10,0.4445547362450369,0
5600,0404,3,2026-06-13 11:23:10,0.4445547362450369,0
5601,0065,3,2026-06-13 11:23:20,0.5906125921724333,0
5602,0404,3,2026-06-13 11:23:20,0.4445547362450369,0
5603,0404,3,2026-06-13 11:23:20,0.4445547362450369,0
5604,0065,3,2026-06-13 11:23:30,0.5906125921724333,0
5605,0404,3,2026-06-13 11:23:30,0.4445547362450369,0
5606,0404,3,2026-06-13 11:23:30,0.4445547362450369,0
5607,0065,3,2026-06-13 11:23:40,0.5906125921724333,0
5608,0404,3,2026-06-13 11:23:40,0.4445547362450369,0
5609,0404,3,2026-06-13 11:23:40,0.4445547362450369,0
5610,0404,3,2026-06-13 11:23:40,0.4445547362450369,0
5611,0404,3,2026-06-13 11:23:40,0.4445547362450369,0
5612,0065,3,2026-06-13 11:23:50,0.5906125921724333,0
5613,0404,3,2026-06-13 11:23:50,0.4445547362450369,0
5614,0404,3,2026-06-13 11:23:50,0.4445547362450369,0
5615,0404,3,2026-06-13 11:23:50,0.4445547362450369,0
5616,0065,3,2026-06-13 11:24:00,0.5906125921724333,0
5617,0404,3,2026-06-13 11:24:00,0.4445547362450369,0
5618,0404,3,2026-06-13 11:24:00,0.4445547362450369,0
5619,0404,3,2026-06-13 11:24:00,0.4445547362450369,0
5620,0404,3,2026-06-13 11:24:00,0.4445547362450369,0
5621,0065,3,2026-06-13 11:24:10,0.5906125921724333,0
5622,0404,3,2026-06-13 11:24:10,0.4445547362450369,0
5623,0404,3,2026-06-13 11:24:10,0.4445547362450369,0
5624,0404,3,2026-06-13 11:24:10,0.4445547362450369,0
5625,0404,3,2026-06-13 11:24:10,0.4445547362450369,0
5626,0065,3,2026-06-13 11:24:20,0.5906125921724333,1
5627,0404,3,2026-06-13 11:24:20,0.4445547362450369,0
5628,0404,3,2026-06-13 11:24:20,0.4445547362450369,0
5629,0404,3,2026-06-13 11:24:20,0.4445547362450369,0
5630,0404,3,2026-06-13 11:24:30,0.4445547362450369,0
5631,0404,3,2026-06-13 11:24:30,0.4445547362450369,0
5632,0404,3,2026-06-13 11:24:40,0.4445547362450369,0
5633,0404,3,2026-06-13 11:24:50,0.4445547362450369,0
5634,0404,3,2026-06-13 11:24:50,0.4445547362450369,0
5635,0404,3,2026-06-13 11:24:50,0.4445547362450369,0
5636,0381,3,2026-06-13 13:06:30,1.0000000000000000,0
5637,0381,3,2026-06-13 13:06:40,1.0000000000000000,0
5638,0381,3,2026-06-13 13:06:50,1.0000000000000000,0
5639,0381,3,2026-06-13 13:07:00,1.0000000000000000,0
5640,0381,3,2026-06-13 13:07:10,1.0000000000000000,0
5641,0381,3,2026-06-13 13:07:20,1.0000000000000000,0
5642,0132,3,2026-06-13 13:10:00,0.4445547362450369,0
5643,0132,3,2026-06-13 13:10:10,0.4445547362450369,0
5644,0132,3,2026-06-13 13:10:20,0.4445547362450369,0
5645,0106,3,2026-06-13 13:10:30,0.2820476460578559,0
5646,0132,3,2026-06-13 13:10:30,0.4445547362450369,0
5647,0237,3,2026-06-13 13:10:30,0.2820476460578559,0
5648,0106,3,2026-06-13 13:10:40,0.2820476460578559,0
5649,0132,3,2026-06-13 13:10:40,0.4445547362450369,0
5650,0237,3,2026-06-13 13:10:40,0.2820476460578559,0
5651,0106,3,2026-06-13 13:10:50,0.2820476460578559,0
5652,0132,3,2026-06-13 13:10:50,0.4445547362450369,0
5653,0237,3,2026-06-13 13:10:50,0.2820476460578559,0
5654,0237,3,2026-06-13 13:10:50,0.2820476460578559,0
5655,0287,3,2026-06-13 13:10:50,0.2820476460578559,0
5656,0106,3,2026-06-13 13:11:00,0.2820476460578559,0
5657,0132,3,2026-06-13 13:11:00,0.4445547362450369,0
5658,0237,3,2026-06-13 13:11:00,0.2820476460578559,0
5659,0237,3,2026-06-13 13:11:00,0.2820476460578559,0
5660,0237,3,2026-06-13 13:11:00,0.2820476460578559,0
5661,0237,3,2026-06-13 13:11:00,0.2820476460578559,0
5662,0287,3,2026-06-13 13:11:00,0.2820476460578559,0
5663,0106,3,2026-06-13 13:11:10,0.2820476460578559,0
5664,0132,3,2026-06-13 13:11:10,0.4445547362450369,0
5665,0237,3,2026-06-13 13:11:10,0.2820476460578559,0
5666,0237,3,2026-06-13 13:11:10,0.2820476460578559,0
5667,0237,3,2026-06-13 13:11:10,0.2820476460578559,0
5668,0287,3,2026-06-13 13:11:10,0.2820476460578559,0
5669,0106,3,2026-06-13 13:11:20,0.2820476460578559,0
5670,0132,3,2026-06-13 13:11:20,0.4445547362450369,0
5671,0237,3,2026-06-13 13:11:20,0.2820476460578559,0
5672,0237,3,2026-06-13 13:11:20,0.2820476460578559,0
5673,0287,3,2026-06-13 13:11:20,0.2820476460578559,0
5674,0106,3,2026-06-13 13:11:30,0.2820476460578559,0
5675,0132,3,2026-06-13 13:11:30,0.4445547362450369,0
5676,0237,3,2026-06-13 13:11:30,0.2820476460578559,0
5677,0237,3,2026-06-13 13:11:30,0.2820476460578559,0
5678,0287,3,2026-06-13 13:11:30,0.2820476460578559,0
5679,0106,3,2026-06-13 13:11:40,0.2820476460578559,0
5680,0132,3,2026-06-13 13:11:40,0.4445547362450369,0
5681,0287,3,2026-06-13 13:11:40,0.2820476460578559,0
5682,0106,3,2026-06-13 13:11:50,0.2820476460578559,0
5683,0132,3,2026-06-13 13:11:50,0.4445547362450369,0
5684,0287,3,2026-06-13 13:11:50,0.2820476460578559,1
5685,0106,3,2026-06-13 13:12:00,0.2820476460578559,0
5686,0287,3,2026-06-13 13:12:00,0.2820476460578559,0
5687,0287,3,2026-06-13 13:12:10,0.2820476460578559,0
5688,0287,3,2026-06-13 13:12:20,0.2820476460578559,0
5689,0287,3,2026-06-13 13:12:30,0.2820476460578559,0
5690,0297,3,2026-06-13 14:49:30,0.9119398752127056,0
5691,0297,3,2026-06-13 14:49:40,0.9119398752127056,0
5692,0297,3,2026-06-13 14:49:50,0.9119398752127056,0
5693,0297,3,2026-06-13 14:50:00,0.9119398752127056,0
5694,0297,3,2026-06-13 14:50:10,0.9119398752127056,0
5695,0297,3,2026-06-13 14:50:20,0.9119398752127056,0
5696,0297,3,2026-06-13 14:50:30,0.9119398752127056,0
5697,0210,3,2026-06-13 14:52:30,0.9119398752127056,0
5698,0399,3,2026-06-13 14:52:30,0.5185762904140669,0
5699,0210,3,2026-06-13 14:52:40,0.9119398752127056,0
5700,0399,3,2026-06-13 14:52:40,0.5185762904140669,0
5701,0210,3,2026-06-13 14:52:50,0.9119398752127056,0
5702,0399,3,2026-06-13 14:52:50,0.5185762904140669,0
5703,0210,3,2026-06-13 14:53:00,0.9119398752127056,0
5704,0399,3,2026-06-13 14:53:00,0.5185762904140669,0
5705,0210,3,2026-06-13 14:53:10,0.9119398752127056,0
5706,0399,3,2026-06-13 14:53:10,0.5185762904140669,0
5707,0210,3,2026-06-13 14:53:20,0.9119398752127056,0
5708,0399,3,2026-06-13 14:53:20,0.5185762904140669,0
5709,0210,3,2026-06-13 14:53:30,0.9119398752127056,0
5710,0399,3,2026-06-13 14:53:30,0.5185762904140669,0
5711,0210,3,2026-06-13 14:53:40,0.9119398752127056,0
5712,0399,3,2026-06-13 14:53:40,0.5185762904140669,0
5713,0210,3,2026-06-13 14:53:50,0.9119398752127056,0
5714,0399,3,2026-06-13 14:53:50,0.5185762904140669,0
5715,0210,3,2026-06-13 14:54:00,0.9119398752127056,0
5716,0399,3,2026-06-13 14:54:00,0.5185762904140669,0
5717,0210,3,2026-06-13 14:54:10,0.9119398752127056,0
5718,0399,3,2026-06-13 14:54:10,0.5185762904140669,0
5719,0210,3,2026-06-13 14:54:20,0.9119398752127056,0
5720,0149,3,2026-06-13 16:09:30,0.6381168462847420,0
5721,0149,3,2026-06-13 16:09:40,0.6381168462847420,0
5722,0149,3,2026-06-13 16:09:50,0.6381168462847420,0
5723,0149,3,2026-06-13 16:10:00,0.6381168462847420,0
5724,0149,3,2026-06-13 16:10:10,0.6381168462847420,0
5725,0149,3,2026-06-13 16:10:20,0.6381168462847420,0
5726,0149,3,2026-06-13 16:10:30,0.6381168462847420,0
5727,0149,3,2026-06-13 16:10:40,0.6381168462847420,0
5728,0055,3,2026-06-13 16:10:50,0.7765173000567215,0
5729,0149,3,2026-06-13 16:10:50,0.6381168462847420,0
5730,0448,3,2026-06-13 16:10:50,0.1905842314237096,0
5731,0055,3,2026-06-13 16:11:00,0.7765173000567215,0
5732,0149,3,2026-06-13 16:11:00,0.6381168462847420,0
5733,0448,3,2026-06-13 16:11:00,0.1905842314237096,0
5734,0485,3,2026-06-13 16:11:00,0.7765173000567215,0
5735,0485,3,2026-06-13 16:11:00,0.7765173000567215,1
5736,0055,3,2026-06-13 16:11:10,0.7765173000567215,0
5737,0149,3,2026-06-13 16:11:10,0.6381168462847420,0
5738,0448,3,2026-06-13 16:11:10,0.1905842314237096,0
5739,0485,3,2026-06-13 16:11:10,0.7765173000567215,1
5740,0485,3,2026-06-13 16:11:10,0.7765173000567215,0
5741,0055,3,2026-06-13 16:11:20,0.7765173000567215,0
5742,0321,3,2026-06-13 16:11:20,0.6703062960862167,0
5743,0448,3,2026-06-13 16:11:20,0.1905842314237096,0
5744,0485,3,2026-06-13 16:11:20,0.7765173000567215,0
5745,0485,3,2026-06-13 16:11:20,0.7765173000567215,0
5746,0055,3,2026-06-13 16:11:30,0.7765173000567215,0
5747,0321,3,2026-06-13 16:11:30,0.6703062960862167,0
5748,0485,3,2026-06-13 16:11:30,0.7765173000567215,0
5749,0485,3,2026-06-13 16:11:30,0.7765173000567215,0
5750,0485,3,2026-06-13 16:11:30,0.7765173000567215,1
5751,0485,3,2026-06-13 16:11:30,0.7765173000567215,0
5752,0055,3,2026-06-13 16:11:40,0.7765173000567215,0
5753,0321,3,2026-06-13 16:11:40,0.6703062960862167,0
5754,0485,3,2026-06-13 16:11:40,0.7765173000567215,0
5755,0485,3,2026-06-13 16:11:40,0.7765173000567215,0
5756,0485,3,2026-06-13 16:11:40,0.7765173000567215,0
5757,0485,3,2026-06-13 16:11:40,0.7765173000567215,0
5758,0043,3,2026-06-13 16:11:50,0.1905842314237096,0
5759,0055,3,2026-06-13 16:11:50,0.7765173000567215,0
5760,0321,3,2026-06-13 16:11:50,0.6703062960862167,0
5761,0366,3,2026-06-13 16:11:50,1.0000000000000000,0
5762,0366,3,2026-06-13 16:11:50,1.0000000000000000,0
5763,0485,3,2026-06-13 16:11:50,0.7765173000567215,0
5764,0485,3,2026-06-13 16:11:50,0.7765173000567215,0
5765,0485,3,2026-06-13 16:11:50,0.7765173000567215,0
5766,0043,3,2026-06-13 16:12:00,0.1905842314237096,0
5767,0055,3,2026-06-13 16:12:00,0.7765173000567215,0
5768,0366,3,2026-06-13 16:12:00,1.0000000000000000,0
5769,0366,3,2026-06-13 16:12:00,1.0000000000000000,0
5770,0485,3,2026-06-13 16:12:00,0.7765173000567215,0
5771,0485,3,2026-06-13 16:12:00,0.7765173000567215,0
5772,0043,3,2026-06-13 16:12:10,0.1905842314237096,0
5773,0055,3,2026-06-13 16:12:10,0.7765173000567215,0
5774,0366,3,2026-06-13 16:12:10,1.0000000000000000,0
5775,0366,3,2026-06-13 16:12:10,1.0000000000000000,0
5776,0366,3,2026-06-13 16:12:10,1.0000000000000000,0
5777,0485,3,2026-06-13 16:12:10,0.7765173000567215,0
5778,0485,3,2026-06-13 16:12:10,0.7765173000567215,0
5779,0055,3,2026-06-13 16:12:20,0.7765173000567215,0
5780,0366,3,2026-06-13 16:12:20,1.0000000000000000,0
5781,0366,3,2026-06-13 16:12:20,1.0000000000000000,0
5782,0366,3,2026-06-13 16:12:20,1.0000000000000000,0
5783,0366,3,2026-06-13 16:12:20,1.0000000000000000,0
5784,0366,3,2026-06-13 16:12:20,1.0000000000000000,0
5785,0055,3,2026-06-13 16:12:30,0.7765173000567215,0
5786,0366,3,2026-06-13 16:12:30,1.0000000000000000,0
5787,0366,3,2026-06-13 16:12:30,1.0000000000000000,0
5788,0366,3,2026-06-13 16:12:30,1.0000000000000000,0
5789,0366,3,2026-06-13 16:12:30,1.0000000000000000,0
5790,0366,3,2026-06-13 16:12:30,1.0000000000000000,0
5791,0171,3,2026-06-13 16:12:40,0.0545944412932501,0
5792,0366,3,2026-06-13 16:12:40,1.0000000000000000,0
5793,0366,3,2026-06-13 16:12:40,1.0000000000000000,0
5794,0366,3,2026-06-13 16:12:40,1.0000000000000000,0
5795,0366,3,2026-06-13 16:12:40,1.0000000000000000,0
5796,0366,3,2026-06-13 16:12:40,1.0000000000000000,0
5797,0366,3,2026-06-13 16:12:40,1.0000000000000000,0
5798,0432,3,2026-06-13 16:12:40,1.0000000000000000,0
5799,0432,3,2026-06-13 16:12:40,1.0000000000000000,0
5800,0432,3,2026-06-13 16:12:40,1.0000000000000000,0
5801,0432,3,2026-06-13 16:12:40,1.0000000000000000,0
5802,0432,3,2026-06-13 16:12:40,1.0000000000000000,0
5803,0432,3,2026-06-13 16:12:40,1.0000000000000000,0
5804,0171,3,2026-06-13 16:12:50,0.0545944412932501,0
5805,0366,3,2026-06-13 16:12:50,1.0000000000000000,0
5806,0366,3,2026-06-13 16:12:50,1.0000000000000000,0
5807,0366,3,2026-06-13 16:12:50,1.0000000000000000,0
5808,0366,3,2026-06-13 16:12:50,1.0000000000000000,0
5809,0366,3,2026-06-13 16:12:50,1.0000000000000000,0
5810,0366,3,2026-06-13 16:12:50,1.0000000000000000,0
5811,0432,3,2026-06-13 16:12:50,1.0000000000000000,0
5812,0432,3,2026-06-13 16:12:50,1.0000000000000000,0
5813,0432,3,2026-06-13 16:12:50,1.0000000000000000,0
5814,0432,3,2026-06-13 16:12:50,1.0000000000000000,0
5815,0432,3,2026-06-13 16:12:50,1.0000000000000000,0
5816,0432,3,2026-06-13 16:12:50,1.0000000000000000,0
5817,0171,3,2026-06-13 16:13:00,0.0545944412932501,0
5818,0366,3,2026-06-13 16:13:00,1.0000000000000000,0
5819,0366,3,2026-06-13 16:13:00,1.0000000000000000,0
5820,0366,3,2026-06-13 16:13:00,1.0000000000000000,0
5821,0366,3,2026-06-13 16:13:00,1.0000000000000000,0
5822,0432,3,2026-06-13 16:13:00,1.0000000000000000,0
5823,0432,3,2026-06-13 16:13:00,1.0000000000000000,0
5824,0432,3,2026-06-13 16:13:00,1.0000000000000000,0
5825,0432,3,2026-06-13 16:13:00,1.0000000000000000,0
5826,0432,3,2026-06-13 16:13:00,1.0000000000000000,0
5827,0432,3,2026-06-13 16:13:00,1.0000000000000000,0
5828,0171,3,2026-06-13 16:13:10,0.0545944412932501,0
5829,0366,3,2026-06-13 16:13:10,1.0000000000000000,0
5830,0366,3,2026-06-13 16:13:10,1.0000000000000000,0
5831,0432,3,2026-06-13 16:13:10,1.0000000000000000,0
5832,0432,3,2026-06-13 16:13:10,1.0000000000000000,0
5833,0432,3,2026-06-13 16:13:10,1.0000000000000000,0
5834,0432,3,2026-06-13 16:13:10,1.0000000000000000,0
5835,0432,3,2026-06-13 16:13:10,1.0000000000000000,0
5836,0432,3,2026-06-13 16:13:10,1.0000000000000000,0
5837,0432,3,2026-06-13 16:13:10,1.0000000000000000,0
5838,0432,3,2026-06-13 16:13:10,1.0000000000000000,0
5839,0171,3,2026-06-13 16:13:20,0.0545944412932501,0
5840,0366,3,2026-06-13 16:13:20,1.0000000000000000,0
5841,0366,3,2026-06-13 16:13:20,1.0000000000000000,0
5842,0432,3,2026-06-13 16:13:20,1.0000000000000000,0
5843,0432,3,2026-06-13 16:13:20,1.0000000000000000,0
5844,0432,3,2026-06-13 16:13:20,1.0000000000000000,0
5845,0432,3,2026-06-13 16:13:20,1.0000000000000000,0
5846,0432,3,2026-06-13 16:13:20,1.0000000000000000,0
5847,0432,3,2026-06-13 16:13:20,1.0000000000000000,0
5848,0432,3,2026-06-13 16:13:20,1.0000000000000000,0
5849,0432,3,2026-06-13 16:13:20,1.0000000000000000,0
5850,0171,3,2026-06-13 16:13:30,0.0545944412932501,0
5851,0432,3,2026-06-13 16:13:30,1.0000000000000000,0
5852,0432,3,2026-06-13 16:13:30,1.0000000000000000,0
5853,0432,3,2026-06-13 16:13:30,1.0000000000000000,0
5854,0432,3,2026-06-13 16:13:30,1.0000000000000000,0
5855,0432,3,2026-06-13 16:13:30,1.0000000000000000,0
5856,0432,3,2026-06-13 16:13:30,1.0000000000000000,0
5857,0432,3,2026-06-13 16:13:30,1.0000000000000000,0
5858,0171,3,2026-06-13 16:13:40,0.0545944412932501,0
5859,0432,3,2026-06-13 16:13:40,1.0000000000000000,0
5860,0432,3,2026-06-13 16:13:40,1.0000000000000000,0
5861,0432,3,2026-06-13 16:13:40,1.0000000000000000,0
5862,0432,3,2026-06-13 16:13:40,1.0000000000000000,0
5863,0432,3,2026-06-13 16:13:40,1.0000000000000000,0
5864,0432,3,2026-06-13 16:13:40,1.0000000000000000,0
5865,0432,3,2026-06-13 16:13:40,1.0000000000000000,0
5866,0171,3,2026-06-13 16:13:50,0.0545944412932501,0
5867,0422,3,2026-06-13 16:13:50,0.2820476460578559,0
5868,0432,3,2026-06-13 16:13:50,1.0000000000000000,0
5869,0432,3,2026-06-13 16:13:50,1.0000000000000000,0
5870,0432,3,2026-06-13 16:13:50,1.0000000000000000,0
5871,0432,3,2026-06-13 16:13:50,1.0000000000000000,0
5872,0432,3,2026-06-13 16:13:50,1.0000000000000000,0
5873,0432,3,2026-06-13 16:13:50,1.0000000000000000,0
5874,0171,3,2026-06-13 16:14:00,0.0545944412932501,0
5875,0422,3,2026-06-13 16:14:00,0.2820476460578559,0
5876,0432,3,2026-06-13 16:14:00,1.0000000000000000,0
5877,0432,3,2026-06-13 16:14:00,1.0000000000000000,0
5878,0432,3,2026-06-13 16:14:00,1.0000000000000000,0
5879,0432,3,2026-06-13 16:14:00,1.0000000000000000,0
5880,0432,3,2026-06-13 16:14:00,1.0000000000000000,0
5881,0432,3,2026-06-13 16:14:00,1.0000000000000000,0
5882,0171,3,2026-06-13 16:14:10,0.0545944412932501,0
5883,0422,3,2026-06-13 16:14:10,0.2820476460578559,0
5884,0432,3,2026-06-13 16:14:10,1.0000000000000000,0
5885,0432,3,2026-06-13 16:14:10,1.0000000000000000,0
5886,0432,3,2026-06-13 16:14:10,1.0000000000000000,0
5887,0432,3,2026-06-13 16:14:10,1.0000000000000000,0
5888,0432,3,2026-06-13 16:14:10,1.0000000000000000,0
5889,0422,3,2026-06-13 16:14:20,0.2820476460578559,0
5890,0422,3,2026-06-13 16:14:30,0.2820476460578559,0
5891,0427,3,2026-06-13 16:14:30,0.1188315371525808,0
5892,0422,3,2026-06-13 16:14:40,0.2820476460578559,0
5893,0427,3,2026-06-13 16:14:40,0.1188315371525808,0
5894,0422,3,2026-06-13 16:14:50,0.2820476460578559,0
5895,0427,3,2026-06-13 16:14:50,0.1188315371525808,0
5896,0422,3,2026-06-13 16:15:00,0.2820476460578559,0
5897,0427,3,2026-06-13 16:15:00,0.1188315371525808,0
5898,0422,3,2026-06-13 16:15:10,0.2820476460578559,0
5899,0427,3,2026-06-13 16:15:10,0.1188315371525808,0
5900,0422,3,2026-06-13 16:15:20,0.2820476460578559,0
5901,0427,3,2026-06-13 16:15:20,0.1188315371525808,0
5902,0422,3,2026-06-13 16:15:30,0.2820476460578559,0
5903,0427,3,2026-06-13 16:15:30,0.1188315371525808,0
5904,0422,3,2026-06-13 16:15:40,0.2820476460578559,0
5905,0427,3,2026-06-13 16:15:40,0.1188315371525808,0
5906,0427,3,2026-06-13 16:15:50,0.1188315371525808,0
5907,0427,3,2026-06-13 16:16:00,0.1188315371525808,0
5908,0427,3,2026-06-13 16:16:10,0.1188315371525808,0
5909,0454,3,2026-06-13 16:16:20,1.0000000000000000,0
5910,0454,3,2026-06-13 16:16:30,1.0000000000000000,0
5911,0454,3,2026-06-13 16:16:40,1.0000000000000000,0
5912,0454,3,2026-06-13 16:16:50,1.0000000000000000,0
5913,0454,3,2026-06-13 16:17:00,1.0000000000000000,0
5914,0454,3,2026-06-13 16:17:10,1.0000000000000000,0
5915,0130,3,2026-06-13 16:18:00,0.0545944412932501,1
5916,0130,3,2026-06-13 16:18:10,0.0545944412932501,0
5917,0130,3,2026-06-13 16:18:20,0.0545944412932501,0
5918,0130,3,2026-06-13 16:18:30,0.0545944412932501,0
5919,0130,3,2026-06-13 16:18:40,0.0545944412932501,0
5920,0130,3,2026-06-13 16:18:50,0.0545944412932501,0
5921,0130,3,2026-06-13 16:19:00,0.0545944412932501,0
5922,0130,3,2026-06-13 16:19:10,0.0545944412932501,0
5923,0130,3,2026-06-13 16:19:20,0.0545944412932501,0
5924,0010,3,2026-06-13 16:19:30,0.2820476460578559,0
5925,0103,3,2026-06-13 16:19:30,1.0000000000000000,0
5926,0130,3,2026-06-13 16:19:30,0.0545944412932501,0
5927,0010,3,2026-06-13 16:19:40,0.2820476460578559,0
5928,0103,3,2026-06-13 16:19:40,1.0000000000000000,0
5929,0010,3,2026-06-13 16:19:50,0.2820476460578559,0
5930,0010,3,2026-06-13 16:20:00,0.2820476460578559,0
5931,0010,3,2026-06-13 16:20:10,0.2820476460578559,0
5932,0010,3,2026-06-13 16:20:20,0.2820476460578559,0
5933,0010,3,2026-06-13 16:20:30,0.2820476460578559,0
5934,0010,3,2026-06-13 16:20:40,0.2820476460578559,0
5935,0010,3,2026-06-13 16:20:50,0.2820476460578559,0
5936,0010,3,2026-06-13 16:21:00,0.2820476460578559,0
5937,0010,3,2026-06-13 16:21:10,0.2820476460578559,0
5938,0263,3,2026-06-13 17:49:50,0.2820476460578559,0
5939,0263,3,2026-06-13 17:50:00,0.2820476460578559,0
5940,0333,3,2026-06-13 17:50:00,0.5906125921724333,0
5941,0263,3,2026-06-13 17:50:10,0.2820476460578559,0
5942,0333,3,2026-06-13 17:50:10,0.5906125921724333,0
5943,0263,3,2026-06-13 17:50:20,0.2820476460578559,0
5944,0333,3,2026-06-13 17:50:20,0.5906125921724333,0
5945,0263,3,2026-06-13 17:50:30,0.2820476460578559,0
5946,0333,3,2026-06-13 17:50:30,0.5906125921724333,0
5947,0263,3,2026-06-13 17:50:40,0.2820476460578559,0
5948,0333,3,2026-06-13 17:50:40,0.5906125921724333,0
5949,0263,3,2026-06-13 17:50:50,0.2820476460578559,0
5950,0333,3,2026-06-13 17:50:50,0.5906125921724333,0
5951,0263,3,2026-06-13 17:51:00,0.2820476460578559,0
5952,0333,3,2026-06-13 17:51:00,0.5906125921724333,0
5953,0263,3,2026-06-13 17:51:10,0.2820476460578559,0
5954,0333,3,2026-06-13 17:51:10,0.5906125921724333,0
5955,0263,3,2026-06-13 17:51:20,0.2820476460578559,0
5956,0333,3,2026-06-13 17:51:20,0.5906125921724333,0
5957,0263,3,2026-06-13 17:51:30,0.2820476460578559,0
5958,0333,3,2026-06-13 17:51:30,0.5906125921724333,0
5959,0333,3,2026-06-13 17:51:40,0.5906125921724333,0
5960,0214,3,2026-06-13 17:52:00,0.6703062960862167,0
5961,0214,3,2026-06-13 17:52:10,0.6703062960862167,0
5962,0214,3,2026-06-13 17:52:20,0.6703062960862167,0
5963,0214,3,2026-06-13 17:52:30,0.6703062960862167,0
5964,0214,3,2026-06-13 17:52:40,0.6703062960862167,0
5965,0214,3,2026-06-13 17:52:50,0.6703062960862167,0
5966,0214,3,2026-06-13 17:53:00,0.6703062960862167,0
5967,0214,3,2026-06-13 17:53:10,0.6703062960862167,0
5968,0214,3,2026-06-13 17:53:20,0.6703062960862167,0
5969,0283,3,2026-06-13 17:53:20,0.7765173000567215,0
5970,0283,3,2026-06-13 17:53:20,0.7765173000567215,0
5971,0283,3,2026-06-13 17:53:20,0.7765173000567215,0
5972,0283,3,2026-06-13 17:53:30,0.7765173000567215,0
5973,0283,3,2026-06-13 17:53:30,0.7765173000567215,0
5974,0283,3,2026-06-13 17:53:30,0.7765173000567215,0
5975,0283,3,2026-06-13 17:53:30,0.7765173000567215,0
5976,0283,3,2026-06-13 17:53:40,0.7765173000567215,0
5977,0283,3,2026-06-13 17:53:40,0.7765173000567215,0
5978,0283,3,2026-06-13 17:53:40,0.7765173000567215,0
5979,0283,3,2026-06-13 17:53:40,0.7765173000567215,0
5980,0283,3,2026-06-13 17:53:40,0.7765173000567215,0
5981,0075,3,2026-06-13 17:53:50,0.9119398752127056,0
5982,0283,3,2026-06-13 17:53:50,0.7765173000567215,0
5983,0283,3,2026-06-13 17:53:50,0.7765173000567215,0
5984,0283,3,2026-06-13 17:53:50,0.7765173000567215,0
5985,0283,3,2026-06-13 17:53:50,0.7765173000567215,0
5986,0283,3,2026-06-13 17:53:50,0.7765173000567215,0
5987,0283,3,2026-06-13 17:53:50,0.7765173000567215,0
5988,0283,3,2026-06-13 17:53:50,0.7765173000567215,0
5989,0283,3,2026-06-13 17:53:50,0.7765173000567215,0
5990,0075,3,2026-06-13 17:54:00,0.9119398752127056,0
5991,0283,3,2026-06-13 17:54:00,0.7765173000567215,0
5992,0283,3,2026-06-13 17:54:00,0.7765173000567215,0
5993,0283,3,2026-06-13 17:54:00,0.7765173000567215,0
5994,0283,3,2026-06-13 17:54:00,0.7765173000567215,0
5995,0283,3,2026-06-13 17:54:00,0.7765173000567215,0
5996,0283,3,2026-06-13 17:54:00,0.7765173000567215,0
5997,0283,3,2026-06-13 17:54:00,0.7765173000567215,0
5998,0283,3,2026-06-13 17:54:00,0.7765173000567215,0
5999,0075,3,2026-06-13 17:54:10,0.9119398752127056,0
6000,0283,3,2026-06-13 17:54:10,0.7765173000567215,0
6001,0283,3,2026-06-13 17:54:10,0.7765173000567215,0
6002,0283,3,2026-06-13 17:54:10,0.7765173000567215,0
6003,0283,3,2026-06-13 17:54:10,0.7765173000567215,0
6004,0283,3,2026-06-13 17:54:10,0.7765173000567215,0
6005,0283,3,2026-06-13 17:54:10,0.7765173000567215,0
6006,0283,3,2026-06-13 17:54:10,0.7765173000567215,0
6007,0283,3,2026-06-13 17:54:10,0.7765173000567215,0
6008,0075,3,2026-06-13 17:54:20,0.9119398752127056,0
6009,0283,3,2026-06-13 17:54:20,0.7765173000567215,1
6010,0283,3,2026-06-13 17:54:20,0.7765173000567215,0
6011,0283,3,2026-06-13 17:54:20,0.7765173000567215,0
6012,0283,3,2026-06-13 17:54:20,0.7765173000567215,0
6013,0283,3,2026-06-13 17:54:20,0.7765173000567215,0
6014,0283,3,2026-06-13 17:54:20,0.7765173000567215,0
6015,0283,3,2026-06-13 17:54:20,0.7765173000567215,0
6016,0283,3,2026-06-13 17:54:20,0.7765173000567215,0
6017,0075,3,2026-06-13 17:54:30,0.9119398752127056,0
6018,0283,3,2026-06-13 17:54:30,0.7765173000567215,0
6019,0283,3,2026-06-13 17:54:30,0.7765173000567215,0
6020,0283,3,2026-06-13 17:54:30,0.7765173000567215,0
6021,0283,3,2026-06-13 17:54:30,0.7765173000567215,0
6022,0283,3,2026-06-13 17:54:30,0.7765173000567215,0
6023,0283,3,2026-06-13 17:54:30,0.7765173000567215,0
6024,0075,3,2026-06-13 17:54:40,0.9119398752127056,0
6025,0283,3,2026-06-13 17:54:40,0.7765173000567215,0
6026,0283,3,2026-06-13 17:54:40,0.7765173000567215,0
6027,0283,3,2026-06-13 17:54:40,0.7765173000567215,0
6028,0283,3,2026-06-13 17:54:40,0.7765173000567215,0
6029,0283,3,2026-06-13 17:54:40,0.7765173000567215,0
6030,0283,3,2026-06-13 17:54:40,0.7765173000567215,0
6031,0283,3,2026-06-13 17:54:40,0.7765173000567215,0
6032,0075,3,2026-06-13 17:54:50,0.9119398752127056,0
6033,0283,3,2026-06-13 17:54:50,0.7765173000567215,0
6034,0283,3,2026-06-13 17:54:50,0.7765173000567215,0
6035,0283,3,2026-06-13 17:54:50,0.7765173000567215,0
6036,0283,3,2026-06-13 17:54:50,0.7765173000567215,0
6037,0075,3,2026-06-13 17:55:00,0.9119398752127056,1
6038,0283,3,2026-06-13 17:55:00,0.7765173000567215,0
6039,0283,3,2026-06-13 17:55:00,0.7765173000567215,0
6040,0283,3,2026-06-13 17:55:00,0.7765173000567215,0
6041,0283,3,2026-06-13 17:55:00,0.7765173000567215,0
6042,0283,3,2026-06-13 17:55:10,0.7765173000567215,0
6043,0283,3,2026-06-13 17:55:10,0.7765173000567215,0
6044,0283,3,2026-06-13 17:55:10,0.7765173000567215,0
6045,0018,3,2026-06-13 19:07:40,0.5906125921724333,0
6046,0018,3,2026-06-13 19:07:50,0.5906125921724333,0
6047,0018,3,2026-06-13 19:08:00,0.5906125921724333,0
6048,0018,3,2026-06-13 19:08:10,0.5906125921724333,0
6049,0018,3,2026-06-13 19:08:20,0.5906125921724333,0
6050,0018,3,2026-06-13 19:08:30,0.5906125921724333,0
6051,0018,3,2026-06-13 19:08:40,0.5906125921724333,0
6052,0018,3,2026-06-13 19:08:50,0.5906125921724333,0
6053,0018,3,2026-06-13 19:09:00,0.5906125921724333,0
6054,0018,3,2026-06-13 19:09:10,0.5906125921724333,0
6055,0018,3,2026-06-13 19:09:20,0.5906125921724333,0
6056,0018,3,2026-06-13 19:09:30,0.5906125921724333,0
6057,0284,3,2026-06-13 19:26:30,0.9119398752127056,0
6058,0284,3,2026-06-13 19:26:40,0.9119398752127056,0
6059,0284,3,2026-06-13 19:26:50,0.9119398752127056,0
6060,0284,3,2026-06-13 19:27:00,0.9119398752127056,0
6061,0284,3,2026-06-13 19:27:10,0.9119398752127056,0
6062,0362,3,2026-06-13 19:27:10,0.7765173000567215,0
6063,0284,3,2026-06-13 19:27:20,0.9119398752127056,0
6064,0362,3,2026-06-13 19:27:20,0.7765173000567215,0
6065,0284,3,2026-06-13 19:27:30,0.9119398752127056,0
6066,0362,3,2026-06-13 19:27:30,0.7765173000567215,0
6067,0284,3,2026-06-13 19:27:40,0.9119398752127056,0
6068,0362,3,2026-06-13 19:27:40,0.7765173000567215,0
6069,0284,3,2026-06-13 19:27:50,0.9119398752127056,0
6070,0362,3,2026-06-13 19:27:50,0.7765173000567215,0
6071,0284,3,2026-06-13 19:28:00,0.9119398752127056,0
6072,0362,3,2026-06-13 19:28:00,0.7765173000567215,0
6073,0362,3,2026-06-13 19:28:10,0.7765173000567215,0
6074,0362,3,2026-06-13 19:28:20,0.7765173000567215,0
6075,0362,3,2026-06-13 19:28:30,0.7765173000567215,0
6076,0362,3,2026-06-13 19:28:40,0.7765173000567215,0
6077,0396,3,2026-06-14 02:01:30,0.9119398752127056,0
6078,0396,3,2026-06-14 02:01:30,0.9119398752127056,0
6079,0396,3,2026-06-14 02:01:30,0.9119398752127056,0
6080,0396,3,2026-06-14 02:01:40,0.9119398752127056,0
6081,0396,3,2026-06-14 02:01:40,0.9119398752127056,0
6082,0396,3,2026-06-14 02:01:40,0.9119398752127056,0
6083,0396,3,2026-06-14 02:01:50,0.9119398752127056,0
6084,0396,3,2026-06-14 02:01:50,0.9119398752127056,0
6085,0396,3,2026-06-14 02:01:50,0.9119398752127056,0
6086,0396,3,2026-06-14 02:01:50,0.9119398752127056,0
6087,0396,3,2026-06-14 02:01:50,0.9119398752127056,0
6088,0396,3,2026-06-14 02:02:00,0.9119398752127056,0
6089,0396,3,2026-06-14 02:02:00,0.9119398752127056,0
6090,0396,3,2026-06-14 02:02:00,0.9119398752127056,0
6091,0396,3,2026-06-14 02:02:00,0.9119398752127056,0
6092,0396,3,2026-06-14 02:02:00,0.9119398752127056,0
6093,0396,3,2026-06-14 02:02:00,0.9119398752127056,0
6094,0396,3,2026-06-14 02:02:10,0.9119398752127056,0
6095,0396,3,2026-06-14 02:02:10,0.9119398752127056,0
6096,0396,3,2026-06-14 02:02:10,0.9119398752127056,0
6097,0396,3,2026-06-14 02:02:10,0.9119398752127056,0
6098,0396,3,2026-06-14 02:02:10,0.9119398752127056,0
6099,0396,3,2026-06-14 02:02:10,0.9119398752127056,0
6100,0396,3,2026-06-14 02:02:10,0.9119398752127056,0
6101,0396,3,2026-06-14 02:02:20,0.9119398752127056,0
6102,0396,3,2026-06-14 02:02:20,0.9119398752127056,0
6103,0396,3,2026-06-14 02:02:20,0.9119398752127056,0
6104,0396,3,2026-06-14 02:02:20,0.9119398752127056,1
6105,0396,3,2026-06-14 02:02:20,0.9119398752127056,0
6106,0396,3,2026-06-14 02:02:20,0.9119398752127056,0
6107,0396,3,2026-06-14 02:02:20,0.9119398752127056,0
6108,0396,3,2026-06-14 02:02:30,0.9119398752127056,0
6109,0396,3,2026-06-14 02:02:30,0.9119398752127056,0
6110,0396,3,2026-06-14 02:02:30,0.9119398752127056,0
6111,0396,3,2026-06-14 02:02:30,0.9119398752127056,0
6112,0396,3,2026-06-14 02:02:30,0.9119398752127056,0
6113,0396,3,2026-06-14 02:02:30,0.9119398752127056,0
6114,0396,3,2026-06-14 02:02:30,0.9119398752127056,0
6115,0396,3,2026-06-14 02:02:40,0.9119398752127056,0
6116,0396,3,2026-06-14 02:02:40,0.9119398752127056,0
6117,0396,3,2026-06-14 02:02:40,0.9119398752127056,0
6118,0396,3,2026-06-14 02:02:40,0.9119398752127056,0
6119,0396,3,2026-06-14 02:02:40,0.9119398752127056,0
6120,0396,3,2026-06-14 02:02:40,0.9119398752127056,0
6121,0396,3,2026-06-14 02:02:40,0.9119398752127056,0
6122,0396,3,2026-06-14 02:02:50,0.9119398752127056,0
6123,0396,3,2026-06-14 02:02:50,0.9119398752127056,0
6124,0396,3,2026-06-14 02:02:50,0.9119398752127056,0
6125,0396,3,2026-06-14 02:02:50,0.9119398752127056,0
6126,0396,3,2026-06-14 02:03:00,0.9119398752127056,0
6127,0396,3,2026-06-14 02:03:00,0.9119398752127056,0
6128,0396,3,2026-06-14 02:03:00,0.9119398752127056,0
6129,0396,3,2026-06-14 02:03:10,0.9119398752127056,0
6130,0396,3,2026-06-14 02:03:10,0.9119398752127056,0
6131,0396,3,2026-06-14 02:03:10,0.9119398752127056,0
6132,0396,3,2026-06-14 02:03:10,0.9119398752127056,0
6133,0292,3,2026-06-14 02:04:20,0.1905842314237096,1
6134,0292,3,2026-06-14 02:04:30,0.1905842314237096,0
6135,0292,3,2026-06-14 02:04:40,0.1905842314237096,0
6136,0038,3,2026-06-14 02:05:10,0.0545944412932501,0
6137,0064,3,2026-06-14 02:05:10,0.6381168462847420,0
6138,0038,3,2026-06-14 02:05:20,0.0545944412932501,0
6139,0064,3,2026-06-14 02:05:20,0.6381168462847420,0
6140,0189,3,2026-06-14 02:05:20,1.0000000000000000,0
6141,007,3,2026-06-14 02:05:30,0.5185762904140669,0
6142,0038,3,2026-06-14 02:05:30,0.0545944412932501,0
6143,0064,3,2026-06-14 02:05:30,0.6381168462847420,0
6144,0189,3,2026-06-14 02:05:30,1.0000000000000000,0
6145,007,3,2026-06-14 02:05:40,0.5185762904140669,0
6146,0038,3,2026-06-14 02:05:40,0.0545944412932501,0
6147,0064,3,2026-06-14 02:05:40,0.6381168462847420,0
6148,0189,3,2026-06-14 02:05:40,1.0000000000000000,0
6149,0257,3,2026-06-14 02:05:40,0.9119398752127056,0
6150,0257,3,2026-06-14 02:05:40,0.9119398752127056,0
6151,0257,3,2026-06-14 02:05:40,0.9119398752127056,0
6152,0257,3,2026-06-14 02:05:40,0.9119398752127056,0
6153,0257,3,2026-06-14 02:05:40,0.9119398752127056,0
6154,007,3,2026-06-14 02:05:50,0.5185762904140669,0
6155,0038,3,2026-06-14 02:05:50,0.0545944412932501,0
6156,0064,3,2026-06-14 02:05:50,0.6381168462847420,0
6157,0189,3,2026-06-14 02:05:50,1.0000000000000000,0
6158,0257,3,2026-06-14 02:05:50,0.9119398752127056,0
6159,0257,3,2026-06-14 02:05:50,0.9119398752127056,0
6160,0257,3,2026-06-14 02:05:50,0.9119398752127056,0
6161,0257,3,2026-06-14 02:05:50,0.9119398752127056,0
6162,0257,3,2026-06-14 02:05:50,0.9119398752127056,0
6163,0257,3,2026-06-14 02:05:50,0.9119398752127056,0
6164,007,3,2026-06-14 02:06:00,0.5185762904140669,0
6165,0038,3,2026-06-14 02:06:00,0.0545944412932501,0
6166,0064,3,2026-06-14 02:06:00,0.6381168462847420,0
6167,0189,3,2026-06-14 02:06:00,1.0000000000000000,0
6168,0197,3,2026-06-14 02:06:00,0.6703062960862167,1
6169,0257,3,2026-06-14 02:06:00,0.9119398752127056,0
6170,0257,3,2026-06-14 02:06:00,0.9119398752127056,0
6171,0257,3,2026-06-14 02:06:00,0.9119398752127056,0
6172,0257,3,2026-06-14 02:06:00,0.9119398752127056,0
6173,0257,3,2026-06-14 02:06:00,0.9119398752127056,0
6174,007,3,2026-06-14 02:06:10,0.5185762904140669,0
6175,0038,3,2026-06-14 02:06:10,0.0545944412932501,0
6176,0064,3,2026-06-14 02:06:10,0.6381168462847420,0
6177,0189,3,2026-06-14 02:06:10,1.0000000000000000,0
6178,0197,3,2026-06-14 02:06:10,0.6703062960862167,0
6179,0257,3,2026-06-14 02:06:10,0.9119398752127056,0
6180,0257,3,2026-06-14 02:06:10,0.9119398752127056,0
6181,0257,3,2026-06-14 02:06:10,0.9119398752127056,0
6182,0257,3,2026-06-14 02:06:10,0.9119398752127056,0
6183,0257,3,2026-06-14 02:06:10,0.9119398752127056,0
6184,0257,3,2026-06-14 02:06:10,0.9119398752127056,0
6185,0257,3,2026-06-14 02:06:10,0.9119398752127056,0
6186,0257,3,2026-06-14 02:06:10,0.9119398752127056,0
6187,007,3,2026-06-14 02:06:20,0.5185762904140669,0
6188,0038,3,2026-06-14 02:06:20,0.0545944412932501,0
6189,0064,3,2026-06-14 02:06:20,0.6381168462847420,0
6190,0189,3,2026-06-14 02:06:20,1.0000000000000000,0
6191,0197,3,2026-06-14 02:06:20,0.6703062960862167,0
6192,0257,3,2026-06-14 02:06:20,0.9119398752127056,0
6193,0257,3,2026-06-14 02:06:20,0.9119398752127056,0
6194,0257,3,2026-06-14 02:06:20,0.9119398752127056,0
6195,0257,3,2026-06-14 02:06:20,0.9119398752127056,0
6196,0257,3,2026-06-14 02:06:20,0.9119398752127056,0
6197,0257,3,2026-06-14 02:06:20,0.9119398752127056,0
6198,0257,3,2026-06-14 02:06:20,0.9119398752127056,0
6199,007,3,2026-06-14 02:06:30,0.5185762904140669,0
6200,0038,3,2026-06-14 02:06:30,0.0545944412932501,0
6201,0064,3,2026-06-14 02:06:30,0.6381168462847420,0
6202,0189,3,2026-06-14 02:06:30,1.0000000000000000,0
6203,0197,3,2026-06-14 02:06:30,0.6703062960862167,0
6204,0257,3,2026-06-14 02:06:30,0.9119398752127056,1
6205,0257,3,2026-06-14 02:06:30,0.9119398752127056,0
6206,0257,3,2026-06-14 02:06:30,0.9119398752127056,0
6207,0257,3,2026-06-14 02:06:30,0.9119398752127056,0
6208,0257,3,2026-06-14 02:06:30,0.9119398752127056,0
6209,0257,3,2026-06-14 02:06:30,0.9119398752127056,0
6210,007,3,2026-06-14 02:06:40,0.5185762904140669,0
6211,0038,3,2026-06-14 02:06:40,0.0545944412932501,0
6212,0189,3,2026-06-14 02:06:40,1.0000000000000000,0
6213,0257,3,2026-06-14 02:06:40,0.9119398752127056,0
6214,0257,3,2026-06-14 02:06:40,0.9119398752127056,0
6215,0257,3,2026-06-14 02:06:40,0.9119398752127056,0
6216,0257,3,2026-06-14 02:06:40,0.9119398752127056,0
6217,0257,3,2026-06-14 02:06:40,0.9119398752127056,0
6218,0257,3,2026-06-14 02:06:40,0.9119398752127056,0
6219,0257,3,2026-06-14 02:06:40,0.9119398752127056,0
6220,007,3,2026-06-14 02:06:50,0.5185762904140669,0
6221,0038,3,2026-06-14 02:06:50,0.0545944412932501,0
6222,0189,3,2026-06-14 02:06:50,1.0000000000000000,0
6223,0257,3,2026-06-14 02:06:50,0.9119398752127056,0
6224,0257,3,2026-06-14 02:06:50,0.9119398752127056,0
6225,0257,3,2026-06-14 02:06:50,0.9119398752127056,0
6226,0257,3,2026-06-14 02:06:50,0.9119398752127056,0
6227,007,3,2026-06-14 02:07:00,0.5185762904140669,0
6228,0189,3,2026-06-14 02:07:00,1.0000000000000000,0
6229,007,3,2026-06-14 02:07:10,0.5185762904140669,0
6230,0189,3,2026-06-14 02:07:10,1.0000000000000000,0
6231,007,3,2026-06-14 02:07:20,0.5185762904140669,0
6232,0137,3,2026-06-14 02:12:30,0.6381168462847420,0
6233,0137,3,2026-06-14 02:12:40,0.6381168462847420,0
6234,0137,3,2026-06-14 02:12:50,0.6381168462847420,0
6235,0137,3,2026-06-14 02:13:00,0.6381168462847420,0
6236,0137,3,2026-06-14 02:13:10,0.6381168462847420,0
6237,0137,3,2026-06-14 02:13:20,0.6381168462847420,0
6238,0137,3,2026-06-14 02:13:30,0.6381168462847420,0
6239,0137,3,2026-06-14 02:13:40,0.6381168462847420,0
6240,0137,3,2026-06-14 02:13:50,0.6381168462847420,0
6241,0137,3,2026-06-14 02:14:00,0.6381168462847420,0
6242,0137,3,2026-06-14 02:14:10,0.6381168462847420,0
6243,0137,3,2026-06-14 02:14:20,0.6381168462847420,0
6244,0180,3,2026-06-14 02:14:40,0.5906125921724333,0
6245,0180,3,2026-06-14 02:14:50,0.5906125921724333,0
6246,0180,3,2026-06-14 02:15:00,0.5906125921724333,0
6247,0180,3,2026-06-14 02:15:10,0.5906125921724333,0
6248,0180,3,2026-06-14 02:15:20,0.5906125921724333,0
6249,0180,3,2026-06-14 02:15:30,0.5906125921724333,0
6250,0180,3,2026-06-14 02:15:40,0.5906125921724333,0
6251,0180,3,2026-06-14 02:15:50,0.5906125921724333,0
6252,0180,3,2026-06-14 02:16:00,0.5906125921724333,0
6253,0180,3,2026-06-14 02:16:10,0.5906125921724333,0
6254,0180,3,2026-06-14 02:16:20,0.5906125921724333,0
6255,0180,3,2026-06-14 02:16:30,0.5906125921724333,0
6256,0410,3,2026-06-14 03:42:20,0.9119398752127056,0
6257,0410,3,2026-06-14 03:42:20,0.9119398752127056,0
6258,0410,3,2026-06-14 03:42:20,0.9119398752127056,0
6259,0410,3,2026-06-14 03:42:30,0.9119398752127056,0
6260,0410,3,2026-06-14 03:42:30,0.9119398752127056,0
6261,0410,3,2026-06-14 03:42:30,0.9119398752127056,0
6262,0410,3,2026-06-14 03:42:40,0.9119398752127056,0
6263,0410,3,2026-06-14 03:42:40,0.9119398752127056,0
6264,0410,3,2026-06-14 03:42:40,0.9119398752127056,0
6265,0410,3,2026-06-14 03:42:40,0.9119398752127056,0
6266,0410,3,2026-06-14 03:42:50,0.9119398752127056,0
6267,0410,3,2026-06-14 03:42:50,0.9119398752127056,0
6268,0410,3,2026-06-14 03:42:50,0.9119398752127056,0
6269,0410,3,2026-06-14 03:42:50,0.9119398752127056,0
6270,0410,3,2026-06-14 03:42:50,0.9119398752127056,0
6271,0410,3,2026-06-14 03:42:50,0.9119398752127056,0
6272,0410,3,2026-06-14 03:42:50,0.9119398752127056,0
6273,0346,3,2026-06-14 03:43:00,0.3291264889393080,1
6274,0410,3,2026-06-14 03:43:00,0.9119398752127056,0
6275,0410,3,2026-06-14 03:43:00,0.9119398752127056,0
6276,0410,3,2026-06-14 03:43:00,0.9119398752127056,0
6277,0410,3,2026-06-14 03:43:00,0.9119398752127056,0
6278,0410,3,2026-06-14 03:43:00,0.9119398752127056,0
6279,0410,3,2026-06-14 03:43:00,0.9119398752127056,0
6280,0346,3,2026-06-14 03:43:10,0.3291264889393080,0
6281,0410,3,2026-06-14 03:43:10,0.9119398752127056,0
6282,0410,3,2026-06-14 03:43:10,0.9119398752127056,0
6283,0410,3,2026-06-14 03:43:10,0.9119398752127056,0
6284,0410,3,2026-06-14 03:43:10,0.9119398752127056,0
6285,0410,3,2026-06-14 03:43:10,0.9119398752127056,0
6286,0410,3,2026-06-14 03:43:10,0.9119398752127056,0
6287,0346,3,2026-06-14 03:43:20,0.3291264889393080,0
6288,0410,3,2026-06-14 03:43:20,0.9119398752127056,0
6289,0410,3,2026-06-14 03:43:20,0.9119398752127056,0
6290,0410,3,2026-06-14 03:43:20,0.9119398752127056,0
6291,0410,3,2026-06-14 03:43:20,0.9119398752127056,0
6292,0410,3,2026-06-14 03:43:20,0.9119398752127056,0
6293,0410,3,2026-06-14 03:43:20,0.9119398752127056,0
6294,0410,3,2026-06-14 03:43:20,0.9119398752127056,0
6295,0410,3,2026-06-14 03:43:20,0.9119398752127056,0
6296,0346,3,2026-06-14 03:43:30,0.3291264889393080,0
6297,0410,3,2026-06-14 03:43:30,0.9119398752127056,0
6298,0410,3,2026-06-14 03:43:30,0.9119398752127056,0
6299,0410,3,2026-06-14 03:43:30,0.9119398752127056,0
6300,0410,3,2026-06-14 03:43:30,0.9119398752127056,0
6301,0410,3,2026-06-14 03:43:30,0.9119398752127056,0
6302,0410,3,2026-06-14 03:43:30,0.9119398752127056,0
6303,0410,3,2026-06-14 03:43:30,0.9119398752127056,0
6304,0410,3,2026-06-14 03:43:30,0.9119398752127056,0
6305,0346,3,2026-06-14 03:43:40,0.3291264889393080,0
6306,0410,3,2026-06-14 03:43:40,0.9119398752127056,0
6307,0410,3,2026-06-14 03:43:40,0.9119398752127056,0
6308,0410,3,2026-06-14 03:43:40,0.9119398752127056,0
6309,0266,3,2026-06-14 03:43:50,0.2820476460578559,0
6310,0346,3,2026-06-14 03:43:50,0.3291264889393080,0
6311,0410,3,2026-06-14 03:43:50,0.9119398752127056,0
6312,0410,3,2026-06-14 03:43:50,0.9119398752127056,0
6313,0410,3,2026-06-14 03:43:50,0.9119398752127056,0
6314,0266,3,2026-06-14 03:44:00,0.2820476460578559,0
6315,0346,3,2026-06-14 03:44:00,0.3291264889393080,0
6316,0349,3,2026-06-14 03:44:00,0.5906125921724333,1
6317,0410,3,2026-06-14 03:44:00,0.9119398752127056,0
6318,0410,3,2026-06-14 03:44:00,0.9119398752127056,0
6319,0410,3,2026-06-14 03:44:00,0.9119398752127056,0
6320,0450,3,2026-06-14 03:44:00,0.1905842314237096,0
6321,0266,3,2026-06-14 03:44:10,0.2820476460578559,0
6322,0346,3,2026-06-14 03:44:10,0.3291264889393080,0
6323,0349,3,2026-06-14 03:44:10,0.5906125921724333,0
6324,0450,3,2026-06-14 03:44:10,0.1905842314237096,0
6325,0266,3,2026-06-14 03:44:20,0.2820476460578559,0
6326,0346,3,2026-06-14 03:44:20,0.3291264889393080,0
6327,0349,3,2026-06-14 03:44:20,0.5906125921724333,0
6328,0450,3,2026-06-14 03:44:20,0.1905842314237096,0
6329,0266,3,2026-06-14 03:44:30,0.2820476460578559,0
6330,0346,3,2026-06-14 03:44:30,0.3291264889393080,0
6331,0349,3,2026-06-14 03:44:30,0.5906125921724333,0
6332,0434,3,2026-06-14 03:44:30,0.1188315371525808,0
6333,0450,3,2026-06-14 03:44:30,0.1905842314237096,0
6334,0266,3,2026-06-14 03:44:40,0.2820476460578559,0
6335,0346,3,2026-06-14 03:44:40,0.3291264889393080,0
6336,0349,3,2026-06-14 03:44:40,0.5906125921724333,0
6337,0434,3,2026-06-14 03:44:40,0.1188315371525808,0
6338,0450,3,2026-06-14 03:44:40,0.1905842314237096,0
6339,0266,3,2026-06-14 03:44:50,0.2820476460578559,0
6340,0349,3,2026-06-14 03:44:50,0.5906125921724333,1
6341,0434,3,2026-06-14 03:44:50,0.1188315371525808,0
6342,0450,3,2026-06-14 03:44:50,0.1905842314237096,0
6343,0266,3,2026-06-14 03:45:00,0.2820476460578559,0
6344,0349,3,2026-06-14 03:45:00,0.5906125921724333,0
6345,0434,3,2026-06-14 03:45:00,0.1188315371525808,0
6346,0450,3,2026-06-14 03:45:00,0.1905842314237096,0
6347,0124,3,2026-06-14 03:45:10,0.4445547362450369,0
6348,0266,3,2026-06-14 03:45:10,0.2820476460578559,0
6349,0349,3,2026-06-14 03:45:10,0.5906125921724333,0
6350,0434,3,2026-06-14 03:45:10,0.1188315371525808,0
6351,0450,3,2026-06-14 03:45:10,0.1905842314237096,0
6352,0124,3,2026-06-14 03:45:20,0.4445547362450369,0
6353,0266,3,2026-06-14 03:45:20,0.2820476460578559,0
6354,0349,3,2026-06-14 03:45:20,0.5906125921724333,0
6355,0434,3,2026-06-14 03:45:20,0.1188315371525808,0
6356,0450,3,2026-06-14 03:45:20,0.1905842314237096,0
6357,0124,3,2026-06-14 03:45:30,0.4445547362450369,0
6358,0266,3,2026-06-14 03:45:30,0.2820476460578559,0
6359,0278,3,2026-06-14 03:45:30,0.5906125921724333,0
6360,0349,3,2026-06-14 03:45:30,0.5906125921724333,0
6361,0434,3,2026-06-14 03:45:30,0.1188315371525808,0
6362,0450,3,2026-06-14 03:45:30,0.1905842314237096,0
6363,0124,3,2026-06-14 03:45:40,0.4445547362450369,0
6364,0266,3,2026-06-14 03:45:40,0.2820476460578559,0
6365,0278,3,2026-06-14 03:45:40,0.5906125921724333,0
6366,0349,3,2026-06-14 03:45:40,0.5906125921724333,0
6367,0434,3,2026-06-14 03:45:40,0.1188315371525808,0
6368,0450,3,2026-06-14 03:45:40,0.1905842314237096,0
6369,0033,3,2026-06-14 03:45:50,0.9119398752127056,0
6370,0124,3,2026-06-14 03:45:50,0.4445547362450369,0
6371,0278,3,2026-06-14 03:45:50,0.5906125921724333,0
6372,0434,3,2026-06-14 03:45:50,0.1188315371525808,0
6373,0443,3,2026-06-14 03:45:50,0.4445547362450369,0
6374,0033,3,2026-06-14 03:46:00,0.9119398752127056,1
6375,0124,3,2026-06-14 03:46:00,0.4445547362450369,0
6376,0278,3,2026-06-14 03:46:00,0.5906125921724333,0
6377,0434,3,2026-06-14 03:46:00,0.1188315371525808,0
6378,0443,3,2026-06-14 03:46:00,0.4445547362450369,0
6379,0033,3,2026-06-14 03:46:10,0.9119398752127056,0
6380,0124,3,2026-06-14 03:46:10,0.4445547362450369,0
6381,0278,3,2026-06-14 03:46:10,0.5906125921724333,0
6382,0434,3,2026-06-14 03:46:10,0.1188315371525808,0
6383,0443,3,2026-06-14 03:46:10,0.4445547362450369,0
6384,0033,3,2026-06-14 03:46:20,0.9119398752127056,0
6385,0124,3,2026-06-14 03:46:20,0.4445547362450369,0
6386,0278,3,2026-06-14 03:46:20,0.5906125921724333,0
6387,0434,3,2026-06-14 03:46:20,0.1188315371525808,0
6388,0443,3,2026-06-14 03:46:20,0.4445547362450369,0
6389,0033,3,2026-06-14 03:46:30,0.9119398752127056,0
6390,0124,3,2026-06-14 03:46:30,0.4445547362450369,0
6391,0278,3,2026-06-14 03:46:30,0.5906125921724333,0
6392,0443,3,2026-06-14 03:46:30,0.4445547362450369,0
6393,0033,3,2026-06-14 03:46:40,0.9119398752127056,0
6394,0124,3,2026-06-14 03:46:40,0.4445547362450369,0
6395,0278,3,2026-06-14 03:46:40,0.5906125921724333,0
6396,0443,3,2026-06-14 03:46:40,0.4445547362450369,0
6397,0033,3,2026-06-14 03:46:50,0.9119398752127056,0
6398,0124,3,2026-06-14 03:46:50,0.4445547362450369,0
6399,0278,3,2026-06-14 03:46:50,0.5906125921724333,0
6400,0443,3,2026-06-14 03:46:50,0.4445547362450369,0
6401,0033,3,2026-06-14 03:47:00,0.9119398752127056,0
6402,0278,3,2026-06-14 03:47:00,0.5906125921724333,1
6403,0443,3,2026-06-14 03:47:00,0.4445547362450369,0
6404,0033,3,2026-06-14 03:47:10,0.9119398752127056,0
6405,0278,3,2026-06-14 03:47:10,0.5906125921724333,0
6406,0443,3,2026-06-14 03:47:10,0.4445547362450369,0
6407,0033,3,2026-06-14 03:47:20,0.9119398752127056,0
6408,0278,3,2026-06-14 03:47:20,0.5906125921724333,0
6409,0443,3,2026-06-14 03:47:20,0.4445547362450369,0
6410,0033,3,2026-06-14 03:47:30,0.9119398752127056,0
6411,0443,3,2026-06-14 03:47:30,0.4445547362450369,0
6412,0161,3,2026-06-14 03:48:40,0.1905842314237096,0
6413,0161,3,2026-06-14 03:48:50,0.1905842314237096,1
6414,0161,3,2026-06-14 03:49:00,0.1905842314237096,0
6415,0161,3,2026-06-14 03:49:10,0.1905842314237096,0
6416,0161,3,2026-06-14 03:49:20,0.1905842314237096,0
6417,0161,3,2026-06-14 03:49:30,0.1905842314237096,0
6418,0344,3,2026-06-14 03:49:30,0.4445547362450369,0
6419,0161,3,2026-06-14 03:49:40,0.1905842314237096,0
6420,0344,3,2026-06-14 03:49:40,0.4445547362450369,0
6421,0161,3,2026-06-14 03:49:50,0.1905842314237096,0
6422,0344,3,2026-06-14 03:49:50,0.4445547362450369,0
6423,0161,3,2026-06-14 03:50:00,0.1905842314237096,0
6424,0344,3,2026-06-14 03:50:00,0.4445547362450369,0
6425,0161,3,2026-06-14 03:50:10,0.1905842314237096,0
6426,0344,3,2026-06-14 03:50:10,0.4445547362450369,0
6427,0161,3,2026-06-14 03:50:20,0.1905842314237096,0
6428,0344,3,2026-06-14 03:50:20,0.4445547362450369,0
6429,0161,3,2026-06-14 03:50:30,0.1905842314237096,0
6430,0344,3,2026-06-14 03:50:30,0.4445547362450369,0
6431,0344,3,2026-06-14 03:50:40,0.4445547362450369,0
6432,0344,3,2026-06-14 03:50:50,0.4445547362450369,0
6433,0344,3,2026-06-14 03:51:00,0.4445547362450369,0
6434,0170,3,2026-06-14 03:52:40,0.6381168462847420,0
6435,0170,3,2026-06-14 03:52:50,0.6381168462847420,0
6436,0170,3,2026-06-14 03:53:00,0.6381168462847420,0
6437,0170,3,2026-06-14 03:53:10,0.6381168462847420,0
6438,0170,3,2026-06-14 03:53:20,0.6381168462847420,0
6439,0170,3,2026-06-14 03:53:30,0.6381168462847420,1
6440,0170,3,2026-06-14 03:53:40,0.6381168462847420,0
6441,0170,3,2026-06-14 03:53:50,0.6381168462847420,0
6442,0170,3,2026-06-14 03:54:00,0.6381168462847420,0
6443,0170,3,2026-06-14 03:54:10,0.6381168462847420,0
6444,0170,3,2026-06-14 03:54:20,0.6381168462847420,0
6445,0133,3,2026-06-14 05:16:40,0.1188315371525808,0
6446,0133,3,2026-06-14 05:16:50,0.1188315371525808,0
6447,0133,3,2026-06-14 05:17:00,0.1188315371525808,0
6448,0133,3,2026-06-14 05:17:10,0.1188315371525808,0
6449,0133,3,2026-06-14 05:17:20,0.1188315371525808,0
6450,0079,3,2026-06-14 05:17:30,0.4445547362450369,0
6451,0133,3,2026-06-14 05:17:30,0.1188315371525808,0
6452,0079,3,2026-06-14 05:17:40,0.4445547362450369,0
6453,0133,3,2026-06-14 05:17:40,0.1188315371525808,0
6454,0079,3,2026-06-14 05:17:50,0.4445547362450369,0
6455,0133,3,2026-06-14 05:17:50,0.1188315371525808,0
6456,0079,3,2026-06-14 05:18:00,0.4445547362450369,0
6457,0133,3,2026-06-14 05:18:00,0.1188315371525808,0
6458,0133,3,2026-06-14 05:18:10,0.1188315371525808,0
6459,0133,3,2026-06-14 05:18:20,0.1188315371525808,0
6460,0133,3,2026-06-14 05:18:30,0.1188315371525808,0
6461,0293,3,2026-06-14 05:21:40,0.2820476460578559,0
6462,0293,3,2026-06-14 05:21:40,0.2820476460578559,0
6463,0293,3,2026-06-14 05:21:40,0.2820476460578559,0
6464,0293,3,2026-06-14 05:21:40,0.2820476460578559,0
6465,0293,3,2026-06-14 05:21:50,0.2820476460578559,0
6466,0293,3,2026-06-14 05:21:50,0.2820476460578559,0
6467,0293,3,2026-06-14 05:21:50,0.2820476460578559,0
6468,0293,3,2026-06-14 05:21:50,0.2820476460578559,0
6469,0293,3,2026-06-14 05:22:00,0.2820476460578559,0
6470,0293,3,2026-06-14 05:22:00,0.2820476460578559,0
6471,0293,3,2026-06-14 05:22:00,0.2820476460578559,0
6472,0293,3,2026-06-14 05:22:10,0.2820476460578559,0
6473,0293,3,2026-06-14 05:22:10,0.2820476460578559,0
6474,0293,3,2026-06-14 05:22:10,0.2820476460578559,0
6475,0293,3,2026-06-14 05:22:10,0.2820476460578559,0
6476,0293,3,2026-06-14 05:22:20,0.2820476460578559,0
6477,0293,3,2026-06-14 05:22:20,0.2820476460578559,0
6478,0293,3,2026-06-14 05:22:20,0.2820476460578559,0
6479,0293,3,2026-06-14 05:22:30,0.2820476460578559,0
6480,0293,3,2026-06-14 05:22:30,0.2820476460578559,0
6481,0293,3,2026-06-14 05:22:30,0.2820476460578559,0
6482,0374,3,2026-06-14 05:22:30,0.4445547362450369,0
6483,0293,3,2026-06-14 05:22:40,0.2820476460578559,0
6484,0293,3,2026-06-14 05:22:40,0.2820476460578559,0
6485,0293,3,2026-06-14 05:22:40,0.2820476460578559,0
6486,0293,3,2026-06-14 05:22:40,0.2820476460578559,0
6487,0293,3,2026-06-14 05:22:40,0.2820476460578559,0
6488,0374,3,2026-06-14 05:22:40,0.4445547362450369,0
6489,0374,3,2026-06-14 05:22:50,0.4445547362450369,0
6490,0374,3,2026-06-14 05:23:00,0.4445547362450369,0
6491,0374,3,2026-06-14 05:23:10,0.4445547362450369,0
6492,0374,3,2026-06-14 05:23:20,0.4445547362450369,0
6493,0374,3,2026-06-14 05:23:30,0.4445547362450369,0
6494,0374,3,2026-06-14 05:23:40,0.4445547362450369,0
6495,0500,3,2026-06-14 05:24:50,0.5185762904140669,0
6496,0172,3,2026-06-14 05:25:00,0.6703062960862167,0
6497,0354,3,2026-06-14 05:25:00,0.0545944412932501,0
6498,0500,3,2026-06-14 05:25:00,0.5185762904140669,0
6499,0172,3,2026-06-14 05:25:10,0.6703062960862167,0
6500,0354,3,2026-06-14 05:25:10,0.0545944412932501,0
6501,0500,3,2026-06-14 05:25:10,0.5185762904140669,1
6502,0172,3,2026-06-14 05:25:20,0.6703062960862167,0
6503,0354,3,2026-06-14 05:25:20,0.0545944412932501,0
6504,0500,3,2026-06-14 05:25:20,0.5185762904140669,0
6505,0172,3,2026-06-14 05:25:30,0.6703062960862167,0
6506,0354,3,2026-06-14 05:25:30,0.0545944412932501,0
6507,0420,3,2026-06-14 05:25:30,0.5185762904140669,0
6508,0500,3,2026-06-14 05:25:30,0.5185762904140669,0
6509,0172,3,2026-06-14 05:25:40,0.6703062960862167,1
6510,0354,3,2026-06-14 05:25:40,0.0545944412932501,0
6511,0420,3,2026-06-14 05:25:40,0.5185762904140669,0
6512,0500,3,2026-06-14 05:25:40,0.5185762904140669,0
6513,0172,3,2026-06-14 05:25:50,0.6703062960862167,0
6514,0354,3,2026-06-14 05:25:50,0.0545944412932501,0
6515,0420,3,2026-06-14 05:25:50,0.5185762904140669,0
6516,0500,3,2026-06-14 05:25:50,0.5185762904140669,0
6517,0172,3,2026-06-14 05:26:00,0.6703062960862167,0
6518,0354,3,2026-06-14 05:26:00,0.0545944412932501,0
6519,0413,3,2026-06-14 05:26:00,0.0545944412932501,0
6520,0420,3,2026-06-14 05:26:00,0.5185762904140669,0
6521,0500,3,2026-06-14 05:26:00,0.5185762904140669,0
6522,0172,3,2026-06-14 05:26:10,0.6703062960862167,0
6523,0354,3,2026-06-14 05:26:10,0.0545944412932501,0
6524,0413,3,2026-06-14 05:26:10,0.0545944412932501,0
6525,0420,3,2026-06-14 05:26:10,0.5185762904140669,1
6526,0172,3,2026-06-14 05:26:20,0.6703062960862167,0
6527,0342,3,2026-06-14 05:26:20,0.1905842314237096,0
6528,0354,3,2026-06-14 05:26:20,0.0545944412932501,0
6529,0413,3,2026-06-14 05:26:20,0.0545944412932501,0
6530,0420,3,2026-06-14 05:26:20,0.5185762904140669,0
6531,0172,3,2026-06-14 05:26:30,0.6703062960862167,0
6532,0342,3,2026-06-14 05:26:30,0.1905842314237096,0
6533,0354,3,2026-06-14 05:26:30,0.0545944412932501,0
6534,0413,3,2026-06-14 05:26:30,0.0545944412932501,0
6535,0420,3,2026-06-14 05:26:30,0.5185762904140669,0
6536,0172,3,2026-06-14 05:26:40,0.6703062960862167,0
6537,0342,3,2026-06-14 05:26:40,0.1905842314237096,0
6538,0354,3,2026-06-14 05:26:40,0.0545944412932501,0
6539,0413,3,2026-06-14 05:26:40,0.0545944412932501,0
6540,0420,3,2026-06-14 05:26:40,0.5185762904140669,0
6541,0342,3,2026-06-14 05:26:50,0.1905842314237096,0
6542,0413,3,2026-06-14 05:26:50,0.0545944412932501,0
6543,0420,3,2026-06-14 05:26:50,0.5185762904140669,0
6544,0342,3,2026-06-14 05:27:00,0.1905842314237096,0
6545,0413,3,2026-06-14 05:27:00,0.0545944412932501,0
6546,0342,3,2026-06-14 05:27:10,0.1905842314237096,0
6547,0413,3,2026-06-14 05:27:10,0.0545944412932501,0
6548,0342,3,2026-06-14 05:27:20,0.1905842314237096,0
6549,0413,3,2026-06-14 05:27:20,0.0545944412932501,0
6550,0271,3,2026-06-14 05:27:30,0.6381168462847420,0
6551,0335,3,2026-06-14 05:27:30,0.6381168462847420,0
6552,0342,3,2026-06-14 05:27:30,0.1905842314237096,0
6553,0413,3,2026-06-14 05:27:30,0.0545944412932501,0
6554,0451,3,2026-06-14 05:27:30,0.7765173000567215,0
6555,0084,3,2026-06-14 05:27:40,0.2820476460578559,0
6556,0271,3,2026-06-14 05:27:40,0.6381168462847420,0
6557,0335,3,2026-06-14 05:27:40,0.6381168462847420,1
6558,0342,3,2026-06-14 05:27:40,0.1905842314237096,0
6559,0413,3,2026-06-14 05:27:40,0.0545944412932501,0
6560,0451,3,2026-06-14 05:27:40,0.7765173000567215,0
6561,0084,3,2026-06-14 05:27:50,0.2820476460578559,0
6562,0271,3,2026-06-14 05:27:50,0.6381168462847420,0
6563,0335,3,2026-06-14 05:27:50,0.6381168462847420,0
6564,0413,3,2026-06-14 05:27:50,0.0545944412932501,0
6565,0451,3,2026-06-14 05:27:50,0.7765173000567215,0
6566,0049,3,2026-06-14 05:28:00,0.4445547362450369,0
6567,0084,3,2026-06-14 05:28:00,0.2820476460578559,0
6568,0271,3,2026-06-14 05:28:00,0.6381168462847420,0
6569,0335,3,2026-06-14 05:28:00,0.6381168462847420,0
6570,0451,3,2026-06-14 05:28:00,0.7765173000567215,0
6571,0049,3,2026-06-14 05:28:10,0.4445547362450369,0
6572,0084,3,2026-06-14 05:28:10,0.2820476460578559,0
6573,0271,3,2026-06-14 05:28:10,0.6381168462847420,0
6574,0335,3,2026-06-14 05:28:10,0.6381168462847420,0
6575,0451,3,2026-06-14 05:28:10,0.7765173000567215,0
6576,0049,3,2026-06-14 05:28:20,0.4445547362450369,0
6577,0084,3,2026-06-14 05:28:20,0.2820476460578559,0
6578,0271,3,2026-06-14 05:28:20,0.6381168462847420,0
6579,0335,3,2026-06-14 05:28:20,0.6381168462847420,0
6580,0451,3,2026-06-14 05:28:20,0.7765173000567215,0
6581,0049,3,2026-06-14 05:28:30,0.4445547362450369,0
6582,0084,3,2026-06-14 05:28:30,0.2820476460578559,0
6583,0271,3,2026-06-14 05:28:30,0.6381168462847420,0
6584,0335,3,2026-06-14 05:28:30,0.6381168462847420,0
6585,0361,3,2026-06-14 05:28:30,0.2820476460578559,0
6586,0451,3,2026-06-14 05:28:30,0.7765173000567215,0
6587,0084,3,2026-06-14 05:28:40,0.2820476460578559,0
6588,0271,3,2026-06-14 05:28:40,0.6381168462847420,0
6589,0335,3,2026-06-14 05:28:40,0.6381168462847420,0
6590,0361,3,2026-06-14 05:28:40,0.2820476460578559,0
6591,0451,3,2026-06-14 05:28:40,0.7765173000567215,0
6592,0084,3,2026-06-14 05:28:50,0.2820476460578559,0
6593,0271,3,2026-06-14 05:28:50,0.6381168462847420,0
6594,0335,3,2026-06-14 05:28:50,0.6381168462847420,0
6595,0361,3,2026-06-14 05:28:50,0.2820476460578559,0
6596,0451,3,2026-06-14 05:28:50,0.7765173000567215,0
6597,0084,3,2026-06-14 05:29:00,0.2820476460578559,0
6598,0271,3,2026-06-14 05:29:00,0.6381168462847420,0
6599,0335,3,2026-06-14 05:29:00,0.6381168462847420,0
6600,0361,3,2026-06-14 05:29:00,0.2820476460578559,0
6601,0414,3,2026-06-14 05:29:00,0.7765173000567215,0
6602,0445,3,2026-06-14 05:29:00,0.4445547362450369,0
6603,0451,3,2026-06-14 05:29:00,0.7765173000567215,0
6604,0084,3,2026-06-14 05:29:10,0.2820476460578559,0
6605,0271,3,2026-06-14 05:29:10,0.6381168462847420,0
6606,0335,3,2026-06-14 05:29:10,0.6381168462847420,0
6607,0361,3,2026-06-14 05:29:10,0.2820476460578559,0
6608,0414,3,2026-06-14 05:29:10,0.7765173000567215,0
6609,0445,3,2026-06-14 05:29:10,0.4445547362450369,0
6610,0451,3,2026-06-14 05:29:10,0.7765173000567215,0
6611,0084,3,2026-06-14 05:29:20,0.2820476460578559,0
6612,0271,3,2026-06-14 05:29:20,0.6381168462847420,0
6613,0335,3,2026-06-14 05:29:20,0.6381168462847420,0
6614,0361,3,2026-06-14 05:29:20,0.2820476460578559,0
6615,0414,3,2026-06-14 05:29:20,0.7765173000567215,0
6616,0429,3,2026-06-14 05:29:20,0.2820476460578559,0
6617,0445,3,2026-06-14 05:29:20,0.4445547362450369,0
6618,0451,3,2026-06-14 05:29:20,0.7765173000567215,0
6619,0074,3,2026-06-14 05:29:30,0.9119398752127056,0
6620,0361,3,2026-06-14 05:29:30,0.2820476460578559,0
6621,0414,3,2026-06-14 05:29:30,0.7765173000567215,0
6622,0429,3,2026-06-14 05:29:30,0.2820476460578559,0
6623,0445,3,2026-06-14 05:29:30,0.4445547362450369,0
6624,0074,3,2026-06-14 05:29:40,0.9119398752127056,0
6625,0361,3,2026-06-14 05:29:40,0.2820476460578559,0
6626,0414,3,2026-06-14 05:29:40,0.7765173000567215,0
6627,0429,3,2026-06-14 05:29:40,0.2820476460578559,0
6628,0445,3,2026-06-14 05:29:40,0.4445547362450369,0
6629,0074,3,2026-06-14 05:29:50,0.9119398752127056,0
6630,0361,3,2026-06-14 05:29:50,0.2820476460578559,0
6631,0414,3,2026-06-14 05:29:50,0.7765173000567215,0
6632,0429,3,2026-06-14 05:29:50,0.2820476460578559,0
6633,0445,3,2026-06-14 05:29:50,0.4445547362450369,0
6634,0054,3,2026-06-14 05:30:00,0.5185762904140669,0
6635,0074,3,2026-06-14 05:30:00,0.9119398752127056,0
6636,0227,3,2026-06-14 05:30:00,0.7765173000567215,0
6637,0361,3,2026-06-14 05:30:00,0.2820476460578559,0
6638,0414,3,2026-06-14 05:30:00,0.7765173000567215,0
6639,0429,3,2026-06-14 05:30:00,0.2820476460578559,0
6640,0445,3,2026-06-14 05:30:00,0.4445547362450369,0
6641,0054,3,2026-06-14 05:30:10,0.5185762904140669,0
6642,0074,3,2026-06-14 05:30:10,0.9119398752127056,0
6643,0227,3,2026-06-14 05:30:10,0.7765173000567215,0
6644,0361,3,2026-06-14 05:30:10,0.2820476460578559,0
6645,0414,3,2026-06-14 05:30:10,0.7765173000567215,0
6646,0429,3,2026-06-14 05:30:10,0.2820476460578559,0
6647,0445,3,2026-06-14 05:30:10,0.4445547362450369,0
6648,0054,3,2026-06-14 05:30:20,0.5185762904140669,0
6649,0074,3,2026-06-14 05:30:20,0.9119398752127056,0
6650,0227,3,2026-06-14 05:30:20,0.7765173000567215,0
6651,0414,3,2026-06-14 05:30:20,0.7765173000567215,0
6652,0429,3,2026-06-14 05:30:20,0.2820476460578559,0
6653,0445,3,2026-06-14 05:30:20,0.4445547362450369,0
6654,0054,3,2026-06-14 05:30:30,0.5185762904140669,0
6655,0074,3,2026-06-14 05:30:30,0.9119398752127056,0
6656,0227,3,2026-06-14 05:30:30,0.7765173000567215,0
6657,0414,3,2026-06-14 05:30:30,0.7765173000567215,0
6658,0429,3,2026-06-14 05:30:30,0.2820476460578559,0
6659,0445,3,2026-06-14 05:30:30,0.4445547362450369,0
6660,0054,3,2026-06-14 05:30:40,0.5185762904140669,0
6661,0074,3,2026-06-14 05:30:40,0.9119398752127056,0
6662,0227,3,2026-06-14 05:30:40,0.7765173000567215,0
6663,0414,3,2026-06-14 05:30:40,0.7765173000567215,0
6664,0429,3,2026-06-14 05:30:40,0.2820476460578559,0
6665,0445,3,2026-06-14 05:30:40,0.4445547362450369,0
6666,0054,3,2026-06-14 05:30:50,0.5185762904140669,0
6667,0074,3,2026-06-14 05:30:50,0.9119398752127056,0
6668,0227,3,2026-06-14 05:30:50,0.7765173000567215,0
6669,0429,3,2026-06-14 05:30:50,0.2820476460578559,0
6670,0445,3,2026-06-14 05:30:50,0.4445547362450369,0
6671,0054,3,2026-06-14 05:31:00,0.5185762904140669,0
6672,0227,3,2026-06-14 05:31:00,0.7765173000567215,0
6673,0429,3,2026-06-14 05:31:00,0.2820476460578559,0
6674,0054,3,2026-06-14 05:31:10,0.5185762904140669,0
6675,0227,3,2026-06-14 05:31:10,0.7765173000567215,0
6676,0054,3,2026-06-14 05:31:20,0.5185762904140669,0
6677,0227,3,2026-06-14 05:31:20,0.7765173000567215,0
6678,0054,3,2026-06-14 05:31:30,0.5185762904140669,0
6679,0227,3,2026-06-14 05:31:30,0.7765173000567215,0
6680,0054,3,2026-06-14 05:31:40,0.5185762904140669,0
6681,0054,3,2026-06-14 05:31:50,0.5185762904140669,0
6682,0466,3,2026-06-14 06:56:00,0.6381168462847420,0
6683,0466,3,2026-06-14 06:56:10,0.6381168462847420,0
6684,0466,3,2026-06-14 06:56:20,0.6381168462847420,0
6685,0193,3,2026-06-14 06:56:30,0.5185762904140669,0
6686,0466,3,2026-06-14 06:56:30,0.6381168462847420,0
6687,0193,3,2026-06-14 06:56:40,0.5185762904140669,0
6688,0466,3,2026-06-14 06:56:40,0.6381168462847420,0
6689,0193,3,2026-06-14 06:56:50,0.5185762904140669,0
6690,0466,3,2026-06-14 06:56:50,0.6381168462847420,0
6691,0193,3,2026-06-14 06:57:00,0.5185762904140669,0
6692,0193,3,2026-06-14 06:57:10,0.5185762904140669,0
6693,0193,3,2026-06-14 06:57:20,0.5185762904140669,0
6694,0193,3,2026-06-14 06:57:30,0.5185762904140669,0
6695,0478,3,2026-06-14 06:58:20,0.7765173000567215,0
6696,0478,3,2026-06-14 06:58:30,0.7765173000567215,0
6697,0478,3,2026-06-14 06:58:40,0.7765173000567215,0
6698,0238,3,2026-06-14 07:03:40,0.6703062960862167,0
6699,0238,3,2026-06-14 07:03:50,0.6703062960862167,0
6700,0143,3,2026-06-14 07:04:00,0.1188315371525808,0
6701,0238,3,2026-06-14 07:04:00,0.6703062960862167,0
6702,0116,3,2026-06-14 07:04:10,0.5906125921724333,0
6703,0143,3,2026-06-14 07:04:10,0.1188315371525808,0
6704,0238,3,2026-06-14 07:04:10,0.6703062960862167,0
6705,0339,3,2026-06-14 07:04:10,0.7765173000567215,0
6706,0339,3,2026-06-14 07:04:10,0.7765173000567215,0
6707,0339,3,2026-06-14 07:04:10,0.7765173000567215,0
6708,0116,3,2026-06-14 07:04:20,0.5906125921724333,0
6709,0143,3,2026-06-14 07:04:20,0.1188315371525808,0
6710,0238,3,2026-06-14 07:04:20,0.6703062960862167,0
6711,0261,3,2026-06-14 07:04:20,0.5906125921724333,0
6712,0116,3,2026-06-14 07:04:30,0.5906125921724333,0
6713,0143,3,2026-06-14 07:04:30,0.1188315371525808,0
6714,0238,3,2026-06-14 07:04:30,0.6703062960862167,0
6715,0261,3,2026-06-14 07:04:30,0.5906125921724333,0
6716,0116,3,2026-06-14 07:04:40,0.5906125921724333,0
6717,0143,3,2026-06-14 07:04:40,0.1188315371525808,0
6718,0238,3,2026-06-14 07:04:40,0.6703062960862167,0
6719,0261,3,2026-06-14 07:04:40,0.5906125921724333,0
6720,0116,3,2026-06-14 07:04:50,0.5906125921724333,0
6721,0143,3,2026-06-14 07:04:50,0.1188315371525808,0
6722,0238,3,2026-06-14 07:04:50,0.6703062960862167,0
6723,0261,3,2026-06-14 07:04:50,0.5906125921724333,0
6724,0073,3,2026-06-14 07:05:00,0.7765173000567215,0
6725,0116,3,2026-06-14 07:05:00,0.5906125921724333,0
6726,0143,3,2026-06-14 07:05:00,0.1188315371525808,0
6727,0238,3,2026-06-14 07:05:00,0.6703062960862167,0
6728,0261,3,2026-06-14 07:05:00,0.5906125921724333,0
6729,0073,3,2026-06-14 07:05:10,0.7765173000567215,0
6730,0116,3,2026-06-14 07:05:10,0.5906125921724333,0
6731,0143,3,2026-06-14 07:05:10,0.1188315371525808,0
6732,0238,3,2026-06-14 07:05:10,0.6703062960862167,0
6733,0261,3,2026-06-14 07:05:10,0.5906125921724333,0
6734,0073,3,2026-06-14 07:05:20,0.7765173000567215,0
6735,0116,3,2026-06-14 07:05:20,0.5906125921724333,0
6736,0143,3,2026-06-14 07:05:20,0.1188315371525808,0
6737,0238,3,2026-06-14 07:05:20,0.6703062960862167,0
6738,0261,3,2026-06-14 07:05:20,0.5906125921724333,0
6739,0073,3,2026-06-14 07:05:30,0.7765173000567215,0
6740,0116,3,2026-06-14 07:05:30,0.5906125921724333,0
6741,0143,3,2026-06-14 07:05:30,0.1188315371525808,0
6742,0238,3,2026-06-14 07:05:30,0.6703062960862167,0
6743,0261,3,2026-06-14 07:05:30,0.5906125921724333,0
6744,0116,3,2026-06-14 07:05:40,0.5906125921724333,0
6745,0143,3,2026-06-14 07:05:40,0.1188315371525808,0
6746,0261,3,2026-06-14 07:05:40,0.5906125921724333,0
6747,0116,3,2026-06-14 07:05:50,0.5906125921724333,0
6748,0143,3,2026-06-14 07:05:50,0.1188315371525808,0
6749,0261,3,2026-06-14 07:05:50,0.5906125921724333,0
6750,0116,3,2026-06-14 07:06:00,0.5906125921724333,0
6751,0261,3,2026-06-14 07:06:00,0.5906125921724333,0
6752,0261,3,2026-06-14 07:06:10,0.5906125921724333,0
6753,0334,3,2026-06-14 07:15:30,0.5185762904140669,0
6754,0334,3,2026-06-14 07:15:40,0.5185762904140669,0
6755,0334,3,2026-06-14 07:15:50,0.5185762904140669,0
6756,0334,3,2026-06-14 07:16:00,0.5185762904140669,0
6757,0334,3,2026-06-14 07:16:10,0.5185762904140669,0
6758,0334,3,2026-06-14 07:16:20,0.5185762904140669,0
6759,0334,3,2026-06-14 07:16:30,0.5185762904140669,0
6760,0334,3,2026-06-14 07:16:40,0.5185762904140669,0
6761,0334,3,2026-06-14 07:16:50,0.5185762904140669,0
6762,0334,3,2026-06-14 07:17:00,0.5185762904140669,0
6763,0334,3,2026-06-14 07:17:10,0.5185762904140669,0
6764,0334,3,2026-06-14 07:17:20,0.5185762904140669,0
6765,0216,3,2026-06-14 08:34:20,0.7765173000567215,0
6766,0044,3,2026-06-14 08:34:30,0.5906125921724333,0
6767,0216,3,2026-06-14 08:34:30,0.7765173000567215,0
6768,0044,3,2026-06-14 08:34:40,0.5906125921724333,0
6769,0216,3,2026-06-14 08:34:40,0.7765173000567215,0
6770,0359,3,2026-06-14 08:34:40,0.0545944412932501,0
6771,0044,3,2026-06-14 08:34:50,0.5906125921724333,0
6772,0216,3,2026-06-14 08:34:50,0.7765173000567215,0
6773,0359,3,2026-06-14 08:34:50,0.0545944412932501,0
6774,0044,3,2026-06-14 08:35:00,0.5906125921724333,0
6775,0216,3,2026-06-14 08:35:00,0.7765173000567215,0
6776,0359,3,2026-06-14 08:35:00,0.0545944412932501,0
6777,0044,3,2026-06-14 08:35:10,0.5906125921724333,0
6778,0216,3,2026-06-14 08:35:10,0.7765173000567215,0
6779,0359,3,2026-06-14 08:35:10,0.0545944412932501,0
6780,0470,3,2026-06-14 08:35:10,0.7765173000567215,0
6781,0216,3,2026-06-14 08:35:20,0.7765173000567215,0
6782,0359,3,2026-06-14 08:35:20,0.0545944412932501,0
6783,0470,3,2026-06-14 08:35:20,0.7765173000567215,0
6784,0216,3,2026-06-14 08:35:30,0.7765173000567215,0
6785,0359,3,2026-06-14 08:35:30,0.0545944412932501,0
6786,0470,3,2026-06-14 08:35:30,0.7765173000567215,0
6787,0216,3,2026-06-14 08:35:40,0.7765173000567215,0
6788,0359,3,2026-06-14 08:35:40,0.0545944412932501,0
6789,0470,3,2026-06-14 08:35:40,0.7765173000567215,0
6790,0216,3,2026-06-14 08:35:50,0.7765173000567215,0
6791,0359,3,2026-06-14 08:35:50,0.0545944412932501,0
6792,0470,3,2026-06-14 08:35:50,0.7765173000567215,0
6793,0359,3,2026-06-14 08:36:00,0.0545944412932501,0
6794,0470,3,2026-06-14 08:36:00,0.7765173000567215,0
6795,0359,3,2026-06-14 08:36:10,0.0545944412932501,0
6796,0470,3,2026-06-14 08:36:10,0.7765173000567215,0
6797,0359,3,2026-06-14 08:36:20,0.0545944412932501,0
6798,0470,3,2026-06-14 08:36:20,0.7765173000567215,0
6799,0470,3,2026-06-14 08:36:30,0.7765173000567215,0
6800,0056,3,2026-06-14 08:36:50,1.0000000000000000,0
6801,0056,3,2026-06-14 08:37:00,1.0000000000000000,0
6802,0056,3,2026-06-14 08:37:10,1.0000000000000000,0
6803,0056,3,2026-06-14 08:37:20,1.0000000000000000,0
6804,0056,3,2026-06-14 08:37:30,1.0000000000000000,0
6805,0056,3,2026-06-14 08:37:40,1.0000000000000000,0
6806,0151,3,2026-06-14 08:37:40,1.0000000000000000,0
6807,0056,3,2026-06-14 08:37:50,1.0000000000000000,0
6808,0151,3,2026-06-14 08:37:50,1.0000000000000000,0
6809,0056,3,2026-06-14 08:38:00,1.0000000000000000,0
6810,0151,3,2026-06-14 08:38:00,1.0000000000000000,0
6811,0056,3,2026-06-14 08:38:10,1.0000000000000000,0
6812,0151,3,2026-06-14 08:38:10,1.0000000000000000,0
6813,0056,3,2026-06-14 08:38:20,1.0000000000000000,0
6814,0151,3,2026-06-14 08:38:20,1.0000000000000000,0
6815,0056,3,2026-06-14 08:38:30,1.0000000000000000,0
6816,0136,3,2026-06-14 08:38:30,0.6703062960862167,0
6817,0151,3,2026-06-14 08:38:30,1.0000000000000000,0
6818,0136,3,2026-06-14 08:38:40,0.6703062960862167,0
6819,0151,3,2026-06-14 08:38:40,1.0000000000000000,0
6820,0110,3,2026-06-14 08:38:50,0.1188315371525808,0
6821,0136,3,2026-06-14 08:38:50,0.6703062960862167,0
6822,0151,3,2026-06-14 08:38:50,1.0000000000000000,0
6823,0224,3,2026-06-14 08:38:50,0.4445547362450369,0
6824,0110,3,2026-06-14 08:39:00,0.1188315371525808,0
6825,0136,3,2026-06-14 08:39:00,0.6703062960862167,0
6826,0151,3,2026-06-14 08:39:00,1.0000000000000000,0
6827,0224,3,2026-06-14 08:39:00,0.4445547362450369,0
6828,0110,3,2026-06-14 08:39:10,0.1188315371525808,0
6829,0136,3,2026-06-14 08:39:10,0.6703062960862167,0
6830,0224,3,2026-06-14 08:39:10,0.4445547362450369,0
6831,0110,3,2026-06-14 08:39:20,0.1188315371525808,0
6832,0136,3,2026-06-14 08:39:20,0.6703062960862167,0
6833,0224,3,2026-06-14 08:39:20,0.4445547362450369,0
6834,0110,3,2026-06-14 08:39:30,0.1188315371525808,0
6835,0136,3,2026-06-14 08:39:30,0.6703062960862167,0
6836,0147,3,2026-06-14 08:39:30,1.0000000000000000,0
6837,0224,3,2026-06-14 08:39:30,0.4445547362450369,0
6838,0110,3,2026-06-14 08:39:40,0.1188315371525808,0
6839,0136,3,2026-06-14 08:39:40,0.6703062960862167,0
6840,0147,3,2026-06-14 08:39:40,1.0000000000000000,0
6841,0224,3,2026-06-14 08:39:40,0.4445547362450369,0
6842,0110,3,2026-06-14 08:39:50,0.1188315371525808,0
6843,0136,3,2026-06-14 08:39:50,0.6703062960862167,0
6844,0147,3,2026-06-14 08:39:50,1.0000000000000000,0
6845,0224,3,2026-06-14 08:39:50,0.4445547362450369,0
6846,0110,3,2026-06-14 08:40:00,0.1188315371525808,0
6847,0136,3,2026-06-14 08:40:00,0.6703062960862167,0
6848,0147,3,2026-06-14 08:40:00,1.0000000000000000,0
6849,0224,3,2026-06-14 08:40:00,0.4445547362450369,0
6850,0104,3,2026-06-14 08:40:10,0.3291264889393080,0
6851,0110,3,2026-06-14 08:40:10,0.1188315371525808,0
6852,0136,3,2026-06-14 08:40:10,0.6703062960862167,0
6853,0147,3,2026-06-14 08:40:10,1.0000000000000000,0
6854,0224,3,2026-06-14 08:40:10,0.4445547362450369,0
6855,0088,3,2026-06-14 08:40:20,0.2820476460578559,0
6856,0104,3,2026-06-14 08:40:20,0.3291264889393080,0
6857,0110,3,2026-06-14 08:40:20,0.1188315371525808,0
6858,0136,3,2026-06-14 08:40:20,0.6703062960862167,0
6859,0147,3,2026-06-14 08:40:20,1.0000000000000000,0
6860,0224,3,2026-06-14 08:40:20,0.4445547362450369,0
6861,0262,3,2026-06-14 08:40:20,1.0000000000000000,0
6862,0088,3,2026-06-14 08:40:30,0.2820476460578559,0
6863,0104,3,2026-06-14 08:40:30,0.3291264889393080,0
6864,0110,3,2026-06-14 08:40:30,0.1188315371525808,0
6865,0147,3,2026-06-14 08:40:30,1.0000000000000000,0
6866,0224,3,2026-06-14 08:40:30,0.4445547362450369,0
6867,0262,3,2026-06-14 08:40:30,1.0000000000000000,0
6868,0088,3,2026-06-14 08:40:40,0.2820476460578559,0
6869,0104,3,2026-06-14 08:40:40,0.3291264889393080,0
6870,0110,3,2026-06-14 08:40:40,0.1188315371525808,0
6871,0147,3,2026-06-14 08:40:40,1.0000000000000000,0
6872,0224,3,2026-06-14 08:40:40,0.4445547362450369,0
6873,0262,3,2026-06-14 08:40:40,1.0000000000000000,0
6874,0088,3,2026-06-14 08:40:50,0.2820476460578559,0
6875,0104,3,2026-06-14 08:40:50,0.3291264889393080,0
6876,0147,3,2026-06-14 08:40:50,1.0000000000000000,0
6877,0262,3,2026-06-14 08:40:50,1.0000000000000000,0
6878,0088,3,2026-06-14 08:41:00,0.2820476460578559,0
6879,0097,3,2026-06-14 08:41:00,0.4445547362450369,0
6880,0104,3,2026-06-14 08:41:00,0.3291264889393080,0
6881,0147,3,2026-06-14 08:41:00,1.0000000000000000,0
6882,0262,3,2026-06-14 08:41:00,1.0000000000000000,0
6883,0310,3,2026-06-14 08:41:00,0.5185762904140669,0
6884,0088,3,2026-06-14 08:41:10,0.2820476460578559,0
6885,0097,3,2026-06-14 08:41:10,0.4445547362450369,0
6886,0104,3,2026-06-14 08:41:10,0.3291264889393080,0
6887,0262,3,2026-06-14 08:41:10,1.0000000000000000,0
6888,0310,3,2026-06-14 08:41:10,0.5185762904140669,0
6889,0097,3,2026-06-14 08:41:20,0.4445547362450369,0
6890,0104,3,2026-06-14 08:41:20,0.3291264889393080,0
6891,0105,3,2026-06-14 08:41:20,0.1905842314237096,0
6892,0222,3,2026-06-14 08:41:20,0.1188315371525808,0
6893,0262,3,2026-06-14 08:41:20,1.0000000000000000,0
6894,0310,3,2026-06-14 08:41:20,0.5185762904140669,0
6895,0460,3,2026-06-14 08:41:20,0.0545944412932501,0
6896,0097,3,2026-06-14 08:41:30,0.4445547362450369,0
6897,0104,3,2026-06-14 08:41:30,0.3291264889393080,0
6898,0105,3,2026-06-14 08:41:30,0.1905842314237096,0
6899,0222,3,2026-06-14 08:41:30,0.1188315371525808,0
6900,0262,3,2026-06-14 08:41:30,1.0000000000000000,0
6901,0310,3,2026-06-14 08:41:30,0.5185762904140669,0
6902,0460,3,2026-06-14 08:41:30,0.0545944412932501,0
6903,0072,3,2026-06-14 08:41:40,0.5185762904140669,0
6904,0097,3,2026-06-14 08:41:40,0.4445547362450369,0
6905,0105,3,2026-06-14 08:41:40,0.1905842314237096,0
6906,0222,3,2026-06-14 08:41:40,0.1188315371525808,0
6907,0262,3,2026-06-14 08:41:40,1.0000000000000000,0
6908,0310,3,2026-06-14 08:41:40,0.5185762904140669,0
6909,0460,3,2026-06-14 08:41:40,0.0545944412932501,0
6910,0072,3,2026-06-14 08:41:50,0.5185762904140669,0
6911,0097,3,2026-06-14 08:41:50,0.4445547362450369,0
6912,0105,3,2026-06-14 08:41:50,0.1905842314237096,0
6913,0222,3,2026-06-14 08:41:50,0.1188315371525808,0
6914,0262,3,2026-06-14 08:41:50,1.0000000000000000,0
6915,0310,3,2026-06-14 08:41:50,0.5185762904140669,0
6916,0460,3,2026-06-14 08:41:50,0.0545944412932501,0
6917,0072,3,2026-06-14 08:42:00,0.5185762904140669,0
6918,0097,3,2026-06-14 08:42:00,0.4445547362450369,0
6919,0105,3,2026-06-14 08:42:00,0.1905842314237096,0
6920,0222,3,2026-06-14 08:42:00,0.1188315371525808,0
6921,0310,3,2026-06-14 08:42:00,0.5185762904140669,0
6922,0323,3,2026-06-14 08:42:00,0.4445547362450369,0
6923,0460,3,2026-06-14 08:42:00,0.0545944412932501,0
6924,0072,3,2026-06-14 08:42:10,0.5185762904140669,0
6925,0076,3,2026-06-14 08:42:10,0.1188315371525808,0
6926,0097,3,2026-06-14 08:42:10,0.4445547362450369,0
6927,0105,3,2026-06-14 08:42:10,0.1905842314237096,0
6928,0222,3,2026-06-14 08:42:10,0.1188315371525808,0
6929,0310,3,2026-06-14 08:42:10,0.5185762904140669,0
6930,0323,3,2026-06-14 08:42:10,0.4445547362450369,0
6931,0460,3,2026-06-14 08:42:10,0.0545944412932501,0
6932,0072,3,2026-06-14 08:42:20,0.5185762904140669,0
6933,0076,3,2026-06-14 08:42:20,0.1188315371525808,0
6934,0097,3,2026-06-14 08:42:20,0.4445547362450369,0
6935,0105,3,2026-06-14 08:42:20,0.1905842314237096,0
6936,0222,3,2026-06-14 08:42:20,0.1188315371525808,0
6937,0310,3,2026-06-14 08:42:20,0.5185762904140669,0
6938,0323,3,2026-06-14 08:42:20,0.4445547362450369,0
6939,0460,3,2026-06-14 08:42:20,0.0545944412932501,0
6940,0072,3,2026-06-14 08:42:30,0.5185762904140669,0
6941,0076,3,2026-06-14 08:42:30,0.1188315371525808,0
6942,0097,3,2026-06-14 08:42:30,0.4445547362450369,0
6943,0105,3,2026-06-14 08:42:30,0.1905842314237096,0
6944,0222,3,2026-06-14 08:42:30,0.1188315371525808,0
6945,0323,3,2026-06-14 08:42:30,0.4445547362450369,0
6946,0460,3,2026-06-14 08:42:30,0.0545944412932501,0
6947,0072,3,2026-06-14 08:42:40,0.5185762904140669,0
6948,0076,3,2026-06-14 08:42:40,0.1188315371525808,0
6949,0105,3,2026-06-14 08:42:40,0.1905842314237096,0
6950,0159,3,2026-06-14 08:42:40,0.2820476460578559,0
6951,0222,3,2026-06-14 08:42:40,0.1188315371525808,0
6952,0323,3,2026-06-14 08:42:40,0.4445547362450369,0
6953,0460,3,2026-06-14 08:42:40,0.0545944412932501,0
6954,0072,3,2026-06-14 08:42:50,0.5185762904140669,0
6955,0076,3,2026-06-14 08:42:50,0.1188315371525808,0
6956,0105,3,2026-06-14 08:42:50,0.1905842314237096,0
6957,0159,3,2026-06-14 08:42:50,0.2820476460578559,0
6958,0270,3,2026-06-14 08:42:50,0.5906125921724333,0
6959,0323,3,2026-06-14 08:42:50,0.4445547362450369,0
6960,0072,3,2026-06-14 08:43:00,0.5185762904140669,0
6961,0076,3,2026-06-14 08:43:00,0.1188315371525808,0
6962,0105,3,2026-06-14 08:43:00,0.1905842314237096,0
6963,0159,3,2026-06-14 08:43:00,0.2820476460578559,0
6964,0270,3,2026-06-14 08:43:00,0.5906125921724333,0
6965,0323,3,2026-06-14 08:43:00,0.4445547362450369,0
6966,0072,3,2026-06-14 08:43:10,0.5185762904140669,0
6967,0076,3,2026-06-14 08:43:10,0.1188315371525808,0
6968,0159,3,2026-06-14 08:43:10,0.2820476460578559,0
6969,0270,3,2026-06-14 08:43:10,0.5906125921724333,0
6970,0323,3,2026-06-14 08:43:10,0.4445547362450369,0
6971,0072,3,2026-06-14 08:43:20,0.5185762904140669,0
6972,0076,3,2026-06-14 08:43:20,0.1188315371525808,0
6973,0159,3,2026-06-14 08:43:20,0.2820476460578559,0
6974,0270,3,2026-06-14 08:43:20,0.5906125921724333,0
6975,0323,3,2026-06-14 08:43:20,0.4445547362450369,0
6976,0076,3,2026-06-14 08:43:30,0.1188315371525808,0
6977,0159,3,2026-06-14 08:43:30,0.2820476460578559,0
6978,0270,3,2026-06-14 08:43:30,0.5906125921724333,0
6979,0323,3,2026-06-14 08:43:30,0.4445547362450369,0
6980,0076,3,2026-06-14 08:43:40,0.1188315371525808,0
6981,0159,3,2026-06-14 08:43:40,0.2820476460578559,0
6982,0270,3,2026-06-14 08:43:40,0.5906125921724333,0
6983,0076,3,2026-06-14 08:43:50,0.1188315371525808,0
6984,0159,3,2026-06-14 08:43:50,0.2820476460578559,0
6985,0270,3,2026-06-14 08:43:50,0.5906125921724333,0
6986,0076,3,2026-06-14 08:44:00,0.1188315371525808,0
6987,0159,3,2026-06-14 08:44:00,0.2820476460578559,0
6988,0270,3,2026-06-14 08:44:00,0.5906125921724333,0
6989,0159,3,2026-06-14 08:44:10,0.2820476460578559,0
6990,0270,3,2026-06-14 08:44:10,0.5906125921724333,0
6991,0159,3,2026-06-14 08:44:20,0.2820476460578559,0
6992,0270,3,2026-06-14 08:44:20,0.5906125921724333,0
6993,0270,3,2026-06-14 08:44:30,0.5906125921724333,0
6994,0100,3,2026-06-14 08:47:50,0.2820476460578559,0
6995,0100,3,2026-06-14 08:48:00,0.2820476460578559,0
6996,0100,3,2026-06-14 08:48:10,0.2820476460578559,0
6997,0100,3,2026-06-14 08:48:20,0.2820476460578559,0
6998,0100,3,2026-06-14 08:48:30,0.2820476460578559,0
6999,0100,3,2026-06-14 08:48:40,0.2820476460578559,0
7000,0100,3,2026-06-14 08:48:50,0.2820476460578559,0
7001,0100,3,2026-06-14 08:49:00,0.2820476460578559,0
7002,0100,3,2026-06-14 08:49:10,0.2820476460578559,0
7003,0100,3,2026-06-14 08:49:20,0.2820476460578559,0
7004,0100,3,2026-06-14 08:49:30,0.2820476460578559,0
7005,0486,3,2026-06-14 08:50:00,0.3291264889393080,0
7006,0486,3,2026-06-14 08:50:00,0.3291264889393080,0
7007,0486,3,2026-06-14 08:50:00,0.3291264889393080,0
7008,0486,3,2026-06-14 08:50:00,0.3291264889393080,0
7009,0486,3,2026-06-14 08:50:00,0.3291264889393080,0
7010,0486,3,2026-06-14 08:50:10,0.3291264889393080,0
7011,0486,3,2026-06-14 08:50:10,0.3291264889393080,0
7012,0486,3,2026-06-14 08:50:10,0.3291264889393080,0
7013,0486,3,2026-06-14 08:50:10,0.3291264889393080,0
7014,0486,3,2026-06-14 08:50:10,0.3291264889393080,0
7015,0486,3,2026-06-14 08:50:20,0.3291264889393080,0
7016,0486,3,2026-06-14 08:50:20,0.3291264889393080,0
7017,0486,3,2026-06-14 08:50:20,0.3291264889393080,0
7018,0486,3,2026-06-14 08:50:20,0.3291264889393080,0
7019,0486,3,2026-06-14 08:50:20,0.3291264889393080,0
7020,0486,3,2026-06-14 08:50:30,0.3291264889393080,0
7021,0486,3,2026-06-14 08:50:30,0.3291264889393080,0
7022,0486,3,2026-06-14 08:50:30,0.3291264889393080,0
7023,0486,3,2026-06-14 08:50:30,0.3291264889393080,0
7024,0486,3,2026-06-14 08:50:30,0.3291264889393080,0
7025,0486,3,2026-06-14 08:50:40,0.3291264889393080,0
7026,0486,3,2026-06-14 08:50:40,0.3291264889393080,0
7027,0486,3,2026-06-14 08:50:40,0.3291264889393080,0
7028,0486,3,2026-06-14 08:50:40,0.3291264889393080,0
7029,0486,3,2026-06-14 08:50:40,0.3291264889393080,0
7030,0486,3,2026-06-14 08:50:50,0.3291264889393080,0
7031,0486,3,2026-06-14 08:50:50,0.3291264889393080,0
7032,0486,3,2026-06-14 08:50:50,0.3291264889393080,0
7033,0486,3,2026-06-14 08:50:50,0.3291264889393080,0
7034,0486,3,2026-06-14 08:50:50,0.3291264889393080,0
7035,006,3,2026-06-14 08:52:20,0.9119398752127056,0
7036,006,3,2026-06-14 08:52:30,0.9119398752127056,0
7037,006,3,2026-06-14 08:52:40,0.9119398752127056,0
7038,006,3,2026-06-14 08:52:50,0.9119398752127056,0
7039,006,3,2026-06-14 08:53:00,0.9119398752127056,0
7040,006,3,2026-06-14 08:53:10,0.9119398752127056,0
7041,0030,3,2026-06-14 08:59:20,0.1905842314237096,0
7042,0030,3,2026-06-14 08:59:30,0.1905842314237096,0
7043,0030,3,2026-06-14 08:59:40,0.1905842314237096,0
7044,0030,3,2026-06-14 08:59:50,0.1905842314237096,0
7045,0030,3,2026-06-14 09:00:00,0.1905842314237096,0
7046,0030,3,2026-06-14 09:00:10,0.1905842314237096,0
7047,0030,3,2026-06-14 09:00:20,0.1905842314237096,0
7048,0030,3,2026-06-14 09:00:30,0.1905842314237096,0
7049,0030,3,2026-06-14 09:00:40,0.1905842314237096,0
7050,0030,3,2026-06-14 09:00:50,0.1905842314237096,0
7051,0030,3,2026-06-14 09:01:00,0.1905842314237096,0
