index,ID,satellite,time,score_scenario,selected
0,0167,0,2026-06-13 10:33:50,0.4447215295095595,0
1,0167,0,2026-06-13 10:34:00,0.4447215295095595,0
2,0167,0,2026-06-13 10:34:10,0.4447215295095595,0
3,0391,0,2026-06-13 10:34:10,0.1957605985037406,0
4,0167,0,2026-06-13 10:34:20,0.4447215295095595,0
5,0194,0,2026-06-13 10:34:20,0.5361596009975063,1
6,0391,0,2026-06-13 10:34:20,0.1957605985037406,0
7,0167,0,2026-06-13 10:34:30,0.4447215295095595,0
8,0194,0,2026-06-13 10:34:30,0.5361596009975063,0
9,0391,0,2026-06-13 10:34:30,0.1957605985037406,0
10,0167,0,2026-06-13 10:34:40,0.4447215295095595,0
11,0194,0,2026-06-13 10:34:40,0.5361596009975063,0
12,0391,0,2026-06-13 10:34:40,0.1957605985037406,0
13,0167,0,2026-06-13 10:34:50,0.4447215295095595,0
14,0194,0,2026-06-13 10:34:50,0.5361596009975063,0
15,0391,0,2026-06-13 10:34:50,0.1957605985037406,0
16,0167,0,2026-06-13 10:35:00,0.4447215295095595,0
17,0194,0,2026-06-13 10:35:00,0.5361596009975063,0
18,0391,0,2026-06-13 10:35:00,0.1957605985037406,0
19,0167,0,2026-06-13 10:35:10,0.4447215295095595,0
20,0194,0,2026-06-13 10:35:10,0.5361596009975063,0
21,0306,0,2026-06-13 10:35:10,0.5897755610972568,1
22,0391,0,2026-06-13 10:35:10,0.1957605985037406,0
23,0167,0,2026-06-13 10:35:20,0.4447215295095595,0
24,0194,0,2026-06-13 10:35:20,0.5361596009975063,0
25,0306,0,2026-06-13 10:35:20,0.5897755610972568,0
26,0391,0,2026-06-13 10:35:20,0.1957605985037406,0
27,0194,0,2026-06-13 10:35:30,0.5361596009975063,0
28,0391,0,2026-06-13 10:35:30,0.1957605985037406,0
29,0194,0,2026-06-13 10:35:40,0.5361596009975063,0
30,0391,0,2026-06-13 10:35:40,0.1957605985037406,0
31,0391,0,2026-06-13 10:35:50,0.1957605985037406,1
32,0219,0,2026-06-13 10:38:10,1.0000000000000000,1
33,0219,0,2026-06-13 10:38:20,1.0000000000000000,0
34,0219,0,2026-06-13 10:38:30,1.0000000000000000,0
35,0357,0,2026-06-13 10:38:30,0.1957605985037406,0
36,0357,0,2026-06-13 10:38:30,0.1957605985037406,0
37,0357,0,2026-06-13 10:38:30,0.1957605985037406,0
38,0219,0,2026-06-13 10:38:40,1.0000000000000000,0
39,0311,0,2026-06-13 10:38:40,0.5361596009975063,0
40,0311,0,2026-06-13 10:38:40,0.5361596009975063,0
41,0311,0,2026-06-13 10:38:40,0.5361596009975063,0
42,0311,0,2026-06-13 10:38:40,0.5361596009975063,0
43,0357,0,2026-06-13 10:38:40,0.1957605985037406,0
44,0357,0,2026-06-13 10:38:40,0.1957605985037406,0
45,0493,0,2026-06-13 10:38:40,0.4447215295095595,0
46,0219,0,2026-06-13 10:38:50,1.0000000000000000,0
47,0311,0,2026-06-13 10:38:50,0.5361596009975063,0
48,0311,0,2026-06-13 10:38:50,0.5361596009975063,0
49,0311,0,2026-06-13 10:38:50,0.5361596009975063,0
50,0311,0,2026-06-13 10:38:50,0.5361596009975063,0
51,0357,0,2026-06-13 10:38:50,0.1957605985037406,0
52,0357,0,2026-06-13 10:38:50,0.1957605985037406,0
53,0357,0,2026-06-13 10:38:50,0.1957605985037406,0
54,0493,0,2026-06-13 10:38:50,0.4447215295095595,0
55,0219,0,2026-06-13 10:39:00,1.0000000000000000,0
56,0311,0,2026-06-13 10:39:00,0.5361596009975063,0
57,0357,0,2026-06-13 10:39:00,0.1957605985037406,0
58,0357,0,2026-06-13 10:39:00,0.1957605985037406,0
59,0357,0,2026-06-13 10:39:00,0.1957605985037406,0
60,0357,0,2026-06-13 10:39:00,0.1957605985037406,0
61,0493,0,2026-06-13 10:39:00,0.4447215295095595,0
62,0219,0,2026-06-13 10:39:10,1.0000000000000000,0
63,0311,0,2026-06-13 10:39:10,0.5361596009975063,0
64,0311,0,2026-06-13 10:39:10,0.5361596009975063,0
65,0311,0,2026-06-13 10:39:10,0.5361596009975063,0
66,0357,0,2026-06-13 10:39:10,0.1957605985037406,0
67,0357,0,2026-06-13 10:39:10,0.1957605985037406,0
68,0357,0,2026-06-13 10:39:10,0.1957605985037406,0
69,0357,0,2026-06-13 10:39:10,0.1957605985037406,0
70,0493,0,2026-06-13 10:39:10,0.4447215295095595,0
71,0219,0,2026-06-13 10:39:20,1.0000000000000000,0
72,0311,0,2026-06-13 10:39:20,0.5361596009975063,0
73,0311,0,2026-06-13 10:39:20,0.5361596009975063,0
74,0311,0,2026-06-13 10:39:20,0.5361596009975063,0
75,0311,0,2026-06-13 10:39:20,0.5361596009975063,0
76,0357,0,2026-06-13 10:39:20,0.1957605985037406,0
77,0357,0,2026-06-13 10:39:20,0.1957605985037406,0
78,0357,0,2026-06-13 10:39:20,0.1957605985037406,0
79,0357,0,2026-06-13 10:39:20,0.1957605985037406,0
80,0493,0,2026-06-13 10:39:20,0.4447215295095595,0
81,0219,0,2026-06-13 10:39:30,1.0000000000000000,0
82,0311,0,2026-06-13 10:39:30,0.5361596009975063,0
83,0311,0,2026-06-13 10:39:30,0.5361596009975063,0
84,0311,0,2026-06-13 10:39:30,0.5361596009975063,0
85,0311,0,2026-06-13 10:39:30,0.5361596009975063,0
86,0357,0,2026-06-13 10:39:30,0.1957605985037406,0
87,0357,0,2026-06-13 10:39:30,0.1957605985037406,0
88,0357,0,2026-06-13 10:39:30,0.1957605985037406,0
89,0357,0,2026-06-13 10:39:30,0.1957605985037406,0
90,0493,0,2026-06-13 10:39:30,0.4447215295095595,0
91,0219,0,2026-06-13 10:39:40,1.0000000000000000,0
92,0311,0,2026-06-13 10:39:40,0.5361596009975063,0
93,0311,0,2026-06-13 10:39:40,0.5361596009975063,0
94,0311,0,2026-06-13 10:39:40,0.5361596009975063,0
95,0311,0,2026-06-13 10:39:40,0.5361596009975063,0
96,0357,0,2026-06-13 10:39:40,0.1957605985037406,0
97,0357,0,2026-06-13 10:39:40,0.1957605985037406,0
98,0357,0,2026-06-13 10:39:40,0.1957605985037406,0
99,0357,0,2026-06-13 10:39:40,0.1957605985037406,0
100,0493,0,2026-06-13 10:39:40,0.4447215295095595,0
101,0311,0,2026-06-13 10:39:50,0.5361596009975063,0
102,0311,0,2026-06-13 10:39:50,0.5361596009975063,0
103,0311,0,2026-06-13 10:39:50,0.5361596009975063,0
104,0311,0,2026-06-13 10:39:50,0.5361596009975063,0
105,0357,0,2026-06-13 10:39:50,0.1957605985037406,0
106,0357,0,2026-06-13 10:39:50,0.1957605985037406,0
107,0357,0,2026-06-13 10:39:50,0.1957605985037406,0
108,0493,0,2026-06-13 10:39:50,0.4447215295095595,0
109,0311,0,2026-06-13 10:40:00,0.5361596009975063,0
110,0311,0,2026-06-13 10:40:00,0.5361596009975063,0
111,0357,0,2026-06-13 10:40:00,0.1957605985037406,0
112,0357,0,2026-06-13 10:40:00,0.1957605985037406,0
113,0493,0,2026-06-13 10:40:00,0.4447215295095595,0
114,0311,0,2026-06-13 10:40:10,0.5361596009975063,0
115,0357,0,2026-06-13 10:40:10,0.1957605985037406,0
116,0493,0,2026-06-13 10:40:10,0.4447215295095595,0
117,0311,0,2026-06-13 10:40:20,0.5361596009975063,0
118,0311,0,2026-06-13 10:40:20,0.5361596009975063,0
119,0357,0,2026-06-13 10:40:20,0.1957605985037406,0
120,0357,0,2026-06-13 10:40:20,0.1957605985037406,0
121,0493,0,2026-06-13 10:40:20,0.4447215295095595,0
122,0496,0,2026-06-13 10:40:20,0.1030756442227764,0
123,0493,0,2026-06-13 10:40:30,0.4447215295095595,0
124,0496,0,2026-06-13 10:40:30,0.1030756442227764,0
125,0496,0,2026-06-13 10:40:40,0.1030756442227764,0
126,0066,0,2026-06-13 10:40:50,0.3304239401496259,0
127,0496,0,2026-06-13 10:40:50,0.1030756442227764,0
128,0066,0,2026-06-13 10:41:00,0.3304239401496259,0
129,0496,0,2026-06-13 10:41:00,0.1030756442227764,0
130,0066,0,2026-06-13 10:41:10,0.3304239401496259,0
131,0496,0,2026-06-13 10:41:10,0.1030756442227764,0
132,0066,0,2026-06-13 10:41:20,0.3304239401496259,0
133,0496,0,2026-06-13 10:41:20,0.1030756442227764,1
134,0066,0,2026-06-13 10:41:30,0.3304239401496259,1
135,0496,0,2026-06-13 10:41:30,0.1030756442227764,0
136,0066,0,2026-06-13 10:41:40,0.3304239401496259,0
137,0496,0,2026-06-13 10:41:40,0.1030756442227764,0
138,0066,0,2026-06-13 10:41:50,0.3304239401496259,0
139,0496,0,2026-06-13 10:41:50,0.1030756442227764,0
140,0066,0,2026-06-13 10:42:00,0.3304239401496259,0
141,0496,0,2026-06-13 10:42:00,0.1030756442227764,0
142,0188,0,2026-06-13 10:44:30,0.4447215295095595,0
143,0188,0,2026-06-13 10:44:30,0.4447215295095595,1
144,0188,0,2026-06-13 10:44:40,0.4447215295095595,0
145,0188,0,2026-06-13 10:44:50,0.4447215295095595,0
146,0188,0,2026-06-13 10:45:00,0.4447215295095595,0
147,0188,0,2026-06-13 10:45:00,0.4447215295095595,0
148,0188,0,2026-06-13 10:45:00,0.4447215295095595,0
149,0188,0,2026-06-13 10:45:10,0.4447215295095595,0
150,0188,0,2026-06-13 10:45:10,0.4447215295095595,0
151,0188,0,2026-06-13 10:45:10,0.4447215295095595,0
152,0188,0,2026-06-13 10:45:10,0.4447215295095595,0
153,0188,0,2026-06-13 10:45:20,0.4447215295095595,0
154,0188,0,2026-06-13 10:45:20,0.4447215295095595,0
155,0188,0,2026-06-13 10:45:30,0.4447215295095595,0
156,0188,0,2026-06-13 10:45:40,0.4447215295095595,0
157,0188,0,2026-06-13 10:45:50,0.4447215295095595,0
158,0188,0,2026-06-13 10:45:50,0.4447215295095595,0
159,0065,0,2026-06-13 10:46:10,0.5897755610972568,0
160,0065,0,2026-06-13 10:46:20,0.5897755610972568,0
161,0404,0,2026-06-13 10:46:20,0.4447215295095595,0
162,0404,0,2026-06-13 10:46:20,0.4447215295095595,0
163,0065,0,2026-06-13 10:46:30,0.5897755610972568,0
164,0404,0,2026-06-13 10:46:30,0.4447215295095595,0
165,0065,0,2026-06-13 10:46:40,0.5897755610972568,0
166,0404,0,2026-06-13 10:46:40,0.4447215295095595,0
167,0065,0,2026-06-13 10:46:50,0.5897755610972568,0
168,0404,0,2026-06-13 10:46:50,0.4447215295095595,0
169,0404,0,2026-06-13 10:46:50,0.4447215295095595,0
170,0404,0,2026-06-13 10:46:50,0.4447215295095595,0
171,0065,0,2026-06-13 10:47:00,0.5897755610972568,0
172,0404,0,2026-06-13 10:47:00,0.4447215295095595,0
173,0404,0,2026-06-13 10:47:00,0.4447215295095595,0
174,0404,0,2026-06-13 10:47:00,0.4447215295095595,0
175,0404,0,2026-06-13 10:47:00,0.4447215295095595,0
176,0065,0,2026-06-13 10:47:10,0.5897755610972568,0
177,0404,0,2026-06-13 10:47:10,0.4447215295095595,0
178,0404,0,2026-06-13 10:47:10,0.4447215295095595,0
179,0404,0,2026-06-13 10:47:10,0.4447215295095595,0
180,0404,0,2026-06-13 10:47:10,0.4447215295095595,0
181,0065,0,2026-06-13 10:47:20,0.5897755610972568,0
182,0404,0,2026-06-13 10:47:20,0.4447215295095595,0
183,0404,0,2026-06-13 10:47:20,0.4447215295095595,0
184,0404,0,2026-06-13 10:47:20,0.4447215295095595,0
185,0404,0,2026-06-13 10:47:20,0.4447215295095595,0
186,0065,0,2026-06-13 10:47:30,0.5897755610972568,0
187,0404,0,2026-06-13 10:47:30,0.4447215295095595,0
188,0404,0,2026-06-13 10:47:30,0.4447215295095595,0
189,0404,0,2026-06-13 10:47:30,0.4447215295095595,0
190,0404,0,2026-06-13 10:47:30,0.4447215295095595,0
191,0065,0,2026-06-13 10:47:40,0.5897755610972568,0
192,0404,0,2026-06-13 10:47:40,0.4447215295095595,0
193,0404,0,2026-06-13 10:47:40,0.4447215295095595,0
194,0404,0,2026-06-13 10:47:50,0.4447215295095595,0
195,0404,0,2026-06-13 10:48:00,0.4447215295095595,0
196,0404,0,2026-06-13 10:48:00,0.4447215295095595,0
197,0381,0,2026-06-13 12:30:00,1.0000000000000000,0
198,0381,0,2026-06-13 12:30:10,1.0000000000000000,0
199,0381,0,2026-06-13 12:30:20,1.0000000000000000,1
200,0132,0,2026-06-13 12:33:20,0.4447215295095595,0
201,0132,0,2026-06-13 12:33:30,0.4447215295095595,0
202,0132,0,2026-06-13 12:33:40,0.4447215295095595,0
203,0237,0,2026-06-13 12:33:40,0.2930174563591023,1
204,0237,0,2026-06-13 12:33:40,0.2930174563591023,0
205,0106,0,2026-06-13 12:33:50,0.2930174563591023,0
206,0132,0,2026-06-13 12:33:50,0.4447215295095595,0
207,0237,0,2026-06-13 12:33:50,0.2930174563591023,0
208,0237,0,2026-06-13 12:33:50,0.2930174563591023,0
209,0106,0,2026-06-13 12:34:00,0.2930174563591023,0
210,0132,0,2026-06-13 12:34:00,0.4447215295095595,0
211,0237,0,2026-06-13 12:34:00,0.2930174563591023,0
212,0237,0,2026-06-13 12:34:00,0.2930174563591023,0
213,0287,0,2026-06-13 12:34:00,0.2930174563591023,0
214,0106,0,2026-06-13 12:34:10,0.2930174563591023,0
215,0132,0,2026-06-13 12:34:10,0.4447215295095595,0
216,0237,0,2026-06-13 12:34:10,0.2930174563591023,1
217,0237,0,2026-06-13 12:34:10,0.2930174563591023,0
218,0237,0,2026-06-13 12:34:10,0.2930174563591023,0
219,0287,0,2026-06-13 12:34:10,0.2930174563591023,0
220,0106,0,2026-06-13 12:34:20,0.2930174563591023,0
221,0132,0,2026-06-13 12:34:20,0.4447215295095595,0
222,0237,0,2026-06-13 12:34:20,0.2930174563591023,0
223,0237,0,2026-06-13 12:34:20,0.2930174563591023,0
224,0287,0,2026-06-13 12:34:20,0.2930174563591023,0
225,0106,0,2026-06-13 12:34:30,0.2930174563591023,0
226,0132,0,2026-06-13 12:34:30,0.4447215295095595,0
227,0237,0,2026-06-13 12:34:30,0.2930174563591023,0
228,0237,0,2026-06-13 12:34:30,0.2930174563591023,0
229,0237,0,2026-06-13 12:34:30,0.2930174563591023,0
230,0287,0,2026-06-13 12:34:30,0.2930174563591023,0
231,0106,0,2026-06-13 12:34:40,0.2930174563591023,1
232,0132,0,2026-06-13 12:34:40,0.4447215295095595,0
233,0237,0,2026-06-13 12:34:40,0.2930174563591023,0
234,0237,0,2026-06-13 12:34:40,0.2930174563591023,0
235,0287,0,2026-06-13 12:34:40,0.2930174563591023,0
236,0106,0,2026-06-13 12:34:50,0.2930174563591023,0
237,0132,0,2026-06-13 12:34:50,0.4447215295095595,0
238,0237,0,2026-06-13 12:34:50,0.2930174563591023,0
239,0287,0,2026-06-13 12:34:50,0.2930174563591023,0
240,0106,0,2026-06-13 12:35:00,0.2930174563591023,0
241,0132,0,2026-06-13 12:35:00,0.4447215295095595,0
242,0237,0,2026-06-13 12:35:00,0.2930174563591023,0
243,0237,0,2026-06-13 12:35:00,0.2930174563591023,0
244,0287,0,2026-06-13 12:35:00,0.2930174563591023,0
245,0287,0,2026-06-13 12:35:10,0.2930174563591023,0
246,0287,0,2026-06-13 12:35:20,0.2930174563591023,0
247,0287,0,2026-06-13 12:35:30,0.2930174563591023,0
248,0287,0,2026-06-13 12:35:40,0.2930174563591023,0
249,0287,0,2026-06-13 12:35:50,0.2930174563591023,1
250,0297,0,2026-06-13 14:12:30,0.8528678304239401,0
251,0297,0,2026-06-13 14:12:40,0.8528678304239401,0
252,0297,0,2026-06-13 14:12:50,0.8528678304239401,0
253,0297,0,2026-06-13 14:13:00,0.8528678304239401,0
254,0297,0,2026-06-13 14:13:10,0.8528678304239401,0
255,0297,0,2026-06-13 14:13:20,0.8528678304239401,0
256,0297,0,2026-06-13 14:13:30,0.8528678304239401,0
257,0297,0,2026-06-13 14:13:40,0.8528678304239401,0
258,0297,0,2026-06-13 14:13:50,0.8528678304239401,0
259,0399,0,2026-06-13 14:15:40,0.5361596009975063,0
260,0210,0,2026-06-13 14:15:50,0.8528678304239401,0
261,0399,0,2026-06-13 14:15:50,0.5361596009975063,0
262,0210,0,2026-06-13 14:16:00,0.8528678304239401,0
263,0399,0,2026-06-13 14:16:00,0.5361596009975063,0
264,0210,0,2026-06-13 14:16:10,0.8528678304239401,0
265,0399,0,2026-06-13 14:16:10,0.5361596009975063,0
266,0210,0,2026-06-13 14:16:20,0.8528678304239401,0
267,0399,0,2026-06-13 14:16:20,0.5361596009975063,0
268,0210,0,2026-06-13 14:16:30,0.8528678304239401,1
269,0399,0,2026-06-13 14:16:30,0.5361596009975063,0
270,0210,0,2026-06-13 14:16:40,0.8528678304239401,0
271,0399,0,2026-06-13 14:16:40,0.5361596009975063,0
272,0210,0,2026-06-13 14:16:50,0.8528678304239401,0
273,0399,0,2026-06-13 14:16:50,0.5361596009975063,0
274,0210,0,2026-06-13 14:17:00,0.8528678304239401,0
275,0399,0,2026-06-13 14:17:00,0.5361596009975063,0
276,0210,0,2026-06-13 14:17:10,0.8528678304239401,0
277,0399,0,2026-06-13 14:17:10,0.5361596009975063,0
278,0210,0,2026-06-13 14:17:20,0.8528678304239401,0
279,0399,0,2026-06-13 14:17:20,0.5361596009975063,0
280,0210,0,2026-06-13 14:17:30,0.8528678304239401,0
281,0079,0,2026-06-13 15:12:00,0.4447215295095595,1
282,0079,0,2026-06-13 15:12:10,0.4447215295095595,1
283,0149,0,2026-06-13 15:32:40,0.6118038237738986,0
284,0149,0,2026-06-13 15:32:50,0.6118038237738986,0
285,0149,0,2026-06-13 15:33:00,0.6118038237738986,0
286,0149,0,2026-06-13 15:33:10,0.6118038237738986,0
287,0149,0,2026-06-13 15:33:20,0.6118038237738986,0
288,0149,0,2026-06-13 15:33:30,0.6118038237738986,0
289,0149,0,2026-06-13 15:33:40,0.6118038237738986,0
290,0149,0,2026-06-13 15:33:50,0.6118038237738986,0
291,0448,0,2026-06-13 15:33:50,0.1957605985037406,1
292,0055,0,2026-06-13 15:34:00,0.7763923524522028,0
293,0149,0,2026-06-13 15:34:00,0.6118038237738986,0
294,0448,0,2026-06-13 15:34:00,0.1957605985037406,1
295,0055,0,2026-06-13 15:34:10,0.7763923524522028,0
296,0149,0,2026-06-13 15:34:10,0.6118038237738986,0
297,0448,0,2026-06-13 15:34:10,0.1957605985037406,0
298,0485,0,2026-06-13 15:34:10,0.7763923524522028,0
299,0485,0,2026-06-13 15:34:10,0.7763923524522028,0
300,0055,0,2026-06-13 15:34:20,0.7763923524522028,0
301,0149,0,2026-06-13 15:34:20,0.6118038237738986,0
302,0321,0,2026-06-13 15:34:20,0.6354945968412302,0
303,0448,0,2026-06-13 15:34:20,0.1957605985037406,0
304,0485,0,2026-06-13 15:34:20,0.7763923524522028,0
305,0485,0,2026-06-13 15:34:20,0.7763923524522028,0
306,0055,0,2026-06-13 15:34:30,0.7763923524522028,0
307,0321,0,2026-06-13 15:34:30,0.6354945968412302,0
308,0448,0,2026-06-13 15:34:30,0.1957605985037406,0
309,0485,0,2026-06-13 15:34:30,0.7763923524522028,0
310,0485,0,2026-06-13 15:34:30,0.7763923524522028,0
311,0055,0,2026-06-13 15:34:40,0.7763923524522028,0
312,0321,0,2026-06-13 15:34:40,0.6354945968412302,0
313,0448,0,2026-06-13 15:34:40,0.1957605985037406,0
314,0485,0,2026-06-13 15:34:40,0.7763923524522028,0
315,0485,0,2026-06-13 15:34:40,0.7763923524522028,0
316,0485,0,2026-06-13 15:34:40,0.7763923524522028,0
317,0485,0,2026-06-13 15:34:40,0.7763923524522028,0
318,0043,0,2026-06-13 15:34:50,0.1957605985037406,0
319,0055,0,2026-06-13 15:34:50,0.7763923524522028,0
320,0321,0,2026-06-13 15:34:50,0.6354945968412302,0
321,0485,0,2026-06-13 15:34:50,0.7763923524522028,1
322,0485,0,2026-06-13 15:34:50,0.7763923524522028,0
323,0485,0,2026-06-13 15:34:50,0.7763923524522028,0
324,0485,0,2026-06-13 15:34:50,0.7763923524522028,0
325,0043,0,2026-06-13 15:35:00,0.1957605985037406,0
326,0055,0,2026-06-13 15:35:00,0.7763923524522028,0
327,0321,0,2026-06-13 15:35:00,0.6354945968412302,0
328,0366,0,2026-06-13 15:35:00,1.0000000000000000,0
329,0366,0,2026-06-13 15:35:00,1.0000000000000000,0
330,0485,0,2026-06-13 15:35:00,0.7763923524522028,0
331,0485,0,2026-06-13 15:35:00,0.7763923524522028,0
332,0485,0,2026-06-13 15:35:00,0.7763923524522028,0
333,0043,0,2026-06-13 15:35:10,0.1957605985037406,0
334,0055,0,2026-06-13 15:35:10,0.7763923524522028,0
335,0321,0,2026-06-13 15:35:10,0.6354945968412302,0
336,0366,0,2026-06-13 15:35:10,1.0000000000000000,0
337,0366,0,2026-06-13 15:35:10,1.0000000000000000,1
338,0485,0,2026-06-13 15:35:10,0.7763923524522028,0
339,0485,0,2026-06-13 15:35:10,0.7763923524522028,0
340,0043,0,2026-06-13 15:35:20,0.1957605985037406,0
341,0055,0,2026-06-13 15:35:20,0.7763923524522028,0
342,0366,0,2026-06-13 15:35:20,1.0000000000000000,0
343,0366,0,2026-06-13 15:35:20,1.0000000000000000,0
344,0485,0,2026-06-13 15:35:20,0.7763923524522028,0
345,0485,0,2026-06-13 15:35:20,0.7763923524522028,0
346,0043,0,2026-06-13 15:35:30,0.1957605985037406,0
347,0055,0,2026-06-13 15:35:30,0.7763923524522028,0
348,0366,0,2026-06-13 15:35:30,1.0000000000000000,0
349,0366,0,2026-06-13 15:35:30,1.0000000000000000,0
350,0366,0,2026-06-13 15:35:30,1.0000000000000000,0
351,0366,0,2026-06-13 15:35:30,1.0000000000000000,0
352,0366,0,2026-06-13 15:35:30,1.0000000000000000,0
353,0485,0,2026-06-13 15:35:30,0.7763923524522028,0
354,0485,0,2026-06-13 15:35:30,0.7763923524522028,0
355,0055,0,2026-06-13 15:35:40,0.7763923524522028,0
356,0366,0,2026-06-13 15:35:40,1.0000000000000000,0
357,0366,0,2026-06-13 15:35:40,1.0000000000000000,0
358,0366,0,2026-06-13 15:35:40,1.0000000000000000,0
359,0366,0,2026-06-13 15:35:40,1.0000000000000000,0
360,0366,0,2026-06-13 15:35:40,1.0000000000000000,0
361,0366,0,2026-06-13 15:35:40,1.0000000000000000,0
362,0055,0,2026-06-13 15:35:50,0.7763923524522028,0
363,0366,0,2026-06-13 15:35:50,1.0000000000000000,0
364,0366,0,2026-06-13 15:35:50,1.0000000000000000,0
365,0366,0,2026-06-13 15:35:50,1.0000000000000000,0
366,0366,0,2026-06-13 15:35:50,1.0000000000000000,0
367,0366,0,2026-06-13 15:35:50,1.0000000000000000,0
368,0366,0,2026-06-13 15:35:50,1.0000000000000000,0
369,0366,0,2026-06-13 15:35:50,1.0000000000000000,0
370,0432,0,2026-06-13 15:35:50,1.0000000000000000,0
371,0432,0,2026-06-13 15:35:50,1.0000000000000000,0
372,0432,0,2026-06-13 15:35:50,1.0000000000000000,0
373,0432,0,2026-06-13 15:35:50,1.0000000000000000,0
374,0432,0,2026-06-13 15:35:50,1.0000000000000000,0
375,0171,0,2026-06-13 15:36:00,0.0544472152950956,0
376,0366,0,2026-06-13 15:36:00,1.0000000000000000,0
377,0366,0,2026-06-13 15:36:00,1.0000000000000000,0
378,0366,0,2026-06-13 15:36:00,1.0000000000000000,0
379,0366,0,2026-06-13 15:36:00,1.0000000000000000,0
380,0366,0,2026-06-13 15:36:00,1.0000000000000000,0
381,0366,0,2026-06-13 15:36:00,1.0000000000000000,0
382,0432,0,2026-06-13 15:36:00,1.0000000000000000,0
383,0432,0,2026-06-13 15:36:00,1.0000000000000000,0
384,0432,0,2026-06-13 15:36:00,1.0000000000000000,0
385,0432,0,2026-06-13 15:36:00,1.0000000000000000,0
386,0171,0,2026-06-13 15:36:10,0.0544472152950956,0
387,0366,0,2026-06-13 15:36:10,1.0000000000000000,0
388,0366,0,2026-06-13 15:36:10,1.0000000000000000,0
389,0366,0,2026-06-13 15:36:10,1.0000000000000000,0
390,0366,0,2026-06-13 15:36:10,1.0000000000000000,0
391,0432,0,2026-06-13 15:36:10,1.0000000000000000,0
392,0432,0,2026-06-13 15:36:10,1.0000000000000000,0
393,0171,0,2026-06-13 15:36:20,0.0544472152950956,0
394,0366,0,2026-06-13 15:36:20,1.0000000000000000,0
395,0366,0,2026-06-13 15:36:20,1.0000000000000000,0
396,0432,0,2026-06-13 15:36:20,1.0000000000000000,0
397,0432,0,2026-06-13 15:36:20,1.0000000000000000,0
398,0432,0,2026-06-13 15:36:20,1.0000000000000000,0
399,0432,0,2026-06-13 15:36:20,1.0000000000000000,0
400,0171,0,2026-06-13 15:36:30,0.0544472152950956,0
401,0366,0,2026-06-13 15:36:30,1.0000000000000000,0
402,0366,0,2026-06-13 15:36:30,1.0000000000000000,0
403,0432,0,2026-06-13 15:36:30,1.0000000000000000,0
404,0432,0,2026-06-13 15:36:30,1.0000000000000000,0
405,0432,0,2026-06-13 15:36:30,1.0000000000000000,0
406,0432,0,2026-06-13 15:36:30,1.0000000000000000,0
407,0171,0,2026-06-13 15:36:40,0.0544472152950956,0
408,0366,0,2026-06-13 15:36:40,1.0000000000000000,0
409,0366,0,2026-06-13 15:36:40,1.0000000000000000,0
410,0432,0,2026-06-13 15:36:40,1.0000000000000000,0
411,0432,0,2026-06-13 15:36:40,1.0000000000000000,0
412,0432,0,2026-06-13 15:36:40,1.0000000000000000,0
413,0432,0,2026-06-13 15:36:40,1.0000000000000000,0
414,0171,0,2026-06-13 15:36:50,0.0544472152950956,0
415,0432,0,2026-06-13 15:36:50,1.0000000000000000,0
416,0432,0,2026-06-13 15:36:50,1.0000000000000000,0
417,0432,0,2026-06-13 15:36:50,1.0000000000000000,0
418,0432,0,2026-06-13 15:36:50,1.0000000000000000,0
419,0171,0,2026-06-13 15:37:00,0.0544472152950956,0
420,0422,0,2026-06-13 15:37:00,0.2930174563591023,0
421,0432,0,2026-06-13 15:37:00,1.0000000000000000,0
422,0432,0,2026-06-13 15:37:00,1.0000000000000000,0
423,0171,0,2026-06-13 15:37:10,0.0544472152950956,0
424,0422,0,2026-06-13 15:37:10,0.2930174563591023,0
425,0432,0,2026-06-13 15:37:10,1.0000000000000000,0
426,0432,0,2026-06-13 15:37:10,1.0000000000000000,0
427,0171,0,2026-06-13 15:37:20,0.0544472152950956,0
428,0422,0,2026-06-13 15:37:20,0.2930174563591023,0
429,0432,0,2026-06-13 15:37:20,1.0000000000000000,0
430,0432,0,2026-06-13 15:37:20,1.0000000000000000,0
431,0432,0,2026-06-13 15:37:20,1.0000000000000000,0
432,0422,0,2026-06-13 15:37:30,0.2930174563591023,0
433,0422,0,2026-06-13 15:37:40,0.2930174563591023,0
434,0427,0,2026-06-13 15:37:40,0.1030756442227764,1
435,0422,0,2026-06-13 15:37:50,0.2930174563591023,0
436,0427,0,2026-06-13 15:37:50,0.1030756442227764,0
437,0422,0,2026-06-13 15:38:00,0.2930174563591023,0
438,0427,0,2026-06-13 15:38:00,0.1030756442227764,0
439,0422,0,2026-06-13 15:38:10,0.2930174563591023,0
440,0427,0,2026-06-13 15:38:10,0.1030756442227764,0
441,0422,0,2026-06-13 15:38:20,0.2930174563591023,0
442,0427,0,2026-06-13 15:38:20,0.1030756442227764,1
443,0422,0,2026-06-13 15:38:30,0.2930174563591023,0
444,0427,0,2026-06-13 15:38:30,0.1030756442227764,0
445,0422,0,2026-06-13 15:38:40,0.2930174563591023,1
446,0427,0,2026-06-13 15:38:40,0.1030756442227764,0
447,0422,0,2026-06-13 15:38:50,0.2930174563591023,0
448,0427,0,2026-06-13 15:38:50,0.1030756442227764,0
449,0427,0,2026-06-13 15:39:00,0.1030756442227764,0
450,0427,0,2026-06-13 15:39:10,0.1030756442227764,0
451,0427,0,2026-06-13 15:39:20,0.1030756442227764,0
452,0454,0,2026-06-13 15:39:20,1.0000000000000000,0
453,0427,0,2026-06-13 15:39:30,0.1030756442227764,0
454,0454,0,2026-06-13 15:39:30,1.0000000000000000,0
455,0454,0,2026-06-13 15:39:40,1.0000000000000000,1
456,0454,0,2026-06-13 15:39:50,1.0000000000000000,0
457,0454,0,2026-06-13 15:40:00,1.0000000000000000,0
458,0454,0,2026-06-13 15:40:10,1.0000000000000000,0
459,0454,0,2026-06-13 15:40:20,1.0000000000000000,0
460,0454,0,2026-06-13 15:40:30,1.0000000000000000,0
461,0130,0,2026-06-13 15:41:20,0.0544472152950956,0
462,0130,0,2026-06-13 15:41:30,0.0544472152950956,0
463,0130,0,2026-06-13 15:41:40,0.0544472152950956,0
464,0130,0,2026-06-13 15:41:50,0.0544472152950956,0
465,0130,0,2026-06-13 15:42:00,0.0544472152950956,1
466,0130,0,2026-06-13 15:42:10,0.0544472152950956,0
467,0130,0,2026-06-13 15:42:20,0.0544472152950956,0
468,0130,0,2026-06-13 15:42:30,0.0544472152950956,0
469,0010,0,2026-06-13 15:42:40,0.2930174563591023,0
470,0010,0,2026-06-13 15:42:50,0.2930174563591023,0
471,0010,0,2026-06-13 15:43:00,0.2930174563591023,0
472,0010,0,2026-06-13 15:43:10,0.2930174563591023,1
473,0010,0,2026-06-13 15:43:20,0.2930174563591023,0
474,0010,0,2026-06-13 15:43:30,0.2930174563591023,0
475,0010,0,2026-06-13 15:43:40,0.2930174563591023,0
476,0010,0,2026-06-13 15:43:50,0.2930174563591023,0
477,0010,0,2026-06-13 15:44:00,0.2930174563591023,0
478,0010,0,2026-06-13 15:44:10,0.2930174563591023,0
479,0010,0,2026-06-13 15:44:20,0.2930174563591023,0
480,0010,0,2026-06-13 15:44:30,0.2930174563591023,0
481,0263,0,2026-06-13 17:13:00,0.2930174563591023,0
482,0263,0,2026-06-13 17:13:10,0.2930174563591023,0
483,0263,0,2026-06-13 17:13:20,0.2930174563591023,0
484,0333,0,2026-06-13 17:13:20,0.5897755610972568,0
485,0263,0,2026-06-13 17:13:30,0.2930174563591023,0
486,0333,0,2026-06-13 17:13:30,0.5897755610972568,0
487,0263,0,2026-06-13 17:13:40,0.2930174563591023,0
488,0333,0,2026-06-13 17:13:40,0.5897755610972568,0
489,0263,0,2026-06-13 17:13:50,0.2930174563591023,0
490,0333,0,2026-06-13 17:13:50,0.5897755610972568,0
491,0263,0,2026-06-13 17:14:00,0.2930174563591023,0
492,0333,0,2026-06-13 17:14:00,0.5897755610972568,0
493,0263,0,2026-06-13 17:14:10,0.2930174563591023,0
494,0333,0,2026-06-13 17:14:10,0.5897755610972568,0
495,0263,0,2026-06-13 17:14:20,0.2930174563591023,0
496,0333,0,2026-06-13 17:14:20,0.5897755610972568,0
497,0263,0,2026-06-13 17:14:30,0.2930174563591023,0
498,0333,0,2026-06-13 17:14:30,0.5897755610972568,0
499,0263,0,2026-06-13 17:14:40,0.2930174563591023,0
500,0333,0,2026-06-13 17:14:40,0.5897755610972568,0
501,0333,0,2026-06-13 17:14:50,0.5897755610972568,0
502,0214,0,2026-06-13 17:15:10,0.6354945968412302,1
503,0214,0,2026-06-13 17:15:20,0.6354945968412302,0
504,0214,0,2026-06-13 17:15:30,0.6354945968412302,0
505,0214,0,2026-06-13 17:15:40,0.6354945968412302,0
506,0214,0,2026-06-13 17:15:50,0.6354945968412302,0
507,0214,0,2026-06-13 17:16:00,0.6354945968412302,0
508,0214,0,2026-06-13 17:16:10,0.6354945968412302,0
509,0214,0,2026-06-13 17:16:20,0.6354945968412302,0
510,0214,0,2026-06-13 17:16:30,0.6354945968412302,0
511,0283,0,2026-06-13 17:16:30,0.7763923524522028,0
512,0283,0,2026-06-13 17:16:30,0.7763923524522028,0
513,0214,0,2026-06-13 17:16:40,0.6354945968412302,0
514,0283,0,2026-06-13 17:16:40,0.7763923524522028,0
515,0283,0,2026-06-13 17:16:40,0.7763923524522028,0
516,0283,0,2026-06-13 17:16:50,0.7763923524522028,0
517,0283,0,2026-06-13 17:16:50,0.7763923524522028,0
518,0283,0,2026-06-13 17:16:50,0.7763923524522028,0
519,0283,0,2026-06-13 17:17:00,0.7763923524522028,0
520,0283,0,2026-06-13 17:17:00,0.7763923524522028,0
521,0283,0,2026-06-13 17:17:00,0.7763923524522028,0
522,0283,0,2026-06-13 17:17:00,0.7763923524522028,0
523,0075,0,2026-06-13 17:17:10,0.8528678304239401,0
524,0283,0,2026-06-13 17:17:10,0.7763923524522028,0
525,0283,0,2026-06-13 17:17:10,0.7763923524522028,0
526,0283,0,2026-06-13 17:17:10,0.7763923524522028,0
527,0075,0,2026-06-13 17:17:20,0.8528678304239401,0
528,0283,0,2026-06-13 17:17:20,0.7763923524522028,0
529,0283,0,2026-06-13 17:17:20,0.7763923524522028,0
530,0283,0,2026-06-13 17:17:20,0.7763923524522028,0
531,0283,0,2026-06-13 17:17:20,0.7763923524522028,0
532,0075,0,2026-06-13 17:17:30,0.8528678304239401,0
533,0283,0,2026-06-13 17:17:30,0.7763923524522028,0
534,0283,0,2026-06-13 17:17:30,0.7763923524522028,0
535,0283,0,2026-06-13 17:17:30,0.7763923524522028,0
536,0283,0,2026-06-13 17:17:30,0.7763923524522028,0
537,0075,0,2026-06-13 17:17:40,0.8528678304239401,0
538,0283,0,2026-06-13 17:17:40,0.7763923524522028,0
539,0283,0,2026-06-13 17:17:40,0.7763923524522028,0
540,0283,0,2026-06-13 17:17:40,0.7763923524522028,0
541,0283,0,2026-06-13 17:17:40,0.7763923524522028,0
542,0075,0,2026-06-13 17:17:50,0.8528678304239401,0
543,0283,0,2026-06-13 17:17:50,0.7763923524522028,0
544,0283,0,2026-06-13 17:17:50,0.7763923524522028,0
545,0283,0,2026-06-13 17:17:50,0.7763923524522028,0
546,0283,0,2026-06-13 17:17:50,0.7763923524522028,0
547,0075,0,2026-06-13 17:18:00,0.8528678304239401,0
548,0283,0,2026-06-13 17:18:00,0.7763923524522028,0
549,0283,0,2026-06-13 17:18:00,0.7763923524522028,0
550,0075,0,2026-06-13 17:18:10,0.8528678304239401,0
551,0283,0,2026-06-13 17:18:10,0.7763923524522028,0
552,0283,0,2026-06-13 17:18:10,0.7763923524522028,0
553,0283,0,2026-06-13 17:18:20,0.7763923524522028,0
554,0283,0,2026-06-13 17:18:20,0.7763923524522028,0
555,0018,0,2026-06-13 18:30:50,0.5897755610972568,0
556,0018,0,2026-06-13 18:31:00,0.5897755610972568,0
557,0018,0,2026-06-13 18:31:10,0.5897755610972568,0
558,0018,0,2026-06-13 18:31:20,0.5897755610972568,0
559,0018,0,2026-06-13 18:31:30,0.5897755610972568,0
560,0018,0,2026-06-13 18:31:40,0.5897755610972568,0
561,0018,0,2026-06-13 18:31:50,0.5897755610972568,0
562,0018,0,2026-06-13 18:32:00,0.5897755610972568,0
563,0018,0,2026-06-13 18:32:10,0.5897755610972568,0
564,0018,0,2026-06-13 18:32:20,0.5897755610972568,0
565,0018,0,2026-06-13 18:32:30,0.5897755610972568,0
566,0018,0,2026-06-13 18:32:40,0.5897755610972568,0
567,0284,0,2026-06-13 18:49:40,0.8528678304239401,0
568,0284,0,2026-06-13 18:49:50,0.8528678304239401,0
569,0284,0,2026-06-13 18:50:00,0.8528678304239401,0
570,0284,0,2026-06-13 18:50:10,0.8528678304239401,0
571,0284,0,2026-06-13 18:50:20,0.8528678304239401,0
572,0362,0,2026-06-13 18:50:20,0.7763923524522028,0
573,0284,0,2026-06-13 18:50:30,0.8528678304239401,0
574,0362,0,2026-06-13 18:50:30,0.7763923524522028,0
575,0284,0,2026-06-13 18:50:40,0.8528678304239401,0
576,0362,0,2026-06-13 18:50:40,0.7763923524522028,0
577,0284,0,2026-06-13 18:50:50,0.8528678304239401,0
578,0362,0,2026-06-13 18:50:50,0.7763923524522028,0
579,0284,0,2026-06-13 18:51:00,0.8528678304239401,1
580,0362,0,2026-06-13 18:51:00,0.7763923524522028,0
581,0284,0,2026-06-13 18:51:10,0.8528678304239401,0
582,0362,0,2026-06-13 18:51:10,0.7763923524522028,0
583,0362,0,2026-06-13 18:51:20,0.7763923524522028,0
584,0362,0,2026-06-13 18:51:30,0.7763923524522028,0
585,0362,0,2026-06-13 18:51:40,0.7763923524522028,0
586,0362,0,2026-06-13 18:51:50,0.7763923524522028,0
587,0362,0,2026-06-13 18:52:00,0.7763923524522028,1
588,0167,1,2026-06-13 10:29:30,0.4447215295095595,0
589,0167,1,2026-06-13 10:29:40,0.4447215295095595,0
590,0167,1,2026-06-13 10:29:50,0.4447215295095595,0
591,0194,1,2026-06-13 10:29:50,0.5361596009975063,0
592,0391,1,2026-06-13 10:29:50,0.1957605985037406,1
593,0167,1,2026-06-13 10:30:00,0.4447215295095595,0
594,0194,1,2026-06-13 10:30:00,0.5361596009975063,0
595,0391,1,2026-06-13 10:30:00,0.1957605985037406,0
596,0167,1,2026-06-13 10:30:10,0.4447215295095595,0
597,0194,1,2026-06-13 10:30:10,0.5361596009975063,0
598,0391,1,2026-06-13 10:30:10,0.1957605985037406,0
599,0167,1,2026-06-13 10:30:20,0.4447215295095595,0
600,0194,1,2026-06-13 10:30:20,0.5361596009975063,0
601,0391,1,2026-06-13 10:30:20,0.1957605985037406,0
602,0167,1,2026-06-13 10:30:30,0.4447215295095595,0
603,0194,1,2026-06-13 10:30:30,0.5361596009975063,0
604,0391,1,2026-06-13 10:30:30,0.1957605985037406,0
605,0167,1,2026-06-13 10:30:40,0.4447215295095595,0
606,0194,1,2026-06-13 10:30:40,0.5361596009975063,0
607,0391,1,2026-06-13 10:30:40,0.1957605985037406,0
608,0167,1,2026-06-13 10:30:50,0.4447215295095595,0
609,0194,1,2026-06-13 10:30:50,0.5361596009975063,0
610,0391,1,2026-06-13 10:30:50,0.1957605985037406,0
611,0167,1,2026-06-13 10:31:00,0.4447215295095595,0
612,0194,1,2026-06-13 10:31:00,0.5361596009975063,0
613,0391,1,2026-06-13 10:31:00,0.1957605985037406,0
614,0167,1,2026-06-13 10:31:10,0.4447215295095595,0
615,0194,1,2026-06-13 10:31:10,0.5361596009975063,0
616,0391,1,2026-06-13 10:31:10,0.1957605985037406,0
617,0194,1,2026-06-13 10:31:20,0.5361596009975063,0
618,0391,1,2026-06-13 10:31:20,0.1957605985037406,0
619,0194,1,2026-06-13 10:31:30,0.5361596009975063,0
620,0391,1,2026-06-13 10:31:30,0.1957605985037406,0
621,0194,1,2026-06-13 10:31:40,0.5361596009975063,0
622,0391,1,2026-06-13 10:31:40,0.1957605985037406,0
623,0114,1,2026-06-13 10:33:20,0.1030756442227764,0
624,0114,1,2026-06-13 10:33:30,0.1030756442227764,1
625,0114,1,2026-06-13 10:33:40,0.1030756442227764,1
626,0114,1,2026-06-13 10:33:50,0.1030756442227764,0
627,0114,1,2026-06-13 10:34:00,0.1030756442227764,0
628,0114,1,2026-06-13 10:34:10,0.1030756442227764,0
629,0114,1,2026-06-13 10:34:20,0.1030756442227764,0
630,0311,1,2026-06-13 10:34:20,0.5361596009975063,0
631,0311,1,2026-06-13 10:34:20,0.5361596009975063,0
632,0311,1,2026-06-13 10:34:20,0.5361596009975063,0
633,0311,1,2026-06-13 10:34:20,0.5361596009975063,0
634,0311,1,2026-06-13 10:34:20,0.5361596009975063,0
635,0357,1,2026-06-13 10:34:20,0.1957605985037406,0
636,0357,1,2026-06-13 10:34:20,0.1957605985037406,0
637,0357,1,2026-06-13 10:34:20,0.1957605985037406,0
638,0357,1,2026-06-13 10:34:20,0.1957605985037406,0
639,0357,1,2026-06-13 10:34:20,0.1957605985037406,0
640,0357,1,2026-06-13 10:34:20,0.1957605985037406,0
641,0357,1,2026-06-13 10:34:20,0.1957605985037406,0
642,0114,1,2026-06-13 10:34:30,0.1030756442227764,0
643,0311,1,2026-06-13 10:34:30,0.5361596009975063,0
644,0311,1,2026-06-13 10:34:30,0.5361596009975063,0
645,0311,1,2026-06-13 10:34:30,0.5361596009975063,0
646,0311,1,2026-06-13 10:34:30,0.5361596009975063,0
647,0311,1,2026-06-13 10:34:30,0.5361596009975063,0
648,0311,1,2026-06-13 10:34:30,0.5361596009975063,0
649,0357,1,2026-06-13 10:34:30,0.1957605985037406,0
650,0357,1,2026-06-13 10:34:30,0.1957605985037406,0
651,0357,1,2026-06-13 10:34:30,0.1957605985037406,0
652,0357,1,2026-06-13 10:34:30,0.1957605985037406,0
653,0357,1,2026-06-13 10:34:30,0.1957605985037406,0
654,0357,1,2026-06-13 10:34:30,0.1957605985037406,0
655,0114,1,2026-06-13 10:34:40,0.1030756442227764,0
656,0311,1,2026-06-13 10:34:40,0.5361596009975063,0
657,0311,1,2026-06-13 10:34:40,0.5361596009975063,0
658,0311,1,2026-06-13 10:34:40,0.5361596009975063,0
659,0311,1,2026-06-13 10:34:40,0.5361596009975063,0
660,0311,1,2026-06-13 10:34:40,0.5361596009975063,0
661,0357,1,2026-06-13 10:34:40,0.1957605985037406,0
662,0357,1,2026-06-13 10:34:40,0.1957605985037406,0
663,0357,1,2026-06-13 10:34:40,0.1957605985037406,0
664,0357,1,2026-06-13 10:34:40,0.1957605985037406,0
665,0357,1,2026-06-13 10:34:40,0.1957605985037406,0
666,0493,1,2026-06-13 10:34:40,0.4447215295095595,0
667,0114,1,2026-06-13 10:34:50,0.1030756442227764,0
668,0311,1,2026-06-13 10:34:50,0.5361596009975063,0
669,0311,1,2026-06-13 10:34:50,0.5361596009975063,0
670,0311,1,2026-06-13 10:34:50,0.5361596009975063,0
671,0311,1,2026-06-13 10:34:50,0.5361596009975063,0
672,0311,1,2026-06-13 10:34:50,0.5361596009975063,0
673,0357,1,2026-06-13 10:34:50,0.1957605985037406,0
674,0357,1,2026-06-13 10:34:50,0.1957605985037406,0
675,0357,1,2026-06-13 10:34:50,0.1957605985037406,0
676,0357,1,2026-06-13 10:34:50,0.1957605985037406,0
677,0357,1,2026-06-13 10:34:50,0.1957605985037406,0
678,0493,1,2026-06-13 10:34:50,0.4447215295095595,0
679,0311,1,2026-06-13 10:35:00,0.5361596009975063,0
680,0311,1,2026-06-13 10:35:00,0.5361596009975063,0
681,0311,1,2026-06-13 10:35:00,0.5361596009975063,0
682,0311,1,2026-06-13 10:35:00,0.5361596009975063,0
683,0311,1,2026-06-13 10:35:00,0.5361596009975063,0
684,0357,1,2026-06-13 10:35:00,0.1957605985037406,0
685,0357,1,2026-06-13 10:35:00,0.1957605985037406,0
686,0357,1,2026-06-13 10:35:00,0.1957605985037406,0
687,0357,1,2026-06-13 10:35:00,0.1957605985037406,0
688,0493,1,2026-06-13 10:35:00,0.4447215295095595,0
689,0311,1,2026-06-13 10:35:10,0.5361596009975063,0
690,0311,1,2026-06-13 10:35:10,0.5361596009975063,0
691,0311,1,2026-06-13 10:35:10,0.5361596009975063,0
692,0311,1,2026-06-13 10:35:10,0.5361596009975063,0
693,0357,1,2026-06-13 10:35:10,0.1957605985037406,0
694,0357,1,2026-06-13 10:35:10,0.1957605985037406,0
695,0357,1,2026-06-13 10:35:10,0.1957605985037406,0
696,0357,1,2026-06-13 10:35:10,0.1957605985037406,0
697,0493,1,2026-06-13 10:35:10,0.4447215295095595,0
698,0311,1,2026-06-13 10:35:20,0.5361596009975063,0
699,0311,1,2026-06-13 10:35:20,0.5361596009975063,0
700,0311,1,2026-06-13 10:35:20,0.5361596009975063,0
701,0311,1,2026-06-13 10:35:20,0.5361596009975063,0
702,0357,1,2026-06-13 10:35:20,0.1957605985037406,0
703,0357,1,2026-06-13 10:35:20,0.1957605985037406,0
704,0357,1,2026-06-13 10:35:20,0.1957605985037406,0
705,0357,1,2026-06-13 10:35:20,0.1957605985037406,0
706,0493,1,2026-06-13 10:35:20,0.4447215295095595,0
707,0311,1,2026-06-13 10:35:30,0.5361596009975063,0
708,0311,1,2026-06-13 10:35:30,0.5361596009975063,0
709,0311,1,2026-06-13 10:35:30,0.5361596009975063,0
710,0311,1,2026-06-13 10:35:30,0.5361596009975063,0
711,0357,1,2026-06-13 10:35:30,0.1957605985037406,0
712,0357,1,2026-06-13 10:35:30,0.1957605985037406,0
713,0357,1,2026-06-13 10:35:30,0.1957605985037406,0
714,0357,1,2026-06-13 10:35:30,0.1957605985037406,0
715,0493,1,2026-06-13 10:35:30,0.4447215295095595,0
716,0311,1,2026-06-13 10:35:40,0.5361596009975063,0
717,0311,1,2026-06-13 10:35:40,0.5361596009975063,0
718,0311,1,2026-06-13 10:35:40,0.5361596009975063,0
719,0311,1,2026-06-13 10:35:40,0.5361596009975063,0
720,0311,1,2026-06-13 10:35:40,0.5361596009975063,0
721,0357,1,2026-06-13 10:35:40,0.1957605985037406,0
722,0357,1,2026-06-13 10:35:40,0.1957605985037406,0
723,0357,1,2026-06-13 10:35:40,0.1957605985037406,0
724,0357,1,2026-06-13 10:35:40,0.1957605985037406,0
725,0357,1,2026-06-13 10:35:40,0.1957605985037406,0
726,0493,1,2026-06-13 10:35:40,0.4447215295095595,0
727,0311,1,2026-06-13 10:35:50,0.5361596009975063,0
728,0311,1,2026-06-13 10:35:50,0.5361596009975063,0
729,0311,1,2026-06-13 10:35:50,0.5361596009975063,0
730,0311,1,2026-06-13 10:35:50,0.5361596009975063,0
731,0357,1,2026-06-13 10:35:50,0.1957605985037406,0
732,0357,1,2026-06-13 10:35:50,0.1957605985037406,0
733,0357,1,2026-06-13 10:35:50,0.1957605985037406,0
734,0357,1,2026-06-13 10:35:50,0.1957605985037406,0
735,0493,1,2026-06-13 10:35:50,0.4447215295095595,1
736,0311,1,2026-06-13 10:36:00,0.5361596009975063,0
737,0311,1,2026-06-13 10:36:00,0.5361596009975063,0
738,0311,1,2026-06-13 10:36:00,0.5361596009975063,0
739,0311,1,2026-06-13 10:36:00,0.5361596009975063,0
740,0493,1,2026-06-13 10:36:00,0.4447215295095595,0
741,0496,1,2026-06-13 10:36:00,0.1030756442227764,0
742,0066,1,2026-06-13 10:36:10,0.3304239401496259,0
743,0311,1,2026-06-13 10:36:10,0.5361596009975063,0
744,0311,1,2026-06-13 10:36:10,0.5361596009975063,0
745,0311,1,2026-06-13 10:36:10,0.5361596009975063,0
746,0496,1,2026-06-13 10:36:10,0.1030756442227764,0
747,0066,1,2026-06-13 10:36:20,0.3304239401496259,0
748,0496,1,2026-06-13 10:36:20,0.1030756442227764,0
749,0066,1,2026-06-13 10:36:30,0.3304239401496259,0
750,0496,1,2026-06-13 10:36:30,0.1030756442227764,0
751,0066,1,2026-06-13 10:36:40,0.3304239401496259,0
752,0496,1,2026-06-13 10:36:40,0.1030756442227764,0
753,0066,1,2026-06-13 10:36:50,0.3304239401496259,0
754,0496,1,2026-06-13 10:36:50,0.1030756442227764,0
755,0066,1,2026-06-13 10:37:00,0.3304239401496259,0
756,0496,1,2026-06-13 10:37:00,0.1030756442227764,0
757,0066,1,2026-06-13 10:37:10,0.3304239401496259,0
758,0496,1,2026-06-13 10:37:10,0.1030756442227764,0
759,0066,1,2026-06-13 10:37:20,0.3304239401496259,0
760,0496,1,2026-06-13 10:37:20,0.1030756442227764,0
761,0066,1,2026-06-13 10:37:30,0.3304239401496259,0
762,0496,1,2026-06-13 10:37:30,0.1030756442227764,0
763,0066,1,2026-06-13 10:37:40,0.3304239401496259,0
764,0496,1,2026-06-13 10:37:40,0.1030756442227764,0
765,0066,1,2026-06-13 10:37:50,0.3304239401496259,0
766,0066,1,2026-06-13 10:38:00,0.3304239401496259,0
767,0212,1,2026-06-13 10:41:10,0.8528678304239401,1
768,0212,1,2026-06-13 10:41:20,0.8528678304239401,0
769,0212,1,2026-06-13 10:41:30,0.8528678304239401,0
770,0212,1,2026-06-13 10:41:40,0.8528678304239401,0
771,0212,1,2026-06-13 10:41:50,0.8528678304239401,0
772,0212,1,2026-06-13 10:42:00,0.8528678304239401,0
773,0404,1,2026-06-13 10:42:00,0.4447215295095595,0
774,0404,1,2026-06-13 10:42:00,0.4447215295095595,0
775,0212,1,2026-06-13 10:42:10,0.8528678304239401,0
776,0404,1,2026-06-13 10:42:10,0.4447215295095595,0
777,0404,1,2026-06-13 10:42:20,0.4447215295095595,0
778,0404,1,2026-06-13 10:42:30,0.4447215295095595,0
779,0404,1,2026-06-13 10:42:30,0.4447215295095595,0
780,0404,1,2026-06-13 10:42:40,0.4447215295095595,0
781,0404,1,2026-06-13 10:42:40,0.4447215295095595,0
782,0404,1,2026-06-13 10:42:50,0.4447215295095595,0
783,0404,1,2026-06-13 10:42:50,0.4447215295095595,0
784,0404,1,2026-06-13 10:43:00,0.4447215295095595,0
785,0404,1,2026-06-13 10:43:00,0.4447215295095595,0
786,0404,1,2026-06-13 10:43:10,0.4447215295095595,0
787,0404,1,2026-06-13 10:43:10,0.4447215295095595,1
788,0404,1,2026-06-13 10:43:20,0.4447215295095595,0
789,0404,1,2026-06-13 10:43:30,0.4447215295095595,0
790,0404,1,2026-06-13 10:43:40,0.4447215295095595,1
791,0404,1,2026-06-13 10:43:40,0.4447215295095595,0
792,0381,1,2026-06-13 12:24:50,1.0000000000000000,0
793,0381,1,2026-06-13 12:25:00,1.0000000000000000,0
794,0381,1,2026-06-13 12:25:10,1.0000000000000000,0
795,0381,1,2026-06-13 12:25:20,1.0000000000000000,0
796,0381,1,2026-06-13 12:25:30,1.0000000000000000,0
797,0381,1,2026-06-13 12:25:40,1.0000000000000000,0
798,0381,1,2026-06-13 12:25:50,1.0000000000000000,0
799,0381,1,2026-06-13 12:26:00,1.0000000000000000,0
800,0381,1,2026-06-13 12:26:10,1.0000000000000000,0
801,0381,1,2026-06-13 12:26:20,1.0000000000000000,0
802,0381,1,2026-06-13 12:26:30,1.0000000000000000,0
803,0132,1,2026-06-13 12:28:50,0.4447215295095595,0
804,0106,1,2026-06-13 12:29:00,0.2930174563591023,0
805,0132,1,2026-06-13 12:29:00,0.4447215295095595,0
806,0106,1,2026-06-13 12:29:10,0.2930174563591023,0
807,0132,1,2026-06-13 12:29:10,0.4447215295095595,0
808,0106,1,2026-06-13 12:29:20,0.2930174563591023,0
809,0132,1,2026-06-13 12:29:20,0.4447215295095595,0
810,0106,1,2026-06-13 12:29:30,0.2930174563591023,0
811,0132,1,2026-06-13 12:29:30,0.4447215295095595,0
812,0106,1,2026-06-13 12:29:40,0.2930174563591023,0
813,0132,1,2026-06-13 12:29:40,0.4447215295095595,0
814,0287,1,2026-06-13 12:29:40,0.2930174563591023,0
815,0106,1,2026-06-13 12:29:50,0.2930174563591023,0
816,0132,1,2026-06-13 12:29:50,0.4447215295095595,0
817,0287,1,2026-06-13 12:29:50,0.2930174563591023,0
818,0106,1,2026-06-13 12:30:00,0.2930174563591023,0
819,0132,1,2026-06-13 12:30:00,0.4447215295095595,0
820,0258,1,2026-06-13 12:30:00,0.3304239401496259,0
821,0287,1,2026-06-13 12:30:00,0.2930174563591023,0
822,0106,1,2026-06-13 12:30:10,0.2930174563591023,0
823,0132,1,2026-06-13 12:30:10,0.4447215295095595,0
824,0258,1,2026-06-13 12:30:10,0.3304239401496259,1
825,0287,1,2026-06-13 12:30:10,0.2930174563591023,0
826,0106,1,2026-06-13 12:30:20,0.2930174563591023,0
827,0132,1,2026-06-13 12:30:20,0.4447215295095595,0
828,0258,1,2026-06-13 12:30:20,0.3304239401496259,0
829,0287,1,2026-06-13 12:30:20,0.2930174563591023,0
830,0106,1,2026-06-13 12:30:30,0.2930174563591023,0
831,0132,1,2026-06-13 12:30:30,0.4447215295095595,0
832,0258,1,2026-06-13 12:30:30,0.3304239401496259,0
833,0287,1,2026-06-13 12:30:30,0.2930174563591023,0
834,0106,1,2026-06-13 12:30:40,0.2930174563591023,0
835,0258,1,2026-06-13 12:30:40,0.3304239401496259,0
836,0287,1,2026-06-13 12:30:40,0.2930174563591023,0
837,0106,1,2026-06-13 12:30:50,0.2930174563591023,0
838,0258,1,2026-06-13 12:30:50,0.3304239401496259,0
839,0287,1,2026-06-13 12:30:50,0.2930174563591023,0
840,0258,1,2026-06-13 12:31:00,0.3304239401496259,0
841,0287,1,2026-06-13 12:31:00,0.2930174563591023,0
842,0258,1,2026-06-13 12:31:10,0.3304239401496259,1
843,0287,1,2026-06-13 12:31:10,0.2930174563591023,0
844,0258,1,2026-06-13 12:31:20,0.3304239401496259,0
845,0491,1,2026-06-13 12:31:40,0.3304239401496259,0
846,0491,1,2026-06-13 12:31:50,0.3304239401496259,1
847,0491,1,2026-06-13 12:32:00,0.3304239401496259,0
848,0491,1,2026-06-13 12:32:10,0.3304239401496259,0
849,0491,1,2026-06-13 12:32:20,0.3304239401496259,0
850,0491,1,2026-06-13 12:32:30,0.3304239401496259,0
851,0491,1,2026-06-13 12:32:40,0.3304239401496259,0
852,0210,1,2026-06-13 14:11:10,0.8528678304239401,0
853,0210,1,2026-06-13 14:11:20,0.8528678304239401,0
854,0210,1,2026-06-13 14:11:30,0.8528678304239401,0
855,0399,1,2026-06-13 14:11:30,0.5361596009975063,1
856,0210,1,2026-06-13 14:11:40,0.8528678304239401,0
857,0399,1,2026-06-13 14:11:40,0.5361596009975063,0
858,0210,1,2026-06-13 14:11:50,0.8528678304239401,0
859,0399,1,2026-06-13 14:11:50,0.5361596009975063,0
860,0210,1,2026-06-13 14:12:00,0.8528678304239401,0
861,0399,1,2026-06-13 14:12:00,0.5361596009975063,0
862,0210,1,2026-06-13 14:12:10,0.8528678304239401,0
863,0399,1,2026-06-13 14:12:10,0.5361596009975063,0
864,0210,1,2026-06-13 14:12:20,0.8528678304239401,0
865,0210,1,2026-06-13 14:12:30,0.8528678304239401,0
866,0210,1,2026-06-13 14:12:40,0.8528678304239401,0
867,0210,1,2026-06-13 14:12:50,0.8528678304239401,0
868,0079,1,2026-06-13 15:07:10,0.4447215295095595,0
869,0079,1,2026-06-13 15:07:20,0.4447215295095595,0
870,0079,1,2026-06-13 15:07:30,0.4447215295095595,0
871,0079,1,2026-06-13 15:07:40,0.4447215295095595,0
872,0079,1,2026-06-13 15:07:50,0.4447215295095595,0
873,0079,1,2026-06-13 15:08:00,0.4447215295095595,0
874,0079,1,2026-06-13 15:08:10,0.4447215295095595,0
875,0079,1,2026-06-13 15:08:20,0.4447215295095595,0
876,0079,1,2026-06-13 15:08:30,0.4447215295095595,0
877,0079,1,2026-06-13 15:08:40,0.4447215295095595,0
878,0079,1,2026-06-13 15:08:50,0.4447215295095595,0
879,0079,1,2026-06-13 15:09:00,0.4447215295095595,0
880,0149,1,2026-06-13 15:28:20,0.6118038237738986,0
881,0149,1,2026-06-13 15:28:30,0.6118038237738986,1
882,0149,1,2026-06-13 15:28:40,0.6118038237738986,0
883,0149,1,2026-06-13 15:28:50,0.6118038237738986,0
884,0149,1,2026-06-13 15:29:00,0.6118038237738986,0
885,0149,1,2026-06-13 15:29:10,0.6118038237738986,0
886,0055,1,2026-06-13 15:29:30,0.7763923524522028,0
887,0055,1,2026-06-13 15:29:40,0.7763923524522028,0
888,0055,1,2026-06-13 15:29:50,0.7763923524522028,0
889,0055,1,2026-06-13 15:30:00,0.7763923524522028,1
890,0055,1,2026-06-13 15:30:10,0.7763923524522028,0
891,0055,1,2026-06-13 15:30:20,0.7763923524522028,0
892,0055,1,2026-06-13 15:30:30,0.7763923524522028,0
893,0055,1,2026-06-13 15:30:40,0.7763923524522028,0
894,0366,1,2026-06-13 15:30:50,1.0000000000000000,0
895,0366,1,2026-06-13 15:30:50,1.0000000000000000,0
896,0366,1,2026-06-13 15:30:50,1.0000000000000000,0
897,0366,1,2026-06-13 15:30:50,1.0000000000000000,0
898,0366,1,2026-06-13 15:30:50,1.0000000000000000,0
899,0432,1,2026-06-13 15:30:50,1.0000000000000000,0
900,0432,1,2026-06-13 15:30:50,1.0000000000000000,0
901,0432,1,2026-06-13 15:30:50,1.0000000000000000,0
902,0171,1,2026-06-13 15:31:00,0.0544472152950956,0
903,0366,1,2026-06-13 15:31:00,1.0000000000000000,0
904,0366,1,2026-06-13 15:31:00,1.0000000000000000,0
905,0366,1,2026-06-13 15:31:00,1.0000000000000000,0
906,0366,1,2026-06-13 15:31:00,1.0000000000000000,0
907,0366,1,2026-06-13 15:31:00,1.0000000000000000,0
908,0366,1,2026-06-13 15:31:00,1.0000000000000000,0
909,0432,1,2026-06-13 15:31:00,1.0000000000000000,0
910,0432,1,2026-06-13 15:31:00,1.0000000000000000,0
911,0432,1,2026-06-13 15:31:00,1.0000000000000000,0
912,0432,1,2026-06-13 15:31:00,1.0000000000000000,0
913,0171,1,2026-06-13 15:31:10,0.0544472152950956,0
914,0366,1,2026-06-13 15:31:10,1.0000000000000000,0
915,0366,1,2026-06-13 15:31:10,1.0000000000000000,0
916,0366,1,2026-06-13 15:31:10,1.0000000000000000,0
917,0366,1,2026-06-13 15:31:10,1.0000000000000000,0
918,0366,1,2026-06-13 15:31:10,1.0000000000000000,0
919,0366,1,2026-06-13 15:31:10,1.0000000000000000,0
920,0432,1,2026-06-13 15:31:10,1.0000000000000000,0
921,0432,1,2026-06-13 15:31:10,1.0000000000000000,0
922,0432,1,2026-06-13 15:31:10,1.0000000000000000,0
923,0432,1,2026-06-13 15:31:10,1.0000000000000000,0
924,0432,1,2026-06-13 15:31:10,1.0000000000000000,0
925,0432,1,2026-06-13 15:31:10,1.0000000000000000,0
926,0171,1,2026-06-13 15:31:20,0.0544472152950956,0
927,0432,1,2026-06-13 15:31:20,1.0000000000000000,0
928,0432,1,2026-06-13 15:31:20,1.0000000000000000,0
929,0432,1,2026-06-13 15:31:20,1.0000000000000000,0
930,0432,1,2026-06-13 15:31:20,1.0000000000000000,0
931,0432,1,2026-06-13 15:31:20,1.0000000000000000,0
932,0432,1,2026-06-13 15:31:20,1.0000000000000000,0
933,0432,1,2026-06-13 15:31:20,1.0000000000000000,0
934,0171,1,2026-06-13 15:31:30,0.0544472152950956,0
935,0432,1,2026-06-13 15:31:30,1.0000000000000000,0
936,0432,1,2026-06-13 15:31:30,1.0000000000000000,0
937,0432,1,2026-06-13 15:31:30,1.0000000000000000,0
938,0432,1,2026-06-13 15:31:30,1.0000000000000000,0
939,0432,1,2026-06-13 15:31:30,1.0000000000000000,0
940,0432,1,2026-06-13 15:31:30,1.0000000000000000,0
941,0171,1,2026-06-13 15:31:40,0.0544472152950956,0
942,0432,1,2026-06-13 15:31:40,1.0000000000000000,0
943,0432,1,2026-06-13 15:31:40,1.0000000000000000,0
944,0432,1,2026-06-13 15:31:40,1.0000000000000000,0
945,0432,1,2026-06-13 15:31:40,1.0000000000000000,0
946,0432,1,2026-06-13 15:31:40,1.0000000000000000,0
947,0171,1,2026-06-13 15:31:50,0.0544472152950956,0
948,0432,1,2026-06-13 15:31:50,1.0000000000000000,0
949,0432,1,2026-06-13 15:31:50,1.0000000000000000,1
950,0432,1,2026-06-13 15:31:50,1.0000000000000000,0
951,0432,1,2026-06-13 15:31:50,1.0000000000000000,0
952,0432,1,2026-06-13 15:31:50,1.0000000000000000,0
953,0171,1,2026-06-13 15:32:00,0.0544472152950956,0
954,0432,1,2026-06-13 15:32:00,1.0000000000000000,0
955,0432,1,2026-06-13 15:32:00,1.0000000000000000,0
956,0432,1,2026-06-13 15:32:00,1.0000000000000000,0
957,0432,1,2026-06-13 15:32:00,1.0000000000000000,0
958,0432,1,2026-06-13 15:32:00,1.0000000000000000,0
959,0432,1,2026-06-13 15:32:00,1.0000000000000000,0
960,0171,1,2026-06-13 15:32:10,0.0544472152950956,0
961,0432,1,2026-06-13 15:32:10,1.0000000000000000,0
962,0432,1,2026-06-13 15:32:10,1.0000000000000000,0
963,0432,1,2026-06-13 15:32:10,1.0000000000000000,0
964,0432,1,2026-06-13 15:32:10,1.0000000000000000,0
965,0432,1,2026-06-13 15:32:10,1.0000000000000000,0
966,0432,1,2026-06-13 15:32:10,1.0000000000000000,0
967,0171,1,2026-06-13 15:32:20,0.0544472152950956,0
968,0422,1,2026-06-13 15:32:20,0.2930174563591023,0
969,0432,1,2026-06-13 15:32:20,1.0000000000000000,1
970,0432,1,2026-06-13 15:32:20,1.0000000000000000,0
971,0432,1,2026-06-13 15:32:20,1.0000000000000000,0
972,0432,1,2026-06-13 15:32:20,1.0000000000000000,0
973,0432,1,2026-06-13 15:32:20,1.0000000000000000,0
974,0171,1,2026-06-13 15:32:30,0.0544472152950956,1
975,0422,1,2026-06-13 15:32:30,0.2930174563591023,0
976,0432,1,2026-06-13 15:32:30,1.0000000000000000,0
977,0432,1,2026-06-13 15:32:30,1.0000000000000000,0
978,0432,1,2026-06-13 15:32:30,1.0000000000000000,0
979,0432,1,2026-06-13 15:32:30,1.0000000000000000,0
980,0432,1,2026-06-13 15:32:30,1.0000000000000000,0
981,0171,1,2026-06-13 15:32:40,0.0544472152950956,0
982,0422,1,2026-06-13 15:32:40,0.2930174563591023,0
983,0432,1,2026-06-13 15:32:40,1.0000000000000000,0
984,0432,1,2026-06-13 15:32:40,1.0000000000000000,0
985,0432,1,2026-06-13 15:32:40,1.0000000000000000,0
986,0171,1,2026-06-13 15:32:50,0.0544472152950956,0
987,0422,1,2026-06-13 15:32:50,0.2930174563591023,0
988,0422,1,2026-06-13 15:33:00,0.2930174563591023,0
989,0422,1,2026-06-13 15:33:10,0.2930174563591023,0
990,0422,1,2026-06-13 15:33:20,0.2930174563591023,0
991,0427,1,2026-06-13 15:33:20,0.1030756442227764,0
992,0422,1,2026-06-13 15:33:30,0.2930174563591023,0
993,0427,1,2026-06-13 15:33:30,0.1030756442227764,0
994,0422,1,2026-06-13 15:33:40,0.2930174563591023,0
995,0427,1,2026-06-13 15:33:40,0.1030756442227764,0
996,0422,1,2026-06-13 15:33:50,0.2930174563591023,0
997,0427,1,2026-06-13 15:33:50,0.1030756442227764,0
998,0427,1,2026-06-13 15:34:00,0.1030756442227764,0
999,0427,1,2026-06-13 15:34:10,0.1030756442227764,0
1000,0130,1,2026-06-13 15:36:20,0.0544472152950956,0
1001,0130,1,2026-06-13 15:36:30,0.0544472152950956,0
1002,0130,1,2026-06-13 15:36:40,0.0544472152950956,0
1003,0130,1,2026-06-13 15:36:50,0.0544472152950956,0
1004,0130,1,2026-06-13 15:37:00,0.0544472152950956,0
1005,0103,1,2026-06-13 15:37:10,1.0000000000000000,1
1006,0130,1,2026-06-13 15:37:10,0.0544472152950956,0
1007,0103,1,2026-06-13 15:37:20,1.0000000000000000,0
1008,0130,1,2026-06-13 15:37:20,0.0544472152950956,0
1009,0103,1,2026-06-13 15:37:30,1.0000000000000000,0
1010,0130,1,2026-06-13 15:37:30,0.0544472152950956,0
1011,0103,1,2026-06-13 15:37:40,1.0000000000000000,0
1012,0130,1,2026-06-13 15:37:40,0.0544472152950956,0
1013,0103,1,2026-06-13 15:37:50,1.0000000000000000,0
1014,0130,1,2026-06-13 15:37:50,0.0544472152950956,0
1015,0103,1,2026-06-13 15:38:00,1.0000000000000000,0
1016,0130,1,2026-06-13 15:38:00,0.0544472152950956,0
1017,0103,1,2026-06-13 15:38:10,1.0000000000000000,0
1018,0130,1,2026-06-13 15:38:10,0.0544472152950956,0
1019,0010,1,2026-06-13 15:38:20,0.2930174563591023,0
1020,0103,1,2026-06-13 15:38:20,1.0000000000000000,0
1021,0010,1,2026-06-13 15:38:30,0.2930174563591023,0
1022,0103,1,2026-06-13 15:38:30,1.0000000000000000,0
1023,0010,1,2026-06-13 15:38:40,0.2930174563591023,0
1024,0103,1,2026-06-13 15:38:40,1.0000000000000000,0
1025,0010,1,2026-06-13 15:38:50,0.2930174563591023,0
1026,0103,1,2026-06-13 15:38:50,1.0000000000000000,0
1027,0010,1,2026-06-13 15:39:00,0.2930174563591023,0
1028,0010,1,2026-06-13 15:39:10,0.2930174563591023,0
1029,0466,1,2026-06-13 16:45:50,0.6118038237738986,0
1030,0466,1,2026-06-13 16:46:00,0.6118038237738986,0
1031,0059,1,2026-06-13 16:46:10,0.7763923524522028,0
1032,0466,1,2026-06-13 16:46:10,0.6118038237738986,0
1033,0059,1,2026-06-13 16:46:20,0.7763923524522028,1
1034,0466,1,2026-06-13 16:46:20,0.6118038237738986,0
1035,0059,1,2026-06-13 16:46:30,0.7763923524522028,0
1036,0466,1,2026-06-13 16:46:30,0.6118038237738986,0
1037,0059,1,2026-06-13 16:46:40,0.7763923524522028,0
1038,0466,1,2026-06-13 16:46:40,0.6118038237738986,0
1039,0466,1,2026-06-13 16:46:50,0.6118038237738986,1
1040,0466,1,2026-06-13 16:47:00,0.6118038237738986,0
1041,0466,1,2026-06-13 16:47:10,0.6118038237738986,0
1042,0466,1,2026-06-13 16:47:20,0.6118038237738986,0
1043,0466,1,2026-06-13 16:47:30,0.6118038237738986,0
1044,0466,1,2026-06-13 16:47:40,0.6118038237738986,0
1045,0263,1,2026-06-13 17:08:00,0.2930174563591023,1
1046,0263,1,2026-06-13 17:08:10,0.2930174563591023,0
1047,0333,1,2026-06-13 17:08:10,0.5897755610972568,0
1048,0263,1,2026-06-13 17:08:20,0.2930174563591023,0
1049,0333,1,2026-06-13 17:08:20,0.5897755610972568,0
1050,0263,1,2026-06-13 17:08:30,0.2930174563591023,0
1051,0333,1,2026-06-13 17:08:30,0.5897755610972568,0
1052,0263,1,2026-06-13 17:08:40,0.2930174563591023,0
1053,0333,1,2026-06-13 17:08:40,0.5897755610972568,0
1054,0263,1,2026-06-13 17:08:50,0.2930174563591023,0
1055,0333,1,2026-06-13 17:08:50,0.5897755610972568,0
1056,0263,1,2026-06-13 17:09:00,0.2930174563591023,0
1057,0333,1,2026-06-13 17:09:00,0.5897755610972568,0
1058,0263,1,2026-06-13 17:09:10,0.2930174563591023,0
1059,0333,1,2026-06-13 17:09:10,0.5897755610972568,0
1060,0263,1,2026-06-13 17:09:20,0.2930174563591023,0
1061,0333,1,2026-06-13 17:09:20,0.5897755610972568,0
1062,0263,1,2026-06-13 17:09:30,0.2930174563591023,0
1063,0333,1,2026-06-13 17:09:30,0.5897755610972568,0
1064,0263,1,2026-06-13 17:09:40,0.2930174563591023,0
1065,0333,1,2026-06-13 17:09:40,0.5897755610972568,0
1066,0263,1,2026-06-13 17:09:50,0.2930174563591023,0
1067,0333,1,2026-06-13 17:09:50,0.5897755610972568,0
1068,0333,1,2026-06-13 17:10:00,0.5897755610972568,0
1069,0288,1,2026-06-13 17:11:00,0.6118038237738986,0
1070,0288,1,2026-06-13 17:11:10,0.6118038237738986,1
1071,0288,1,2026-06-13 17:11:20,0.6118038237738986,0
1072,0075,1,2026-06-13 17:11:50,0.8528678304239401,0
1073,0283,1,2026-06-13 17:11:50,0.7763923524522028,0
1074,0283,1,2026-06-13 17:11:50,0.7763923524522028,0
1075,0283,1,2026-06-13 17:11:50,0.7763923524522028,0
1076,0283,1,2026-06-13 17:11:50,0.7763923524522028,0
1077,0283,1,2026-06-13 17:11:50,0.7763923524522028,0
1078,0283,1,2026-06-13 17:11:50,0.7763923524522028,0
1079,0075,1,2026-06-13 17:12:00,0.8528678304239401,0
1080,0283,1,2026-06-13 17:12:00,0.7763923524522028,0
1081,0283,1,2026-06-13 17:12:00,0.7763923524522028,0
1082,0283,1,2026-06-13 17:12:00,0.7763923524522028,0
1083,0283,1,2026-06-13 17:12:00,0.7763923524522028,0
1084,0283,1,2026-06-13 17:12:00,0.7763923524522028,0
1085,0075,1,2026-06-13 17:12:10,0.8528678304239401,0
1086,0283,1,2026-06-13 17:12:10,0.7763923524522028,0
1087,0283,1,2026-06-13 17:12:10,0.7763923524522028,0
1088,0283,1,2026-06-13 17:12:10,0.7763923524522028,0
1089,0283,1,2026-06-13 17:12:10,0.7763923524522028,0
1090,0283,1,2026-06-13 17:12:10,0.7763923524522028,1
1091,0075,1,2026-06-13 17:12:20,0.8528678304239401,0
1092,0283,1,2026-06-13 17:12:20,0.7763923524522028,0
1093,0283,1,2026-06-13 17:12:20,0.7763923524522028,0
1094,0283,1,2026-06-13 17:12:20,0.7763923524522028,0
1095,0283,1,2026-06-13 17:12:20,0.7763923524522028,0
1096,0283,1,2026-06-13 17:12:20,0.7763923524522028,0
1097,0283,1,2026-06-13 17:12:20,0.7763923524522028,0
1098,0075,1,2026-06-13 17:12:30,0.8528678304239401,0
1099,0283,1,2026-06-13 17:12:30,0.7763923524522028,0
1100,0283,1,2026-06-13 17:12:30,0.7763923524522028,0
1101,0283,1,2026-06-13 17:12:30,0.7763923524522028,0
1102,0283,1,2026-06-13 17:12:30,0.7763923524522028,0
1103,0283,1,2026-06-13 17:12:30,0.7763923524522028,0
1104,0075,1,2026-06-13 17:12:40,0.8528678304239401,0
1105,0283,1,2026-06-13 17:12:40,0.7763923524522028,0
1106,0283,1,2026-06-13 17:12:40,0.7763923524522028,0
1107,0283,1,2026-06-13 17:12:40,0.7763923524522028,0
1108,0283,1,2026-06-13 17:12:40,0.7763923524522028,0
1109,0283,1,2026-06-13 17:12:40,0.7763923524522028,0
1110,0075,1,2026-06-13 17:12:50,0.8528678304239401,0
1111,0283,1,2026-06-13 17:12:50,0.7763923524522028,0
1112,0283,1,2026-06-13 17:12:50,0.7763923524522028,0
1113,0283,1,2026-06-13 17:12:50,0.7763923524522028,0
1114,0283,1,2026-06-13 17:12:50,0.7763923524522028,0
1115,0075,1,2026-06-13 17:13:00,0.8528678304239401,0
1116,0283,1,2026-06-13 17:13:00,0.7763923524522028,0
1117,0283,1,2026-06-13 17:13:00,0.7763923524522028,0
1118,0283,1,2026-06-13 17:13:00,0.7763923524522028,0
1119,0283,1,2026-06-13 17:13:00,0.7763923524522028,0
1120,0283,1,2026-06-13 17:13:00,0.7763923524522028,0
1121,0075,1,2026-06-13 17:13:10,0.8528678304239401,0
1122,0283,1,2026-06-13 17:13:10,0.7763923524522028,0
1123,0283,1,2026-06-13 17:13:10,0.7763923524522028,0
1124,0283,1,2026-06-13 17:13:10,0.7763923524522028,0
1125,0283,1,2026-06-13 17:13:10,0.7763923524522028,0
1126,0283,1,2026-06-13 17:13:10,0.7763923524522028,0
1127,0075,1,2026-06-13 17:13:20,0.8528678304239401,0
1128,0075,1,2026-06-13 17:13:30,0.8528678304239401,0
1129,0018,1,2026-06-13 18:25:50,0.5897755610972568,0
1130,0018,1,2026-06-13 18:26:00,0.5897755610972568,0
1131,0018,1,2026-06-13 18:26:10,0.5897755610972568,0
1132,0018,1,2026-06-13 18:26:20,0.5897755610972568,0
1133,0018,1,2026-06-13 18:26:30,0.5897755610972568,0
1134,0018,1,2026-06-13 18:26:40,0.5897755610972568,0
1135,0018,1,2026-06-13 18:26:50,0.5897755610972568,0
1136,0018,1,2026-06-13 18:27:00,0.5897755610972568,0
1137,0018,1,2026-06-13 18:27:10,0.5897755610972568,0
1138,0018,1,2026-06-13 18:27:20,0.5897755610972568,0
1139,0018,1,2026-06-13 18:27:30,0.5897755610972568,0
1140,0018,1,2026-06-13 18:27:40,0.5897755610972568,0
1141,0284,1,2026-06-13 18:45:00,0.8528678304239401,0
1142,0284,1,2026-06-13 18:45:10,0.8528678304239401,0
1143,0284,1,2026-06-13 18:45:20,0.8528678304239401,0
1144,0284,1,2026-06-13 18:45:30,0.8528678304239401,0
1145,0284,1,2026-06-13 18:45:40,0.8528678304239401,0
1146,0362,1,2026-06-13 18:45:50,0.7763923524522028,0
1147,0362,1,2026-06-13 18:46:00,0.7763923524522028,0
1148,0362,1,2026-06-13 18:46:10,0.7763923524522028,0
1149,0362,1,2026-06-13 18:46:20,0.7763923524522028,0
1150,0016,2,2026-06-13 10:22:00,0.4447215295095595,0
1151,0016,2,2026-06-13 10:22:10,0.4447215295095595,1
1152,0178,2,2026-06-13 10:22:10,0.1957605985037406,0
1153,0016,2,2026-06-13 10:22:20,0.4447215295095595,0
1154,0178,2,2026-06-13 10:22:20,0.1957605985037406,0
1155,0016,2,2026-06-13 10:22:30,0.4447215295095595,0
1156,0016,2,2026-06-13 10:22:30,0.4447215295095595,0
1157,0178,2,2026-06-13 10:22:30,0.1957605985037406,1
1158,0016,2,2026-06-13 10:22:40,0.4447215295095595,1
1159,0016,2,2026-06-13 10:22:40,0.4447215295095595,0
1160,0178,2,2026-06-13 10:22:40,0.1957605985037406,0
1161,0016,2,2026-06-13 10:22:50,0.4447215295095595,0
1162,0016,2,2026-06-13 10:22:50,0.4447215295095595,0
1163,0178,2,2026-06-13 10:22:50,0.1957605985037406,0
1164,0016,2,2026-06-13 10:23:00,0.4447215295095595,0
1165,0016,2,2026-06-13 10:23:00,0.4447215295095595,0
1166,0178,2,2026-06-13 10:23:00,0.1957605985037406,0
1167,0247,2,2026-06-13 10:23:00,0.7763923524522028,1
1168,0016,2,2026-06-13 10:23:10,0.4447215295095595,0
1169,0016,2,2026-06-13 10:23:10,0.4447215295095595,0
1170,0178,2,2026-06-13 10:23:10,0.1957605985037406,0
1171,0247,2,2026-06-13 10:23:10,0.7763923524522028,0
1172,0276,2,2026-06-13 10:23:10,0.0544472152950956,0
1173,0016,2,2026-06-13 10:23:20,0.4447215295095595,0
1174,0016,2,2026-06-13 10:23:20,0.4447215295095595,0
1175,0178,2,2026-06-13 10:23:20,0.1957605985037406,0
1176,0199,2,2026-06-13 10:23:20,0.1030756442227764,0
1177,0247,2,2026-06-13 10:23:20,0.7763923524522028,0
1178,0276,2,2026-06-13 10:23:20,0.0544472152950956,0
1179,0016,2,2026-06-13 10:23:30,0.4447215295095595,0
1180,0178,2,2026-06-13 10:23:30,0.1957605985037406,0
1181,0199,2,2026-06-13 10:23:30,0.1030756442227764,0
1182,0247,2,2026-06-13 10:23:30,0.7763923524522028,1
1183,0247,2,2026-06-13 10:23:30,0.7763923524522028,0
1184,0276,2,2026-06-13 10:23:30,0.0544472152950956,0
1185,0285,2,2026-06-13 10:23:30,1.0000000000000000,0
1186,0016,2,2026-06-13 10:23:40,0.4447215295095595,0
1187,0178,2,2026-06-13 10:23:40,0.1957605985037406,0
1188,0199,2,2026-06-13 10:23:40,0.1030756442227764,0
1189,0230,2,2026-06-13 10:23:40,0.4447215295095595,0
1190,0247,2,2026-06-13 10:23:40,0.7763923524522028,0
1191,0247,2,2026-06-13 10:23:40,0.7763923524522028,0
1192,0276,2,2026-06-13 10:23:40,0.0544472152950956,0
1193,0285,2,2026-06-13 10:23:40,1.0000000000000000,0
1194,0353,2,2026-06-13 10:23:40,1.0000000000000000,0
1195,0016,2,2026-06-13 10:23:50,0.4447215295095595,0
1196,0042,2,2026-06-13 10:23:50,0.3304239401496259,1
1197,0134,2,2026-06-13 10:23:50,0.8528678304239401,0
1198,0178,2,2026-06-13 10:23:50,0.1957605985037406,0
1199,0199,2,2026-06-13 10:23:50,0.1030756442227764,0
1200,0211,2,2026-06-13 10:23:50,0.2930174563591023,0
1201,0230,2,2026-06-13 10:23:50,0.4447215295095595,0
1202,0247,2,2026-06-13 10:23:50,0.7763923524522028,0
1203,0247,2,2026-06-13 10:23:50,0.7763923524522028,0
1204,0276,2,2026-06-13 10:23:50,0.0544472152950956,0
1205,0285,2,2026-06-13 10:23:50,1.0000000000000000,0
1206,0353,2,2026-06-13 10:23:50,1.0000000000000000,0
1207,0412,2,2026-06-13 10:23:50,0.7763923524522028,0
1208,0425,2,2026-06-13 10:23:50,0.3304239401496259,0
1209,0042,2,2026-06-13 10:24:00,0.3304239401496259,0
1210,0134,2,2026-06-13 10:24:00,0.8528678304239401,0
1211,0155,2,2026-06-13 10:24:00,0.2930174563591023,0
1212,0199,2,2026-06-13 10:24:00,0.1030756442227764,0
1213,0211,2,2026-06-13 10:24:00,0.2930174563591023,0
1214,0230,2,2026-06-13 10:24:00,0.4447215295095595,0
1215,0247,2,2026-06-13 10:24:00,0.7763923524522028,0
1216,0247,2,2026-06-13 10:24:00,0.7763923524522028,0
1217,0269,2,2026-06-13 10:24:00,0.7763923524522028,0
1218,0276,2,2026-06-13 10:24:00,0.0544472152950956,0
1219,0285,2,2026-06-13 10:24:00,1.0000000000000000,0
1220,0306,2,2026-06-13 10:24:00,0.5897755610972568,0
1221,0327,2,2026-06-13 10:24:00,0.8528678304239401,0
1222,0353,2,2026-06-13 10:24:00,1.0000000000000000,0
1223,0412,2,2026-06-13 10:24:00,0.7763923524522028,1
1224,0425,2,2026-06-13 10:24:00,0.3304239401496259,0
1225,0042,2,2026-06-13 10:24:10,0.3304239401496259,0
1226,0134,2,2026-06-13 10:24:10,0.8528678304239401,0
1227,0155,2,2026-06-13 10:24:10,0.2930174563591023,0
1228,0199,2,2026-06-13 10:24:10,0.1030756442227764,0
1229,0211,2,2026-06-13 10:24:10,0.2930174563591023,0
1230,0230,2,2026-06-13 10:24:10,0.4447215295095595,0
1231,0247,2,2026-06-13 10:24:10,0.7763923524522028,0
1232,0247,2,2026-06-13 10:24:10,0.7763923524522028,0
1233,0269,2,2026-06-13 10:24:10,0.7763923524522028,1
1234,0276,2,2026-06-13 10:24:10,0.0544472152950956,0
1235,0285,2,2026-06-13 10:24:10,1.0000000000000000,0
1236,0306,2,2026-06-13 10:24:10,0.5897755610972568,0
1237,0327,2,2026-06-13 10:24:10,0.8528678304239401,0
1238,0353,2,2026-06-13 10:24:10,1.0000000000000000,0
1239,0412,2,2026-06-13 10:24:10,0.7763923524522028,0
1240,0425,2,2026-06-13 10:24:10,0.3304239401496259,0
1241,0042,2,2026-06-13 10:24:20,0.3304239401496259,0
1242,0134,2,2026-06-13 10:24:20,0.8528678304239401,1
1243,0155,2,2026-06-13 10:24:20,0.2930174563591023,0
1244,0199,2,2026-06-13 10:24:20,0.1030756442227764,0
1245,0211,2,2026-06-13 10:24:20,0.2930174563591023,0
1246,0230,2,2026-06-13 10:24:20,0.4447215295095595,0
1247,0247,2,2026-06-13 10:24:20,0.7763923524522028,0
1248,0269,2,2026-06-13 10:24:20,0.7763923524522028,0
1249,0276,2,2026-06-13 10:24:20,0.0544472152950956,0
1250,0285,2,2026-06-13 10:24:20,1.0000000000000000,0
1251,0306,2,2026-06-13 10:24:20,0.5897755610972568,0
1252,0327,2,2026-06-13 10:24:20,0.8528678304239401,0
1253,0353,2,2026-06-13 10:24:20,1.0000000000000000,0
1254,0412,2,2026-06-13 10:24:20,0.7763923524522028,0
1255,0425,2,2026-06-13 10:24:20,0.3304239401496259,0
1256,0042,2,2026-06-13 10:24:30,0.3304239401496259,0
1257,0108,2,2026-06-13 10:24:30,0.1957605985037406,0
1258,0134,2,2026-06-13 10:24:30,0.8528678304239401,0
1259,0155,2,2026-06-13 10:24:30,0.2930174563591023,0
1260,0199,2,2026-06-13 10:24:30,0.1030756442227764,0
1261,0211,2,2026-06-13 10:24:30,0.2930174563591023,0
1262,0230,2,2026-06-13 10:24:30,0.4447215295095595,0
1263,0247,2,2026-06-13 10:24:30,0.7763923524522028,0
1264,0269,2,2026-06-13 10:24:30,0.7763923524522028,0
1265,0276,2,2026-06-13 10:24:30,0.0544472152950956,0
1266,0285,2,2026-06-13 10:24:30,1.0000000000000000,0
1267,0306,2,2026-06-13 10:24:30,0.5897755610972568,0
1268,0327,2,2026-06-13 10:24:30,0.8528678304239401,1
1269,0353,2,2026-06-13 10:24:30,1.0000000000000000,0
1270,0412,2,2026-06-13 10:24:30,0.7763923524522028,0
1271,0425,2,2026-06-13 10:24:30,0.3304239401496259,0
1272,0042,2,2026-06-13 10:24:40,0.3304239401496259,0
1273,0108,2,2026-06-13 10:24:40,0.1957605985037406,0
1274,0134,2,2026-06-13 10:24:40,0.8528678304239401,0
1275,0155,2,2026-06-13 10:24:40,0.2930174563591023,0
1276,0199,2,2026-06-13 10:24:40,0.1030756442227764,0
1277,0247,2,2026-06-13 10:24:40,0.7763923524522028,0
1278,0269,2,2026-06-13 10:24:40,0.7763923524522028,0
1279,0285,2,2026-06-13 10:24:40,1.0000000000000000,0
1280,0306,2,2026-06-13 10:24:40,0.5897755610972568,0
1281,0327,2,2026-06-13 10:24:40,0.8528678304239401,0
1282,0412,2,2026-06-13 10:24:40,0.7763923524522028,0
1283,0425,2,2026-06-13 10:24:40,0.3304239401496259,0
1284,0042,2,2026-06-13 10:24:50,0.3304239401496259,0
1285,0108,2,2026-06-13 10:24:50,0.1957605985037406,0
1286,0134,2,2026-06-13 10:24:50,0.8528678304239401,0
1287,0155,2,2026-06-13 10:24:50,0.2930174563591023,0
1288,0199,2,2026-06-13 10:24:50,0.1030756442227764,0
1289,0269,2,2026-06-13 10:24:50,0.7763923524522028,0
1290,0285,2,2026-06-13 10:24:50,1.0000000000000000,1
1291,0327,2,2026-06-13 10:24:50,0.8528678304239401,0
1292,0412,2,2026-06-13 10:24:50,0.7763923524522028,0
1293,0425,2,2026-06-13 10:24:50,0.3304239401496259,0
1294,0042,2,2026-06-13 10:25:00,0.3304239401496259,0
1295,0108,2,2026-06-13 10:25:00,0.1957605985037406,0
1296,0134,2,2026-06-13 10:25:00,0.8528678304239401,0
1297,0155,2,2026-06-13 10:25:00,0.2930174563591023,0
1298,0199,2,2026-06-13 10:25:00,0.1030756442227764,0
1299,0269,2,2026-06-13 10:25:00,0.7763923524522028,0
1300,0327,2,2026-06-13 10:25:00,0.8528678304239401,0
1301,0412,2,2026-06-13 10:25:00,0.7763923524522028,0
1302,0042,2,2026-06-13 10:25:10,0.3304239401496259,0
1303,0108,2,2026-06-13 10:25:10,0.1957605985037406,0
1304,0134,2,2026-06-13 10:25:10,0.8528678304239401,0
1305,0155,2,2026-06-13 10:25:10,0.2930174563591023,0
1306,0199,2,2026-06-13 10:25:10,0.1030756442227764,0
1307,0269,2,2026-06-13 10:25:10,0.7763923524522028,0
1308,0327,2,2026-06-13 10:25:10,0.8528678304239401,0
1309,0412,2,2026-06-13 10:25:10,0.7763923524522028,1
1310,0042,2,2026-06-13 10:25:20,0.3304239401496259,0
1311,0108,2,2026-06-13 10:25:20,0.1957605985037406,0
1312,0134,2,2026-06-13 10:25:20,0.8528678304239401,0
1313,0155,2,2026-06-13 10:25:20,0.2930174563591023,1
1314,0269,2,2026-06-13 10:25:20,0.7763923524522028,0
1315,0327,2,2026-06-13 10:25:20,0.8528678304239401,0
1316,0412,2,2026-06-13 10:25:20,0.7763923524522028,0
1317,0042,2,2026-06-13 10:25:30,0.3304239401496259,0
1318,0108,2,2026-06-13 10:25:30,0.1957605985037406,0
1319,0134,2,2026-06-13 10:25:30,0.8528678304239401,0
1320,0155,2,2026-06-13 10:25:30,0.2930174563591023,0
1321,0269,2,2026-06-13 10:25:30,0.7763923524522028,0
1322,0324,2,2026-06-13 10:25:30,0.5361596009975063,0
1323,0327,2,2026-06-13 10:25:30,0.8528678304239401,0
1324,0412,2,2026-06-13 10:25:30,0.7763923524522028,0
1325,0108,2,2026-06-13 10:25:40,0.1957605985037406,0
1326,0155,2,2026-06-13 10:25:40,0.2930174563591023,0
1327,0269,2,2026-06-13 10:25:40,0.7763923524522028,0
1328,0324,2,2026-06-13 10:25:40,0.5361596009975063,1
1329,0327,2,2026-06-13 10:25:40,0.8528678304239401,0
1330,0412,2,2026-06-13 10:25:40,0.7763923524522028,0
1331,0108,2,2026-06-13 10:25:50,0.1957605985037406,0
1332,0324,2,2026-06-13 10:25:50,0.5361596009975063,1
1333,0108,2,2026-06-13 10:26:00,0.1957605985037406,0
1334,0108,2,2026-06-13 10:26:10,0.1957605985037406,1
1335,0495,2,2026-06-13 10:27:30,0.8528678304239401,0
1336,0423,2,2026-06-13 10:27:40,0.1030756442227764,0
1337,0495,2,2026-06-13 10:27:40,0.8528678304239401,0
1338,0423,2,2026-06-13 10:27:50,0.1030756442227764,0
1339,0495,2,2026-06-13 10:27:50,0.8528678304239401,0
1340,0423,2,2026-06-13 10:28:00,0.1030756442227764,0
1341,0495,2,2026-06-13 10:28:00,0.8528678304239401,0
1342,0423,2,2026-06-13 10:28:10,0.1030756442227764,1
1343,0495,2,2026-06-13 10:28:10,0.8528678304239401,0
1344,0423,2,2026-06-13 10:28:20,0.1030756442227764,1
1345,0495,2,2026-06-13 10:28:20,0.8528678304239401,0
1346,0423,2,2026-06-13 10:28:30,0.1030756442227764,0
1347,0495,2,2026-06-13 10:28:30,0.8528678304239401,0
1348,0423,2,2026-06-13 10:28:40,0.1030756442227764,0
1349,0495,2,2026-06-13 10:28:40,0.8528678304239401,0
1350,0423,2,2026-06-13 10:28:50,0.1030756442227764,0
1351,0495,2,2026-06-13 10:28:50,0.8528678304239401,0
1352,0423,2,2026-06-13 10:29:00,0.1030756442227764,0
1353,0495,2,2026-06-13 10:29:00,0.8528678304239401,0
1354,0423,2,2026-06-13 10:29:10,0.1030756442227764,0
1355,0495,2,2026-06-13 10:29:10,0.8528678304239401,0
1356,0423,2,2026-06-13 10:29:20,0.1030756442227764,0
1357,0495,2,2026-06-13 10:29:20,0.8528678304239401,1
1358,005,2,2026-06-13 10:33:50,0.1030756442227764,0
1359,005,2,2026-06-13 10:34:00,0.1030756442227764,0
1360,005,2,2026-06-13 10:34:10,0.1030756442227764,0
1361,005,2,2026-06-13 10:34:20,0.1030756442227764,0
1362,005,2,2026-06-13 10:34:30,0.1030756442227764,0
1363,005,2,2026-06-13 10:34:40,0.1030756442227764,0
1364,005,2,2026-06-13 10:34:50,0.1030756442227764,0
1365,005,2,2026-06-13 10:35:00,0.1030756442227764,0
1366,005,2,2026-06-13 10:35:10,0.1030756442227764,1
1367,005,2,2026-06-13 10:35:20,0.1030756442227764,1
1368,005,2,2026-06-13 10:35:30,0.1030756442227764,0
1369,0048,2,2026-06-13 10:35:50,0.0544472152950956,0
1370,0131,2,2026-06-13 10:35:50,0.4447215295095595,0
1371,0368,2,2026-06-13 10:35:50,0.8528678304239401,0
1372,0048,2,2026-06-13 10:36:00,0.0544472152950956,1
1373,0131,2,2026-06-13 10:36:00,0.4447215295095595,0
1374,0368,2,2026-06-13 10:36:00,0.8528678304239401,0
1375,0048,2,2026-06-13 10:36:10,0.0544472152950956,0
1376,0131,2,2026-06-13 10:36:10,0.4447215295095595,0
1377,0368,2,2026-06-13 10:36:10,0.8528678304239401,0
1378,0048,2,2026-06-13 10:36:20,0.0544472152950956,0
1379,0131,2,2026-06-13 10:36:20,0.4447215295095595,0
1380,0368,2,2026-06-13 10:36:20,0.8528678304239401,0
1381,0048,2,2026-06-13 10:36:30,0.0544472152950956,0
1382,0131,2,2026-06-13 10:36:30,0.4447215295095595,0
1383,0368,2,2026-06-13 10:36:30,0.8528678304239401,0
1384,0028,2,2026-06-13 10:36:40,0.0544472152950956,1
1385,0048,2,2026-06-13 10:36:40,0.0544472152950956,0
1386,0131,2,2026-06-13 10:36:40,0.4447215295095595,0
1387,0368,2,2026-06-13 10:36:40,0.8528678304239401,0
1388,0028,2,2026-06-13 10:36:50,0.0544472152950956,0
1389,0048,2,2026-06-13 10:36:50,0.0544472152950956,0
1390,0131,2,2026-06-13 10:36:50,0.4447215295095595,0
1391,0368,2,2026-06-13 10:36:50,0.8528678304239401,0
1392,0028,2,2026-06-13 10:37:00,0.0544472152950956,0
1393,0131,2,2026-06-13 10:37:00,0.4447215295095595,0
1394,0368,2,2026-06-13 10:37:00,0.8528678304239401,0
1395,0028,2,2026-06-13 10:37:10,0.0544472152950956,0
1396,0131,2,2026-06-13 10:37:10,0.4447215295095595,0
1397,0368,2,2026-06-13 10:37:10,0.8528678304239401,0
1398,0028,2,2026-06-13 10:37:20,0.0544472152950956,0
1399,0131,2,2026-06-13 10:37:20,0.4447215295095595,1
1400,0368,2,2026-06-13 10:37:20,0.8528678304239401,0
1401,0028,2,2026-06-13 10:37:30,0.0544472152950956,0
1402,0368,2,2026-06-13 10:37:30,0.8528678304239401,1
1403,0028,2,2026-06-13 10:37:40,0.0544472152950956,0
1404,0368,2,2026-06-13 10:37:40,0.8528678304239401,1
1405,0314,2,2026-06-13 14:00:40,0.8528678304239401,0
1406,0314,2,2026-06-13 14:00:50,0.8528678304239401,0
1407,0314,2,2026-06-13 14:01:00,0.8528678304239401,0
1408,0314,2,2026-06-13 14:01:10,0.8528678304239401,0
1409,0314,2,2026-06-13 14:01:20,0.8528678304239401,0
1410,0314,2,2026-06-13 14:01:30,0.8528678304239401,0
1411,0314,2,2026-06-13 14:01:40,0.8528678304239401,1
1412,0314,2,2026-06-13 14:01:50,0.8528678304239401,0
1413,0314,2,2026-06-13 14:02:00,0.8528678304239401,0
1414,0461,2,2026-06-13 14:02:00,0.7763923524522028,0
1415,0203,2,2026-06-13 14:02:10,0.2930174563591023,0
1416,0314,2,2026-06-13 14:02:10,0.8528678304239401,0
1417,0461,2,2026-06-13 14:02:10,0.7763923524522028,0
1418,0203,2,2026-06-13 14:02:20,0.2930174563591023,0
1419,0314,2,2026-06-13 14:02:20,0.8528678304239401,0
1420,0461,2,2026-06-13 14:02:20,0.7763923524522028,0
1421,0203,2,2026-06-13 14:02:30,0.2930174563591023,0
1422,0314,2,2026-06-13 14:02:30,0.8528678304239401,0
1423,0461,2,2026-06-13 14:02:30,0.7763923524522028,1
1424,0203,2,2026-06-13 14:02:40,0.2930174563591023,1
1425,0461,2,2026-06-13 14:02:40,0.7763923524522028,0
1426,0203,2,2026-06-13 14:02:50,0.2930174563591023,0
1427,0461,2,2026-06-13 14:02:50,0.7763923524522028,0
1428,0203,2,2026-06-13 14:03:00,0.2930174563591023,0
1429,0461,2,2026-06-13 14:03:00,0.7763923524522028,0
1430,0203,2,2026-06-13 14:03:10,0.2930174563591023,0
1431,0461,2,2026-06-13 14:03:10,0.7763923524522028,0
1432,0203,2,2026-06-13 14:03:20,0.2930174563591023,0
1433,0461,2,2026-06-13 14:03:20,0.7763923524522028,0
1434,0203,2,2026-06-13 14:03:30,0.2930174563591023,0
1435,0461,2,2026-06-13 14:03:30,0.7763923524522028,0
1436,0203,2,2026-06-13 14:03:40,0.2930174563591023,0
1437,0461,2,2026-06-13 14:03:40,0.7763923524522028,0
1438,0203,2,2026-06-13 14:03:50,0.2930174563591023,0
1439,0461,2,2026-06-13 14:03:50,0.7763923524522028,0
1440,0203,2,2026-06-13 14:04:00,0.2930174563591023,0
1441,0037,2,2026-06-13 14:04:20,0.7763923524522028,0
1442,0037,2,2026-06-13 14:04:30,0.7763923524522028,0
1443,0037,2,2026-06-13 14:04:40,0.7763923524522028,0
1444,0037,2,2026-06-13 14:04:50,0.7763923524522028,0
1445,0173,2,2026-06-13 14:04:50,0.5897755610972568,0
1446,0037,2,2026-06-13 14:05:00,0.7763923524522028,0
1447,0173,2,2026-06-13 14:05:00,0.5897755610972568,0
1448,0037,2,2026-06-13 14:05:10,0.7763923524522028,0
1449,0173,2,2026-06-13 14:05:10,0.5897755610972568,1
1450,0037,2,2026-06-13 14:05:20,0.7763923524522028,0
1451,0173,2,2026-06-13 14:05:20,0.5897755610972568,0
1452,0037,2,2026-06-13 14:05:30,0.7763923524522028,0
1453,0173,2,2026-06-13 14:05:30,0.5897755610972568,0
1454,0037,2,2026-06-13 14:05:40,0.7763923524522028,0
1455,0173,2,2026-06-13 14:05:40,0.5897755610972568,0
1456,0037,2,2026-06-13 14:05:50,0.7763923524522028,1
1457,0173,2,2026-06-13 14:05:50,0.5897755610972568,0
1458,0037,2,2026-06-13 14:06:00,0.7763923524522028,0
1459,0173,2,2026-06-13 14:06:00,0.5897755610972568,0
1460,0037,2,2026-06-13 14:06:10,0.7763923524522028,0
1461,0173,2,2026-06-13 14:06:10,0.5897755610972568,0
1462,0449,2,2026-06-13 14:06:10,0.5897755610972568,0
1463,0173,2,2026-06-13 14:06:20,0.5897755610972568,0
1464,0449,2,2026-06-13 14:06:20,0.5897755610972568,0
1465,0173,2,2026-06-13 14:06:30,0.5897755610972568,0
1466,0449,2,2026-06-13 14:06:30,0.5897755610972568,1
1467,0449,2,2026-06-13 14:06:40,0.5897755610972568,0
1468,0265,2,2026-06-13 15:28:50,0.8528678304239401,0
1469,0265,2,2026-06-13 15:29:00,0.8528678304239401,0
1470,0265,2,2026-06-13 15:29:10,0.8528678304239401,0
1471,0265,2,2026-06-13 15:29:20,0.8528678304239401,0
1472,0265,2,2026-06-13 15:29:20,0.8528678304239401,0
1473,0265,2,2026-06-13 15:29:30,0.8528678304239401,0
1474,0265,2,2026-06-13 15:29:30,0.8528678304239401,0
1475,0265,2,2026-06-13 15:29:40,0.8528678304239401,0
1476,0265,2,2026-06-13 15:29:40,0.8528678304239401,0
1477,0265,2,2026-06-13 15:29:50,0.8528678304239401,0
1478,0265,2,2026-06-13 15:29:50,0.8528678304239401,1
1479,0265,2,2026-06-13 15:30:00,0.8528678304239401,0
1480,0265,2,2026-06-13 15:30:00,0.8528678304239401,0
1481,0265,2,2026-06-13 15:30:10,0.8528678304239401,0
1482,0265,2,2026-06-13 15:30:10,0.8528678304239401,0
1483,0265,2,2026-06-13 15:30:20,0.8528678304239401,1
1484,0265,2,2026-06-13 15:30:30,0.8528678304239401,0
1485,0265,2,2026-06-13 15:30:40,0.8528678304239401,0
1486,0300,2,2026-06-13 15:30:50,0.2930174563591023,1
1487,0300,2,2026-06-13 15:31:00,0.2930174563591023,0
1488,0300,2,2026-06-13 15:31:10,0.2930174563591023,0
1489,0300,2,2026-06-13 15:31:20,0.2930174563591023,0
1490,0300,2,2026-06-13 15:31:30,0.2930174563591023,0
1491,0300,2,2026-06-13 15:31:40,0.2930174563591023,0
1492,0300,2,2026-06-13 15:31:50,0.2930174563591023,0
1493,0300,2,2026-06-13 15:32:00,0.2930174563591023,0
1494,0045,2,2026-06-13 15:32:10,0.4447215295095595,0
1495,0196,2,2026-06-13 15:32:10,0.3304239401496259,1
1496,0300,2,2026-06-13 15:32:10,0.2930174563591023,0
1497,0441,2,2026-06-13 15:32:10,0.0544472152950956,0
1498,0045,2,2026-06-13 15:32:20,0.4447215295095595,0
1499,0196,2,2026-06-13 15:32:20,0.3304239401496259,0
1500,0300,2,2026-06-13 15:32:20,0.2930174563591023,0
1501,0441,2,2026-06-13 15:32:20,0.0544472152950956,0
1502,0045,2,2026-06-13 15:32:30,0.4447215295095595,0
1503,0196,2,2026-06-13 15:32:30,0.3304239401496259,0
1504,0300,2,2026-06-13 15:32:30,0.2930174563591023,0
1505,0441,2,2026-06-13 15:32:30,0.0544472152950956,1
1506,0045,2,2026-06-13 15:32:40,0.4447215295095595,0
1507,0196,2,2026-06-13 15:32:40,0.3304239401496259,0
1508,0300,2,2026-06-13 15:32:40,0.2930174563591023,0
1509,0441,2,2026-06-13 15:32:40,0.0544472152950956,0
1510,0441,2,2026-06-13 15:32:40,0.0544472152950956,0
1511,0045,2,2026-06-13 15:32:50,0.4447215295095595,1
1512,0196,2,2026-06-13 15:32:50,0.3304239401496259,0
1513,0441,2,2026-06-13 15:32:50,0.0544472152950956,0
1514,0441,2,2026-06-13 15:32:50,0.0544472152950956,0
1515,0045,2,2026-06-13 15:33:00,0.4447215295095595,0
1516,0196,2,2026-06-13 15:33:00,0.3304239401496259,0
1517,0441,2,2026-06-13 15:33:00,0.0544472152950956,1
1518,0441,2,2026-06-13 15:33:00,0.0544472152950956,0
1519,0045,2,2026-06-13 15:33:10,0.4447215295095595,0
1520,0196,2,2026-06-13 15:33:10,0.3304239401496259,0
1521,0441,2,2026-06-13 15:33:10,0.0544472152950956,0
1522,0441,2,2026-06-13 15:33:10,0.0544472152950956,0
1523,0045,2,2026-06-13 15:33:20,0.4447215295095595,0
1524,0196,2,2026-06-13 15:33:20,0.3304239401496259,0
1525,0291,2,2026-06-13 15:33:20,0.7763923524522028,0
1526,0441,2,2026-06-13 15:33:20,0.0544472152950956,0
1527,0441,2,2026-06-13 15:33:20,0.0544472152950956,0
1528,0045,2,2026-06-13 15:33:30,0.4447215295095595,0
1529,0196,2,2026-06-13 15:33:30,0.3304239401496259,0
1530,0291,2,2026-06-13 15:33:30,0.7763923524522028,0
1531,0441,2,2026-06-13 15:33:30,0.0544472152950956,0
1532,0441,2,2026-06-13 15:33:30,0.0544472152950956,0
1533,0045,2,2026-06-13 15:33:40,0.4447215295095595,0
1534,0196,2,2026-06-13 15:33:40,0.3304239401496259,0
1535,0291,2,2026-06-13 15:33:40,0.7763923524522028,0
1536,0441,2,2026-06-13 15:33:40,0.0544472152950956,0
1537,008,2,2026-06-13 15:33:50,0.3304239401496259,1
1538,0045,2,2026-06-13 15:33:50,0.4447215295095595,0
1539,0196,2,2026-06-13 15:33:50,0.3304239401496259,0
1540,0291,2,2026-06-13 15:33:50,0.7763923524522028,0
1541,0441,2,2026-06-13 15:33:50,0.0544472152950956,0
1542,008,2,2026-06-13 15:34:00,0.3304239401496259,0
1543,0045,2,2026-06-13 15:34:00,0.4447215295095595,0
1544,0291,2,2026-06-13 15:34:00,0.7763923524522028,0
1545,0441,2,2026-06-13 15:34:00,0.0544472152950956,0
1546,008,2,2026-06-13 15:34:10,0.3304239401496259,0
1547,0291,2,2026-06-13 15:34:10,0.7763923524522028,0
1548,008,2,2026-06-13 15:34:20,0.3304239401496259,0
1549,0291,2,2026-06-13 15:34:20,0.7763923524522028,0
1550,008,2,2026-06-13 15:34:30,0.3304239401496259,0
1551,0291,2,2026-06-13 15:34:30,0.7763923524522028,1
1552,008,2,2026-06-13 15:34:40,0.3304239401496259,0
1553,0291,2,2026-06-13 15:34:40,0.7763923524522028,0
1554,008,2,2026-06-13 15:34:50,0.3304239401496259,0
1555,0291,2,2026-06-13 15:34:50,0.7763923524522028,0
1556,008,2,2026-06-13 15:35:00,0.3304239401496259,0
1557,0129,2,2026-06-13 15:35:00,0.4447215295095595,0
1558,0291,2,2026-06-13 15:35:00,0.7763923524522028,0
1559,008,2,2026-06-13 15:35:10,0.3304239401496259,0
1560,0129,2,2026-06-13 15:35:10,0.4447215295095595,0
1561,0291,2,2026-06-13 15:35:10,0.7763923524522028,0
1562,008,2,2026-06-13 15:35:20,0.3304239401496259,0
1563,0129,2,2026-06-13 15:35:20,0.4447215295095595,0
1564,0129,2,2026-06-13 15:35:30,0.4447215295095595,0
1565,0129,2,2026-06-13 15:35:40,0.4447215295095595,0
1566,0129,2,2026-06-13 15:35:50,0.4447215295095595,1
1567,0129,2,2026-06-13 15:36:00,0.4447215295095595,0
1568,0129,2,2026-06-13 15:36:10,0.4447215295095595,1
1569,0129,2,2026-06-13 15:36:20,0.4447215295095595,0
1570,0177,2,2026-06-13 17:00:30,0.6354945968412302,0
1571,0177,2,2026-06-13 17:00:40,0.6354945968412302,0
1572,0177,2,2026-06-13 17:00:50,0.6354945968412302,0
1573,0177,2,2026-06-13 17:01:00,0.6354945968412302,1
1574,0177,2,2026-06-13 17:01:10,0.6354945968412302,1
1575,0177,2,2026-06-13 17:01:20,0.6354945968412302,0
1576,0177,2,2026-06-13 17:01:30,0.6354945968412302,0
1577,0365,2,2026-06-13 17:01:30,0.7763923524522028,1
1578,0177,2,2026-06-13 17:01:40,0.6354945968412302,0
1579,0365,2,2026-06-13 17:01:40,0.7763923524522028,1
1580,0177,2,2026-06-13 17:01:50,0.6354945968412302,0
1581,0365,2,2026-06-13 17:01:50,0.7763923524522028,0
1582,0177,2,2026-06-13 17:02:00,0.6354945968412302,0
1583,0365,2,2026-06-13 17:02:00,0.7763923524522028,0
1584,0177,2,2026-06-13 17:02:10,0.6354945968412302,0
1585,0350,2,2026-06-13 17:02:10,0.6354945968412302,1
1586,0365,2,2026-06-13 17:02:10,0.7763923524522028,0
1587,0350,2,2026-06-13 17:02:20,0.6354945968412302,0
1588,0365,2,2026-06-13 17:02:20,0.7763923524522028,0
1589,0350,2,2026-06-13 17:02:30,0.6354945968412302,0
1590,0365,2,2026-06-13 17:02:30,0.7763923524522028,0
1591,0350,2,2026-06-13 17:02:40,0.6354945968412302,0
1592,0365,2,2026-06-13 17:02:40,0.7763923524522028,0
1593,0312,2,2026-06-13 17:02:50,0.5897755610972568,0
1594,0350,2,2026-06-13 17:02:50,0.6354945968412302,0
1595,0365,2,2026-06-13 17:02:50,0.7763923524522028,0
1596,0312,2,2026-06-13 17:03:00,0.5897755610972568,0
1597,0350,2,2026-06-13 17:03:00,0.6354945968412302,0
1598,0365,2,2026-06-13 17:03:00,0.7763923524522028,0
1599,0312,2,2026-06-13 17:03:10,0.5897755610972568,0
1600,0350,2,2026-06-13 17:03:10,0.6354945968412302,0
1601,0312,2,2026-06-13 17:03:20,0.5897755610972568,0
1602,0320,2,2026-06-13 17:03:20,0.0544472152950956,1
1603,0350,2,2026-06-13 17:03:20,0.6354945968412302,0
1604,0312,2,2026-06-13 17:03:30,0.5897755610972568,0
1605,0320,2,2026-06-13 17:03:30,0.0544472152950956,0
1606,0350,2,2026-06-13 17:03:30,0.6354945968412302,0
1607,0312,2,2026-06-13 17:03:40,0.5897755610972568,0
1608,0320,2,2026-06-13 17:03:40,0.0544472152950956,0
1609,0312,2,2026-06-13 17:03:50,0.5897755610972568,0
1610,0320,2,2026-06-13 17:03:50,0.0544472152950956,0
1611,0312,2,2026-06-13 17:04:00,0.5897755610972568,0
1612,0320,2,2026-06-13 17:04:00,0.0544472152950956,0
1613,0312,2,2026-06-13 17:04:10,0.5897755610972568,0
1614,0320,2,2026-06-13 17:04:10,0.0544472152950956,0
1615,0312,2,2026-06-13 17:04:20,0.5897755610972568,1
1616,0248,2,2026-06-13 17:04:50,0.3304239401496259,1
1617,0248,2,2026-06-13 17:05:00,0.3304239401496259,0
1618,0248,2,2026-06-13 17:05:10,0.3304239401496259,0
1619,0248,2,2026-06-13 17:05:20,0.3304239401496259,0
1620,0248,2,2026-06-13 17:05:30,0.3304239401496259,1
1621,0319,2,2026-06-13 17:07:00,0.0544472152950956,0
1622,0319,2,2026-06-13 17:07:10,0.0544472152950956,0
1623,0319,2,2026-06-13 17:07:20,0.0544472152950956,0
1624,0319,2,2026-06-13 17:07:30,0.0544472152950956,0
1625,0319,2,2026-06-13 17:07:40,0.0544472152950956,0
1626,0319,2,2026-06-13 17:07:50,0.0544472152950956,0
1627,0319,2,2026-06-13 17:08:00,0.0544472152950956,0
1628,0319,2,2026-06-13 17:08:10,0.0544472152950956,0
1629,0319,2,2026-06-13 17:08:20,0.0544472152950956,0
1630,0319,2,2026-06-13 17:08:30,0.0544472152950956,0
1631,0319,2,2026-06-13 17:08:40,0.0544472152950956,1
1632,0082,2,2026-06-13 18:36:50,0.5897755610972568,0
1633,0082,2,2026-06-13 18:37:00,0.5897755610972568,1
1634,0082,2,2026-06-13 18:37:10,0.5897755610972568,0
1635,0082,2,2026-06-13 18:37:20,0.5897755610972568,0
1636,0082,2,2026-06-13 18:37:30,0.5897755610972568,0
1637,0082,2,2026-06-13 18:37:40,0.5897755610972568,0
1638,0082,2,2026-06-13 18:37:50,0.5897755610972568,0
1639,0082,2,2026-06-13 18:38:00,0.5897755610972568,0
1640,0082,2,2026-06-13 18:38:10,0.5897755610972568,1
1641,0069,2,2026-06-13 18:41:50,0.0544472152950956,0
1642,0251,2,2026-06-13 18:41:50,0.6118038237738986,1
1643,0069,2,2026-06-13 18:42:00,0.0544472152950956,0
1644,0251,2,2026-06-13 18:42:00,0.6118038237738986,0
1645,0332,2,2026-06-13 18:42:00,0.5361596009975063,0
1646,0069,2,2026-06-13 18:42:10,0.0544472152950956,0
1647,0251,2,2026-06-13 18:42:10,0.6118038237738986,0
1648,0332,2,2026-06-13 18:42:10,0.5361596009975063,1
1649,0069,2,2026-06-13 18:42:20,0.0544472152950956,0
1650,0251,2,2026-06-13 18:42:20,0.6118038237738986,0
1651,0332,2,2026-06-13 18:42:20,0.5361596009975063,0
1652,0069,2,2026-06-13 18:42:30,0.0544472152950956,0
1653,0251,2,2026-06-13 18:42:30,0.6118038237738986,0
1654,0332,2,2026-06-13 18:42:30,0.5361596009975063,0
1655,0337,2,2026-06-13 18:42:30,0.6354945968412302,1
1656,0069,2,2026-06-13 18:42:40,0.0544472152950956,0
1657,0251,2,2026-06-13 18:42:40,0.6118038237738986,0
1658,0332,2,2026-06-13 18:42:40,0.5361596009975063,0
1659,0337,2,2026-06-13 18:42:40,0.6354945968412302,0
1660,0069,2,2026-06-13 18:42:50,0.0544472152950956,0
1661,0251,2,2026-06-13 18:42:50,0.6118038237738986,0
1662,0332,2,2026-06-13 18:42:50,0.5361596009975063,0
1663,0337,2,2026-06-13 18:42:50,0.6354945968412302,0
1664,0069,2,2026-06-13 18:43:00,0.0544472152950956,1
1665,0251,2,2026-06-13 18:43:00,0.6118038237738986,0
1666,0332,2,2026-06-13 18:43:00,0.5361596009975063,0
1667,0337,2,2026-06-13 18:43:00,0.6354945968412302,0
1668,0069,2,2026-06-13 18:43:10,0.0544472152950956,0
1669,0251,2,2026-06-13 18:43:10,0.6118038237738986,0
1670,0332,2,2026-06-13 18:43:10,0.5361596009975063,0
1671,0337,2,2026-06-13 18:43:10,0.6354945968412302,0
1672,0069,2,2026-06-13 18:43:20,0.0544472152950956,0
1673,0251,2,2026-06-13 18:43:20,0.6118038237738986,0
1674,0332,2,2026-06-13 18:43:20,0.5361596009975063,0
1675,0337,2,2026-06-13 18:43:20,0.6354945968412302,0
1676,0069,2,2026-06-13 18:43:30,0.0544472152950956,0
1677,0332,2,2026-06-13 18:43:30,0.5361596009975063,0
1678,0337,2,2026-06-13 18:43:30,0.6354945968412302,0
1679,0069,2,2026-06-13 18:43:40,0.0544472152950956,0
1680,0332,2,2026-06-13 18:43:40,0.5361596009975063,0
1681,0337,2,2026-06-13 18:43:40,0.6354945968412302,0
1682,0497,3,2026-06-13 09:44:00,1.0000000000000000,0
1683,0497,3,2026-06-13 09:44:10,1.0000000000000000,0
1684,0497,3,2026-06-13 09:44:20,1.0000000000000000,0
1685,0497,3,2026-06-13 09:44:30,1.0000000000000000,0
1686,0497,3,2026-06-13 09:44:40,1.0000000000000000,1
1687,0497,3,2026-06-13 09:44:50,1.0000000000000000,0
1688,0421,3,2026-06-13 09:46:10,0.1030756442227764,0
1689,0421,3,2026-06-13 09:46:20,0.1030756442227764,0
1690,0421,3,2026-06-13 09:46:30,0.1030756442227764,1
1691,0421,3,2026-06-13 09:46:40,0.1030756442227764,0
1692,0421,3,2026-06-13 09:46:50,0.1030756442227764,0
1693,0421,3,2026-06-13 09:47:00,0.1030756442227764,0
1694,0421,3,2026-06-13 09:47:10,0.1030756442227764,0
1695,0119,3,2026-06-13 09:47:20,1.0000000000000000,0
1696,0421,3,2026-06-13 09:47:20,0.1030756442227764,0
1697,0119,3,2026-06-13 09:47:30,1.0000000000000000,0
1698,0421,3,2026-06-13 09:47:30,0.1030756442227764,0
1699,0119,3,2026-06-13 09:47:40,1.0000000000000000,0
1700,0421,3,2026-06-13 09:47:40,0.1030756442227764,0
1701,0119,3,2026-06-13 09:47:50,1.0000000000000000,0
1702,0119,3,2026-06-13 09:48:00,1.0000000000000000,0
1703,0119,3,2026-06-13 09:48:10,1.0000000000000000,0
1704,0119,3,2026-06-13 09:48:20,1.0000000000000000,0
1705,0119,3,2026-06-13 09:48:30,1.0000000000000000,0
1706,0119,3,2026-06-13 09:48:40,1.0000000000000000,0
1707,0119,3,2026-06-13 09:48:50,1.0000000000000000,0
1708,0119,3,2026-06-13 09:49:00,1.0000000000000000,1
1709,0167,3,2026-06-13 11:10:40,0.4447215295095595,1
1710,0167,3,2026-06-13 11:10:50,0.4447215295095595,0
1711,0391,3,2026-06-13 11:10:50,0.1957605985037406,0
1712,0167,3,2026-06-13 11:11:00,0.4447215295095595,0
1713,0194,3,2026-06-13 11:11:00,0.5361596009975063,0
1714,0391,3,2026-06-13 11:11:00,0.1957605985037406,0
1715,0167,3,2026-06-13 11:11:10,0.4447215295095595,0
1716,0194,3,2026-06-13 11:11:10,0.5361596009975063,0
1717,0391,3,2026-06-13 11:11:10,0.1957605985037406,0
1718,0167,3,2026-06-13 11:11:20,0.4447215295095595,0
1719,0194,3,2026-06-13 11:11:20,0.5361596009975063,0
1720,0391,3,2026-06-13 11:11:20,0.1957605985037406,0
1721,0167,3,2026-06-13 11:11:30,0.4447215295095595,0
1722,0194,3,2026-06-13 11:11:30,0.5361596009975063,0
1723,0391,3,2026-06-13 11:11:30,0.1957605985037406,0
1724,0167,3,2026-06-13 11:11:40,0.4447215295095595,0
1725,0194,3,2026-06-13 11:11:40,0.5361596009975063,0
1726,0391,3,2026-06-13 11:11:40,0.1957605985037406,0
1727,0167,3,2026-06-13 11:11:50,0.4447215295095595,0
1728,0194,3,2026-06-13 11:11:50,0.5361596009975063,0
1729,0391,3,2026-06-13 11:11:50,0.1957605985037406,0
1730,0167,3,2026-06-13 11:12:00,0.4447215295095595,0
1731,0194,3,2026-06-13 11:12:00,0.5361596009975063,0
1732,0391,3,2026-06-13 11:12:00,0.1957605985037406,0
1733,0167,3,2026-06-13 11:12:10,0.4447215295095595,0
1734,0194,3,2026-06-13 11:12:10,0.5361596009975063,0
1735,0391,3,2026-06-13 11:12:10,0.1957605985037406,0
1736,0194,3,2026-06-13 11:12:20,0.5361596009975063,0
1737,0391,3,2026-06-13 11:12:20,0.1957605985037406,0
1738,0194,3,2026-06-13 11:12:30,0.5361596009975063,0
1739,0391,3,2026-06-13 11:12:30,0.1957605985037406,0
1740,0391,3,2026-06-13 11:12:40,0.1957605985037406,0
1741,0219,3,2026-06-13 11:14:50,1.0000000000000000,0
1742,0219,3,2026-06-13 11:15:00,1.0000000000000000,0
1743,0219,3,2026-06-13 11:15:10,1.0000000000000000,0
1744,0357,3,2026-06-13 11:15:10,0.1957605985037406,0
1745,0357,3,2026-06-13 11:15:10,0.1957605985037406,0
1746,0357,3,2026-06-13 11:15:10,0.1957605985037406,0
1747,0219,3,2026-06-13 11:15:20,1.0000000000000000,0
1748,0357,3,2026-06-13 11:15:20,0.1957605985037406,0
1749,0357,3,2026-06-13 11:15:20,0.1957605985037406,0
1750,0357,3,2026-06-13 11:15:20,0.1957605985037406,0
1751,0219,3,2026-06-13 11:15:30,1.0000000000000000,0
1752,0311,3,2026-06-13 11:15:30,0.5361596009975063,0
1753,0311,3,2026-06-13 11:15:30,0.5361596009975063,0
1754,0311,3,2026-06-13 11:15:30,0.5361596009975063,0
1755,0311,3,2026-06-13 11:15:30,0.5361596009975063,0
1756,0311,3,2026-06-13 11:15:30,0.5361596009975063,0
1757,0357,3,2026-06-13 11:15:30,0.1957605985037406,0
1758,0357,3,2026-06-13 11:15:30,0.1957605985037406,0
1759,0357,3,2026-06-13 11:15:30,0.1957605985037406,0
1760,0357,3,2026-06-13 11:15:30,0.1957605985037406,0
1761,0357,3,2026-06-13 11:15:30,0.1957605985037406,0
1762,0493,3,2026-06-13 11:15:30,0.4447215295095595,0
1763,0219,3,2026-06-13 11:15:40,1.0000000000000000,0
1764,0311,3,2026-06-13 11:15:40,0.5361596009975063,0
1765,0311,3,2026-06-13 11:15:40,0.5361596009975063,0
1766,0311,3,2026-06-13 11:15:40,0.5361596009975063,0
1767,0311,3,2026-06-13 11:15:40,0.5361596009975063,0
1768,0311,3,2026-06-13 11:15:40,0.5361596009975063,0
1769,0357,3,2026-06-13 11:15:40,0.1957605985037406,0
1770,0357,3,2026-06-13 11:15:40,0.1957605985037406,0
1771,0357,3,2026-06-13 11:15:40,0.1957605985037406,0
1772,0357,3,2026-06-13 11:15:40,0.1957605985037406,0
1773,0357,3,2026-06-13 11:15:40,0.1957605985037406,0
1774,0357,3,2026-06-13 11:15:40,0.1957605985037406,0
1775,0357,3,2026-06-13 11:15:40,0.1957605985037406,0
1776,0493,3,2026-06-13 11:15:40,0.4447215295095595,0
1777,0219,3,2026-06-13 11:15:50,1.0000000000000000,0
1778,0311,3,2026-06-13 11:15:50,0.5361596009975063,0
1779,0311,3,2026-06-13 11:15:50,0.5361596009975063,0
1780,0311,3,2026-06-13 11:15:50,0.5361596009975063,0
1781,0311,3,2026-06-13 11:15:50,0.5361596009975063,0
1782,0311,3,2026-06-13 11:15:50,0.5361596009975063,0
1783,0311,3,2026-06-13 11:15:50,0.5361596009975063,0
1784,0357,3,2026-06-13 11:15:50,0.1957605985037406,0
1785,0357,3,2026-06-13 11:15:50,0.1957605985037406,0
1786,0357,3,2026-06-13 11:15:50,0.1957605985037406,0
1787,0357,3,2026-06-13 11:15:50,0.1957605985037406,0
1788,0357,3,2026-06-13 11:15:50,0.1957605985037406,0
1789,0357,3,2026-06-13 11:15:50,0.1957605985037406,0
1790,0357,3,2026-06-13 11:15:50,0.1957605985037406,0
1791,0493,3,2026-06-13 11:15:50,0.4447215295095595,0
1792,0219,3,2026-06-13 11:16:00,1.0000000000000000,0
1793,0311,3,2026-06-13 11:16:00,0.5361596009975063,0
1794,0311,3,2026-06-13 11:16:00,0.5361596009975063,0
1795,0311,3,2026-06-13 11:16:00,0.5361596009975063,0
1796,0311,3,2026-06-13 11:16:00,0.5361596009975063,0
1797,0311,3,2026-06-13 11:16:00,0.5361596009975063,0
1798,0311,3,2026-06-13 11:16:00,0.5361596009975063,0
1799,0311,3,2026-06-13 11:16:00,0.5361596009975063,0
1800,0357,3,2026-06-13 11:16:00,0.1957605985037406,0
1801,0357,3,2026-06-13 11:16:00,0.1957605985037406,0
1802,0357,3,2026-06-13 11:16:00,0.1957605985037406,0
1803,0357,3,2026-06-13 11:16:00,0.1957605985037406,0
1804,0357,3,2026-06-13 11:16:00,0.1957605985037406,0
1805,0357,3,2026-06-13 11:16:00,0.1957605985037406,0
1806,0357,3,2026-06-13 11:16:00,0.1957605985037406,1
1807,0493,3,2026-06-13 11:16:00,0.4447215295095595,0
1808,0219,3,2026-06-13 11:16:10,1.0000000000000000,0
1809,0311,3,2026-06-13 11:16:10,0.5361596009975063,0
1810,0311,3,2026-06-13 11:16:10,0.5361596009975063,0
1811,0311,3,2026-06-13 11:16:10,0.5361596009975063,0
1812,0311,3,2026-06-13 11:16:10,0.5361596009975063,0
1813,0311,3,2026-06-13 11:16:10,0.5361596009975063,0
1814,0311,3,2026-06-13 11:16:10,0.5361596009975063,1
1815,0357,3,2026-06-13 11:16:10,0.1957605985037406,0
1816,0357,3,2026-06-13 11:16:10,0.1957605985037406,0
1817,0357,3,2026-06-13 11:16:10,0.1957605985037406,0
1818,0357,3,2026-06-13 11:16:10,0.1957605985037406,0
1819,0357,3,2026-06-13 11:16:10,0.1957605985037406,0
1820,0357,3,2026-06-13 11:16:10,0.1957605985037406,0
1821,0493,3,2026-06-13 11:16:10,0.4447215295095595,0
1822,0219,3,2026-06-13 11:16:20,1.0000000000000000,0
1823,0311,3,2026-06-13 11:16:20,0.5361596009975063,0
1824,0311,3,2026-06-13 11:16:20,0.5361596009975063,0
1825,0311,3,2026-06-13 11:16:20,0.5361596009975063,0
1826,0311,3,2026-06-13 11:16:20,0.5361596009975063,0
1827,0311,3,2026-06-13 11:16:20,0.5361596009975063,0
1828,0311,3,2026-06-13 11:16:20,0.5361596009975063,0
1829,0357,3,2026-06-13 11:16:20,0.1957605985037406,0
1830,0357,3,2026-06-13 11:16:20,0.1957605985037406,0
1831,0357,3,2026-06-13 11:16:20,0.1957605985037406,0
1832,0357,3,2026-06-13 11:16:20,0.1957605985037406,0
1833,0357,3,2026-06-13 11:16:20,0.1957605985037406,0
1834,0357,3,2026-06-13 11:16:20,0.1957605985037406,0
1835,0493,3,2026-06-13 11:16:20,0.4447215295095595,0
1836,0219,3,2026-06-13 11:16:30,1.0000000000000000,0
1837,0311,3,2026-06-13 11:16:30,0.5361596009975063,0
1838,0311,3,2026-06-13 11:16:30,0.5361596009975063,0
1839,0311,3,2026-06-13 11:16:30,0.5361596009975063,0
1840,0311,3,2026-06-13 11:16:30,0.5361596009975063,0
1841,0311,3,2026-06-13 11:16:30,0.5361596009975063,0
1842,0311,3,2026-06-13 11:16:30,0.5361596009975063,0
1843,0357,3,2026-06-13 11:16:30,0.1957605985037406,0
1844,0357,3,2026-06-13 11:16:30,0.1957605985037406,0
1845,0357,3,2026-06-13 11:16:30,0.1957605985037406,0
1846,0357,3,2026-06-13 11:16:30,0.1957605985037406,0
1847,0357,3,2026-06-13 11:16:30,0.1957605985037406,0
1848,0357,3,2026-06-13 11:16:30,0.1957605985037406,1
1849,0357,3,2026-06-13 11:16:30,0.1957605985037406,0
1850,0493,3,2026-06-13 11:16:30,0.4447215295095595,0
1851,0311,3,2026-06-13 11:16:40,0.5361596009975063,0
1852,0311,3,2026-06-13 11:16:40,0.5361596009975063,0
1853,0311,3,2026-06-13 11:16:40,0.5361596009975063,0
1854,0311,3,2026-06-13 11:16:40,0.5361596009975063,1
1855,0311,3,2026-06-13 11:16:40,0.5361596009975063,0
1856,0357,3,2026-06-13 11:16:40,0.1957605985037406,0
1857,0357,3,2026-06-13 11:16:40,0.1957605985037406,0
1858,0357,3,2026-06-13 11:16:40,0.1957605985037406,0
1859,0357,3,2026-06-13 11:16:40,0.1957605985037406,0
1860,0357,3,2026-06-13 11:16:40,0.1957605985037406,0
1861,0493,3,2026-06-13 11:16:40,0.4447215295095595,0
1862,0311,3,2026-06-13 11:16:50,0.5361596009975063,0
1863,0311,3,2026-06-13 11:16:50,0.5361596009975063,0
1864,0311,3,2026-06-13 11:16:50,0.5361596009975063,0
1865,0311,3,2026-06-13 11:16:50,0.5361596009975063,0
1866,0311,3,2026-06-13 11:16:50,0.5361596009975063,0
1867,0357,3,2026-06-13 11:16:50,0.1957605985037406,0
1868,0357,3,2026-06-13 11:16:50,0.1957605985037406,0
1869,0357,3,2026-06-13 11:16:50,0.1957605985037406,0
1870,0357,3,2026-06-13 11:16:50,0.1957605985037406,0
1871,0493,3,2026-06-13 11:16:50,0.4447215295095595,0
1872,0311,3,2026-06-13 11:17:00,0.5361596009975063,0
1873,0311,3,2026-06-13 11:17:00,0.5361596009975063,0
1874,0311,3,2026-06-13 11:17:00,0.5361596009975063,0
1875,0311,3,2026-06-13 11:17:00,0.5361596009975063,0
1876,0311,3,2026-06-13 11:17:00,0.5361596009975063,0
1877,0357,3,2026-06-13 11:17:00,0.1957605985037406,0
1878,0357,3,2026-06-13 11:17:00,0.1957605985037406,0
1879,0357,3,2026-06-13 11:17:00,0.1957605985037406,0
1880,0357,3,2026-06-13 11:17:00,0.1957605985037406,0
1881,0493,3,2026-06-13 11:17:00,0.4447215295095595,0
1882,0496,3,2026-06-13 11:17:00,0.1030756442227764,0
1883,0311,3,2026-06-13 11:17:10,0.5361596009975063,0
1884,0311,3,2026-06-13 11:17:10,0.5361596009975063,0
1885,0311,3,2026-06-13 11:17:10,0.5361596009975063,0
1886,0311,3,2026-06-13 11:17:10,0.5361596009975063,0
1887,0311,3,2026-06-13 11:17:10,0.5361596009975063,0
1888,0493,3,2026-06-13 11:17:10,0.4447215295095595,0
1889,0496,3,2026-06-13 11:17:10,0.1030756442227764,0
1890,0493,3,2026-06-13 11:17:20,0.4447215295095595,0
1891,0496,3,2026-06-13 11:17:20,0.1030756442227764,0
1892,0066,3,2026-06-13 11:17:30,0.3304239401496259,0
1893,0496,3,2026-06-13 11:17:30,0.1030756442227764,0
1894,0066,3,2026-06-13 11:17:40,0.3304239401496259,0
1895,0496,3,2026-06-13 11:17:40,0.1030756442227764,0
1896,0066,3,2026-06-13 11:17:50,0.3304239401496259,0
1897,0496,3,2026-06-13 11:17:50,0.1030756442227764,0
1898,0066,3,2026-06-13 11:18:00,0.3304239401496259,0
1899,0496,3,2026-06-13 11:18:00,0.1030756442227764,0
1900,0066,3,2026-06-13 11:18:10,0.3304239401496259,0
1901,0496,3,2026-06-13 11:18:10,0.1030756442227764,0
1902,0066,3,2026-06-13 11:18:20,0.3304239401496259,0
1903,0496,3,2026-06-13 11:18:20,0.1030756442227764,0
1904,0066,3,2026-06-13 11:18:30,0.3304239401496259,0
1905,0496,3,2026-06-13 11:18:30,0.1030756442227764,0
1906,0066,3,2026-06-13 11:18:40,0.3304239401496259,0
1907,0496,3,2026-06-13 11:18:40,0.1030756442227764,0
1908,0066,3,2026-06-13 11:18:50,0.3304239401496259,0
1909,0496,3,2026-06-13 11:18:50,0.1030756442227764,0
1910,0066,3,2026-06-13 11:19:00,0.3304239401496259,0
1911,0188,3,2026-06-13 11:21:20,0.4447215295095595,0
1912,0188,3,2026-06-13 11:21:20,0.4447215295095595,0
1913,0188,3,2026-06-13 11:21:30,0.4447215295095595,0
1914,0188,3,2026-06-13 11:21:40,0.4447215295095595,0
1915,0188,3,2026-06-13 11:21:50,0.4447215295095595,1
1916,0188,3,2026-06-13 11:21:50,0.4447215295095595,0
1917,0188,3,2026-06-13 11:21:50,0.4447215295095595,0
1918,0188,3,2026-06-13 11:22:00,0.4447215295095595,0
1919,0188,3,2026-06-13 11:22:00,0.4447215295095595,0
1920,0188,3,2026-06-13 11:22:00,0.4447215295095595,0
1921,0188,3,2026-06-13 11:22:10,0.4447215295095595,0
1922,0188,3,2026-06-13 11:22:20,0.4447215295095595,0
1923,0188,3,2026-06-13 11:22:20,0.4447215295095595,0
1924,0188,3,2026-06-13 11:22:30,0.4447215295095595,0
1925,0188,3,2026-06-13 11:22:30,0.4447215295095595,0
1926,0065,3,2026-06-13 11:23:00,0.5897755610972568,0
1927,0065,3,2026-06-13 11:23:10,0.5897755610972568,0
1928,0404,3,2026-06-13 11:23:10,0.4447215295095595,0
1929,0404,3,2026-06-13 11:23:10,0.4447215295095595,0
1930,0065,3,2026-06-13 11:23:20,0.5897755610972568,0
1931,0404,3,2026-06-13 11:23:20,0.4447215295095595,0
1932,0404,3,2026-06-13 11:23:20,0.4447215295095595,0
1933,0065,3,2026-06-13 11:23:30,0.5897755610972568,0
1934,0404,3,2026-06-13 11:23:30,0.4447215295095595,0
1935,0404,3,2026-06-13 11:23:30,0.4447215295095595,0
1936,0065,3,2026-06-13 11:23:40,0.5897755610972568,0
1937,0404,3,2026-06-13 11:23:40,0.4447215295095595,0
1938,0404,3,2026-06-13 11:23:40,0.4447215295095595,0
1939,0404,3,2026-06-13 11:23:40,0.4447215295095595,0
1940,0404,3,2026-06-13 11:23:40,0.4447215295095595,0
1941,0065,3,2026-06-13 11:23:50,0.5897755610972568,0
1942,0404,3,2026-06-13 11:23:50,0.4447215295095595,0
1943,0404,3,2026-06-13 11:23:50,0.4447215295095595,0
1944,0404,3,2026-06-13 11:23:50,0.4447215295095595,0
1945,0065,3,2026-06-13 11:24:00,0.5897755610972568,0
1946,0404,3,2026-06-13 11:24:00,0.4447215295095595,0
1947,0404,3,2026-06-13 11:24:00,0.4447215295095595,0
1948,0404,3,2026-06-13 11:24:00,0.4447215295095595,0
1949,0404,3,2026-06-13 11:24:00,0.4447215295095595,0
1950,0065,3,2026-06-13 11:24:10,0.5897755610972568,1
1951,0404,3,2026-06-13 11:24:10,0.4447215295095595,0
1952,0404,3,2026-06-13 11:24:10,0.4447215295095595,0
1953,0404,3,2026-06-13 11:24:10,0.4447215295095595,0
1954,0404,3,2026-06-13 11:24:10,0.4447215295095595,0
1955,0065,3,2026-06-13 11:24:20,0.5897755610972568,0
1956,0404,3,2026-06-13 11:24:20,0.4447215295095595,0
1957,0404,3,2026-06-13 11:24:20,0.4447215295095595,0
1958,0404,3,2026-06-13 11:24:20,0.4447215295095595,0
1959,0404,3,2026-06-13 11:24:30,0.4447215295095595,0
1960,0404,3,2026-06-13 11:24:30,0.4447215295095595,0
1961,0404,3,2026-06-13 11:24:40,0.4447215295095595,0
1962,0404,3,2026-06-13 11:24:50,0.4447215295095595,0
1963,0404,3,2026-06-13 11:24:50,0.4447215295095595,0
1964,0404,3,2026-06-13 11:24:50,0.4447215295095595,0
1965,0381,3,2026-06-13 13:06:30,1.0000000000000000,0
1966,0381,3,2026-06-13 13:06:40,1.0000000000000000,0
1967,0381,3,2026-06-13 13:06:50,1.0000000000000000,0
1968,0381,3,2026-06-13 13:07:00,1.0000000000000000,0
1969,0381,3,2026-06-13 13:07:10,1.0000000000000000,0
1970,0381,3,2026-06-13 13:07:20,1.0000000000000000,0
1971,0132,3,2026-06-13 13:10:00,0.4447215295095595,0
1972,0132,3,2026-06-13 13:10:10,0.4447215295095595,0
1973,0132,3,2026-06-13 13:10:20,0.4447215295095595,0
1974,0106,3,2026-06-13 13:10:30,0.2930174563591023,0
1975,0132,3,2026-06-13 13:10:30,0.4447215295095595,0
1976,0237,3,2026-06-13 13:10:30,0.2930174563591023,0
1977,0106,3,2026-06-13 13:10:40,0.2930174563591023,0
1978,0132,3,2026-06-13 13:10:40,0.4447215295095595,0
1979,0237,3,2026-06-13 13:10:40,0.2930174563591023,0
1980,0106,3,2026-06-13 13:10:50,0.2930174563591023,0
1981,0132,3,2026-06-13 13:10:50,0.4447215295095595,0
1982,0237,3,2026-06-13 13:10:50,0.2930174563591023,0
1983,0237,3,2026-06-13 13:10:50,0.2930174563591023,0
1984,0287,3,2026-06-13 13:10:50,0.2930174563591023,0
1985,0106,3,2026-06-13 13:11:00,0.2930174563591023,0
1986,0132,3,2026-06-13 13:11:00,0.4447215295095595,0
1987,0237,3,2026-06-13 13:11:00,0.2930174563591023,0
1988,0237,3,2026-06-13 13:11:00,0.2930174563591023,0
1989,0237,3,2026-06-13 13:11:00,0.2930174563591023,0
1990,0237,3,2026-06-13 13:11:00,0.2930174563591023,0
1991,0287,3,2026-06-13 13:11:00,0.2930174563591023,0
1992,0106,3,2026-06-13 13:11:10,0.2930174563591023,0
1993,0132,3,2026-06-13 13:11:10,0.4447215295095595,1
1994,0237,3,2026-06-13 13:11:10,0.2930174563591023,0
1995,0237,3,2026-06-13 13:11:10,0.2930174563591023,0
1996,0237,3,2026-06-13 13:11:10,0.2930174563591023,0
1997,0287,3,2026-06-13 13:11:10,0.2930174563591023,0
1998,0106,3,2026-06-13 13:11:20,0.2930174563591023,0
1999,0132,3,2026-06-13 13:11:20,0.4447215295095595,0
2000,0237,3,2026-06-13 13:11:20,0.2930174563591023,0
2001,0237,3,2026-06-13 13:11:20,0.2930174563591023,0
2002,0287,3,2026-06-13 13:11:20,0.2930174563591023,0
2003,0106,3,2026-06-13 13:11:30,0.2930174563591023,0
2004,0132,3,2026-06-13 13:11:30,0.4447215295095595,0
2005,0237,3,2026-06-13 13:11:30,0.2930174563591023,0
2006,0237,3,2026-06-13 13:11:30,0.2930174563591023,0
2007,0287,3,2026-06-13 13:11:30,0.2930174563591023,0
2008,0106,3,2026-06-13 13:11:40,0.2930174563591023,0
2009,0132,3,2026-06-13 13:11:40,0.4447215295095595,0
2010,0287,3,2026-06-13 13:11:40,0.2930174563591023,0
2011,0106,3,2026-06-13 13:11:50,0.2930174563591023,0
2012,0132,3,2026-06-13 13:11:50,0.4447215295095595,0
2013,0287,3,2026-06-13 13:11:50,0.2930174563591023,0
2014,0106,3,2026-06-13 13:12:00,0.2930174563591023,0
2015,0287,3,2026-06-13 13:12:00,0.2930174563591023,0
2016,0287,3,2026-06-13 13:12:10,0.2930174563591023,0
2017,0287,3,2026-06-13 13:12:20,0.2930174563591023,0
2018,0287,3,2026-06-13 13:12:30,0.2930174563591023,0
2019,0297,3,2026-06-13 14:49:30,0.8528678304239401,0
2020,0297,3,2026-06-13 14:49:40,0.8528678304239401,0
2021,0297,3,2026-06-13 14:49:50,0.8528678304239401,0
2022,0297,3,2026-06-13 14:50:00,0.8528678304239401,0
2023,0297,3,2026-06-13 14:50:10,0.8528678304239401,0
2024,0297,3,2026-06-13 14:50:20,0.8528678304239401,0
2025,0297,3,2026-06-13 14:50:30,0.8528678304239401,1
2026,0210,3,2026-06-13 14:52:30,0.8528678304239401,0
2027,0399,3,2026-06-13 14:52:30,0.5361596009975063,0
2028,0210,3,2026-06-13 14:52:40,0.8528678304239401,0
2029,0399,3,2026-06-13 14:52:40,0.5361596009975063,0
2030,0210,3,2026-06-13 14:52:50,0.8528678304239401,0
2031,0399,3,2026-06-13 14:52:50,0.5361596009975063,0
2032,0210,3,2026-06-13 14:53:00,0.8528678304239401,0
2033,0399,3,2026-06-13 14:53:00,0.5361596009975063,0
2034,0210,3,2026-06-13 14:53:10,0.8528678304239401,0
2035,0399,3,2026-06-13 14:53:10,0.5361596009975063,0
2036,0210,3,2026-06-13 14:53:20,0.8528678304239401,0
2037,0399,3,2026-06-13 14:53:20,0.5361596009975063,0
2038,0210,3,2026-06-13 14:53:30,0.8528678304239401,0
2039,0399,3,2026-06-13 14:53:30,0.5361596009975063,0
2040,0210,3,2026-06-13 14:53:40,0.8528678304239401,0
2041,0399,3,2026-06-13 14:53:40,0.5361596009975063,0
2042,0210,3,2026-06-13 14:53:50,0.8528678304239401,0
2043,0399,3,2026-06-13 14:53:50,0.5361596009975063,0
2044,0210,3,2026-06-13 14:54:00,0.8528678304239401,0
2045,0399,3,2026-06-13 14:54:00,0.5361596009975063,0
2046,0210,3,2026-06-13 14:54:10,0.8528678304239401,0
2047,0399,3,2026-06-13 14:54:10,0.5361596009975063,0
2048,0210,3,2026-06-13 14:54:20,0.8528678304239401,0
2049,0149,3,2026-06-13 16:09:30,0.6118038237738986,0
2050,0149,3,2026-06-13 16:09:40,0.6118038237738986,0
2051,0149,3,2026-06-13 16:09:50,0.6118038237738986,0
2052,0149,3,2026-06-13 16:10:00,0.6118038237738986,0
2053,0149,3,2026-06-13 16:10:10,0.6118038237738986,0
2054,0149,3,2026-06-13 16:10:20,0.6118038237738986,0
2055,0149,3,2026-06-13 16:10:30,0.6118038237738986,0
2056,0149,3,2026-06-13 16:10:40,0.6118038237738986,0
2057,0055,3,2026-06-13 16:10:50,0.7763923524522028,0
2058,0149,3,2026-06-13 16:10:50,0.6118038237738986,0
2059,0448,3,2026-06-13 16:10:50,0.1957605985037406,0
2060,0055,3,2026-06-13 16:11:00,0.7763923524522028,0
2061,0149,3,2026-06-13 16:11:00,0.6118038237738986,0
2062,0448,3,2026-06-13 16:11:00,0.1957605985037406,0
2063,0485,3,2026-06-13 16:11:00,0.7763923524522028,0
2064,0485,3,2026-06-13 16:11:00,0.7763923524522028,1
2065,0055,3,2026-06-13 16:11:10,0.7763923524522028,0
2066,0149,3,2026-06-13 16:11:10,0.6118038237738986,0
2067,0448,3,2026-06-13 16:11:10,0.1957605985037406,0
2068,0485,3,2026-06-13 16:11:10,0.7763923524522028,0
2069,0485,3,2026-06-13 16:11:10,0.7763923524522028,0
2070,0055,3,2026-06-13 16:11:20,0.7763923524522028,0
2071,0321,3,2026-06-13 16:11:20,0.6354945968412302,0
2072,0448,3,2026-06-13 16:11:20,0.1957605985037406,0
2073,0485,3,2026-06-13 16:11:20,0.7763923524522028,0
2074,0485,3,2026-06-13 16:11:20,0.7763923524522028,0
2075,0055,3,2026-06-13 16:11:30,0.7763923524522028,0
2076,0321,3,2026-06-13 16:11:30,0.6354945968412302,0
2077,0485,3,2026-06-13 16:11:30,0.7763923524522028,0
2078,0485,3,2026-06-13 16:11:30,0.7763923524522028,0
2079,0485,3,2026-06-13 16:11:30,0.7763923524522028,1
2080,0485,3,2026-06-13 16:11:30,0.7763923524522028,0
2081,0055,3,2026-06-13 16:11:40,0.7763923524522028,0
2082,0321,3,2026-06-13 16:11:40,0.6354945968412302,0
2083,0485,3,2026-06-13 16:11:40,0.7763923524522028,0
2084,0485,3,2026-06-13 16:11:40,0.7763923524522028,0
2085,0485,3,2026-06-13 16:11:40,0.7763923524522028,0
2086,0485,3,2026-06-13 16:11:40,0.7763923524522028,0
2087,0043,3,2026-06-13 16:11:50,0.1957605985037406,0
2088,0055,3,2026-06-13 16:11:50,0.7763923524522028,0
2089,0321,3,2026-06-13 16:11:50,0.6354945968412302,1
2090,0366,3,2026-06-13 16:11:50,1.0000000000000000,0
2091,0366,3,2026-06-13 16:11:50,1.0000000000000000,0
2092,0485,3,2026-06-13 16:11:50,0.7763923524522028,0
2093,0485,3,2026-06-13 16:11:50,0.7763923524522028,0
2094,0485,3,2026-06-13 16:11:50,0.7763923524522028,0
2095,0043,3,2026-06-13 16:12:00,0.1957605985037406,1
2096,0055,3,2026-06-13 16:12:00,0.7763923524522028,0
2097,0366,3,2026-06-13 16:12:00,1.0000000000000000,0
2098,0366,3,2026-06-13 16:12:00,1.0000000000000000,0
2099,0485,3,2026-06-13 16:12:00,0.7763923524522028,0
2100,0485,3,2026-06-13 16:12:00,0.7763923524522028,0
2101,0043,3,2026-06-13 16:12:10,0.1957605985037406,0
2102,0055,3,2026-06-13 16:12:10,0.7763923524522028,0
2103,0366,3,2026-06-13 16:12:10,1.0000000000000000,0
2104,0366,3,2026-06-13 16:12:10,1.0000000000000000,0
2105,0366,3,2026-06-13 16:12:10,1.0000000000000000,0
2106,0485,3,2026-06-13 16:12:10,0.7763923524522028,0
2107,0485,3,2026-06-13 16:12:10,0.7763923524522028,0
2108,0055,3,2026-06-13 16:12:20,0.7763923524522028,0
2109,0366,3,2026-06-13 16:12:20,1.0000000000000000,0
2110,0366,3,2026-06-13 16:12:20,1.0000000000000000,0
2111,0366,3,2026-06-13 16:12:20,1.0000000000000000,0
2112,0366,3,2026-06-13 16:12:20,1.0000000000000000,0
2113,0366,3,2026-06-13 16:12:20,1.0000000000000000,0
2114,0055,3,2026-06-13 16:12:30,0.7763923524522028,0
2115,0366,3,2026-06-13 16:12:30,1.0000000000000000,1
2116,0366,3,2026-06-13 16:12:30,1.0000000000000000,0
2117,0366,3,2026-06-13 16:12:30,1.0000000000000000,0
2118,0366,3,2026-06-13 16:12:30,1.0000000000000000,0
2119,0366,3,2026-06-13 16:12:30,1.0000000000000000,0
2120,0171,3,2026-06-13 16:12:40,0.0544472152950956,0
2121,0366,3,2026-06-13 16:12:40,1.0000000000000000,0
2122,0366,3,2026-06-13 16:12:40,1.0000000000000000,0
2123,0366,3,2026-06-13 16:12:40,1.0000000000000000,0
2124,0366,3,2026-06-13 16:12:40,1.0000000000000000,0
2125,0366,3,2026-06-13 16:12:40,1.0000000000000000,0
2126,0366,3,2026-06-13 16:12:40,1.0000000000000000,0
2127,0432,3,2026-06-13 16:12:40,1.0000000000000000,0
2128,0432,3,2026-06-13 16:12:40,1.0000000000000000,0
2129,0432,3,2026-06-13 16:12:40,1.0000000000000000,0
2130,0432,3,2026-06-13 16:12:40,1.0000000000000000,0
2131,0432,3,2026-06-13 16:12:40,1.0000000000000000,0
2132,0432,3,2026-06-13 16:12:40,1.0000000000000000,0
2133,0171,3,2026-06-13 16:12:50,0.0544472152950956,0
2134,0366,3,2026-06-13 16:12:50,1.0000000000000000,0
2135,0366,3,2026-06-13 16:12:50,1.0000000000000000,0
2136,0366,3,2026-06-13 16:12:50,1.0000000000000000,0
2137,0366,3,2026-06-13 16:12:50,1.0000000000000000,0
2138,0366,3,2026-06-13 16:12:50,1.0000000000000000,0
2139,0366,3,2026-06-13 16:12:50,1.0000000000000000,0
2140,0432,3,2026-06-13 16:12:50,1.0000000000000000,0
2141,0432,3,2026-06-13 16:12:50,1.0000000000000000,0
2142,0432,3,2026-06-13 16:12:50,1.0000000000000000,0
2143,0432,3,2026-06-13 16:12:50,1.0000000000000000,0
2144,0432,3,2026-06-13 16:12:50,1.0000000000000000,0
2145,0432,3,2026-06-13 16:12:50,1.0000000000000000,0
2146,0171,3,2026-06-13 16:13:00,0.0544472152950956,0
2147,0366,3,2026-06-13 16:13:00,1.0000000000000000,0
2148,0366,3,2026-06-13 16:13:00,1.0000000000000000,0
2149,0366,3,2026-06-13 16:13:00,1.0000000000000000,0
2150,0366,3,2026-06-13 16:13:00,1.0000000000000000,0
2151,0432,3,2026-06-13 16:13:00,1.0000000000000000,0
2152,0432,3,2026-06-13 16:13:00,1.0000000000000000,0
2153,0432,3,2026-06-13 16:13:00,1.0000000000000000,0
2154,0432,3,2026-06-13 16:13:00,1.0000000000000000,0
2155,0432,3,2026-06-13 16:13:00,1.0000000000000000,0
2156,0432,3,2026-06-13 16:13:00,1.0000000000000000,0
2157,0171,3,2026-06-13 16:13:10,0.0544472152950956,0
2158,0366,3,2026-06-13 16:13:10,1.0000000000000000,0
2159,0366,3,2026-06-13 16:13:10,1.0000000000000000,0
2160,0432,3,2026-06-13 16:13:10,1.0000000000000000,0
2161,0432,3,2026-06-13 16:13:10,1.0000000000000000,0
2162,0432,3,2026-06-13 16:13:10,1.0000000000000000,0
2163,0432,3,2026-06-13 16:13:10,1.0000000000000000,0
2164,0432,3,2026-06-13 16:13:10,1.0000000000000000,0
2165,0432,3,2026-06-13 16:13:10,1.0000000000000000,0
2166,0432,3,2026-06-13 16:13:10,1.0000000000000000,0
2167,0432,3,2026-06-13 16:13:10,1.0000000000000000,0
2168,0171,3,2026-06-13 16:13:20,0.0544472152950956,0
2169,0366,3,2026-06-13 16:13:20,1.0000000000000000,0
2170,0366,3,2026-06-13 16:13:20,1.0000000000000000,0
2171,0432,3,2026-06-13 16:13:20,1.0000000000000000,0
2172,0432,3,2026-06-13 16:13:20,1.0000000000000000,0
2173,0432,3,2026-06-13 16:13:20,1.0000000000000000,0
2174,0432,3,2026-06-13 16:13:20,1.0000000000000000,0
2175,0432,3,2026-06-13 16:13:20,1.0000000000000000,0
2176,0432,3,2026-06-13 16:13:20,1.0000000000000000,0
2177,0432,3,2026-06-13 16:13:20,1.0000000000000000,0
2178,0432,3,2026-06-13 16:13:20,1.0000000000000000,0
2179,0171,3,2026-06-13 16:13:30,0.0544472152950956,0
2180,0432,3,2026-06-13 16:13:30,1.0000000000000000,0
2181,0432,3,2026-06-13 16:13:30,1.0000000000000000,0
2182,0432,3,2026-06-13 16:13:30,1.0000000000000000,0
2183,0432,3,2026-06-13 16:13:30,1.0000000000000000,0
2184,0432,3,2026-06-13 16:13:30,1.0000000000000000,0
2185,0432,3,2026-06-13 16:13:30,1.0000000000000000,0
2186,0432,3,2026-06-13 16:13:30,1.0000000000000000,0
2187,0171,3,2026-06-13 16:13:40,0.0544472152950956,0
2188,0432,3,2026-06-13 16:13:40,1.0000000000000000,0
2189,0432,3,2026-06-13 16:13:40,1.0000000000000000,0
2190,0432,3,2026-06-13 16:13:40,1.0000000000000000,0
2191,0432,3,2026-06-13 16:13:40,1.0000000000000000,0
2192,0432,3,2026-06-13 16:13:40,1.0000000000000000,0
2193,0432,3,2026-06-13 16:13:40,1.0000000000000000,0
2194,0432,3,2026-06-13 16:13:40,1.0000000000000000,0
2195,0171,3,2026-06-13 16:13:50,0.0544472152950956,0
2196,0422,3,2026-06-13 16:13:50,0.2930174563591023,0
2197,0432,3,2026-06-13 16:13:50,1.0000000000000000,0
2198,0432,3,2026-06-13 16:13:50,1.0000000000000000,0
2199,0432,3,2026-06-13 16:13:50,1.0000000000000000,0
2200,0432,3,2026-06-13 16:13:50,1.0000000000000000,0
2201,0432,3,2026-06-13 16:13:50,1.0000000000000000,0
2202,0432,3,2026-06-13 16:13:50,1.0000000000000000,0
2203,0171,3,2026-06-13 16:14:00,0.0544472152950956,0
2204,0422,3,2026-06-13 16:14:00,0.2930174563591023,0
2205,0432,3,2026-06-13 16:14:00,1.0000000000000000,0
2206,0432,3,2026-06-13 16:14:00,1.0000000000000000,0
2207,0432,3,2026-06-13 16:14:00,1.0000000000000000,0
2208,0432,3,2026-06-13 16:14:00,1.0000000000000000,0
2209,0432,3,2026-06-13 16:14:00,1.0000000000000000,0
2210,0432,3,2026-06-13 16:14:00,1.0000000000000000,0
2211,0171,3,2026-06-13 16:14:10,0.0544472152950956,0
2212,0422,3,2026-06-13 16:14:10,0.2930174563591023,0
2213,0432,3,2026-06-13 16:14:10,1.0000000000000000,0
2214,0432,3,2026-06-13 16:14:10,1.0000000000000000,0
2215,0432,3,2026-06-13 16:14:10,1.0000000000000000,0
2216,0432,3,2026-06-13 16:14:10,1.0000000000000000,0
2217,0432,3,2026-06-13 16:14:10,1.0000000000000000,0
2218,0422,3,2026-06-13 16:14:20,0.2930174563591023,0
2219,0422,3,2026-06-13 16:14:30,0.2930174563591023,0
2220,0427,3,2026-06-13 16:14:30,0.1030756442227764,0
2221,0422,3,2026-06-13 16:14:40,0.2930174563591023,0
2222,0427,3,2026-06-13 16:14:40,0.1030756442227764,0
2223,0422,3,2026-06-13 16:14:50,0.2930174563591023,0
2224,0427,3,2026-06-13 16:14:50,0.1030756442227764,0
2225,0422,3,2026-06-13 16:15:00,0.2930174563591023,0
2226,0427,3,2026-06-13 16:15:00,0.1030756442227764,0
2227,0422,3,2026-06-13 16:15:10,0.2930174563591023,0
2228,0427,3,2026-06-13 16:15:10,0.1030756442227764,0
2229,0422,3,2026-06-13 16:15:20,0.2930174563591023,0
2230,0427,3,2026-06-13 16:15:20,0.1030756442227764,0
2231,0422,3,2026-06-13 16:15:30,0.2930174563591023,0
2232,0427,3,2026-06-13 16:15:30,0.1030756442227764,0
2233,0422,3,2026-06-13 16:15:40,0.2930174563591023,0
2234,0427,3,2026-06-13 16:15:40,0.1030756442227764,0
2235,0427,3,2026-06-13 16:15:50,0.1030756442227764,0
2236,0427,3,2026-06-13 16:16:00,0.1030756442227764,0
2237,0427,3,2026-06-13 16:16:10,0.1030756442227764,0
2238,0454,3,2026-06-13 16:16:20,1.0000000000000000,0
2239,0454,3,2026-06-13 16:16:30,1.0000000000000000,0
2240,0454,3,2026-06-13 16:16:40,1.0000000000000000,0
2241,0454,3,2026-06-13 16:16:50,1.0000000000000000,0
2242,0454,3,2026-06-13 16:17:00,1.0000000000000000,0
2243,0454,3,2026-06-13 16:17:10,1.0000000000000000,0
2244,0130,3,2026-06-13 16:18:00,0.0544472152950956,0
2245,0130,3,2026-06-13 16:18:10,0.0544472152950956,0
2246,0130,3,2026-06-13 16:18:20,0.0544472152950956,0
2247,0130,3,2026-06-13 16:18:30,0.0544472152950956,0
2248,0130,3,2026-06-13 16:18:40,0.0544472152950956,0
2249,0130,3,2026-06-13 16:18:50,0.0544472152950956,0
2250,0130,3,2026-06-13 16:19:00,0.0544472152950956,0
2251,0130,3,2026-06-13 16:19:10,0.0544472152950956,0
2252,0130,3,2026-06-13 16:19:20,0.0544472152950956,0
2253,0010,3,2026-06-13 16:19:30,0.2930174563591023,0
2254,0103,3,2026-06-13 16:19:30,1.0000000000000000,0
2255,0130,3,2026-06-13 16:19:30,0.0544472152950956,0
2256,0010,3,2026-06-13 16:19:40,0.2930174563591023,0
2257,0103,3,2026-06-13 16:19:40,1.0000000000000000,0
2258,0010,3,2026-06-13 16:19:50,0.2930174563591023,0
2259,0010,3,2026-06-13 16:20:00,0.2930174563591023,0
2260,0010,3,2026-06-13 16:20:10,0.2930174563591023,0
2261,0010,3,2026-06-13 16:20:20,0.2930174563591023,0
2262,0010,3,2026-06-13 16:20:30,0.2930174563591023,0
2263,0010,3,2026-06-13 16:20:40,0.2930174563591023,0
2264,0010,3,2026-06-13 16:20:50,0.2930174563591023,0
2265,0010,3,2026-06-13 16:21:00,0.2930174563591023,0
2266,0010,3,2026-06-13 16:21:10,0.2930174563591023,0
2267,0263,3,2026-06-13 17:49:50,0.2930174563591023,0
2268,0263,3,2026-06-13 17:50:00,0.2930174563591023,0
2269,0333,3,2026-06-13 17:50:00,0.5897755610972568,0
2270,0263,3,2026-06-13 17:50:10,0.2930174563591023,0
2271,0333,3,2026-06-13 17:50:10,0.5897755610972568,0
2272,0263,3,2026-06-13 17:50:20,0.2930174563591023,0
2273,0333,3,2026-06-13 17:50:20,0.5897755610972568,0
2274,0263,3,2026-06-13 17:50:30,0.2930174563591023,0
2275,0333,3,2026-06-13 17:50:30,0.5897755610972568,0
2276,0263,3,2026-06-13 17:50:40,0.2930174563591023,0
2277,0333,3,2026-06-13 17:50:40,0.5897755610972568,0
2278,0263,3,2026-06-13 17:50:50,0.2930174563591023,0
2279,0333,3,2026-06-13 17:50:50,0.5897755610972568,0
2280,0263,3,2026-06-13 17:51:00,0.2930174563591023,0
2281,0333,3,2026-06-13 17:51:00,0.5897755610972568,0
2282,0263,3,2026-06-13 17:51:10,0.2930174563591023,0
2283,0333,3,2026-06-13 17:51:10,0.5897755610972568,0
2284,0263,3,2026-06-13 17:51:20,0.2930174563591023,0
2285,0333,3,2026-06-13 17:51:20,0.5897755610972568,1
2286,0263,3,2026-06-13 17:51:30,0.2930174563591023,0
2287,0333,3,2026-06-13 17:51:30,0.5897755610972568,1
2288,0333,3,2026-06-13 17:51:40,0.5897755610972568,0
2289,0214,3,2026-06-13 17:52:00,0.6354945968412302,0
2290,0214,3,2026-06-13 17:52:10,0.6354945968412302,0
2291,0214,3,2026-06-13 17:52:20,0.6354945968412302,0
2292,0214,3,2026-06-13 17:52:30,0.6354945968412302,0
2293,0214,3,2026-06-13 17:52:40,0.6354945968412302,0
2294,0214,3,2026-06-13 17:52:50,0.6354945968412302,0
2295,0214,3,2026-06-13 17:53:00,0.6354945968412302,0
2296,0214,3,2026-06-13 17:53:10,0.6354945968412302,0
2297,0214,3,2026-06-13 17:53:20,0.6354945968412302,0
2298,0283,3,2026-06-13 17:53:20,0.7763923524522028,0
2299,0283,3,2026-06-13 17:53:20,0.7763923524522028,0
2300,0283,3,2026-06-13 17:53:20,0.7763923524522028,0
2301,0283,3,2026-06-13 17:53:30,0.7763923524522028,0
2302,0283,3,2026-06-13 17:53:30,0.7763923524522028,0
2303,0283,3,2026-06-13 17:53:30,0.7763923524522028,0
2304,0283,3,2026-06-13 17:53:30,0.7763923524522028,0
2305,0283,3,2026-06-13 17:53:40,0.7763923524522028,0
2306,0283,3,2026-06-13 17:53:40,0.7763923524522028,0
2307,0283,3,2026-06-13 17:53:40,0.7763923524522028,0
2308,0283,3,2026-06-13 17:53:40,0.7763923524522028,0
2309,0283,3,2026-06-13 17:53:40,0.7763923524522028,0
2310,0075,3,2026-06-13 17:53:50,0.8528678304239401,0
2311,0283,3,2026-06-13 17:53:50,0.7763923524522028,0
2312,0283,3,2026-06-13 17:53:50,0.7763923524522028,0
2313,0283,3,2026-06-13 17:53:50,0.7763923524522028,0
2314,0283,3,2026-06-13 17:53:50,0.7763923524522028,0
2315,0283,3,2026-06-13 17:53:50,0.7763923524522028,0
2316,0283,3,2026-06-13 17:53:50,0.7763923524522028,0
2317,0283,3,2026-06-13 17:53:50,0.7763923524522028,0
2318,0283,3,2026-06-13 17:53:50,0.7763923524522028,0
2319,0075,3,2026-06-13 17:54:00,0.8528678304239401,0
2320,0283,3,2026-06-13 17:54:00,0.7763923524522028,0
2321,0283,3,2026-06-13 17:54:00,0.7763923524522028,0
2322,0283,3,2026-06-13 17:54:00,0.7763923524522028,0
2323,0283,3,2026-06-13 17:54:00,0.7763923524522028,0
2324,0283,3,2026-06-13 17:54:00,0.7763923524522028,0
2325,0283,3,2026-06-13 17:54:00,0.7763923524522028,0
2326,0283,3,2026-06-13 17:54:00,0.7763923524522028,0
2327,0283,3,2026-06-13 17:54:00,0.7763923524522028,0
2328,0075,3,2026-06-13 17:54:10,0.8528678304239401,0
2329,0283,3,2026-06-13 17:54:10,0.7763923524522028,0
2330,0283,3,2026-06-13 17:54:10,0.7763923524522028,0
2331,0283,3,2026-06-13 17:54:10,0.7763923524522028,1
2332,0283,3,2026-06-13 17:54:10,0.7763923524522028,0
2333,0283,3,2026-06-13 17:54:10,0.7763923524522028,0
2334,0283,3,2026-06-13 17:54:10,0.7763923524522028,0
2335,0283,3,2026-06-13 17:54:10,0.7763923524522028,0
2336,0283,3,2026-06-13 17:54:10,0.7763923524522028,0
2337,0075,3,2026-06-13 17:54:20,0.8528678304239401,0
2338,0283,3,2026-06-13 17:54:20,0.7763923524522028,0
2339,0283,3,2026-06-13 17:54:20,0.7763923524522028,0
2340,0283,3,2026-06-13 17:54:20,0.7763923524522028,0
2341,0283,3,2026-06-13 17:54:20,0.7763923524522028,0
2342,0283,3,2026-06-13 17:54:20,0.7763923524522028,0
2343,0283,3,2026-06-13 17:54:20,0.7763923524522028,0
2344,0283,3,2026-06-13 17:54:20,0.7763923524522028,0
2345,0283,3,2026-06-13 17:54:20,0.7763923524522028,0
2346,0075,3,2026-06-13 17:54:30,0.8528678304239401,0
2347,0283,3,2026-06-13 17:54:30,0.7763923524522028,0
2348,0283,3,2026-06-13 17:54:30,0.7763923524522028,0
2349,0283,3,2026-06-13 17:54:30,0.7763923524522028,0
2350,0283,3,2026-06-13 17:54:30,0.7763923524522028,0
2351,0283,3,2026-06-13 17:54:30,0.7763923524522028,0
2352,0283,3,2026-06-13 17:54:30,0.7763923524522028,0
2353,0075,3,2026-06-13 17:54:40,0.8528678304239401,1
2354,0283,3,2026-06-13 17:54:40,0.7763923524522028,0
2355,0283,3,2026-06-13 17:54:40,0.7763923524522028,0
2356,0283,3,2026-06-13 17:54:40,0.7763923524522028,0
2357,0283,3,2026-06-13 17:54:40,0.7763923524522028,0
2358,0283,3,2026-06-13 17:54:40,0.7763923524522028,0
2359,0283,3,2026-06-13 17:54:40,0.7763923524522028,0
2360,0283,3,2026-06-13 17:54:40,0.7763923524522028,0
2361,0075,3,2026-06-13 17:54:50,0.8528678304239401,0
2362,0283,3,2026-06-13 17:54:50,0.7763923524522028,0
2363,0283,3,2026-06-13 17:54:50,0.7763923524522028,0
2364,0283,3,2026-06-13 17:54:50,0.7763923524522028,0
2365,0283,3,2026-06-13 17:54:50,0.7763923524522028,0
2366,0075,3,2026-06-13 17:55:00,0.8528678304239401,0
2367,0283,3,2026-06-13 17:55:00,0.7763923524522028,0
2368,0283,3,2026-06-13 17:55:00,0.7763923524522028,0
2369,0283,3,2026-06-13 17:55:00,0.7763923524522028,0
2370,0283,3,2026-06-13 17:55:00,0.7763923524522028,0
2371,0283,3,2026-06-13 17:55:10,0.7763923524522028,0
2372,0283,3,2026-06-13 17:55:10,0.7763923524522028,0
2373,0283,3,2026-06-13 17:55:10,0.7763923524522028,0
2374,0018,3,2026-06-13 19:07:40,0.5897755610972568,0
2375,0018,3,2026-06-13 19:07:50,0.5897755610972568,0
2376,0018,3,2026-06-13 19:08:00,0.5897755610972568,0
2377,0018,3,2026-06-13 19:08:10,0.5897755610972568,0
2378,0018,3,2026-06-13 19:08:20,0.5897755610972568,0
2379,0018,3,2026-06-13 19:08:30,0.5897755610972568,1
2380,0018,3,2026-06-13 19:08:40,0.5897755610972568,0
2381,0018,3,2026-06-13 19:08:50,0.5897755610972568,0
2382,0018,3,2026-06-13 19:09:00,0.5897755610972568,0
2383,0018,3,2026-06-13 19:09:10,0.5897755610972568,0
2384,0018,3,2026-06-13 19:09:20,0.5897755610972568,0
2385,0018,3,2026-06-13 19:09:30,0.5897755610972568,0
2386,0284,3,2026-06-13 19:26:30,0.8528678304239401,0
2387,0284,3,2026-06-13 19:26:40,0.8528678304239401,0
2388,0284,3,2026-06-13 19:26:50,0.8528678304239401,0
2389,0284,3,2026-06-13 19:27:00,0.8528678304239401,0
2390,0284,3,2026-06-13 19:27:10,0.8528678304239401,0
2391,0362,3,2026-06-13 19:27:10,0.7763923524522028,0
2392,0284,3,2026-06-13 19:27:20,0.8528678304239401,0
2393,0362,3,2026-06-13 19:27:20,0.7763923524522028,0
2394,0284,3,2026-06-13 19:27:30,0.8528678304239401,0
2395,0362,3,2026-06-13 19:27:30,0.7763923524522028,0
2396,0284,3,2026-06-13 19:27:40,0.8528678304239401,0
2397,0362,3,2026-06-13 19:27:40,0.7763923524522028,0
2398,0284,3,2026-06-13 19:27:50,0.8528678304239401,0
2399,0362,3,2026-06-13 19:27:50,0.7763923524522028,0
2400,0284,3,2026-06-13 19:28:00,0.8528678304239401,1
2401,0362,3,2026-06-13 19:28:00,0.7763923524522028,0
2402,0362,3,2026-06-13 19:28:10,0.7763923524522028,0
2403,0362,3,2026-06-13 19:28:20,0.7763923524522028,0
2404,0362,3,2026-06-13 19:28:30,0.7763923524522028,0
2405,0362,3,2026-06-13 19:28:40,0.7763923524522028,0
