index,ID,satellite,time,score_scenario,selected
0,0668,0,2026-06-13 10:32:10,0.7822531179717849,0
1,0668,0,2026-06-13 10:32:20,0.7822531179717849,0
2,0668,0,2026-06-13 10:32:30,0.7822531179717849,0
3,0668,0,2026-06-13 10:32:40,0.7822531179717849,0
4,0668,0,2026-06-13 10:32:50,0.7822531179717849,0
5,0668,0,2026-06-13 10:33:00,0.7822531179717849,0
6,0668,0,2026-06-13 10:33:10,0.7822531179717849,0
7,0668,0,2026-06-13 10:33:20,0.7822531179717849,0
8,0668,0,2026-06-13 10:33:30,0.7822531179717849,0
9,0908,0,2026-06-13 10:33:30,0.3692496421999591,0
10,0668,0,2026-06-13 10:33:40,0.7822531179717849,0
11,0908,0,2026-06-13 10:33:40,0.3692496421999591,0
12,0094,0,2026-06-13 10:33:50,0.1247188713964424,0
13,0465,0,2026-06-13 10:33:50,0.1896340216724596,0
14,0668,0,2026-06-13 10:33:50,0.7822531179717849,0
15,0908,0,2026-06-13 10:33:50,0.3692496421999591,0
16,0094,0,2026-06-13 10:34:00,0.1247188713964424,1
17,0465,0,2026-06-13 10:34:00,0.1896340216724596,0
18,0668,0,2026-06-13 10:34:00,0.7822531179717849,0
19,0094,0,2026-06-13 10:34:10,0.1247188713964424,0
20,0459,0,2026-06-13 10:34:10,0.2789818033122061,0
21,0459,0,2026-06-13 10:34:10,0.2789818033122061,0
22,0465,0,2026-06-13 10:34:10,0.1896340216724596,0
23,0094,0,2026-06-13 10:34:20,0.1247188713964424,0
24,0459,0,2026-06-13 10:34:20,0.2789818033122061,0
25,0459,0,2026-06-13 10:34:20,0.2789818033122061,0
26,0459,0,2026-06-13 10:34:20,0.2789818033122061,0
27,0459,0,2026-06-13 10:34:20,0.2789818033122061,0
28,0465,0,2026-06-13 10:34:20,0.1896340216724596,0
29,0542,0,2026-06-13 10:34:20,0.3692496421999591,0
30,0094,0,2026-06-13 10:34:30,0.1247188713964424,0
31,0280,0,2026-06-13 10:34:30,0.1896340216724596,0
32,0280,0,2026-06-13 10:34:30,0.1896340216724596,0
33,0280,0,2026-06-13 10:34:30,0.1896340216724596,0
34,0459,0,2026-06-13 10:34:30,0.2789818033122061,0
35,0459,0,2026-06-13 10:34:30,0.2789818033122061,0
36,0459,0,2026-06-13 10:34:30,0.2789818033122061,0
37,0459,0,2026-06-13 10:34:30,0.2789818033122061,0
38,0459,0,2026-06-13 10:34:30,0.2789818033122061,0
39,0459,0,2026-06-13 10:34:30,0.2789818033122061,0
40,0465,0,2026-06-13 10:34:30,0.1896340216724596,0
41,0542,0,2026-06-13 10:34:30,0.3692496421999591,0
42,0940,0,2026-06-13 10:34:30,0.9248619914127990,0
43,0094,0,2026-06-13 10:34:40,0.1247188713964424,0
44,0280,0,2026-06-13 10:34:40,0.1896340216724596,0
45,0280,0,2026-06-13 10:34:40,0.1896340216724596,0
46,0280,0,2026-06-13 10:34:40,0.1896340216724596,0
47,0280,0,2026-06-13 10:34:40,0.1896340216724596,0
48,0280,0,2026-06-13 10:34:40,0.1896340216724596,0
49,0459,0,2026-06-13 10:34:40,0.2789818033122061,0
50,0459,0,2026-06-13 10:34:40,0.2789818033122061,0
51,0459,0,2026-06-13 10:34:40,0.2789818033122061,0
52,0459,0,2026-06-13 10:34:40,0.2789818033122061,0
53,0459,0,2026-06-13 10:34:40,0.2789818033122061,0
54,0459,0,2026-06-13 10:34:40,0.2789818033122061,0
55,0459,0,2026-06-13 10:34:40,0.2789818033122061,0
56,0465,0,2026-06-13 10:34:40,0.1896340216724596,0
57,0542,0,2026-06-13 10:34:40,0.3692496421999591,0
58,0940,0,2026-06-13 10:34:40,0.9248619914127990,0
59,0094,0,2026-06-13 10:34:50,0.1247188713964424,0
60,0280,0,2026-06-13 10:34:50,0.1896340216724596,0
61,0280,0,2026-06-13 10:34:50,0.1896340216724596,0
62,0280,0,2026-06-13 10:34:50,0.1896340216724596,0
63,0280,0,2026-06-13 10:34:50,0.1896340216724596,0
64,0280,0,2026-06-13 10:34:50,0.1896340216724596,0
65,0280,0,2026-06-13 10:34:50,0.1896340216724596,0
66,0459,0,2026-06-13 10:34:50,0.2789818033122061,0
67,0459,0,2026-06-13 10:34:50,0.2789818033122061,0
68,0459,0,2026-06-13 10:34:50,0.2789818033122061,0
69,0459,0,2026-06-13 10:34:50,0.2789818033122061,0
70,0459,0,2026-06-13 10:34:50,0.2789818033122061,1
71,0465,0,2026-06-13 10:34:50,0.1896340216724596,0
72,0542,0,2026-06-13 10:34:50,0.3692496421999591,0
73,0940,0,2026-06-13 10:34:50,0.9248619914127990,0
74,0094,0,2026-06-13 10:35:00,0.1247188713964424,0
75,0280,0,2026-06-13 10:35:00,0.1896340216724596,0
76,0280,0,2026-06-13 10:35:00,0.1896340216724596,0
77,0280,0,2026-06-13 10:35:00,0.1896340216724596,0
78,0280,0,2026-06-13 10:35:00,0.1896340216724596,0
79,0280,0,2026-06-13 10:35:00,0.1896340216724596,0
80,0280,0,2026-06-13 10:35:00,0.1896340216724596,0
81,0459,0,2026-06-13 10:35:00,0.2789818033122061,0
82,0459,0,2026-06-13 10:35:00,0.2789818033122061,0
83,0459,0,2026-06-13 10:35:00,0.2789818033122061,0
84,0459,0,2026-06-13 10:35:00,0.2789818033122061,0
85,0459,0,2026-06-13 10:35:00,0.2789818033122061,0
86,0465,0,2026-06-13 10:35:00,0.1896340216724596,0
87,0542,0,2026-06-13 10:35:00,0.3692496421999591,0
88,0940,0,2026-06-13 10:35:00,0.9248619914127990,0
89,0094,0,2026-06-13 10:35:10,0.1247188713964424,0
90,0280,0,2026-06-13 10:35:10,0.1896340216724596,0
91,0280,0,2026-06-13 10:35:10,0.1896340216724596,0
92,0280,0,2026-06-13 10:35:10,0.1896340216724596,0
93,0280,0,2026-06-13 10:35:10,0.1896340216724596,0
94,0280,0,2026-06-13 10:35:10,0.1896340216724596,0
95,0459,0,2026-06-13 10:35:10,0.2789818033122061,0
96,0459,0,2026-06-13 10:35:10,0.2789818033122061,0
97,0459,0,2026-06-13 10:35:10,0.2789818033122061,0
98,0459,0,2026-06-13 10:35:10,0.2789818033122061,0
99,0459,0,2026-06-13 10:35:10,0.2789818033122061,0
100,0465,0,2026-06-13 10:35:10,0.1896340216724596,0
101,0542,0,2026-06-13 10:35:10,0.3692496421999591,0
102,0561,0,2026-06-13 10:35:10,0.8509507258229401,0
103,0853,0,2026-06-13 10:35:10,0.1247188713964424,0
104,0940,0,2026-06-13 10:35:10,0.9248619914127990,0
105,0094,0,2026-06-13 10:35:20,0.1247188713964424,0
106,0280,0,2026-06-13 10:35:20,0.1896340216724596,0
107,0280,0,2026-06-13 10:35:20,0.1896340216724596,0
108,0280,0,2026-06-13 10:35:20,0.1896340216724596,0
109,0280,0,2026-06-13 10:35:20,0.1896340216724596,0
110,0280,0,2026-06-13 10:35:20,0.1896340216724596,0
111,0459,0,2026-06-13 10:35:20,0.2789818033122061,0
112,0459,0,2026-06-13 10:35:20,0.2789818033122061,0
113,0459,0,2026-06-13 10:35:20,0.2789818033122061,0
114,0459,0,2026-06-13 10:35:20,0.2789818033122061,0
115,0459,0,2026-06-13 10:35:20,0.2789818033122061,0
116,0459,0,2026-06-13 10:35:20,0.2789818033122061,0
117,0465,0,2026-06-13 10:35:20,0.1896340216724596,0
118,0542,0,2026-06-13 10:35:20,0.3692496421999591,0
119,0561,0,2026-06-13 10:35:20,0.8509507258229401,0
120,0853,0,2026-06-13 10:35:20,0.1247188713964424,1
121,0940,0,2026-06-13 10:35:20,0.9248619914127990,0
122,0280,0,2026-06-13 10:35:30,0.1896340216724596,0
123,0280,0,2026-06-13 10:35:30,0.1896340216724596,0
124,0280,0,2026-06-13 10:35:30,0.1896340216724596,0
125,0280,0,2026-06-13 10:35:30,0.1896340216724596,0
126,0280,0,2026-06-13 10:35:30,0.1896340216724596,0
127,0459,0,2026-06-13 10:35:30,0.2789818033122061,0
128,0459,0,2026-06-13 10:35:30,0.2789818033122061,0
129,0459,0,2026-06-13 10:35:30,0.2789818033122061,0
130,0459,0,2026-06-13 10:35:30,0.2789818033122061,0
131,0459,0,2026-06-13 10:35:30,0.2789818033122061,0
132,0542,0,2026-06-13 10:35:30,0.3692496421999591,0
133,0561,0,2026-06-13 10:35:30,0.8509507258229401,0
134,0940,0,2026-06-13 10:35:30,0.9248619914127990,0
135,0280,0,2026-06-13 10:35:40,0.1896340216724596,0
136,0280,0,2026-06-13 10:35:40,0.1896340216724596,0
137,0280,0,2026-06-13 10:35:40,0.1896340216724596,0
138,0280,0,2026-06-13 10:35:40,0.1896340216724596,0
139,0280,0,2026-06-13 10:35:40,0.1896340216724596,0
140,0459,0,2026-06-13 10:35:40,0.2789818033122061,0
141,0459,0,2026-06-13 10:35:40,0.2789818033122061,0
142,0459,0,2026-06-13 10:35:40,0.2789818033122061,0
143,0459,0,2026-06-13 10:35:40,0.2789818033122061,0
144,0459,0,2026-06-13 10:35:40,0.2789818033122061,0
145,0542,0,2026-06-13 10:35:40,0.3692496421999591,0
146,0561,0,2026-06-13 10:35:40,0.8509507258229401,0
147,0940,0,2026-06-13 10:35:40,0.9248619914127990,0
148,0139,0,2026-06-13 10:35:50,0.2789818033122061,0
149,0280,0,2026-06-13 10:35:50,0.1896340216724596,0
150,0280,0,2026-06-13 10:35:50,0.1896340216724596,0
151,0280,0,2026-06-13 10:35:50,0.1896340216724596,1
152,0280,0,2026-06-13 10:35:50,0.1896340216724596,0
153,0280,0,2026-06-13 10:35:50,0.1896340216724596,0
154,0280,0,2026-06-13 10:35:50,0.1896340216724596,0
155,0459,0,2026-06-13 10:35:50,0.2789818033122061,0
156,0459,0,2026-06-13 10:35:50,0.2789818033122061,0
157,0459,0,2026-06-13 10:35:50,0.2789818033122061,0
158,0459,0,2026-06-13 10:35:50,0.2789818033122061,0
159,0459,0,2026-06-13 10:35:50,0.2789818033122061,0
160,0561,0,2026-06-13 10:35:50,0.8509507258229401,0
161,0940,0,2026-06-13 10:35:50,0.9248619914127990,0
162,0139,0,2026-06-13 10:36:00,0.2789818033122061,0
163,0280,0,2026-06-13 10:36:00,0.1896340216724596,0
164,0280,0,2026-06-13 10:36:00,0.1896340216724596,0
165,0280,0,2026-06-13 10:36:00,0.1896340216724596,0
166,0280,0,2026-06-13 10:36:00,0.1896340216724596,0
167,0280,0,2026-06-13 10:36:00,0.1896340216724596,0
168,0561,0,2026-06-13 10:36:00,0.8509507258229401,0
169,0940,0,2026-06-13 10:36:00,0.9248619914127990,0
170,0139,0,2026-06-13 10:36:10,0.2789818033122061,0
171,0561,0,2026-06-13 10:36:10,0.8509507258229401,1
172,0940,0,2026-06-13 10:36:10,0.9248619914127990,0
173,0139,0,2026-06-13 10:36:20,0.2789818033122061,0
174,0561,0,2026-06-13 10:36:20,0.8509507258229401,0
175,0139,0,2026-06-13 10:36:30,0.2789818033122061,0
176,0139,0,2026-06-13 10:36:40,0.2789818033122061,1
177,0139,0,2026-06-13 10:36:50,0.2789818033122061,0
178,0139,0,2026-06-13 10:37:00,0.2789818033122061,0
179,0371,0,2026-06-13 10:37:00,0.9248619914127990,1
180,0139,0,2026-06-13 10:37:10,0.2789818033122061,0
181,0371,0,2026-06-13 10:37:10,0.9248619914127990,0
182,0139,0,2026-06-13 10:37:20,0.2789818033122061,0
183,0371,0,2026-06-13 10:37:20,0.9248619914127990,0
184,0864,0,2026-06-13 10:37:20,0.4595174810877121,0
185,0139,0,2026-06-13 10:37:30,0.2789818033122061,0
186,0371,0,2026-06-13 10:37:30,0.9248619914127990,0
187,0562,0,2026-06-13 10:37:30,0.0608260069515437,0
188,0692,0,2026-06-13 10:37:30,0.2789818033122061,0
189,0692,0,2026-06-13 10:37:30,0.2789818033122061,1
190,0692,0,2026-06-13 10:37:30,0.2789818033122061,0
191,0864,0,2026-06-13 10:37:30,0.4595174810877121,0
192,0139,0,2026-06-13 10:37:40,0.2789818033122061,0
193,0371,0,2026-06-13 10:37:40,0.9248619914127990,0
194,0562,0,2026-06-13 10:37:40,0.0608260069515437,0
195,0692,0,2026-06-13 10:37:40,0.2789818033122061,0
196,0692,0,2026-06-13 10:37:40,0.2789818033122061,0
197,0692,0,2026-06-13 10:37:40,0.2789818033122061,0
198,0692,0,2026-06-13 10:37:40,0.2789818033122061,0
199,0864,0,2026-06-13 10:37:40,0.4595174810877121,0
200,0371,0,2026-06-13 10:37:50,0.9248619914127990,0
201,0536,0,2026-06-13 10:37:50,0.8509507258229401,1
202,0562,0,2026-06-13 10:37:50,0.0608260069515437,0
203,0692,0,2026-06-13 10:37:50,0.2789818033122061,0
204,0692,0,2026-06-13 10:37:50,0.2789818033122061,0
205,0692,0,2026-06-13 10:37:50,0.2789818033122061,0
206,0864,0,2026-06-13 10:37:50,0.4595174810877121,0
207,0371,0,2026-06-13 10:38:00,0.9248619914127990,0
208,0536,0,2026-06-13 10:38:00,0.8509507258229401,0
209,0562,0,2026-06-13 10:38:00,0.0608260069515437,0
210,0692,0,2026-06-13 10:38:00,0.2789818033122061,0
211,0692,0,2026-06-13 10:38:00,0.2789818033122061,0
212,0692,0,2026-06-13 10:38:00,0.2789818033122061,0
213,0864,0,2026-06-13 10:38:00,0.4595174810877121,0
214,0371,0,2026-06-13 10:38:10,0.9248619914127990,0
215,0518,0,2026-06-13 10:38:10,0.6026374974442854,0
216,0536,0,2026-06-13 10:38:10,0.8509507258229401,0
217,0562,0,2026-06-13 10:38:10,0.0608260069515437,0
218,0692,0,2026-06-13 10:38:10,0.2789818033122061,0
219,0692,0,2026-06-13 10:38:10,0.2789818033122061,0
220,0864,0,2026-06-13 10:38:10,0.4595174810877121,0
221,0371,0,2026-06-13 10:38:20,0.9248619914127990,0
222,0518,0,2026-06-13 10:38:20,0.6026374974442854,0
223,0536,0,2026-06-13 10:38:20,0.8509507258229401,1
224,0536,0,2026-06-13 10:38:20,0.8509507258229401,0
225,0562,0,2026-06-13 10:38:20,0.0608260069515437,0
226,0692,0,2026-06-13 10:38:20,0.2789818033122061,0
227,0692,0,2026-06-13 10:38:20,0.2789818033122061,0
228,0864,0,2026-06-13 10:38:20,0.4595174810877121,0
229,0371,0,2026-06-13 10:38:30,0.9248619914127990,0
230,0518,0,2026-06-13 10:38:30,0.6026374974442854,0
231,0536,0,2026-06-13 10:38:30,0.8509507258229401,0
232,0536,0,2026-06-13 10:38:30,0.8509507258229401,0
233,0562,0,2026-06-13 10:38:30,0.0608260069515437,0
234,0692,0,2026-06-13 10:38:30,0.2789818033122061,0
235,0692,0,2026-06-13 10:38:30,0.2789818033122061,0
236,0846,0,2026-06-13 10:38:30,0.9248619914127990,0
237,0864,0,2026-06-13 10:38:30,0.4595174810877121,0
238,0371,0,2026-06-13 10:38:40,0.9248619914127990,0
239,0518,0,2026-06-13 10:38:40,0.6026374974442854,1
240,0536,0,2026-06-13 10:38:40,0.8509507258229401,0
241,0536,0,2026-06-13 10:38:40,0.8509507258229401,0
242,0562,0,2026-06-13 10:38:40,0.0608260069515437,0
243,0692,0,2026-06-13 10:38:40,0.2789818033122061,0
244,0692,0,2026-06-13 10:38:40,0.2789818033122061,0
245,0846,0,2026-06-13 10:38:40,0.9248619914127990,0
246,0863,0,2026-06-13 10:38:40,0.9248619914127990,0
247,0864,0,2026-06-13 10:38:40,0.4595174810877121,0
248,0993,0,2026-06-13 10:38:40,0.6026374974442854,0
249,0371,0,2026-06-13 10:38:50,0.9248619914127990,0
250,0518,0,2026-06-13 10:38:50,0.6026374974442854,0
251,0536,0,2026-06-13 10:38:50,0.8509507258229401,0
252,0562,0,2026-06-13 10:38:50,0.0608260069515437,0
253,0692,0,2026-06-13 10:38:50,0.2789818033122061,0
254,0692,0,2026-06-13 10:38:50,0.2789818033122061,0
255,0846,0,2026-06-13 10:38:50,0.9248619914127990,0
256,0863,0,2026-06-13 10:38:50,0.9248619914127990,0
257,0864,0,2026-06-13 10:38:50,0.4595174810877121,0
258,0993,0,2026-06-13 10:38:50,0.6026374974442854,0
259,0518,0,2026-06-13 10:39:00,0.6026374974442854,0
260,0536,0,2026-06-13 10:39:00,0.8509507258229401,0
261,0562,0,2026-06-13 10:39:00,0.0608260069515437,1
262,0692,0,2026-06-13 10:39:00,0.2789818033122061,0
263,0846,0,2026-06-13 10:39:00,0.9248619914127990,0
264,0863,0,2026-06-13 10:39:00,0.9248619914127990,0
265,0993,0,2026-06-13 10:39:00,0.6026374974442854,0
266,0518,0,2026-06-13 10:39:10,0.6026374974442854,0
267,0533,0,2026-06-13 10:39:10,0.6787977918626048,0
268,0536,0,2026-06-13 10:39:10,0.8509507258229401,0
269,0562,0,2026-06-13 10:39:10,0.0608260069515437,0
270,0692,0,2026-06-13 10:39:10,0.2789818033122061,0
271,0692,0,2026-06-13 10:39:10,0.2789818033122061,0
272,0692,0,2026-06-13 10:39:10,0.2789818033122061,0
273,0846,0,2026-06-13 10:39:10,0.9248619914127990,0
274,0863,0,2026-06-13 10:39:10,0.9248619914127990,0
275,0993,0,2026-06-13 10:39:10,0.6026374974442854,0
276,0518,0,2026-06-13 10:39:20,0.6026374974442854,0
277,0533,0,2026-06-13 10:39:20,0.6787977918626048,0
278,0562,0,2026-06-13 10:39:20,0.0608260069515437,0
279,0692,0,2026-06-13 10:39:20,0.2789818033122061,0
280,0692,0,2026-06-13 10:39:20,0.2789818033122061,0
281,0692,0,2026-06-13 10:39:20,0.2789818033122061,0
282,0846,0,2026-06-13 10:39:20,0.9248619914127990,0
283,0863,0,2026-06-13 10:39:20,0.9248619914127990,0
284,0993,0,2026-06-13 10:39:20,0.6026374974442854,0
285,0518,0,2026-06-13 10:39:30,0.6026374974442854,0
286,0533,0,2026-06-13 10:39:30,0.6787977918626048,1
287,0846,0,2026-06-13 10:39:30,0.9248619914127990,0
288,0863,0,2026-06-13 10:39:30,0.9248619914127990,0
289,0993,0,2026-06-13 10:39:30,0.6026374974442854,0
290,0518,0,2026-06-13 10:39:40,0.6026374974442854,0
291,0603,0,2026-06-13 10:39:40,0.8509507258229401,0
292,0846,0,2026-06-13 10:39:40,0.9248619914127990,0
293,0863,0,2026-06-13 10:39:40,0.9248619914127990,0
294,0993,0,2026-06-13 10:39:40,0.6026374974442854,0
295,0603,0,2026-06-13 10:39:50,0.8509507258229401,0
296,0846,0,2026-06-13 10:39:50,0.9248619914127990,1
297,0863,0,2026-06-13 10:39:50,0.9248619914127990,0
298,0993,0,2026-06-13 10:39:50,0.6026374974442854,0
299,0603,0,2026-06-13 10:40:00,0.8509507258229401,0
300,0846,0,2026-06-13 10:40:00,0.9248619914127990,0
301,0863,0,2026-06-13 10:40:00,0.9248619914127990,0
302,0993,0,2026-06-13 10:40:00,0.6026374974442854,0
303,0603,0,2026-06-13 10:40:10,0.8509507258229401,0
304,0846,0,2026-06-13 10:40:10,0.9248619914127990,0
305,0863,0,2026-06-13 10:40:10,0.9248619914127990,0
306,0993,0,2026-06-13 10:40:10,0.6026374974442854,1
307,0603,0,2026-06-13 10:40:20,0.8509507258229401,0
308,0846,0,2026-06-13 10:40:20,0.9248619914127990,0
309,0863,0,2026-06-13 10:40:20,0.9248619914127990,0
310,0993,0,2026-06-13 10:40:20,0.6026374974442854,0
311,0996,0,2026-06-13 10:40:20,1.0000000000000000,0
312,0603,0,2026-06-13 10:40:30,0.8509507258229401,1
313,0993,0,2026-06-13 10:40:30,0.6026374974442854,0
314,0996,0,2026-06-13 10:40:30,1.0000000000000000,0
315,0603,0,2026-06-13 10:40:40,0.8509507258229401,0
316,0996,0,2026-06-13 10:40:40,1.0000000000000000,0
317,0520,0,2026-06-13 10:40:50,0.0608260069515437,0
318,0603,0,2026-06-13 10:40:50,0.8509507258229401,0
319,0996,0,2026-06-13 10:40:50,1.0000000000000000,0
320,0520,0,2026-06-13 10:41:00,0.0608260069515437,1
321,0603,0,2026-06-13 10:41:00,0.8509507258229401,0
322,0996,0,2026-06-13 10:41:00,1.0000000000000000,0
323,0520,0,2026-06-13 10:41:10,0.0608260069515437,0
324,0603,0,2026-06-13 10:41:10,0.8509507258229401,0
325,0996,0,2026-06-13 10:41:10,1.0000000000000000,0
326,0520,0,2026-06-13 10:41:20,0.0608260069515437,0
327,0603,0,2026-06-13 10:41:20,0.8509507258229401,0
328,0996,0,2026-06-13 10:41:20,1.0000000000000000,0
329,0520,0,2026-06-13 10:41:30,0.0608260069515437,0
330,0603,0,2026-06-13 10:41:30,0.8509507258229401,0
331,0996,0,2026-06-13 10:41:30,1.0000000000000000,0
332,0520,0,2026-06-13 10:41:40,0.0608260069515437,0
333,0996,0,2026-06-13 10:41:40,1.0000000000000000,0
334,0520,0,2026-06-13 10:41:50,0.0608260069515437,0
335,0996,0,2026-06-13 10:41:50,1.0000000000000000,0
336,0520,0,2026-06-13 10:42:00,0.0608260069515437,0
337,0996,0,2026-06-13 10:42:00,1.0000000000000000,0
338,0290,0,2026-06-13 10:44:30,1.0000000000000000,1
339,0290,0,2026-06-13 10:44:40,1.0000000000000000,0
340,0290,0,2026-06-13 10:44:50,1.0000000000000000,0
341,0290,0,2026-06-13 10:45:00,1.0000000000000000,0
342,0290,0,2026-06-13 10:45:10,1.0000000000000000,0
343,0290,0,2026-06-13 10:45:20,1.0000000000000000,0
344,0290,0,2026-06-13 10:45:30,1.0000000000000000,0
345,0290,0,2026-06-13 10:45:40,1.0000000000000000,0
346,0290,0,2026-06-13 10:45:50,1.0000000000000000,0
347,0445,0,2026-06-13 10:46:10,0.2789818033122061,1
348,0445,0,2026-06-13 10:46:20,0.2789818033122061,1
349,0464,0,2026-06-13 10:46:20,0.9248619914127990,0
350,0445,0,2026-06-13 10:46:30,0.2789818033122061,0
351,0464,0,2026-06-13 10:46:30,0.9248619914127990,0
352,0445,0,2026-06-13 10:46:40,0.2789818033122061,0
353,0464,0,2026-06-13 10:46:40,0.9248619914127990,1
354,0445,0,2026-06-13 10:46:50,0.2789818033122061,0
355,0464,0,2026-06-13 10:46:50,0.9248619914127990,1
356,0445,0,2026-06-13 10:47:00,0.2789818033122061,0
357,0464,0,2026-06-13 10:47:00,0.9248619914127990,0
358,0445,0,2026-06-13 10:47:10,0.2789818033122061,0
359,0464,0,2026-06-13 10:47:10,0.9248619914127990,0
360,0445,0,2026-06-13 10:47:20,0.2789818033122061,0
361,0464,0,2026-06-13 10:47:20,0.9248619914127990,0
362,0445,0,2026-06-13 10:47:30,0.2789818033122061,0
363,0464,0,2026-06-13 10:47:30,0.9248619914127990,0
364,0843,0,2026-06-13 10:47:30,0.0608260069515437,0
365,0445,0,2026-06-13 10:47:40,0.2789818033122061,0
366,0464,0,2026-06-13 10:47:40,0.9248619914127990,0
367,0843,0,2026-06-13 10:47:40,0.0608260069515437,0
368,0464,0,2026-06-13 10:47:50,0.9248619914127990,0
369,0843,0,2026-06-13 10:47:50,0.0608260069515437,0
370,0464,0,2026-06-13 10:48:00,0.9248619914127990,0
371,0843,0,2026-06-13 10:48:00,0.0608260069515437,0
372,0843,0,2026-06-13 10:48:10,0.0608260069515437,0
373,0843,0,2026-06-13 10:48:20,0.0608260069515437,0
374,0843,0,2026-06-13 10:48:30,0.0608260069515437,0
375,0843,0,2026-06-13 10:48:40,0.0608260069515437,1
376,0843,0,2026-06-13 10:48:50,0.0608260069515437,0
377,0147,0,2026-06-13 12:29:00,0.6026374974442854,0
378,0434,0,2026-06-13 12:29:00,1.0000000000000000,1
379,0147,0,2026-06-13 12:29:10,0.6026374974442854,0
380,0434,0,2026-06-13 12:29:10,1.0000000000000000,0
381,0147,0,2026-06-13 12:29:20,0.6026374974442854,1
382,0434,0,2026-06-13 12:29:20,1.0000000000000000,0
383,0147,0,2026-06-13 12:29:30,0.6026374974442854,0
384,0434,0,2026-06-13 12:29:30,1.0000000000000000,1
385,0434,0,2026-06-13 12:29:30,1.0000000000000000,0
386,0147,0,2026-06-13 12:29:40,0.6026374974442854,0
387,0434,0,2026-06-13 12:29:40,1.0000000000000000,0
388,0434,0,2026-06-13 12:29:40,1.0000000000000000,0
389,0147,0,2026-06-13 12:29:50,0.6026374974442854,0
390,0434,0,2026-06-13 12:29:50,1.0000000000000000,0
391,0434,0,2026-06-13 12:29:50,1.0000000000000000,0
392,0147,0,2026-06-13 12:30:00,0.6026374974442854,0
393,0434,0,2026-06-13 12:30:00,1.0000000000000000,0
394,0434,0,2026-06-13 12:30:00,1.0000000000000000,0
395,0587,0,2026-06-13 12:30:00,0.3692496421999591,1
396,0147,0,2026-06-13 12:30:10,0.6026374974442854,0
397,0434,0,2026-06-13 12:30:10,1.0000000000000000,0
398,0434,0,2026-06-13 12:30:10,1.0000000000000000,0
399,0587,0,2026-06-13 12:30:10,0.3692496421999591,0
400,0147,0,2026-06-13 12:30:20,0.6026374974442854,1
401,0434,0,2026-06-13 12:30:20,1.0000000000000000,0
402,0587,0,2026-06-13 12:30:20,0.3692496421999591,0
403,0147,0,2026-06-13 12:30:30,0.6026374974442854,0
404,0434,0,2026-06-13 12:30:30,1.0000000000000000,0
405,0607,0,2026-06-13 12:30:30,0.9248619914127990,0
406,0434,0,2026-06-13 12:30:40,1.0000000000000000,0
407,0607,0,2026-06-13 12:30:40,0.9248619914127990,0
408,0607,0,2026-06-13 12:30:50,0.9248619914127990,1
409,0607,0,2026-06-13 12:31:00,0.9248619914127990,0
410,0117,0,2026-06-13 12:31:10,0.0608260069515437,0
411,0607,0,2026-06-13 12:31:10,0.9248619914127990,0
412,0117,0,2026-06-13 12:31:20,0.0608260069515437,0
413,0607,0,2026-06-13 12:31:20,0.9248619914127990,0
414,0117,0,2026-06-13 12:31:30,0.0608260069515437,1
415,0117,0,2026-06-13 12:31:40,0.0608260069515437,0
416,0117,0,2026-06-13 12:31:50,0.0608260069515437,1
417,0117,0,2026-06-13 12:32:00,0.0608260069515437,0
418,0117,0,2026-06-13 12:32:10,0.0608260069515437,0
419,0117,0,2026-06-13 12:32:20,0.0608260069515437,0
420,0117,0,2026-06-13 12:32:30,0.0608260069515437,0
421,0055,0,2026-06-13 12:32:40,0.6787977918626048,0
422,0117,0,2026-06-13 12:32:40,0.0608260069515437,0
423,0055,0,2026-06-13 12:32:50,0.6787977918626048,0
424,0055,0,2026-06-13 12:33:00,0.6787977918626048,0
425,0055,0,2026-06-13 12:33:10,0.6787977918626048,0
426,0055,0,2026-06-13 12:33:20,0.6787977918626048,0
427,0116,0,2026-06-13 12:33:20,0.1896340216724596,1
428,0055,0,2026-06-13 12:33:30,0.6787977918626048,0
429,0116,0,2026-06-13 12:33:30,0.1896340216724596,0
430,0010,0,2026-06-13 12:33:40,0.6026374974442854,1
431,0055,0,2026-06-13 12:33:40,0.6787977918626048,0
432,0116,0,2026-06-13 12:33:40,0.1896340216724596,0
433,0010,0,2026-06-13 12:33:50,0.6026374974442854,1
434,0020,0,2026-06-13 12:33:50,0.3692496421999591,0
435,0055,0,2026-06-13 12:33:50,0.6787977918626048,0
436,0116,0,2026-06-13 12:33:50,0.1896340216724596,0
437,0953,0,2026-06-13 12:33:50,0.7822531179717849,0
438,0010,0,2026-06-13 12:34:00,0.6026374974442854,0
439,0020,0,2026-06-13 12:34:00,0.3692496421999591,0
440,0055,0,2026-06-13 12:34:00,0.6787977918626048,0
441,0116,0,2026-06-13 12:34:00,0.1896340216724596,0
442,0555,0,2026-06-13 12:34:00,0.0608260069515437,0
443,0691,0,2026-06-13 12:34:00,0.3692496421999591,0
444,0953,0,2026-06-13 12:34:00,0.7822531179717849,0
445,0010,0,2026-06-13 12:34:10,0.6026374974442854,0
446,0014,0,2026-06-13 12:34:10,0.4595174810877121,0
447,0020,0,2026-06-13 12:34:10,0.3692496421999591,0
448,0055,0,2026-06-13 12:34:10,0.6787977918626048,0
449,0077,0,2026-06-13 12:34:10,0.4595174810877121,0
450,0116,0,2026-06-13 12:34:10,0.1896340216724596,0
451,0555,0,2026-06-13 12:34:10,0.0608260069515437,0
452,0691,0,2026-06-13 12:34:10,0.3692496421999591,0
453,0953,0,2026-06-13 12:34:10,0.7822531179717849,0
454,0010,0,2026-06-13 12:34:20,0.6026374974442854,0
455,0014,0,2026-06-13 12:34:20,0.4595174810877121,1
456,0020,0,2026-06-13 12:34:20,0.3692496421999591,0
457,0020,0,2026-06-13 12:34:20,0.3692496421999591,0
458,0077,0,2026-06-13 12:34:20,0.4595174810877121,0
459,0116,0,2026-06-13 12:34:20,0.1896340216724596,0
460,0131,0,2026-06-13 12:34:20,0.4595174810877121,0
461,0555,0,2026-06-13 12:34:20,0.0608260069515437,0
462,0691,0,2026-06-13 12:34:20,0.3692496421999591,0
463,0953,0,2026-06-13 12:34:20,0.7822531179717849,0
464,0010,0,2026-06-13 12:34:30,0.6026374974442854,0
465,0014,0,2026-06-13 12:34:30,0.4595174810877121,0
466,0020,0,2026-06-13 12:34:30,0.3692496421999591,0
467,0020,0,2026-06-13 12:34:30,0.3692496421999591,0
468,0063,0,2026-06-13 12:34:30,0.7822531179717849,1
469,0077,0,2026-06-13 12:34:30,0.4595174810877121,0
470,0116,0,2026-06-13 12:34:30,0.1896340216724596,0
471,0131,0,2026-06-13 12:34:30,0.4595174810877121,0
472,0555,0,2026-06-13 12:34:30,0.0608260069515437,0
473,0691,0,2026-06-13 12:34:30,0.3692496421999591,0
474,0953,0,2026-06-13 12:34:30,0.7822531179717849,0
475,0010,0,2026-06-13 12:34:40,0.6026374974442854,0
476,0014,0,2026-06-13 12:34:40,0.4595174810877121,1
477,0020,0,2026-06-13 12:34:40,0.3692496421999591,0
478,0063,0,2026-06-13 12:34:40,0.7822531179717849,0
479,0077,0,2026-06-13 12:34:40,0.4595174810877121,0
480,0116,0,2026-06-13 12:34:40,0.1896340216724596,0
481,0131,0,2026-06-13 12:34:40,0.4595174810877121,0
482,0555,0,2026-06-13 12:34:40,0.0608260069515437,0
483,0691,0,2026-06-13 12:34:40,0.3692496421999591,0
484,0953,0,2026-06-13 12:34:40,0.7822531179717849,0
485,0010,0,2026-06-13 12:34:50,0.6026374974442854,0
486,0014,0,2026-06-13 12:34:50,0.4595174810877121,0
487,0020,0,2026-06-13 12:34:50,0.3692496421999591,0
488,0063,0,2026-06-13 12:34:50,0.7822531179717849,0
489,0077,0,2026-06-13 12:34:50,0.4595174810877121,0
490,0116,0,2026-06-13 12:34:50,0.1896340216724596,0
491,0131,0,2026-06-13 12:34:50,0.4595174810877121,0
492,0555,0,2026-06-13 12:34:50,0.0608260069515437,0
493,0691,0,2026-06-13 12:34:50,0.3692496421999591,0
494,0953,0,2026-06-13 12:34:50,0.7822531179717849,0
495,0010,0,2026-06-13 12:35:00,0.6026374974442854,0
496,0014,0,2026-06-13 12:35:00,0.4595174810877121,0
497,0020,0,2026-06-13 12:35:00,0.3692496421999591,0
498,0063,0,2026-06-13 12:35:00,0.7822531179717849,1
499,0063,0,2026-06-13 12:35:00,0.7822531179717849,0
500,0077,0,2026-06-13 12:35:00,0.4595174810877121,0
501,0116,0,2026-06-13 12:35:00,0.1896340216724596,0
502,0131,0,2026-06-13 12:35:00,0.4595174810877121,0
503,0555,0,2026-06-13 12:35:00,0.0608260069515437,0
504,0691,0,2026-06-13 12:35:00,0.3692496421999591,0
505,0953,0,2026-06-13 12:35:00,0.7822531179717849,0
506,0014,0,2026-06-13 12:35:10,0.4595174810877121,0
507,0063,0,2026-06-13 12:35:10,0.7822531179717849,0
508,0063,0,2026-06-13 12:35:10,0.7822531179717849,0
509,0077,0,2026-06-13 12:35:10,0.4595174810877121,0
510,0131,0,2026-06-13 12:35:10,0.4595174810877121,0
511,0555,0,2026-06-13 12:35:10,0.0608260069515437,0
512,0691,0,2026-06-13 12:35:10,0.3692496421999591,0
513,0953,0,2026-06-13 12:35:10,0.7822531179717849,0
514,0014,0,2026-06-13 12:35:20,0.4595174810877121,0
515,0063,0,2026-06-13 12:35:20,0.7822531179717849,0
516,0063,0,2026-06-13 12:35:20,0.7822531179717849,0
517,0077,0,2026-06-13 12:35:20,0.4595174810877121,0
518,0131,0,2026-06-13 12:35:20,0.4595174810877121,0
519,0555,0,2026-06-13 12:35:20,0.0608260069515437,0
520,0691,0,2026-06-13 12:35:20,0.3692496421999591,0
521,0834,0,2026-06-13 12:35:20,0.3692496421999591,0
522,0953,0,2026-06-13 12:35:20,0.7822531179717849,1
523,0014,0,2026-06-13 12:35:30,0.4595174810877121,0
524,0063,0,2026-06-13 12:35:30,0.7822531179717849,0
525,0077,0,2026-06-13 12:35:30,0.4595174810877121,0
526,0131,0,2026-06-13 12:35:30,0.4595174810877121,0
527,0555,0,2026-06-13 12:35:30,0.0608260069515437,0
528,0691,0,2026-06-13 12:35:30,0.3692496421999591,1
529,0834,0,2026-06-13 12:35:30,0.3692496421999591,0
530,0953,0,2026-06-13 12:35:30,0.7822531179717849,0
531,0014,0,2026-06-13 12:35:40,0.4595174810877121,0
532,0063,0,2026-06-13 12:35:40,0.7822531179717849,0
533,0077,0,2026-06-13 12:35:40,0.4595174810877121,0
534,0131,0,2026-06-13 12:35:40,0.4595174810877121,0
535,0555,0,2026-06-13 12:35:40,0.0608260069515437,1
536,0691,0,2026-06-13 12:35:40,0.3692496421999591,0
537,0834,0,2026-06-13 12:35:40,0.3692496421999591,0
538,0953,0,2026-06-13 12:35:40,0.7822531179717849,0
539,0014,0,2026-06-13 12:35:50,0.4595174810877121,0
540,0063,0,2026-06-13 12:35:50,0.7822531179717849,0
541,0077,0,2026-06-13 12:35:50,0.4595174810877121,0
542,0131,0,2026-06-13 12:35:50,0.4595174810877121,0
543,0555,0,2026-06-13 12:35:50,0.0608260069515437,0
544,0691,0,2026-06-13 12:35:50,0.3692496421999591,0
545,0834,0,2026-06-13 12:35:50,0.3692496421999591,0
546,0077,0,2026-06-13 12:36:00,0.4595174810877121,1
547,0131,0,2026-06-13 12:36:00,0.4595174810877121,0
548,0131,0,2026-06-13 12:36:10,0.4595174810877121,1
549,0322,0,2026-06-13 14:04:10,0.2789818033122061,0
550,0322,0,2026-06-13 14:04:20,0.2789818033122061,0
551,0322,0,2026-06-13 14:04:30,0.2789818033122061,0
552,0322,0,2026-06-13 14:04:40,0.2789818033122061,0
553,0322,0,2026-06-13 14:04:50,0.2789818033122061,0
554,0322,0,2026-06-13 14:05:00,0.2789818033122061,0
555,0322,0,2026-06-13 14:05:10,0.2789818033122061,0
556,0322,0,2026-06-13 14:05:20,0.2789818033122061,0
557,0322,0,2026-06-13 14:05:30,0.2789818033122061,0
558,0608,0,2026-06-13 14:11:10,0.0608260069515437,0
559,0283,0,2026-06-13 14:11:20,0.5396646902473932,1
560,0608,0,2026-06-13 14:11:20,0.0608260069515437,0
561,0283,0,2026-06-13 14:11:30,0.5396646902473932,0
562,0608,0,2026-06-13 14:11:30,0.0608260069515437,0
563,0283,0,2026-06-13 14:11:40,0.5396646902473932,0
564,0608,0,2026-06-13 14:11:40,0.0608260069515437,0
565,0283,0,2026-06-13 14:11:50,0.5396646902473932,0
566,0608,0,2026-06-13 14:11:50,0.0608260069515437,0
567,0283,0,2026-06-13 14:12:00,0.5396646902473932,0
568,0608,0,2026-06-13 14:12:00,0.0608260069515437,0
569,0283,0,2026-06-13 14:12:10,0.5396646902473932,0
570,0608,0,2026-06-13 14:12:10,0.0608260069515437,1
571,0283,0,2026-06-13 14:12:20,0.5396646902473932,0
572,0608,0,2026-06-13 14:12:20,0.0608260069515437,0
573,0283,0,2026-06-13 14:12:30,0.5396646902473932,0
574,0608,0,2026-06-13 14:12:30,0.0608260069515437,0
575,0712,0,2026-06-13 14:12:30,0.1896340216724596,1
576,0283,0,2026-06-13 14:12:40,0.5396646902473932,0
577,0608,0,2026-06-13 14:12:40,0.0608260069515437,0
578,0712,0,2026-06-13 14:12:40,0.1896340216724596,0
579,0283,0,2026-06-13 14:12:50,0.5396646902473932,0
580,0608,0,2026-06-13 14:12:50,0.0608260069515437,0
581,0712,0,2026-06-13 14:12:50,0.1896340216724596,0
582,0283,0,2026-06-13 14:13:00,0.5396646902473932,0
583,0608,0,2026-06-13 14:13:00,0.0608260069515437,0
584,0712,0,2026-06-13 14:13:00,0.1896340216724596,0
585,0283,0,2026-06-13 14:13:10,0.5396646902473932,0
586,0712,0,2026-06-13 14:13:10,0.1896340216724596,0
587,0712,0,2026-06-13 14:13:20,0.1896340216724596,0
588,0313,0,2026-06-13 14:13:30,0.1247188713964424,0
589,0712,0,2026-06-13 14:13:30,0.1896340216724596,0
590,0313,0,2026-06-13 14:13:40,0.1247188713964424,0
591,0712,0,2026-06-13 14:13:40,0.1896340216724596,0
592,0313,0,2026-06-13 14:13:50,0.1247188713964424,0
593,0712,0,2026-06-13 14:13:50,0.1896340216724596,0
594,0313,0,2026-06-13 14:14:00,0.1247188713964424,0
595,0313,0,2026-06-13 14:14:10,0.1247188713964424,0
596,0313,0,2026-06-13 14:14:20,0.1247188713964424,1
597,0313,0,2026-06-13 14:14:30,0.1247188713964424,0
598,0313,0,2026-06-13 14:14:40,0.1247188713964424,0
599,0463,0,2026-06-13 14:14:40,0.1896340216724596,0
600,0463,0,2026-06-13 14:14:50,0.1896340216724596,0
601,0463,0,2026-06-13 14:15:00,0.1896340216724596,1
602,0463,0,2026-06-13 14:15:10,0.1896340216724596,0
603,0463,0,2026-06-13 14:15:20,0.1896340216724596,1
604,0463,0,2026-06-13 14:15:30,0.1896340216724596,0
605,0463,0,2026-06-13 14:15:40,0.1896340216724596,0
606,0677,0,2026-06-13 14:15:40,0.3692496421999591,1
607,0304,0,2026-06-13 14:15:50,0.6026374974442854,0
608,0463,0,2026-06-13 14:15:50,0.1896340216724596,0
609,0677,0,2026-06-13 14:15:50,0.3692496421999591,0
610,0304,0,2026-06-13 14:16:00,0.6026374974442854,1
611,0463,0,2026-06-13 14:16:00,0.1896340216724596,0
612,0677,0,2026-06-13 14:16:00,0.3692496421999591,0
613,0304,0,2026-06-13 14:16:10,0.6026374974442854,1
614,0463,0,2026-06-13 14:16:10,0.1896340216724596,0
615,0677,0,2026-06-13 14:16:10,0.3692496421999591,0
616,0857,0,2026-06-13 14:16:10,0.9248619914127990,0
617,0304,0,2026-06-13 14:16:20,0.6026374974442854,0
618,0381,0,2026-06-13 14:16:20,0.4595174810877121,0
619,0677,0,2026-06-13 14:16:20,0.3692496421999591,0
620,0857,0,2026-06-13 14:16:20,0.9248619914127990,0
621,0304,0,2026-06-13 14:16:30,0.6026374974442854,0
622,0381,0,2026-06-13 14:16:30,0.4595174810877121,0
623,0677,0,2026-06-13 14:16:30,0.3692496421999591,0
624,0857,0,2026-06-13 14:16:30,0.9248619914127990,0
625,0304,0,2026-06-13 14:16:40,0.6026374974442854,0
626,0381,0,2026-06-13 14:16:40,0.4595174810877121,0
627,0677,0,2026-06-13 14:16:40,0.3692496421999591,0
628,0857,0,2026-06-13 14:16:40,0.9248619914127990,0
629,0304,0,2026-06-13 14:16:50,0.6026374974442854,0
630,0381,0,2026-06-13 14:16:50,0.4595174810877121,0
631,0677,0,2026-06-13 14:16:50,0.3692496421999591,0
632,0857,0,2026-06-13 14:16:50,0.9248619914127990,0
633,0304,0,2026-06-13 14:17:00,0.6026374974442854,0
634,0381,0,2026-06-13 14:17:00,0.4595174810877121,0
635,0677,0,2026-06-13 14:17:00,0.3692496421999591,1
636,0857,0,2026-06-13 14:17:00,0.9248619914127990,0
637,0304,0,2026-06-13 14:17:10,0.6026374974442854,0
638,0381,0,2026-06-13 14:17:10,0.4595174810877121,0
639,0677,0,2026-06-13 14:17:10,0.3692496421999591,0
640,0857,0,2026-06-13 14:17:10,0.9248619914127990,0
641,0304,0,2026-06-13 14:17:20,0.6026374974442854,0
642,0381,0,2026-06-13 14:17:20,0.4595174810877121,0
643,0677,0,2026-06-13 14:17:20,0.3692496421999591,0
644,0857,0,2026-06-13 14:17:20,0.9248619914127990,0
645,0304,0,2026-06-13 14:17:30,0.6026374974442854,0
646,0381,0,2026-06-13 14:17:30,0.4595174810877121,0
647,0857,0,2026-06-13 14:17:30,0.9248619914127990,0
648,0381,0,2026-06-13 14:17:40,0.4595174810877121,0
649,0857,0,2026-06-13 14:17:40,0.9248619914127990,1
650,0381,0,2026-06-13 14:17:50,0.4595174810877121,0
651,0381,0,2026-06-13 14:18:00,0.4595174810877121,0
652,0381,0,2026-06-13 14:18:10,0.4595174810877121,0
653,0469,0,2026-06-13 15:12:00,0.5396646902473932,0
654,0469,0,2026-06-13 15:12:10,0.5396646902473932,0
655,0580,0,2026-06-13 15:32:40,0.5396646902473932,0
656,0580,0,2026-06-13 15:32:50,0.5396646902473932,0
657,0580,0,2026-06-13 15:32:50,0.5396646902473932,0
658,0847,0,2026-06-13 15:32:50,0.0608260069515437,0
659,0580,0,2026-06-13 15:33:00,0.5396646902473932,0
660,0580,0,2026-06-13 15:33:00,0.5396646902473932,0
661,0580,0,2026-06-13 15:33:00,0.5396646902473932,0
662,0847,0,2026-06-13 15:33:00,0.0608260069515437,1
663,0580,0,2026-06-13 15:33:10,0.5396646902473932,0
664,0580,0,2026-06-13 15:33:10,0.5396646902473932,0
665,0580,0,2026-06-13 15:33:10,0.5396646902473932,1
666,0580,0,2026-06-13 15:33:10,0.5396646902473932,0
667,0580,0,2026-06-13 15:33:10,0.5396646902473932,0
668,0847,0,2026-06-13 15:33:10,0.0608260069515437,0
669,0580,0,2026-06-13 15:33:20,0.5396646902473932,0
670,0580,0,2026-06-13 15:33:20,0.5396646902473932,0
671,0580,0,2026-06-13 15:33:20,0.5396646902473932,0
672,0580,0,2026-06-13 15:33:20,0.5396646902473932,0
673,0580,0,2026-06-13 15:33:20,0.5396646902473932,0
674,0580,0,2026-06-13 15:33:20,0.5396646902473932,0
675,0847,0,2026-06-13 15:33:20,0.0608260069515437,0
676,0580,0,2026-06-13 15:33:30,0.5396646902473932,0
677,0580,0,2026-06-13 15:33:30,0.5396646902473932,0
678,0580,0,2026-06-13 15:33:30,0.5396646902473932,0
679,0580,0,2026-06-13 15:33:30,0.5396646902473932,0
680,0580,0,2026-06-13 15:33:30,0.5396646902473932,0
681,0580,0,2026-06-13 15:33:30,0.5396646902473932,0
682,0847,0,2026-06-13 15:33:30,0.0608260069515437,0
683,0962,0,2026-06-13 15:33:30,0.4595174810877121,1
684,0203,0,2026-06-13 15:33:40,0.3692496421999591,0
685,0580,0,2026-06-13 15:33:40,0.5396646902473932,0
686,0580,0,2026-06-13 15:33:40,0.5396646902473932,0
687,0580,0,2026-06-13 15:33:40,0.5396646902473932,0
688,0580,0,2026-06-13 15:33:40,0.5396646902473932,0
689,0580,0,2026-06-13 15:33:40,0.5396646902473932,0
690,0580,0,2026-06-13 15:33:40,0.5396646902473932,0
691,0847,0,2026-06-13 15:33:40,0.0608260069515437,0
692,0962,0,2026-06-13 15:33:40,0.4595174810877121,0
693,0203,0,2026-06-13 15:33:50,0.3692496421999591,0
694,0580,0,2026-06-13 15:33:50,0.5396646902473932,0
695,0580,0,2026-06-13 15:33:50,0.5396646902473932,0
696,0580,0,2026-06-13 15:33:50,0.5396646902473932,0
697,0580,0,2026-06-13 15:33:50,0.5396646902473932,0
698,0580,0,2026-06-13 15:33:50,0.5396646902473932,0
699,0847,0,2026-06-13 15:33:50,0.0608260069515437,0
700,0946,0,2026-06-13 15:33:50,0.1247188713964424,0
701,0962,0,2026-06-13 15:33:50,0.4595174810877121,0
702,0203,0,2026-06-13 15:34:00,0.3692496421999591,0
703,0374,0,2026-06-13 15:34:00,1.0000000000000000,0
704,0392,0,2026-06-13 15:34:00,0.3692496421999591,1
705,0580,0,2026-06-13 15:34:00,0.5396646902473932,0
706,0580,0,2026-06-13 15:34:00,0.5396646902473932,0
707,0580,0,2026-06-13 15:34:00,0.5396646902473932,0
708,0582,0,2026-06-13 15:34:00,0.1896340216724596,0
709,0710,0,2026-06-13 15:34:00,0.0608260069515437,0
710,0710,0,2026-06-13 15:34:00,0.0608260069515437,0
711,0847,0,2026-06-13 15:34:00,0.0608260069515437,0
712,0946,0,2026-06-13 15:34:00,0.1247188713964424,0
713,0962,0,2026-06-13 15:34:00,0.4595174810877121,0
714,0203,0,2026-06-13 15:34:10,0.3692496421999591,0
715,0374,0,2026-06-13 15:34:10,1.0000000000000000,0
716,0392,0,2026-06-13 15:34:10,0.3692496421999591,0
717,0580,0,2026-06-13 15:34:10,0.5396646902473932,0
718,0580,0,2026-06-13 15:34:10,0.5396646902473932,0
719,0582,0,2026-06-13 15:34:10,0.1896340216724596,0
720,0710,0,2026-06-13 15:34:10,0.0608260069515437,0
721,0710,0,2026-06-13 15:34:10,0.0608260069515437,0
722,0710,0,2026-06-13 15:34:10,0.0608260069515437,0
723,0847,0,2026-06-13 15:34:10,0.0608260069515437,0
724,0946,0,2026-06-13 15:34:10,0.1247188713964424,0
725,0962,0,2026-06-13 15:34:10,0.4595174810877121,0
726,0985,0,2026-06-13 15:34:10,0.2789818033122061,0
727,0151,0,2026-06-13 15:34:20,0.1247188713964424,0
728,0203,0,2026-06-13 15:34:20,0.3692496421999591,0
729,0374,0,2026-06-13 15:34:20,1.0000000000000000,1
730,0392,0,2026-06-13 15:34:20,0.3692496421999591,0
731,0580,0,2026-06-13 15:34:20,0.5396646902473932,0
732,0710,0,2026-06-13 15:34:20,0.0608260069515437,0
733,0710,0,2026-06-13 15:34:20,0.0608260069515437,0
734,0710,0,2026-06-13 15:34:20,0.0608260069515437,0
735,0847,0,2026-06-13 15:34:20,0.0608260069515437,0
736,0946,0,2026-06-13 15:34:20,0.1247188713964424,0
737,0962,0,2026-06-13 15:34:20,0.4595174810877121,0
738,0985,0,2026-06-13 15:34:20,0.2789818033122061,0
739,0151,0,2026-06-13 15:34:30,0.1247188713964424,0
740,0203,0,2026-06-13 15:34:30,0.3692496421999591,0
741,0374,0,2026-06-13 15:34:30,1.0000000000000000,0
742,0392,0,2026-06-13 15:34:30,0.3692496421999591,0
743,0710,0,2026-06-13 15:34:30,0.0608260069515437,0
744,0710,0,2026-06-13 15:34:30,0.0608260069515437,0
745,0710,0,2026-06-13 15:34:30,0.0608260069515437,0
746,0710,0,2026-06-13 15:34:30,0.0608260069515437,0
747,0710,0,2026-06-13 15:34:30,0.0608260069515437,0
748,0946,0,2026-06-13 15:34:30,0.1247188713964424,0
749,0962,0,2026-06-13 15:34:30,0.4595174810877121,0
750,0985,0,2026-06-13 15:34:30,0.2789818033122061,1
751,0151,0,2026-06-13 15:34:40,0.1247188713964424,0
752,0203,0,2026-06-13 15:34:40,0.3692496421999591,0
753,0355,0,2026-06-13 15:34:40,0.6787977918626048,0
754,0374,0,2026-06-13 15:34:40,1.0000000000000000,0
755,0392,0,2026-06-13 15:34:40,0.3692496421999591,0
756,0710,0,2026-06-13 15:34:40,0.0608260069515437,0
757,0710,0,2026-06-13 15:34:40,0.0608260069515437,0
758,0710,0,2026-06-13 15:34:40,0.0608260069515437,0
759,0710,0,2026-06-13 15:34:40,0.0608260069515437,0
760,0710,0,2026-06-13 15:34:40,0.0608260069515437,0
761,0862,0,2026-06-13 15:34:40,0.4595174810877121,1
762,0946,0,2026-06-13 15:34:40,0.1247188713964424,0
763,0962,0,2026-06-13 15:34:40,0.4595174810877121,0
764,0985,0,2026-06-13 15:34:40,0.2789818033122061,0
765,0069,0,2026-06-13 15:34:50,0.8509507258229401,0
766,0151,0,2026-06-13 15:34:50,0.1247188713964424,0
767,0203,0,2026-06-13 15:34:50,0.3692496421999591,0
768,0355,0,2026-06-13 15:34:50,0.6787977918626048,0
769,0374,0,2026-06-13 15:34:50,1.0000000000000000,0
770,0392,0,2026-06-13 15:34:50,0.3692496421999591,0
771,0710,0,2026-06-13 15:34:50,0.0608260069515437,0
772,0710,0,2026-06-13 15:34:50,0.0608260069515437,0
773,0710,0,2026-06-13 15:34:50,0.0608260069515437,0
774,0710,0,2026-06-13 15:34:50,0.0608260069515437,0
775,0710,0,2026-06-13 15:34:50,0.0608260069515437,0
776,0763,0,2026-06-13 15:34:50,0.7822531179717849,1
777,0862,0,2026-06-13 15:34:50,0.4595174810877121,0
778,0962,0,2026-06-13 15:34:50,0.4595174810877121,0
779,0985,0,2026-06-13 15:34:50,0.2789818033122061,0
780,0069,0,2026-06-13 15:35:00,0.8509507258229401,0
781,0151,0,2026-06-13 15:35:00,0.1247188713964424,0
782,0203,0,2026-06-13 15:35:00,0.3692496421999591,0
783,0340,0,2026-06-13 15:35:00,1.0000000000000000,0
784,0355,0,2026-06-13 15:35:00,0.6787977918626048,0
785,0374,0,2026-06-13 15:35:00,1.0000000000000000,0
786,0392,0,2026-06-13 15:35:00,0.3692496421999591,0
787,0560,0,2026-06-13 15:35:00,0.8509507258229401,1
788,0710,0,2026-06-13 15:35:00,0.0608260069515437,0
789,0710,0,2026-06-13 15:35:00,0.0608260069515437,0
790,0710,0,2026-06-13 15:35:00,0.0608260069515437,0
791,0710,0,2026-06-13 15:35:00,0.0608260069515437,0
792,0763,0,2026-06-13 15:35:00,0.7822531179717849,0
793,0862,0,2026-06-13 15:35:00,0.4595174810877121,0
794,0962,0,2026-06-13 15:35:00,0.4595174810877121,0
795,0985,0,2026-06-13 15:35:00,0.2789818033122061,0
796,0069,0,2026-06-13 15:35:10,0.8509507258229401,0
797,0151,0,2026-06-13 15:35:10,0.1247188713964424,0
798,0203,0,2026-06-13 15:35:10,0.3692496421999591,0
799,0340,0,2026-06-13 15:35:10,1.0000000000000000,1
800,0355,0,2026-06-13 15:35:10,0.6787977918626048,0
801,0374,0,2026-06-13 15:35:10,1.0000000000000000,0
802,0392,0,2026-06-13 15:35:10,0.3692496421999591,0
803,0560,0,2026-06-13 15:35:10,0.8509507258229401,0
804,0710,0,2026-06-13 15:35:10,0.0608260069515437,0
805,0710,0,2026-06-13 15:35:10,0.0608260069515437,0
806,0710,0,2026-06-13 15:35:10,0.0608260069515437,0
807,0710,0,2026-06-13 15:35:10,0.0608260069515437,0
808,0763,0,2026-06-13 15:35:10,0.7822531179717849,0
809,0862,0,2026-06-13 15:35:10,0.4595174810877121,0
810,0985,0,2026-06-13 15:35:10,0.2789818033122061,0
811,0069,0,2026-06-13 15:35:20,0.8509507258229401,0
812,0243,0,2026-06-13 15:35:20,0.8509507258229401,0
813,0340,0,2026-06-13 15:35:20,1.0000000000000000,0
814,0392,0,2026-06-13 15:35:20,0.3692496421999591,0
815,0560,0,2026-06-13 15:35:20,0.8509507258229401,0
816,0710,0,2026-06-13 15:35:20,0.0608260069515437,0
817,0710,0,2026-06-13 15:35:20,0.0608260069515437,0
818,0710,0,2026-06-13 15:35:20,0.0608260069515437,0
819,0710,0,2026-06-13 15:35:20,0.0608260069515437,0
820,0763,0,2026-06-13 15:35:20,0.7822531179717849,0
821,0862,0,2026-06-13 15:35:20,0.4595174810877121,0
822,0985,0,2026-06-13 15:35:20,0.2789818033122061,0
823,0069,0,2026-06-13 15:35:30,0.8509507258229401,1
824,0243,0,2026-06-13 15:35:30,0.8509507258229401,0
825,0340,0,2026-06-13 15:35:30,1.0000000000000000,0
826,0392,0,2026-06-13 15:35:30,0.3692496421999591,0
827,0560,0,2026-06-13 15:35:30,0.8509507258229401,0
828,0710,0,2026-06-13 15:35:30,0.0608260069515437,0
829,0710,0,2026-06-13 15:35:30,0.0608260069515437,0
830,0763,0,2026-06-13 15:35:30,0.7822531179717849,0
831,0862,0,2026-06-13 15:35:30,0.4595174810877121,0
832,0985,0,2026-06-13 15:35:30,0.2789818033122061,0
833,0243,0,2026-06-13 15:35:40,0.8509507258229401,0
834,0340,0,2026-06-13 15:35:40,1.0000000000000000,0
835,0392,0,2026-06-13 15:35:40,0.3692496421999591,0
836,0560,0,2026-06-13 15:35:40,0.8509507258229401,0
837,0710,0,2026-06-13 15:35:40,0.0608260069515437,0
838,0763,0,2026-06-13 15:35:40,0.7822531179717849,0
839,0862,0,2026-06-13 15:35:40,0.4595174810877121,0
840,0243,0,2026-06-13 15:35:50,0.8509507258229401,0
841,0340,0,2026-06-13 15:35:50,1.0000000000000000,0
842,0392,0,2026-06-13 15:35:50,0.3692496421999591,0
843,0560,0,2026-06-13 15:35:50,0.8509507258229401,0
844,0710,0,2026-06-13 15:35:50,0.0608260069515437,0
845,0763,0,2026-06-13 15:35:50,0.7822531179717849,0
846,0862,0,2026-06-13 15:35:50,0.4595174810877121,0
847,0930,0,2026-06-13 15:35:50,0.5396646902473932,0
848,0243,0,2026-06-13 15:36:00,0.8509507258229401,0
849,0305,0,2026-06-13 15:36:00,0.4595174810877121,0
850,0340,0,2026-06-13 15:36:00,1.0000000000000000,0
851,0560,0,2026-06-13 15:36:00,0.8509507258229401,0
852,0763,0,2026-06-13 15:36:00,0.7822531179717849,0
853,0806,0,2026-06-13 15:36:00,0.9248619914127990,0
854,0862,0,2026-06-13 15:36:00,0.4595174810877121,0
855,0930,0,2026-06-13 15:36:00,0.5396646902473932,0
856,0243,0,2026-06-13 15:36:10,0.8509507258229401,0
857,0305,0,2026-06-13 15:36:10,0.4595174810877121,0
858,0340,0,2026-06-13 15:36:10,1.0000000000000000,0
859,0560,0,2026-06-13 15:36:10,0.8509507258229401,0
860,0733,0,2026-06-13 15:36:10,0.6026374974442854,0
861,0763,0,2026-06-13 15:36:10,0.7822531179717849,0
862,0806,0,2026-06-13 15:36:10,0.9248619914127990,1
863,0862,0,2026-06-13 15:36:10,0.4595174810877121,0
864,0930,0,2026-06-13 15:36:10,0.5396646902473932,0
865,0243,0,2026-06-13 15:36:20,0.8509507258229401,0
866,0305,0,2026-06-13 15:36:20,0.4595174810877121,0
867,0340,0,2026-06-13 15:36:20,1.0000000000000000,0
868,0560,0,2026-06-13 15:36:20,0.8509507258229401,0
869,0733,0,2026-06-13 15:36:20,0.6026374974442854,0
870,0763,0,2026-06-13 15:36:20,0.7822531179717849,0
871,0806,0,2026-06-13 15:36:20,0.9248619914127990,0
872,0930,0,2026-06-13 15:36:20,0.5396646902473932,0
873,0243,0,2026-06-13 15:36:30,0.8509507258229401,0
874,0305,0,2026-06-13 15:36:30,0.4595174810877121,0
875,0340,0,2026-06-13 15:36:30,1.0000000000000000,0
876,0560,0,2026-06-13 15:36:30,0.8509507258229401,0
877,0733,0,2026-06-13 15:36:30,0.6026374974442854,0
878,0763,0,2026-06-13 15:36:30,0.7822531179717849,0
879,0806,0,2026-06-13 15:36:30,0.9248619914127990,0
880,0930,0,2026-06-13 15:36:30,0.5396646902473932,0
881,0243,0,2026-06-13 15:36:40,0.8509507258229401,0
882,0305,0,2026-06-13 15:36:40,0.4595174810877121,1
883,0340,0,2026-06-13 15:36:40,1.0000000000000000,0
884,0560,0,2026-06-13 15:36:40,0.8509507258229401,0
885,0733,0,2026-06-13 15:36:40,0.6026374974442854,0
886,0806,0,2026-06-13 15:36:40,0.9248619914127990,0
887,0930,0,2026-06-13 15:36:40,0.5396646902473932,0
888,0243,0,2026-06-13 15:36:50,0.8509507258229401,0
889,0305,0,2026-06-13 15:36:50,0.4595174810877121,1
890,0733,0,2026-06-13 15:36:50,0.6026374974442854,0
891,0806,0,2026-06-13 15:36:50,0.9248619914127990,0
892,0930,0,2026-06-13 15:36:50,0.5396646902473932,0
893,0243,0,2026-06-13 15:37:00,0.8509507258229401,0
894,0305,0,2026-06-13 15:37:00,0.4595174810877121,0
895,0545,0,2026-06-13 15:37:00,0.9248619914127990,0
896,0733,0,2026-06-13 15:37:00,0.6026374974442854,1
897,0806,0,2026-06-13 15:37:00,0.9248619914127990,0
898,0930,0,2026-06-13 15:37:00,0.5396646902473932,0
899,0243,0,2026-06-13 15:37:10,0.8509507258229401,0
900,0305,0,2026-06-13 15:37:10,0.4595174810877121,0
901,0545,0,2026-06-13 15:37:10,0.9248619914127990,0
902,0733,0,2026-06-13 15:37:10,0.6026374974442854,0
903,0806,0,2026-06-13 15:37:10,0.9248619914127990,0
904,0930,0,2026-06-13 15:37:10,0.5396646902473932,0
905,0305,0,2026-06-13 15:37:20,0.4595174810877121,0
906,0545,0,2026-06-13 15:37:20,0.9248619914127990,0
907,0733,0,2026-06-13 15:37:20,0.6026374974442854,0
908,0806,0,2026-06-13 15:37:20,0.9248619914127990,0
909,0930,0,2026-06-13 15:37:20,0.5396646902473932,0
910,0305,0,2026-06-13 15:37:30,0.4595174810877121,0
911,0545,0,2026-06-13 15:37:30,0.9248619914127990,0
912,0733,0,2026-06-13 15:37:30,0.6026374974442854,0
913,0305,0,2026-06-13 15:37:40,0.4595174810877121,0
914,0515,0,2026-06-13 15:37:40,0.4595174810877121,1
915,0545,0,2026-06-13 15:37:40,0.9248619914127990,0
916,0733,0,2026-06-13 15:37:40,0.6026374974442854,0
917,0274,0,2026-06-13 15:37:50,0.3692496421999591,0
918,0515,0,2026-06-13 15:37:50,0.4595174810877121,0
919,0545,0,2026-06-13 15:37:50,0.9248619914127990,0
920,0733,0,2026-06-13 15:37:50,0.6026374974442854,0
921,0274,0,2026-06-13 15:38:00,0.3692496421999591,0
922,0515,0,2026-06-13 15:38:00,0.4595174810877121,0
923,0545,0,2026-06-13 15:38:00,0.9248619914127990,0
924,0733,0,2026-06-13 15:38:00,0.6026374974442854,0
925,0244,0,2026-06-13 15:38:10,0.6026374974442854,0
926,0274,0,2026-06-13 15:38:10,0.3692496421999591,0
927,0515,0,2026-06-13 15:38:10,0.4595174810877121,1
928,0515,0,2026-06-13 15:38:10,0.4595174810877121,0
929,0545,0,2026-06-13 15:38:10,0.9248619914127990,0
930,0244,0,2026-06-13 15:38:20,0.6026374974442854,0
931,0274,0,2026-06-13 15:38:20,0.3692496421999591,0
932,0515,0,2026-06-13 15:38:20,0.4595174810877121,0
933,0515,0,2026-06-13 15:38:20,0.4595174810877121,0
934,0545,0,2026-06-13 15:38:20,0.9248619914127990,0
935,0244,0,2026-06-13 15:38:30,0.6026374974442854,1
936,0274,0,2026-06-13 15:38:30,0.3692496421999591,0
937,0515,0,2026-06-13 15:38:30,0.4595174810877121,0
938,0515,0,2026-06-13 15:38:30,0.4595174810877121,0
939,0545,0,2026-06-13 15:38:30,0.9248619914127990,0
940,0244,0,2026-06-13 15:38:40,0.6026374974442854,0
941,0274,0,2026-06-13 15:38:40,0.3692496421999591,0
942,0515,0,2026-06-13 15:38:40,0.4595174810877121,0
943,0515,0,2026-06-13 15:38:40,0.4595174810877121,0
944,0545,0,2026-06-13 15:38:40,0.9248619914127990,0
945,0244,0,2026-06-13 15:38:50,0.6026374974442854,0
946,0274,0,2026-06-13 15:38:50,0.3692496421999591,1
947,0515,0,2026-06-13 15:38:50,0.4595174810877121,0
948,0515,0,2026-06-13 15:38:50,0.4595174810877121,0
949,0545,0,2026-06-13 15:38:50,0.9248619914127990,0
950,0244,0,2026-06-13 15:39:00,0.6026374974442854,1
951,0274,0,2026-06-13 15:39:00,0.3692496421999591,0
952,0515,0,2026-06-13 15:39:00,0.4595174810877121,0
953,0515,0,2026-06-13 15:39:00,0.4595174810877121,0
954,0244,0,2026-06-13 15:39:10,0.6026374974442854,0
955,0274,0,2026-06-13 15:39:10,0.3692496421999591,0
956,0515,0,2026-06-13 15:39:10,0.4595174810877121,0
957,0244,0,2026-06-13 15:39:20,0.6026374974442854,0
958,0274,0,2026-06-13 15:39:20,0.3692496421999591,0
959,0515,0,2026-06-13 15:39:20,0.4595174810877121,0
960,0796,0,2026-06-13 15:39:20,0.2789818033122061,0
961,0244,0,2026-06-13 15:39:30,0.6026374974442854,0
962,0274,0,2026-06-13 15:39:30,0.3692496421999591,0
963,0515,0,2026-06-13 15:39:30,0.4595174810877121,0
964,0796,0,2026-06-13 15:39:30,0.2789818033122061,0
965,0244,0,2026-06-13 15:39:40,0.6026374974442854,0
966,0274,0,2026-06-13 15:39:40,0.3692496421999591,0
967,0796,0,2026-06-13 15:39:40,0.2789818033122061,1
968,0244,0,2026-06-13 15:39:50,0.6026374974442854,0
969,0796,0,2026-06-13 15:39:50,0.2789818033122061,0
970,0796,0,2026-06-13 15:40:00,0.2789818033122061,0
971,0796,0,2026-06-13 15:40:10,0.2789818033122061,0
972,0796,0,2026-06-13 15:40:20,0.2789818033122061,0
973,0796,0,2026-06-13 15:40:30,0.2789818033122061,0
974,0798,0,2026-06-13 15:41:20,0.1247188713964424,0
975,0798,0,2026-06-13 15:41:30,0.1247188713964424,1
976,0798,0,2026-06-13 15:41:40,0.1247188713964424,0
977,0798,0,2026-06-13 15:41:50,0.1247188713964424,0
978,0798,0,2026-06-13 15:42:00,0.1247188713964424,0
979,0798,0,2026-06-13 15:42:10,0.1247188713964424,0
980,0798,0,2026-06-13 15:42:20,0.1247188713964424,0
981,0798,0,2026-06-13 15:42:30,0.1247188713964424,0
982,0588,0,2026-06-13 15:42:40,0.4595174810877121,0
983,0618,0,2026-06-13 15:42:40,0.1247188713964424,1
984,0588,0,2026-06-13 15:42:50,0.4595174810877121,0
985,0618,0,2026-06-13 15:42:50,0.1247188713964424,1
986,0588,0,2026-06-13 15:43:00,0.4595174810877121,0
987,0618,0,2026-06-13 15:43:00,0.1247188713964424,0
988,0588,0,2026-06-13 15:43:10,0.4595174810877121,1
989,0618,0,2026-06-13 15:43:10,0.1247188713964424,0
990,0588,0,2026-06-13 15:43:20,0.4595174810877121,0
991,0618,0,2026-06-13 15:43:20,0.1247188713964424,0
992,0588,0,2026-06-13 15:43:30,0.4595174810877121,0
993,0618,0,2026-06-13 15:43:30,0.1247188713964424,0
994,0588,0,2026-06-13 15:43:40,0.4595174810877121,0
995,0618,0,2026-06-13 15:43:40,0.1247188713964424,0
996,0588,0,2026-06-13 15:43:50,0.4595174810877121,0
997,0618,0,2026-06-13 15:43:50,0.1247188713964424,0
998,0588,0,2026-06-13 15:44:00,0.4595174810877121,0
999,0618,0,2026-06-13 15:44:00,0.1247188713964424,0
1000,0588,0,2026-06-13 15:44:10,0.4595174810877121,0
1001,0618,0,2026-06-13 15:44:10,0.1247188713964424,0
1002,0588,0,2026-06-13 15:44:20,0.4595174810877121,0
1003,0618,0,2026-06-13 15:44:20,0.1247188713964424,0
1004,0618,0,2026-06-13 15:44:30,0.1247188713964424,0
1005,0661,0,2026-06-13 16:51:50,0.6787977918626048,0
1006,0661,0,2026-06-13 16:52:00,0.6787977918626048,1
1007,0661,0,2026-06-13 16:52:10,0.6787977918626048,1
1008,0661,0,2026-06-13 16:52:20,0.6787977918626048,0
1009,0904,0,2026-06-13 17:10:00,0.8509507258229401,0
1010,0904,0,2026-06-13 17:10:10,0.8509507258229401,0
1011,0904,0,2026-06-13 17:10:20,0.8509507258229401,0
1012,0904,0,2026-06-13 17:10:30,0.8509507258229401,0
1013,0904,0,2026-06-13 17:10:40,0.8509507258229401,0
1014,0904,0,2026-06-13 17:10:50,0.8509507258229401,0
1015,0904,0,2026-06-13 17:11:00,0.8509507258229401,0
1016,0005,0,2026-06-13 17:11:10,0.4595174810877121,1
1017,0904,0,2026-06-13 17:11:10,0.8509507258229401,0
1018,0005,0,2026-06-13 17:11:20,0.4595174810877121,0
1019,0904,0,2026-06-13 17:11:20,0.8509507258229401,0
1020,0005,0,2026-06-13 17:11:30,0.4595174810877121,0
1021,0904,0,2026-06-13 17:11:30,0.8509507258229401,0
1022,0005,0,2026-06-13 17:11:40,0.4595174810877121,0
1023,0904,0,2026-06-13 17:11:40,0.8509507258229401,1
1024,0005,0,2026-06-13 17:11:50,0.4595174810877121,0
1025,0904,0,2026-06-13 17:11:50,0.8509507258229401,0
1026,0005,0,2026-06-13 17:12:00,0.4595174810877121,0
1027,0005,0,2026-06-13 17:12:10,0.4595174810877121,0
1028,0005,0,2026-06-13 17:12:20,0.4595174810877121,0
1029,0005,0,2026-06-13 17:12:30,0.4595174810877121,0
1030,0717,0,2026-06-13 17:13:00,1.0000000000000000,1
1031,0717,0,2026-06-13 17:13:10,1.0000000000000000,0
1032,0717,0,2026-06-13 17:13:20,1.0000000000000000,0
1033,0802,0,2026-06-13 17:13:20,0.8509507258229401,0
1034,0717,0,2026-06-13 17:13:30,1.0000000000000000,0
1035,0802,0,2026-06-13 17:13:30,0.8509507258229401,0
1036,0717,0,2026-06-13 17:13:40,1.0000000000000000,0
1037,0802,0,2026-06-13 17:13:40,0.8509507258229401,0
1038,0717,0,2026-06-13 17:13:50,1.0000000000000000,0
1039,0802,0,2026-06-13 17:13:50,0.8509507258229401,0
1040,0717,0,2026-06-13 17:14:00,1.0000000000000000,0
1041,0802,0,2026-06-13 17:14:00,0.8509507258229401,0
1042,0717,0,2026-06-13 17:14:10,1.0000000000000000,0
1043,0802,0,2026-06-13 17:14:10,0.8509507258229401,0
1044,0717,0,2026-06-13 17:14:20,1.0000000000000000,0
1045,0802,0,2026-06-13 17:14:20,0.8509507258229401,0
1046,0717,0,2026-06-13 17:14:30,1.0000000000000000,0
1047,0802,0,2026-06-13 17:14:30,0.8509507258229401,0
1048,0717,0,2026-06-13 17:14:40,1.0000000000000000,0
1049,0802,0,2026-06-13 17:14:40,0.8509507258229401,0
1050,0802,0,2026-06-13 17:14:50,0.8509507258229401,0
1051,0178,0,2026-06-13 17:15:10,0.1247188713964424,0
1052,0178,0,2026-06-13 17:15:20,0.1247188713964424,1
1053,0222,0,2026-06-13 17:15:20,0.1247188713964424,0
1054,0178,0,2026-06-13 17:15:30,0.1247188713964424,0
1055,0222,0,2026-06-13 17:15:30,0.1247188713964424,0
1056,0178,0,2026-06-13 17:15:40,0.1247188713964424,0
1057,0222,0,2026-06-13 17:15:40,0.1247188713964424,1
1058,0178,0,2026-06-13 17:15:50,0.1247188713964424,0
1059,0222,0,2026-06-13 17:15:50,0.1247188713964424,0
1060,0178,0,2026-06-13 17:16:00,0.1247188713964424,0
1061,0222,0,2026-06-13 17:16:00,0.1247188713964424,0
1062,0178,0,2026-06-13 17:16:10,0.1247188713964424,1
1063,0222,0,2026-06-13 17:16:10,0.1247188713964424,0
1064,0178,0,2026-06-13 17:16:20,0.1247188713964424,0
1065,0222,0,2026-06-13 17:16:20,0.1247188713964424,0
1066,0178,0,2026-06-13 17:16:30,0.1247188713964424,0
1067,0222,0,2026-06-13 17:16:30,0.1247188713964424,0
1068,0747,0,2026-06-13 17:16:30,0.2789818033122061,0
1069,0178,0,2026-06-13 17:16:40,0.1247188713964424,0
1070,0222,0,2026-06-13 17:16:40,0.1247188713964424,0
1071,0747,0,2026-06-13 17:16:40,0.2789818033122061,0
1072,0222,0,2026-06-13 17:16:50,0.1247188713964424,0
1073,0747,0,2026-06-13 17:16:50,0.2789818033122061,0
1074,0222,0,2026-06-13 17:17:00,0.1247188713964424,0
1075,0747,0,2026-06-13 17:17:00,0.2789818033122061,0
1076,0118,0,2026-06-13 17:17:10,0.4595174810877121,1
1077,0747,0,2026-06-13 17:17:10,0.2789818033122061,0
1078,0921,0,2026-06-13 17:17:10,0.9248619914127990,0
1079,0118,0,2026-06-13 17:17:20,0.4595174810877121,0
1080,0747,0,2026-06-13 17:17:20,0.2789818033122061,0
1081,0921,0,2026-06-13 17:17:20,0.9248619914127990,0
1082,0118,0,2026-06-13 17:17:30,0.4595174810877121,0
1083,0747,0,2026-06-13 17:17:30,0.2789818033122061,0
1084,0921,0,2026-06-13 17:17:30,0.9248619914127990,0
1085,0118,0,2026-06-13 17:17:40,0.4595174810877121,0
1086,0747,0,2026-06-13 17:17:40,0.2789818033122061,0
1087,0921,0,2026-06-13 17:17:40,0.9248619914127990,0
1088,0118,0,2026-06-13 17:17:50,0.4595174810877121,0
1089,0747,0,2026-06-13 17:17:50,0.2789818033122061,0
1090,0921,0,2026-06-13 17:17:50,0.9248619914127990,0
1091,0118,0,2026-06-13 17:18:00,0.4595174810877121,0
1092,0747,0,2026-06-13 17:18:00,0.2789818033122061,0
1093,0921,0,2026-06-13 17:18:00,0.9248619914127990,1
1094,0118,0,2026-06-13 17:18:10,0.4595174810877121,0
1095,0747,0,2026-06-13 17:18:10,0.2789818033122061,0
1096,0771,0,2026-06-13 17:18:10,0.5396646902473932,0
1097,0921,0,2026-06-13 17:18:10,0.9248619914127990,0
1098,0747,0,2026-06-13 17:18:20,0.2789818033122061,0
1099,0771,0,2026-06-13 17:18:20,0.5396646902473932,0
1100,0771,0,2026-06-13 17:18:30,0.5396646902473932,1
1101,0771,0,2026-06-13 17:18:40,0.5396646902473932,0
1102,0771,0,2026-06-13 17:18:50,0.5396646902473932,0
1103,0771,0,2026-06-13 17:19:00,0.5396646902473932,0
1104,0771,0,2026-06-13 17:19:10,0.5396646902473932,0
1105,0771,0,2026-06-13 17:19:20,0.5396646902473932,0
1106,0771,0,2026-06-13 17:19:30,0.5396646902473932,0
1107,0771,0,2026-06-13 17:19:40,0.5396646902473932,0
1108,0076,0,2026-06-13 18:30:50,0.2789818033122061,0
1109,0076,0,2026-06-13 18:31:00,0.2789818033122061,0
1110,0076,0,2026-06-13 18:31:10,0.2789818033122061,0
1111,0076,0,2026-06-13 18:31:20,0.2789818033122061,0
1112,0076,0,2026-06-13 18:31:30,0.2789818033122061,0
1113,0172,0,2026-06-13 18:31:30,0.3692496421999591,0
1114,0172,0,2026-06-13 18:31:30,0.3692496421999591,0
1115,0076,0,2026-06-13 18:31:40,0.2789818033122061,0
1116,0172,0,2026-06-13 18:31:40,0.3692496421999591,0
1117,0172,0,2026-06-13 18:31:40,0.3692496421999591,0
1118,0076,0,2026-06-13 18:31:50,0.2789818033122061,0
1119,0172,0,2026-06-13 18:31:50,0.3692496421999591,0
1120,0172,0,2026-06-13 18:31:50,0.3692496421999591,0
1121,0076,0,2026-06-13 18:32:00,0.2789818033122061,0
1122,0172,0,2026-06-13 18:32:00,0.3692496421999591,0
1123,0172,0,2026-06-13 18:32:00,0.3692496421999591,0
1124,0172,0,2026-06-13 18:32:00,0.3692496421999591,0
1125,0076,0,2026-06-13 18:32:10,0.2789818033122061,0
1126,0172,0,2026-06-13 18:32:10,0.3692496421999591,0
1127,0172,0,2026-06-13 18:32:10,0.3692496421999591,0
1128,0172,0,2026-06-13 18:32:10,0.3692496421999591,0
1129,0076,0,2026-06-13 18:32:20,0.2789818033122061,0
1130,0172,0,2026-06-13 18:32:20,0.3692496421999591,0
1131,0172,0,2026-06-13 18:32:20,0.3692496421999591,0
1132,0076,0,2026-06-13 18:32:30,0.2789818033122061,0
1133,0172,0,2026-06-13 18:32:30,0.3692496421999591,0
1134,0172,0,2026-06-13 18:32:30,0.3692496421999591,1
1135,0172,0,2026-06-13 18:32:30,0.3692496421999591,0
1136,0076,0,2026-06-13 18:32:40,0.2789818033122061,0
1137,0172,0,2026-06-13 18:32:40,0.3692496421999591,0
1138,0172,0,2026-06-13 18:32:40,0.3692496421999591,0
1139,0172,0,2026-06-13 18:32:40,0.3692496421999591,0
1140,0981,0,2026-06-13 18:49:00,0.7822531179717849,0
1141,0981,0,2026-06-13 18:49:10,0.7822531179717849,0
1142,0981,0,2026-06-13 18:49:20,0.7822531179717849,0
1143,0981,0,2026-06-13 18:49:30,0.7822531179717849,0
1144,0159,0,2026-06-13 18:49:40,0.9248619914127990,0
1145,0981,0,2026-06-13 18:49:40,0.7822531179717849,0
1146,0159,0,2026-06-13 18:49:50,0.9248619914127990,0
1147,0981,0,2026-06-13 18:49:50,0.7822531179717849,0
1148,0159,0,2026-06-13 18:50:00,0.9248619914127990,0
1149,0981,0,2026-06-13 18:50:00,0.7822531179717849,0
1150,0159,0,2026-06-13 18:50:10,0.9248619914127990,0
1151,0981,0,2026-06-13 18:50:10,0.7822531179717849,0
1152,0095,0,2026-06-13 18:50:20,0.0608260069515437,1
1153,0159,0,2026-06-13 18:50:20,0.9248619914127990,0
1154,0981,0,2026-06-13 18:50:20,0.7822531179717849,0
1155,0095,0,2026-06-13 18:50:30,0.0608260069515437,1
1156,0159,0,2026-06-13 18:50:30,0.9248619914127990,0
1157,0981,0,2026-06-13 18:50:30,0.7822531179717849,0
1158,0095,0,2026-06-13 18:50:40,0.0608260069515437,0
1159,0159,0,2026-06-13 18:50:40,0.9248619914127990,0
1160,0981,0,2026-06-13 18:50:40,0.7822531179717849,0
1161,0095,0,2026-06-13 18:50:50,0.0608260069515437,0
1162,0159,0,2026-06-13 18:50:50,0.9248619914127990,0
1163,0981,0,2026-06-13 18:50:50,0.7822531179717849,0
1164,0095,0,2026-06-13 18:51:00,0.0608260069515437,0
1165,0159,0,2026-06-13 18:51:00,0.9248619914127990,1
1166,0095,0,2026-06-13 18:51:10,0.0608260069515437,0
1167,0159,0,2026-06-13 18:51:10,0.9248619914127990,1
1168,0095,0,2026-06-13 18:51:20,0.0608260069515437,0
1169,0095,0,2026-06-13 18:51:30,0.0608260069515437,0
1170,0095,0,2026-06-13 18:51:40,0.0608260069515437,0
1171,0095,0,2026-06-13 18:51:50,0.0608260069515437,0
1172,0095,0,2026-06-13 18:52:00,0.0608260069515437,0
1173,0908,0,2026-06-13 20:08:30,0.3692496421999591,0
1174,0908,0,2026-06-13 20:08:40,0.3692496421999591,1
1175,0908,0,2026-06-13 20:08:50,0.3692496421999591,0
1176,0908,0,2026-06-13 20:09:00,0.3692496421999591,0
1177,0908,0,2026-06-13 20:09:10,0.3692496421999591,0
1178,0908,0,2026-06-13 20:09:20,0.3692496421999591,0
1179,0908,0,2026-06-13 20:09:30,0.3692496421999591,0
1180,0908,0,2026-06-13 20:09:40,0.3692496421999591,0
1181,0908,0,2026-06-13 20:09:50,0.3692496421999591,0
1182,0668,0,2026-06-13 20:10:00,0.7822531179717849,0
1183,0908,0,2026-06-13 20:10:00,0.3692496421999591,0
1184,0668,0,2026-06-13 20:10:10,0.7822531179717849,0
1185,0668,0,2026-06-13 20:10:20,0.7822531179717849,0
1186,0668,0,2026-06-13 20:10:30,0.7822531179717849,0
1187,0668,0,2026-06-13 20:10:40,0.7822531179717849,0
1188,0668,0,2026-06-13 20:10:50,0.7822531179717849,0
1189,0721,0,2026-06-14 01:24:40,0.7822531179717849,0
1190,0721,0,2026-06-14 01:24:50,0.7822531179717849,0
1191,0721,0,2026-06-14 01:25:00,0.7822531179717849,0
1192,0721,0,2026-06-14 01:25:10,0.7822531179717849,0
1193,0721,0,2026-06-14 01:25:20,0.7822531179717849,0
1194,0721,0,2026-06-14 01:25:30,0.7822531179717849,0
1195,0721,0,2026-06-14 01:25:40,0.7822531179717849,0
1196,0721,0,2026-06-14 01:25:50,0.7822531179717849,0
1197,0721,0,2026-06-14 01:26:00,0.7822531179717849,0
1198,0721,0,2026-06-14 01:26:10,0.7822531179717849,1
1199,0721,0,2026-06-14 01:26:20,0.7822531179717849,0
1200,0851,0,2026-06-14 01:28:10,0.2789818033122061,1
1201,0431,0,2026-06-14 01:28:20,0.1896340216724596,1
1202,0851,0,2026-06-14 01:28:20,0.2789818033122061,0
1203,0431,0,2026-06-14 01:28:30,0.1896340216724596,0
1204,0517,0,2026-06-14 01:28:30,0.5396646902473932,0
1205,0631,0,2026-06-14 01:28:30,0.6787977918626048,0
1206,0660,0,2026-06-14 01:28:30,0.6787977918626048,0
1207,0851,0,2026-06-14 01:28:30,0.2789818033122061,0
1208,0362,0,2026-06-14 01:28:40,0.1896340216724596,0
1209,0394,0,2026-06-14 01:28:40,0.6787977918626048,0
1210,0431,0,2026-06-14 01:28:40,0.1896340216724596,0
1211,0517,0,2026-06-14 01:28:40,0.5396646902473932,1
1212,0631,0,2026-06-14 01:28:40,0.6787977918626048,0
1213,0660,0,2026-06-14 01:28:40,0.6787977918626048,0
1214,0851,0,2026-06-14 01:28:40,0.2789818033122061,0
1215,0362,0,2026-06-14 01:28:50,0.1896340216724596,0
1216,0394,0,2026-06-14 01:28:50,0.6787977918626048,1
1217,0431,0,2026-06-14 01:28:50,0.1896340216724596,0
1218,0517,0,2026-06-14 01:28:50,0.5396646902473932,0
1219,0631,0,2026-06-14 01:28:50,0.6787977918626048,0
1220,0660,0,2026-06-14 01:28:50,0.6787977918626048,0
1221,0711,0,2026-06-14 01:28:50,0.7822531179717849,0
1222,0851,0,2026-06-14 01:28:50,0.2789818033122061,0
1223,0184,0,2026-06-14 01:29:00,0.4595174810877121,0
1224,0362,0,2026-06-14 01:29:00,0.1896340216724596,0
1225,0394,0,2026-06-14 01:29:00,0.6787977918626048,0
1226,0431,0,2026-06-14 01:29:00,0.1896340216724596,0
1227,0517,0,2026-06-14 01:29:00,0.5396646902473932,0
1228,0631,0,2026-06-14 01:29:00,0.6787977918626048,0
1229,0660,0,2026-06-14 01:29:00,0.6787977918626048,0
1230,0711,0,2026-06-14 01:29:00,0.7822531179717849,1
1231,0851,0,2026-06-14 01:29:00,0.2789818033122061,0
1232,0184,0,2026-06-14 01:29:10,0.4595174810877121,0
1233,0362,0,2026-06-14 01:29:10,0.1896340216724596,0
1234,0394,0,2026-06-14 01:29:10,0.6787977918626048,1
1235,0431,0,2026-06-14 01:29:10,0.1896340216724596,0
1236,0517,0,2026-06-14 01:29:10,0.5396646902473932,0
1237,0631,0,2026-06-14 01:29:10,0.6787977918626048,0
1238,0660,0,2026-06-14 01:29:10,0.6787977918626048,0
1239,0711,0,2026-06-14 01:29:10,0.7822531179717849,0
1240,0750,0,2026-06-14 01:29:10,1.0000000000000000,0
1241,0851,0,2026-06-14 01:29:10,0.2789818033122061,0
1242,0184,0,2026-06-14 01:29:20,0.4595174810877121,0
1243,0362,0,2026-06-14 01:29:20,0.1896340216724596,0
1244,0394,0,2026-06-14 01:29:20,0.6787977918626048,0
1245,0431,0,2026-06-14 01:29:20,0.1896340216724596,0
1246,0517,0,2026-06-14 01:29:20,0.5396646902473932,0
1247,0631,0,2026-06-14 01:29:20,0.6787977918626048,0
1248,0711,0,2026-06-14 01:29:20,0.7822531179717849,0
1249,0750,0,2026-06-14 01:29:20,1.0000000000000000,0
1250,0851,0,2026-06-14 01:29:20,0.2789818033122061,0
1251,0184,0,2026-06-14 01:29:30,0.4595174810877121,0
1252,0362,0,2026-06-14 01:29:30,0.1896340216724596,0
1253,0394,0,2026-06-14 01:29:30,0.6787977918626048,0
1254,0431,0,2026-06-14 01:29:30,0.1896340216724596,1
1255,0517,0,2026-06-14 01:29:30,0.5396646902473932,0
1256,0631,0,2026-06-14 01:29:30,0.6787977918626048,0
1257,0711,0,2026-06-14 01:29:30,0.7822531179717849,0
1258,0750,0,2026-06-14 01:29:30,1.0000000000000000,0
1259,0851,0,2026-06-14 01:29:30,0.2789818033122061,0
1260,0184,0,2026-06-14 01:29:40,0.4595174810877121,1
1261,0362,0,2026-06-14 01:29:40,0.1896340216724596,0
1262,0394,0,2026-06-14 01:29:40,0.6787977918626048,0
1263,0431,0,2026-06-14 01:29:40,0.1896340216724596,0
1264,0517,0,2026-06-14 01:29:40,0.5396646902473932,0
1265,0631,0,2026-06-14 01:29:40,0.6787977918626048,0
1266,0711,0,2026-06-14 01:29:40,0.7822531179717849,0
1267,0750,0,2026-06-14 01:29:40,1.0000000000000000,0
1268,0851,0,2026-06-14 01:29:40,0.2789818033122061,0
1269,0184,0,2026-06-14 01:29:50,0.4595174810877121,1
1270,0362,0,2026-06-14 01:29:50,0.1896340216724596,0
1271,0394,0,2026-06-14 01:29:50,0.6787977918626048,0
1272,0431,0,2026-06-14 01:29:50,0.1896340216724596,0
1273,0517,0,2026-06-14 01:29:50,0.5396646902473932,0
1274,0631,0,2026-06-14 01:29:50,0.6787977918626048,0
1275,0711,0,2026-06-14 01:29:50,0.7822531179717849,0
1276,0750,0,2026-06-14 01:29:50,1.0000000000000000,0
1277,0851,0,2026-06-14 01:29:50,0.2789818033122061,0
1278,0362,0,2026-06-14 01:30:00,0.1896340216724596,0
1279,0394,0,2026-06-14 01:30:00,0.6787977918626048,0
1280,0631,0,2026-06-14 01:30:00,0.6787977918626048,0
1281,0750,0,2026-06-14 01:30:00,1.0000000000000000,0
1282,0851,0,2026-06-14 01:30:00,0.2789818033122061,0
1283,0362,0,2026-06-14 01:30:10,0.1896340216724596,1
1284,0394,0,2026-06-14 01:30:10,0.6787977918626048,0
1285,0631,0,2026-06-14 01:30:10,0.6787977918626048,0
1286,0750,0,2026-06-14 01:30:10,1.0000000000000000,0
1287,0362,0,2026-06-14 01:30:20,0.1896340216724596,1
1288,0631,0,2026-06-14 01:30:20,0.6787977918626048,0
1289,0750,0,2026-06-14 01:30:20,1.0000000000000000,0
1290,0362,0,2026-06-14 01:30:30,0.1896340216724596,0
1291,0750,0,2026-06-14 01:30:30,1.0000000000000000,0
1292,0750,0,2026-06-14 01:30:40,1.0000000000000000,0
1293,0920,0,2026-06-14 01:35:30,1.0000000000000000,0
1294,0124,0,2026-06-14 01:35:40,0.0608260069515437,1
1295,0920,0,2026-06-14 01:35:40,1.0000000000000000,0
1296,0124,0,2026-06-14 01:35:50,0.0608260069515437,0
1297,0699,0,2026-06-14 01:35:50,0.2789818033122061,0
1298,0920,0,2026-06-14 01:35:50,1.0000000000000000,0
1299,0124,0,2026-06-14 01:36:00,0.0608260069515437,0
1300,0699,0,2026-06-14 01:36:00,0.2789818033122061,1
1301,0773,0,2026-06-14 01:36:00,0.3692496421999591,0
1302,0920,0,2026-06-14 01:36:00,1.0000000000000000,0
1303,0124,0,2026-06-14 01:36:10,0.0608260069515437,0
1304,0699,0,2026-06-14 01:36:10,0.2789818033122061,0
1305,0773,0,2026-06-14 01:36:10,0.3692496421999591,0
1306,0920,0,2026-06-14 01:36:10,1.0000000000000000,0
1307,0124,0,2026-06-14 01:36:20,0.0608260069515437,0
1308,0699,0,2026-06-14 01:36:20,0.2789818033122061,0
1309,0773,0,2026-06-14 01:36:20,0.3692496421999591,1
1310,0920,0,2026-06-14 01:36:20,1.0000000000000000,0
1311,0124,0,2026-06-14 01:36:30,0.0608260069515437,0
1312,0699,0,2026-06-14 01:36:30,0.2789818033122061,0
1313,0773,0,2026-06-14 01:36:30,0.3692496421999591,1
1314,0920,0,2026-06-14 01:36:30,1.0000000000000000,0
1315,0124,0,2026-06-14 01:36:40,0.0608260069515437,0
1316,0699,0,2026-06-14 01:36:40,0.2789818033122061,0
1317,0773,0,2026-06-14 01:36:40,0.3692496421999591,0
1318,0920,0,2026-06-14 01:36:40,1.0000000000000000,0
1319,0124,0,2026-06-14 01:36:50,0.0608260069515437,0
1320,0699,0,2026-06-14 01:36:50,0.2789818033122061,0
1321,0773,0,2026-06-14 01:36:50,0.3692496421999591,0
1322,0920,0,2026-06-14 01:36:50,1.0000000000000000,0
1323,0124,0,2026-06-14 01:37:00,0.0608260069515437,0
1324,0699,0,2026-06-14 01:37:00,0.2789818033122061,0
1325,0773,0,2026-06-14 01:37:00,0.3692496421999591,0
1326,0920,0,2026-06-14 01:37:00,1.0000000000000000,0
1327,0124,0,2026-06-14 01:37:10,0.0608260069515437,0
1328,0699,0,2026-06-14 01:37:10,0.2789818033122061,0
1329,0773,0,2026-06-14 01:37:10,0.3692496421999591,0
1330,0920,0,2026-06-14 01:37:10,1.0000000000000000,0
1331,0124,0,2026-06-14 01:37:20,0.0608260069515437,0
1332,0699,0,2026-06-14 01:37:20,0.2789818033122061,0
1333,0773,0,2026-06-14 01:37:20,0.3692496421999591,0
1334,0920,0,2026-06-14 01:37:20,1.0000000000000000,0
1335,0124,0,2026-06-14 01:37:30,0.0608260069515437,0
1336,0699,0,2026-06-14 01:37:30,0.2789818033122061,0
1337,0773,0,2026-06-14 01:37:30,0.3692496421999591,0
1338,0699,0,2026-06-14 01:37:40,0.2789818033122061,0
1339,0295,0,2026-06-14 01:37:50,0.6026374974442854,0
1340,0295,0,2026-06-14 01:38:00,0.6026374974442854,0
1341,0295,0,2026-06-14 01:38:10,0.6026374974442854,0
1342,0295,0,2026-06-14 01:38:20,0.6026374974442854,0
1343,0295,0,2026-06-14 01:38:30,0.6026374974442854,0
1344,0295,0,2026-06-14 01:38:40,0.6026374974442854,0
1345,0295,0,2026-06-14 01:38:50,0.6026374974442854,0
1346,0295,0,2026-06-14 01:39:00,0.6026374974442854,0
1347,0295,0,2026-06-14 01:39:10,0.6026374974442854,0
1348,0295,0,2026-06-14 01:39:20,0.6026374974442854,0
1349,0295,0,2026-06-14 01:39:30,0.6026374974442854,0
1350,0906,0,2026-06-14 03:05:20,0.5396646902473932,0
1351,0906,0,2026-06-14 03:05:30,0.5396646902473932,0
1352,0906,0,2026-06-14 03:05:40,0.5396646902473932,0
1353,0906,0,2026-06-14 03:05:50,0.5396646902473932,1
1354,0906,0,2026-06-14 03:06:00,0.5396646902473932,0
1355,0829,0,2026-06-14 03:06:10,0.4595174810877121,0
1356,0906,0,2026-06-14 03:06:10,0.5396646902473932,0
1357,0829,0,2026-06-14 03:06:20,0.4595174810877121,0
1358,0906,0,2026-06-14 03:06:20,0.5396646902473932,0
1359,0829,0,2026-06-14 03:06:30,0.4595174810877121,0
1360,0906,0,2026-06-14 03:06:30,0.5396646902473932,0
1361,0500,0,2026-06-14 03:06:40,0.9248619914127990,1
1362,0829,0,2026-06-14 03:06:40,0.4595174810877121,0
1363,0906,0,2026-06-14 03:06:40,0.5396646902473932,0
1364,0500,0,2026-06-14 03:06:50,0.9248619914127990,0
1365,0829,0,2026-06-14 03:06:50,0.4595174810877121,0
1366,0906,0,2026-06-14 03:06:50,0.5396646902473932,0
1367,0191,0,2026-06-14 03:07:00,0.1896340216724596,0
1368,0500,0,2026-06-14 03:07:00,0.9248619914127990,0
1369,0719,0,2026-06-14 03:07:00,0.3692496421999591,0
1370,0817,0,2026-06-14 03:07:00,0.3692496421999591,1
1371,0829,0,2026-06-14 03:07:00,0.4595174810877121,0
1372,0906,0,2026-06-14 03:07:00,0.5396646902473932,0
1373,0191,0,2026-06-14 03:07:10,0.1896340216724596,0
1374,0526,0,2026-06-14 03:07:10,1.0000000000000000,0
1375,0719,0,2026-06-14 03:07:10,0.3692496421999591,0
1376,0817,0,2026-06-14 03:07:10,0.3692496421999591,1
1377,0829,0,2026-06-14 03:07:10,0.4595174810877121,0
1378,0906,0,2026-06-14 03:07:10,0.5396646902473932,0
1379,0191,0,2026-06-14 03:07:20,0.1896340216724596,0
1380,0526,0,2026-06-14 03:07:20,1.0000000000000000,1
1381,0719,0,2026-06-14 03:07:20,0.3692496421999591,0
1382,0817,0,2026-06-14 03:07:20,0.3692496421999591,0
1383,0829,0,2026-06-14 03:07:20,0.4595174810877121,0
1384,0191,0,2026-06-14 03:07:30,0.1896340216724596,1
1385,0526,0,2026-06-14 03:07:30,1.0000000000000000,0
1386,0719,0,2026-06-14 03:07:30,0.3692496421999591,0
1387,0817,0,2026-06-14 03:07:30,0.3692496421999591,0
1388,0829,0,2026-06-14 03:07:30,0.4595174810877121,0
1389,0191,0,2026-06-14 03:07:40,0.1896340216724596,0
1390,0526,0,2026-06-14 03:07:40,1.0000000000000000,0
1391,0719,0,2026-06-14 03:07:40,0.3692496421999591,1
1392,0817,0,2026-06-14 03:07:40,0.3692496421999591,0
1393,0829,0,2026-06-14 03:07:40,0.4595174810877121,0
1394,0932,0,2026-06-14 03:07:40,0.1247188713964424,0
1395,0191,0,2026-06-14 03:07:50,0.1896340216724596,0
1396,0526,0,2026-06-14 03:07:50,1.0000000000000000,0
1397,0719,0,2026-06-14 03:07:50,0.3692496421999591,0
1398,0817,0,2026-06-14 03:07:50,0.3692496421999591,0
1399,0932,0,2026-06-14 03:07:50,0.1247188713964424,0
1400,0191,0,2026-06-14 03:08:00,0.1896340216724596,0
1401,0526,0,2026-06-14 03:08:00,1.0000000000000000,0
1402,0719,0,2026-06-14 03:08:00,0.3692496421999591,0
1403,0817,0,2026-06-14 03:08:00,0.3692496421999591,0
1404,0932,0,2026-06-14 03:08:00,0.1247188713964424,1
1405,0191,0,2026-06-14 03:08:10,0.1896340216724596,0
1406,0526,0,2026-06-14 03:08:10,1.0000000000000000,0
1407,0592,0,2026-06-14 03:08:10,0.6787977918626048,0
1408,0719,0,2026-06-14 03:08:10,0.3692496421999591,0
1409,0817,0,2026-06-14 03:08:10,0.3692496421999591,0
1410,0932,0,2026-06-14 03:08:10,0.1247188713964424,0
1411,0191,0,2026-06-14 03:08:20,0.1896340216724596,0
1412,0321,0,2026-06-14 03:08:20,0.9248619914127990,0
1413,0526,0,2026-06-14 03:08:20,1.0000000000000000,0
1414,0592,0,2026-06-14 03:08:20,0.6787977918626048,1
1415,0719,0,2026-06-14 03:08:20,0.3692496421999591,0
1416,0799,0,2026-06-14 03:08:20,0.7822531179717849,0
1417,0817,0,2026-06-14 03:08:20,0.3692496421999591,0
1418,0932,0,2026-06-14 03:08:20,0.1247188713964424,0
1419,0191,0,2026-06-14 03:08:30,0.1896340216724596,0
1420,0321,0,2026-06-14 03:08:30,0.9248619914127990,0
1421,0526,0,2026-06-14 03:08:30,1.0000000000000000,0
1422,0592,0,2026-06-14 03:08:30,0.6787977918626048,0
1423,0719,0,2026-06-14 03:08:30,0.3692496421999591,0
1424,0799,0,2026-06-14 03:08:30,0.7822531179717849,0
1425,0817,0,2026-06-14 03:08:30,0.3692496421999591,0
1426,0866,0,2026-06-14 03:08:30,0.1896340216724596,0
1427,0932,0,2026-06-14 03:08:30,0.1247188713964424,0
1428,0191,0,2026-06-14 03:08:40,0.1896340216724596,0
1429,0321,0,2026-06-14 03:08:40,0.9248619914127990,0
1430,0365,0,2026-06-14 03:08:40,0.2789818033122061,0
1431,0526,0,2026-06-14 03:08:40,1.0000000000000000,0
1432,0592,0,2026-06-14 03:08:40,0.6787977918626048,0
1433,0596,0,2026-06-14 03:08:40,0.7822531179717849,1
1434,0719,0,2026-06-14 03:08:40,0.3692496421999591,0
1435,0799,0,2026-06-14 03:08:40,0.7822531179717849,0
1436,0817,0,2026-06-14 03:08:40,0.3692496421999591,0
1437,0826,0,2026-06-14 03:08:40,0.2789818033122061,0
1438,0866,0,2026-06-14 03:08:40,0.1896340216724596,0
1439,0932,0,2026-06-14 03:08:40,0.1247188713964424,0
1440,0211,0,2026-06-14 03:08:50,0.6787977918626048,0
1441,0321,0,2026-06-14 03:08:50,0.9248619914127990,0
1442,0365,0,2026-06-14 03:08:50,0.2789818033122061,0
1443,0526,0,2026-06-14 03:08:50,1.0000000000000000,0
1444,0592,0,2026-06-14 03:08:50,0.6787977918626048,0
1445,0596,0,2026-06-14 03:08:50,0.7822531179717849,0
1446,0598,0,2026-06-14 03:08:50,0.1247188713964424,0
1447,0719,0,2026-06-14 03:08:50,0.3692496421999591,0
1448,0799,0,2026-06-14 03:08:50,0.7822531179717849,0
1449,0817,0,2026-06-14 03:08:50,0.3692496421999591,0
1450,0826,0,2026-06-14 03:08:50,0.2789818033122061,0
1451,0866,0,2026-06-14 03:08:50,0.1896340216724596,0
1452,0876,0,2026-06-14 03:08:50,0.1896340216724596,0
1453,0932,0,2026-06-14 03:08:50,0.1247188713964424,0
1454,0211,0,2026-06-14 03:09:00,0.6787977918626048,0
1455,0321,0,2026-06-14 03:09:00,0.9248619914127990,0
1456,0365,0,2026-06-14 03:09:00,0.2789818033122061,0
1457,0457,0,2026-06-14 03:09:00,0.6026374974442854,0
1458,0592,0,2026-06-14 03:09:00,0.6787977918626048,0
1459,0596,0,2026-06-14 03:09:00,0.7822531179717849,0
1460,0598,0,2026-06-14 03:09:00,0.1247188713964424,0
1461,0799,0,2026-06-14 03:09:00,0.7822531179717849,0
1462,0826,0,2026-06-14 03:09:00,0.2789818033122061,0
1463,0866,0,2026-06-14 03:09:00,0.1896340216724596,0
1464,0876,0,2026-06-14 03:09:00,0.1896340216724596,0
1465,0932,0,2026-06-14 03:09:00,0.1247188713964424,0
1466,0211,0,2026-06-14 03:09:10,0.6787977918626048,0
1467,0321,0,2026-06-14 03:09:10,0.9248619914127990,0
1468,0365,0,2026-06-14 03:09:10,0.2789818033122061,0
1469,0457,0,2026-06-14 03:09:10,0.6026374974442854,0
1470,0592,0,2026-06-14 03:09:10,0.6787977918626048,0
1471,0598,0,2026-06-14 03:09:10,0.1247188713964424,0
1472,0799,0,2026-06-14 03:09:10,0.7822531179717849,0
1473,0826,0,2026-06-14 03:09:10,0.2789818033122061,0
1474,0866,0,2026-06-14 03:09:10,0.1896340216724596,0
1475,0876,0,2026-06-14 03:09:10,0.1896340216724596,0
1476,0932,0,2026-06-14 03:09:10,0.1247188713964424,0
1477,0211,0,2026-06-14 03:09:20,0.6787977918626048,0
1478,0321,0,2026-06-14 03:09:20,0.9248619914127990,0
1479,0365,0,2026-06-14 03:09:20,0.2789818033122061,0
1480,0457,0,2026-06-14 03:09:20,0.6026374974442854,0
1481,0592,0,2026-06-14 03:09:20,0.6787977918626048,0
1482,0598,0,2026-06-14 03:09:20,0.1247188713964424,0
1483,0799,0,2026-06-14 03:09:20,0.7822531179717849,0
1484,0826,0,2026-06-14 03:09:20,0.2789818033122061,0
1485,0866,0,2026-06-14 03:09:20,0.1896340216724596,0
1486,0876,0,2026-06-14 03:09:20,0.1896340216724596,0
1487,0932,0,2026-06-14 03:09:20,0.1247188713964424,0
1488,0211,0,2026-06-14 03:09:30,0.6787977918626048,0
1489,0321,0,2026-06-14 03:09:30,0.9248619914127990,0
1490,0365,0,2026-06-14 03:09:30,0.2789818033122061,0
1491,0457,0,2026-06-14 03:09:30,0.6026374974442854,0
1492,0592,0,2026-06-14 03:09:30,0.6787977918626048,0
1493,0598,0,2026-06-14 03:09:30,0.1247188713964424,0
1494,0799,0,2026-06-14 03:09:30,0.7822531179717849,0
1495,0826,0,2026-06-14 03:09:30,0.2789818033122061,0
1496,0866,0,2026-06-14 03:09:30,0.1896340216724596,0
1497,0876,0,2026-06-14 03:09:30,0.1896340216724596,0
1498,0211,0,2026-06-14 03:09:40,0.6787977918626048,0
1499,0321,0,2026-06-14 03:09:40,0.9248619914127990,0
1500,0365,0,2026-06-14 03:09:40,0.2789818033122061,0
1501,0457,0,2026-06-14 03:09:40,0.6026374974442854,0
1502,0592,0,2026-06-14 03:09:40,0.6787977918626048,0
1503,0598,0,2026-06-14 03:09:40,0.1247188713964424,0
1504,0799,0,2026-06-14 03:09:40,0.7822531179717849,0
1505,0826,0,2026-06-14 03:09:40,0.2789818033122061,0
1506,0866,0,2026-06-14 03:09:40,0.1896340216724596,0
1507,0876,0,2026-06-14 03:09:40,0.1896340216724596,0
1508,0211,0,2026-06-14 03:09:50,0.6787977918626048,0
1509,0321,0,2026-06-14 03:09:50,0.9248619914127990,0
1510,0365,0,2026-06-14 03:09:50,0.2789818033122061,0
1511,0457,0,2026-06-14 03:09:50,0.6026374974442854,0
1512,0592,0,2026-06-14 03:09:50,0.6787977918626048,0
1513,0598,0,2026-06-14 03:09:50,0.1247188713964424,0
1514,0799,0,2026-06-14 03:09:50,0.7822531179717849,0
1515,0826,0,2026-06-14 03:09:50,0.2789818033122061,0
1516,0866,0,2026-06-14 03:09:50,0.1896340216724596,1
1517,0876,0,2026-06-14 03:09:50,0.1896340216724596,0
1518,0211,0,2026-06-14 03:10:00,0.6787977918626048,0
1519,0365,0,2026-06-14 03:10:00,0.2789818033122061,0
1520,0457,0,2026-06-14 03:10:00,0.6026374974442854,0
1521,0598,0,2026-06-14 03:10:00,0.1247188713964424,0
1522,0799,0,2026-06-14 03:10:00,0.7822531179717849,0
1523,0826,0,2026-06-14 03:10:00,0.2789818033122061,0
1524,0876,0,2026-06-14 03:10:00,0.1896340216724596,0
1525,0211,0,2026-06-14 03:10:10,0.6787977918626048,0
1526,0365,0,2026-06-14 03:10:10,0.2789818033122061,0
1527,0457,0,2026-06-14 03:10:10,0.6026374974442854,0
1528,0598,0,2026-06-14 03:10:10,0.1247188713964424,0
1529,0826,0,2026-06-14 03:10:10,0.2789818033122061,0
1530,0876,0,2026-06-14 03:10:10,0.1896340216724596,0
1531,0900,0,2026-06-14 03:10:10,0.3692496421999591,0
1532,0211,0,2026-06-14 03:10:20,0.6787977918626048,0
1533,0293,0,2026-06-14 03:10:20,0.6026374974442854,0
1534,0365,0,2026-06-14 03:10:20,0.2789818033122061,0
1535,0457,0,2026-06-14 03:10:20,0.6026374974442854,0
1536,0598,0,2026-06-14 03:10:20,0.1247188713964424,0
1537,0826,0,2026-06-14 03:10:20,0.2789818033122061,0
1538,0876,0,2026-06-14 03:10:20,0.1896340216724596,0
1539,0900,0,2026-06-14 03:10:20,0.3692496421999591,1
1540,0211,0,2026-06-14 03:10:30,0.6787977918626048,0
1541,0293,0,2026-06-14 03:10:30,0.6026374974442854,0
1542,0365,0,2026-06-14 03:10:30,0.2789818033122061,0
1543,0457,0,2026-06-14 03:10:30,0.6026374974442854,0
1544,0598,0,2026-06-14 03:10:30,0.1247188713964424,0
1545,0826,0,2026-06-14 03:10:30,0.2789818033122061,0
1546,0876,0,2026-06-14 03:10:30,0.1896340216724596,0
1547,0900,0,2026-06-14 03:10:30,0.3692496421999591,0
1548,0211,0,2026-06-14 03:10:40,0.6787977918626048,0
1549,0293,0,2026-06-14 03:10:40,0.6026374974442854,1
1550,0457,0,2026-06-14 03:10:40,0.6026374974442854,0
1551,0598,0,2026-06-14 03:10:40,0.1247188713964424,0
1552,0900,0,2026-06-14 03:10:40,0.3692496421999591,0
1553,0293,0,2026-06-14 03:10:50,0.6026374974442854,1
1554,0900,0,2026-06-14 03:10:50,0.3692496421999591,0
1555,0293,0,2026-06-14 03:11:00,0.6026374974442854,0
1556,0473,0,2026-06-14 03:11:00,1.0000000000000000,0
1557,0900,0,2026-06-14 03:11:00,0.3692496421999591,0
1558,0293,0,2026-06-14 03:11:10,0.6026374974442854,0
1559,0473,0,2026-06-14 03:11:10,1.0000000000000000,1
1560,0900,0,2026-06-14 03:11:10,0.3692496421999591,0
1561,0293,0,2026-06-14 03:11:20,0.6026374974442854,0
1562,0473,0,2026-06-14 03:11:20,1.0000000000000000,1
1563,0900,0,2026-06-14 03:11:20,0.3692496421999591,0
1564,0293,0,2026-06-14 03:11:30,0.6026374974442854,0
1565,0473,0,2026-06-14 03:11:30,1.0000000000000000,0
1566,0900,0,2026-06-14 03:11:30,0.3692496421999591,0
1567,0054,0,2026-06-14 03:11:40,0.7822531179717849,0
1568,0293,0,2026-06-14 03:11:40,0.6026374974442854,0
1569,0473,0,2026-06-14 03:11:40,1.0000000000000000,0
1570,0900,0,2026-06-14 03:11:40,0.3692496421999591,1
1571,0054,0,2026-06-14 03:11:50,0.7822531179717849,0
1572,0078,0,2026-06-14 03:11:50,0.5396646902473932,0
1573,0293,0,2026-06-14 03:11:50,0.6026374974442854,0
1574,0343,0,2026-06-14 03:11:50,0.4595174810877121,0
1575,0473,0,2026-06-14 03:11:50,1.0000000000000000,0
1576,0656,0,2026-06-14 03:11:50,0.3692496421999591,0
1577,0900,0,2026-06-14 03:11:50,0.3692496421999591,0
1578,0054,0,2026-06-14 03:12:00,0.7822531179717849,0
1579,0078,0,2026-06-14 03:12:00,0.5396646902473932,0
1580,0293,0,2026-06-14 03:12:00,0.6026374974442854,0
1581,0343,0,2026-06-14 03:12:00,0.4595174810877121,0
1582,0656,0,2026-06-14 03:12:00,0.3692496421999591,0
1583,0900,0,2026-06-14 03:12:00,0.3692496421999591,0
1584,0054,0,2026-06-14 03:12:10,0.7822531179717849,0
1585,0078,0,2026-06-14 03:12:10,0.5396646902473932,0
1586,0343,0,2026-06-14 03:12:10,0.4595174810877121,0
1587,0656,0,2026-06-14 03:12:10,0.3692496421999591,0
1588,0054,0,2026-06-14 03:12:20,0.7822531179717849,0
1589,0078,0,2026-06-14 03:12:20,0.5396646902473932,0
1590,0078,0,2026-06-14 03:12:20,0.5396646902473932,0
1591,0343,0,2026-06-14 03:12:20,0.4595174810877121,1
1592,0656,0,2026-06-14 03:12:20,0.3692496421999591,0
1593,0054,0,2026-06-14 03:12:30,0.7822531179717849,0
1594,0078,0,2026-06-14 03:12:30,0.5396646902473932,0
1595,0078,0,2026-06-14 03:12:30,0.5396646902473932,0
1596,0343,0,2026-06-14 03:12:30,0.4595174810877121,0
1597,0643,0,2026-06-14 03:12:30,0.6026374974442854,0
1598,0656,0,2026-06-14 03:12:30,0.3692496421999591,1
1599,0054,0,2026-06-14 03:12:40,0.7822531179717849,0
1600,0078,0,2026-06-14 03:12:40,0.5396646902473932,1
1601,0078,0,2026-06-14 03:12:40,0.5396646902473932,0
1602,0343,0,2026-06-14 03:12:40,0.4595174810877121,0
1603,0643,0,2026-06-14 03:12:40,0.6026374974442854,0
1604,0656,0,2026-06-14 03:12:40,0.3692496421999591,0
1605,0054,0,2026-06-14 03:12:50,0.7822531179717849,0
1606,0078,0,2026-06-14 03:12:50,0.5396646902473932,0
1607,0078,0,2026-06-14 03:12:50,0.5396646902473932,0
1608,0343,0,2026-06-14 03:12:50,0.4595174810877121,0
1609,0643,0,2026-06-14 03:12:50,0.6026374974442854,0
1610,0656,0,2026-06-14 03:12:50,0.3692496421999591,0
1611,0054,0,2026-06-14 03:13:00,0.7822531179717849,0
1612,0078,0,2026-06-14 03:13:00,0.5396646902473932,0
1613,0078,0,2026-06-14 03:13:00,0.5396646902473932,0
1614,0343,0,2026-06-14 03:13:00,0.4595174810877121,0
1615,0643,0,2026-06-14 03:13:00,0.6026374974442854,0
1616,0656,0,2026-06-14 03:13:00,0.3692496421999591,0
1617,0054,0,2026-06-14 03:13:10,0.7822531179717849,1
1618,0078,0,2026-06-14 03:13:10,0.5396646902473932,0
1619,0078,0,2026-06-14 03:13:10,0.5396646902473932,0
1620,0343,0,2026-06-14 03:13:10,0.4595174810877121,0
1621,0643,0,2026-06-14 03:13:10,0.6026374974442854,0
1622,0656,0,2026-06-14 03:13:10,0.3692496421999591,0
1623,0078,0,2026-06-14 03:13:20,0.5396646902473932,0
1624,0343,0,2026-06-14 03:13:20,0.4595174810877121,0
1625,0643,0,2026-06-14 03:13:20,0.6026374974442854,0
1626,0656,0,2026-06-14 03:13:20,0.3692496421999591,0
1627,0078,0,2026-06-14 03:13:30,0.5396646902473932,0
1628,0343,0,2026-06-14 03:13:30,0.4595174810877121,0
1629,0643,0,2026-06-14 03:13:30,0.6026374974442854,0
1630,0656,0,2026-06-14 03:13:30,0.3692496421999591,0
1631,0078,0,2026-06-14 03:13:40,0.5396646902473932,0
1632,0078,0,2026-06-14 03:13:40,0.5396646902473932,0
1633,0643,0,2026-06-14 03:13:40,0.6026374974442854,0
1634,0643,0,2026-06-14 03:13:50,0.6026374974442854,0
1635,0643,0,2026-06-14 03:14:00,0.6026374974442854,0
1636,0643,0,2026-06-14 03:14:10,0.6026374974442854,1
1637,0292,0,2026-06-14 03:15:00,1.0000000000000000,0
1638,0292,0,2026-06-14 03:15:10,1.0000000000000000,0
1639,0292,0,2026-06-14 03:15:20,1.0000000000000000,0
1640,0749,0,2026-06-14 03:15:20,0.6787977918626048,1
1641,0292,0,2026-06-14 03:15:30,1.0000000000000000,1
1642,0749,0,2026-06-14 03:15:30,0.6787977918626048,0
1643,0292,0,2026-06-14 03:15:40,1.0000000000000000,0
1644,0749,0,2026-06-14 03:15:40,0.6787977918626048,0
1645,0219,0,2026-06-14 03:15:50,0.4595174810877121,0
1646,0292,0,2026-06-14 03:15:50,1.0000000000000000,0
1647,0749,0,2026-06-14 03:15:50,0.6787977918626048,1
1648,0749,0,2026-06-14 03:15:50,0.6787977918626048,0
1649,0800,0,2026-06-14 03:15:50,0.7822531179717849,0
1650,0219,0,2026-06-14 03:16:00,0.4595174810877121,1
1651,0231,0,2026-06-14 03:16:00,0.6787977918626048,0
1652,0292,0,2026-06-14 03:16:00,1.0000000000000000,0
1653,0641,0,2026-06-14 03:16:00,0.0608260069515437,0
1654,0749,0,2026-06-14 03:16:00,0.6787977918626048,0
1655,0749,0,2026-06-14 03:16:00,0.6787977918626048,0
1656,0800,0,2026-06-14 03:16:00,0.7822531179717849,0
1657,0914,0,2026-06-14 03:16:00,0.9248619914127990,0
1658,0219,0,2026-06-14 03:16:10,0.4595174810877121,0
1659,0231,0,2026-06-14 03:16:10,0.6787977918626048,0
1660,0292,0,2026-06-14 03:16:10,1.0000000000000000,0
1661,0641,0,2026-06-14 03:16:10,0.0608260069515437,1
1662,0749,0,2026-06-14 03:16:10,0.6787977918626048,0
1663,0749,0,2026-06-14 03:16:10,0.6787977918626048,0
1664,0800,0,2026-06-14 03:16:10,0.7822531179717849,0
1665,0914,0,2026-06-14 03:16:10,0.9248619914127990,0
1666,0219,0,2026-06-14 03:16:20,0.4595174810877121,0
1667,0231,0,2026-06-14 03:16:20,0.6787977918626048,0
1668,0292,0,2026-06-14 03:16:20,1.0000000000000000,0
1669,0354,0,2026-06-14 03:16:20,0.6026374974442854,0
1670,0641,0,2026-06-14 03:16:20,0.0608260069515437,0
1671,0749,0,2026-06-14 03:16:20,0.6787977918626048,0
1672,0749,0,2026-06-14 03:16:20,0.6787977918626048,0
1673,0800,0,2026-06-14 03:16:20,0.7822531179717849,0
1674,0914,0,2026-06-14 03:16:20,0.9248619914127990,0
1675,0219,0,2026-06-14 03:16:30,0.4595174810877121,0
1676,0231,0,2026-06-14 03:16:30,0.6787977918626048,1
1677,0285,0,2026-06-14 03:16:30,0.0608260069515437,0
1678,0292,0,2026-06-14 03:16:30,1.0000000000000000,0
1679,0354,0,2026-06-14 03:16:30,0.6026374974442854,0
1680,0641,0,2026-06-14 03:16:30,0.0608260069515437,0
1681,0749,0,2026-06-14 03:16:30,0.6787977918626048,0
1682,0749,0,2026-06-14 03:16:30,0.6787977918626048,0
1683,0800,0,2026-06-14 03:16:30,0.7822531179717849,0
1684,0914,0,2026-06-14 03:16:30,0.9248619914127990,0
1685,0219,0,2026-06-14 03:16:40,0.4595174810877121,0
1686,0231,0,2026-06-14 03:16:40,0.6787977918626048,1
1687,0285,0,2026-06-14 03:16:40,0.0608260069515437,0
1688,0292,0,2026-06-14 03:16:40,1.0000000000000000,0
1689,0354,0,2026-06-14 03:16:40,0.6026374974442854,0
1690,0641,0,2026-06-14 03:16:40,0.0608260069515437,0
1691,0749,0,2026-06-14 03:16:40,0.6787977918626048,0
1692,0800,0,2026-06-14 03:16:40,0.7822531179717849,0
1693,0914,0,2026-06-14 03:16:40,0.9248619914127990,0
1694,0219,0,2026-06-14 03:16:50,0.4595174810877121,0
1695,0231,0,2026-06-14 03:16:50,0.6787977918626048,0
1696,0285,0,2026-06-14 03:16:50,0.0608260069515437,0
1697,0292,0,2026-06-14 03:16:50,1.0000000000000000,0
1698,0354,0,2026-06-14 03:16:50,0.6026374974442854,0
1699,0641,0,2026-06-14 03:16:50,0.0608260069515437,0
1700,0749,0,2026-06-14 03:16:50,0.6787977918626048,0
1701,0800,0,2026-06-14 03:16:50,0.7822531179717849,1
1702,0914,0,2026-06-14 03:16:50,0.9248619914127990,0
1703,0219,0,2026-06-14 03:17:00,0.4595174810877121,0
1704,0231,0,2026-06-14 03:17:00,0.6787977918626048,0
1705,0285,0,2026-06-14 03:17:00,0.0608260069515437,0
1706,0354,0,2026-06-14 03:17:00,0.6026374974442854,0
1707,0641,0,2026-06-14 03:17:00,0.0608260069515437,0
1708,0749,0,2026-06-14 03:17:00,0.6787977918626048,0
1709,0800,0,2026-06-14 03:17:00,0.7822531179717849,1
1710,0870,0,2026-06-14 03:17:00,0.7822531179717849,0
1711,0914,0,2026-06-14 03:17:00,0.9248619914127990,0
1712,0219,0,2026-06-14 03:17:10,0.4595174810877121,0
1713,0231,0,2026-06-14 03:17:10,0.6787977918626048,0
1714,0285,0,2026-06-14 03:17:10,0.0608260069515437,0
1715,0354,0,2026-06-14 03:17:10,0.6026374974442854,0
1716,0800,0,2026-06-14 03:17:10,0.7822531179717849,0
1717,0870,0,2026-06-14 03:17:10,0.7822531179717849,0
1718,0914,0,2026-06-14 03:17:10,0.9248619914127990,0
1719,0219,0,2026-06-14 03:17:20,0.4595174810877121,0
1720,0231,0,2026-06-14 03:17:20,0.6787977918626048,0
1721,0285,0,2026-06-14 03:17:20,0.0608260069515437,0
1722,0354,0,2026-06-14 03:17:20,0.6026374974442854,0
1723,0800,0,2026-06-14 03:17:20,0.7822531179717849,0
1724,0870,0,2026-06-14 03:17:20,0.7822531179717849,0
1725,0914,0,2026-06-14 03:17:20,0.9248619914127990,0
1726,0231,0,2026-06-14 03:17:30,0.6787977918626048,0
1727,0285,0,2026-06-14 03:17:30,0.0608260069515437,0
1728,0354,0,2026-06-14 03:17:30,0.6026374974442854,0
1729,0800,0,2026-06-14 03:17:30,0.7822531179717849,0
1730,0870,0,2026-06-14 03:17:30,0.7822531179717849,0
1731,0914,0,2026-06-14 03:17:30,0.9248619914127990,1
1732,0231,0,2026-06-14 03:17:40,0.6787977918626048,0
1733,0285,0,2026-06-14 03:17:40,0.0608260069515437,0
1734,0354,0,2026-06-14 03:17:40,0.6026374974442854,0
1735,0800,0,2026-06-14 03:17:40,0.7822531179717849,0
1736,0870,0,2026-06-14 03:17:40,0.7822531179717849,0
1737,0914,0,2026-06-14 03:17:40,0.9248619914127990,1
1738,0285,0,2026-06-14 03:17:50,0.0608260069515437,0
1739,0354,0,2026-06-14 03:17:50,0.6026374974442854,0
1740,0870,0,2026-06-14 03:17:50,0.7822531179717849,0
1741,0285,0,2026-06-14 03:18:00,0.0608260069515437,1
1742,0354,0,2026-06-14 03:18:00,0.6026374974442854,0
1743,0870,0,2026-06-14 03:18:00,0.7822531179717849,0
1744,0354,0,2026-06-14 03:18:10,0.6026374974442854,0
1745,0870,0,2026-06-14 03:18:10,0.7822531179717849,0
1746,0870,0,2026-06-14 03:18:20,0.7822531179717849,0
1747,0870,0,2026-06-14 03:18:30,0.7822531179717849,0
1748,0870,0,2026-06-14 03:18:40,0.7822531179717849,1
1749,0342,0,2026-06-14 04:39:50,0.4595174810877121,0
1750,0342,0,2026-06-14 04:40:00,0.4595174810877121,0
1751,0342,0,2026-06-14 04:40:10,0.4595174810877121,0
1752,0342,0,2026-06-14 04:40:20,0.4595174810877121,1
1753,0342,0,2026-06-14 04:40:30,0.4595174810877121,0
1754,0328,0,2026-06-14 04:40:40,0.7822531179717849,0
1755,0342,0,2026-06-14 04:40:40,0.4595174810877121,0
1756,0577,0,2026-06-14 04:40:40,0.8509507258229401,1
1757,0328,0,2026-06-14 04:40:50,0.7822531179717849,0
1758,0342,0,2026-06-14 04:40:50,0.4595174810877121,0
1759,0507,0,2026-06-14 04:40:50,0.6026374974442854,0
1760,0577,0,2026-06-14 04:40:50,0.8509507258229401,0
1761,0328,0,2026-06-14 04:41:00,0.7822531179717849,1
1762,0342,0,2026-06-14 04:41:00,0.4595174810877121,0
1763,0507,0,2026-06-14 04:41:00,0.6026374974442854,0
1764,0577,0,2026-06-14 04:41:00,0.8509507258229401,0
1765,0328,0,2026-06-14 04:41:10,0.7822531179717849,0
1766,0342,0,2026-06-14 04:41:10,0.4595174810877121,0
1767,0507,0,2026-06-14 04:41:10,0.6026374974442854,0
1768,0577,0,2026-06-14 04:41:10,0.8509507258229401,0
1769,0328,0,2026-06-14 04:41:20,0.7822531179717849,0
1770,0342,0,2026-06-14 04:41:20,0.4595174810877121,0
1771,0507,0,2026-06-14 04:41:20,0.6026374974442854,0
1772,0577,0,2026-06-14 04:41:20,0.8509507258229401,0
1773,0328,0,2026-06-14 04:41:30,0.7822531179717849,0
1774,0342,0,2026-06-14 04:41:30,0.4595174810877121,0
1775,0507,0,2026-06-14 04:41:30,0.6026374974442854,0
1776,0577,0,2026-06-14 04:41:30,0.8509507258229401,0
1777,0328,0,2026-06-14 04:41:40,0.7822531179717849,0
1778,0342,0,2026-06-14 04:41:40,0.4595174810877121,0
1779,0507,0,2026-06-14 04:41:40,0.6026374974442854,0
1780,0577,0,2026-06-14 04:41:40,0.8509507258229401,0
1781,0328,0,2026-06-14 04:41:50,0.7822531179717849,0
1782,0507,0,2026-06-14 04:41:50,0.6026374974442854,0
1783,0577,0,2026-06-14 04:41:50,0.8509507258229401,0
1784,0328,0,2026-06-14 04:42:00,0.7822531179717849,0
1785,0507,0,2026-06-14 04:42:00,0.6026374974442854,0
1786,0577,0,2026-06-14 04:42:00,0.8509507258229401,0
1787,0328,0,2026-06-14 04:42:10,0.7822531179717849,0
1788,0507,0,2026-06-14 04:42:10,0.6026374974442854,0
1789,0328,0,2026-06-14 04:42:20,0.7822531179717849,0
1790,0507,0,2026-06-14 04:42:20,0.6026374974442854,1
1791,0328,0,2026-06-14 04:42:30,0.7822531179717849,0
1792,0507,0,2026-06-14 04:42:30,0.6026374974442854,1
1793,0701,0,2026-06-14 04:44:00,0.8509507258229401,0
1794,0701,0,2026-06-14 04:44:10,0.8509507258229401,0
1795,0701,0,2026-06-14 04:44:20,0.8509507258229401,0
1796,0701,0,2026-06-14 04:44:30,0.8509507258229401,1
1797,0701,0,2026-06-14 04:44:40,0.8509507258229401,1
1798,0701,0,2026-06-14 04:44:50,0.8509507258229401,0
1799,0701,0,2026-06-14 04:45:00,0.8509507258229401,0
1800,0761,0,2026-06-14 04:45:00,0.3692496421999591,0
1801,0701,0,2026-06-14 04:45:10,0.8509507258229401,0
1802,0761,0,2026-06-14 04:45:10,0.3692496421999591,0
1803,0701,0,2026-06-14 04:45:20,0.8509507258229401,0
1804,0761,0,2026-06-14 04:45:20,0.3692496421999591,0
1805,0701,0,2026-06-14 04:45:30,0.8509507258229401,0
1806,0761,0,2026-06-14 04:45:30,0.3692496421999591,0
1807,0701,0,2026-06-14 04:45:40,0.8509507258229401,0
1808,0865,0,2026-06-14 04:45:50,0.8509507258229401,0
1809,0865,0,2026-06-14 04:46:00,0.8509507258229401,0
1810,0865,0,2026-06-14 04:46:10,0.8509507258229401,0
1811,0865,0,2026-06-14 04:46:20,0.8509507258229401,0
1812,0865,0,2026-06-14 04:46:30,0.8509507258229401,0
1813,0865,0,2026-06-14 04:46:40,0.8509507258229401,1
1814,1000,0,2026-06-14 04:47:50,0.2789818033122061,1
1815,0115,0,2026-06-14 04:48:00,0.1247188713964424,0
1816,1000,0,2026-06-14 04:48:00,0.2789818033122061,0
1817,0115,0,2026-06-14 04:48:10,0.1247188713964424,0
1818,0470,0,2026-06-14 04:48:10,0.1896340216724596,0
1819,1000,0,2026-06-14 04:48:10,0.2789818033122061,0
1820,0115,0,2026-06-14 04:48:20,0.1247188713964424,0
1821,0148,0,2026-06-14 04:48:20,0.8509507258229401,0
1822,0470,0,2026-06-14 04:48:20,0.1896340216724596,0
1823,0586,0,2026-06-14 04:48:20,0.1896340216724596,0
1824,0737,0,2026-06-14 04:48:20,0.8509507258229401,1
1825,1000,0,2026-06-14 04:48:20,0.2789818033122061,0
1826,0110,0,2026-06-14 04:48:30,0.3692496421999591,0
1827,0115,0,2026-06-14 04:48:30,0.1247188713964424,0
1828,0148,0,2026-06-14 04:48:30,0.8509507258229401,1
1829,0206,0,2026-06-14 04:48:30,0.8509507258229401,0
1830,0309,0,2026-06-14 04:48:30,0.5396646902473932,0
1831,0470,0,2026-06-14 04:48:30,0.1896340216724596,0
1832,0586,0,2026-06-14 04:48:30,0.1896340216724596,0
1833,0737,0,2026-06-14 04:48:30,0.8509507258229401,0
1834,1000,0,2026-06-14 04:48:30,0.2789818033122061,0
1835,0110,0,2026-06-14 04:48:40,0.3692496421999591,0
1836,0115,0,2026-06-14 04:48:40,0.1247188713964424,0
1837,0148,0,2026-06-14 04:48:40,0.8509507258229401,0
1838,0206,0,2026-06-14 04:48:40,0.8509507258229401,0
1839,0309,0,2026-06-14 04:48:40,0.5396646902473932,0
1840,0470,0,2026-06-14 04:48:40,0.1896340216724596,0
1841,0586,0,2026-06-14 04:48:40,0.1896340216724596,0
1842,0647,0,2026-06-14 04:48:40,0.7822531179717849,1
1843,0737,0,2026-06-14 04:48:40,0.8509507258229401,0
1844,1000,0,2026-06-14 04:48:40,0.2789818033122061,0
1845,0110,0,2026-06-14 04:48:50,0.3692496421999591,0
1846,0115,0,2026-06-14 04:48:50,0.1247188713964424,0
1847,0148,0,2026-06-14 04:48:50,0.8509507258229401,0
1848,0206,0,2026-06-14 04:48:50,0.8509507258229401,0
1849,0470,0,2026-06-14 04:48:50,0.1896340216724596,0
1850,0586,0,2026-06-14 04:48:50,0.1896340216724596,0
1851,0647,0,2026-06-14 04:48:50,0.7822531179717849,1
1852,0737,0,2026-06-14 04:48:50,0.8509507258229401,0
1853,1000,0,2026-06-14 04:48:50,0.2789818033122061,0
1854,0110,0,2026-06-14 04:49:00,0.3692496421999591,0
1855,0115,0,2026-06-14 04:49:00,0.1247188713964424,0
1856,0148,0,2026-06-14 04:49:00,0.8509507258229401,0
1857,0206,0,2026-06-14 04:49:00,0.8509507258229401,0
1858,0470,0,2026-06-14 04:49:00,0.1896340216724596,0
1859,0586,0,2026-06-14 04:49:00,0.1896340216724596,0
1860,0647,0,2026-06-14 04:49:00,0.7822531179717849,0
1861,0737,0,2026-06-14 04:49:00,0.8509507258229401,0
1862,1000,0,2026-06-14 04:49:00,0.2789818033122061,0
1863,0110,0,2026-06-14 04:49:10,0.3692496421999591,0
1864,0115,0,2026-06-14 04:49:10,0.1247188713964424,0
1865,0148,0,2026-06-14 04:49:10,0.8509507258229401,0
1866,0206,0,2026-06-14 04:49:10,0.8509507258229401,0
1867,0470,0,2026-06-14 04:49:10,0.1896340216724596,0
1868,0488,0,2026-06-14 04:49:10,0.9248619914127990,0
1869,0488,0,2026-06-14 04:49:10,0.9248619914127990,0
1870,0647,0,2026-06-14 04:49:10,0.7822531179717849,0
1871,1000,0,2026-06-14 04:49:10,0.2789818033122061,0
1872,0110,0,2026-06-14 04:49:20,0.3692496421999591,0
1873,0115,0,2026-06-14 04:49:20,0.1247188713964424,0
1874,0148,0,2026-06-14 04:49:20,0.8509507258229401,0
1875,0206,0,2026-06-14 04:49:20,0.8509507258229401,0
1876,0470,0,2026-06-14 04:49:20,0.1896340216724596,0
1877,0488,0,2026-06-14 04:49:20,0.9248619914127990,0
1878,0488,0,2026-06-14 04:49:20,0.9248619914127990,0
1879,0488,0,2026-06-14 04:49:20,0.9248619914127990,0
1880,0647,0,2026-06-14 04:49:20,0.7822531179717849,0
1881,0824,0,2026-06-14 04:49:20,1.0000000000000000,1
1882,0110,0,2026-06-14 04:49:30,0.3692496421999591,0
1883,0115,0,2026-06-14 04:49:30,0.1247188713964424,0
1884,0148,0,2026-06-14 04:49:30,0.8509507258229401,0
1885,0206,0,2026-06-14 04:49:30,0.8509507258229401,0
1886,0470,0,2026-06-14 04:49:30,0.1896340216724596,0
1887,0488,0,2026-06-14 04:49:30,0.9248619914127990,0
1888,0488,0,2026-06-14 04:49:30,0.9248619914127990,0
1889,0488,0,2026-06-14 04:49:30,0.9248619914127990,0
1890,0647,0,2026-06-14 04:49:30,0.7822531179717849,0
1891,0824,0,2026-06-14 04:49:30,1.0000000000000000,1
1892,0110,0,2026-06-14 04:49:40,0.3692496421999591,0
1893,0115,0,2026-06-14 04:49:40,0.1247188713964424,0
1894,0148,0,2026-06-14 04:49:40,0.8509507258229401,0
1895,0206,0,2026-06-14 04:49:40,0.8509507258229401,0
1896,0470,0,2026-06-14 04:49:40,0.1896340216724596,0
1897,0488,0,2026-06-14 04:49:40,0.9248619914127990,0
1898,0488,0,2026-06-14 04:49:40,0.9248619914127990,0
1899,0488,0,2026-06-14 04:49:40,0.9248619914127990,0
1900,0647,0,2026-06-14 04:49:40,0.7822531179717849,0
1901,0824,0,2026-06-14 04:49:40,1.0000000000000000,0
1902,0110,0,2026-06-14 04:49:50,0.3692496421999591,0
1903,0115,0,2026-06-14 04:49:50,0.1247188713964424,0
1904,0206,0,2026-06-14 04:49:50,0.8509507258229401,0
1905,0470,0,2026-06-14 04:49:50,0.1896340216724596,0
1906,0488,0,2026-06-14 04:49:50,0.9248619914127990,0
1907,0488,0,2026-06-14 04:49:50,0.9248619914127990,0
1908,0647,0,2026-06-14 04:49:50,0.7822531179717849,0
1909,0824,0,2026-06-14 04:49:50,1.0000000000000000,0
1910,0855,0,2026-06-14 04:49:50,0.7822531179717849,0
1911,0110,0,2026-06-14 04:50:00,0.3692496421999591,0
1912,0206,0,2026-06-14 04:50:00,0.8509507258229401,0
1913,0488,0,2026-06-14 04:50:00,0.9248619914127990,0
1914,0488,0,2026-06-14 04:50:00,0.9248619914127990,0
1915,0824,0,2026-06-14 04:50:00,1.0000000000000000,0
1916,0855,0,2026-06-14 04:50:00,0.7822531179717849,0
1917,0206,0,2026-06-14 04:50:10,0.8509507258229401,0
1918,0488,0,2026-06-14 04:50:10,0.9248619914127990,0
1919,0488,0,2026-06-14 04:50:10,0.9248619914127990,0
1920,0824,0,2026-06-14 04:50:10,1.0000000000000000,0
1921,0855,0,2026-06-14 04:50:10,0.7822531179717849,1
1922,0488,0,2026-06-14 04:50:20,0.9248619914127990,0
1923,0488,0,2026-06-14 04:50:20,0.9248619914127990,0
1924,0824,0,2026-06-14 04:50:20,1.0000000000000000,0
1925,0855,0,2026-06-14 04:50:20,0.7822531179717849,0
1926,0931,0,2026-06-14 04:50:20,0.9248619914127990,0
1927,0488,0,2026-06-14 04:50:30,0.9248619914127990,0
1928,0488,0,2026-06-14 04:50:30,0.9248619914127990,1
1929,0824,0,2026-06-14 04:50:30,1.0000000000000000,0
1930,0931,0,2026-06-14 04:50:30,0.9248619914127990,0
1931,0488,0,2026-06-14 04:50:40,0.9248619914127990,0
1932,0488,0,2026-06-14 04:50:40,0.9248619914127990,0
1933,0488,0,2026-06-14 04:50:40,0.9248619914127990,0
1934,0779,0,2026-06-14 04:50:40,1.0000000000000000,0
1935,0814,0,2026-06-14 04:50:40,0.1896340216724596,0
1936,0824,0,2026-06-14 04:50:40,1.0000000000000000,0
1937,0931,0,2026-06-14 04:50:40,0.9248619914127990,0
1938,0950,0,2026-06-14 04:50:40,0.1247188713964424,0
1939,0488,0,2026-06-14 04:50:50,0.9248619914127990,0
1940,0488,0,2026-06-14 04:50:50,0.9248619914127990,0
1941,0746,0,2026-06-14 04:50:50,0.2789818033122061,0
1942,0779,0,2026-06-14 04:50:50,1.0000000000000000,0
1943,0814,0,2026-06-14 04:50:50,0.1896340216724596,0
1944,0824,0,2026-06-14 04:50:50,1.0000000000000000,0
1945,0931,0,2026-06-14 04:50:50,0.9248619914127990,0
1946,0950,0,2026-06-14 04:50:50,0.1247188713964424,0
1947,0488,0,2026-06-14 04:51:00,0.9248619914127990,1
1948,0488,0,2026-06-14 04:51:00,0.9248619914127990,0
1949,0746,0,2026-06-14 04:51:00,0.2789818033122061,0
1950,0779,0,2026-06-14 04:51:00,1.0000000000000000,0
1951,0814,0,2026-06-14 04:51:00,0.1896340216724596,0
1952,0931,0,2026-06-14 04:51:00,0.9248619914127990,0
1953,0950,0,2026-06-14 04:51:00,0.1247188713964424,0
1954,0123,0,2026-06-14 04:51:10,0.5396646902473932,0
1955,0746,0,2026-06-14 04:51:10,0.2789818033122061,0
1956,0779,0,2026-06-14 04:51:10,1.0000000000000000,0
1957,0814,0,2026-06-14 04:51:10,0.1896340216724596,0
1958,0931,0,2026-06-14 04:51:10,0.9248619914127990,0
1959,0950,0,2026-06-14 04:51:10,0.1247188713964424,0
1960,0123,0,2026-06-14 04:51:20,0.5396646902473932,0
1961,0746,0,2026-06-14 04:51:20,0.2789818033122061,0
1962,0779,0,2026-06-14 04:51:20,1.0000000000000000,1
1963,0814,0,2026-06-14 04:51:20,0.1896340216724596,0
1964,0931,0,2026-06-14 04:51:20,0.9248619914127990,0
1965,0950,0,2026-06-14 04:51:20,0.1247188713964424,0
1966,0123,0,2026-06-14 04:51:30,0.5396646902473932,0
1967,0746,0,2026-06-14 04:51:30,0.2789818033122061,0
1968,0779,0,2026-06-14 04:51:30,1.0000000000000000,0
1969,0814,0,2026-06-14 04:51:30,0.1896340216724596,0
1970,0850,0,2026-06-14 04:51:30,0.1247188713964424,0
1971,0931,0,2026-06-14 04:51:30,0.9248619914127990,0
1972,0950,0,2026-06-14 04:51:30,0.1247188713964424,0
1973,0123,0,2026-06-14 04:51:40,0.5396646902473932,0
1974,0746,0,2026-06-14 04:51:40,0.2789818033122061,0
1975,0779,0,2026-06-14 04:51:40,1.0000000000000000,0
1976,0814,0,2026-06-14 04:51:40,0.1896340216724596,0
1977,0850,0,2026-06-14 04:51:40,0.1247188713964424,0
1978,0931,0,2026-06-14 04:51:40,0.9248619914127990,1
1979,0950,0,2026-06-14 04:51:40,0.1247188713964424,0
1980,0123,0,2026-06-14 04:51:50,0.5396646902473932,0
1981,0746,0,2026-06-14 04:51:50,0.2789818033122061,1
1982,0779,0,2026-06-14 04:51:50,1.0000000000000000,0
1983,0814,0,2026-06-14 04:51:50,0.1896340216724596,0
1984,0850,0,2026-06-14 04:51:50,0.1247188713964424,0
1985,0931,0,2026-06-14 04:51:50,0.9248619914127990,0
1986,0950,0,2026-06-14 04:51:50,0.1247188713964424,0
1987,0443,0,2026-06-14 04:52:00,0.3692496421999591,0
1988,0746,0,2026-06-14 04:52:00,0.2789818033122061,0
1989,0779,0,2026-06-14 04:52:00,1.0000000000000000,0
1990,0814,0,2026-06-14 04:52:00,0.1896340216724596,0
1991,0850,0,2026-06-14 04:52:00,0.1247188713964424,0
1992,0911,0,2026-06-14 04:52:00,0.2789818033122061,0
1993,0931,0,2026-06-14 04:52:00,0.9248619914127990,0
1994,0950,0,2026-06-14 04:52:00,0.1247188713964424,0
1995,0991,0,2026-06-14 04:52:00,0.8509507258229401,0
1996,0408,0,2026-06-14 04:52:10,0.4595174810877121,0
1997,0443,0,2026-06-14 04:52:10,0.3692496421999591,1
1998,0447,0,2026-06-14 04:52:10,0.6787977918626048,0
1999,0447,0,2026-06-14 04:52:10,0.6787977918626048,0
2000,0746,0,2026-06-14 04:52:10,0.2789818033122061,0
2001,0779,0,2026-06-14 04:52:10,1.0000000000000000,0
2002,0814,0,2026-06-14 04:52:10,0.1896340216724596,0
2003,0850,0,2026-06-14 04:52:10,0.1247188713964424,0
2004,0911,0,2026-06-14 04:52:10,0.2789818033122061,0
2005,0943,0,2026-06-14 04:52:10,0.1247188713964424,0
2006,0950,0,2026-06-14 04:52:10,0.1247188713964424,0
2007,0991,0,2026-06-14 04:52:10,0.8509507258229401,0
2008,0408,0,2026-06-14 04:52:20,0.4595174810877121,0
2009,0443,0,2026-06-14 04:52:20,0.3692496421999591,0
2010,0447,0,2026-06-14 04:52:20,0.6787977918626048,0
2011,0746,0,2026-06-14 04:52:20,0.2789818033122061,0
2012,0779,0,2026-06-14 04:52:20,1.0000000000000000,0
2013,0814,0,2026-06-14 04:52:20,0.1896340216724596,0
2014,0850,0,2026-06-14 04:52:20,0.1247188713964424,0
2015,0911,0,2026-06-14 04:52:20,0.2789818033122061,0
2016,0943,0,2026-06-14 04:52:20,0.1247188713964424,0
2017,0950,0,2026-06-14 04:52:20,0.1247188713964424,0
2018,0991,0,2026-06-14 04:52:20,0.8509507258229401,1
2019,0097,0,2026-06-14 04:52:30,0.9248619914127990,0
2020,0249,0,2026-06-14 04:52:30,0.7822531179717849,0
2021,0408,0,2026-06-14 04:52:30,0.4595174810877121,0
2022,0443,0,2026-06-14 04:52:30,0.3692496421999591,0
2023,0447,0,2026-06-14 04:52:30,0.6787977918626048,0
2024,0746,0,2026-06-14 04:52:30,0.2789818033122061,0
2025,0779,0,2026-06-14 04:52:30,1.0000000000000000,0
2026,0850,0,2026-06-14 04:52:30,0.1247188713964424,0
2027,0894,0,2026-06-14 04:52:30,0.3692496421999591,0
2028,0911,0,2026-06-14 04:52:30,0.2789818033122061,0
2029,0926,0,2026-06-14 04:52:30,0.2789818033122061,0
2030,0943,0,2026-06-14 04:52:30,0.1247188713964424,0
2031,0991,0,2026-06-14 04:52:30,0.8509507258229401,0
2032,0097,0,2026-06-14 04:52:40,0.9248619914127990,0
2033,0249,0,2026-06-14 04:52:40,0.7822531179717849,0
2034,0408,0,2026-06-14 04:52:40,0.4595174810877121,0
2035,0443,0,2026-06-14 04:52:40,0.3692496421999591,0
2036,0447,0,2026-06-14 04:52:40,0.6787977918626048,0
2037,0447,0,2026-06-14 04:52:40,0.6787977918626048,0
2038,0630,0,2026-06-14 04:52:40,0.8509507258229401,0
2039,0850,0,2026-06-14 04:52:40,0.1247188713964424,0
2040,0894,0,2026-06-14 04:52:40,0.3692496421999591,0
2041,0911,0,2026-06-14 04:52:40,0.2789818033122061,0
2042,0926,0,2026-06-14 04:52:40,0.2789818033122061,0
2043,0943,0,2026-06-14 04:52:40,0.1247188713964424,0
2044,0991,0,2026-06-14 04:52:40,0.8509507258229401,0
2045,0097,0,2026-06-14 04:52:50,0.9248619914127990,0
2046,0249,0,2026-06-14 04:52:50,0.7822531179717849,0
2047,0408,0,2026-06-14 04:52:50,0.4595174810877121,0
2048,0443,0,2026-06-14 04:52:50,0.3692496421999591,0
2049,0447,0,2026-06-14 04:52:50,0.6787977918626048,0
2050,0447,0,2026-06-14 04:52:50,0.6787977918626048,0
2051,0630,0,2026-06-14 04:52:50,0.8509507258229401,0
2052,0850,0,2026-06-14 04:52:50,0.1247188713964424,0
2053,0894,0,2026-06-14 04:52:50,0.3692496421999591,0
2054,0911,0,2026-06-14 04:52:50,0.2789818033122061,0
2055,0926,0,2026-06-14 04:52:50,0.2789818033122061,0
2056,0943,0,2026-06-14 04:52:50,0.1247188713964424,0
2057,0991,0,2026-06-14 04:52:50,0.8509507258229401,0
2058,0097,0,2026-06-14 04:53:00,0.9248619914127990,0
2059,0097,0,2026-06-14 04:53:00,0.9248619914127990,1
2060,0249,0,2026-06-14 04:53:00,0.7822531179717849,0
2061,0408,0,2026-06-14 04:53:00,0.4595174810877121,0
2062,0443,0,2026-06-14 04:53:00,0.3692496421999591,0
2063,0447,0,2026-06-14 04:53:00,0.6787977918626048,0
2064,0521,0,2026-06-14 04:53:00,0.4595174810877121,0
2065,0602,0,2026-06-14 04:53:00,0.1896340216724596,0
2066,0630,0,2026-06-14 04:53:00,0.8509507258229401,0
2067,0642,0,2026-06-14 04:53:00,0.3692496421999591,0
2068,0850,0,2026-06-14 04:53:00,0.1247188713964424,0
2069,0894,0,2026-06-14 04:53:00,0.3692496421999591,0
2070,0911,0,2026-06-14 04:53:00,0.2789818033122061,0
2071,0926,0,2026-06-14 04:53:00,0.2789818033122061,0
2072,0943,0,2026-06-14 04:53:00,0.1247188713964424,0
2073,0991,0,2026-06-14 04:53:00,0.8509507258229401,0
2074,0097,0,2026-06-14 04:53:10,0.9248619914127990,0
2075,0097,0,2026-06-14 04:53:10,0.9248619914127990,0
2076,0249,0,2026-06-14 04:53:10,0.7822531179717849,0
2077,0408,0,2026-06-14 04:53:10,0.4595174810877121,0
2078,0443,0,2026-06-14 04:53:10,0.3692496421999591,0
2079,0447,0,2026-06-14 04:53:10,0.6787977918626048,0
2080,0521,0,2026-06-14 04:53:10,0.4595174810877121,0
2081,0602,0,2026-06-14 04:53:10,0.1896340216724596,0
2082,0630,0,2026-06-14 04:53:10,0.8509507258229401,0
2083,0642,0,2026-06-14 04:53:10,0.3692496421999591,0
2084,0850,0,2026-06-14 04:53:10,0.1247188713964424,0
2085,0894,0,2026-06-14 04:53:10,0.3692496421999591,1
2086,0911,0,2026-06-14 04:53:10,0.2789818033122061,0
2087,0926,0,2026-06-14 04:53:10,0.2789818033122061,0
2088,0943,0,2026-06-14 04:53:10,0.1247188713964424,0
2089,0991,0,2026-06-14 04:53:10,0.8509507258229401,0
2090,0097,0,2026-06-14 04:53:20,0.9248619914127990,0
2091,0097,0,2026-06-14 04:53:20,0.9248619914127990,0
2092,0249,0,2026-06-14 04:53:20,0.7822531179717849,1
2093,0408,0,2026-06-14 04:53:20,0.4595174810877121,0
2094,0443,0,2026-06-14 04:53:20,0.3692496421999591,0
2095,0447,0,2026-06-14 04:53:20,0.6787977918626048,0
2096,0521,0,2026-06-14 04:53:20,0.4595174810877121,0
2097,0602,0,2026-06-14 04:53:20,0.1896340216724596,0
2098,0630,0,2026-06-14 04:53:20,0.8509507258229401,0
2099,0642,0,2026-06-14 04:53:20,0.3692496421999591,0
2100,0850,0,2026-06-14 04:53:20,0.1247188713964424,0
2101,0894,0,2026-06-14 04:53:20,0.3692496421999591,0
2102,0911,0,2026-06-14 04:53:20,0.2789818033122061,0
2103,0926,0,2026-06-14 04:53:20,0.2789818033122061,0
2104,0943,0,2026-06-14 04:53:20,0.1247188713964424,0
2105,0991,0,2026-06-14 04:53:20,0.8509507258229401,0
2106,0097,0,2026-06-14 04:53:30,0.9248619914127990,1
2107,0097,0,2026-06-14 04:53:30,0.9248619914127990,0
2108,0249,0,2026-06-14 04:53:30,0.7822531179717849,0
2109,0443,0,2026-06-14 04:53:30,0.3692496421999591,0
2110,0521,0,2026-06-14 04:53:30,0.4595174810877121,0
2111,0521,0,2026-06-14 04:53:30,0.4595174810877121,0
2112,0602,0,2026-06-14 04:53:30,0.1896340216724596,0
2113,0630,0,2026-06-14 04:53:30,0.8509507258229401,0
2114,0642,0,2026-06-14 04:53:30,0.3692496421999591,0
2115,0894,0,2026-06-14 04:53:30,0.3692496421999591,0
2116,0911,0,2026-06-14 04:53:30,0.2789818033122061,0
2117,0926,0,2026-06-14 04:53:30,0.2789818033122061,0
2118,0943,0,2026-06-14 04:53:30,0.1247188713964424,0
2119,0991,0,2026-06-14 04:53:30,0.8509507258229401,0
2120,0097,0,2026-06-14 04:53:40,0.9248619914127990,0
2121,0097,0,2026-06-14 04:53:40,0.9248619914127990,0
2122,0249,0,2026-06-14 04:53:40,0.7822531179717849,0
2123,0443,0,2026-06-14 04:53:40,0.3692496421999591,0
2124,0521,0,2026-06-14 04:53:40,0.4595174810877121,0
2125,0521,0,2026-06-14 04:53:40,0.4595174810877121,0
2126,0602,0,2026-06-14 04:53:40,0.1896340216724596,0
2127,0630,0,2026-06-14 04:53:40,0.8509507258229401,0
2128,0642,0,2026-06-14 04:53:40,0.3692496421999591,0
2129,0894,0,2026-06-14 04:53:40,0.3692496421999591,0
2130,0911,0,2026-06-14 04:53:40,0.2789818033122061,0
2131,0926,0,2026-06-14 04:53:40,0.2789818033122061,0
2132,0943,0,2026-06-14 04:53:40,0.1247188713964424,0
2133,0991,0,2026-06-14 04:53:40,0.8509507258229401,0
2134,0097,0,2026-06-14 04:53:50,0.9248619914127990,0
2135,0249,0,2026-06-14 04:53:50,0.7822531179717849,0
2136,0443,0,2026-06-14 04:53:50,0.3692496421999591,0
2137,0521,0,2026-06-14 04:53:50,0.4595174810877121,0
2138,0521,0,2026-06-14 04:53:50,0.4595174810877121,0
2139,0521,0,2026-06-14 04:53:50,0.4595174810877121,0
2140,0602,0,2026-06-14 04:53:50,0.1896340216724596,0
2141,0630,0,2026-06-14 04:53:50,0.8509507258229401,1
2142,0642,0,2026-06-14 04:53:50,0.3692496421999591,0
2143,0894,0,2026-06-14 04:53:50,0.3692496421999591,0
2144,0911,0,2026-06-14 04:53:50,0.2789818033122061,0
2145,0926,0,2026-06-14 04:53:50,0.2789818033122061,0
2146,0943,0,2026-06-14 04:53:50,0.1247188713964424,0
2147,0097,0,2026-06-14 04:54:00,0.9248619914127990,0
2148,0249,0,2026-06-14 04:54:00,0.7822531179717849,0
2149,0521,0,2026-06-14 04:54:00,0.4595174810877121,0
2150,0521,0,2026-06-14 04:54:00,0.4595174810877121,0
2151,0602,0,2026-06-14 04:54:00,0.1896340216724596,0
2152,0630,0,2026-06-14 04:54:00,0.8509507258229401,0
2153,0642,0,2026-06-14 04:54:00,0.3692496421999591,0
2154,0894,0,2026-06-14 04:54:00,0.3692496421999591,0
2155,0926,0,2026-06-14 04:54:00,0.2789818033122061,0
2156,0943,0,2026-06-14 04:54:00,0.1247188713964424,0
2157,0097,0,2026-06-14 04:54:10,0.9248619914127990,0
2158,0249,0,2026-06-14 04:54:10,0.7822531179717849,0
2159,0521,0,2026-06-14 04:54:10,0.4595174810877121,0
2160,0521,0,2026-06-14 04:54:10,0.4595174810877121,1
2161,0630,0,2026-06-14 04:54:10,0.8509507258229401,0
2162,0642,0,2026-06-14 04:54:10,0.3692496421999591,0
2163,0894,0,2026-06-14 04:54:10,0.3692496421999591,0
2164,0249,0,2026-06-14 04:54:20,0.7822531179717849,0
2165,0521,0,2026-06-14 04:54:20,0.4595174810877121,0
2166,0630,0,2026-06-14 04:54:20,0.8509507258229401,0
2167,0642,0,2026-06-14 04:54:20,0.3692496421999591,1
2168,0521,0,2026-06-14 04:54:30,0.4595174810877121,0
2169,0630,0,2026-06-14 04:54:30,0.8509507258229401,0
2170,0642,0,2026-06-14 04:54:30,0.3692496421999591,0
2171,0521,0,2026-06-14 04:54:40,0.4595174810877121,1
2172,0642,0,2026-06-14 04:54:40,0.3692496421999591,0
2173,0642,0,2026-06-14 04:54:50,0.3692496421999591,0
2174,0666,0,2026-06-14 06:19:10,0.5396646902473932,0
2175,0666,0,2026-06-14 06:19:20,0.5396646902473932,0
2176,0666,0,2026-06-14 06:19:30,0.5396646902473932,1
2177,0236,0,2026-06-14 06:19:40,0.8509507258229401,0
2178,0666,0,2026-06-14 06:19:40,0.5396646902473932,0
2179,0236,0,2026-06-14 06:19:50,0.8509507258229401,0
2180,0666,0,2026-06-14 06:19:50,0.5396646902473932,0
2181,0236,0,2026-06-14 06:20:00,0.8509507258229401,0
2182,0236,0,2026-06-14 06:20:10,0.8509507258229401,0
2183,0236,0,2026-06-14 06:20:20,0.8509507258229401,1
2184,0303,0,2026-06-14 06:20:50,0.7822531179717849,0
2185,0303,0,2026-06-14 06:21:00,0.7822531179717849,1
2186,0303,0,2026-06-14 06:21:10,0.7822531179717849,0
2187,0303,0,2026-06-14 06:21:20,0.7822531179717849,0
2188,0978,0,2026-06-14 06:21:20,0.6026374974442854,0
2189,0303,0,2026-06-14 06:21:30,0.7822531179717849,0
2190,0978,0,2026-06-14 06:21:30,0.6026374974442854,0
2191,0978,0,2026-06-14 06:21:40,0.6026374974442854,0
2192,0978,0,2026-06-14 06:21:50,0.6026374974442854,0
2193,0978,0,2026-06-14 06:22:00,0.6026374974442854,1
2194,0339,0,2026-06-14 06:23:50,0.7822531179717849,1
2195,0339,0,2026-06-14 06:24:00,0.7822531179717849,0
2196,0339,0,2026-06-14 06:24:10,0.7822531179717849,0
2197,0529,0,2026-06-14 06:24:10,0.7822531179717849,1
2198,0339,0,2026-06-14 06:24:20,0.7822531179717849,0
2199,0529,0,2026-06-14 06:24:20,0.7822531179717849,1
2200,0339,0,2026-06-14 06:24:30,0.7822531179717849,0
2201,0529,0,2026-06-14 06:24:30,0.7822531179717849,0
2202,0787,0,2026-06-14 06:24:30,0.8509507258229401,0
2203,0339,0,2026-06-14 06:24:40,0.7822531179717849,0
2204,0529,0,2026-06-14 06:24:40,0.7822531179717849,0
2205,0787,0,2026-06-14 06:24:40,0.8509507258229401,0
2206,0339,0,2026-06-14 06:24:50,0.7822531179717849,0
2207,0529,0,2026-06-14 06:24:50,0.7822531179717849,0
2208,0787,0,2026-06-14 06:24:50,0.8509507258229401,0
2209,0339,0,2026-06-14 06:25:00,0.7822531179717849,0
2210,0529,0,2026-06-14 06:25:00,0.7822531179717849,0
2211,0772,0,2026-06-14 06:25:00,0.1247188713964424,1
2212,0787,0,2026-06-14 06:25:00,0.8509507258229401,0
2213,0339,0,2026-06-14 06:25:10,0.7822531179717849,0
2214,0529,0,2026-06-14 06:25:10,0.7822531179717849,0
2215,0772,0,2026-06-14 06:25:10,0.1247188713964424,1
2216,0787,0,2026-06-14 06:25:10,0.8509507258229401,0
2217,0339,0,2026-06-14 06:25:20,0.7822531179717849,0
2218,0529,0,2026-06-14 06:25:20,0.7822531179717849,0
2219,0787,0,2026-06-14 06:25:20,0.8509507258229401,0
2220,0529,0,2026-06-14 06:25:30,0.7822531179717849,0
2221,0787,0,2026-06-14 06:25:30,0.8509507258229401,0
2222,0529,0,2026-06-14 06:25:40,0.7822531179717849,0
2223,0787,0,2026-06-14 06:25:40,0.8509507258229401,0
2224,0529,0,2026-06-14 06:25:50,0.7822531179717849,0
2225,0787,0,2026-06-14 06:25:50,0.8509507258229401,0
2226,0787,0,2026-06-14 06:26:00,0.8509507258229401,1
2227,0594,0,2026-06-14 06:26:50,0.7822531179717849,1
2228,0594,0,2026-06-14 06:26:50,0.7822531179717849,0
2229,0594,0,2026-06-14 06:27:00,0.7822531179717849,0
2230,0594,0,2026-06-14 06:27:00,0.7822531179717849,0
2231,0594,0,2026-06-14 06:27:00,0.7822531179717849,0
2232,0133,0,2026-06-14 06:27:10,0.6787977918626048,0
2233,0594,0,2026-06-14 06:27:10,0.7822531179717849,0
2234,0594,0,2026-06-14 06:27:10,0.7822531179717849,0
2235,0594,0,2026-06-14 06:27:10,0.7822531179717849,0
2236,0594,0,2026-06-14 06:27:10,0.7822531179717849,0
2237,0670,0,2026-06-14 06:27:10,0.7822531179717849,0
2238,0133,0,2026-06-14 06:27:20,0.6787977918626048,0
2239,0594,0,2026-06-14 06:27:20,0.7822531179717849,1
2240,0594,0,2026-06-14 06:27:20,0.7822531179717849,0
2241,0594,0,2026-06-14 06:27:20,0.7822531179717849,0
2242,0670,0,2026-06-14 06:27:20,0.7822531179717849,0
2243,0133,0,2026-06-14 06:27:30,0.6787977918626048,0
2244,0594,0,2026-06-14 06:27:30,0.7822531179717849,0
2245,0594,0,2026-06-14 06:27:30,0.7822531179717849,0
2246,0594,0,2026-06-14 06:27:30,0.7822531179717849,0
2247,0670,0,2026-06-14 06:27:30,0.7822531179717849,1
2248,0714,0,2026-06-14 06:27:30,0.7822531179717849,0
2249,0133,0,2026-06-14 06:27:40,0.6787977918626048,0
2250,0201,0,2026-06-14 06:27:40,0.4595174810877121,0
2251,0201,0,2026-06-14 06:27:40,0.4595174810877121,0
2252,0201,0,2026-06-14 06:27:40,0.4595174810877121,0
2253,0594,0,2026-06-14 06:27:40,0.7822531179717849,0
2254,0594,0,2026-06-14 06:27:40,0.7822531179717849,0
2255,0670,0,2026-06-14 06:27:40,0.7822531179717849,0
2256,0714,0,2026-06-14 06:27:40,0.7822531179717849,0
2257,0133,0,2026-06-14 06:27:50,0.6787977918626048,0
2258,0138,0,2026-06-14 06:27:50,0.1247188713964424,1
2259,0201,0,2026-06-14 06:27:50,0.4595174810877121,0
2260,0201,0,2026-06-14 06:27:50,0.4595174810877121,0
2261,0201,0,2026-06-14 06:27:50,0.4595174810877121,0
2262,0201,0,2026-06-14 06:27:50,0.4595174810877121,0
2263,0594,0,2026-06-14 06:27:50,0.7822531179717849,0
2264,0594,0,2026-06-14 06:27:50,0.7822531179717849,0
2265,0670,0,2026-06-14 06:27:50,0.7822531179717849,0
2266,0714,0,2026-06-14 06:27:50,0.7822531179717849,0
2267,0133,0,2026-06-14 06:28:00,0.6787977918626048,0
2268,0138,0,2026-06-14 06:28:00,0.1247188713964424,0
2269,0201,0,2026-06-14 06:28:00,0.4595174810877121,0
2270,0201,0,2026-06-14 06:28:00,0.4595174810877121,0
2271,0594,0,2026-06-14 06:28:00,0.7822531179717849,0
2272,0594,0,2026-06-14 06:28:00,0.7822531179717849,0
2273,0670,0,2026-06-14 06:28:00,0.7822531179717849,0
2274,0714,0,2026-06-14 06:28:00,0.7822531179717849,0
2275,0133,0,2026-06-14 06:28:10,0.6787977918626048,0
2276,0138,0,2026-06-14 06:28:10,0.1247188713964424,0
2277,0201,0,2026-06-14 06:28:10,0.4595174810877121,0
2278,0201,0,2026-06-14 06:28:10,0.4595174810877121,1
2279,0594,0,2026-06-14 06:28:10,0.7822531179717849,0
2280,0594,0,2026-06-14 06:28:10,0.7822531179717849,0
2281,0594,0,2026-06-14 06:28:10,0.7822531179717849,0
2282,0594,0,2026-06-14 06:28:10,0.7822531179717849,0
2283,0670,0,2026-06-14 06:28:10,0.7822531179717849,0
2284,0714,0,2026-06-14 06:28:10,0.7822531179717849,0
2285,0133,0,2026-06-14 06:28:20,0.6787977918626048,0
2286,0138,0,2026-06-14 06:28:20,0.1247188713964424,0
2287,0201,0,2026-06-14 06:28:20,0.4595174810877121,0
2288,0201,0,2026-06-14 06:28:20,0.4595174810877121,0
2289,0594,0,2026-06-14 06:28:20,0.7822531179717849,0
2290,0594,0,2026-06-14 06:28:20,0.7822531179717849,0
2291,0594,0,2026-06-14 06:28:20,0.7822531179717849,0
2292,0670,0,2026-06-14 06:28:20,0.7822531179717849,0
2293,0714,0,2026-06-14 06:28:20,0.7822531179717849,0
2294,0133,0,2026-06-14 06:28:30,0.6787977918626048,1
2295,0138,0,2026-06-14 06:28:30,0.1247188713964424,0
2296,0201,0,2026-06-14 06:28:30,0.4595174810877121,0
2297,0201,0,2026-06-14 06:28:30,0.4595174810877121,0
2298,0594,0,2026-06-14 06:28:30,0.7822531179717849,0
2299,0594,0,2026-06-14 06:28:30,0.7822531179717849,0
2300,0670,0,2026-06-14 06:28:30,0.7822531179717849,0
2301,0714,0,2026-06-14 06:28:30,0.7822531179717849,0
2302,0133,0,2026-06-14 06:28:40,0.6787977918626048,0
2303,0138,0,2026-06-14 06:28:40,0.1247188713964424,0
2304,0201,0,2026-06-14 06:28:40,0.4595174810877121,1
2305,0201,0,2026-06-14 06:28:40,0.4595174810877121,0
2306,0594,0,2026-06-14 06:28:40,0.7822531179717849,0
2307,0594,0,2026-06-14 06:28:40,0.7822531179717849,0
2308,0670,0,2026-06-14 06:28:40,0.7822531179717849,0
2309,0714,0,2026-06-14 06:28:40,0.7822531179717849,0
2310,0133,0,2026-06-14 06:28:50,0.6787977918626048,0
2311,0138,0,2026-06-14 06:28:50,0.1247188713964424,0
2312,0201,0,2026-06-14 06:28:50,0.4595174810877121,0
2313,0201,0,2026-06-14 06:28:50,0.4595174810877121,0
2314,0670,0,2026-06-14 06:28:50,0.7822531179717849,0
2315,0714,0,2026-06-14 06:28:50,0.7822531179717849,0
2316,0133,0,2026-06-14 06:29:00,0.6787977918626048,0
2317,0201,0,2026-06-14 06:29:00,0.4595174810877121,0
2318,0670,0,2026-06-14 06:29:00,0.7822531179717849,0
2319,0714,0,2026-06-14 06:29:00,0.7822531179717849,0
2320,0201,0,2026-06-14 06:29:10,0.4595174810877121,0
2321,0201,0,2026-06-14 06:29:10,0.4595174810877121,0
2322,0201,0,2026-06-14 06:29:10,0.4595174810877121,0
2323,0714,0,2026-06-14 06:29:10,0.7822531179717849,0
2324,0201,0,2026-06-14 06:29:20,0.4595174810877121,0
2325,0201,0,2026-06-14 06:29:20,0.4595174810877121,0
2326,0714,0,2026-06-14 06:29:20,0.7822531179717849,1
2327,0284,0,2026-06-14 06:38:40,0.1247188713964424,1
2328,0718,0,2026-06-14 06:38:40,0.3692496421999591,0
2329,0284,0,2026-06-14 06:38:50,0.1247188713964424,0
2330,0718,0,2026-06-14 06:38:50,0.3692496421999591,0
2331,0284,0,2026-06-14 06:39:00,0.1247188713964424,0
2332,0718,0,2026-06-14 06:39:00,0.3692496421999591,0
2333,0284,0,2026-06-14 06:39:10,0.1247188713964424,0
2334,0718,0,2026-06-14 06:39:10,0.3692496421999591,0
2335,0284,0,2026-06-14 06:39:20,0.1247188713964424,0
2336,0718,0,2026-06-14 06:39:20,0.3692496421999591,0
2337,0284,0,2026-06-14 06:39:30,0.1247188713964424,0
2338,0718,0,2026-06-14 06:39:30,0.3692496421999591,0
2339,0284,0,2026-06-14 06:39:40,0.1247188713964424,0
2340,0718,0,2026-06-14 06:39:40,0.3692496421999591,0
2341,0284,0,2026-06-14 06:39:50,0.1247188713964424,0
2342,0718,0,2026-06-14 06:39:50,0.3692496421999591,0
2343,0284,0,2026-06-14 06:40:00,0.1247188713964424,0
2344,0718,0,2026-06-14 06:40:00,0.3692496421999591,0
2345,0284,0,2026-06-14 06:40:10,0.1247188713964424,0
2346,0718,0,2026-06-14 06:40:10,0.3692496421999591,0
2347,0284,0,2026-06-14 06:40:20,0.1247188713964424,0
2348,0718,0,2026-06-14 06:40:20,0.3692496421999591,0
2349,0718,0,2026-06-14 06:40:30,0.3692496421999591,1
2350,0172,0,2026-06-14 07:55:40,0.3692496421999591,0
2351,0172,0,2026-06-14 07:55:40,0.3692496421999591,0
2352,0172,0,2026-06-14 07:55:40,0.3692496421999591,0
2353,0172,0,2026-06-14 07:55:40,0.3692496421999591,0
2354,0172,0,2026-06-14 07:55:40,0.3692496421999591,0
2355,0172,0,2026-06-14 07:55:50,0.3692496421999591,0
2356,0172,0,2026-06-14 07:55:50,0.3692496421999591,0
2357,0172,0,2026-06-14 07:55:50,0.3692496421999591,0
2358,0172,0,2026-06-14 07:55:50,0.3692496421999591,0
2359,0172,0,2026-06-14 07:55:50,0.3692496421999591,0
2360,0172,0,2026-06-14 07:55:50,0.3692496421999591,0
2361,0492,0,2026-06-14 07:55:50,1.0000000000000000,0
2362,0172,0,2026-06-14 07:56:00,0.3692496421999591,0
2363,0172,0,2026-06-14 07:56:00,0.3692496421999591,0
2364,0172,0,2026-06-14 07:56:00,0.3692496421999591,0
2365,0172,0,2026-06-14 07:56:00,0.3692496421999591,0
2366,0492,0,2026-06-14 07:56:00,1.0000000000000000,0
2367,0172,0,2026-06-14 07:56:10,0.3692496421999591,0
2368,0172,0,2026-06-14 07:56:10,0.3692496421999591,0
2369,0172,0,2026-06-14 07:56:10,0.3692496421999591,0
2370,0172,0,2026-06-14 07:56:10,0.3692496421999591,0
2371,0172,0,2026-06-14 07:56:10,0.3692496421999591,0
2372,0492,0,2026-06-14 07:56:10,1.0000000000000000,0
2373,0172,0,2026-06-14 07:56:20,0.3692496421999591,0
2374,0172,0,2026-06-14 07:56:20,0.3692496421999591,0
2375,0172,0,2026-06-14 07:56:20,0.3692496421999591,0
2376,0172,0,2026-06-14 07:56:20,0.3692496421999591,0
2377,0492,0,2026-06-14 07:56:20,1.0000000000000000,0
2378,0172,0,2026-06-14 07:56:30,0.3692496421999591,0
2379,0172,0,2026-06-14 07:56:30,0.3692496421999591,0
2380,0172,0,2026-06-14 07:56:30,0.3692496421999591,0
2381,0172,0,2026-06-14 07:56:30,0.3692496421999591,0
2382,0492,0,2026-06-14 07:56:30,1.0000000000000000,0
2383,0172,0,2026-06-14 07:56:40,0.3692496421999591,0
2384,0172,0,2026-06-14 07:56:40,0.3692496421999591,0
2385,0172,0,2026-06-14 07:56:40,0.3692496421999591,0
2386,0172,0,2026-06-14 07:56:40,0.3692496421999591,0
2387,0492,0,2026-06-14 07:56:40,1.0000000000000000,0
2388,0492,0,2026-06-14 07:56:50,1.0000000000000000,0
2389,0492,0,2026-06-14 07:57:00,1.0000000000000000,0
2390,0492,0,2026-06-14 07:57:10,1.0000000000000000,0
2391,0404,0,2026-06-14 07:57:20,0.6026374974442854,1
2392,0552,0,2026-06-14 07:57:20,0.5396646902473932,0
2393,0142,0,2026-06-14 07:57:30,0.5396646902473932,0
2394,0404,0,2026-06-14 07:57:30,0.6026374974442854,0
2395,0440,0,2026-06-14 07:57:30,0.0608260069515437,0
2396,0552,0,2026-06-14 07:57:30,0.5396646902473932,1
2397,0142,0,2026-06-14 07:57:40,0.5396646902473932,1
2398,0286,0,2026-06-14 07:57:40,1.0000000000000000,0
2399,0404,0,2026-06-14 07:57:40,0.6026374974442854,0
2400,0440,0,2026-06-14 07:57:40,0.0608260069515437,0
2401,0552,0,2026-06-14 07:57:40,0.5396646902473932,0
2402,0142,0,2026-06-14 07:57:50,0.5396646902473932,0
2403,0286,0,2026-06-14 07:57:50,1.0000000000000000,0
2404,0404,0,2026-06-14 07:57:50,0.6026374974442854,0
2405,0440,0,2026-06-14 07:57:50,0.0608260069515437,0
2406,0552,0,2026-06-14 07:57:50,0.5396646902473932,0
2407,0142,0,2026-06-14 07:58:00,0.5396646902473932,0
2408,0241,0,2026-06-14 07:58:00,0.3692496421999591,1
2409,0286,0,2026-06-14 07:58:00,1.0000000000000000,0
2410,0404,0,2026-06-14 07:58:00,0.6026374974442854,0
2411,0440,0,2026-06-14 07:58:00,0.0608260069515437,0
2412,0552,0,2026-06-14 07:58:00,0.5396646902473932,0
2413,0142,0,2026-06-14 07:58:10,0.5396646902473932,0
2414,0241,0,2026-06-14 07:58:10,0.3692496421999591,0
2415,0286,0,2026-06-14 07:58:10,1.0000000000000000,0
2416,0404,0,2026-06-14 07:58:10,0.6026374974442854,0
2417,0440,0,2026-06-14 07:58:10,0.0608260069515437,0
2418,0552,0,2026-06-14 07:58:10,0.5396646902473932,0
2419,0142,0,2026-06-14 07:58:20,0.5396646902473932,0
2420,0241,0,2026-06-14 07:58:20,0.3692496421999591,0
2421,0286,0,2026-06-14 07:58:20,1.0000000000000000,0
2422,0404,0,2026-06-14 07:58:20,0.6026374974442854,0
2423,0440,0,2026-06-14 07:58:20,0.0608260069515437,0
2424,0552,0,2026-06-14 07:58:20,0.5396646902473932,0
2425,0969,0,2026-06-14 07:58:20,0.2789818033122061,1
2426,0142,0,2026-06-14 07:58:30,0.5396646902473932,0
2427,0241,0,2026-06-14 07:58:30,0.3692496421999591,0
2428,0286,0,2026-06-14 07:58:30,1.0000000000000000,0
2429,0404,0,2026-06-14 07:58:30,0.6026374974442854,0
2430,0552,0,2026-06-14 07:58:30,0.5396646902473932,0
2431,0969,0,2026-06-14 07:58:30,0.2789818033122061,0
2432,0142,0,2026-06-14 07:58:40,0.5396646902473932,0
2433,0241,0,2026-06-14 07:58:40,0.3692496421999591,0
2434,0286,0,2026-06-14 07:58:40,1.0000000000000000,1
2435,0404,0,2026-06-14 07:58:40,0.6026374974442854,0
2436,0552,0,2026-06-14 07:58:40,0.5396646902473932,0
2437,0753,0,2026-06-14 07:58:40,0.7822531179717849,0
2438,0969,0,2026-06-14 07:58:40,0.2789818033122061,0
2439,0142,0,2026-06-14 07:58:50,0.5396646902473932,0
2440,0241,0,2026-06-14 07:58:50,0.3692496421999591,0
2441,0286,0,2026-06-14 07:58:50,1.0000000000000000,0
2442,0404,0,2026-06-14 07:58:50,0.6026374974442854,0
2443,0552,0,2026-06-14 07:58:50,0.5396646902473932,0
2444,0753,0,2026-06-14 07:58:50,0.7822531179717849,0
2445,0969,0,2026-06-14 07:58:50,0.2789818033122061,0
2446,0142,0,2026-06-14 07:59:00,0.5396646902473932,0
2447,0241,0,2026-06-14 07:59:00,0.3692496421999591,0
2448,0286,0,2026-06-14 07:59:00,1.0000000000000000,0
2449,0404,0,2026-06-14 07:59:00,0.6026374974442854,0
2450,0552,0,2026-06-14 07:59:00,0.5396646902473932,0
2451,0753,0,2026-06-14 07:59:00,0.7822531179717849,1
2452,0969,0,2026-06-14 07:59:00,0.2789818033122061,0
2453,0142,0,2026-06-14 07:59:10,0.5396646902473932,0
2454,0241,0,2026-06-14 07:59:10,0.3692496421999591,0
2455,0286,0,2026-06-14 07:59:10,1.0000000000000000,0
2456,0753,0,2026-06-14 07:59:10,0.7822531179717849,0
2457,0969,0,2026-06-14 07:59:10,0.2789818033122061,0
2458,0142,0,2026-06-14 07:59:20,0.5396646902473932,0
2459,0241,0,2026-06-14 07:59:20,0.3692496421999591,0
2460,0286,0,2026-06-14 07:59:20,1.0000000000000000,0
2461,0753,0,2026-06-14 07:59:20,0.7822531179717849,0
2462,0842,0,2026-06-14 07:59:20,0.1247188713964424,1
2463,0969,0,2026-06-14 07:59:20,0.2789818033122061,0
2464,0241,0,2026-06-14 07:59:30,0.3692496421999591,0
2465,0752,0,2026-06-14 07:59:30,0.8509507258229401,1
2466,0753,0,2026-06-14 07:59:30,0.7822531179717849,0
2467,0842,0,2026-06-14 07:59:30,0.1247188713964424,0
2468,0969,0,2026-06-14 07:59:30,0.2789818033122061,0
2469,0752,0,2026-06-14 07:59:40,0.8509507258229401,0
2470,0753,0,2026-06-14 07:59:40,0.7822531179717849,0
2471,0842,0,2026-06-14 07:59:40,0.1247188713964424,0
2472,0401,0,2026-06-14 07:59:50,0.9248619914127990,1
2473,0510,0,2026-06-14 07:59:50,0.2789818033122061,0
2474,0752,0,2026-06-14 07:59:50,0.8509507258229401,0
2475,0753,0,2026-06-14 07:59:50,0.7822531179717849,0
2476,0842,0,2026-06-14 07:59:50,0.1247188713964424,0
2477,0401,0,2026-06-14 08:00:00,0.9248619914127990,0
2478,0510,0,2026-06-14 08:00:00,0.2789818033122061,1
2479,0752,0,2026-06-14 08:00:00,0.8509507258229401,0
2480,0753,0,2026-06-14 08:00:00,0.7822531179717849,0
2481,0842,0,2026-06-14 08:00:00,0.1247188713964424,0
2482,0401,0,2026-06-14 08:00:10,0.9248619914127990,0
2483,0510,0,2026-06-14 08:00:10,0.2789818033122061,0
2484,0752,0,2026-06-14 08:00:10,0.8509507258229401,0
2485,0753,0,2026-06-14 08:00:10,0.7822531179717849,0
2486,0842,0,2026-06-14 08:00:10,0.1247188713964424,0
2487,0132,0,2026-06-14 08:00:20,0.9248619914127990,0
2488,0401,0,2026-06-14 08:00:20,0.9248619914127990,0
2489,0510,0,2026-06-14 08:00:20,0.2789818033122061,0
2490,0752,0,2026-06-14 08:00:20,0.8509507258229401,1
2491,0753,0,2026-06-14 08:00:20,0.7822531179717849,0
2492,0842,0,2026-06-14 08:00:20,0.1247188713964424,0
2493,0132,0,2026-06-14 08:00:30,0.9248619914127990,0
2494,0401,0,2026-06-14 08:00:30,0.9248619914127990,0
2495,0510,0,2026-06-14 08:00:30,0.2789818033122061,0
2496,0752,0,2026-06-14 08:00:30,0.8509507258229401,0
2497,0753,0,2026-06-14 08:00:30,0.7822531179717849,0
2498,0842,0,2026-06-14 08:00:30,0.1247188713964424,0
2499,0049,0,2026-06-14 08:00:40,0.4595174810877121,0
2500,0132,0,2026-06-14 08:00:40,0.9248619914127990,1
2501,0401,0,2026-06-14 08:00:40,0.9248619914127990,0
2502,0510,0,2026-06-14 08:00:40,0.2789818033122061,0
2503,0752,0,2026-06-14 08:00:40,0.8509507258229401,0
2504,0842,0,2026-06-14 08:00:40,0.1247188713964424,0
2505,0049,0,2026-06-14 08:00:50,0.4595174810877121,0
2506,0132,0,2026-06-14 08:00:50,0.9248619914127990,0
2507,0401,0,2026-06-14 08:00:50,0.9248619914127990,0
2508,0510,0,2026-06-14 08:00:50,0.2789818033122061,0
2509,0752,0,2026-06-14 08:00:50,0.8509507258229401,0
2510,0842,0,2026-06-14 08:00:50,0.1247188713964424,0
2511,0049,0,2026-06-14 08:01:00,0.4595174810877121,0
2512,0132,0,2026-06-14 08:01:00,0.9248619914127990,0
2513,0401,0,2026-06-14 08:01:00,0.9248619914127990,0
2514,0510,0,2026-06-14 08:01:00,0.2789818033122061,0
2515,0752,0,2026-06-14 08:01:00,0.8509507258229401,0
2516,0049,0,2026-06-14 08:01:10,0.4595174810877121,1
2517,0132,0,2026-06-14 08:01:10,0.9248619914127990,0
2518,0401,0,2026-06-14 08:01:10,0.9248619914127990,0
2519,0510,0,2026-06-14 08:01:10,0.2789818033122061,0
2520,0752,0,2026-06-14 08:01:10,0.8509507258229401,0
2521,0049,0,2026-06-14 08:01:20,0.4595174810877121,0
2522,0401,0,2026-06-14 08:01:20,0.9248619914127990,0
2523,0510,0,2026-06-14 08:01:20,0.2789818033122061,0
2524,0752,0,2026-06-14 08:01:20,0.8509507258229401,0
2525,0049,0,2026-06-14 08:01:30,0.4595174810877121,0
2526,0401,0,2026-06-14 08:01:30,0.9248619914127990,0
2527,0510,0,2026-06-14 08:01:30,0.2789818033122061,0
2528,0511,0,2026-06-14 08:01:30,0.3692496421999591,0
2529,0049,0,2026-06-14 08:01:40,0.4595174810877121,0
2530,0510,0,2026-06-14 08:01:40,0.2789818033122061,0
2531,0511,0,2026-06-14 08:01:40,0.3692496421999591,1
2532,0762,0,2026-06-14 08:01:40,0.5396646902473932,0
2533,0049,0,2026-06-14 08:01:50,0.4595174810877121,0
2534,0511,0,2026-06-14 08:01:50,0.3692496421999591,0
2535,0678,0,2026-06-14 08:01:50,0.6787977918626048,1
2536,0762,0,2026-06-14 08:01:50,0.5396646902473932,0
2537,0049,0,2026-06-14 08:02:00,0.4595174810877121,0
2538,0511,0,2026-06-14 08:02:00,0.3692496421999591,0
2539,0579,0,2026-06-14 08:02:00,0.6026374974442854,1
2540,0678,0,2026-06-14 08:02:00,0.6787977918626048,0
2541,0762,0,2026-06-14 08:02:00,0.5396646902473932,0
2542,0049,0,2026-06-14 08:02:10,0.4595174810877121,0
2543,0511,0,2026-06-14 08:02:10,0.3692496421999591,0
2544,0579,0,2026-06-14 08:02:10,0.6026374974442854,0
2545,0678,0,2026-06-14 08:02:10,0.6787977918626048,0
2546,0762,0,2026-06-14 08:02:10,0.5396646902473932,0
2547,0511,0,2026-06-14 08:02:20,0.3692496421999591,0
2548,0579,0,2026-06-14 08:02:20,0.6026374974442854,0
2549,0678,0,2026-06-14 08:02:20,0.6787977918626048,0
2550,0762,0,2026-06-14 08:02:20,0.5396646902473932,1
2551,0511,0,2026-06-14 08:02:30,0.3692496421999591,0
2552,0579,0,2026-06-14 08:02:30,0.6026374974442854,0
2553,0678,0,2026-06-14 08:02:30,0.6787977918626048,0
2554,0762,0,2026-06-14 08:02:30,0.5396646902473932,0
2555,0163,0,2026-06-14 08:02:40,0.7822531179717849,0
2556,0511,0,2026-06-14 08:02:40,0.3692496421999591,0
2557,0579,0,2026-06-14 08:02:40,0.6026374974442854,0
2558,0678,0,2026-06-14 08:02:40,0.6787977918626048,0
2559,0762,0,2026-06-14 08:02:40,0.5396646902473932,0
2560,0163,0,2026-06-14 08:02:50,0.7822531179717849,0
2561,0511,0,2026-06-14 08:02:50,0.3692496421999591,0
2562,0579,0,2026-06-14 08:02:50,0.6026374974442854,0
2563,0678,0,2026-06-14 08:02:50,0.6787977918626048,0
2564,0762,0,2026-06-14 08:02:50,0.5396646902473932,0
2565,0163,0,2026-06-14 08:03:00,0.7822531179717849,0
2566,0511,0,2026-06-14 08:03:00,0.3692496421999591,0
2567,0579,0,2026-06-14 08:03:00,0.6026374974442854,0
2568,0678,0,2026-06-14 08:03:00,0.6787977918626048,0
2569,0762,0,2026-06-14 08:03:00,0.5396646902473932,0
2570,0163,0,2026-06-14 08:03:10,0.7822531179717849,1
2571,0419,0,2026-06-14 08:03:10,0.2789818033122061,0
2572,0511,0,2026-06-14 08:03:10,0.3692496421999591,0
2573,0579,0,2026-06-14 08:03:10,0.6026374974442854,0
2574,0678,0,2026-06-14 08:03:10,0.6787977918626048,0
2575,0762,0,2026-06-14 08:03:10,0.5396646902473932,0
2576,0163,0,2026-06-14 08:03:20,0.7822531179717849,0
2577,0181,0,2026-06-14 08:03:20,1.0000000000000000,1
2578,0419,0,2026-06-14 08:03:20,0.2789818033122061,0
2579,0460,0,2026-06-14 08:03:20,0.3692496421999591,0
2580,0511,0,2026-06-14 08:03:20,0.3692496421999591,0
2581,0579,0,2026-06-14 08:03:20,0.6026374974442854,0
2582,0678,0,2026-06-14 08:03:20,0.6787977918626048,0
2583,0762,0,2026-06-14 08:03:20,0.5396646902473932,0
2584,0163,0,2026-06-14 08:03:30,0.7822531179717849,0
2585,0181,0,2026-06-14 08:03:30,1.0000000000000000,0
2586,0419,0,2026-06-14 08:03:30,0.2789818033122061,1
2587,0460,0,2026-06-14 08:03:30,0.3692496421999591,0
2588,0579,0,2026-06-14 08:03:30,0.6026374974442854,0
2589,0678,0,2026-06-14 08:03:30,0.6787977918626048,0
2590,0163,0,2026-06-14 08:03:40,0.7822531179717849,0
2591,0181,0,2026-06-14 08:03:40,1.0000000000000000,0
2592,0419,0,2026-06-14 08:03:40,0.2789818033122061,0
2593,0460,0,2026-06-14 08:03:40,0.3692496421999591,1
2594,0579,0,2026-06-14 08:03:40,0.6026374974442854,0
2595,0627,0,2026-06-14 08:03:40,0.4595174810877121,0
2596,0678,0,2026-06-14 08:03:40,0.6787977918626048,0
2597,0163,0,2026-06-14 08:03:50,0.7822531179717849,0
2598,0181,0,2026-06-14 08:03:50,1.0000000000000000,0
2599,0419,0,2026-06-14 08:03:50,0.2789818033122061,0
2600,0460,0,2026-06-14 08:03:50,0.3692496421999591,1
2601,0627,0,2026-06-14 08:03:50,0.4595174810877121,0
2602,0163,0,2026-06-14 08:04:00,0.7822531179717849,0
2603,0181,0,2026-06-14 08:04:00,1.0000000000000000,0
2604,0307,0,2026-06-14 08:04:00,0.9248619914127990,1
2605,0419,0,2026-06-14 08:04:00,0.2789818033122061,0
2606,0446,0,2026-06-14 08:04:00,0.0608260069515437,0
2607,0460,0,2026-06-14 08:04:00,0.3692496421999591,0
2608,0627,0,2026-06-14 08:04:00,0.4595174810877121,0
2609,0128,0,2026-06-14 08:04:10,0.3692496421999591,0
2610,0163,0,2026-06-14 08:04:10,0.7822531179717849,0
2611,0181,0,2026-06-14 08:04:10,1.0000000000000000,0
2612,0307,0,2026-06-14 08:04:10,0.9248619914127990,1
2613,0419,0,2026-06-14 08:04:10,0.2789818033122061,0
2614,0446,0,2026-06-14 08:04:10,0.0608260069515437,0
2615,0460,0,2026-06-14 08:04:10,0.3692496421999591,0
2616,0627,0,2026-06-14 08:04:10,0.4595174810877121,0
2617,0128,0,2026-06-14 08:04:20,0.3692496421999591,1
2618,0181,0,2026-06-14 08:04:20,1.0000000000000000,0
2619,0307,0,2026-06-14 08:04:20,0.9248619914127990,0
2620,0329,0,2026-06-14 08:04:20,0.6026374974442854,0
2621,0419,0,2026-06-14 08:04:20,0.2789818033122061,0
2622,0446,0,2026-06-14 08:04:20,0.0608260069515437,0
2623,0460,0,2026-06-14 08:04:20,0.3692496421999591,0
2624,0627,0,2026-06-14 08:04:20,0.4595174810877121,0
2625,0653,0,2026-06-14 08:04:20,0.1247188713964424,0
2626,0959,0,2026-06-14 08:04:20,0.0608260069515437,0
2627,0128,0,2026-06-14 08:04:30,0.3692496421999591,0
2628,0307,0,2026-06-14 08:04:30,0.9248619914127990,0
2629,0329,0,2026-06-14 08:04:30,0.6026374974442854,0
2630,0419,0,2026-06-14 08:04:30,0.2789818033122061,0
2631,0446,0,2026-06-14 08:04:30,0.0608260069515437,0
2632,0460,0,2026-06-14 08:04:30,0.3692496421999591,0
2633,0627,0,2026-06-14 08:04:30,0.4595174810877121,0
2634,0653,0,2026-06-14 08:04:30,0.1247188713964424,1
2635,0959,0,2026-06-14 08:04:30,0.0608260069515437,0
2636,0128,0,2026-06-14 08:04:40,0.3692496421999591,0
2637,0307,0,2026-06-14 08:04:40,0.9248619914127990,0
2638,0329,0,2026-06-14 08:04:40,0.6026374974442854,0
2639,0419,0,2026-06-14 08:04:40,0.2789818033122061,0
2640,0446,0,2026-06-14 08:04:40,0.0608260069515437,0
2641,0460,0,2026-06-14 08:04:40,0.3692496421999591,0
2642,0627,0,2026-06-14 08:04:40,0.4595174810877121,0
2643,0653,0,2026-06-14 08:04:40,0.1247188713964424,0
2644,0959,0,2026-06-14 08:04:40,0.0608260069515437,1
2645,0128,0,2026-06-14 08:04:50,0.3692496421999591,0
2646,0307,0,2026-06-14 08:04:50,0.9248619914127990,0
2647,0329,0,2026-06-14 08:04:50,0.6026374974442854,1
2648,0420,0,2026-06-14 08:04:50,1.0000000000000000,0
2649,0446,0,2026-06-14 08:04:50,0.0608260069515437,0
2650,0460,0,2026-06-14 08:04:50,0.3692496421999591,0
2651,0627,0,2026-06-14 08:04:50,0.4595174810877121,0
2652,0653,0,2026-06-14 08:04:50,0.1247188713964424,0
2653,0849,0,2026-06-14 08:04:50,0.5396646902473932,0
2654,0849,0,2026-06-14 08:04:50,0.5396646902473932,0
2655,0849,0,2026-06-14 08:04:50,0.5396646902473932,0
2656,0959,0,2026-06-14 08:04:50,0.0608260069515437,0
2657,0128,0,2026-06-14 08:05:00,0.3692496421999591,0
2658,0307,0,2026-06-14 08:05:00,0.9248619914127990,0
2659,0329,0,2026-06-14 08:05:00,0.6026374974442854,0
2660,0420,0,2026-06-14 08:05:00,1.0000000000000000,0
2661,0446,0,2026-06-14 08:05:00,0.0608260069515437,0
2662,0460,0,2026-06-14 08:05:00,0.3692496421999591,0
2663,0627,0,2026-06-14 08:05:00,0.4595174810877121,0
2664,0653,0,2026-06-14 08:05:00,0.1247188713964424,0
2665,0849,0,2026-06-14 08:05:00,0.5396646902473932,0
2666,0849,0,2026-06-14 08:05:00,0.5396646902473932,0
2667,0849,0,2026-06-14 08:05:00,0.5396646902473932,0
2668,0959,0,2026-06-14 08:05:00,0.0608260069515437,0
2669,0128,0,2026-06-14 08:05:10,0.3692496421999591,0
2670,0307,0,2026-06-14 08:05:10,0.9248619914127990,0
2671,0329,0,2026-06-14 08:05:10,0.6026374974442854,0
2672,0420,0,2026-06-14 08:05:10,1.0000000000000000,1
2673,0446,0,2026-06-14 08:05:10,0.0608260069515437,0
2674,0627,0,2026-06-14 08:05:10,0.4595174810877121,0
2675,0653,0,2026-06-14 08:05:10,0.1247188713964424,0
2676,0849,0,2026-06-14 08:05:10,0.5396646902473932,0
2677,0849,0,2026-06-14 08:05:10,0.5396646902473932,0
2678,0849,0,2026-06-14 08:05:10,0.5396646902473932,0
2679,0849,0,2026-06-14 08:05:10,0.5396646902473932,0
2680,0959,0,2026-06-14 08:05:10,0.0608260069515437,0
2681,0971,0,2026-06-14 08:05:10,1.0000000000000000,0
2682,0128,0,2026-06-14 08:05:20,0.3692496421999591,0
2683,0307,0,2026-06-14 08:05:20,0.9248619914127990,0
2684,0329,0,2026-06-14 08:05:20,0.6026374974442854,0
2685,0420,0,2026-06-14 08:05:20,1.0000000000000000,0
2686,0446,0,2026-06-14 08:05:20,0.0608260069515437,0
2687,0468,0,2026-06-14 08:05:20,0.2789818033122061,0
2688,0534,0,2026-06-14 08:05:20,0.1247188713964424,0
2689,0653,0,2026-06-14 08:05:20,0.1247188713964424,0
2690,0849,0,2026-06-14 08:05:20,0.5396646902473932,0
2691,0849,0,2026-06-14 08:05:20,0.5396646902473932,0
2692,0849,0,2026-06-14 08:05:20,0.5396646902473932,0
2693,0849,0,2026-06-14 08:05:20,0.5396646902473932,0
2694,0849,0,2026-06-14 08:05:20,0.5396646902473932,0
2695,0959,0,2026-06-14 08:05:20,0.0608260069515437,0
2696,0971,0,2026-06-14 08:05:20,1.0000000000000000,1
2697,0128,0,2026-06-14 08:05:30,0.3692496421999591,0
2698,0307,0,2026-06-14 08:05:30,0.9248619914127990,0
2699,0329,0,2026-06-14 08:05:30,0.6026374974442854,0
2700,0420,0,2026-06-14 08:05:30,1.0000000000000000,0
2701,0446,0,2026-06-14 08:05:30,0.0608260069515437,0
2702,0468,0,2026-06-14 08:05:30,0.2789818033122061,0
2703,0534,0,2026-06-14 08:05:30,0.1247188713964424,0
2704,0653,0,2026-06-14 08:05:30,0.1247188713964424,0
2705,0849,0,2026-06-14 08:05:30,0.5396646902473932,0
2706,0849,0,2026-06-14 08:05:30,0.5396646902473932,0
2707,0849,0,2026-06-14 08:05:30,0.5396646902473932,0
2708,0849,0,2026-06-14 08:05:30,0.5396646902473932,0
2709,0959,0,2026-06-14 08:05:30,0.0608260069515437,0
2710,0971,0,2026-06-14 08:05:30,1.0000000000000000,0
2711,0128,0,2026-06-14 08:05:40,0.3692496421999591,0
2712,0307,0,2026-06-14 08:05:40,0.9248619914127990,0
2713,0329,0,2026-06-14 08:05:40,0.6026374974442854,0
2714,0420,0,2026-06-14 08:05:40,1.0000000000000000,0
2715,0468,0,2026-06-14 08:05:40,0.2789818033122061,0
2716,0534,0,2026-06-14 08:05:40,0.1247188713964424,0
2717,0621,0,2026-06-14 08:05:40,1.0000000000000000,1
2718,0653,0,2026-06-14 08:05:40,0.1247188713964424,0
2719,0849,0,2026-06-14 08:05:40,0.5396646902473932,0
2720,0849,0,2026-06-14 08:05:40,0.5396646902473932,0
2721,0849,0,2026-06-14 08:05:40,0.5396646902473932,0
2722,0849,0,2026-06-14 08:05:40,0.5396646902473932,0
2723,0959,0,2026-06-14 08:05:40,0.0608260069515437,0
2724,0971,0,2026-06-14 08:05:40,1.0000000000000000,0
2725,0329,0,2026-06-14 08:05:50,0.6026374974442854,0
2726,0420,0,2026-06-14 08:05:50,1.0000000000000000,0
2727,0433,0,2026-06-14 08:05:50,0.4595174810877121,0
2728,0468,0,2026-06-14 08:05:50,0.2789818033122061,0
2729,0534,0,2026-06-14 08:05:50,0.1247188713964424,0
2730,0621,0,2026-06-14 08:05:50,1.0000000000000000,1
2731,0653,0,2026-06-14 08:05:50,0.1247188713964424,0
2732,0849,0,2026-06-14 08:05:50,0.5396646902473932,0
2733,0849,0,2026-06-14 08:05:50,0.5396646902473932,0
2734,0849,0,2026-06-14 08:05:50,0.5396646902473932,0
2735,0849,0,2026-06-14 08:05:50,0.5396646902473932,0
2736,0959,0,2026-06-14 08:05:50,0.0608260069515437,0
2737,0971,0,2026-06-14 08:05:50,1.0000000000000000,0
2738,0329,0,2026-06-14 08:06:00,0.6026374974442854,0
2739,0420,0,2026-06-14 08:06:00,1.0000000000000000,0
2740,0433,0,2026-06-14 08:06:00,0.4595174810877121,0
2741,0468,0,2026-06-14 08:06:00,0.2789818033122061,0
2742,0534,0,2026-06-14 08:06:00,0.1247188713964424,0
2743,0621,0,2026-06-14 08:06:00,1.0000000000000000,0
2744,0849,0,2026-06-14 08:06:00,0.5396646902473932,0
2745,0849,0,2026-06-14 08:06:00,0.5396646902473932,0
2746,0849,0,2026-06-14 08:06:00,0.5396646902473932,0
2747,0849,0,2026-06-14 08:06:00,0.5396646902473932,0
2748,0971,0,2026-06-14 08:06:00,1.0000000000000000,0
2749,0329,0,2026-06-14 08:06:10,0.6026374974442854,0
2750,0420,0,2026-06-14 08:06:10,1.0000000000000000,0
2751,0433,0,2026-06-14 08:06:10,0.4595174810877121,0
2752,0433,0,2026-06-14 08:06:10,0.4595174810877121,0
2753,0468,0,2026-06-14 08:06:10,0.2789818033122061,0
2754,0534,0,2026-06-14 08:06:10,0.1247188713964424,0
2755,0621,0,2026-06-14 08:06:10,1.0000000000000000,0
2756,0849,0,2026-06-14 08:06:10,0.5396646902473932,0
2757,0849,0,2026-06-14 08:06:10,0.5396646902473932,1
2758,0849,0,2026-06-14 08:06:10,0.5396646902473932,0
2759,0849,0,2026-06-14 08:06:10,0.5396646902473932,0
2760,0971,0,2026-06-14 08:06:10,1.0000000000000000,0
2761,0420,0,2026-06-14 08:06:20,1.0000000000000000,0
2762,0433,0,2026-06-14 08:06:20,0.4595174810877121,0
2763,0433,0,2026-06-14 08:06:20,0.4595174810877121,0
2764,0433,0,2026-06-14 08:06:20,0.4595174810877121,0
2765,0433,0,2026-06-14 08:06:20,0.4595174810877121,0
2766,0468,0,2026-06-14 08:06:20,0.2789818033122061,0
2767,0534,0,2026-06-14 08:06:20,0.1247188713964424,0
2768,0621,0,2026-06-14 08:06:20,1.0000000000000000,0
2769,0849,0,2026-06-14 08:06:20,0.5396646902473932,0
2770,0849,0,2026-06-14 08:06:20,0.5396646902473932,0
2771,0849,0,2026-06-14 08:06:20,0.5396646902473932,0
2772,0971,0,2026-06-14 08:06:20,1.0000000000000000,0
2773,0433,0,2026-06-14 08:06:30,0.4595174810877121,0
2774,0433,0,2026-06-14 08:06:30,0.4595174810877121,0
2775,0433,0,2026-06-14 08:06:30,0.4595174810877121,0
2776,0433,0,2026-06-14 08:06:30,0.4595174810877121,0
2777,0433,0,2026-06-14 08:06:30,0.4595174810877121,0
2778,0468,0,2026-06-14 08:06:30,0.2789818033122061,0
2779,0534,0,2026-06-14 08:06:30,0.1247188713964424,0
2780,0621,0,2026-06-14 08:06:30,1.0000000000000000,0
2781,0849,0,2026-06-14 08:06:30,0.5396646902473932,0
2782,0849,0,2026-06-14 08:06:30,0.5396646902473932,0
2783,0849,0,2026-06-14 08:06:30,0.5396646902473932,0
2784,0971,0,2026-06-14 08:06:30,1.0000000000000000,0
2785,0433,0,2026-06-14 08:06:40,0.4595174810877121,0
2786,0433,0,2026-06-14 08:06:40,0.4595174810877121,0
2787,0433,0,2026-06-14 08:06:40,0.4595174810877121,0
2788,0433,0,2026-06-14 08:06:40,0.4595174810877121,0
2789,0433,0,2026-06-14 08:06:40,0.4595174810877121,0
2790,0468,0,2026-06-14 08:06:40,0.2789818033122061,0
2791,0534,0,2026-06-14 08:06:40,0.1247188713964424,0
2792,0621,0,2026-06-14 08:06:40,1.0000000000000000,0
2793,0849,0,2026-06-14 08:06:40,0.5396646902473932,1
2794,0849,0,2026-06-14 08:06:40,0.5396646902473932,0
2795,0433,0,2026-06-14 08:06:50,0.4595174810877121,0
2796,0433,0,2026-06-14 08:06:50,0.4595174810877121,0
2797,0433,0,2026-06-14 08:06:50,0.4595174810877121,0
2798,0433,0,2026-06-14 08:06:50,0.4595174810877121,0
2799,0433,0,2026-06-14 08:06:50,0.4595174810877121,0
2800,0468,0,2026-06-14 08:06:50,0.2789818033122061,0
2801,0534,0,2026-06-14 08:06:50,0.1247188713964424,0
2802,0621,0,2026-06-14 08:06:50,1.0000000000000000,0
2803,0433,0,2026-06-14 08:07:00,0.4595174810877121,0
2804,0433,0,2026-06-14 08:07:00,0.4595174810877121,1
2805,0433,0,2026-06-14 08:07:00,0.4595174810877121,0
2806,0433,0,2026-06-14 08:07:00,0.4595174810877121,0
2807,0433,0,2026-06-14 08:07:00,0.4595174810877121,0
2808,0468,0,2026-06-14 08:07:00,0.2789818033122061,0
2809,0534,0,2026-06-14 08:07:00,0.1247188713964424,0
2810,0621,0,2026-06-14 08:07:00,1.0000000000000000,0
2811,0433,0,2026-06-14 08:07:10,0.4595174810877121,0
2812,0433,0,2026-06-14 08:07:10,0.4595174810877121,0
2813,0433,0,2026-06-14 08:07:10,0.4595174810877121,0
2814,0534,0,2026-06-14 08:07:10,0.1247188713964424,0
2815,0621,0,2026-06-14 08:07:10,1.0000000000000000,0
2816,0433,0,2026-06-14 08:07:20,0.4595174810877121,0
2817,0433,0,2026-06-14 08:07:20,0.4595174810877121,0
2818,0621,0,2026-06-14 08:07:20,1.0000000000000000,0
2819,0433,0,2026-06-14 08:07:30,0.4595174810877121,1
2820,0621,0,2026-06-14 08:07:30,1.0000000000000000,0
2821,0156,0,2026-06-14 08:09:50,0.7822531179717849,0
2822,0156,0,2026-06-14 08:10:00,0.7822531179717849,0
2823,0156,0,2026-06-14 08:10:10,0.7822531179717849,0
2824,0156,0,2026-06-14 08:10:20,0.7822531179717849,1
2825,0156,0,2026-06-14 08:10:30,0.7822531179717849,0
2826,0156,0,2026-06-14 08:10:40,0.7822531179717849,0
2827,0156,0,2026-06-14 08:10:50,0.7822531179717849,0
2828,0226,0,2026-06-14 08:10:50,0.7822531179717849,0
2829,0226,0,2026-06-14 08:11:00,0.7822531179717849,0
2830,0226,0,2026-06-14 08:11:10,0.7822531179717849,1
2831,0226,0,2026-06-14 08:11:20,0.7822531179717849,0
2832,0226,0,2026-06-14 08:11:30,0.7822531179717849,0
2833,0226,0,2026-06-14 08:11:40,0.7822531179717849,0
2834,0226,0,2026-06-14 08:11:50,0.7822531179717849,0
2835,0226,0,2026-06-14 08:12:00,0.7822531179717849,0
2836,0226,0,2026-06-14 08:12:10,0.7822531179717849,0
2837,0226,0,2026-06-14 08:12:20,0.7822531179717849,0
2838,0226,0,2026-06-14 08:12:30,0.7822531179717849,0
2839,0226,0,2026-06-14 08:12:40,0.7822531179717849,0
2840,0716,0,2026-06-14 08:13:00,0.8509507258229401,0
2841,0716,0,2026-06-14 08:13:10,0.8509507258229401,0
2842,0716,0,2026-06-14 08:13:20,0.8509507258229401,0
2843,0716,0,2026-06-14 08:13:30,0.8509507258229401,0
2844,0716,0,2026-06-14 08:13:40,0.8509507258229401,0
2845,0716,0,2026-06-14 08:13:50,0.8509507258229401,0
2846,0716,0,2026-06-14 08:14:00,0.8509507258229401,0
2847,0716,0,2026-06-14 08:14:10,0.8509507258229401,0
2848,0716,0,2026-06-14 08:14:20,0.8509507258229401,0
2849,0716,0,2026-06-14 08:14:30,0.8509507258229401,0
2850,0144,0,2026-06-14 08:14:40,0.3692496421999591,1
2851,0716,0,2026-06-14 08:14:40,0.8509507258229401,0
2852,0144,0,2026-06-14 08:14:50,0.3692496421999591,0
2853,0144,0,2026-06-14 08:15:00,0.3692496421999591,0
2854,0570,0,2026-06-14 08:15:00,0.1247188713964424,0
2855,0144,0,2026-06-14 08:15:10,0.3692496421999591,0
2856,0570,0,2026-06-14 08:15:10,0.1247188713964424,0
2857,0144,0,2026-06-14 08:15:20,0.3692496421999591,0
2858,0570,0,2026-06-14 08:15:20,0.1247188713964424,0
2859,0144,0,2026-06-14 08:15:30,0.3692496421999591,0
2860,0570,0,2026-06-14 08:15:30,0.1247188713964424,0
2861,0144,0,2026-06-14 08:15:40,0.3692496421999591,0
2862,0570,0,2026-06-14 08:15:40,0.1247188713964424,0
2863,0144,0,2026-06-14 08:15:50,0.3692496421999591,0
2864,0499,0,2026-06-14 08:15:50,0.2789818033122061,0
2865,0570,0,2026-06-14 08:15:50,0.1247188713964424,0
2866,0144,0,2026-06-14 08:16:00,0.3692496421999591,0
2867,0499,0,2026-06-14 08:16:00,0.2789818033122061,0
2868,0570,0,2026-06-14 08:16:00,0.1247188713964424,0
2869,0570,0,2026-06-14 08:16:10,0.1247188713964424,0
2870,0570,0,2026-06-14 08:16:20,0.1247188713964424,0
2871,0570,0,2026-06-14 08:16:30,0.1247188713964424,0
2872,0570,0,2026-06-14 08:16:40,0.1247188713964424,0
2873,0570,0,2026-06-14 08:16:50,0.1247188713964424,1
2874,0175,0,2026-06-14 08:22:20,1.0000000000000000,0
2875,0175,0,2026-06-14 08:22:30,1.0000000000000000,0
2876,0175,0,2026-06-14 08:22:40,1.0000000000000000,0
2877,0175,0,2026-06-14 08:22:50,1.0000000000000000,0
2878,0175,0,2026-06-14 08:23:00,1.0000000000000000,0
2879,0175,0,2026-06-14 08:23:10,1.0000000000000000,0
2880,0175,0,2026-06-14 08:23:20,1.0000000000000000,0
2881,0175,0,2026-06-14 08:23:30,1.0000000000000000,0
2882,0175,0,2026-06-14 08:23:40,1.0000000000000000,0
2883,0175,0,2026-06-14 08:23:50,1.0000000000000000,0
2884,0175,0,2026-06-14 08:24:00,1.0000000000000000,1
2885,0175,0,2026-06-14 08:24:10,1.0000000000000000,1
2886,0193,0,2026-06-14 09:35:20,0.0608260069515437,0
2887,0193,0,2026-06-14 09:35:30,0.0608260069515437,0
2888,0193,0,2026-06-14 09:35:40,0.0608260069515437,0
2889,0193,0,2026-06-14 09:35:50,0.0608260069515437,0
2890,0193,0,2026-06-14 09:36:00,0.0608260069515437,0
2891,0193,0,2026-06-14 09:36:10,0.0608260069515437,0
2892,0481,0,2026-06-14 09:36:10,1.0000000000000000,1
2893,0193,0,2026-06-14 09:36:20,0.0608260069515437,0
2894,0481,0,2026-06-14 09:36:20,1.0000000000000000,0
2895,0193,0,2026-06-14 09:36:30,0.0608260069515437,0
2896,0481,0,2026-06-14 09:36:30,1.0000000000000000,0
2897,0166,0,2026-06-14 09:36:40,0.3692496421999591,0
2898,0481,0,2026-06-14 09:36:40,1.0000000000000000,0
2899,0065,0,2026-06-14 09:36:50,0.5396646902473932,1
2900,0166,0,2026-06-14 09:36:50,0.3692496421999591,0
2901,0065,0,2026-06-14 09:37:00,0.5396646902473932,0
2902,0166,0,2026-06-14 09:37:00,0.3692496421999591,1
2903,0616,0,2026-06-14 09:37:00,0.6026374974442854,0
2904,0065,0,2026-06-14 09:37:10,0.5396646902473932,0
2905,0166,0,2026-06-14 09:37:10,0.3692496421999591,0
2906,0616,0,2026-06-14 09:37:10,0.6026374974442854,0
2907,0695,0,2026-06-14 09:37:10,0.0608260069515437,0
2908,0065,0,2026-06-14 09:37:20,0.5396646902473932,0
2909,0166,0,2026-06-14 09:37:20,0.3692496421999591,0
2910,0616,0,2026-06-14 09:37:20,0.6026374974442854,1
2911,0695,0,2026-06-14 09:37:20,0.0608260069515437,0
2912,0065,0,2026-06-14 09:37:30,0.5396646902473932,0
2913,0166,0,2026-06-14 09:37:30,0.3692496421999591,0
2914,0509,0,2026-06-14 09:37:30,0.9248619914127990,0
2915,0616,0,2026-06-14 09:37:30,0.6026374974442854,0
2916,0695,0,2026-06-14 09:37:30,0.0608260069515437,0
2917,0065,0,2026-06-14 09:37:40,0.5396646902473932,0
2918,0166,0,2026-06-14 09:37:40,0.3692496421999591,0
2919,0509,0,2026-06-14 09:37:40,0.9248619914127990,1
2920,0616,0,2026-06-14 09:37:40,0.6026374974442854,0
2921,0695,0,2026-06-14 09:37:40,0.0608260069515437,0
2922,0065,0,2026-06-14 09:37:50,0.5396646902473932,0
2923,0087,0,2026-06-14 09:37:50,0.6787977918626048,0
2924,0102,0,2026-06-14 09:37:50,0.7822531179717849,0
2925,0166,0,2026-06-14 09:37:50,0.3692496421999591,0
2926,0268,0,2026-06-14 09:37:50,0.5396646902473932,0
2927,0509,0,2026-06-14 09:37:50,0.9248619914127990,0
2928,0616,0,2026-06-14 09:37:50,0.6026374974442854,0
2929,0695,0,2026-06-14 09:37:50,0.0608260069515437,0
2930,0065,0,2026-06-14 09:38:00,0.5396646902473932,0
2931,0087,0,2026-06-14 09:38:00,0.6787977918626048,0
2932,0102,0,2026-06-14 09:38:00,0.7822531179717849,0
2933,0166,0,2026-06-14 09:38:00,0.3692496421999591,0
2934,0268,0,2026-06-14 09:38:00,0.5396646902473932,0
2935,0509,0,2026-06-14 09:38:00,0.9248619914127990,0
2936,0616,0,2026-06-14 09:38:00,0.6026374974442854,0
2937,0695,0,2026-06-14 09:38:00,0.0608260069515437,0
2938,0087,0,2026-06-14 09:38:10,0.6787977918626048,0
2939,0102,0,2026-06-14 09:38:10,0.7822531179717849,1
2940,0166,0,2026-06-14 09:38:10,0.3692496421999591,0
2941,0268,0,2026-06-14 09:38:10,0.5396646902473932,0
2942,0509,0,2026-06-14 09:38:10,0.9248619914127990,0
2943,0616,0,2026-06-14 09:38:10,0.6026374974442854,0
2944,0695,0,2026-06-14 09:38:10,0.0608260069515437,0
2945,0809,0,2026-06-14 09:38:10,0.6787977918626048,0
2946,0087,0,2026-06-14 09:38:20,0.6787977918626048,0
2947,0102,0,2026-06-14 09:38:20,0.7822531179717849,0
2948,0268,0,2026-06-14 09:38:20,0.5396646902473932,0
2949,0379,0,2026-06-14 09:38:20,0.8509507258229401,0
2950,0509,0,2026-06-14 09:38:20,0.9248619914127990,0
2951,0616,0,2026-06-14 09:38:20,0.6026374974442854,0
2952,0695,0,2026-06-14 09:38:20,0.0608260069515437,0
2953,0809,0,2026-06-14 09:38:20,0.6787977918626048,0
2954,0087,0,2026-06-14 09:38:30,0.6787977918626048,0
2955,0102,0,2026-06-14 09:38:30,0.7822531179717849,0
2956,0137,0,2026-06-14 09:38:30,1.0000000000000000,0
2957,0268,0,2026-06-14 09:38:30,0.5396646902473932,0
2958,0317,0,2026-06-14 09:38:30,0.1247188713964424,0
2959,0379,0,2026-06-14 09:38:30,0.8509507258229401,0
2960,0475,0,2026-06-14 09:38:30,0.7822531179717849,0
2961,0509,0,2026-06-14 09:38:30,0.9248619914127990,0
2962,0538,0,2026-06-14 09:38:30,0.4595174810877121,0
2963,0616,0,2026-06-14 09:38:30,0.6026374974442854,0
2964,0695,0,2026-06-14 09:38:30,0.0608260069515437,0
2965,0769,0,2026-06-14 09:38:30,0.9248619914127990,0
2966,0087,0,2026-06-14 09:38:40,0.6787977918626048,0
2967,0102,0,2026-06-14 09:38:40,0.7822531179717849,0
2968,0137,0,2026-06-14 09:38:40,1.0000000000000000,0
2969,0212,0,2026-06-14 09:38:40,0.7822531179717849,0
2970,0268,0,2026-06-14 09:38:40,0.5396646902473932,0
2971,0317,0,2026-06-14 09:38:40,0.1247188713964424,0
2972,0379,0,2026-06-14 09:38:40,0.8509507258229401,0
2973,0442,0,2026-06-14 09:38:40,0.7822531179717849,0
2974,0475,0,2026-06-14 09:38:40,0.7822531179717849,0
2975,0509,0,2026-06-14 09:38:40,0.9248619914127990,0
2976,0530,0,2026-06-14 09:38:40,0.6787977918626048,0
2977,0538,0,2026-06-14 09:38:40,0.4595174810877121,0
2978,0575,0,2026-06-14 09:38:40,0.9248619914127990,1
2979,0616,0,2026-06-14 09:38:40,0.6026374974442854,0
2980,0695,0,2026-06-14 09:38:40,0.0608260069515437,0
2981,0731,0,2026-06-14 09:38:40,0.6026374974442854,0
2982,0769,0,2026-06-14 09:38:40,0.9248619914127990,0
2983,0841,0,2026-06-14 09:38:40,0.6787977918626048,0
2984,0841,0,2026-06-14 09:38:40,0.6787977918626048,0
2985,0841,0,2026-06-14 09:38:40,0.6787977918626048,0
2986,0841,0,2026-06-14 09:38:40,0.6787977918626048,0
2987,0841,0,2026-06-14 09:38:40,0.6787977918626048,0
2988,0841,0,2026-06-14 09:38:40,0.6787977918626048,0
2989,0102,0,2026-06-14 09:38:50,0.7822531179717849,0
2990,0137,0,2026-06-14 09:38:50,1.0000000000000000,0
2991,0212,0,2026-06-14 09:38:50,0.7822531179717849,0
2992,0229,0,2026-06-14 09:38:50,0.6026374974442854,0
2993,0268,0,2026-06-14 09:38:50,0.5396646902473932,0
2994,0317,0,2026-06-14 09:38:50,0.1247188713964424,0
2995,0379,0,2026-06-14 09:38:50,0.8509507258229401,0
2996,0442,0,2026-06-14 09:38:50,0.7822531179717849,0
2997,0475,0,2026-06-14 09:38:50,0.7822531179717849,0
2998,0491,0,2026-06-14 09:38:50,1.0000000000000000,1
2999,0509,0,2026-06-14 09:38:50,0.9248619914127990,0
3000,0530,0,2026-06-14 09:38:50,0.6787977918626048,0
3001,0538,0,2026-06-14 09:38:50,0.4595174810877121,0
3002,0575,0,2026-06-14 09:38:50,0.9248619914127990,0
3003,0616,0,2026-06-14 09:38:50,0.6026374974442854,0
3004,0695,0,2026-06-14 09:38:50,0.0608260069515437,0
3005,0731,0,2026-06-14 09:38:50,0.6026374974442854,0
3006,0769,0,2026-06-14 09:38:50,0.9248619914127990,0
3007,0841,0,2026-06-14 09:38:50,0.6787977918626048,0
3008,0841,0,2026-06-14 09:38:50,0.6787977918626048,0
3009,0841,0,2026-06-14 09:38:50,0.6787977918626048,0
3010,0841,0,2026-06-14 09:38:50,0.6787977918626048,0
3011,0841,0,2026-06-14 09:38:50,0.6787977918626048,0
3012,0841,0,2026-06-14 09:38:50,0.6787977918626048,0
3013,0841,0,2026-06-14 09:38:50,0.6787977918626048,0
3014,0841,0,2026-06-14 09:38:50,0.6787977918626048,0
3015,0102,0,2026-06-14 09:39:00,0.7822531179717849,0
3016,0137,0,2026-06-14 09:39:00,1.0000000000000000,0
3017,0137,0,2026-06-14 09:39:00,1.0000000000000000,0
3018,0212,0,2026-06-14 09:39:00,0.7822531179717849,0
3019,0229,0,2026-06-14 09:39:00,0.6026374974442854,0
3020,0268,0,2026-06-14 09:39:00,0.5396646902473932,0
3021,0317,0,2026-06-14 09:39:00,0.1247188713964424,0
3022,0379,0,2026-06-14 09:39:00,0.8509507258229401,0
3023,0442,0,2026-06-14 09:39:00,0.7822531179717849,0
3024,0475,0,2026-06-14 09:39:00,0.7822531179717849,0
3025,0491,0,2026-06-14 09:39:00,1.0000000000000000,0
3026,0509,0,2026-06-14 09:39:00,0.9248619914127990,0
3027,0530,0,2026-06-14 09:39:00,0.6787977918626048,0
3028,0538,0,2026-06-14 09:39:00,0.4595174810877121,0
3029,0575,0,2026-06-14 09:39:00,0.9248619914127990,0
3030,0695,0,2026-06-14 09:39:00,0.0608260069515437,0
3031,0731,0,2026-06-14 09:39:00,0.6026374974442854,0
3032,0769,0,2026-06-14 09:39:00,0.9248619914127990,0
3033,0841,0,2026-06-14 09:39:00,0.6787977918626048,0
3034,0841,0,2026-06-14 09:39:00,0.6787977918626048,0
3035,0841,0,2026-06-14 09:39:00,0.6787977918626048,0
3036,0841,0,2026-06-14 09:39:00,0.6787977918626048,0
3037,0841,0,2026-06-14 09:39:00,0.6787977918626048,0
3038,0841,0,2026-06-14 09:39:00,0.6787977918626048,0
3039,0841,0,2026-06-14 09:39:00,0.6787977918626048,0
3040,0841,0,2026-06-14 09:39:00,0.6787977918626048,0
3041,0841,0,2026-06-14 09:39:00,0.6787977918626048,0
3042,0102,0,2026-06-14 09:39:10,0.7822531179717849,0
3043,0137,0,2026-06-14 09:39:10,1.0000000000000000,0
3044,0137,0,2026-06-14 09:39:10,1.0000000000000000,1
3045,0212,0,2026-06-14 09:39:10,0.7822531179717849,0
3046,0229,0,2026-06-14 09:39:10,0.6026374974442854,0
3047,0268,0,2026-06-14 09:39:10,0.5396646902473932,0
3048,0317,0,2026-06-14 09:39:10,0.1247188713964424,0
3049,0379,0,2026-06-14 09:39:10,0.8509507258229401,0
3050,0442,0,2026-06-14 09:39:10,0.7822531179717849,0
3051,0475,0,2026-06-14 09:39:10,0.7822531179717849,0
3052,0491,0,2026-06-14 09:39:10,1.0000000000000000,0
3053,0530,0,2026-06-14 09:39:10,0.6787977918626048,0
3054,0538,0,2026-06-14 09:39:10,0.4595174810877121,0
3055,0575,0,2026-06-14 09:39:10,0.9248619914127990,0
3056,0731,0,2026-06-14 09:39:10,0.6026374974442854,0
3057,0769,0,2026-06-14 09:39:10,0.9248619914127990,0
3058,0841,0,2026-06-14 09:39:10,0.6787977918626048,0
3059,0841,0,2026-06-14 09:39:10,0.6787977918626048,0
3060,0841,0,2026-06-14 09:39:10,0.6787977918626048,0
3061,0841,0,2026-06-14 09:39:10,0.6787977918626048,0
3062,0841,0,2026-06-14 09:39:10,0.6787977918626048,0
3063,0841,0,2026-06-14 09:39:10,0.6787977918626048,0
3064,0841,0,2026-06-14 09:39:10,0.6787977918626048,0
3065,0841,0,2026-06-14 09:39:10,0.6787977918626048,0
3066,0841,0,2026-06-14 09:39:10,0.6787977918626048,0
3067,0102,0,2026-06-14 09:39:20,0.7822531179717849,0
3068,0137,0,2026-06-14 09:39:20,1.0000000000000000,0
3069,0137,0,2026-06-14 09:39:20,1.0000000000000000,0
3070,0212,0,2026-06-14 09:39:20,0.7822531179717849,1
3071,0229,0,2026-06-14 09:39:20,0.6026374974442854,0
3072,0268,0,2026-06-14 09:39:20,0.5396646902473932,0
3073,0317,0,2026-06-14 09:39:20,0.1247188713964424,0
3074,0379,0,2026-06-14 09:39:20,0.8509507258229401,0
3075,0442,0,2026-06-14 09:39:20,0.7822531179717849,0
3076,0475,0,2026-06-14 09:39:20,0.7822531179717849,0
3077,0491,0,2026-06-14 09:39:20,1.0000000000000000,0
3078,0530,0,2026-06-14 09:39:20,0.6787977918626048,0
3079,0538,0,2026-06-14 09:39:20,0.4595174810877121,0
3080,0575,0,2026-06-14 09:39:20,0.9248619914127990,0
3081,0731,0,2026-06-14 09:39:20,0.6026374974442854,0
3082,0769,0,2026-06-14 09:39:20,0.9248619914127990,0
3083,0841,0,2026-06-14 09:39:20,0.6787977918626048,0
3084,0841,0,2026-06-14 09:39:20,0.6787977918626048,0
3085,0841,0,2026-06-14 09:39:20,0.6787977918626048,0
3086,0841,0,2026-06-14 09:39:20,0.6787977918626048,0
3087,0841,0,2026-06-14 09:39:20,0.6787977918626048,0
3088,0841,0,2026-06-14 09:39:20,0.6787977918626048,0
3089,0841,0,2026-06-14 09:39:20,0.6787977918626048,0
3090,0841,0,2026-06-14 09:39:20,0.6787977918626048,0
3091,0841,0,2026-06-14 09:39:20,0.6787977918626048,0
3092,0102,0,2026-06-14 09:39:30,0.7822531179717849,0
3093,0137,0,2026-06-14 09:39:30,1.0000000000000000,0
3094,0212,0,2026-06-14 09:39:30,0.7822531179717849,0
3095,0229,0,2026-06-14 09:39:30,0.6026374974442854,0
3096,0268,0,2026-06-14 09:39:30,0.5396646902473932,0
3097,0317,0,2026-06-14 09:39:30,0.1247188713964424,0
3098,0379,0,2026-06-14 09:39:30,0.8509507258229401,0
3099,0424,0,2026-06-14 09:39:30,0.2789818033122061,0
3100,0442,0,2026-06-14 09:39:30,0.7822531179717849,0
3101,0475,0,2026-06-14 09:39:30,0.7822531179717849,1
3102,0491,0,2026-06-14 09:39:30,1.0000000000000000,0
3103,0530,0,2026-06-14 09:39:30,0.6787977918626048,0
3104,0538,0,2026-06-14 09:39:30,0.4595174810877121,0
3105,0575,0,2026-06-14 09:39:30,0.9248619914127990,0
3106,0731,0,2026-06-14 09:39:30,0.6026374974442854,0
3107,0769,0,2026-06-14 09:39:30,0.9248619914127990,0
3108,0841,0,2026-06-14 09:39:30,0.6787977918626048,0
3109,0841,0,2026-06-14 09:39:30,0.6787977918626048,0
3110,0841,0,2026-06-14 09:39:30,0.6787977918626048,0
3111,0841,0,2026-06-14 09:39:30,0.6787977918626048,0
3112,0841,0,2026-06-14 09:39:30,0.6787977918626048,0
3113,0841,0,2026-06-14 09:39:30,0.6787977918626048,0
3114,0841,0,2026-06-14 09:39:30,0.6787977918626048,0
3115,0841,0,2026-06-14 09:39:30,0.6787977918626048,0
3116,0841,0,2026-06-14 09:39:30,0.6787977918626048,0
3117,0841,0,2026-06-14 09:39:30,0.6787977918626048,0
3118,0102,0,2026-06-14 09:39:40,0.7822531179717849,0
3119,0137,0,2026-06-14 09:39:40,1.0000000000000000,1
3120,0212,0,2026-06-14 09:39:40,0.7822531179717849,0
3121,0229,0,2026-06-14 09:39:40,0.6026374974442854,0
3122,0317,0,2026-06-14 09:39:40,0.1247188713964424,0
3123,0379,0,2026-06-14 09:39:40,0.8509507258229401,0
3124,0424,0,2026-06-14 09:39:40,0.2789818033122061,0
3125,0425,0,2026-06-14 09:39:40,0.7822531179717849,0
3126,0442,0,2026-06-14 09:39:40,0.7822531179717849,0
3127,0475,0,2026-06-14 09:39:40,0.7822531179717849,0
3128,0491,0,2026-06-14 09:39:40,1.0000000000000000,0
3129,0530,0,2026-06-14 09:39:40,0.6787977918626048,0
3130,0538,0,2026-06-14 09:39:40,0.4595174810877121,0
3131,0575,0,2026-06-14 09:39:40,0.9248619914127990,0
3132,0731,0,2026-06-14 09:39:40,0.6026374974442854,0
3133,0769,0,2026-06-14 09:39:40,0.9248619914127990,0
3134,0841,0,2026-06-14 09:39:40,0.6787977918626048,0
3135,0841,0,2026-06-14 09:39:40,0.6787977918626048,0
3136,0841,0,2026-06-14 09:39:40,0.6787977918626048,0
3137,0841,0,2026-06-14 09:39:40,0.6787977918626048,0
3138,0841,0,2026-06-14 09:39:40,0.6787977918626048,0
3139,0841,0,2026-06-14 09:39:40,0.6787977918626048,0
3140,0841,0,2026-06-14 09:39:40,0.6787977918626048,0
3141,0841,0,2026-06-14 09:39:40,0.6787977918626048,0
3142,0841,0,2026-06-14 09:39:40,0.6787977918626048,0
3143,0137,0,2026-06-14 09:39:50,1.0000000000000000,0
3144,0212,0,2026-06-14 09:39:50,0.7822531179717849,1
3145,0317,0,2026-06-14 09:39:50,0.1247188713964424,0
3146,0375,0,2026-06-14 09:39:50,0.4595174810877121,0
3147,0375,0,2026-06-14 09:39:50,0.4595174810877121,0
3148,0375,0,2026-06-14 09:39:50,0.4595174810877121,0
3149,0375,0,2026-06-14 09:39:50,0.4595174810877121,0
3150,0375,0,2026-06-14 09:39:50,0.4595174810877121,0
3151,0375,0,2026-06-14 09:39:50,0.4595174810877121,0
3152,0379,0,2026-06-14 09:39:50,0.8509507258229401,0
3153,0424,0,2026-06-14 09:39:50,0.2789818033122061,0
3154,0425,0,2026-06-14 09:39:50,0.7822531179717849,0
3155,0442,0,2026-06-14 09:39:50,0.7822531179717849,0
3156,0475,0,2026-06-14 09:39:50,0.7822531179717849,0
3157,0491,0,2026-06-14 09:39:50,1.0000000000000000,0
3158,0538,0,2026-06-14 09:39:50,0.4595174810877121,0
3159,0575,0,2026-06-14 09:39:50,0.9248619914127990,0
3160,0731,0,2026-06-14 09:39:50,0.6026374974442854,0
3161,0668,1,2026-06-13 10:27:50,0.7822531179717849,0
3162,0668,1,2026-06-13 10:28:00,0.7822531179717849,0
3163,0668,1,2026-06-13 10:28:10,0.7822531179717849,0
3164,0668,1,2026-06-13 10:28:20,0.7822531179717849,0
3165,0668,1,2026-06-13 10:28:30,0.7822531179717849,0
3166,0668,1,2026-06-13 10:28:40,0.7822531179717849,0
3167,0668,1,2026-06-13 10:28:50,0.7822531179717849,0
3168,0668,1,2026-06-13 10:29:00,0.7822531179717849,0
3169,0668,1,2026-06-13 10:29:10,0.7822531179717849,0
3170,0465,1,2026-06-13 10:29:20,0.1896340216724596,0
3171,0668,1,2026-06-13 10:29:20,0.7822531179717849,0
3172,0094,1,2026-06-13 10:29:30,0.1247188713964424,0
3173,0465,1,2026-06-13 10:29:30,0.1896340216724596,1
3174,0668,1,2026-06-13 10:29:30,0.7822531179717849,0
3175,0094,1,2026-06-13 10:29:40,0.1247188713964424,0
3176,0465,1,2026-06-13 10:29:40,0.1896340216724596,0
3177,0094,1,2026-06-13 10:29:50,0.1247188713964424,0
3178,0459,1,2026-06-13 10:29:50,0.2789818033122061,0
3179,0459,1,2026-06-13 10:29:50,0.2789818033122061,0
3180,0459,1,2026-06-13 10:29:50,0.2789818033122061,0
3181,0465,1,2026-06-13 10:29:50,0.1896340216724596,0
3182,0542,1,2026-06-13 10:29:50,0.3692496421999591,0
3183,0094,1,2026-06-13 10:30:00,0.1247188713964424,0
3184,0280,1,2026-06-13 10:30:00,0.1896340216724596,0
3185,0280,1,2026-06-13 10:30:00,0.1896340216724596,0
3186,0280,1,2026-06-13 10:30:00,0.1896340216724596,0
3187,0459,1,2026-06-13 10:30:00,0.2789818033122061,0
3188,0459,1,2026-06-13 10:30:00,0.2789818033122061,0
3189,0459,1,2026-06-13 10:30:00,0.2789818033122061,0
3190,0465,1,2026-06-13 10:30:00,0.1896340216724596,0
3191,0542,1,2026-06-13 10:30:00,0.3692496421999591,0
3192,0940,1,2026-06-13 10:30:00,0.9248619914127990,0
3193,0094,1,2026-06-13 10:30:10,0.1247188713964424,0
3194,0280,1,2026-06-13 10:30:10,0.1896340216724596,0
3195,0280,1,2026-06-13 10:30:10,0.1896340216724596,0
3196,0280,1,2026-06-13 10:30:10,0.1896340216724596,0
3197,0459,1,2026-06-13 10:30:10,0.2789818033122061,0
3198,0459,1,2026-06-13 10:30:10,0.2789818033122061,0
3199,0459,1,2026-06-13 10:30:10,0.2789818033122061,0
3200,0459,1,2026-06-13 10:30:10,0.2789818033122061,0
3201,0459,1,2026-06-13 10:30:10,0.2789818033122061,0
3202,0465,1,2026-06-13 10:30:10,0.1896340216724596,0
3203,0542,1,2026-06-13 10:30:10,0.3692496421999591,0
3204,0917,1,2026-06-13 10:30:10,0.6026374974442854,0
3205,0940,1,2026-06-13 10:30:10,0.9248619914127990,0
3206,0094,1,2026-06-13 10:30:20,0.1247188713964424,0
3207,0280,1,2026-06-13 10:30:20,0.1896340216724596,0
3208,0280,1,2026-06-13 10:30:20,0.1896340216724596,0
3209,0459,1,2026-06-13 10:30:20,0.2789818033122061,0
3210,0459,1,2026-06-13 10:30:20,0.2789818033122061,0
3211,0459,1,2026-06-13 10:30:20,0.2789818033122061,0
3212,0459,1,2026-06-13 10:30:20,0.2789818033122061,0
3213,0459,1,2026-06-13 10:30:20,0.2789818033122061,0
3214,0459,1,2026-06-13 10:30:20,0.2789818033122061,0
3215,0465,1,2026-06-13 10:30:20,0.1896340216724596,0
3216,0542,1,2026-06-13 10:30:20,0.3692496421999591,0
3217,0917,1,2026-06-13 10:30:20,0.6026374974442854,0
3218,0940,1,2026-06-13 10:30:20,0.9248619914127990,0
3219,0094,1,2026-06-13 10:30:30,0.1247188713964424,0
3220,0280,1,2026-06-13 10:30:30,0.1896340216724596,0
3221,0280,1,2026-06-13 10:30:30,0.1896340216724596,0
3222,0280,1,2026-06-13 10:30:30,0.1896340216724596,0
3223,0280,1,2026-06-13 10:30:30,0.1896340216724596,0
3224,0280,1,2026-06-13 10:30:30,0.1896340216724596,0
3225,0280,1,2026-06-13 10:30:30,0.1896340216724596,0
3226,0459,1,2026-06-13 10:30:30,0.2789818033122061,0
3227,0459,1,2026-06-13 10:30:30,0.2789818033122061,0
3228,0459,1,2026-06-13 10:30:30,0.2789818033122061,0
3229,0459,1,2026-06-13 10:30:30,0.2789818033122061,0
3230,0459,1,2026-06-13 10:30:30,0.2789818033122061,0
3231,0459,1,2026-06-13 10:30:30,0.2789818033122061,0
3232,0465,1,2026-06-13 10:30:30,0.1896340216724596,0
3233,0542,1,2026-06-13 10:30:30,0.3692496421999591,0
3234,0561,1,2026-06-13 10:30:30,0.8509507258229401,0
3235,0917,1,2026-06-13 10:30:30,0.6026374974442854,0
3236,0940,1,2026-06-13 10:30:30,0.9248619914127990,0
3237,0094,1,2026-06-13 10:30:40,0.1247188713964424,0
3238,0280,1,2026-06-13 10:30:40,0.1896340216724596,0
3239,0280,1,2026-06-13 10:30:40,0.1896340216724596,0
3240,0280,1,2026-06-13 10:30:40,0.1896340216724596,0
3241,0280,1,2026-06-13 10:30:40,0.1896340216724596,0
3242,0280,1,2026-06-13 10:30:40,0.1896340216724596,0
3243,0280,1,2026-06-13 10:30:40,0.1896340216724596,0
3244,0459,1,2026-06-13 10:30:40,0.2789818033122061,0
3245,0459,1,2026-06-13 10:30:40,0.2789818033122061,1
3246,0459,1,2026-06-13 10:30:40,0.2789818033122061,0
3247,0459,1,2026-06-13 10:30:40,0.2789818033122061,0
3248,0459,1,2026-06-13 10:30:40,0.2789818033122061,0
3249,0459,1,2026-06-13 10:30:40,0.2789818033122061,0
3250,0465,1,2026-06-13 10:30:40,0.1896340216724596,0
3251,0542,1,2026-06-13 10:30:40,0.3692496421999591,0
3252,0561,1,2026-06-13 10:30:40,0.8509507258229401,0
3253,0917,1,2026-06-13 10:30:40,0.6026374974442854,0
3254,0940,1,2026-06-13 10:30:40,0.9248619914127990,0
3255,0094,1,2026-06-13 10:30:50,0.1247188713964424,0
3256,0280,1,2026-06-13 10:30:50,0.1896340216724596,0
3257,0280,1,2026-06-13 10:30:50,0.1896340216724596,0
3258,0280,1,2026-06-13 10:30:50,0.1896340216724596,0
3259,0280,1,2026-06-13 10:30:50,0.1896340216724596,0
3260,0280,1,2026-06-13 10:30:50,0.1896340216724596,0
3261,0280,1,2026-06-13 10:30:50,0.1896340216724596,0
3262,0459,1,2026-06-13 10:30:50,0.2789818033122061,0
3263,0459,1,2026-06-13 10:30:50,0.2789818033122061,0
3264,0459,1,2026-06-13 10:30:50,0.2789818033122061,0
3265,0459,1,2026-06-13 10:30:50,0.2789818033122061,0
3266,0459,1,2026-06-13 10:30:50,0.2789818033122061,0
3267,0465,1,2026-06-13 10:30:50,0.1896340216724596,0
3268,0542,1,2026-06-13 10:30:50,0.3692496421999591,1
3269,0561,1,2026-06-13 10:30:50,0.8509507258229401,0
3270,0917,1,2026-06-13 10:30:50,0.6026374974442854,0
3271,0940,1,2026-06-13 10:30:50,0.9248619914127990,0
3272,0094,1,2026-06-13 10:31:00,0.1247188713964424,0
3273,0280,1,2026-06-13 10:31:00,0.1896340216724596,0
3274,0280,1,2026-06-13 10:31:00,0.1896340216724596,0
3275,0280,1,2026-06-13 10:31:00,0.1896340216724596,0
3276,0280,1,2026-06-13 10:31:00,0.1896340216724596,0
3277,0280,1,2026-06-13 10:31:00,0.1896340216724596,0
3278,0280,1,2026-06-13 10:31:00,0.1896340216724596,0
3279,0459,1,2026-06-13 10:31:00,0.2789818033122061,0
3280,0459,1,2026-06-13 10:31:00,0.2789818033122061,0
3281,0459,1,2026-06-13 10:31:00,0.2789818033122061,0
3282,0459,1,2026-06-13 10:31:00,0.2789818033122061,0
3283,0459,1,2026-06-13 10:31:00,0.2789818033122061,0
3284,0465,1,2026-06-13 10:31:00,0.1896340216724596,0
3285,0542,1,2026-06-13 10:31:00,0.3692496421999591,0
3286,0561,1,2026-06-13 10:31:00,0.8509507258229401,0
3287,0917,1,2026-06-13 10:31:00,0.6026374974442854,0
3288,0940,1,2026-06-13 10:31:00,0.9248619914127990,0
3289,0094,1,2026-06-13 10:31:10,0.1247188713964424,0
3290,0280,1,2026-06-13 10:31:10,0.1896340216724596,0
3291,0280,1,2026-06-13 10:31:10,0.1896340216724596,0
3292,0280,1,2026-06-13 10:31:10,0.1896340216724596,0
3293,0280,1,2026-06-13 10:31:10,0.1896340216724596,0
3294,0280,1,2026-06-13 10:31:10,0.1896340216724596,0
3295,0280,1,2026-06-13 10:31:10,0.1896340216724596,0
3296,0459,1,2026-06-13 10:31:10,0.2789818033122061,0
3297,0459,1,2026-06-13 10:31:10,0.2789818033122061,0
3298,0459,1,2026-06-13 10:31:10,0.2789818033122061,0
3299,0459,1,2026-06-13 10:31:10,0.2789818033122061,0
3300,0459,1,2026-06-13 10:31:10,0.2789818033122061,0
3301,0459,1,2026-06-13 10:31:10,0.2789818033122061,0
3302,0465,1,2026-06-13 10:31:10,0.1896340216724596,0
3303,0542,1,2026-06-13 10:31:10,0.3692496421999591,0
3304,0561,1,2026-06-13 10:31:10,0.8509507258229401,0
3305,0917,1,2026-06-13 10:31:10,0.6026374974442854,0
3306,0940,1,2026-06-13 10:31:10,0.9248619914127990,1
3307,0280,1,2026-06-13 10:31:20,0.1896340216724596,0
3308,0280,1,2026-06-13 10:31:20,0.1896340216724596,0
3309,0280,1,2026-06-13 10:31:20,0.1896340216724596,1
3310,0280,1,2026-06-13 10:31:20,0.1896340216724596,0
3311,0280,1,2026-06-13 10:31:20,0.1896340216724596,0
3312,0280,1,2026-06-13 10:31:20,0.1896340216724596,0
3313,0459,1,2026-06-13 10:31:20,0.2789818033122061,0
3314,0459,1,2026-06-13 10:31:20,0.2789818033122061,0
3315,0459,1,2026-06-13 10:31:20,0.2789818033122061,0
3316,0459,1,2026-06-13 10:31:20,0.2789818033122061,0
3317,0459,1,2026-06-13 10:31:20,0.2789818033122061,0
3318,0542,1,2026-06-13 10:31:20,0.3692496421999591,0
3319,0561,1,2026-06-13 10:31:20,0.8509507258229401,0
3320,0940,1,2026-06-13 10:31:20,0.9248619914127990,0
3321,0139,1,2026-06-13 10:31:30,0.2789818033122061,0
3322,0280,1,2026-06-13 10:31:30,0.1896340216724596,0
3323,0280,1,2026-06-13 10:31:30,0.1896340216724596,0
3324,0280,1,2026-06-13 10:31:30,0.1896340216724596,0
3325,0280,1,2026-06-13 10:31:30,0.1896340216724596,0
3326,0459,1,2026-06-13 10:31:30,0.2789818033122061,0
3327,0459,1,2026-06-13 10:31:30,0.2789818033122061,0
3328,0459,1,2026-06-13 10:31:30,0.2789818033122061,0
3329,0459,1,2026-06-13 10:31:30,0.2789818033122061,0
3330,0542,1,2026-06-13 10:31:30,0.3692496421999591,1
3331,0561,1,2026-06-13 10:31:30,0.8509507258229401,0
3332,0940,1,2026-06-13 10:31:30,0.9248619914127990,0
3333,0139,1,2026-06-13 10:31:40,0.2789818033122061,0
3334,0280,1,2026-06-13 10:31:40,0.1896340216724596,0
3335,0280,1,2026-06-13 10:31:40,0.1896340216724596,0
3336,0280,1,2026-06-13 10:31:40,0.1896340216724596,0
3337,0280,1,2026-06-13 10:31:40,0.1896340216724596,0
3338,0459,1,2026-06-13 10:31:40,0.2789818033122061,0
3339,0459,1,2026-06-13 10:31:40,0.2789818033122061,0
3340,0459,1,2026-06-13 10:31:40,0.2789818033122061,0
3341,0542,1,2026-06-13 10:31:40,0.3692496421999591,0
3342,0561,1,2026-06-13 10:31:40,0.8509507258229401,0
3343,0940,1,2026-06-13 10:31:40,0.9248619914127990,0
3344,0139,1,2026-06-13 10:31:50,0.2789818033122061,0
3345,0280,1,2026-06-13 10:31:50,0.1896340216724596,0
3346,0280,1,2026-06-13 10:31:50,0.1896340216724596,0
3347,0280,1,2026-06-13 10:31:50,0.1896340216724596,0
3348,0561,1,2026-06-13 10:31:50,0.8509507258229401,0
3349,0940,1,2026-06-13 10:31:50,0.9248619914127990,0
3350,0139,1,2026-06-13 10:32:00,0.2789818033122061,0
3351,0561,1,2026-06-13 10:32:00,0.8509507258229401,0
3352,0139,1,2026-06-13 10:32:10,0.2789818033122061,0
3353,0561,1,2026-06-13 10:32:10,0.8509507258229401,0
3354,0139,1,2026-06-13 10:32:20,0.2789818033122061,0
3355,0561,1,2026-06-13 10:32:20,0.8509507258229401,0
3356,0139,1,2026-06-13 10:32:30,0.2789818033122061,0
3357,0139,1,2026-06-13 10:32:40,0.2789818033122061,0
3358,0371,1,2026-06-13 10:32:40,0.9248619914127990,0
3359,0139,1,2026-06-13 10:32:50,0.2789818033122061,0
3360,0371,1,2026-06-13 10:32:50,0.9248619914127990,0
3361,0864,1,2026-06-13 10:32:50,0.4595174810877121,1
3362,0139,1,2026-06-13 10:33:00,0.2789818033122061,0
3363,0371,1,2026-06-13 10:33:00,0.9248619914127990,0
3364,0864,1,2026-06-13 10:33:00,0.4595174810877121,0
3365,0139,1,2026-06-13 10:33:10,0.2789818033122061,0
3366,0371,1,2026-06-13 10:33:10,0.9248619914127990,0
3367,0692,1,2026-06-13 10:33:10,0.2789818033122061,1
3368,0692,1,2026-06-13 10:33:10,0.2789818033122061,0
3369,0692,1,2026-06-13 10:33:10,0.2789818033122061,0
3370,0864,1,2026-06-13 10:33:10,0.4595174810877121,0
3371,0371,1,2026-06-13 10:33:20,0.9248619914127990,0
3372,0415,1,2026-06-13 10:33:20,0.0608260069515437,0
3373,0692,1,2026-06-13 10:33:20,0.2789818033122061,0
3374,0692,1,2026-06-13 10:33:20,0.2789818033122061,0
3375,0692,1,2026-06-13 10:33:20,0.2789818033122061,0
3376,0692,1,2026-06-13 10:33:20,0.2789818033122061,0
3377,0864,1,2026-06-13 10:33:20,0.4595174810877121,0
3378,0371,1,2026-06-13 10:33:30,0.9248619914127990,0
3379,0415,1,2026-06-13 10:33:30,0.0608260069515437,1
3380,0562,1,2026-06-13 10:33:30,0.0608260069515437,0
3381,0692,1,2026-06-13 10:33:30,0.2789818033122061,0
3382,0692,1,2026-06-13 10:33:30,0.2789818033122061,0
3383,0692,1,2026-06-13 10:33:30,0.2789818033122061,0
3384,0864,1,2026-06-13 10:33:30,0.4595174810877121,0
3385,0371,1,2026-06-13 10:33:40,0.9248619914127990,0
3386,0388,1,2026-06-13 10:33:40,1.0000000000000000,0
3387,0415,1,2026-06-13 10:33:40,0.0608260069515437,0
3388,0562,1,2026-06-13 10:33:40,0.0608260069515437,0
3389,0692,1,2026-06-13 10:33:40,0.2789818033122061,0
3390,0692,1,2026-06-13 10:33:40,0.2789818033122061,0
3391,0692,1,2026-06-13 10:33:40,0.2789818033122061,0
3392,0864,1,2026-06-13 10:33:40,0.4595174810877121,0
3393,0371,1,2026-06-13 10:33:50,0.9248619914127990,0
3394,0388,1,2026-06-13 10:33:50,1.0000000000000000,1
3395,0415,1,2026-06-13 10:33:50,0.0608260069515437,0
3396,0562,1,2026-06-13 10:33:50,0.0608260069515437,0
3397,0692,1,2026-06-13 10:33:50,0.2789818033122061,0
3398,0692,1,2026-06-13 10:33:50,0.2789818033122061,0
3399,0864,1,2026-06-13 10:33:50,0.4595174810877121,0
3400,0371,1,2026-06-13 10:34:00,0.9248619914127990,0
3401,0388,1,2026-06-13 10:34:00,1.0000000000000000,1
3402,0415,1,2026-06-13 10:34:00,0.0608260069515437,0
3403,0562,1,2026-06-13 10:34:00,0.0608260069515437,0
3404,0692,1,2026-06-13 10:34:00,0.2789818033122061,0
3405,0692,1,2026-06-13 10:34:00,0.2789818033122061,0
3406,0864,1,2026-06-13 10:34:00,0.4595174810877121,0
3407,0371,1,2026-06-13 10:34:10,0.9248619914127990,0
3408,0388,1,2026-06-13 10:34:10,1.0000000000000000,0
3409,0415,1,2026-06-13 10:34:10,0.0608260069515437,0
3410,0533,1,2026-06-13 10:34:10,0.6787977918626048,1
3411,0562,1,2026-06-13 10:34:10,0.0608260069515437,0
3412,0692,1,2026-06-13 10:34:10,0.2789818033122061,0
3413,0692,1,2026-06-13 10:34:10,0.2789818033122061,0
3414,0864,1,2026-06-13 10:34:10,0.4595174810877121,0
3415,0371,1,2026-06-13 10:34:20,0.9248619914127990,0
3416,0388,1,2026-06-13 10:34:20,1.0000000000000000,0
3417,0415,1,2026-06-13 10:34:20,0.0608260069515437,0
3418,0533,1,2026-06-13 10:34:20,0.6787977918626048,0
3419,0562,1,2026-06-13 10:34:20,0.0608260069515437,0
3420,0692,1,2026-06-13 10:34:20,0.2789818033122061,0
3421,0692,1,2026-06-13 10:34:20,0.2789818033122061,0
3422,0846,1,2026-06-13 10:34:20,0.9248619914127990,0
3423,0863,1,2026-06-13 10:34:20,0.9248619914127990,0
3424,0864,1,2026-06-13 10:34:20,0.4595174810877121,0
3425,0388,1,2026-06-13 10:34:30,1.0000000000000000,0
3426,0415,1,2026-06-13 10:34:30,0.0608260069515437,0
3427,0533,1,2026-06-13 10:34:30,0.6787977918626048,0
3428,0562,1,2026-06-13 10:34:30,0.0608260069515437,0
3429,0692,1,2026-06-13 10:34:30,0.2789818033122061,0
3430,0692,1,2026-06-13 10:34:30,0.2789818033122061,0
3431,0846,1,2026-06-13 10:34:30,0.9248619914127990,0
3432,0863,1,2026-06-13 10:34:30,0.9248619914127990,1
3433,0864,1,2026-06-13 10:34:30,0.4595174810877121,0
3434,0388,1,2026-06-13 10:34:40,1.0000000000000000,0
3435,0415,1,2026-06-13 10:34:40,0.0608260069515437,0
3436,0533,1,2026-06-13 10:34:40,0.6787977918626048,0
3437,0562,1,2026-06-13 10:34:40,0.0608260069515437,0
3438,0692,1,2026-06-13 10:34:40,0.2789818033122061,0
3439,0846,1,2026-06-13 10:34:40,0.9248619914127990,0
3440,0863,1,2026-06-13 10:34:40,0.9248619914127990,0
3441,0864,1,2026-06-13 10:34:40,0.4595174810877121,0
3442,0993,1,2026-06-13 10:34:40,0.6026374974442854,0
3443,0388,1,2026-06-13 10:34:50,1.0000000000000000,0
3444,0415,1,2026-06-13 10:34:50,0.0608260069515437,0
3445,0533,1,2026-06-13 10:34:50,0.6787977918626048,0
3446,0562,1,2026-06-13 10:34:50,0.0608260069515437,0
3447,0692,1,2026-06-13 10:34:50,0.2789818033122061,0
3448,0692,1,2026-06-13 10:34:50,0.2789818033122061,0
3449,0692,1,2026-06-13 10:34:50,0.2789818033122061,0
3450,0846,1,2026-06-13 10:34:50,0.9248619914127990,0
3451,0863,1,2026-06-13 10:34:50,0.9248619914127990,0
3452,0993,1,2026-06-13 10:34:50,0.6026374974442854,0
3453,0388,1,2026-06-13 10:35:00,1.0000000000000000,0
3454,0533,1,2026-06-13 10:35:00,0.6787977918626048,0
3455,0692,1,2026-06-13 10:35:00,0.2789818033122061,0
3456,0692,1,2026-06-13 10:35:00,0.2789818033122061,0
3457,0692,1,2026-06-13 10:35:00,0.2789818033122061,0
3458,0846,1,2026-06-13 10:35:00,0.9248619914127990,0
3459,0863,1,2026-06-13 10:35:00,0.9248619914127990,0
3460,0993,1,2026-06-13 10:35:00,0.6026374974442854,0
3461,0388,1,2026-06-13 10:35:10,1.0000000000000000,0
3462,0533,1,2026-06-13 10:35:10,0.6787977918626048,0
3463,0846,1,2026-06-13 10:35:10,0.9248619914127990,0
3464,0863,1,2026-06-13 10:35:10,0.9248619914127990,0
3465,0993,1,2026-06-13 10:35:10,0.6026374974442854,0
3466,0533,1,2026-06-13 10:35:20,0.6787977918626048,0
3467,0846,1,2026-06-13 10:35:20,0.9248619914127990,0
3468,0863,1,2026-06-13 10:35:20,0.9248619914127990,1
3469,0993,1,2026-06-13 10:35:20,0.6026374974442854,0
3470,0533,1,2026-06-13 10:35:30,0.6787977918626048,0
3471,0603,1,2026-06-13 10:35:30,0.8509507258229401,0
3472,0846,1,2026-06-13 10:35:30,0.9248619914127990,0
3473,0863,1,2026-06-13 10:35:30,0.9248619914127990,0
3474,0993,1,2026-06-13 10:35:30,0.6026374974442854,0
3475,0533,1,2026-06-13 10:35:40,0.6787977918626048,0
3476,0603,1,2026-06-13 10:35:40,0.8509507258229401,0
3477,0846,1,2026-06-13 10:35:40,0.9248619914127990,0
3478,0863,1,2026-06-13 10:35:40,0.9248619914127990,0
3479,0993,1,2026-06-13 10:35:40,0.6026374974442854,0
3480,0533,1,2026-06-13 10:35:50,0.6787977918626048,0
3481,0603,1,2026-06-13 10:35:50,0.8509507258229401,0
3482,0846,1,2026-06-13 10:35:50,0.9248619914127990,0
3483,0863,1,2026-06-13 10:35:50,0.9248619914127990,0
3484,0993,1,2026-06-13 10:35:50,0.6026374974442854,0
3485,0603,1,2026-06-13 10:36:00,0.8509507258229401,0
3486,0863,1,2026-06-13 10:36:00,0.9248619914127990,0
3487,0993,1,2026-06-13 10:36:00,0.6026374974442854,0
3488,0996,1,2026-06-13 10:36:00,1.0000000000000000,0
3489,0520,1,2026-06-13 10:36:10,0.0608260069515437,0
3490,0603,1,2026-06-13 10:36:10,0.8509507258229401,0
3491,0863,1,2026-06-13 10:36:10,0.9248619914127990,0
3492,0996,1,2026-06-13 10:36:10,1.0000000000000000,0
3493,0520,1,2026-06-13 10:36:20,0.0608260069515437,0
3494,0603,1,2026-06-13 10:36:20,0.8509507258229401,0
3495,0996,1,2026-06-13 10:36:20,1.0000000000000000,0
3496,0520,1,2026-06-13 10:36:30,0.0608260069515437,0
3497,0603,1,2026-06-13 10:36:30,0.8509507258229401,0
3498,0996,1,2026-06-13 10:36:30,1.0000000000000000,0
3499,0520,1,2026-06-13 10:36:40,0.0608260069515437,0
3500,0603,1,2026-06-13 10:36:40,0.8509507258229401,0
3501,0996,1,2026-06-13 10:36:40,1.0000000000000000,0
3502,0520,1,2026-06-13 10:36:50,0.0608260069515437,0
3503,0603,1,2026-06-13 10:36:50,0.8509507258229401,0
3504,0996,1,2026-06-13 10:36:50,1.0000000000000000,1
3505,0520,1,2026-06-13 10:37:00,0.0608260069515437,0
3506,0603,1,2026-06-13 10:37:00,0.8509507258229401,0
3507,0996,1,2026-06-13 10:37:00,1.0000000000000000,0
3508,0520,1,2026-06-13 10:37:10,0.0608260069515437,0
3509,0996,1,2026-06-13 10:37:10,1.0000000000000000,0
3510,0520,1,2026-06-13 10:37:20,0.0608260069515437,0
3511,0996,1,2026-06-13 10:37:20,1.0000000000000000,0
3512,0520,1,2026-06-13 10:37:30,0.0608260069515437,0
3513,0996,1,2026-06-13 10:37:30,1.0000000000000000,0
3514,0520,1,2026-06-13 10:37:40,0.0608260069515437,0
3515,0996,1,2026-06-13 10:37:40,1.0000000000000000,0
3516,0520,1,2026-06-13 10:37:50,0.0608260069515437,0
3517,0520,1,2026-06-13 10:38:00,0.0608260069515437,0
3518,0568,1,2026-06-13 10:41:10,0.4595174810877121,0
3519,0568,1,2026-06-13 10:41:20,0.4595174810877121,0
3520,0780,1,2026-06-13 10:41:20,0.4595174810877121,1
3521,0568,1,2026-06-13 10:41:30,0.4595174810877121,1
3522,0780,1,2026-06-13 10:41:30,0.4595174810877121,0
3523,0103,1,2026-06-13 10:41:40,1.0000000000000000,0
3524,0568,1,2026-06-13 10:41:40,0.4595174810877121,0
3525,0780,1,2026-06-13 10:41:40,0.4595174810877121,1
3526,0854,1,2026-06-13 10:41:40,0.4595174810877121,0
3527,0103,1,2026-06-13 10:41:50,1.0000000000000000,0
3528,0568,1,2026-06-13 10:41:50,0.4595174810877121,0
3529,0780,1,2026-06-13 10:41:50,0.4595174810877121,0
3530,0854,1,2026-06-13 10:41:50,0.4595174810877121,0
3531,0103,1,2026-06-13 10:42:00,1.0000000000000000,0
3532,0464,1,2026-06-13 10:42:00,0.9248619914127990,0
3533,0568,1,2026-06-13 10:42:00,0.4595174810877121,0
3534,0780,1,2026-06-13 10:42:00,0.4595174810877121,0
3535,0854,1,2026-06-13 10:42:00,0.4595174810877121,0
3536,0103,1,2026-06-13 10:42:10,1.0000000000000000,0
3537,0103,1,2026-06-13 10:42:10,1.0000000000000000,1
3538,0464,1,2026-06-13 10:42:10,0.9248619914127990,0
3539,0568,1,2026-06-13 10:42:10,0.4595174810877121,0
3540,0854,1,2026-06-13 10:42:10,0.4595174810877121,0
3541,0103,1,2026-06-13 10:42:20,1.0000000000000000,0
3542,0464,1,2026-06-13 10:42:20,0.9248619914127990,0
3543,0854,1,2026-06-13 10:42:20,0.4595174810877121,1
3544,0103,1,2026-06-13 10:42:30,1.0000000000000000,0
3545,0464,1,2026-06-13 10:42:30,0.9248619914127990,0
3546,0854,1,2026-06-13 10:42:30,0.4595174810877121,0
3547,0103,1,2026-06-13 10:42:40,1.0000000000000000,1
3548,0464,1,2026-06-13 10:42:40,0.9248619914127990,0
3549,0854,1,2026-06-13 10:42:40,0.4595174810877121,0
3550,0464,1,2026-06-13 10:42:50,0.9248619914127990,0
3551,0854,1,2026-06-13 10:42:50,0.4595174810877121,0
3552,0464,1,2026-06-13 10:43:00,0.9248619914127990,0
3553,0464,1,2026-06-13 10:43:10,0.9248619914127990,0
3554,0464,1,2026-06-13 10:43:20,0.9248619914127990,0
3555,0464,1,2026-06-13 10:43:30,0.9248619914127990,0
3556,0464,1,2026-06-13 10:43:40,0.9248619914127990,0
3557,0147,1,2026-06-13 12:24:20,0.6026374974442854,0
3558,0822,1,2026-06-13 12:24:20,0.6787977918626048,0
3559,0147,1,2026-06-13 12:24:30,0.6026374974442854,0
3560,0822,1,2026-06-13 12:24:30,0.6787977918626048,1
3561,0147,1,2026-06-13 12:24:40,0.6026374974442854,0
3562,0434,1,2026-06-13 12:24:40,1.0000000000000000,0
3563,0822,1,2026-06-13 12:24:40,0.6787977918626048,0
3564,0147,1,2026-06-13 12:24:50,0.6026374974442854,0
3565,0434,1,2026-06-13 12:24:50,1.0000000000000000,0
3566,0587,1,2026-06-13 12:24:50,0.3692496421999591,0
3567,0822,1,2026-06-13 12:24:50,0.6787977918626048,0
3568,0822,1,2026-06-13 12:24:50,0.6787977918626048,0
3569,0147,1,2026-06-13 12:25:00,0.6026374974442854,0
3570,0434,1,2026-06-13 12:25:00,1.0000000000000000,0
3571,0587,1,2026-06-13 12:25:00,0.3692496421999591,0
3572,0822,1,2026-06-13 12:25:00,0.6787977918626048,1
3573,0822,1,2026-06-13 12:25:00,0.6787977918626048,0
3574,0147,1,2026-06-13 12:25:10,0.6026374974442854,0
3575,0434,1,2026-06-13 12:25:10,1.0000000000000000,0
3576,0434,1,2026-06-13 12:25:10,1.0000000000000000,0
3577,0587,1,2026-06-13 12:25:10,0.3692496421999591,0
3578,0822,1,2026-06-13 12:25:10,0.6787977918626048,0
3579,0822,1,2026-06-13 12:25:10,0.6787977918626048,0
3580,0147,1,2026-06-13 12:25:20,0.6026374974442854,0
3581,0434,1,2026-06-13 12:25:20,1.0000000000000000,0
3582,0434,1,2026-06-13 12:25:20,1.0000000000000000,0
3583,0587,1,2026-06-13 12:25:20,0.3692496421999591,0
3584,0822,1,2026-06-13 12:25:20,0.6787977918626048,0
3585,0147,1,2026-06-13 12:25:30,0.6026374974442854,0
3586,0434,1,2026-06-13 12:25:30,1.0000000000000000,0
3587,0434,1,2026-06-13 12:25:30,1.0000000000000000,0
3588,0587,1,2026-06-13 12:25:30,0.3692496421999591,0
3589,0822,1,2026-06-13 12:25:30,0.6787977918626048,0
3590,0147,1,2026-06-13 12:25:40,0.6026374974442854,0
3591,0434,1,2026-06-13 12:25:40,1.0000000000000000,0
3592,0587,1,2026-06-13 12:25:40,0.3692496421999591,0
3593,0822,1,2026-06-13 12:25:40,0.6787977918626048,0
3594,0147,1,2026-06-13 12:25:50,0.6026374974442854,0
3595,0434,1,2026-06-13 12:25:50,1.0000000000000000,0
3596,0587,1,2026-06-13 12:25:50,0.3692496421999591,0
3597,0147,1,2026-06-13 12:26:00,0.6026374974442854,0
3598,0434,1,2026-06-13 12:26:00,1.0000000000000000,0
3599,0587,1,2026-06-13 12:26:00,0.3692496421999591,0
3600,0147,1,2026-06-13 12:26:10,0.6026374974442854,0
3601,0587,1,2026-06-13 12:26:10,0.3692496421999591,0
3602,0587,1,2026-06-13 12:26:20,0.3692496421999591,0
3603,0587,1,2026-06-13 12:26:30,0.3692496421999591,0
3604,0055,1,2026-06-13 12:28:00,0.6787977918626048,0
3605,0055,1,2026-06-13 12:28:10,0.6787977918626048,0
3606,0055,1,2026-06-13 12:28:20,0.6787977918626048,0
3607,0055,1,2026-06-13 12:28:30,0.6787977918626048,1
3608,0055,1,2026-06-13 12:28:40,0.6787977918626048,1
3609,0055,1,2026-06-13 12:28:50,0.6787977918626048,0
3610,0116,1,2026-06-13 12:28:50,0.1896340216724596,0
3611,0020,1,2026-06-13 12:29:00,0.3692496421999591,0
3612,0055,1,2026-06-13 12:29:00,0.6787977918626048,0
3613,0116,1,2026-06-13 12:29:00,0.1896340216724596,0
3614,0020,1,2026-06-13 12:29:10,0.3692496421999591,1
3615,0055,1,2026-06-13 12:29:10,0.6787977918626048,0
3616,0116,1,2026-06-13 12:29:10,0.1896340216724596,0
3617,0020,1,2026-06-13 12:29:20,0.3692496421999591,0
3618,0055,1,2026-06-13 12:29:20,0.6787977918626048,0
3619,0116,1,2026-06-13 12:29:20,0.1896340216724596,0
3620,0020,1,2026-06-13 12:29:30,0.3692496421999591,0
3621,0020,1,2026-06-13 12:29:30,0.3692496421999591,0
3622,0055,1,2026-06-13 12:29:30,0.6787977918626048,0
3623,0116,1,2026-06-13 12:29:30,0.1896340216724596,0
3624,0014,1,2026-06-13 12:29:40,0.4595174810877121,0
3625,0020,1,2026-06-13 12:29:40,0.3692496421999591,1
3626,0020,1,2026-06-13 12:29:40,0.3692496421999591,0
3627,0055,1,2026-06-13 12:29:40,0.6787977918626048,0
3628,0063,1,2026-06-13 12:29:40,0.7822531179717849,0
3629,0116,1,2026-06-13 12:29:40,0.1896340216724596,0
3630,0555,1,2026-06-13 12:29:40,0.0608260069515437,0
3631,0953,1,2026-06-13 12:29:40,0.7822531179717849,0
3632,0014,1,2026-06-13 12:29:50,0.4595174810877121,0
3633,0020,1,2026-06-13 12:29:50,0.3692496421999591,0
3634,0020,1,2026-06-13 12:29:50,0.3692496421999591,0
3635,0055,1,2026-06-13 12:29:50,0.6787977918626048,0
3636,0063,1,2026-06-13 12:29:50,0.7822531179717849,0
3637,0116,1,2026-06-13 12:29:50,0.1896340216724596,0
3638,0555,1,2026-06-13 12:29:50,0.0608260069515437,0
3639,0691,1,2026-06-13 12:29:50,0.3692496421999591,0
3640,0953,1,2026-06-13 12:29:50,0.7822531179717849,0
3641,0014,1,2026-06-13 12:30:00,0.4595174810877121,0
3642,0020,1,2026-06-13 12:30:00,0.3692496421999591,0
3643,0020,1,2026-06-13 12:30:00,0.3692496421999591,0
3644,0063,1,2026-06-13 12:30:00,0.7822531179717849,0
3645,0077,1,2026-06-13 12:30:00,0.4595174810877121,0
3646,0116,1,2026-06-13 12:30:00,0.1896340216724596,0
3647,0276,1,2026-06-13 12:30:00,0.9248619914127990,1
3648,0555,1,2026-06-13 12:30:00,0.0608260069515437,0
3649,0691,1,2026-06-13 12:30:00,0.3692496421999591,0
3650,0953,1,2026-06-13 12:30:00,0.7822531179717849,0
3651,0014,1,2026-06-13 12:30:10,0.4595174810877121,0
3652,0020,1,2026-06-13 12:30:10,0.3692496421999591,0
3653,0020,1,2026-06-13 12:30:10,0.3692496421999591,0
3654,0063,1,2026-06-13 12:30:10,0.7822531179717849,0
3655,0063,1,2026-06-13 12:30:10,0.7822531179717849,0
3656,0077,1,2026-06-13 12:30:10,0.4595174810877121,0
3657,0116,1,2026-06-13 12:30:10,0.1896340216724596,0
3658,0276,1,2026-06-13 12:30:10,0.9248619914127990,0
3659,0555,1,2026-06-13 12:30:10,0.0608260069515437,0
3660,0691,1,2026-06-13 12:30:10,0.3692496421999591,0
3661,0834,1,2026-06-13 12:30:10,0.3692496421999591,1
3662,0953,1,2026-06-13 12:30:10,0.7822531179717849,0
3663,0014,1,2026-06-13 12:30:20,0.4595174810877121,0
3664,0020,1,2026-06-13 12:30:20,0.3692496421999591,0
3665,0020,1,2026-06-13 12:30:20,0.3692496421999591,0
3666,0063,1,2026-06-13 12:30:20,0.7822531179717849,0
3667,0063,1,2026-06-13 12:30:20,0.7822531179717849,0
3668,0077,1,2026-06-13 12:30:20,0.4595174810877121,0
3669,0116,1,2026-06-13 12:30:20,0.1896340216724596,0
3670,0131,1,2026-06-13 12:30:20,0.4595174810877121,0
3671,0276,1,2026-06-13 12:30:20,0.9248619914127990,0
3672,0555,1,2026-06-13 12:30:20,0.0608260069515437,0
3673,0691,1,2026-06-13 12:30:20,0.3692496421999591,0
3674,0834,1,2026-06-13 12:30:20,0.3692496421999591,0
3675,0953,1,2026-06-13 12:30:20,0.7822531179717849,0
3676,0014,1,2026-06-13 12:30:30,0.4595174810877121,0
3677,0020,1,2026-06-13 12:30:30,0.3692496421999591,0
3678,0063,1,2026-06-13 12:30:30,0.7822531179717849,0
3679,0063,1,2026-06-13 12:30:30,0.7822531179717849,0
3680,0077,1,2026-06-13 12:30:30,0.4595174810877121,0
3681,0116,1,2026-06-13 12:30:30,0.1896340216724596,0
3682,0131,1,2026-06-13 12:30:30,0.4595174810877121,0
3683,0276,1,2026-06-13 12:30:30,0.9248619914127990,0
3684,0555,1,2026-06-13 12:30:30,0.0608260069515437,0
3685,0691,1,2026-06-13 12:30:30,0.3692496421999591,0
3686,0834,1,2026-06-13 12:30:30,0.3692496421999591,0
3687,0953,1,2026-06-13 12:30:30,0.7822531179717849,0
3688,0014,1,2026-06-13 12:30:40,0.4595174810877121,0
3689,0020,1,2026-06-13 12:30:40,0.3692496421999591,0
3690,0063,1,2026-06-13 12:30:40,0.7822531179717849,0
3691,0063,1,2026-06-13 12:30:40,0.7822531179717849,0
3692,0077,1,2026-06-13 12:30:40,0.4595174810877121,0
3693,0131,1,2026-06-13 12:30:40,0.4595174810877121,0
3694,0276,1,2026-06-13 12:30:40,0.9248619914127990,0
3695,0555,1,2026-06-13 12:30:40,0.0608260069515437,0
3696,0691,1,2026-06-13 12:30:40,0.3692496421999591,0
3697,0834,1,2026-06-13 12:30:40,0.3692496421999591,0
3698,0953,1,2026-06-13 12:30:40,0.7822531179717849,1
3699,0014,1,2026-06-13 12:30:50,0.4595174810877121,0
3700,0020,1,2026-06-13 12:30:50,0.3692496421999591,0
3701,0063,1,2026-06-13 12:30:50,0.7822531179717849,0
3702,0063,1,2026-06-13 12:30:50,0.7822531179717849,0
3703,0077,1,2026-06-13 12:30:50,0.4595174810877121,1
3704,0131,1,2026-06-13 12:30:50,0.4595174810877121,0
3705,0276,1,2026-06-13 12:30:50,0.9248619914127990,0
3706,0555,1,2026-06-13 12:30:50,0.0608260069515437,0
3707,0691,1,2026-06-13 12:30:50,0.3692496421999591,0
3708,0834,1,2026-06-13 12:30:50,0.3692496421999591,0
3709,0953,1,2026-06-13 12:30:50,0.7822531179717849,0
3710,0014,1,2026-06-13 12:31:00,0.4595174810877121,0
3711,0063,1,2026-06-13 12:31:00,0.7822531179717849,0
3712,0063,1,2026-06-13 12:31:00,0.7822531179717849,0
3713,0077,1,2026-06-13 12:31:00,0.4595174810877121,0
3714,0131,1,2026-06-13 12:31:00,0.4595174810877121,0
3715,0276,1,2026-06-13 12:31:00,0.9248619914127990,0
3716,0555,1,2026-06-13 12:31:00,0.0608260069515437,0
3717,0691,1,2026-06-13 12:31:00,0.3692496421999591,0
3718,0834,1,2026-06-13 12:31:00,0.3692496421999591,0
3719,0014,1,2026-06-13 12:31:10,0.4595174810877121,0
3720,0063,1,2026-06-13 12:31:10,0.7822531179717849,0
3721,0131,1,2026-06-13 12:31:10,0.4595174810877121,0
3722,0276,1,2026-06-13 12:31:10,0.9248619914127990,0
3723,0555,1,2026-06-13 12:31:10,0.0608260069515437,0
3724,0834,1,2026-06-13 12:31:10,0.3692496421999591,0
3725,0014,1,2026-06-13 12:31:20,0.4595174810877121,0
3726,0063,1,2026-06-13 12:31:20,0.7822531179717849,0
3727,0131,1,2026-06-13 12:31:20,0.4595174810877121,0
3728,0276,1,2026-06-13 12:31:20,0.9248619914127990,0
3729,0834,1,2026-06-13 12:31:20,0.3692496421999591,0
3730,0063,1,2026-06-13 12:31:30,0.7822531179717849,0
3731,0834,1,2026-06-13 12:31:30,0.3692496421999591,0
3732,0622,1,2026-06-13 12:31:40,0.1896340216724596,0
3733,0834,1,2026-06-13 12:31:40,0.3692496421999591,0
3734,0622,1,2026-06-13 12:31:50,0.1896340216724596,0
3735,0834,1,2026-06-13 12:31:50,0.3692496421999591,0
3736,0622,1,2026-06-13 12:32:00,0.1896340216724596,0
3737,0834,1,2026-06-13 12:32:00,0.3692496421999591,0
3738,0622,1,2026-06-13 12:32:10,0.1896340216724596,1
3739,0622,1,2026-06-13 12:32:20,0.1896340216724596,0
3740,0376,1,2026-06-13 12:32:30,0.6787977918626048,0
3741,0622,1,2026-06-13 12:32:30,0.1896340216724596,0
3742,0376,1,2026-06-13 12:32:40,0.6787977918626048,0
3743,0622,1,2026-06-13 12:32:40,0.1896340216724596,0
3744,0376,1,2026-06-13 12:32:50,0.6787977918626048,1
3745,0376,1,2026-06-13 12:33:00,0.6787977918626048,1
3746,0376,1,2026-06-13 12:33:10,0.6787977918626048,0
3747,0979,1,2026-06-13 12:33:10,0.0608260069515437,0
3748,0376,1,2026-06-13 12:33:20,0.6787977918626048,0
3749,0979,1,2026-06-13 12:33:20,0.0608260069515437,0
3750,0979,1,2026-06-13 12:33:30,0.0608260069515437,0
3751,0979,1,2026-06-13 12:33:40,0.0608260069515437,1
3752,0322,1,2026-06-13 13:59:20,0.2789818033122061,0
3753,0322,1,2026-06-13 13:59:30,0.2789818033122061,1
3754,0322,1,2026-06-13 13:59:40,0.2789818033122061,0
3755,0322,1,2026-06-13 13:59:50,0.2789818033122061,0
3756,0322,1,2026-06-13 14:00:00,0.2789818033122061,0
3757,0322,1,2026-06-13 14:00:10,0.2789818033122061,0
3758,0322,1,2026-06-13 14:00:20,0.2789818033122061,0
3759,0322,1,2026-06-13 14:00:30,0.2789818033122061,0
3760,0322,1,2026-06-13 14:00:40,0.2789818033122061,0
3761,0322,1,2026-06-13 14:00:50,0.2789818033122061,0
3762,0322,1,2026-06-13 14:01:00,0.2789818033122061,0
3763,0322,1,2026-06-13 14:01:10,0.2789818033122061,0
3764,0608,1,2026-06-13 14:06:50,0.0608260069515437,0
3765,0283,1,2026-06-13 14:07:00,0.5396646902473932,0
3766,0608,1,2026-06-13 14:07:00,0.0608260069515437,0
3767,0283,1,2026-06-13 14:07:10,0.5396646902473932,0
3768,0608,1,2026-06-13 14:07:10,0.0608260069515437,0
3769,0283,1,2026-06-13 14:07:20,0.5396646902473932,0
3770,0608,1,2026-06-13 14:07:20,0.0608260069515437,0
3771,0283,1,2026-06-13 14:07:30,0.5396646902473932,0
3772,0608,1,2026-06-13 14:07:30,0.0608260069515437,0
3773,0283,1,2026-06-13 14:07:40,0.5396646902473932,0
3774,0608,1,2026-06-13 14:07:40,0.0608260069515437,0
3775,0283,1,2026-06-13 14:07:50,0.5396646902473932,0
3776,0608,1,2026-06-13 14:07:50,0.0608260069515437,0
3777,0283,1,2026-06-13 14:08:00,0.5396646902473932,0
3778,0608,1,2026-06-13 14:08:00,0.0608260069515437,0
3779,0283,1,2026-06-13 14:08:10,0.5396646902473932,0
3780,0283,1,2026-06-13 14:08:20,0.5396646902473932,0
3781,0304,1,2026-06-13 14:11:10,0.6026374974442854,0
3782,0304,1,2026-06-13 14:11:20,0.6026374974442854,0
3783,0304,1,2026-06-13 14:11:30,0.6026374974442854,0
3784,0677,1,2026-06-13 14:11:30,0.3692496421999591,0
3785,0304,1,2026-06-13 14:11:40,0.6026374974442854,0
3786,0677,1,2026-06-13 14:11:40,0.3692496421999591,0
3787,0304,1,2026-06-13 14:11:50,0.6026374974442854,0
3788,0381,1,2026-06-13 14:11:50,0.4595174810877121,1
3789,0677,1,2026-06-13 14:11:50,0.3692496421999591,0
3790,0304,1,2026-06-13 14:12:00,0.6026374974442854,0
3791,0381,1,2026-06-13 14:12:00,0.4595174810877121,0
3792,0677,1,2026-06-13 14:12:00,0.3692496421999591,0
3793,0304,1,2026-06-13 14:12:10,0.6026374974442854,0
3794,0381,1,2026-06-13 14:12:10,0.4595174810877121,0
3795,0677,1,2026-06-13 14:12:10,0.3692496421999591,0
3796,0304,1,2026-06-13 14:12:20,0.6026374974442854,0
3797,0381,1,2026-06-13 14:12:20,0.4595174810877121,0
3798,0304,1,2026-06-13 14:12:30,0.6026374974442854,0
3799,0381,1,2026-06-13 14:12:30,0.4595174810877121,0
3800,0304,1,2026-06-13 14:12:40,0.6026374974442854,0
3801,0381,1,2026-06-13 14:12:40,0.4595174810877121,0
3802,0304,1,2026-06-13 14:12:50,0.6026374974442854,0
3803,0381,1,2026-06-13 14:12:50,0.4595174810877121,0
3804,0381,1,2026-06-13 14:13:00,0.4595174810877121,0
3805,0381,1,2026-06-13 14:13:10,0.4595174810877121,0
3806,0381,1,2026-06-13 14:13:20,0.4595174810877121,0
3807,0381,1,2026-06-13 14:13:30,0.4595174810877121,0
3808,0469,1,2026-06-13 15:07:10,0.5396646902473932,0
3809,0469,1,2026-06-13 15:07:20,0.5396646902473932,0
3810,0469,1,2026-06-13 15:07:30,0.5396646902473932,0
3811,0469,1,2026-06-13 15:07:40,0.5396646902473932,0
3812,0469,1,2026-06-13 15:07:50,0.5396646902473932,0
3813,0469,1,2026-06-13 15:08:00,0.5396646902473932,0
3814,0469,1,2026-06-13 15:08:10,0.5396646902473932,0
3815,0469,1,2026-06-13 15:08:20,0.5396646902473932,0
3816,0469,1,2026-06-13 15:08:30,0.5396646902473932,0
3817,0469,1,2026-06-13 15:08:40,0.5396646902473932,0
3818,0469,1,2026-06-13 15:08:50,0.5396646902473932,0
3819,0469,1,2026-06-13 15:09:00,0.5396646902473932,0
3820,0580,1,2026-06-13 15:28:20,0.5396646902473932,0
3821,0580,1,2026-06-13 15:28:20,0.5396646902473932,0
3822,0580,1,2026-06-13 15:28:20,0.5396646902473932,1
3823,0580,1,2026-06-13 15:28:20,0.5396646902473932,0
3824,0580,1,2026-06-13 15:28:20,0.5396646902473932,0
3825,0580,1,2026-06-13 15:28:30,0.5396646902473932,0
3826,0580,1,2026-06-13 15:28:30,0.5396646902473932,0
3827,0580,1,2026-06-13 15:28:30,0.5396646902473932,0
3828,0580,1,2026-06-13 15:28:30,0.5396646902473932,0
3829,0580,1,2026-06-13 15:28:30,0.5396646902473932,0
3830,0962,1,2026-06-13 15:28:30,0.4595174810877121,0
3831,0203,1,2026-06-13 15:28:40,0.3692496421999591,0
3832,0580,1,2026-06-13 15:28:40,0.5396646902473932,0
3833,0580,1,2026-06-13 15:28:40,0.5396646902473932,0
3834,0580,1,2026-06-13 15:28:40,0.5396646902473932,0
3835,0580,1,2026-06-13 15:28:40,0.5396646902473932,0
3836,0580,1,2026-06-13 15:28:40,0.5396646902473932,0
3837,0962,1,2026-06-13 15:28:40,0.4595174810877121,0
3838,0203,1,2026-06-13 15:28:50,0.3692496421999591,0
3839,0580,1,2026-06-13 15:28:50,0.5396646902473932,0
3840,0580,1,2026-06-13 15:28:50,0.5396646902473932,0
3841,0580,1,2026-06-13 15:28:50,0.5396646902473932,0
3842,0580,1,2026-06-13 15:28:50,0.5396646902473932,0
3843,0580,1,2026-06-13 15:28:50,0.5396646902473932,0
3844,0962,1,2026-06-13 15:28:50,0.4595174810877121,0
3845,0203,1,2026-06-13 15:29:00,0.3692496421999591,0
3846,0580,1,2026-06-13 15:29:00,0.5396646902473932,0
3847,0580,1,2026-06-13 15:29:00,0.5396646902473932,0
3848,0580,1,2026-06-13 15:29:00,0.5396646902473932,0
3849,0580,1,2026-06-13 15:29:00,0.5396646902473932,0
3850,0580,1,2026-06-13 15:29:00,0.5396646902473932,0
3851,0962,1,2026-06-13 15:29:00,0.4595174810877121,0
3852,0203,1,2026-06-13 15:29:10,0.3692496421999591,0
3853,0580,1,2026-06-13 15:29:10,0.5396646902473932,0
3854,0580,1,2026-06-13 15:29:10,0.5396646902473932,0
3855,0580,1,2026-06-13 15:29:10,0.5396646902473932,0
3856,0580,1,2026-06-13 15:29:10,0.5396646902473932,0
3857,0580,1,2026-06-13 15:29:10,0.5396646902473932,0
3858,0962,1,2026-06-13 15:29:10,0.4595174810877121,0
3859,0203,1,2026-06-13 15:29:20,0.3692496421999591,1
3860,0355,1,2026-06-13 15:29:20,0.6787977918626048,0
3861,0962,1,2026-06-13 15:29:20,0.4595174810877121,0
3862,0203,1,2026-06-13 15:29:30,0.3692496421999591,0
3863,0355,1,2026-06-13 15:29:30,0.6787977918626048,0
3864,0392,1,2026-06-13 15:29:30,0.3692496421999591,0
3865,0710,1,2026-06-13 15:29:30,0.0608260069515437,0
3866,0710,1,2026-06-13 15:29:30,0.0608260069515437,0
3867,0710,1,2026-06-13 15:29:30,0.0608260069515437,0
3868,0710,1,2026-06-13 15:29:30,0.0608260069515437,0
3869,0710,1,2026-06-13 15:29:30,0.0608260069515437,0
3870,0962,1,2026-06-13 15:29:30,0.4595174810877121,0
3871,0203,1,2026-06-13 15:29:40,0.3692496421999591,0
3872,0355,1,2026-06-13 15:29:40,0.6787977918626048,0
3873,0392,1,2026-06-13 15:29:40,0.3692496421999591,0
3874,0710,1,2026-06-13 15:29:40,0.0608260069515437,0
3875,0710,1,2026-06-13 15:29:40,0.0608260069515437,0
3876,0710,1,2026-06-13 15:29:40,0.0608260069515437,0
3877,0710,1,2026-06-13 15:29:40,0.0608260069515437,0
3878,0710,1,2026-06-13 15:29:40,0.0608260069515437,0
3879,0962,1,2026-06-13 15:29:40,0.4595174810877121,0
3880,0203,1,2026-06-13 15:29:50,0.3692496421999591,0
3881,0355,1,2026-06-13 15:29:50,0.6787977918626048,1
3882,0392,1,2026-06-13 15:29:50,0.3692496421999591,0
3883,0710,1,2026-06-13 15:29:50,0.0608260069515437,0
3884,0710,1,2026-06-13 15:29:50,0.0608260069515437,0
3885,0710,1,2026-06-13 15:29:50,0.0608260069515437,0
3886,0710,1,2026-06-13 15:29:50,0.0608260069515437,0
3887,0962,1,2026-06-13 15:29:50,0.4595174810877121,0
3888,0203,1,2026-06-13 15:30:00,0.3692496421999591,0
3889,0355,1,2026-06-13 15:30:00,0.6787977918626048,0
3890,0392,1,2026-06-13 15:30:00,0.3692496421999591,0
3891,0710,1,2026-06-13 15:30:00,0.0608260069515437,0
3892,0710,1,2026-06-13 15:30:00,0.0608260069515437,0
3893,0710,1,2026-06-13 15:30:00,0.0608260069515437,0
3894,0710,1,2026-06-13 15:30:00,0.0608260069515437,0
3895,0912,1,2026-06-13 15:30:00,0.7822531179717849,1
3896,0962,1,2026-06-13 15:30:00,0.4595174810877121,0
3897,0203,1,2026-06-13 15:30:10,0.3692496421999591,0
3898,0355,1,2026-06-13 15:30:10,0.6787977918626048,0
3899,0392,1,2026-06-13 15:30:10,0.3692496421999591,0
3900,0710,1,2026-06-13 15:30:10,0.0608260069515437,0
3901,0710,1,2026-06-13 15:30:10,0.0608260069515437,0
3902,0710,1,2026-06-13 15:30:10,0.0608260069515437,0
3903,0710,1,2026-06-13 15:30:10,0.0608260069515437,0
3904,0912,1,2026-06-13 15:30:10,0.7822531179717849,1
3905,0962,1,2026-06-13 15:30:10,0.4595174810877121,0
3906,0203,1,2026-06-13 15:30:20,0.3692496421999591,0
3907,0355,1,2026-06-13 15:30:20,0.6787977918626048,0
3908,0392,1,2026-06-13 15:30:20,0.3692496421999591,0
3909,0710,1,2026-06-13 15:30:20,0.0608260069515437,0
3910,0710,1,2026-06-13 15:30:20,0.0608260069515437,0
3911,0710,1,2026-06-13 15:30:20,0.0608260069515437,0
3912,0912,1,2026-06-13 15:30:20,0.7822531179717849,0
3913,0962,1,2026-06-13 15:30:20,0.4595174810877121,0
3914,0203,1,2026-06-13 15:30:30,0.3692496421999591,0
3915,0355,1,2026-06-13 15:30:30,0.6787977918626048,0
3916,0392,1,2026-06-13 15:30:30,0.3692496421999591,0
3917,0710,1,2026-06-13 15:30:30,0.0608260069515437,0
3918,0710,1,2026-06-13 15:30:30,0.0608260069515437,0
3919,0710,1,2026-06-13 15:30:30,0.0608260069515437,0
3920,0912,1,2026-06-13 15:30:30,0.7822531179717849,0
3921,0243,1,2026-06-13 15:30:40,0.8509507258229401,0
3922,0355,1,2026-06-13 15:30:40,0.6787977918626048,0
3923,0392,1,2026-06-13 15:30:40,0.3692496421999591,0
3924,0710,1,2026-06-13 15:30:40,0.0608260069515437,0
3925,0710,1,2026-06-13 15:30:40,0.0608260069515437,0
3926,0710,1,2026-06-13 15:30:40,0.0608260069515437,0
3927,0912,1,2026-06-13 15:30:40,0.7822531179717849,0
3928,0243,1,2026-06-13 15:30:50,0.8509507258229401,1
3929,0340,1,2026-06-13 15:30:50,1.0000000000000000,0
3930,0355,1,2026-06-13 15:30:50,0.6787977918626048,0
3931,0560,1,2026-06-13 15:30:50,0.8509507258229401,0
3932,0763,1,2026-06-13 15:30:50,0.7822531179717849,0
3933,0912,1,2026-06-13 15:30:50,0.7822531179717849,0
3934,0930,1,2026-06-13 15:30:50,0.5396646902473932,0
3935,0243,1,2026-06-13 15:31:00,0.8509507258229401,1
3936,0340,1,2026-06-13 15:31:00,1.0000000000000000,0
3937,0355,1,2026-06-13 15:31:00,0.6787977918626048,0
3938,0560,1,2026-06-13 15:31:00,0.8509507258229401,0
3939,0763,1,2026-06-13 15:31:00,0.7822531179717849,0
3940,0806,1,2026-06-13 15:31:00,0.9248619914127990,0
3941,0912,1,2026-06-13 15:31:00,0.7822531179717849,0
3942,0930,1,2026-06-13 15:31:00,0.5396646902473932,0
3943,0243,1,2026-06-13 15:31:10,0.8509507258229401,0
3944,0340,1,2026-06-13 15:31:10,1.0000000000000000,0
3945,0560,1,2026-06-13 15:31:10,0.8509507258229401,0
3946,0763,1,2026-06-13 15:31:10,0.7822531179717849,0
3947,0806,1,2026-06-13 15:31:10,0.9248619914127990,0
3948,0912,1,2026-06-13 15:31:10,0.7822531179717849,0
3949,0930,1,2026-06-13 15:31:10,0.5396646902473932,0
3950,0243,1,2026-06-13 15:31:20,0.8509507258229401,0
3951,0806,1,2026-06-13 15:31:20,0.9248619914127990,0
3952,0912,1,2026-06-13 15:31:20,0.7822531179717849,0
3953,0930,1,2026-06-13 15:31:20,0.5396646902473932,0
3954,0243,1,2026-06-13 15:31:30,0.8509507258229401,0
3955,0305,1,2026-06-13 15:31:30,0.4595174810877121,0
3956,0733,1,2026-06-13 15:31:30,0.6026374974442854,0
3957,0806,1,2026-06-13 15:31:30,0.9248619914127990,0
3958,0930,1,2026-06-13 15:31:30,0.5396646902473932,1
3959,0243,1,2026-06-13 15:31:40,0.8509507258229401,0
3960,0305,1,2026-06-13 15:31:40,0.4595174810877121,0
3961,0733,1,2026-06-13 15:31:40,0.6026374974442854,0
3962,0806,1,2026-06-13 15:31:40,0.9248619914127990,1
3963,0930,1,2026-06-13 15:31:40,0.5396646902473932,0
3964,0243,1,2026-06-13 15:31:50,0.8509507258229401,0
3965,0305,1,2026-06-13 15:31:50,0.4595174810877121,0
3966,0733,1,2026-06-13 15:31:50,0.6026374974442854,0
3967,0806,1,2026-06-13 15:31:50,0.9248619914127990,0
3968,0930,1,2026-06-13 15:31:50,0.5396646902473932,0
3969,0243,1,2026-06-13 15:32:00,0.8509507258229401,0
3970,0305,1,2026-06-13 15:32:00,0.4595174810877121,0
3971,0733,1,2026-06-13 15:32:00,0.6026374974442854,0
3972,0806,1,2026-06-13 15:32:00,0.9248619914127990,0
3973,0930,1,2026-06-13 15:32:00,0.5396646902473932,0
3974,0243,1,2026-06-13 15:32:10,0.8509507258229401,0
3975,0305,1,2026-06-13 15:32:10,0.4595174810877121,0
3976,0733,1,2026-06-13 15:32:10,0.6026374974442854,0
3977,0806,1,2026-06-13 15:32:10,0.9248619914127990,0
3978,0930,1,2026-06-13 15:32:10,0.5396646902473932,0
3979,0305,1,2026-06-13 15:32:20,0.4595174810877121,0
3980,0545,1,2026-06-13 15:32:20,0.9248619914127990,0
3981,0733,1,2026-06-13 15:32:20,0.6026374974442854,0
3982,0806,1,2026-06-13 15:32:20,0.9248619914127990,0
3983,0930,1,2026-06-13 15:32:20,0.5396646902473932,0
3984,0305,1,2026-06-13 15:32:30,0.4595174810877121,0
3985,0545,1,2026-06-13 15:32:30,0.9248619914127990,0
3986,0733,1,2026-06-13 15:32:30,0.6026374974442854,0
3987,0806,1,2026-06-13 15:32:30,0.9248619914127990,0
3988,0930,1,2026-06-13 15:32:30,0.5396646902473932,0
3989,0305,1,2026-06-13 15:32:40,0.4595174810877121,0
3990,0545,1,2026-06-13 15:32:40,0.9248619914127990,0
3991,0733,1,2026-06-13 15:32:40,0.6026374974442854,0
3992,0806,1,2026-06-13 15:32:40,0.9248619914127990,0
3993,0930,1,2026-06-13 15:32:40,0.5396646902473932,0
3994,0545,1,2026-06-13 15:32:50,0.9248619914127990,0
3995,0733,1,2026-06-13 15:32:50,0.6026374974442854,0
3996,0806,1,2026-06-13 15:32:50,0.9248619914127990,0
3997,0545,1,2026-06-13 15:33:00,0.9248619914127990,0
3998,0733,1,2026-06-13 15:33:00,0.6026374974442854,0
3999,0274,1,2026-06-13 15:33:10,0.3692496421999591,0
4000,0545,1,2026-06-13 15:33:10,0.9248619914127990,0
4001,0905,1,2026-06-13 15:33:10,0.1896340216724596,1
4002,0274,1,2026-06-13 15:33:20,0.3692496421999591,0
4003,0515,1,2026-06-13 15:33:20,0.4595174810877121,0
4004,0545,1,2026-06-13 15:33:20,0.9248619914127990,0
4005,0905,1,2026-06-13 15:33:20,0.1896340216724596,1
4006,0274,1,2026-06-13 15:33:30,0.3692496421999591,0
4007,0515,1,2026-06-13 15:33:30,0.4595174810877121,0
4008,0545,1,2026-06-13 15:33:30,0.9248619914127990,0
4009,0274,1,2026-06-13 15:33:40,0.3692496421999591,0
4010,0515,1,2026-06-13 15:33:40,0.4595174810877121,0
4011,0545,1,2026-06-13 15:33:40,0.9248619914127990,0
4012,0274,1,2026-06-13 15:33:50,0.3692496421999591,0
4013,0515,1,2026-06-13 15:33:50,0.4595174810877121,0
4014,0545,1,2026-06-13 15:33:50,0.9248619914127990,1
4015,0244,1,2026-06-13 15:34:00,0.6026374974442854,0
4016,0274,1,2026-06-13 15:34:00,0.3692496421999591,0
4017,0515,1,2026-06-13 15:34:00,0.4595174810877121,0
4018,0244,1,2026-06-13 15:34:10,0.6026374974442854,0
4019,0274,1,2026-06-13 15:34:10,0.3692496421999591,0
4020,0515,1,2026-06-13 15:34:10,0.4595174810877121,0
4021,0244,1,2026-06-13 15:34:20,0.6026374974442854,0
4022,0274,1,2026-06-13 15:34:20,0.3692496421999591,0
4023,0274,1,2026-06-13 15:34:30,0.3692496421999591,0
4024,0274,1,2026-06-13 15:34:40,0.3692496421999591,0
4025,0798,1,2026-06-13 15:36:20,0.1247188713964424,0
4026,0798,1,2026-06-13 15:36:30,0.1247188713964424,0
4027,0798,1,2026-06-13 15:36:40,0.1247188713964424,0
4028,0798,1,2026-06-13 15:36:50,0.1247188713964424,0
4029,0798,1,2026-06-13 15:37:00,0.1247188713964424,0
4030,0571,1,2026-06-13 15:37:10,0.1247188713964424,0
4031,0798,1,2026-06-13 15:37:10,0.1247188713964424,0
4032,0571,1,2026-06-13 15:37:20,0.1247188713964424,0
4033,0798,1,2026-06-13 15:37:20,0.1247188713964424,0
4034,0571,1,2026-06-13 15:37:30,0.1247188713964424,0
4035,0798,1,2026-06-13 15:37:30,0.1247188713964424,0
4036,0571,1,2026-06-13 15:37:40,0.1247188713964424,1
4037,0798,1,2026-06-13 15:37:40,0.1247188713964424,0
4038,0571,1,2026-06-13 15:37:50,0.1247188713964424,0
4039,0798,1,2026-06-13 15:37:50,0.1247188713964424,0
4040,0571,1,2026-06-13 15:38:00,0.1247188713964424,0
4041,0798,1,2026-06-13 15:38:00,0.1247188713964424,0
4042,0571,1,2026-06-13 15:38:10,0.1247188713964424,0
4043,0798,1,2026-06-13 15:38:10,0.1247188713964424,0
4044,0571,1,2026-06-13 15:38:20,0.1247188713964424,0
4045,0618,1,2026-06-13 15:38:20,0.1247188713964424,0
4046,0571,1,2026-06-13 15:38:30,0.1247188713964424,0
4047,0618,1,2026-06-13 15:38:30,0.1247188713964424,0
4048,0571,1,2026-06-13 15:38:40,0.1247188713964424,0
4049,0618,1,2026-06-13 15:38:40,0.1247188713964424,0
4050,0571,1,2026-06-13 15:38:50,0.1247188713964424,0
4051,0618,1,2026-06-13 15:38:50,0.1247188713964424,0
4052,0618,1,2026-06-13 15:39:00,0.1247188713964424,0
4053,0618,1,2026-06-13 15:39:10,0.1247188713964424,0
4054,0666,1,2026-06-13 16:45:50,0.5396646902473932,0
4055,0666,1,2026-06-13 16:46:00,0.5396646902473932,0
4056,0224,1,2026-06-13 16:46:10,0.7822531179717849,0
4057,0666,1,2026-06-13 16:46:10,0.5396646902473932,0
4058,0224,1,2026-06-13 16:46:20,0.7822531179717849,0
4059,0666,1,2026-06-13 16:46:20,0.5396646902473932,0
4060,0224,1,2026-06-13 16:46:30,0.7822531179717849,0
4061,0661,1,2026-06-13 16:46:30,0.6787977918626048,0
4062,0666,1,2026-06-13 16:46:30,0.5396646902473932,0
4063,0224,1,2026-06-13 16:46:40,0.7822531179717849,0
4064,0661,1,2026-06-13 16:46:40,0.6787977918626048,0
4065,0666,1,2026-06-13 16:46:40,0.5396646902473932,0
4066,0661,1,2026-06-13 16:46:50,0.6787977918626048,0
4067,0666,1,2026-06-13 16:46:50,0.5396646902473932,0
4068,0661,1,2026-06-13 16:47:00,0.6787977918626048,0
4069,0666,1,2026-06-13 16:47:00,0.5396646902473932,0
4070,0661,1,2026-06-13 16:47:10,0.6787977918626048,0
4071,0666,1,2026-06-13 16:47:10,0.5396646902473932,0
4072,0661,1,2026-06-13 16:47:20,0.6787977918626048,0
4073,0666,1,2026-06-13 16:47:20,0.5396646902473932,0
4074,0661,1,2026-06-13 16:47:30,0.6787977918626048,0
4075,0666,1,2026-06-13 16:47:30,0.5396646902473932,0
4076,0661,1,2026-06-13 16:47:40,0.6787977918626048,0
4077,0666,1,2026-06-13 16:47:40,0.5396646902473932,0
4078,0661,1,2026-06-13 16:47:50,0.6787977918626048,0
4079,0492,1,2026-06-13 16:48:00,1.0000000000000000,0
4080,0492,1,2026-06-13 16:48:10,1.0000000000000000,0
4081,0492,1,2026-06-13 16:48:20,1.0000000000000000,0
4082,0492,1,2026-06-13 16:48:30,1.0000000000000000,0
4083,0492,1,2026-06-13 16:48:40,1.0000000000000000,0
4084,0492,1,2026-06-13 16:48:50,1.0000000000000000,0
4085,0904,1,2026-06-13 17:05:20,0.8509507258229401,0
4086,0904,1,2026-06-13 17:05:30,0.8509507258229401,0
4087,0904,1,2026-06-13 17:05:40,0.8509507258229401,0
4088,0904,1,2026-06-13 17:05:50,0.8509507258229401,0
4089,0904,1,2026-06-13 17:06:00,0.8509507258229401,0
4090,0904,1,2026-06-13 17:06:10,0.8509507258229401,0
4091,0904,1,2026-06-13 17:06:20,0.8509507258229401,0
4092,0904,1,2026-06-13 17:06:30,0.8509507258229401,0
4093,0904,1,2026-06-13 17:06:40,0.8509507258229401,0
4094,0717,1,2026-06-13 17:08:00,1.0000000000000000,0
4095,0717,1,2026-06-13 17:08:10,1.0000000000000000,0
4096,0802,1,2026-06-13 17:08:10,0.8509507258229401,1
4097,0717,1,2026-06-13 17:08:20,1.0000000000000000,0
4098,0802,1,2026-06-13 17:08:20,0.8509507258229401,0
4099,0717,1,2026-06-13 17:08:30,1.0000000000000000,0
4100,0802,1,2026-06-13 17:08:30,0.8509507258229401,0
4101,0717,1,2026-06-13 17:08:40,1.0000000000000000,0
4102,0802,1,2026-06-13 17:08:40,0.8509507258229401,0
4103,0717,1,2026-06-13 17:08:50,1.0000000000000000,0
4104,0802,1,2026-06-13 17:08:50,0.8509507258229401,0
4105,0717,1,2026-06-13 17:09:00,1.0000000000000000,0
4106,0802,1,2026-06-13 17:09:00,0.8509507258229401,0
4107,0717,1,2026-06-13 17:09:10,1.0000000000000000,0
4108,0802,1,2026-06-13 17:09:10,0.8509507258229401,0
4109,0717,1,2026-06-13 17:09:20,1.0000000000000000,0
4110,0802,1,2026-06-13 17:09:20,0.8509507258229401,0
4111,0717,1,2026-06-13 17:09:30,1.0000000000000000,0
4112,0802,1,2026-06-13 17:09:30,0.8509507258229401,0
4113,0717,1,2026-06-13 17:09:40,1.0000000000000000,0
4114,0802,1,2026-06-13 17:09:40,0.8509507258229401,0
4115,0717,1,2026-06-13 17:09:50,1.0000000000000000,0
4116,0802,1,2026-06-13 17:09:50,0.8509507258229401,0
4117,0802,1,2026-06-13 17:10:00,0.8509507258229401,0
4118,0222,1,2026-06-13 17:10:20,0.1247188713964424,0
4119,0222,1,2026-06-13 17:10:30,0.1247188713964424,0
4120,0222,1,2026-06-13 17:10:40,0.1247188713964424,0
4121,0222,1,2026-06-13 17:10:50,0.1247188713964424,0
4122,0222,1,2026-06-13 17:11:00,0.1247188713964424,0
4123,0334,1,2026-06-13 17:11:00,0.5396646902473932,0
4124,0222,1,2026-06-13 17:11:10,0.1247188713964424,0
4125,0334,1,2026-06-13 17:11:10,0.5396646902473932,0
4126,0222,1,2026-06-13 17:11:20,0.1247188713964424,0
4127,0334,1,2026-06-13 17:11:20,0.5396646902473932,1
4128,0222,1,2026-06-13 17:11:30,0.1247188713964424,0
4129,0222,1,2026-06-13 17:11:40,0.1247188713964424,0
4130,0118,1,2026-06-13 17:11:50,0.4595174810877121,0
4131,0222,1,2026-06-13 17:11:50,0.1247188713964424,0
4132,0747,1,2026-06-13 17:11:50,0.2789818033122061,1
4133,0118,1,2026-06-13 17:12:00,0.4595174810877121,0
4134,0222,1,2026-06-13 17:12:00,0.1247188713964424,0
4135,0747,1,2026-06-13 17:12:00,0.2789818033122061,0
4136,0118,1,2026-06-13 17:12:10,0.4595174810877121,0
4137,0222,1,2026-06-13 17:12:10,0.1247188713964424,0
4138,0747,1,2026-06-13 17:12:10,0.2789818033122061,0
4139,0118,1,2026-06-13 17:12:20,0.4595174810877121,0
4140,0747,1,2026-06-13 17:12:20,0.2789818033122061,0
4141,0118,1,2026-06-13 17:12:30,0.4595174810877121,0
4142,0747,1,2026-06-13 17:12:30,0.2789818033122061,0
4143,0118,1,2026-06-13 17:12:40,0.4595174810877121,0
4144,0747,1,2026-06-13 17:12:40,0.2789818033122061,0
4145,0118,1,2026-06-13 17:12:50,0.4595174810877121,0
4146,0747,1,2026-06-13 17:12:50,0.2789818033122061,0
4147,0118,1,2026-06-13 17:13:00,0.4595174810877121,0
4148,0747,1,2026-06-13 17:13:00,0.2789818033122061,0
4149,0118,1,2026-06-13 17:13:10,0.4595174810877121,0
4150,0747,1,2026-06-13 17:13:10,0.2789818033122061,0
4151,0118,1,2026-06-13 17:13:20,0.4595174810877121,0
4152,0118,1,2026-06-13 17:13:30,0.4595174810877121,0
4153,0076,1,2026-06-13 18:25:50,0.2789818033122061,0
4154,0076,1,2026-06-13 18:26:00,0.2789818033122061,0
4155,0076,1,2026-06-13 18:26:10,0.2789818033122061,0
4156,0076,1,2026-06-13 18:26:20,0.2789818033122061,0
4157,0076,1,2026-06-13 18:26:30,0.2789818033122061,0
4158,0076,1,2026-06-13 18:26:40,0.2789818033122061,0
4159,0076,1,2026-06-13 18:26:50,0.2789818033122061,0
4160,0076,1,2026-06-13 18:27:00,0.2789818033122061,0
4161,0076,1,2026-06-13 18:27:10,0.2789818033122061,0
4162,0076,1,2026-06-13 18:27:20,0.2789818033122061,0
4163,0076,1,2026-06-13 18:27:30,0.2789818033122061,0
4164,0076,1,2026-06-13 18:27:40,0.2789818033122061,0
4165,0981,1,2026-06-13 18:44:10,0.7822531179717849,0
4166,0981,1,2026-06-13 18:44:20,0.7822531179717849,0
4167,0981,1,2026-06-13 18:44:30,0.7822531179717849,0
4168,0981,1,2026-06-13 18:44:40,0.7822531179717849,0
4169,0981,1,2026-06-13 18:44:50,0.7822531179717849,0
4170,0159,1,2026-06-13 18:45:00,0.9248619914127990,0
4171,0981,1,2026-06-13 18:45:00,0.7822531179717849,0
4172,0159,1,2026-06-13 18:45:10,0.9248619914127990,0
4173,0981,1,2026-06-13 18:45:10,0.7822531179717849,0
4174,0159,1,2026-06-13 18:45:20,0.9248619914127990,0
4175,0981,1,2026-06-13 18:45:20,0.7822531179717849,0
4176,0159,1,2026-06-13 18:45:30,0.9248619914127990,0
4177,0981,1,2026-06-13 18:45:30,0.7822531179717849,0
4178,0159,1,2026-06-13 18:45:40,0.9248619914127990,0
4179,0981,1,2026-06-13 18:45:40,0.7822531179717849,1
4180,0095,1,2026-06-13 18:45:50,0.0608260069515437,0
4181,0095,1,2026-06-13 18:46:00,0.0608260069515437,0
4182,0095,1,2026-06-13 18:46:10,0.0608260069515437,0
4183,0095,1,2026-06-13 18:46:20,0.0608260069515437,0
4184,0908,1,2026-06-13 20:03:10,0.3692496421999591,0
4185,0908,1,2026-06-13 20:03:20,0.3692496421999591,0
4186,0908,1,2026-06-13 20:03:30,0.3692496421999591,0
4187,0908,1,2026-06-13 20:03:40,0.3692496421999591,0
4188,0908,1,2026-06-13 20:03:50,0.3692496421999591,0
4189,0908,1,2026-06-13 20:04:00,0.3692496421999591,0
4190,0908,1,2026-06-13 20:04:10,0.3692496421999591,0
4191,0908,1,2026-06-13 20:04:20,0.3692496421999591,0
4192,0668,1,2026-06-13 20:04:30,0.7822531179717849,0
4193,0908,1,2026-06-13 20:04:30,0.3692496421999591,0
4194,0668,1,2026-06-13 20:04:40,0.7822531179717849,0
4195,0908,1,2026-06-13 20:04:40,0.3692496421999591,0
4196,0668,1,2026-06-13 20:04:50,0.7822531179717849,0
4197,0908,1,2026-06-13 20:04:50,0.3692496421999591,0
4198,0668,1,2026-06-13 20:05:00,0.7822531179717849,0
4199,0668,1,2026-06-13 20:05:10,0.7822531179717849,0
4200,0668,1,2026-06-13 20:05:20,0.7822531179717849,0
4201,0668,1,2026-06-13 20:05:30,0.7822531179717849,0
4202,0668,1,2026-06-13 20:05:40,0.7822531179717849,0
4203,0668,1,2026-06-13 20:05:50,0.7822531179717849,1
4204,0721,1,2026-06-14 01:18:50,0.7822531179717849,0
4205,0721,1,2026-06-14 01:19:00,0.7822531179717849,0
4206,0721,1,2026-06-14 01:19:10,0.7822531179717849,0
4207,0721,1,2026-06-14 01:19:20,0.7822531179717849,0
4208,0721,1,2026-06-14 01:19:30,0.7822531179717849,0
4209,0721,1,2026-06-14 01:19:40,0.7822531179717849,0
4210,0721,1,2026-06-14 01:19:50,0.7822531179717849,0
4211,0721,1,2026-06-14 01:20:00,0.7822531179717849,0
4212,0721,1,2026-06-14 01:20:10,0.7822531179717849,0
4213,0721,1,2026-06-14 01:20:20,0.7822531179717849,0
4214,0721,1,2026-06-14 01:20:30,0.7822531179717849,0
4215,0721,1,2026-06-14 01:20:40,0.7822531179717849,0
4216,0967,1,2026-06-14 01:21:00,0.1247188713964424,0
4217,0967,1,2026-06-14 01:21:10,0.1247188713964424,0
4218,0330,1,2026-06-14 01:21:20,0.2789818033122061,0
4219,0967,1,2026-06-14 01:21:20,0.1247188713964424,0
4220,0330,1,2026-06-14 01:21:30,0.2789818033122061,0
4221,0967,1,2026-06-14 01:21:30,0.1247188713964424,0
4222,0330,1,2026-06-14 01:21:40,0.2789818033122061,0
4223,0967,1,2026-06-14 01:21:40,0.1247188713964424,0
4224,0330,1,2026-06-14 01:21:50,0.2789818033122061,0
4225,0967,1,2026-06-14 01:21:50,0.1247188713964424,0
4226,0330,1,2026-06-14 01:22:00,0.2789818033122061,0
4227,0967,1,2026-06-14 01:22:00,0.1247188713964424,1
4228,0330,1,2026-06-14 01:22:10,0.2789818033122061,1
4229,0330,1,2026-06-14 01:22:20,0.2789818033122061,0
4230,0660,1,2026-06-14 01:22:20,0.6787977918626048,0
4231,0008,1,2026-06-14 01:22:30,0.6787977918626048,1
4232,0330,1,2026-06-14 01:22:30,0.2789818033122061,0
4233,0660,1,2026-06-14 01:22:30,0.6787977918626048,0
4234,0008,1,2026-06-14 01:22:40,0.6787977918626048,1
4235,0330,1,2026-06-14 01:22:40,0.2789818033122061,0
4236,0505,1,2026-06-14 01:22:40,0.0608260069515437,0
4237,0517,1,2026-06-14 01:22:40,0.5396646902473932,0
4238,0660,1,2026-06-14 01:22:40,0.6787977918626048,0
4239,0675,1,2026-06-14 01:22:40,0.4595174810877121,0
4240,0008,1,2026-06-14 01:22:50,0.6787977918626048,0
4241,0099,1,2026-06-14 01:22:50,0.4595174810877121,0
4242,0330,1,2026-06-14 01:22:50,0.2789818033122061,0
4243,0394,1,2026-06-14 01:22:50,0.6787977918626048,0
4244,0505,1,2026-06-14 01:22:50,0.0608260069515437,0
4245,0517,1,2026-06-14 01:22:50,0.5396646902473932,0
4246,0631,1,2026-06-14 01:22:50,0.6787977918626048,0
4247,0660,1,2026-06-14 01:22:50,0.6787977918626048,0
4248,0675,1,2026-06-14 01:22:50,0.4595174810877121,1
4249,0711,1,2026-06-14 01:22:50,0.7822531179717849,0
4250,0783,1,2026-06-14 01:22:50,0.0608260069515437,0
4251,0851,1,2026-06-14 01:22:50,0.2789818033122061,0
4252,0008,1,2026-06-14 01:23:00,0.6787977918626048,0
4253,0099,1,2026-06-14 01:23:00,0.4595174810877121,0
4254,0394,1,2026-06-14 01:23:00,0.6787977918626048,0
4255,0505,1,2026-06-14 01:23:00,0.0608260069515437,0
4256,0517,1,2026-06-14 01:23:00,0.5396646902473932,0
4257,0631,1,2026-06-14 01:23:00,0.6787977918626048,0
4258,0660,1,2026-06-14 01:23:00,0.6787977918626048,1
4259,0675,1,2026-06-14 01:23:00,0.4595174810877121,0
4260,0711,1,2026-06-14 01:23:00,0.7822531179717849,0
4261,0783,1,2026-06-14 01:23:00,0.0608260069515437,0
4262,0851,1,2026-06-14 01:23:00,0.2789818033122061,0
4263,0008,1,2026-06-14 01:23:10,0.6787977918626048,0
4264,0099,1,2026-06-14 01:23:10,0.4595174810877121,1
4265,0362,1,2026-06-14 01:23:10,0.1896340216724596,0
4266,0394,1,2026-06-14 01:23:10,0.6787977918626048,0
4267,0505,1,2026-06-14 01:23:10,0.0608260069515437,0
4268,0517,1,2026-06-14 01:23:10,0.5396646902473932,0
4269,0566,1,2026-06-14 01:23:10,0.1896340216724596,0
4270,0631,1,2026-06-14 01:23:10,0.6787977918626048,0
4271,0660,1,2026-06-14 01:23:10,0.6787977918626048,0
4272,0675,1,2026-06-14 01:23:10,0.4595174810877121,0
4273,0711,1,2026-06-14 01:23:10,0.7822531179717849,0
4274,0783,1,2026-06-14 01:23:10,0.0608260069515437,0
4275,0851,1,2026-06-14 01:23:10,0.2789818033122061,0
4276,0008,1,2026-06-14 01:23:20,0.6787977918626048,0
4277,0099,1,2026-06-14 01:23:20,0.4595174810877121,0
4278,0362,1,2026-06-14 01:23:20,0.1896340216724596,0
4279,0394,1,2026-06-14 01:23:20,0.6787977918626048,0
4280,0505,1,2026-06-14 01:23:20,0.0608260069515437,0
4281,0517,1,2026-06-14 01:23:20,0.5396646902473932,0
4282,0546,1,2026-06-14 01:23:20,0.1896340216724596,0
4283,0566,1,2026-06-14 01:23:20,0.1896340216724596,1
4284,0631,1,2026-06-14 01:23:20,0.6787977918626048,0
4285,0660,1,2026-06-14 01:23:20,0.6787977918626048,0
4286,0675,1,2026-06-14 01:23:20,0.4595174810877121,0
4287,0711,1,2026-06-14 01:23:20,0.7822531179717849,0
4288,0750,1,2026-06-14 01:23:20,1.0000000000000000,0
4289,0783,1,2026-06-14 01:23:20,0.0608260069515437,0
4290,0851,1,2026-06-14 01:23:20,0.2789818033122061,0
4291,0008,1,2026-06-14 01:23:30,0.6787977918626048,0
4292,0099,1,2026-06-14 01:23:30,0.4595174810877121,0
4293,0362,1,2026-06-14 01:23:30,0.1896340216724596,0
4294,0394,1,2026-06-14 01:23:30,0.6787977918626048,0
4295,0505,1,2026-06-14 01:23:30,0.0608260069515437,0
4296,0517,1,2026-06-14 01:23:30,0.5396646902473932,0
4297,0546,1,2026-06-14 01:23:30,0.1896340216724596,1
4298,0566,1,2026-06-14 01:23:30,0.1896340216724596,0
4299,0631,1,2026-06-14 01:23:30,0.6787977918626048,0
4300,0660,1,2026-06-14 01:23:30,0.6787977918626048,0
4301,0675,1,2026-06-14 01:23:30,0.4595174810877121,0
4302,0711,1,2026-06-14 01:23:30,0.7822531179717849,0
4303,0750,1,2026-06-14 01:23:30,1.0000000000000000,0
4304,0783,1,2026-06-14 01:23:30,0.0608260069515437,0
4305,0851,1,2026-06-14 01:23:30,0.2789818033122061,0
4306,0099,1,2026-06-14 01:23:40,0.4595174810877121,0
4307,0362,1,2026-06-14 01:23:40,0.1896340216724596,0
4308,0394,1,2026-06-14 01:23:40,0.6787977918626048,0
4309,0517,1,2026-06-14 01:23:40,0.5396646902473932,0
4310,0546,1,2026-06-14 01:23:40,0.1896340216724596,0
4311,0566,1,2026-06-14 01:23:40,0.1896340216724596,0
4312,0566,1,2026-06-14 01:23:40,0.1896340216724596,0
4313,0631,1,2026-06-14 01:23:40,0.6787977918626048,0
4314,0660,1,2026-06-14 01:23:40,0.6787977918626048,0
4315,0675,1,2026-06-14 01:23:40,0.4595174810877121,0
4316,0711,1,2026-06-14 01:23:40,0.7822531179717849,0
4317,0750,1,2026-06-14 01:23:40,1.0000000000000000,0
4318,0783,1,2026-06-14 01:23:40,0.0608260069515437,1
4319,0851,1,2026-06-14 01:23:40,0.2789818033122061,0
4320,0099,1,2026-06-14 01:23:50,0.4595174810877121,0
4321,0362,1,2026-06-14 01:23:50,0.1896340216724596,0
4322,0394,1,2026-06-14 01:23:50,0.6787977918626048,0
4323,0517,1,2026-06-14 01:23:50,0.5396646902473932,0
4324,0546,1,2026-06-14 01:23:50,0.1896340216724596,0
4325,0566,1,2026-06-14 01:23:50,0.1896340216724596,1
4326,0631,1,2026-06-14 01:23:50,0.6787977918626048,0
4327,0660,1,2026-06-14 01:23:50,0.6787977918626048,0
4328,0675,1,2026-06-14 01:23:50,0.4595174810877121,0
4329,0711,1,2026-06-14 01:23:50,0.7822531179717849,0
4330,0750,1,2026-06-14 01:23:50,1.0000000000000000,0
4331,0783,1,2026-06-14 01:23:50,0.0608260069515437,0
4332,0851,1,2026-06-14 01:23:50,0.2789818033122061,0
4333,0099,1,2026-06-14 01:24:00,0.4595174810877121,0
4334,0362,1,2026-06-14 01:24:00,0.1896340216724596,0
4335,0394,1,2026-06-14 01:24:00,0.6787977918626048,0
4336,0517,1,2026-06-14 01:24:00,0.5396646902473932,0
4337,0546,1,2026-06-14 01:24:00,0.1896340216724596,0
4338,0566,1,2026-06-14 01:24:00,0.1896340216724596,0
4339,0631,1,2026-06-14 01:24:00,0.6787977918626048,0
4340,0660,1,2026-06-14 01:24:00,0.6787977918626048,0
4341,0711,1,2026-06-14 01:24:00,0.7822531179717849,0
4342,0750,1,2026-06-14 01:24:00,1.0000000000000000,0
4343,0783,1,2026-06-14 01:24:00,0.0608260069515437,0
4344,0851,1,2026-06-14 01:24:00,0.2789818033122061,0
4345,0362,1,2026-06-14 01:24:10,0.1896340216724596,0
4346,0394,1,2026-06-14 01:24:10,0.6787977918626048,0
4347,0517,1,2026-06-14 01:24:10,0.5396646902473932,0
4348,0546,1,2026-06-14 01:24:10,0.1896340216724596,0
4349,0566,1,2026-06-14 01:24:10,0.1896340216724596,0
4350,0631,1,2026-06-14 01:24:10,0.6787977918626048,0
4351,0711,1,2026-06-14 01:24:10,0.7822531179717849,0
4352,0750,1,2026-06-14 01:24:10,1.0000000000000000,0
4353,0783,1,2026-06-14 01:24:10,0.0608260069515437,1
4354,0362,1,2026-06-14 01:24:20,0.1896340216724596,0
4355,0394,1,2026-06-14 01:24:20,0.6787977918626048,0
4356,0517,1,2026-06-14 01:24:20,0.5396646902473932,0
4357,0546,1,2026-06-14 01:24:20,0.1896340216724596,0
4358,0631,1,2026-06-14 01:24:20,0.6787977918626048,0
4359,0711,1,2026-06-14 01:24:20,0.7822531179717849,0
4360,0750,1,2026-06-14 01:24:20,1.0000000000000000,0
4361,0362,1,2026-06-14 01:24:30,0.1896340216724596,0
4362,0394,1,2026-06-14 01:24:30,0.6787977918626048,0
4363,0631,1,2026-06-14 01:24:30,0.6787977918626048,1
4364,0711,1,2026-06-14 01:24:30,0.7822531179717849,0
4365,0750,1,2026-06-14 01:24:30,1.0000000000000000,0
4366,0362,1,2026-06-14 01:24:40,0.1896340216724596,0
4367,0394,1,2026-06-14 01:24:40,0.6787977918626048,0
4368,0631,1,2026-06-14 01:24:40,0.6787977918626048,0
4369,0750,1,2026-06-14 01:24:40,1.0000000000000000,0
4370,0750,1,2026-06-14 01:24:50,1.0000000000000000,0
4371,0750,1,2026-06-14 01:25:00,1.0000000000000000,1
4372,0750,1,2026-06-14 01:25:10,1.0000000000000000,0
4373,0920,1,2026-06-14 01:29:50,1.0000000000000000,0
4374,0124,1,2026-06-14 01:30:00,0.0608260069515437,0
4375,0920,1,2026-06-14 01:30:00,1.0000000000000000,0
4376,0124,1,2026-06-14 01:30:10,0.0608260069515437,0
4377,0699,1,2026-06-14 01:30:10,0.2789818033122061,0
4378,0773,1,2026-06-14 01:30:10,0.3692496421999591,0
4379,0920,1,2026-06-14 01:30:10,1.0000000000000000,0
4380,0124,1,2026-06-14 01:30:20,0.0608260069515437,0
4381,0699,1,2026-06-14 01:30:20,0.2789818033122061,0
4382,0773,1,2026-06-14 01:30:20,0.3692496421999591,0
4383,0920,1,2026-06-14 01:30:20,1.0000000000000000,0
4384,0124,1,2026-06-14 01:30:30,0.0608260069515437,0
4385,0699,1,2026-06-14 01:30:30,0.2789818033122061,0
4386,0773,1,2026-06-14 01:30:30,0.3692496421999591,0
4387,0920,1,2026-06-14 01:30:30,1.0000000000000000,0
4388,0124,1,2026-06-14 01:30:40,0.0608260069515437,0
4389,0699,1,2026-06-14 01:30:40,0.2789818033122061,0
4390,0773,1,2026-06-14 01:30:40,0.3692496421999591,0
4391,0920,1,2026-06-14 01:30:40,1.0000000000000000,0
4392,0124,1,2026-06-14 01:30:50,0.0608260069515437,0
4393,0699,1,2026-06-14 01:30:50,0.2789818033122061,0
4394,0773,1,2026-06-14 01:30:50,0.3692496421999591,0
4395,0920,1,2026-06-14 01:30:50,1.0000000000000000,1
4396,0124,1,2026-06-14 01:31:00,0.0608260069515437,0
4397,0699,1,2026-06-14 01:31:00,0.2789818033122061,0
4398,0773,1,2026-06-14 01:31:00,0.3692496421999591,0
4399,0920,1,2026-06-14 01:31:00,1.0000000000000000,0
4400,0124,1,2026-06-14 01:31:10,0.0608260069515437,0
4401,0699,1,2026-06-14 01:31:10,0.2789818033122061,0
4402,0773,1,2026-06-14 01:31:10,0.3692496421999591,0
4403,0920,1,2026-06-14 01:31:10,1.0000000000000000,0
4404,0124,1,2026-06-14 01:31:20,0.0608260069515437,0
4405,0699,1,2026-06-14 01:31:20,0.2789818033122061,0
4406,0773,1,2026-06-14 01:31:20,0.3692496421999591,0
4407,0920,1,2026-06-14 01:31:20,1.0000000000000000,0
4408,0124,1,2026-06-14 01:31:30,0.0608260069515437,0
4409,0699,1,2026-06-14 01:31:30,0.2789818033122061,0
4410,0773,1,2026-06-14 01:31:30,0.3692496421999591,0
4411,0920,1,2026-06-14 01:31:30,1.0000000000000000,0
4412,0124,1,2026-06-14 01:31:40,0.0608260069515437,0
4413,0699,1,2026-06-14 01:31:40,0.2789818033122061,0
4414,0773,1,2026-06-14 01:31:40,0.3692496421999591,0
4415,0699,1,2026-06-14 01:31:50,0.2789818033122061,0
4416,0773,1,2026-06-14 01:31:50,0.3692496421999591,0
4417,0773,1,2026-06-14 01:32:00,0.3692496421999591,0
4418,0295,1,2026-06-14 01:32:10,0.6026374974442854,0
4419,0295,1,2026-06-14 01:32:20,0.6026374974442854,0
4420,0295,1,2026-06-14 01:32:30,0.6026374974442854,0
4421,0295,1,2026-06-14 01:32:40,0.6026374974442854,0
4422,0295,1,2026-06-14 01:32:50,0.6026374974442854,0
4423,0295,1,2026-06-14 01:33:00,0.6026374974442854,0
4424,0295,1,2026-06-14 01:33:10,0.6026374974442854,0
4425,0295,1,2026-06-14 01:33:20,0.6026374974442854,0
4426,0295,1,2026-06-14 01:33:30,0.6026374974442854,1
4427,0295,1,2026-06-14 01:33:40,0.6026374974442854,0
4428,0295,1,2026-06-14 01:33:50,0.6026374974442854,0
4429,0906,1,2026-06-14 02:59:40,0.5396646902473932,0
4430,0906,1,2026-06-14 02:59:50,0.5396646902473932,0
4431,0906,1,2026-06-14 03:00:00,0.5396646902473932,0
4432,0829,1,2026-06-14 03:00:10,0.4595174810877121,0
4433,0906,1,2026-06-14 03:00:10,0.5396646902473932,0
4434,0829,1,2026-06-14 03:00:20,0.4595174810877121,0
4435,0906,1,2026-06-14 03:00:20,0.5396646902473932,0
4436,0829,1,2026-06-14 03:00:30,0.4595174810877121,0
4437,0906,1,2026-06-14 03:00:30,0.5396646902473932,0
4438,0829,1,2026-06-14 03:00:40,0.4595174810877121,0
4439,0906,1,2026-06-14 03:00:40,0.5396646902473932,0
4440,0829,1,2026-06-14 03:00:50,0.4595174810877121,0
4441,0906,1,2026-06-14 03:00:50,0.5396646902473932,0
4442,0829,1,2026-06-14 03:01:00,0.4595174810877121,0
4443,0906,1,2026-06-14 03:01:00,0.5396646902473932,0
4444,0075,1,2026-06-14 03:01:10,0.6787977918626048,0
4445,0829,1,2026-06-14 03:01:10,0.4595174810877121,0
4446,0906,1,2026-06-14 03:01:10,0.5396646902473932,0
4447,0075,1,2026-06-14 03:01:20,0.6787977918626048,0
4448,0191,1,2026-06-14 03:01:20,0.1896340216724596,0
4449,0719,1,2026-06-14 03:01:20,0.3692496421999591,0
4450,0829,1,2026-06-14 03:01:20,0.4595174810877121,0
4451,0075,1,2026-06-14 03:01:30,0.6787977918626048,0
4452,0191,1,2026-06-14 03:01:30,0.1896340216724596,0
4453,0526,1,2026-06-14 03:01:30,1.0000000000000000,0
4454,0719,1,2026-06-14 03:01:30,0.3692496421999591,0
4455,0829,1,2026-06-14 03:01:30,0.4595174810877121,1
4456,0075,1,2026-06-14 03:01:40,0.6787977918626048,0
4457,0191,1,2026-06-14 03:01:40,0.1896340216724596,0
4458,0526,1,2026-06-14 03:01:40,1.0000000000000000,0
4459,0719,1,2026-06-14 03:01:40,0.3692496421999591,0
4460,0817,1,2026-06-14 03:01:40,0.3692496421999591,0
4461,0829,1,2026-06-14 03:01:40,0.4595174810877121,0
4462,0075,1,2026-06-14 03:01:50,0.6787977918626048,1
4463,0191,1,2026-06-14 03:01:50,0.1896340216724596,0
4464,0526,1,2026-06-14 03:01:50,1.0000000000000000,0
4465,0719,1,2026-06-14 03:01:50,0.3692496421999591,0
4466,0817,1,2026-06-14 03:01:50,0.3692496421999591,0
4467,0829,1,2026-06-14 03:01:50,0.4595174810877121,0
4468,0932,1,2026-06-14 03:01:50,0.1247188713964424,0
4469,0075,1,2026-06-14 03:02:00,0.6787977918626048,0
4470,0191,1,2026-06-14 03:02:00,0.1896340216724596,0
4471,0526,1,2026-06-14 03:02:00,1.0000000000000000,0
4472,0719,1,2026-06-14 03:02:00,0.3692496421999591,0
4473,0817,1,2026-06-14 03:02:00,0.3692496421999591,0
4474,0829,1,2026-06-14 03:02:00,0.4595174810877121,0
4475,0932,1,2026-06-14 03:02:00,0.1247188713964424,0
4476,0075,1,2026-06-14 03:02:10,0.6787977918626048,0
4477,0191,1,2026-06-14 03:02:10,0.1896340216724596,0
4478,0526,1,2026-06-14 03:02:10,1.0000000000000000,0
4479,0719,1,2026-06-14 03:02:10,0.3692496421999591,0
4480,0817,1,2026-06-14 03:02:10,0.3692496421999591,0
4481,0932,1,2026-06-14 03:02:10,0.1247188713964424,0
4482,0075,1,2026-06-14 03:02:20,0.6787977918626048,0
4483,0191,1,2026-06-14 03:02:20,0.1896340216724596,0
4484,0321,1,2026-06-14 03:02:20,0.9248619914127990,0
4485,0526,1,2026-06-14 03:02:20,1.0000000000000000,0
4486,0719,1,2026-06-14 03:02:20,0.3692496421999591,0
4487,0817,1,2026-06-14 03:02:20,0.3692496421999591,0
4488,0866,1,2026-06-14 03:02:20,0.1896340216724596,1
4489,0932,1,2026-06-14 03:02:20,0.1247188713964424,0
4490,0075,1,2026-06-14 03:02:30,0.6787977918626048,0
4491,0191,1,2026-06-14 03:02:30,0.1896340216724596,0
4492,0321,1,2026-06-14 03:02:30,0.9248619914127990,1
4493,0526,1,2026-06-14 03:02:30,1.0000000000000000,0
4494,0719,1,2026-06-14 03:02:30,0.3692496421999591,0
4495,0799,1,2026-06-14 03:02:30,0.7822531179717849,0
4496,0817,1,2026-06-14 03:02:30,0.3692496421999591,0
4497,0866,1,2026-06-14 03:02:30,0.1896340216724596,0
4498,0932,1,2026-06-14 03:02:30,0.1247188713964424,0
4499,0075,1,2026-06-14 03:02:40,0.6787977918626048,0
4500,0191,1,2026-06-14 03:02:40,0.1896340216724596,0
4501,0321,1,2026-06-14 03:02:40,0.9248619914127990,0
4502,0526,1,2026-06-14 03:02:40,1.0000000000000000,0
4503,0592,1,2026-06-14 03:02:40,0.6787977918626048,0
4504,0719,1,2026-06-14 03:02:40,0.3692496421999591,0
4505,0799,1,2026-06-14 03:02:40,0.7822531179717849,1
4506,0866,1,2026-06-14 03:02:40,0.1896340216724596,0
4507,0932,1,2026-06-14 03:02:40,0.1247188713964424,0
4508,0075,1,2026-06-14 03:02:50,0.6787977918626048,0
4509,0321,1,2026-06-14 03:02:50,0.9248619914127990,0
4510,0526,1,2026-06-14 03:02:50,1.0000000000000000,0
4511,0592,1,2026-06-14 03:02:50,0.6787977918626048,0
4512,0719,1,2026-06-14 03:02:50,0.3692496421999591,0
4513,0799,1,2026-06-14 03:02:50,0.7822531179717849,0
4514,0826,1,2026-06-14 03:02:50,0.2789818033122061,1
4515,0866,1,2026-06-14 03:02:50,0.1896340216724596,0
4516,0932,1,2026-06-14 03:02:50,0.1247188713964424,0
4517,0321,1,2026-06-14 03:03:00,0.9248619914127990,0
4518,0365,1,2026-06-14 03:03:00,0.2789818033122061,1
4519,0592,1,2026-06-14 03:03:00,0.6787977918626048,0
4520,0799,1,2026-06-14 03:03:00,0.7822531179717849,0
4521,0826,1,2026-06-14 03:03:00,0.2789818033122061,0
4522,0866,1,2026-06-14 03:03:00,0.1896340216724596,0
4523,0876,1,2026-06-14 03:03:00,0.1896340216724596,0
4524,0932,1,2026-06-14 03:03:00,0.1247188713964424,0
4525,0321,1,2026-06-14 03:03:10,0.9248619914127990,0
4526,0365,1,2026-06-14 03:03:10,0.2789818033122061,0
4527,0592,1,2026-06-14 03:03:10,0.6787977918626048,0
4528,0799,1,2026-06-14 03:03:10,0.7822531179717849,0
4529,0826,1,2026-06-14 03:03:10,0.2789818033122061,0
4530,0866,1,2026-06-14 03:03:10,0.1896340216724596,0
4531,0876,1,2026-06-14 03:03:10,0.1896340216724596,1
4532,0932,1,2026-06-14 03:03:10,0.1247188713964424,0
4533,0211,1,2026-06-14 03:03:20,0.6787977918626048,0
4534,0321,1,2026-06-14 03:03:20,0.9248619914127990,0
4535,0365,1,2026-06-14 03:03:20,0.2789818033122061,0
4536,0592,1,2026-06-14 03:03:20,0.6787977918626048,0
4537,0799,1,2026-06-14 03:03:20,0.7822531179717849,0
4538,0826,1,2026-06-14 03:03:20,0.2789818033122061,0
4539,0866,1,2026-06-14 03:03:20,0.1896340216724596,0
4540,0876,1,2026-06-14 03:03:20,0.1896340216724596,0
4541,0932,1,2026-06-14 03:03:20,0.1247188713964424,0
4542,0211,1,2026-06-14 03:03:30,0.6787977918626048,0
4543,0321,1,2026-06-14 03:03:30,0.9248619914127990,0
4544,0365,1,2026-06-14 03:03:30,0.2789818033122061,0
4545,0457,1,2026-06-14 03:03:30,0.6026374974442854,0
4546,0592,1,2026-06-14 03:03:30,0.6787977918626048,0
4547,0598,1,2026-06-14 03:03:30,0.1247188713964424,1
4548,0799,1,2026-06-14 03:03:30,0.7822531179717849,0
4549,0826,1,2026-06-14 03:03:30,0.2789818033122061,0
4550,0866,1,2026-06-14 03:03:30,0.1896340216724596,0
4551,0876,1,2026-06-14 03:03:30,0.1896340216724596,0
4552,0932,1,2026-06-14 03:03:30,0.1247188713964424,0
4553,0211,1,2026-06-14 03:03:40,0.6787977918626048,0
4554,0321,1,2026-06-14 03:03:40,0.9248619914127990,0
4555,0365,1,2026-06-14 03:03:40,0.2789818033122061,0
4556,0457,1,2026-06-14 03:03:40,0.6026374974442854,0
4557,0592,1,2026-06-14 03:03:40,0.6787977918626048,0
4558,0598,1,2026-06-14 03:03:40,0.1247188713964424,0
4559,0799,1,2026-06-14 03:03:40,0.7822531179717849,0
4560,0826,1,2026-06-14 03:03:40,0.2789818033122061,0
4561,0866,1,2026-06-14 03:03:40,0.1896340216724596,0
4562,0876,1,2026-06-14 03:03:40,0.1896340216724596,0
4563,0211,1,2026-06-14 03:03:50,0.6787977918626048,1
4564,0321,1,2026-06-14 03:03:50,0.9248619914127990,0
4565,0365,1,2026-06-14 03:03:50,0.2789818033122061,0
4566,0457,1,2026-06-14 03:03:50,0.6026374974442854,0
4567,0598,1,2026-06-14 03:03:50,0.1247188713964424,0
4568,0799,1,2026-06-14 03:03:50,0.7822531179717849,0
4569,0826,1,2026-06-14 03:03:50,0.2789818033122061,0
4570,0866,1,2026-06-14 03:03:50,0.1896340216724596,0
4571,0876,1,2026-06-14 03:03:50,0.1896340216724596,0
4572,0211,1,2026-06-14 03:04:00,0.6787977918626048,0
4573,0321,1,2026-06-14 03:04:00,0.9248619914127990,0
4574,0365,1,2026-06-14 03:04:00,0.2789818033122061,0
4575,0457,1,2026-06-14 03:04:00,0.6026374974442854,0
4576,0598,1,2026-06-14 03:04:00,0.1247188713964424,0
4577,0799,1,2026-06-14 03:04:00,0.7822531179717849,0
4578,0826,1,2026-06-14 03:04:00,0.2789818033122061,0
4579,0866,1,2026-06-14 03:04:00,0.1896340216724596,0
4580,0876,1,2026-06-14 03:04:00,0.1896340216724596,0
4581,0211,1,2026-06-14 03:04:10,0.6787977918626048,0
4582,0321,1,2026-06-14 03:04:10,0.9248619914127990,0
4583,0365,1,2026-06-14 03:04:10,0.2789818033122061,0
4584,0457,1,2026-06-14 03:04:10,0.6026374974442854,0
4585,0598,1,2026-06-14 03:04:10,0.1247188713964424,0
4586,0799,1,2026-06-14 03:04:10,0.7822531179717849,0
4587,0826,1,2026-06-14 03:04:10,0.2789818033122061,0
4588,0866,1,2026-06-14 03:04:10,0.1896340216724596,0
4589,0876,1,2026-06-14 03:04:10,0.1896340216724596,0
4590,0211,1,2026-06-14 03:04:20,0.6787977918626048,0
4591,0365,1,2026-06-14 03:04:20,0.2789818033122061,0
4592,0457,1,2026-06-14 03:04:20,0.6026374974442854,1
4593,0598,1,2026-06-14 03:04:20,0.1247188713964424,0
4594,0826,1,2026-06-14 03:04:20,0.2789818033122061,0
4595,0876,1,2026-06-14 03:04:20,0.1896340216724596,0
4596,0955,1,2026-06-14 03:04:20,0.3692496421999591,0
4597,0211,1,2026-06-14 03:04:30,0.6787977918626048,0
4598,0293,1,2026-06-14 03:04:30,0.6026374974442854,0
4599,0365,1,2026-06-14 03:04:30,0.2789818033122061,0
4600,0457,1,2026-06-14 03:04:30,0.6026374974442854,0
4601,0826,1,2026-06-14 03:04:30,0.2789818033122061,0
4602,0876,1,2026-06-14 03:04:30,0.1896340216724596,0
4603,0900,1,2026-06-14 03:04:30,0.3692496421999591,0
4604,0955,1,2026-06-14 03:04:30,0.3692496421999591,0
4605,0293,1,2026-06-14 03:04:40,0.6026374974442854,0
4606,0365,1,2026-06-14 03:04:40,0.2789818033122061,0
4607,0826,1,2026-06-14 03:04:40,0.2789818033122061,0
4608,0876,1,2026-06-14 03:04:40,0.1896340216724596,0
4609,0900,1,2026-06-14 03:04:40,0.3692496421999591,0
4610,0955,1,2026-06-14 03:04:40,0.3692496421999591,0
4611,0293,1,2026-06-14 03:04:50,0.6026374974442854,0
4612,0473,1,2026-06-14 03:04:50,1.0000000000000000,0
4613,0900,1,2026-06-14 03:04:50,0.3692496421999591,0
4614,0955,1,2026-06-14 03:04:50,0.3692496421999591,0
4615,0293,1,2026-06-14 03:05:00,0.6026374974442854,0
4616,0473,1,2026-06-14 03:05:00,1.0000000000000000,0
4617,0900,1,2026-06-14 03:05:00,0.3692496421999591,0
4618,0955,1,2026-06-14 03:05:00,0.3692496421999591,0
4619,0293,1,2026-06-14 03:05:10,0.6026374974442854,0
4620,0473,1,2026-06-14 03:05:10,1.0000000000000000,0
4621,0900,1,2026-06-14 03:05:10,0.3692496421999591,0
4622,0955,1,2026-06-14 03:05:10,0.3692496421999591,0
4623,0293,1,2026-06-14 03:05:20,0.6026374974442854,0
4624,0473,1,2026-06-14 03:05:20,1.0000000000000000,0
4625,0900,1,2026-06-14 03:05:20,0.3692496421999591,0
4626,0955,1,2026-06-14 03:05:20,0.3692496421999591,0
4627,0293,1,2026-06-14 03:05:30,0.6026374974442854,0
4628,0473,1,2026-06-14 03:05:30,1.0000000000000000,0
4629,0900,1,2026-06-14 03:05:30,0.3692496421999591,0
4630,0955,1,2026-06-14 03:05:30,0.3692496421999591,1
4631,0293,1,2026-06-14 03:05:40,0.6026374974442854,0
4632,0473,1,2026-06-14 03:05:40,1.0000000000000000,0
4633,0900,1,2026-06-14 03:05:40,0.3692496421999591,0
4634,0955,1,2026-06-14 03:05:40,0.3692496421999591,0
4635,0293,1,2026-06-14 03:05:50,0.6026374974442854,0
4636,0473,1,2026-06-14 03:05:50,1.0000000000000000,0
4637,0900,1,2026-06-14 03:05:50,0.3692496421999591,0
4638,0293,1,2026-06-14 03:06:00,0.6026374974442854,0
4639,0343,1,2026-06-14 03:06:00,0.4595174810877121,0
4640,0473,1,2026-06-14 03:06:00,1.0000000000000000,0
4641,0656,1,2026-06-14 03:06:00,0.3692496421999591,0
4642,0900,1,2026-06-14 03:06:00,0.3692496421999591,0
4643,0078,1,2026-06-14 03:06:10,0.5396646902473932,0
4644,0293,1,2026-06-14 03:06:10,0.6026374974442854,0
4645,0343,1,2026-06-14 03:06:10,0.4595174810877121,0
4646,0473,1,2026-06-14 03:06:10,1.0000000000000000,0
4647,0656,1,2026-06-14 03:06:10,0.3692496421999591,0
4648,0900,1,2026-06-14 03:06:10,0.3692496421999591,0
4649,0078,1,2026-06-14 03:06:20,0.5396646902473932,0
4650,0343,1,2026-06-14 03:06:20,0.4595174810877121,0
4651,0473,1,2026-06-14 03:06:20,1.0000000000000000,0
4652,0656,1,2026-06-14 03:06:20,0.3692496421999591,0
4653,0078,1,2026-06-14 03:06:30,0.5396646902473932,0
4654,0343,1,2026-06-14 03:06:30,0.4595174810877121,0
4655,0473,1,2026-06-14 03:06:30,1.0000000000000000,0
4656,0656,1,2026-06-14 03:06:30,0.3692496421999591,0
4657,0078,1,2026-06-14 03:06:40,0.5396646902473932,0
4658,0078,1,2026-06-14 03:06:40,0.5396646902473932,0
4659,0343,1,2026-06-14 03:06:40,0.4595174810877121,0
4660,0656,1,2026-06-14 03:06:40,0.3692496421999591,0
4661,0078,1,2026-06-14 03:06:50,0.5396646902473932,0
4662,0078,1,2026-06-14 03:06:50,0.5396646902473932,1
4663,0343,1,2026-06-14 03:06:50,0.4595174810877121,0
4664,0656,1,2026-06-14 03:06:50,0.3692496421999591,0
4665,0078,1,2026-06-14 03:07:00,0.5396646902473932,0
4666,0078,1,2026-06-14 03:07:00,0.5396646902473932,0
4667,0343,1,2026-06-14 03:07:00,0.4595174810877121,0
4668,0656,1,2026-06-14 03:07:00,0.3692496421999591,0
4669,0078,1,2026-06-14 03:07:10,0.5396646902473932,0
4670,0078,1,2026-06-14 03:07:10,0.5396646902473932,0
4671,0343,1,2026-06-14 03:07:10,0.4595174810877121,0
4672,0656,1,2026-06-14 03:07:10,0.3692496421999591,0
4673,0078,1,2026-06-14 03:07:20,0.5396646902473932,1
4674,0078,1,2026-06-14 03:07:20,0.5396646902473932,0
4675,0343,1,2026-06-14 03:07:20,0.4595174810877121,0
4676,0656,1,2026-06-14 03:07:20,0.3692496421999591,0
4677,0078,1,2026-06-14 03:07:30,0.5396646902473932,0
4678,0343,1,2026-06-14 03:07:30,0.4595174810877121,0
4679,0656,1,2026-06-14 03:07:30,0.3692496421999591,0
4680,0078,1,2026-06-14 03:07:40,0.5396646902473932,0
4681,0343,1,2026-06-14 03:07:40,0.4595174810877121,0
4682,0656,1,2026-06-14 03:07:40,0.3692496421999591,0
4683,0078,1,2026-06-14 03:07:50,0.5396646902473932,0
4684,0078,1,2026-06-14 03:07:50,0.5396646902473932,0
4685,0292,1,2026-06-14 03:09:30,1.0000000000000000,0
4686,0749,1,2026-06-14 03:09:30,0.6787977918626048,0
4687,0292,1,2026-06-14 03:09:40,1.0000000000000000,0
4688,0641,1,2026-06-14 03:09:40,0.0608260069515437,0
4689,0749,1,2026-06-14 03:09:40,0.6787977918626048,0
4690,0219,1,2026-06-14 03:09:50,0.4595174810877121,0
4691,0292,1,2026-06-14 03:09:50,1.0000000000000000,0
4692,0641,1,2026-06-14 03:09:50,0.0608260069515437,0
4693,0749,1,2026-06-14 03:09:50,0.6787977918626048,0
4694,0219,1,2026-06-14 03:10:00,0.4595174810877121,0
4695,0292,1,2026-06-14 03:10:00,1.0000000000000000,0
4696,0641,1,2026-06-14 03:10:00,0.0608260069515437,0
4697,0749,1,2026-06-14 03:10:00,0.6787977918626048,0
4698,0749,1,2026-06-14 03:10:00,0.6787977918626048,0
4699,0219,1,2026-06-14 03:10:10,0.4595174810877121,0
4700,0292,1,2026-06-14 03:10:10,1.0000000000000000,0
4701,0641,1,2026-06-14 03:10:10,0.0608260069515437,0
4702,0749,1,2026-06-14 03:10:10,0.6787977918626048,0
4703,0749,1,2026-06-14 03:10:10,0.6787977918626048,0
4704,0914,1,2026-06-14 03:10:10,0.9248619914127990,0
4705,0219,1,2026-06-14 03:10:20,0.4595174810877121,0
4706,0292,1,2026-06-14 03:10:20,1.0000000000000000,0
4707,0641,1,2026-06-14 03:10:20,0.0608260069515437,0
4708,0749,1,2026-06-14 03:10:20,0.6787977918626048,0
4709,0749,1,2026-06-14 03:10:20,0.6787977918626048,0
4710,0914,1,2026-06-14 03:10:20,0.9248619914127990,0
4711,0219,1,2026-06-14 03:10:30,0.4595174810877121,0
4712,0292,1,2026-06-14 03:10:30,1.0000000000000000,0
4713,0354,1,2026-06-14 03:10:30,0.6026374974442854,0
4714,0641,1,2026-06-14 03:10:30,0.0608260069515437,0
4715,0749,1,2026-06-14 03:10:30,0.6787977918626048,0
4716,0749,1,2026-06-14 03:10:30,0.6787977918626048,0
4717,0800,1,2026-06-14 03:10:30,0.7822531179717849,0
4718,0914,1,2026-06-14 03:10:30,0.9248619914127990,0
4719,0219,1,2026-06-14 03:10:40,0.4595174810877121,0
4720,0292,1,2026-06-14 03:10:40,1.0000000000000000,0
4721,0354,1,2026-06-14 03:10:40,0.6026374974442854,0
4722,0641,1,2026-06-14 03:10:40,0.0608260069515437,0
4723,0749,1,2026-06-14 03:10:40,0.6787977918626048,0
4724,0749,1,2026-06-14 03:10:40,0.6787977918626048,0
4725,0800,1,2026-06-14 03:10:40,0.7822531179717849,0
4726,0914,1,2026-06-14 03:10:40,0.9248619914127990,0
4727,0219,1,2026-06-14 03:10:50,0.4595174810877121,0
4728,0292,1,2026-06-14 03:10:50,1.0000000000000000,0
4729,0354,1,2026-06-14 03:10:50,0.6026374974442854,1
4730,0641,1,2026-06-14 03:10:50,0.0608260069515437,0
4731,0749,1,2026-06-14 03:10:50,0.6787977918626048,0
4732,0800,1,2026-06-14 03:10:50,0.7822531179717849,0
4733,0914,1,2026-06-14 03:10:50,0.9248619914127990,0
4734,0219,1,2026-06-14 03:11:00,0.4595174810877121,0
4735,0354,1,2026-06-14 03:11:00,0.6026374974442854,0
4736,0641,1,2026-06-14 03:11:00,0.0608260069515437,0
4737,0749,1,2026-06-14 03:11:00,0.6787977918626048,0
4738,0800,1,2026-06-14 03:11:00,0.7822531179717849,0
4739,0914,1,2026-06-14 03:11:00,0.9248619914127990,0
4740,0219,1,2026-06-14 03:11:10,0.4595174810877121,0
4741,0354,1,2026-06-14 03:11:10,0.6026374974442854,0
4742,0641,1,2026-06-14 03:11:10,0.0608260069515437,0
4743,0749,1,2026-06-14 03:11:10,0.6787977918626048,0
4744,0800,1,2026-06-14 03:11:10,0.7822531179717849,0
4745,0914,1,2026-06-14 03:11:10,0.9248619914127990,0
4746,0219,1,2026-06-14 03:11:20,0.4595174810877121,0
4747,0354,1,2026-06-14 03:11:20,0.6026374974442854,0
4748,0641,1,2026-06-14 03:11:20,0.0608260069515437,0
4749,0800,1,2026-06-14 03:11:20,0.7822531179717849,0
4750,0914,1,2026-06-14 03:11:20,0.9248619914127990,0
4751,0219,1,2026-06-14 03:11:30,0.4595174810877121,0
4752,0354,1,2026-06-14 03:11:30,0.6026374974442854,0
4753,0641,1,2026-06-14 03:11:30,0.0608260069515437,0
4754,0870,1,2026-06-14 03:11:30,0.7822531179717849,0
4755,0914,1,2026-06-14 03:11:30,0.9248619914127990,0
4756,0219,1,2026-06-14 03:11:40,0.4595174810877121,0
4757,0354,1,2026-06-14 03:11:40,0.6026374974442854,0
4758,0870,1,2026-06-14 03:11:40,0.7822531179717849,0
4759,0914,1,2026-06-14 03:11:40,0.9248619914127990,0
4760,0354,1,2026-06-14 03:11:50,0.6026374974442854,0
4761,0870,1,2026-06-14 03:11:50,0.7822531179717849,0
4762,0914,1,2026-06-14 03:11:50,0.9248619914127990,0
4763,0354,1,2026-06-14 03:12:00,0.6026374974442854,0
4764,0870,1,2026-06-14 03:12:00,0.7822531179717849,0
4765,0354,1,2026-06-14 03:12:10,0.6026374974442854,0
4766,0870,1,2026-06-14 03:12:10,0.7822531179717849,0
4767,0870,1,2026-06-14 03:12:20,0.7822531179717849,0
4768,0870,1,2026-06-14 03:12:30,0.7822531179717849,0
4769,0342,1,2026-06-14 04:33:50,0.4595174810877121,0
4770,0342,1,2026-06-14 04:34:00,0.4595174810877121,0
4771,0342,1,2026-06-14 04:34:10,0.4595174810877121,0
4772,0469,1,2026-06-14 04:34:10,0.5396646902473932,0
4773,0342,1,2026-06-14 04:34:20,0.4595174810877121,0
4774,0469,1,2026-06-14 04:34:20,0.5396646902473932,0
4775,0342,1,2026-06-14 04:34:30,0.4595174810877121,0
4776,0469,1,2026-06-14 04:34:30,0.5396646902473932,0
4777,0577,1,2026-06-14 04:34:30,0.8509507258229401,0
4778,0328,1,2026-06-14 04:34:40,0.7822531179717849,0
4779,0342,1,2026-06-14 04:34:40,0.4595174810877121,1
4780,0469,1,2026-06-14 04:34:40,0.5396646902473932,0
4781,0577,1,2026-06-14 04:34:40,0.8509507258229401,0
4782,0328,1,2026-06-14 04:34:50,0.7822531179717849,0
4783,0342,1,2026-06-14 04:34:50,0.4595174810877121,0
4784,0469,1,2026-06-14 04:34:50,0.5396646902473932,0
4785,0507,1,2026-06-14 04:34:50,0.6026374974442854,0
4786,0577,1,2026-06-14 04:34:50,0.8509507258229401,0
4787,0328,1,2026-06-14 04:35:00,0.7822531179717849,0
4788,0342,1,2026-06-14 04:35:00,0.4595174810877121,0
4789,0469,1,2026-06-14 04:35:00,0.5396646902473932,1
4790,0507,1,2026-06-14 04:35:00,0.6026374974442854,0
4791,0577,1,2026-06-14 04:35:00,0.8509507258229401,0
4792,0328,1,2026-06-14 04:35:10,0.7822531179717849,0
4793,0342,1,2026-06-14 04:35:10,0.4595174810877121,0
4794,0469,1,2026-06-14 04:35:10,0.5396646902473932,0
4795,0507,1,2026-06-14 04:35:10,0.6026374974442854,0
4796,0577,1,2026-06-14 04:35:10,0.8509507258229401,0
4797,0328,1,2026-06-14 04:35:20,0.7822531179717849,0
4798,0342,1,2026-06-14 04:35:20,0.4595174810877121,0
4799,0469,1,2026-06-14 04:35:20,0.5396646902473932,0
4800,0507,1,2026-06-14 04:35:20,0.6026374974442854,0
4801,0577,1,2026-06-14 04:35:20,0.8509507258229401,0
4802,0328,1,2026-06-14 04:35:30,0.7822531179717849,0
4803,0342,1,2026-06-14 04:35:30,0.4595174810877121,0
4804,0469,1,2026-06-14 04:35:30,0.5396646902473932,0
4805,0507,1,2026-06-14 04:35:30,0.6026374974442854,0
4806,0577,1,2026-06-14 04:35:30,0.8509507258229401,0
4807,0328,1,2026-06-14 04:35:40,0.7822531179717849,0
4808,0342,1,2026-06-14 04:35:40,0.4595174810877121,0
4809,0507,1,2026-06-14 04:35:40,0.6026374974442854,0
4810,0577,1,2026-06-14 04:35:40,0.8509507258229401,0
4811,0328,1,2026-06-14 04:35:50,0.7822531179717849,0
4812,0507,1,2026-06-14 04:35:50,0.6026374974442854,0
4813,0577,1,2026-06-14 04:35:50,0.8509507258229401,0
4814,0328,1,2026-06-14 04:36:00,0.7822531179717849,0
4815,0507,1,2026-06-14 04:36:00,0.6026374974442854,0
4816,0577,1,2026-06-14 04:36:00,0.8509507258229401,0
4817,0328,1,2026-06-14 04:36:10,0.7822531179717849,0
4818,0507,1,2026-06-14 04:36:10,0.6026374974442854,0
4819,0577,1,2026-06-14 04:36:10,0.8509507258229401,0
4820,0328,1,2026-06-14 04:36:20,0.7822531179717849,0
4821,0507,1,2026-06-14 04:36:20,0.6026374974442854,0
4822,0577,1,2026-06-14 04:36:20,0.8509507258229401,0
4823,0328,1,2026-06-14 04:36:30,0.7822531179717849,0
4824,0507,1,2026-06-14 04:36:30,0.6026374974442854,0
4825,0701,1,2026-06-14 04:38:00,0.8509507258229401,0
4826,0701,1,2026-06-14 04:38:10,0.8509507258229401,0
4827,0701,1,2026-06-14 04:38:20,0.8509507258229401,0
4828,0701,1,2026-06-14 04:38:30,0.8509507258229401,0
4829,0761,1,2026-06-14 04:38:30,0.3692496421999591,0
4830,0701,1,2026-06-14 04:38:40,0.8509507258229401,0
4831,0761,1,2026-06-14 04:38:40,0.3692496421999591,0
4832,0701,1,2026-06-14 04:38:50,0.8509507258229401,0
4833,0761,1,2026-06-14 04:38:50,0.3692496421999591,0
4834,0701,1,2026-06-14 04:39:00,0.8509507258229401,0
4835,0761,1,2026-06-14 04:39:00,0.3692496421999591,0
4836,0701,1,2026-06-14 04:39:10,0.8509507258229401,0
4837,0761,1,2026-06-14 04:39:10,0.3692496421999591,0
4838,0701,1,2026-06-14 04:39:20,0.8509507258229401,0
4839,0761,1,2026-06-14 04:39:20,0.3692496421999591,0
4840,0701,1,2026-06-14 04:39:30,0.8509507258229401,0
4841,0761,1,2026-06-14 04:39:30,0.3692496421999591,0
4842,0865,1,2026-06-14 04:39:30,0.8509507258229401,0
4843,0701,1,2026-06-14 04:39:40,0.8509507258229401,0
4844,0761,1,2026-06-14 04:39:40,0.3692496421999591,0
4845,0865,1,2026-06-14 04:39:40,0.8509507258229401,0
4846,0701,1,2026-06-14 04:39:50,0.8509507258229401,0
4847,0761,1,2026-06-14 04:39:50,0.3692496421999591,0
4848,0865,1,2026-06-14 04:39:50,0.8509507258229401,0
4849,0761,1,2026-06-14 04:40:00,0.3692496421999591,1
4850,0865,1,2026-06-14 04:40:00,0.8509507258229401,0
4851,0761,1,2026-06-14 04:40:10,0.3692496421999591,0
4852,0865,1,2026-06-14 04:40:10,0.8509507258229401,0
4853,0865,1,2026-06-14 04:40:20,0.8509507258229401,0
4854,0865,1,2026-06-14 04:40:30,0.8509507258229401,0
4855,0865,1,2026-06-14 04:40:40,0.8509507258229401,0
4856,0865,1,2026-06-14 04:40:50,0.8509507258229401,0
4857,0865,1,2026-06-14 04:41:00,0.8509507258229401,0
4858,0865,1,2026-06-14 04:41:10,0.8509507258229401,0
4859,0039,1,2026-06-14 04:41:20,0.1896340216724596,0
4860,0039,1,2026-06-14 04:41:30,0.1896340216724596,0
4861,0024,1,2026-06-14 04:41:40,0.2789818033122061,0
4862,0039,1,2026-06-14 04:41:40,0.1896340216724596,0
4863,0472,1,2026-06-14 04:41:40,0.7822531179717849,0
4864,0024,1,2026-06-14 04:41:50,0.2789818033122061,0
4865,0039,1,2026-06-14 04:41:50,0.1896340216724596,0
4866,0472,1,2026-06-14 04:41:50,0.7822531179717849,0
4867,0639,1,2026-06-14 04:41:50,0.1896340216724596,1
4868,0737,1,2026-06-14 04:41:50,0.8509507258229401,0
4869,0024,1,2026-06-14 04:42:00,0.2789818033122061,0
4870,0039,1,2026-06-14 04:42:00,0.1896340216724596,0
4871,0472,1,2026-06-14 04:42:00,0.7822531179717849,0
4872,0639,1,2026-06-14 04:42:00,0.1896340216724596,0
4873,0737,1,2026-06-14 04:42:00,0.8509507258229401,0
4874,0024,1,2026-06-14 04:42:10,0.2789818033122061,0
4875,0039,1,2026-06-14 04:42:10,0.1896340216724596,0
4876,0148,1,2026-06-14 04:42:10,0.8509507258229401,0
4877,0370,1,2026-06-14 04:42:10,0.3692496421999591,0
4878,0470,1,2026-06-14 04:42:10,0.1896340216724596,0
4879,0472,1,2026-06-14 04:42:10,0.7822531179717849,0
4880,0639,1,2026-06-14 04:42:10,0.1896340216724596,0
4881,0737,1,2026-06-14 04:42:10,0.8509507258229401,0
4882,0024,1,2026-06-14 04:42:20,0.2789818033122061,0
4883,0039,1,2026-06-14 04:42:20,0.1896340216724596,0
4884,0148,1,2026-06-14 04:42:20,0.8509507258229401,0
4885,0370,1,2026-06-14 04:42:20,0.3692496421999591,0
4886,0470,1,2026-06-14 04:42:20,0.1896340216724596,0
4887,0472,1,2026-06-14 04:42:20,0.7822531179717849,0
4888,0639,1,2026-06-14 04:42:20,0.1896340216724596,1
4889,0647,1,2026-06-14 04:42:20,0.7822531179717849,0
4890,0737,1,2026-06-14 04:42:20,0.8509507258229401,0
4891,0024,1,2026-06-14 04:42:30,0.2789818033122061,0
4892,0039,1,2026-06-14 04:42:30,0.1896340216724596,0
4893,0115,1,2026-06-14 04:42:30,0.1247188713964424,0
4894,0148,1,2026-06-14 04:42:30,0.8509507258229401,0
4895,0370,1,2026-06-14 04:42:30,0.3692496421999591,0
4896,0470,1,2026-06-14 04:42:30,0.1896340216724596,0
4897,0472,1,2026-06-14 04:42:30,0.7822531179717849,0
4898,0647,1,2026-06-14 04:42:30,0.7822531179717849,0
4899,0737,1,2026-06-14 04:42:30,0.8509507258229401,0
4900,0024,1,2026-06-14 04:42:40,0.2789818033122061,0
4901,0115,1,2026-06-14 04:42:40,0.1247188713964424,0
4902,0148,1,2026-06-14 04:42:40,0.8509507258229401,0
4903,0370,1,2026-06-14 04:42:40,0.3692496421999591,0
4904,0470,1,2026-06-14 04:42:40,0.1896340216724596,0
4905,0472,1,2026-06-14 04:42:40,0.7822531179717849,0
4906,0647,1,2026-06-14 04:42:40,0.7822531179717849,0
4907,0737,1,2026-06-14 04:42:40,0.8509507258229401,0
4908,0024,1,2026-06-14 04:42:50,0.2789818033122061,0
4909,0115,1,2026-06-14 04:42:50,0.1247188713964424,0
4910,0148,1,2026-06-14 04:42:50,0.8509507258229401,0
4911,0206,1,2026-06-14 04:42:50,0.8509507258229401,0
4912,0370,1,2026-06-14 04:42:50,0.3692496421999591,0
4913,0470,1,2026-06-14 04:42:50,0.1896340216724596,0
4914,0472,1,2026-06-14 04:42:50,0.7822531179717849,0
4915,0647,1,2026-06-14 04:42:50,0.7822531179717849,0
4916,0737,1,2026-06-14 04:42:50,0.8509507258229401,0
4917,0024,1,2026-06-14 04:43:00,0.2789818033122061,0
4918,0115,1,2026-06-14 04:43:00,0.1247188713964424,0
4919,0148,1,2026-06-14 04:43:00,0.8509507258229401,0
4920,0206,1,2026-06-14 04:43:00,0.8509507258229401,0
4921,0370,1,2026-06-14 04:43:00,0.3692496421999591,0
4922,0470,1,2026-06-14 04:43:00,0.1896340216724596,0
4923,0472,1,2026-06-14 04:43:00,0.7822531179717849,0
4924,0647,1,2026-06-14 04:43:00,0.7822531179717849,0
4925,0737,1,2026-06-14 04:43:00,0.8509507258229401,0
4926,0115,1,2026-06-14 04:43:10,0.1247188713964424,0
4927,0148,1,2026-06-14 04:43:10,0.8509507258229401,0
4928,0206,1,2026-06-14 04:43:10,0.8509507258229401,1
4929,0370,1,2026-06-14 04:43:10,0.3692496421999591,0
4930,0470,1,2026-06-14 04:43:10,0.1896340216724596,0
4931,0472,1,2026-06-14 04:43:10,0.7822531179717849,0
4932,0647,1,2026-06-14 04:43:10,0.7822531179717849,0
4933,0737,1,2026-06-14 04:43:10,0.8509507258229401,0
4934,0115,1,2026-06-14 04:43:20,0.1247188713964424,0
4935,0148,1,2026-06-14 04:43:20,0.8509507258229401,0
4936,0206,1,2026-06-14 04:43:20,0.8509507258229401,0
4937,0370,1,2026-06-14 04:43:20,0.3692496421999591,0
4938,0470,1,2026-06-14 04:43:20,0.1896340216724596,0
4939,0472,1,2026-06-14 04:43:20,0.7822531179717849,0
4940,0488,1,2026-06-14 04:43:20,0.9248619914127990,0
4941,0488,1,2026-06-14 04:43:20,0.9248619914127990,0
4942,0488,1,2026-06-14 04:43:20,0.9248619914127990,0
4943,0488,1,2026-06-14 04:43:20,0.9248619914127990,0
4944,0647,1,2026-06-14 04:43:20,0.7822531179717849,0
4945,0737,1,2026-06-14 04:43:20,0.8509507258229401,0
4946,0855,1,2026-06-14 04:43:20,0.7822531179717849,0
4947,0115,1,2026-06-14 04:43:30,0.1247188713964424,0
4948,0148,1,2026-06-14 04:43:30,0.8509507258229401,0
4949,0206,1,2026-06-14 04:43:30,0.8509507258229401,0
4950,0470,1,2026-06-14 04:43:30,0.1896340216724596,0
4951,0488,1,2026-06-14 04:43:30,0.9248619914127990,0
4952,0488,1,2026-06-14 04:43:30,0.9248619914127990,0
4953,0488,1,2026-06-14 04:43:30,0.9248619914127990,0
4954,0647,1,2026-06-14 04:43:30,0.7822531179717849,0
4955,0737,1,2026-06-14 04:43:30,0.8509507258229401,0
4956,0855,1,2026-06-14 04:43:30,0.7822531179717849,0
4957,0148,1,2026-06-14 04:43:40,0.8509507258229401,0
4958,0206,1,2026-06-14 04:43:40,0.8509507258229401,0
4959,0470,1,2026-06-14 04:43:40,0.1896340216724596,0
4960,0488,1,2026-06-14 04:43:40,0.9248619914127990,0
4961,0488,1,2026-06-14 04:43:40,0.9248619914127990,0
4962,0647,1,2026-06-14 04:43:40,0.7822531179717849,0
4963,0855,1,2026-06-14 04:43:40,0.7822531179717849,0
4964,0148,1,2026-06-14 04:43:50,0.8509507258229401,0
4965,0206,1,2026-06-14 04:43:50,0.8509507258229401,0
4966,0470,1,2026-06-14 04:43:50,0.1896340216724596,0
4967,0488,1,2026-06-14 04:43:50,0.9248619914127990,0
4968,0488,1,2026-06-14 04:43:50,0.9248619914127990,0
4969,0647,1,2026-06-14 04:43:50,0.7822531179717849,0
4970,0855,1,2026-06-14 04:43:50,0.7822531179717849,0
4971,0148,1,2026-06-14 04:44:00,0.8509507258229401,0
4972,0470,1,2026-06-14 04:44:00,0.1896340216724596,0
4973,0488,1,2026-06-14 04:44:00,0.9248619914127990,0
4974,0488,1,2026-06-14 04:44:00,0.9248619914127990,0
4975,0647,1,2026-06-14 04:44:00,0.7822531179717849,0
4976,0855,1,2026-06-14 04:44:00,0.7822531179717849,0
4977,0488,1,2026-06-14 04:44:10,0.9248619914127990,0
4978,0488,1,2026-06-14 04:44:10,0.9248619914127990,0
4979,0647,1,2026-06-14 04:44:10,0.7822531179717849,0
4980,0825,1,2026-06-14 04:44:10,0.2789818033122061,0
4981,0855,1,2026-06-14 04:44:10,0.7822531179717849,1
4982,0488,1,2026-06-14 04:44:20,0.9248619914127990,0
4983,0488,1,2026-06-14 04:44:20,0.9248619914127990,0
4984,0825,1,2026-06-14 04:44:20,0.2789818033122061,0
4985,0855,1,2026-06-14 04:44:20,0.7822531179717849,0
4986,0931,1,2026-06-14 04:44:20,0.9248619914127990,0
4987,0488,1,2026-06-14 04:44:30,0.9248619914127990,0
4988,0825,1,2026-06-14 04:44:30,0.2789818033122061,0
4989,0855,1,2026-06-14 04:44:30,0.7822531179717849,0
4990,0931,1,2026-06-14 04:44:30,0.9248619914127990,0
4991,0346,1,2026-06-14 04:44:40,0.1896340216724596,1
4992,0488,1,2026-06-14 04:44:40,0.9248619914127990,0
4993,0488,1,2026-06-14 04:44:40,0.9248619914127990,0
4994,0601,1,2026-06-14 04:44:40,0.8509507258229401,0
4995,0825,1,2026-06-14 04:44:40,0.2789818033122061,0
4996,0855,1,2026-06-14 04:44:40,0.7822531179717849,0
4997,0931,1,2026-06-14 04:44:40,0.9248619914127990,0
4998,0950,1,2026-06-14 04:44:40,0.1247188713964424,0
4999,0346,1,2026-06-14 04:44:50,0.1896340216724596,0
5000,0488,1,2026-06-14 04:44:50,0.9248619914127990,0
5001,0488,1,2026-06-14 04:44:50,0.9248619914127990,0
5002,0488,1,2026-06-14 04:44:50,0.9248619914127990,0
5003,0488,1,2026-06-14 04:44:50,0.9248619914127990,0
5004,0601,1,2026-06-14 04:44:50,0.8509507258229401,0
5005,0746,1,2026-06-14 04:44:50,0.2789818033122061,0
5006,0825,1,2026-06-14 04:44:50,0.2789818033122061,0
5007,0855,1,2026-06-14 04:44:50,0.7822531179717849,0
5008,0931,1,2026-06-14 04:44:50,0.9248619914127990,0
5009,0950,1,2026-06-14 04:44:50,0.1247188713964424,0
5010,0300,1,2026-06-14 04:45:00,0.9248619914127990,0
5011,0346,1,2026-06-14 04:45:00,0.1896340216724596,0
5012,0523,1,2026-06-14 04:45:00,0.6787977918626048,0
5013,0601,1,2026-06-14 04:45:00,0.8509507258229401,0
5014,0746,1,2026-06-14 04:45:00,0.2789818033122061,0
5015,0779,1,2026-06-14 04:45:00,1.0000000000000000,0
5016,0814,1,2026-06-14 04:45:00,0.1896340216724596,0
5017,0825,1,2026-06-14 04:45:00,0.2789818033122061,0
5018,0855,1,2026-06-14 04:45:00,0.7822531179717849,0
5019,0931,1,2026-06-14 04:45:00,0.9248619914127990,0
5020,0950,1,2026-06-14 04:45:00,0.1247188713964424,0
5021,0300,1,2026-06-14 04:45:10,0.9248619914127990,0
5022,0346,1,2026-06-14 04:45:10,0.1896340216724596,1
5023,0346,1,2026-06-14 04:45:10,0.1896340216724596,0
5024,0523,1,2026-06-14 04:45:10,0.6787977918626048,0
5025,0601,1,2026-06-14 04:45:10,0.8509507258229401,0
5026,0746,1,2026-06-14 04:45:10,0.2789818033122061,0
5027,0779,1,2026-06-14 04:45:10,1.0000000000000000,0
5028,0814,1,2026-06-14 04:45:10,0.1896340216724596,0
5029,0825,1,2026-06-14 04:45:10,0.2789818033122061,0
5030,0931,1,2026-06-14 04:45:10,0.9248619914127990,0
5031,0950,1,2026-06-14 04:45:10,0.1247188713964424,0
5032,0300,1,2026-06-14 04:45:20,0.9248619914127990,0
5033,0346,1,2026-06-14 04:45:20,0.1896340216724596,0
5034,0346,1,2026-06-14 04:45:20,0.1896340216724596,0
5035,0523,1,2026-06-14 04:45:20,0.6787977918626048,0
5036,0601,1,2026-06-14 04:45:20,0.8509507258229401,0
5037,0746,1,2026-06-14 04:45:20,0.2789818033122061,0
5038,0779,1,2026-06-14 04:45:20,1.0000000000000000,0
5039,0814,1,2026-06-14 04:45:20,0.1896340216724596,0
5040,0825,1,2026-06-14 04:45:20,0.2789818033122061,0
5041,0931,1,2026-06-14 04:45:20,0.9248619914127990,0
5042,0950,1,2026-06-14 04:45:20,0.1247188713964424,0
5043,0122,1,2026-06-14 04:45:30,0.1896340216724596,0
5044,0300,1,2026-06-14 04:45:30,0.9248619914127990,0
5045,0346,1,2026-06-14 04:45:30,0.1896340216724596,0
5046,0346,1,2026-06-14 04:45:30,0.1896340216724596,0
5047,0523,1,2026-06-14 04:45:30,0.6787977918626048,0
5048,0601,1,2026-06-14 04:45:30,0.8509507258229401,0
5049,0746,1,2026-06-14 04:45:30,0.2789818033122061,0
5050,0779,1,2026-06-14 04:45:30,1.0000000000000000,0
5051,0814,1,2026-06-14 04:45:30,0.1896340216724596,0
5052,0825,1,2026-06-14 04:45:30,0.2789818033122061,0
5053,0931,1,2026-06-14 04:45:30,0.9248619914127990,0
5054,0950,1,2026-06-14 04:45:30,0.1247188713964424,0
5055,0122,1,2026-06-14 04:45:40,0.1896340216724596,0
5056,0300,1,2026-06-14 04:45:40,0.9248619914127990,0
5057,0346,1,2026-06-14 04:45:40,0.1896340216724596,0
5058,0346,1,2026-06-14 04:45:40,0.1896340216724596,0
5059,0523,1,2026-06-14 04:45:40,0.6787977918626048,0
5060,0601,1,2026-06-14 04:45:40,0.8509507258229401,0
5061,0746,1,2026-06-14 04:45:40,0.2789818033122061,0
5062,0779,1,2026-06-14 04:45:40,1.0000000000000000,0
5063,0814,1,2026-06-14 04:45:40,0.1896340216724596,0
5064,0931,1,2026-06-14 04:45:40,0.9248619914127990,0
5065,0950,1,2026-06-14 04:45:40,0.1247188713964424,0
5066,0122,1,2026-06-14 04:45:50,0.1896340216724596,0
5067,0300,1,2026-06-14 04:45:50,0.9248619914127990,0
5068,0346,1,2026-06-14 04:45:50,0.1896340216724596,0
5069,0408,1,2026-06-14 04:45:50,0.4595174810877121,0
5070,0447,1,2026-06-14 04:45:50,0.6787977918626048,1
5071,0523,1,2026-06-14 04:45:50,0.6787977918626048,0
5072,0746,1,2026-06-14 04:45:50,0.2789818033122061,0
5073,0779,1,2026-06-14 04:45:50,1.0000000000000000,0
5074,0814,1,2026-06-14 04:45:50,0.1896340216724596,0
5075,0850,1,2026-06-14 04:45:50,0.1247188713964424,0
5076,0931,1,2026-06-14 04:45:50,0.9248619914127990,0
5077,0950,1,2026-06-14 04:45:50,0.1247188713964424,0
5078,0122,1,2026-06-14 04:46:00,0.1896340216724596,0
5079,0300,1,2026-06-14 04:46:00,0.9248619914127990,0
5080,0346,1,2026-06-14 04:46:00,0.1896340216724596,0
5081,0408,1,2026-06-14 04:46:00,0.4595174810877121,0
5082,0443,1,2026-06-14 04:46:00,0.3692496421999591,0
5083,0447,1,2026-06-14 04:46:00,0.6787977918626048,0
5084,0523,1,2026-06-14 04:46:00,0.6787977918626048,0
5085,0746,1,2026-06-14 04:46:00,0.2789818033122061,0
5086,0779,1,2026-06-14 04:46:00,1.0000000000000000,0
5087,0814,1,2026-06-14 04:46:00,0.1896340216724596,0
5088,0850,1,2026-06-14 04:46:00,0.1247188713964424,0
5089,0931,1,2026-06-14 04:46:00,0.9248619914127990,0
5090,0950,1,2026-06-14 04:46:00,0.1247188713964424,0
5091,0122,1,2026-06-14 04:46:10,0.1896340216724596,0
5092,0300,1,2026-06-14 04:46:10,0.9248619914127990,0
5093,0346,1,2026-06-14 04:46:10,0.1896340216724596,0
5094,0408,1,2026-06-14 04:46:10,0.4595174810877121,0
5095,0443,1,2026-06-14 04:46:10,0.3692496421999591,0
5096,0447,1,2026-06-14 04:46:10,0.6787977918626048,0
5097,0447,1,2026-06-14 04:46:10,0.6787977918626048,0
5098,0523,1,2026-06-14 04:46:10,0.6787977918626048,0
5099,0746,1,2026-06-14 04:46:10,0.2789818033122061,0
5100,0779,1,2026-06-14 04:46:10,1.0000000000000000,0
5101,0850,1,2026-06-14 04:46:10,0.1247188713964424,0
5102,0911,1,2026-06-14 04:46:10,0.2789818033122061,0
5103,0950,1,2026-06-14 04:46:10,0.1247188713964424,0
5104,0991,1,2026-06-14 04:46:10,0.8509507258229401,0
5105,0122,1,2026-06-14 04:46:20,0.1896340216724596,0
5106,0408,1,2026-06-14 04:46:20,0.4595174810877121,0
5107,0443,1,2026-06-14 04:46:20,0.3692496421999591,0
5108,0447,1,2026-06-14 04:46:20,0.6787977918626048,1
5109,0447,1,2026-06-14 04:46:20,0.6787977918626048,0
5110,0523,1,2026-06-14 04:46:20,0.6787977918626048,0
5111,0746,1,2026-06-14 04:46:20,0.2789818033122061,0
5112,0850,1,2026-06-14 04:46:20,0.1247188713964424,0
5113,0911,1,2026-06-14 04:46:20,0.2789818033122061,0
5114,0926,1,2026-06-14 04:46:20,0.2789818033122061,0
5115,0950,1,2026-06-14 04:46:20,0.1247188713964424,0
5116,0991,1,2026-06-14 04:46:20,0.8509507258229401,0
5117,0122,1,2026-06-14 04:46:30,0.1896340216724596,0
5118,0408,1,2026-06-14 04:46:30,0.4595174810877121,1
5119,0443,1,2026-06-14 04:46:30,0.3692496421999591,0
5120,0447,1,2026-06-14 04:46:30,0.6787977918626048,0
5121,0447,1,2026-06-14 04:46:30,0.6787977918626048,0
5122,0523,1,2026-06-14 04:46:30,0.6787977918626048,0
5123,0746,1,2026-06-14 04:46:30,0.2789818033122061,0
5124,0850,1,2026-06-14 04:46:30,0.1247188713964424,0
5125,0911,1,2026-06-14 04:46:30,0.2789818033122061,0
5126,0926,1,2026-06-14 04:46:30,0.2789818033122061,0
5127,0943,1,2026-06-14 04:46:30,0.1247188713964424,0
5128,0950,1,2026-06-14 04:46:30,0.1247188713964424,0
5129,0991,1,2026-06-14 04:46:30,0.8509507258229401,0
5130,0122,1,2026-06-14 04:46:40,0.1896340216724596,0
5131,0408,1,2026-06-14 04:46:40,0.4595174810877121,0
5132,0443,1,2026-06-14 04:46:40,0.3692496421999591,0
5133,0447,1,2026-06-14 04:46:40,0.6787977918626048,0
5134,0447,1,2026-06-14 04:46:40,0.6787977918626048,0
5135,0523,1,2026-06-14 04:46:40,0.6787977918626048,0
5136,0630,1,2026-06-14 04:46:40,0.8509507258229401,0
5137,0850,1,2026-06-14 04:46:40,0.1247188713964424,0
5138,0911,1,2026-06-14 04:46:40,0.2789818033122061,0
5139,0926,1,2026-06-14 04:46:40,0.2789818033122061,0
5140,0943,1,2026-06-14 04:46:40,0.1247188713964424,0
5141,0991,1,2026-06-14 04:46:40,0.8509507258229401,0
5142,0122,1,2026-06-14 04:46:50,0.1896340216724596,0
5143,0408,1,2026-06-14 04:46:50,0.4595174810877121,0
5144,0443,1,2026-06-14 04:46:50,0.3692496421999591,0
5145,0447,1,2026-06-14 04:46:50,0.6787977918626048,0
5146,0447,1,2026-06-14 04:46:50,0.6787977918626048,0
5147,0630,1,2026-06-14 04:46:50,0.8509507258229401,0
5148,0850,1,2026-06-14 04:46:50,0.1247188713964424,0
5149,0911,1,2026-06-14 04:46:50,0.2789818033122061,0
5150,0926,1,2026-06-14 04:46:50,0.2789818033122061,0
5151,0943,1,2026-06-14 04:46:50,0.1247188713964424,0
5152,0991,1,2026-06-14 04:46:50,0.8509507258229401,0
5153,0122,1,2026-06-14 04:47:00,0.1896340216724596,0
5154,0249,1,2026-06-14 04:47:00,0.7822531179717849,0
5155,0408,1,2026-06-14 04:47:00,0.4595174810877121,0
5156,0443,1,2026-06-14 04:47:00,0.3692496421999591,0
5157,0447,1,2026-06-14 04:47:00,0.6787977918626048,0
5158,0447,1,2026-06-14 04:47:00,0.6787977918626048,0
5159,0630,1,2026-06-14 04:47:00,0.8509507258229401,0
5160,0850,1,2026-06-14 04:47:00,0.1247188713964424,0
5161,0911,1,2026-06-14 04:47:00,0.2789818033122061,0
5162,0926,1,2026-06-14 04:47:00,0.2789818033122061,0
5163,0943,1,2026-06-14 04:47:00,0.1247188713964424,0
5164,0991,1,2026-06-14 04:47:00,0.8509507258229401,0
5165,0122,1,2026-06-14 04:47:10,0.1896340216724596,0
5166,0249,1,2026-06-14 04:47:10,0.7822531179717849,0
5167,0408,1,2026-06-14 04:47:10,0.4595174810877121,0
5168,0443,1,2026-06-14 04:47:10,0.3692496421999591,0
5169,0447,1,2026-06-14 04:47:10,0.6787977918626048,0
5170,0447,1,2026-06-14 04:47:10,0.6787977918626048,0
5171,0630,1,2026-06-14 04:47:10,0.8509507258229401,0
5172,0850,1,2026-06-14 04:47:10,0.1247188713964424,0
5173,0911,1,2026-06-14 04:47:10,0.2789818033122061,0
5174,0926,1,2026-06-14 04:47:10,0.2789818033122061,0
5175,0943,1,2026-06-14 04:47:10,0.1247188713964424,0
5176,0991,1,2026-06-14 04:47:10,0.8509507258229401,0
5177,0249,1,2026-06-14 04:47:20,0.7822531179717849,0
5178,0408,1,2026-06-14 04:47:20,0.4595174810877121,0
5179,0443,1,2026-06-14 04:47:20,0.3692496421999591,0
5180,0447,1,2026-06-14 04:47:20,0.6787977918626048,0
5181,0630,1,2026-06-14 04:47:20,0.8509507258229401,0
5182,0642,1,2026-06-14 04:47:20,0.3692496421999591,0
5183,0911,1,2026-06-14 04:47:20,0.2789818033122061,0
5184,0926,1,2026-06-14 04:47:20,0.2789818033122061,0
5185,0943,1,2026-06-14 04:47:20,0.1247188713964424,0
5186,0991,1,2026-06-14 04:47:20,0.8509507258229401,0
5187,0249,1,2026-06-14 04:47:30,0.7822531179717849,0
5188,0408,1,2026-06-14 04:47:30,0.4595174810877121,0
5189,0443,1,2026-06-14 04:47:30,0.3692496421999591,0
5190,0447,1,2026-06-14 04:47:30,0.6787977918626048,0
5191,0630,1,2026-06-14 04:47:30,0.8509507258229401,0
5192,0642,1,2026-06-14 04:47:30,0.3692496421999591,0
5193,0911,1,2026-06-14 04:47:30,0.2789818033122061,0
5194,0926,1,2026-06-14 04:47:30,0.2789818033122061,0
5195,0943,1,2026-06-14 04:47:30,0.1247188713964424,0
5196,0991,1,2026-06-14 04:47:30,0.8509507258229401,0
5197,0249,1,2026-06-14 04:47:40,0.7822531179717849,0
5198,0408,1,2026-06-14 04:47:40,0.4595174810877121,0
5199,0443,1,2026-06-14 04:47:40,0.3692496421999591,0
5200,0447,1,2026-06-14 04:47:40,0.6787977918626048,0
5201,0630,1,2026-06-14 04:47:40,0.8509507258229401,0
5202,0642,1,2026-06-14 04:47:40,0.3692496421999591,0
5203,0911,1,2026-06-14 04:47:40,0.2789818033122061,0
5204,0926,1,2026-06-14 04:47:40,0.2789818033122061,0
5205,0943,1,2026-06-14 04:47:40,0.1247188713964424,0
5206,0249,1,2026-06-14 04:47:50,0.7822531179717849,0
5207,0521,1,2026-06-14 04:47:50,0.4595174810877121,0
5208,0630,1,2026-06-14 04:47:50,0.8509507258229401,0
5209,0642,1,2026-06-14 04:47:50,0.3692496421999591,0
5210,0911,1,2026-06-14 04:47:50,0.2789818033122061,0
5211,0926,1,2026-06-14 04:47:50,0.2789818033122061,0
5212,0630,1,2026-06-14 04:48:00,0.8509507258229401,0
5213,0642,1,2026-06-14 04:48:00,0.3692496421999591,0
5214,0926,1,2026-06-14 04:48:00,0.2789818033122061,0
5215,0630,1,2026-06-14 04:48:10,0.8509507258229401,0
5216,0642,1,2026-06-14 04:48:10,0.3692496421999591,0
5217,0926,1,2026-06-14 04:48:10,0.2789818033122061,0
5218,0630,1,2026-06-14 04:48:20,0.8509507258229401,0
5219,0642,1,2026-06-14 04:48:20,0.3692496421999591,0
5220,0642,1,2026-06-14 04:48:30,0.3692496421999591,0
5221,0642,1,2026-06-14 04:48:40,0.3692496421999591,0
5222,0666,1,2026-06-14 06:12:40,0.5396646902473932,0
5223,0666,1,2026-06-14 06:12:50,0.5396646902473932,0
5224,0666,1,2026-06-14 06:13:00,0.5396646902473932,0
5225,0236,1,2026-06-14 06:13:10,0.8509507258229401,0
5226,0666,1,2026-06-14 06:13:10,0.5396646902473932,0
5227,0236,1,2026-06-14 06:13:20,0.8509507258229401,0
5228,0666,1,2026-06-14 06:13:20,0.5396646902473932,0
5229,0236,1,2026-06-14 06:13:30,0.8509507258229401,0
5230,0666,1,2026-06-14 06:13:30,0.5396646902473932,0
5231,0236,1,2026-06-14 06:13:40,0.8509507258229401,0
5232,0666,1,2026-06-14 06:13:40,0.5396646902473932,0
5233,0236,1,2026-06-14 06:13:50,0.8509507258229401,0
5234,0666,1,2026-06-14 06:13:50,0.5396646902473932,0
5235,0236,1,2026-06-14 06:14:00,0.8509507258229401,0
5236,0666,1,2026-06-14 06:14:00,0.5396646902473932,0
5237,0236,1,2026-06-14 06:14:10,0.8509507258229401,0
5238,0666,1,2026-06-14 06:14:10,0.5396646902473932,0
5239,0236,1,2026-06-14 06:14:20,0.8509507258229401,0
5240,0303,1,2026-06-14 06:14:20,0.7822531179717849,0
5241,0236,1,2026-06-14 06:14:30,0.8509507258229401,0
5242,0303,1,2026-06-14 06:14:30,0.7822531179717849,0
5243,0236,1,2026-06-14 06:14:40,0.8509507258229401,0
5244,0303,1,2026-06-14 06:14:40,0.7822531179717849,0
5245,0303,1,2026-06-14 06:14:50,0.7822531179717849,0
5246,0303,1,2026-06-14 06:15:00,0.7822531179717849,0
5247,0303,1,2026-06-14 06:15:10,0.7822531179717849,0
5248,0303,1,2026-06-14 06:15:20,0.7822531179717849,0
5249,0303,1,2026-06-14 06:15:30,0.7822531179717849,0
5250,0303,1,2026-06-14 06:15:40,0.7822531179717849,0
5251,0303,1,2026-06-14 06:15:50,0.7822531179717849,0
5252,0529,1,2026-06-14 06:18:10,0.7822531179717849,0
5253,0772,1,2026-06-14 06:18:10,0.1247188713964424,0
5254,0529,1,2026-06-14 06:18:20,0.7822531179717849,0
5255,0772,1,2026-06-14 06:18:20,0.1247188713964424,0
5256,0529,1,2026-06-14 06:18:30,0.7822531179717849,0
5257,0772,1,2026-06-14 06:18:30,0.1247188713964424,0
5258,0529,1,2026-06-14 06:18:40,0.7822531179717849,0
5259,0772,1,2026-06-14 06:18:40,0.1247188713964424,0
5260,0529,1,2026-06-14 06:18:50,0.7822531179717849,0
5261,0772,1,2026-06-14 06:18:50,0.1247188713964424,0
5262,0529,1,2026-06-14 06:19:00,0.7822531179717849,0
5263,0772,1,2026-06-14 06:19:00,0.1247188713964424,0
5264,0787,1,2026-06-14 06:19:00,0.8509507258229401,0
5265,0522,1,2026-06-14 06:19:10,0.8509507258229401,0
5266,0529,1,2026-06-14 06:19:10,0.7822531179717849,0
5267,0772,1,2026-06-14 06:19:10,0.1247188713964424,0
5268,0787,1,2026-06-14 06:19:10,0.8509507258229401,0
5269,0522,1,2026-06-14 06:19:20,0.8509507258229401,0
5270,0529,1,2026-06-14 06:19:20,0.7822531179717849,0
5271,0772,1,2026-06-14 06:19:20,0.1247188713964424,0
5272,0787,1,2026-06-14 06:19:20,0.8509507258229401,0
5273,0522,1,2026-06-14 06:19:30,0.8509507258229401,0
5274,0529,1,2026-06-14 06:19:30,0.7822531179717849,0
5275,0772,1,2026-06-14 06:19:30,0.1247188713964424,0
5276,0522,1,2026-06-14 06:19:40,0.8509507258229401,0
5277,0772,1,2026-06-14 06:19:40,0.1247188713964424,0
5278,0269,1,2026-06-14 06:19:50,0.3692496421999591,0
5279,0522,1,2026-06-14 06:19:50,0.8509507258229401,0
5280,0772,1,2026-06-14 06:19:50,0.1247188713964424,0
5281,0269,1,2026-06-14 06:20:00,0.3692496421999591,0
5282,0522,1,2026-06-14 06:20:00,0.8509507258229401,0
5283,0269,1,2026-06-14 06:20:10,0.3692496421999591,0
5284,0522,1,2026-06-14 06:20:10,0.8509507258229401,0
5285,0422,1,2026-06-14 06:20:20,1.0000000000000000,0
5286,0438,1,2026-06-14 06:20:20,0.4595174810877121,0
5287,0422,1,2026-06-14 06:20:30,1.0000000000000000,0
5288,0438,1,2026-06-14 06:20:30,0.4595174810877121,0
5289,0422,1,2026-06-14 06:20:40,1.0000000000000000,0
5290,0422,1,2026-06-14 06:20:50,1.0000000000000000,0
5291,0594,1,2026-06-14 06:20:50,0.7822531179717849,0
5292,0594,1,2026-06-14 06:20:50,0.7822531179717849,0
5293,0594,1,2026-06-14 06:20:50,0.7822531179717849,0
5294,0594,1,2026-06-14 06:20:50,0.7822531179717849,0
5295,0422,1,2026-06-14 06:21:00,1.0000000000000000,0
5296,0594,1,2026-06-14 06:21:00,0.7822531179717849,0
5297,0594,1,2026-06-14 06:21:00,0.7822531179717849,0
5298,0594,1,2026-06-14 06:21:00,0.7822531179717849,0
5299,0133,1,2026-06-14 06:21:10,0.6787977918626048,0
5300,0422,1,2026-06-14 06:21:10,1.0000000000000000,0
5301,0594,1,2026-06-14 06:21:10,0.7822531179717849,0
5302,0594,1,2026-06-14 06:21:10,0.7822531179717849,0
5303,0594,1,2026-06-14 06:21:10,0.7822531179717849,0
5304,0133,1,2026-06-14 06:21:20,0.6787977918626048,0
5305,0422,1,2026-06-14 06:21:20,1.0000000000000000,0
5306,0594,1,2026-06-14 06:21:20,0.7822531179717849,0
5307,0594,1,2026-06-14 06:21:20,0.7822531179717849,0
5308,0594,1,2026-06-14 06:21:20,0.7822531179717849,0
5309,0670,1,2026-06-14 06:21:20,0.7822531179717849,0
5310,0714,1,2026-06-14 06:21:20,0.7822531179717849,0
5311,0133,1,2026-06-14 06:21:30,0.6787977918626048,0
5312,0201,1,2026-06-14 06:21:30,0.4595174810877121,0
5313,0201,1,2026-06-14 06:21:30,0.4595174810877121,0
5314,0201,1,2026-06-14 06:21:30,0.4595174810877121,0
5315,0422,1,2026-06-14 06:21:30,1.0000000000000000,0
5316,0594,1,2026-06-14 06:21:30,0.7822531179717849,0
5317,0594,1,2026-06-14 06:21:30,0.7822531179717849,0
5318,0670,1,2026-06-14 06:21:30,0.7822531179717849,0
5319,0714,1,2026-06-14 06:21:30,0.7822531179717849,0
5320,0133,1,2026-06-14 06:21:40,0.6787977918626048,0
5321,0201,1,2026-06-14 06:21:40,0.4595174810877121,0
5322,0201,1,2026-06-14 06:21:40,0.4595174810877121,0
5323,0201,1,2026-06-14 06:21:40,0.4595174810877121,0
5324,0422,1,2026-06-14 06:21:40,1.0000000000000000,0
5325,0547,1,2026-06-14 06:21:40,0.6026374974442854,0
5326,0594,1,2026-06-14 06:21:40,0.7822531179717849,0
5327,0594,1,2026-06-14 06:21:40,0.7822531179717849,0
5328,0670,1,2026-06-14 06:21:40,0.7822531179717849,0
5329,0714,1,2026-06-14 06:21:40,0.7822531179717849,0
5330,0133,1,2026-06-14 06:21:50,0.6787977918626048,0
5331,0201,1,2026-06-14 06:21:50,0.4595174810877121,0
5332,0201,1,2026-06-14 06:21:50,0.4595174810877121,0
5333,0201,1,2026-06-14 06:21:50,0.4595174810877121,0
5334,0402,1,2026-06-14 06:21:50,0.6026374974442854,0
5335,0422,1,2026-06-14 06:21:50,1.0000000000000000,0
5336,0547,1,2026-06-14 06:21:50,0.6026374974442854,0
5337,0594,1,2026-06-14 06:21:50,0.7822531179717849,0
5338,0594,1,2026-06-14 06:21:50,0.7822531179717849,0
5339,0670,1,2026-06-14 06:21:50,0.7822531179717849,0
5340,0714,1,2026-06-14 06:21:50,0.7822531179717849,0
5341,0133,1,2026-06-14 06:22:00,0.6787977918626048,0
5342,0201,1,2026-06-14 06:22:00,0.4595174810877121,0
5343,0201,1,2026-06-14 06:22:00,0.4595174810877121,0
5344,0402,1,2026-06-14 06:22:00,0.6026374974442854,0
5345,0547,1,2026-06-14 06:22:00,0.6026374974442854,0
5346,0594,1,2026-06-14 06:22:00,0.7822531179717849,0
5347,0594,1,2026-06-14 06:22:00,0.7822531179717849,0
5348,0670,1,2026-06-14 06:22:00,0.7822531179717849,0
5349,0714,1,2026-06-14 06:22:00,0.7822531179717849,0
5350,0133,1,2026-06-14 06:22:10,0.6787977918626048,0
5351,0201,1,2026-06-14 06:22:10,0.4595174810877121,0
5352,0201,1,2026-06-14 06:22:10,0.4595174810877121,0
5353,0402,1,2026-06-14 06:22:10,0.6026374974442854,0
5354,0547,1,2026-06-14 06:22:10,0.6026374974442854,0
5355,0594,1,2026-06-14 06:22:10,0.7822531179717849,0
5356,0594,1,2026-06-14 06:22:10,0.7822531179717849,0
5357,0594,1,2026-06-14 06:22:10,0.7822531179717849,0
5358,0670,1,2026-06-14 06:22:10,0.7822531179717849,0
5359,0714,1,2026-06-14 06:22:10,0.7822531179717849,0
5360,0133,1,2026-06-14 06:22:20,0.6787977918626048,0
5361,0201,1,2026-06-14 06:22:20,0.4595174810877121,0
5362,0201,1,2026-06-14 06:22:20,0.4595174810877121,0
5363,0402,1,2026-06-14 06:22:20,0.6026374974442854,0
5364,0547,1,2026-06-14 06:22:20,0.6026374974442854,0
5365,0594,1,2026-06-14 06:22:20,0.7822531179717849,0
5366,0594,1,2026-06-14 06:22:20,0.7822531179717849,0
5367,0594,1,2026-06-14 06:22:20,0.7822531179717849,0
5368,0594,1,2026-06-14 06:22:20,0.7822531179717849,0
5369,0670,1,2026-06-14 06:22:20,0.7822531179717849,0
5370,0714,1,2026-06-14 06:22:20,0.7822531179717849,0
5371,0133,1,2026-06-14 06:22:30,0.6787977918626048,0
5372,0201,1,2026-06-14 06:22:30,0.4595174810877121,0
5373,0201,1,2026-06-14 06:22:30,0.4595174810877121,0
5374,0402,1,2026-06-14 06:22:30,0.6026374974442854,0
5375,0547,1,2026-06-14 06:22:30,0.6026374974442854,0
5376,0670,1,2026-06-14 06:22:30,0.7822531179717849,0
5377,0714,1,2026-06-14 06:22:30,0.7822531179717849,0
5378,0133,1,2026-06-14 06:22:40,0.6787977918626048,0
5379,0201,1,2026-06-14 06:22:40,0.4595174810877121,0
5380,0201,1,2026-06-14 06:22:40,0.4595174810877121,0
5381,0402,1,2026-06-14 06:22:40,0.6026374974442854,0
5382,0670,1,2026-06-14 06:22:40,0.7822531179717849,0
5383,0714,1,2026-06-14 06:22:40,0.7822531179717849,0
5384,0201,1,2026-06-14 06:22:50,0.4595174810877121,0
5385,0714,1,2026-06-14 06:22:50,0.7822531179717849,0
5386,0201,1,2026-06-14 06:23:00,0.4595174810877121,0
5387,0201,1,2026-06-14 06:23:00,0.4595174810877121,0
5388,0714,1,2026-06-14 06:23:00,0.7822531179717849,0
5389,0201,1,2026-06-14 06:23:10,0.4595174810877121,0
5390,0201,1,2026-06-14 06:23:10,0.4595174810877121,0
5391,0201,1,2026-06-14 06:23:10,0.4595174810877121,0
5392,0714,1,2026-06-14 06:23:10,0.7822531179717849,0
5393,0574,1,2026-06-14 06:28:40,0.4595174810877121,0
5394,0574,1,2026-06-14 06:28:50,0.4595174810877121,0
5395,0574,1,2026-06-14 06:29:00,0.4595174810877121,0
5396,0284,1,2026-06-14 06:32:30,0.1247188713964424,0
5397,0718,1,2026-06-14 06:32:30,0.3692496421999591,0
5398,0284,1,2026-06-14 06:32:40,0.1247188713964424,0
5399,0718,1,2026-06-14 06:32:40,0.3692496421999591,0
5400,0284,1,2026-06-14 06:32:50,0.1247188713964424,0
5401,0718,1,2026-06-14 06:32:50,0.3692496421999591,0
5402,0284,1,2026-06-14 06:33:00,0.1247188713964424,0
5403,0718,1,2026-06-14 06:33:00,0.3692496421999591,0
5404,0284,1,2026-06-14 06:33:10,0.1247188713964424,0
5405,0718,1,2026-06-14 06:33:10,0.3692496421999591,0
5406,0284,1,2026-06-14 06:33:20,0.1247188713964424,0
5407,0718,1,2026-06-14 06:33:20,0.3692496421999591,0
5408,0284,1,2026-06-14 06:33:30,0.1247188713964424,0
5409,0718,1,2026-06-14 06:33:30,0.3692496421999591,0
5410,0284,1,2026-06-14 06:33:40,0.1247188713964424,0
5411,0718,1,2026-06-14 06:33:40,0.3692496421999591,0
5412,0284,1,2026-06-14 06:33:50,0.1247188713964424,0
5413,0718,1,2026-06-14 06:33:50,0.3692496421999591,0
5414,0284,1,2026-06-14 06:34:00,0.1247188713964424,0
5415,0718,1,2026-06-14 06:34:00,0.3692496421999591,0
5416,0284,1,2026-06-14 06:34:10,0.1247188713964424,0
5417,0718,1,2026-06-14 06:34:10,0.3692496421999591,0
5418,0172,1,2026-06-14 07:49:10,0.3692496421999591,0
5419,0172,1,2026-06-14 07:49:10,0.3692496421999591,0
5420,0172,1,2026-06-14 07:49:10,0.3692496421999591,0
5421,0172,1,2026-06-14 07:49:10,0.3692496421999591,0
5422,0172,1,2026-06-14 07:49:20,0.3692496421999591,0
5423,0172,1,2026-06-14 07:49:20,0.3692496421999591,0
5424,0172,1,2026-06-14 07:49:20,0.3692496421999591,0
5425,0172,1,2026-06-14 07:49:20,0.3692496421999591,0
5426,0172,1,2026-06-14 07:49:20,0.3692496421999591,0
5427,0172,1,2026-06-14 07:49:30,0.3692496421999591,0
5428,0172,1,2026-06-14 07:49:30,0.3692496421999591,0
5429,0172,1,2026-06-14 07:49:30,0.3692496421999591,0
5430,0172,1,2026-06-14 07:49:40,0.3692496421999591,0
5431,0172,1,2026-06-14 07:49:40,0.3692496421999591,0
5432,0172,1,2026-06-14 07:49:40,0.3692496421999591,0
5433,0172,1,2026-06-14 07:49:40,0.3692496421999591,0
5434,0172,1,2026-06-14 07:49:50,0.3692496421999591,0
5435,0172,1,2026-06-14 07:49:50,0.3692496421999591,0
5436,0172,1,2026-06-14 07:49:50,0.3692496421999591,0
5437,0172,1,2026-06-14 07:49:50,0.3692496421999591,0
5438,0172,1,2026-06-14 07:49:50,0.3692496421999591,0
5439,0172,1,2026-06-14 07:49:50,0.3692496421999591,0
5440,0172,1,2026-06-14 07:50:00,0.3692496421999591,0
5441,0172,1,2026-06-14 07:50:00,0.3692496421999591,0
5442,0172,1,2026-06-14 07:50:00,0.3692496421999591,0
5443,0172,1,2026-06-14 07:50:00,0.3692496421999591,0
5444,0172,1,2026-06-14 07:50:00,0.3692496421999591,0
5445,0492,1,2026-06-14 07:50:00,1.0000000000000000,0
5446,0172,1,2026-06-14 07:50:10,0.3692496421999591,0
5447,0172,1,2026-06-14 07:50:10,0.3692496421999591,0
5448,0172,1,2026-06-14 07:50:10,0.3692496421999591,0
5449,0172,1,2026-06-14 07:50:10,0.3692496421999591,0
5450,0492,1,2026-06-14 07:50:10,1.0000000000000000,0
5451,0172,1,2026-06-14 07:50:20,0.3692496421999591,0
5452,0172,1,2026-06-14 07:50:20,0.3692496421999591,0
5453,0172,1,2026-06-14 07:50:20,0.3692496421999591,0
5454,0172,1,2026-06-14 07:50:20,0.3692496421999591,0
5455,0172,1,2026-06-14 07:50:20,0.3692496421999591,0
5456,0492,1,2026-06-14 07:50:20,1.0000000000000000,0
5457,0172,1,2026-06-14 07:50:30,0.3692496421999591,0
5458,0172,1,2026-06-14 07:50:30,0.3692496421999591,0
5459,0172,1,2026-06-14 07:50:30,0.3692496421999591,0
5460,0172,1,2026-06-14 07:50:30,0.3692496421999591,0
5461,0172,1,2026-06-14 07:50:40,0.3692496421999591,0
5462,0172,1,2026-06-14 07:50:40,0.3692496421999591,0
5463,0172,1,2026-06-14 07:50:40,0.3692496421999591,0
5464,0172,1,2026-06-14 07:50:50,0.3692496421999591,0
5465,0172,1,2026-06-14 07:50:50,0.3692496421999591,0
5466,0404,1,2026-06-14 07:51:10,0.6026374974442854,0
5467,0286,1,2026-06-14 07:51:20,1.0000000000000000,0
5468,0404,1,2026-06-14 07:51:20,0.6026374974442854,0
5469,0552,1,2026-06-14 07:51:20,0.5396646902473932,0
5470,0142,1,2026-06-14 07:51:30,0.5396646902473932,0
5471,0241,1,2026-06-14 07:51:30,0.3692496421999591,0
5472,0286,1,2026-06-14 07:51:30,1.0000000000000000,0
5473,0404,1,2026-06-14 07:51:30,0.6026374974442854,0
5474,0552,1,2026-06-14 07:51:30,0.5396646902473932,0
5475,0142,1,2026-06-14 07:51:40,0.5396646902473932,0
5476,0241,1,2026-06-14 07:51:40,0.3692496421999591,0
5477,0286,1,2026-06-14 07:51:40,1.0000000000000000,0
5478,0404,1,2026-06-14 07:51:40,0.6026374974442854,0
5479,0552,1,2026-06-14 07:51:40,0.5396646902473932,0
5480,0142,1,2026-06-14 07:51:50,0.5396646902473932,0
5481,0241,1,2026-06-14 07:51:50,0.3692496421999591,0
5482,0286,1,2026-06-14 07:51:50,1.0000000000000000,0
5483,0404,1,2026-06-14 07:51:50,0.6026374974442854,0
5484,0552,1,2026-06-14 07:51:50,0.5396646902473932,0
5485,0969,1,2026-06-14 07:51:50,0.2789818033122061,0
5486,0142,1,2026-06-14 07:52:00,0.5396646902473932,0
5487,0241,1,2026-06-14 07:52:00,0.3692496421999591,0
5488,0286,1,2026-06-14 07:52:00,1.0000000000000000,0
5489,0404,1,2026-06-14 07:52:00,0.6026374974442854,0
5490,0552,1,2026-06-14 07:52:00,0.5396646902473932,0
5491,0969,1,2026-06-14 07:52:00,0.2789818033122061,0
5492,0142,1,2026-06-14 07:52:10,0.5396646902473932,0
5493,0241,1,2026-06-14 07:52:10,0.3692496421999591,0
5494,0286,1,2026-06-14 07:52:10,1.0000000000000000,0
5495,0404,1,2026-06-14 07:52:10,0.6026374974442854,0
5496,0552,1,2026-06-14 07:52:10,0.5396646902473932,0
5497,0969,1,2026-06-14 07:52:10,0.2789818033122061,0
5498,0142,1,2026-06-14 07:52:20,0.5396646902473932,0
5499,0241,1,2026-06-14 07:52:20,0.3692496421999591,0
5500,0286,1,2026-06-14 07:52:20,1.0000000000000000,0
5501,0404,1,2026-06-14 07:52:20,0.6026374974442854,0
5502,0552,1,2026-06-14 07:52:20,0.5396646902473932,0
5503,0969,1,2026-06-14 07:52:20,0.2789818033122061,0
5504,0142,1,2026-06-14 07:52:30,0.5396646902473932,0
5505,0241,1,2026-06-14 07:52:30,0.3692496421999591,0
5506,0286,1,2026-06-14 07:52:30,1.0000000000000000,0
5507,0404,1,2026-06-14 07:52:30,0.6026374974442854,0
5508,0552,1,2026-06-14 07:52:30,0.5396646902473932,0
5509,0753,1,2026-06-14 07:52:30,0.7822531179717849,0
5510,0969,1,2026-06-14 07:52:30,0.2789818033122061,0
5511,0142,1,2026-06-14 07:52:40,0.5396646902473932,0
5512,0241,1,2026-06-14 07:52:40,0.3692496421999591,0
5513,0286,1,2026-06-14 07:52:40,1.0000000000000000,0
5514,0404,1,2026-06-14 07:52:40,0.6026374974442854,0
5515,0753,1,2026-06-14 07:52:40,0.7822531179717849,0
5516,0969,1,2026-06-14 07:52:40,0.2789818033122061,0
5517,0142,1,2026-06-14 07:52:50,0.5396646902473932,0
5518,0241,1,2026-06-14 07:52:50,0.3692496421999591,0
5519,0286,1,2026-06-14 07:52:50,1.0000000000000000,0
5520,0753,1,2026-06-14 07:52:50,0.7822531179717849,0
5521,0969,1,2026-06-14 07:52:50,0.2789818033122061,0
5522,0142,1,2026-06-14 07:53:00,0.5396646902473932,0
5523,0241,1,2026-06-14 07:53:00,0.3692496421999591,0
5524,0286,1,2026-06-14 07:53:00,1.0000000000000000,0
5525,0753,1,2026-06-14 07:53:00,0.7822531179717849,0
5526,0842,1,2026-06-14 07:53:00,0.1247188713964424,0
5527,0969,1,2026-06-14 07:53:00,0.2789818033122061,0
5528,0241,1,2026-06-14 07:53:10,0.3692496421999591,0
5529,0286,1,2026-06-14 07:53:10,1.0000000000000000,0
5530,0753,1,2026-06-14 07:53:10,0.7822531179717849,0
5531,0842,1,2026-06-14 07:53:10,0.1247188713964424,0
5532,0969,1,2026-06-14 07:53:10,0.2789818033122061,0
5533,0241,1,2026-06-14 07:53:20,0.3692496421999591,0
5534,0430,1,2026-06-14 07:53:20,0.9248619914127990,0
5535,0752,1,2026-06-14 07:53:20,0.8509507258229401,0
5536,0753,1,2026-06-14 07:53:20,0.7822531179717849,0
5537,0842,1,2026-06-14 07:53:20,0.1247188713964424,0
5538,0874,1,2026-06-14 07:53:20,0.1896340216724596,0
5539,0969,1,2026-06-14 07:53:20,0.2789818033122061,0
5540,0430,1,2026-06-14 07:53:30,0.9248619914127990,0
5541,0752,1,2026-06-14 07:53:30,0.8509507258229401,0
5542,0753,1,2026-06-14 07:53:30,0.7822531179717849,0
5543,0842,1,2026-06-14 07:53:30,0.1247188713964424,0
5544,0874,1,2026-06-14 07:53:30,0.1896340216724596,0
5545,0969,1,2026-06-14 07:53:30,0.2789818033122061,0
5546,0132,1,2026-06-14 07:53:40,0.9248619914127990,0
5547,0430,1,2026-06-14 07:53:40,0.9248619914127990,0
5548,0752,1,2026-06-14 07:53:40,0.8509507258229401,0
5549,0753,1,2026-06-14 07:53:40,0.7822531179717849,0
5550,0842,1,2026-06-14 07:53:40,0.1247188713964424,0
5551,0874,1,2026-06-14 07:53:40,0.1896340216724596,0
5552,0132,1,2026-06-14 07:53:50,0.9248619914127990,0
5553,0401,1,2026-06-14 07:53:50,0.9248619914127990,0
5554,0430,1,2026-06-14 07:53:50,0.9248619914127990,0
5555,0752,1,2026-06-14 07:53:50,0.8509507258229401,0
5556,0753,1,2026-06-14 07:53:50,0.7822531179717849,0
5557,0789,1,2026-06-14 07:53:50,0.1247188713964424,0
5558,0842,1,2026-06-14 07:53:50,0.1247188713964424,0
5559,0874,1,2026-06-14 07:53:50,0.1896340216724596,0
5560,0132,1,2026-06-14 07:54:00,0.9248619914127990,0
5561,0401,1,2026-06-14 07:54:00,0.9248619914127990,0
5562,0430,1,2026-06-14 07:54:00,0.9248619914127990,0
5563,0510,1,2026-06-14 07:54:00,0.2789818033122061,0
5564,0752,1,2026-06-14 07:54:00,0.8509507258229401,0
5565,0753,1,2026-06-14 07:54:00,0.7822531179717849,0
5566,0789,1,2026-06-14 07:54:00,0.1247188713964424,0
5567,0842,1,2026-06-14 07:54:00,0.1247188713964424,0
5568,0874,1,2026-06-14 07:54:00,0.1896340216724596,0
5569,0132,1,2026-06-14 07:54:10,0.9248619914127990,0
5570,0401,1,2026-06-14 07:54:10,0.9248619914127990,0
5571,0430,1,2026-06-14 07:54:10,0.9248619914127990,0
5572,0510,1,2026-06-14 07:54:10,0.2789818033122061,0
5573,0752,1,2026-06-14 07:54:10,0.8509507258229401,0
5574,0753,1,2026-06-14 07:54:10,0.7822531179717849,0
5575,0789,1,2026-06-14 07:54:10,0.1247188713964424,0
5576,0842,1,2026-06-14 07:54:10,0.1247188713964424,0
5577,0874,1,2026-06-14 07:54:10,0.1896340216724596,0
5578,0132,1,2026-06-14 07:54:20,0.9248619914127990,0
5579,0401,1,2026-06-14 07:54:20,0.9248619914127990,0
5580,0510,1,2026-06-14 07:54:20,0.2789818033122061,0
5581,0752,1,2026-06-14 07:54:20,0.8509507258229401,0
5582,0842,1,2026-06-14 07:54:20,0.1247188713964424,0
5583,0132,1,2026-06-14 07:54:30,0.9248619914127990,0
5584,0401,1,2026-06-14 07:54:30,0.9248619914127990,0
5585,0510,1,2026-06-14 07:54:30,0.2789818033122061,0
5586,0752,1,2026-06-14 07:54:30,0.8509507258229401,0
5587,0842,1,2026-06-14 07:54:30,0.1247188713964424,0
5588,0132,1,2026-06-14 07:54:40,0.9248619914127990,0
5589,0401,1,2026-06-14 07:54:40,0.9248619914127990,0
5590,0510,1,2026-06-14 07:54:40,0.2789818033122061,0
5591,0752,1,2026-06-14 07:54:40,0.8509507258229401,0
5592,0842,1,2026-06-14 07:54:40,0.1247188713964424,0
5593,0132,1,2026-06-14 07:54:50,0.9248619914127990,0
5594,0401,1,2026-06-14 07:54:50,0.9248619914127990,0
5595,0510,1,2026-06-14 07:54:50,0.2789818033122061,0
5596,0752,1,2026-06-14 07:54:50,0.8509507258229401,0
5597,0842,1,2026-06-14 07:54:50,0.1247188713964424,0
5598,0132,1,2026-06-14 07:55:00,0.9248619914127990,0
5599,0401,1,2026-06-14 07:55:00,0.9248619914127990,0
5600,0510,1,2026-06-14 07:55:00,0.2789818033122061,0
5601,0752,1,2026-06-14 07:55:00,0.8509507258229401,0
5602,0132,1,2026-06-14 07:55:10,0.9248619914127990,0
5603,0752,1,2026-06-14 07:55:10,0.8509507258229401,0
5604,0132,1,2026-06-14 07:55:20,0.9248619914127990,0
5605,0511,1,2026-06-14 07:55:30,0.3692496421999591,0
5606,0762,1,2026-06-14 07:55:30,0.5396646902473932,0
5607,0511,1,2026-06-14 07:55:40,0.3692496421999591,0
5608,0579,1,2026-06-14 07:55:40,0.6026374974442854,0
5609,0678,1,2026-06-14 07:55:40,0.6787977918626048,0
5610,0762,1,2026-06-14 07:55:40,0.5396646902473932,0
5611,0511,1,2026-06-14 07:55:50,0.3692496421999591,0
5612,0532,1,2026-06-14 07:55:50,0.5396646902473932,0
5613,0579,1,2026-06-14 07:55:50,0.6026374974442854,0
5614,0678,1,2026-06-14 07:55:50,0.6787977918626048,0
5615,0762,1,2026-06-14 07:55:50,0.5396646902473932,0
5616,0511,1,2026-06-14 07:56:00,0.3692496421999591,0
5617,0532,1,2026-06-14 07:56:00,0.5396646902473932,0
5618,0579,1,2026-06-14 07:56:00,0.6026374974442854,0
5619,0678,1,2026-06-14 07:56:00,0.6787977918626048,0
5620,0762,1,2026-06-14 07:56:00,0.5396646902473932,0
5621,0511,1,2026-06-14 07:56:10,0.3692496421999591,0
5622,0532,1,2026-06-14 07:56:10,0.5396646902473932,0
5623,0579,1,2026-06-14 07:56:10,0.6026374974442854,0
5624,0678,1,2026-06-14 07:56:10,0.6787977918626048,0
5625,0762,1,2026-06-14 07:56:10,0.5396646902473932,0
5626,0511,1,2026-06-14 07:56:20,0.3692496421999591,0
5627,0532,1,2026-06-14 07:56:20,0.5396646902473932,0
5628,0579,1,2026-06-14 07:56:20,0.6026374974442854,0
5629,0678,1,2026-06-14 07:56:20,0.6787977918626048,0
5630,0762,1,2026-06-14 07:56:20,0.5396646902473932,0
5631,0511,1,2026-06-14 07:56:30,0.3692496421999591,0
5632,0532,1,2026-06-14 07:56:30,0.5396646902473932,0
5633,0579,1,2026-06-14 07:56:30,0.6026374974442854,0
5634,0678,1,2026-06-14 07:56:30,0.6787977918626048,0
5635,0762,1,2026-06-14 07:56:30,0.5396646902473932,0
5636,0511,1,2026-06-14 07:56:40,0.3692496421999591,0
5637,0532,1,2026-06-14 07:56:40,0.5396646902473932,0
5638,0579,1,2026-06-14 07:56:40,0.6026374974442854,0
5639,0678,1,2026-06-14 07:56:40,0.6787977918626048,0
5640,0762,1,2026-06-14 07:56:40,0.5396646902473932,0
5641,0163,1,2026-06-14 07:56:50,0.7822531179717849,0
5642,0511,1,2026-06-14 07:56:50,0.3692496421999591,0
5643,0532,1,2026-06-14 07:56:50,0.5396646902473932,0
5644,0579,1,2026-06-14 07:56:50,0.6026374974442854,0
5645,0678,1,2026-06-14 07:56:50,0.6787977918626048,0
5646,0762,1,2026-06-14 07:56:50,0.5396646902473932,0
5647,0163,1,2026-06-14 07:57:00,0.7822531179717849,0
5648,0532,1,2026-06-14 07:57:00,0.5396646902473932,0
5649,0579,1,2026-06-14 07:57:00,0.6026374974442854,0
5650,0678,1,2026-06-14 07:57:00,0.6787977918626048,0
5651,0163,1,2026-06-14 07:57:10,0.7822531179717849,0
5652,0532,1,2026-06-14 07:57:10,0.5396646902473932,0
5653,0579,1,2026-06-14 07:57:10,0.6026374974442854,0
5654,0678,1,2026-06-14 07:57:10,0.6787977918626048,0
5655,0163,1,2026-06-14 07:57:20,0.7822531179717849,0
5656,0532,1,2026-06-14 07:57:20,0.5396646902473932,0
5657,0579,1,2026-06-14 07:57:20,0.6026374974442854,0
5658,0678,1,2026-06-14 07:57:20,0.6787977918626048,0
5659,0579,1,2026-06-14 07:57:30,0.6026374974442854,0
5660,0307,1,2026-06-14 07:58:20,0.9248619914127990,0
5661,0329,1,2026-06-14 07:58:20,0.6026374974442854,0
5662,0420,1,2026-06-14 07:58:20,1.0000000000000000,0
5663,0307,1,2026-06-14 07:58:30,0.9248619914127990,0
5664,0329,1,2026-06-14 07:58:30,0.6026374974442854,0
5665,0420,1,2026-06-14 07:58:30,1.0000000000000000,0
5666,0307,1,2026-06-14 07:58:40,0.9248619914127990,0
5667,0329,1,2026-06-14 07:58:40,0.6026374974442854,0
5668,0420,1,2026-06-14 07:58:40,1.0000000000000000,0
5669,0849,1,2026-06-14 07:58:40,0.5396646902473932,0
5670,0849,1,2026-06-14 07:58:40,0.5396646902473932,0
5671,0849,1,2026-06-14 07:58:40,0.5396646902473932,0
5672,0849,1,2026-06-14 07:58:40,0.5396646902473932,0
5673,0971,1,2026-06-14 07:58:40,1.0000000000000000,0
5674,0307,1,2026-06-14 07:58:50,0.9248619914127990,0
5675,0329,1,2026-06-14 07:58:50,0.6026374974442854,0
5676,0420,1,2026-06-14 07:58:50,1.0000000000000000,0
5677,0849,1,2026-06-14 07:58:50,0.5396646902473932,0
5678,0849,1,2026-06-14 07:58:50,0.5396646902473932,0
5679,0849,1,2026-06-14 07:58:50,0.5396646902473932,0
5680,0849,1,2026-06-14 07:58:50,0.5396646902473932,0
5681,0849,1,2026-06-14 07:58:50,0.5396646902473932,0
5682,0971,1,2026-06-14 07:58:50,1.0000000000000000,0
5683,0329,1,2026-06-14 07:59:00,0.6026374974442854,0
5684,0420,1,2026-06-14 07:59:00,1.0000000000000000,0
5685,0468,1,2026-06-14 07:59:00,0.2789818033122061,0
5686,0849,1,2026-06-14 07:59:00,0.5396646902473932,0
5687,0849,1,2026-06-14 07:59:00,0.5396646902473932,0
5688,0849,1,2026-06-14 07:59:00,0.5396646902473932,0
5689,0971,1,2026-06-14 07:59:00,1.0000000000000000,0
5690,0329,1,2026-06-14 07:59:10,0.6026374974442854,0
5691,0420,1,2026-06-14 07:59:10,1.0000000000000000,0
5692,0468,1,2026-06-14 07:59:10,0.2789818033122061,0
5693,0534,1,2026-06-14 07:59:10,0.1247188713964424,0
5694,0849,1,2026-06-14 07:59:10,0.5396646902473932,0
5695,0849,1,2026-06-14 07:59:10,0.5396646902473932,0
5696,0849,1,2026-06-14 07:59:10,0.5396646902473932,0
5697,0849,1,2026-06-14 07:59:10,0.5396646902473932,0
5698,0971,1,2026-06-14 07:59:10,1.0000000000000000,0
5699,0329,1,2026-06-14 07:59:20,0.6026374974442854,0
5700,0420,1,2026-06-14 07:59:20,1.0000000000000000,0
5701,0468,1,2026-06-14 07:59:20,0.2789818033122061,0
5702,0534,1,2026-06-14 07:59:20,0.1247188713964424,0
5703,0849,1,2026-06-14 07:59:20,0.5396646902473932,0
5704,0849,1,2026-06-14 07:59:20,0.5396646902473932,0
5705,0849,1,2026-06-14 07:59:20,0.5396646902473932,0
5706,0849,1,2026-06-14 07:59:20,0.5396646902473932,0
5707,0971,1,2026-06-14 07:59:20,1.0000000000000000,0
5708,0329,1,2026-06-14 07:59:30,0.6026374974442854,0
5709,0420,1,2026-06-14 07:59:30,1.0000000000000000,0
5710,0468,1,2026-06-14 07:59:30,0.2789818033122061,0
5711,0534,1,2026-06-14 07:59:30,0.1247188713964424,0
5712,0849,1,2026-06-14 07:59:30,0.5396646902473932,0
5713,0849,1,2026-06-14 07:59:30,0.5396646902473932,0
5714,0849,1,2026-06-14 07:59:30,0.5396646902473932,0
5715,0849,1,2026-06-14 07:59:30,0.5396646902473932,0
5716,0971,1,2026-06-14 07:59:30,1.0000000000000000,0
5717,0420,1,2026-06-14 07:59:40,1.0000000000000000,0
5718,0468,1,2026-06-14 07:59:40,0.2789818033122061,0
5719,0534,1,2026-06-14 07:59:40,0.1247188713964424,0
5720,0621,1,2026-06-14 07:59:40,1.0000000000000000,0
5721,0849,1,2026-06-14 07:59:40,0.5396646902473932,0
5722,0849,1,2026-06-14 07:59:40,0.5396646902473932,0
5723,0849,1,2026-06-14 07:59:40,0.5396646902473932,0
5724,0849,1,2026-06-14 07:59:40,0.5396646902473932,0
5725,0971,1,2026-06-14 07:59:40,1.0000000000000000,0
5726,0420,1,2026-06-14 07:59:50,1.0000000000000000,0
5727,0468,1,2026-06-14 07:59:50,0.2789818033122061,0
5728,0534,1,2026-06-14 07:59:50,0.1247188713964424,0
5729,0621,1,2026-06-14 07:59:50,1.0000000000000000,0
5730,0849,1,2026-06-14 07:59:50,0.5396646902473932,0
5731,0849,1,2026-06-14 07:59:50,0.5396646902473932,0
5732,0849,1,2026-06-14 07:59:50,0.5396646902473932,0
5733,0971,1,2026-06-14 07:59:50,1.0000000000000000,0
5734,0420,1,2026-06-14 08:00:00,1.0000000000000000,0
5735,0433,1,2026-06-14 08:00:00,0.4595174810877121,0
5736,0433,1,2026-06-14 08:00:00,0.4595174810877121,0
5737,0433,1,2026-06-14 08:00:00,0.4595174810877121,0
5738,0433,1,2026-06-14 08:00:00,0.4595174810877121,0
5739,0468,1,2026-06-14 08:00:00,0.2789818033122061,0
5740,0534,1,2026-06-14 08:00:00,0.1247188713964424,0
5741,0621,1,2026-06-14 08:00:00,1.0000000000000000,0
5742,0849,1,2026-06-14 08:00:00,0.5396646902473932,0
5743,0849,1,2026-06-14 08:00:00,0.5396646902473932,0
5744,0849,1,2026-06-14 08:00:00,0.5396646902473932,0
5745,0849,1,2026-06-14 08:00:00,0.5396646902473932,0
5746,0971,1,2026-06-14 08:00:00,1.0000000000000000,0
5747,0420,1,2026-06-14 08:00:10,1.0000000000000000,0
5748,0433,1,2026-06-14 08:00:10,0.4595174810877121,0
5749,0433,1,2026-06-14 08:00:10,0.4595174810877121,0
5750,0433,1,2026-06-14 08:00:10,0.4595174810877121,0
5751,0433,1,2026-06-14 08:00:10,0.4595174810877121,0
5752,0468,1,2026-06-14 08:00:10,0.2789818033122061,0
5753,0534,1,2026-06-14 08:00:10,0.1247188713964424,0
5754,0621,1,2026-06-14 08:00:10,1.0000000000000000,0
5755,0849,1,2026-06-14 08:00:10,0.5396646902473932,0
5756,0849,1,2026-06-14 08:00:10,0.5396646902473932,0
5757,0849,1,2026-06-14 08:00:10,0.5396646902473932,0
5758,0849,1,2026-06-14 08:00:10,0.5396646902473932,0
5759,0971,1,2026-06-14 08:00:10,1.0000000000000000,0
5760,0433,1,2026-06-14 08:00:20,0.4595174810877121,0
5761,0433,1,2026-06-14 08:00:20,0.4595174810877121,0
5762,0433,1,2026-06-14 08:00:20,0.4595174810877121,0
5763,0433,1,2026-06-14 08:00:20,0.4595174810877121,0
5764,0468,1,2026-06-14 08:00:20,0.2789818033122061,0
5765,0534,1,2026-06-14 08:00:20,0.1247188713964424,0
5766,0621,1,2026-06-14 08:00:20,1.0000000000000000,0
5767,0971,1,2026-06-14 08:00:20,1.0000000000000000,0
5768,0433,1,2026-06-14 08:00:30,0.4595174810877121,0
5769,0433,1,2026-06-14 08:00:30,0.4595174810877121,0
5770,0433,1,2026-06-14 08:00:30,0.4595174810877121,0
5771,0433,1,2026-06-14 08:00:30,0.4595174810877121,0
5772,0468,1,2026-06-14 08:00:30,0.2789818033122061,0
5773,0534,1,2026-06-14 08:00:30,0.1247188713964424,0
5774,0621,1,2026-06-14 08:00:30,1.0000000000000000,0
5775,0971,1,2026-06-14 08:00:30,1.0000000000000000,0
5776,0433,1,2026-06-14 08:00:40,0.4595174810877121,0
5777,0433,1,2026-06-14 08:00:40,0.4595174810877121,0
5778,0433,1,2026-06-14 08:00:40,0.4595174810877121,0
5779,0433,1,2026-06-14 08:00:40,0.4595174810877121,0
5780,0468,1,2026-06-14 08:00:40,0.2789818033122061,0
5781,0534,1,2026-06-14 08:00:40,0.1247188713964424,0
5782,0621,1,2026-06-14 08:00:40,1.0000000000000000,0
5783,0433,1,2026-06-14 08:00:50,0.4595174810877121,0
5784,0433,1,2026-06-14 08:00:50,0.4595174810877121,0
5785,0433,1,2026-06-14 08:00:50,0.4595174810877121,0
5786,0433,1,2026-06-14 08:00:50,0.4595174810877121,0
5787,0468,1,2026-06-14 08:00:50,0.2789818033122061,0
5788,0534,1,2026-06-14 08:00:50,0.1247188713964424,0
5789,0621,1,2026-06-14 08:00:50,1.0000000000000000,0
5790,0621,1,2026-06-14 08:01:00,1.0000000000000000,0
5791,0156,1,2026-06-14 08:03:10,0.7822531179717849,0
5792,0156,1,2026-06-14 08:03:20,0.7822531179717849,0
5793,0156,1,2026-06-14 08:03:30,0.7822531179717849,0
5794,0156,1,2026-06-14 08:03:40,0.7822531179717849,0
5795,0156,1,2026-06-14 08:03:50,0.7822531179717849,0
5796,0156,1,2026-06-14 08:04:00,0.7822531179717849,0
5797,0156,1,2026-06-14 08:04:10,0.7822531179717849,0
5798,0156,1,2026-06-14 08:04:20,0.7822531179717849,0
5799,0156,1,2026-06-14 08:04:30,0.7822531179717849,0
5800,0156,1,2026-06-14 08:04:40,0.7822531179717849,0
5801,0156,1,2026-06-14 08:04:50,0.7822531179717849,0
5802,0156,1,2026-06-14 08:05:00,0.7822531179717849,0
5803,0226,1,2026-06-14 08:05:00,0.7822531179717849,0
5804,0226,1,2026-06-14 08:05:10,0.7822531179717849,0
5805,0226,1,2026-06-14 08:05:20,0.7822531179717849,0
5806,0226,1,2026-06-14 08:05:30,0.7822531179717849,0
5807,0226,1,2026-06-14 08:05:40,0.7822531179717849,0
5808,0226,1,2026-06-14 08:05:50,0.7822531179717849,0
5809,0226,1,2026-06-14 08:06:00,0.7822531179717849,1
5810,0986,1,2026-06-14 08:06:20,0.5396646902473932,0
5811,0986,1,2026-06-14 08:06:30,0.5396646902473932,0
5812,0716,1,2026-06-14 08:06:40,0.8509507258229401,1
5813,0986,1,2026-06-14 08:06:40,0.5396646902473932,0
5814,0716,1,2026-06-14 08:06:50,0.8509507258229401,0
5815,0986,1,2026-06-14 08:06:50,0.5396646902473932,0
5816,0716,1,2026-06-14 08:07:00,0.8509507258229401,0
5817,0986,1,2026-06-14 08:07:00,0.5396646902473932,0
5818,0716,1,2026-06-14 08:07:10,0.8509507258229401,0
5819,0986,1,2026-06-14 08:07:10,0.5396646902473932,0
5820,0716,1,2026-06-14 08:07:20,0.8509507258229401,0
5821,0986,1,2026-06-14 08:07:20,0.5396646902473932,0
5822,0716,1,2026-06-14 08:07:30,0.8509507258229401,0
5823,0986,1,2026-06-14 08:07:30,0.5396646902473932,0
5824,0716,1,2026-06-14 08:07:40,0.8509507258229401,0
5825,0986,1,2026-06-14 08:07:40,0.5396646902473932,0
5826,0716,1,2026-06-14 08:07:50,0.8509507258229401,0
5827,0986,1,2026-06-14 08:07:50,0.5396646902473932,0
5828,0716,1,2026-06-14 08:08:00,0.8509507258229401,0
5829,0986,1,2026-06-14 08:08:00,0.5396646902473932,0
5830,0716,1,2026-06-14 08:08:10,0.8509507258229401,0
5831,0716,1,2026-06-14 08:08:20,0.8509507258229401,0
5832,0499,1,2026-06-14 08:08:50,0.2789818033122061,0
5833,0570,1,2026-06-14 08:08:50,0.1247188713964424,0
5834,0260,1,2026-06-14 08:09:00,0.4595174810877121,0
5835,0499,1,2026-06-14 08:09:00,0.2789818033122061,0
5836,0570,1,2026-06-14 08:09:00,0.1247188713964424,0
5837,0260,1,2026-06-14 08:09:10,0.4595174810877121,0
5838,0499,1,2026-06-14 08:09:10,0.2789818033122061,0
5839,0570,1,2026-06-14 08:09:10,0.1247188713964424,0
5840,0260,1,2026-06-14 08:09:20,0.4595174810877121,0
5841,0499,1,2026-06-14 08:09:20,0.2789818033122061,0
5842,0570,1,2026-06-14 08:09:20,0.1247188713964424,0
5843,0260,1,2026-06-14 08:09:30,0.4595174810877121,0
5844,0499,1,2026-06-14 08:09:30,0.2789818033122061,0
5845,0570,1,2026-06-14 08:09:30,0.1247188713964424,0
5846,0260,1,2026-06-14 08:09:40,0.4595174810877121,0
5847,0499,1,2026-06-14 08:09:40,0.2789818033122061,1
5848,0570,1,2026-06-14 08:09:40,0.1247188713964424,0
5849,0499,1,2026-06-14 08:09:50,0.2789818033122061,1
5850,0570,1,2026-06-14 08:09:50,0.1247188713964424,0
5851,0499,1,2026-06-14 08:10:00,0.2789818033122061,0
5852,0570,1,2026-06-14 08:10:00,0.1247188713964424,0
5853,0499,1,2026-06-14 08:10:10,0.2789818033122061,0
5854,0570,1,2026-06-14 08:10:10,0.1247188713964424,0
5855,0499,1,2026-06-14 08:10:20,0.2789818033122061,0
5856,0570,1,2026-06-14 08:10:20,0.1247188713964424,0
5857,0175,1,2026-06-14 08:16:20,1.0000000000000000,0
5858,0175,1,2026-06-14 08:16:30,1.0000000000000000,0
5859,0175,1,2026-06-14 08:16:40,1.0000000000000000,0
5860,0175,1,2026-06-14 08:16:50,1.0000000000000000,0
5861,0175,1,2026-06-14 08:17:00,1.0000000000000000,0
5862,0175,1,2026-06-14 08:17:10,1.0000000000000000,0
5863,0175,1,2026-06-14 08:17:20,1.0000000000000000,0
5864,0175,1,2026-06-14 08:17:30,1.0000000000000000,0
5865,0065,1,2026-06-14 09:30:10,0.5396646902473932,0
5866,0166,1,2026-06-14 09:30:10,0.3692496421999591,0
5867,0908,1,2026-06-14 09:30:10,0.3692496421999591,0
5868,0065,1,2026-06-14 09:30:20,0.5396646902473932,0
5869,0166,1,2026-06-14 09:30:20,0.3692496421999591,0
5870,0908,1,2026-06-14 09:30:20,0.3692496421999591,0
5871,0065,1,2026-06-14 09:30:30,0.5396646902473932,0
5872,0166,1,2026-06-14 09:30:30,0.3692496421999591,0
5873,0616,1,2026-06-14 09:30:30,0.6026374974442854,0
5874,0908,1,2026-06-14 09:30:30,0.3692496421999591,0
5875,0065,1,2026-06-14 09:30:40,0.5396646902473932,0
5876,0166,1,2026-06-14 09:30:40,0.3692496421999591,0
5877,0616,1,2026-06-14 09:30:40,0.6026374974442854,0
5878,0908,1,2026-06-14 09:30:40,0.3692496421999591,0
5879,0065,1,2026-06-14 09:30:50,0.5396646902473932,0
5880,0166,1,2026-06-14 09:30:50,0.3692496421999591,0
5881,0616,1,2026-06-14 09:30:50,0.6026374974442854,0
5882,0695,1,2026-06-14 09:30:50,0.0608260069515437,0
5883,0908,1,2026-06-14 09:30:50,0.3692496421999591,0
5884,0065,1,2026-06-14 09:31:00,0.5396646902473932,0
5885,0166,1,2026-06-14 09:31:00,0.3692496421999591,0
5886,0509,1,2026-06-14 09:31:00,0.9248619914127990,0
5887,0616,1,2026-06-14 09:31:00,0.6026374974442854,0
5888,0695,1,2026-06-14 09:31:00,0.0608260069515437,0
5889,0908,1,2026-06-14 09:31:00,0.3692496421999591,0
5890,0065,1,2026-06-14 09:31:10,0.5396646902473932,0
5891,0087,1,2026-06-14 09:31:10,0.6787977918626048,0
5892,0166,1,2026-06-14 09:31:10,0.3692496421999591,0
5893,0509,1,2026-06-14 09:31:10,0.9248619914127990,0
5894,0616,1,2026-06-14 09:31:10,0.6026374974442854,0
5895,0695,1,2026-06-14 09:31:10,0.0608260069515437,0
5896,0809,1,2026-06-14 09:31:10,0.6787977918626048,0
5897,0908,1,2026-06-14 09:31:10,0.3692496421999591,0
5898,0065,1,2026-06-14 09:31:20,0.5396646902473932,0
5899,0087,1,2026-06-14 09:31:20,0.6787977918626048,0
5900,0157,1,2026-06-14 09:31:20,0.8509507258229401,0
5901,0166,1,2026-06-14 09:31:20,0.3692496421999591,0
5902,0268,1,2026-06-14 09:31:20,0.5396646902473932,0
5903,0509,1,2026-06-14 09:31:20,0.9248619914127990,0
5904,0616,1,2026-06-14 09:31:20,0.6026374974442854,0
5905,0695,1,2026-06-14 09:31:20,0.0608260069515437,1
5906,0809,1,2026-06-14 09:31:20,0.6787977918626048,0
5907,0908,1,2026-06-14 09:31:20,0.3692496421999591,0
5908,0065,1,2026-06-14 09:31:30,0.5396646902473932,0
5909,0087,1,2026-06-14 09:31:30,0.6787977918626048,1
5910,0157,1,2026-06-14 09:31:30,0.8509507258229401,0
5911,0166,1,2026-06-14 09:31:30,0.3692496421999591,0
5912,0268,1,2026-06-14 09:31:30,0.5396646902473932,0
5913,0509,1,2026-06-14 09:31:30,0.9248619914127990,0
5914,0616,1,2026-06-14 09:31:30,0.6026374974442854,0
5915,0695,1,2026-06-14 09:31:30,0.0608260069515437,0
5916,0809,1,2026-06-14 09:31:30,0.6787977918626048,0
5917,0065,1,2026-06-14 09:31:40,0.5396646902473932,0
5918,0087,1,2026-06-14 09:31:40,0.6787977918626048,0
5919,0102,1,2026-06-14 09:31:40,0.7822531179717849,0
5920,0157,1,2026-06-14 09:31:40,0.8509507258229401,0
5921,0166,1,2026-06-14 09:31:40,0.3692496421999591,0
5922,0268,1,2026-06-14 09:31:40,0.5396646902473932,0
5923,0509,1,2026-06-14 09:31:40,0.9248619914127990,0
5924,0616,1,2026-06-14 09:31:40,0.6026374974442854,0
5925,0695,1,2026-06-14 09:31:40,0.0608260069515437,0
5926,0809,1,2026-06-14 09:31:40,0.6787977918626048,0
5927,0065,1,2026-06-14 09:31:50,0.5396646902473932,0
5928,0087,1,2026-06-14 09:31:50,0.6787977918626048,0
5929,0102,1,2026-06-14 09:31:50,0.7822531179717849,0
5930,0157,1,2026-06-14 09:31:50,0.8509507258229401,0
5931,0166,1,2026-06-14 09:31:50,0.3692496421999591,0
5932,0268,1,2026-06-14 09:31:50,0.5396646902473932,0
5933,0379,1,2026-06-14 09:31:50,0.8509507258229401,0
5934,0509,1,2026-06-14 09:31:50,0.9248619914127990,0
5935,0616,1,2026-06-14 09:31:50,0.6026374974442854,0
5936,0683,1,2026-06-14 09:31:50,0.8509507258229401,0
5937,0695,1,2026-06-14 09:31:50,0.0608260069515437,0
5938,0769,1,2026-06-14 09:31:50,0.9248619914127990,0
5939,0809,1,2026-06-14 09:31:50,0.6787977918626048,0
5940,0840,1,2026-06-14 09:31:50,0.9248619914127990,1
5941,0840,1,2026-06-14 09:31:50,0.9248619914127990,0
5942,0053,1,2026-06-14 09:32:00,0.1247188713964424,0
5943,0087,1,2026-06-14 09:32:00,0.6787977918626048,0
5944,0102,1,2026-06-14 09:32:00,0.7822531179717849,0
5945,0157,1,2026-06-14 09:32:00,0.8509507258229401,0
5946,0229,1,2026-06-14 09:32:00,0.6026374974442854,0
5947,0268,1,2026-06-14 09:32:00,0.5396646902473932,0
5948,0379,1,2026-06-14 09:32:00,0.8509507258229401,0
5949,0442,1,2026-06-14 09:32:00,0.7822531179717849,0
5950,0478,1,2026-06-14 09:32:00,0.0608260069515437,0
5951,0478,1,2026-06-14 09:32:00,0.0608260069515437,0
5952,0509,1,2026-06-14 09:32:00,0.9248619914127990,0
5953,0530,1,2026-06-14 09:32:00,0.6787977918626048,0
5954,0538,1,2026-06-14 09:32:00,0.4595174810877121,0
5955,0616,1,2026-06-14 09:32:00,0.6026374974442854,0
5956,0683,1,2026-06-14 09:32:00,0.8509507258229401,0
5957,0684,1,2026-06-14 09:32:00,0.3692496421999591,1
5958,0684,1,2026-06-14 09:32:00,0.3692496421999591,0
5959,0695,1,2026-06-14 09:32:00,0.0608260069515437,0
5960,0731,1,2026-06-14 09:32:00,0.6026374974442854,0
5961,0769,1,2026-06-14 09:32:00,0.9248619914127990,0
5962,0809,1,2026-06-14 09:32:00,0.6787977918626048,0
5963,0840,1,2026-06-14 09:32:00,0.9248619914127990,0
5964,0840,1,2026-06-14 09:32:00,0.9248619914127990,0
5965,0841,1,2026-06-14 09:32:00,0.6787977918626048,0
5966,0841,1,2026-06-14 09:32:00,0.6787977918626048,0
5967,0841,1,2026-06-14 09:32:00,0.6787977918626048,0
5968,0841,1,2026-06-14 09:32:00,0.6787977918626048,0
5969,0053,1,2026-06-14 09:32:10,0.1247188713964424,0
5970,0087,1,2026-06-14 09:32:10,0.6787977918626048,0
5971,0102,1,2026-06-14 09:32:10,0.7822531179717849,0
5972,0157,1,2026-06-14 09:32:10,0.8509507258229401,0
5973,0229,1,2026-06-14 09:32:10,0.6026374974442854,0
5974,0268,1,2026-06-14 09:32:10,0.5396646902473932,0
5975,0317,1,2026-06-14 09:32:10,0.1247188713964424,0
5976,0379,1,2026-06-14 09:32:10,0.8509507258229401,0
5977,0442,1,2026-06-14 09:32:10,0.7822531179717849,0
5978,0478,1,2026-06-14 09:32:10,0.0608260069515437,1
5979,0478,1,2026-06-14 09:32:10,0.0608260069515437,0
5980,0486,1,2026-06-14 09:32:10,0.4595174810877121,0
5981,0509,1,2026-06-14 09:32:10,0.9248619914127990,0
5982,0530,1,2026-06-14 09:32:10,0.6787977918626048,0
5983,0538,1,2026-06-14 09:32:10,0.4595174810877121,0
5984,0575,1,2026-06-14 09:32:10,0.9248619914127990,0
5985,0616,1,2026-06-14 09:32:10,0.6026374974442854,0
5986,0683,1,2026-06-14 09:32:10,0.8509507258229401,0
5987,0684,1,2026-06-14 09:32:10,0.3692496421999591,0
5988,0684,1,2026-06-14 09:32:10,0.3692496421999591,0
5989,0695,1,2026-06-14 09:32:10,0.0608260069515437,0
5990,0731,1,2026-06-14 09:32:10,0.6026374974442854,0
5991,0769,1,2026-06-14 09:32:10,0.9248619914127990,0
5992,0809,1,2026-06-14 09:32:10,0.6787977918626048,0
5993,0840,1,2026-06-14 09:32:10,0.9248619914127990,0
5994,0841,1,2026-06-14 09:32:10,0.6787977918626048,0
5995,0841,1,2026-06-14 09:32:10,0.6787977918626048,0
5996,0841,1,2026-06-14 09:32:10,0.6787977918626048,0
5997,0841,1,2026-06-14 09:32:10,0.6787977918626048,0
5998,0053,1,2026-06-14 09:32:20,0.1247188713964424,0
5999,0087,1,2026-06-14 09:32:20,0.6787977918626048,0
6000,0102,1,2026-06-14 09:32:20,0.7822531179717849,0
6001,0157,1,2026-06-14 09:32:20,0.8509507258229401,0
6002,0229,1,2026-06-14 09:32:20,0.6026374974442854,0
6003,0268,1,2026-06-14 09:32:20,0.5396646902473932,0
6004,0317,1,2026-06-14 09:32:20,0.1247188713964424,0
6005,0379,1,2026-06-14 09:32:20,0.8509507258229401,0
6006,0442,1,2026-06-14 09:32:20,0.7822531179717849,0
6007,0478,1,2026-06-14 09:32:20,0.0608260069515437,0
6008,0478,1,2026-06-14 09:32:20,0.0608260069515437,0
6009,0486,1,2026-06-14 09:32:20,0.4595174810877121,0
6010,0491,1,2026-06-14 09:32:20,1.0000000000000000,0
6011,0509,1,2026-06-14 09:32:20,0.9248619914127990,0
6012,0530,1,2026-06-14 09:32:20,0.6787977918626048,0
6013,0538,1,2026-06-14 09:32:20,0.4595174810877121,0
6014,0575,1,2026-06-14 09:32:20,0.9248619914127990,0
6015,0616,1,2026-06-14 09:32:20,0.6026374974442854,0
6016,0683,1,2026-06-14 09:32:20,0.8509507258229401,0
6017,0684,1,2026-06-14 09:32:20,0.3692496421999591,0
6018,0684,1,2026-06-14 09:32:20,0.3692496421999591,0
6019,0695,1,2026-06-14 09:32:20,0.0608260069515437,0
6020,0731,1,2026-06-14 09:32:20,0.6026374974442854,0
6021,0769,1,2026-06-14 09:32:20,0.9248619914127990,0
6022,0809,1,2026-06-14 09:32:20,0.6787977918626048,0
6023,0840,1,2026-06-14 09:32:20,0.9248619914127990,1
6024,0840,1,2026-06-14 09:32:20,0.9248619914127990,0
6025,0841,1,2026-06-14 09:32:20,0.6787977918626048,0
6026,0841,1,2026-06-14 09:32:20,0.6787977918626048,0
6027,0853,1,2026-06-14 09:32:20,0.1247188713964424,0
6028,0053,1,2026-06-14 09:32:30,0.1247188713964424,0
6029,0087,1,2026-06-14 09:32:30,0.6787977918626048,0
6030,0102,1,2026-06-14 09:32:30,0.7822531179717849,0
6031,0180,1,2026-06-14 09:32:30,0.7822531179717849,0
6032,0229,1,2026-06-14 09:32:30,0.6026374974442854,0
6033,0268,1,2026-06-14 09:32:30,0.5396646902473932,0
6034,0317,1,2026-06-14 09:32:30,0.1247188713964424,0
6035,0379,1,2026-06-14 09:32:30,0.8509507258229401,0
6036,0442,1,2026-06-14 09:32:30,0.7822531179717849,0
6037,0475,1,2026-06-14 09:32:30,0.7822531179717849,0
6038,0478,1,2026-06-14 09:32:30,0.0608260069515437,0
6039,0478,1,2026-06-14 09:32:30,0.0608260069515437,0
6040,0486,1,2026-06-14 09:32:30,0.4595174810877121,0
6041,0491,1,2026-06-14 09:32:30,1.0000000000000000,0
6042,0509,1,2026-06-14 09:32:30,0.9248619914127990,0
6043,0530,1,2026-06-14 09:32:30,0.6787977918626048,0
6044,0538,1,2026-06-14 09:32:30,0.4595174810877121,0
6045,0575,1,2026-06-14 09:32:30,0.9248619914127990,0
6046,0683,1,2026-06-14 09:32:30,0.8509507258229401,0
6047,0684,1,2026-06-14 09:32:30,0.3692496421999591,1
6048,0684,1,2026-06-14 09:32:30,0.3692496421999591,0
6049,0695,1,2026-06-14 09:32:30,0.0608260069515437,0
6050,0731,1,2026-06-14 09:32:30,0.6026374974442854,0
6051,0769,1,2026-06-14 09:32:30,0.9248619914127990,0
6052,0809,1,2026-06-14 09:32:30,0.6787977918626048,0
6053,0840,1,2026-06-14 09:32:30,0.9248619914127990,0
6054,0840,1,2026-06-14 09:32:30,0.9248619914127990,0
6055,0841,1,2026-06-14 09:32:30,0.6787977918626048,0
6056,0841,1,2026-06-14 09:32:30,0.6787977918626048,0
6057,0841,1,2026-06-14 09:32:30,0.6787977918626048,0
6058,0841,1,2026-06-14 09:32:30,0.6787977918626048,0
6059,0853,1,2026-06-14 09:32:30,0.1247188713964424,0
6060,0087,1,2026-06-14 09:32:40,0.6787977918626048,0
6061,0102,1,2026-06-14 09:32:40,0.7822531179717849,0
6062,0180,1,2026-06-14 09:32:40,0.7822531179717849,0
6063,0229,1,2026-06-14 09:32:40,0.6026374974442854,0
6064,0268,1,2026-06-14 09:32:40,0.5396646902473932,0
6065,0273,1,2026-06-14 09:32:40,0.8509507258229401,0
6066,0317,1,2026-06-14 09:32:40,0.1247188713964424,0
6067,0379,1,2026-06-14 09:32:40,0.8509507258229401,0
6068,0424,1,2026-06-14 09:32:40,0.2789818033122061,0
6069,0442,1,2026-06-14 09:32:40,0.7822531179717849,0
6070,0475,1,2026-06-14 09:32:40,0.7822531179717849,0
6071,0478,1,2026-06-14 09:32:40,0.0608260069515437,1
6072,0478,1,2026-06-14 09:32:40,0.0608260069515437,0
6073,0486,1,2026-06-14 09:32:40,0.4595174810877121,0
6074,0491,1,2026-06-14 09:32:40,1.0000000000000000,0
6075,0509,1,2026-06-14 09:32:40,0.9248619914127990,0
6076,0530,1,2026-06-14 09:32:40,0.6787977918626048,0
6077,0538,1,2026-06-14 09:32:40,0.4595174810877121,0
6078,0575,1,2026-06-14 09:32:40,0.9248619914127990,0
6079,0684,1,2026-06-14 09:32:40,0.3692496421999591,0
6080,0684,1,2026-06-14 09:32:40,0.3692496421999591,0
6081,0731,1,2026-06-14 09:32:40,0.6026374974442854,0
6082,0769,1,2026-06-14 09:32:40,0.9248619914127990,0
6083,0809,1,2026-06-14 09:32:40,0.6787977918626048,0
6084,0841,1,2026-06-14 09:32:40,0.6787977918626048,0
6085,0841,1,2026-06-14 09:32:40,0.6787977918626048,0
6086,0841,1,2026-06-14 09:32:40,0.6787977918626048,0
6087,0841,1,2026-06-14 09:32:40,0.6787977918626048,0
6088,0841,1,2026-06-14 09:32:40,0.6787977918626048,0
6089,0841,1,2026-06-14 09:32:40,0.6787977918626048,0
6090,0841,1,2026-06-14 09:32:40,0.6787977918626048,0
6091,0102,1,2026-06-14 09:32:50,0.7822531179717849,0
6092,0180,1,2026-06-14 09:32:50,0.7822531179717849,0
6093,0229,1,2026-06-14 09:32:50,0.6026374974442854,0
6094,0268,1,2026-06-14 09:32:50,0.5396646902473932,0
6095,0273,1,2026-06-14 09:32:50,0.8509507258229401,0
6096,0317,1,2026-06-14 09:32:50,0.1247188713964424,0
6097,0379,1,2026-06-14 09:32:50,0.8509507258229401,0
6098,0424,1,2026-06-14 09:32:50,0.2789818033122061,0
6099,0442,1,2026-06-14 09:32:50,0.7822531179717849,0
6100,0475,1,2026-06-14 09:32:50,0.7822531179717849,0
6101,0478,1,2026-06-14 09:32:50,0.0608260069515437,0
6102,0478,1,2026-06-14 09:32:50,0.0608260069515437,0
6103,0491,1,2026-06-14 09:32:50,1.0000000000000000,0
6104,0509,1,2026-06-14 09:32:50,0.9248619914127990,0
6105,0530,1,2026-06-14 09:32:50,0.6787977918626048,0
6106,0538,1,2026-06-14 09:32:50,0.4595174810877121,0
6107,0575,1,2026-06-14 09:32:50,0.9248619914127990,0
6108,0684,1,2026-06-14 09:32:50,0.3692496421999591,0
6109,0684,1,2026-06-14 09:32:50,0.3692496421999591,0
6110,0731,1,2026-06-14 09:32:50,0.6026374974442854,0
6111,0769,1,2026-06-14 09:32:50,0.9248619914127990,1
6112,0841,1,2026-06-14 09:32:50,0.6787977918626048,0
6113,0841,1,2026-06-14 09:32:50,0.6787977918626048,0
6114,0841,1,2026-06-14 09:32:50,0.6787977918626048,0
6115,0841,1,2026-06-14 09:32:50,0.6787977918626048,0
6116,0841,1,2026-06-14 09:32:50,0.6787977918626048,0
6117,0841,1,2026-06-14 09:32:50,0.6787977918626048,0
6118,0841,1,2026-06-14 09:32:50,0.6787977918626048,0
6119,0841,1,2026-06-14 09:32:50,0.6787977918626048,0
6120,0102,1,2026-06-14 09:33:00,0.7822531179717849,0
6121,0180,1,2026-06-14 09:33:00,0.7822531179717849,0
6122,0212,1,2026-06-14 09:33:00,0.7822531179717849,0
6123,0229,1,2026-06-14 09:33:00,0.6026374974442854,0
6124,0268,1,2026-06-14 09:33:00,0.5396646902473932,0
6125,0273,1,2026-06-14 09:33:00,0.8509507258229401,0
6126,0317,1,2026-06-14 09:33:00,0.1247188713964424,0
6127,0379,1,2026-06-14 09:33:00,0.8509507258229401,0
6128,0424,1,2026-06-14 09:33:00,0.2789818033122061,0
6129,0425,1,2026-06-14 09:33:00,0.7822531179717849,0
6130,0442,1,2026-06-14 09:33:00,0.7822531179717849,0
6131,0475,1,2026-06-14 09:33:00,0.7822531179717849,0
6132,0491,1,2026-06-14 09:33:00,1.0000000000000000,0
6133,0530,1,2026-06-14 09:33:00,0.6787977918626048,0
6134,0538,1,2026-06-14 09:33:00,0.4595174810877121,0
6135,0575,1,2026-06-14 09:33:00,0.9248619914127990,0
6136,0731,1,2026-06-14 09:33:00,0.6026374974442854,0
6137,0769,1,2026-06-14 09:33:00,0.9248619914127990,0
6138,0841,1,2026-06-14 09:33:00,0.6787977918626048,0
6139,0841,1,2026-06-14 09:33:00,0.6787977918626048,0
6140,0841,1,2026-06-14 09:33:00,0.6787977918626048,0
6141,0841,1,2026-06-14 09:33:00,0.6787977918626048,0
6142,0841,1,2026-06-14 09:33:00,0.6787977918626048,0
6143,0841,1,2026-06-14 09:33:00,0.6787977918626048,0
6144,0841,1,2026-06-14 09:33:00,0.6787977918626048,0
6145,0229,1,2026-06-14 09:33:10,0.6026374974442854,0
6146,0268,1,2026-06-14 09:33:10,0.5396646902473932,0
6147,0273,1,2026-06-14 09:33:10,0.8509507258229401,0
6148,0317,1,2026-06-14 09:33:10,0.1247188713964424,0
6149,0379,1,2026-06-14 09:33:10,0.8509507258229401,0
6150,0424,1,2026-06-14 09:33:10,0.2789818033122061,0
6151,0425,1,2026-06-14 09:33:10,0.7822531179717849,0
6152,0442,1,2026-06-14 09:33:10,0.7822531179717849,0
6153,0475,1,2026-06-14 09:33:10,0.7822531179717849,0
6154,0491,1,2026-06-14 09:33:10,1.0000000000000000,0
6155,0530,1,2026-06-14 09:33:10,0.6787977918626048,0
6156,0538,1,2026-06-14 09:33:10,0.4595174810877121,0
6157,0575,1,2026-06-14 09:33:10,0.9248619914127990,0
6158,0731,1,2026-06-14 09:33:10,0.6026374974442854,0
6159,0769,1,2026-06-14 09:33:10,0.9248619914127990,0
6160,0841,1,2026-06-14 09:33:10,0.6787977918626048,0
6161,0841,1,2026-06-14 09:33:10,0.6787977918626048,0
6162,0841,1,2026-06-14 09:33:10,0.6787977918626048,0
6163,0841,1,2026-06-14 09:33:10,0.6787977918626048,1
6164,0841,1,2026-06-14 09:33:10,0.6787977918626048,0
6165,0229,1,2026-06-14 09:33:20,0.6026374974442854,0
6166,0273,1,2026-06-14 09:33:20,0.8509507258229401,0
6167,0308,1,2026-06-14 09:33:20,0.2789818033122061,0
6168,0317,1,2026-06-14 09:33:20,0.1247188713964424,0
6169,0375,1,2026-06-14 09:33:20,0.4595174810877121,0
6170,0375,1,2026-06-14 09:33:20,0.4595174810877121,0
6171,0379,1,2026-06-14 09:33:20,0.8509507258229401,0
6172,0424,1,2026-06-14 09:33:20,0.2789818033122061,0
6173,0425,1,2026-06-14 09:33:20,0.7822531179717849,0
6174,0442,1,2026-06-14 09:33:20,0.7822531179717849,0
6175,0475,1,2026-06-14 09:33:20,0.7822531179717849,0
6176,0491,1,2026-06-14 09:33:20,1.0000000000000000,0
6177,0530,1,2026-06-14 09:33:20,0.6787977918626048,0
6178,0538,1,2026-06-14 09:33:20,0.4595174810877121,0
6179,0575,1,2026-06-14 09:33:20,0.9248619914127990,0
6180,0731,1,2026-06-14 09:33:20,0.6026374974442854,0
6181,0769,1,2026-06-14 09:33:20,0.9248619914127990,0
6182,0841,1,2026-06-14 09:33:20,0.6787977918626048,0
6183,0841,1,2026-06-14 09:33:20,0.6787977918626048,0
6184,0841,1,2026-06-14 09:33:20,0.6787977918626048,0
6185,0841,1,2026-06-14 09:33:20,0.6787977918626048,0
6186,0229,1,2026-06-14 09:33:30,0.6026374974442854,0
6187,0273,1,2026-06-14 09:33:30,0.8509507258229401,0
6188,0308,1,2026-06-14 09:33:30,0.2789818033122061,0
6189,0317,1,2026-06-14 09:33:30,0.1247188713964424,0
6190,0375,1,2026-06-14 09:33:30,0.4595174810877121,0
6191,0375,1,2026-06-14 09:33:30,0.4595174810877121,0
6192,0379,1,2026-06-14 09:33:30,0.8509507258229401,0
6193,0424,1,2026-06-14 09:33:30,0.2789818033122061,0
6194,0425,1,2026-06-14 09:33:30,0.7822531179717849,0
6195,0442,1,2026-06-14 09:33:30,0.7822531179717849,0
6196,0491,1,2026-06-14 09:33:30,1.0000000000000000,0
6197,0530,1,2026-06-14 09:33:30,0.6787977918626048,0
6198,0538,1,2026-06-14 09:33:30,0.4595174810877121,0
6199,0575,1,2026-06-14 09:33:30,0.9248619914127990,0
6200,0731,1,2026-06-14 09:33:30,0.6026374974442854,0
6201,0769,1,2026-06-14 09:33:30,0.9248619914127990,0
6202,0841,1,2026-06-14 09:33:30,0.6787977918626048,0
6203,0841,1,2026-06-14 09:33:30,0.6787977918626048,0
6204,0841,1,2026-06-14 09:33:30,0.6787977918626048,0
6205,0229,1,2026-06-14 09:33:40,0.6026374974442854,0
6206,0308,1,2026-06-14 09:33:40,0.2789818033122061,0
6207,0317,1,2026-06-14 09:33:40,0.1247188713964424,0
6208,0375,1,2026-06-14 09:33:40,0.4595174810877121,0
6209,0375,1,2026-06-14 09:33:40,0.4595174810877121,0
6210,0379,1,2026-06-14 09:33:40,0.8509507258229401,0
6211,0424,1,2026-06-14 09:33:40,0.2789818033122061,0
6212,0425,1,2026-06-14 09:33:40,0.7822531179717849,0
6213,0442,1,2026-06-14 09:33:40,0.7822531179717849,0
6214,0491,1,2026-06-14 09:33:40,1.0000000000000000,0
6215,0530,1,2026-06-14 09:33:40,0.6787977918626048,0
6216,0538,1,2026-06-14 09:33:40,0.4595174810877121,0
6217,0575,1,2026-06-14 09:33:40,0.9248619914127990,0
6218,0731,1,2026-06-14 09:33:40,0.6026374974442854,0
6219,0841,1,2026-06-14 09:33:40,0.6787977918626048,0
6220,0841,1,2026-06-14 09:33:40,0.6787977918626048,1
6221,0841,1,2026-06-14 09:33:40,0.6787977918626048,0
6222,0308,1,2026-06-14 09:33:50,0.2789818033122061,0
6223,0317,1,2026-06-14 09:33:50,0.1247188713964424,0
6224,0375,1,2026-06-14 09:33:50,0.4595174810877121,0
6225,0375,1,2026-06-14 09:33:50,0.4595174810877121,0
6226,0375,1,2026-06-14 09:33:50,0.4595174810877121,0
6227,0375,1,2026-06-14 09:33:50,0.4595174810877121,0
6228,0424,1,2026-06-14 09:33:50,0.2789818033122061,0
6229,0425,1,2026-06-14 09:33:50,0.7822531179717849,0
6230,0491,1,2026-06-14 09:33:50,1.0000000000000000,0
6231,0538,1,2026-06-14 09:33:50,0.4595174810877121,0
6232,0575,1,2026-06-14 09:33:50,0.9248619914127990,0
6233,0308,1,2026-06-14 09:34:00,0.2789818033122061,0
6234,0317,1,2026-06-14 09:34:00,0.1247188713964424,0
6235,0375,1,2026-06-14 09:34:00,0.4595174810877121,0
6236,0375,1,2026-06-14 09:34:00,0.4595174810877121,0
6237,0375,1,2026-06-14 09:34:00,0.4595174810877121,0
6238,0375,1,2026-06-14 09:34:00,0.4595174810877121,0
6239,0424,1,2026-06-14 09:34:00,0.2789818033122061,0
6240,0425,1,2026-06-14 09:34:00,0.7822531179717849,0
6241,0491,1,2026-06-14 09:34:00,1.0000000000000000,0
6242,0575,1,2026-06-14 09:34:00,0.9248619914127990,0
6243,0308,1,2026-06-14 09:34:10,0.2789818033122061,0
6244,0375,1,2026-06-14 09:34:10,0.4595174810877121,0
6245,0375,1,2026-06-14 09:34:10,0.4595174810877121,0
6246,0375,1,2026-06-14 09:34:10,0.4595174810877121,0
6247,0424,1,2026-06-14 09:34:10,0.2789818033122061,0
6248,0425,1,2026-06-14 09:34:10,0.7822531179717849,0
6249,0491,1,2026-06-14 09:34:10,1.0000000000000000,0
6250,0308,1,2026-06-14 09:34:20,0.2789818033122061,0
6251,0375,1,2026-06-14 09:34:20,0.4595174810877121,0
6252,0375,1,2026-06-14 09:34:20,0.4595174810877121,0
6253,0375,1,2026-06-14 09:34:20,0.4595174810877121,0
6254,0375,1,2026-06-14 09:34:20,0.4595174810877121,0
6255,0425,1,2026-06-14 09:34:20,0.7822531179717849,0
6256,0449,1,2026-06-14 09:34:20,0.1247188713964424,0
6257,0308,1,2026-06-14 09:34:30,0.2789818033122061,0
6258,0375,1,2026-06-14 09:34:30,0.4595174810877121,0
6259,0375,1,2026-06-14 09:34:30,0.4595174810877121,0
6260,0375,1,2026-06-14 09:34:30,0.4595174810877121,0
6261,0375,1,2026-06-14 09:34:30,0.4595174810877121,0
6262,0425,1,2026-06-14 09:34:30,0.7822531179717849,0
6263,0449,1,2026-06-14 09:34:30,0.1247188713964424,0
6264,0375,1,2026-06-14 09:34:40,0.4595174810877121,0
6265,0375,1,2026-06-14 09:34:40,0.4595174810877121,0
6266,0375,1,2026-06-14 09:34:40,0.4595174810877121,0
6267,0425,1,2026-06-14 09:34:40,0.7822531179717849,0
6268,0449,1,2026-06-14 09:34:40,0.1247188713964424,0
6269,0988,1,2026-06-14 09:34:40,0.8509507258229401,0
6270,0375,1,2026-06-14 09:34:50,0.4595174810877121,0
6271,0375,1,2026-06-14 09:34:50,0.4595174810877121,0
6272,0425,1,2026-06-14 09:34:50,0.7822531179717849,0
6273,0988,1,2026-06-14 09:34:50,0.8509507258229401,0
6274,0375,1,2026-06-14 09:35:00,0.4595174810877121,0
6275,0988,1,2026-06-14 09:35:00,0.8509507258229401,0
6276,0375,1,2026-06-14 09:35:10,0.4595174810877121,0
6277,0375,1,2026-06-14 09:35:10,0.4595174810877121,0
6278,0988,1,2026-06-14 09:35:10,0.8509507258229401,0
6279,0988,1,2026-06-14 09:35:20,0.8509507258229401,0
6280,0988,1,2026-06-14 09:35:30,0.8509507258229401,0
6281,0995,1,2026-06-14 09:35:30,0.1896340216724596,0
6282,0988,1,2026-06-14 09:35:40,0.8509507258229401,0
6283,0995,1,2026-06-14 09:35:40,0.1896340216724596,0
6284,0495,1,2026-06-14 09:35:50,1.0000000000000000,0
6285,0988,1,2026-06-14 09:35:50,0.8509507258229401,0
6286,0995,1,2026-06-14 09:35:50,0.1896340216724596,0
6287,0495,1,2026-06-14 09:36:00,1.0000000000000000,0
6288,0988,1,2026-06-14 09:36:00,0.8509507258229401,0
6289,0995,1,2026-06-14 09:36:00,0.1896340216724596,0
6290,0495,1,2026-06-14 09:36:10,1.0000000000000000,0
6291,0745,1,2026-06-14 09:36:10,0.0608260069515437,0
6292,0988,1,2026-06-14 09:36:10,0.8509507258229401,0
6293,0995,1,2026-06-14 09:36:10,0.1896340216724596,0
6294,0495,1,2026-06-14 09:36:20,1.0000000000000000,0
6295,0745,1,2026-06-14 09:36:20,0.0608260069515437,0
6296,0988,1,2026-06-14 09:36:20,0.8509507258229401,0
6297,0995,1,2026-06-14 09:36:20,0.1896340216724596,0
6298,0495,1,2026-06-14 09:36:30,1.0000000000000000,0
6299,0745,1,2026-06-14 09:36:30,0.0608260069515437,0
6300,0988,1,2026-06-14 09:36:30,0.8509507258229401,0
6301,0995,1,2026-06-14 09:36:30,0.1896340216724596,0
6302,0495,1,2026-06-14 09:36:40,1.0000000000000000,0
6303,0745,1,2026-06-14 09:36:40,0.0608260069515437,0
6304,0995,1,2026-06-14 09:36:40,0.1896340216724596,0
6305,0495,1,2026-06-14 09:36:50,1.0000000000000000,0
6306,0745,1,2026-06-14 09:36:50,0.0608260069515437,0
6307,0995,1,2026-06-14 09:36:50,0.1896340216724596,0
6308,0495,1,2026-06-14 09:37:00,1.0000000000000000,0
6309,0745,1,2026-06-14 09:37:00,0.0608260069515437,0
6310,0995,1,2026-06-14 09:37:00,0.1896340216724596,0
6311,0495,1,2026-06-14 09:37:10,1.0000000000000000,0
6312,0745,1,2026-06-14 09:37:10,0.0608260069515437,0
6313,0995,1,2026-06-14 09:37:10,0.1896340216724596,0
6314,0495,1,2026-06-14 09:37:20,1.0000000000000000,0
6315,0745,1,2026-06-14 09:37:20,0.0608260069515437,0
6316,0995,1,2026-06-14 09:37:20,0.1896340216724596,0
6317,0745,1,2026-06-14 09:37:30,0.0608260069515437,0
6318,0745,1,2026-06-14 09:37:40,0.0608260069515437,0
6319,0745,1,2026-06-14 09:37:50,0.0608260069515437,0
6320,0745,1,2026-06-14 09:38:00,0.0608260069515437,0
6321,0166,2,2026-06-13 10:22:00,0.3692496421999591,0
6322,0065,2,2026-06-13 10:22:10,0.5396646902473932,0
6323,0166,2,2026-06-13 10:22:10,0.3692496421999591,0
6324,0908,2,2026-06-13 10:22:10,0.3692496421999591,0
6325,0065,2,2026-06-13 10:22:20,0.5396646902473932,0
6326,0166,2,2026-06-13 10:22:20,0.3692496421999591,0
6327,0908,2,2026-06-13 10:22:20,0.3692496421999591,0
6328,0065,2,2026-06-13 10:22:30,0.5396646902473932,0
6329,0166,2,2026-06-13 10:22:30,0.3692496421999591,0
6330,0616,2,2026-06-13 10:22:30,0.6026374974442854,0
6331,0908,2,2026-06-13 10:22:30,0.3692496421999591,0
6332,0065,2,2026-06-13 10:22:40,0.5396646902473932,0
6333,0166,2,2026-06-13 10:22:40,0.3692496421999591,0
6334,0616,2,2026-06-13 10:22:40,0.6026374974442854,0
6335,0695,2,2026-06-13 10:22:40,0.0608260069515437,0
6336,0908,2,2026-06-13 10:22:40,0.3692496421999591,0
6337,0065,2,2026-06-13 10:22:50,0.5396646902473932,0
6338,0166,2,2026-06-13 10:22:50,0.3692496421999591,0
6339,0616,2,2026-06-13 10:22:50,0.6026374974442854,0
6340,0695,2,2026-06-13 10:22:50,0.0608260069515437,0
6341,0908,2,2026-06-13 10:22:50,0.3692496421999591,0
6342,0065,2,2026-06-13 10:23:00,0.5396646902473932,0
6343,0087,2,2026-06-13 10:23:00,0.6787977918626048,0
6344,0166,2,2026-06-13 10:23:00,0.3692496421999591,0
6345,0509,2,2026-06-13 10:23:00,0.9248619914127990,0
6346,0616,2,2026-06-13 10:23:00,0.6026374974442854,0
6347,0695,2,2026-06-13 10:23:00,0.0608260069515437,0
6348,0908,2,2026-06-13 10:23:00,0.3692496421999591,0
6349,0065,2,2026-06-13 10:23:10,0.5396646902473932,0
6350,0087,2,2026-06-13 10:23:10,0.6787977918626048,0
6351,0157,2,2026-06-13 10:23:10,0.8509507258229401,0
6352,0166,2,2026-06-13 10:23:10,0.3692496421999591,0
6353,0509,2,2026-06-13 10:23:10,0.9248619914127990,0
6354,0616,2,2026-06-13 10:23:10,0.6026374974442854,0
6355,0695,2,2026-06-13 10:23:10,0.0608260069515437,0
6356,0809,2,2026-06-13 10:23:10,0.6787977918626048,0
6357,0908,2,2026-06-13 10:23:10,0.3692496421999591,0
6358,0065,2,2026-06-13 10:23:20,0.5396646902473932,0
6359,0087,2,2026-06-13 10:23:20,0.6787977918626048,0
6360,0157,2,2026-06-13 10:23:20,0.8509507258229401,0
6361,0166,2,2026-06-13 10:23:20,0.3692496421999591,0
6362,0268,2,2026-06-13 10:23:20,0.5396646902473932,0
6363,0509,2,2026-06-13 10:23:20,0.9248619914127990,0
6364,0616,2,2026-06-13 10:23:20,0.6026374974442854,0
6365,0695,2,2026-06-13 10:23:20,0.0608260069515437,0
6366,0809,2,2026-06-13 10:23:20,0.6787977918626048,0
6367,0908,2,2026-06-13 10:23:20,0.3692496421999591,0
6368,0065,2,2026-06-13 10:23:30,0.5396646902473932,0
6369,0087,2,2026-06-13 10:23:30,0.6787977918626048,0
6370,0102,2,2026-06-13 10:23:30,0.7822531179717849,0
6371,0157,2,2026-06-13 10:23:30,0.8509507258229401,0
6372,0166,2,2026-06-13 10:23:30,0.3692496421999591,0
6373,0268,2,2026-06-13 10:23:30,0.5396646902473932,0
6374,0509,2,2026-06-13 10:23:30,0.9248619914127990,0
6375,0616,2,2026-06-13 10:23:30,0.6026374974442854,0
6376,0695,2,2026-06-13 10:23:30,0.0608260069515437,0
6377,0809,2,2026-06-13 10:23:30,0.6787977918626048,0
6378,0065,2,2026-06-13 10:23:40,0.5396646902473932,0
6379,0087,2,2026-06-13 10:23:40,0.6787977918626048,0
6380,0102,2,2026-06-13 10:23:40,0.7822531179717849,0
6381,0157,2,2026-06-13 10:23:40,0.8509507258229401,0
6382,0166,2,2026-06-13 10:23:40,0.3692496421999591,0
6383,0268,2,2026-06-13 10:23:40,0.5396646902473932,0
6384,0379,2,2026-06-13 10:23:40,0.8509507258229401,0
6385,0509,2,2026-06-13 10:23:40,0.9248619914127990,0
6386,0616,2,2026-06-13 10:23:40,0.6026374974442854,0
6387,0683,2,2026-06-13 10:23:40,0.8509507258229401,0
6388,0695,2,2026-06-13 10:23:40,0.0608260069515437,0
6389,0769,2,2026-06-13 10:23:40,0.9248619914127990,0
6390,0809,2,2026-06-13 10:23:40,0.6787977918626048,0
6391,0840,2,2026-06-13 10:23:40,0.9248619914127990,0
6392,0840,2,2026-06-13 10:23:40,0.9248619914127990,0
6393,0053,2,2026-06-13 10:23:50,0.1247188713964424,0
6394,0065,2,2026-06-13 10:23:50,0.5396646902473932,0
6395,0087,2,2026-06-13 10:23:50,0.6787977918626048,0
6396,0102,2,2026-06-13 10:23:50,0.7822531179717849,0
6397,0157,2,2026-06-13 10:23:50,0.8509507258229401,0
6398,0166,2,2026-06-13 10:23:50,0.3692496421999591,0
6399,0268,2,2026-06-13 10:23:50,0.5396646902473932,0
6400,0379,2,2026-06-13 10:23:50,0.8509507258229401,0
6401,0478,2,2026-06-13 10:23:50,0.0608260069515437,0
6402,0478,2,2026-06-13 10:23:50,0.0608260069515437,0
6403,0509,2,2026-06-13 10:23:50,0.9248619914127990,0
6404,0530,2,2026-06-13 10:23:50,0.6787977918626048,0
6405,0616,2,2026-06-13 10:23:50,0.6026374974442854,0
6406,0683,2,2026-06-13 10:23:50,0.8509507258229401,0
6407,0684,2,2026-06-13 10:23:50,0.3692496421999591,0
6408,0684,2,2026-06-13 10:23:50,0.3692496421999591,0
6409,0695,2,2026-06-13 10:23:50,0.0608260069515437,0
6410,0731,2,2026-06-13 10:23:50,0.6026374974442854,0
6411,0769,2,2026-06-13 10:23:50,0.9248619914127990,0
6412,0809,2,2026-06-13 10:23:50,0.6787977918626048,0
6413,0840,2,2026-06-13 10:23:50,0.9248619914127990,0
6414,0840,2,2026-06-13 10:23:50,0.9248619914127990,0
6415,0841,2,2026-06-13 10:23:50,0.6787977918626048,0
6416,0841,2,2026-06-13 10:23:50,0.6787977918626048,0
6417,0841,2,2026-06-13 10:23:50,0.6787977918626048,0
6418,0053,2,2026-06-13 10:24:00,0.1247188713964424,0
6419,0087,2,2026-06-13 10:24:00,0.6787977918626048,0
6420,0102,2,2026-06-13 10:24:00,0.7822531179717849,0
6421,0157,2,2026-06-13 10:24:00,0.8509507258229401,0
6422,0229,2,2026-06-13 10:24:00,0.6026374974442854,0
6423,0268,2,2026-06-13 10:24:00,0.5396646902473932,0
6424,0379,2,2026-06-13 10:24:00,0.8509507258229401,0
6425,0442,2,2026-06-13 10:24:00,0.7822531179717849,0
6426,0478,2,2026-06-13 10:24:00,0.0608260069515437,0
6427,0478,2,2026-06-13 10:24:00,0.0608260069515437,0
6428,0486,2,2026-06-13 10:24:00,0.4595174810877121,0
6429,0509,2,2026-06-13 10:24:00,0.9248619914127990,0
6430,0530,2,2026-06-13 10:24:00,0.6787977918626048,0
6431,0538,2,2026-06-13 10:24:00,0.4595174810877121,0
6432,0616,2,2026-06-13 10:24:00,0.6026374974442854,0
6433,0683,2,2026-06-13 10:24:00,0.8509507258229401,0
6434,0684,2,2026-06-13 10:24:00,0.3692496421999591,0
6435,0684,2,2026-06-13 10:24:00,0.3692496421999591,0
6436,0695,2,2026-06-13 10:24:00,0.0608260069515437,0
6437,0731,2,2026-06-13 10:24:00,0.6026374974442854,0
6438,0769,2,2026-06-13 10:24:00,0.9248619914127990,0
6439,0809,2,2026-06-13 10:24:00,0.6787977918626048,0
6440,0840,2,2026-06-13 10:24:00,0.9248619914127990,0
6441,0841,2,2026-06-13 10:24:00,0.6787977918626048,0
6442,0841,2,2026-06-13 10:24:00,0.6787977918626048,0
6443,0841,2,2026-06-13 10:24:00,0.6787977918626048,0
6444,0853,2,2026-06-13 10:24:00,0.1247188713964424,0
6445,0053,2,2026-06-13 10:24:10,0.1247188713964424,0
6446,0087,2,2026-06-13 10:24:10,0.6787977918626048,0
6447,0102,2,2026-06-13 10:24:10,0.7822531179717849,0
6448,0157,2,2026-06-13 10:24:10,0.8509507258229401,0
6449,0229,2,2026-06-13 10:24:10,0.6026374974442854,0
6450,0268,2,2026-06-13 10:24:10,0.5396646902473932,0
6451,0317,2,2026-06-13 10:24:10,0.1247188713964424,0
6452,0379,2,2026-06-13 10:24:10,0.8509507258229401,0
6453,0442,2,2026-06-13 10:24:10,0.7822531179717849,0
6454,0478,2,2026-06-13 10:24:10,0.0608260069515437,0
6455,0478,2,2026-06-13 10:24:10,0.0608260069515437,0
6456,0486,2,2026-06-13 10:24:10,0.4595174810877121,0
6457,0509,2,2026-06-13 10:24:10,0.9248619914127990,0
6458,0530,2,2026-06-13 10:24:10,0.6787977918626048,0
6459,0538,2,2026-06-13 10:24:10,0.4595174810877121,0
6460,0575,2,2026-06-13 10:24:10,0.9248619914127990,0
6461,0616,2,2026-06-13 10:24:10,0.6026374974442854,0
6462,0683,2,2026-06-13 10:24:10,0.8509507258229401,0
6463,0684,2,2026-06-13 10:24:10,0.3692496421999591,0
6464,0684,2,2026-06-13 10:24:10,0.3692496421999591,0
6465,0695,2,2026-06-13 10:24:10,0.0608260069515437,0
6466,0731,2,2026-06-13 10:24:10,0.6026374974442854,0
6467,0769,2,2026-06-13 10:24:10,0.9248619914127990,0
6468,0809,2,2026-06-13 10:24:10,0.6787977918626048,0
6469,0840,2,2026-06-13 10:24:10,0.9248619914127990,0
6470,0841,2,2026-06-13 10:24:10,0.6787977918626048,0
6471,0841,2,2026-06-13 10:24:10,0.6787977918626048,0
6472,0841,2,2026-06-13 10:24:10,0.6787977918626048,0
6473,0841,2,2026-06-13 10:24:10,0.6787977918626048,0
6474,0853,2,2026-06-13 10:24:10,0.1247188713964424,0
6475,0053,2,2026-06-13 10:24:20,0.1247188713964424,0
6476,0087,2,2026-06-13 10:24:20,0.6787977918626048,0
6477,0102,2,2026-06-13 10:24:20,0.7822531179717849,0
6478,0157,2,2026-06-13 10:24:20,0.8509507258229401,0
6479,0180,2,2026-06-13 10:24:20,0.7822531179717849,0
6480,0229,2,2026-06-13 10:24:20,0.6026374974442854,0
6481,0268,2,2026-06-13 10:24:20,0.5396646902473932,0
6482,0317,2,2026-06-13 10:24:20,0.1247188713964424,0
6483,0379,2,2026-06-13 10:24:20,0.8509507258229401,0
6484,0442,2,2026-06-13 10:24:20,0.7822531179717849,0
6485,0478,2,2026-06-13 10:24:20,0.0608260069515437,0
6486,0478,2,2026-06-13 10:24:20,0.0608260069515437,0
6487,0486,2,2026-06-13 10:24:20,0.4595174810877121,0
6488,0491,2,2026-06-13 10:24:20,1.0000000000000000,0
6489,0509,2,2026-06-13 10:24:20,0.9248619914127990,0
6490,0530,2,2026-06-13 10:24:20,0.6787977918626048,0
6491,0538,2,2026-06-13 10:24:20,0.4595174810877121,0
6492,0575,2,2026-06-13 10:24:20,0.9248619914127990,0
6493,0616,2,2026-06-13 10:24:20,0.6026374974442854,0
6494,0683,2,2026-06-13 10:24:20,0.8509507258229401,0
6495,0684,2,2026-06-13 10:24:20,0.3692496421999591,0
6496,0684,2,2026-06-13 10:24:20,0.3692496421999591,0
6497,0695,2,2026-06-13 10:24:20,0.0608260069515437,0
6498,0731,2,2026-06-13 10:24:20,0.6026374974442854,0
6499,0769,2,2026-06-13 10:24:20,0.9248619914127990,0
6500,0809,2,2026-06-13 10:24:20,0.6787977918626048,0
6501,0840,2,2026-06-13 10:24:20,0.9248619914127990,0
6502,0840,2,2026-06-13 10:24:20,0.9248619914127990,0
6503,0841,2,2026-06-13 10:24:20,0.6787977918626048,0
6504,0841,2,2026-06-13 10:24:20,0.6787977918626048,0
6505,0841,2,2026-06-13 10:24:20,0.6787977918626048,0
6506,0841,2,2026-06-13 10:24:20,0.6787977918626048,0
6507,0841,2,2026-06-13 10:24:20,0.6787977918626048,0
6508,0853,2,2026-06-13 10:24:20,0.1247188713964424,0
6509,0053,2,2026-06-13 10:24:30,0.1247188713964424,0
6510,0087,2,2026-06-13 10:24:30,0.6787977918626048,0
6511,0102,2,2026-06-13 10:24:30,0.7822531179717849,0
6512,0180,2,2026-06-13 10:24:30,0.7822531179717849,0
6513,0229,2,2026-06-13 10:24:30,0.6026374974442854,0
6514,0268,2,2026-06-13 10:24:30,0.5396646902473932,0
6515,0317,2,2026-06-13 10:24:30,0.1247188713964424,0
6516,0379,2,2026-06-13 10:24:30,0.8509507258229401,0
6517,0424,2,2026-06-13 10:24:30,0.2789818033122061,0
6518,0442,2,2026-06-13 10:24:30,0.7822531179717849,0
6519,0475,2,2026-06-13 10:24:30,0.7822531179717849,0
6520,0478,2,2026-06-13 10:24:30,0.0608260069515437,0
6521,0478,2,2026-06-13 10:24:30,0.0608260069515437,0
6522,0486,2,2026-06-13 10:24:30,0.4595174810877121,0
6523,0491,2,2026-06-13 10:24:30,1.0000000000000000,0
6524,0509,2,2026-06-13 10:24:30,0.9248619914127990,0
6525,0530,2,2026-06-13 10:24:30,0.6787977918626048,0
6526,0538,2,2026-06-13 10:24:30,0.4595174810877121,0
6527,0575,2,2026-06-13 10:24:30,0.9248619914127990,0
6528,0683,2,2026-06-13 10:24:30,0.8509507258229401,0
6529,0684,2,2026-06-13 10:24:30,0.3692496421999591,0
6530,0684,2,2026-06-13 10:24:30,0.3692496421999591,0
6531,0695,2,2026-06-13 10:24:30,0.0608260069515437,0
6532,0731,2,2026-06-13 10:24:30,0.6026374974442854,0
6533,0769,2,2026-06-13 10:24:30,0.9248619914127990,0
6534,0809,2,2026-06-13 10:24:30,0.6787977918626048,0
6535,0840,2,2026-06-13 10:24:30,0.9248619914127990,0
6536,0840,2,2026-06-13 10:24:30,0.9248619914127990,0
6537,0841,2,2026-06-13 10:24:30,0.6787977918626048,0
6538,0841,2,2026-06-13 10:24:30,0.6787977918626048,0
6539,0841,2,2026-06-13 10:24:30,0.6787977918626048,0
6540,0841,2,2026-06-13 10:24:30,0.6787977918626048,0
6541,0841,2,2026-06-13 10:24:30,0.6787977918626048,0
6542,0841,2,2026-06-13 10:24:30,0.6787977918626048,0
6543,0841,2,2026-06-13 10:24:30,0.6787977918626048,0
6544,0853,2,2026-06-13 10:24:30,0.1247188713964424,0
6545,0087,2,2026-06-13 10:24:40,0.6787977918626048,0
6546,0102,2,2026-06-13 10:24:40,0.7822531179717849,0
6547,0180,2,2026-06-13 10:24:40,0.7822531179717849,0
6548,0229,2,2026-06-13 10:24:40,0.6026374974442854,0
6549,0268,2,2026-06-13 10:24:40,0.5396646902473932,0
6550,0273,2,2026-06-13 10:24:40,0.8509507258229401,0
6551,0317,2,2026-06-13 10:24:40,0.1247188713964424,0
6552,0379,2,2026-06-13 10:24:40,0.8509507258229401,0
6553,0424,2,2026-06-13 10:24:40,0.2789818033122061,0
6554,0442,2,2026-06-13 10:24:40,0.7822531179717849,0
6555,0475,2,2026-06-13 10:24:40,0.7822531179717849,0
6556,0478,2,2026-06-13 10:24:40,0.0608260069515437,0
6557,0478,2,2026-06-13 10:24:40,0.0608260069515437,0
6558,0486,2,2026-06-13 10:24:40,0.4595174810877121,0
6559,0491,2,2026-06-13 10:24:40,1.0000000000000000,0
6560,0509,2,2026-06-13 10:24:40,0.9248619914127990,0
6561,0530,2,2026-06-13 10:24:40,0.6787977918626048,0
6562,0538,2,2026-06-13 10:24:40,0.4595174810877121,0
6563,0575,2,2026-06-13 10:24:40,0.9248619914127990,0
6564,0684,2,2026-06-13 10:24:40,0.3692496421999591,0
6565,0684,2,2026-06-13 10:24:40,0.3692496421999591,0
6566,0731,2,2026-06-13 10:24:40,0.6026374974442854,0
6567,0769,2,2026-06-13 10:24:40,0.9248619914127990,0
6568,0841,2,2026-06-13 10:24:40,0.6787977918626048,0
6569,0841,2,2026-06-13 10:24:40,0.6787977918626048,0
6570,0841,2,2026-06-13 10:24:40,0.6787977918626048,0
6571,0841,2,2026-06-13 10:24:40,0.6787977918626048,0
6572,0841,2,2026-06-13 10:24:40,0.6787977918626048,0
6573,0841,2,2026-06-13 10:24:40,0.6787977918626048,0
6574,0841,2,2026-06-13 10:24:40,0.6787977918626048,0
6575,0841,2,2026-06-13 10:24:40,0.6787977918626048,0
6576,0853,2,2026-06-13 10:24:40,0.1247188713964424,0
6577,0102,2,2026-06-13 10:24:50,0.7822531179717849,0
6578,0180,2,2026-06-13 10:24:50,0.7822531179717849,0
6579,0229,2,2026-06-13 10:24:50,0.6026374974442854,0
6580,0268,2,2026-06-13 10:24:50,0.5396646902473932,0
6581,0273,2,2026-06-13 10:24:50,0.8509507258229401,0
6582,0317,2,2026-06-13 10:24:50,0.1247188713964424,0
6583,0379,2,2026-06-13 10:24:50,0.8509507258229401,0
6584,0424,2,2026-06-13 10:24:50,0.2789818033122061,0
6585,0442,2,2026-06-13 10:24:50,0.7822531179717849,0
6586,0475,2,2026-06-13 10:24:50,0.7822531179717849,0
6587,0478,2,2026-06-13 10:24:50,0.0608260069515437,0
6588,0478,2,2026-06-13 10:24:50,0.0608260069515437,0
6589,0486,2,2026-06-13 10:24:50,0.4595174810877121,0
6590,0491,2,2026-06-13 10:24:50,1.0000000000000000,0
6591,0509,2,2026-06-13 10:24:50,0.9248619914127990,0
6592,0530,2,2026-06-13 10:24:50,0.6787977918626048,0
6593,0538,2,2026-06-13 10:24:50,0.4595174810877121,0
6594,0575,2,2026-06-13 10:24:50,0.9248619914127990,0
6595,0684,2,2026-06-13 10:24:50,0.3692496421999591,0
6596,0684,2,2026-06-13 10:24:50,0.3692496421999591,0
6597,0731,2,2026-06-13 10:24:50,0.6026374974442854,0
6598,0769,2,2026-06-13 10:24:50,0.9248619914127990,0
6599,0841,2,2026-06-13 10:24:50,0.6787977918626048,0
6600,0841,2,2026-06-13 10:24:50,0.6787977918626048,0
6601,0841,2,2026-06-13 10:24:50,0.6787977918626048,0
6602,0841,2,2026-06-13 10:24:50,0.6787977918626048,0
6603,0841,2,2026-06-13 10:24:50,0.6787977918626048,0
6604,0841,2,2026-06-13 10:24:50,0.6787977918626048,0
6605,0841,2,2026-06-13 10:24:50,0.6787977918626048,0
6606,0841,2,2026-06-13 10:24:50,0.6787977918626048,0
6607,0180,2,2026-06-13 10:25:00,0.7822531179717849,0
6608,0229,2,2026-06-13 10:25:00,0.6026374974442854,0
6609,0268,2,2026-06-13 10:25:00,0.5396646902473932,0
6610,0273,2,2026-06-13 10:25:00,0.8509507258229401,0
6611,0317,2,2026-06-13 10:25:00,0.1247188713964424,0
6612,0379,2,2026-06-13 10:25:00,0.8509507258229401,0
6613,0424,2,2026-06-13 10:25:00,0.2789818033122061,0
6614,0425,2,2026-06-13 10:25:00,0.7822531179717849,0
6615,0442,2,2026-06-13 10:25:00,0.7822531179717849,0
6616,0475,2,2026-06-13 10:25:00,0.7822531179717849,0
6617,0491,2,2026-06-13 10:25:00,1.0000000000000000,0
6618,0530,2,2026-06-13 10:25:00,0.6787977918626048,0
6619,0538,2,2026-06-13 10:25:00,0.4595174810877121,0
6620,0575,2,2026-06-13 10:25:00,0.9248619914127990,0
6621,0731,2,2026-06-13 10:25:00,0.6026374974442854,0
6622,0769,2,2026-06-13 10:25:00,0.9248619914127990,0
6623,0841,2,2026-06-13 10:25:00,0.6787977918626048,0
6624,0841,2,2026-06-13 10:25:00,0.6787977918626048,0
6625,0841,2,2026-06-13 10:25:00,0.6787977918626048,0
6626,0841,2,2026-06-13 10:25:00,0.6787977918626048,0
6627,0841,2,2026-06-13 10:25:00,0.6787977918626048,0
6628,0841,2,2026-06-13 10:25:00,0.6787977918626048,0
6629,0841,2,2026-06-13 10:25:00,0.6787977918626048,0
6630,0180,2,2026-06-13 10:25:10,0.7822531179717849,0
6631,0229,2,2026-06-13 10:25:10,0.6026374974442854,0
6632,0268,2,2026-06-13 10:25:10,0.5396646902473932,0
6633,0273,2,2026-06-13 10:25:10,0.8509507258229401,0
6634,0308,2,2026-06-13 10:25:10,0.2789818033122061,0
6635,0317,2,2026-06-13 10:25:10,0.1247188713964424,0
6636,0375,2,2026-06-13 10:25:10,0.4595174810877121,0
6637,0375,2,2026-06-13 10:25:10,0.4595174810877121,0
6638,0375,2,2026-06-13 10:25:10,0.4595174810877121,0
6639,0379,2,2026-06-13 10:25:10,0.8509507258229401,0
6640,0424,2,2026-06-13 10:25:10,0.2789818033122061,0
6641,0425,2,2026-06-13 10:25:10,0.7822531179717849,0
6642,0442,2,2026-06-13 10:25:10,0.7822531179717849,0
6643,0475,2,2026-06-13 10:25:10,0.7822531179717849,0
6644,0491,2,2026-06-13 10:25:10,1.0000000000000000,0
6645,0530,2,2026-06-13 10:25:10,0.6787977918626048,0
6646,0538,2,2026-06-13 10:25:10,0.4595174810877121,0
6647,0575,2,2026-06-13 10:25:10,0.9248619914127990,0
6648,0731,2,2026-06-13 10:25:10,0.6026374974442854,0
6649,0769,2,2026-06-13 10:25:10,0.9248619914127990,0
6650,0841,2,2026-06-13 10:25:10,0.6787977918626048,0
6651,0841,2,2026-06-13 10:25:10,0.6787977918626048,0
6652,0841,2,2026-06-13 10:25:10,0.6787977918626048,0
6653,0229,2,2026-06-13 10:25:20,0.6026374974442854,0
6654,0273,2,2026-06-13 10:25:20,0.8509507258229401,0
6655,0308,2,2026-06-13 10:25:20,0.2789818033122061,0
6656,0317,2,2026-06-13 10:25:20,0.1247188713964424,0
6657,0375,2,2026-06-13 10:25:20,0.4595174810877121,0
6658,0375,2,2026-06-13 10:25:20,0.4595174810877121,0
6659,0379,2,2026-06-13 10:25:20,0.8509507258229401,0
6660,0424,2,2026-06-13 10:25:20,0.2789818033122061,0
6661,0425,2,2026-06-13 10:25:20,0.7822531179717849,0
6662,0442,2,2026-06-13 10:25:20,0.7822531179717849,0
6663,0491,2,2026-06-13 10:25:20,1.0000000000000000,0
6664,0530,2,2026-06-13 10:25:20,0.6787977918626048,0
6665,0538,2,2026-06-13 10:25:20,0.4595174810877121,0
6666,0575,2,2026-06-13 10:25:20,0.9248619914127990,0
6667,0731,2,2026-06-13 10:25:20,0.6026374974442854,0
6668,0769,2,2026-06-13 10:25:20,0.9248619914127990,0
6669,0841,2,2026-06-13 10:25:20,0.6787977918626048,0
6670,0841,2,2026-06-13 10:25:20,0.6787977918626048,0
6671,0841,2,2026-06-13 10:25:20,0.6787977918626048,0
6672,0841,2,2026-06-13 10:25:20,0.6787977918626048,0
6673,0229,2,2026-06-13 10:25:30,0.6026374974442854,0
6674,0273,2,2026-06-13 10:25:30,0.8509507258229401,0
6675,0308,2,2026-06-13 10:25:30,0.2789818033122061,0
6676,0317,2,2026-06-13 10:25:30,0.1247188713964424,0
6677,0375,2,2026-06-13 10:25:30,0.4595174810877121,0
6678,0375,2,2026-06-13 10:25:30,0.4595174810877121,0
6679,0375,2,2026-06-13 10:25:30,0.4595174810877121,0
6680,0379,2,2026-06-13 10:25:30,0.8509507258229401,0
6681,0424,2,2026-06-13 10:25:30,0.2789818033122061,0
6682,0425,2,2026-06-13 10:25:30,0.7822531179717849,0
6683,0442,2,2026-06-13 10:25:30,0.7822531179717849,0
6684,0491,2,2026-06-13 10:25:30,1.0000000000000000,0
6685,0530,2,2026-06-13 10:25:30,0.6787977918626048,0
6686,0538,2,2026-06-13 10:25:30,0.4595174810877121,0
6687,0575,2,2026-06-13 10:25:30,0.9248619914127990,0
6688,0731,2,2026-06-13 10:25:30,0.6026374974442854,0
6689,0769,2,2026-06-13 10:25:30,0.9248619914127990,0
6690,0801,2,2026-06-13 10:25:30,0.0608260069515437,0
6691,0841,2,2026-06-13 10:25:30,0.6787977918626048,0
6692,0841,2,2026-06-13 10:25:30,0.6787977918626048,0
6693,0841,2,2026-06-13 10:25:30,0.6787977918626048,0
6694,0229,2,2026-06-13 10:25:40,0.6026374974442854,0
6695,0308,2,2026-06-13 10:25:40,0.2789818033122061,0
6696,0317,2,2026-06-13 10:25:40,0.1247188713964424,0
6697,0375,2,2026-06-13 10:25:40,0.4595174810877121,0
6698,0375,2,2026-06-13 10:25:40,0.4595174810877121,0
6699,0375,2,2026-06-13 10:25:40,0.4595174810877121,0
6700,0375,2,2026-06-13 10:25:40,0.4595174810877121,0
6701,0424,2,2026-06-13 10:25:40,0.2789818033122061,0
6702,0425,2,2026-06-13 10:25:40,0.7822531179717849,0
6703,0442,2,2026-06-13 10:25:40,0.7822531179717849,0
6704,0491,2,2026-06-13 10:25:40,1.0000000000000000,0
6705,0538,2,2026-06-13 10:25:40,0.4595174810877121,0
6706,0575,2,2026-06-13 10:25:40,0.9248619914127990,0
6707,0731,2,2026-06-13 10:25:40,0.6026374974442854,0
6708,0801,2,2026-06-13 10:25:40,0.0608260069515437,0
6709,0308,2,2026-06-13 10:25:50,0.2789818033122061,0
6710,0317,2,2026-06-13 10:25:50,0.1247188713964424,0
6711,0375,2,2026-06-13 10:25:50,0.4595174810877121,0
6712,0375,2,2026-06-13 10:25:50,0.4595174810877121,0
6713,0375,2,2026-06-13 10:25:50,0.4595174810877121,0
6714,0375,2,2026-06-13 10:25:50,0.4595174810877121,0
6715,0424,2,2026-06-13 10:25:50,0.2789818033122061,0
6716,0425,2,2026-06-13 10:25:50,0.7822531179717849,0
6717,0491,2,2026-06-13 10:25:50,1.0000000000000000,0
6718,0575,2,2026-06-13 10:25:50,0.9248619914127990,0
6719,0801,2,2026-06-13 10:25:50,0.0608260069515437,0
6720,0308,2,2026-06-13 10:26:00,0.2789818033122061,0
6721,0375,2,2026-06-13 10:26:00,0.4595174810877121,0
6722,0375,2,2026-06-13 10:26:00,0.4595174810877121,0
6723,0375,2,2026-06-13 10:26:00,0.4595174810877121,0
6724,0375,2,2026-06-13 10:26:00,0.4595174810877121,0
6725,0424,2,2026-06-13 10:26:00,0.2789818033122061,0
6726,0425,2,2026-06-13 10:26:00,0.7822531179717849,0
6727,0491,2,2026-06-13 10:26:00,1.0000000000000000,0
6728,0575,2,2026-06-13 10:26:00,0.9248619914127990,0
6729,0308,2,2026-06-13 10:26:10,0.2789818033122061,0
6730,0375,2,2026-06-13 10:26:10,0.4595174810877121,0
6731,0375,2,2026-06-13 10:26:10,0.4595174810877121,0
6732,0375,2,2026-06-13 10:26:10,0.4595174810877121,0
6733,0424,2,2026-06-13 10:26:10,0.2789818033122061,0
6734,0425,2,2026-06-13 10:26:10,0.7822531179717849,0
6735,0449,2,2026-06-13 10:26:10,0.1247188713964424,0
6736,0308,2,2026-06-13 10:26:20,0.2789818033122061,0
6737,0375,2,2026-06-13 10:26:20,0.4595174810877121,0
6738,0375,2,2026-06-13 10:26:20,0.4595174810877121,0
6739,0375,2,2026-06-13 10:26:20,0.4595174810877121,0
6740,0375,2,2026-06-13 10:26:20,0.4595174810877121,0
6741,0425,2,2026-06-13 10:26:20,0.7822531179717849,0
6742,0449,2,2026-06-13 10:26:20,0.1247188713964424,0
6743,0308,2,2026-06-13 10:26:30,0.2789818033122061,0
6744,0375,2,2026-06-13 10:26:30,0.4595174810877121,0
6745,0375,2,2026-06-13 10:26:30,0.4595174810877121,0
6746,0375,2,2026-06-13 10:26:30,0.4595174810877121,1
6747,0425,2,2026-06-13 10:26:30,0.7822531179717849,0
6748,0449,2,2026-06-13 10:26:30,0.1247188713964424,0
6749,0375,2,2026-06-13 10:26:40,0.4595174810877121,0
6750,0425,2,2026-06-13 10:26:40,0.7822531179717849,0
6751,0449,2,2026-06-13 10:26:40,0.1247188713964424,0
6752,0988,2,2026-06-13 10:26:40,0.8509507258229401,0
6753,0375,2,2026-06-13 10:26:50,0.4595174810877121,0
6754,0375,2,2026-06-13 10:26:50,0.4595174810877121,0
6755,0988,2,2026-06-13 10:26:50,0.8509507258229401,0
6756,0375,2,2026-06-13 10:27:00,0.4595174810877121,0
6757,0375,2,2026-06-13 10:27:00,0.4595174810877121,1
6758,0988,2,2026-06-13 10:27:00,0.8509507258229401,0
6759,0988,2,2026-06-13 10:27:10,0.8509507258229401,0
6760,0988,2,2026-06-13 10:27:20,0.8509507258229401,0
6761,0988,2,2026-06-13 10:27:30,0.8509507258229401,0
6762,0995,2,2026-06-13 10:27:30,0.1896340216724596,0
6763,0495,2,2026-06-13 10:27:40,1.0000000000000000,0
6764,0988,2,2026-06-13 10:27:40,0.8509507258229401,0
6765,0995,2,2026-06-13 10:27:40,0.1896340216724596,0
6766,0495,2,2026-06-13 10:27:50,1.0000000000000000,0
6767,0988,2,2026-06-13 10:27:50,0.8509507258229401,0
6768,0995,2,2026-06-13 10:27:50,0.1896340216724596,0
6769,0495,2,2026-06-13 10:28:00,1.0000000000000000,0
6770,0988,2,2026-06-13 10:28:00,0.8509507258229401,0
6771,0995,2,2026-06-13 10:28:00,0.1896340216724596,0
6772,0495,2,2026-06-13 10:28:10,1.0000000000000000,0
6773,0745,2,2026-06-13 10:28:10,0.0608260069515437,0
6774,0988,2,2026-06-13 10:28:10,0.8509507258229401,0
6775,0995,2,2026-06-13 10:28:10,0.1896340216724596,0
6776,0495,2,2026-06-13 10:28:20,1.0000000000000000,0
6777,0745,2,2026-06-13 10:28:20,0.0608260069515437,0
6778,0988,2,2026-06-13 10:28:20,0.8509507258229401,0
6779,0995,2,2026-06-13 10:28:20,0.1896340216724596,0
6780,0495,2,2026-06-13 10:28:30,1.0000000000000000,0
6781,0745,2,2026-06-13 10:28:30,0.0608260069515437,0
6782,0995,2,2026-06-13 10:28:30,0.1896340216724596,0
6783,0495,2,2026-06-13 10:28:40,1.0000000000000000,0
6784,0745,2,2026-06-13 10:28:40,0.0608260069515437,0
6785,0995,2,2026-06-13 10:28:40,0.1896340216724596,0
6786,0495,2,2026-06-13 10:28:50,1.0000000000000000,0
6787,0745,2,2026-06-13 10:28:50,0.0608260069515437,0
6788,0995,2,2026-06-13 10:28:50,0.1896340216724596,0
6789,0495,2,2026-06-13 10:29:00,1.0000000000000000,0
6790,0745,2,2026-06-13 10:29:00,0.0608260069515437,0
6791,0995,2,2026-06-13 10:29:00,0.1896340216724596,0
6792,0495,2,2026-06-13 10:29:10,1.0000000000000000,0
6793,0745,2,2026-06-13 10:29:10,0.0608260069515437,0
6794,0995,2,2026-06-13 10:29:10,0.1896340216724596,0
6795,0495,2,2026-06-13 10:29:20,1.0000000000000000,0
6796,0745,2,2026-06-13 10:29:20,0.0608260069515437,0
6797,0995,2,2026-06-13 10:29:20,0.1896340216724596,0
6798,0745,2,2026-06-13 10:29:30,0.0608260069515437,0
6799,0745,2,2026-06-13 10:29:40,0.0608260069515437,0
6800,0745,2,2026-06-13 10:29:50,0.0608260069515437,0
6801,0745,2,2026-06-13 10:30:00,0.0608260069515437,0
6802,0106,2,2026-06-13 10:33:50,0.3692496421999591,0
6803,0106,2,2026-06-13 10:34:00,0.3692496421999591,0
6804,0106,2,2026-06-13 10:34:10,0.3692496421999591,0
6805,0106,2,2026-06-13 10:34:20,0.3692496421999591,0
6806,0106,2,2026-06-13 10:34:20,0.3692496421999591,0
6807,0106,2,2026-06-13 10:34:30,0.3692496421999591,0
6808,0106,2,2026-06-13 10:34:30,0.3692496421999591,0
6809,0106,2,2026-06-13 10:34:40,0.3692496421999591,0
6810,0106,2,2026-06-13 10:34:40,0.3692496421999591,0
6811,0106,2,2026-06-13 10:34:50,0.3692496421999591,0
6812,0106,2,2026-06-13 10:34:50,0.3692496421999591,0
6813,0106,2,2026-06-13 10:35:00,0.3692496421999591,0
6814,0106,2,2026-06-13 10:35:00,0.3692496421999591,1
6815,0106,2,2026-06-13 10:35:10,0.3692496421999591,0
6816,0106,2,2026-06-13 10:35:20,0.3692496421999591,0
6817,0106,2,2026-06-13 10:35:30,0.3692496421999591,1
6818,0503,2,2026-06-13 10:35:40,0.7822531179717849,0
6819,0171,2,2026-06-13 10:35:50,0.6026374974442854,0
6820,0423,2,2026-06-13 10:35:50,0.9248619914127990,0
6821,0503,2,2026-06-13 10:35:50,0.7822531179717849,0
6822,0832,2,2026-06-13 10:35:50,0.0608260069515437,0
6823,0859,2,2026-06-13 10:35:50,0.2789818033122061,0
6824,0171,2,2026-06-13 10:36:00,0.6026374974442854,0
6825,0423,2,2026-06-13 10:36:00,0.9248619914127990,0
6826,0503,2,2026-06-13 10:36:00,0.7822531179717849,0
6827,0832,2,2026-06-13 10:36:00,0.0608260069515437,0
6828,0859,2,2026-06-13 10:36:00,0.2789818033122061,0
6829,0171,2,2026-06-13 10:36:10,0.6026374974442854,0
6830,0423,2,2026-06-13 10:36:10,0.9248619914127990,0
6831,0503,2,2026-06-13 10:36:10,0.7822531179717849,0
6832,0832,2,2026-06-13 10:36:10,0.0608260069515437,0
6833,0859,2,2026-06-13 10:36:10,0.2789818033122061,0
6834,0171,2,2026-06-13 10:36:20,0.6026374974442854,0
6835,0423,2,2026-06-13 10:36:20,0.9248619914127990,0
6836,0503,2,2026-06-13 10:36:20,0.7822531179717849,0
6837,0832,2,2026-06-13 10:36:20,0.0608260069515437,0
6838,0859,2,2026-06-13 10:36:20,0.2789818033122061,0
6839,0171,2,2026-06-13 10:36:30,0.6026374974442854,0
6840,0423,2,2026-06-13 10:36:30,0.9248619914127990,0
6841,0503,2,2026-06-13 10:36:30,0.7822531179717849,0
6842,0832,2,2026-06-13 10:36:30,0.0608260069515437,0
6843,0859,2,2026-06-13 10:36:30,0.2789818033122061,0
6844,0171,2,2026-06-13 10:36:40,0.6026374974442854,0
6845,0423,2,2026-06-13 10:36:40,0.9248619914127990,0
6846,0462,2,2026-06-13 10:36:40,0.3692496421999591,0
6847,0503,2,2026-06-13 10:36:40,0.7822531179717849,0
6848,0832,2,2026-06-13 10:36:40,0.0608260069515437,0
6849,0859,2,2026-06-13 10:36:40,0.2789818033122061,0
6850,0171,2,2026-06-13 10:36:50,0.6026374974442854,0
6851,0423,2,2026-06-13 10:36:50,0.9248619914127990,0
6852,0462,2,2026-06-13 10:36:50,0.3692496421999591,0
6853,0503,2,2026-06-13 10:36:50,0.7822531179717849,0
6854,0832,2,2026-06-13 10:36:50,0.0608260069515437,0
6855,0859,2,2026-06-13 10:36:50,0.2789818033122061,0
6856,0171,2,2026-06-13 10:37:00,0.6026374974442854,0
6857,0423,2,2026-06-13 10:37:00,0.9248619914127990,0
6858,0462,2,2026-06-13 10:37:00,0.3692496421999591,0
6859,0859,2,2026-06-13 10:37:00,0.2789818033122061,0
6860,0171,2,2026-06-13 10:37:10,0.6026374974442854,0
6861,0423,2,2026-06-13 10:37:10,0.9248619914127990,0
6862,0462,2,2026-06-13 10:37:10,0.3692496421999591,0
6863,0859,2,2026-06-13 10:37:10,0.2789818033122061,0
6864,0423,2,2026-06-13 10:37:20,0.9248619914127990,0
6865,0462,2,2026-06-13 10:37:20,0.3692496421999591,0
6866,0859,2,2026-06-13 10:37:20,0.2789818033122061,0
6867,0462,2,2026-06-13 10:37:30,0.3692496421999591,0
6868,0859,2,2026-06-13 10:37:30,0.2789818033122061,0
6869,0462,2,2026-06-13 10:37:40,0.3692496421999591,0
6870,0859,2,2026-06-13 10:37:40,0.2789818033122061,0
6871,0917,2,2026-06-13 12:01:00,0.6026374974442854,0
6872,0917,2,2026-06-13 12:01:10,0.6026374974442854,1
6873,0917,2,2026-06-13 12:01:20,0.6026374974442854,1
6874,0917,2,2026-06-13 12:01:30,0.6026374974442854,0
6875,0917,2,2026-06-13 12:01:40,0.6026374974442854,0
6876,0917,2,2026-06-13 12:01:50,0.6026374974442854,0
6877,0917,2,2026-06-13 12:02:00,0.6026374974442854,0
6878,0917,2,2026-06-13 12:02:10,0.6026374974442854,0
6879,0917,2,2026-06-13 12:02:20,0.6026374974442854,0
6880,0935,2,2026-06-13 13:56:40,0.5396646902473932,0
6881,0935,2,2026-06-13 13:56:50,0.5396646902473932,0
6882,0935,2,2026-06-13 13:57:00,0.5396646902473932,0
6883,0935,2,2026-06-13 13:57:10,0.5396646902473932,0
6884,0935,2,2026-06-13 13:57:20,0.5396646902473932,0
6885,0935,2,2026-06-13 13:57:30,0.5396646902473932,0
6886,0935,2,2026-06-13 13:57:40,0.5396646902473932,0
6887,0935,2,2026-06-13 13:57:50,0.5396646902473932,0
6888,0407,2,2026-06-13 14:00:40,0.8509507258229401,0
6889,0407,2,2026-06-13 14:00:50,0.8509507258229401,0
6890,0407,2,2026-06-13 14:01:00,0.8509507258229401,0
6891,0407,2,2026-06-13 14:01:10,0.8509507258229401,0
6892,0407,2,2026-06-13 14:01:10,0.8509507258229401,1
6893,0407,2,2026-06-13 14:01:20,0.8509507258229401,0
6894,0407,2,2026-06-13 14:01:20,0.8509507258229401,0
6895,0407,2,2026-06-13 14:01:30,0.8509507258229401,0
6896,0407,2,2026-06-13 14:01:30,0.8509507258229401,0
6897,0407,2,2026-06-13 14:01:40,0.8509507258229401,1
6898,0407,2,2026-06-13 14:01:40,0.8509507258229401,0
6899,0407,2,2026-06-13 14:01:50,0.8509507258229401,0
6900,0407,2,2026-06-13 14:01:50,0.8509507258229401,0
6901,0198,2,2026-06-13 14:02:00,0.0608260069515437,0
6902,0407,2,2026-06-13 14:02:00,0.8509507258229401,0
6903,0407,2,2026-06-13 14:02:00,0.8509507258229401,0
6904,0198,2,2026-06-13 14:02:10,0.0608260069515437,0
6905,0407,2,2026-06-13 14:02:10,0.8509507258229401,0
6906,0543,2,2026-06-13 14:02:10,0.5396646902473932,0
6907,0198,2,2026-06-13 14:02:20,0.0608260069515437,0
6908,0407,2,2026-06-13 14:02:20,0.8509507258229401,0
6909,0543,2,2026-06-13 14:02:20,0.5396646902473932,0
6910,0198,2,2026-06-13 14:02:30,0.0608260069515437,0
6911,0407,2,2026-06-13 14:02:30,0.8509507258229401,0
6912,0543,2,2026-06-13 14:02:30,0.5396646902473932,0
6913,0198,2,2026-06-13 14:02:40,0.0608260069515437,0
6914,0543,2,2026-06-13 14:02:40,0.5396646902473932,0
6915,0198,2,2026-06-13 14:02:50,0.0608260069515437,0
6916,0543,2,2026-06-13 14:02:50,0.5396646902473932,0
6917,0198,2,2026-06-13 14:03:00,0.0608260069515437,0
6918,0543,2,2026-06-13 14:03:00,0.5396646902473932,0
6919,0198,2,2026-06-13 14:03:10,0.0608260069515437,0
6920,0543,2,2026-06-13 14:03:10,0.5396646902473932,0
6921,0198,2,2026-06-13 14:03:20,0.0608260069515437,0
6922,0543,2,2026-06-13 14:03:20,0.5396646902473932,0
6923,0198,2,2026-06-13 14:03:30,0.0608260069515437,0
6924,0543,2,2026-06-13 14:03:30,0.5396646902473932,0
6925,0198,2,2026-06-13 14:03:40,0.0608260069515437,0
6926,0543,2,2026-06-13 14:03:40,0.5396646902473932,0
6927,0198,2,2026-06-13 14:03:50,0.0608260069515437,0
6928,0543,2,2026-06-13 14:03:50,0.5396646902473932,0
6929,0543,2,2026-06-13 14:04:00,0.5396646902473932,0
6930,0272,2,2026-06-13 14:04:20,0.6026374974442854,0
6931,0757,2,2026-06-13 14:04:20,0.2789818033122061,0
6932,0272,2,2026-06-13 14:04:30,0.6026374974442854,0
6933,0757,2,2026-06-13 14:04:30,0.2789818033122061,0
6934,0272,2,2026-06-13 14:04:40,0.6026374974442854,0
6935,0757,2,2026-06-13 14:04:40,0.2789818033122061,0
6936,0179,2,2026-06-13 14:04:50,0.3692496421999591,0
6937,0272,2,2026-06-13 14:04:50,0.6026374974442854,0
6938,0756,2,2026-06-13 14:04:50,0.2789818033122061,0
6939,0757,2,2026-06-13 14:04:50,0.2789818033122061,0
6940,0179,2,2026-06-13 14:05:00,0.3692496421999591,0
6941,0272,2,2026-06-13 14:05:00,0.6026374974442854,0
6942,0756,2,2026-06-13 14:05:00,0.2789818033122061,0
6943,0757,2,2026-06-13 14:05:00,0.2789818033122061,0
6944,0179,2,2026-06-13 14:05:10,0.3692496421999591,0
6945,0272,2,2026-06-13 14:05:10,0.6026374974442854,0
6946,0756,2,2026-06-13 14:05:10,0.2789818033122061,0
6947,0757,2,2026-06-13 14:05:10,0.2789818033122061,0
6948,0179,2,2026-06-13 14:05:20,0.3692496421999591,0
6949,0272,2,2026-06-13 14:05:20,0.6026374974442854,0
6950,0756,2,2026-06-13 14:05:20,0.2789818033122061,0
6951,0757,2,2026-06-13 14:05:20,0.2789818033122061,0
6952,0179,2,2026-06-13 14:05:30,0.3692496421999591,0
6953,0272,2,2026-06-13 14:05:30,0.6026374974442854,0
6954,0756,2,2026-06-13 14:05:30,0.2789818033122061,0
6955,0757,2,2026-06-13 14:05:30,0.2789818033122061,0
6956,0179,2,2026-06-13 14:05:40,0.3692496421999591,0
6957,0272,2,2026-06-13 14:05:40,0.6026374974442854,0
6958,0756,2,2026-06-13 14:05:40,0.2789818033122061,0
6959,0757,2,2026-06-13 14:05:40,0.2789818033122061,0
6960,0179,2,2026-06-13 14:05:50,0.3692496421999591,0
6961,0272,2,2026-06-13 14:05:50,0.6026374974442854,0
6962,0756,2,2026-06-13 14:05:50,0.2789818033122061,0
6963,0757,2,2026-06-13 14:05:50,0.2789818033122061,0
6964,0179,2,2026-06-13 14:06:00,0.3692496421999591,0
6965,0756,2,2026-06-13 14:06:00,0.2789818033122061,0
6966,0757,2,2026-06-13 14:06:00,0.2789818033122061,0
6967,0179,2,2026-06-13 14:06:10,0.3692496421999591,0
6968,0754,2,2026-06-13 14:06:10,0.0608260069515437,0
6969,0756,2,2026-06-13 14:06:10,0.2789818033122061,0
6970,0757,2,2026-06-13 14:06:10,0.2789818033122061,0
6971,0179,2,2026-06-13 14:06:20,0.3692496421999591,0
6972,0754,2,2026-06-13 14:06:20,0.0608260069515437,0
6973,0756,2,2026-06-13 14:06:20,0.2789818033122061,0
6974,0179,2,2026-06-13 14:06:30,0.3692496421999591,0
6975,0754,2,2026-06-13 14:06:30,0.0608260069515437,0
6976,0756,2,2026-06-13 14:06:30,0.2789818033122061,0
6977,0179,2,2026-06-13 14:06:40,0.3692496421999591,0
6978,0754,2,2026-06-13 14:06:40,0.0608260069515437,0
6979,0662,2,2026-06-13 15:28:50,0.5396646902473932,0
6980,0662,2,2026-06-13 15:29:00,0.5396646902473932,0
6981,0662,2,2026-06-13 15:29:10,0.5396646902473932,0
6982,0662,2,2026-06-13 15:29:20,0.5396646902473932,0
6983,0662,2,2026-06-13 15:29:30,0.5396646902473932,0
6984,0662,2,2026-06-13 15:29:40,0.5396646902473932,0
6985,0662,2,2026-06-13 15:29:50,0.5396646902473932,0
6986,0662,2,2026-06-13 15:30:00,0.5396646902473932,0
6987,0662,2,2026-06-13 15:30:10,0.5396646902473932,0
6988,0662,2,2026-06-13 15:30:20,0.5396646902473932,0
6989,0662,2,2026-06-13 15:30:30,0.5396646902473932,0
6990,0662,2,2026-06-13 15:30:40,0.5396646902473932,0
6991,0255,2,2026-06-13 15:30:50,0.0608260069515437,0
6992,0694,2,2026-06-13 15:30:50,0.2789818033122061,0
6993,0223,2,2026-06-13 15:31:00,0.4595174810877121,0
6994,0255,2,2026-06-13 15:31:00,0.0608260069515437,0
6995,0694,2,2026-06-13 15:31:00,0.2789818033122061,0
6996,0223,2,2026-06-13 15:31:10,0.4595174810877121,0
6997,0255,2,2026-06-13 15:31:10,0.0608260069515437,0
6998,0694,2,2026-06-13 15:31:10,0.2789818033122061,0
6999,0223,2,2026-06-13 15:31:20,0.4595174810877121,0
7000,0255,2,2026-06-13 15:31:20,0.0608260069515437,0
7001,0694,2,2026-06-13 15:31:20,0.2789818033122061,0
7002,0223,2,2026-06-13 15:31:30,0.4595174810877121,0
7003,0255,2,2026-06-13 15:31:30,0.0608260069515437,0
7004,0694,2,2026-06-13 15:31:30,0.2789818033122061,0
7005,0223,2,2026-06-13 15:31:40,0.4595174810877121,0
7006,0255,2,2026-06-13 15:31:40,0.0608260069515437,0
7007,0694,2,2026-06-13 15:31:40,0.2789818033122061,0
7008,0223,2,2026-06-13 15:31:50,0.4595174810877121,0
7009,0255,2,2026-06-13 15:31:50,0.0608260069515437,0
7010,0694,2,2026-06-13 15:31:50,0.2789818033122061,0
7011,0223,2,2026-06-13 15:32:00,0.4595174810877121,0
7012,0255,2,2026-06-13 15:32:00,0.0608260069515437,0
7013,0694,2,2026-06-13 15:32:00,0.2789818033122061,0
7014,0202,2,2026-06-13 15:32:10,0.2789818033122061,0
7015,0223,2,2026-06-13 15:32:10,0.4595174810877121,0
7016,0255,2,2026-06-13 15:32:10,0.0608260069515437,0
7017,0345,2,2026-06-13 15:32:10,1.0000000000000000,0
7018,0455,2,2026-06-13 15:32:10,0.3692496421999591,0
7019,0694,2,2026-06-13 15:32:10,0.2789818033122061,0
7020,0202,2,2026-06-13 15:32:20,0.2789818033122061,0
7021,0223,2,2026-06-13 15:32:20,0.4595174810877121,0
7022,0255,2,2026-06-13 15:32:20,0.0608260069515437,0
7023,0279,2,2026-06-13 15:32:20,0.2789818033122061,0
7024,0345,2,2026-06-13 15:32:20,1.0000000000000000,0
7025,0455,2,2026-06-13 15:32:20,0.3692496421999591,0
7026,0694,2,2026-06-13 15:32:20,0.2789818033122061,0
7027,0696,2,2026-06-13 15:32:20,0.7822531179717849,0
7028,0202,2,2026-06-13 15:32:30,0.2789818033122061,0
7029,0223,2,2026-06-13 15:32:30,0.4595174810877121,0
7030,0255,2,2026-06-13 15:32:30,0.0608260069515437,0
7031,0279,2,2026-06-13 15:32:30,0.2789818033122061,0
7032,0345,2,2026-06-13 15:32:30,1.0000000000000000,0
7033,0455,2,2026-06-13 15:32:30,0.3692496421999591,0
7034,0694,2,2026-06-13 15:32:30,0.2789818033122061,0
7035,0696,2,2026-06-13 15:32:30,0.7822531179717849,0
7036,0202,2,2026-06-13 15:32:40,0.2789818033122061,0
7037,0223,2,2026-06-13 15:32:40,0.4595174810877121,0
7038,0255,2,2026-06-13 15:32:40,0.0608260069515437,0
7039,0279,2,2026-06-13 15:32:40,0.2789818033122061,0
7040,0345,2,2026-06-13 15:32:40,1.0000000000000000,0
7041,0455,2,2026-06-13 15:32:40,0.3692496421999591,0
7042,0694,2,2026-06-13 15:32:40,0.2789818033122061,0
7043,0696,2,2026-06-13 15:32:40,0.7822531179717849,0
7044,0045,2,2026-06-13 15:32:50,0.7822531179717849,0
7045,0202,2,2026-06-13 15:32:50,0.2789818033122061,0
7046,0223,2,2026-06-13 15:32:50,0.4595174810877121,0
7047,0279,2,2026-06-13 15:32:50,0.2789818033122061,0
7048,0345,2,2026-06-13 15:32:50,1.0000000000000000,0
7049,0455,2,2026-06-13 15:32:50,0.3692496421999591,0
7050,0696,2,2026-06-13 15:32:50,0.7822531179717849,0
7051,0045,2,2026-06-13 15:33:00,0.7822531179717849,0
7052,0202,2,2026-06-13 15:33:00,0.2789818033122061,0
7053,0279,2,2026-06-13 15:33:00,0.2789818033122061,0
7054,0345,2,2026-06-13 15:33:00,1.0000000000000000,0
7055,0455,2,2026-06-13 15:33:00,0.3692496421999591,0
7056,0696,2,2026-06-13 15:33:00,0.7822531179717849,0
7057,0045,2,2026-06-13 15:33:10,0.7822531179717849,0
7058,0202,2,2026-06-13 15:33:10,0.2789818033122061,0
7059,0265,2,2026-06-13 15:33:10,0.2789818033122061,0
7060,0279,2,2026-06-13 15:33:10,0.2789818033122061,0
7061,0345,2,2026-06-13 15:33:10,1.0000000000000000,0
7062,0455,2,2026-06-13 15:33:10,0.3692496421999591,0
7063,0696,2,2026-06-13 15:33:10,0.7822531179717849,0
7064,0045,2,2026-06-13 15:33:20,0.7822531179717849,0
7065,0045,2,2026-06-13 15:33:20,0.7822531179717849,0
7066,0112,2,2026-06-13 15:33:20,1.0000000000000000,0
7067,0202,2,2026-06-13 15:33:20,0.2789818033122061,0
7068,0265,2,2026-06-13 15:33:20,0.2789818033122061,0
7069,0279,2,2026-06-13 15:33:20,0.2789818033122061,0
7070,0345,2,2026-06-13 15:33:20,1.0000000000000000,0
7071,0455,2,2026-06-13 15:33:20,0.3692496421999591,0
7072,0696,2,2026-06-13 15:33:20,0.7822531179717849,0
7073,0045,2,2026-06-13 15:33:30,0.7822531179717849,0
7074,0045,2,2026-06-13 15:33:30,0.7822531179717849,0
7075,0112,2,2026-06-13 15:33:30,1.0000000000000000,0
7076,0202,2,2026-06-13 15:33:30,0.2789818033122061,0
7077,0265,2,2026-06-13 15:33:30,0.2789818033122061,0
7078,0279,2,2026-06-13 15:33:30,0.2789818033122061,0
7079,0345,2,2026-06-13 15:33:30,1.0000000000000000,0
7080,0455,2,2026-06-13 15:33:30,0.3692496421999591,0
7081,0696,2,2026-06-13 15:33:30,0.7822531179717849,0
7082,0045,2,2026-06-13 15:33:40,0.7822531179717849,0
7083,0045,2,2026-06-13 15:33:40,0.7822531179717849,0
7084,0112,2,2026-06-13 15:33:40,1.0000000000000000,0
7085,0202,2,2026-06-13 15:33:40,0.2789818033122061,0
7086,0265,2,2026-06-13 15:33:40,0.2789818033122061,0
7087,0279,2,2026-06-13 15:33:40,0.2789818033122061,0
7088,0345,2,2026-06-13 15:33:40,1.0000000000000000,0
7089,0455,2,2026-06-13 15:33:40,0.3692496421999591,0
7090,0696,2,2026-06-13 15:33:40,0.7822531179717849,0
7091,0045,2,2026-06-13 15:33:50,0.7822531179717849,0
7092,0045,2,2026-06-13 15:33:50,0.7822531179717849,1
7093,0112,2,2026-06-13 15:33:50,1.0000000000000000,0
7094,0202,2,2026-06-13 15:33:50,0.2789818033122061,0
7095,0265,2,2026-06-13 15:33:50,0.2789818033122061,0
7096,0279,2,2026-06-13 15:33:50,0.2789818033122061,0
7097,0345,2,2026-06-13 15:33:50,1.0000000000000000,0
7098,0455,2,2026-06-13 15:33:50,0.3692496421999591,0
7099,0483,2,2026-06-13 15:33:50,0.1896340216724596,0
7100,0696,2,2026-06-13 15:33:50,0.7822531179717849,0
7101,0045,2,2026-06-13 15:34:00,0.7822531179717849,0
7102,0045,2,2026-06-13 15:34:00,0.7822531179717849,0
7103,0112,2,2026-06-13 15:34:00,1.0000000000000000,0
7104,0265,2,2026-06-13 15:34:00,0.2789818033122061,0
7105,0345,2,2026-06-13 15:34:00,1.0000000000000000,0
7106,0455,2,2026-06-13 15:34:00,0.3692496421999591,0
7107,0483,2,2026-06-13 15:34:00,0.1896340216724596,0
7108,0696,2,2026-06-13 15:34:00,0.7822531179717849,0
7109,0045,2,2026-06-13 15:34:10,0.7822531179717849,0
7110,0045,2,2026-06-13 15:34:10,0.7822531179717849,0
7111,0112,2,2026-06-13 15:34:10,1.0000000000000000,0
7112,0265,2,2026-06-13 15:34:10,0.2789818033122061,0
7113,0483,2,2026-06-13 15:34:10,0.1896340216724596,0
7114,0045,2,2026-06-13 15:34:20,0.7822531179717849,1
7115,0112,2,2026-06-13 15:34:20,1.0000000000000000,0
7116,0265,2,2026-06-13 15:34:20,0.2789818033122061,0
7117,0483,2,2026-06-13 15:34:20,0.1896340216724596,0
7118,0045,2,2026-06-13 15:34:30,0.7822531179717849,0
7119,0112,2,2026-06-13 15:34:30,1.0000000000000000,0
7120,0265,2,2026-06-13 15:34:30,0.2789818033122061,0
7121,0483,2,2026-06-13 15:34:30,0.1896340216724596,0
7122,0045,2,2026-06-13 15:34:40,0.7822531179717849,0
7123,0112,2,2026-06-13 15:34:40,1.0000000000000000,0
7124,0265,2,2026-06-13 15:34:40,0.2789818033122061,0
7125,0483,2,2026-06-13 15:34:40,0.1896340216724596,0
7126,0112,2,2026-06-13 15:34:50,1.0000000000000000,0
7127,0265,2,2026-06-13 15:34:50,0.2789818033122061,0
7128,0483,2,2026-06-13 15:34:50,0.1896340216724596,0
7129,0112,2,2026-06-13 15:35:00,1.0000000000000000,0
7130,0254,2,2026-06-13 15:35:00,0.6787977918626048,0
7131,0483,2,2026-06-13 15:35:00,0.1896340216724596,0
7132,0112,2,2026-06-13 15:35:10,1.0000000000000000,0
7133,0254,2,2026-06-13 15:35:10,0.6787977918626048,0
7134,0483,2,2026-06-13 15:35:10,0.1896340216724596,0
7135,0254,2,2026-06-13 15:35:20,0.6787977918626048,0
7136,0483,2,2026-06-13 15:35:20,0.1896340216724596,0
7137,0254,2,2026-06-13 15:35:30,0.6787977918626048,0
7138,0254,2,2026-06-13 15:35:40,0.6787977918626048,0
7139,0254,2,2026-06-13 15:35:50,0.6787977918626048,0
7140,0254,2,2026-06-13 15:36:00,0.6787977918626048,0
7141,0686,2,2026-06-13 15:36:00,0.1896340216724596,0
7142,0254,2,2026-06-13 15:36:10,0.6787977918626048,0
7143,0254,2,2026-06-13 15:36:20,0.6787977918626048,0
7144,0899,2,2026-06-13 17:00:20,0.9248619914127990,0
7145,0195,2,2026-06-13 17:00:30,0.4595174810877121,0
7146,0899,2,2026-06-13 17:00:30,0.9248619914127990,0
7147,0195,2,2026-06-13 17:00:40,0.4595174810877121,0
7148,0899,2,2026-06-13 17:00:40,0.9248619914127990,0
7149,0007,2,2026-06-13 17:00:50,0.4595174810877121,0
7150,0195,2,2026-06-13 17:00:50,0.4595174810877121,0
7151,0899,2,2026-06-13 17:00:50,0.9248619914127990,0
7152,0007,2,2026-06-13 17:01:00,0.4595174810877121,0
7153,0064,2,2026-06-13 17:01:00,1.0000000000000000,0
7154,0195,2,2026-06-13 17:01:00,0.4595174810877121,0
7155,0899,2,2026-06-13 17:01:00,0.9248619914127990,0
7156,0007,2,2026-06-13 17:01:10,0.4595174810877121,0
7157,0064,2,2026-06-13 17:01:10,1.0000000000000000,0
7158,0195,2,2026-06-13 17:01:10,0.4595174810877121,0
7159,0215,2,2026-06-13 17:01:10,0.6026374974442854,0
7160,0262,2,2026-06-13 17:01:10,0.6026374974442854,0
7161,0899,2,2026-06-13 17:01:10,0.9248619914127990,0
7162,0007,2,2026-06-13 17:01:20,0.4595174810877121,0
7163,0064,2,2026-06-13 17:01:20,1.0000000000000000,0
7164,0195,2,2026-06-13 17:01:20,0.4595174810877121,0
7165,0215,2,2026-06-13 17:01:20,0.6026374974442854,0
7166,0262,2,2026-06-13 17:01:20,0.6026374974442854,0
7167,0899,2,2026-06-13 17:01:20,0.9248619914127990,0
7168,0007,2,2026-06-13 17:01:30,0.4595174810877121,0
7169,0064,2,2026-06-13 17:01:30,1.0000000000000000,0
7170,0195,2,2026-06-13 17:01:30,0.4595174810877121,0
7171,0215,2,2026-06-13 17:01:30,0.6026374974442854,0
7172,0262,2,2026-06-13 17:01:30,0.6026374974442854,0
7173,0827,2,2026-06-13 17:01:30,0.7822531179717849,0
7174,0899,2,2026-06-13 17:01:30,0.9248619914127990,0
7175,0007,2,2026-06-13 17:01:40,0.4595174810877121,0
7176,0064,2,2026-06-13 17:01:40,1.0000000000000000,0
7177,0195,2,2026-06-13 17:01:40,0.4595174810877121,0
7178,0215,2,2026-06-13 17:01:40,0.6026374974442854,0
7179,0262,2,2026-06-13 17:01:40,0.6026374974442854,0
7180,0827,2,2026-06-13 17:01:40,0.7822531179717849,0
7181,0899,2,2026-06-13 17:01:40,0.9248619914127990,0
7182,0007,2,2026-06-13 17:01:50,0.4595174810877121,0
7183,0064,2,2026-06-13 17:01:50,1.0000000000000000,0
7184,0195,2,2026-06-13 17:01:50,0.4595174810877121,0
7185,0215,2,2026-06-13 17:01:50,0.6026374974442854,0
7186,0262,2,2026-06-13 17:01:50,0.6026374974442854,0
7187,0827,2,2026-06-13 17:01:50,0.7822531179717849,0
7188,0899,2,2026-06-13 17:01:50,0.9248619914127990,0
7189,0007,2,2026-06-13 17:02:00,0.4595174810877121,0
7190,0195,2,2026-06-13 17:02:00,0.4595174810877121,0
7191,0215,2,2026-06-13 17:02:00,0.6026374974442854,0
7192,0262,2,2026-06-13 17:02:00,0.6026374974442854,0
7193,0827,2,2026-06-13 17:02:00,0.7822531179717849,0
7194,0899,2,2026-06-13 17:02:00,0.9248619914127990,0
7195,0007,2,2026-06-13 17:02:10,0.4595174810877121,0
7196,0195,2,2026-06-13 17:02:10,0.4595174810877121,0
7197,0215,2,2026-06-13 17:02:10,0.6026374974442854,0
7198,0262,2,2026-06-13 17:02:10,0.6026374974442854,0
7199,0827,2,2026-06-13 17:02:10,0.7822531179717849,0
7200,0835,2,2026-06-13 17:02:10,0.1896340216724596,0
7201,0007,2,2026-06-13 17:02:20,0.4595174810877121,0
7202,0215,2,2026-06-13 17:02:20,0.6026374974442854,0
7203,0262,2,2026-06-13 17:02:20,0.6026374974442854,0
7204,0730,2,2026-06-13 17:02:20,0.5396646902473932,0
7205,0827,2,2026-06-13 17:02:20,0.7822531179717849,0
7206,0835,2,2026-06-13 17:02:20,0.1896340216724596,0
7207,0007,2,2026-06-13 17:02:30,0.4595174810877121,0
7208,0215,2,2026-06-13 17:02:30,0.6026374974442854,0
7209,0262,2,2026-06-13 17:02:30,0.6026374974442854,0
7210,0730,2,2026-06-13 17:02:30,0.5396646902473932,0
7211,0827,2,2026-06-13 17:02:30,0.7822531179717849,0
7212,0835,2,2026-06-13 17:02:30,0.1896340216724596,0
7213,0215,2,2026-06-13 17:02:40,0.6026374974442854,0
7214,0262,2,2026-06-13 17:02:40,0.6026374974442854,0
7215,0730,2,2026-06-13 17:02:40,0.5396646902473932,0
7216,0827,2,2026-06-13 17:02:40,0.7822531179717849,0
7217,0835,2,2026-06-13 17:02:40,0.1896340216724596,0
7218,0215,2,2026-06-13 17:02:50,0.6026374974442854,0
7219,0262,2,2026-06-13 17:02:50,0.6026374974442854,0
7220,0730,2,2026-06-13 17:02:50,0.5396646902473932,0
7221,0775,2,2026-06-13 17:02:50,0.1896340216724596,0
7222,0827,2,2026-06-13 17:02:50,0.7822531179717849,0
7223,0835,2,2026-06-13 17:02:50,0.1896340216724596,0
7224,0215,2,2026-06-13 17:03:00,0.6026374974442854,0
7225,0262,2,2026-06-13 17:03:00,0.6026374974442854,0
7226,0730,2,2026-06-13 17:03:00,0.5396646902473932,0
7227,0775,2,2026-06-13 17:03:00,0.1896340216724596,0
7228,0827,2,2026-06-13 17:03:00,0.7822531179717849,0
7229,0835,2,2026-06-13 17:03:00,0.1896340216724596,0
7230,0730,2,2026-06-13 17:03:10,0.5396646902473932,0
7231,0775,2,2026-06-13 17:03:10,0.1896340216724596,0
7232,0835,2,2026-06-13 17:03:10,0.1896340216724596,0
7233,0775,2,2026-06-13 17:03:20,0.1896340216724596,0
7234,0794,2,2026-06-13 17:03:20,0.6787977918626048,0
7235,0835,2,2026-06-13 17:03:20,0.1896340216724596,0
7236,0775,2,2026-06-13 17:03:30,0.1896340216724596,0
7237,0794,2,2026-06-13 17:03:30,0.6787977918626048,0
7238,0835,2,2026-06-13 17:03:30,0.1896340216724596,0
7239,0775,2,2026-06-13 17:03:40,0.1896340216724596,0
7240,0794,2,2026-06-13 17:03:40,0.6787977918626048,0
7241,0775,2,2026-06-13 17:03:50,0.1896340216724596,0
7242,0794,2,2026-06-13 17:03:50,0.6787977918626048,0
7243,0775,2,2026-06-13 17:04:00,0.1896340216724596,0
7244,0794,2,2026-06-13 17:04:00,0.6787977918626048,0
7245,0017,2,2026-06-13 17:04:10,0.7822531179717849,0
7246,0775,2,2026-06-13 17:04:10,0.1896340216724596,0
7247,0794,2,2026-06-13 17:04:10,0.6787977918626048,0
7248,0903,2,2026-06-13 17:04:10,0.7822531179717849,0
7249,0974,2,2026-06-13 17:04:10,1.0000000000000000,0
7250,0017,2,2026-06-13 17:04:20,0.7822531179717849,0
7251,0775,2,2026-06-13 17:04:20,0.1896340216724596,0
7252,0903,2,2026-06-13 17:04:20,0.7822531179717849,0
7253,0974,2,2026-06-13 17:04:20,1.0000000000000000,0
7254,0017,2,2026-06-13 17:04:30,0.7822531179717849,0
7255,0903,2,2026-06-13 17:04:30,0.7822531179717849,0
7256,0974,2,2026-06-13 17:04:30,1.0000000000000000,0
7257,0017,2,2026-06-13 17:04:40,0.7822531179717849,0
7258,0903,2,2026-06-13 17:04:40,0.7822531179717849,0
7259,0974,2,2026-06-13 17:04:40,1.0000000000000000,0
7260,0017,2,2026-06-13 17:04:50,0.7822531179717849,0
7261,0093,2,2026-06-13 17:04:50,0.3692496421999591,0
7262,0903,2,2026-06-13 17:04:50,0.7822531179717849,0
7263,0974,2,2026-06-13 17:04:50,1.0000000000000000,0
7264,0017,2,2026-06-13 17:05:00,0.7822531179717849,0
7265,0093,2,2026-06-13 17:05:00,0.3692496421999591,0
7266,0974,2,2026-06-13 17:05:00,1.0000000000000000,0
7267,0017,2,2026-06-13 17:05:10,0.7822531179717849,0
7268,0093,2,2026-06-13 17:05:10,0.3692496421999591,0
7269,0017,2,2026-06-13 17:05:20,0.7822531179717849,0
7270,0093,2,2026-06-13 17:05:20,0.3692496421999591,0
7271,0017,2,2026-06-13 17:05:30,0.7822531179717849,0
7272,0093,2,2026-06-13 17:05:30,0.3692496421999591,0
7273,0017,2,2026-06-13 17:05:40,0.7822531179717849,0
7274,0017,2,2026-06-13 17:05:50,0.7822531179717849,0
7275,0793,2,2026-06-13 17:07:00,0.4595174810877121,0
7276,0793,2,2026-06-13 17:07:10,0.4595174810877121,0
7277,0793,2,2026-06-13 17:07:20,0.4595174810877121,0
7278,0793,2,2026-06-13 17:07:30,0.4595174810877121,0
7279,0880,2,2026-06-13 17:07:30,0.1247188713964424,0
7280,0793,2,2026-06-13 17:07:40,0.4595174810877121,0
7281,0880,2,2026-06-13 17:07:40,0.1247188713964424,0
7282,0793,2,2026-06-13 17:07:50,0.4595174810877121,0
7283,0880,2,2026-06-13 17:07:50,0.1247188713964424,0
7284,0228,2,2026-06-13 17:08:00,0.5396646902473932,0
7285,0793,2,2026-06-13 17:08:00,0.4595174810877121,0
7286,0813,2,2026-06-13 17:08:00,0.2789818033122061,0
7287,0880,2,2026-06-13 17:08:00,0.1247188713964424,0
7288,0793,2,2026-06-13 17:08:10,0.4595174810877121,0
7289,0813,2,2026-06-13 17:08:10,0.2789818033122061,0
7290,0880,2,2026-06-13 17:08:10,0.1247188713964424,0
7291,0793,2,2026-06-13 17:08:20,0.4595174810877121,0
7292,0813,2,2026-06-13 17:08:20,0.2789818033122061,0
7293,0880,2,2026-06-13 17:08:20,0.1247188713964424,0
7294,0793,2,2026-06-13 17:08:30,0.4595174810877121,0
7295,0813,2,2026-06-13 17:08:30,0.2789818033122061,0
7296,0880,2,2026-06-13 17:08:30,0.1247188713964424,0
7297,0793,2,2026-06-13 17:08:40,0.4595174810877121,0
7298,0813,2,2026-06-13 17:08:40,0.2789818033122061,0
7299,0880,2,2026-06-13 17:08:40,0.1247188713964424,0
7300,0813,2,2026-06-13 17:08:50,0.2789818033122061,0
7301,0880,2,2026-06-13 17:08:50,0.1247188713964424,0
7302,0172,2,2026-06-13 18:20:30,0.3692496421999591,0
7303,0172,2,2026-06-13 18:20:30,0.3692496421999591,0
7304,0172,2,2026-06-13 18:20:30,0.3692496421999591,0
7305,0172,2,2026-06-13 18:20:30,0.3692496421999591,0
7306,0172,2,2026-06-13 18:20:30,0.3692496421999591,0
7307,0172,2,2026-06-13 18:20:40,0.3692496421999591,0
7308,0172,2,2026-06-13 18:20:40,0.3692496421999591,0
7309,0172,2,2026-06-13 18:20:40,0.3692496421999591,0
7310,0172,2,2026-06-13 18:20:40,0.3692496421999591,0
7311,0172,2,2026-06-13 18:20:50,0.3692496421999591,0
7312,0172,2,2026-06-13 18:20:50,0.3692496421999591,0
7313,0172,2,2026-06-13 18:20:50,0.3692496421999591,0
7314,0172,2,2026-06-13 18:20:50,0.3692496421999591,0
7315,0172,2,2026-06-13 18:21:00,0.3692496421999591,0
7316,0172,2,2026-06-13 18:21:00,0.3692496421999591,0
7317,0172,2,2026-06-13 18:21:00,0.3692496421999591,0
7318,0172,2,2026-06-13 18:21:00,0.3692496421999591,0
7319,0172,2,2026-06-13 18:21:00,0.3692496421999591,0
7320,0172,2,2026-06-13 18:21:10,0.3692496421999591,0
7321,0172,2,2026-06-13 18:21:10,0.3692496421999591,0
7322,0172,2,2026-06-13 18:21:10,0.3692496421999591,0
7323,0172,2,2026-06-13 18:21:10,0.3692496421999591,0
7324,0172,2,2026-06-13 18:21:10,0.3692496421999591,0
7325,0172,2,2026-06-13 18:21:10,0.3692496421999591,0
7326,0172,2,2026-06-13 18:21:20,0.3692496421999591,0
7327,0172,2,2026-06-13 18:21:20,0.3692496421999591,0
7328,0172,2,2026-06-13 18:21:20,0.3692496421999591,0
7329,0172,2,2026-06-13 18:21:20,0.3692496421999591,0
7330,0172,2,2026-06-13 18:21:20,0.3692496421999591,0
7331,0172,2,2026-06-13 18:21:20,0.3692496421999591,0
7332,0172,2,2026-06-13 18:21:30,0.3692496421999591,0
7333,0172,2,2026-06-13 18:21:30,0.3692496421999591,0
7334,0172,2,2026-06-13 18:21:30,0.3692496421999591,0
7335,0172,2,2026-06-13 18:21:30,0.3692496421999591,0
7336,0172,2,2026-06-13 18:21:40,0.3692496421999591,0
7337,0172,2,2026-06-13 18:21:40,0.3692496421999591,0
7338,0172,2,2026-06-13 18:21:40,0.3692496421999591,0
7339,0172,2,2026-06-13 18:21:40,0.3692496421999591,0
7340,0172,2,2026-06-13 18:21:50,0.3692496421999591,0
7341,0172,2,2026-06-13 18:21:50,0.3692496421999591,0
7342,0172,2,2026-06-13 18:21:50,0.3692496421999591,0
7343,0172,2,2026-06-13 18:21:50,0.3692496421999591,0
7344,0172,2,2026-06-13 18:21:50,0.3692496421999591,0
7345,0172,2,2026-06-13 18:22:00,0.3692496421999591,0
7346,0172,2,2026-06-13 18:22:00,0.3692496421999591,0
7347,0593,2,2026-06-13 18:36:50,0.7822531179717849,0
7348,0593,2,2026-06-13 18:37:00,0.7822531179717849,0
7349,0593,2,2026-06-13 18:37:10,0.7822531179717849,0
7350,0593,2,2026-06-13 18:37:20,0.7822531179717849,0
7351,0593,2,2026-06-13 18:37:30,0.7822531179717849,0
7352,0593,2,2026-06-13 18:37:40,0.7822531179717849,0
7353,0593,2,2026-06-13 18:37:50,0.7822531179717849,0
7354,0593,2,2026-06-13 18:38:00,0.7822531179717849,0
7355,0593,2,2026-06-13 18:38:10,0.7822531179717849,0
7356,0760,2,2026-06-13 18:38:40,0.0608260069515437,0
7357,0760,2,2026-06-13 18:38:50,0.0608260069515437,0
7358,0760,2,2026-06-13 18:39:00,0.0608260069515437,0
7359,0760,2,2026-06-13 18:39:10,0.0608260069515437,0
7360,0760,2,2026-06-13 18:39:20,0.0608260069515437,0
7361,0760,2,2026-06-13 18:39:30,0.0608260069515437,0
7362,0760,2,2026-06-13 18:39:40,0.0608260069515437,0
7363,0760,2,2026-06-13 18:39:50,0.0608260069515437,0
7364,0770,2,2026-06-13 18:40:20,0.6026374974442854,0
7365,0770,2,2026-06-13 18:40:30,0.6026374974442854,0
7366,0770,2,2026-06-13 18:40:40,0.6026374974442854,0
7367,0770,2,2026-06-13 18:40:50,0.6026374974442854,0
7368,0770,2,2026-06-13 18:41:00,0.6026374974442854,0
7369,0770,2,2026-06-13 18:41:10,0.6026374974442854,0
7370,0945,2,2026-06-13 18:41:10,0.5396646902473932,0
7371,0770,2,2026-06-13 18:41:20,0.6026374974442854,0
7372,0945,2,2026-06-13 18:41:20,0.5396646902473932,0
7373,0770,2,2026-06-13 18:41:30,0.6026374974442854,0
7374,0945,2,2026-06-13 18:41:30,0.5396646902473932,0
7375,0227,2,2026-06-13 18:41:40,0.7822531179717849,0
7376,0945,2,2026-06-13 18:41:40,0.5396646902473932,0
7377,0973,2,2026-06-13 18:41:40,0.6787977918626048,1
7378,0071,2,2026-06-13 18:41:50,0.5396646902473932,0
7379,0227,2,2026-06-13 18:41:50,0.7822531179717849,0
7380,0576,2,2026-06-13 18:41:50,0.0608260069515437,0
7381,0706,2,2026-06-13 18:41:50,0.1247188713964424,0
7382,0945,2,2026-06-13 18:41:50,0.5396646902473932,0
7383,0973,2,2026-06-13 18:41:50,0.6787977918626048,0
7384,0071,2,2026-06-13 18:42:00,0.5396646902473932,0
7385,0134,2,2026-06-13 18:42:00,0.1247188713964424,0
7386,0227,2,2026-06-13 18:42:00,0.7822531179717849,0
7387,0576,2,2026-06-13 18:42:00,0.0608260069515437,0
7388,0706,2,2026-06-13 18:42:00,0.1247188713964424,0
7389,0811,2,2026-06-13 18:42:00,0.0608260069515437,0
7390,0945,2,2026-06-13 18:42:00,0.5396646902473932,0
7391,0973,2,2026-06-13 18:42:00,0.6787977918626048,0
7392,0071,2,2026-06-13 18:42:10,0.5396646902473932,0
7393,0134,2,2026-06-13 18:42:10,0.1247188713964424,0
7394,0227,2,2026-06-13 18:42:10,0.7822531179717849,0
7395,0576,2,2026-06-13 18:42:10,0.0608260069515437,0
7396,0706,2,2026-06-13 18:42:10,0.1247188713964424,0
7397,0811,2,2026-06-13 18:42:10,0.0608260069515437,0
7398,0945,2,2026-06-13 18:42:10,0.5396646902473932,0
7399,0973,2,2026-06-13 18:42:10,0.6787977918626048,1
7400,0973,2,2026-06-13 18:42:10,0.6787977918626048,0
7401,0071,2,2026-06-13 18:42:20,0.5396646902473932,0
7402,0134,2,2026-06-13 18:42:20,0.1247188713964424,0
7403,0227,2,2026-06-13 18:42:20,0.7822531179717849,0
7404,0576,2,2026-06-13 18:42:20,0.0608260069515437,0
7405,0706,2,2026-06-13 18:42:20,0.1247188713964424,0
7406,0811,2,2026-06-13 18:42:20,0.0608260069515437,0
7407,0945,2,2026-06-13 18:42:20,0.5396646902473932,0
7408,0973,2,2026-06-13 18:42:20,0.6787977918626048,0
7409,0973,2,2026-06-13 18:42:20,0.6787977918626048,0
7410,0028,2,2026-06-13 18:42:30,0.0608260069515437,0
7411,0071,2,2026-06-13 18:42:30,0.5396646902473932,0
7412,0134,2,2026-06-13 18:42:30,0.1247188713964424,0
7413,0227,2,2026-06-13 18:42:30,0.7822531179717849,0
7414,0576,2,2026-06-13 18:42:30,0.0608260069515437,0
7415,0706,2,2026-06-13 18:42:30,0.1247188713964424,0
7416,0811,2,2026-06-13 18:42:30,0.0608260069515437,0
7417,0945,2,2026-06-13 18:42:30,0.5396646902473932,0
7418,0973,2,2026-06-13 18:42:30,0.6787977918626048,0
7419,0973,2,2026-06-13 18:42:30,0.6787977918626048,0
7420,0028,2,2026-06-13 18:42:40,0.0608260069515437,0
7421,0134,2,2026-06-13 18:42:40,0.1247188713964424,0
7422,0227,2,2026-06-13 18:42:40,0.7822531179717849,0
7423,0576,2,2026-06-13 18:42:40,0.0608260069515437,0
7424,0706,2,2026-06-13 18:42:40,0.1247188713964424,0
7425,0811,2,2026-06-13 18:42:40,0.0608260069515437,0
7426,0945,2,2026-06-13 18:42:40,0.5396646902473932,0
7427,0973,2,2026-06-13 18:42:40,0.6787977918626048,0
7428,0028,2,2026-06-13 18:42:50,0.0608260069515437,0
7429,0134,2,2026-06-13 18:42:50,0.1247188713964424,0
7430,0227,2,2026-06-13 18:42:50,0.7822531179717849,0
7431,0576,2,2026-06-13 18:42:50,0.0608260069515437,0
7432,0706,2,2026-06-13 18:42:50,0.1247188713964424,0
7433,0811,2,2026-06-13 18:42:50,0.0608260069515437,0
7434,0973,2,2026-06-13 18:42:50,0.6787977918626048,0
7435,0028,2,2026-06-13 18:43:00,0.0608260069515437,0
7436,0134,2,2026-06-13 18:43:00,0.1247188713964424,0
7437,0227,2,2026-06-13 18:43:00,0.7822531179717849,0
7438,0576,2,2026-06-13 18:43:00,0.0608260069515437,0
7439,0706,2,2026-06-13 18:43:00,0.1247188713964424,0
7440,0811,2,2026-06-13 18:43:00,0.0608260069515437,0
7441,0973,2,2026-06-13 18:43:00,0.6787977918626048,0
7442,0028,2,2026-06-13 18:43:10,0.0608260069515437,0
7443,0134,2,2026-06-13 18:43:10,0.1247188713964424,0
7444,0227,2,2026-06-13 18:43:10,0.7822531179717849,0
7445,0576,2,2026-06-13 18:43:10,0.0608260069515437,0
7446,0706,2,2026-06-13 18:43:10,0.1247188713964424,0
7447,0811,2,2026-06-13 18:43:10,0.0608260069515437,0
7448,0028,2,2026-06-13 18:43:20,0.0608260069515437,0
7449,0134,2,2026-06-13 18:43:20,0.1247188713964424,0
7450,0227,2,2026-06-13 18:43:20,0.7822531179717849,0
7451,0576,2,2026-06-13 18:43:20,0.0608260069515437,0
7452,0706,2,2026-06-13 18:43:20,0.1247188713964424,0
7453,0811,2,2026-06-13 18:43:20,0.0608260069515437,0
7454,0028,2,2026-06-13 18:43:30,0.0608260069515437,0
7455,0134,2,2026-06-13 18:43:30,0.1247188713964424,0
7456,0576,2,2026-06-13 18:43:30,0.0608260069515437,0
7457,0811,2,2026-06-13 18:43:30,0.0608260069515437,0
7458,0028,2,2026-06-13 18:43:40,0.0608260069515437,0
7459,0134,2,2026-06-13 18:43:40,0.1247188713964424,0
7460,0576,2,2026-06-13 18:43:40,0.0608260069515437,0
7461,0811,2,2026-06-13 18:43:40,0.0608260069515437,0
7462,0134,2,2026-06-13 18:43:50,0.1247188713964424,0
7463,0036,2,2026-06-13 22:20:30,0.7822531179717849,0
7464,0036,2,2026-06-13 22:20:40,0.7822531179717849,0
7465,0036,2,2026-06-13 22:20:50,0.7822531179717849,0
7466,0036,2,2026-06-13 22:21:00,0.7822531179717849,0
7467,0036,2,2026-06-13 22:21:10,0.7822531179717849,0
7468,0036,2,2026-06-13 22:21:20,0.7822531179717849,0
7469,0036,2,2026-06-13 22:21:30,0.7822531179717849,0
7470,0036,2,2026-06-13 22:21:40,0.7822531179717849,0
7471,0036,2,2026-06-13 22:21:50,0.7822531179717849,0
7472,0036,2,2026-06-13 22:22:00,0.7822531179717849,0
7473,0036,2,2026-06-13 22:22:10,0.7822531179717849,0
7474,0036,2,2026-06-13 22:22:20,0.7822531179717849,0
7475,0632,2,2026-06-13 23:55:30,0.5396646902473932,0
7476,0632,2,2026-06-13 23:55:40,0.5396646902473932,0
7477,0632,2,2026-06-13 23:55:50,0.5396646902473932,0
7478,0632,2,2026-06-13 23:56:00,0.5396646902473932,0
7479,0632,2,2026-06-13 23:56:10,0.5396646902473932,0
7480,0632,2,2026-06-13 23:56:20,0.5396646902473932,0
7481,0632,2,2026-06-13 23:56:30,0.5396646902473932,0
7482,0632,2,2026-06-13 23:56:40,0.5396646902473932,0
7483,0632,2,2026-06-13 23:56:50,0.5396646902473932,0
7484,0632,2,2026-06-13 23:57:00,0.5396646902473932,0
7485,0952,2,2026-06-13 23:57:00,0.4595174810877121,0
7486,0632,2,2026-06-13 23:57:10,0.5396646902473932,0
7487,0952,2,2026-06-13 23:57:10,0.4595174810877121,0
7488,0632,2,2026-06-13 23:57:20,0.5396646902473932,0
7489,0952,2,2026-06-13 23:57:20,0.4595174810877121,0
7490,0885,2,2026-06-13 23:57:30,0.4595174810877121,0
7491,0952,2,2026-06-13 23:57:30,0.4595174810877121,0
7492,0885,2,2026-06-13 23:57:40,0.4595174810877121,0
7493,0952,2,2026-06-13 23:57:40,0.4595174810877121,0
7494,0885,2,2026-06-13 23:57:50,0.4595174810877121,0
7495,0952,2,2026-06-13 23:57:50,0.4595174810877121,0
7496,0885,2,2026-06-13 23:58:00,0.4595174810877121,0
7497,0885,2,2026-06-13 23:58:00,0.4595174810877121,0
7498,0952,2,2026-06-13 23:58:00,0.4595174810877121,0
7499,0885,2,2026-06-13 23:58:10,0.4595174810877121,0
7500,0885,2,2026-06-13 23:58:10,0.4595174810877121,0
7501,0952,2,2026-06-13 23:58:10,0.4595174810877121,0
7502,0885,2,2026-06-13 23:58:20,0.4595174810877121,0
7503,0885,2,2026-06-13 23:58:20,0.4595174810877121,0
7504,0952,2,2026-06-13 23:58:20,0.4595174810877121,0
7505,0885,2,2026-06-13 23:58:30,0.4595174810877121,1
7506,0885,2,2026-06-13 23:58:30,0.4595174810877121,0
7507,0952,2,2026-06-13 23:58:30,0.4595174810877121,0
7508,0885,2,2026-06-13 23:58:40,0.4595174810877121,0
7509,0885,2,2026-06-13 23:58:40,0.4595174810877121,1
7510,0952,2,2026-06-13 23:58:40,0.4595174810877121,0
7511,0885,2,2026-06-13 23:58:50,0.4595174810877121,0
7512,0952,2,2026-06-13 23:58:50,0.4595174810877121,0
7513,0885,2,2026-06-13 23:59:00,0.4595174810877121,0
7514,0885,2,2026-06-13 23:59:10,0.4595174810877121,1
7515,0185,2,2026-06-14 01:15:20,0.1247188713964424,0
7516,0185,2,2026-06-14 01:15:30,0.1247188713964424,0
7517,0185,2,2026-06-14 01:15:40,0.1247188713964424,0
7518,0185,2,2026-06-14 01:15:50,0.1247188713964424,0
7519,0185,2,2026-06-14 01:16:00,0.1247188713964424,0
7520,0029,2,2026-06-14 01:16:50,1.0000000000000000,0
7521,0029,2,2026-06-14 01:17:00,1.0000000000000000,0
7522,0029,2,2026-06-14 01:17:10,1.0000000000000000,0
7523,0029,2,2026-06-14 01:17:20,1.0000000000000000,0
7524,0872,2,2026-06-14 01:17:20,0.6787977918626048,0
7525,0029,2,2026-06-14 01:17:30,1.0000000000000000,0
7526,0872,2,2026-06-14 01:17:30,0.6787977918626048,0
7527,0029,2,2026-06-14 01:17:40,1.0000000000000000,0
7528,0872,2,2026-06-14 01:17:40,0.6787977918626048,0
7529,0029,2,2026-06-14 01:17:50,1.0000000000000000,0
7530,0872,2,2026-06-14 01:17:50,0.6787977918626048,0
7531,0066,2,2026-06-14 02:51:20,0.1247188713964424,0
7532,0066,2,2026-06-14 02:51:30,0.1247188713964424,0
7533,0066,2,2026-06-14 02:51:40,0.1247188713964424,0
7534,0066,2,2026-06-14 02:51:50,0.1247188713964424,0
7535,0066,2,2026-06-14 02:52:00,0.1247188713964424,0
7536,0066,2,2026-06-14 02:52:10,0.1247188713964424,0
7537,0726,2,2026-06-14 02:52:10,0.1896340216724596,0
7538,0947,2,2026-06-14 02:52:10,0.7822531179717849,0
7539,0066,2,2026-06-14 02:52:20,0.1247188713964424,0
7540,0726,2,2026-06-14 02:52:20,0.1896340216724596,0
7541,0947,2,2026-06-14 02:52:20,0.7822531179717849,0
7542,0066,2,2026-06-14 02:52:30,0.1247188713964424,0
7543,0726,2,2026-06-14 02:52:30,0.1896340216724596,0
7544,0947,2,2026-06-14 02:52:30,0.7822531179717849,0
7545,0066,2,2026-06-14 02:52:40,0.1247188713964424,0
7546,0726,2,2026-06-14 02:52:40,0.1896340216724596,0
7547,0947,2,2026-06-14 02:52:40,0.7822531179717849,0
7548,0066,2,2026-06-14 02:52:50,0.1247188713964424,0
7549,0726,2,2026-06-14 02:52:50,0.1896340216724596,0
7550,0947,2,2026-06-14 02:52:50,0.7822531179717849,0
7551,0066,2,2026-06-14 02:53:00,0.1247188713964424,0
7552,0089,2,2026-06-14 02:53:00,0.2789818033122061,0
7553,0726,2,2026-06-14 02:53:00,0.1896340216724596,0
7554,0947,2,2026-06-14 02:53:00,0.7822531179717849,0
7555,0089,2,2026-06-14 02:53:10,0.2789818033122061,0
7556,0726,2,2026-06-14 02:53:10,0.1896340216724596,0
7557,0947,2,2026-06-14 02:53:10,0.7822531179717849,0
7558,0089,2,2026-06-14 02:53:20,0.2789818033122061,0
7559,0189,2,2026-06-14 02:53:20,0.1896340216724596,0
7560,0326,2,2026-06-14 02:53:20,1.0000000000000000,0
7561,0089,2,2026-06-14 02:53:30,0.2789818033122061,0
7562,0089,2,2026-06-14 02:53:30,0.2789818033122061,0
7563,0189,2,2026-06-14 02:53:30,0.1896340216724596,0
7564,0326,2,2026-06-14 02:53:30,1.0000000000000000,0
7565,0550,2,2026-06-14 02:53:30,0.6026374974442854,1
7566,0831,2,2026-06-14 02:53:30,1.0000000000000000,0
7567,0089,2,2026-06-14 02:53:40,0.2789818033122061,0
7568,0089,2,2026-06-14 02:53:40,0.2789818033122061,0
7569,0189,2,2026-06-14 02:53:40,0.1896340216724596,0
7570,0326,2,2026-06-14 02:53:40,1.0000000000000000,1
7571,0479,2,2026-06-14 02:53:40,0.9248619914127990,0
7572,0550,2,2026-06-14 02:53:40,0.6026374974442854,0
7573,0559,2,2026-06-14 02:53:40,0.2789818033122061,0
7574,0831,2,2026-06-14 02:53:40,1.0000000000000000,0
7575,0012,2,2026-06-14 02:53:50,0.4595174810877121,1
7576,0089,2,2026-06-14 02:53:50,0.2789818033122061,0
7577,0089,2,2026-06-14 02:53:50,0.2789818033122061,0
7578,0189,2,2026-06-14 02:53:50,0.1896340216724596,0
7579,0326,2,2026-06-14 02:53:50,1.0000000000000000,0
7580,0326,2,2026-06-14 02:53:50,1.0000000000000000,0
7581,0352,2,2026-06-14 02:53:50,0.8509507258229401,0
7582,0479,2,2026-06-14 02:53:50,0.9248619914127990,0
7583,0550,2,2026-06-14 02:53:50,0.6026374974442854,0
7584,0559,2,2026-06-14 02:53:50,0.2789818033122061,0
7585,0681,2,2026-06-14 02:53:50,0.5396646902473932,0
7586,0751,2,2026-06-14 02:53:50,1.0000000000000000,0
7587,0831,2,2026-06-14 02:53:50,1.0000000000000000,0
7588,0012,2,2026-06-14 02:54:00,0.4595174810877121,0
7589,0089,2,2026-06-14 02:54:00,0.2789818033122061,0
7590,0089,2,2026-06-14 02:54:00,0.2789818033122061,0
7591,0189,2,2026-06-14 02:54:00,0.1896340216724596,0
7592,0326,2,2026-06-14 02:54:00,1.0000000000000000,0
7593,0326,2,2026-06-14 02:54:00,1.0000000000000000,0
7594,0352,2,2026-06-14 02:54:00,0.8509507258229401,0
7595,0479,2,2026-06-14 02:54:00,0.9248619914127990,0
7596,0550,2,2026-06-14 02:54:00,0.6026374974442854,1
7597,0550,2,2026-06-14 02:54:00,0.6026374974442854,0
7598,0559,2,2026-06-14 02:54:00,0.2789818033122061,0
7599,0681,2,2026-06-14 02:54:00,0.5396646902473932,0
7600,0751,2,2026-06-14 02:54:00,1.0000000000000000,0
7601,0831,2,2026-06-14 02:54:00,1.0000000000000000,0
7602,0012,2,2026-06-14 02:54:10,0.4595174810877121,0
7603,0089,2,2026-06-14 02:54:10,0.2789818033122061,0
7604,0189,2,2026-06-14 02:54:10,0.1896340216724596,0
7605,0326,2,2026-06-14 02:54:10,1.0000000000000000,1
7606,0326,2,2026-06-14 02:54:10,1.0000000000000000,0
7607,0352,2,2026-06-14 02:54:10,0.8509507258229401,0
7608,0479,2,2026-06-14 02:54:10,0.9248619914127990,0
7609,0550,2,2026-06-14 02:54:10,0.6026374974442854,0
7610,0550,2,2026-06-14 02:54:10,0.6026374974442854,0
7611,0559,2,2026-06-14 02:54:10,0.2789818033122061,0
7612,0681,2,2026-06-14 02:54:10,0.5396646902473932,0
7613,0751,2,2026-06-14 02:54:10,1.0000000000000000,0
7614,0831,2,2026-06-14 02:54:10,1.0000000000000000,0
7615,0012,2,2026-06-14 02:54:20,0.4595174810877121,1
7616,0012,2,2026-06-14 02:54:20,0.4595174810877121,0
7617,0089,2,2026-06-14 02:54:20,0.2789818033122061,0
7618,0189,2,2026-06-14 02:54:20,0.1896340216724596,0
7619,0326,2,2026-06-14 02:54:20,1.0000000000000000,0
7620,0326,2,2026-06-14 02:54:20,1.0000000000000000,0
7621,0352,2,2026-06-14 02:54:20,0.8509507258229401,0
7622,0352,2,2026-06-14 02:54:20,0.8509507258229401,0
7623,0479,2,2026-06-14 02:54:20,0.9248619914127990,0
7624,0550,2,2026-06-14 02:54:20,0.6026374974442854,0
7625,0550,2,2026-06-14 02:54:20,0.6026374974442854,0
7626,0559,2,2026-06-14 02:54:20,0.2789818033122061,0
7627,0681,2,2026-06-14 02:54:20,0.5396646902473932,0
7628,0751,2,2026-06-14 02:54:20,1.0000000000000000,0
7629,0831,2,2026-06-14 02:54:20,1.0000000000000000,0
7630,0012,2,2026-06-14 02:54:30,0.4595174810877121,0
7631,0012,2,2026-06-14 02:54:30,0.4595174810877121,0
7632,0089,2,2026-06-14 02:54:30,0.2789818033122061,0
7633,0189,2,2026-06-14 02:54:30,0.1896340216724596,0
7634,0326,2,2026-06-14 02:54:30,1.0000000000000000,0
7635,0352,2,2026-06-14 02:54:30,0.8509507258229401,0
7636,0352,2,2026-06-14 02:54:30,0.8509507258229401,0
7637,0479,2,2026-06-14 02:54:30,0.9248619914127990,0
7638,0550,2,2026-06-14 02:54:30,0.6026374974442854,0
7639,0550,2,2026-06-14 02:54:30,0.6026374974442854,0
7640,0559,2,2026-06-14 02:54:30,0.2789818033122061,0
7641,0681,2,2026-06-14 02:54:30,0.5396646902473932,0
7642,0751,2,2026-06-14 02:54:30,1.0000000000000000,0
7643,0831,2,2026-06-14 02:54:30,1.0000000000000000,0
7644,0012,2,2026-06-14 02:54:40,0.4595174810877121,0
7645,0012,2,2026-06-14 02:54:40,0.4595174810877121,0
7646,0189,2,2026-06-14 02:54:40,0.1896340216724596,0
7647,0326,2,2026-06-14 02:54:40,1.0000000000000000,0
7648,0352,2,2026-06-14 02:54:40,0.8509507258229401,0
7649,0352,2,2026-06-14 02:54:40,0.8509507258229401,1
7650,0479,2,2026-06-14 02:54:40,0.9248619914127990,0
7651,0550,2,2026-06-14 02:54:40,0.6026374974442854,0
7652,0550,2,2026-06-14 02:54:40,0.6026374974442854,0
7653,0559,2,2026-06-14 02:54:40,0.2789818033122061,0
7654,0605,2,2026-06-14 02:54:40,0.2789818033122061,0
7655,0681,2,2026-06-14 02:54:40,0.5396646902473932,0
7656,0751,2,2026-06-14 02:54:40,1.0000000000000000,0
7657,0831,2,2026-06-14 02:54:40,1.0000000000000000,0
7658,0837,2,2026-06-14 02:54:40,0.4595174810877121,0
7659,0012,2,2026-06-14 02:54:50,0.4595174810877121,0
7660,0012,2,2026-06-14 02:54:50,0.4595174810877121,0
7661,0189,2,2026-06-14 02:54:50,0.1896340216724596,0
7662,0326,2,2026-06-14 02:54:50,1.0000000000000000,0
7663,0352,2,2026-06-14 02:54:50,0.8509507258229401,0
7664,0352,2,2026-06-14 02:54:50,0.8509507258229401,0
7665,0479,2,2026-06-14 02:54:50,0.9248619914127990,0
7666,0550,2,2026-06-14 02:54:50,0.6026374974442854,0
7667,0559,2,2026-06-14 02:54:50,0.2789818033122061,0
7668,0605,2,2026-06-14 02:54:50,0.2789818033122061,0
7669,0681,2,2026-06-14 02:54:50,0.5396646902473932,0
7670,0751,2,2026-06-14 02:54:50,1.0000000000000000,0
7671,0831,2,2026-06-14 02:54:50,1.0000000000000000,0
7672,0837,2,2026-06-14 02:54:50,0.4595174810877121,0
7673,0012,2,2026-06-14 02:55:00,0.4595174810877121,0
7674,0200,2,2026-06-14 02:55:00,0.6026374974442854,0
7675,0316,2,2026-06-14 02:55:00,0.1896340216724596,0
7676,0352,2,2026-06-14 02:55:00,0.8509507258229401,0
7677,0352,2,2026-06-14 02:55:00,0.8509507258229401,0
7678,0428,2,2026-06-14 02:55:00,0.9248619914127990,0
7679,0458,2,2026-06-14 02:55:00,0.4595174810877121,0
7680,0479,2,2026-06-14 02:55:00,0.9248619914127990,0
7681,0550,2,2026-06-14 02:55:00,0.6026374974442854,0
7682,0559,2,2026-06-14 02:55:00,0.2789818033122061,0
7683,0605,2,2026-06-14 02:55:00,0.2789818033122061,0
7684,0681,2,2026-06-14 02:55:00,0.5396646902473932,0
7685,0751,2,2026-06-14 02:55:00,1.0000000000000000,0
7686,0821,2,2026-06-14 02:55:00,0.8509507258229401,0
7687,0831,2,2026-06-14 02:55:00,1.0000000000000000,0
7688,0837,2,2026-06-14 02:55:00,0.4595174810877121,0
7689,0844,2,2026-06-14 02:55:00,0.7822531179717849,0
7690,0012,2,2026-06-14 02:55:10,0.4595174810877121,0
7691,0200,2,2026-06-14 02:55:10,0.6026374974442854,0
7692,0316,2,2026-06-14 02:55:10,0.1896340216724596,0
7693,0352,2,2026-06-14 02:55:10,0.8509507258229401,1
7694,0352,2,2026-06-14 02:55:10,0.8509507258229401,0
7695,0428,2,2026-06-14 02:55:10,0.9248619914127990,0
7696,0458,2,2026-06-14 02:55:10,0.4595174810877121,0
7697,0479,2,2026-06-14 02:55:10,0.9248619914127990,0
7698,0550,2,2026-06-14 02:55:10,0.6026374974442854,0
7699,0559,2,2026-06-14 02:55:10,0.2789818033122061,0
7700,0605,2,2026-06-14 02:55:10,0.2789818033122061,0
7701,0605,2,2026-06-14 02:55:10,0.2789818033122061,0
7702,0681,2,2026-06-14 02:55:10,0.5396646902473932,0
7703,0751,2,2026-06-14 02:55:10,1.0000000000000000,0
7704,0821,2,2026-06-14 02:55:10,0.8509507258229401,0
7705,0831,2,2026-06-14 02:55:10,1.0000000000000000,0
7706,0837,2,2026-06-14 02:55:10,0.4595174810877121,0
7707,0844,2,2026-06-14 02:55:10,0.7822531179717849,0
7708,0012,2,2026-06-14 02:55:20,0.4595174810877121,0
7709,0200,2,2026-06-14 02:55:20,0.6026374974442854,0
7710,0316,2,2026-06-14 02:55:20,0.1896340216724596,0
7711,0352,2,2026-06-14 02:55:20,0.8509507258229401,0
7712,0428,2,2026-06-14 02:55:20,0.9248619914127990,0
7713,0458,2,2026-06-14 02:55:20,0.4595174810877121,0
7714,0479,2,2026-06-14 02:55:20,0.9248619914127990,0
7715,0559,2,2026-06-14 02:55:20,0.2789818033122061,0
7716,0605,2,2026-06-14 02:55:20,0.2789818033122061,0
7717,0605,2,2026-06-14 02:55:20,0.2789818033122061,0
7718,0681,2,2026-06-14 02:55:20,0.5396646902473932,0
7719,0751,2,2026-06-14 02:55:20,1.0000000000000000,0
7720,0755,2,2026-06-14 02:55:20,0.6026374974442854,0
7721,0821,2,2026-06-14 02:55:20,0.8509507258229401,0
7722,0837,2,2026-06-14 02:55:20,0.4595174810877121,0
7723,0844,2,2026-06-14 02:55:20,0.7822531179717849,0
7724,0040,2,2026-06-14 02:55:30,0.1247188713964424,0
7725,0200,2,2026-06-14 02:55:30,0.6026374974442854,0
7726,0205,2,2026-06-14 02:55:30,0.1896340216724596,0
7727,0316,2,2026-06-14 02:55:30,0.1896340216724596,0
7728,0352,2,2026-06-14 02:55:30,0.8509507258229401,0
7729,0428,2,2026-06-14 02:55:30,0.9248619914127990,0
7730,0458,2,2026-06-14 02:55:30,0.4595174810877121,0
7731,0605,2,2026-06-14 02:55:30,0.2789818033122061,0
7732,0681,2,2026-06-14 02:55:30,0.5396646902473932,0
7733,0751,2,2026-06-14 02:55:30,1.0000000000000000,0
7734,0755,2,2026-06-14 02:55:30,0.6026374974442854,0
7735,0821,2,2026-06-14 02:55:30,0.8509507258229401,0
7736,0837,2,2026-06-14 02:55:30,0.4595174810877121,0
7737,0844,2,2026-06-14 02:55:30,0.7822531179717849,0
7738,0844,2,2026-06-14 02:55:30,0.7822531179717849,1
7739,0040,2,2026-06-14 02:55:40,0.1247188713964424,0
7740,0200,2,2026-06-14 02:55:40,0.6026374974442854,0
7741,0205,2,2026-06-14 02:55:40,0.1896340216724596,0
7742,0316,2,2026-06-14 02:55:40,0.1896340216724596,0
7743,0352,2,2026-06-14 02:55:40,0.8509507258229401,0
7744,0428,2,2026-06-14 02:55:40,0.9248619914127990,0
7745,0458,2,2026-06-14 02:55:40,0.4595174810877121,0
7746,0605,2,2026-06-14 02:55:40,0.2789818033122061,0
7747,0681,2,2026-06-14 02:55:40,0.5396646902473932,0
7748,0755,2,2026-06-14 02:55:40,0.6026374974442854,0
7749,0821,2,2026-06-14 02:55:40,0.8509507258229401,0
7750,0837,2,2026-06-14 02:55:40,0.4595174810877121,0
7751,0844,2,2026-06-14 02:55:40,0.7822531179717849,0
7752,0844,2,2026-06-14 02:55:40,0.7822531179717849,0
7753,0040,2,2026-06-14 02:55:50,0.1247188713964424,0
7754,0044,2,2026-06-14 02:55:50,0.0608260069515437,0
7755,0173,2,2026-06-14 02:55:50,0.6787977918626048,0
7756,0200,2,2026-06-14 02:55:50,0.6026374974442854,0
7757,0205,2,2026-06-14 02:55:50,0.1896340216724596,0
7758,0316,2,2026-06-14 02:55:50,0.1896340216724596,0
7759,0428,2,2026-06-14 02:55:50,0.9248619914127990,0
7760,0458,2,2026-06-14 02:55:50,0.4595174810877121,0
7761,0605,2,2026-06-14 02:55:50,0.2789818033122061,0
7762,0755,2,2026-06-14 02:55:50,0.6026374974442854,0
7763,0821,2,2026-06-14 02:55:50,0.8509507258229401,0
7764,0837,2,2026-06-14 02:55:50,0.4595174810877121,0
7765,0844,2,2026-06-14 02:55:50,0.7822531179717849,0
7766,0844,2,2026-06-14 02:55:50,0.7822531179717849,0
7767,0006,2,2026-06-14 02:56:00,0.5396646902473932,0
7768,0040,2,2026-06-14 02:56:00,0.1247188713964424,0
7769,0044,2,2026-06-14 02:56:00,0.0608260069515437,0
7770,0173,2,2026-06-14 02:56:00,0.6787977918626048,0
7771,0200,2,2026-06-14 02:56:00,0.6026374974442854,0
7772,0316,2,2026-06-14 02:56:00,0.1896340216724596,0
7773,0428,2,2026-06-14 02:56:00,0.9248619914127990,0
7774,0458,2,2026-06-14 02:56:00,0.4595174810877121,0
7775,0540,2,2026-06-14 02:56:00,0.1896340216724596,0
7776,0755,2,2026-06-14 02:56:00,0.6026374974442854,0
7777,0844,2,2026-06-14 02:56:00,0.7822531179717849,1
7778,0844,2,2026-06-14 02:56:00,0.7822531179717849,0
7779,0006,2,2026-06-14 02:56:10,0.5396646902473932,0
7780,0040,2,2026-06-14 02:56:10,0.1247188713964424,0
7781,0044,2,2026-06-14 02:56:10,0.0608260069515437,0
7782,0173,2,2026-06-14 02:56:10,0.6787977918626048,0
7783,0200,2,2026-06-14 02:56:10,0.6026374974442854,0
7784,0311,2,2026-06-14 02:56:10,0.1247188713964424,0
7785,0316,2,2026-06-14 02:56:10,0.1896340216724596,0
7786,0337,2,2026-06-14 02:56:10,0.4595174810877121,0
7787,0428,2,2026-06-14 02:56:10,0.9248619914127990,0
7788,0458,2,2026-06-14 02:56:10,0.4595174810877121,0
7789,0540,2,2026-06-14 02:56:10,0.1896340216724596,0
7790,0755,2,2026-06-14 02:56:10,0.6026374974442854,0
7791,0844,2,2026-06-14 02:56:10,0.7822531179717849,0
7792,0844,2,2026-06-14 02:56:10,0.7822531179717849,0
7793,0006,2,2026-06-14 02:56:20,0.5396646902473932,0
7794,0040,2,2026-06-14 02:56:20,0.1247188713964424,0
7795,0044,2,2026-06-14 02:56:20,0.0608260069515437,0
7796,0173,2,2026-06-14 02:56:20,0.6787977918626048,0
7797,0200,2,2026-06-14 02:56:20,0.6026374974442854,0
7798,0311,2,2026-06-14 02:56:20,0.1247188713964424,0
7799,0316,2,2026-06-14 02:56:20,0.1896340216724596,0
7800,0337,2,2026-06-14 02:56:20,0.4595174810877121,0
7801,0400,2,2026-06-14 02:56:20,0.1247188713964424,0
7802,0428,2,2026-06-14 02:56:20,0.9248619914127990,0
7803,0458,2,2026-06-14 02:56:20,0.4595174810877121,0
7804,0540,2,2026-06-14 02:56:20,0.1896340216724596,0
7805,0755,2,2026-06-14 02:56:20,0.6026374974442854,0
7806,0774,2,2026-06-14 02:56:20,0.5396646902473932,0
7807,0844,2,2026-06-14 02:56:20,0.7822531179717849,0
7808,0006,2,2026-06-14 02:56:30,0.5396646902473932,0
7809,0040,2,2026-06-14 02:56:30,0.1247188713964424,0
7810,0044,2,2026-06-14 02:56:30,0.0608260069515437,0
7811,0173,2,2026-06-14 02:56:30,0.6787977918626048,0
7812,0311,2,2026-06-14 02:56:30,0.1247188713964424,0
7813,0316,2,2026-06-14 02:56:30,0.1896340216724596,0
7814,0337,2,2026-06-14 02:56:30,0.4595174810877121,0
7815,0373,2,2026-06-14 02:56:30,0.0608260069515437,0
7816,0400,2,2026-06-14 02:56:30,0.1247188713964424,0
7817,0428,2,2026-06-14 02:56:30,0.9248619914127990,0
7818,0540,2,2026-06-14 02:56:30,0.1896340216724596,0
7819,0657,2,2026-06-14 02:56:30,0.1896340216724596,0
7820,0755,2,2026-06-14 02:56:30,0.6026374974442854,0
7821,0774,2,2026-06-14 02:56:30,0.5396646902473932,0
7822,0844,2,2026-06-14 02:56:30,0.7822531179717849,0
7823,0006,2,2026-06-14 02:56:40,0.5396646902473932,0
7824,0040,2,2026-06-14 02:56:40,0.1247188713964424,0
7825,0044,2,2026-06-14 02:56:40,0.0608260069515437,0
7826,0173,2,2026-06-14 02:56:40,0.6787977918626048,0
7827,0311,2,2026-06-14 02:56:40,0.1247188713964424,0
7828,0337,2,2026-06-14 02:56:40,0.4595174810877121,0
7829,0373,2,2026-06-14 02:56:40,0.0608260069515437,0
7830,0400,2,2026-06-14 02:56:40,0.1247188713964424,0
7831,0428,2,2026-06-14 02:56:40,0.9248619914127990,0
7832,0540,2,2026-06-14 02:56:40,0.1896340216724596,0
7833,0657,2,2026-06-14 02:56:40,0.1896340216724596,0
7834,0755,2,2026-06-14 02:56:40,0.6026374974442854,0
7835,0774,2,2026-06-14 02:56:40,0.5396646902473932,0
7836,0844,2,2026-06-14 02:56:40,0.7822531179717849,0
7837,0006,2,2026-06-14 02:56:50,0.5396646902473932,0
7838,0040,2,2026-06-14 02:56:50,0.1247188713964424,0
7839,0044,2,2026-06-14 02:56:50,0.0608260069515437,0
7840,0173,2,2026-06-14 02:56:50,0.6787977918626048,0
7841,0311,2,2026-06-14 02:56:50,0.1247188713964424,0
7842,0337,2,2026-06-14 02:56:50,0.4595174810877121,0
7843,0373,2,2026-06-14 02:56:50,0.0608260069515437,0
7844,0400,2,2026-06-14 02:56:50,0.1247188713964424,0
7845,0540,2,2026-06-14 02:56:50,0.1896340216724596,0
7846,0606,2,2026-06-14 02:56:50,0.9248619914127990,0
7847,0657,2,2026-06-14 02:56:50,0.1896340216724596,0
7848,0724,2,2026-06-14 02:56:50,0.0608260069515437,0
7849,0755,2,2026-06-14 02:56:50,0.6026374974442854,0
7850,0774,2,2026-06-14 02:56:50,0.5396646902473932,0
7851,0006,2,2026-06-14 02:57:00,0.5396646902473932,0
7852,0040,2,2026-06-14 02:57:00,0.1247188713964424,0
7853,0173,2,2026-06-14 02:57:00,0.6787977918626048,0
7854,0311,2,2026-06-14 02:57:00,0.1247188713964424,0
7855,0337,2,2026-06-14 02:57:00,0.4595174810877121,0
7856,0373,2,2026-06-14 02:57:00,0.0608260069515437,0
7857,0400,2,2026-06-14 02:57:00,0.1247188713964424,0
7858,0540,2,2026-06-14 02:57:00,0.1896340216724596,0
7859,0606,2,2026-06-14 02:57:00,0.9248619914127990,1
7860,0657,2,2026-06-14 02:57:00,0.1896340216724596,0
7861,0724,2,2026-06-14 02:57:00,0.0608260069515437,0
7862,0755,2,2026-06-14 02:57:00,0.6026374974442854,0
7863,0774,2,2026-06-14 02:57:00,0.5396646902473932,0
7864,0006,2,2026-06-14 02:57:10,0.5396646902473932,0
7865,0040,2,2026-06-14 02:57:10,0.1247188713964424,0
7866,0173,2,2026-06-14 02:57:10,0.6787977918626048,0
7867,0311,2,2026-06-14 02:57:10,0.1247188713964424,0
7868,0337,2,2026-06-14 02:57:10,0.4595174810877121,0
7869,0373,2,2026-06-14 02:57:10,0.0608260069515437,0
7870,0400,2,2026-06-14 02:57:10,0.1247188713964424,0
7871,0405,2,2026-06-14 02:57:10,0.6787977918626048,0
7872,0540,2,2026-06-14 02:57:10,0.1896340216724596,0
7873,0606,2,2026-06-14 02:57:10,0.9248619914127990,0
7874,0657,2,2026-06-14 02:57:10,0.1896340216724596,0
7875,0724,2,2026-06-14 02:57:10,0.0608260069515437,0
7876,0774,2,2026-06-14 02:57:10,0.5396646902473932,0
7877,0006,2,2026-06-14 02:57:20,0.5396646902473932,0
7878,0091,2,2026-06-14 02:57:20,1.0000000000000000,0
7879,0173,2,2026-06-14 02:57:20,0.6787977918626048,0
7880,0311,2,2026-06-14 02:57:20,0.1247188713964424,0
7881,0337,2,2026-06-14 02:57:20,0.4595174810877121,0
7882,0373,2,2026-06-14 02:57:20,0.0608260069515437,0
7883,0400,2,2026-06-14 02:57:20,0.1247188713964424,0
7884,0405,2,2026-06-14 02:57:20,0.6787977918626048,0
7885,0540,2,2026-06-14 02:57:20,0.1896340216724596,0
7886,0606,2,2026-06-14 02:57:20,0.9248619914127990,0
7887,0606,2,2026-06-14 02:57:20,0.9248619914127990,0
7888,0657,2,2026-06-14 02:57:20,0.1896340216724596,0
7889,0724,2,2026-06-14 02:57:20,0.0608260069515437,0
7890,0741,2,2026-06-14 02:57:20,0.7822531179717849,0
7891,0774,2,2026-06-14 02:57:20,0.5396646902473932,0
7892,0778,2,2026-06-14 02:57:20,0.7822531179717849,0
7893,0006,2,2026-06-14 02:57:30,0.5396646902473932,0
7894,0091,2,2026-06-14 02:57:30,1.0000000000000000,0
7895,0173,2,2026-06-14 02:57:30,0.6787977918626048,0
7896,0337,2,2026-06-14 02:57:30,0.4595174810877121,0
7897,0373,2,2026-06-14 02:57:30,0.0608260069515437,0
7898,0400,2,2026-06-14 02:57:30,0.1247188713964424,0
7899,0405,2,2026-06-14 02:57:30,0.6787977918626048,0
7900,0540,2,2026-06-14 02:57:30,0.1896340216724596,0
7901,0606,2,2026-06-14 02:57:30,0.9248619914127990,1
7902,0606,2,2026-06-14 02:57:30,0.9248619914127990,0
7903,0657,2,2026-06-14 02:57:30,0.1896340216724596,0
7904,0724,2,2026-06-14 02:57:30,0.0608260069515437,0
7905,0741,2,2026-06-14 02:57:30,0.7822531179717849,0
7906,0774,2,2026-06-14 02:57:30,0.5396646902473932,0
7907,0778,2,2026-06-14 02:57:30,0.7822531179717849,0
7908,0002,2,2026-06-14 02:57:40,0.1896340216724596,0
7909,0006,2,2026-06-14 02:57:40,0.5396646902473932,0
7910,0091,2,2026-06-14 02:57:40,1.0000000000000000,0
7911,0373,2,2026-06-14 02:57:40,0.0608260069515437,0
7912,0400,2,2026-06-14 02:57:40,0.1247188713964424,0
7913,0405,2,2026-06-14 02:57:40,0.6787977918626048,0
7914,0540,2,2026-06-14 02:57:40,0.1896340216724596,0
7915,0567,2,2026-06-14 02:57:40,0.2789818033122061,0
7916,0606,2,2026-06-14 02:57:40,0.9248619914127990,0
7917,0606,2,2026-06-14 02:57:40,0.9248619914127990,0
7918,0657,2,2026-06-14 02:57:40,0.1896340216724596,0
7919,0724,2,2026-06-14 02:57:40,0.0608260069515437,0
7920,0741,2,2026-06-14 02:57:40,0.7822531179717849,0
7921,0774,2,2026-06-14 02:57:40,0.5396646902473932,0
7922,0778,2,2026-06-14 02:57:40,0.7822531179717849,0
7923,0888,2,2026-06-14 02:57:40,0.4595174810877121,0
7924,0002,2,2026-06-14 02:57:50,0.1896340216724596,0
7925,0006,2,2026-06-14 02:57:50,0.5396646902473932,0
7926,0091,2,2026-06-14 02:57:50,1.0000000000000000,0
7927,0373,2,2026-06-14 02:57:50,0.0608260069515437,0
7928,0400,2,2026-06-14 02:57:50,0.1247188713964424,0
7929,0405,2,2026-06-14 02:57:50,0.6787977918626048,0
7930,0567,2,2026-06-14 02:57:50,0.2789818033122061,0
7931,0606,2,2026-06-14 02:57:50,0.9248619914127990,0
7932,0606,2,2026-06-14 02:57:50,0.9248619914127990,0
7933,0720,2,2026-06-14 02:57:50,0.6026374974442854,0
7934,0724,2,2026-06-14 02:57:50,0.0608260069515437,0
7935,0741,2,2026-06-14 02:57:50,0.7822531179717849,0
7936,0774,2,2026-06-14 02:57:50,0.5396646902473932,0
7937,0888,2,2026-06-14 02:57:50,0.4595174810877121,0
7938,0002,2,2026-06-14 02:58:00,0.1896340216724596,0
7939,0091,2,2026-06-14 02:58:00,1.0000000000000000,0
7940,0373,2,2026-06-14 02:58:00,0.0608260069515437,0
7941,0405,2,2026-06-14 02:58:00,0.6787977918626048,0
7942,0513,2,2026-06-14 02:58:00,0.9248619914127990,0
7943,0556,2,2026-06-14 02:58:00,0.4595174810877121,0
7944,0567,2,2026-06-14 02:58:00,0.2789818033122061,0
7945,0606,2,2026-06-14 02:58:00,0.9248619914127990,0
7946,0606,2,2026-06-14 02:58:00,0.9248619914127990,0
7947,0720,2,2026-06-14 02:58:00,0.6026374974442854,0
7948,0724,2,2026-06-14 02:58:00,0.0608260069515437,0
7949,0741,2,2026-06-14 02:58:00,0.7822531179717849,0
7950,0774,2,2026-06-14 02:58:00,0.5396646902473932,0
7951,0888,2,2026-06-14 02:58:00,0.4595174810877121,0
7952,0002,2,2026-06-14 02:58:10,0.1896340216724596,0
7953,0091,2,2026-06-14 02:58:10,1.0000000000000000,0
7954,0373,2,2026-06-14 02:58:10,0.0608260069515437,0
7955,0405,2,2026-06-14 02:58:10,0.6787977918626048,0
7956,0513,2,2026-06-14 02:58:10,0.9248619914127990,0
7957,0556,2,2026-06-14 02:58:10,0.4595174810877121,0
7958,0567,2,2026-06-14 02:58:10,0.2789818033122061,0
7959,0567,2,2026-06-14 02:58:10,0.2789818033122061,0
7960,0600,2,2026-06-14 02:58:10,0.6787977918626048,1
7961,0606,2,2026-06-14 02:58:10,0.9248619914127990,0
7962,0720,2,2026-06-14 02:58:10,0.6026374974442854,0
7963,0724,2,2026-06-14 02:58:10,0.0608260069515437,0
7964,0741,2,2026-06-14 02:58:10,0.7822531179717849,0
7965,0888,2,2026-06-14 02:58:10,0.4595174810877121,0
7966,0002,2,2026-06-14 02:58:20,0.1896340216724596,0
7967,0091,2,2026-06-14 02:58:20,1.0000000000000000,0
7968,0373,2,2026-06-14 02:58:20,0.0608260069515437,0
7969,0405,2,2026-06-14 02:58:20,0.6787977918626048,0
7970,0513,2,2026-06-14 02:58:20,0.9248619914127990,0
7971,0556,2,2026-06-14 02:58:20,0.4595174810877121,0
7972,0567,2,2026-06-14 02:58:20,0.2789818033122061,0
7973,0567,2,2026-06-14 02:58:20,0.2789818033122061,0
7974,0600,2,2026-06-14 02:58:20,0.6787977918626048,0
7975,0606,2,2026-06-14 02:58:20,0.9248619914127990,0
7976,0720,2,2026-06-14 02:58:20,0.6026374974442854,0
7977,0724,2,2026-06-14 02:58:20,0.0608260069515437,0
7978,0741,2,2026-06-14 02:58:20,0.7822531179717849,0
7979,0888,2,2026-06-14 02:58:20,0.4595174810877121,0
7980,0002,2,2026-06-14 02:58:30,0.1896340216724596,0
7981,0091,2,2026-06-14 02:58:30,1.0000000000000000,0
7982,0405,2,2026-06-14 02:58:30,0.6787977918626048,0
7983,0513,2,2026-06-14 02:58:30,0.9248619914127990,0
7984,0556,2,2026-06-14 02:58:30,0.4595174810877121,0
7985,0567,2,2026-06-14 02:58:30,0.2789818033122061,0
7986,0567,2,2026-06-14 02:58:30,0.2789818033122061,0
7987,0600,2,2026-06-14 02:58:30,0.6787977918626048,0
7988,0606,2,2026-06-14 02:58:30,0.9248619914127990,0
7989,0720,2,2026-06-14 02:58:30,0.6026374974442854,0
7990,0741,2,2026-06-14 02:58:30,0.7822531179717849,0
7991,0888,2,2026-06-14 02:58:30,0.4595174810877121,0
7992,0002,2,2026-06-14 02:58:40,0.1896340216724596,0
7993,0091,2,2026-06-14 02:58:40,1.0000000000000000,0
7994,0297,2,2026-06-14 02:58:40,0.6787977918626048,0
7995,0366,2,2026-06-14 02:58:40,1.0000000000000000,0
7996,0405,2,2026-06-14 02:58:40,0.6787977918626048,0
7997,0513,2,2026-06-14 02:58:40,0.9248619914127990,0
7998,0556,2,2026-06-14 02:58:40,0.4595174810877121,0
7999,0567,2,2026-06-14 02:58:40,0.2789818033122061,0
8000,0567,2,2026-06-14 02:58:40,0.2789818033122061,0
8001,0600,2,2026-06-14 02:58:40,0.6787977918626048,1
8002,0600,2,2026-06-14 02:58:40,0.6787977918626048,0
8003,0720,2,2026-06-14 02:58:40,0.6026374974442854,0
8004,0741,2,2026-06-14 02:58:40,0.7822531179717849,0
8005,0888,2,2026-06-14 02:58:40,0.4595174810877121,0
8006,0091,2,2026-06-14 02:58:50,1.0000000000000000,0
8007,0297,2,2026-06-14 02:58:50,0.6787977918626048,0
8008,0366,2,2026-06-14 02:58:50,1.0000000000000000,0
8009,0405,2,2026-06-14 02:58:50,0.6787977918626048,0
8010,0513,2,2026-06-14 02:58:50,0.9248619914127990,0
8011,0556,2,2026-06-14 02:58:50,0.4595174810877121,0
8012,0567,2,2026-06-14 02:58:50,0.2789818033122061,0
8013,0567,2,2026-06-14 02:58:50,0.2789818033122061,0
8014,0600,2,2026-06-14 02:58:50,0.6787977918626048,0
8015,0600,2,2026-06-14 02:58:50,0.6787977918626048,0
8016,0636,2,2026-06-14 02:58:50,1.0000000000000000,0
8017,0720,2,2026-06-14 02:58:50,0.6026374974442854,0
8018,0741,2,2026-06-14 02:58:50,0.7822531179717849,0
8019,0091,2,2026-06-14 02:59:00,1.0000000000000000,0
8020,0297,2,2026-06-14 02:59:00,0.6787977918626048,0
8021,0332,2,2026-06-14 02:59:00,0.7822531179717849,0
8022,0405,2,2026-06-14 02:59:00,0.6787977918626048,0
8023,0513,2,2026-06-14 02:59:00,0.9248619914127990,0
8024,0556,2,2026-06-14 02:59:00,0.4595174810877121,0
8025,0567,2,2026-06-14 02:59:00,0.2789818033122061,0
8026,0600,2,2026-06-14 02:59:00,0.6787977918626048,0
8027,0600,2,2026-06-14 02:59:00,0.6787977918626048,0
8028,0636,2,2026-06-14 02:59:00,1.0000000000000000,0
8029,0720,2,2026-06-14 02:59:00,0.6026374974442854,0
8030,0738,2,2026-06-14 02:59:00,0.5396646902473932,1
8031,0741,2,2026-06-14 02:59:00,0.7822531179717849,0
8032,0860,2,2026-06-14 02:59:00,0.0608260069515437,0
8033,0332,2,2026-06-14 02:59:10,0.7822531179717849,0
8034,0513,2,2026-06-14 02:59:10,0.9248619914127990,0
8035,0556,2,2026-06-14 02:59:10,0.4595174810877121,0
8036,0567,2,2026-06-14 02:59:10,0.2789818033122061,0
8037,0595,2,2026-06-14 02:59:10,0.7822531179717849,0
8038,0600,2,2026-06-14 02:59:10,0.6787977918626048,0
8039,0600,2,2026-06-14 02:59:10,0.6787977918626048,0
8040,0636,2,2026-06-14 02:59:10,1.0000000000000000,0
8041,0738,2,2026-06-14 02:59:10,0.5396646902473932,1
8042,0860,2,2026-06-14 02:59:10,0.0608260069515437,0
8043,0949,2,2026-06-14 02:59:10,0.2789818033122061,0
8044,0072,2,2026-06-14 02:59:20,0.2789818033122061,0
8045,0332,2,2026-06-14 02:59:20,0.7822531179717849,0
8046,0513,2,2026-06-14 02:59:20,0.9248619914127990,0
8047,0556,2,2026-06-14 02:59:20,0.4595174810877121,0
8048,0567,2,2026-06-14 02:59:20,0.2789818033122061,0
8049,0595,2,2026-06-14 02:59:20,0.7822531179717849,0
8050,0600,2,2026-06-14 02:59:20,0.6787977918626048,0
8051,0600,2,2026-06-14 02:59:20,0.6787977918626048,0
8052,0636,2,2026-06-14 02:59:20,1.0000000000000000,0
8053,0738,2,2026-06-14 02:59:20,0.5396646902473932,0
8054,0860,2,2026-06-14 02:59:20,0.0608260069515437,0
8055,0949,2,2026-06-14 02:59:20,0.2789818033122061,0
8056,0072,2,2026-06-14 02:59:30,0.2789818033122061,0
8057,0332,2,2026-06-14 02:59:30,0.7822531179717849,0
8058,0513,2,2026-06-14 02:59:30,0.9248619914127990,0
8059,0556,2,2026-06-14 02:59:30,0.4595174810877121,0
8060,0595,2,2026-06-14 02:59:30,0.7822531179717849,0
8061,0600,2,2026-06-14 02:59:30,0.6787977918626048,0
8062,0600,2,2026-06-14 02:59:30,0.6787977918626048,0
8063,0624,2,2026-06-14 02:59:30,0.1247188713964424,0
8064,0636,2,2026-06-14 02:59:30,1.0000000000000000,0
8065,0738,2,2026-06-14 02:59:30,0.5396646902473932,1
8066,0860,2,2026-06-14 02:59:30,0.0608260069515437,0
8067,0949,2,2026-06-14 02:59:30,0.2789818033122061,0
8068,0957,2,2026-06-14 02:59:30,0.1896340216724596,0
8069,0072,2,2026-06-14 02:59:40,0.2789818033122061,0
8070,0318,2,2026-06-14 02:59:40,1.0000000000000000,0
8071,0332,2,2026-06-14 02:59:40,0.7822531179717849,0
8072,0556,2,2026-06-14 02:59:40,0.4595174810877121,0
8073,0595,2,2026-06-14 02:59:40,0.7822531179717849,0
8074,0600,2,2026-06-14 02:59:40,0.6787977918626048,0
8075,0624,2,2026-06-14 02:59:40,0.1247188713964424,0
8076,0636,2,2026-06-14 02:59:40,1.0000000000000000,0
8077,0738,2,2026-06-14 02:59:40,0.5396646902473932,1
8078,0860,2,2026-06-14 02:59:40,0.0608260069515437,0
8079,0949,2,2026-06-14 02:59:40,0.2789818033122061,0
8080,0957,2,2026-06-14 02:59:40,0.1896340216724596,0
8081,0072,2,2026-06-14 02:59:50,0.2789818033122061,0
8082,0072,2,2026-06-14 02:59:50,0.2789818033122061,0
8083,0318,2,2026-06-14 02:59:50,1.0000000000000000,0
8084,0332,2,2026-06-14 02:59:50,0.7822531179717849,0
8085,0595,2,2026-06-14 02:59:50,0.7822531179717849,0
8086,0600,2,2026-06-14 02:59:50,0.6787977918626048,0
8087,0624,2,2026-06-14 02:59:50,0.1247188713964424,0
8088,0636,2,2026-06-14 02:59:50,1.0000000000000000,0
8089,0738,2,2026-06-14 02:59:50,0.5396646902473932,0
8090,0860,2,2026-06-14 02:59:50,0.0608260069515437,0
8091,0949,2,2026-06-14 02:59:50,0.2789818033122061,0
8092,0957,2,2026-06-14 02:59:50,0.1896340216724596,0
8093,0072,2,2026-06-14 03:00:00,0.2789818033122061,0
8094,0318,2,2026-06-14 03:00:00,1.0000000000000000,0
8095,0332,2,2026-06-14 03:00:00,0.7822531179717849,0
8096,0595,2,2026-06-14 03:00:00,0.7822531179717849,0
8097,0600,2,2026-06-14 03:00:00,0.6787977918626048,0
8098,0624,2,2026-06-14 03:00:00,0.1247188713964424,0
8099,0636,2,2026-06-14 03:00:00,1.0000000000000000,0
8100,0949,2,2026-06-14 03:00:00,0.2789818033122061,0
8101,0957,2,2026-06-14 03:00:00,0.1896340216724596,0
8102,0072,2,2026-06-14 03:00:10,0.2789818033122061,0
8103,0318,2,2026-06-14 03:00:10,1.0000000000000000,0
8104,0332,2,2026-06-14 03:00:10,0.7822531179717849,0
8105,0595,2,2026-06-14 03:00:10,0.7822531179717849,0
8106,0624,2,2026-06-14 03:00:10,0.1247188713964424,0
8107,0636,2,2026-06-14 03:00:10,1.0000000000000000,0
8108,0949,2,2026-06-14 03:00:10,0.2789818033122061,0
8109,0957,2,2026-06-14 03:00:10,0.1896340216724596,0
8110,0072,2,2026-06-14 03:00:20,0.2789818033122061,0
8111,0318,2,2026-06-14 03:00:20,1.0000000000000000,0
8112,0332,2,2026-06-14 03:00:20,0.7822531179717849,0
8113,0595,2,2026-06-14 03:00:20,0.7822531179717849,0
8114,0624,2,2026-06-14 03:00:20,0.1247188713964424,0
8115,0636,2,2026-06-14 03:00:20,1.0000000000000000,0
8116,0949,2,2026-06-14 03:00:20,0.2789818033122061,0
8117,0957,2,2026-06-14 03:00:20,0.1896340216724596,0
8118,0318,2,2026-06-14 03:00:30,1.0000000000000000,0
8119,0332,2,2026-06-14 03:00:30,0.7822531179717849,0
8120,0595,2,2026-06-14 03:00:30,0.7822531179717849,0
8121,0624,2,2026-06-14 03:00:30,0.1247188713964424,0
8122,0636,2,2026-06-14 03:00:30,1.0000000000000000,0
8123,0957,2,2026-06-14 03:00:30,0.1896340216724596,0
8124,0318,2,2026-06-14 03:00:40,1.0000000000000000,0
8125,0332,2,2026-06-14 03:00:40,0.7822531179717849,0
8126,0595,2,2026-06-14 03:00:40,0.7822531179717849,0
8127,0624,2,2026-06-14 03:00:40,0.1247188713964424,0
8128,0636,2,2026-06-14 03:00:40,1.0000000000000000,0
8129,0957,2,2026-06-14 03:00:40,0.1896340216724596,0
8130,0318,2,2026-06-14 03:00:50,1.0000000000000000,0
8131,0624,2,2026-06-14 03:00:50,0.1247188713964424,0
8132,0318,2,2026-06-14 03:01:00,1.0000000000000000,0
8133,0624,2,2026-06-14 03:01:00,0.1247188713964424,0
8134,0318,2,2026-06-14 03:01:10,1.0000000000000000,0
8135,0624,2,2026-06-14 03:01:10,0.1247188713964424,0
8136,0108,2,2026-06-14 03:04:30,0.0608260069515437,0
8137,0108,2,2026-06-14 03:04:40,0.0608260069515437,0
8138,0108,2,2026-06-14 03:04:50,0.0608260069515437,0
8139,0108,2,2026-06-14 03:05:00,0.0608260069515437,0
8140,0108,2,2026-06-14 03:05:10,0.0608260069515437,0
8141,0108,2,2026-06-14 03:05:20,0.0608260069515437,0
8142,0108,2,2026-06-14 03:05:30,0.0608260069515437,0
8143,0038,2,2026-06-14 03:05:40,1.0000000000000000,0
8144,0108,2,2026-06-14 03:05:40,0.0608260069515437,0
8145,0038,2,2026-06-14 03:05:50,1.0000000000000000,0
8146,0108,2,2026-06-14 03:05:50,0.0608260069515437,0
8147,0038,2,2026-06-14 03:06:00,1.0000000000000000,0
8148,0108,2,2026-06-14 03:06:00,0.0608260069515437,0
8149,0038,2,2026-06-14 03:06:10,1.0000000000000000,0
8150,0038,2,2026-06-14 03:06:10,1.0000000000000000,1
8151,0108,2,2026-06-14 03:06:10,0.0608260069515437,0
8152,0599,2,2026-06-14 03:06:10,0.9248619914127990,0
8153,0038,2,2026-06-14 03:06:20,1.0000000000000000,0
8154,0038,2,2026-06-14 03:06:20,1.0000000000000000,0
8155,0599,2,2026-06-14 03:06:20,0.9248619914127990,0
8156,0038,2,2026-06-14 03:06:30,1.0000000000000000,0
8157,0038,2,2026-06-14 03:06:30,1.0000000000000000,0
8158,0599,2,2026-06-14 03:06:30,0.9248619914127990,0
8159,0038,2,2026-06-14 03:06:40,1.0000000000000000,1
8160,0599,2,2026-06-14 03:06:40,0.9248619914127990,0
8161,0038,2,2026-06-14 03:06:50,1.0000000000000000,0
8162,0599,2,2026-06-14 03:06:50,0.9248619914127990,0
8163,0038,2,2026-06-14 03:07:00,1.0000000000000000,0
8164,0599,2,2026-06-14 03:07:00,0.9248619914127990,0
8165,0599,2,2026-06-14 03:07:10,0.9248619914127990,0
8166,0709,2,2026-06-14 03:07:20,0.6026374974442854,0
8167,0037,2,2026-06-14 03:07:30,0.9248619914127990,1
8168,0709,2,2026-06-14 03:07:30,0.6026374974442854,0
8169,0869,2,2026-06-14 03:07:30,0.4595174810877121,0
8170,0037,2,2026-06-14 03:07:40,0.9248619914127990,0
8171,0098,2,2026-06-14 03:07:40,0.9248619914127990,0
8172,0387,2,2026-06-14 03:07:40,0.5396646902473932,0
8173,0709,2,2026-06-14 03:07:40,0.6026374974442854,0
8174,0869,2,2026-06-14 03:07:40,0.4595174810877121,0
8175,0037,2,2026-06-14 03:07:50,0.9248619914127990,0
8176,0098,2,2026-06-14 03:07:50,0.9248619914127990,0
8177,0387,2,2026-06-14 03:07:50,0.5396646902473932,0
8178,0421,2,2026-06-14 03:07:50,0.9248619914127990,0
8179,0476,2,2026-06-14 03:07:50,0.5396646902473932,0
8180,0709,2,2026-06-14 03:07:50,0.6026374974442854,0
8181,0869,2,2026-06-14 03:07:50,0.4595174810877121,0
8182,0037,2,2026-06-14 03:08:00,0.9248619914127990,1
8183,0037,2,2026-06-14 03:08:00,0.9248619914127990,0
8184,0098,2,2026-06-14 03:08:00,0.9248619914127990,0
8185,0387,2,2026-06-14 03:08:00,0.5396646902473932,0
8186,0421,2,2026-06-14 03:08:00,0.9248619914127990,0
8187,0476,2,2026-06-14 03:08:00,0.5396646902473932,0
8188,0709,2,2026-06-14 03:08:00,0.6026374974442854,0
8189,0715,2,2026-06-14 03:08:00,0.6026374974442854,0
8190,0869,2,2026-06-14 03:08:00,0.4595174810877121,0
8191,0037,2,2026-06-14 03:08:10,0.9248619914127990,0
8192,0037,2,2026-06-14 03:08:10,0.9248619914127990,0
8193,0098,2,2026-06-14 03:08:10,0.9248619914127990,0
8194,0098,2,2026-06-14 03:08:10,0.9248619914127990,0
8195,0387,2,2026-06-14 03:08:10,0.5396646902473932,0
8196,0421,2,2026-06-14 03:08:10,0.9248619914127990,0
8197,0476,2,2026-06-14 03:08:10,0.5396646902473932,0
8198,0709,2,2026-06-14 03:08:10,0.6026374974442854,0
8199,0715,2,2026-06-14 03:08:10,0.6026374974442854,0
8200,0869,2,2026-06-14 03:08:10,0.4595174810877121,0
8201,0037,2,2026-06-14 03:08:20,0.9248619914127990,0
8202,0037,2,2026-06-14 03:08:20,0.9248619914127990,0
8203,0098,2,2026-06-14 03:08:20,0.9248619914127990,0
8204,0098,2,2026-06-14 03:08:20,0.9248619914127990,1
8205,0387,2,2026-06-14 03:08:20,0.5396646902473932,0
8206,0421,2,2026-06-14 03:08:20,0.9248619914127990,0
8207,0421,2,2026-06-14 03:08:20,0.9248619914127990,0
8208,0476,2,2026-06-14 03:08:20,0.5396646902473932,0
8209,0709,2,2026-06-14 03:08:20,0.6026374974442854,0
8210,0715,2,2026-06-14 03:08:20,0.6026374974442854,0
8211,0869,2,2026-06-14 03:08:20,0.4595174810877121,0
8212,0037,2,2026-06-14 03:08:30,0.9248619914127990,0
8213,0037,2,2026-06-14 03:08:30,0.9248619914127990,0
8214,0098,2,2026-06-14 03:08:30,0.9248619914127990,0
8215,0387,2,2026-06-14 03:08:30,0.5396646902473932,0
8216,0421,2,2026-06-14 03:08:30,0.9248619914127990,0
8217,0476,2,2026-06-14 03:08:30,0.5396646902473932,0
8218,0709,2,2026-06-14 03:08:30,0.6026374974442854,0
8219,0715,2,2026-06-14 03:08:30,0.6026374974442854,0
8220,0869,2,2026-06-14 03:08:30,0.4595174810877121,0
8221,0037,2,2026-06-14 03:08:40,0.9248619914127990,0
8222,0037,2,2026-06-14 03:08:40,0.9248619914127990,0
8223,0098,2,2026-06-14 03:08:40,0.9248619914127990,0
8224,0387,2,2026-06-14 03:08:40,0.5396646902473932,0
8225,0421,2,2026-06-14 03:08:40,0.9248619914127990,0
8226,0476,2,2026-06-14 03:08:40,0.5396646902473932,0
8227,0709,2,2026-06-14 03:08:40,0.6026374974442854,0
8228,0715,2,2026-06-14 03:08:40,0.6026374974442854,0
8229,0869,2,2026-06-14 03:08:40,0.4595174810877121,0
8230,0037,2,2026-06-14 03:08:50,0.9248619914127990,0
8231,0098,2,2026-06-14 03:08:50,0.9248619914127990,1
8232,0387,2,2026-06-14 03:08:50,0.5396646902473932,0
8233,0421,2,2026-06-14 03:08:50,0.9248619914127990,0
8234,0476,2,2026-06-14 03:08:50,0.5396646902473932,0
8235,0709,2,2026-06-14 03:08:50,0.6026374974442854,0
8236,0869,2,2026-06-14 03:08:50,0.4595174810877121,0
8237,0037,2,2026-06-14 03:09:00,0.9248619914127990,0
8238,0709,2,2026-06-14 03:09:00,0.6026374974442854,0
8239,0869,2,2026-06-14 03:09:00,0.4595174810877121,0
8240,0037,2,2026-06-14 03:09:10,0.9248619914127990,0
8241,0709,2,2026-06-14 03:09:10,0.6026374974442854,0
8242,0869,2,2026-06-14 03:09:10,0.4595174810877121,0
8243,0393,2,2026-06-14 04:33:10,0.6026374974442854,0
8244,0393,2,2026-06-14 04:33:20,0.6026374974442854,0
8245,0393,2,2026-06-14 04:33:30,0.6026374974442854,0
8246,0393,2,2026-06-14 04:33:40,0.6026374974442854,0
8247,0393,2,2026-06-14 04:33:50,0.6026374974442854,0
8248,0393,2,2026-06-14 04:34:00,0.6026374974442854,0
8249,0727,2,2026-06-14 04:34:00,0.1896340216724596,0
8250,0393,2,2026-06-14 04:34:10,0.6026374974442854,0
8251,0727,2,2026-06-14 04:34:10,0.1896340216724596,0
8252,0393,2,2026-06-14 04:34:20,0.6026374974442854,0
8253,0727,2,2026-06-14 04:34:20,0.1896340216724596,0
8254,0393,2,2026-06-14 04:34:30,0.6026374974442854,0
8255,0727,2,2026-06-14 04:34:30,0.1896340216724596,0
8256,0393,2,2026-06-14 04:34:40,0.6026374974442854,0
8257,0727,2,2026-06-14 04:34:40,0.1896340216724596,0
8258,0393,2,2026-06-14 04:34:50,0.6026374974442854,0
8259,0727,2,2026-06-14 04:34:50,0.1896340216724596,0
8260,0727,2,2026-06-14 04:35:00,0.1896340216724596,0
8261,0727,2,2026-06-14 04:35:10,0.1896340216724596,0
8262,0727,2,2026-06-14 04:35:20,0.1896340216724596,0
8263,0727,2,2026-06-14 04:35:30,0.1896340216724596,0
8264,0727,2,2026-06-14 04:35:40,0.1896340216724596,0
8265,0727,2,2026-06-14 04:35:50,0.1896340216724596,0
8266,0052,2,2026-06-14 04:36:30,0.6787977918626048,0
8267,0052,2,2026-06-14 04:36:40,0.6787977918626048,0
8268,0052,2,2026-06-14 04:36:50,0.6787977918626048,0
8269,0052,2,2026-06-14 04:37:00,0.6787977918626048,0
8270,0052,2,2026-06-14 04:37:10,0.6787977918626048,0
8271,0052,2,2026-06-14 04:37:20,0.6787977918626048,0
8272,0052,2,2026-06-14 04:37:30,0.6787977918626048,0
8273,0083,2,2026-06-14 04:37:30,0.0608260069515437,0
8274,0767,2,2026-06-14 04:37:30,1.0000000000000000,0
8275,0954,2,2026-06-14 04:37:30,0.8509507258229401,0
8276,0052,2,2026-06-14 04:37:40,0.6787977918626048,0
8277,0083,2,2026-06-14 04:37:40,0.0608260069515437,0
8278,0767,2,2026-06-14 04:37:40,1.0000000000000000,0
8279,0954,2,2026-06-14 04:37:40,0.8509507258229401,0
8280,0052,2,2026-06-14 04:37:50,0.6787977918626048,0
8281,0083,2,2026-06-14 04:37:50,0.0608260069515437,0
8282,0767,2,2026-06-14 04:37:50,1.0000000000000000,0
8283,0954,2,2026-06-14 04:37:50,0.8509507258229401,0
8284,0052,2,2026-06-14 04:38:00,0.6787977918626048,0
8285,0083,2,2026-06-14 04:38:00,0.0608260069515437,0
8286,0288,2,2026-06-14 04:38:00,0.3692496421999591,0
8287,0466,2,2026-06-14 04:38:00,0.5396646902473932,0
8288,0589,2,2026-06-14 04:38:00,0.6026374974442854,0
8289,0610,2,2026-06-14 04:38:00,1.0000000000000000,0
8290,0671,2,2026-06-14 04:38:00,0.7822531179717849,0
8291,0767,2,2026-06-14 04:38:00,1.0000000000000000,0
8292,0954,2,2026-06-14 04:38:00,0.8509507258229401,0
8293,0052,2,2026-06-14 04:38:10,0.6787977918626048,0
8294,0083,2,2026-06-14 04:38:10,0.0608260069515437,0
8295,0288,2,2026-06-14 04:38:10,0.3692496421999591,0
8296,0466,2,2026-06-14 04:38:10,0.5396646902473932,0
8297,0589,2,2026-06-14 04:38:10,0.6026374974442854,0
8298,0610,2,2026-06-14 04:38:10,1.0000000000000000,0
8299,0671,2,2026-06-14 04:38:10,0.7822531179717849,0
8300,0767,2,2026-06-14 04:38:10,1.0000000000000000,0
8301,0867,2,2026-06-14 04:38:10,0.7822531179717849,0
8302,0901,2,2026-06-14 04:38:10,1.0000000000000000,0
8303,0954,2,2026-06-14 04:38:10,0.8509507258229401,0
8304,0083,2,2026-06-14 04:38:20,0.0608260069515437,0
8305,0288,2,2026-06-14 04:38:20,0.3692496421999591,0
8306,0466,2,2026-06-14 04:38:20,0.5396646902473932,0
8307,0589,2,2026-06-14 04:38:20,0.6026374974442854,0
8308,0610,2,2026-06-14 04:38:20,1.0000000000000000,0
8309,0671,2,2026-06-14 04:38:20,0.7822531179717849,0
8310,0767,2,2026-06-14 04:38:20,1.0000000000000000,0
8311,0867,2,2026-06-14 04:38:20,0.7822531179717849,1
8312,0901,2,2026-06-14 04:38:20,1.0000000000000000,0
8313,0954,2,2026-06-14 04:38:20,0.8509507258229401,0
8314,0083,2,2026-06-14 04:38:30,0.0608260069515437,0
8315,0288,2,2026-06-14 04:38:30,0.3692496421999591,0
8316,0466,2,2026-06-14 04:38:30,0.5396646902473932,0
8317,0589,2,2026-06-14 04:38:30,0.6026374974442854,0
8318,0610,2,2026-06-14 04:38:30,1.0000000000000000,0
8319,0671,2,2026-06-14 04:38:30,0.7822531179717849,0
8320,0767,2,2026-06-14 04:38:30,1.0000000000000000,0
8321,0867,2,2026-06-14 04:38:30,0.7822531179717849,0
8322,0901,2,2026-06-14 04:38:30,1.0000000000000000,0
8323,0936,2,2026-06-14 04:38:30,0.4595174810877121,0
8324,0954,2,2026-06-14 04:38:30,0.8509507258229401,0
8325,0083,2,2026-06-14 04:38:40,0.0608260069515437,0
8326,0237,2,2026-06-14 04:38:40,0.5396646902473932,0
8327,0288,2,2026-06-14 04:38:40,0.3692496421999591,0
8328,0344,2,2026-06-14 04:38:40,0.2789818033122061,0
8329,0466,2,2026-06-14 04:38:40,0.5396646902473932,0
8330,0487,2,2026-06-14 04:38:40,0.7822531179717849,0
8331,0589,2,2026-06-14 04:38:40,0.6026374974442854,0
8332,0610,2,2026-06-14 04:38:40,1.0000000000000000,0
8333,0671,2,2026-06-14 04:38:40,0.7822531179717849,0
8334,0767,2,2026-06-14 04:38:40,1.0000000000000000,0
8335,0867,2,2026-06-14 04:38:40,0.7822531179717849,0
8336,0867,2,2026-06-14 04:38:40,0.7822531179717849,0
8337,0901,2,2026-06-14 04:38:40,1.0000000000000000,0
8338,0936,2,2026-06-14 04:38:40,0.4595174810877121,0
8339,0954,2,2026-06-14 04:38:40,0.8509507258229401,0
8340,0083,2,2026-06-14 04:38:50,0.0608260069515437,0
8341,0129,2,2026-06-14 04:38:50,0.8509507258229401,0
8342,0237,2,2026-06-14 04:38:50,0.5396646902473932,0
8343,0288,2,2026-06-14 04:38:50,0.3692496421999591,0
8344,0344,2,2026-06-14 04:38:50,0.2789818033122061,0
8345,0432,2,2026-06-14 04:38:50,0.7822531179717849,0
8346,0466,2,2026-06-14 04:38:50,0.5396646902473932,0
8347,0487,2,2026-06-14 04:38:50,0.7822531179717849,0
8348,0589,2,2026-06-14 04:38:50,0.6026374974442854,0
8349,0610,2,2026-06-14 04:38:50,1.0000000000000000,0
8350,0671,2,2026-06-14 04:38:50,0.7822531179717849,0
8351,0767,2,2026-06-14 04:38:50,1.0000000000000000,0
8352,0867,2,2026-06-14 04:38:50,0.7822531179717849,1
8353,0867,2,2026-06-14 04:38:50,0.7822531179717849,0
8354,0901,2,2026-06-14 04:38:50,1.0000000000000000,0
8355,0936,2,2026-06-14 04:38:50,0.4595174810877121,0
8356,0954,2,2026-06-14 04:38:50,0.8509507258229401,0
8357,0083,2,2026-06-14 04:39:00,0.0608260069515437,0
8358,0129,2,2026-06-14 04:39:00,0.8509507258229401,0
8359,0237,2,2026-06-14 04:39:00,0.5396646902473932,0
8360,0288,2,2026-06-14 04:39:00,0.3692496421999591,0
8361,0344,2,2026-06-14 04:39:00,0.2789818033122061,0
8362,0466,2,2026-06-14 04:39:00,0.5396646902473932,0
8363,0487,2,2026-06-14 04:39:00,0.7822531179717849,0
8364,0589,2,2026-06-14 04:39:00,0.6026374974442854,0
8365,0610,2,2026-06-14 04:39:00,1.0000000000000000,0
8366,0671,2,2026-06-14 04:39:00,0.7822531179717849,0
8367,0767,2,2026-06-14 04:39:00,1.0000000000000000,0
8368,0867,2,2026-06-14 04:39:00,0.7822531179717849,0
8369,0867,2,2026-06-14 04:39:00,0.7822531179717849,0
8370,0901,2,2026-06-14 04:39:00,1.0000000000000000,0
8371,0936,2,2026-06-14 04:39:00,0.4595174810877121,0
8372,0954,2,2026-06-14 04:39:00,0.8509507258229401,0
8373,0083,2,2026-06-14 04:39:10,0.0608260069515437,0
8374,0237,2,2026-06-14 04:39:10,0.5396646902473932,0
8375,0237,2,2026-06-14 04:39:10,0.5396646902473932,1
8376,0288,2,2026-06-14 04:39:10,0.3692496421999591,0
8377,0344,2,2026-06-14 04:39:10,0.2789818033122061,0
8378,0466,2,2026-06-14 04:39:10,0.5396646902473932,0
8379,0487,2,2026-06-14 04:39:10,0.7822531179717849,0
8380,0589,2,2026-06-14 04:39:10,0.6026374974442854,0
8381,0610,2,2026-06-14 04:39:10,1.0000000000000000,0
8382,0671,2,2026-06-14 04:39:10,0.7822531179717849,0
8383,0867,2,2026-06-14 04:39:10,0.7822531179717849,0
8384,0867,2,2026-06-14 04:39:10,0.7822531179717849,0
8385,0901,2,2026-06-14 04:39:10,1.0000000000000000,0
8386,0936,2,2026-06-14 04:39:10,0.4595174810877121,0
8387,0083,2,2026-06-14 04:39:20,0.0608260069515437,0
8388,0237,2,2026-06-14 04:39:20,0.5396646902473932,0
8389,0237,2,2026-06-14 04:39:20,0.5396646902473932,0
8390,0288,2,2026-06-14 04:39:20,0.3692496421999591,0
8391,0344,2,2026-06-14 04:39:20,0.2789818033122061,0
8392,0466,2,2026-06-14 04:39:20,0.5396646902473932,0
8393,0487,2,2026-06-14 04:39:20,0.7822531179717849,0
8394,0589,2,2026-06-14 04:39:20,0.6026374974442854,0
8395,0610,2,2026-06-14 04:39:20,1.0000000000000000,0
8396,0671,2,2026-06-14 04:39:20,0.7822531179717849,0
8397,0867,2,2026-06-14 04:39:20,0.7822531179717849,0
8398,0867,2,2026-06-14 04:39:20,0.7822531179717849,0
8399,0901,2,2026-06-14 04:39:20,1.0000000000000000,0
8400,0936,2,2026-06-14 04:39:20,0.4595174810877121,0
8401,0237,2,2026-06-14 04:39:30,0.5396646902473932,0
8402,0237,2,2026-06-14 04:39:30,0.5396646902473932,0
8403,0288,2,2026-06-14 04:39:30,0.3692496421999591,0
8404,0466,2,2026-06-14 04:39:30,0.5396646902473932,0
8405,0487,2,2026-06-14 04:39:30,0.7822531179717849,0
8406,0589,2,2026-06-14 04:39:30,0.6026374974442854,0
8407,0610,2,2026-06-14 04:39:30,1.0000000000000000,0
8408,0671,2,2026-06-14 04:39:30,0.7822531179717849,0
8409,0867,2,2026-06-14 04:39:30,0.7822531179717849,0
8410,0901,2,2026-06-14 04:39:30,1.0000000000000000,0
8411,0936,2,2026-06-14 04:39:30,0.4595174810877121,0
8412,0237,2,2026-06-14 04:39:40,0.5396646902473932,1
8413,0237,2,2026-06-14 04:39:40,0.5396646902473932,0
8414,0466,2,2026-06-14 04:39:40,0.5396646902473932,0
8415,0487,2,2026-06-14 04:39:40,0.7822531179717849,0
8416,0610,2,2026-06-14 04:39:40,1.0000000000000000,0
8417,0671,2,2026-06-14 04:39:40,0.7822531179717849,0
8418,0867,2,2026-06-14 04:39:40,0.7822531179717849,0
8419,0901,2,2026-06-14 04:39:40,1.0000000000000000,0
8420,0936,2,2026-06-14 04:39:40,0.4595174810877121,0
8421,0237,2,2026-06-14 04:39:50,0.5396646902473932,0
8422,0466,2,2026-06-14 04:39:50,0.5396646902473932,0
8423,0610,2,2026-06-14 04:39:50,1.0000000000000000,0
8424,0671,2,2026-06-14 04:39:50,0.7822531179717849,0
8425,0867,2,2026-06-14 04:39:50,0.7822531179717849,0
8426,0237,2,2026-06-14 04:40:00,0.5396646902473932,0
8427,0237,2,2026-06-14 04:40:10,0.5396646902473932,0
8428,0469,2,2026-06-14 06:07:10,0.5396646902473932,0
8429,0469,2,2026-06-14 06:07:20,0.5396646902473932,0
8430,0469,2,2026-06-14 06:07:30,0.5396646902473932,0
8431,0469,2,2026-06-14 06:07:40,0.5396646902473932,0
8432,0068,2,2026-06-14 06:07:50,0.2789818033122061,0
8433,0469,2,2026-06-14 06:07:50,0.5396646902473932,0
8434,0068,2,2026-06-14 06:08:00,0.2789818033122061,0
8435,0469,2,2026-06-14 06:08:00,0.5396646902473932,0
8436,0068,2,2026-06-14 06:08:10,0.2789818033122061,0
8437,0469,2,2026-06-14 06:08:10,0.5396646902473932,0
8438,0068,2,2026-06-14 06:08:20,0.2789818033122061,0
8439,0068,2,2026-06-14 06:08:30,0.2789818033122061,0
8440,0068,2,2026-06-14 06:08:40,0.2789818033122061,0
8441,0068,2,2026-06-14 06:08:50,0.2789818033122061,0
8442,0068,2,2026-06-14 06:09:00,0.2789818033122061,0
8443,0068,2,2026-06-14 06:09:10,0.2789818033122061,0
8444,0884,2,2026-06-14 06:11:50,1.0000000000000000,0
8445,0884,2,2026-06-14 06:12:00,1.0000000000000000,0
8446,0429,2,2026-06-14 06:12:10,0.7822531179717849,0
8447,0884,2,2026-06-14 06:12:10,1.0000000000000000,0
8448,0429,2,2026-06-14 06:12:20,0.7822531179717849,0
8449,0884,2,2026-06-14 06:12:20,1.0000000000000000,0
8450,0429,2,2026-06-14 06:12:30,0.7822531179717849,0
8451,0884,2,2026-06-14 06:12:30,1.0000000000000000,0
8452,0026,2,2026-06-14 06:12:40,0.1247188713964424,0
8453,0429,2,2026-06-14 06:12:40,0.7822531179717849,0
8454,0583,2,2026-06-14 06:12:40,0.4595174810877121,0
8455,0884,2,2026-06-14 06:12:40,1.0000000000000000,0
8456,0026,2,2026-06-14 06:12:50,0.1247188713964424,0
8457,0257,2,2026-06-14 06:12:50,0.8509507258229401,0
8458,0429,2,2026-06-14 06:12:50,0.7822531179717849,0
8459,0583,2,2026-06-14 06:12:50,0.4595174810877121,0
8460,0884,2,2026-06-14 06:12:50,1.0000000000000000,0
8461,0026,2,2026-06-14 06:13:00,0.1247188713964424,0
8462,0257,2,2026-06-14 06:13:00,0.8509507258229401,0
8463,0429,2,2026-06-14 06:13:00,0.7822531179717849,0
8464,0583,2,2026-06-14 06:13:00,0.4595174810877121,0
8465,0884,2,2026-06-14 06:13:00,1.0000000000000000,0
8466,0026,2,2026-06-14 06:13:10,0.1247188713964424,0
8467,0257,2,2026-06-14 06:13:10,0.8509507258229401,0
8468,0429,2,2026-06-14 06:13:10,0.7822531179717849,0
8469,0583,2,2026-06-14 06:13:10,0.4595174810877121,0
8470,0884,2,2026-06-14 06:13:10,1.0000000000000000,0
8471,0026,2,2026-06-14 06:13:20,0.1247188713964424,0
8472,0257,2,2026-06-14 06:13:20,0.8509507258229401,0
8473,0429,2,2026-06-14 06:13:20,0.7822531179717849,0
8474,0583,2,2026-06-14 06:13:20,0.4595174810877121,0
8475,0884,2,2026-06-14 06:13:20,1.0000000000000000,0
8476,0026,2,2026-06-14 06:13:30,0.1247188713964424,0
8477,0257,2,2026-06-14 06:13:30,0.8509507258229401,0
8478,0429,2,2026-06-14 06:13:30,0.7822531179717849,0
8479,0583,2,2026-06-14 06:13:30,0.4595174810877121,0
8480,0884,2,2026-06-14 06:13:30,1.0000000000000000,0
8481,0026,2,2026-06-14 06:13:40,0.1247188713964424,0
8482,0130,2,2026-06-14 06:13:40,0.2789818033122061,0
8483,0194,2,2026-06-14 06:13:40,0.4595174810877121,0
8484,0257,2,2026-06-14 06:13:40,0.8509507258229401,0
8485,0429,2,2026-06-14 06:13:40,0.7822531179717849,0
8486,0583,2,2026-06-14 06:13:40,0.4595174810877121,0
8487,0026,2,2026-06-14 06:13:50,0.1247188713964424,0
8488,0130,2,2026-06-14 06:13:50,0.2789818033122061,0
8489,0194,2,2026-06-14 06:13:50,0.4595174810877121,0
8490,0257,2,2026-06-14 06:13:50,0.8509507258229401,0
8491,0583,2,2026-06-14 06:13:50,0.4595174810877121,0
8492,0026,2,2026-06-14 06:14:00,0.1247188713964424,0
8493,0130,2,2026-06-14 06:14:00,0.2789818033122061,0
8494,0194,2,2026-06-14 06:14:00,0.4595174810877121,0
8495,0257,2,2026-06-14 06:14:00,0.8509507258229401,0
8496,0583,2,2026-06-14 06:14:00,0.4595174810877121,0
8497,0130,2,2026-06-14 06:14:10,0.2789818033122061,0
8498,0194,2,2026-06-14 06:14:10,0.4595174810877121,0
8499,0257,2,2026-06-14 06:14:10,0.8509507258229401,0
8500,0130,2,2026-06-14 06:14:20,0.2789818033122061,0
8501,0194,2,2026-06-14 06:14:20,0.4595174810877121,0
8502,0257,2,2026-06-14 06:14:20,0.8509507258229401,0
8503,0130,2,2026-06-14 06:14:30,0.2789818033122061,0
8504,0194,2,2026-06-14 06:14:30,0.4595174810877121,0
8505,0257,2,2026-06-14 06:14:30,0.8509507258229401,0
8506,0130,2,2026-06-14 06:14:40,0.2789818033122061,0
8507,0194,2,2026-06-14 06:14:40,0.4595174810877121,0
8508,0130,2,2026-06-14 06:14:50,0.2789818033122061,0
8509,0194,2,2026-06-14 06:14:50,0.4595174810877121,0
8510,0323,2,2026-06-14 06:14:50,0.5396646902473932,0
8511,0130,2,2026-06-14 06:15:00,0.2789818033122061,0
8512,0194,2,2026-06-14 06:15:00,0.4595174810877121,0
8513,0323,2,2026-06-14 06:15:00,0.5396646902473932,0
8514,0194,2,2026-06-14 06:15:10,0.4595174810877121,0
8515,0323,2,2026-06-14 06:15:10,0.5396646902473932,0
8516,0194,2,2026-06-14 06:15:20,0.4595174810877121,0
8517,0323,2,2026-06-14 06:15:20,0.5396646902473932,0
8518,0323,2,2026-06-14 06:15:30,0.5396646902473932,0
8519,0323,2,2026-06-14 06:15:40,0.5396646902473932,0
8520,0360,2,2026-06-14 06:15:40,0.8509507258229401,0
8521,0323,2,2026-06-14 06:15:50,0.5396646902473932,0
8522,0360,2,2026-06-14 06:15:50,0.8509507258229401,0
8523,0152,2,2026-06-14 06:16:00,0.1896340216724596,0
8524,0323,2,2026-06-14 06:16:00,0.5396646902473932,0
8525,0348,2,2026-06-14 06:16:00,0.1247188713964424,0
8526,0360,2,2026-06-14 06:16:00,0.8509507258229401,0
8527,0152,2,2026-06-14 06:16:10,0.1896340216724596,0
8528,0323,2,2026-06-14 06:16:10,0.5396646902473932,0
8529,0348,2,2026-06-14 06:16:10,0.1247188713964424,0
8530,0360,2,2026-06-14 06:16:10,0.8509507258229401,0
8531,0152,2,2026-06-14 06:16:20,0.1896340216724596,0
8532,0323,2,2026-06-14 06:16:20,0.5396646902473932,0
8533,0348,2,2026-06-14 06:16:20,0.1247188713964424,0
8534,0360,2,2026-06-14 06:16:20,0.8509507258229401,0
8535,0152,2,2026-06-14 06:16:30,0.1896340216724596,0
8536,0323,2,2026-06-14 06:16:30,0.5396646902473932,0
8537,0348,2,2026-06-14 06:16:30,0.1247188713964424,0
8538,0360,2,2026-06-14 06:16:30,0.8509507258229401,0
8539,0152,2,2026-06-14 06:16:40,0.1896340216724596,0
8540,0348,2,2026-06-14 06:16:40,0.1247188713964424,0
8541,0360,2,2026-06-14 06:16:40,0.8509507258229401,0
8542,0152,2,2026-06-14 06:16:50,0.1896340216724596,0
8543,0348,2,2026-06-14 06:16:50,0.1247188713964424,0
8544,0360,2,2026-06-14 06:16:50,0.8509507258229401,0
8545,0152,2,2026-06-14 06:17:00,0.1896340216724596,0
8546,0348,2,2026-06-14 06:17:00,0.1247188713964424,0
8547,0360,2,2026-06-14 06:17:00,0.8509507258229401,0
8548,0385,2,2026-06-14 06:17:00,0.3692496421999591,0
8549,0152,2,2026-06-14 06:17:10,0.1896340216724596,0
8550,0348,2,2026-06-14 06:17:10,0.1247188713964424,0
8551,0360,2,2026-06-14 06:17:10,0.8509507258229401,0
8552,0385,2,2026-06-14 06:17:10,0.3692496421999591,0
8553,0152,2,2026-06-14 06:17:20,0.1896340216724596,0
8554,0348,2,2026-06-14 06:17:20,0.1247188713964424,0
8555,0360,2,2026-06-14 06:17:20,0.8509507258229401,0
8556,0385,2,2026-06-14 06:17:20,0.3692496421999591,0
8557,0152,2,2026-06-14 06:17:30,0.1896340216724596,0
8558,0348,2,2026-06-14 06:17:30,0.1247188713964424,0
8559,0360,2,2026-06-14 06:17:30,0.8509507258229401,0
8560,0385,2,2026-06-14 06:17:30,0.3692496421999591,0
8561,0152,2,2026-06-14 06:17:40,0.1896340216724596,0
8562,0348,2,2026-06-14 06:17:40,0.1247188713964424,0
8563,0385,2,2026-06-14 06:17:40,0.3692496421999591,0
8564,0152,2,2026-06-14 06:17:50,0.1896340216724596,0
8565,0348,2,2026-06-14 06:17:50,0.1247188713964424,0
8566,0385,2,2026-06-14 06:17:50,0.3692496421999591,0
8567,0385,2,2026-06-14 06:18:00,0.3692496421999591,0
8568,0385,2,2026-06-14 06:18:10,0.3692496421999591,0
8569,0512,2,2026-06-14 06:28:30,0.5396646902473932,0
8570,0512,2,2026-06-14 06:28:40,0.5396646902473932,0
8571,0512,2,2026-06-14 06:28:50,0.5396646902473932,0
8572,0512,2,2026-06-14 06:29:00,0.5396646902473932,0
8573,0512,2,2026-06-14 06:29:10,0.5396646902473932,0
8574,0512,2,2026-06-14 06:29:20,0.5396646902473932,0
8575,0512,2,2026-06-14 06:29:30,0.5396646902473932,0
8576,0512,2,2026-06-14 06:29:40,0.5396646902473932,0
8577,0512,2,2026-06-14 06:29:50,0.5396646902473932,0
8578,0512,2,2026-06-14 06:30:00,0.5396646902473932,0
8579,0512,2,2026-06-14 06:30:10,0.5396646902473932,0
8580,0512,2,2026-06-14 06:30:20,0.5396646902473932,0
8581,0492,2,2026-06-14 07:45:00,1.0000000000000000,1
8582,0492,2,2026-06-14 07:45:10,1.0000000000000000,0
8583,0492,2,2026-06-14 07:45:20,1.0000000000000000,0
8584,0492,2,2026-06-14 07:45:30,1.0000000000000000,0
8585,0661,2,2026-06-14 07:45:30,0.6787977918626048,0
8586,0492,2,2026-06-14 07:45:40,1.0000000000000000,0
8587,0661,2,2026-06-14 07:45:40,0.6787977918626048,0
8588,0492,2,2026-06-14 07:45:50,1.0000000000000000,0
8589,0661,2,2026-06-14 07:45:50,0.6787977918626048,0
8590,0492,2,2026-06-14 07:46:00,1.0000000000000000,0
8591,0661,2,2026-06-14 07:46:00,0.6787977918626048,0
8592,0666,2,2026-06-14 07:46:00,0.5396646902473932,0
8593,0938,2,2026-06-14 07:46:00,0.7822531179717849,0
8594,0492,2,2026-06-14 07:46:10,1.0000000000000000,0
8595,0661,2,2026-06-14 07:46:10,0.6787977918626048,0
8596,0666,2,2026-06-14 07:46:10,0.5396646902473932,0
8597,0938,2,2026-06-14 07:46:10,0.7822531179717849,1
8598,0224,2,2026-06-14 07:46:20,0.7822531179717849,0
8599,0661,2,2026-06-14 07:46:20,0.6787977918626048,0
8600,0666,2,2026-06-14 07:46:20,0.5396646902473932,0
8601,0938,2,2026-06-14 07:46:20,0.7822531179717849,0
8602,0224,2,2026-06-14 07:46:30,0.7822531179717849,0
8603,0661,2,2026-06-14 07:46:30,0.6787977918626048,0
8604,0666,2,2026-06-14 07:46:30,0.5396646902473932,0
8605,0938,2,2026-06-14 07:46:30,0.7822531179717849,0
8606,0938,2,2026-06-14 07:46:30,0.7822531179717849,0
8607,0074,2,2026-06-14 07:46:40,0.5396646902473932,0
8608,0224,2,2026-06-14 07:46:40,0.7822531179717849,0
8609,0440,2,2026-06-14 07:46:40,0.0608260069515437,0
8610,0661,2,2026-06-14 07:46:40,0.6787977918626048,0
8611,0666,2,2026-06-14 07:46:40,0.5396646902473932,0
8612,0797,2,2026-06-14 07:46:40,0.1896340216724596,0
8613,0938,2,2026-06-14 07:46:40,0.7822531179717849,1
8614,0938,2,2026-06-14 07:46:40,0.7822531179717849,0
8615,0074,2,2026-06-14 07:46:50,0.5396646902473932,0
8616,0224,2,2026-06-14 07:46:50,0.7822531179717849,1
8617,0440,2,2026-06-14 07:46:50,0.0608260069515437,0
8618,0661,2,2026-06-14 07:46:50,0.6787977918626048,0
8619,0797,2,2026-06-14 07:46:50,0.1896340216724596,0
8620,0938,2,2026-06-14 07:46:50,0.7822531179717849,0
8621,0938,2,2026-06-14 07:46:50,0.7822531179717849,0
8622,0951,2,2026-06-14 07:46:50,0.0608260069515437,0
8623,0074,2,2026-06-14 07:47:00,0.5396646902473932,0
8624,0224,2,2026-06-14 07:47:00,0.7822531179717849,0
8625,0440,2,2026-06-14 07:47:00,0.0608260069515437,0
8626,0661,2,2026-06-14 07:47:00,0.6787977918626048,0
8627,0797,2,2026-06-14 07:47:00,0.1896340216724596,0
8628,0938,2,2026-06-14 07:47:00,0.7822531179717849,0
8629,0938,2,2026-06-14 07:47:00,0.7822531179717849,0
8630,0951,2,2026-06-14 07:47:00,0.0608260069515437,0
8631,0074,2,2026-06-14 07:47:10,0.5396646902473932,0
8632,0224,2,2026-06-14 07:47:10,0.7822531179717849,0
8633,0440,2,2026-06-14 07:47:10,0.0608260069515437,0
8634,0661,2,2026-06-14 07:47:10,0.6787977918626048,0
8635,0797,2,2026-06-14 07:47:10,0.1896340216724596,0
8636,0938,2,2026-06-14 07:47:10,0.7822531179717849,0
8637,0938,2,2026-06-14 07:47:10,0.7822531179717849,0
8638,0951,2,2026-06-14 07:47:10,0.0608260069515437,0
8639,0043,2,2026-06-14 07:47:20,0.1896340216724596,0
8640,0074,2,2026-06-14 07:47:20,0.5396646902473932,0
8641,0224,2,2026-06-14 07:47:20,0.7822531179717849,0
8642,0440,2,2026-06-14 07:47:20,0.0608260069515437,0
8643,0661,2,2026-06-14 07:47:20,0.6787977918626048,0
8644,0797,2,2026-06-14 07:47:20,0.1896340216724596,0
8645,0938,2,2026-06-14 07:47:20,0.7822531179717849,0
8646,0938,2,2026-06-14 07:47:20,0.7822531179717849,0
8647,0951,2,2026-06-14 07:47:20,0.0608260069515437,0
8648,0043,2,2026-06-14 07:47:30,0.1896340216724596,0
8649,0074,2,2026-06-14 07:47:30,0.5396646902473932,0
8650,0224,2,2026-06-14 07:47:30,0.7822531179717849,0
8651,0440,2,2026-06-14 07:47:30,0.0608260069515437,0
8652,0797,2,2026-06-14 07:47:30,0.1896340216724596,0
8653,0938,2,2026-06-14 07:47:30,0.7822531179717849,0
8654,0951,2,2026-06-14 07:47:30,0.0608260069515437,0
8655,0043,2,2026-06-14 07:47:40,0.1896340216724596,0
8656,0074,2,2026-06-14 07:47:40,0.5396646902473932,0
8657,0224,2,2026-06-14 07:47:40,0.7822531179717849,0
8658,0299,2,2026-06-14 07:47:40,0.8509507258229401,0
8659,0440,2,2026-06-14 07:47:40,0.0608260069515437,0
8660,0797,2,2026-06-14 07:47:40,0.1896340216724596,0
8661,0938,2,2026-06-14 07:47:40,0.7822531179717849,0
8662,0951,2,2026-06-14 07:47:40,0.0608260069515437,0
8663,0043,2,2026-06-14 07:47:50,0.1896340216724596,0
8664,0074,2,2026-06-14 07:47:50,0.5396646902473932,0
8665,0224,2,2026-06-14 07:47:50,0.7822531179717849,0
8666,0299,2,2026-06-14 07:47:50,0.8509507258229401,0
8667,0797,2,2026-06-14 07:47:50,0.1896340216724596,0
8668,0938,2,2026-06-14 07:47:50,0.7822531179717849,0
8669,0951,2,2026-06-14 07:47:50,0.0608260069515437,0
8670,0043,2,2026-06-14 07:48:00,0.1896340216724596,0
8671,0074,2,2026-06-14 07:48:00,0.5396646902473932,0
8672,0224,2,2026-06-14 07:48:00,0.7822531179717849,0
8673,0299,2,2026-06-14 07:48:00,0.8509507258229401,0
8674,0797,2,2026-06-14 07:48:00,0.1896340216724596,0
8675,0951,2,2026-06-14 07:48:00,0.0608260069515437,0
8676,0043,2,2026-06-14 07:48:10,0.1896340216724596,0
8677,0074,2,2026-06-14 07:48:10,0.5396646902473932,0
8678,0299,2,2026-06-14 07:48:10,0.8509507258229401,0
8679,0951,2,2026-06-14 07:48:10,0.0608260069515437,0
8680,0043,2,2026-06-14 07:48:20,0.1896340216724596,0
8681,0074,2,2026-06-14 07:48:20,0.5396646902473932,0
8682,0299,2,2026-06-14 07:48:20,0.8509507258229401,0
8683,0951,2,2026-06-14 07:48:20,0.0608260069515437,0
8684,0043,2,2026-06-14 07:48:30,0.1896340216724596,0
8685,0299,2,2026-06-14 07:48:30,0.8509507258229401,0
8686,0951,2,2026-06-14 07:48:30,0.0608260069515437,0
8687,0043,2,2026-06-14 07:48:40,0.1896340216724596,0
8688,0299,2,2026-06-14 07:48:40,0.8509507258229401,0
8689,0043,2,2026-06-14 07:48:50,0.1896340216724596,0
8690,0299,2,2026-06-14 07:48:50,0.8509507258229401,0
8691,0299,2,2026-06-14 07:49:00,0.8509507258229401,0
8692,0490,2,2026-06-14 07:49:30,0.4595174810877121,0
8693,0490,2,2026-06-14 07:49:40,0.4595174810877121,0
8694,0490,2,2026-06-14 07:49:50,0.4595174810877121,0
8695,0490,2,2026-06-14 07:50:00,0.4595174810877121,0
8696,0490,2,2026-06-14 07:50:10,0.4595174810877121,0
8697,0490,2,2026-06-14 07:50:20,0.4595174810877121,0
8698,0177,2,2026-06-14 07:51:50,1.0000000000000000,0
8699,0177,2,2026-06-14 07:52:00,1.0000000000000000,0
8700,0619,2,2026-06-14 07:52:00,0.6787977918626048,0
8701,0896,2,2026-06-14 07:52:00,0.2789818033122061,0
8702,0177,2,2026-06-14 07:52:10,1.0000000000000000,0
8703,0619,2,2026-06-14 07:52:10,0.6787977918626048,0
8704,0896,2,2026-06-14 07:52:10,0.2789818033122061,0
8705,0177,2,2026-06-14 07:52:20,1.0000000000000000,0
8706,0619,2,2026-06-14 07:52:20,0.6787977918626048,0
8707,0896,2,2026-06-14 07:52:20,0.2789818033122061,0
8708,0058,2,2026-06-14 07:52:30,0.1896340216724596,0
8709,0177,2,2026-06-14 07:52:30,1.0000000000000000,0
8710,0619,2,2026-06-14 07:52:30,0.6787977918626048,0
8711,0896,2,2026-06-14 07:52:30,0.2789818033122061,0
8712,0058,2,2026-06-14 07:52:40,0.1896340216724596,0
8713,0177,2,2026-06-14 07:52:40,1.0000000000000000,0
8714,0496,2,2026-06-14 07:52:40,0.9248619914127990,0
8715,0619,2,2026-06-14 07:52:40,0.6787977918626048,0
8716,0896,2,2026-06-14 07:52:40,0.2789818033122061,0
8717,0058,2,2026-06-14 07:52:50,0.1896340216724596,0
8718,0177,2,2026-06-14 07:52:50,1.0000000000000000,0
8719,0496,2,2026-06-14 07:52:50,0.9248619914127990,0
8720,0619,2,2026-06-14 07:52:50,0.6787977918626048,0
8721,0896,2,2026-06-14 07:52:50,0.2789818033122061,0
8722,0058,2,2026-06-14 07:53:00,0.1896340216724596,0
8723,0177,2,2026-06-14 07:53:00,1.0000000000000000,0
8724,0496,2,2026-06-14 07:53:00,0.9248619914127990,0
8725,0619,2,2026-06-14 07:53:00,0.6787977918626048,0
8726,0896,2,2026-06-14 07:53:00,0.2789818033122061,0
8727,0058,2,2026-06-14 07:53:10,0.1896340216724596,0
8728,0496,2,2026-06-14 07:53:10,0.9248619914127990,0
8729,0619,2,2026-06-14 07:53:10,0.6787977918626048,0
8730,0652,2,2026-06-14 07:53:10,0.8509507258229401,0
8731,0896,2,2026-06-14 07:53:10,0.2789818033122061,0
8732,0058,2,2026-06-14 07:53:20,0.1896340216724596,0
8733,0496,2,2026-06-14 07:53:20,0.9248619914127990,0
8734,0619,2,2026-06-14 07:53:20,0.6787977918626048,0
8735,0652,2,2026-06-14 07:53:20,0.8509507258229401,0
8736,0896,2,2026-06-14 07:53:20,0.2789818033122061,0
8737,0058,2,2026-06-14 07:53:30,0.1896340216724596,0
8738,0496,2,2026-06-14 07:53:30,0.9248619914127990,0
8739,0619,2,2026-06-14 07:53:30,0.6787977918626048,0
8740,0652,2,2026-06-14 07:53:30,0.8509507258229401,0
8741,0058,2,2026-06-14 07:53:40,0.1896340216724596,0
8742,0619,2,2026-06-14 07:53:40,0.6787977918626048,0
8743,0652,2,2026-06-14 07:53:40,0.8509507258229401,0
8744,0058,2,2026-06-14 07:53:50,0.1896340216724596,0
8745,0619,2,2026-06-14 07:53:50,0.6787977918626048,0
8746,0652,2,2026-06-14 07:53:50,0.8509507258229401,0
8747,0058,2,2026-06-14 07:54:00,0.1896340216724596,0
8748,0652,2,2026-06-14 07:54:00,0.8509507258229401,0
8749,0417,2,2026-06-14 07:54:10,0.0608260069515437,0
8750,0652,2,2026-06-14 07:54:10,0.8509507258229401,0
8751,0417,2,2026-06-14 07:54:20,0.0608260069515437,0
8752,0484,2,2026-06-14 07:54:20,0.8509507258229401,0
8753,0652,2,2026-06-14 07:54:20,0.8509507258229401,0
8754,0417,2,2026-06-14 07:54:30,0.0608260069515437,0
8755,0484,2,2026-06-14 07:54:30,0.8509507258229401,0
8756,0652,2,2026-06-14 07:54:30,0.8509507258229401,0
8757,0484,2,2026-06-14 07:54:40,0.8509507258229401,0
8758,0652,2,2026-06-14 07:54:40,0.8509507258229401,0
8759,0484,2,2026-06-14 07:54:50,0.8509507258229401,0
8760,0652,2,2026-06-14 07:54:50,0.8509507258229401,0
8761,0484,2,2026-06-14 07:55:00,0.8509507258229401,0
8762,0484,2,2026-06-14 07:55:10,0.8509507258229401,0
8763,0484,2,2026-06-14 07:55:20,0.8509507258229401,0
8764,0966,2,2026-06-14 07:55:20,1.0000000000000000,0
8765,0484,2,2026-06-14 07:55:30,0.8509507258229401,0
8766,0966,2,2026-06-14 07:55:30,1.0000000000000000,0
8767,0484,2,2026-06-14 07:55:40,0.8509507258229401,0
8768,0966,2,2026-06-14 07:55:40,1.0000000000000000,0
8769,0484,2,2026-06-14 07:55:50,0.8509507258229401,0
8770,0966,2,2026-06-14 07:55:50,1.0000000000000000,0
8771,0484,2,2026-06-14 07:56:00,0.8509507258229401,0
8772,0966,2,2026-06-14 07:56:00,1.0000000000000000,0
8773,0484,2,2026-06-14 07:56:10,0.8509507258229401,0
8774,0966,2,2026-06-14 07:56:10,1.0000000000000000,0
8775,0539,2,2026-06-14 07:56:20,0.6787977918626048,0
8776,0966,2,2026-06-14 07:56:20,1.0000000000000000,0
8777,0539,2,2026-06-14 07:56:30,0.6787977918626048,0
8778,0966,2,2026-06-14 07:56:30,1.0000000000000000,0
8779,0539,2,2026-06-14 07:56:40,0.6787977918626048,0
8780,0966,2,2026-06-14 07:56:40,1.0000000000000000,0
8781,0539,2,2026-06-14 07:56:50,0.6787977918626048,0
8782,0966,2,2026-06-14 07:56:50,1.0000000000000000,0
8783,0539,2,2026-06-14 07:57:00,0.6787977918626048,0
8784,0539,2,2026-06-14 07:57:10,0.6787977918626048,0
8785,0539,2,2026-06-14 07:57:20,0.6787977918626048,0
8786,0001,2,2026-06-14 07:57:50,0.1896340216724596,0
8787,0018,2,2026-06-14 07:57:50,0.1896340216724596,0
8788,0023,2,2026-06-14 07:57:50,0.8509507258229401,0
8789,0042,2,2026-06-14 07:57:50,0.7822531179717849,0
8790,0050,2,2026-06-14 07:57:50,0.4595174810877121,0
8791,0070,2,2026-06-14 07:57:50,0.5396646902473932,0
8792,0073,2,2026-06-14 07:57:50,0.1896340216724596,0
8793,0081,2,2026-06-14 07:57:50,0.3692496421999591,0
8794,0085,2,2026-06-14 07:57:50,0.3692496421999591,0
8795,0088,2,2026-06-14 07:57:50,0.8509507258229401,0
8796,0092,2,2026-06-14 07:57:50,0.4595174810877121,0
8797,0096,2,2026-06-14 07:57:50,0.6026374974442854,0
8798,0105,2,2026-06-14 07:57:50,0.6787977918626048,0
8799,0109,2,2026-06-14 07:57:50,0.6787977918626048,0
8800,0127,2,2026-06-14 07:57:50,0.1896340216724596,0
8801,0162,2,2026-06-14 07:57:50,0.4595174810877121,0
8802,0187,2,2026-06-14 07:57:50,0.0608260069515437,0
8803,0204,2,2026-06-14 07:57:50,0.7822531179717849,0
8804,0208,2,2026-06-14 07:57:50,0.4595174810877121,0
8805,0238,2,2026-06-14 07:57:50,0.1247188713964424,0
8806,0240,2,2026-06-14 07:57:50,0.9248619914127990,0
8807,0258,2,2026-06-14 07:57:50,0.0608260069515437,0
8808,0294,2,2026-06-14 07:57:50,0.8509507258229401,0
8809,0298,2,2026-06-14 07:57:50,0.8509507258229401,0
8810,0327,2,2026-06-14 07:57:50,0.6787977918626048,0
8811,0363,2,2026-06-14 07:57:50,0.1247188713964424,0
8812,0364,2,2026-06-14 07:57:50,0.5396646902473932,0
8813,0377,2,2026-06-14 07:57:50,0.6787977918626048,0
8814,0395,2,2026-06-14 07:57:50,0.5396646902473932,0
8815,0396,2,2026-06-14 07:57:50,0.7822531179717849,0
8816,0399,2,2026-06-14 07:57:50,0.1247188713964424,0
8817,0416,2,2026-06-14 07:57:50,0.8509507258229401,0
8818,0436,2,2026-06-14 07:57:50,0.8509507258229401,0
8819,0437,2,2026-06-14 07:57:50,0.0608260069515437,0
8820,0453,2,2026-06-14 07:57:50,0.1247188713964424,0
8821,0489,2,2026-06-14 07:57:50,1.0000000000000000,1
8822,0494,2,2026-06-14 07:57:50,1.0000000000000000,0
8823,0498,2,2026-06-14 07:57:50,0.2789818033122061,0
8824,0516,2,2026-06-14 07:57:50,0.1247188713964424,0
8825,0519,2,2026-06-14 07:57:50,0.9248619914127990,0
8826,0525,2,2026-06-14 07:57:50,0.3692496421999591,0
8827,0527,2,2026-06-14 07:57:50,0.7822531179717849,0
8828,0541,2,2026-06-14 07:57:50,0.6026374974442854,0
8829,0544,2,2026-06-14 07:57:50,1.0000000000000000,0
8830,0553,2,2026-06-14 07:57:50,0.1247188713964424,0
8831,0554,2,2026-06-14 07:57:50,0.5396646902473932,0
8832,0564,2,2026-06-14 07:57:50,0.4595174810877121,0
8833,0565,2,2026-06-14 07:57:50,0.2789818033122061,0
8834,0578,2,2026-06-14 07:57:50,0.5396646902473932,0
8835,0609,2,2026-06-14 07:57:50,0.6026374974442854,0
8836,0617,2,2026-06-14 07:57:50,0.7822531179717849,0
8837,0625,2,2026-06-14 07:57:50,0.6026374974442854,0
8838,0646,2,2026-06-14 07:57:50,1.0000000000000000,0
8839,0663,2,2026-06-14 07:57:50,0.7822531179717849,0
8840,0673,2,2026-06-14 07:57:50,0.7822531179717849,0
8841,0674,2,2026-06-14 07:57:50,0.6026374974442854,0
8842,0685,2,2026-06-14 07:57:50,0.1896340216724596,0
8843,0687,2,2026-06-14 07:57:50,0.3692496421999591,0
8844,0697,2,2026-06-14 07:57:50,0.2789818033122061,0
8845,0707,2,2026-06-14 07:57:50,0.9248619914127990,0
8846,0708,2,2026-06-14 07:57:50,0.8509507258229401,0
8847,0729,2,2026-06-14 07:57:50,0.1896340216724596,0
8848,0743,2,2026-06-14 07:57:50,0.3692496421999591,0
8849,0744,2,2026-06-14 07:57:50,0.9248619914127990,0
8850,0764,2,2026-06-14 07:57:50,0.6787977918626048,0
8851,0782,2,2026-06-14 07:57:50,0.2789818033122061,0
8852,0804,2,2026-06-14 07:57:50,0.8509507258229401,0
8853,0810,2,2026-06-14 07:57:50,0.7822531179717849,0
8854,0815,2,2026-06-14 07:57:50,0.6787977918626048,0
8855,0833,2,2026-06-14 07:57:50,0.7822531179717849,0
8856,0845,2,2026-06-14 07:57:50,0.4595174810877121,0
8857,0883,2,2026-06-14 07:57:50,0.9248619914127990,0
8858,0886,2,2026-06-14 07:57:50,0.9248619914127990,0
8859,0887,2,2026-06-14 07:57:50,0.0608260069515437,0
8860,0895,2,2026-06-14 07:57:50,1.0000000000000000,0
8861,0898,2,2026-06-14 07:57:50,0.8509507258229401,0
8862,0902,2,2026-06-14 07:57:50,0.4595174810877121,0
8863,0907,2,2026-06-14 07:57:50,0.6026374974442854,0
8864,0916,2,2026-06-14 07:57:50,0.8509507258229401,0
8865,0919,2,2026-06-14 07:57:50,0.6787977918626048,0
8866,0933,2,2026-06-14 07:57:50,0.3692496421999591,0
8867,0934,2,2026-06-14 07:57:50,0.1247188713964424,0
8868,0970,2,2026-06-14 07:57:50,0.1247188713964424,0
8869,0972,2,2026-06-14 07:57:50,0.5396646902473932,0
8870,0976,2,2026-06-14 07:57:50,0.6787977918626048,0
8871,0980,2,2026-06-14 07:57:50,0.3692496421999591,0
8872,0987,2,2026-06-14 07:57:50,1.0000000000000000,0
8873,0990,2,2026-06-14 07:57:50,0.7822531179717849,0
8874,0001,2,2026-06-14 07:58:00,0.1896340216724596,0
8875,0003,2,2026-06-14 07:58:00,0.5396646902473932,0
8876,0018,2,2026-06-14 07:58:00,0.1896340216724596,0
8877,0021,2,2026-06-14 07:58:00,0.8509507258229401,0
8878,0023,2,2026-06-14 07:58:00,0.8509507258229401,0
8879,0042,2,2026-06-14 07:58:00,0.7822531179717849,0
8880,0050,2,2026-06-14 07:58:00,0.4595174810877121,0
8881,0060,2,2026-06-14 07:58:00,0.0608260069515437,0
8882,0062,2,2026-06-14 07:58:00,0.5396646902473932,0
8883,0070,2,2026-06-14 07:58:00,0.5396646902473932,0
8884,0073,2,2026-06-14 07:58:00,0.1896340216724596,0
8885,0081,2,2026-06-14 07:58:00,0.3692496421999591,0
8886,0085,2,2026-06-14 07:58:00,0.3692496421999591,0
8887,0088,2,2026-06-14 07:58:00,0.8509507258229401,0
8888,0092,2,2026-06-14 07:58:00,0.4595174810877121,0
8889,0096,2,2026-06-14 07:58:00,0.6026374974442854,0
8890,0105,2,2026-06-14 07:58:00,0.6787977918626048,0
8891,0107,2,2026-06-14 07:58:00,0.0608260069515437,0
8892,0109,2,2026-06-14 07:58:00,0.6787977918626048,0
8893,0111,2,2026-06-14 07:58:00,1.0000000000000000,0
8894,0127,2,2026-06-14 07:58:00,0.1896340216724596,0
8895,0145,2,2026-06-14 07:58:00,1.0000000000000000,0
8896,0162,2,2026-06-14 07:58:00,0.4595174810877121,0
8897,0176,2,2026-06-14 07:58:00,0.1896340216724596,0
8898,0186,2,2026-06-14 07:58:00,0.3692496421999591,0
8899,0187,2,2026-06-14 07:58:00,0.0608260069515437,0
8900,0197,2,2026-06-14 07:58:00,1.0000000000000000,0
8901,0204,2,2026-06-14 07:58:00,0.7822531179717849,0
8902,0208,2,2026-06-14 07:58:00,0.4595174810877121,0
8903,0210,2,2026-06-14 07:58:00,0.4595174810877121,0
8904,0217,2,2026-06-14 07:58:00,0.1247188713964424,0
8905,0225,2,2026-06-14 07:58:00,0.8509507258229401,0
8906,0238,2,2026-06-14 07:58:00,0.1247188713964424,0
8907,0240,2,2026-06-14 07:58:00,0.9248619914127990,0
8908,0245,2,2026-06-14 07:58:00,0.1247188713964424,0
8909,0251,2,2026-06-14 07:58:00,0.4595174810877121,0
8910,0258,2,2026-06-14 07:58:00,0.0608260069515437,0
8911,0294,2,2026-06-14 07:58:00,0.8509507258229401,0
8912,0298,2,2026-06-14 07:58:00,0.8509507258229401,0
8913,0327,2,2026-06-14 07:58:00,0.6787977918626048,0
8914,0336,2,2026-06-14 07:58:00,0.2789818033122061,0
8915,0363,2,2026-06-14 07:58:00,0.1247188713964424,0
8916,0364,2,2026-06-14 07:58:00,0.5396646902473932,0
8917,0367,2,2026-06-14 07:58:00,0.6026374974442854,0
8918,0377,2,2026-06-14 07:58:00,0.6787977918626048,0
8919,0395,2,2026-06-14 07:58:00,0.5396646902473932,0
8920,0396,2,2026-06-14 07:58:00,0.7822531179717849,0
8921,0399,2,2026-06-14 07:58:00,0.1247188713964424,0
8922,0416,2,2026-06-14 07:58:00,0.8509507258229401,0
8923,0418,2,2026-06-14 07:58:00,0.0608260069515437,0
8924,0436,2,2026-06-14 07:58:00,0.8509507258229401,0
8925,0437,2,2026-06-14 07:58:00,0.0608260069515437,0
8926,0439,2,2026-06-14 07:58:00,0.7822531179717849,0
8927,0448,2,2026-06-14 07:58:00,0.5396646902473932,0
8928,0450,2,2026-06-14 07:58:00,0.2789818033122061,0
8929,0453,2,2026-06-14 07:58:00,0.1247188713964424,0
8930,0454,2,2026-06-14 07:58:00,0.8509507258229401,0
8931,0456,2,2026-06-14 07:58:00,0.7822531179717849,0
8932,0461,2,2026-06-14 07:58:00,0.1247188713964424,0
8933,0489,2,2026-06-14 07:58:00,1.0000000000000000,0
8934,0494,2,2026-06-14 07:58:00,1.0000000000000000,0
8935,0498,2,2026-06-14 07:58:00,0.2789818033122061,0
8936,0516,2,2026-06-14 07:58:00,0.1247188713964424,0
8937,0519,2,2026-06-14 07:58:00,0.9248619914127990,0
8938,0524,2,2026-06-14 07:58:00,0.5396646902473932,0
8939,0525,2,2026-06-14 07:58:00,0.3692496421999591,0
8940,0527,2,2026-06-14 07:58:00,0.7822531179717849,0
8941,0541,2,2026-06-14 07:58:00,0.6026374974442854,0
8942,0544,2,2026-06-14 07:58:00,1.0000000000000000,1
8943,0551,2,2026-06-14 07:58:00,0.1247188713964424,0
8944,0553,2,2026-06-14 07:58:00,0.1247188713964424,0
8945,0554,2,2026-06-14 07:58:00,0.5396646902473932,0
8946,0563,2,2026-06-14 07:58:00,0.9248619914127990,0
8947,0564,2,2026-06-14 07:58:00,0.4595174810877121,0
8948,0565,2,2026-06-14 07:58:00,0.2789818033122061,0
8949,0578,2,2026-06-14 07:58:00,0.5396646902473932,0
8950,0584,2,2026-06-14 07:58:00,0.2789818033122061,0
8951,0591,2,2026-06-14 07:58:00,0.4595174810877121,0
8952,0604,2,2026-06-14 07:58:00,0.5396646902473932,0
8953,0609,2,2026-06-14 07:58:00,0.6026374974442854,0
8954,0617,2,2026-06-14 07:58:00,0.7822531179717849,0
8955,0625,2,2026-06-14 07:58:00,0.6026374974442854,0
8956,0645,2,2026-06-14 07:58:00,0.8509507258229401,0
8957,0646,2,2026-06-14 07:58:00,1.0000000000000000,0
8958,0659,2,2026-06-14 07:58:00,0.9248619914127990,0
8959,0663,2,2026-06-14 07:58:00,0.7822531179717849,0
8960,0669,2,2026-06-14 07:58:00,0.0608260069515437,0
8961,0672,2,2026-06-14 07:58:00,0.2789818033122061,0
8962,0673,2,2026-06-14 07:58:00,0.7822531179717849,0
8963,0674,2,2026-06-14 07:58:00,0.6026374974442854,0
8964,0685,2,2026-06-14 07:58:00,0.1896340216724596,0
8965,0687,2,2026-06-14 07:58:00,0.3692496421999591,0
8966,0697,2,2026-06-14 07:58:00,0.2789818033122061,0
8967,0702,2,2026-06-14 07:58:00,0.2789818033122061,0
8968,0707,2,2026-06-14 07:58:00,0.9248619914127990,0
8969,0708,2,2026-06-14 07:58:00,0.8509507258229401,0
8970,0722,2,2026-06-14 07:58:00,0.3692496421999591,0
8971,0723,2,2026-06-14 07:58:00,0.6787977918626048,0
8972,0725,2,2026-06-14 07:58:00,0.3692496421999591,0
8973,0728,2,2026-06-14 07:58:00,0.1247188713964424,0
8974,0729,2,2026-06-14 07:58:00,0.1896340216724596,0
8975,0743,2,2026-06-14 07:58:00,0.3692496421999591,0
8976,0744,2,2026-06-14 07:58:00,0.9248619914127990,0
8977,0764,2,2026-06-14 07:58:00,0.6787977918626048,0
8978,0765,2,2026-06-14 07:58:00,0.9248619914127990,0
8979,0768,2,2026-06-14 07:58:00,0.1247188713964424,0
8980,0782,2,2026-06-14 07:58:00,0.2789818033122061,0
8981,0785,2,2026-06-14 07:58:00,0.0608260069515437,0
8982,0804,2,2026-06-14 07:58:00,0.8509507258229401,0
8983,0810,2,2026-06-14 07:58:00,0.7822531179717849,0
8984,0815,2,2026-06-14 07:58:00,0.6787977918626048,0
8985,0818,2,2026-06-14 07:58:00,0.6787977918626048,0
8986,0828,2,2026-06-14 07:58:00,0.7822531179717849,0
8987,0833,2,2026-06-14 07:58:00,0.7822531179717849,0
8988,0845,2,2026-06-14 07:58:00,0.4595174810877121,0
8989,0861,2,2026-06-14 07:58:00,0.5396646902473932,0
8990,0873,2,2026-06-14 07:58:00,0.1896340216724596,0
8991,0875,2,2026-06-14 07:58:00,0.2789818033122061,0
8992,0877,2,2026-06-14 07:58:00,0.2789818033122061,0
8993,0883,2,2026-06-14 07:58:00,0.9248619914127990,0
8994,0886,2,2026-06-14 07:58:00,0.9248619914127990,0
8995,0887,2,2026-06-14 07:58:00,0.0608260069515437,0
8996,0893,2,2026-06-14 07:58:00,0.7822531179717849,0
8997,0895,2,2026-06-14 07:58:00,1.0000000000000000,0
8998,0898,2,2026-06-14 07:58:00,0.8509507258229401,0
8999,0902,2,2026-06-14 07:58:00,0.4595174810877121,0
9000,0907,2,2026-06-14 07:58:00,0.6026374974442854,0
9001,0916,2,2026-06-14 07:58:00,0.8509507258229401,0
9002,0919,2,2026-06-14 07:58:00,0.6787977918626048,0
9003,0928,2,2026-06-14 07:58:00,0.9248619914127990,0
9004,0929,2,2026-06-14 07:58:00,0.7822531179717849,0
9005,0933,2,2026-06-14 07:58:00,0.3692496421999591,0
9006,0934,2,2026-06-14 07:58:00,0.1247188713964424,0
9007,0970,2,2026-06-14 07:58:00,0.1247188713964424,0
9008,0972,2,2026-06-14 07:58:00,0.5396646902473932,0
9009,0976,2,2026-06-14 07:58:00,0.6787977918626048,0
9010,0980,2,2026-06-14 07:58:00,0.3692496421999591,0
9011,0987,2,2026-06-14 07:58:00,1.0000000000000000,0
9012,0990,2,2026-06-14 07:58:00,0.7822531179717849,0
9013,0001,2,2026-06-14 07:58:10,0.1896340216724596,0
9014,0003,2,2026-06-14 07:58:10,0.5396646902473932,0
9015,0018,2,2026-06-14 07:58:10,0.1896340216724596,0
9016,0021,2,2026-06-14 07:58:10,0.8509507258229401,0
9017,0023,2,2026-06-14 07:58:10,0.8509507258229401,0
9018,0042,2,2026-06-14 07:58:10,0.7822531179717849,0
9019,0050,2,2026-06-14 07:58:10,0.4595174810877121,0
9020,0060,2,2026-06-14 07:58:10,0.0608260069515437,0
9021,0062,2,2026-06-14 07:58:10,0.5396646902473932,0
9022,0070,2,2026-06-14 07:58:10,0.5396646902473932,0
9023,0073,2,2026-06-14 07:58:10,0.1896340216724596,0
9024,0081,2,2026-06-14 07:58:10,0.3692496421999591,0
9025,0085,2,2026-06-14 07:58:10,0.3692496421999591,0
9026,0088,2,2026-06-14 07:58:10,0.8509507258229401,0
9027,0092,2,2026-06-14 07:58:10,0.4595174810877121,0
9028,0096,2,2026-06-14 07:58:10,0.6026374974442854,0
9029,0105,2,2026-06-14 07:58:10,0.6787977918626048,0
9030,0107,2,2026-06-14 07:58:10,0.0608260069515437,0
9031,0109,2,2026-06-14 07:58:10,0.6787977918626048,0
9032,0111,2,2026-06-14 07:58:10,1.0000000000000000,0
9033,0127,2,2026-06-14 07:58:10,0.1896340216724596,0
9034,0145,2,2026-06-14 07:58:10,1.0000000000000000,0
9035,0162,2,2026-06-14 07:58:10,0.4595174810877121,0
9036,0176,2,2026-06-14 07:58:10,0.1896340216724596,0
9037,0186,2,2026-06-14 07:58:10,0.3692496421999591,0
9038,0187,2,2026-06-14 07:58:10,0.0608260069515437,0
9039,0197,2,2026-06-14 07:58:10,1.0000000000000000,0
9040,0204,2,2026-06-14 07:58:10,0.7822531179717849,0
9041,0208,2,2026-06-14 07:58:10,0.4595174810877121,0
9042,0210,2,2026-06-14 07:58:10,0.4595174810877121,0
9043,0217,2,2026-06-14 07:58:10,0.1247188713964424,0
9044,0225,2,2026-06-14 07:58:10,0.8509507258229401,0
9045,0238,2,2026-06-14 07:58:10,0.1247188713964424,0
9046,0240,2,2026-06-14 07:58:10,0.9248619914127990,0
9047,0245,2,2026-06-14 07:58:10,0.1247188713964424,0
9048,0251,2,2026-06-14 07:58:10,0.4595174810877121,0
9049,0258,2,2026-06-14 07:58:10,0.0608260069515437,0
9050,0294,2,2026-06-14 07:58:10,0.8509507258229401,0
9051,0298,2,2026-06-14 07:58:10,0.8509507258229401,0
9052,0327,2,2026-06-14 07:58:10,0.6787977918626048,0
9053,0336,2,2026-06-14 07:58:10,0.2789818033122061,0
9054,0363,2,2026-06-14 07:58:10,0.1247188713964424,0
9055,0364,2,2026-06-14 07:58:10,0.5396646902473932,0
9056,0367,2,2026-06-14 07:58:10,0.6026374974442854,0
9057,0377,2,2026-06-14 07:58:10,0.6787977918626048,0
9058,0395,2,2026-06-14 07:58:10,0.5396646902473932,0
9059,0396,2,2026-06-14 07:58:10,0.7822531179717849,0
9060,0399,2,2026-06-14 07:58:10,0.1247188713964424,0
9061,0416,2,2026-06-14 07:58:10,0.8509507258229401,0
9062,0418,2,2026-06-14 07:58:10,0.0608260069515437,0
9063,0436,2,2026-06-14 07:58:10,0.8509507258229401,0
9064,0437,2,2026-06-14 07:58:10,0.0608260069515437,0
9065,0439,2,2026-06-14 07:58:10,0.7822531179717849,0
9066,0448,2,2026-06-14 07:58:10,0.5396646902473932,0
9067,0450,2,2026-06-14 07:58:10,0.2789818033122061,0
9068,0453,2,2026-06-14 07:58:10,0.1247188713964424,0
9069,0454,2,2026-06-14 07:58:10,0.8509507258229401,0
9070,0456,2,2026-06-14 07:58:10,0.7822531179717849,0
9071,0461,2,2026-06-14 07:58:10,0.1247188713964424,0
9072,0489,2,2026-06-14 07:58:10,1.0000000000000000,0
9073,0494,2,2026-06-14 07:58:10,1.0000000000000000,0
9074,0498,2,2026-06-14 07:58:10,0.2789818033122061,0
9075,0516,2,2026-06-14 07:58:10,0.1247188713964424,0
9076,0519,2,2026-06-14 07:58:10,0.9248619914127990,0
9077,0524,2,2026-06-14 07:58:10,0.5396646902473932,0
9078,0525,2,2026-06-14 07:58:10,0.3692496421999591,0
9079,0527,2,2026-06-14 07:58:10,0.7822531179717849,0
9080,0541,2,2026-06-14 07:58:10,0.6026374974442854,0
9081,0544,2,2026-06-14 07:58:10,1.0000000000000000,0
9082,0551,2,2026-06-14 07:58:10,0.1247188713964424,0
9083,0553,2,2026-06-14 07:58:10,0.1247188713964424,0
9084,0554,2,2026-06-14 07:58:10,0.5396646902473932,0
9085,0563,2,2026-06-14 07:58:10,0.9248619914127990,0
9086,0564,2,2026-06-14 07:58:10,0.4595174810877121,0
9087,0565,2,2026-06-14 07:58:10,0.2789818033122061,0
9088,0578,2,2026-06-14 07:58:10,0.5396646902473932,0
9089,0584,2,2026-06-14 07:58:10,0.2789818033122061,0
9090,0591,2,2026-06-14 07:58:10,0.4595174810877121,0
9091,0604,2,2026-06-14 07:58:10,0.5396646902473932,0
9092,0609,2,2026-06-14 07:58:10,0.6026374974442854,0
9093,0617,2,2026-06-14 07:58:10,0.7822531179717849,0
9094,0625,2,2026-06-14 07:58:10,0.6026374974442854,0
9095,0645,2,2026-06-14 07:58:10,0.8509507258229401,0
9096,0646,2,2026-06-14 07:58:10,1.0000000000000000,0
9097,0659,2,2026-06-14 07:58:10,0.9248619914127990,0
9098,0663,2,2026-06-14 07:58:10,0.7822531179717849,0
9099,0669,2,2026-06-14 07:58:10,0.0608260069515437,0
9100,0672,2,2026-06-14 07:58:10,0.2789818033122061,0
9101,0673,2,2026-06-14 07:58:10,0.7822531179717849,0
9102,0674,2,2026-06-14 07:58:10,0.6026374974442854,0
9103,0685,2,2026-06-14 07:58:10,0.1896340216724596,0
9104,0687,2,2026-06-14 07:58:10,0.3692496421999591,0
9105,0697,2,2026-06-14 07:58:10,0.2789818033122061,0
9106,0702,2,2026-06-14 07:58:10,0.2789818033122061,0
9107,0707,2,2026-06-14 07:58:10,0.9248619914127990,0
9108,0708,2,2026-06-14 07:58:10,0.8509507258229401,0
9109,0722,2,2026-06-14 07:58:10,0.3692496421999591,0
9110,0723,2,2026-06-14 07:58:10,0.6787977918626048,0
9111,0725,2,2026-06-14 07:58:10,0.3692496421999591,0
9112,0728,2,2026-06-14 07:58:10,0.1247188713964424,0
9113,0729,2,2026-06-14 07:58:10,0.1896340216724596,0
9114,0743,2,2026-06-14 07:58:10,0.3692496421999591,0
9115,0744,2,2026-06-14 07:58:10,0.9248619914127990,0
9116,0764,2,2026-06-14 07:58:10,0.6787977918626048,0
9117,0765,2,2026-06-14 07:58:10,0.9248619914127990,0
9118,0768,2,2026-06-14 07:58:10,0.1247188713964424,0
9119,0782,2,2026-06-14 07:58:10,0.2789818033122061,0
9120,0785,2,2026-06-14 07:58:10,0.0608260069515437,0
9121,0804,2,2026-06-14 07:58:10,0.8509507258229401,0
9122,0810,2,2026-06-14 07:58:10,0.7822531179717849,0
9123,0815,2,2026-06-14 07:58:10,0.6787977918626048,0
9124,0818,2,2026-06-14 07:58:10,0.6787977918626048,0
9125,0828,2,2026-06-14 07:58:10,0.7822531179717849,0
9126,0833,2,2026-06-14 07:58:10,0.7822531179717849,0
9127,0845,2,2026-06-14 07:58:10,0.4595174810877121,0
9128,0861,2,2026-06-14 07:58:10,0.5396646902473932,0
9129,0873,2,2026-06-14 07:58:10,0.1896340216724596,0
9130,0875,2,2026-06-14 07:58:10,0.2789818033122061,0
9131,0877,2,2026-06-14 07:58:10,0.2789818033122061,0
9132,0883,2,2026-06-14 07:58:10,0.9248619914127990,0
9133,0886,2,2026-06-14 07:58:10,0.9248619914127990,0
9134,0887,2,2026-06-14 07:58:10,0.0608260069515437,0
9135,0893,2,2026-06-14 07:58:10,0.7822531179717849,0
9136,0895,2,2026-06-14 07:58:10,1.0000000000000000,0
9137,0898,2,2026-06-14 07:58:10,0.8509507258229401,0
9138,0902,2,2026-06-14 07:58:10,0.4595174810877121,0
9139,0907,2,2026-06-14 07:58:10,0.6026374974442854,0
9140,0916,2,2026-06-14 07:58:10,0.8509507258229401,0
9141,0919,2,2026-06-14 07:58:10,0.6787977918626048,0
9142,0928,2,2026-06-14 07:58:10,0.9248619914127990,0
9143,0929,2,2026-06-14 07:58:10,0.7822531179717849,0
9144,0933,2,2026-06-14 07:58:10,0.3692496421999591,0
9145,0934,2,2026-06-14 07:58:10,0.1247188713964424,0
9146,0970,2,2026-06-14 07:58:10,0.1247188713964424,0
9147,0972,2,2026-06-14 07:58:10,0.5396646902473932,0
9148,0976,2,2026-06-14 07:58:10,0.6787977918626048,0
9149,0980,2,2026-06-14 07:58:10,0.3692496421999591,0
9150,0987,2,2026-06-14 07:58:10,1.0000000000000000,0
9151,0990,2,2026-06-14 07:58:10,0.7822531179717849,0
9152,0001,2,2026-06-14 07:58:20,0.1896340216724596,0
9153,0003,2,2026-06-14 07:58:20,0.5396646902473932,0
9154,0018,2,2026-06-14 07:58:20,0.1896340216724596,0
9155,0021,2,2026-06-14 07:58:20,0.8509507258229401,0
9156,0023,2,2026-06-14 07:58:20,0.8509507258229401,0
9157,0042,2,2026-06-14 07:58:20,0.7822531179717849,0
9158,0050,2,2026-06-14 07:58:20,0.4595174810877121,0
9159,0060,2,2026-06-14 07:58:20,0.0608260069515437,0
9160,0062,2,2026-06-14 07:58:20,0.5396646902473932,0
9161,0070,2,2026-06-14 07:58:20,0.5396646902473932,0
9162,0073,2,2026-06-14 07:58:20,0.1896340216724596,0
9163,0081,2,2026-06-14 07:58:20,0.3692496421999591,0
9164,0085,2,2026-06-14 07:58:20,0.3692496421999591,0
9165,0088,2,2026-06-14 07:58:20,0.8509507258229401,0
9166,0092,2,2026-06-14 07:58:20,0.4595174810877121,0
9167,0096,2,2026-06-14 07:58:20,0.6026374974442854,0
9168,0105,2,2026-06-14 07:58:20,0.6787977918626048,0
9169,0107,2,2026-06-14 07:58:20,0.0608260069515437,0
9170,0109,2,2026-06-14 07:58:20,0.6787977918626048,0
9171,0111,2,2026-06-14 07:58:20,1.0000000000000000,0
9172,0127,2,2026-06-14 07:58:20,0.1896340216724596,0
9173,0145,2,2026-06-14 07:58:20,1.0000000000000000,0
9174,0162,2,2026-06-14 07:58:20,0.4595174810877121,0
9175,0176,2,2026-06-14 07:58:20,0.1896340216724596,0
9176,0186,2,2026-06-14 07:58:20,0.3692496421999591,0
9177,0187,2,2026-06-14 07:58:20,0.0608260069515437,0
9178,0197,2,2026-06-14 07:58:20,1.0000000000000000,0
9179,0204,2,2026-06-14 07:58:20,0.7822531179717849,0
9180,0208,2,2026-06-14 07:58:20,0.4595174810877121,0
9181,0210,2,2026-06-14 07:58:20,0.4595174810877121,0
9182,0217,2,2026-06-14 07:58:20,0.1247188713964424,0
9183,0225,2,2026-06-14 07:58:20,0.8509507258229401,0
9184,0238,2,2026-06-14 07:58:20,0.1247188713964424,0
9185,0240,2,2026-06-14 07:58:20,0.9248619914127990,0
9186,0245,2,2026-06-14 07:58:20,0.1247188713964424,0
9187,0251,2,2026-06-14 07:58:20,0.4595174810877121,0
9188,0258,2,2026-06-14 07:58:20,0.0608260069515437,0
9189,0294,2,2026-06-14 07:58:20,0.8509507258229401,0
9190,0298,2,2026-06-14 07:58:20,0.8509507258229401,0
9191,0327,2,2026-06-14 07:58:20,0.6787977918626048,0
9192,0336,2,2026-06-14 07:58:20,0.2789818033122061,0
9193,0363,2,2026-06-14 07:58:20,0.1247188713964424,0
9194,0364,2,2026-06-14 07:58:20,0.5396646902473932,0
9195,0367,2,2026-06-14 07:58:20,0.6026374974442854,0
9196,0377,2,2026-06-14 07:58:20,0.6787977918626048,0
9197,0395,2,2026-06-14 07:58:20,0.5396646902473932,0
9198,0396,2,2026-06-14 07:58:20,0.7822531179717849,0
9199,0399,2,2026-06-14 07:58:20,0.1247188713964424,0
9200,0416,2,2026-06-14 07:58:20,0.8509507258229401,0
9201,0418,2,2026-06-14 07:58:20,0.0608260069515437,0
9202,0436,2,2026-06-14 07:58:20,0.8509507258229401,0
9203,0437,2,2026-06-14 07:58:20,0.0608260069515437,0
9204,0439,2,2026-06-14 07:58:20,0.7822531179717849,0
9205,0448,2,2026-06-14 07:58:20,0.5396646902473932,0
9206,0450,2,2026-06-14 07:58:20,0.2789818033122061,0
9207,0453,2,2026-06-14 07:58:20,0.1247188713964424,0
9208,0454,2,2026-06-14 07:58:20,0.8509507258229401,0
9209,0456,2,2026-06-14 07:58:20,0.7822531179717849,0
9210,0461,2,2026-06-14 07:58:20,0.1247188713964424,0
9211,0489,2,2026-06-14 07:58:20,1.0000000000000000,1
9212,0494,2,2026-06-14 07:58:20,1.0000000000000000,0
9213,0498,2,2026-06-14 07:58:20,0.2789818033122061,0
9214,0516,2,2026-06-14 07:58:20,0.1247188713964424,0
9215,0519,2,2026-06-14 07:58:20,0.9248619914127990,0
9216,0524,2,2026-06-14 07:58:20,0.5396646902473932,0
9217,0525,2,2026-06-14 07:58:20,0.3692496421999591,0
9218,0527,2,2026-06-14 07:58:20,0.7822531179717849,0
9219,0541,2,2026-06-14 07:58:20,0.6026374974442854,0
9220,0544,2,2026-06-14 07:58:20,1.0000000000000000,0
9221,0551,2,2026-06-14 07:58:20,0.1247188713964424,0
9222,0553,2,2026-06-14 07:58:20,0.1247188713964424,0
9223,0554,2,2026-06-14 07:58:20,0.5396646902473932,0
9224,0563,2,2026-06-14 07:58:20,0.9248619914127990,0
9225,0564,2,2026-06-14 07:58:20,0.4595174810877121,0
9226,0565,2,2026-06-14 07:58:20,0.2789818033122061,0
9227,0578,2,2026-06-14 07:58:20,0.5396646902473932,0
9228,0584,2,2026-06-14 07:58:20,0.2789818033122061,0
9229,0591,2,2026-06-14 07:58:20,0.4595174810877121,0
9230,0604,2,2026-06-14 07:58:20,0.5396646902473932,0
9231,0609,2,2026-06-14 07:58:20,0.6026374974442854,0
9232,0617,2,2026-06-14 07:58:20,0.7822531179717849,0
9233,0625,2,2026-06-14 07:58:20,0.6026374974442854,0
9234,0645,2,2026-06-14 07:58:20,0.8509507258229401,0
9235,0646,2,2026-06-14 07:58:20,1.0000000000000000,0
9236,0659,2,2026-06-14 07:58:20,0.9248619914127990,0
9237,0663,2,2026-06-14 07:58:20,0.7822531179717849,0
9238,0669,2,2026-06-14 07:58:20,0.0608260069515437,0
9239,0672,2,2026-06-14 07:58:20,0.2789818033122061,0
9240,0673,2,2026-06-14 07:58:20,0.7822531179717849,0
9241,0674,2,2026-06-14 07:58:20,0.6026374974442854,0
9242,0685,2,2026-06-14 07:58:20,0.1896340216724596,0
9243,0687,2,2026-06-14 07:58:20,0.3692496421999591,0
9244,0697,2,2026-06-14 07:58:20,0.2789818033122061,0
9245,0702,2,2026-06-14 07:58:20,0.2789818033122061,0
9246,0707,2,2026-06-14 07:58:20,0.9248619914127990,0
9247,0708,2,2026-06-14 07:58:20,0.8509507258229401,0
9248,0722,2,2026-06-14 07:58:20,0.3692496421999591,0
9249,0723,2,2026-06-14 07:58:20,0.6787977918626048,0
9250,0725,2,2026-06-14 07:58:20,0.3692496421999591,0
9251,0728,2,2026-06-14 07:58:20,0.1247188713964424,0
9252,0729,2,2026-06-14 07:58:20,0.1896340216724596,0
9253,0743,2,2026-06-14 07:58:20,0.3692496421999591,0
9254,0744,2,2026-06-14 07:58:20,0.9248619914127990,0
9255,0764,2,2026-06-14 07:58:20,0.6787977918626048,0
9256,0765,2,2026-06-14 07:58:20,0.9248619914127990,0
9257,0768,2,2026-06-14 07:58:20,0.1247188713964424,0
9258,0782,2,2026-06-14 07:58:20,0.2789818033122061,0
9259,0785,2,2026-06-14 07:58:20,0.0608260069515437,0
9260,0804,2,2026-06-14 07:58:20,0.8509507258229401,0
9261,0810,2,2026-06-14 07:58:20,0.7822531179717849,0
9262,0815,2,2026-06-14 07:58:20,0.6787977918626048,0
9263,0818,2,2026-06-14 07:58:20,0.6787977918626048,0
9264,0828,2,2026-06-14 07:58:20,0.7822531179717849,0
9265,0833,2,2026-06-14 07:58:20,0.7822531179717849,0
9266,0845,2,2026-06-14 07:58:20,0.4595174810877121,0
9267,0861,2,2026-06-14 07:58:20,0.5396646902473932,0
9268,0873,2,2026-06-14 07:58:20,0.1896340216724596,0
9269,0875,2,2026-06-14 07:58:20,0.2789818033122061,0
9270,0877,2,2026-06-14 07:58:20,0.2789818033122061,0
9271,0883,2,2026-06-14 07:58:20,0.9248619914127990,0
9272,0886,2,2026-06-14 07:58:20,0.9248619914127990,0
9273,0887,2,2026-06-14 07:58:20,0.0608260069515437,0
9274,0893,2,2026-06-14 07:58:20,0.7822531179717849,0
9275,0895,2,2026-06-14 07:58:20,1.0000000000000000,0
9276,0898,2,2026-06-14 07:58:20,0.8509507258229401,0
9277,0902,2,2026-06-14 07:58:20,0.4595174810877121,0
9278,0907,2,2026-06-14 07:58:20,0.6026374974442854,0
9279,0916,2,2026-06-14 07:58:20,0.8509507258229401,0
9280,0919,2,2026-06-14 07:58:20,0.6787977918626048,0
9281,0928,2,2026-06-14 07:58:20,0.9248619914127990,0
9282,0929,2,2026-06-14 07:58:20,0.7822531179717849,0
9283,0933,2,2026-06-14 07:58:20,0.3692496421999591,0
9284,0934,2,2026-06-14 07:58:20,0.1247188713964424,0
9285,0970,2,2026-06-14 07:58:20,0.1247188713964424,0
9286,0972,2,2026-06-14 07:58:20,0.5396646902473932,0
9287,0976,2,2026-06-14 07:58:20,0.6787977918626048,0
9288,0980,2,2026-06-14 07:58:20,0.3692496421999591,0
9289,0987,2,2026-06-14 07:58:20,1.0000000000000000,0
9290,0990,2,2026-06-14 07:58:20,0.7822531179717849,0
9291,0003,2,2026-06-14 07:58:30,0.5396646902473932,0
9292,0018,2,2026-06-14 07:58:30,0.1896340216724596,0
9293,0042,2,2026-06-14 07:58:30,0.7822531179717849,0
9294,0050,2,2026-06-14 07:58:30,0.4595174810877121,0
9295,0060,2,2026-06-14 07:58:30,0.0608260069515437,0
9296,0070,2,2026-06-14 07:58:30,0.5396646902473932,0
9297,0081,2,2026-06-14 07:58:30,0.3692496421999591,0
9298,0085,2,2026-06-14 07:58:30,0.3692496421999591,0
9299,0088,2,2026-06-14 07:58:30,0.8509507258229401,0
9300,0096,2,2026-06-14 07:58:30,0.6026374974442854,0
9301,0105,2,2026-06-14 07:58:30,0.6787977918626048,0
9302,0109,2,2026-06-14 07:58:30,0.6787977918626048,0
9303,0127,2,2026-06-14 07:58:30,0.1896340216724596,0
9304,0162,2,2026-06-14 07:58:30,0.4595174810877121,0
9305,0186,2,2026-06-14 07:58:30,0.3692496421999591,0
9306,0187,2,2026-06-14 07:58:30,0.0608260069515437,0
9307,0204,2,2026-06-14 07:58:30,0.7822531179717849,0
9308,0208,2,2026-06-14 07:58:30,0.4595174810877121,0
9309,0225,2,2026-06-14 07:58:30,0.8509507258229401,0
9310,0258,2,2026-06-14 07:58:30,0.0608260069515437,0
9311,0294,2,2026-06-14 07:58:30,0.8509507258229401,0
9312,0327,2,2026-06-14 07:58:30,0.6787977918626048,0
9313,0363,2,2026-06-14 07:58:30,0.1247188713964424,0
9314,0364,2,2026-06-14 07:58:30,0.5396646902473932,0
9315,0377,2,2026-06-14 07:58:30,0.6787977918626048,0
9316,0395,2,2026-06-14 07:58:30,0.5396646902473932,0
9317,0396,2,2026-06-14 07:58:30,0.7822531179717849,0
9318,0399,2,2026-06-14 07:58:30,0.1247188713964424,0
9319,0416,2,2026-06-14 07:58:30,0.8509507258229401,0
9320,0436,2,2026-06-14 07:58:30,0.8509507258229401,0
9321,0453,2,2026-06-14 07:58:30,0.1247188713964424,0
9322,0489,2,2026-06-14 07:58:30,1.0000000000000000,0
9323,0494,2,2026-06-14 07:58:30,1.0000000000000000,0
9324,0498,2,2026-06-14 07:58:30,0.2789818033122061,0
9325,0516,2,2026-06-14 07:58:30,0.1247188713964424,0
9326,0525,2,2026-06-14 07:58:30,0.3692496421999591,0
9327,0527,2,2026-06-14 07:58:30,0.7822531179717849,0
9328,0544,2,2026-06-14 07:58:30,1.0000000000000000,1
9329,0553,2,2026-06-14 07:58:30,0.1247188713964424,0
9330,0554,2,2026-06-14 07:58:30,0.5396646902473932,0
9331,0564,2,2026-06-14 07:58:30,0.4595174810877121,0
9332,0565,2,2026-06-14 07:58:30,0.2789818033122061,0
9333,0578,2,2026-06-14 07:58:30,0.5396646902473932,0
9334,0617,2,2026-06-14 07:58:30,0.7822531179717849,0
9335,0625,2,2026-06-14 07:58:30,0.6026374974442854,0
9336,0659,2,2026-06-14 07:58:30,0.9248619914127990,0
9337,0672,2,2026-06-14 07:58:30,0.2789818033122061,0
9338,0673,2,2026-06-14 07:58:30,0.7822531179717849,0
9339,0687,2,2026-06-14 07:58:30,0.3692496421999591,0
9340,0707,2,2026-06-14 07:58:30,0.9248619914127990,0
9341,0729,2,2026-06-14 07:58:30,0.1896340216724596,0
9342,0743,2,2026-06-14 07:58:30,0.3692496421999591,0
9343,0764,2,2026-06-14 07:58:30,0.6787977918626048,0
9344,0782,2,2026-06-14 07:58:30,0.2789818033122061,0
9345,0815,2,2026-06-14 07:58:30,0.6787977918626048,0
9346,0833,2,2026-06-14 07:58:30,0.7822531179717849,0
9347,0845,2,2026-06-14 07:58:30,0.4595174810877121,0
9348,0877,2,2026-06-14 07:58:30,0.2789818033122061,0
9349,0883,2,2026-06-14 07:58:30,0.9248619914127990,0
9350,0886,2,2026-06-14 07:58:30,0.9248619914127990,0
9351,0895,2,2026-06-14 07:58:30,1.0000000000000000,0
9352,0902,2,2026-06-14 07:58:30,0.4595174810877121,0
9353,0907,2,2026-06-14 07:58:30,0.6026374974442854,0
9354,0916,2,2026-06-14 07:58:30,0.8509507258229401,0
9355,0919,2,2026-06-14 07:58:30,0.6787977918626048,0
9356,0928,2,2026-06-14 07:58:30,0.9248619914127990,0
9357,0933,2,2026-06-14 07:58:30,0.3692496421999591,0
9358,0934,2,2026-06-14 07:58:30,0.1247188713964424,0
9359,0970,2,2026-06-14 07:58:30,0.1247188713964424,0
9360,0972,2,2026-06-14 07:58:30,0.5396646902473932,0
9361,0976,2,2026-06-14 07:58:30,0.6787977918626048,0
9362,0980,2,2026-06-14 07:58:30,0.3692496421999591,0
9363,0987,2,2026-06-14 07:58:30,1.0000000000000000,0
9364,0990,2,2026-06-14 07:58:30,0.7822531179717849,0
9365,0808,2,2026-06-14 07:58:40,0.2789818033122061,0
9366,0808,2,2026-06-14 07:58:50,0.2789818033122061,0
9367,0808,2,2026-06-14 07:59:00,0.2789818033122061,0
9368,0808,2,2026-06-14 07:59:10,0.2789818033122061,0
9369,0808,2,2026-06-14 07:59:10,0.2789818033122061,0
9370,0808,2,2026-06-14 07:59:20,0.2789818033122061,0
9371,0808,2,2026-06-14 07:59:20,0.2789818033122061,1
9372,0808,2,2026-06-14 07:59:30,0.2789818033122061,0
9373,0808,2,2026-06-14 07:59:30,0.2789818033122061,0
9374,0808,2,2026-06-14 07:59:40,0.2789818033122061,0
9375,0808,2,2026-06-14 07:59:40,0.2789818033122061,0
9376,0910,2,2026-06-14 07:59:40,0.9248619914127990,0
9377,0808,2,2026-06-14 07:59:50,0.2789818033122061,1
9378,0808,2,2026-06-14 07:59:50,0.2789818033122061,0
9379,0910,2,2026-06-14 07:59:50,0.9248619914127990,0
9380,0808,2,2026-06-14 08:00:00,0.2789818033122061,0
9381,0808,2,2026-06-14 08:00:00,0.2789818033122061,0
9382,0910,2,2026-06-14 08:00:00,0.9248619914127990,0
9383,0808,2,2026-06-14 08:00:10,0.2789818033122061,0
9384,0910,2,2026-06-14 08:00:10,0.9248619914127990,0
9385,0808,2,2026-06-14 08:00:20,0.2789818033122061,0
9386,0910,2,2026-06-14 08:00:20,0.9248619914127990,0
9387,0808,2,2026-06-14 08:00:30,0.2789818033122061,0
9388,0910,2,2026-06-14 08:00:30,0.9248619914127990,0
9389,0910,2,2026-06-14 08:00:40,0.9248619914127990,0
9390,0910,2,2026-06-14 08:00:50,0.9248619914127990,0
9391,0910,2,2026-06-14 08:01:00,0.9248619914127990,0
9392,0910,2,2026-06-14 08:01:10,0.9248619914127990,0
9393,0910,2,2026-06-14 08:01:20,0.9248619914127990,0
9394,0910,2,2026-06-14 08:01:30,0.9248619914127990,0
9395,0296,2,2026-06-14 08:03:00,0.7822531179717849,0
9396,0296,2,2026-06-14 08:03:10,0.7822531179717849,0
9397,0296,2,2026-06-14 08:03:20,0.7822531179717849,0
9398,0296,2,2026-06-14 08:03:30,0.7822531179717849,0
9399,0296,2,2026-06-14 08:03:40,0.7822531179717849,0
9400,0296,2,2026-06-14 08:03:50,0.7822531179717849,0
9401,0296,2,2026-06-14 08:04:00,0.7822531179717849,0
9402,0889,2,2026-06-14 08:04:20,0.8509507258229401,0
9403,0889,2,2026-06-14 08:04:30,0.8509507258229401,0
9404,0693,2,2026-06-14 08:05:00,1.0000000000000000,0
9405,0693,2,2026-06-14 08:05:10,1.0000000000000000,0
9406,0693,2,2026-06-14 08:05:20,1.0000000000000000,0
9407,0693,2,2026-06-14 08:05:30,1.0000000000000000,0
9408,0693,2,2026-06-14 08:05:40,1.0000000000000000,0
9409,0693,2,2026-06-14 08:05:50,1.0000000000000000,0
9410,0693,2,2026-06-14 08:06:00,1.0000000000000000,0
9411,0693,2,2026-06-14 08:06:10,1.0000000000000000,0
9412,0693,2,2026-06-14 08:06:20,1.0000000000000000,0
9413,0693,2,2026-06-14 08:06:30,1.0000000000000000,0
9414,0693,2,2026-06-14 08:06:40,1.0000000000000000,0
9415,0084,2,2026-06-14 08:08:40,0.4595174810877121,0
9416,0084,2,2026-06-14 08:08:50,0.4595174810877121,0
9417,0359,2,2026-06-14 08:08:50,0.2789818033122061,0
9418,0084,2,2026-06-14 08:09:00,0.4595174810877121,0
9419,0359,2,2026-06-14 08:09:00,0.2789818033122061,0
9420,0391,2,2026-06-14 08:09:00,0.3692496421999591,0
9421,0084,2,2026-06-14 08:09:10,0.4595174810877121,0
9422,0359,2,2026-06-14 08:09:10,0.2789818033122061,0
9423,0391,2,2026-06-14 08:09:10,0.3692496421999591,0
9424,0590,2,2026-06-14 08:09:10,0.9248619914127990,0
9425,0084,2,2026-06-14 08:09:20,0.4595174810877121,0
9426,0359,2,2026-06-14 08:09:20,0.2789818033122061,0
9427,0391,2,2026-06-14 08:09:20,0.3692496421999591,0
9428,0590,2,2026-06-14 08:09:20,0.9248619914127990,0
9429,0759,2,2026-06-14 08:09:20,0.1247188713964424,0
9430,0084,2,2026-06-14 08:09:30,0.4595174810877121,0
9431,0359,2,2026-06-14 08:09:30,0.2789818033122061,0
9432,0391,2,2026-06-14 08:09:30,0.3692496421999591,0
9433,0590,2,2026-06-14 08:09:30,0.9248619914127990,0
9434,0759,2,2026-06-14 08:09:30,0.1247188713964424,0
9435,0030,2,2026-06-14 08:09:40,0.5396646902473932,0
9436,0084,2,2026-06-14 08:09:40,0.4595174810877121,0
9437,0359,2,2026-06-14 08:09:40,0.2789818033122061,0
9438,0391,2,2026-06-14 08:09:40,0.3692496421999591,0
9439,0590,2,2026-06-14 08:09:40,0.9248619914127990,0
9440,0759,2,2026-06-14 08:09:40,0.1247188713964424,0
9441,0030,2,2026-06-14 08:09:50,0.5396646902473932,0
9442,0084,2,2026-06-14 08:09:50,0.4595174810877121,0
9443,0359,2,2026-06-14 08:09:50,0.2789818033122061,0
9444,0391,2,2026-06-14 08:09:50,0.3692496421999591,0
9445,0590,2,2026-06-14 08:09:50,0.9248619914127990,0
9446,0759,2,2026-06-14 08:09:50,0.1247188713964424,0
9447,0030,2,2026-06-14 08:10:00,0.5396646902473932,0
9448,0084,2,2026-06-14 08:10:00,0.4595174810877121,0
9449,0359,2,2026-06-14 08:10:00,0.2789818033122061,0
9450,0391,2,2026-06-14 08:10:00,0.3692496421999591,0
9451,0590,2,2026-06-14 08:10:00,0.9248619914127990,0
9452,0759,2,2026-06-14 08:10:00,0.1247188713964424,0
9453,0030,2,2026-06-14 08:10:10,0.5396646902473932,0
9454,0084,2,2026-06-14 08:10:10,0.4595174810877121,0
9455,0359,2,2026-06-14 08:10:10,0.2789818033122061,0
9456,0391,2,2026-06-14 08:10:10,0.3692496421999591,0
9457,0590,2,2026-06-14 08:10:10,0.9248619914127990,0
9458,0759,2,2026-06-14 08:10:10,0.1247188713964424,0
9459,0030,2,2026-06-14 08:10:20,0.5396646902473932,0
9460,0359,2,2026-06-14 08:10:20,0.2789818033122061,0
9461,0391,2,2026-06-14 08:10:20,0.3692496421999591,0
9462,0590,2,2026-06-14 08:10:20,0.9248619914127990,0
9463,0635,2,2026-06-14 08:10:20,0.1896340216724596,0
9464,0759,2,2026-06-14 08:10:20,0.1247188713964424,0
9465,0030,2,2026-06-14 08:10:30,0.5396646902473932,0
9466,0359,2,2026-06-14 08:10:30,0.2789818033122061,0
9467,0391,2,2026-06-14 08:10:30,0.3692496421999591,0
9468,0590,2,2026-06-14 08:10:30,0.9248619914127990,0
9469,0635,2,2026-06-14 08:10:30,0.1896340216724596,0
9470,0759,2,2026-06-14 08:10:30,0.1247188713964424,0
9471,0030,2,2026-06-14 08:10:40,0.5396646902473932,0
9472,0359,2,2026-06-14 08:10:40,0.2789818033122061,0
9473,0391,2,2026-06-14 08:10:40,0.3692496421999591,0
9474,0590,2,2026-06-14 08:10:40,0.9248619914127990,0
9475,0635,2,2026-06-14 08:10:40,0.1896340216724596,0
9476,0030,2,2026-06-14 08:10:50,0.5396646902473932,0
9477,0635,2,2026-06-14 08:10:50,0.1896340216724596,0
9478,0635,2,2026-06-14 08:11:00,0.1896340216724596,0
9479,0635,2,2026-06-14 08:11:10,0.1896340216724596,0
9480,0635,2,2026-06-14 08:11:20,0.1896340216724596,0
9481,0635,2,2026-06-14 08:11:30,0.1896340216724596,0
9482,0635,2,2026-06-14 08:11:40,0.1896340216724596,0
9483,0172,2,2026-06-14 09:22:30,0.3692496421999591,0
9484,0172,2,2026-06-14 09:22:30,0.3692496421999591,0
9485,0172,2,2026-06-14 09:22:30,0.3692496421999591,0
9486,0172,2,2026-06-14 09:22:40,0.3692496421999591,0
9487,0172,2,2026-06-14 09:22:40,0.3692496421999591,0
9488,0172,2,2026-06-14 09:22:40,0.3692496421999591,0
9489,0172,2,2026-06-14 09:22:50,0.3692496421999591,1
9490,0172,2,2026-06-14 09:22:50,0.3692496421999591,0
9491,0172,2,2026-06-14 09:22:50,0.3692496421999591,0
9492,0172,2,2026-06-14 09:23:00,0.3692496421999591,0
9493,0172,2,2026-06-14 09:23:00,0.3692496421999591,0
9494,0172,2,2026-06-14 09:23:00,0.3692496421999591,0
9495,0076,2,2026-06-14 09:23:10,0.2789818033122061,0
9496,0172,2,2026-06-14 09:23:10,0.3692496421999591,0
9497,0172,2,2026-06-14 09:23:10,0.3692496421999591,0
9498,0172,2,2026-06-14 09:23:10,0.3692496421999591,0
9499,0076,2,2026-06-14 09:23:20,0.2789818033122061,0
9500,0172,2,2026-06-14 09:23:20,0.3692496421999591,0
9501,0172,2,2026-06-14 09:23:20,0.3692496421999591,0
9502,0172,2,2026-06-14 09:23:20,0.3692496421999591,0
9503,0076,2,2026-06-14 09:23:30,0.2789818033122061,1
9504,0172,2,2026-06-14 09:23:30,0.3692496421999591,0
9505,0172,2,2026-06-14 09:23:30,0.3692496421999591,0
9506,0076,2,2026-06-14 09:23:40,0.2789818033122061,0
9507,0172,2,2026-06-14 09:23:40,0.3692496421999591,0
9508,0172,2,2026-06-14 09:23:40,0.3692496421999591,0
9509,0172,2,2026-06-14 09:23:40,0.3692496421999591,0
9510,0076,2,2026-06-14 09:23:50,0.2789818033122061,0
9511,0172,2,2026-06-14 09:23:50,0.3692496421999591,0
9512,0172,2,2026-06-14 09:23:50,0.3692496421999591,0
9513,0172,2,2026-06-14 09:23:50,0.3692496421999591,0
9514,0076,2,2026-06-14 09:24:00,0.2789818033122061,0
9515,0076,2,2026-06-14 09:24:10,0.2789818033122061,0
9516,0076,2,2026-06-14 09:24:20,0.2789818033122061,0
9517,0076,2,2026-06-14 09:24:30,0.2789818033122061,0
9518,0193,2,2026-06-14 09:24:30,0.0608260069515437,0
9519,0076,2,2026-06-14 09:24:40,0.2789818033122061,0
9520,0193,2,2026-06-14 09:24:40,0.0608260069515437,0
9521,0076,2,2026-06-14 09:24:50,0.2789818033122061,0
9522,0193,2,2026-06-14 09:24:50,0.0608260069515437,0
9523,0076,2,2026-06-14 09:25:00,0.2789818033122061,0
9524,0193,2,2026-06-14 09:25:00,0.0608260069515437,0
9525,0481,2,2026-06-14 09:25:00,1.0000000000000000,0
9526,0493,2,2026-06-14 09:25:00,0.6026374974442854,0
9527,0193,2,2026-06-14 09:25:10,0.0608260069515437,0
9528,0481,2,2026-06-14 09:25:10,1.0000000000000000,0
9529,0493,2,2026-06-14 09:25:10,0.6026374974442854,0
9530,0057,2,2026-06-14 09:25:20,0.1896340216724596,0
9531,0193,2,2026-06-14 09:25:20,0.0608260069515437,0
9532,0481,2,2026-06-14 09:25:20,1.0000000000000000,0
9533,0493,2,2026-06-14 09:25:20,0.6026374974442854,0
9534,0057,2,2026-06-14 09:25:30,0.1896340216724596,0
9535,0193,2,2026-06-14 09:25:30,0.0608260069515437,0
9536,0481,2,2026-06-14 09:25:30,1.0000000000000000,0
9537,0493,2,2026-06-14 09:25:30,0.6026374974442854,0
9538,0057,2,2026-06-14 09:25:40,0.1896340216724596,0
9539,0193,2,2026-06-14 09:25:40,0.0608260069515437,1
9540,0481,2,2026-06-14 09:25:40,1.0000000000000000,0
9541,0493,2,2026-06-14 09:25:40,0.6026374974442854,0
9542,0057,2,2026-06-14 09:25:50,0.1896340216724596,0
9543,0481,2,2026-06-14 09:25:50,1.0000000000000000,0
9544,0493,2,2026-06-14 09:25:50,0.6026374974442854,0
9545,0626,2,2026-06-14 09:25:50,0.7822531179717849,0
9546,0057,2,2026-06-14 09:26:00,0.1896340216724596,0
9547,0221,2,2026-06-14 09:26:00,0.8509507258229401,0
9548,0481,2,2026-06-14 09:26:00,1.0000000000000000,0
9549,0493,2,2026-06-14 09:26:00,0.6026374974442854,0
9550,0535,2,2026-06-14 09:26:00,1.0000000000000000,0
9551,0626,2,2026-06-14 09:26:00,0.7822531179717849,0
9552,0057,2,2026-06-14 09:26:10,0.1896340216724596,0
9553,0221,2,2026-06-14 09:26:10,0.8509507258229401,0
9554,0481,2,2026-06-14 09:26:10,1.0000000000000000,0
9555,0493,2,2026-06-14 09:26:10,0.6026374974442854,0
9556,0535,2,2026-06-14 09:26:10,1.0000000000000000,0
9557,0626,2,2026-06-14 09:26:10,0.7822531179717849,0
9558,0057,2,2026-06-14 09:26:20,0.1896340216724596,0
9559,0221,2,2026-06-14 09:26:20,0.8509507258229401,0
9560,0481,2,2026-06-14 09:26:20,1.0000000000000000,0
9561,0493,2,2026-06-14 09:26:20,0.6026374974442854,0
9562,0535,2,2026-06-14 09:26:20,1.0000000000000000,0
9563,0626,2,2026-06-14 09:26:20,0.7822531179717849,0
9564,0057,2,2026-06-14 09:26:30,0.1896340216724596,0
9565,0221,2,2026-06-14 09:26:30,0.8509507258229401,0
9566,0430,2,2026-06-14 09:26:30,0.9248619914127990,0
9567,0493,2,2026-06-14 09:26:30,0.6026374974442854,0
9568,0535,2,2026-06-14 09:26:30,1.0000000000000000,0
9569,0626,2,2026-06-14 09:26:30,0.7822531179717849,0
9570,0789,2,2026-06-14 09:26:30,0.1247188713964424,0
9571,0874,2,2026-06-14 09:26:30,0.1896340216724596,0
9572,0057,2,2026-06-14 09:26:40,0.1896340216724596,0
9573,0221,2,2026-06-14 09:26:40,0.8509507258229401,0
9574,0350,2,2026-06-14 09:26:40,0.7822531179717849,0
9575,0430,2,2026-06-14 09:26:40,0.9248619914127990,0
9576,0493,2,2026-06-14 09:26:40,0.6026374974442854,0
9577,0535,2,2026-06-14 09:26:40,1.0000000000000000,0
9578,0626,2,2026-06-14 09:26:40,0.7822531179717849,0
9579,0698,2,2026-06-14 09:26:40,0.9248619914127990,0
9580,0789,2,2026-06-14 09:26:40,0.1247188713964424,0
9581,0874,2,2026-06-14 09:26:40,0.1896340216724596,0
9582,0034,2,2026-06-14 09:26:50,0.1896340216724596,0
9583,0057,2,2026-06-14 09:26:50,0.1896340216724596,0
9584,0221,2,2026-06-14 09:26:50,0.8509507258229401,0
9585,0350,2,2026-06-14 09:26:50,0.7822531179717849,0
9586,0351,2,2026-06-14 09:26:50,0.5396646902473932,0
9587,0430,2,2026-06-14 09:26:50,0.9248619914127990,0
9588,0493,2,2026-06-14 09:26:50,0.6026374974442854,0
9589,0535,2,2026-06-14 09:26:50,1.0000000000000000,0
9590,0626,2,2026-06-14 09:26:50,0.7822531179717849,0
9591,0698,2,2026-06-14 09:26:50,0.9248619914127990,0
9592,0789,2,2026-06-14 09:26:50,0.1247188713964424,0
9593,0874,2,2026-06-14 09:26:50,0.1896340216724596,0
9594,0034,2,2026-06-14 09:27:00,0.1896340216724596,0
9595,0057,2,2026-06-14 09:27:00,0.1896340216724596,0
9596,0221,2,2026-06-14 09:27:00,0.8509507258229401,0
9597,0350,2,2026-06-14 09:27:00,0.7822531179717849,0
9598,0351,2,2026-06-14 09:27:00,0.5396646902473932,0
9599,0427,2,2026-06-14 09:27:00,0.4595174810877121,0
9600,0430,2,2026-06-14 09:27:00,0.9248619914127990,0
9601,0535,2,2026-06-14 09:27:00,1.0000000000000000,0
9602,0626,2,2026-06-14 09:27:00,0.7822531179717849,0
9603,0698,2,2026-06-14 09:27:00,0.9248619914127990,0
9604,0789,2,2026-06-14 09:27:00,0.1247188713964424,0
9605,0874,2,2026-06-14 09:27:00,0.1896340216724596,0
9606,0034,2,2026-06-14 09:27:10,0.1896340216724596,0
9607,0221,2,2026-06-14 09:27:10,0.8509507258229401,0
9608,0350,2,2026-06-14 09:27:10,0.7822531179717849,0
9609,0351,2,2026-06-14 09:27:10,0.5396646902473932,0
9610,0427,2,2026-06-14 09:27:10,0.4595174810877121,0
9611,0430,2,2026-06-14 09:27:10,0.9248619914127990,0
9612,0535,2,2026-06-14 09:27:10,1.0000000000000000,0
9613,0626,2,2026-06-14 09:27:10,0.7822531179717849,0
9614,0698,2,2026-06-14 09:27:10,0.9248619914127990,0
9615,0789,2,2026-06-14 09:27:10,0.1247188713964424,0
9616,0874,2,2026-06-14 09:27:10,0.1896340216724596,0
9617,0034,2,2026-06-14 09:27:20,0.1896340216724596,0
9618,0221,2,2026-06-14 09:27:20,0.8509507258229401,0
9619,0350,2,2026-06-14 09:27:20,0.7822531179717849,0
9620,0351,2,2026-06-14 09:27:20,0.5396646902473932,0
9621,0427,2,2026-06-14 09:27:20,0.4595174810877121,0
9622,0430,2,2026-06-14 09:27:20,0.9248619914127990,0
9623,0535,2,2026-06-14 09:27:20,1.0000000000000000,0
9624,0626,2,2026-06-14 09:27:20,0.7822531179717849,0
9625,0698,2,2026-06-14 09:27:20,0.9248619914127990,0
9626,0789,2,2026-06-14 09:27:20,0.1247188713964424,0
9627,0874,2,2026-06-14 09:27:20,0.1896340216724596,0
9628,0034,2,2026-06-14 09:27:30,0.1896340216724596,0
9629,0221,2,2026-06-14 09:27:30,0.8509507258229401,0
9630,0350,2,2026-06-14 09:27:30,0.7822531179717849,0
9631,0351,2,2026-06-14 09:27:30,0.5396646902473932,0
9632,0427,2,2026-06-14 09:27:30,0.4595174810877121,0
9633,0698,2,2026-06-14 09:27:30,0.9248619914127990,0
9634,0789,2,2026-06-14 09:27:30,0.1247188713964424,0
9635,0034,2,2026-06-14 09:27:40,0.1896340216724596,0
9636,0221,2,2026-06-14 09:27:40,0.8509507258229401,0
9637,0281,2,2026-06-14 09:27:40,0.3692496421999591,1
9638,0350,2,2026-06-14 09:27:40,0.7822531179717849,0
9639,0351,2,2026-06-14 09:27:40,0.5396646902473932,0
9640,0427,2,2026-06-14 09:27:40,0.4595174810877121,0
9641,0637,2,2026-06-14 09:27:40,0.5396646902473932,0
9642,0698,2,2026-06-14 09:27:40,0.9248619914127990,0
9643,0789,2,2026-06-14 09:27:40,0.1247188713964424,0
9644,0034,2,2026-06-14 09:27:50,0.1896340216724596,0
9645,0135,2,2026-06-14 09:27:50,0.7822531179717849,0
9646,0140,2,2026-06-14 09:27:50,0.6787977918626048,0
9647,0221,2,2026-06-14 09:27:50,0.8509507258229401,0
9648,0281,2,2026-06-14 09:27:50,0.3692496421999591,0
9649,0350,2,2026-06-14 09:27:50,0.7822531179717849,0
9650,0351,2,2026-06-14 09:27:50,0.5396646902473932,0
9651,0427,2,2026-06-14 09:27:50,0.4595174810877121,0
9652,0637,2,2026-06-14 09:27:50,0.5396646902473932,0
9653,0698,2,2026-06-14 09:27:50,0.9248619914127990,0
9654,0034,2,2026-06-14 09:28:00,0.1896340216724596,0
9655,0100,2,2026-06-14 09:28:00,0.5396646902473932,0
9656,0135,2,2026-06-14 09:28:00,0.7822531179717849,0
9657,0140,2,2026-06-14 09:28:00,0.6787977918626048,0
9658,0281,2,2026-06-14 09:28:00,0.3692496421999591,0
9659,0351,2,2026-06-14 09:28:00,0.5396646902473932,0
9660,0427,2,2026-06-14 09:28:00,0.4595174810877121,0
9661,0611,2,2026-06-14 09:28:00,0.9248619914127990,0
9662,0637,2,2026-06-14 09:28:00,0.5396646902473932,0
9663,0698,2,2026-06-14 09:28:00,0.9248619914127990,0
9664,0034,2,2026-06-14 09:28:10,0.1896340216724596,0
9665,0100,2,2026-06-14 09:28:10,0.5396646902473932,0
9666,0135,2,2026-06-14 09:28:10,0.7822531179717849,0
9667,0140,2,2026-06-14 09:28:10,0.6787977918626048,0
9668,0143,2,2026-06-14 09:28:10,0.8509507258229401,0
9669,0281,2,2026-06-14 09:28:10,0.3692496421999591,1
9670,0281,2,2026-06-14 09:28:10,0.3692496421999591,0
9671,0351,2,2026-06-14 09:28:10,0.5396646902473932,0
9672,0427,2,2026-06-14 09:28:10,0.4595174810877121,0
9673,0611,2,2026-06-14 09:28:10,0.9248619914127990,0
9674,0637,2,2026-06-14 09:28:10,0.5396646902473932,0
9675,0034,2,2026-06-14 09:28:20,0.1896340216724596,0
9676,0100,2,2026-06-14 09:28:20,0.5396646902473932,0
9677,0135,2,2026-06-14 09:28:20,0.7822531179717849,0
9678,0140,2,2026-06-14 09:28:20,0.6787977918626048,0
9679,0143,2,2026-06-14 09:28:20,0.8509507258229401,0
9680,0281,2,2026-06-14 09:28:20,0.3692496421999591,0
9681,0351,2,2026-06-14 09:28:20,0.5396646902473932,0
9682,0427,2,2026-06-14 09:28:20,0.4595174810877121,0
9683,0611,2,2026-06-14 09:28:20,0.9248619914127990,0
9684,0637,2,2026-06-14 09:28:20,0.5396646902473932,0
9685,0034,2,2026-06-14 09:28:30,0.1896340216724596,0
9686,0100,2,2026-06-14 09:28:30,0.5396646902473932,0
9687,0100,2,2026-06-14 09:28:30,0.5396646902473932,1
9688,0135,2,2026-06-14 09:28:30,0.7822531179717849,0
9689,0140,2,2026-06-14 09:28:30,0.6787977918626048,0
9690,0143,2,2026-06-14 09:28:30,0.8509507258229401,0
9691,0281,2,2026-06-14 09:28:30,0.3692496421999591,0
9692,0427,2,2026-06-14 09:28:30,0.4595174810877121,0
9693,0611,2,2026-06-14 09:28:30,0.9248619914127990,0
9694,0637,2,2026-06-14 09:28:30,0.5396646902473932,0
9695,0034,2,2026-06-14 09:28:40,0.1896340216724596,0
9696,0100,2,2026-06-14 09:28:40,0.5396646902473932,0
9697,0100,2,2026-06-14 09:28:40,0.5396646902473932,0
9698,0135,2,2026-06-14 09:28:40,0.7822531179717849,0
9699,0140,2,2026-06-14 09:28:40,0.6787977918626048,0
9700,0143,2,2026-06-14 09:28:40,0.8509507258229401,0
9701,0281,2,2026-06-14 09:28:40,0.3692496421999591,0
9702,0427,2,2026-06-14 09:28:40,0.4595174810877121,0
9703,0611,2,2026-06-14 09:28:40,0.9248619914127990,0
9704,0637,2,2026-06-14 09:28:40,0.5396646902473932,0
9705,0100,2,2026-06-14 09:28:50,0.5396646902473932,0
9706,0135,2,2026-06-14 09:28:50,0.7822531179717849,0
9707,0140,2,2026-06-14 09:28:50,0.6787977918626048,0
9708,0143,2,2026-06-14 09:28:50,0.8509507258229401,0
9709,0349,2,2026-06-14 09:28:50,0.1247188713964424,0
9710,0427,2,2026-06-14 09:28:50,0.4595174810877121,0
9711,0611,2,2026-06-14 09:28:50,0.9248619914127990,0
9712,0637,2,2026-06-14 09:28:50,0.5396646902473932,0
9713,0100,2,2026-06-14 09:29:00,0.5396646902473932,1
9714,0135,2,2026-06-14 09:29:00,0.7822531179717849,0
9715,0140,2,2026-06-14 09:29:00,0.6787977918626048,0
9716,0143,2,2026-06-14 09:29:00,0.8509507258229401,0
9717,0349,2,2026-06-14 09:29:00,0.1247188713964424,0
9718,0611,2,2026-06-14 09:29:00,0.9248619914127990,0
9719,0637,2,2026-06-14 09:29:00,0.5396646902473932,0
9720,0705,2,2026-06-14 09:29:00,0.5396646902473932,0
9721,0100,2,2026-06-14 09:29:10,0.5396646902473932,0
9722,0135,2,2026-06-14 09:29:10,0.7822531179717849,0
9723,0140,2,2026-06-14 09:29:10,0.6787977918626048,0
9724,0143,2,2026-06-14 09:29:10,0.8509507258229401,0
9725,0160,2,2026-06-14 09:29:10,0.1247188713964424,0
9726,0611,2,2026-06-14 09:29:10,0.9248619914127990,0
9727,0637,2,2026-06-14 09:29:10,0.5396646902473932,0
9728,0705,2,2026-06-14 09:29:10,0.5396646902473932,0
9729,0135,2,2026-06-14 09:29:20,0.7822531179717849,0
9730,0140,2,2026-06-14 09:29:20,0.6787977918626048,0
9731,0143,2,2026-06-14 09:29:20,0.8509507258229401,0
9732,0160,2,2026-06-14 09:29:20,0.1247188713964424,0
9733,0637,2,2026-06-14 09:29:20,0.5396646902473932,0
9734,0705,2,2026-06-14 09:29:20,0.5396646902473932,0
9735,0143,2,2026-06-14 09:29:30,0.8509507258229401,0
9736,0160,2,2026-06-14 09:29:30,0.1247188713964424,0
9737,0705,2,2026-06-14 09:29:30,0.5396646902473932,0
9738,0983,2,2026-06-14 09:29:30,1.0000000000000000,0
9739,0143,2,2026-06-14 09:29:40,0.8509507258229401,0
9740,0160,2,2026-06-14 09:29:40,0.1247188713964424,0
9741,0705,2,2026-06-14 09:29:40,0.5396646902473932,0
9742,0983,2,2026-06-14 09:29:40,1.0000000000000000,0
9743,0143,2,2026-06-14 09:29:50,0.8509507258229401,0
9744,0160,2,2026-06-14 09:29:50,0.1247188713964424,0
9745,0705,2,2026-06-14 09:29:50,0.5396646902473932,0
9746,0983,2,2026-06-14 09:29:50,1.0000000000000000,0
9747,0160,2,2026-06-14 09:30:00,0.1247188713964424,0
9748,0192,2,2026-06-14 09:30:00,0.6026374974442854,0
9749,0705,2,2026-06-14 09:30:00,0.5396646902473932,0
9750,0983,2,2026-06-14 09:30:00,1.0000000000000000,0
9751,0160,2,2026-06-14 09:30:10,0.1247188713964424,0
9752,0192,2,2026-06-14 09:30:10,0.6026374974442854,0
9753,0705,2,2026-06-14 09:30:10,0.5396646902473932,0
9754,0983,2,2026-06-14 09:30:10,1.0000000000000000,0
9755,0160,2,2026-06-14 09:30:20,0.1247188713964424,0
9756,0192,2,2026-06-14 09:30:20,0.6026374974442854,0
9757,0705,2,2026-06-14 09:30:20,0.5396646902473932,0
9758,0983,2,2026-06-14 09:30:20,1.0000000000000000,0
9759,0160,2,2026-06-14 09:30:30,0.1247188713964424,0
9760,0192,2,2026-06-14 09:30:30,0.6026374974442854,0
9761,0705,2,2026-06-14 09:30:30,0.5396646902473932,0
9762,0983,2,2026-06-14 09:30:30,1.0000000000000000,0
9763,0160,2,2026-06-14 09:30:40,0.1247188713964424,0
9764,0192,2,2026-06-14 09:30:40,0.6026374974442854,0
9765,0705,2,2026-06-14 09:30:40,0.5396646902473932,0
9766,0983,2,2026-06-14 09:30:40,1.0000000000000000,0
9767,0192,2,2026-06-14 09:30:50,0.6026374974442854,0
9768,0705,2,2026-06-14 09:30:50,0.5396646902473932,0
9769,0983,2,2026-06-14 09:30:50,1.0000000000000000,0
9770,0192,2,2026-06-14 09:31:00,0.6026374974442854,0
9771,0192,2,2026-06-14 09:31:10,0.6026374974442854,0
9772,0192,2,2026-06-14 09:31:20,0.6026374974442854,0
9773,0192,2,2026-06-14 09:31:30,0.6026374974442854,0
9774,0192,2,2026-06-14 09:31:40,0.6026374974442854,0
9775,0467,2,2026-06-14 09:38:40,0.1896340216724596,0
9776,0467,2,2026-06-14 09:38:50,0.1896340216724596,0
9777,0467,2,2026-06-14 09:39:00,0.1896340216724596,0
9778,0467,2,2026-06-14 09:39:10,0.1896340216724596,0
9779,0467,2,2026-06-14 09:39:20,0.1896340216724596,0
9780,0467,2,2026-06-14 09:39:30,0.1896340216724596,0
9781,0467,2,2026-06-14 09:39:40,0.1896340216724596,0
