index,ID,satellite,time,score_scenario,selected
0,0064,0,2026-06-13 10:33:50,0.2065818584070797,0
1,0064,0,2026-06-13 10:34:00,0.2065818584070797,0
2,0064,0,2026-06-13 10:34:10,0.2065818584070797,0
3,0064,0,2026-06-13 10:34:20,0.2065818584070797,0
4,0064,0,2026-06-13 10:34:30,0.2065818584070797,0
5,0064,0,2026-06-13 10:34:40,0.2065818584070797,0
6,0064,0,2026-06-13 10:34:50,0.2065818584070797,0
7,0064,0,2026-06-13 10:35:00,0.2065818584070797,0
8,0064,0,2026-06-13 10:35:10,0.2065818584070797,0
9,0064,0,2026-06-13 10:35:20,0.2065818584070797,0
10,0201,0,2026-06-13 10:38:30,0.2607853982300885,0
11,0201,0,2026-06-13 10:38:40,0.2607853982300885,0
12,0243,0,2026-06-13 10:38:40,0.9745575221238938,0
13,0201,0,2026-06-13 10:38:50,0.2607853982300885,0
14,0243,0,2026-06-13 10:38:50,0.9745575221238938,0
15,0201,0,2026-06-13 10:39:00,0.2607853982300885,0
16,0243,0,2026-06-13 10:39:00,0.9745575221238938,0
17,0201,0,2026-06-13 10:39:10,0.2607853982300885,0
18,0243,0,2026-06-13 10:39:10,0.9745575221238938,0
19,0201,0,2026-06-13 10:39:20,0.2607853982300885,0
20,0243,0,2026-06-13 10:39:20,0.9745575221238938,0
21,0201,0,2026-06-13 10:39:30,0.2607853982300885,0
22,0243,0,2026-06-13 10:39:30,0.9745575221238938,0
23,0201,0,2026-06-13 10:39:40,0.2607853982300885,1
24,0243,0,2026-06-13 10:39:40,0.9745575221238938,0
25,0201,0,2026-06-13 10:39:50,0.2607853982300885,0
26,0243,0,2026-06-13 10:39:50,0.9745575221238938,0
27,0201,0,2026-06-13 10:40:00,0.2607853982300885,0
28,0243,0,2026-06-13 10:40:00,0.9745575221238938,0
29,0201,0,2026-06-13 10:40:10,0.2607853982300885,0
30,0243,0,2026-06-13 10:40:10,0.9745575221238938,0
31,0201,0,2026-06-13 10:40:20,0.2607853982300885,0
32,0243,0,2026-06-13 10:40:20,0.9745575221238938,0
33,0243,0,2026-06-13 10:40:30,0.9745575221238938,1
34,0111,0,2026-06-13 12:30:00,0.9004424778761062,1
35,0111,0,2026-06-13 12:30:10,0.9004424778761062,0
36,0111,0,2026-06-13 12:30:20,0.9004424778761062,1
37,0136,0,2026-06-13 12:34:00,0.2607853982300885,0
38,0136,0,2026-06-13 12:34:10,0.2607853982300885,0
39,0136,0,2026-06-13 12:34:20,0.2607853982300885,1
40,0136,0,2026-06-13 12:34:30,0.2607853982300885,0
41,0136,0,2026-06-13 12:34:40,0.2607853982300885,0
42,0136,0,2026-06-13 12:34:50,0.2607853982300885,0
43,0136,0,2026-06-13 12:35:00,0.2607853982300885,0
44,0136,0,2026-06-13 12:35:10,0.2607853982300885,0
45,0136,0,2026-06-13 12:35:20,0.2607853982300885,0
46,0136,0,2026-06-13 12:35:30,0.2607853982300885,0
47,0136,0,2026-06-13 12:35:40,0.2607853982300885,0
48,0136,0,2026-06-13 12:35:50,0.2607853982300885,0
49,0055,0,2026-06-13 14:12:30,0.9004424778761062,0
50,0055,0,2026-06-13 14:12:30,0.9004424778761062,0
51,0055,0,2026-06-13 14:12:40,0.9004424778761062,0
52,0055,0,2026-06-13 14:12:40,0.9004424778761062,0
53,0055,0,2026-06-13 14:12:50,0.9004424778761062,0
54,0055,0,2026-06-13 14:12:50,0.9004424778761062,0
55,0055,0,2026-06-13 14:13:00,0.9004424778761062,0
56,0055,0,2026-06-13 14:13:00,0.9004424778761062,0
57,0055,0,2026-06-13 14:13:00,0.9004424778761062,1
58,0055,0,2026-06-13 14:13:10,0.9004424778761062,0
59,0055,0,2026-06-13 14:13:10,0.9004424778761062,0
60,0055,0,2026-06-13 14:13:10,0.9004424778761062,0
61,0055,0,2026-06-13 14:13:10,0.9004424778761062,0
62,0055,0,2026-06-13 14:13:20,0.9004424778761062,0
63,0055,0,2026-06-13 14:13:20,0.9004424778761062,0
64,0055,0,2026-06-13 14:13:20,0.9004424778761062,0
65,0055,0,2026-06-13 14:13:30,0.9004424778761062,0
66,0055,0,2026-06-13 14:13:30,0.9004424778761062,0
67,0055,0,2026-06-13 14:13:40,0.9004424778761062,0
68,0055,0,2026-06-13 14:13:40,0.9004424778761062,0
69,0055,0,2026-06-13 14:13:50,0.9004424778761062,0
70,0055,0,2026-06-13 14:13:50,0.9004424778761062,0
71,0039,0,2026-06-13 14:15:40,0.9004424778761062,1
72,0023,0,2026-06-13 14:15:50,0.5459070796460177,0
73,0039,0,2026-06-13 14:15:50,0.9004424778761062,1
74,0023,0,2026-06-13 14:16:00,0.5459070796460177,0
75,0039,0,2026-06-13 14:16:00,0.9004424778761062,0
76,0023,0,2026-06-13 14:16:10,0.5459070796460177,0
77,0039,0,2026-06-13 14:16:10,0.9004424778761062,0
78,0023,0,2026-06-13 14:16:20,0.5459070796460177,0
79,0039,0,2026-06-13 14:16:20,0.9004424778761062,0
80,0023,0,2026-06-13 14:16:30,0.5459070796460177,0
81,0039,0,2026-06-13 14:16:30,0.9004424778761062,0
82,0023,0,2026-06-13 14:16:40,0.5459070796460177,0
83,0039,0,2026-06-13 14:16:40,0.9004424778761062,0
84,0023,0,2026-06-13 14:16:50,0.5459070796460177,0
85,0039,0,2026-06-13 14:16:50,0.9004424778761062,0
86,0023,0,2026-06-13 14:17:00,0.5459070796460177,0
87,0039,0,2026-06-13 14:17:00,0.9004424778761062,0
88,0023,0,2026-06-13 14:17:10,0.5459070796460177,0
89,0039,0,2026-06-13 14:17:10,0.9004424778761062,0
90,0023,0,2026-06-13 14:17:20,0.5459070796460177,0
91,0039,0,2026-06-13 14:17:20,0.9004424778761062,0
92,0023,0,2026-06-13 14:17:30,0.5459070796460177,1
93,0160,0,2026-06-13 15:32:40,0.4070796460176991,0
94,0160,0,2026-06-13 15:32:50,0.4070796460176991,0
95,0160,0,2026-06-13 15:33:00,0.4070796460176991,0
96,0160,0,2026-06-13 15:33:10,0.4070796460176991,1
97,0160,0,2026-06-13 15:33:20,0.4070796460176991,0
98,0160,0,2026-06-13 15:33:30,0.4070796460176991,0
99,0160,0,2026-06-13 15:33:40,0.4070796460176991,0
100,0160,0,2026-06-13 15:33:50,0.4070796460176991,0
101,0160,0,2026-06-13 15:34:00,0.4070796460176991,0
102,0160,0,2026-06-13 15:34:10,0.4070796460176991,0
103,0235,0,2026-06-13 15:34:10,0.8039269911504425,0
104,0160,0,2026-06-13 15:34:20,0.4070796460176991,0
105,0235,0,2026-06-13 15:34:20,0.8039269911504425,0
106,0235,0,2026-06-13 15:34:30,0.8039269911504425,0
107,0235,0,2026-06-13 15:34:40,0.8039269911504425,0
108,008,0,2026-06-13 15:34:50,0.9745575221238938,0
109,0235,0,2026-06-13 15:34:50,0.8039269911504425,0
110,008,0,2026-06-13 15:35:00,0.9745575221238938,0
111,0235,0,2026-06-13 15:35:00,0.8039269911504425,1
112,008,0,2026-06-13 15:35:10,0.9745575221238938,1
113,0235,0,2026-06-13 15:35:10,0.8039269911504425,0
114,008,0,2026-06-13 15:35:20,0.9745575221238938,0
115,0235,0,2026-06-13 15:35:20,0.8039269911504425,0
116,008,0,2026-06-13 15:35:30,0.9745575221238938,0
117,0235,0,2026-06-13 15:35:30,0.8039269911504425,0
118,0179,0,2026-06-13 15:37:00,0.4070796460176991,0
119,0179,0,2026-06-13 15:37:00,0.4070796460176991,0
120,0179,0,2026-06-13 15:37:00,0.4070796460176991,0
121,0179,0,2026-06-13 15:37:10,0.4070796460176991,0
122,0179,0,2026-06-13 15:37:10,0.4070796460176991,0
123,0179,0,2026-06-13 15:37:10,0.4070796460176991,0
124,0179,0,2026-06-13 15:37:20,0.4070796460176991,0
125,0179,0,2026-06-13 15:37:20,0.4070796460176991,0
126,0179,0,2026-06-13 15:37:30,0.4070796460176991,0
127,0179,0,2026-06-13 15:37:30,0.4070796460176991,0
128,0179,0,2026-06-13 15:37:30,0.4070796460176991,0
129,0179,0,2026-06-13 15:37:40,0.4070796460176991,0
130,0179,0,2026-06-13 15:37:40,0.4070796460176991,0
131,0179,0,2026-06-13 15:37:40,0.4070796460176991,0
132,0184,0,2026-06-13 15:37:40,0.2065818584070797,0
133,0184,0,2026-06-13 15:37:40,0.2065818584070797,0
134,0179,0,2026-06-13 15:37:50,0.4070796460176991,0
135,0179,0,2026-06-13 15:37:50,0.4070796460176991,0
136,0179,0,2026-06-13 15:37:50,0.4070796460176991,0
137,0184,0,2026-06-13 15:37:50,0.2065818584070797,0
138,0184,0,2026-06-13 15:37:50,0.2065818584070797,0
139,0179,0,2026-06-13 15:38:00,0.4070796460176991,0
140,0179,0,2026-06-13 15:38:00,0.4070796460176991,0
141,0179,0,2026-06-13 15:38:00,0.4070796460176991,0
142,0179,0,2026-06-13 15:38:00,0.4070796460176991,0
143,0184,0,2026-06-13 15:38:00,0.2065818584070797,0
144,0184,0,2026-06-13 15:38:00,0.2065818584070797,0
145,0179,0,2026-06-13 15:38:10,0.4070796460176991,0
146,0179,0,2026-06-13 15:38:10,0.4070796460176991,0
147,0179,0,2026-06-13 15:38:10,0.4070796460176991,0
148,0179,0,2026-06-13 15:38:10,0.4070796460176991,0
149,0184,0,2026-06-13 15:38:10,0.2065818584070797,0
150,0184,0,2026-06-13 15:38:10,0.2065818584070797,0
151,0184,0,2026-06-13 15:38:10,0.2065818584070797,0
152,0179,0,2026-06-13 15:38:20,0.4070796460176991,0
153,0179,0,2026-06-13 15:38:20,0.4070796460176991,0
154,0179,0,2026-06-13 15:38:20,0.4070796460176991,0
155,0179,0,2026-06-13 15:38:20,0.4070796460176991,0
156,0184,0,2026-06-13 15:38:20,0.2065818584070797,0
157,0184,0,2026-06-13 15:38:20,0.2065818584070797,0
158,0184,0,2026-06-13 15:38:20,0.2065818584070797,0
159,0179,0,2026-06-13 15:38:30,0.4070796460176991,0
160,0179,0,2026-06-13 15:38:30,0.4070796460176991,0
161,0184,0,2026-06-13 15:38:30,0.2065818584070797,0
162,0184,0,2026-06-13 15:38:30,0.2065818584070797,0
163,0184,0,2026-06-13 15:38:30,0.2065818584070797,0
164,0184,0,2026-06-13 15:38:30,0.2065818584070797,0
165,0179,0,2026-06-13 15:38:40,0.4070796460176991,0
166,0179,0,2026-06-13 15:38:40,0.4070796460176991,0
167,0184,0,2026-06-13 15:38:40,0.2065818584070797,0
168,0184,0,2026-06-13 15:38:40,0.2065818584070797,0
169,0184,0,2026-06-13 15:38:40,0.2065818584070797,0
170,0184,0,2026-06-13 15:38:40,0.2065818584070797,0
171,0179,0,2026-06-13 15:38:50,0.4070796460176991,0
172,0179,0,2026-06-13 15:38:50,0.4070796460176991,0
173,0184,0,2026-06-13 15:38:50,0.2065818584070797,1
174,0184,0,2026-06-13 15:38:50,0.2065818584070797,0
175,0184,0,2026-06-13 15:38:50,0.2065818584070797,0
176,0184,0,2026-06-13 15:38:50,0.2065818584070797,0
177,0184,0,2026-06-13 15:39:00,0.2065818584070797,0
178,0184,0,2026-06-13 15:39:00,0.2065818584070797,0
179,0184,0,2026-06-13 15:39:00,0.2065818584070797,0
180,0184,0,2026-06-13 15:39:10,0.2065818584070797,0
181,0184,0,2026-06-13 15:39:10,0.2065818584070797,0
182,0184,0,2026-06-13 15:39:20,0.2065818584070797,0
183,0184,0,2026-06-13 15:39:20,0.2065818584070797,0
184,0184,0,2026-06-13 15:39:30,0.2065818584070797,0
185,0077,0,2026-06-13 15:42:40,0.9745575221238938,0
186,0077,0,2026-06-13 15:42:50,0.9745575221238938,0
187,0077,0,2026-06-13 15:43:00,0.9745575221238938,0
188,0077,0,2026-06-13 15:43:10,0.9745575221238938,0
189,0077,0,2026-06-13 15:43:20,0.9745575221238938,0
190,0077,0,2026-06-13 15:43:30,0.9745575221238938,0
191,0077,0,2026-06-13 15:43:40,0.9745575221238938,0
192,0077,0,2026-06-13 15:43:50,0.9745575221238938,0
193,0077,0,2026-06-13 15:44:00,0.9745575221238938,0
194,0077,0,2026-06-13 15:44:10,0.9745575221238938,0
195,0077,0,2026-06-13 15:44:20,0.9745575221238938,0
196,0077,0,2026-06-13 15:44:30,0.9745575221238938,0
197,0038,0,2026-06-13 17:13:00,0.6319137168141593,0
198,0038,0,2026-06-13 17:13:10,0.6319137168141593,1
199,0038,0,2026-06-13 17:13:20,0.6319137168141593,0
200,0069,0,2026-06-13 17:13:20,1.0000000000000000,0
201,0038,0,2026-06-13 17:13:30,0.6319137168141593,0
202,0069,0,2026-06-13 17:13:30,1.0000000000000000,0
203,0038,0,2026-06-13 17:13:40,0.6319137168141593,0
204,0069,0,2026-06-13 17:13:40,1.0000000000000000,0
205,0038,0,2026-06-13 17:13:50,0.6319137168141593,0
206,0069,0,2026-06-13 17:13:50,1.0000000000000000,0
207,0038,0,2026-06-13 17:14:00,0.6319137168141593,0
208,0069,0,2026-06-13 17:14:00,1.0000000000000000,0
209,0038,0,2026-06-13 17:14:10,0.6319137168141593,0
210,0069,0,2026-06-13 17:14:10,1.0000000000000000,0
211,0038,0,2026-06-13 17:14:20,0.6319137168141593,0
212,0069,0,2026-06-13 17:14:20,1.0000000000000000,0
213,0038,0,2026-06-13 17:14:30,0.6319137168141593,0
214,0069,0,2026-06-13 17:14:30,1.0000000000000000,0
215,0038,0,2026-06-13 17:14:40,0.6319137168141593,0
216,0069,0,2026-06-13 17:14:40,1.0000000000000000,0
217,0069,0,2026-06-13 17:14:50,1.0000000000000000,1
218,0071,0,2026-06-13 17:15:10,0.8039269911504425,0
219,0071,0,2026-06-13 17:15:20,0.8039269911504425,0
220,0071,0,2026-06-13 17:15:30,0.8039269911504425,0
221,0071,0,2026-06-13 17:15:40,0.8039269911504425,0
222,0071,0,2026-06-13 17:15:50,0.8039269911504425,1
223,0071,0,2026-06-13 17:16:00,0.8039269911504425,0
224,0071,0,2026-06-13 17:16:10,0.8039269911504425,0
225,0071,0,2026-06-13 17:16:20,0.8039269911504425,0
226,0053,0,2026-06-13 17:16:30,0.9745575221238938,0
227,0071,0,2026-06-13 17:16:30,0.8039269911504425,0
228,0053,0,2026-06-13 17:16:40,0.9745575221238938,0
229,0071,0,2026-06-13 17:16:40,0.8039269911504425,0
230,0053,0,2026-06-13 17:16:50,0.9745575221238938,0
231,0053,0,2026-06-13 17:17:00,0.9745575221238938,0
232,007,0,2026-06-13 17:17:10,0.8039269911504425,0
233,0053,0,2026-06-13 17:17:10,0.9745575221238938,0
234,007,0,2026-06-13 17:17:20,0.8039269911504425,0
235,0053,0,2026-06-13 17:17:20,0.9745575221238938,0
236,007,0,2026-06-13 17:17:30,0.8039269911504425,0
237,0053,0,2026-06-13 17:17:30,0.9745575221238938,0
238,007,0,2026-06-13 17:17:40,0.8039269911504425,0
239,0053,0,2026-06-13 17:17:40,0.9745575221238938,0
240,007,0,2026-06-13 17:17:50,0.8039269911504425,0
241,0053,0,2026-06-13 17:17:50,0.9745575221238938,0
242,007,0,2026-06-13 17:18:00,0.8039269911504425,0
243,0053,0,2026-06-13 17:18:00,0.9745575221238938,0
244,007,0,2026-06-13 17:18:10,0.8039269911504425,1
245,0053,0,2026-06-13 17:18:10,0.9745575221238938,0
246,0053,0,2026-06-13 17:18:20,0.9745575221238938,0
247,0119,0,2026-06-13 18:30:50,0.9004424778761062,0
248,0119,0,2026-06-13 18:31:00,0.9004424778761062,0
249,0119,0,2026-06-13 18:31:10,0.9004424778761062,0
250,0119,0,2026-06-13 18:31:20,0.9004424778761062,0
251,0119,0,2026-06-13 18:31:30,0.9004424778761062,0
252,0119,0,2026-06-13 18:31:40,0.9004424778761062,0
253,0119,0,2026-06-13 18:31:50,0.9004424778761062,0
254,0119,0,2026-06-13 18:32:00,0.9004424778761062,0
255,0119,0,2026-06-13 18:32:10,0.9004424778761062,0
256,0119,0,2026-06-13 18:32:20,0.9004424778761062,0
257,0119,0,2026-06-13 18:32:30,0.9004424778761062,0
258,0119,0,2026-06-13 18:32:40,0.9004424778761062,0
259,0134,0,2026-06-13 18:50:20,0.0212942477876106,0
260,0134,0,2026-06-13 18:50:30,0.0212942477876106,0
261,0134,0,2026-06-13 18:50:40,0.0212942477876106,0
262,0134,0,2026-06-13 18:50:50,0.0212942477876106,0
263,0134,0,2026-06-13 18:51:00,0.0212942477876106,0
264,0134,0,2026-06-13 18:51:10,0.0212942477876106,0
265,0134,0,2026-06-13 18:51:20,0.0212942477876106,0
266,0134,0,2026-06-13 18:51:30,0.0212942477876106,0
267,0134,0,2026-06-13 18:51:40,0.0212942477876106,0
268,0134,0,2026-06-13 18:51:50,0.0212942477876106,1
269,0134,0,2026-06-13 18:52:00,0.0212942477876106,1
270,0180,0,2026-06-14 01:24:40,0.8039269911504425,0
271,0180,0,2026-06-14 01:24:50,0.8039269911504425,0
272,0180,0,2026-06-14 01:25:00,0.8039269911504425,0
273,0180,0,2026-06-14 01:25:10,0.8039269911504425,0
274,0180,0,2026-06-14 01:25:20,0.8039269911504425,0
275,0180,0,2026-06-14 01:25:30,0.8039269911504425,0
276,0180,0,2026-06-14 01:25:40,0.8039269911504425,0
277,0180,0,2026-06-14 01:25:50,0.8039269911504425,0
278,0180,0,2026-06-14 01:26:00,0.8039269911504425,0
279,0180,0,2026-06-14 01:26:10,0.8039269911504425,0
280,0180,0,2026-06-14 01:26:20,0.8039269911504425,0
281,0026,0,2026-06-14 01:28:20,0.2065818584070797,1
282,0026,0,2026-06-14 01:28:30,0.2065818584070797,1
283,0115,0,2026-06-14 01:28:30,0.7193030973451328,0
284,0155,0,2026-06-14 01:28:30,0.5459070796460177,0
285,0155,0,2026-06-14 01:28:30,0.5459070796460177,0
286,0155,0,2026-06-14 01:28:30,0.5459070796460177,0
287,0155,0,2026-06-14 01:28:30,0.5459070796460177,0
288,0155,0,2026-06-14 01:28:30,0.5459070796460177,0
289,0026,0,2026-06-14 01:28:40,0.2065818584070797,0
290,0115,0,2026-06-14 01:28:40,0.7193030973451328,0
291,0155,0,2026-06-14 01:28:40,0.5459070796460177,0
292,0155,0,2026-06-14 01:28:40,0.5459070796460177,0
293,0155,0,2026-06-14 01:28:40,0.5459070796460177,0
294,0155,0,2026-06-14 01:28:40,0.5459070796460177,0
295,0155,0,2026-06-14 01:28:40,0.5459070796460177,0
296,0169,0,2026-06-14 01:28:40,0.5459070796460177,0
297,0026,0,2026-06-14 01:28:50,0.2065818584070797,0
298,0115,0,2026-06-14 01:28:50,0.7193030973451328,0
299,0150,0,2026-06-14 01:28:50,0.9004424778761062,0
300,0155,0,2026-06-14 01:28:50,0.5459070796460177,0
301,0155,0,2026-06-14 01:28:50,0.5459070796460177,0
302,0155,0,2026-06-14 01:28:50,0.5459070796460177,0
303,0155,0,2026-06-14 01:28:50,0.5459070796460177,0
304,0155,0,2026-06-14 01:28:50,0.5459070796460177,0
305,0155,0,2026-06-14 01:28:50,0.5459070796460177,0
306,0169,0,2026-06-14 01:28:50,0.5459070796460177,0
307,0026,0,2026-06-14 01:29:00,0.2065818584070797,0
308,0115,0,2026-06-14 01:29:00,0.7193030973451328,0
309,0133,0,2026-06-14 01:29:00,0.9004424778761062,0
310,0150,0,2026-06-14 01:29:00,0.9004424778761062,0
311,0155,0,2026-06-14 01:29:00,0.5459070796460177,0
312,0155,0,2026-06-14 01:29:00,0.5459070796460177,0
313,0155,0,2026-06-14 01:29:00,0.5459070796460177,0
314,0155,0,2026-06-14 01:29:00,0.5459070796460177,0
315,0155,0,2026-06-14 01:29:00,0.5459070796460177,0
316,0155,0,2026-06-14 01:29:00,0.5459070796460177,0
317,0169,0,2026-06-14 01:29:00,0.5459070796460177,0
318,0026,0,2026-06-14 01:29:10,0.2065818584070797,0
319,0115,0,2026-06-14 01:29:10,0.7193030973451328,0
320,0133,0,2026-06-14 01:29:10,0.9004424778761062,0
321,0150,0,2026-06-14 01:29:10,0.9004424778761062,0
322,0155,0,2026-06-14 01:29:10,0.5459070796460177,0
323,0155,0,2026-06-14 01:29:10,0.5459070796460177,0
324,0155,0,2026-06-14 01:29:10,0.5459070796460177,0
325,0155,0,2026-06-14 01:29:10,0.5459070796460177,0
326,0155,0,2026-06-14 01:29:10,0.5459070796460177,0
327,0169,0,2026-06-14 01:29:10,0.5459070796460177,0
328,0026,0,2026-06-14 01:29:20,0.2065818584070797,0
329,0115,0,2026-06-14 01:29:20,0.7193030973451328,0
330,0133,0,2026-06-14 01:29:20,0.9004424778761062,0
331,0150,0,2026-06-14 01:29:20,0.9004424778761062,0
332,0155,0,2026-06-14 01:29:20,0.5459070796460177,0
333,0155,0,2026-06-14 01:29:20,0.5459070796460177,0
334,0155,0,2026-06-14 01:29:20,0.5459070796460177,0
335,0155,0,2026-06-14 01:29:20,0.5459070796460177,0
336,0155,0,2026-06-14 01:29:20,0.5459070796460177,0
337,0169,0,2026-06-14 01:29:20,0.5459070796460177,0
338,0026,0,2026-06-14 01:29:30,0.2065818584070797,0
339,0115,0,2026-06-14 01:29:30,0.7193030973451328,0
340,0133,0,2026-06-14 01:29:30,0.9004424778761062,0
341,0150,0,2026-06-14 01:29:30,0.9004424778761062,0
342,0155,0,2026-06-14 01:29:30,0.5459070796460177,0
343,0155,0,2026-06-14 01:29:30,0.5459070796460177,0
344,0155,0,2026-06-14 01:29:30,0.5459070796460177,0
345,0155,0,2026-06-14 01:29:30,0.5459070796460177,0
346,0155,0,2026-06-14 01:29:30,0.5459070796460177,0
347,0169,0,2026-06-14 01:29:30,0.5459070796460177,0
348,0026,0,2026-06-14 01:29:40,0.2065818584070797,0
349,0115,0,2026-06-14 01:29:40,0.7193030973451328,0
350,0133,0,2026-06-14 01:29:40,0.9004424778761062,1
351,0150,0,2026-06-14 01:29:40,0.9004424778761062,0
352,0155,0,2026-06-14 01:29:40,0.5459070796460177,0
353,0155,0,2026-06-14 01:29:40,0.5459070796460177,0
354,0155,0,2026-06-14 01:29:40,0.5459070796460177,0
355,0155,0,2026-06-14 01:29:40,0.5459070796460177,0
356,0155,0,2026-06-14 01:29:40,0.5459070796460177,0
357,0169,0,2026-06-14 01:29:40,0.5459070796460177,0
358,0026,0,2026-06-14 01:29:50,0.2065818584070797,0
359,0115,0,2026-06-14 01:29:50,0.7193030973451328,0
360,0133,0,2026-06-14 01:29:50,0.9004424778761062,1
361,0150,0,2026-06-14 01:29:50,0.9004424778761062,0
362,0155,0,2026-06-14 01:29:50,0.5459070796460177,0
363,0155,0,2026-06-14 01:29:50,0.5459070796460177,0
364,0155,0,2026-06-14 01:29:50,0.5459070796460177,0
365,0155,0,2026-06-14 01:29:50,0.5459070796460177,0
366,0155,0,2026-06-14 01:29:50,0.5459070796460177,0
367,0169,0,2026-06-14 01:29:50,0.5459070796460177,0
368,0115,0,2026-06-14 01:30:00,0.7193030973451328,0
369,0169,0,2026-06-14 01:30:00,0.5459070796460177,0
370,0115,0,2026-06-14 01:30:10,0.7193030973451328,0
371,0169,0,2026-06-14 01:30:10,0.5459070796460177,0
372,0115,0,2026-06-14 01:30:20,0.7193030973451328,1
373,0169,0,2026-06-14 01:30:20,0.5459070796460177,0
374,0169,0,2026-06-14 01:30:30,0.5459070796460177,0
375,0029,0,2026-06-14 03:07:00,1.0000000000000000,0
376,0047,0,2026-06-14 03:07:00,0.8039269911504425,0
377,0029,0,2026-06-14 03:07:10,1.0000000000000000,0
378,0047,0,2026-06-14 03:07:10,0.8039269911504425,0
379,0204,0,2026-06-14 03:07:10,0.7193030973451328,0
380,0029,0,2026-06-14 03:07:20,1.0000000000000000,0
381,0047,0,2026-06-14 03:07:20,0.8039269911504425,0
382,0204,0,2026-06-14 03:07:20,0.7193030973451328,0
383,0029,0,2026-06-14 03:07:30,1.0000000000000000,0
384,0047,0,2026-06-14 03:07:30,0.8039269911504425,0
385,0204,0,2026-06-14 03:07:30,0.7193030973451328,1
386,0029,0,2026-06-14 03:07:40,1.0000000000000000,0
387,0047,0,2026-06-14 03:07:40,0.8039269911504425,0
388,0204,0,2026-06-14 03:07:40,0.7193030973451328,0
389,0029,0,2026-06-14 03:07:50,1.0000000000000000,0
390,0047,0,2026-06-14 03:07:50,0.8039269911504425,0
391,0204,0,2026-06-14 03:07:50,0.7193030973451328,1
392,0029,0,2026-06-14 03:08:00,1.0000000000000000,0
393,0047,0,2026-06-14 03:08:00,0.8039269911504425,0
394,0204,0,2026-06-14 03:08:00,0.7193030973451328,0
395,0029,0,2026-06-14 03:08:10,1.0000000000000000,0
396,0047,0,2026-06-14 03:08:10,0.8039269911504425,0
397,0204,0,2026-06-14 03:08:10,0.7193030973451328,0
398,0017,0,2026-06-14 03:08:20,0.2607853982300885,0
399,0029,0,2026-06-14 03:08:20,1.0000000000000000,0
400,0047,0,2026-06-14 03:08:20,0.8039269911504425,0
401,0204,0,2026-06-14 03:08:20,0.7193030973451328,0
402,0017,0,2026-06-14 03:08:30,0.2607853982300885,0
403,0029,0,2026-06-14 03:08:30,1.0000000000000000,0
404,0047,0,2026-06-14 03:08:30,0.8039269911504425,0
405,0204,0,2026-06-14 03:08:30,0.7193030973451328,0
406,0017,0,2026-06-14 03:08:40,0.2607853982300885,0
407,0029,0,2026-06-14 03:08:40,1.0000000000000000,0
408,0047,0,2026-06-14 03:08:40,0.8039269911504425,0
409,0204,0,2026-06-14 03:08:40,0.7193030973451328,0
410,0017,0,2026-06-14 03:08:50,0.2607853982300885,0
411,0025,0,2026-06-14 03:08:50,0.4070796460176991,1
412,0029,0,2026-06-14 03:08:50,1.0000000000000000,0
413,0047,0,2026-06-14 03:08:50,0.8039269911504425,0
414,0197,0,2026-06-14 03:08:50,0.5459070796460177,0
415,0204,0,2026-06-14 03:08:50,0.7193030973451328,0
416,0017,0,2026-06-14 03:09:00,0.2607853982300885,0
417,0025,0,2026-06-14 03:09:00,0.4070796460176991,1
418,0197,0,2026-06-14 03:09:00,0.5459070796460177,0
419,0017,0,2026-06-14 03:09:10,0.2607853982300885,0
420,0025,0,2026-06-14 03:09:10,0.4070796460176991,0
421,0197,0,2026-06-14 03:09:10,0.5459070796460177,0
422,0017,0,2026-06-14 03:09:20,0.2607853982300885,0
423,0025,0,2026-06-14 03:09:20,0.4070796460176991,0
424,0197,0,2026-06-14 03:09:20,0.5459070796460177,0
425,0017,0,2026-06-14 03:09:30,0.2607853982300885,0
426,0025,0,2026-06-14 03:09:30,0.4070796460176991,0
427,0197,0,2026-06-14 03:09:30,0.5459070796460177,0
428,0017,0,2026-06-14 03:09:40,0.2607853982300885,0
429,0025,0,2026-06-14 03:09:40,0.4070796460176991,0
430,0197,0,2026-06-14 03:09:40,0.5459070796460177,0
431,0017,0,2026-06-14 03:09:50,0.2607853982300885,0
432,0025,0,2026-06-14 03:09:50,0.4070796460176991,0
433,0197,0,2026-06-14 03:09:50,0.5459070796460177,0
434,0025,0,2026-06-14 03:10:00,0.4070796460176991,0
435,0197,0,2026-06-14 03:10:00,0.5459070796460177,0
436,0025,0,2026-06-14 03:10:10,0.4070796460176991,0
437,0197,0,2026-06-14 03:10:10,0.5459070796460177,0
438,0025,0,2026-06-14 03:10:20,0.4070796460176991,0
439,0197,0,2026-06-14 03:10:20,0.5459070796460177,0
440,0025,0,2026-06-14 03:10:30,0.4070796460176991,0
441,0197,0,2026-06-14 03:10:30,0.5459070796460177,0
442,0025,0,2026-06-14 03:10:40,0.4070796460176991,0
443,0197,0,2026-06-14 03:10:40,0.5459070796460177,0
444,0175,0,2026-06-14 03:11:50,0.9745575221238938,0
445,0175,0,2026-06-14 03:12:00,0.9745575221238938,0
446,0175,0,2026-06-14 03:12:10,0.9745575221238938,0
447,0175,0,2026-06-14 03:12:20,0.9745575221238938,0
448,0175,0,2026-06-14 03:12:30,0.9745575221238938,1
449,0175,0,2026-06-14 03:12:40,0.9745575221238938,0
450,0175,0,2026-06-14 03:12:50,0.9745575221238938,0
451,0175,0,2026-06-14 03:13:00,0.9745575221238938,0
452,0175,0,2026-06-14 03:13:10,0.9745575221238938,0
453,0175,0,2026-06-14 03:13:20,0.9745575221238938,0
454,0175,0,2026-06-14 03:13:30,0.9745575221238938,0
455,0175,0,2026-06-14 03:13:40,0.9745575221238938,0
456,0142,0,2026-06-14 04:39:50,0.5459070796460177,0
457,0142,0,2026-06-14 04:40:00,0.5459070796460177,0
458,0142,0,2026-06-14 04:40:10,0.5459070796460177,0
459,0142,0,2026-06-14 04:40:20,0.5459070796460177,0
460,0142,0,2026-06-14 04:40:30,0.5459070796460177,0
461,0142,0,2026-06-14 04:40:40,0.5459070796460177,0
462,0142,0,2026-06-14 04:40:50,0.5459070796460177,0
463,0142,0,2026-06-14 04:41:00,0.5459070796460177,0
464,0142,0,2026-06-14 04:41:10,0.5459070796460177,0
465,0142,0,2026-06-14 04:41:20,0.5459070796460177,0
466,0142,0,2026-06-14 04:41:30,0.5459070796460177,0
467,0142,0,2026-06-14 04:41:40,0.5459070796460177,0
468,0129,0,2026-06-14 04:45:00,0.7193030973451328,0
469,0129,0,2026-06-14 04:45:10,0.7193030973451328,1
470,0129,0,2026-06-14 04:45:20,0.7193030973451328,0
471,0129,0,2026-06-14 04:45:30,0.7193030973451328,0
472,0087,0,2026-06-14 04:48:00,0.2065818584070797,0
473,0087,0,2026-06-14 04:48:10,0.2065818584070797,0
474,0218,0,2026-06-14 04:48:10,0.2065818584070797,0
475,0087,0,2026-06-14 04:48:20,0.2065818584070797,1
476,0191,0,2026-06-14 04:48:20,1.0000000000000000,0
477,0218,0,2026-06-14 04:48:20,0.2065818584070797,0
478,0087,0,2026-06-14 04:48:30,0.2065818584070797,0
479,0191,0,2026-06-14 04:48:30,1.0000000000000000,0
480,0218,0,2026-06-14 04:48:30,0.2065818584070797,0
481,0248,0,2026-06-14 04:48:30,0.0669247787610620,0
482,0087,0,2026-06-14 04:48:40,0.2065818584070797,0
483,0191,0,2026-06-14 04:48:40,1.0000000000000000,1
484,0218,0,2026-06-14 04:48:40,0.2065818584070797,0
485,0248,0,2026-06-14 04:48:40,0.0669247787610620,0
486,0087,0,2026-06-14 04:48:50,0.2065818584070797,0
487,0191,0,2026-06-14 04:48:50,1.0000000000000000,0
488,0218,0,2026-06-14 04:48:50,0.2065818584070797,0
489,0248,0,2026-06-14 04:48:50,0.0669247787610620,0
490,0087,0,2026-06-14 04:49:00,0.2065818584070797,0
491,0191,0,2026-06-14 04:49:00,1.0000000000000000,0
492,0218,0,2026-06-14 04:49:00,0.2065818584070797,0
493,0248,0,2026-06-14 04:49:00,0.0669247787610620,1
494,0087,0,2026-06-14 04:49:10,0.2065818584070797,0
495,0218,0,2026-06-14 04:49:10,0.2065818584070797,0
496,0248,0,2026-06-14 04:49:10,0.0669247787610620,0
497,0042,0,2026-06-14 04:49:20,0.8039269911504425,0
498,0087,0,2026-06-14 04:49:20,0.2065818584070797,0
499,0218,0,2026-06-14 04:49:20,0.2065818584070797,0
500,0248,0,2026-06-14 04:49:20,0.0669247787610620,0
501,0042,0,2026-06-14 04:49:30,0.8039269911504425,0
502,0087,0,2026-06-14 04:49:30,0.2065818584070797,0
503,0218,0,2026-06-14 04:49:30,0.2065818584070797,1
504,0248,0,2026-06-14 04:49:30,0.0669247787610620,0
505,0042,0,2026-06-14 04:49:40,0.8039269911504425,0
506,0087,0,2026-06-14 04:49:40,0.2065818584070797,0
507,0218,0,2026-06-14 04:49:40,0.2065818584070797,0
508,0248,0,2026-06-14 04:49:40,0.0669247787610620,0
509,0042,0,2026-06-14 04:49:50,0.8039269911504425,0
510,0087,0,2026-06-14 04:49:50,0.2065818584070797,0
511,0218,0,2026-06-14 04:49:50,0.2065818584070797,0
512,0248,0,2026-06-14 04:49:50,0.0669247787610620,0
513,0042,0,2026-06-14 04:50:00,0.8039269911504425,1
514,0248,0,2026-06-14 04:50:00,0.0669247787610620,0
515,0042,0,2026-06-14 04:50:10,0.8039269911504425,0
516,0042,0,2026-06-14 04:50:20,0.8039269911504425,0
517,0042,0,2026-06-14 04:50:30,0.8039269911504425,0
518,0042,0,2026-06-14 04:50:40,0.8039269911504425,0
519,0066,0,2026-06-14 04:50:40,0.9004424778761062,1
520,0174,0,2026-06-14 04:50:40,0.2065818584070797,0
521,0174,0,2026-06-14 04:50:40,0.2065818584070797,0
522,0042,0,2026-06-14 04:50:50,0.8039269911504425,0
523,0066,0,2026-06-14 04:50:50,0.9004424778761062,0
524,0174,0,2026-06-14 04:50:50,0.2065818584070797,0
525,0174,0,2026-06-14 04:50:50,0.2065818584070797,0
526,0066,0,2026-06-14 04:51:00,0.9004424778761062,0
527,0174,0,2026-06-14 04:51:00,0.2065818584070797,0
528,0174,0,2026-06-14 04:51:00,0.2065818584070797,0
529,0174,0,2026-06-14 04:51:00,0.2065818584070797,0
530,0066,0,2026-06-14 04:51:10,0.9004424778761062,0
531,0174,0,2026-06-14 04:51:10,0.2065818584070797,0
532,0174,0,2026-06-14 04:51:10,0.2065818584070797,0
533,0174,0,2026-06-14 04:51:10,0.2065818584070797,0
534,0174,0,2026-06-14 04:51:10,0.2065818584070797,0
535,0174,0,2026-06-14 04:51:10,0.2065818584070797,0
536,0066,0,2026-06-14 04:51:20,0.9004424778761062,0
537,0174,0,2026-06-14 04:51:20,0.2065818584070797,0
538,0174,0,2026-06-14 04:51:20,0.2065818584070797,0
539,0174,0,2026-06-14 04:51:20,0.2065818584070797,1
540,0174,0,2026-06-14 04:51:20,0.2065818584070797,0
541,0044,0,2026-06-14 04:51:30,0.5459070796460177,0
542,0066,0,2026-06-14 04:51:30,0.9004424778761062,0
543,0174,0,2026-06-14 04:51:30,0.2065818584070797,0
544,0174,0,2026-06-14 04:51:30,0.2065818584070797,0
545,0174,0,2026-06-14 04:51:30,0.2065818584070797,0
546,0044,0,2026-06-14 04:51:40,0.5459070796460177,0
547,0066,0,2026-06-14 04:51:40,0.9004424778761062,0
548,0174,0,2026-06-14 04:51:40,0.2065818584070797,0
549,0174,0,2026-06-14 04:51:40,0.2065818584070797,0
550,0174,0,2026-06-14 04:51:40,0.2065818584070797,0
551,0174,0,2026-06-14 04:51:40,0.2065818584070797,0
552,0044,0,2026-06-14 04:51:50,0.5459070796460177,1
553,0066,0,2026-06-14 04:51:50,0.9004424778761062,0
554,0174,0,2026-06-14 04:51:50,0.2065818584070797,0
555,0174,0,2026-06-14 04:51:50,0.2065818584070797,0
556,0174,0,2026-06-14 04:51:50,0.2065818584070797,0
557,0174,0,2026-06-14 04:51:50,0.2065818584070797,0
558,0174,0,2026-06-14 04:51:50,0.2065818584070797,0
559,0044,0,2026-06-14 04:52:00,0.5459070796460177,0
560,0066,0,2026-06-14 04:52:00,0.9004424778761062,0
561,0172,0,2026-06-14 04:52:00,0.6319137168141593,0
562,0174,0,2026-06-14 04:52:00,0.2065818584070797,0
563,0174,0,2026-06-14 04:52:00,0.2065818584070797,0
564,0044,0,2026-06-14 04:52:10,0.5459070796460177,0
565,0066,0,2026-06-14 04:52:10,0.9004424778761062,0
566,0172,0,2026-06-14 04:52:10,0.6319137168141593,0
567,0174,0,2026-06-14 04:52:10,0.2065818584070797,0
568,0199,0,2026-06-14 04:52:10,0.9745575221238938,0
569,0044,0,2026-06-14 04:52:20,0.5459070796460177,0
570,0066,0,2026-06-14 04:52:20,0.9004424778761062,0
571,0172,0,2026-06-14 04:52:20,0.6319137168141593,0
572,0174,0,2026-06-14 04:52:20,0.2065818584070797,0
573,0174,0,2026-06-14 04:52:20,0.2065818584070797,0
574,0199,0,2026-06-14 04:52:20,0.9745575221238938,0
575,0044,0,2026-06-14 04:52:30,0.5459070796460177,0
576,0172,0,2026-06-14 04:52:30,0.6319137168141593,0
577,0186,0,2026-06-14 04:52:30,0.8039269911504425,1
578,0199,0,2026-06-14 04:52:30,0.9745575221238938,0
579,0044,0,2026-06-14 04:52:40,0.5459070796460177,0
580,0172,0,2026-06-14 04:52:40,0.6319137168141593,0
581,0186,0,2026-06-14 04:52:40,0.8039269911504425,0
582,0199,0,2026-06-14 04:52:40,0.9745575221238938,0
583,0044,0,2026-06-14 04:52:50,0.5459070796460177,0
584,0172,0,2026-06-14 04:52:50,0.6319137168141593,0
585,0186,0,2026-06-14 04:52:50,0.8039269911504425,0
586,0199,0,2026-06-14 04:52:50,0.9745575221238938,0
587,0044,0,2026-06-14 04:53:00,0.5459070796460177,0
588,0172,0,2026-06-14 04:53:00,0.6319137168141593,0
589,0186,0,2026-06-14 04:53:00,0.8039269911504425,0
590,0199,0,2026-06-14 04:53:00,0.9745575221238938,0
591,0044,0,2026-06-14 04:53:10,0.5459070796460177,0
592,0172,0,2026-06-14 04:53:10,0.6319137168141593,0
593,0186,0,2026-06-14 04:53:10,0.8039269911504425,0
594,0199,0,2026-06-14 04:53:10,0.9745575221238938,0
595,0044,0,2026-06-14 04:53:20,0.5459070796460177,0
596,0172,0,2026-06-14 04:53:20,0.6319137168141593,0
597,0186,0,2026-06-14 04:53:20,0.8039269911504425,0
598,0199,0,2026-06-14 04:53:20,0.9745575221238938,0
599,0172,0,2026-06-14 04:53:30,0.6319137168141593,0
600,0186,0,2026-06-14 04:53:30,0.8039269911504425,0
601,0199,0,2026-06-14 04:53:30,0.9745575221238938,0
602,0172,0,2026-06-14 04:53:40,0.6319137168141593,0
603,0186,0,2026-06-14 04:53:40,0.8039269911504425,0
604,0199,0,2026-06-14 04:53:40,0.9745575221238938,0
605,0172,0,2026-06-14 04:53:50,0.6319137168141593,0
606,0186,0,2026-06-14 04:53:50,0.8039269911504425,0
607,0199,0,2026-06-14 04:53:50,0.9745575221238938,0
608,0186,0,2026-06-14 04:54:00,0.8039269911504425,0
609,0199,0,2026-06-14 04:54:00,0.9745575221238938,0
610,0228,0,2026-06-14 06:21:20,0.6319137168141593,0
611,0228,0,2026-06-14 06:21:30,0.6319137168141593,0
612,0228,0,2026-06-14 06:21:40,0.6319137168141593,0
613,0228,0,2026-06-14 06:21:50,0.6319137168141593,1
614,0228,0,2026-06-14 06:22:00,0.6319137168141593,0
615,0020,0,2026-06-14 06:26:50,0.7193030973451328,1
616,0020,0,2026-06-14 06:27:00,0.7193030973451328,1
617,0020,0,2026-06-14 06:27:10,0.7193030973451328,0
618,0065,0,2026-06-14 06:27:10,0.4070796460176991,0
619,0020,0,2026-06-14 06:27:20,0.7193030973451328,0
620,0065,0,2026-06-14 06:27:20,0.4070796460176991,0
621,0020,0,2026-06-14 06:27:30,0.7193030973451328,0
622,0065,0,2026-06-14 06:27:30,0.4070796460176991,0
623,0189,0,2026-06-14 06:27:30,0.9745575221238938,0
624,0020,0,2026-06-14 06:27:40,0.7193030973451328,0
625,0065,0,2026-06-14 06:27:40,0.4070796460176991,0
626,0189,0,2026-06-14 06:27:40,0.9745575221238938,0
627,0020,0,2026-06-14 06:27:50,0.7193030973451328,0
628,0065,0,2026-06-14 06:27:50,0.4070796460176991,0
629,0145,0,2026-06-14 06:27:50,0.6319137168141593,0
630,0189,0,2026-06-14 06:27:50,0.9745575221238938,0
631,0020,0,2026-06-14 06:28:00,0.7193030973451328,0
632,0065,0,2026-06-14 06:28:00,0.4070796460176991,0
633,0145,0,2026-06-14 06:28:00,0.6319137168141593,0
634,0189,0,2026-06-14 06:28:00,0.9745575221238938,0
635,0020,0,2026-06-14 06:28:10,0.7193030973451328,0
636,0065,0,2026-06-14 06:28:10,0.4070796460176991,0
637,0145,0,2026-06-14 06:28:10,0.6319137168141593,1
638,0189,0,2026-06-14 06:28:10,0.9745575221238938,0
639,0020,0,2026-06-14 06:28:20,0.7193030973451328,0
640,0065,0,2026-06-14 06:28:20,0.4070796460176991,0
641,0145,0,2026-06-14 06:28:20,0.6319137168141593,0
642,0189,0,2026-06-14 06:28:20,0.9745575221238938,0
643,0020,0,2026-06-14 06:28:30,0.7193030973451328,0
644,0065,0,2026-06-14 06:28:30,0.4070796460176991,0
645,0145,0,2026-06-14 06:28:30,0.6319137168141593,0
646,0189,0,2026-06-14 06:28:30,0.9745575221238938,0
647,0020,0,2026-06-14 06:28:40,0.7193030973451328,0
648,0065,0,2026-06-14 06:28:40,0.4070796460176991,0
649,0145,0,2026-06-14 06:28:40,0.6319137168141593,0
650,0189,0,2026-06-14 06:28:40,0.9745575221238938,0
651,0065,0,2026-06-14 06:28:50,0.4070796460176991,0
652,0145,0,2026-06-14 06:28:50,0.6319137168141593,0
653,0189,0,2026-06-14 06:28:50,0.9745575221238938,0
654,0065,0,2026-06-14 06:29:00,0.4070796460176991,0
655,0189,0,2026-06-14 06:29:00,0.9745575221238938,0
656,0189,0,2026-06-14 06:29:10,0.9745575221238938,0
657,0189,0,2026-06-14 06:29:20,0.9745575221238938,0
658,0200,0,2026-06-14 06:38:40,0.5459070796460177,0
659,0200,0,2026-06-14 06:38:50,0.5459070796460177,0
660,0200,0,2026-06-14 06:39:00,0.5459070796460177,0
661,0200,0,2026-06-14 06:39:10,0.5459070796460177,0
662,0200,0,2026-06-14 06:39:20,0.5459070796460177,0
663,0200,0,2026-06-14 06:39:30,0.5459070796460177,0
664,0200,0,2026-06-14 06:39:40,0.5459070796460177,0
665,0200,0,2026-06-14 06:39:50,0.5459070796460177,0
666,0200,0,2026-06-14 06:40:00,0.5459070796460177,0
667,0200,0,2026-06-14 06:40:10,0.5459070796460177,0
668,0200,0,2026-06-14 06:40:20,0.5459070796460177,0
669,0146,0,2026-06-14 07:58:20,0.0669247787610620,0
670,0146,0,2026-06-14 07:58:30,0.0669247787610620,0
671,0146,0,2026-06-14 07:58:40,0.0669247787610620,0
672,0146,0,2026-06-14 07:58:50,0.0669247787610620,0
673,0146,0,2026-06-14 07:59:00,0.0669247787610620,0
674,0146,0,2026-06-14 07:59:10,0.0669247787610620,0
675,0146,0,2026-06-14 07:59:20,0.0669247787610620,0
676,0146,0,2026-06-14 07:59:30,0.0669247787610620,0
677,0220,0,2026-06-14 08:00:40,0.5849004424778761,0
678,0220,0,2026-06-14 08:00:50,0.5849004424778761,0
679,0220,0,2026-06-14 08:01:00,0.5849004424778761,0
680,0220,0,2026-06-14 08:01:10,0.5849004424778761,1
681,0220,0,2026-06-14 08:01:20,0.5849004424778761,0
682,0220,0,2026-06-14 08:01:30,0.5849004424778761,0
683,0220,0,2026-06-14 08:01:40,0.5849004424778761,0
684,0220,0,2026-06-14 08:01:50,0.5849004424778761,1
685,0220,0,2026-06-14 08:02:00,0.5849004424778761,0
686,0220,0,2026-06-14 08:02:10,0.5849004424778761,0
687,0022,0,2026-06-14 08:03:10,0.6319137168141593,0
688,0022,0,2026-06-14 08:03:20,0.6319137168141593,1
689,0022,0,2026-06-14 08:03:30,0.6319137168141593,0
690,0022,0,2026-06-14 08:03:40,0.6319137168141593,0
691,0022,0,2026-06-14 08:03:50,0.6319137168141593,0
692,0022,0,2026-06-14 08:04:00,0.6319137168141593,0
693,0049,0,2026-06-14 08:04:00,0.5459070796460177,1
694,0190,0,2026-06-14 08:04:00,0.4070796460176991,0
695,0022,0,2026-06-14 08:04:10,0.6319137168141593,0
696,0049,0,2026-06-14 08:04:10,0.5459070796460177,1
697,0190,0,2026-06-14 08:04:10,0.4070796460176991,0
698,0022,0,2026-06-14 08:04:20,0.6319137168141593,0
699,0049,0,2026-06-14 08:04:20,0.5459070796460177,0
700,0182,0,2026-06-14 08:04:20,0.5849004424778761,0
701,0190,0,2026-06-14 08:04:20,0.4070796460176991,1
702,0229,0,2026-06-14 08:04:20,0.0212942477876106,0
703,0022,0,2026-06-14 08:04:30,0.6319137168141593,0
704,0049,0,2026-06-14 08:04:30,0.5459070796460177,0
705,0182,0,2026-06-14 08:04:30,0.5849004424778761,0
706,0190,0,2026-06-14 08:04:30,0.4070796460176991,1
707,0229,0,2026-06-14 08:04:30,0.0212942477876106,0
708,0022,0,2026-06-14 08:04:40,0.6319137168141593,0
709,0049,0,2026-06-14 08:04:40,0.5459070796460177,0
710,0182,0,2026-06-14 08:04:40,0.5849004424778761,0
711,0190,0,2026-06-14 08:04:40,0.4070796460176991,0
712,0229,0,2026-06-14 08:04:40,0.0212942477876106,1
713,001,0,2026-06-14 08:04:50,0.9004424778761062,0
714,0049,0,2026-06-14 08:04:50,0.5459070796460177,0
715,0182,0,2026-06-14 08:04:50,0.5849004424778761,0
716,0190,0,2026-06-14 08:04:50,0.4070796460176991,0
717,0229,0,2026-06-14 08:04:50,0.0212942477876106,0
718,001,0,2026-06-14 08:05:00,0.9004424778761062,0
719,0049,0,2026-06-14 08:05:00,0.5459070796460177,0
720,0182,0,2026-06-14 08:05:00,0.5849004424778761,0
721,0190,0,2026-06-14 08:05:00,0.4070796460176991,0
722,0229,0,2026-06-14 08:05:00,0.0212942477876106,0
723,001,0,2026-06-14 08:05:10,0.9004424778761062,0
724,0049,0,2026-06-14 08:05:10,0.5459070796460177,0
725,0182,0,2026-06-14 08:05:10,0.5849004424778761,0
726,0190,0,2026-06-14 08:05:10,0.4070796460176991,0
727,0229,0,2026-06-14 08:05:10,0.0212942477876106,0
728,001,0,2026-06-14 08:05:20,0.9004424778761062,0
729,0030,0,2026-06-14 08:05:20,0.2065818584070797,0
730,0049,0,2026-06-14 08:05:20,0.5459070796460177,0
731,0182,0,2026-06-14 08:05:20,0.5849004424778761,0
732,0190,0,2026-06-14 08:05:20,0.4070796460176991,0
733,0229,0,2026-06-14 08:05:20,0.0212942477876106,0
734,001,0,2026-06-14 08:05:30,0.9004424778761062,0
735,0030,0,2026-06-14 08:05:30,0.2065818584070797,0
736,0049,0,2026-06-14 08:05:30,0.5459070796460177,0
737,0182,0,2026-06-14 08:05:30,0.5849004424778761,0
738,0190,0,2026-06-14 08:05:30,0.4070796460176991,0
739,0229,0,2026-06-14 08:05:30,0.0212942477876106,0
740,001,0,2026-06-14 08:05:40,0.9004424778761062,0
741,0030,0,2026-06-14 08:05:40,0.2065818584070797,0
742,0049,0,2026-06-14 08:05:40,0.5459070796460177,0
743,0052,0,2026-06-14 08:05:40,0.2065818584070797,1
744,0182,0,2026-06-14 08:05:40,0.5849004424778761,0
745,0229,0,2026-06-14 08:05:40,0.0212942477876106,0
746,001,0,2026-06-14 08:05:50,0.9004424778761062,0
747,0030,0,2026-06-14 08:05:50,0.2065818584070797,0
748,0052,0,2026-06-14 08:05:50,0.2065818584070797,0
749,0182,0,2026-06-14 08:05:50,0.5849004424778761,0
750,0229,0,2026-06-14 08:05:50,0.0212942477876106,0
751,001,0,2026-06-14 08:06:00,0.9004424778761062,0
752,0030,0,2026-06-14 08:06:00,0.2065818584070797,0
753,0052,0,2026-06-14 08:06:00,0.2065818584070797,0
754,0182,0,2026-06-14 08:06:00,0.5849004424778761,0
755,001,0,2026-06-14 08:06:10,0.9004424778761062,0
756,0030,0,2026-06-14 08:06:10,0.2065818584070797,0
757,0052,0,2026-06-14 08:06:10,0.2065818584070797,0
758,0182,0,2026-06-14 08:06:10,0.5849004424778761,0
759,001,0,2026-06-14 08:06:20,0.9004424778761062,0
760,0030,0,2026-06-14 08:06:20,0.2065818584070797,0
761,0052,0,2026-06-14 08:06:20,0.2065818584070797,0
762,0030,0,2026-06-14 08:06:30,0.2065818584070797,0
763,0052,0,2026-06-14 08:06:30,0.2065818584070797,0
764,0030,0,2026-06-14 08:06:40,0.2065818584070797,1
765,0052,0,2026-06-14 08:06:40,0.2065818584070797,0
766,0030,0,2026-06-14 08:06:50,0.2065818584070797,0
767,0052,0,2026-06-14 08:06:50,0.2065818584070797,0
768,0030,0,2026-06-14 08:07:00,0.2065818584070797,0
769,0052,0,2026-06-14 08:07:00,0.2065818584070797,0
770,0052,0,2026-06-14 08:07:10,0.2065818584070797,0
771,0052,0,2026-06-14 08:07:20,0.2065818584070797,0
772,0052,0,2026-06-14 08:07:30,0.2065818584070797,0
773,0078,0,2026-06-14 08:15:50,0.7193030973451328,0
774,0078,0,2026-06-14 08:15:50,0.7193030973451328,0
775,0078,0,2026-06-14 08:16:00,0.7193030973451328,0
776,0078,0,2026-06-14 08:16:00,0.7193030973451328,0
777,0078,0,2026-06-14 08:16:00,0.7193030973451328,0
778,0078,0,2026-06-14 08:16:00,0.7193030973451328,0
779,0127,0,2026-06-14 09:36:50,0.5849004424778761,0
780,0127,0,2026-06-14 09:37:00,0.5849004424778761,0
781,0127,0,2026-06-14 09:37:10,0.5849004424778761,0
782,0127,0,2026-06-14 09:37:20,0.5849004424778761,0
783,0127,0,2026-06-14 09:37:30,0.5849004424778761,0
784,0127,0,2026-06-14 09:37:40,0.5849004424778761,0
785,0083,0,2026-06-14 09:37:50,0.8039269911504425,0
786,0117,0,2026-06-14 09:37:50,0.0669247787610620,1
787,0127,0,2026-06-14 09:37:50,0.5849004424778761,0
788,0148,0,2026-06-14 09:37:50,0.4070796460176991,0
789,0148,0,2026-06-14 09:37:50,0.4070796460176991,0
790,0148,0,2026-06-14 09:37:50,0.4070796460176991,0
791,0083,0,2026-06-14 09:38:00,0.8039269911504425,0
792,0117,0,2026-06-14 09:38:00,0.0669247787610620,0
793,0127,0,2026-06-14 09:38:00,0.5849004424778761,0
794,0148,0,2026-06-14 09:38:00,0.4070796460176991,0
795,0148,0,2026-06-14 09:38:00,0.4070796460176991,0
796,0148,0,2026-06-14 09:38:00,0.4070796460176991,0
797,0148,0,2026-06-14 09:38:00,0.4070796460176991,0
798,0083,0,2026-06-14 09:38:10,0.8039269911504425,0
799,0117,0,2026-06-14 09:38:10,0.0669247787610620,0
800,0148,0,2026-06-14 09:38:10,0.4070796460176991,0
801,0148,0,2026-06-14 09:38:10,0.4070796460176991,0
802,0148,0,2026-06-14 09:38:10,0.4070796460176991,0
803,0148,0,2026-06-14 09:38:10,0.4070796460176991,0
804,0148,0,2026-06-14 09:38:10,0.4070796460176991,0
805,0148,0,2026-06-14 09:38:10,0.4070796460176991,0
806,0148,0,2026-06-14 09:38:10,0.4070796460176991,0
807,0148,0,2026-06-14 09:38:10,0.4070796460176991,0
808,0148,0,2026-06-14 09:38:10,0.4070796460176991,0
809,0083,0,2026-06-14 09:38:20,0.8039269911504425,0
810,0117,0,2026-06-14 09:38:20,0.0669247787610620,0
811,0148,0,2026-06-14 09:38:20,0.4070796460176991,0
812,0148,0,2026-06-14 09:38:20,0.4070796460176991,0
813,0148,0,2026-06-14 09:38:20,0.4070796460176991,0
814,0148,0,2026-06-14 09:38:20,0.4070796460176991,0
815,0148,0,2026-06-14 09:38:20,0.4070796460176991,0
816,0148,0,2026-06-14 09:38:20,0.4070796460176991,0
817,0148,0,2026-06-14 09:38:20,0.4070796460176991,0
818,0148,0,2026-06-14 09:38:20,0.4070796460176991,0
819,0148,0,2026-06-14 09:38:20,0.4070796460176991,0
820,0148,0,2026-06-14 09:38:20,0.4070796460176991,0
821,0083,0,2026-06-14 09:38:30,0.8039269911504425,0
822,0117,0,2026-06-14 09:38:30,0.0669247787610620,0
823,0148,0,2026-06-14 09:38:30,0.4070796460176991,0
824,0148,0,2026-06-14 09:38:30,0.4070796460176991,0
825,0148,0,2026-06-14 09:38:30,0.4070796460176991,0
826,0148,0,2026-06-14 09:38:30,0.4070796460176991,0
827,0148,0,2026-06-14 09:38:30,0.4070796460176991,0
828,0148,0,2026-06-14 09:38:30,0.4070796460176991,0
829,0148,0,2026-06-14 09:38:30,0.4070796460176991,0
830,0148,0,2026-06-14 09:38:30,0.4070796460176991,0
831,0083,0,2026-06-14 09:38:40,0.8039269911504425,0
832,0117,0,2026-06-14 09:38:40,0.0669247787610620,0
833,0148,0,2026-06-14 09:38:40,0.4070796460176991,0
834,0148,0,2026-06-14 09:38:40,0.4070796460176991,0
835,0148,0,2026-06-14 09:38:40,0.4070796460176991,0
836,0148,0,2026-06-14 09:38:40,0.4070796460176991,0
837,0148,0,2026-06-14 09:38:40,0.4070796460176991,0
838,0148,0,2026-06-14 09:38:40,0.4070796460176991,0
839,0148,0,2026-06-14 09:38:40,0.4070796460176991,0
840,0148,0,2026-06-14 09:38:40,0.4070796460176991,0
841,0165,0,2026-06-14 09:38:40,0.2607853982300885,0
842,0202,0,2026-06-14 09:38:40,0.8039269911504425,0
843,0076,0,2026-06-14 09:38:50,0.5849004424778761,0
844,0117,0,2026-06-14 09:38:50,0.0669247787610620,0
845,0148,0,2026-06-14 09:38:50,0.4070796460176991,0
846,0148,0,2026-06-14 09:38:50,0.4070796460176991,0
847,0148,0,2026-06-14 09:38:50,0.4070796460176991,0
848,0148,0,2026-06-14 09:38:50,0.4070796460176991,0
849,0148,0,2026-06-14 09:38:50,0.4070796460176991,0
850,0148,0,2026-06-14 09:38:50,0.4070796460176991,0
851,0148,0,2026-06-14 09:38:50,0.4070796460176991,0
852,0148,0,2026-06-14 09:38:50,0.4070796460176991,0
853,0165,0,2026-06-14 09:38:50,0.2607853982300885,0
854,0202,0,2026-06-14 09:38:50,0.8039269911504425,0
855,0076,0,2026-06-14 09:39:00,0.5849004424778761,0
856,0117,0,2026-06-14 09:39:00,0.0669247787610620,0
857,0148,0,2026-06-14 09:39:00,0.4070796460176991,0
858,0148,0,2026-06-14 09:39:00,0.4070796460176991,0
859,0148,0,2026-06-14 09:39:00,0.4070796460176991,0
860,0148,0,2026-06-14 09:39:00,0.4070796460176991,1
861,0148,0,2026-06-14 09:39:00,0.4070796460176991,0
862,0148,0,2026-06-14 09:39:00,0.4070796460176991,0
863,0148,0,2026-06-14 09:39:00,0.4070796460176991,0
864,0148,0,2026-06-14 09:39:00,0.4070796460176991,0
865,0148,0,2026-06-14 09:39:00,0.4070796460176991,0
866,0165,0,2026-06-14 09:39:00,0.2607853982300885,0
867,0202,0,2026-06-14 09:39:00,0.8039269911504425,0
868,0076,0,2026-06-14 09:39:10,0.5849004424778761,0
869,0117,0,2026-06-14 09:39:10,0.0669247787610620,0
870,0148,0,2026-06-14 09:39:10,0.4070796460176991,0
871,0148,0,2026-06-14 09:39:10,0.4070796460176991,0
872,0148,0,2026-06-14 09:39:10,0.4070796460176991,0
873,0148,0,2026-06-14 09:39:10,0.4070796460176991,0
874,0148,0,2026-06-14 09:39:10,0.4070796460176991,0
875,0148,0,2026-06-14 09:39:10,0.4070796460176991,0
876,0148,0,2026-06-14 09:39:10,0.4070796460176991,0
877,0148,0,2026-06-14 09:39:10,0.4070796460176991,0
878,0165,0,2026-06-14 09:39:10,0.2607853982300885,0
879,0202,0,2026-06-14 09:39:10,0.8039269911504425,0
880,0076,0,2026-06-14 09:39:20,0.5849004424778761,1
881,0117,0,2026-06-14 09:39:20,0.0669247787610620,0
882,0148,0,2026-06-14 09:39:20,0.4070796460176991,0
883,0148,0,2026-06-14 09:39:20,0.4070796460176991,0
884,0148,0,2026-06-14 09:39:20,0.4070796460176991,0
885,0148,0,2026-06-14 09:39:20,0.4070796460176991,0
886,0148,0,2026-06-14 09:39:20,0.4070796460176991,0
887,0148,0,2026-06-14 09:39:20,0.4070796460176991,0
888,0148,0,2026-06-14 09:39:20,0.4070796460176991,0
889,0148,0,2026-06-14 09:39:20,0.4070796460176991,0
890,0165,0,2026-06-14 09:39:20,0.2607853982300885,0
891,0202,0,2026-06-14 09:39:20,0.8039269911504425,0
892,0076,0,2026-06-14 09:39:30,0.5849004424778761,0
893,0117,0,2026-06-14 09:39:30,0.0669247787610620,0
894,0148,0,2026-06-14 09:39:30,0.4070796460176991,0
895,0148,0,2026-06-14 09:39:30,0.4070796460176991,0
896,0148,0,2026-06-14 09:39:30,0.4070796460176991,0
897,0148,0,2026-06-14 09:39:30,0.4070796460176991,0
898,0148,0,2026-06-14 09:39:30,0.4070796460176991,0
899,0148,0,2026-06-14 09:39:30,0.4070796460176991,0
900,0148,0,2026-06-14 09:39:30,0.4070796460176991,0
901,0165,0,2026-06-14 09:39:30,0.2607853982300885,0
902,0202,0,2026-06-14 09:39:30,0.8039269911504425,0
903,0076,0,2026-06-14 09:39:40,0.5849004424778761,0
904,0117,0,2026-06-14 09:39:40,0.0669247787610620,0
905,0165,0,2026-06-14 09:39:40,0.2607853982300885,0
906,0202,0,2026-06-14 09:39:40,0.8039269911504425,0
907,0165,0,2026-06-14 09:39:50,0.2607853982300885,1
908,0202,0,2026-06-14 09:39:50,0.8039269911504425,0
909,0064,1,2026-06-13 10:29:30,0.2065818584070797,0
910,0064,1,2026-06-13 10:29:40,0.2065818584070797,0
911,0064,1,2026-06-13 10:29:50,0.2065818584070797,1
912,0064,1,2026-06-13 10:30:00,0.2065818584070797,0
913,0064,1,2026-06-13 10:30:10,0.2065818584070797,0
914,0064,1,2026-06-13 10:30:20,0.2065818584070797,1
915,0064,1,2026-06-13 10:30:30,0.2065818584070797,0
916,0064,1,2026-06-13 10:30:40,0.2065818584070797,0
917,0064,1,2026-06-13 10:30:50,0.2065818584070797,0
918,0064,1,2026-06-13 10:31:00,0.2065818584070797,0
919,0064,1,2026-06-13 10:31:10,0.2065818584070797,0
920,0010,1,2026-06-13 10:33:20,0.2065818584070797,0
921,0010,1,2026-06-13 10:33:30,0.2065818584070797,0
922,0010,1,2026-06-13 10:33:40,0.2065818584070797,0
923,0010,1,2026-06-13 10:33:50,0.2065818584070797,1
924,0010,1,2026-06-13 10:34:00,0.2065818584070797,0
925,0010,1,2026-06-13 10:34:10,0.2065818584070797,0
926,0010,1,2026-06-13 10:34:20,0.2065818584070797,0
927,0201,1,2026-06-13 10:34:20,0.2607853982300885,0
928,0010,1,2026-06-13 10:34:30,0.2065818584070797,0
929,0201,1,2026-06-13 10:34:30,0.2607853982300885,0
930,0010,1,2026-06-13 10:34:40,0.2065818584070797,0
931,0201,1,2026-06-13 10:34:40,0.2607853982300885,0
932,0243,1,2026-06-13 10:34:40,0.9745575221238938,0
933,0010,1,2026-06-13 10:34:50,0.2065818584070797,0
934,0201,1,2026-06-13 10:34:50,0.2607853982300885,0
935,0243,1,2026-06-13 10:34:50,0.9745575221238938,0
936,0201,1,2026-06-13 10:35:00,0.2607853982300885,0
937,0243,1,2026-06-13 10:35:00,0.9745575221238938,0
938,0201,1,2026-06-13 10:35:10,0.2607853982300885,0
939,0243,1,2026-06-13 10:35:10,0.9745575221238938,0
940,0201,1,2026-06-13 10:35:20,0.2607853982300885,0
941,0243,1,2026-06-13 10:35:20,0.9745575221238938,0
942,0201,1,2026-06-13 10:35:30,0.2607853982300885,0
943,0243,1,2026-06-13 10:35:30,0.9745575221238938,0
944,0201,1,2026-06-13 10:35:40,0.2607853982300885,0
945,0243,1,2026-06-13 10:35:40,0.9745575221238938,0
946,0201,1,2026-06-13 10:35:50,0.2607853982300885,0
947,0243,1,2026-06-13 10:35:50,0.9745575221238938,0
948,0243,1,2026-06-13 10:36:00,0.9745575221238938,0
949,004,1,2026-06-13 10:41:10,0.8039269911504425,0
950,004,1,2026-06-13 10:41:20,0.8039269911504425,1
951,004,1,2026-06-13 10:41:30,0.8039269911504425,0
952,004,1,2026-06-13 10:41:40,0.8039269911504425,0
953,004,1,2026-06-13 10:41:50,0.8039269911504425,0
954,004,1,2026-06-13 10:42:00,0.8039269911504425,0
955,004,1,2026-06-13 10:42:10,0.8039269911504425,0
956,0111,1,2026-06-13 12:24:50,0.9004424778761062,0
957,0111,1,2026-06-13 12:25:00,0.9004424778761062,0
958,0111,1,2026-06-13 12:25:10,0.9004424778761062,0
959,0111,1,2026-06-13 12:25:20,0.9004424778761062,0
960,0111,1,2026-06-13 12:25:30,0.9004424778761062,0
961,0111,1,2026-06-13 12:25:40,0.9004424778761062,0
962,0111,1,2026-06-13 12:25:50,0.9004424778761062,0
963,0111,1,2026-06-13 12:26:00,0.9004424778761062,0
964,0111,1,2026-06-13 12:26:10,0.9004424778761062,0
965,0111,1,2026-06-13 12:26:20,0.9004424778761062,0
966,0111,1,2026-06-13 12:26:30,0.9004424778761062,0
967,0136,1,2026-06-13 12:29:40,0.2607853982300885,1
968,0136,1,2026-06-13 12:29:50,0.2607853982300885,0
969,0136,1,2026-06-13 12:30:00,0.2607853982300885,0
970,0136,1,2026-06-13 12:30:10,0.2607853982300885,0
971,0136,1,2026-06-13 12:30:20,0.2607853982300885,0
972,0136,1,2026-06-13 12:30:30,0.2607853982300885,0
973,0136,1,2026-06-13 12:30:40,0.2607853982300885,0
974,0136,1,2026-06-13 12:30:50,0.2607853982300885,0
975,0136,1,2026-06-13 12:31:00,0.2607853982300885,0
976,0136,1,2026-06-13 12:31:10,0.2607853982300885,0
977,0023,1,2026-06-13 14:11:10,0.5459070796460177,0
978,0023,1,2026-06-13 14:11:20,0.5459070796460177,0
979,0023,1,2026-06-13 14:11:30,0.5459070796460177,0
980,0039,1,2026-06-13 14:11:30,0.9004424778761062,0
981,0023,1,2026-06-13 14:11:40,0.5459070796460177,0
982,0039,1,2026-06-13 14:11:40,0.9004424778761062,0
983,0023,1,2026-06-13 14:11:50,0.5459070796460177,0
984,0039,1,2026-06-13 14:11:50,0.9004424778761062,0
985,0023,1,2026-06-13 14:12:00,0.5459070796460177,0
986,0039,1,2026-06-13 14:12:00,0.9004424778761062,0
987,0023,1,2026-06-13 14:12:10,0.5459070796460177,0
988,0039,1,2026-06-13 14:12:10,0.9004424778761062,0
989,0023,1,2026-06-13 14:12:20,0.5459070796460177,0
990,0023,1,2026-06-13 14:12:30,0.5459070796460177,0
991,0023,1,2026-06-13 14:12:40,0.5459070796460177,0
992,0023,1,2026-06-13 14:12:50,0.5459070796460177,0
993,0160,1,2026-06-13 15:28:20,0.4070796460176991,0
994,0160,1,2026-06-13 15:28:30,0.4070796460176991,0
995,0160,1,2026-06-13 15:28:40,0.4070796460176991,0
996,0160,1,2026-06-13 15:28:50,0.4070796460176991,0
997,0160,1,2026-06-13 15:29:00,0.4070796460176991,0
998,0160,1,2026-06-13 15:29:10,0.4070796460176991,0
999,0179,1,2026-06-13 15:32:20,0.4070796460176991,0
1000,0179,1,2026-06-13 15:32:20,0.4070796460176991,0
1001,0179,1,2026-06-13 15:32:20,0.4070796460176991,0
1002,0179,1,2026-06-13 15:32:20,0.4070796460176991,0
1003,0179,1,2026-06-13 15:32:20,0.4070796460176991,0
1004,0179,1,2026-06-13 15:32:20,0.4070796460176991,0
1005,0179,1,2026-06-13 15:32:30,0.4070796460176991,0
1006,0179,1,2026-06-13 15:32:30,0.4070796460176991,0
1007,0179,1,2026-06-13 15:32:30,0.4070796460176991,0
1008,0179,1,2026-06-13 15:32:30,0.4070796460176991,0
1009,0179,1,2026-06-13 15:32:30,0.4070796460176991,0
1010,0179,1,2026-06-13 15:32:40,0.4070796460176991,0
1011,0179,1,2026-06-13 15:32:40,0.4070796460176991,0
1012,0179,1,2026-06-13 15:32:40,0.4070796460176991,0
1013,0179,1,2026-06-13 15:32:40,0.4070796460176991,0
1014,0179,1,2026-06-13 15:32:40,0.4070796460176991,0
1015,0179,1,2026-06-13 15:32:50,0.4070796460176991,0
1016,0179,1,2026-06-13 15:32:50,0.4070796460176991,0
1017,0179,1,2026-06-13 15:32:50,0.4070796460176991,0
1018,0179,1,2026-06-13 15:32:50,0.4070796460176991,0
1019,0179,1,2026-06-13 15:32:50,0.4070796460176991,0
1020,0179,1,2026-06-13 15:33:00,0.4070796460176991,0
1021,0179,1,2026-06-13 15:33:00,0.4070796460176991,0
1022,0179,1,2026-06-13 15:33:00,0.4070796460176991,0
1023,0179,1,2026-06-13 15:33:00,0.4070796460176991,0
1024,0179,1,2026-06-13 15:33:10,0.4070796460176991,0
1025,0179,1,2026-06-13 15:33:10,0.4070796460176991,0
1026,0179,1,2026-06-13 15:33:10,0.4070796460176991,0
1027,0179,1,2026-06-13 15:33:10,0.4070796460176991,0
1028,0179,1,2026-06-13 15:33:20,0.4070796460176991,0
1029,0179,1,2026-06-13 15:33:20,0.4070796460176991,0
1030,0179,1,2026-06-13 15:33:20,0.4070796460176991,0
1031,0179,1,2026-06-13 15:33:20,0.4070796460176991,0
1032,0184,1,2026-06-13 15:33:20,0.2065818584070797,0
1033,0184,1,2026-06-13 15:33:20,0.2065818584070797,0
1034,0184,1,2026-06-13 15:33:20,0.2065818584070797,0
1035,0184,1,2026-06-13 15:33:20,0.2065818584070797,0
1036,0184,1,2026-06-13 15:33:20,0.2065818584070797,0
1037,0179,1,2026-06-13 15:33:30,0.4070796460176991,0
1038,0179,1,2026-06-13 15:33:30,0.4070796460176991,0
1039,0179,1,2026-06-13 15:33:30,0.4070796460176991,0
1040,0184,1,2026-06-13 15:33:30,0.2065818584070797,0
1041,0184,1,2026-06-13 15:33:30,0.2065818584070797,0
1042,0184,1,2026-06-13 15:33:30,0.2065818584070797,0
1043,0184,1,2026-06-13 15:33:30,0.2065818584070797,0
1044,0184,1,2026-06-13 15:33:30,0.2065818584070797,0
1045,0179,1,2026-06-13 15:33:40,0.4070796460176991,0
1046,0179,1,2026-06-13 15:33:40,0.4070796460176991,0
1047,0179,1,2026-06-13 15:33:40,0.4070796460176991,0
1048,0179,1,2026-06-13 15:33:40,0.4070796460176991,0
1049,0179,1,2026-06-13 15:33:40,0.4070796460176991,0
1050,0184,1,2026-06-13 15:33:40,0.2065818584070797,0
1051,0184,1,2026-06-13 15:33:40,0.2065818584070797,0
1052,0184,1,2026-06-13 15:33:40,0.2065818584070797,0
1053,0184,1,2026-06-13 15:33:40,0.2065818584070797,0
1054,0184,1,2026-06-13 15:33:40,0.2065818584070797,0
1055,0179,1,2026-06-13 15:33:50,0.4070796460176991,0
1056,0179,1,2026-06-13 15:33:50,0.4070796460176991,0
1057,0179,1,2026-06-13 15:33:50,0.4070796460176991,0
1058,0179,1,2026-06-13 15:33:50,0.4070796460176991,0
1059,0179,1,2026-06-13 15:33:50,0.4070796460176991,1
1060,0184,1,2026-06-13 15:33:50,0.2065818584070797,0
1061,0184,1,2026-06-13 15:33:50,0.2065818584070797,0
1062,0184,1,2026-06-13 15:33:50,0.2065818584070797,0
1063,0184,1,2026-06-13 15:33:50,0.2065818584070797,0
1064,0184,1,2026-06-13 15:33:50,0.2065818584070797,0
1065,0184,1,2026-06-13 15:34:00,0.2065818584070797,0
1066,0184,1,2026-06-13 15:34:00,0.2065818584070797,0
1067,0184,1,2026-06-13 15:34:00,0.2065818584070797,0
1068,0184,1,2026-06-13 15:34:00,0.2065818584070797,0
1069,0184,1,2026-06-13 15:34:00,0.2065818584070797,0
1070,0184,1,2026-06-13 15:34:10,0.2065818584070797,0
1071,0184,1,2026-06-13 15:34:10,0.2065818584070797,0
1072,0184,1,2026-06-13 15:34:10,0.2065818584070797,0
1073,0184,1,2026-06-13 15:34:10,0.2065818584070797,0
1074,0184,1,2026-06-13 15:34:10,0.2065818584070797,0
1075,0137,1,2026-06-13 15:37:10,0.2607853982300885,0
1076,0137,1,2026-06-13 15:37:20,0.2607853982300885,0
1077,0137,1,2026-06-13 15:37:30,0.2607853982300885,0
1078,0137,1,2026-06-13 15:37:40,0.2607853982300885,1
1079,0137,1,2026-06-13 15:37:50,0.2607853982300885,0
1080,0137,1,2026-06-13 15:38:00,0.2607853982300885,0
1081,0137,1,2026-06-13 15:38:10,0.2607853982300885,0
1082,0077,1,2026-06-13 15:38:20,0.9745575221238938,0
1083,0137,1,2026-06-13 15:38:20,0.2607853982300885,0
1084,0077,1,2026-06-13 15:38:30,0.9745575221238938,0
1085,0137,1,2026-06-13 15:38:30,0.2607853982300885,0
1086,0077,1,2026-06-13 15:38:40,0.9745575221238938,0
1087,0137,1,2026-06-13 15:38:40,0.2607853982300885,0
1088,0077,1,2026-06-13 15:38:50,0.9745575221238938,0
1089,0137,1,2026-06-13 15:38:50,0.2607853982300885,0
1090,0077,1,2026-06-13 15:39:00,0.9745575221238938,0
1091,0077,1,2026-06-13 15:39:10,0.9745575221238938,0
1092,0021,1,2026-06-13 16:46:10,0.2065818584070797,0
1093,0021,1,2026-06-13 16:46:20,0.2065818584070797,0
1094,0021,1,2026-06-13 16:46:30,0.2065818584070797,0
1095,0021,1,2026-06-13 16:46:40,0.2065818584070797,0
1096,0038,1,2026-06-13 17:08:00,0.6319137168141593,0
1097,0038,1,2026-06-13 17:08:10,0.6319137168141593,0
1098,0069,1,2026-06-13 17:08:10,1.0000000000000000,0
1099,0038,1,2026-06-13 17:08:20,0.6319137168141593,0
1100,0069,1,2026-06-13 17:08:20,1.0000000000000000,0
1101,0038,1,2026-06-13 17:08:30,0.6319137168141593,0
1102,0069,1,2026-06-13 17:08:30,1.0000000000000000,0
1103,0038,1,2026-06-13 17:08:40,0.6319137168141593,0
1104,0069,1,2026-06-13 17:08:40,1.0000000000000000,0
1105,0038,1,2026-06-13 17:08:50,0.6319137168141593,0
1106,0069,1,2026-06-13 17:08:50,1.0000000000000000,0
1107,0038,1,2026-06-13 17:09:00,0.6319137168141593,0
1108,0069,1,2026-06-13 17:09:00,1.0000000000000000,0
1109,0038,1,2026-06-13 17:09:10,0.6319137168141593,0
1110,0069,1,2026-06-13 17:09:10,1.0000000000000000,0
1111,0038,1,2026-06-13 17:09:20,0.6319137168141593,0
1112,0069,1,2026-06-13 17:09:20,1.0000000000000000,0
1113,0038,1,2026-06-13 17:09:30,0.6319137168141593,0
1114,0069,1,2026-06-13 17:09:30,1.0000000000000000,0
1115,0038,1,2026-06-13 17:09:40,0.6319137168141593,0
1116,0069,1,2026-06-13 17:09:40,1.0000000000000000,0
1117,0038,1,2026-06-13 17:09:50,0.6319137168141593,0
1118,0069,1,2026-06-13 17:09:50,1.0000000000000000,0
1119,0069,1,2026-06-13 17:10:00,1.0000000000000000,0
1120,007,1,2026-06-13 17:11:50,0.8039269911504425,0
1121,0053,1,2026-06-13 17:11:50,0.9745575221238938,0
1122,007,1,2026-06-13 17:12:00,0.8039269911504425,0
1123,0053,1,2026-06-13 17:12:00,0.9745575221238938,0
1124,007,1,2026-06-13 17:12:10,0.8039269911504425,0
1125,0053,1,2026-06-13 17:12:10,0.9745575221238938,0
1126,007,1,2026-06-13 17:12:20,0.8039269911504425,0
1127,0053,1,2026-06-13 17:12:20,0.9745575221238938,0
1128,007,1,2026-06-13 17:12:30,0.8039269911504425,0
1129,0053,1,2026-06-13 17:12:30,0.9745575221238938,0
1130,007,1,2026-06-13 17:12:40,0.8039269911504425,0
1131,0053,1,2026-06-13 17:12:40,0.9745575221238938,0
1132,007,1,2026-06-13 17:12:50,0.8039269911504425,0
1133,0053,1,2026-06-13 17:12:50,0.9745575221238938,1
1134,007,1,2026-06-13 17:13:00,0.8039269911504425,0
1135,0053,1,2026-06-13 17:13:00,0.9745575221238938,0
1136,007,1,2026-06-13 17:13:10,0.8039269911504425,0
1137,0053,1,2026-06-13 17:13:10,0.9745575221238938,0
1138,007,1,2026-06-13 17:13:20,0.8039269911504425,0
1139,007,1,2026-06-13 17:13:30,0.8039269911504425,0
1140,0119,1,2026-06-13 18:25:50,0.9004424778761062,0
1141,0119,1,2026-06-13 18:26:00,0.9004424778761062,0
1142,0119,1,2026-06-13 18:26:10,0.9004424778761062,0
1143,0119,1,2026-06-13 18:26:20,0.9004424778761062,0
1144,0119,1,2026-06-13 18:26:30,0.9004424778761062,0
1145,0119,1,2026-06-13 18:26:40,0.9004424778761062,0
1146,0119,1,2026-06-13 18:26:50,0.9004424778761062,0
1147,0119,1,2026-06-13 18:27:00,0.9004424778761062,0
1148,0119,1,2026-06-13 18:27:10,0.9004424778761062,0
1149,0119,1,2026-06-13 18:27:20,0.9004424778761062,0
1150,0119,1,2026-06-13 18:27:30,0.9004424778761062,0
1151,0119,1,2026-06-13 18:27:40,0.9004424778761062,0
1152,0134,1,2026-06-13 18:45:50,0.0212942477876106,0
1153,0134,1,2026-06-13 18:46:00,0.0212942477876106,0
1154,0134,1,2026-06-13 18:46:10,0.0212942477876106,0
1155,0134,1,2026-06-13 18:46:20,0.0212942477876106,0
1156,0180,1,2026-06-14 01:18:50,0.8039269911504425,0
1157,0180,1,2026-06-14 01:19:00,0.8039269911504425,0
1158,0180,1,2026-06-14 01:19:10,0.8039269911504425,0
1159,0180,1,2026-06-14 01:19:20,0.8039269911504425,0
1160,0180,1,2026-06-14 01:19:30,0.8039269911504425,0
1161,0180,1,2026-06-14 01:19:40,0.8039269911504425,0
1162,0180,1,2026-06-14 01:19:50,0.8039269911504425,0
1163,0180,1,2026-06-14 01:20:00,0.8039269911504425,0
1164,0180,1,2026-06-14 01:20:10,0.8039269911504425,0
1165,0180,1,2026-06-14 01:20:20,0.8039269911504425,0
1166,0180,1,2026-06-14 01:20:30,0.8039269911504425,0
1167,0180,1,2026-06-14 01:20:40,0.8039269911504425,1
1168,0014,1,2026-06-14 01:21:20,0.7193030973451328,0
1169,0014,1,2026-06-14 01:21:30,0.7193030973451328,0
1170,0014,1,2026-06-14 01:21:40,0.7193030973451328,0
1171,0014,1,2026-06-14 01:21:50,0.7193030973451328,0
1172,0014,1,2026-06-14 01:22:00,0.7193030973451328,1
1173,0014,1,2026-06-14 01:22:10,0.7193030973451328,0
1174,0014,1,2026-06-14 01:22:20,0.7193030973451328,0
1175,0014,1,2026-06-14 01:22:30,0.7193030973451328,0
1176,0014,1,2026-06-14 01:22:40,0.7193030973451328,0
1177,0031,1,2026-06-14 01:22:40,0.5459070796460177,1
1178,0155,1,2026-06-14 01:22:40,0.5459070796460177,0
1179,0155,1,2026-06-14 01:22:40,0.5459070796460177,0
1180,0155,1,2026-06-14 01:22:40,0.5459070796460177,0
1181,0014,1,2026-06-14 01:22:50,0.7193030973451328,0
1182,0031,1,2026-06-14 01:22:50,0.5459070796460177,0
1183,0115,1,2026-06-14 01:22:50,0.7193030973451328,0
1184,0150,1,2026-06-14 01:22:50,0.9004424778761062,0
1185,0155,1,2026-06-14 01:22:50,0.5459070796460177,0
1186,0155,1,2026-06-14 01:22:50,0.5459070796460177,0
1187,0155,1,2026-06-14 01:22:50,0.5459070796460177,0
1188,0155,1,2026-06-14 01:22:50,0.5459070796460177,0
1189,0155,1,2026-06-14 01:22:50,0.5459070796460177,0
1190,0031,1,2026-06-14 01:23:00,0.5459070796460177,0
1191,0115,1,2026-06-14 01:23:00,0.7193030973451328,0
1192,0150,1,2026-06-14 01:23:00,0.9004424778761062,0
1193,0155,1,2026-06-14 01:23:00,0.5459070796460177,0
1194,0155,1,2026-06-14 01:23:00,0.5459070796460177,0
1195,0155,1,2026-06-14 01:23:00,0.5459070796460177,0
1196,0155,1,2026-06-14 01:23:00,0.5459070796460177,0
1197,0155,1,2026-06-14 01:23:00,0.5459070796460177,0
1198,0155,1,2026-06-14 01:23:00,0.5459070796460177,0
1199,0155,1,2026-06-14 01:23:00,0.5459070796460177,0
1200,0155,1,2026-06-14 01:23:00,0.5459070796460177,0
1201,0031,1,2026-06-14 01:23:10,0.5459070796460177,0
1202,0072,1,2026-06-14 01:23:10,0.2065818584070797,0
1203,0115,1,2026-06-14 01:23:10,0.7193030973451328,0
1204,0150,1,2026-06-14 01:23:10,0.9004424778761062,0
1205,0155,1,2026-06-14 01:23:10,0.5459070796460177,0
1206,0155,1,2026-06-14 01:23:10,0.5459070796460177,0
1207,0155,1,2026-06-14 01:23:10,0.5459070796460177,0
1208,0155,1,2026-06-14 01:23:10,0.5459070796460177,0
1209,0155,1,2026-06-14 01:23:10,0.5459070796460177,0
1210,0155,1,2026-06-14 01:23:10,0.5459070796460177,0
1211,0155,1,2026-06-14 01:23:10,0.5459070796460177,0
1212,0155,1,2026-06-14 01:23:10,0.5459070796460177,0
1213,0155,1,2026-06-14 01:23:10,0.5459070796460177,0
1214,0155,1,2026-06-14 01:23:10,0.5459070796460177,0
1215,0169,1,2026-06-14 01:23:10,0.5459070796460177,0
1216,0031,1,2026-06-14 01:23:20,0.5459070796460177,0
1217,0072,1,2026-06-14 01:23:20,0.2065818584070797,0
1218,0115,1,2026-06-14 01:23:20,0.7193030973451328,0
1219,0150,1,2026-06-14 01:23:20,0.9004424778761062,0
1220,0155,1,2026-06-14 01:23:20,0.5459070796460177,0
1221,0155,1,2026-06-14 01:23:20,0.5459070796460177,0
1222,0155,1,2026-06-14 01:23:20,0.5459070796460177,0
1223,0155,1,2026-06-14 01:23:20,0.5459070796460177,0
1224,0155,1,2026-06-14 01:23:20,0.5459070796460177,0
1225,0155,1,2026-06-14 01:23:20,0.5459070796460177,0
1226,0155,1,2026-06-14 01:23:20,0.5459070796460177,0
1227,0155,1,2026-06-14 01:23:20,0.5459070796460177,0
1228,0155,1,2026-06-14 01:23:20,0.5459070796460177,0
1229,0169,1,2026-06-14 01:23:20,0.5459070796460177,0
1230,0031,1,2026-06-14 01:23:30,0.5459070796460177,0
1231,0072,1,2026-06-14 01:23:30,0.2065818584070797,0
1232,0115,1,2026-06-14 01:23:30,0.7193030973451328,0
1233,0150,1,2026-06-14 01:23:30,0.9004424778761062,0
1234,0155,1,2026-06-14 01:23:30,0.5459070796460177,0
1235,0155,1,2026-06-14 01:23:30,0.5459070796460177,0
1236,0155,1,2026-06-14 01:23:30,0.5459070796460177,0
1237,0155,1,2026-06-14 01:23:30,0.5459070796460177,0
1238,0155,1,2026-06-14 01:23:30,0.5459070796460177,0
1239,0155,1,2026-06-14 01:23:30,0.5459070796460177,0
1240,0155,1,2026-06-14 01:23:30,0.5459070796460177,0
1241,0169,1,2026-06-14 01:23:30,0.5459070796460177,0
1242,0072,1,2026-06-14 01:23:40,0.2065818584070797,0
1243,0115,1,2026-06-14 01:23:40,0.7193030973451328,0
1244,0150,1,2026-06-14 01:23:40,0.9004424778761062,0
1245,0155,1,2026-06-14 01:23:40,0.5459070796460177,0
1246,0155,1,2026-06-14 01:23:40,0.5459070796460177,0
1247,0155,1,2026-06-14 01:23:40,0.5459070796460177,0
1248,0155,1,2026-06-14 01:23:40,0.5459070796460177,0
1249,0155,1,2026-06-14 01:23:40,0.5459070796460177,0
1250,0155,1,2026-06-14 01:23:40,0.5459070796460177,0
1251,0155,1,2026-06-14 01:23:40,0.5459070796460177,0
1252,0155,1,2026-06-14 01:23:40,0.5459070796460177,0
1253,0169,1,2026-06-14 01:23:40,0.5459070796460177,0
1254,0072,1,2026-06-14 01:23:50,0.2065818584070797,0
1255,0115,1,2026-06-14 01:23:50,0.7193030973451328,0
1256,0150,1,2026-06-14 01:23:50,0.9004424778761062,0
1257,0155,1,2026-06-14 01:23:50,0.5459070796460177,0
1258,0155,1,2026-06-14 01:23:50,0.5459070796460177,0
1259,0155,1,2026-06-14 01:23:50,0.5459070796460177,0
1260,0155,1,2026-06-14 01:23:50,0.5459070796460177,0
1261,0155,1,2026-06-14 01:23:50,0.5459070796460177,0
1262,0155,1,2026-06-14 01:23:50,0.5459070796460177,0
1263,0155,1,2026-06-14 01:23:50,0.5459070796460177,0
1264,0155,1,2026-06-14 01:23:50,0.5459070796460177,0
1265,0169,1,2026-06-14 01:23:50,0.5459070796460177,0
1266,0072,1,2026-06-14 01:24:00,0.2065818584070797,0
1267,0115,1,2026-06-14 01:24:00,0.7193030973451328,0
1268,0150,1,2026-06-14 01:24:00,0.9004424778761062,0
1269,0155,1,2026-06-14 01:24:00,0.5459070796460177,0
1270,0155,1,2026-06-14 01:24:00,0.5459070796460177,0
1271,0155,1,2026-06-14 01:24:00,0.5459070796460177,0
1272,0155,1,2026-06-14 01:24:00,0.5459070796460177,0
1273,0155,1,2026-06-14 01:24:00,0.5459070796460177,0
1274,0155,1,2026-06-14 01:24:00,0.5459070796460177,0
1275,0155,1,2026-06-14 01:24:00,0.5459070796460177,0
1276,0169,1,2026-06-14 01:24:00,0.5459070796460177,0
1277,0072,1,2026-06-14 01:24:10,0.2065818584070797,1
1278,0115,1,2026-06-14 01:24:10,0.7193030973451328,0
1279,0150,1,2026-06-14 01:24:10,0.9004424778761062,0
1280,0155,1,2026-06-14 01:24:10,0.5459070796460177,0
1281,0155,1,2026-06-14 01:24:10,0.5459070796460177,0
1282,0155,1,2026-06-14 01:24:10,0.5459070796460177,0
1283,0155,1,2026-06-14 01:24:10,0.5459070796460177,0
1284,0155,1,2026-06-14 01:24:10,0.5459070796460177,0
1285,0155,1,2026-06-14 01:24:10,0.5459070796460177,0
1286,0169,1,2026-06-14 01:24:10,0.5459070796460177,0
1287,0115,1,2026-06-14 01:24:20,0.7193030973451328,0
1288,0150,1,2026-06-14 01:24:20,0.9004424778761062,0
1289,0155,1,2026-06-14 01:24:20,0.5459070796460177,0
1290,0155,1,2026-06-14 01:24:20,0.5459070796460177,0
1291,0155,1,2026-06-14 01:24:20,0.5459070796460177,0
1292,0155,1,2026-06-14 01:24:20,0.5459070796460177,0
1293,0169,1,2026-06-14 01:24:20,0.5459070796460177,0
1294,0115,1,2026-06-14 01:24:30,0.7193030973451328,0
1295,0150,1,2026-06-14 01:24:30,0.9004424778761062,1
1296,0169,1,2026-06-14 01:24:30,0.5459070796460177,0
1297,0115,1,2026-06-14 01:24:40,0.7193030973451328,0
1298,0169,1,2026-06-14 01:24:40,0.5459070796460177,0
1299,0029,1,2026-06-14 03:01:20,1.0000000000000000,0
1300,0029,1,2026-06-14 03:01:30,1.0000000000000000,1
1301,0204,1,2026-06-14 03:01:30,0.7193030973451328,0
1302,0029,1,2026-06-14 03:01:40,1.0000000000000000,0
1303,0047,1,2026-06-14 03:01:40,0.8039269911504425,0
1304,0204,1,2026-06-14 03:01:40,0.7193030973451328,0
1305,0029,1,2026-06-14 03:01:50,1.0000000000000000,0
1306,0047,1,2026-06-14 03:01:50,0.8039269911504425,1
1307,0204,1,2026-06-14 03:01:50,0.7193030973451328,0
1308,0029,1,2026-06-14 03:02:00,1.0000000000000000,0
1309,0047,1,2026-06-14 03:02:00,0.8039269911504425,0
1310,0204,1,2026-06-14 03:02:00,0.7193030973451328,0
1311,0029,1,2026-06-14 03:02:10,1.0000000000000000,0
1312,0047,1,2026-06-14 03:02:10,0.8039269911504425,0
1313,0204,1,2026-06-14 03:02:10,0.7193030973451328,0
1314,0017,1,2026-06-14 03:02:20,0.2607853982300885,0
1315,0029,1,2026-06-14 03:02:20,1.0000000000000000,0
1316,0047,1,2026-06-14 03:02:20,0.8039269911504425,0
1317,0204,1,2026-06-14 03:02:20,0.7193030973451328,0
1318,0017,1,2026-06-14 03:02:30,0.2607853982300885,0
1319,0029,1,2026-06-14 03:02:30,1.0000000000000000,0
1320,0047,1,2026-06-14 03:02:30,0.8039269911504425,0
1321,0204,1,2026-06-14 03:02:30,0.7193030973451328,0
1322,0017,1,2026-06-14 03:02:40,0.2607853982300885,0
1323,0029,1,2026-06-14 03:02:40,1.0000000000000000,0
1324,0204,1,2026-06-14 03:02:40,0.7193030973451328,0
1325,0017,1,2026-06-14 03:02:50,0.2607853982300885,0
1326,0029,1,2026-06-14 03:02:50,1.0000000000000000,0
1327,0204,1,2026-06-14 03:02:50,0.7193030973451328,0
1328,0017,1,2026-06-14 03:03:00,0.2607853982300885,0
1329,0017,1,2026-06-14 03:03:10,0.2607853982300885,0
1330,0017,1,2026-06-14 03:03:20,0.2607853982300885,0
1331,0025,1,2026-06-14 03:03:20,0.4070796460176991,0
1332,0017,1,2026-06-14 03:03:30,0.2607853982300885,0
1333,0025,1,2026-06-14 03:03:30,0.4070796460176991,0
1334,0197,1,2026-06-14 03:03:30,0.5459070796460177,0
1335,0017,1,2026-06-14 03:03:40,0.2607853982300885,0
1336,0025,1,2026-06-14 03:03:40,0.4070796460176991,0
1337,0197,1,2026-06-14 03:03:40,0.5459070796460177,0
1338,0017,1,2026-06-14 03:03:50,0.2607853982300885,1
1339,0025,1,2026-06-14 03:03:50,0.4070796460176991,0
1340,0197,1,2026-06-14 03:03:50,0.5459070796460177,0
1341,0017,1,2026-06-14 03:04:00,0.2607853982300885,0
1342,0025,1,2026-06-14 03:04:00,0.4070796460176991,0
1343,0197,1,2026-06-14 03:04:00,0.5459070796460177,0
1344,0017,1,2026-06-14 03:04:10,0.2607853982300885,0
1345,0025,1,2026-06-14 03:04:10,0.4070796460176991,0
1346,0197,1,2026-06-14 03:04:10,0.5459070796460177,0
1347,0025,1,2026-06-14 03:04:20,0.4070796460176991,0
1348,0197,1,2026-06-14 03:04:20,0.5459070796460177,0
1349,0025,1,2026-06-14 03:04:30,0.4070796460176991,0
1350,0175,1,2026-06-14 03:06:10,0.9745575221238938,0
1351,0175,1,2026-06-14 03:06:20,0.9745575221238938,0
1352,0175,1,2026-06-14 03:06:30,0.9745575221238938,0
1353,0175,1,2026-06-14 03:06:40,0.9745575221238938,0
1354,0175,1,2026-06-14 03:06:50,0.9745575221238938,0
1355,0175,1,2026-06-14 03:07:00,0.9745575221238938,0
1356,0175,1,2026-06-14 03:07:10,0.9745575221238938,0
1357,0175,1,2026-06-14 03:07:20,0.9745575221238938,0
1358,0175,1,2026-06-14 03:07:30,0.9745575221238938,0
1359,0175,1,2026-06-14 03:07:40,0.9745575221238938,0
1360,0175,1,2026-06-14 03:07:50,0.9745575221238938,0
1361,0142,1,2026-06-14 04:33:50,0.5459070796460177,0
1362,0142,1,2026-06-14 04:34:00,0.5459070796460177,0
1363,0142,1,2026-06-14 04:34:10,0.5459070796460177,0
1364,0142,1,2026-06-14 04:34:20,0.5459070796460177,0
1365,0142,1,2026-06-14 04:34:30,0.5459070796460177,0
1366,0142,1,2026-06-14 04:34:40,0.5459070796460177,0
1367,0142,1,2026-06-14 04:34:50,0.5459070796460177,0
1368,0142,1,2026-06-14 04:35:00,0.5459070796460177,0
1369,0142,1,2026-06-14 04:35:10,0.5459070796460177,0
1370,0142,1,2026-06-14 04:35:20,0.5459070796460177,0
1371,0142,1,2026-06-14 04:35:30,0.5459070796460177,0
1372,0142,1,2026-06-14 04:35:40,0.5459070796460177,1
1373,0129,1,2026-06-14 04:38:30,0.7193030973451328,0
1374,0129,1,2026-06-14 04:38:40,0.7193030973451328,0
1375,0129,1,2026-06-14 04:38:50,0.7193030973451328,0
1376,0129,1,2026-06-14 04:39:00,0.7193030973451328,0
1377,0129,1,2026-06-14 04:39:10,0.7193030973451328,0
1378,0129,1,2026-06-14 04:39:20,0.7193030973451328,0
1379,0129,1,2026-06-14 04:39:30,0.7193030973451328,0
1380,0129,1,2026-06-14 04:39:40,0.7193030973451328,0
1381,0129,1,2026-06-14 04:39:50,0.7193030973451328,0
1382,0129,1,2026-06-14 04:40:00,0.7193030973451328,0
1383,0129,1,2026-06-14 04:40:10,0.7193030973451328,0
1384,0218,1,2026-06-14 04:42:10,0.2065818584070797,0
1385,0218,1,2026-06-14 04:42:20,0.2065818584070797,0
1386,0087,1,2026-06-14 04:42:30,0.2065818584070797,0
1387,0218,1,2026-06-14 04:42:30,0.2065818584070797,0
1388,0087,1,2026-06-14 04:42:40,0.2065818584070797,0
1389,0218,1,2026-06-14 04:42:40,0.2065818584070797,0
1390,0087,1,2026-06-14 04:42:50,0.2065818584070797,0
1391,0218,1,2026-06-14 04:42:50,0.2065818584070797,0
1392,0087,1,2026-06-14 04:43:00,0.2065818584070797,0
1393,0218,1,2026-06-14 04:43:00,0.2065818584070797,0
1394,0087,1,2026-06-14 04:43:10,0.2065818584070797,0
1395,0218,1,2026-06-14 04:43:10,0.2065818584070797,0
1396,0087,1,2026-06-14 04:43:20,0.2065818584070797,0
1397,0218,1,2026-06-14 04:43:20,0.2065818584070797,0
1398,0087,1,2026-06-14 04:43:30,0.2065818584070797,0
1399,0218,1,2026-06-14 04:43:30,0.2065818584070797,0
1400,0218,1,2026-06-14 04:43:40,0.2065818584070797,0
1401,0218,1,2026-06-14 04:43:50,0.2065818584070797,0
1402,0218,1,2026-06-14 04:44:00,0.2065818584070797,0
1403,0066,1,2026-06-14 04:44:40,0.9004424778761062,0
1404,0066,1,2026-06-14 04:44:50,0.9004424778761062,0
1405,0019,1,2026-06-14 04:45:00,0.5459070796460177,0
1406,0024,1,2026-06-14 04:45:00,0.2607853982300885,0
1407,0066,1,2026-06-14 04:45:00,0.9004424778761062,0
1408,0174,1,2026-06-14 04:45:00,0.2065818584070797,0
1409,0174,1,2026-06-14 04:45:00,0.2065818584070797,0
1410,0174,1,2026-06-14 04:45:00,0.2065818584070797,0
1411,0174,1,2026-06-14 04:45:00,0.2065818584070797,0
1412,0174,1,2026-06-14 04:45:00,0.2065818584070797,0
1413,0174,1,2026-06-14 04:45:00,0.2065818584070797,0
1414,0174,1,2026-06-14 04:45:00,0.2065818584070797,0
1415,0019,1,2026-06-14 04:45:10,0.5459070796460177,1
1416,0024,1,2026-06-14 04:45:10,0.2607853982300885,0
1417,0066,1,2026-06-14 04:45:10,0.9004424778761062,0
1418,0174,1,2026-06-14 04:45:10,0.2065818584070797,0
1419,0174,1,2026-06-14 04:45:10,0.2065818584070797,0
1420,0174,1,2026-06-14 04:45:10,0.2065818584070797,0
1421,0174,1,2026-06-14 04:45:10,0.2065818584070797,0
1422,0174,1,2026-06-14 04:45:10,0.2065818584070797,0
1423,0174,1,2026-06-14 04:45:10,0.2065818584070797,0
1424,0019,1,2026-06-14 04:45:20,0.5459070796460177,0
1425,0024,1,2026-06-14 04:45:20,0.2607853982300885,0
1426,0066,1,2026-06-14 04:45:20,0.9004424778761062,0
1427,0174,1,2026-06-14 04:45:20,0.2065818584070797,0
1428,0174,1,2026-06-14 04:45:20,0.2065818584070797,0
1429,0174,1,2026-06-14 04:45:20,0.2065818584070797,0
1430,0174,1,2026-06-14 04:45:20,0.2065818584070797,0
1431,0174,1,2026-06-14 04:45:20,0.2065818584070797,0
1432,0019,1,2026-06-14 04:45:30,0.5459070796460177,0
1433,0024,1,2026-06-14 04:45:30,0.2607853982300885,1
1434,0066,1,2026-06-14 04:45:30,0.9004424778761062,0
1435,0174,1,2026-06-14 04:45:30,0.2065818584070797,0
1436,0174,1,2026-06-14 04:45:30,0.2065818584070797,0
1437,0174,1,2026-06-14 04:45:30,0.2065818584070797,0
1438,0174,1,2026-06-14 04:45:30,0.2065818584070797,0
1439,0174,1,2026-06-14 04:45:30,0.2065818584070797,0
1440,0174,1,2026-06-14 04:45:30,0.2065818584070797,0
1441,0019,1,2026-06-14 04:45:40,0.5459070796460177,0
1442,0024,1,2026-06-14 04:45:40,0.2607853982300885,0
1443,0066,1,2026-06-14 04:45:40,0.9004424778761062,0
1444,0174,1,2026-06-14 04:45:40,0.2065818584070797,0
1445,0174,1,2026-06-14 04:45:40,0.2065818584070797,0
1446,0174,1,2026-06-14 04:45:40,0.2065818584070797,0
1447,0174,1,2026-06-14 04:45:40,0.2065818584070797,0
1448,0174,1,2026-06-14 04:45:40,0.2065818584070797,0
1449,0019,1,2026-06-14 04:45:50,0.5459070796460177,0
1450,0024,1,2026-06-14 04:45:50,0.2607853982300885,0
1451,0044,1,2026-06-14 04:45:50,0.5459070796460177,0
1452,0066,1,2026-06-14 04:45:50,0.9004424778761062,0
1453,0174,1,2026-06-14 04:45:50,0.2065818584070797,0
1454,0174,1,2026-06-14 04:45:50,0.2065818584070797,0
1455,0174,1,2026-06-14 04:45:50,0.2065818584070797,0
1456,0174,1,2026-06-14 04:45:50,0.2065818584070797,0
1457,0174,1,2026-06-14 04:45:50,0.2065818584070797,0
1458,0019,1,2026-06-14 04:46:00,0.5459070796460177,0
1459,0024,1,2026-06-14 04:46:00,0.2607853982300885,0
1460,0044,1,2026-06-14 04:46:00,0.5459070796460177,0
1461,0066,1,2026-06-14 04:46:00,0.9004424778761062,0
1462,0174,1,2026-06-14 04:46:00,0.2065818584070797,0
1463,0174,1,2026-06-14 04:46:00,0.2065818584070797,0
1464,0174,1,2026-06-14 04:46:00,0.2065818584070797,0
1465,0174,1,2026-06-14 04:46:00,0.2065818584070797,0
1466,0174,1,2026-06-14 04:46:00,0.2065818584070797,0
1467,0174,1,2026-06-14 04:46:00,0.2065818584070797,0
1468,0174,1,2026-06-14 04:46:00,0.2065818584070797,0
1469,0019,1,2026-06-14 04:46:10,0.5459070796460177,0
1470,0024,1,2026-06-14 04:46:10,0.2607853982300885,0
1471,0044,1,2026-06-14 04:46:10,0.5459070796460177,0
1472,0066,1,2026-06-14 04:46:10,0.9004424778761062,0
1473,0172,1,2026-06-14 04:46:10,0.6319137168141593,0
1474,0019,1,2026-06-14 04:46:20,0.5459070796460177,0
1475,0044,1,2026-06-14 04:46:20,0.5459070796460177,0
1476,0066,1,2026-06-14 04:46:20,0.9004424778761062,0
1477,0172,1,2026-06-14 04:46:20,0.6319137168141593,0
1478,0186,1,2026-06-14 04:46:20,0.8039269911504425,0
1479,0019,1,2026-06-14 04:46:30,0.5459070796460177,0
1480,0044,1,2026-06-14 04:46:30,0.5459070796460177,0
1481,0066,1,2026-06-14 04:46:30,0.9004424778761062,0
1482,0172,1,2026-06-14 04:46:30,0.6319137168141593,0
1483,0186,1,2026-06-14 04:46:30,0.8039269911504425,0
1484,0199,1,2026-06-14 04:46:30,0.9745575221238938,1
1485,0019,1,2026-06-14 04:46:40,0.5459070796460177,0
1486,0044,1,2026-06-14 04:46:40,0.5459070796460177,0
1487,0172,1,2026-06-14 04:46:40,0.6319137168141593,0
1488,0186,1,2026-06-14 04:46:40,0.8039269911504425,0
1489,0199,1,2026-06-14 04:46:40,0.9745575221238938,0
1490,0044,1,2026-06-14 04:46:50,0.5459070796460177,0
1491,0172,1,2026-06-14 04:46:50,0.6319137168141593,1
1492,0186,1,2026-06-14 04:46:50,0.8039269911504425,0
1493,0199,1,2026-06-14 04:46:50,0.9745575221238938,0
1494,0044,1,2026-06-14 04:47:00,0.5459070796460177,0
1495,0172,1,2026-06-14 04:47:00,0.6319137168141593,0
1496,0186,1,2026-06-14 04:47:00,0.8039269911504425,0
1497,0199,1,2026-06-14 04:47:00,0.9745575221238938,0
1498,0044,1,2026-06-14 04:47:10,0.5459070796460177,0
1499,0172,1,2026-06-14 04:47:10,0.6319137168141593,0
1500,0186,1,2026-06-14 04:47:10,0.8039269911504425,0
1501,0199,1,2026-06-14 04:47:10,0.9745575221238938,0
1502,0172,1,2026-06-14 04:47:20,0.6319137168141593,0
1503,0186,1,2026-06-14 04:47:20,0.8039269911504425,0
1504,0199,1,2026-06-14 04:47:20,0.9745575221238938,0
1505,0172,1,2026-06-14 04:47:30,0.6319137168141593,0
1506,0186,1,2026-06-14 04:47:30,0.8039269911504425,0
1507,0199,1,2026-06-14 04:47:30,0.9745575221238938,0
1508,0172,1,2026-06-14 04:47:40,0.6319137168141593,0
1509,0186,1,2026-06-14 04:47:40,0.8039269911504425,0
1510,0199,1,2026-06-14 04:47:40,0.9745575221238938,0
1511,0172,1,2026-06-14 04:47:50,0.6319137168141593,0
1512,0186,1,2026-06-14 04:47:50,0.8039269911504425,0
1513,0186,1,2026-06-14 04:48:00,0.8039269911504425,0
1514,0186,1,2026-06-14 04:48:10,0.8039269911504425,0
1515,0231,1,2026-06-14 06:19:10,0.6319137168141593,0
1516,0231,1,2026-06-14 06:19:20,0.6319137168141593,1
1517,0231,1,2026-06-14 06:19:30,0.6319137168141593,1
1518,0231,1,2026-06-14 06:19:40,0.6319137168141593,0
1519,0231,1,2026-06-14 06:19:50,0.6319137168141593,0
1520,0231,1,2026-06-14 06:20:00,0.6319137168141593,0
1521,0231,1,2026-06-14 06:20:10,0.6319137168141593,0
1522,0020,1,2026-06-14 06:20:50,0.7193030973451328,0
1523,0020,1,2026-06-14 06:21:00,0.7193030973451328,0
1524,0020,1,2026-06-14 06:21:10,0.7193030973451328,0
1525,0065,1,2026-06-14 06:21:10,0.4070796460176991,0
1526,0020,1,2026-06-14 06:21:20,0.7193030973451328,0
1527,0065,1,2026-06-14 06:21:20,0.4070796460176991,0
1528,0189,1,2026-06-14 06:21:20,0.9745575221238938,0
1529,0020,1,2026-06-14 06:21:30,0.7193030973451328,0
1530,0065,1,2026-06-14 06:21:30,0.4070796460176991,0
1531,0189,1,2026-06-14 06:21:30,0.9745575221238938,0
1532,0020,1,2026-06-14 06:21:40,0.7193030973451328,0
1533,0065,1,2026-06-14 06:21:40,0.4070796460176991,0
1534,0189,1,2026-06-14 06:21:40,0.9745575221238938,0
1535,0020,1,2026-06-14 06:21:50,0.7193030973451328,0
1536,0065,1,2026-06-14 06:21:50,0.4070796460176991,1
1537,0189,1,2026-06-14 06:21:50,0.9745575221238938,0
1538,0020,1,2026-06-14 06:22:00,0.7193030973451328,0
1539,0065,1,2026-06-14 06:22:00,0.4070796460176991,0
1540,0189,1,2026-06-14 06:22:00,0.9745575221238938,0
1541,0020,1,2026-06-14 06:22:10,0.7193030973451328,0
1542,0065,1,2026-06-14 06:22:10,0.4070796460176991,0
1543,0189,1,2026-06-14 06:22:10,0.9745575221238938,0
1544,0020,1,2026-06-14 06:22:20,0.7193030973451328,0
1545,0065,1,2026-06-14 06:22:20,0.4070796460176991,0
1546,0189,1,2026-06-14 06:22:20,0.9745575221238938,0
1547,0065,1,2026-06-14 06:22:30,0.4070796460176991,0
1548,0189,1,2026-06-14 06:22:30,0.9745575221238938,0
1549,0065,1,2026-06-14 06:22:40,0.4070796460176991,0
1550,0189,1,2026-06-14 06:22:40,0.9745575221238938,0
1551,0189,1,2026-06-14 06:22:50,0.9745575221238938,0
1552,0189,1,2026-06-14 06:23:00,0.9745575221238938,0
1553,0189,1,2026-06-14 06:23:10,0.9745575221238938,1
1554,0143,1,2026-06-14 06:28:40,0.7193030973451328,0
1555,0143,1,2026-06-14 06:28:50,0.7193030973451328,1
1556,0143,1,2026-06-14 06:29:00,0.7193030973451328,1
1557,0200,1,2026-06-14 06:32:30,0.5459070796460177,0
1558,0200,1,2026-06-14 06:32:40,0.5459070796460177,0
1559,0200,1,2026-06-14 06:32:50,0.5459070796460177,0
1560,0200,1,2026-06-14 06:33:00,0.5459070796460177,1
1561,0200,1,2026-06-14 06:33:10,0.5459070796460177,0
1562,0200,1,2026-06-14 06:33:20,0.5459070796460177,0
1563,0200,1,2026-06-14 06:33:30,0.5459070796460177,0
1564,0200,1,2026-06-14 06:33:40,0.5459070796460177,0
1565,0200,1,2026-06-14 06:33:50,0.5459070796460177,0
1566,0200,1,2026-06-14 06:34:00,0.5459070796460177,0
1567,0200,1,2026-06-14 06:34:10,0.5459070796460177,0
1568,0146,1,2026-06-14 07:51:50,0.0669247787610620,0
1569,0146,1,2026-06-14 07:52:00,0.0669247787610620,0
1570,0146,1,2026-06-14 07:52:10,0.0669247787610620,1
1571,0146,1,2026-06-14 07:52:20,0.0669247787610620,0
1572,0146,1,2026-06-14 07:52:30,0.0669247787610620,0
1573,0146,1,2026-06-14 07:52:40,0.0669247787610620,0
1574,0146,1,2026-06-14 07:52:50,0.0669247787610620,0
1575,0146,1,2026-06-14 07:53:00,0.0669247787610620,1
1576,0146,1,2026-06-14 07:53:10,0.0669247787610620,0
1577,0068,1,2026-06-14 07:53:20,0.4070796460176991,0
1578,0146,1,2026-06-14 07:53:20,0.0669247787610620,0
1579,0068,1,2026-06-14 07:53:30,0.4070796460176991,0
1580,0146,1,2026-06-14 07:53:30,0.0669247787610620,0
1581,0068,1,2026-06-14 07:53:40,0.4070796460176991,0
1582,0068,1,2026-06-14 07:53:50,0.4070796460176991,1
1583,0068,1,2026-06-14 07:54:00,0.4070796460176991,0
1584,0068,1,2026-06-14 07:54:10,0.4070796460176991,1
1585,001,1,2026-06-14 07:58:20,0.9004424778761062,0
1586,0049,1,2026-06-14 07:58:20,0.5459070796460177,0
1587,0182,1,2026-06-14 07:58:20,0.5849004424778761,0
1588,001,1,2026-06-14 07:58:30,0.9004424778761062,0
1589,0049,1,2026-06-14 07:58:30,0.5459070796460177,0
1590,0182,1,2026-06-14 07:58:30,0.5849004424778761,1
1591,001,1,2026-06-14 07:58:40,0.9004424778761062,0
1592,0049,1,2026-06-14 07:58:40,0.5459070796460177,0
1593,0182,1,2026-06-14 07:58:40,0.5849004424778761,1
1594,001,1,2026-06-14 07:58:50,0.9004424778761062,0
1595,0049,1,2026-06-14 07:58:50,0.5459070796460177,0
1596,0182,1,2026-06-14 07:58:50,0.5849004424778761,0
1597,001,1,2026-06-14 07:59:00,0.9004424778761062,1
1598,0030,1,2026-06-14 07:59:00,0.2065818584070797,0
1599,0182,1,2026-06-14 07:59:00,0.5849004424778761,0
1600,001,1,2026-06-14 07:59:10,0.9004424778761062,0
1601,0030,1,2026-06-14 07:59:10,0.2065818584070797,0
1602,0182,1,2026-06-14 07:59:10,0.5849004424778761,0
1603,001,1,2026-06-14 07:59:20,0.9004424778761062,0
1604,0030,1,2026-06-14 07:59:20,0.2065818584070797,0
1605,0182,1,2026-06-14 07:59:20,0.5849004424778761,0
1606,001,1,2026-06-14 07:59:30,0.9004424778761062,0
1607,0030,1,2026-06-14 07:59:30,0.2065818584070797,0
1608,0182,1,2026-06-14 07:59:30,0.5849004424778761,0
1609,001,1,2026-06-14 07:59:40,0.9004424778761062,0
1610,0030,1,2026-06-14 07:59:40,0.2065818584070797,0
1611,0052,1,2026-06-14 07:59:40,0.2065818584070797,0
1612,001,1,2026-06-14 07:59:50,0.9004424778761062,0
1613,0030,1,2026-06-14 07:59:50,0.2065818584070797,0
1614,0052,1,2026-06-14 07:59:50,0.2065818584070797,0
1615,001,1,2026-06-14 08:00:00,0.9004424778761062,0
1616,0030,1,2026-06-14 08:00:00,0.2065818584070797,0
1617,0052,1,2026-06-14 08:00:00,0.2065818584070797,0
1618,001,1,2026-06-14 08:00:10,0.9004424778761062,0
1619,0030,1,2026-06-14 08:00:10,0.2065818584070797,0
1620,0052,1,2026-06-14 08:00:10,0.2065818584070797,0
1621,0030,1,2026-06-14 08:00:20,0.2065818584070797,0
1622,0052,1,2026-06-14 08:00:20,0.2065818584070797,0
1623,0030,1,2026-06-14 08:00:30,0.2065818584070797,0
1624,0052,1,2026-06-14 08:00:30,0.2065818584070797,0
1625,0030,1,2026-06-14 08:00:40,0.2065818584070797,0
1626,0052,1,2026-06-14 08:00:40,0.2065818584070797,0
1627,0030,1,2026-06-14 08:00:50,0.2065818584070797,0
1628,0052,1,2026-06-14 08:00:50,0.2065818584070797,0
1629,0052,1,2026-06-14 08:01:00,0.2065818584070797,0
1630,0236,1,2026-06-14 08:06:20,0.2607853982300885,0
1631,0236,1,2026-06-14 08:06:30,0.2607853982300885,0
1632,0236,1,2026-06-14 08:06:40,0.2607853982300885,1
1633,0236,1,2026-06-14 08:06:50,0.2607853982300885,0
1634,0236,1,2026-06-14 08:07:00,0.2607853982300885,0
1635,0236,1,2026-06-14 08:07:10,0.2607853982300885,0
1636,0236,1,2026-06-14 08:07:20,0.2607853982300885,0
1637,0236,1,2026-06-14 08:07:30,0.2607853982300885,0
1638,0236,1,2026-06-14 08:07:40,0.2607853982300885,0
1639,0236,1,2026-06-14 08:07:50,0.2607853982300885,0
1640,0236,1,2026-06-14 08:08:00,0.2607853982300885,0
1641,0078,1,2026-06-14 08:08:50,0.7193030973451328,0
1642,0078,1,2026-06-14 08:08:50,0.7193030973451328,0
1643,0078,1,2026-06-14 08:09:00,0.7193030973451328,0
1644,0078,1,2026-06-14 08:09:00,0.7193030973451328,0
1645,0078,1,2026-06-14 08:09:00,0.7193030973451328,0
1646,0078,1,2026-06-14 08:09:10,0.7193030973451328,1
1647,0078,1,2026-06-14 08:09:10,0.7193030973451328,0
1648,0078,1,2026-06-14 08:09:10,0.7193030973451328,0
1649,0078,1,2026-06-14 08:09:20,0.7193030973451328,0
1650,0078,1,2026-06-14 08:09:20,0.7193030973451328,0
1651,0078,1,2026-06-14 08:09:20,0.7193030973451328,0
1652,0078,1,2026-06-14 08:09:20,0.7193030973451328,0
1653,0078,1,2026-06-14 08:09:20,0.7193030973451328,0
1654,0078,1,2026-06-14 08:09:30,0.7193030973451328,0
1655,0078,1,2026-06-14 08:09:30,0.7193030973451328,0
1656,0078,1,2026-06-14 08:09:30,0.7193030973451328,0
1657,0078,1,2026-06-14 08:09:30,0.7193030973451328,0
1658,0078,1,2026-06-14 08:09:30,0.7193030973451328,0
1659,0078,1,2026-06-14 08:09:30,0.7193030973451328,0
1660,0078,1,2026-06-14 08:09:30,0.7193030973451328,0
1661,0078,1,2026-06-14 08:09:30,0.7193030973451328,0
1662,0078,1,2026-06-14 08:09:40,0.7193030973451328,0
1663,0078,1,2026-06-14 08:09:40,0.7193030973451328,0
1664,0078,1,2026-06-14 08:09:40,0.7193030973451328,1
1665,0078,1,2026-06-14 08:09:40,0.7193030973451328,0
1666,0078,1,2026-06-14 08:09:40,0.7193030973451328,0
1667,0078,1,2026-06-14 08:09:40,0.7193030973451328,0
1668,0078,1,2026-06-14 08:09:40,0.7193030973451328,0
1669,0078,1,2026-06-14 08:09:40,0.7193030973451328,0
1670,0078,1,2026-06-14 08:09:40,0.7193030973451328,0
1671,0078,1,2026-06-14 08:09:50,0.7193030973451328,0
1672,0078,1,2026-06-14 08:09:50,0.7193030973451328,0
1673,0078,1,2026-06-14 08:09:50,0.7193030973451328,0
1674,0078,1,2026-06-14 08:09:50,0.7193030973451328,0
1675,0078,1,2026-06-14 08:10:00,0.7193030973451328,0
1676,0078,1,2026-06-14 08:10:00,0.7193030973451328,0
1677,0078,1,2026-06-14 08:10:10,0.7193030973451328,0
1678,0078,1,2026-06-14 08:10:10,0.7193030973451328,0
1679,0078,1,2026-06-14 08:10:20,0.7193030973451328,0
1680,0078,1,2026-06-14 08:10:20,0.7193030973451328,0
1681,0127,1,2026-06-14 09:30:10,0.5849004424778761,0
1682,0127,1,2026-06-14 09:30:20,0.5849004424778761,0
1683,0127,1,2026-06-14 09:30:30,0.5849004424778761,0
1684,0127,1,2026-06-14 09:30:40,0.5849004424778761,0
1685,0127,1,2026-06-14 09:30:50,0.5849004424778761,0
1686,0127,1,2026-06-14 09:31:00,0.5849004424778761,0
1687,0083,1,2026-06-14 09:31:10,0.8039269911504425,0
1688,0127,1,2026-06-14 09:31:10,0.5849004424778761,0
1689,0083,1,2026-06-14 09:31:20,0.8039269911504425,0
1690,0127,1,2026-06-14 09:31:20,0.5849004424778761,0
1691,0148,1,2026-06-14 09:31:20,0.4070796460176991,0
1692,0148,1,2026-06-14 09:31:20,0.4070796460176991,0
1693,0148,1,2026-06-14 09:31:20,0.4070796460176991,0
1694,0083,1,2026-06-14 09:31:30,0.8039269911504425,1
1695,0127,1,2026-06-14 09:31:30,0.5849004424778761,0
1696,0148,1,2026-06-14 09:31:30,0.4070796460176991,0
1697,0148,1,2026-06-14 09:31:30,0.4070796460176991,0
1698,0148,1,2026-06-14 09:31:30,0.4070796460176991,0
1699,0148,1,2026-06-14 09:31:30,0.4070796460176991,0
1700,0083,1,2026-06-14 09:31:40,0.8039269911504425,0
1701,0117,1,2026-06-14 09:31:40,0.0669247787610620,0
1702,0127,1,2026-06-14 09:31:40,0.5849004424778761,0
1703,0148,1,2026-06-14 09:31:40,0.4070796460176991,0
1704,0148,1,2026-06-14 09:31:40,0.4070796460176991,0
1705,0083,1,2026-06-14 09:31:50,0.8039269911504425,0
1706,0117,1,2026-06-14 09:31:50,0.0669247787610620,0
1707,0126,1,2026-06-14 09:31:50,0.7193030973451328,0
1708,0127,1,2026-06-14 09:31:50,0.5849004424778761,0
1709,0148,1,2026-06-14 09:31:50,0.4070796460176991,0
1710,0148,1,2026-06-14 09:31:50,0.4070796460176991,0
1711,0148,1,2026-06-14 09:31:50,0.4070796460176991,0
1712,0148,1,2026-06-14 09:31:50,0.4070796460176991,0
1713,0148,1,2026-06-14 09:31:50,0.4070796460176991,0
1714,003,1,2026-06-14 09:32:00,0.5459070796460177,0
1715,0076,1,2026-06-14 09:32:00,0.5849004424778761,0
1716,0083,1,2026-06-14 09:32:00,0.8039269911504425,0
1717,0117,1,2026-06-14 09:32:00,0.0669247787610620,0
1718,0125,1,2026-06-14 09:32:00,0.2065818584070797,1
1719,0126,1,2026-06-14 09:32:00,0.7193030973451328,0
1720,0148,1,2026-06-14 09:32:00,0.4070796460176991,0
1721,0148,1,2026-06-14 09:32:00,0.4070796460176991,0
1722,0148,1,2026-06-14 09:32:00,0.4070796460176991,0
1723,0148,1,2026-06-14 09:32:00,0.4070796460176991,0
1724,0148,1,2026-06-14 09:32:00,0.4070796460176991,0
1725,0148,1,2026-06-14 09:32:00,0.4070796460176991,0
1726,0148,1,2026-06-14 09:32:00,0.4070796460176991,0
1727,0202,1,2026-06-14 09:32:00,0.8039269911504425,0
1728,003,1,2026-06-14 09:32:10,0.5459070796460177,0
1729,0076,1,2026-06-14 09:32:10,0.5849004424778761,0
1730,0083,1,2026-06-14 09:32:10,0.8039269911504425,0
1731,0117,1,2026-06-14 09:32:10,0.0669247787610620,0
1732,0125,1,2026-06-14 09:32:10,0.2065818584070797,0
1733,0126,1,2026-06-14 09:32:10,0.7193030973451328,0
1734,0148,1,2026-06-14 09:32:10,0.4070796460176991,0
1735,0148,1,2026-06-14 09:32:10,0.4070796460176991,0
1736,0148,1,2026-06-14 09:32:10,0.4070796460176991,0
1737,0148,1,2026-06-14 09:32:10,0.4070796460176991,0
1738,0148,1,2026-06-14 09:32:10,0.4070796460176991,0
1739,0148,1,2026-06-14 09:32:10,0.4070796460176991,0
1740,0202,1,2026-06-14 09:32:10,0.8039269911504425,0
1741,003,1,2026-06-14 09:32:20,0.5459070796460177,0
1742,0076,1,2026-06-14 09:32:20,0.5849004424778761,0
1743,0083,1,2026-06-14 09:32:20,0.8039269911504425,0
1744,0117,1,2026-06-14 09:32:20,0.0669247787610620,0
1745,0125,1,2026-06-14 09:32:20,0.2065818584070797,0
1746,0126,1,2026-06-14 09:32:20,0.7193030973451328,0
1747,0148,1,2026-06-14 09:32:20,0.4070796460176991,0
1748,0148,1,2026-06-14 09:32:20,0.4070796460176991,0
1749,0148,1,2026-06-14 09:32:20,0.4070796460176991,0
1750,0148,1,2026-06-14 09:32:20,0.4070796460176991,0
1751,0148,1,2026-06-14 09:32:20,0.4070796460176991,0
1752,0202,1,2026-06-14 09:32:20,0.8039269911504425,0
1753,003,1,2026-06-14 09:32:30,0.5459070796460177,0
1754,0076,1,2026-06-14 09:32:30,0.5849004424778761,0
1755,0083,1,2026-06-14 09:32:30,0.8039269911504425,0
1756,0117,1,2026-06-14 09:32:30,0.0669247787610620,0
1757,0125,1,2026-06-14 09:32:30,0.2065818584070797,1
1758,0126,1,2026-06-14 09:32:30,0.7193030973451328,0
1759,0148,1,2026-06-14 09:32:30,0.4070796460176991,0
1760,0148,1,2026-06-14 09:32:30,0.4070796460176991,0
1761,0148,1,2026-06-14 09:32:30,0.4070796460176991,0
1762,0148,1,2026-06-14 09:32:30,0.4070796460176991,0
1763,0148,1,2026-06-14 09:32:30,0.4070796460176991,0
1764,0148,1,2026-06-14 09:32:30,0.4070796460176991,0
1765,0202,1,2026-06-14 09:32:30,0.8039269911504425,0
1766,003,1,2026-06-14 09:32:40,0.5459070796460177,0
1767,0076,1,2026-06-14 09:32:40,0.5849004424778761,0
1768,0083,1,2026-06-14 09:32:40,0.8039269911504425,0
1769,0117,1,2026-06-14 09:32:40,0.0669247787610620,0
1770,0148,1,2026-06-14 09:32:40,0.4070796460176991,0
1771,0148,1,2026-06-14 09:32:40,0.4070796460176991,0
1772,0148,1,2026-06-14 09:32:40,0.4070796460176991,0
1773,0148,1,2026-06-14 09:32:40,0.4070796460176991,0
1774,0148,1,2026-06-14 09:32:40,0.4070796460176991,0
1775,0148,1,2026-06-14 09:32:40,0.4070796460176991,0
1776,0148,1,2026-06-14 09:32:40,0.4070796460176991,0
1777,0202,1,2026-06-14 09:32:40,0.8039269911504425,0
1778,003,1,2026-06-14 09:32:50,0.5459070796460177,0
1779,0076,1,2026-06-14 09:32:50,0.5849004424778761,0
1780,0117,1,2026-06-14 09:32:50,0.0669247787610620,0
1781,0148,1,2026-06-14 09:32:50,0.4070796460176991,1
1782,0148,1,2026-06-14 09:32:50,0.4070796460176991,0
1783,0148,1,2026-06-14 09:32:50,0.4070796460176991,0
1784,0148,1,2026-06-14 09:32:50,0.4070796460176991,0
1785,0202,1,2026-06-14 09:32:50,0.8039269911504425,0
1786,0076,1,2026-06-14 09:33:00,0.5849004424778761,0
1787,0117,1,2026-06-14 09:33:00,0.0669247787610620,0
1788,0148,1,2026-06-14 09:33:00,0.4070796460176991,0
1789,0148,1,2026-06-14 09:33:00,0.4070796460176991,0
1790,0148,1,2026-06-14 09:33:00,0.4070796460176991,0
1791,0165,1,2026-06-14 09:33:00,0.2607853982300885,0
1792,0202,1,2026-06-14 09:33:00,0.8039269911504425,0
1793,0076,1,2026-06-14 09:33:10,0.5849004424778761,0
1794,0148,1,2026-06-14 09:33:10,0.4070796460176991,0
1795,0148,1,2026-06-14 09:33:10,0.4070796460176991,0
1796,0148,1,2026-06-14 09:33:10,0.4070796460176991,0
1797,0148,1,2026-06-14 09:33:10,0.4070796460176991,0
1798,0202,1,2026-06-14 09:33:10,0.8039269911504425,0
1799,0076,1,2026-06-14 09:33:20,0.5849004424778761,0
1800,0202,1,2026-06-14 09:33:20,0.8039269911504425,0
1801,0076,1,2026-06-14 09:33:30,0.5849004424778761,0
1802,0202,1,2026-06-14 09:33:30,0.8039269911504425,0
1803,0076,1,2026-06-14 09:33:40,0.5849004424778761,0
1804,0202,1,2026-06-14 09:33:40,0.8039269911504425,0
1805,0245,1,2026-06-14 09:35:30,0.9745575221238938,0
1806,0245,1,2026-06-14 09:35:40,0.9745575221238938,0
1807,0181,1,2026-06-14 09:35:50,0.7193030973451328,1
1808,0245,1,2026-06-14 09:35:50,0.9745575221238938,0
1809,0181,1,2026-06-14 09:36:00,0.7193030973451328,0
1810,0245,1,2026-06-14 09:36:00,0.9745575221238938,0
1811,0181,1,2026-06-14 09:36:10,0.7193030973451328,0
1812,0245,1,2026-06-14 09:36:10,0.9745575221238938,0
1813,0181,1,2026-06-14 09:36:20,0.7193030973451328,0
1814,0245,1,2026-06-14 09:36:20,0.9745575221238938,0
1815,0181,1,2026-06-14 09:36:30,0.7193030973451328,0
1816,0245,1,2026-06-14 09:36:30,0.9745575221238938,0
1817,0181,1,2026-06-14 09:36:40,0.7193030973451328,0
1818,0245,1,2026-06-14 09:36:40,0.9745575221238938,0
1819,0181,1,2026-06-14 09:36:50,0.7193030973451328,0
1820,0245,1,2026-06-14 09:36:50,0.9745575221238938,0
1821,0181,1,2026-06-14 09:37:00,0.7193030973451328,0
1822,0245,1,2026-06-14 09:37:00,0.9745575221238938,0
1823,0181,1,2026-06-14 09:37:10,0.7193030973451328,0
1824,0245,1,2026-06-14 09:37:10,0.9745575221238938,0
1825,0181,1,2026-06-14 09:37:20,0.7193030973451328,0
1826,0245,1,2026-06-14 09:37:20,0.9745575221238938,0
1827,0127,2,2026-06-13 10:22:10,0.5849004424778761,0
1828,0127,2,2026-06-13 10:22:20,0.5849004424778761,0
1829,0127,2,2026-06-13 10:22:30,0.5849004424778761,0
1830,0127,2,2026-06-13 10:22:40,0.5849004424778761,0
1831,0127,2,2026-06-13 10:22:50,0.5849004424778761,0
1832,0083,2,2026-06-13 10:23:00,0.8039269911504425,0
1833,0127,2,2026-06-13 10:23:00,0.5849004424778761,0
1834,0083,2,2026-06-13 10:23:10,0.8039269911504425,0
1835,0127,2,2026-06-13 10:23:10,0.5849004424778761,0
1836,0083,2,2026-06-13 10:23:20,0.8039269911504425,0
1837,0127,2,2026-06-13 10:23:20,0.5849004424778761,1
1838,0148,2,2026-06-13 10:23:20,0.4070796460176991,0
1839,0148,2,2026-06-13 10:23:20,0.4070796460176991,0
1840,0083,2,2026-06-13 10:23:30,0.8039269911504425,0
1841,0117,2,2026-06-13 10:23:30,0.0669247787610620,0
1842,0127,2,2026-06-13 10:23:30,0.5849004424778761,0
1843,0148,2,2026-06-13 10:23:30,0.4070796460176991,0
1844,0148,2,2026-06-13 10:23:30,0.4070796460176991,0
1845,0148,2,2026-06-13 10:23:30,0.4070796460176991,0
1846,0148,2,2026-06-13 10:23:30,0.4070796460176991,0
1847,0083,2,2026-06-13 10:23:40,0.8039269911504425,0
1848,0117,2,2026-06-13 10:23:40,0.0669247787610620,0
1849,0126,2,2026-06-13 10:23:40,0.7193030973451328,0
1850,0127,2,2026-06-13 10:23:40,0.5849004424778761,0
1851,0148,2,2026-06-13 10:23:40,0.4070796460176991,0
1852,0148,2,2026-06-13 10:23:40,0.4070796460176991,0
1853,0148,2,2026-06-13 10:23:40,0.4070796460176991,0
1854,0148,2,2026-06-13 10:23:40,0.4070796460176991,0
1855,003,2,2026-06-13 10:23:50,0.5459070796460177,0
1856,0083,2,2026-06-13 10:23:50,0.8039269911504425,0
1857,0117,2,2026-06-13 10:23:50,0.0669247787610620,0
1858,0125,2,2026-06-13 10:23:50,0.2065818584070797,0
1859,0126,2,2026-06-13 10:23:50,0.7193030973451328,1
1860,0127,2,2026-06-13 10:23:50,0.5849004424778761,0
1861,0148,2,2026-06-13 10:23:50,0.4070796460176991,0
1862,0148,2,2026-06-13 10:23:50,0.4070796460176991,0
1863,0148,2,2026-06-13 10:23:50,0.4070796460176991,0
1864,0148,2,2026-06-13 10:23:50,0.4070796460176991,0
1865,0148,2,2026-06-13 10:23:50,0.4070796460176991,0
1866,0148,2,2026-06-13 10:23:50,0.4070796460176991,0
1867,0148,2,2026-06-13 10:23:50,0.4070796460176991,0
1868,0148,2,2026-06-13 10:23:50,0.4070796460176991,0
1869,003,2,2026-06-13 10:24:00,0.5459070796460177,1
1870,0076,2,2026-06-13 10:24:00,0.5849004424778761,0
1871,0083,2,2026-06-13 10:24:00,0.8039269911504425,0
1872,0117,2,2026-06-13 10:24:00,0.0669247787610620,0
1873,0125,2,2026-06-13 10:24:00,0.2065818584070797,0
1874,0126,2,2026-06-13 10:24:00,0.7193030973451328,0
1875,0148,2,2026-06-13 10:24:00,0.4070796460176991,0
1876,0148,2,2026-06-13 10:24:00,0.4070796460176991,0
1877,0148,2,2026-06-13 10:24:00,0.4070796460176991,0
1878,0148,2,2026-06-13 10:24:00,0.4070796460176991,0
1879,0148,2,2026-06-13 10:24:00,0.4070796460176991,0
1880,0148,2,2026-06-13 10:24:00,0.4070796460176991,0
1881,0148,2,2026-06-13 10:24:00,0.4070796460176991,0
1882,0148,2,2026-06-13 10:24:00,0.4070796460176991,0
1883,0202,2,2026-06-13 10:24:00,0.8039269911504425,0
1884,003,2,2026-06-13 10:24:10,0.5459070796460177,0
1885,0076,2,2026-06-13 10:24:10,0.5849004424778761,0
1886,0083,2,2026-06-13 10:24:10,0.8039269911504425,0
1887,0117,2,2026-06-13 10:24:10,0.0669247787610620,0
1888,0125,2,2026-06-13 10:24:10,0.2065818584070797,0
1889,0126,2,2026-06-13 10:24:10,0.7193030973451328,0
1890,0148,2,2026-06-13 10:24:10,0.4070796460176991,0
1891,0148,2,2026-06-13 10:24:10,0.4070796460176991,0
1892,0148,2,2026-06-13 10:24:10,0.4070796460176991,0
1893,0148,2,2026-06-13 10:24:10,0.4070796460176991,0
1894,0148,2,2026-06-13 10:24:10,0.4070796460176991,0
1895,0148,2,2026-06-13 10:24:10,0.4070796460176991,0
1896,0148,2,2026-06-13 10:24:10,0.4070796460176991,0
1897,0202,2,2026-06-13 10:24:10,0.8039269911504425,0
1898,003,2,2026-06-13 10:24:20,0.5459070796460177,0
1899,0076,2,2026-06-13 10:24:20,0.5849004424778761,0
1900,0083,2,2026-06-13 10:24:20,0.8039269911504425,0
1901,0117,2,2026-06-13 10:24:20,0.0669247787610620,0
1902,0125,2,2026-06-13 10:24:20,0.2065818584070797,0
1903,0126,2,2026-06-13 10:24:20,0.7193030973451328,0
1904,0148,2,2026-06-13 10:24:20,0.4070796460176991,0
1905,0148,2,2026-06-13 10:24:20,0.4070796460176991,0
1906,0148,2,2026-06-13 10:24:20,0.4070796460176991,0
1907,0148,2,2026-06-13 10:24:20,0.4070796460176991,0
1908,0148,2,2026-06-13 10:24:20,0.4070796460176991,0
1909,0148,2,2026-06-13 10:24:20,0.4070796460176991,0
1910,0148,2,2026-06-13 10:24:20,0.4070796460176991,0
1911,0148,2,2026-06-13 10:24:20,0.4070796460176991,0
1912,0202,2,2026-06-13 10:24:20,0.8039269911504425,0
1913,003,2,2026-06-13 10:24:30,0.5459070796460177,0
1914,0076,2,2026-06-13 10:24:30,0.5849004424778761,0
1915,0083,2,2026-06-13 10:24:30,0.8039269911504425,0
1916,0117,2,2026-06-13 10:24:30,0.0669247787610620,0
1917,0125,2,2026-06-13 10:24:30,0.2065818584070797,0
1918,0126,2,2026-06-13 10:24:30,0.7193030973451328,0
1919,0148,2,2026-06-13 10:24:30,0.4070796460176991,0
1920,0148,2,2026-06-13 10:24:30,0.4070796460176991,0
1921,0148,2,2026-06-13 10:24:30,0.4070796460176991,0
1922,0148,2,2026-06-13 10:24:30,0.4070796460176991,0
1923,0148,2,2026-06-13 10:24:30,0.4070796460176991,0
1924,0148,2,2026-06-13 10:24:30,0.4070796460176991,0
1925,0148,2,2026-06-13 10:24:30,0.4070796460176991,0
1926,0148,2,2026-06-13 10:24:30,0.4070796460176991,0
1927,0202,2,2026-06-13 10:24:30,0.8039269911504425,1
1928,003,2,2026-06-13 10:24:40,0.5459070796460177,0
1929,0076,2,2026-06-13 10:24:40,0.5849004424778761,0
1930,0083,2,2026-06-13 10:24:40,0.8039269911504425,0
1931,0117,2,2026-06-13 10:24:40,0.0669247787610620,0
1932,0148,2,2026-06-13 10:24:40,0.4070796460176991,0
1933,0148,2,2026-06-13 10:24:40,0.4070796460176991,0
1934,0148,2,2026-06-13 10:24:40,0.4070796460176991,0
1935,0148,2,2026-06-13 10:24:40,0.4070796460176991,0
1936,0148,2,2026-06-13 10:24:40,0.4070796460176991,0
1937,0148,2,2026-06-13 10:24:40,0.4070796460176991,0
1938,0148,2,2026-06-13 10:24:40,0.4070796460176991,0
1939,0202,2,2026-06-13 10:24:40,0.8039269911504425,0
1940,003,2,2026-06-13 10:24:50,0.5459070796460177,0
1941,0076,2,2026-06-13 10:24:50,0.5849004424778761,0
1942,0117,2,2026-06-13 10:24:50,0.0669247787610620,0
1943,0148,2,2026-06-13 10:24:50,0.4070796460176991,0
1944,0148,2,2026-06-13 10:24:50,0.4070796460176991,0
1945,0148,2,2026-06-13 10:24:50,0.4070796460176991,0
1946,0148,2,2026-06-13 10:24:50,0.4070796460176991,0
1947,0148,2,2026-06-13 10:24:50,0.4070796460176991,0
1948,0202,2,2026-06-13 10:24:50,0.8039269911504425,0
1949,0076,2,2026-06-13 10:25:00,0.5849004424778761,0
1950,0148,2,2026-06-13 10:25:00,0.4070796460176991,0
1951,0148,2,2026-06-13 10:25:00,0.4070796460176991,0
1952,0148,2,2026-06-13 10:25:00,0.4070796460176991,0
1953,0148,2,2026-06-13 10:25:00,0.4070796460176991,0
1954,0148,2,2026-06-13 10:25:00,0.4070796460176991,0
1955,0202,2,2026-06-13 10:25:00,0.8039269911504425,0
1956,0076,2,2026-06-13 10:25:10,0.5849004424778761,0
1957,0148,2,2026-06-13 10:25:10,0.4070796460176991,0
1958,0148,2,2026-06-13 10:25:10,0.4070796460176991,0
1959,0148,2,2026-06-13 10:25:10,0.4070796460176991,0
1960,0148,2,2026-06-13 10:25:10,0.4070796460176991,0
1961,0202,2,2026-06-13 10:25:10,0.8039269911504425,0
1962,0076,2,2026-06-13 10:25:20,0.5849004424778761,0
1963,0202,2,2026-06-13 10:25:20,0.8039269911504425,0
1964,0076,2,2026-06-13 10:25:30,0.5849004424778761,0
1965,0202,2,2026-06-13 10:25:30,0.8039269911504425,0
1966,0207,2,2026-06-13 10:25:30,0.0669247787610620,0
1967,0076,2,2026-06-13 10:25:40,0.5849004424778761,0
1968,0202,2,2026-06-13 10:25:40,0.8039269911504425,0
1969,0207,2,2026-06-13 10:25:40,0.0669247787610620,0
1970,0207,2,2026-06-13 10:25:50,0.0669247787610620,1
1971,0245,2,2026-06-13 10:27:30,0.9745575221238938,0
1972,0181,2,2026-06-13 10:27:40,0.7193030973451328,0
1973,0245,2,2026-06-13 10:27:40,0.9745575221238938,0
1974,0181,2,2026-06-13 10:27:50,0.7193030973451328,0
1975,0245,2,2026-06-13 10:27:50,0.9745575221238938,0
1976,0181,2,2026-06-13 10:28:00,0.7193030973451328,0
1977,0245,2,2026-06-13 10:28:00,0.9745575221238938,0
1978,0181,2,2026-06-13 10:28:10,0.7193030973451328,0
1979,0245,2,2026-06-13 10:28:10,0.9745575221238938,0
1980,0181,2,2026-06-13 10:28:20,0.7193030973451328,0
1981,0245,2,2026-06-13 10:28:20,0.9745575221238938,0
1982,0181,2,2026-06-13 10:28:30,0.7193030973451328,0
1983,0245,2,2026-06-13 10:28:30,0.9745575221238938,0
1984,0181,2,2026-06-13 10:28:40,0.7193030973451328,0
1985,0245,2,2026-06-13 10:28:40,0.9745575221238938,0
1986,0181,2,2026-06-13 10:28:50,0.7193030973451328,0
1987,0245,2,2026-06-13 10:28:50,0.9745575221238938,0
1988,0181,2,2026-06-13 10:29:00,0.7193030973451328,0
1989,0245,2,2026-06-13 10:29:00,0.9745575221238938,0
1990,0181,2,2026-06-13 10:29:10,0.7193030973451328,0
1991,0245,2,2026-06-13 10:29:10,0.9745575221238938,0
1992,0181,2,2026-06-13 10:29:20,0.7193030973451328,0
1993,0245,2,2026-06-13 10:29:20,0.9745575221238938,1
1994,0149,2,2026-06-13 10:35:50,0.0669247787610620,1
1995,0149,2,2026-06-13 10:36:00,0.0669247787610620,0
1996,0149,2,2026-06-13 10:36:10,0.0669247787610620,0
1997,0149,2,2026-06-13 10:36:20,0.0669247787610620,0
1998,0149,2,2026-06-13 10:36:30,0.0669247787610620,0
1999,0084,2,2026-06-13 10:36:40,0.6319137168141593,0
2000,0149,2,2026-06-13 10:36:40,0.0669247787610620,0
2001,0084,2,2026-06-13 10:36:50,0.6319137168141593,0
2002,0149,2,2026-06-13 10:36:50,0.0669247787610620,0
2003,0084,2,2026-06-13 10:37:00,0.6319137168141593,0
2004,0149,2,2026-06-13 10:37:00,0.0669247787610620,0
2005,0084,2,2026-06-13 10:37:10,0.6319137168141593,0
2006,0084,2,2026-06-13 10:37:10,0.6319137168141593,1
2007,0149,2,2026-06-13 10:37:10,0.0669247787610620,0
2008,0084,2,2026-06-13 10:37:20,0.6319137168141593,0
2009,0149,2,2026-06-13 10:37:20,0.0669247787610620,0
2010,0084,2,2026-06-13 10:37:30,0.6319137168141593,0
2011,0084,2,2026-06-13 10:37:40,0.6319137168141593,1
2012,0113,2,2026-06-13 14:02:10,0.7193030973451328,0
2013,0113,2,2026-06-13 14:02:20,0.7193030973451328,0
2014,0113,2,2026-06-13 14:02:30,0.7193030973451328,0
2015,0113,2,2026-06-13 14:02:40,0.7193030973451328,0
2016,0113,2,2026-06-13 14:02:50,0.7193030973451328,0
2017,0113,2,2026-06-13 14:03:00,0.7193030973451328,0
2018,0113,2,2026-06-13 14:03:10,0.7193030973451328,0
2019,0113,2,2026-06-13 14:03:20,0.7193030973451328,0
2020,0113,2,2026-06-13 14:03:30,0.7193030973451328,0
2021,0113,2,2026-06-13 14:03:40,0.7193030973451328,0
2022,0113,2,2026-06-13 14:03:50,0.7193030973451328,0
2023,0113,2,2026-06-13 14:04:00,0.7193030973451328,1
2024,0195,2,2026-06-13 15:32:10,0.2607853982300885,0
2025,0241,2,2026-06-13 15:32:10,0.4070796460176991,0
2026,0195,2,2026-06-13 15:32:20,0.2607853982300885,1
2027,0241,2,2026-06-13 15:32:20,0.4070796460176991,0
2028,0195,2,2026-06-13 15:32:30,0.2607853982300885,0
2029,0241,2,2026-06-13 15:32:30,0.4070796460176991,0
2030,0195,2,2026-06-13 15:32:40,0.2607853982300885,0
2031,0241,2,2026-06-13 15:32:40,0.4070796460176991,0
2032,0195,2,2026-06-13 15:32:50,0.2607853982300885,0
2033,0241,2,2026-06-13 15:32:50,0.4070796460176991,0
2034,0195,2,2026-06-13 15:33:00,0.2607853982300885,0
2035,0241,2,2026-06-13 15:33:00,0.4070796460176991,1
2036,0195,2,2026-06-13 15:33:10,0.2607853982300885,0
2037,0241,2,2026-06-13 15:33:10,0.4070796460176991,0
2038,0045,2,2026-06-13 15:33:20,0.4070796460176991,1
2039,0195,2,2026-06-13 15:33:20,0.2607853982300885,0
2040,0241,2,2026-06-13 15:33:20,0.4070796460176991,0
2041,0045,2,2026-06-13 15:33:30,0.4070796460176991,0
2042,0195,2,2026-06-13 15:33:30,0.2607853982300885,0
2043,0241,2,2026-06-13 15:33:30,0.4070796460176991,0
2044,0045,2,2026-06-13 15:33:40,0.4070796460176991,0
2045,0195,2,2026-06-13 15:33:40,0.2607853982300885,0
2046,0241,2,2026-06-13 15:33:40,0.4070796460176991,0
2047,0045,2,2026-06-13 15:33:50,0.4070796460176991,0
2048,0144,2,2026-06-13 15:33:50,0.8039269911504425,0
2049,0195,2,2026-06-13 15:33:50,0.2607853982300885,0
2050,0241,2,2026-06-13 15:33:50,0.4070796460176991,0
2051,0045,2,2026-06-13 15:34:00,0.4070796460176991,0
2052,0144,2,2026-06-13 15:34:00,0.8039269911504425,0
2053,0195,2,2026-06-13 15:34:00,0.2607853982300885,0
2054,0241,2,2026-06-13 15:34:00,0.4070796460176991,0
2055,0045,2,2026-06-13 15:34:10,0.4070796460176991,0
2056,0144,2,2026-06-13 15:34:10,0.8039269911504425,0
2057,0045,2,2026-06-13 15:34:20,0.4070796460176991,0
2058,0144,2,2026-06-13 15:34:20,0.8039269911504425,0
2059,0045,2,2026-06-13 15:34:30,0.4070796460176991,0
2060,0144,2,2026-06-13 15:34:30,0.8039269911504425,0
2061,0045,2,2026-06-13 15:34:40,0.4070796460176991,0
2062,0144,2,2026-06-13 15:34:40,0.8039269911504425,0
2063,0045,2,2026-06-13 15:34:50,0.4070796460176991,0
2064,0144,2,2026-06-13 15:34:50,0.8039269911504425,0
2065,0045,2,2026-06-13 15:35:00,0.4070796460176991,0
2066,0144,2,2026-06-13 15:35:00,0.8039269911504425,0
2067,0045,2,2026-06-13 15:35:10,0.4070796460176991,0
2068,0144,2,2026-06-13 15:35:10,0.8039269911504425,0
2069,0144,2,2026-06-13 15:35:20,0.8039269911504425,1
2070,0170,2,2026-06-13 17:00:30,0.2065818584070797,0
2071,0170,2,2026-06-13 17:00:40,0.2065818584070797,0
2072,0170,2,2026-06-13 17:00:50,0.2065818584070797,0
2073,0170,2,2026-06-13 17:01:00,0.2065818584070797,0
2074,0170,2,2026-06-13 17:01:10,0.2065818584070797,0
2075,0170,2,2026-06-13 17:01:20,0.2065818584070797,0
2076,0170,2,2026-06-13 17:01:30,0.2065818584070797,0
2077,0170,2,2026-06-13 17:01:40,0.2065818584070797,0
2078,0170,2,2026-06-13 17:01:50,0.2065818584070797,0
2079,0170,2,2026-06-13 17:02:00,0.2065818584070797,0
2080,0170,2,2026-06-13 17:02:10,0.2065818584070797,1
2081,0034,2,2026-06-13 17:02:50,0.9004424778761062,0
2082,0034,2,2026-06-13 17:03:00,0.9004424778761062,0
2083,0034,2,2026-06-13 17:03:10,0.9004424778761062,0
2084,0034,2,2026-06-13 17:03:20,0.9004424778761062,0
2085,0080,2,2026-06-13 17:03:20,0.5459070796460177,1
2086,0034,2,2026-06-13 17:03:30,0.9004424778761062,0
2087,0080,2,2026-06-13 17:03:30,0.5459070796460177,0
2088,0034,2,2026-06-13 17:03:40,0.9004424778761062,0
2089,0080,2,2026-06-13 17:03:40,0.5459070796460177,0
2090,0034,2,2026-06-13 17:03:50,0.9004424778761062,0
2091,0080,2,2026-06-13 17:03:50,0.5459070796460177,0
2092,0034,2,2026-06-13 17:04:00,0.9004424778761062,0
2093,0080,2,2026-06-13 17:04:00,0.5459070796460177,0
2094,0034,2,2026-06-13 17:04:10,0.9004424778761062,0
2095,0080,2,2026-06-13 17:04:10,0.5459070796460177,0
2096,0034,2,2026-06-13 17:04:20,0.9004424778761062,1
2097,0048,2,2026-06-13 17:04:50,0.8039269911504425,0
2098,0048,2,2026-06-13 17:05:00,0.8039269911504425,0
2099,0048,2,2026-06-13 17:05:10,0.8039269911504425,0
2100,0048,2,2026-06-13 17:05:20,0.8039269911504425,1
2101,0048,2,2026-06-13 17:05:30,0.8039269911504425,1
2102,0118,2,2026-06-13 18:41:50,0.9004424778761062,0
2103,0118,2,2026-06-13 18:42:00,0.9004424778761062,0
2104,0118,2,2026-06-13 18:42:10,0.9004424778761062,0
2105,0118,2,2026-06-13 18:42:20,0.9004424778761062,0
2106,0118,2,2026-06-13 18:42:30,0.9004424778761062,0
2107,0118,2,2026-06-13 18:42:40,0.9004424778761062,0
2108,0118,2,2026-06-13 18:42:50,0.9004424778761062,0
2109,0118,2,2026-06-13 18:43:00,0.9004424778761062,0
2110,0118,2,2026-06-13 18:43:10,0.9004424778761062,1
2111,0118,2,2026-06-13 18:43:20,0.9004424778761062,0
2112,0028,2,2026-06-13 22:20:30,0.7193030973451328,0
2113,0028,2,2026-06-13 22:20:40,0.7193030973451328,0
2114,0028,2,2026-06-13 22:20:50,0.7193030973451328,0
2115,0028,2,2026-06-13 22:21:00,0.7193030973451328,0
2116,0028,2,2026-06-13 22:21:10,0.7193030973451328,0
2117,0028,2,2026-06-13 22:21:20,0.7193030973451328,0
2118,0028,2,2026-06-13 22:21:30,0.7193030973451328,0
2119,0028,2,2026-06-13 22:21:40,0.7193030973451328,0
2120,0028,2,2026-06-13 22:21:50,0.7193030973451328,0
2121,0028,2,2026-06-13 22:22:00,0.7193030973451328,0
2122,0028,2,2026-06-13 22:22:10,0.7193030973451328,0
2123,0028,2,2026-06-13 22:22:20,0.7193030973451328,1
2124,0162,2,2026-06-13 23:55:30,0.0669247787610620,0
2125,0162,2,2026-06-13 23:55:40,0.0669247787610620,1
2126,0162,2,2026-06-13 23:55:50,0.0669247787610620,0
2127,0162,2,2026-06-13 23:56:00,0.0669247787610620,0
2128,0162,2,2026-06-13 23:56:10,0.0669247787610620,0
2129,0162,2,2026-06-13 23:56:20,0.0669247787610620,0
2130,0162,2,2026-06-13 23:56:30,0.0669247787610620,0
2131,0162,2,2026-06-13 23:56:40,0.0669247787610620,0
2132,0162,2,2026-06-13 23:56:50,0.0669247787610620,0
2133,0162,2,2026-06-13 23:57:00,0.0669247787610620,0
2134,0206,2,2026-06-13 23:57:00,0.2607853982300885,0
2135,0162,2,2026-06-13 23:57:10,0.0669247787610620,0
2136,0206,2,2026-06-13 23:57:10,0.2607853982300885,0
2137,0162,2,2026-06-13 23:57:20,0.0669247787610620,0
2138,0206,2,2026-06-13 23:57:20,0.2607853982300885,0
2139,0206,2,2026-06-13 23:57:30,0.2607853982300885,0
2140,0206,2,2026-06-13 23:57:40,0.2607853982300885,0
2141,0206,2,2026-06-13 23:57:50,0.2607853982300885,0
2142,0206,2,2026-06-13 23:58:00,0.2607853982300885,0
2143,0206,2,2026-06-13 23:58:10,0.2607853982300885,0
2144,0206,2,2026-06-13 23:58:20,0.2607853982300885,0
2145,0206,2,2026-06-13 23:58:30,0.2607853982300885,0
2146,0206,2,2026-06-13 23:58:40,0.2607853982300885,0
2147,0206,2,2026-06-13 23:58:50,0.2607853982300885,1
2148,0157,2,2026-06-14 02:53:30,0.9745575221238938,1
2149,0187,2,2026-06-14 02:53:30,0.0669247787610620,0
2150,0067,2,2026-06-14 02:53:40,0.9004424778761062,0
2151,0157,2,2026-06-14 02:53:40,0.9745575221238938,1
2152,0187,2,2026-06-14 02:53:40,0.0669247787610620,0
2153,0011,2,2026-06-14 02:53:50,0.5459070796460177,0
2154,0067,2,2026-06-14 02:53:50,0.9004424778761062,1
2155,0104,2,2026-06-14 02:53:50,0.9004424778761062,0
2156,0157,2,2026-06-14 02:53:50,0.9745575221238938,0
2157,0187,2,2026-06-14 02:53:50,0.0669247787610620,0
2158,0011,2,2026-06-14 02:54:00,0.5459070796460177,0
2159,0067,2,2026-06-14 02:54:00,0.9004424778761062,0
2160,0104,2,2026-06-14 02:54:00,0.9004424778761062,0
2161,0157,2,2026-06-14 02:54:00,0.9745575221238938,0
2162,0187,2,2026-06-14 02:54:00,0.0669247787610620,0
2163,0011,2,2026-06-14 02:54:10,0.5459070796460177,1
2164,0067,2,2026-06-14 02:54:10,0.9004424778761062,0
2165,0104,2,2026-06-14 02:54:10,0.9004424778761062,0
2166,0157,2,2026-06-14 02:54:10,0.9745575221238938,0
2167,0187,2,2026-06-14 02:54:10,0.0669247787610620,0
2168,0011,2,2026-06-14 02:54:20,0.5459070796460177,0
2169,0011,2,2026-06-14 02:54:20,0.5459070796460177,0
2170,0067,2,2026-06-14 02:54:20,0.9004424778761062,0
2171,0104,2,2026-06-14 02:54:20,0.9004424778761062,1
2172,0157,2,2026-06-14 02:54:20,0.9745575221238938,0
2173,0187,2,2026-06-14 02:54:20,0.0669247787610620,0
2174,0011,2,2026-06-14 02:54:30,0.5459070796460177,0
2175,0011,2,2026-06-14 02:54:30,0.5459070796460177,0
2176,0067,2,2026-06-14 02:54:30,0.9004424778761062,0
2177,0104,2,2026-06-14 02:54:30,0.9004424778761062,0
2178,0157,2,2026-06-14 02:54:30,0.9745575221238938,0
2179,0187,2,2026-06-14 02:54:30,0.0669247787610620,0
2180,0011,2,2026-06-14 02:54:40,0.5459070796460177,1
2181,0011,2,2026-06-14 02:54:40,0.5459070796460177,0
2182,0067,2,2026-06-14 02:54:40,0.9004424778761062,0
2183,0104,2,2026-06-14 02:54:40,0.9004424778761062,0
2184,0122,2,2026-06-14 02:54:40,0.0669247787610620,0
2185,0157,2,2026-06-14 02:54:40,0.9745575221238938,0
2186,0187,2,2026-06-14 02:54:40,0.0669247787610620,0
2187,0011,2,2026-06-14 02:54:50,0.5459070796460177,0
2188,0011,2,2026-06-14 02:54:50,0.5459070796460177,0
2189,0067,2,2026-06-14 02:54:50,0.9004424778761062,0
2190,0104,2,2026-06-14 02:54:50,0.9004424778761062,0
2191,0122,2,2026-06-14 02:54:50,0.0669247787610620,0
2192,0157,2,2026-06-14 02:54:50,0.9745575221238938,0
2193,0187,2,2026-06-14 02:54:50,0.0669247787610620,0
2194,0011,2,2026-06-14 02:55:00,0.5459070796460177,0
2195,0011,2,2026-06-14 02:55:00,0.5459070796460177,0
2196,0067,2,2026-06-14 02:55:00,0.9004424778761062,0
2197,0082,2,2026-06-14 02:55:00,0.4070796460176991,0
2198,0095,2,2026-06-14 02:55:00,0.7193030973451328,1
2199,0104,2,2026-06-14 02:55:00,0.9004424778761062,0
2200,0107,2,2026-06-14 02:55:00,0.2607853982300885,0
2201,0122,2,2026-06-14 02:55:00,0.0669247787610620,0
2202,0157,2,2026-06-14 02:55:00,0.9745575221238938,0
2203,0187,2,2026-06-14 02:55:00,0.0669247787610620,0
2204,0011,2,2026-06-14 02:55:10,0.5459070796460177,0
2205,0067,2,2026-06-14 02:55:10,0.9004424778761062,0
2206,0082,2,2026-06-14 02:55:10,0.4070796460176991,0
2207,0095,2,2026-06-14 02:55:10,0.7193030973451328,1
2208,0104,2,2026-06-14 02:55:10,0.9004424778761062,0
2209,0107,2,2026-06-14 02:55:10,0.2607853982300885,0
2210,0122,2,2026-06-14 02:55:10,0.0669247787610620,0
2211,0157,2,2026-06-14 02:55:10,0.9745575221238938,0
2212,0187,2,2026-06-14 02:55:10,0.0669247787610620,0
2213,0011,2,2026-06-14 02:55:20,0.5459070796460177,0
2214,0067,2,2026-06-14 02:55:20,0.9004424778761062,0
2215,0082,2,2026-06-14 02:55:20,0.4070796460176991,0
2216,0095,2,2026-06-14 02:55:20,0.7193030973451328,0
2217,0104,2,2026-06-14 02:55:20,0.9004424778761062,0
2218,0107,2,2026-06-14 02:55:20,0.2607853982300885,0
2219,0122,2,2026-06-14 02:55:20,0.0669247787610620,0
2220,0011,2,2026-06-14 02:55:30,0.5459070796460177,0
2221,0082,2,2026-06-14 02:55:30,0.4070796460176991,0
2222,0095,2,2026-06-14 02:55:30,0.7193030973451328,0
2223,0104,2,2026-06-14 02:55:30,0.9004424778761062,0
2224,0107,2,2026-06-14 02:55:30,0.2607853982300885,0
2225,0122,2,2026-06-14 02:55:30,0.0669247787610620,0
2226,0185,2,2026-06-14 02:55:30,0.5459070796460177,0
2227,0082,2,2026-06-14 02:55:40,0.4070796460176991,0
2228,0095,2,2026-06-14 02:55:40,0.7193030973451328,0
2229,0104,2,2026-06-14 02:55:40,0.9004424778761062,0
2230,0107,2,2026-06-14 02:55:40,0.2607853982300885,1
2231,0122,2,2026-06-14 02:55:40,0.0669247787610620,0
2232,0185,2,2026-06-14 02:55:40,0.5459070796460177,0
2233,0082,2,2026-06-14 02:55:50,0.4070796460176991,1
2234,0095,2,2026-06-14 02:55:50,0.7193030973451328,0
2235,0107,2,2026-06-14 02:55:50,0.2607853982300885,0
2236,0122,2,2026-06-14 02:55:50,0.0669247787610620,0
2237,0185,2,2026-06-14 02:55:50,0.5459070796460177,0
2238,0082,2,2026-06-14 02:56:00,0.4070796460176991,1
2239,0095,2,2026-06-14 02:56:00,0.7193030973451328,0
2240,0054,2,2026-06-14 02:56:10,0.5849004424778761,0
2241,0082,2,2026-06-14 02:56:10,0.4070796460176991,0
2242,0095,2,2026-06-14 02:56:10,0.7193030973451328,0
2243,006,2,2026-06-14 02:56:20,0.9004424778761062,0
2244,0054,2,2026-06-14 02:56:20,0.5849004424778761,1
2245,0082,2,2026-06-14 02:56:20,0.4070796460176991,0
2246,0095,2,2026-06-14 02:56:20,0.7193030973451328,0
2247,0098,2,2026-06-14 02:56:20,0.7193030973451328,0
2248,006,2,2026-06-14 02:56:30,0.9004424778761062,1
2249,0054,2,2026-06-14 02:56:30,0.5849004424778761,0
2250,0095,2,2026-06-14 02:56:30,0.7193030973451328,0
2251,0098,2,2026-06-14 02:56:30,0.7193030973451328,0
2252,0158,2,2026-06-14 02:56:30,0.6319137168141593,0
2253,006,2,2026-06-14 02:56:40,0.9004424778761062,0
2254,0054,2,2026-06-14 02:56:40,0.5849004424778761,0
2255,0095,2,2026-06-14 02:56:40,0.7193030973451328,0
2256,0098,2,2026-06-14 02:56:40,0.7193030973451328,0
2257,0158,2,2026-06-14 02:56:40,0.6319137168141593,1
2258,006,2,2026-06-14 02:56:50,0.9004424778761062,0
2259,0054,2,2026-06-14 02:56:50,0.5849004424778761,0
2260,0098,2,2026-06-14 02:56:50,0.7193030973451328,0
2261,0158,2,2026-06-14 02:56:50,0.6319137168141593,0
2262,006,2,2026-06-14 02:57:00,0.9004424778761062,0
2263,0054,2,2026-06-14 02:57:00,0.5849004424778761,0
2264,0098,2,2026-06-14 02:57:00,0.7193030973451328,1
2265,0158,2,2026-06-14 02:57:00,0.6319137168141593,0
2266,006,2,2026-06-14 02:57:10,0.9004424778761062,0
2267,0054,2,2026-06-14 02:57:10,0.5849004424778761,0
2268,0098,2,2026-06-14 02:57:10,0.7193030973451328,0
2269,0158,2,2026-06-14 02:57:10,0.6319137168141593,0
2270,006,2,2026-06-14 02:57:20,0.9004424778761062,0
2271,0054,2,2026-06-14 02:57:20,0.5849004424778761,0
2272,0098,2,2026-06-14 02:57:20,0.7193030973451328,0
2273,0152,2,2026-06-14 02:57:20,0.0669247787610620,0
2274,0158,2,2026-06-14 02:57:20,0.6319137168141593,0
2275,0215,2,2026-06-14 02:57:20,0.7193030973451328,1
2276,006,2,2026-06-14 02:57:30,0.9004424778761062,0
2277,0054,2,2026-06-14 02:57:30,0.5849004424778761,0
2278,0098,2,2026-06-14 02:57:30,0.7193030973451328,0
2279,0152,2,2026-06-14 02:57:30,0.0669247787610620,0
2280,0158,2,2026-06-14 02:57:30,0.6319137168141593,0
2281,0215,2,2026-06-14 02:57:30,0.7193030973451328,0
2282,006,2,2026-06-14 02:57:40,0.9004424778761062,0
2283,0098,2,2026-06-14 02:57:40,0.7193030973451328,0
2284,0110,2,2026-06-14 02:57:40,0.0212942477876106,0
2285,0152,2,2026-06-14 02:57:40,0.0669247787610620,0
2286,0158,2,2026-06-14 02:57:40,0.6319137168141593,0
2287,0215,2,2026-06-14 02:57:40,0.7193030973451328,0
2288,006,2,2026-06-14 02:57:50,0.9004424778761062,0
2289,0098,2,2026-06-14 02:57:50,0.7193030973451328,0
2290,0110,2,2026-06-14 02:57:50,0.0212942477876106,1
2291,0152,2,2026-06-14 02:57:50,0.0669247787610620,0
2292,0158,2,2026-06-14 02:57:50,0.6319137168141593,0
2293,0098,2,2026-06-14 02:58:00,0.7193030973451328,0
2294,0110,2,2026-06-14 02:58:00,0.0212942477876106,0
2295,0152,2,2026-06-14 02:58:00,0.0669247787610620,0
2296,0158,2,2026-06-14 02:58:00,0.6319137168141593,0
2297,0110,2,2026-06-14 02:58:10,0.0212942477876106,0
2298,0152,2,2026-06-14 02:58:10,0.0669247787610620,0
2299,0158,2,2026-06-14 02:58:10,0.6319137168141593,0
2300,0110,2,2026-06-14 02:58:20,0.0212942477876106,0
2301,0152,2,2026-06-14 02:58:20,0.0669247787610620,1
2302,0158,2,2026-06-14 02:58:20,0.6319137168141593,0
2303,0110,2,2026-06-14 02:58:30,0.0212942477876106,0
2304,0152,2,2026-06-14 02:58:30,0.0669247787610620,0
2305,0102,2,2026-06-14 02:58:40,0.9004424778761062,1
2306,0110,2,2026-06-14 02:58:40,0.0212942477876106,0
2307,0152,2,2026-06-14 02:58:40,0.0669247787610620,0
2308,0102,2,2026-06-14 02:58:50,0.9004424778761062,0
2309,0152,2,2026-06-14 02:58:50,0.0669247787610620,0
2310,0057,2,2026-06-14 02:59:00,0.2607853982300885,0
2311,0152,2,2026-06-14 02:59:00,0.0669247787610620,0
2312,0057,2,2026-06-14 02:59:10,0.2607853982300885,0
2313,0103,2,2026-06-14 02:59:10,0.6319137168141593,0
2314,0057,2,2026-06-14 02:59:20,0.2607853982300885,0
2315,0100,2,2026-06-14 02:59:20,1.0000000000000000,1
2316,0103,2,2026-06-14 02:59:20,0.6319137168141593,0
2317,0057,2,2026-06-14 02:59:30,0.2607853982300885,0
2318,0100,2,2026-06-14 02:59:30,1.0000000000000000,0
2319,0103,2,2026-06-14 02:59:30,0.6319137168141593,1
2320,0210,2,2026-06-14 02:59:30,0.5459070796460177,0
2321,0057,2,2026-06-14 02:59:40,0.2607853982300885,0
2322,0100,2,2026-06-14 02:59:40,1.0000000000000000,0
2323,0103,2,2026-06-14 02:59:40,0.6319137168141593,0
2324,0210,2,2026-06-14 02:59:40,0.5459070796460177,0
2325,0057,2,2026-06-14 02:59:50,0.2607853982300885,0
2326,0100,2,2026-06-14 02:59:50,1.0000000000000000,0
2327,0103,2,2026-06-14 02:59:50,0.6319137168141593,0
2328,0210,2,2026-06-14 02:59:50,0.5459070796460177,0
2329,0057,2,2026-06-14 03:00:00,0.2607853982300885,1
2330,0100,2,2026-06-14 03:00:00,1.0000000000000000,0
2331,0103,2,2026-06-14 03:00:00,0.6319137168141593,0
2332,0210,2,2026-06-14 03:00:00,0.5459070796460177,0
2333,0057,2,2026-06-14 03:00:10,0.2607853982300885,1
2334,0100,2,2026-06-14 03:00:10,1.0000000000000000,0
2335,0103,2,2026-06-14 03:00:10,0.6319137168141593,0
2336,0210,2,2026-06-14 03:00:10,0.5459070796460177,0
2337,0057,2,2026-06-14 03:00:20,0.2607853982300885,0
2338,0100,2,2026-06-14 03:00:20,1.0000000000000000,0
2339,0103,2,2026-06-14 03:00:20,0.6319137168141593,0
2340,0210,2,2026-06-14 03:00:20,0.5459070796460177,0
2341,0057,2,2026-06-14 03:00:30,0.2607853982300885,0
2342,0103,2,2026-06-14 03:00:30,0.6319137168141593,0
2343,0210,2,2026-06-14 03:00:30,0.5459070796460177,0
2344,0057,2,2026-06-14 03:00:40,0.2607853982300885,0
2345,0103,2,2026-06-14 03:00:40,0.6319137168141593,0
2346,0210,2,2026-06-14 03:00:40,0.5459070796460177,1
2347,0036,2,2026-06-14 03:07:50,0.4070796460176991,0
2348,0036,2,2026-06-14 03:08:00,0.4070796460176991,0
2349,0036,2,2026-06-14 03:08:10,0.4070796460176991,0
2350,0036,2,2026-06-14 03:08:20,0.4070796460176991,0
2351,0036,2,2026-06-14 03:08:30,0.4070796460176991,0
2352,0036,2,2026-06-14 03:08:40,0.4070796460176991,1
2353,0036,2,2026-06-14 03:08:50,0.4070796460176991,1
2354,0167,2,2026-06-14 04:38:10,0.8039269911504425,0
2355,0167,2,2026-06-14 04:38:20,0.8039269911504425,0
2356,0167,2,2026-06-14 04:38:30,0.8039269911504425,0
2357,0164,2,2026-06-14 04:38:40,0.6319137168141593,1
2358,0167,2,2026-06-14 04:38:40,0.8039269911504425,0
2359,0164,2,2026-06-14 04:38:50,0.6319137168141593,1
2360,0167,2,2026-06-14 04:38:50,0.8039269911504425,0
2361,0164,2,2026-06-14 04:39:00,0.6319137168141593,0
2362,0167,2,2026-06-14 04:39:00,0.8039269911504425,0
2363,0164,2,2026-06-14 04:39:10,0.6319137168141593,0
2364,0167,2,2026-06-14 04:39:10,0.8039269911504425,0
2365,0164,2,2026-06-14 04:39:20,0.6319137168141593,0
2366,0167,2,2026-06-14 04:39:20,0.8039269911504425,0
2367,0167,2,2026-06-14 04:39:30,0.8039269911504425,1
2368,0167,2,2026-06-14 04:39:40,0.8039269911504425,1
2369,0166,2,2026-06-14 06:07:50,0.9004424778761062,0
2370,0166,2,2026-06-14 06:08:00,0.9004424778761062,0
2371,0166,2,2026-06-14 06:08:10,0.9004424778761062,0
2372,0166,2,2026-06-14 06:08:20,0.9004424778761062,0
2373,0166,2,2026-06-14 06:08:30,0.9004424778761062,0
2374,0166,2,2026-06-14 06:08:40,0.9004424778761062,0
2375,0166,2,2026-06-14 06:08:50,0.9004424778761062,0
2376,0166,2,2026-06-14 06:09:00,0.9004424778761062,0
2377,0166,2,2026-06-14 06:09:10,0.9004424778761062,1
2378,0015,2,2026-06-14 06:12:40,0.5849004424778761,1
2379,0015,2,2026-06-14 06:12:50,0.5849004424778761,0
2380,0051,2,2026-06-14 06:12:50,0.2065818584070797,0
2381,0015,2,2026-06-14 06:13:00,0.5849004424778761,0
2382,0051,2,2026-06-14 06:13:00,0.2065818584070797,0
2383,0015,2,2026-06-14 06:13:10,0.5849004424778761,0
2384,0051,2,2026-06-14 06:13:10,0.2065818584070797,0
2385,0015,2,2026-06-14 06:13:20,0.5849004424778761,0
2386,0051,2,2026-06-14 06:13:20,0.2065818584070797,0
2387,0015,2,2026-06-14 06:13:30,0.5849004424778761,0
2388,0051,2,2026-06-14 06:13:30,0.2065818584070797,0
2389,0015,2,2026-06-14 06:13:40,0.5849004424778761,0
2390,0051,2,2026-06-14 06:13:40,0.2065818584070797,1
2391,0015,2,2026-06-14 06:13:50,0.5849004424778761,0
2392,0051,2,2026-06-14 06:13:50,0.2065818584070797,0
2393,0015,2,2026-06-14 06:14:00,0.5849004424778761,0
2394,0051,2,2026-06-14 06:14:00,0.2065818584070797,0
2395,0051,2,2026-06-14 06:14:10,0.2065818584070797,0
2396,0051,2,2026-06-14 06:14:20,0.2065818584070797,0
2397,0051,2,2026-06-14 06:14:30,0.2065818584070797,0
2398,0135,2,2026-06-14 06:14:50,0.9004424778761062,0
2399,0135,2,2026-06-14 06:15:00,0.9004424778761062,0
2400,0135,2,2026-06-14 06:15:10,0.9004424778761062,0
2401,0135,2,2026-06-14 06:15:20,0.9004424778761062,0
2402,0135,2,2026-06-14 06:15:30,0.9004424778761062,1
2403,0135,2,2026-06-14 06:15:40,0.9004424778761062,0
2404,0135,2,2026-06-14 06:15:50,0.9004424778761062,0
2405,0135,2,2026-06-14 06:16:00,0.9004424778761062,0
2406,0135,2,2026-06-14 06:16:10,0.9004424778761062,0
2407,0135,2,2026-06-14 06:16:20,0.9004424778761062,0
2408,0135,2,2026-06-14 06:16:30,0.9004424778761062,0
2409,0194,2,2026-06-14 07:46:00,0.9004424778761062,0
2410,0194,2,2026-06-14 07:46:10,0.9004424778761062,0
2411,0021,2,2026-06-14 07:46:20,0.2065818584070797,0
2412,0194,2,2026-06-14 07:46:20,0.9004424778761062,0
2413,0021,2,2026-06-14 07:46:30,0.2065818584070797,0
2414,0194,2,2026-06-14 07:46:30,0.9004424778761062,0
2415,0021,2,2026-06-14 07:46:40,0.2065818584070797,0
2416,0194,2,2026-06-14 07:46:40,0.9004424778761062,0
2417,0021,2,2026-06-14 07:46:50,0.2065818584070797,0
2418,0194,2,2026-06-14 07:46:50,0.9004424778761062,0
2419,0021,2,2026-06-14 07:47:00,0.2065818584070797,0
2420,0194,2,2026-06-14 07:47:00,0.9004424778761062,1
2421,0021,2,2026-06-14 07:47:10,0.2065818584070797,0
2422,0194,2,2026-06-14 07:47:10,0.9004424778761062,0
2423,0021,2,2026-06-14 07:47:20,0.2065818584070797,0
2424,0194,2,2026-06-14 07:47:20,0.9004424778761062,0
2425,0021,2,2026-06-14 07:47:30,0.2065818584070797,0
2426,0194,2,2026-06-14 07:47:30,0.9004424778761062,0
2427,0021,2,2026-06-14 07:47:40,0.2065818584070797,0
2428,0194,2,2026-06-14 07:47:40,0.9004424778761062,0
2429,0021,2,2026-06-14 07:47:50,0.2065818584070797,0
2430,0194,2,2026-06-14 07:47:50,0.9004424778761062,0
2431,0021,2,2026-06-14 07:48:00,0.2065818584070797,1
2432,0032,2,2026-06-14 07:57:50,0.4070796460176991,0
2433,0058,2,2026-06-14 07:57:50,0.0669247787610620,0
2434,0063,2,2026-06-14 07:57:50,0.0669247787610620,0
2435,0085,2,2026-06-14 07:57:50,0.0212942477876106,0
2436,0090,2,2026-06-14 07:57:50,0.0669247787610620,0
2437,0096,2,2026-06-14 07:57:50,0.4070796460176991,0
2438,0101,2,2026-06-14 07:57:50,1.0000000000000000,1
2439,0109,2,2026-06-14 07:57:50,0.2065818584070797,0
2440,0121,2,2026-06-14 07:57:50,0.2607853982300885,0
2441,0130,2,2026-06-14 07:57:50,0.6319137168141593,0
2442,0131,2,2026-06-14 07:57:50,0.5849004424778761,0
2443,0156,2,2026-06-14 07:57:50,0.9004424778761062,0
2444,0159,2,2026-06-14 07:57:50,0.2065818584070797,0
2445,0163,2,2026-06-14 07:57:50,0.9745575221238938,0
2446,0178,2,2026-06-14 07:57:50,1.0000000000000000,0
2447,0211,2,2026-06-14 07:57:50,0.8039269911504425,0
2448,0214,2,2026-06-14 07:57:50,0.9745575221238938,0
2449,0221,2,2026-06-14 07:57:50,0.9004424778761062,0
2450,0226,2,2026-06-14 07:57:50,0.0669247787610620,0
2451,0237,2,2026-06-14 07:57:50,0.0669247787610620,0
2452,0250,2,2026-06-14 07:57:50,0.9745575221238938,0
2453,002,2,2026-06-14 07:58:00,0.0212942477876106,0
2454,0032,2,2026-06-14 07:58:00,0.4070796460176991,0
2455,0035,2,2026-06-14 07:58:00,0.6319137168141593,0
2456,0058,2,2026-06-14 07:58:00,0.0669247787610620,0
2457,0060,2,2026-06-14 07:58:00,1.0000000000000000,1
2458,0063,2,2026-06-14 07:58:00,0.0669247787610620,0
2459,0085,2,2026-06-14 07:58:00,0.0212942477876106,0
2460,0090,2,2026-06-14 07:58:00,0.0669247787610620,0
2461,0096,2,2026-06-14 07:58:00,0.4070796460176991,0
2462,0101,2,2026-06-14 07:58:00,1.0000000000000000,0
2463,0109,2,2026-06-14 07:58:00,0.2065818584070797,0
2464,0121,2,2026-06-14 07:58:00,0.2607853982300885,0
2465,0130,2,2026-06-14 07:58:00,0.6319137168141593,0
2466,0131,2,2026-06-14 07:58:00,0.5849004424778761,0
2467,0156,2,2026-06-14 07:58:00,0.9004424778761062,0
2468,0159,2,2026-06-14 07:58:00,0.2065818584070797,0
2469,0161,2,2026-06-14 07:58:00,0.9004424778761062,0
2470,0163,2,2026-06-14 07:58:00,0.9745575221238938,0
2471,0173,2,2026-06-14 07:58:00,0.6319137168141593,0
2472,0178,2,2026-06-14 07:58:00,1.0000000000000000,0
2473,0188,2,2026-06-14 07:58:00,0.5459070796460177,0
2474,0205,2,2026-06-14 07:58:00,0.2607853982300885,0
2475,0208,2,2026-06-14 07:58:00,0.4070796460176991,0
2476,0211,2,2026-06-14 07:58:00,0.8039269911504425,0
2477,0214,2,2026-06-14 07:58:00,0.9745575221238938,0
2478,0221,2,2026-06-14 07:58:00,0.9004424778761062,0
2479,0226,2,2026-06-14 07:58:00,0.0669247787610620,0
2480,0237,2,2026-06-14 07:58:00,0.0669247787610620,0
2481,0250,2,2026-06-14 07:58:00,0.9745575221238938,0
2482,002,2,2026-06-14 07:58:10,0.0212942477876106,0
2483,0032,2,2026-06-14 07:58:10,0.4070796460176991,0
2484,0035,2,2026-06-14 07:58:10,0.6319137168141593,0
2485,0058,2,2026-06-14 07:58:10,0.0669247787610620,0
2486,0060,2,2026-06-14 07:58:10,1.0000000000000000,1
2487,0063,2,2026-06-14 07:58:10,0.0669247787610620,0
2488,0085,2,2026-06-14 07:58:10,0.0212942477876106,0
2489,0090,2,2026-06-14 07:58:10,0.0669247787610620,0
2490,0096,2,2026-06-14 07:58:10,0.4070796460176991,0
2491,0101,2,2026-06-14 07:58:10,1.0000000000000000,0
2492,0109,2,2026-06-14 07:58:10,0.2065818584070797,0
2493,0121,2,2026-06-14 07:58:10,0.2607853982300885,0
2494,0130,2,2026-06-14 07:58:10,0.6319137168141593,0
2495,0131,2,2026-06-14 07:58:10,0.5849004424778761,0
2496,0156,2,2026-06-14 07:58:10,0.9004424778761062,0
2497,0159,2,2026-06-14 07:58:10,0.2065818584070797,0
2498,0161,2,2026-06-14 07:58:10,0.9004424778761062,0
2499,0163,2,2026-06-14 07:58:10,0.9745575221238938,0
2500,0173,2,2026-06-14 07:58:10,0.6319137168141593,0
2501,0178,2,2026-06-14 07:58:10,1.0000000000000000,0
2502,0188,2,2026-06-14 07:58:10,0.5459070796460177,0
2503,0205,2,2026-06-14 07:58:10,0.2607853982300885,0
2504,0208,2,2026-06-14 07:58:10,0.4070796460176991,0
2505,0211,2,2026-06-14 07:58:10,0.8039269911504425,0
2506,0214,2,2026-06-14 07:58:10,0.9745575221238938,0
2507,0221,2,2026-06-14 07:58:10,0.9004424778761062,0
2508,0226,2,2026-06-14 07:58:10,0.0669247787610620,0
2509,0237,2,2026-06-14 07:58:10,0.0669247787610620,0
2510,0250,2,2026-06-14 07:58:10,0.9745575221238938,0
2511,002,2,2026-06-14 07:58:20,0.0212942477876106,0
2512,0032,2,2026-06-14 07:58:20,0.4070796460176991,0
2513,0035,2,2026-06-14 07:58:20,0.6319137168141593,0
2514,0058,2,2026-06-14 07:58:20,0.0669247787610620,0
2515,0060,2,2026-06-14 07:58:20,1.0000000000000000,0
2516,0063,2,2026-06-14 07:58:20,0.0669247787610620,0
2517,0085,2,2026-06-14 07:58:20,0.0212942477876106,0
2518,0090,2,2026-06-14 07:58:20,0.0669247787610620,0
2519,0096,2,2026-06-14 07:58:20,0.4070796460176991,0
2520,0101,2,2026-06-14 07:58:20,1.0000000000000000,0
2521,0109,2,2026-06-14 07:58:20,0.2065818584070797,0
2522,0121,2,2026-06-14 07:58:20,0.2607853982300885,0
2523,0130,2,2026-06-14 07:58:20,0.6319137168141593,0
2524,0131,2,2026-06-14 07:58:20,0.5849004424778761,0
2525,0156,2,2026-06-14 07:58:20,0.9004424778761062,0
2526,0159,2,2026-06-14 07:58:20,0.2065818584070797,0
2527,0161,2,2026-06-14 07:58:20,0.9004424778761062,0
2528,0163,2,2026-06-14 07:58:20,0.9745575221238938,1
2529,0173,2,2026-06-14 07:58:20,0.6319137168141593,0
2530,0178,2,2026-06-14 07:58:20,1.0000000000000000,0
2531,0188,2,2026-06-14 07:58:20,0.5459070796460177,0
2532,0205,2,2026-06-14 07:58:20,0.2607853982300885,0
2533,0208,2,2026-06-14 07:58:20,0.4070796460176991,0
2534,0211,2,2026-06-14 07:58:20,0.8039269911504425,0
2535,0214,2,2026-06-14 07:58:20,0.9745575221238938,0
2536,0221,2,2026-06-14 07:58:20,0.9004424778761062,0
2537,0226,2,2026-06-14 07:58:20,0.0669247787610620,0
2538,0237,2,2026-06-14 07:58:20,0.0669247787610620,0
2539,0250,2,2026-06-14 07:58:20,0.9745575221238938,0
2540,0032,2,2026-06-14 07:58:30,0.4070796460176991,0
2541,0058,2,2026-06-14 07:58:30,0.0669247787610620,0
2542,0063,2,2026-06-14 07:58:30,0.0669247787610620,0
2543,0085,2,2026-06-14 07:58:30,0.0212942477876106,0
2544,0096,2,2026-06-14 07:58:30,0.4070796460176991,0
2545,0101,2,2026-06-14 07:58:30,1.0000000000000000,0
2546,0109,2,2026-06-14 07:58:30,0.2065818584070797,0
2547,0121,2,2026-06-14 07:58:30,0.2607853982300885,0
2548,0130,2,2026-06-14 07:58:30,0.6319137168141593,0
2549,0131,2,2026-06-14 07:58:30,0.5849004424778761,0
2550,0156,2,2026-06-14 07:58:30,0.9004424778761062,0
2551,0163,2,2026-06-14 07:58:30,0.9745575221238938,0
2552,0178,2,2026-06-14 07:58:30,1.0000000000000000,1
2553,0211,2,2026-06-14 07:58:30,0.8039269911504425,0
2554,0214,2,2026-06-14 07:58:30,0.9745575221238938,0
2555,0237,2,2026-06-14 07:58:30,0.0669247787610620,0
2556,0250,2,2026-06-14 07:58:30,0.9745575221238938,0
2557,0223,2,2026-06-14 07:58:40,0.5459070796460177,0
2558,0223,2,2026-06-14 07:58:50,0.5459070796460177,1
2559,0223,2,2026-06-14 07:59:00,0.5459070796460177,0
2560,0223,2,2026-06-14 07:59:10,0.5459070796460177,0
2561,0223,2,2026-06-14 07:59:20,0.5459070796460177,0
2562,0223,2,2026-06-14 07:59:30,0.5459070796460177,0
2563,0223,2,2026-06-14 07:59:40,0.5459070796460177,0
2564,0238,2,2026-06-14 07:59:40,0.9745575221238938,0
2565,0223,2,2026-06-14 07:59:50,0.5459070796460177,0
2566,0238,2,2026-06-14 07:59:50,0.9745575221238938,0
2567,0223,2,2026-06-14 08:00:00,0.5459070796460177,0
2568,0238,2,2026-06-14 08:00:00,0.9745575221238938,0
2569,0223,2,2026-06-14 08:00:10,0.5459070796460177,0
2570,0238,2,2026-06-14 08:00:10,0.9745575221238938,0
2571,0223,2,2026-06-14 08:00:20,0.5459070796460177,0
2572,0238,2,2026-06-14 08:00:20,0.9745575221238938,0
2573,0223,2,2026-06-14 08:00:30,0.5459070796460177,0
2574,0238,2,2026-06-14 08:00:30,0.9745575221238938,0
2575,0238,2,2026-06-14 08:00:40,0.9745575221238938,0
2576,0238,2,2026-06-14 08:00:50,0.9745575221238938,0
2577,0238,2,2026-06-14 08:01:00,0.9745575221238938,0
2578,0238,2,2026-06-14 08:01:10,0.9745575221238938,0
2579,0238,2,2026-06-14 08:01:20,0.9745575221238938,0
2580,0238,2,2026-06-14 08:01:30,0.9745575221238938,1
2581,0154,2,2026-06-14 08:08:40,0.8039269911504425,1
2582,0114,2,2026-06-14 08:08:50,0.7193030973451328,0
2583,0154,2,2026-06-14 08:08:50,0.8039269911504425,0
2584,0114,2,2026-06-14 08:09:00,0.7193030973451328,0
2585,0154,2,2026-06-14 08:09:00,0.8039269911504425,0
2586,0240,2,2026-06-14 08:09:00,0.8039269911504425,0
2587,0114,2,2026-06-14 08:09:10,0.7193030973451328,0
2588,0154,2,2026-06-14 08:09:10,0.8039269911504425,1
2589,0154,2,2026-06-14 08:09:10,0.8039269911504425,0
2590,0240,2,2026-06-14 08:09:10,0.8039269911504425,0
2591,0114,2,2026-06-14 08:09:20,0.7193030973451328,0
2592,0154,2,2026-06-14 08:09:20,0.8039269911504425,0
2593,0154,2,2026-06-14 08:09:20,0.8039269911504425,0
2594,0240,2,2026-06-14 08:09:20,0.8039269911504425,0
2595,0114,2,2026-06-14 08:09:30,0.7193030973451328,1
2596,0154,2,2026-06-14 08:09:30,0.8039269911504425,0
2597,0154,2,2026-06-14 08:09:30,0.8039269911504425,0
2598,0240,2,2026-06-14 08:09:30,0.8039269911504425,0
2599,0114,2,2026-06-14 08:09:40,0.7193030973451328,0
2600,0154,2,2026-06-14 08:09:40,0.8039269911504425,0
2601,0154,2,2026-06-14 08:09:40,0.8039269911504425,0
2602,0240,2,2026-06-14 08:09:40,0.8039269911504425,0
2603,0114,2,2026-06-14 08:09:50,0.7193030973451328,0
2604,0154,2,2026-06-14 08:09:50,0.8039269911504425,0
2605,0240,2,2026-06-14 08:09:50,0.8039269911504425,0
2606,0114,2,2026-06-14 08:10:00,0.7193030973451328,0
2607,0154,2,2026-06-14 08:10:00,0.8039269911504425,0
2608,0240,2,2026-06-14 08:10:00,0.8039269911504425,0
2609,0114,2,2026-06-14 08:10:10,0.7193030973451328,0
2610,0154,2,2026-06-14 08:10:10,0.8039269911504425,0
2611,0240,2,2026-06-14 08:10:10,0.8039269911504425,1
2612,0114,2,2026-06-14 08:10:20,0.7193030973451328,0
2613,0240,2,2026-06-14 08:10:20,0.8039269911504425,0
2614,0114,2,2026-06-14 08:10:30,0.7193030973451328,0
2615,0240,2,2026-06-14 08:10:30,0.8039269911504425,0
2616,0114,2,2026-06-14 08:10:40,0.7193030973451328,0
2617,0240,2,2026-06-14 08:10:40,0.8039269911504425,0
2618,0119,2,2026-06-14 09:23:10,0.9004424778761062,0
2619,0119,2,2026-06-14 09:23:20,0.9004424778761062,1
2620,0119,2,2026-06-14 09:23:30,0.9004424778761062,0
2621,0119,2,2026-06-14 09:23:40,0.9004424778761062,0
2622,0119,2,2026-06-14 09:23:50,0.9004424778761062,0
2623,0119,2,2026-06-14 09:24:00,0.9004424778761062,0
2624,0119,2,2026-06-14 09:24:10,0.9004424778761062,0
2625,0119,2,2026-06-14 09:24:20,0.9004424778761062,1
2626,0119,2,2026-06-14 09:24:30,0.9004424778761062,0
2627,0119,2,2026-06-14 09:24:40,0.9004424778761062,0
2628,0119,2,2026-06-14 09:24:50,0.9004424778761062,0
2629,0119,2,2026-06-14 09:25:00,0.9004424778761062,0
2630,0196,2,2026-06-14 09:25:20,0.9004424778761062,0
2631,0196,2,2026-06-14 09:25:30,0.9004424778761062,1
2632,0196,2,2026-06-14 09:25:40,0.9004424778761062,0
2633,0070,2,2026-06-14 09:25:50,0.7193030973451328,1
2634,0196,2,2026-06-14 09:25:50,0.9004424778761062,0
2635,0070,2,2026-06-14 09:26:00,0.7193030973451328,1
2636,0141,2,2026-06-14 09:26:00,0.0212942477876106,0
2637,0196,2,2026-06-14 09:26:00,0.9004424778761062,0
2638,0070,2,2026-06-14 09:26:10,0.7193030973451328,0
2639,0141,2,2026-06-14 09:26:10,0.0212942477876106,0
2640,0196,2,2026-06-14 09:26:10,0.9004424778761062,0
2641,0070,2,2026-06-14 09:26:20,0.7193030973451328,0
2642,0141,2,2026-06-14 09:26:20,0.0212942477876106,0
2643,0196,2,2026-06-14 09:26:20,0.9004424778761062,0
2644,0068,2,2026-06-14 09:26:30,0.4070796460176991,0
2645,0070,2,2026-06-14 09:26:30,0.7193030973451328,0
2646,0141,2,2026-06-14 09:26:30,0.0212942477876106,1
2647,0196,2,2026-06-14 09:26:30,0.9004424778761062,0
2648,0068,2,2026-06-14 09:26:40,0.4070796460176991,0
2649,0070,2,2026-06-14 09:26:40,0.7193030973451328,0
2650,0141,2,2026-06-14 09:26:40,0.0212942477876106,0
2651,0196,2,2026-06-14 09:26:40,0.9004424778761062,0
2652,0068,2,2026-06-14 09:26:50,0.4070796460176991,0
2653,0070,2,2026-06-14 09:26:50,0.7193030973451328,0
2654,0141,2,2026-06-14 09:26:50,0.0212942477876106,0
2655,0196,2,2026-06-14 09:26:50,0.9004424778761062,0
2656,0233,2,2026-06-14 09:26:50,0.8039269911504425,0
2657,0068,2,2026-06-14 09:27:00,0.4070796460176991,0
2658,0070,2,2026-06-14 09:27:00,0.7193030973451328,0
2659,0141,2,2026-06-14 09:27:00,0.0212942477876106,0
2660,0196,2,2026-06-14 09:27:00,0.9004424778761062,0
2661,0233,2,2026-06-14 09:27:00,0.8039269911504425,0
2662,0068,2,2026-06-14 09:27:10,0.4070796460176991,0
2663,0070,2,2026-06-14 09:27:10,0.7193030973451328,0
2664,0141,2,2026-06-14 09:27:10,0.0212942477876106,0
2665,0233,2,2026-06-14 09:27:10,0.8039269911504425,0
2666,0068,2,2026-06-14 09:27:20,0.4070796460176991,0
2667,0070,2,2026-06-14 09:27:20,0.7193030973451328,0
2668,0141,2,2026-06-14 09:27:20,0.0212942477876106,0
2669,0233,2,2026-06-14 09:27:20,0.8039269911504425,1
2670,0141,2,2026-06-14 09:27:30,0.0212942477876106,0
2671,0233,2,2026-06-14 09:27:30,0.8039269911504425,0
2672,0139,2,2026-06-14 09:27:40,0.6319137168141593,0
2673,0141,2,2026-06-14 09:27:40,0.0212942477876106,0
2674,0233,2,2026-06-14 09:27:40,0.8039269911504425,0
2675,0027,2,2026-06-14 09:27:50,0.0669247787610620,0
2676,0139,2,2026-06-14 09:27:50,0.6319137168141593,1
2677,0141,2,2026-06-14 09:27:50,0.0212942477876106,0
2678,0212,2,2026-06-14 09:27:50,0.5459070796460177,0
2679,0233,2,2026-06-14 09:27:50,0.8039269911504425,0
2680,0027,2,2026-06-14 09:28:00,0.0669247787610620,0
2681,0139,2,2026-06-14 09:28:00,0.6319137168141593,0
2682,0212,2,2026-06-14 09:28:00,0.5459070796460177,0
2683,0233,2,2026-06-14 09:28:00,0.8039269911504425,0
2684,0027,2,2026-06-14 09:28:10,0.0669247787610620,0
2685,0139,2,2026-06-14 09:28:10,0.6319137168141593,0
2686,0212,2,2026-06-14 09:28:10,0.5459070796460177,0
2687,0233,2,2026-06-14 09:28:10,0.8039269911504425,0
2688,0027,2,2026-06-14 09:28:20,0.0669247787610620,0
2689,0139,2,2026-06-14 09:28:20,0.6319137168141593,0
2690,0212,2,2026-06-14 09:28:20,0.5459070796460177,0
2691,0233,2,2026-06-14 09:28:20,0.8039269911504425,0
2692,0027,2,2026-06-14 09:28:30,0.0669247787610620,0
2693,0139,2,2026-06-14 09:28:30,0.6319137168141593,0
2694,0212,2,2026-06-14 09:28:30,0.5459070796460177,1
2695,0027,2,2026-06-14 09:28:40,0.0669247787610620,0
2696,0139,2,2026-06-14 09:28:40,0.6319137168141593,0
2697,0212,2,2026-06-14 09:28:40,0.5459070796460177,0
2698,0027,2,2026-06-14 09:28:50,0.0669247787610620,0
2699,0139,2,2026-06-14 09:28:50,0.6319137168141593,1
2700,0212,2,2026-06-14 09:28:50,0.5459070796460177,0
2701,0027,2,2026-06-14 09:29:00,0.0669247787610620,0
2702,0139,2,2026-06-14 09:29:00,0.6319137168141593,0
2703,0212,2,2026-06-14 09:29:00,0.5459070796460177,0
2704,0027,2,2026-06-14 09:29:10,0.0669247787610620,0
2705,0139,2,2026-06-14 09:29:10,0.6319137168141593,0
2706,0212,2,2026-06-14 09:29:10,0.5459070796460177,1
2707,0027,2,2026-06-14 09:29:20,0.0669247787610620,1
2708,0139,2,2026-06-14 09:29:20,0.6319137168141593,0
2709,0212,2,2026-06-14 09:29:20,0.5459070796460177,0
2710,0247,3,2026-06-13 09:44:00,0.0212942477876106,0
2711,0247,3,2026-06-13 09:44:10,0.0212942477876106,0
2712,0247,3,2026-06-13 09:44:20,0.0212942477876106,0
2713,0247,3,2026-06-13 09:44:30,0.0212942477876106,0
2714,0247,3,2026-06-13 09:44:40,0.0212942477876106,0
2715,0247,3,2026-06-13 09:44:50,0.0212942477876106,1
2716,0193,3,2026-06-13 09:46:10,0.5849004424778761,0
2717,0193,3,2026-06-13 09:46:20,0.5849004424778761,0
2718,0193,3,2026-06-13 09:46:30,0.5849004424778761,0
2719,0193,3,2026-06-13 09:46:40,0.5849004424778761,0
2720,0193,3,2026-06-13 09:46:50,0.5849004424778761,1
2721,0193,3,2026-06-13 09:47:00,0.5849004424778761,0
2722,0193,3,2026-06-13 09:47:10,0.5849004424778761,0
2723,0193,3,2026-06-13 09:47:20,0.5849004424778761,0
2724,0193,3,2026-06-13 09:47:30,0.5849004424778761,0
2725,0193,3,2026-06-13 09:47:40,0.5849004424778761,0
2726,0064,3,2026-06-13 11:10:40,0.2065818584070797,0
2727,0064,3,2026-06-13 11:10:50,0.2065818584070797,0
2728,0064,3,2026-06-13 11:11:00,0.2065818584070797,0
2729,0064,3,2026-06-13 11:11:10,0.2065818584070797,0
2730,0064,3,2026-06-13 11:11:20,0.2065818584070797,0
2731,0064,3,2026-06-13 11:11:30,0.2065818584070797,0
2732,0064,3,2026-06-13 11:11:40,0.2065818584070797,0
2733,0064,3,2026-06-13 11:11:50,0.2065818584070797,0
2734,0064,3,2026-06-13 11:12:00,0.2065818584070797,0
2735,0064,3,2026-06-13 11:12:10,0.2065818584070797,0
2736,0201,3,2026-06-13 11:15:10,0.2607853982300885,0
2737,0201,3,2026-06-13 11:15:20,0.2607853982300885,0
2738,0201,3,2026-06-13 11:15:30,0.2607853982300885,0
2739,0243,3,2026-06-13 11:15:30,0.9745575221238938,0
2740,0201,3,2026-06-13 11:15:40,0.2607853982300885,0
2741,0243,3,2026-06-13 11:15:40,0.9745575221238938,0
2742,0201,3,2026-06-13 11:15:50,0.2607853982300885,0
2743,0243,3,2026-06-13 11:15:50,0.9745575221238938,0
2744,0201,3,2026-06-13 11:16:00,0.2607853982300885,0
2745,0243,3,2026-06-13 11:16:00,0.9745575221238938,0
2746,0201,3,2026-06-13 11:16:10,0.2607853982300885,0
2747,0243,3,2026-06-13 11:16:10,0.9745575221238938,0
2748,0201,3,2026-06-13 11:16:20,0.2607853982300885,0
2749,0243,3,2026-06-13 11:16:20,0.9745575221238938,0
2750,0201,3,2026-06-13 11:16:30,0.2607853982300885,0
2751,0243,3,2026-06-13 11:16:30,0.9745575221238938,0
2752,0201,3,2026-06-13 11:16:40,0.2607853982300885,1
2753,0243,3,2026-06-13 11:16:40,0.9745575221238938,0
2754,0201,3,2026-06-13 11:16:50,0.2607853982300885,0
2755,0243,3,2026-06-13 11:16:50,0.9745575221238938,0
2756,0201,3,2026-06-13 11:17:00,0.2607853982300885,0
2757,0243,3,2026-06-13 11:17:00,0.9745575221238938,0
2758,0243,3,2026-06-13 11:17:10,0.9745575221238938,0
2759,0243,3,2026-06-13 11:17:20,0.9745575221238938,0
2760,0111,3,2026-06-13 13:06:30,0.9004424778761062,0
2761,0111,3,2026-06-13 13:06:40,0.9004424778761062,0
2762,0111,3,2026-06-13 13:06:50,0.9004424778761062,0
2763,0111,3,2026-06-13 13:07:00,0.9004424778761062,0
2764,0111,3,2026-06-13 13:07:10,0.9004424778761062,0
2765,0111,3,2026-06-13 13:07:20,0.9004424778761062,0
2766,0136,3,2026-06-13 13:10:50,0.2607853982300885,0
2767,0136,3,2026-06-13 13:11:00,0.2607853982300885,0
2768,0136,3,2026-06-13 13:11:10,0.2607853982300885,0
2769,0136,3,2026-06-13 13:11:20,0.2607853982300885,0
2770,0136,3,2026-06-13 13:11:30,0.2607853982300885,0
2771,0136,3,2026-06-13 13:11:40,0.2607853982300885,0
2772,0136,3,2026-06-13 13:11:50,0.2607853982300885,0
2773,0136,3,2026-06-13 13:12:00,0.2607853982300885,0
2774,0136,3,2026-06-13 13:12:10,0.2607853982300885,0
2775,0136,3,2026-06-13 13:12:20,0.2607853982300885,0
2776,0136,3,2026-06-13 13:12:30,0.2607853982300885,0
2777,0055,3,2026-06-13 14:49:30,0.9004424778761062,0
2778,0055,3,2026-06-13 14:49:30,0.9004424778761062,0
2779,0055,3,2026-06-13 14:49:40,0.9004424778761062,0
2780,0055,3,2026-06-13 14:49:40,0.9004424778761062,0
2781,0055,3,2026-06-13 14:49:50,0.9004424778761062,0
2782,0055,3,2026-06-13 14:49:50,0.9004424778761062,0
2783,0055,3,2026-06-13 14:49:50,0.9004424778761062,0
2784,0055,3,2026-06-13 14:50:00,0.9004424778761062,0
2785,0055,3,2026-06-13 14:50:00,0.9004424778761062,0
2786,0055,3,2026-06-13 14:50:00,0.9004424778761062,0
2787,0055,3,2026-06-13 14:50:00,0.9004424778761062,0
2788,0055,3,2026-06-13 14:50:10,0.9004424778761062,0
2789,0055,3,2026-06-13 14:50:10,0.9004424778761062,0
2790,0055,3,2026-06-13 14:50:10,0.9004424778761062,0
2791,0055,3,2026-06-13 14:50:20,0.9004424778761062,1
2792,0055,3,2026-06-13 14:50:20,0.9004424778761062,0
2793,0055,3,2026-06-13 14:50:30,0.9004424778761062,0
2794,0055,3,2026-06-13 14:50:30,0.9004424778761062,0
2795,0023,3,2026-06-13 14:52:30,0.5459070796460177,0
2796,0039,3,2026-06-13 14:52:30,0.9004424778761062,0
2797,0023,3,2026-06-13 14:52:40,0.5459070796460177,0
2798,0039,3,2026-06-13 14:52:40,0.9004424778761062,0
2799,0023,3,2026-06-13 14:52:50,0.5459070796460177,0
2800,0039,3,2026-06-13 14:52:50,0.9004424778761062,0
2801,0023,3,2026-06-13 14:53:00,0.5459070796460177,0
2802,0039,3,2026-06-13 14:53:00,0.9004424778761062,0
2803,0023,3,2026-06-13 14:53:10,0.5459070796460177,0
2804,0039,3,2026-06-13 14:53:10,0.9004424778761062,0
2805,0023,3,2026-06-13 14:53:20,0.5459070796460177,0
2806,0039,3,2026-06-13 14:53:20,0.9004424778761062,0
2807,0023,3,2026-06-13 14:53:30,0.5459070796460177,0
2808,0039,3,2026-06-13 14:53:30,0.9004424778761062,0
2809,0023,3,2026-06-13 14:53:40,0.5459070796460177,0
2810,0039,3,2026-06-13 14:53:40,0.9004424778761062,0
2811,0023,3,2026-06-13 14:53:50,0.5459070796460177,0
2812,0039,3,2026-06-13 14:53:50,0.9004424778761062,0
2813,0023,3,2026-06-13 14:54:00,0.5459070796460177,0
2814,0039,3,2026-06-13 14:54:00,0.9004424778761062,0
2815,0023,3,2026-06-13 14:54:10,0.5459070796460177,0
2816,0039,3,2026-06-13 14:54:10,0.9004424778761062,0
2817,0023,3,2026-06-13 14:54:20,0.5459070796460177,0
2818,0160,3,2026-06-13 16:09:30,0.4070796460176991,0
2819,0160,3,2026-06-13 16:09:40,0.4070796460176991,0
2820,0160,3,2026-06-13 16:09:50,0.4070796460176991,0
2821,0160,3,2026-06-13 16:10:00,0.4070796460176991,0
2822,0160,3,2026-06-13 16:10:10,0.4070796460176991,0
2823,0160,3,2026-06-13 16:10:20,0.4070796460176991,1
2824,0160,3,2026-06-13 16:10:30,0.4070796460176991,0
2825,0160,3,2026-06-13 16:10:40,0.4070796460176991,0
2826,0160,3,2026-06-13 16:10:50,0.4070796460176991,0
2827,0160,3,2026-06-13 16:11:00,0.4070796460176991,0
2828,0235,3,2026-06-13 16:11:00,0.8039269911504425,0
2829,0160,3,2026-06-13 16:11:10,0.4070796460176991,0
2830,0235,3,2026-06-13 16:11:10,0.8039269911504425,0
2831,0235,3,2026-06-13 16:11:20,0.8039269911504425,0
2832,0235,3,2026-06-13 16:11:30,0.8039269911504425,0
2833,0235,3,2026-06-13 16:11:40,0.8039269911504425,0
2834,008,3,2026-06-13 16:11:50,0.9745575221238938,0
2835,0235,3,2026-06-13 16:11:50,0.8039269911504425,0
2836,008,3,2026-06-13 16:12:00,0.9745575221238938,0
2837,0235,3,2026-06-13 16:12:00,0.8039269911504425,0
2838,008,3,2026-06-13 16:12:10,0.9745575221238938,0
2839,0235,3,2026-06-13 16:12:10,0.8039269911504425,0
2840,0179,3,2026-06-13 16:13:50,0.4070796460176991,0
2841,0179,3,2026-06-13 16:13:50,0.4070796460176991,0
2842,0179,3,2026-06-13 16:13:50,0.4070796460176991,0
2843,0179,3,2026-06-13 16:13:50,0.4070796460176991,0
2844,0179,3,2026-06-13 16:14:00,0.4070796460176991,0
2845,0179,3,2026-06-13 16:14:00,0.4070796460176991,0
2846,0179,3,2026-06-13 16:14:00,0.4070796460176991,0
2847,0179,3,2026-06-13 16:14:00,0.4070796460176991,0
2848,0179,3,2026-06-13 16:14:00,0.4070796460176991,0
2849,0179,3,2026-06-13 16:14:10,0.4070796460176991,0
2850,0179,3,2026-06-13 16:14:10,0.4070796460176991,0
2851,0179,3,2026-06-13 16:14:10,0.4070796460176991,0
2852,0179,3,2026-06-13 16:14:10,0.4070796460176991,0
2853,0179,3,2026-06-13 16:14:10,0.4070796460176991,0
2854,0179,3,2026-06-13 16:14:10,0.4070796460176991,0
2855,0179,3,2026-06-13 16:14:20,0.4070796460176991,0
2856,0179,3,2026-06-13 16:14:20,0.4070796460176991,0
2857,0179,3,2026-06-13 16:14:20,0.4070796460176991,0
2858,0179,3,2026-06-13 16:14:20,0.4070796460176991,0
2859,0179,3,2026-06-13 16:14:20,0.4070796460176991,0
2860,0179,3,2026-06-13 16:14:20,0.4070796460176991,0
2861,0179,3,2026-06-13 16:14:20,0.4070796460176991,0
2862,0179,3,2026-06-13 16:14:30,0.4070796460176991,0
2863,0179,3,2026-06-13 16:14:30,0.4070796460176991,0
2864,0179,3,2026-06-13 16:14:30,0.4070796460176991,0
2865,0179,3,2026-06-13 16:14:30,0.4070796460176991,0
2866,0179,3,2026-06-13 16:14:30,0.4070796460176991,0
2867,0179,3,2026-06-13 16:14:30,0.4070796460176991,0
2868,0179,3,2026-06-13 16:14:30,0.4070796460176991,0
2869,0184,3,2026-06-13 16:14:30,0.2065818584070797,0
2870,0184,3,2026-06-13 16:14:30,0.2065818584070797,1
2871,0179,3,2026-06-13 16:14:40,0.4070796460176991,0
2872,0179,3,2026-06-13 16:14:40,0.4070796460176991,0
2873,0179,3,2026-06-13 16:14:40,0.4070796460176991,0
2874,0179,3,2026-06-13 16:14:40,0.4070796460176991,0
2875,0179,3,2026-06-13 16:14:40,0.4070796460176991,0
2876,0179,3,2026-06-13 16:14:40,0.4070796460176991,0
2877,0184,3,2026-06-13 16:14:40,0.2065818584070797,0
2878,0184,3,2026-06-13 16:14:40,0.2065818584070797,0
2879,0184,3,2026-06-13 16:14:40,0.2065818584070797,0
2880,0179,3,2026-06-13 16:14:50,0.4070796460176991,0
2881,0179,3,2026-06-13 16:14:50,0.4070796460176991,0
2882,0179,3,2026-06-13 16:14:50,0.4070796460176991,0
2883,0179,3,2026-06-13 16:14:50,0.4070796460176991,0
2884,0179,3,2026-06-13 16:14:50,0.4070796460176991,0
2885,0184,3,2026-06-13 16:14:50,0.2065818584070797,0
2886,0184,3,2026-06-13 16:14:50,0.2065818584070797,0
2887,0184,3,2026-06-13 16:14:50,0.2065818584070797,0
2888,0184,3,2026-06-13 16:14:50,0.2065818584070797,0
2889,0179,3,2026-06-13 16:15:00,0.4070796460176991,0
2890,0179,3,2026-06-13 16:15:00,0.4070796460176991,0
2891,0179,3,2026-06-13 16:15:00,0.4070796460176991,0
2892,0179,3,2026-06-13 16:15:00,0.4070796460176991,0
2893,0179,3,2026-06-13 16:15:00,0.4070796460176991,0
2894,0179,3,2026-06-13 16:15:00,0.4070796460176991,0
2895,0184,3,2026-06-13 16:15:00,0.2065818584070797,0
2896,0184,3,2026-06-13 16:15:00,0.2065818584070797,0
2897,0184,3,2026-06-13 16:15:00,0.2065818584070797,0
2898,0184,3,2026-06-13 16:15:00,0.2065818584070797,0
2899,0184,3,2026-06-13 16:15:00,0.2065818584070797,0
2900,0184,3,2026-06-13 16:15:00,0.2065818584070797,1
2901,0184,3,2026-06-13 16:15:00,0.2065818584070797,0
2902,0179,3,2026-06-13 16:15:10,0.4070796460176991,0
2903,0179,3,2026-06-13 16:15:10,0.4070796460176991,0
2904,0179,3,2026-06-13 16:15:10,0.4070796460176991,0
2905,0179,3,2026-06-13 16:15:10,0.4070796460176991,0
2906,0179,3,2026-06-13 16:15:10,0.4070796460176991,0
2907,0179,3,2026-06-13 16:15:10,0.4070796460176991,0
2908,0184,3,2026-06-13 16:15:10,0.2065818584070797,0
2909,0184,3,2026-06-13 16:15:10,0.2065818584070797,0
2910,0184,3,2026-06-13 16:15:10,0.2065818584070797,0
2911,0184,3,2026-06-13 16:15:10,0.2065818584070797,0
2912,0184,3,2026-06-13 16:15:10,0.2065818584070797,0
2913,0184,3,2026-06-13 16:15:10,0.2065818584070797,0
2914,0184,3,2026-06-13 16:15:10,0.2065818584070797,0
2915,0184,3,2026-06-13 16:15:10,0.2065818584070797,0
2916,0179,3,2026-06-13 16:15:20,0.4070796460176991,0
2917,0179,3,2026-06-13 16:15:20,0.4070796460176991,0
2918,0179,3,2026-06-13 16:15:20,0.4070796460176991,0
2919,0179,3,2026-06-13 16:15:20,0.4070796460176991,0
2920,0184,3,2026-06-13 16:15:20,0.2065818584070797,0
2921,0184,3,2026-06-13 16:15:20,0.2065818584070797,0
2922,0184,3,2026-06-13 16:15:20,0.2065818584070797,0
2923,0184,3,2026-06-13 16:15:20,0.2065818584070797,0
2924,0184,3,2026-06-13 16:15:20,0.2065818584070797,0
2925,0184,3,2026-06-13 16:15:20,0.2065818584070797,0
2926,0184,3,2026-06-13 16:15:20,0.2065818584070797,0
2927,0184,3,2026-06-13 16:15:20,0.2065818584070797,0
2928,0179,3,2026-06-13 16:15:30,0.4070796460176991,0
2929,0179,3,2026-06-13 16:15:30,0.4070796460176991,0
2930,0179,3,2026-06-13 16:15:30,0.4070796460176991,0
2931,0179,3,2026-06-13 16:15:30,0.4070796460176991,0
2932,0184,3,2026-06-13 16:15:30,0.2065818584070797,0
2933,0184,3,2026-06-13 16:15:30,0.2065818584070797,0
2934,0184,3,2026-06-13 16:15:30,0.2065818584070797,0
2935,0184,3,2026-06-13 16:15:30,0.2065818584070797,0
2936,0184,3,2026-06-13 16:15:30,0.2065818584070797,0
2937,0184,3,2026-06-13 16:15:30,0.2065818584070797,0
2938,0184,3,2026-06-13 16:15:30,0.2065818584070797,0
2939,0179,3,2026-06-13 16:15:40,0.4070796460176991,0
2940,0179,3,2026-06-13 16:15:40,0.4070796460176991,1
2941,0179,3,2026-06-13 16:15:40,0.4070796460176991,0
2942,0184,3,2026-06-13 16:15:40,0.2065818584070797,0
2943,0184,3,2026-06-13 16:15:40,0.2065818584070797,0
2944,0184,3,2026-06-13 16:15:40,0.2065818584070797,0
2945,0184,3,2026-06-13 16:15:40,0.2065818584070797,0
2946,0184,3,2026-06-13 16:15:40,0.2065818584070797,0
2947,0184,3,2026-06-13 16:15:40,0.2065818584070797,0
2948,0184,3,2026-06-13 16:15:50,0.2065818584070797,0
2949,0184,3,2026-06-13 16:15:50,0.2065818584070797,0
2950,0184,3,2026-06-13 16:15:50,0.2065818584070797,0
2951,0184,3,2026-06-13 16:15:50,0.2065818584070797,0
2952,0184,3,2026-06-13 16:16:00,0.2065818584070797,0
2953,0184,3,2026-06-13 16:16:00,0.2065818584070797,0
2954,0184,3,2026-06-13 16:16:00,0.2065818584070797,0
2955,0184,3,2026-06-13 16:16:10,0.2065818584070797,0
2956,0184,3,2026-06-13 16:16:10,0.2065818584070797,0
2957,0077,3,2026-06-13 16:19:30,0.9745575221238938,0
2958,0137,3,2026-06-13 16:19:30,0.2607853982300885,0
2959,0077,3,2026-06-13 16:19:40,0.9745575221238938,0
2960,0137,3,2026-06-13 16:19:40,0.2607853982300885,0
2961,0077,3,2026-06-13 16:19:50,0.9745575221238938,0
2962,0077,3,2026-06-13 16:20:00,0.9745575221238938,0
2963,0077,3,2026-06-13 16:20:10,0.9745575221238938,0
2964,0077,3,2026-06-13 16:20:20,0.9745575221238938,0
2965,0077,3,2026-06-13 16:20:30,0.9745575221238938,0
2966,0077,3,2026-06-13 16:20:40,0.9745575221238938,0
2967,0077,3,2026-06-13 16:20:50,0.9745575221238938,1
2968,0077,3,2026-06-13 16:21:00,0.9745575221238938,0
2969,0077,3,2026-06-13 16:21:10,0.9745575221238938,0
2970,0038,3,2026-06-13 17:49:50,0.6319137168141593,0
2971,0038,3,2026-06-13 17:50:00,0.6319137168141593,0
2972,0069,3,2026-06-13 17:50:00,1.0000000000000000,0
2973,0038,3,2026-06-13 17:50:10,0.6319137168141593,0
2974,0069,3,2026-06-13 17:50:10,1.0000000000000000,0
2975,0038,3,2026-06-13 17:50:20,0.6319137168141593,0
2976,0069,3,2026-06-13 17:50:20,1.0000000000000000,0
2977,0038,3,2026-06-13 17:50:30,0.6319137168141593,0
2978,0069,3,2026-06-13 17:50:30,1.0000000000000000,0
2979,0038,3,2026-06-13 17:50:40,0.6319137168141593,0
2980,0069,3,2026-06-13 17:50:40,1.0000000000000000,0
2981,0038,3,2026-06-13 17:50:50,0.6319137168141593,0
2982,0069,3,2026-06-13 17:50:50,1.0000000000000000,0
2983,0038,3,2026-06-13 17:51:00,0.6319137168141593,0
2984,0069,3,2026-06-13 17:51:00,1.0000000000000000,0
2985,0038,3,2026-06-13 17:51:10,0.6319137168141593,0
2986,0069,3,2026-06-13 17:51:10,1.0000000000000000,0
2987,0038,3,2026-06-13 17:51:20,0.6319137168141593,0
2988,0069,3,2026-06-13 17:51:20,1.0000000000000000,0
2989,0038,3,2026-06-13 17:51:30,0.6319137168141593,0
2990,0069,3,2026-06-13 17:51:30,1.0000000000000000,0
2991,0069,3,2026-06-13 17:51:40,1.0000000000000000,0
2992,0071,3,2026-06-13 17:52:00,0.8039269911504425,0
2993,0071,3,2026-06-13 17:52:10,0.8039269911504425,0
2994,0071,3,2026-06-13 17:52:20,0.8039269911504425,0
2995,0071,3,2026-06-13 17:52:30,0.8039269911504425,0
2996,0071,3,2026-06-13 17:52:40,0.8039269911504425,0
2997,0071,3,2026-06-13 17:52:50,0.8039269911504425,0
2998,0071,3,2026-06-13 17:53:00,0.8039269911504425,0
2999,0071,3,2026-06-13 17:53:10,0.8039269911504425,0
3000,0053,3,2026-06-13 17:53:20,0.9745575221238938,0
3001,0071,3,2026-06-13 17:53:20,0.8039269911504425,0
3002,0053,3,2026-06-13 17:53:30,0.9745575221238938,0
3003,0053,3,2026-06-13 17:53:40,0.9745575221238938,0
3004,007,3,2026-06-13 17:53:50,0.8039269911504425,0
3005,0053,3,2026-06-13 17:53:50,0.9745575221238938,0
3006,007,3,2026-06-13 17:54:00,0.8039269911504425,0
3007,0053,3,2026-06-13 17:54:00,0.9745575221238938,0
3008,007,3,2026-06-13 17:54:10,0.8039269911504425,0
3009,0053,3,2026-06-13 17:54:10,0.9745575221238938,0
3010,007,3,2026-06-13 17:54:20,0.8039269911504425,0
3011,0053,3,2026-06-13 17:54:20,0.9745575221238938,0
3012,007,3,2026-06-13 17:54:30,0.8039269911504425,0
3013,0053,3,2026-06-13 17:54:30,0.9745575221238938,1
3014,007,3,2026-06-13 17:54:40,0.8039269911504425,0
3015,0053,3,2026-06-13 17:54:40,0.9745575221238938,0
3016,007,3,2026-06-13 17:54:50,0.8039269911504425,0
3017,0053,3,2026-06-13 17:54:50,0.9745575221238938,0
3018,007,3,2026-06-13 17:55:00,0.8039269911504425,0
3019,0053,3,2026-06-13 17:55:00,0.9745575221238938,0
3020,0053,3,2026-06-13 17:55:10,0.9745575221238938,0
3021,0119,3,2026-06-13 19:07:40,0.9004424778761062,0
3022,0119,3,2026-06-13 19:07:50,0.9004424778761062,0
3023,0119,3,2026-06-13 19:08:00,0.9004424778761062,0
3024,0119,3,2026-06-13 19:08:10,0.9004424778761062,0
3025,0119,3,2026-06-13 19:08:20,0.9004424778761062,0
3026,0119,3,2026-06-13 19:08:30,0.9004424778761062,0
3027,0119,3,2026-06-13 19:08:40,0.9004424778761062,0
3028,0119,3,2026-06-13 19:08:50,0.9004424778761062,0
3029,0119,3,2026-06-13 19:09:00,0.9004424778761062,0
3030,0119,3,2026-06-13 19:09:10,0.9004424778761062,0
3031,0119,3,2026-06-13 19:09:20,0.9004424778761062,0
3032,0119,3,2026-06-13 19:09:30,0.9004424778761062,0
3033,0134,3,2026-06-13 19:27:10,0.0212942477876106,0
3034,0134,3,2026-06-13 19:27:20,0.0212942477876106,0
3035,0134,3,2026-06-13 19:27:30,0.0212942477876106,0
3036,0134,3,2026-06-13 19:27:40,0.0212942477876106,0
3037,0134,3,2026-06-13 19:27:50,0.0212942477876106,0
3038,0134,3,2026-06-13 19:28:00,0.0212942477876106,0
3039,0134,3,2026-06-13 19:28:10,0.0212942477876106,0
3040,0134,3,2026-06-13 19:28:20,0.0212942477876106,0
3041,0134,3,2026-06-13 19:28:30,0.0212942477876106,0
3042,0134,3,2026-06-13 19:28:40,0.0212942477876106,0
3043,0180,3,2026-06-14 02:01:30,0.8039269911504425,0
3044,0180,3,2026-06-14 02:01:40,0.8039269911504425,0
3045,0180,3,2026-06-14 02:01:50,0.8039269911504425,1
3046,0180,3,2026-06-14 02:02:00,0.8039269911504425,0
3047,0180,3,2026-06-14 02:02:10,0.8039269911504425,0
3048,0180,3,2026-06-14 02:02:20,0.8039269911504425,0
3049,0180,3,2026-06-14 02:02:30,0.8039269911504425,0
3050,0180,3,2026-06-14 02:02:40,0.8039269911504425,0
3051,0180,3,2026-06-14 02:02:50,0.8039269911504425,0
3052,0180,3,2026-06-14 02:03:00,0.8039269911504425,0
3053,0180,3,2026-06-14 02:03:10,0.8039269911504425,0
3054,0014,3,2026-06-14 02:04:20,0.7193030973451328,0
3055,0014,3,2026-06-14 02:04:30,0.7193030973451328,0
3056,0014,3,2026-06-14 02:04:40,0.7193030973451328,0
3057,0026,3,2026-06-14 02:05:10,0.2065818584070797,0
3058,0155,3,2026-06-14 02:05:10,0.5459070796460177,0
3059,0155,3,2026-06-14 02:05:10,0.5459070796460177,0
3060,0155,3,2026-06-14 02:05:10,0.5459070796460177,0
3061,0026,3,2026-06-14 02:05:20,0.2065818584070797,0
3062,0115,3,2026-06-14 02:05:20,0.7193030973451328,0
3063,0155,3,2026-06-14 02:05:20,0.5459070796460177,0
3064,0155,3,2026-06-14 02:05:20,0.5459070796460177,0
3065,0155,3,2026-06-14 02:05:20,0.5459070796460177,0
3066,0155,3,2026-06-14 02:05:20,0.5459070796460177,0
3067,0026,3,2026-06-14 02:05:30,0.2065818584070797,0
3068,0115,3,2026-06-14 02:05:30,0.7193030973451328,0
3069,0155,3,2026-06-14 02:05:30,0.5459070796460177,0
3070,0155,3,2026-06-14 02:05:30,0.5459070796460177,0
3071,0155,3,2026-06-14 02:05:30,0.5459070796460177,0
3072,0155,3,2026-06-14 02:05:30,0.5459070796460177,0
3073,0155,3,2026-06-14 02:05:30,0.5459070796460177,0
3074,0155,3,2026-06-14 02:05:30,0.5459070796460177,0
3075,0169,3,2026-06-14 02:05:30,0.5459070796460177,1
3076,0026,3,2026-06-14 02:05:40,0.2065818584070797,0
3077,0115,3,2026-06-14 02:05:40,0.7193030973451328,0
3078,0150,3,2026-06-14 02:05:40,0.9004424778761062,0
3079,0155,3,2026-06-14 02:05:40,0.5459070796460177,0
3080,0155,3,2026-06-14 02:05:40,0.5459070796460177,0
3081,0155,3,2026-06-14 02:05:40,0.5459070796460177,0
3082,0155,3,2026-06-14 02:05:40,0.5459070796460177,0
3083,0155,3,2026-06-14 02:05:40,0.5459070796460177,0
3084,0155,3,2026-06-14 02:05:40,0.5459070796460177,0
3085,0155,3,2026-06-14 02:05:40,0.5459070796460177,0
3086,0169,3,2026-06-14 02:05:40,0.5459070796460177,0
3087,0026,3,2026-06-14 02:05:50,0.2065818584070797,0
3088,0115,3,2026-06-14 02:05:50,0.7193030973451328,0
3089,0150,3,2026-06-14 02:05:50,0.9004424778761062,0
3090,0155,3,2026-06-14 02:05:50,0.5459070796460177,0
3091,0155,3,2026-06-14 02:05:50,0.5459070796460177,0
3092,0155,3,2026-06-14 02:05:50,0.5459070796460177,0
3093,0155,3,2026-06-14 02:05:50,0.5459070796460177,0
3094,0155,3,2026-06-14 02:05:50,0.5459070796460177,0
3095,0155,3,2026-06-14 02:05:50,0.5459070796460177,0
3096,0155,3,2026-06-14 02:05:50,0.5459070796460177,0
3097,0155,3,2026-06-14 02:05:50,0.5459070796460177,0
3098,0169,3,2026-06-14 02:05:50,0.5459070796460177,0
3099,0026,3,2026-06-14 02:06:00,0.2065818584070797,0
3100,0115,3,2026-06-14 02:06:00,0.7193030973451328,0
3101,0133,3,2026-06-14 02:06:00,0.9004424778761062,0
3102,0150,3,2026-06-14 02:06:00,0.9004424778761062,0
3103,0155,3,2026-06-14 02:06:00,0.5459070796460177,0
3104,0155,3,2026-06-14 02:06:00,0.5459070796460177,0
3105,0155,3,2026-06-14 02:06:00,0.5459070796460177,0
3106,0155,3,2026-06-14 02:06:00,0.5459070796460177,0
3107,0155,3,2026-06-14 02:06:00,0.5459070796460177,0
3108,0155,3,2026-06-14 02:06:00,0.5459070796460177,0
3109,0155,3,2026-06-14 02:06:00,0.5459070796460177,0
3110,0155,3,2026-06-14 02:06:00,0.5459070796460177,0
3111,0169,3,2026-06-14 02:06:00,0.5459070796460177,0
3112,0026,3,2026-06-14 02:06:10,0.2065818584070797,0
3113,0115,3,2026-06-14 02:06:10,0.7193030973451328,0
3114,0133,3,2026-06-14 02:06:10,0.9004424778761062,0
3115,0150,3,2026-06-14 02:06:10,0.9004424778761062,0
3116,0155,3,2026-06-14 02:06:10,0.5459070796460177,0
3117,0155,3,2026-06-14 02:06:10,0.5459070796460177,0
3118,0155,3,2026-06-14 02:06:10,0.5459070796460177,0
3119,0155,3,2026-06-14 02:06:10,0.5459070796460177,0
3120,0155,3,2026-06-14 02:06:10,0.5459070796460177,0
3121,0155,3,2026-06-14 02:06:10,0.5459070796460177,0
3122,0155,3,2026-06-14 02:06:10,0.5459070796460177,0
3123,0155,3,2026-06-14 02:06:10,0.5459070796460177,0
3124,0169,3,2026-06-14 02:06:10,0.5459070796460177,0
3125,0026,3,2026-06-14 02:06:20,0.2065818584070797,0
3126,0115,3,2026-06-14 02:06:20,0.7193030973451328,0
3127,0133,3,2026-06-14 02:06:20,0.9004424778761062,0
3128,0150,3,2026-06-14 02:06:20,0.9004424778761062,0
3129,0155,3,2026-06-14 02:06:20,0.5459070796460177,0
3130,0155,3,2026-06-14 02:06:20,0.5459070796460177,0
3131,0155,3,2026-06-14 02:06:20,0.5459070796460177,0
3132,0155,3,2026-06-14 02:06:20,0.5459070796460177,0
3133,0155,3,2026-06-14 02:06:20,0.5459070796460177,0
3134,0155,3,2026-06-14 02:06:20,0.5459070796460177,0
3135,0155,3,2026-06-14 02:06:20,0.5459070796460177,1
3136,0169,3,2026-06-14 02:06:20,0.5459070796460177,0
3137,0026,3,2026-06-14 02:06:30,0.2065818584070797,0
3138,0115,3,2026-06-14 02:06:30,0.7193030973451328,0
3139,0133,3,2026-06-14 02:06:30,0.9004424778761062,0
3140,0150,3,2026-06-14 02:06:30,0.9004424778761062,0
3141,0155,3,2026-06-14 02:06:30,0.5459070796460177,0
3142,0155,3,2026-06-14 02:06:30,0.5459070796460177,0
3143,0155,3,2026-06-14 02:06:30,0.5459070796460177,0
3144,0155,3,2026-06-14 02:06:30,0.5459070796460177,0
3145,0155,3,2026-06-14 02:06:30,0.5459070796460177,0
3146,0155,3,2026-06-14 02:06:30,0.5459070796460177,0
3147,0155,3,2026-06-14 02:06:30,0.5459070796460177,0
3148,0169,3,2026-06-14 02:06:30,0.5459070796460177,0
3149,0115,3,2026-06-14 02:06:40,0.7193030973451328,0
3150,0150,3,2026-06-14 02:06:40,0.9004424778761062,0
3151,0155,3,2026-06-14 02:06:40,0.5459070796460177,0
3152,0155,3,2026-06-14 02:06:40,0.5459070796460177,0
3153,0155,3,2026-06-14 02:06:40,0.5459070796460177,0
3154,0155,3,2026-06-14 02:06:40,0.5459070796460177,0
3155,0155,3,2026-06-14 02:06:40,0.5459070796460177,0
3156,0155,3,2026-06-14 02:06:40,0.5459070796460177,0
3157,0169,3,2026-06-14 02:06:40,0.5459070796460177,0
3158,0115,3,2026-06-14 02:06:50,0.7193030973451328,0
3159,0150,3,2026-06-14 02:06:50,0.9004424778761062,0
3160,0155,3,2026-06-14 02:06:50,0.5459070796460177,0
3161,0155,3,2026-06-14 02:06:50,0.5459070796460177,0
3162,0155,3,2026-06-14 02:06:50,0.5459070796460177,0
3163,0155,3,2026-06-14 02:06:50,0.5459070796460177,1
3164,0169,3,2026-06-14 02:06:50,0.5459070796460177,0
3165,0115,3,2026-06-14 02:07:00,0.7193030973451328,0
3166,0169,3,2026-06-14 02:07:00,0.5459070796460177,0
3167,0115,3,2026-06-14 02:07:10,0.7193030973451328,0
3168,0169,3,2026-06-14 02:07:10,0.5459070796460177,0
3169,0169,3,2026-06-14 02:07:20,0.5459070796460177,0
3170,0029,3,2026-06-14 03:43:50,1.0000000000000000,0
3171,0029,3,2026-06-14 03:44:00,1.0000000000000000,0
3172,0047,3,2026-06-14 03:44:00,0.8039269911504425,0
3173,0204,3,2026-06-14 03:44:00,0.7193030973451328,0
3174,0029,3,2026-06-14 03:44:10,1.0000000000000000,0
3175,0047,3,2026-06-14 03:44:10,0.8039269911504425,0
3176,0204,3,2026-06-14 03:44:10,0.7193030973451328,0
3177,0029,3,2026-06-14 03:44:20,1.0000000000000000,0
3178,0047,3,2026-06-14 03:44:20,0.8039269911504425,0
3179,0204,3,2026-06-14 03:44:20,0.7193030973451328,0
3180,0029,3,2026-06-14 03:44:30,1.0000000000000000,0
3181,0047,3,2026-06-14 03:44:30,0.8039269911504425,0
3182,0204,3,2026-06-14 03:44:30,0.7193030973451328,0
3183,0029,3,2026-06-14 03:44:40,1.0000000000000000,0
3184,0047,3,2026-06-14 03:44:40,0.8039269911504425,0
3185,0204,3,2026-06-14 03:44:40,0.7193030973451328,0
3186,0029,3,2026-06-14 03:44:50,1.0000000000000000,0
3187,0047,3,2026-06-14 03:44:50,0.8039269911504425,0
3188,0204,3,2026-06-14 03:44:50,0.7193030973451328,0
3189,0029,3,2026-06-14 03:45:00,1.0000000000000000,0
3190,0047,3,2026-06-14 03:45:00,0.8039269911504425,0
3191,0204,3,2026-06-14 03:45:00,0.7193030973451328,0
3192,0017,3,2026-06-14 03:45:10,0.2607853982300885,0
3193,0029,3,2026-06-14 03:45:10,1.0000000000000000,0
3194,0047,3,2026-06-14 03:45:10,0.8039269911504425,0
3195,0204,3,2026-06-14 03:45:10,0.7193030973451328,0
3196,0017,3,2026-06-14 03:45:20,0.2607853982300885,0
3197,0029,3,2026-06-14 03:45:20,1.0000000000000000,0
3198,0047,3,2026-06-14 03:45:20,0.8039269911504425,1
3199,0204,3,2026-06-14 03:45:20,0.7193030973451328,0
3200,0017,3,2026-06-14 03:45:30,0.2607853982300885,0
3201,0029,3,2026-06-14 03:45:30,1.0000000000000000,1
3202,0047,3,2026-06-14 03:45:30,0.8039269911504425,0
3203,0204,3,2026-06-14 03:45:30,0.7193030973451328,0
3204,0017,3,2026-06-14 03:45:40,0.2607853982300885,0
3205,0029,3,2026-06-14 03:45:40,1.0000000000000000,0
3206,0047,3,2026-06-14 03:45:40,0.8039269911504425,0
3207,0204,3,2026-06-14 03:45:40,0.7193030973451328,0
3208,0017,3,2026-06-14 03:45:50,0.2607853982300885,0
3209,0025,3,2026-06-14 03:45:50,0.4070796460176991,0
3210,0197,3,2026-06-14 03:45:50,0.5459070796460177,0
3211,0017,3,2026-06-14 03:46:00,0.2607853982300885,0
3212,0025,3,2026-06-14 03:46:00,0.4070796460176991,0
3213,0197,3,2026-06-14 03:46:00,0.5459070796460177,0
3214,0017,3,2026-06-14 03:46:10,0.2607853982300885,0
3215,0025,3,2026-06-14 03:46:10,0.4070796460176991,0
3216,0197,3,2026-06-14 03:46:10,0.5459070796460177,0
3217,0017,3,2026-06-14 03:46:20,0.2607853982300885,0
3218,0025,3,2026-06-14 03:46:20,0.4070796460176991,0
3219,0197,3,2026-06-14 03:46:20,0.5459070796460177,0
3220,0017,3,2026-06-14 03:46:30,0.2607853982300885,0
3221,0025,3,2026-06-14 03:46:30,0.4070796460176991,0
3222,0197,3,2026-06-14 03:46:30,0.5459070796460177,0
3223,0017,3,2026-06-14 03:46:40,0.2607853982300885,0
3224,0025,3,2026-06-14 03:46:40,0.4070796460176991,0
3225,0197,3,2026-06-14 03:46:40,0.5459070796460177,0
3226,0017,3,2026-06-14 03:46:50,0.2607853982300885,0
3227,0025,3,2026-06-14 03:46:50,0.4070796460176991,0
3228,0197,3,2026-06-14 03:46:50,0.5459070796460177,0
3229,0025,3,2026-06-14 03:47:00,0.4070796460176991,0
3230,0197,3,2026-06-14 03:47:00,0.5459070796460177,0
3231,0025,3,2026-06-14 03:47:10,0.4070796460176991,0
3232,0197,3,2026-06-14 03:47:10,0.5459070796460177,0
3233,0025,3,2026-06-14 03:47:20,0.4070796460176991,0
3234,0197,3,2026-06-14 03:47:20,0.5459070796460177,1
3235,0025,3,2026-06-14 03:47:30,0.4070796460176991,0
3236,0197,3,2026-06-14 03:47:30,0.5459070796460177,0
3237,0175,3,2026-06-14 03:48:40,0.9745575221238938,0
3238,0175,3,2026-06-14 03:48:50,0.9745575221238938,0
3239,0175,3,2026-06-14 03:49:00,0.9745575221238938,0
3240,0175,3,2026-06-14 03:49:10,0.9745575221238938,0
3241,0175,3,2026-06-14 03:49:20,0.9745575221238938,0
3242,0175,3,2026-06-14 03:49:30,0.9745575221238938,0
3243,0175,3,2026-06-14 03:49:40,0.9745575221238938,0
3244,0175,3,2026-06-14 03:49:50,0.9745575221238938,0
3245,0175,3,2026-06-14 03:50:00,0.9745575221238938,0
3246,0175,3,2026-06-14 03:50:10,0.9745575221238938,0
3247,0175,3,2026-06-14 03:50:20,0.9745575221238938,0
3248,0175,3,2026-06-14 03:50:30,0.9745575221238938,0
3249,0142,3,2026-06-14 05:16:40,0.5459070796460177,0
3250,0142,3,2026-06-14 05:16:50,0.5459070796460177,0
3251,0142,3,2026-06-14 05:17:00,0.5459070796460177,0
3252,0142,3,2026-06-14 05:17:10,0.5459070796460177,0
3253,0142,3,2026-06-14 05:17:20,0.5459070796460177,0
3254,0142,3,2026-06-14 05:17:30,0.5459070796460177,0
3255,0142,3,2026-06-14 05:17:40,0.5459070796460177,0
3256,0142,3,2026-06-14 05:17:50,0.5459070796460177,0
3257,0142,3,2026-06-14 05:18:00,0.5459070796460177,0
3258,0142,3,2026-06-14 05:18:10,0.5459070796460177,0
3259,0142,3,2026-06-14 05:18:20,0.5459070796460177,0
3260,0142,3,2026-06-14 05:18:30,0.5459070796460177,0
3261,0129,3,2026-06-14 05:21:40,0.7193030973451328,0
3262,0129,3,2026-06-14 05:21:50,0.7193030973451328,0
3263,0129,3,2026-06-14 05:22:00,0.7193030973451328,0
3264,0129,3,2026-06-14 05:22:10,0.7193030973451328,0
3265,0129,3,2026-06-14 05:22:20,0.7193030973451328,1
3266,0129,3,2026-06-14 05:22:30,0.7193030973451328,0
3267,0129,3,2026-06-14 05:22:40,0.7193030973451328,0
3268,0087,3,2026-06-14 05:25:00,0.2065818584070797,0
3269,0218,3,2026-06-14 05:25:00,0.2065818584070797,0
3270,0087,3,2026-06-14 05:25:10,0.2065818584070797,0
3271,0218,3,2026-06-14 05:25:10,0.2065818584070797,0
3272,0087,3,2026-06-14 05:25:20,0.2065818584070797,0
3273,0218,3,2026-06-14 05:25:20,0.2065818584070797,0
3274,0087,3,2026-06-14 05:25:30,0.2065818584070797,0
3275,0218,3,2026-06-14 05:25:30,0.2065818584070797,0
3276,0248,3,2026-06-14 05:25:30,0.0669247787610620,0
3277,0087,3,2026-06-14 05:25:40,0.2065818584070797,0
3278,0218,3,2026-06-14 05:25:40,0.2065818584070797,0
3279,0248,3,2026-06-14 05:25:40,0.0669247787610620,0
3280,0087,3,2026-06-14 05:25:50,0.2065818584070797,0
3281,0218,3,2026-06-14 05:25:50,0.2065818584070797,0
3282,0248,3,2026-06-14 05:25:50,0.0669247787610620,0
3283,0087,3,2026-06-14 05:26:00,0.2065818584070797,0
3284,0218,3,2026-06-14 05:26:00,0.2065818584070797,0
3285,0248,3,2026-06-14 05:26:00,0.0669247787610620,0
3286,0087,3,2026-06-14 05:26:10,0.2065818584070797,0
3287,0218,3,2026-06-14 05:26:10,0.2065818584070797,0
3288,0248,3,2026-06-14 05:26:10,0.0669247787610620,0
3289,0042,3,2026-06-14 05:26:20,0.8039269911504425,0
3290,0087,3,2026-06-14 05:26:20,0.2065818584070797,0
3291,0218,3,2026-06-14 05:26:20,0.2065818584070797,0
3292,0248,3,2026-06-14 05:26:20,0.0669247787610620,0
3293,0042,3,2026-06-14 05:26:30,0.8039269911504425,0
3294,0087,3,2026-06-14 05:26:30,0.2065818584070797,0
3295,0218,3,2026-06-14 05:26:30,0.2065818584070797,0
3296,0248,3,2026-06-14 05:26:30,0.0669247787610620,0
3297,0042,3,2026-06-14 05:26:40,0.8039269911504425,0
3298,0087,3,2026-06-14 05:26:40,0.2065818584070797,0
3299,0218,3,2026-06-14 05:26:40,0.2065818584070797,0
3300,0248,3,2026-06-14 05:26:40,0.0669247787610620,0
3301,0042,3,2026-06-14 05:26:50,0.8039269911504425,0
3302,0248,3,2026-06-14 05:26:50,0.0669247787610620,0
3303,0042,3,2026-06-14 05:27:00,0.8039269911504425,0
3304,0042,3,2026-06-14 05:27:10,0.8039269911504425,0
3305,0042,3,2026-06-14 05:27:20,0.8039269911504425,0
3306,0042,3,2026-06-14 05:27:30,0.8039269911504425,0
3307,0066,3,2026-06-14 05:27:30,0.9004424778761062,0
3308,0174,3,2026-06-14 05:27:30,0.2065818584070797,0
3309,0174,3,2026-06-14 05:27:30,0.2065818584070797,0
3310,0174,3,2026-06-14 05:27:30,0.2065818584070797,0
3311,0042,3,2026-06-14 05:27:40,0.8039269911504425,0
3312,0066,3,2026-06-14 05:27:40,0.9004424778761062,0
3313,0174,3,2026-06-14 05:27:40,0.2065818584070797,1
3314,0174,3,2026-06-14 05:27:40,0.2065818584070797,0
3315,0174,3,2026-06-14 05:27:40,0.2065818584070797,0
3316,0066,3,2026-06-14 05:27:50,0.9004424778761062,0
3317,0174,3,2026-06-14 05:27:50,0.2065818584070797,0
3318,0174,3,2026-06-14 05:27:50,0.2065818584070797,0
3319,0174,3,2026-06-14 05:27:50,0.2065818584070797,0
3320,0066,3,2026-06-14 05:28:00,0.9004424778761062,0
3321,0174,3,2026-06-14 05:28:00,0.2065818584070797,0
3322,0174,3,2026-06-14 05:28:00,0.2065818584070797,0
3323,0174,3,2026-06-14 05:28:00,0.2065818584070797,0
3324,0174,3,2026-06-14 05:28:00,0.2065818584070797,0
3325,0174,3,2026-06-14 05:28:00,0.2065818584070797,0
3326,0174,3,2026-06-14 05:28:00,0.2065818584070797,0
3327,0066,3,2026-06-14 05:28:10,0.9004424778761062,0
3328,0174,3,2026-06-14 05:28:10,0.2065818584070797,0
3329,0174,3,2026-06-14 05:28:10,0.2065818584070797,0
3330,0174,3,2026-06-14 05:28:10,0.2065818584070797,0
3331,0174,3,2026-06-14 05:28:10,0.2065818584070797,0
3332,0174,3,2026-06-14 05:28:10,0.2065818584070797,0
3333,0174,3,2026-06-14 05:28:10,0.2065818584070797,0
3334,0174,3,2026-06-14 05:28:10,0.2065818584070797,0
3335,0174,3,2026-06-14 05:28:10,0.2065818584070797,0
3336,0066,3,2026-06-14 05:28:20,0.9004424778761062,0
3337,0174,3,2026-06-14 05:28:20,0.2065818584070797,0
3338,0174,3,2026-06-14 05:28:20,0.2065818584070797,0
3339,0174,3,2026-06-14 05:28:20,0.2065818584070797,0
3340,0174,3,2026-06-14 05:28:20,0.2065818584070797,0
3341,0174,3,2026-06-14 05:28:20,0.2065818584070797,0
3342,0174,3,2026-06-14 05:28:20,0.2065818584070797,0
3343,0174,3,2026-06-14 05:28:20,0.2065818584070797,0
3344,0174,3,2026-06-14 05:28:20,0.2065818584070797,0
3345,0044,3,2026-06-14 05:28:30,0.5459070796460177,0
3346,0066,3,2026-06-14 05:28:30,0.9004424778761062,0
3347,0174,3,2026-06-14 05:28:30,0.2065818584070797,0
3348,0174,3,2026-06-14 05:28:30,0.2065818584070797,0
3349,0174,3,2026-06-14 05:28:30,0.2065818584070797,0
3350,0174,3,2026-06-14 05:28:30,0.2065818584070797,0
3351,0174,3,2026-06-14 05:28:30,0.2065818584070797,0
3352,0174,3,2026-06-14 05:28:30,0.2065818584070797,0
3353,0174,3,2026-06-14 05:28:30,0.2065818584070797,0
3354,0174,3,2026-06-14 05:28:30,0.2065818584070797,0
3355,0044,3,2026-06-14 05:28:40,0.5459070796460177,0
3356,0066,3,2026-06-14 05:28:40,0.9004424778761062,0
3357,0174,3,2026-06-14 05:28:40,0.2065818584070797,0
3358,0174,3,2026-06-14 05:28:40,0.2065818584070797,0
3359,0174,3,2026-06-14 05:28:40,0.2065818584070797,0
3360,0174,3,2026-06-14 05:28:40,0.2065818584070797,0
3361,0174,3,2026-06-14 05:28:40,0.2065818584070797,0
3362,0174,3,2026-06-14 05:28:40,0.2065818584070797,0
3363,0174,3,2026-06-14 05:28:40,0.2065818584070797,0
3364,0174,3,2026-06-14 05:28:40,0.2065818584070797,0
3365,0044,3,2026-06-14 05:28:50,0.5459070796460177,0
3366,0066,3,2026-06-14 05:28:50,0.9004424778761062,0
3367,0174,3,2026-06-14 05:28:50,0.2065818584070797,0
3368,0174,3,2026-06-14 05:28:50,0.2065818584070797,0
3369,0174,3,2026-06-14 05:28:50,0.2065818584070797,0
3370,0174,3,2026-06-14 05:28:50,0.2065818584070797,0
3371,0174,3,2026-06-14 05:28:50,0.2065818584070797,0
3372,0174,3,2026-06-14 05:28:50,0.2065818584070797,0
3373,0044,3,2026-06-14 05:29:00,0.5459070796460177,0
3374,0066,3,2026-06-14 05:29:00,0.9004424778761062,0
3375,0172,3,2026-06-14 05:29:00,0.6319137168141593,0
3376,0174,3,2026-06-14 05:29:00,0.2065818584070797,0
3377,0174,3,2026-06-14 05:29:00,0.2065818584070797,0
3378,0174,3,2026-06-14 05:29:00,0.2065818584070797,0
3379,0174,3,2026-06-14 05:29:00,0.2065818584070797,0
3380,0199,3,2026-06-14 05:29:00,0.9745575221238938,0
3381,0044,3,2026-06-14 05:29:10,0.5459070796460177,0
3382,0066,3,2026-06-14 05:29:10,0.9004424778761062,0
3383,0172,3,2026-06-14 05:29:10,0.6319137168141593,0
3384,0174,3,2026-06-14 05:29:10,0.2065818584070797,0
3385,0174,3,2026-06-14 05:29:10,0.2065818584070797,0
3386,0174,3,2026-06-14 05:29:10,0.2065818584070797,0
3387,0199,3,2026-06-14 05:29:10,0.9745575221238938,0
3388,0044,3,2026-06-14 05:29:20,0.5459070796460177,0
3389,0066,3,2026-06-14 05:29:20,0.9004424778761062,0
3390,0172,3,2026-06-14 05:29:20,0.6319137168141593,0
3391,0174,3,2026-06-14 05:29:20,0.2065818584070797,0
3392,0174,3,2026-06-14 05:29:20,0.2065818584070797,0
3393,0186,3,2026-06-14 05:29:20,0.8039269911504425,0
3394,0199,3,2026-06-14 05:29:20,0.9745575221238938,0
3395,0044,3,2026-06-14 05:29:30,0.5459070796460177,0
3396,0172,3,2026-06-14 05:29:30,0.6319137168141593,0
3397,0186,3,2026-06-14 05:29:30,0.8039269911504425,0
3398,0199,3,2026-06-14 05:29:30,0.9745575221238938,0
3399,0044,3,2026-06-14 05:29:40,0.5459070796460177,0
3400,0172,3,2026-06-14 05:29:40,0.6319137168141593,0
3401,0186,3,2026-06-14 05:29:40,0.8039269911504425,0
3402,0199,3,2026-06-14 05:29:40,0.9745575221238938,0
3403,0044,3,2026-06-14 05:29:50,0.5459070796460177,0
3404,0172,3,2026-06-14 05:29:50,0.6319137168141593,0
3405,0186,3,2026-06-14 05:29:50,0.8039269911504425,0
3406,0199,3,2026-06-14 05:29:50,0.9745575221238938,0
3407,0044,3,2026-06-14 05:30:00,0.5459070796460177,0
3408,0172,3,2026-06-14 05:30:00,0.6319137168141593,0
3409,0186,3,2026-06-14 05:30:00,0.8039269911504425,0
3410,0199,3,2026-06-14 05:30:00,0.9745575221238938,0
3411,0044,3,2026-06-14 05:30:10,0.5459070796460177,0
3412,0172,3,2026-06-14 05:30:10,0.6319137168141593,0
3413,0186,3,2026-06-14 05:30:10,0.8039269911504425,0
3414,0199,3,2026-06-14 05:30:10,0.9745575221238938,0
3415,0172,3,2026-06-14 05:30:20,0.6319137168141593,0
3416,0186,3,2026-06-14 05:30:20,0.8039269911504425,0
3417,0199,3,2026-06-14 05:30:20,0.9745575221238938,0
3418,0172,3,2026-06-14 05:30:30,0.6319137168141593,0
3419,0186,3,2026-06-14 05:30:30,0.8039269911504425,0
3420,0199,3,2026-06-14 05:30:30,0.9745575221238938,0
3421,0172,3,2026-06-14 05:30:40,0.6319137168141593,0
3422,0186,3,2026-06-14 05:30:40,0.8039269911504425,0
3423,0199,3,2026-06-14 05:30:40,0.9745575221238938,0
3424,0186,3,2026-06-14 05:30:50,0.8039269911504425,0
3425,0199,3,2026-06-14 05:30:50,0.9745575221238938,0
3426,0186,3,2026-06-14 05:31:00,0.8039269911504425,0
3427,0228,3,2026-06-14 06:58:20,0.6319137168141593,0
3428,0228,3,2026-06-14 06:58:30,0.6319137168141593,0
3429,0228,3,2026-06-14 06:58:40,0.6319137168141593,0
3430,0020,3,2026-06-14 07:03:40,0.7193030973451328,0
3431,0020,3,2026-06-14 07:03:50,0.7193030973451328,0
3432,0020,3,2026-06-14 07:04:00,0.7193030973451328,0
3433,0065,3,2026-06-14 07:04:00,0.4070796460176991,0
3434,0020,3,2026-06-14 07:04:10,0.7193030973451328,0
3435,0065,3,2026-06-14 07:04:10,0.4070796460176991,0
3436,0020,3,2026-06-14 07:04:20,0.7193030973451328,0
3437,0065,3,2026-06-14 07:04:20,0.4070796460176991,0
3438,0189,3,2026-06-14 07:04:20,0.9745575221238938,0
3439,0020,3,2026-06-14 07:04:30,0.7193030973451328,0
3440,0065,3,2026-06-14 07:04:30,0.4070796460176991,0
3441,0189,3,2026-06-14 07:04:30,0.9745575221238938,0
3442,0020,3,2026-06-14 07:04:40,0.7193030973451328,0
3443,0065,3,2026-06-14 07:04:40,0.4070796460176991,0
3444,0189,3,2026-06-14 07:04:40,0.9745575221238938,0
3445,0020,3,2026-06-14 07:04:50,0.7193030973451328,0
3446,0065,3,2026-06-14 07:04:50,0.4070796460176991,0
3447,0189,3,2026-06-14 07:04:50,0.9745575221238938,0
3448,0020,3,2026-06-14 07:05:00,0.7193030973451328,0
3449,0065,3,2026-06-14 07:05:00,0.4070796460176991,0
3450,0145,3,2026-06-14 07:05:00,0.6319137168141593,0
3451,0189,3,2026-06-14 07:05:00,0.9745575221238938,0
3452,0020,3,2026-06-14 07:05:10,0.7193030973451328,0
3453,0065,3,2026-06-14 07:05:10,0.4070796460176991,0
3454,0145,3,2026-06-14 07:05:10,0.6319137168141593,0
3455,0189,3,2026-06-14 07:05:10,0.9745575221238938,0
3456,0020,3,2026-06-14 07:05:20,0.7193030973451328,0
3457,0065,3,2026-06-14 07:05:20,0.4070796460176991,0
3458,0145,3,2026-06-14 07:05:20,0.6319137168141593,0
3459,0189,3,2026-06-14 07:05:20,0.9745575221238938,0
3460,0020,3,2026-06-14 07:05:30,0.7193030973451328,0
3461,0065,3,2026-06-14 07:05:30,0.4070796460176991,0
3462,0145,3,2026-06-14 07:05:30,0.6319137168141593,0
3463,0189,3,2026-06-14 07:05:30,0.9745575221238938,0
3464,0065,3,2026-06-14 07:05:40,0.4070796460176991,0
3465,0189,3,2026-06-14 07:05:40,0.9745575221238938,0
3466,0065,3,2026-06-14 07:05:50,0.4070796460176991,0
3467,0189,3,2026-06-14 07:05:50,0.9745575221238938,0
3468,0189,3,2026-06-14 07:06:00,0.9745575221238938,0
3469,0189,3,2026-06-14 07:06:10,0.9745575221238938,0
3470,0200,3,2026-06-14 07:15:30,0.5459070796460177,0
3471,0200,3,2026-06-14 07:15:40,0.5459070796460177,0
3472,0200,3,2026-06-14 07:15:50,0.5459070796460177,0
3473,0200,3,2026-06-14 07:16:00,0.5459070796460177,0
3474,0200,3,2026-06-14 07:16:10,0.5459070796460177,0
3475,0200,3,2026-06-14 07:16:20,0.5459070796460177,0
3476,0200,3,2026-06-14 07:16:30,0.5459070796460177,0
3477,0200,3,2026-06-14 07:16:40,0.5459070796460177,0
3478,0200,3,2026-06-14 07:16:50,0.5459070796460177,0
3479,0200,3,2026-06-14 07:17:00,0.5459070796460177,0
3480,0200,3,2026-06-14 07:17:10,0.5459070796460177,0
3481,0200,3,2026-06-14 07:17:20,0.5459070796460177,0
3482,0146,3,2026-06-14 08:35:10,0.0669247787610620,0
3483,0146,3,2026-06-14 08:35:20,0.0669247787610620,0
3484,0146,3,2026-06-14 08:35:30,0.0669247787610620,0
3485,0146,3,2026-06-14 08:35:40,0.0669247787610620,0
3486,0146,3,2026-06-14 08:35:50,0.0669247787610620,0
3487,0146,3,2026-06-14 08:36:00,0.0669247787610620,0
3488,0146,3,2026-06-14 08:36:10,0.0669247787610620,0
3489,0146,3,2026-06-14 08:36:20,0.0669247787610620,0
3490,0146,3,2026-06-14 08:36:30,0.0669247787610620,0
3491,0220,3,2026-06-14 08:37:40,0.5849004424778761,0
3492,0220,3,2026-06-14 08:37:50,0.5849004424778761,0
3493,0220,3,2026-06-14 08:38:00,0.5849004424778761,0
3494,0220,3,2026-06-14 08:38:10,0.5849004424778761,0
3495,0220,3,2026-06-14 08:38:20,0.5849004424778761,0
3496,0220,3,2026-06-14 08:38:30,0.5849004424778761,0
3497,0220,3,2026-06-14 08:38:40,0.5849004424778761,0
3498,0220,3,2026-06-14 08:38:50,0.5849004424778761,0
3499,0220,3,2026-06-14 08:39:00,0.5849004424778761,0
3500,0022,3,2026-06-14 08:40:10,0.6319137168141593,0
3501,0022,3,2026-06-14 08:40:20,0.6319137168141593,0
3502,0022,3,2026-06-14 08:40:30,0.6319137168141593,0
3503,0022,3,2026-06-14 08:40:40,0.6319137168141593,0
3504,0022,3,2026-06-14 08:40:50,0.6319137168141593,0
3505,0022,3,2026-06-14 08:41:00,0.6319137168141593,0
3506,0049,3,2026-06-14 08:41:00,0.5459070796460177,0
3507,0190,3,2026-06-14 08:41:00,0.4070796460176991,0
3508,0022,3,2026-06-14 08:41:10,0.6319137168141593,0
3509,0049,3,2026-06-14 08:41:10,0.5459070796460177,0
3510,0190,3,2026-06-14 08:41:10,0.4070796460176991,0
3511,0022,3,2026-06-14 08:41:20,0.6319137168141593,0
3512,0049,3,2026-06-14 08:41:20,0.5459070796460177,0
3513,0182,3,2026-06-14 08:41:20,0.5849004424778761,0
3514,0190,3,2026-06-14 08:41:20,0.4070796460176991,0
3515,0229,3,2026-06-14 08:41:20,0.0212942477876106,0
3516,0022,3,2026-06-14 08:41:30,0.6319137168141593,0
3517,0049,3,2026-06-14 08:41:30,0.5459070796460177,0
3518,0182,3,2026-06-14 08:41:30,0.5849004424778761,0
3519,0190,3,2026-06-14 08:41:30,0.4070796460176991,0
3520,0229,3,2026-06-14 08:41:30,0.0212942477876106,0
3521,001,3,2026-06-14 08:41:40,0.9004424778761062,0
3522,0049,3,2026-06-14 08:41:40,0.5459070796460177,0
3523,0182,3,2026-06-14 08:41:40,0.5849004424778761,0
3524,0190,3,2026-06-14 08:41:40,0.4070796460176991,0
3525,0229,3,2026-06-14 08:41:40,0.0212942477876106,0
3526,001,3,2026-06-14 08:41:50,0.9004424778761062,0
3527,0049,3,2026-06-14 08:41:50,0.5459070796460177,0
3528,0182,3,2026-06-14 08:41:50,0.5849004424778761,0
3529,0190,3,2026-06-14 08:41:50,0.4070796460176991,0
3530,0229,3,2026-06-14 08:41:50,0.0212942477876106,0
3531,001,3,2026-06-14 08:42:00,0.9004424778761062,0
3532,0049,3,2026-06-14 08:42:00,0.5459070796460177,0
3533,0182,3,2026-06-14 08:42:00,0.5849004424778761,0
3534,0190,3,2026-06-14 08:42:00,0.4070796460176991,0
3535,0229,3,2026-06-14 08:42:00,0.0212942477876106,0
3536,001,3,2026-06-14 08:42:10,0.9004424778761062,0
3537,0030,3,2026-06-14 08:42:10,0.2065818584070797,0
3538,0049,3,2026-06-14 08:42:10,0.5459070796460177,0
3539,0182,3,2026-06-14 08:42:10,0.5849004424778761,0
3540,0190,3,2026-06-14 08:42:10,0.4070796460176991,0
3541,0229,3,2026-06-14 08:42:10,0.0212942477876106,0
3542,001,3,2026-06-14 08:42:20,0.9004424778761062,0
3543,0030,3,2026-06-14 08:42:20,0.2065818584070797,0
3544,0049,3,2026-06-14 08:42:20,0.5459070796460177,0
3545,0182,3,2026-06-14 08:42:20,0.5849004424778761,0
3546,0190,3,2026-06-14 08:42:20,0.4070796460176991,0
3547,0229,3,2026-06-14 08:42:20,0.0212942477876106,0
3548,001,3,2026-06-14 08:42:30,0.9004424778761062,0
3549,0030,3,2026-06-14 08:42:30,0.2065818584070797,0
3550,0049,3,2026-06-14 08:42:30,0.5459070796460177,0
3551,0182,3,2026-06-14 08:42:30,0.5849004424778761,0
3552,0229,3,2026-06-14 08:42:30,0.0212942477876106,0
3553,001,3,2026-06-14 08:42:40,0.9004424778761062,0
3554,0030,3,2026-06-14 08:42:40,0.2065818584070797,0
3555,0052,3,2026-06-14 08:42:40,0.2065818584070797,0
3556,0182,3,2026-06-14 08:42:40,0.5849004424778761,0
3557,0229,3,2026-06-14 08:42:40,0.0212942477876106,0
3558,001,3,2026-06-14 08:42:50,0.9004424778761062,0
3559,0030,3,2026-06-14 08:42:50,0.2065818584070797,0
3560,0052,3,2026-06-14 08:42:50,0.2065818584070797,0
3561,0182,3,2026-06-14 08:42:50,0.5849004424778761,0
3562,001,3,2026-06-14 08:43:00,0.9004424778761062,0
3563,0030,3,2026-06-14 08:43:00,0.2065818584070797,0
3564,0052,3,2026-06-14 08:43:00,0.2065818584070797,0
3565,0182,3,2026-06-14 08:43:00,0.5849004424778761,0
3566,001,3,2026-06-14 08:43:10,0.9004424778761062,0
3567,0030,3,2026-06-14 08:43:10,0.2065818584070797,0
3568,0052,3,2026-06-14 08:43:10,0.2065818584070797,0
3569,001,3,2026-06-14 08:43:20,0.9004424778761062,0
3570,0030,3,2026-06-14 08:43:20,0.2065818584070797,0
3571,0052,3,2026-06-14 08:43:20,0.2065818584070797,0
3572,0030,3,2026-06-14 08:43:30,0.2065818584070797,0
3573,0052,3,2026-06-14 08:43:30,0.2065818584070797,0
3574,0030,3,2026-06-14 08:43:40,0.2065818584070797,0
3575,0052,3,2026-06-14 08:43:40,0.2065818584070797,0
3576,0030,3,2026-06-14 08:43:50,0.2065818584070797,0
3577,0052,3,2026-06-14 08:43:50,0.2065818584070797,0
3578,0030,3,2026-06-14 08:44:00,0.2065818584070797,0
3579,0052,3,2026-06-14 08:44:00,0.2065818584070797,0
3580,0052,3,2026-06-14 08:44:10,0.2065818584070797,0
3581,0052,3,2026-06-14 08:44:20,0.2065818584070797,0
3582,0236,3,2026-06-14 08:50:00,0.2607853982300885,0
3583,0236,3,2026-06-14 08:50:10,0.2607853982300885,0
3584,0236,3,2026-06-14 08:50:20,0.2607853982300885,0
3585,0236,3,2026-06-14 08:50:30,0.2607853982300885,0
3586,0236,3,2026-06-14 08:50:40,0.2607853982300885,0
3587,0236,3,2026-06-14 08:50:50,0.2607853982300885,0
3588,0078,3,2026-06-14 08:52:20,0.7193030973451328,0
3589,0078,3,2026-06-14 08:52:20,0.7193030973451328,0
3590,0078,3,2026-06-14 08:52:20,0.7193030973451328,0
3591,0078,3,2026-06-14 08:52:20,0.7193030973451328,0
3592,0078,3,2026-06-14 08:52:20,0.7193030973451328,0
3593,0078,3,2026-06-14 08:52:20,0.7193030973451328,0
3594,0078,3,2026-06-14 08:52:30,0.7193030973451328,0
3595,0078,3,2026-06-14 08:52:30,0.7193030973451328,0
3596,0078,3,2026-06-14 08:52:30,0.7193030973451328,0
3597,0078,3,2026-06-14 08:52:30,0.7193030973451328,0
3598,0078,3,2026-06-14 08:52:30,0.7193030973451328,0
3599,0078,3,2026-06-14 08:52:40,0.7193030973451328,0
3600,0078,3,2026-06-14 08:52:40,0.7193030973451328,0
3601,0078,3,2026-06-14 08:52:40,0.7193030973451328,0
3602,0078,3,2026-06-14 08:52:40,0.7193030973451328,0
3603,0078,3,2026-06-14 08:52:50,0.7193030973451328,0
3604,0078,3,2026-06-14 08:52:50,0.7193030973451328,0
3605,0078,3,2026-06-14 08:52:50,0.7193030973451328,0
3606,0078,3,2026-06-14 08:52:50,0.7193030973451328,0
3607,0078,3,2026-06-14 08:52:50,0.7193030973451328,0
3608,0078,3,2026-06-14 08:53:00,0.7193030973451328,0
3609,0078,3,2026-06-14 08:53:00,0.7193030973451328,0
3610,0078,3,2026-06-14 08:53:00,0.7193030973451328,0
3611,0078,3,2026-06-14 08:53:00,0.7193030973451328,0
3612,0078,3,2026-06-14 08:53:10,0.7193030973451328,0
3613,0078,3,2026-06-14 08:53:10,0.7193030973451328,0
3614,0078,3,2026-06-14 08:53:10,0.7193030973451328,0
3615,0078,3,2026-06-14 08:53:10,0.7193030973451328,0
