index,ID,satellite,time,score_scenario,selected
0,0668,0,2026-06-13 10:32:10,0.8003679852805887,0
1,0668,0,2026-06-13 10:32:20,0.8003679852805887,0
2,0668,0,2026-06-13 10:32:30,0.8003679852805887,0
3,0668,0,2026-06-13 10:32:40,0.8003679852805887,0
4,0668,0,2026-06-13 10:32:50,0.8003679852805887,0
5,0668,0,2026-06-13 10:33:00,0.8003679852805887,0
6,0668,0,2026-06-13 10:33:10,0.8003679852805887,0
7,0668,0,2026-06-13 10:33:20,0.8003679852805887,0
8,0668,0,2026-06-13 10:33:30,0.8003679852805887,0
9,0908,0,2026-06-13 10:33:30,0.4363692118981907,0
10,0668,0,2026-06-13 10:33:40,0.8003679852805887,0
11,0908,0,2026-06-13 10:33:40,0.4363692118981907,0
12,0094,0,2026-06-13 10:33:50,0.1536338546458142,0
13,0465,0,2026-06-13 10:33:50,0.2217111315547378,0
14,0668,0,2026-06-13 10:33:50,0.8003679852805887,0
15,0908,0,2026-06-13 10:33:50,0.4363692118981907,0
16,0094,0,2026-06-13 10:34:00,0.1536338546458142,0
17,0465,0,2026-06-13 10:34:00,0.2217111315547378,1
18,0668,0,2026-06-13 10:34:00,0.8003679852805887,0
19,0094,0,2026-06-13 10:34:10,0.1536338546458142,1
20,0459,0,2026-06-13 10:34:10,0.3422263109475621,0
21,0459,0,2026-06-13 10:34:10,0.3422263109475621,0
22,0465,0,2026-06-13 10:34:10,0.2217111315547378,0
23,0094,0,2026-06-13 10:34:20,0.1536338546458142,0
24,0459,0,2026-06-13 10:34:20,0.3422263109475621,1
25,0459,0,2026-06-13 10:34:20,0.3422263109475621,0
26,0459,0,2026-06-13 10:34:20,0.3422263109475621,0
27,0459,0,2026-06-13 10:34:20,0.3422263109475621,0
28,0465,0,2026-06-13 10:34:20,0.2217111315547378,0
29,0542,0,2026-06-13 10:34:20,0.4363692118981907,0
30,0094,0,2026-06-13 10:34:30,0.1536338546458142,0
31,0280,0,2026-06-13 10:34:30,0.2217111315547378,0
32,0280,0,2026-06-13 10:34:30,0.2217111315547378,0
33,0280,0,2026-06-13 10:34:30,0.2217111315547378,0
34,0459,0,2026-06-13 10:34:30,0.3422263109475621,0
35,0459,0,2026-06-13 10:34:30,0.3422263109475621,0
36,0459,0,2026-06-13 10:34:30,0.3422263109475621,0
37,0459,0,2026-06-13 10:34:30,0.3422263109475621,0
38,0459,0,2026-06-13 10:34:30,0.3422263109475621,0
39,0459,0,2026-06-13 10:34:30,0.3422263109475621,0
40,0465,0,2026-06-13 10:34:30,0.2217111315547378,0
41,0542,0,2026-06-13 10:34:30,0.4363692118981907,0
42,0940,0,2026-06-13 10:34:30,0.9429622815087396,0
43,0094,0,2026-06-13 10:34:40,0.1536338546458142,0
44,0280,0,2026-06-13 10:34:40,0.2217111315547378,0
45,0280,0,2026-06-13 10:34:40,0.2217111315547378,0
46,0280,0,2026-06-13 10:34:40,0.2217111315547378,0
47,0280,0,2026-06-13 10:34:40,0.2217111315547378,0
48,0280,0,2026-06-13 10:34:40,0.2217111315547378,0
49,0459,0,2026-06-13 10:34:40,0.3422263109475621,0
50,0459,0,2026-06-13 10:34:40,0.3422263109475621,0
51,0459,0,2026-06-13 10:34:40,0.3422263109475621,0
52,0459,0,2026-06-13 10:34:40,0.3422263109475621,0
53,0459,0,2026-06-13 10:34:40,0.3422263109475621,0
54,0459,0,2026-06-13 10:34:40,0.3422263109475621,0
55,0459,0,2026-06-13 10:34:40,0.3422263109475621,0
56,0465,0,2026-06-13 10:34:40,0.2217111315547378,0
57,0542,0,2026-06-13 10:34:40,0.4363692118981907,0
58,0940,0,2026-06-13 10:34:40,0.9429622815087396,0
59,0094,0,2026-06-13 10:34:50,0.1536338546458142,0
60,0280,0,2026-06-13 10:34:50,0.2217111315547378,0
61,0280,0,2026-06-13 10:34:50,0.2217111315547378,0
62,0280,0,2026-06-13 10:34:50,0.2217111315547378,0
63,0280,0,2026-06-13 10:34:50,0.2217111315547378,0
64,0280,0,2026-06-13 10:34:50,0.2217111315547378,0
65,0280,0,2026-06-13 10:34:50,0.2217111315547378,0
66,0459,0,2026-06-13 10:34:50,0.3422263109475621,1
67,0459,0,2026-06-13 10:34:50,0.3422263109475621,0
68,0459,0,2026-06-13 10:34:50,0.3422263109475621,0
69,0459,0,2026-06-13 10:34:50,0.3422263109475621,0
70,0459,0,2026-06-13 10:34:50,0.3422263109475621,0
71,0465,0,2026-06-13 10:34:50,0.2217111315547378,0
72,0542,0,2026-06-13 10:34:50,0.4363692118981907,0
73,0940,0,2026-06-13 10:34:50,0.9429622815087396,0
74,0094,0,2026-06-13 10:35:00,0.1536338546458142,0
75,0280,0,2026-06-13 10:35:00,0.2217111315547378,0
76,0280,0,2026-06-13 10:35:00,0.2217111315547378,0
77,0280,0,2026-06-13 10:35:00,0.2217111315547378,0
78,0280,0,2026-06-13 10:35:00,0.2217111315547378,0
79,0280,0,2026-06-13 10:35:00,0.2217111315547378,0
80,0280,0,2026-06-13 10:35:00,0.2217111315547378,0
81,0459,0,2026-06-13 10:35:00,0.3422263109475621,0
82,0459,0,2026-06-13 10:35:00,0.3422263109475621,0
83,0459,0,2026-06-13 10:35:00,0.3422263109475621,0
84,0459,0,2026-06-13 10:35:00,0.3422263109475621,0
85,0459,0,2026-06-13 10:35:00,0.3422263109475621,0
86,0465,0,2026-06-13 10:35:00,0.2217111315547378,0
87,0542,0,2026-06-13 10:35:00,0.4363692118981907,0
88,0940,0,2026-06-13 10:35:00,0.9429622815087396,0
89,0094,0,2026-06-13 10:35:10,0.1536338546458142,0
90,0280,0,2026-06-13 10:35:10,0.2217111315547378,0
91,0280,0,2026-06-13 10:35:10,0.2217111315547378,0
92,0280,0,2026-06-13 10:35:10,0.2217111315547378,0
93,0280,0,2026-06-13 10:35:10,0.2217111315547378,0
94,0280,0,2026-06-13 10:35:10,0.2217111315547378,0
95,0459,0,2026-06-13 10:35:10,0.3422263109475621,0
96,0459,0,2026-06-13 10:35:10,0.3422263109475621,0
97,0459,0,2026-06-13 10:35:10,0.3422263109475621,0
98,0459,0,2026-06-13 10:35:10,0.3422263109475621,0
99,0459,0,2026-06-13 10:35:10,0.3422263109475621,0
100,0465,0,2026-06-13 10:35:10,0.2217111315547378,0
101,0542,0,2026-06-13 10:35:10,0.4363692118981907,0
102,0561,0,2026-06-13 10:35:10,0.8613922109782275,0
103,0853,0,2026-06-13 10:35:10,0.1536338546458142,0
104,0940,0,2026-06-13 10:35:10,0.9429622815087396,0
105,0094,0,2026-06-13 10:35:20,0.1536338546458142,0
106,0280,0,2026-06-13 10:35:20,0.2217111315547378,0
107,0280,0,2026-06-13 10:35:20,0.2217111315547378,0
108,0280,0,2026-06-13 10:35:20,0.2217111315547378,0
109,0280,0,2026-06-13 10:35:20,0.2217111315547378,0
110,0280,0,2026-06-13 10:35:20,0.2217111315547378,0
111,0459,0,2026-06-13 10:35:20,0.3422263109475621,0
112,0459,0,2026-06-13 10:35:20,0.3422263109475621,0
113,0459,0,2026-06-13 10:35:20,0.3422263109475621,0
114,0459,0,2026-06-13 10:35:20,0.3422263109475621,0
115,0459,0,2026-06-13 10:35:20,0.3422263109475621,0
116,0459,0,2026-06-13 10:35:20,0.3422263109475621,0
117,0465,0,2026-06-13 10:35:20,0.2217111315547378,0
118,0542,0,2026-06-13 10:35:20,0.4363692118981907,0
119,0561,0,2026-06-13 10:35:20,0.8613922109782275,0
120,0853,0,2026-06-13 10:35:20,0.1536338546458142,1
121,0940,0,2026-06-13 10:35:20,0.9429622815087396,0
122,0280,0,2026-06-13 10:35:30,0.2217111315547378,0
123,0280,0,2026-06-13 10:35:30,0.2217111315547378,0
124,0280,0,2026-06-13 10:35:30,0.2217111315547378,0
125,0280,0,2026-06-13 10:35:30,0.2217111315547378,0
126,0280,0,2026-06-13 10:35:30,0.2217111315547378,0
127,0459,0,2026-06-13 10:35:30,0.3422263109475621,0
128,0459,0,2026-06-13 10:35:30,0.3422263109475621,0
129,0459,0,2026-06-13 10:35:30,0.3422263109475621,0
130,0459,0,2026-06-13 10:35:30,0.3422263109475621,0
131,0459,0,2026-06-13 10:35:30,0.3422263109475621,0
132,0542,0,2026-06-13 10:35:30,0.4363692118981907,0
133,0561,0,2026-06-13 10:35:30,0.8613922109782275,0
134,0940,0,2026-06-13 10:35:30,0.9429622815087396,0
135,0280,0,2026-06-13 10:35:40,0.2217111315547378,0
136,0280,0,2026-06-13 10:35:40,0.2217111315547378,0
137,0280,0,2026-06-13 10:35:40,0.2217111315547378,0
138,0280,0,2026-06-13 10:35:40,0.2217111315547378,0
139,0280,0,2026-06-13 10:35:40,0.2217111315547378,0
140,0459,0,2026-06-13 10:35:40,0.3422263109475621,0
141,0459,0,2026-06-13 10:35:40,0.3422263109475621,0
142,0459,0,2026-06-13 10:35:40,0.3422263109475621,0
143,0459,0,2026-06-13 10:35:40,0.3422263109475621,0
144,0459,0,2026-06-13 10:35:40,0.3422263109475621,0
145,0542,0,2026-06-13 10:35:40,0.4363692118981907,0
146,0561,0,2026-06-13 10:35:40,0.8613922109782275,0
147,0940,0,2026-06-13 10:35:40,0.9429622815087396,0
148,0139,0,2026-06-13 10:35:50,0.3422263109475621,0
149,0280,0,2026-06-13 10:35:50,0.2217111315547378,0
150,0280,0,2026-06-13 10:35:50,0.2217111315547378,0
151,0280,0,2026-06-13 10:35:50,0.2217111315547378,0
152,0280,0,2026-06-13 10:35:50,0.2217111315547378,0
153,0280,0,2026-06-13 10:35:50,0.2217111315547378,0
154,0280,0,2026-06-13 10:35:50,0.2217111315547378,0
155,0459,0,2026-06-13 10:35:50,0.3422263109475621,0
156,0459,0,2026-06-13 10:35:50,0.3422263109475621,0
157,0459,0,2026-06-13 10:35:50,0.3422263109475621,0
158,0459,0,2026-06-13 10:35:50,0.3422263109475621,0
159,0459,0,2026-06-13 10:35:50,0.3422263109475621,0
160,0561,0,2026-06-13 10:35:50,0.8613922109782275,0
161,0940,0,2026-06-13 10:35:50,0.9429622815087396,0
162,0139,0,2026-06-13 10:36:00,0.3422263109475621,0
163,0280,0,2026-06-13 10:36:00,0.2217111315547378,0
164,0280,0,2026-06-13 10:36:00,0.2217111315547378,0
165,0280,0,2026-06-13 10:36:00,0.2217111315547378,0
166,0280,0,2026-06-13 10:36:00,0.2217111315547378,0
167,0280,0,2026-06-13 10:36:00,0.2217111315547378,0
168,0561,0,2026-06-13 10:36:00,0.8613922109782275,0
169,0940,0,2026-06-13 10:36:00,0.9429622815087396,0
170,0139,0,2026-06-13 10:36:10,0.3422263109475621,0
171,0561,0,2026-06-13 10:36:10,0.8613922109782275,0
172,0940,0,2026-06-13 10:36:10,0.9429622815087396,1
173,0139,0,2026-06-13 10:36:20,0.3422263109475621,0
174,0561,0,2026-06-13 10:36:20,0.8613922109782275,0
175,0139,0,2026-06-13 10:36:30,0.3422263109475621,0
176,0139,0,2026-06-13 10:36:40,0.3422263109475621,0
177,0139,0,2026-06-13 10:36:50,0.3422263109475621,0
178,0139,0,2026-06-13 10:37:00,0.3422263109475621,0
179,0371,0,2026-06-13 10:37:00,0.9429622815087396,1
180,0139,0,2026-06-13 10:37:10,0.3422263109475621,0
181,0371,0,2026-06-13 10:37:10,0.9429622815087396,0
182,0139,0,2026-06-13 10:37:20,0.3422263109475621,0
183,0371,0,2026-06-13 10:37:20,0.9429622815087396,0
184,0864,0,2026-06-13 10:37:20,0.5338853112542165,0
185,0139,0,2026-06-13 10:37:30,0.3422263109475621,0
186,0371,0,2026-06-13 10:37:30,0.9429622815087396,0
187,0562,0,2026-06-13 10:37:30,0.0981294081570070,0
188,0692,0,2026-06-13 10:37:30,0.3422263109475621,0
189,0692,0,2026-06-13 10:37:30,0.3422263109475621,1
190,0692,0,2026-06-13 10:37:30,0.3422263109475621,0
191,0864,0,2026-06-13 10:37:30,0.5338853112542165,0
192,0139,0,2026-06-13 10:37:40,0.3422263109475621,0
193,0371,0,2026-06-13 10:37:40,0.9429622815087396,0
194,0562,0,2026-06-13 10:37:40,0.0981294081570070,1
195,0692,0,2026-06-13 10:37:40,0.3422263109475621,0
196,0692,0,2026-06-13 10:37:40,0.3422263109475621,0
197,0692,0,2026-06-13 10:37:40,0.3422263109475621,0
198,0692,0,2026-06-13 10:37:40,0.3422263109475621,0
199,0864,0,2026-06-13 10:37:40,0.5338853112542165,0
200,0371,0,2026-06-13 10:37:50,0.9429622815087396,0
201,0536,0,2026-06-13 10:37:50,0.8613922109782275,0
202,0562,0,2026-06-13 10:37:50,0.0981294081570070,0
203,0692,0,2026-06-13 10:37:50,0.3422263109475621,0
204,0692,0,2026-06-13 10:37:50,0.3422263109475621,0
205,0692,0,2026-06-13 10:37:50,0.3422263109475621,0
206,0864,0,2026-06-13 10:37:50,0.5338853112542165,0
207,0371,0,2026-06-13 10:38:00,0.9429622815087396,0
208,0536,0,2026-06-13 10:38:00,0.8613922109782275,1
209,0562,0,2026-06-13 10:38:00,0.0981294081570070,0
210,0692,0,2026-06-13 10:38:00,0.3422263109475621,0
211,0692,0,2026-06-13 10:38:00,0.3422263109475621,0
212,0692,0,2026-06-13 10:38:00,0.3422263109475621,0
213,0864,0,2026-06-13 10:38:00,0.5338853112542165,0
214,0371,0,2026-06-13 10:38:10,0.9429622815087396,0
215,0518,0,2026-06-13 10:38:10,0.6721864458754984,1
216,0536,0,2026-06-13 10:38:10,0.8613922109782275,0
217,0562,0,2026-06-13 10:38:10,0.0981294081570070,0
218,0692,0,2026-06-13 10:38:10,0.3422263109475621,0
219,0692,0,2026-06-13 10:38:10,0.3422263109475621,0
220,0864,0,2026-06-13 10:38:10,0.5338853112542165,0
221,0371,0,2026-06-13 10:38:20,0.9429622815087396,0
222,0518,0,2026-06-13 10:38:20,0.6721864458754984,0
223,0536,0,2026-06-13 10:38:20,0.8613922109782275,0
224,0536,0,2026-06-13 10:38:20,0.8613922109782275,0
225,0562,0,2026-06-13 10:38:20,0.0981294081570070,0
226,0692,0,2026-06-13 10:38:20,0.3422263109475621,0
227,0692,0,2026-06-13 10:38:20,0.3422263109475621,0
228,0864,0,2026-06-13 10:38:20,0.5338853112542165,0
229,0371,0,2026-06-13 10:38:30,0.9429622815087396,0
230,0518,0,2026-06-13 10:38:30,0.6721864458754984,0
231,0536,0,2026-06-13 10:38:30,0.8613922109782275,1
232,0536,0,2026-06-13 10:38:30,0.8613922109782275,0
233,0562,0,2026-06-13 10:38:30,0.0981294081570070,0
234,0692,0,2026-06-13 10:38:30,0.3422263109475621,0
235,0692,0,2026-06-13 10:38:30,0.3422263109475621,0
236,0846,0,2026-06-13 10:38:30,0.9429622815087396,0
237,0864,0,2026-06-13 10:38:30,0.5338853112542165,0
238,0371,0,2026-06-13 10:38:40,0.9429622815087396,0
239,0518,0,2026-06-13 10:38:40,0.6721864458754984,0
240,0536,0,2026-06-13 10:38:40,0.8613922109782275,0
241,0536,0,2026-06-13 10:38:40,0.8613922109782275,0
242,0562,0,2026-06-13 10:38:40,0.0981294081570070,0
243,0692,0,2026-06-13 10:38:40,0.3422263109475621,0
244,0692,0,2026-06-13 10:38:40,0.3422263109475621,0
245,0846,0,2026-06-13 10:38:40,0.9429622815087396,0
246,0863,0,2026-06-13 10:38:40,0.9429622815087396,0
247,0864,0,2026-06-13 10:38:40,0.5338853112542165,0
248,0993,0,2026-06-13 10:38:40,0.6721864458754984,0
249,0371,0,2026-06-13 10:38:50,0.9429622815087396,0
250,0518,0,2026-06-13 10:38:50,0.6721864458754984,0
251,0536,0,2026-06-13 10:38:50,0.8613922109782275,0
252,0562,0,2026-06-13 10:38:50,0.0981294081570070,0
253,0692,0,2026-06-13 10:38:50,0.3422263109475621,0
254,0692,0,2026-06-13 10:38:50,0.3422263109475621,0
255,0846,0,2026-06-13 10:38:50,0.9429622815087396,0
256,0863,0,2026-06-13 10:38:50,0.9429622815087396,0
257,0864,0,2026-06-13 10:38:50,0.5338853112542165,0
258,0993,0,2026-06-13 10:38:50,0.6721864458754984,0
259,0518,0,2026-06-13 10:39:00,0.6721864458754984,0
260,0536,0,2026-06-13 10:39:00,0.8613922109782275,0
261,0562,0,2026-06-13 10:39:00,0.0981294081570070,0
262,0692,0,2026-06-13 10:39:00,0.3422263109475621,0
263,0846,0,2026-06-13 10:39:00,0.9429622815087396,0
264,0863,0,2026-06-13 10:39:00,0.9429622815087396,0
265,0993,0,2026-06-13 10:39:00,0.6721864458754984,0
266,0518,0,2026-06-13 10:39:10,0.6721864458754984,0
267,0533,0,2026-06-13 10:39:10,0.7200245323520392,0
268,0536,0,2026-06-13 10:39:10,0.8613922109782275,0
269,0562,0,2026-06-13 10:39:10,0.0981294081570070,0
270,0692,0,2026-06-13 10:39:10,0.3422263109475621,0
271,0692,0,2026-06-13 10:39:10,0.3422263109475621,0
272,0692,0,2026-06-13 10:39:10,0.3422263109475621,0
273,0846,0,2026-06-13 10:39:10,0.9429622815087396,0
274,0863,0,2026-06-13 10:39:10,0.9429622815087396,0
275,0993,0,2026-06-13 10:39:10,0.6721864458754984,0
276,0518,0,2026-06-13 10:39:20,0.6721864458754984,0
277,0533,0,2026-06-13 10:39:20,0.7200245323520392,1
278,0562,0,2026-06-13 10:39:20,0.0981294081570070,0
279,0692,0,2026-06-13 10:39:20,0.3422263109475621,0
280,0692,0,2026-06-13 10:39:20,0.3422263109475621,0
281,0692,0,2026-06-13 10:39:20,0.3422263109475621,0
282,0846,0,2026-06-13 10:39:20,0.9429622815087396,0
283,0863,0,2026-06-13 10:39:20,0.9429622815087396,0
284,0993,0,2026-06-13 10:39:20,0.6721864458754984,0
285,0518,0,2026-06-13 10:39:30,0.6721864458754984,0
286,0533,0,2026-06-13 10:39:30,0.7200245323520392,0
287,0846,0,2026-06-13 10:39:30,0.9429622815087396,0
288,0863,0,2026-06-13 10:39:30,0.9429622815087396,0
289,0993,0,2026-06-13 10:39:30,0.6721864458754984,0
290,0518,0,2026-06-13 10:39:40,0.6721864458754984,0
291,0603,0,2026-06-13 10:39:40,0.8613922109782275,0
292,0846,0,2026-06-13 10:39:40,0.9429622815087396,0
293,0863,0,2026-06-13 10:39:40,0.9429622815087396,0
294,0993,0,2026-06-13 10:39:40,0.6721864458754984,0
295,0603,0,2026-06-13 10:39:50,0.8613922109782275,0
296,0846,0,2026-06-13 10:39:50,0.9429622815087396,0
297,0863,0,2026-06-13 10:39:50,0.9429622815087396,0
298,0993,0,2026-06-13 10:39:50,0.6721864458754984,0
299,0603,0,2026-06-13 10:40:00,0.8613922109782275,0
300,0846,0,2026-06-13 10:40:00,0.9429622815087396,0
301,0863,0,2026-06-13 10:40:00,0.9429622815087396,0
302,0993,0,2026-06-13 10:40:00,0.6721864458754984,1
303,0603,0,2026-06-13 10:40:10,0.8613922109782275,0
304,0846,0,2026-06-13 10:40:10,0.9429622815087396,0
305,0863,0,2026-06-13 10:40:10,0.9429622815087396,0
306,0993,0,2026-06-13 10:40:10,0.6721864458754984,0
307,0603,0,2026-06-13 10:40:20,0.8613922109782275,1
308,0846,0,2026-06-13 10:40:20,0.9429622815087396,0
309,0863,0,2026-06-13 10:40:20,0.9429622815087396,0
310,0993,0,2026-06-13 10:40:20,0.6721864458754984,0
311,0996,0,2026-06-13 10:40:20,1.0000000000000000,0
312,0603,0,2026-06-13 10:40:30,0.8613922109782275,0
313,0993,0,2026-06-13 10:40:30,0.6721864458754984,0
314,0996,0,2026-06-13 10:40:30,1.0000000000000000,0
315,0603,0,2026-06-13 10:40:40,0.8613922109782275,0
316,0996,0,2026-06-13 10:40:40,1.0000000000000000,0
317,0520,0,2026-06-13 10:40:50,0.0981294081570070,0
318,0603,0,2026-06-13 10:40:50,0.8613922109782275,0
319,0996,0,2026-06-13 10:40:50,1.0000000000000000,0
320,0520,0,2026-06-13 10:41:00,0.0981294081570070,0
321,0603,0,2026-06-13 10:41:00,0.8613922109782275,0
322,0996,0,2026-06-13 10:41:00,1.0000000000000000,0
323,0520,0,2026-06-13 10:41:10,0.0981294081570070,0
324,0603,0,2026-06-13 10:41:10,0.8613922109782275,0
325,0996,0,2026-06-13 10:41:10,1.0000000000000000,0
326,0520,0,2026-06-13 10:41:20,0.0981294081570070,0
327,0603,0,2026-06-13 10:41:20,0.8613922109782275,0
328,0996,0,2026-06-13 10:41:20,1.0000000000000000,0
329,0520,0,2026-06-13 10:41:30,0.0981294081570070,0
330,0603,0,2026-06-13 10:41:30,0.8613922109782275,0
331,0996,0,2026-06-13 10:41:30,1.0000000000000000,0
332,0520,0,2026-06-13 10:41:40,0.0981294081570070,0
333,0996,0,2026-06-13 10:41:40,1.0000000000000000,0
334,0520,0,2026-06-13 10:41:50,0.0981294081570070,0
335,0996,0,2026-06-13 10:41:50,1.0000000000000000,0
336,0520,0,2026-06-13 10:42:00,0.0981294081570070,0
337,0996,0,2026-06-13 10:42:00,1.0000000000000000,0
338,0290,0,2026-06-13 10:44:30,1.0000000000000000,0
339,0290,0,2026-06-13 10:44:40,1.0000000000000000,0
340,0290,0,2026-06-13 10:44:50,1.0000000000000000,1
341,0290,0,2026-06-13 10:45:00,1.0000000000000000,0
342,0290,0,2026-06-13 10:45:10,1.0000000000000000,0
343,0290,0,2026-06-13 10:45:20,1.0000000000000000,0
344,0290,0,2026-06-13 10:45:30,1.0000000000000000,0
345,0290,0,2026-06-13 10:45:40,1.0000000000000000,0
346,0290,0,2026-06-13 10:45:50,1.0000000000000000,0
347,0445,0,2026-06-13 10:46:10,0.3422263109475621,1
348,0445,0,2026-06-13 10:46:20,0.3422263109475621,1
349,0464,0,2026-06-13 10:46:20,0.9429622815087396,0
350,0445,0,2026-06-13 10:46:30,0.3422263109475621,0
351,0464,0,2026-06-13 10:46:30,0.9429622815087396,0
352,0445,0,2026-06-13 10:46:40,0.3422263109475621,0
353,0464,0,2026-06-13 10:46:40,0.9429622815087396,0
354,0445,0,2026-06-13 10:46:50,0.3422263109475621,0
355,0464,0,2026-06-13 10:46:50,0.9429622815087396,0
356,0445,0,2026-06-13 10:47:00,0.3422263109475621,0
357,0464,0,2026-06-13 10:47:00,0.9429622815087396,0
358,0445,0,2026-06-13 10:47:10,0.3422263109475621,0
359,0464,0,2026-06-13 10:47:10,0.9429622815087396,0
360,0445,0,2026-06-13 10:47:20,0.3422263109475621,0
361,0464,0,2026-06-13 10:47:20,0.9429622815087396,0
362,0445,0,2026-06-13 10:47:30,0.3422263109475621,0
363,0464,0,2026-06-13 10:47:30,0.9429622815087396,0
364,0843,0,2026-06-13 10:47:30,0.0981294081570070,0
365,0445,0,2026-06-13 10:47:40,0.3422263109475621,0
366,0464,0,2026-06-13 10:47:40,0.9429622815087396,0
367,0843,0,2026-06-13 10:47:40,0.0981294081570070,0
368,0464,0,2026-06-13 10:47:50,0.9429622815087396,0
369,0843,0,2026-06-13 10:47:50,0.0981294081570070,0
370,0464,0,2026-06-13 10:48:00,0.9429622815087396,0
371,0843,0,2026-06-13 10:48:00,0.0981294081570070,1
372,0843,0,2026-06-13 10:48:10,0.0981294081570070,0
373,0843,0,2026-06-13 10:48:20,0.0981294081570070,0
374,0843,0,2026-06-13 10:48:30,0.0981294081570070,0
375,0843,0,2026-06-13 10:48:40,0.0981294081570070,0
376,0843,0,2026-06-13 10:48:50,0.0981294081570070,0
377,0147,0,2026-06-13 12:29:00,0.6721864458754984,0
378,0434,0,2026-06-13 12:29:00,1.0000000000000000,1
379,0147,0,2026-06-13 12:29:10,0.6721864458754984,0
380,0434,0,2026-06-13 12:29:10,1.0000000000000000,0
381,0147,0,2026-06-13 12:29:20,0.6721864458754984,1
382,0434,0,2026-06-13 12:29:20,1.0000000000000000,0
383,0147,0,2026-06-13 12:29:30,0.6721864458754984,0
384,0434,0,2026-06-13 12:29:30,1.0000000000000000,1
385,0434,0,2026-06-13 12:29:30,1.0000000000000000,0
386,0147,0,2026-06-13 12:29:40,0.6721864458754984,1
387,0434,0,2026-06-13 12:29:40,1.0000000000000000,0
388,0434,0,2026-06-13 12:29:40,1.0000000000000000,0
389,0147,0,2026-06-13 12:29:50,0.6721864458754984,0
390,0434,0,2026-06-13 12:29:50,1.0000000000000000,0
391,0434,0,2026-06-13 12:29:50,1.0000000000000000,0
392,0147,0,2026-06-13 12:30:00,0.6721864458754984,0
393,0434,0,2026-06-13 12:30:00,1.0000000000000000,0
394,0434,0,2026-06-13 12:30:00,1.0000000000000000,0
395,0587,0,2026-06-13 12:30:00,0.4363692118981907,0
396,0147,0,2026-06-13 12:30:10,0.6721864458754984,0
397,0434,0,2026-06-13 12:30:10,1.0000000000000000,0
398,0434,0,2026-06-13 12:30:10,1.0000000000000000,0
399,0587,0,2026-06-13 12:30:10,0.4363692118981907,0
400,0147,0,2026-06-13 12:30:20,0.6721864458754984,0
401,0434,0,2026-06-13 12:30:20,1.0000000000000000,0
402,0587,0,2026-06-13 12:30:20,0.4363692118981907,0
403,0147,0,2026-06-13 12:30:30,0.6721864458754984,0
404,0434,0,2026-06-13 12:30:30,1.0000000000000000,0
405,0607,0,2026-06-13 12:30:30,0.9429622815087396,0
406,0434,0,2026-06-13 12:30:40,1.0000000000000000,0
407,0607,0,2026-06-13 12:30:40,0.9429622815087396,0
408,0607,0,2026-06-13 12:30:50,0.9429622815087396,1
409,0607,0,2026-06-13 12:31:00,0.9429622815087396,0
410,0117,0,2026-06-13 12:31:10,0.0981294081570070,0
411,0607,0,2026-06-13 12:31:10,0.9429622815087396,0
412,0117,0,2026-06-13 12:31:20,0.0981294081570070,0
413,0607,0,2026-06-13 12:31:20,0.9429622815087396,0
414,0117,0,2026-06-13 12:31:30,0.0981294081570070,1
415,0117,0,2026-06-13 12:31:40,0.0981294081570070,0
416,0117,0,2026-06-13 12:31:50,0.0981294081570070,0
417,0117,0,2026-06-13 12:32:00,0.0981294081570070,0
418,0117,0,2026-06-13 12:32:10,0.0981294081570070,1
419,0117,0,2026-06-13 12:32:20,0.0981294081570070,0
420,0117,0,2026-06-13 12:32:30,0.0981294081570070,0
421,0055,0,2026-06-13 12:32:40,0.7200245323520392,0
422,0117,0,2026-06-13 12:32:40,0.0981294081570070,0
423,0055,0,2026-06-13 12:32:50,0.7200245323520392,1
424,0055,0,2026-06-13 12:33:00,0.7200245323520392,1
425,0055,0,2026-06-13 12:33:10,0.7200245323520392,0
426,0055,0,2026-06-13 12:33:20,0.7200245323520392,0
427,0116,0,2026-06-13 12:33:20,0.2217111315547378,1
428,0055,0,2026-06-13 12:33:30,0.7200245323520392,0
429,0116,0,2026-06-13 12:33:30,0.2217111315547378,0
430,0010,0,2026-06-13 12:33:40,0.6721864458754984,1
431,0055,0,2026-06-13 12:33:40,0.7200245323520392,0
432,0116,0,2026-06-13 12:33:40,0.2217111315547378,0
433,0010,0,2026-06-13 12:33:50,0.6721864458754984,1
434,0020,0,2026-06-13 12:33:50,0.4363692118981907,0
435,0055,0,2026-06-13 12:33:50,0.7200245323520392,0
436,0116,0,2026-06-13 12:33:50,0.2217111315547378,0
437,0953,0,2026-06-13 12:33:50,0.8003679852805887,0
438,0010,0,2026-06-13 12:34:00,0.6721864458754984,0
439,0020,0,2026-06-13 12:34:00,0.4363692118981907,0
440,0055,0,2026-06-13 12:34:00,0.7200245323520392,0
441,0116,0,2026-06-13 12:34:00,0.2217111315547378,0
442,0555,0,2026-06-13 12:34:00,0.0981294081570070,0
443,0691,0,2026-06-13 12:34:00,0.4363692118981907,0
444,0953,0,2026-06-13 12:34:00,0.8003679852805887,0
445,0010,0,2026-06-13 12:34:10,0.6721864458754984,0
446,0014,0,2026-06-13 12:34:10,0.5338853112542165,0
447,0020,0,2026-06-13 12:34:10,0.4363692118981907,0
448,0055,0,2026-06-13 12:34:10,0.7200245323520392,0
449,0077,0,2026-06-13 12:34:10,0.5338853112542165,0
450,0116,0,2026-06-13 12:34:10,0.2217111315547378,0
451,0555,0,2026-06-13 12:34:10,0.0981294081570070,0
452,0691,0,2026-06-13 12:34:10,0.4363692118981907,1
453,0953,0,2026-06-13 12:34:10,0.8003679852805887,0
454,0010,0,2026-06-13 12:34:20,0.6721864458754984,0
455,0014,0,2026-06-13 12:34:20,0.5338853112542165,0
456,0020,0,2026-06-13 12:34:20,0.4363692118981907,0
457,0020,0,2026-06-13 12:34:20,0.4363692118981907,0
458,0077,0,2026-06-13 12:34:20,0.5338853112542165,0
459,0116,0,2026-06-13 12:34:20,0.2217111315547378,0
460,0131,0,2026-06-13 12:34:20,0.5338853112542165,0
461,0555,0,2026-06-13 12:34:20,0.0981294081570070,0
462,0691,0,2026-06-13 12:34:20,0.4363692118981907,0
463,0953,0,2026-06-13 12:34:20,0.8003679852805887,1
464,0010,0,2026-06-13 12:34:30,0.6721864458754984,0
465,0014,0,2026-06-13 12:34:30,0.5338853112542165,0
466,0020,0,2026-06-13 12:34:30,0.4363692118981907,0
467,0020,0,2026-06-13 12:34:30,0.4363692118981907,0
468,0063,0,2026-06-13 12:34:30,0.8003679852805887,0
469,0077,0,2026-06-13 12:34:30,0.5338853112542165,0
470,0116,0,2026-06-13 12:34:30,0.2217111315547378,0
471,0131,0,2026-06-13 12:34:30,0.5338853112542165,0
472,0555,0,2026-06-13 12:34:30,0.0981294081570070,0
473,0691,0,2026-06-13 12:34:30,0.4363692118981907,0
474,0953,0,2026-06-13 12:34:30,0.8003679852805887,1
475,0010,0,2026-06-13 12:34:40,0.6721864458754984,0
476,0014,0,2026-06-13 12:34:40,0.5338853112542165,1
477,0020,0,2026-06-13 12:34:40,0.4363692118981907,0
478,0063,0,2026-06-13 12:34:40,0.8003679852805887,0
479,0077,0,2026-06-13 12:34:40,0.5338853112542165,0
480,0116,0,2026-06-13 12:34:40,0.2217111315547378,0
481,0131,0,2026-06-13 12:34:40,0.5338853112542165,0
482,0555,0,2026-06-13 12:34:40,0.0981294081570070,0
483,0691,0,2026-06-13 12:34:40,0.4363692118981907,0
484,0953,0,2026-06-13 12:34:40,0.8003679852805887,0
485,0010,0,2026-06-13 12:34:50,0.6721864458754984,0
486,0014,0,2026-06-13 12:34:50,0.5338853112542165,0
487,0020,0,2026-06-13 12:34:50,0.4363692118981907,0
488,0063,0,2026-06-13 12:34:50,0.8003679852805887,1
489,0077,0,2026-06-13 12:34:50,0.5338853112542165,0
490,0116,0,2026-06-13 12:34:50,0.2217111315547378,0
491,0131,0,2026-06-13 12:34:50,0.5338853112542165,0
492,0555,0,2026-06-13 12:34:50,0.0981294081570070,0
493,0691,0,2026-06-13 12:34:50,0.4363692118981907,0
494,0953,0,2026-06-13 12:34:50,0.8003679852805887,0
495,0010,0,2026-06-13 12:35:00,0.6721864458754984,0
496,0014,0,2026-06-13 12:35:00,0.5338853112542165,1
497,0020,0,2026-06-13 12:35:00,0.4363692118981907,0
498,0063,0,2026-06-13 12:35:00,0.8003679852805887,0
499,0063,0,2026-06-13 12:35:00,0.8003679852805887,0
500,0077,0,2026-06-13 12:35:00,0.5338853112542165,0
501,0116,0,2026-06-13 12:35:00,0.2217111315547378,0
502,0131,0,2026-06-13 12:35:00,0.5338853112542165,0
503,0555,0,2026-06-13 12:35:00,0.0981294081570070,0
504,0691,0,2026-06-13 12:35:00,0.4363692118981907,0
505,0953,0,2026-06-13 12:35:00,0.8003679852805887,0
506,0014,0,2026-06-13 12:35:10,0.5338853112542165,0
507,0063,0,2026-06-13 12:35:10,0.8003679852805887,0
508,0063,0,2026-06-13 12:35:10,0.8003679852805887,0
509,0077,0,2026-06-13 12:35:10,0.5338853112542165,0
510,0131,0,2026-06-13 12:35:10,0.5338853112542165,0
511,0555,0,2026-06-13 12:35:10,0.0981294081570070,0
512,0691,0,2026-06-13 12:35:10,0.4363692118981907,0
513,0953,0,2026-06-13 12:35:10,0.8003679852805887,0
514,0014,0,2026-06-13 12:35:20,0.5338853112542165,0
515,0063,0,2026-06-13 12:35:20,0.8003679852805887,1
516,0063,0,2026-06-13 12:35:20,0.8003679852805887,0
517,0077,0,2026-06-13 12:35:20,0.5338853112542165,0
518,0131,0,2026-06-13 12:35:20,0.5338853112542165,0
519,0555,0,2026-06-13 12:35:20,0.0981294081570070,0
520,0691,0,2026-06-13 12:35:20,0.4363692118981907,0
521,0834,0,2026-06-13 12:35:20,0.4363692118981907,0
522,0953,0,2026-06-13 12:35:20,0.8003679852805887,0
523,0014,0,2026-06-13 12:35:30,0.5338853112542165,0
524,0063,0,2026-06-13 12:35:30,0.8003679852805887,0
525,0077,0,2026-06-13 12:35:30,0.5338853112542165,0
526,0131,0,2026-06-13 12:35:30,0.5338853112542165,0
527,0555,0,2026-06-13 12:35:30,0.0981294081570070,0
528,0691,0,2026-06-13 12:35:30,0.4363692118981907,0
529,0834,0,2026-06-13 12:35:30,0.4363692118981907,0
530,0953,0,2026-06-13 12:35:30,0.8003679852805887,0
531,0014,0,2026-06-13 12:35:40,0.5338853112542165,0
532,0063,0,2026-06-13 12:35:40,0.8003679852805887,0
533,0077,0,2026-06-13 12:35:40,0.5338853112542165,0
534,0131,0,2026-06-13 12:35:40,0.5338853112542165,0
535,0555,0,2026-06-13 12:35:40,0.0981294081570070,1
536,0691,0,2026-06-13 12:35:40,0.4363692118981907,0
537,0834,0,2026-06-13 12:35:40,0.4363692118981907,0
538,0953,0,2026-06-13 12:35:40,0.8003679852805887,0
539,0014,0,2026-06-13 12:35:50,0.5338853112542165,0
540,0063,0,2026-06-13 12:35:50,0.8003679852805887,0
541,0077,0,2026-06-13 12:35:50,0.5338853112542165,1
542,0131,0,2026-06-13 12:35:50,0.5338853112542165,0
543,0555,0,2026-06-13 12:35:50,0.0981294081570070,0
544,0691,0,2026-06-13 12:35:50,0.4363692118981907,0
545,0834,0,2026-06-13 12:35:50,0.4363692118981907,0
546,0077,0,2026-06-13 12:36:00,0.5338853112542165,1
547,0131,0,2026-06-13 12:36:00,0.5338853112542165,0
548,0131,0,2026-06-13 12:36:10,0.5338853112542165,1
549,0322,0,2026-06-13 14:04:10,0.3422263109475621,0
550,0322,0,2026-06-13 14:04:20,0.3422263109475621,0
551,0322,0,2026-06-13 14:04:30,0.3422263109475621,0
552,0322,0,2026-06-13 14:04:40,0.3422263109475621,0
553,0322,0,2026-06-13 14:04:50,0.3422263109475621,0
554,0322,0,2026-06-13 14:05:00,0.3422263109475621,0
555,0322,0,2026-06-13 14:05:10,0.3422263109475621,0
556,0322,0,2026-06-13 14:05:20,0.3422263109475621,0
557,0322,0,2026-06-13 14:05:30,0.3422263109475621,0
558,0608,0,2026-06-13 14:11:10,0.0981294081570070,0
559,0283,0,2026-06-13 14:11:20,0.6041091689665746,1
560,0608,0,2026-06-13 14:11:20,0.0981294081570070,0
561,0283,0,2026-06-13 14:11:30,0.6041091689665746,0
562,0608,0,2026-06-13 14:11:30,0.0981294081570070,0
563,0283,0,2026-06-13 14:11:40,0.6041091689665746,0
564,0608,0,2026-06-13 14:11:40,0.0981294081570070,0
565,0283,0,2026-06-13 14:11:50,0.6041091689665746,0
566,0608,0,2026-06-13 14:11:50,0.0981294081570070,0
567,0283,0,2026-06-13 14:12:00,0.6041091689665746,0
568,0608,0,2026-06-13 14:12:00,0.0981294081570070,0
569,0283,0,2026-06-13 14:12:10,0.6041091689665746,0
570,0608,0,2026-06-13 14:12:10,0.0981294081570070,1
571,0283,0,2026-06-13 14:12:20,0.6041091689665746,0
572,0608,0,2026-06-13 14:12:20,0.0981294081570070,0
573,0283,0,2026-06-13 14:12:30,0.6041091689665746,0
574,0608,0,2026-06-13 14:12:30,0.0981294081570070,0
575,0712,0,2026-06-13 14:12:30,0.2217111315547378,0
576,0283,0,2026-06-13 14:12:40,0.6041091689665746,0
577,0608,0,2026-06-13 14:12:40,0.0981294081570070,0
578,0712,0,2026-06-13 14:12:40,0.2217111315547378,0
579,0283,0,2026-06-13 14:12:50,0.6041091689665746,0
580,0608,0,2026-06-13 14:12:50,0.0981294081570070,0
581,0712,0,2026-06-13 14:12:50,0.2217111315547378,0
582,0283,0,2026-06-13 14:13:00,0.6041091689665746,0
583,0608,0,2026-06-13 14:13:00,0.0981294081570070,0
584,0712,0,2026-06-13 14:13:00,0.2217111315547378,0
585,0283,0,2026-06-13 14:13:10,0.6041091689665746,0
586,0712,0,2026-06-13 14:13:10,0.2217111315547378,1
587,0712,0,2026-06-13 14:13:20,0.2217111315547378,0
588,0313,0,2026-06-13 14:13:30,0.1536338546458142,0
589,0712,0,2026-06-13 14:13:30,0.2217111315547378,0
590,0313,0,2026-06-13 14:13:40,0.1536338546458142,0
591,0712,0,2026-06-13 14:13:40,0.2217111315547378,0
592,0313,0,2026-06-13 14:13:50,0.1536338546458142,0
593,0712,0,2026-06-13 14:13:50,0.2217111315547378,0
594,0313,0,2026-06-13 14:14:00,0.1536338546458142,0
595,0313,0,2026-06-13 14:14:10,0.1536338546458142,0
596,0313,0,2026-06-13 14:14:20,0.1536338546458142,1
597,0313,0,2026-06-13 14:14:30,0.1536338546458142,0
598,0313,0,2026-06-13 14:14:40,0.1536338546458142,0
599,0463,0,2026-06-13 14:14:40,0.2217111315547378,0
600,0463,0,2026-06-13 14:14:50,0.2217111315547378,1
601,0463,0,2026-06-13 14:15:00,0.2217111315547378,0
602,0463,0,2026-06-13 14:15:10,0.2217111315547378,1
603,0463,0,2026-06-13 14:15:20,0.2217111315547378,0
604,0463,0,2026-06-13 14:15:30,0.2217111315547378,0
605,0463,0,2026-06-13 14:15:40,0.2217111315547378,0
606,0677,0,2026-06-13 14:15:40,0.4363692118981907,0
607,0304,0,2026-06-13 14:15:50,0.6721864458754984,0
608,0463,0,2026-06-13 14:15:50,0.2217111315547378,0
609,0677,0,2026-06-13 14:15:50,0.4363692118981907,0
610,0304,0,2026-06-13 14:16:00,0.6721864458754984,0
611,0463,0,2026-06-13 14:16:00,0.2217111315547378,0
612,0677,0,2026-06-13 14:16:00,0.4363692118981907,0
613,0304,0,2026-06-13 14:16:10,0.6721864458754984,1
614,0463,0,2026-06-13 14:16:10,0.2217111315547378,0
615,0677,0,2026-06-13 14:16:10,0.4363692118981907,0
616,0857,0,2026-06-13 14:16:10,0.9429622815087396,0
617,0304,0,2026-06-13 14:16:20,0.6721864458754984,0
618,0381,0,2026-06-13 14:16:20,0.5338853112542165,0
619,0677,0,2026-06-13 14:16:20,0.4363692118981907,0
620,0857,0,2026-06-13 14:16:20,0.9429622815087396,0
621,0304,0,2026-06-13 14:16:30,0.6721864458754984,1
622,0381,0,2026-06-13 14:16:30,0.5338853112542165,0
623,0677,0,2026-06-13 14:16:30,0.4363692118981907,0
624,0857,0,2026-06-13 14:16:30,0.9429622815087396,0
625,0304,0,2026-06-13 14:16:40,0.6721864458754984,0
626,0381,0,2026-06-13 14:16:40,0.5338853112542165,0
627,0677,0,2026-06-13 14:16:40,0.4363692118981907,0
628,0857,0,2026-06-13 14:16:40,0.9429622815087396,0
629,0304,0,2026-06-13 14:16:50,0.6721864458754984,0
630,0381,0,2026-06-13 14:16:50,0.5338853112542165,0
631,0677,0,2026-06-13 14:16:50,0.4363692118981907,0
632,0857,0,2026-06-13 14:16:50,0.9429622815087396,1
633,0304,0,2026-06-13 14:17:00,0.6721864458754984,0
634,0381,0,2026-06-13 14:17:00,0.5338853112542165,0
635,0677,0,2026-06-13 14:17:00,0.4363692118981907,0
636,0857,0,2026-06-13 14:17:00,0.9429622815087396,0
637,0304,0,2026-06-13 14:17:10,0.6721864458754984,0
638,0381,0,2026-06-13 14:17:10,0.5338853112542165,0
639,0677,0,2026-06-13 14:17:10,0.4363692118981907,0
640,0857,0,2026-06-13 14:17:10,0.9429622815087396,0
641,0304,0,2026-06-13 14:17:20,0.6721864458754984,0
642,0381,0,2026-06-13 14:17:20,0.5338853112542165,0
643,0677,0,2026-06-13 14:17:20,0.4363692118981907,0
644,0857,0,2026-06-13 14:17:20,0.9429622815087396,0
645,0304,0,2026-06-13 14:17:30,0.6721864458754984,0
646,0381,0,2026-06-13 14:17:30,0.5338853112542165,0
647,0857,0,2026-06-13 14:17:30,0.9429622815087396,0
648,0381,0,2026-06-13 14:17:40,0.5338853112542165,0
649,0857,0,2026-06-13 14:17:40,0.9429622815087396,0
650,0381,0,2026-06-13 14:17:50,0.5338853112542165,0
651,0381,0,2026-06-13 14:18:00,0.5338853112542165,0
652,0381,0,2026-06-13 14:18:10,0.5338853112542165,1
653,0469,0,2026-06-13 15:12:00,0.6041091689665746,0
654,0469,0,2026-06-13 15:12:10,0.6041091689665746,1
655,0580,0,2026-06-13 15:32:40,0.6041091689665746,1
656,0580,0,2026-06-13 15:32:50,0.6041091689665746,0
657,0580,0,2026-06-13 15:32:50,0.6041091689665746,0
658,0847,0,2026-06-13 15:32:50,0.0981294081570070,0
659,0580,0,2026-06-13 15:33:00,0.6041091689665746,0
660,0580,0,2026-06-13 15:33:00,0.6041091689665746,0
661,0580,0,2026-06-13 15:33:00,0.6041091689665746,0
662,0847,0,2026-06-13 15:33:00,0.0981294081570070,1
663,0580,0,2026-06-13 15:33:10,0.6041091689665746,1
664,0580,0,2026-06-13 15:33:10,0.6041091689665746,0
665,0580,0,2026-06-13 15:33:10,0.6041091689665746,0
666,0580,0,2026-06-13 15:33:10,0.6041091689665746,0
667,0580,0,2026-06-13 15:33:10,0.6041091689665746,0
668,0847,0,2026-06-13 15:33:10,0.0981294081570070,0
669,0580,0,2026-06-13 15:33:20,0.6041091689665746,0
670,0580,0,2026-06-13 15:33:20,0.6041091689665746,0
671,0580,0,2026-06-13 15:33:20,0.6041091689665746,0
672,0580,0,2026-06-13 15:33:20,0.6041091689665746,0
673,0580,0,2026-06-13 15:33:20,0.6041091689665746,0
674,0580,0,2026-06-13 15:33:20,0.6041091689665746,0
675,0847,0,2026-06-13 15:33:20,0.0981294081570070,0
676,0580,0,2026-06-13 15:33:30,0.6041091689665746,0
677,0580,0,2026-06-13 15:33:30,0.6041091689665746,0
678,0580,0,2026-06-13 15:33:30,0.6041091689665746,0
679,0580,0,2026-06-13 15:33:30,0.6041091689665746,0
680,0580,0,2026-06-13 15:33:30,0.6041091689665746,0
681,0580,0,2026-06-13 15:33:30,0.6041091689665746,0
682,0847,0,2026-06-13 15:33:30,0.0981294081570070,0
683,0962,0,2026-06-13 15:33:30,0.5338853112542165,1
684,0203,0,2026-06-13 15:33:40,0.4363692118981907,1
685,0580,0,2026-06-13 15:33:40,0.6041091689665746,0
686,0580,0,2026-06-13 15:33:40,0.6041091689665746,0
687,0580,0,2026-06-13 15:33:40,0.6041091689665746,0
688,0580,0,2026-06-13 15:33:40,0.6041091689665746,0
689,0580,0,2026-06-13 15:33:40,0.6041091689665746,0
690,0580,0,2026-06-13 15:33:40,0.6041091689665746,0
691,0847,0,2026-06-13 15:33:40,0.0981294081570070,0
692,0962,0,2026-06-13 15:33:40,0.5338853112542165,0
693,0203,0,2026-06-13 15:33:50,0.4363692118981907,0
694,0580,0,2026-06-13 15:33:50,0.6041091689665746,0
695,0580,0,2026-06-13 15:33:50,0.6041091689665746,0
696,0580,0,2026-06-13 15:33:50,0.6041091689665746,0
697,0580,0,2026-06-13 15:33:50,0.6041091689665746,0
698,0580,0,2026-06-13 15:33:50,0.6041091689665746,0
699,0847,0,2026-06-13 15:33:50,0.0981294081570070,0
700,0946,0,2026-06-13 15:33:50,0.1536338546458142,0
701,0962,0,2026-06-13 15:33:50,0.5338853112542165,0
702,0203,0,2026-06-13 15:34:00,0.4363692118981907,0
703,0374,0,2026-06-13 15:34:00,1.0000000000000000,0
704,0392,0,2026-06-13 15:34:00,0.4363692118981907,1
705,0580,0,2026-06-13 15:34:00,0.6041091689665746,0
706,0580,0,2026-06-13 15:34:00,0.6041091689665746,0
707,0580,0,2026-06-13 15:34:00,0.6041091689665746,0
708,0582,0,2026-06-13 15:34:00,0.2217111315547378,0
709,0710,0,2026-06-13 15:34:00,0.0981294081570070,0
710,0710,0,2026-06-13 15:34:00,0.0981294081570070,0
711,0847,0,2026-06-13 15:34:00,0.0981294081570070,0
712,0946,0,2026-06-13 15:34:00,0.1536338546458142,0
713,0962,0,2026-06-13 15:34:00,0.5338853112542165,0
714,0203,0,2026-06-13 15:34:10,0.4363692118981907,0
715,0374,0,2026-06-13 15:34:10,1.0000000000000000,0
716,0392,0,2026-06-13 15:34:10,0.4363692118981907,0
717,0580,0,2026-06-13 15:34:10,0.6041091689665746,0
718,0580,0,2026-06-13 15:34:10,0.6041091689665746,0
719,0582,0,2026-06-13 15:34:10,0.2217111315547378,0
720,0710,0,2026-06-13 15:34:10,0.0981294081570070,0
721,0710,0,2026-06-13 15:34:10,0.0981294081570070,0
722,0710,0,2026-06-13 15:34:10,0.0981294081570070,0
723,0847,0,2026-06-13 15:34:10,0.0981294081570070,0
724,0946,0,2026-06-13 15:34:10,0.1536338546458142,0
725,0962,0,2026-06-13 15:34:10,0.5338853112542165,0
726,0985,0,2026-06-13 15:34:10,0.3422263109475621,0
727,0151,0,2026-06-13 15:34:20,0.1536338546458142,0
728,0203,0,2026-06-13 15:34:20,0.4363692118981907,0
729,0374,0,2026-06-13 15:34:20,1.0000000000000000,1
730,0392,0,2026-06-13 15:34:20,0.4363692118981907,0
731,0580,0,2026-06-13 15:34:20,0.6041091689665746,0
732,0710,0,2026-06-13 15:34:20,0.0981294081570070,0
733,0710,0,2026-06-13 15:34:20,0.0981294081570070,0
734,0710,0,2026-06-13 15:34:20,0.0981294081570070,0
735,0847,0,2026-06-13 15:34:20,0.0981294081570070,0
736,0946,0,2026-06-13 15:34:20,0.1536338546458142,0
737,0962,0,2026-06-13 15:34:20,0.5338853112542165,0
738,0985,0,2026-06-13 15:34:20,0.3422263109475621,0
739,0151,0,2026-06-13 15:34:30,0.1536338546458142,0
740,0203,0,2026-06-13 15:34:30,0.4363692118981907,0
741,0374,0,2026-06-13 15:34:30,1.0000000000000000,0
742,0392,0,2026-06-13 15:34:30,0.4363692118981907,0
743,0710,0,2026-06-13 15:34:30,0.0981294081570070,0
744,0710,0,2026-06-13 15:34:30,0.0981294081570070,0
745,0710,0,2026-06-13 15:34:30,0.0981294081570070,0
746,0710,0,2026-06-13 15:34:30,0.0981294081570070,0
747,0710,0,2026-06-13 15:34:30,0.0981294081570070,0
748,0946,0,2026-06-13 15:34:30,0.1536338546458142,0
749,0962,0,2026-06-13 15:34:30,0.5338853112542165,0
750,0985,0,2026-06-13 15:34:30,0.3422263109475621,1
751,0151,0,2026-06-13 15:34:40,0.1536338546458142,0
752,0203,0,2026-06-13 15:34:40,0.4363692118981907,0
753,0355,0,2026-06-13 15:34:40,0.7200245323520392,0
754,0374,0,2026-06-13 15:34:40,1.0000000000000000,0
755,0392,0,2026-06-13 15:34:40,0.4363692118981907,0
756,0710,0,2026-06-13 15:34:40,0.0981294081570070,0
757,0710,0,2026-06-13 15:34:40,0.0981294081570070,0
758,0710,0,2026-06-13 15:34:40,0.0981294081570070,0
759,0710,0,2026-06-13 15:34:40,0.0981294081570070,0
760,0710,0,2026-06-13 15:34:40,0.0981294081570070,0
761,0862,0,2026-06-13 15:34:40,0.5338853112542165,1
762,0946,0,2026-06-13 15:34:40,0.1536338546458142,0
763,0962,0,2026-06-13 15:34:40,0.5338853112542165,0
764,0985,0,2026-06-13 15:34:40,0.3422263109475621,0
765,0069,0,2026-06-13 15:34:50,0.8613922109782275,0
766,0151,0,2026-06-13 15:34:50,0.1536338546458142,0
767,0203,0,2026-06-13 15:34:50,0.4363692118981907,0
768,0355,0,2026-06-13 15:34:50,0.7200245323520392,0
769,0374,0,2026-06-13 15:34:50,1.0000000000000000,0
770,0392,0,2026-06-13 15:34:50,0.4363692118981907,0
771,0710,0,2026-06-13 15:34:50,0.0981294081570070,0
772,0710,0,2026-06-13 15:34:50,0.0981294081570070,0
773,0710,0,2026-06-13 15:34:50,0.0981294081570070,0
774,0710,0,2026-06-13 15:34:50,0.0981294081570070,0
775,0710,0,2026-06-13 15:34:50,0.0981294081570070,0
776,0763,0,2026-06-13 15:34:50,0.8003679852805887,1
777,0862,0,2026-06-13 15:34:50,0.5338853112542165,0
778,0962,0,2026-06-13 15:34:50,0.5338853112542165,0
779,0985,0,2026-06-13 15:34:50,0.3422263109475621,0
780,0069,0,2026-06-13 15:35:00,0.8613922109782275,0
781,0151,0,2026-06-13 15:35:00,0.1536338546458142,0
782,0203,0,2026-06-13 15:35:00,0.4363692118981907,0
783,0340,0,2026-06-13 15:35:00,1.0000000000000000,0
784,0355,0,2026-06-13 15:35:00,0.7200245323520392,0
785,0374,0,2026-06-13 15:35:00,1.0000000000000000,0
786,0392,0,2026-06-13 15:35:00,0.4363692118981907,0
787,0560,0,2026-06-13 15:35:00,0.8613922109782275,1
788,0710,0,2026-06-13 15:35:00,0.0981294081570070,0
789,0710,0,2026-06-13 15:35:00,0.0981294081570070,0
790,0710,0,2026-06-13 15:35:00,0.0981294081570070,0
791,0710,0,2026-06-13 15:35:00,0.0981294081570070,0
792,0763,0,2026-06-13 15:35:00,0.8003679852805887,0
793,0862,0,2026-06-13 15:35:00,0.5338853112542165,0
794,0962,0,2026-06-13 15:35:00,0.5338853112542165,0
795,0985,0,2026-06-13 15:35:00,0.3422263109475621,0
796,0069,0,2026-06-13 15:35:10,0.8613922109782275,0
797,0151,0,2026-06-13 15:35:10,0.1536338546458142,0
798,0203,0,2026-06-13 15:35:10,0.4363692118981907,0
799,0340,0,2026-06-13 15:35:10,1.0000000000000000,1
800,0355,0,2026-06-13 15:35:10,0.7200245323520392,0
801,0374,0,2026-06-13 15:35:10,1.0000000000000000,0
802,0392,0,2026-06-13 15:35:10,0.4363692118981907,0
803,0560,0,2026-06-13 15:35:10,0.8613922109782275,0
804,0710,0,2026-06-13 15:35:10,0.0981294081570070,0
805,0710,0,2026-06-13 15:35:10,0.0981294081570070,0
806,0710,0,2026-06-13 15:35:10,0.0981294081570070,0
807,0710,0,2026-06-13 15:35:10,0.0981294081570070,0
808,0763,0,2026-06-13 15:35:10,0.8003679852805887,0
809,0862,0,2026-06-13 15:35:10,0.5338853112542165,0
810,0985,0,2026-06-13 15:35:10,0.3422263109475621,0
811,0069,0,2026-06-13 15:35:20,0.8613922109782275,0
812,0243,0,2026-06-13 15:35:20,0.8613922109782275,0
813,0340,0,2026-06-13 15:35:20,1.0000000000000000,0
814,0392,0,2026-06-13 15:35:20,0.4363692118981907,0
815,0560,0,2026-06-13 15:35:20,0.8613922109782275,0
816,0710,0,2026-06-13 15:35:20,0.0981294081570070,0
817,0710,0,2026-06-13 15:35:20,0.0981294081570070,0
818,0710,0,2026-06-13 15:35:20,0.0981294081570070,0
819,0710,0,2026-06-13 15:35:20,0.0981294081570070,0
820,0763,0,2026-06-13 15:35:20,0.8003679852805887,0
821,0862,0,2026-06-13 15:35:20,0.5338853112542165,0
822,0985,0,2026-06-13 15:35:20,0.3422263109475621,0
823,0069,0,2026-06-13 15:35:30,0.8613922109782275,1
824,0243,0,2026-06-13 15:35:30,0.8613922109782275,0
825,0340,0,2026-06-13 15:35:30,1.0000000000000000,0
826,0392,0,2026-06-13 15:35:30,0.4363692118981907,0
827,0560,0,2026-06-13 15:35:30,0.8613922109782275,0
828,0710,0,2026-06-13 15:35:30,0.0981294081570070,0
829,0710,0,2026-06-13 15:35:30,0.0981294081570070,0
830,0763,0,2026-06-13 15:35:30,0.8003679852805887,0
831,0862,0,2026-06-13 15:35:30,0.5338853112542165,0
832,0985,0,2026-06-13 15:35:30,0.3422263109475621,0
833,0243,0,2026-06-13 15:35:40,0.8613922109782275,0
834,0340,0,2026-06-13 15:35:40,1.0000000000000000,0
835,0392,0,2026-06-13 15:35:40,0.4363692118981907,0
836,0560,0,2026-06-13 15:35:40,0.8613922109782275,0
837,0710,0,2026-06-13 15:35:40,0.0981294081570070,0
838,0763,0,2026-06-13 15:35:40,0.8003679852805887,0
839,0862,0,2026-06-13 15:35:40,0.5338853112542165,0
840,0243,0,2026-06-13 15:35:50,0.8613922109782275,0
841,0340,0,2026-06-13 15:35:50,1.0000000000000000,0
842,0392,0,2026-06-13 15:35:50,0.4363692118981907,0
843,0560,0,2026-06-13 15:35:50,0.8613922109782275,0
844,0710,0,2026-06-13 15:35:50,0.0981294081570070,0
845,0763,0,2026-06-13 15:35:50,0.8003679852805887,0
846,0862,0,2026-06-13 15:35:50,0.5338853112542165,0
847,0930,0,2026-06-13 15:35:50,0.6041091689665746,0
848,0243,0,2026-06-13 15:36:00,0.8613922109782275,0
849,0305,0,2026-06-13 15:36:00,0.5338853112542165,0
850,0340,0,2026-06-13 15:36:00,1.0000000000000000,0
851,0560,0,2026-06-13 15:36:00,0.8613922109782275,0
852,0763,0,2026-06-13 15:36:00,0.8003679852805887,0
853,0806,0,2026-06-13 15:36:00,0.9429622815087396,1
854,0862,0,2026-06-13 15:36:00,0.5338853112542165,0
855,0930,0,2026-06-13 15:36:00,0.6041091689665746,0
856,0243,0,2026-06-13 15:36:10,0.8613922109782275,0
857,0305,0,2026-06-13 15:36:10,0.5338853112542165,0
858,0340,0,2026-06-13 15:36:10,1.0000000000000000,0
859,0560,0,2026-06-13 15:36:10,0.8613922109782275,0
860,0733,0,2026-06-13 15:36:10,0.6721864458754984,0
861,0763,0,2026-06-13 15:36:10,0.8003679852805887,0
862,0806,0,2026-06-13 15:36:10,0.9429622815087396,0
863,0862,0,2026-06-13 15:36:10,0.5338853112542165,0
864,0930,0,2026-06-13 15:36:10,0.6041091689665746,0
865,0243,0,2026-06-13 15:36:20,0.8613922109782275,0
866,0305,0,2026-06-13 15:36:20,0.5338853112542165,0
867,0340,0,2026-06-13 15:36:20,1.0000000000000000,0
868,0560,0,2026-06-13 15:36:20,0.8613922109782275,0
869,0733,0,2026-06-13 15:36:20,0.6721864458754984,0
870,0763,0,2026-06-13 15:36:20,0.8003679852805887,0
871,0806,0,2026-06-13 15:36:20,0.9429622815087396,1
872,0930,0,2026-06-13 15:36:20,0.6041091689665746,0
873,0243,0,2026-06-13 15:36:30,0.8613922109782275,0
874,0305,0,2026-06-13 15:36:30,0.5338853112542165,0
875,0340,0,2026-06-13 15:36:30,1.0000000000000000,0
876,0560,0,2026-06-13 15:36:30,0.8613922109782275,0
877,0733,0,2026-06-13 15:36:30,0.6721864458754984,0
878,0763,0,2026-06-13 15:36:30,0.8003679852805887,0
879,0806,0,2026-06-13 15:36:30,0.9429622815087396,0
880,0930,0,2026-06-13 15:36:30,0.6041091689665746,0
881,0243,0,2026-06-13 15:36:40,0.8613922109782275,0
882,0305,0,2026-06-13 15:36:40,0.5338853112542165,1
883,0340,0,2026-06-13 15:36:40,1.0000000000000000,0
884,0560,0,2026-06-13 15:36:40,0.8613922109782275,0
885,0733,0,2026-06-13 15:36:40,0.6721864458754984,0
886,0806,0,2026-06-13 15:36:40,0.9429622815087396,0
887,0930,0,2026-06-13 15:36:40,0.6041091689665746,0
888,0243,0,2026-06-13 15:36:50,0.8613922109782275,0
889,0305,0,2026-06-13 15:36:50,0.5338853112542165,1
890,0733,0,2026-06-13 15:36:50,0.6721864458754984,0
891,0806,0,2026-06-13 15:36:50,0.9429622815087396,0
892,0930,0,2026-06-13 15:36:50,0.6041091689665746,0
893,0243,0,2026-06-13 15:37:00,0.8613922109782275,0
894,0305,0,2026-06-13 15:37:00,0.5338853112542165,0
895,0545,0,2026-06-13 15:37:00,0.9429622815087396,0
896,0733,0,2026-06-13 15:37:00,0.6721864458754984,1
897,0806,0,2026-06-13 15:37:00,0.9429622815087396,0
898,0930,0,2026-06-13 15:37:00,0.6041091689665746,0
899,0243,0,2026-06-13 15:37:10,0.8613922109782275,0
900,0305,0,2026-06-13 15:37:10,0.5338853112542165,0
901,0545,0,2026-06-13 15:37:10,0.9429622815087396,0
902,0733,0,2026-06-13 15:37:10,0.6721864458754984,0
903,0806,0,2026-06-13 15:37:10,0.9429622815087396,0
904,0930,0,2026-06-13 15:37:10,0.6041091689665746,0
905,0305,0,2026-06-13 15:37:20,0.5338853112542165,0
906,0545,0,2026-06-13 15:37:20,0.9429622815087396,1
907,0733,0,2026-06-13 15:37:20,0.6721864458754984,0
908,0806,0,2026-06-13 15:37:20,0.9429622815087396,0
909,0930,0,2026-06-13 15:37:20,0.6041091689665746,0
910,0305,0,2026-06-13 15:37:30,0.5338853112542165,0
911,0545,0,2026-06-13 15:37:30,0.9429622815087396,0
912,0733,0,2026-06-13 15:37:30,0.6721864458754984,0
913,0305,0,2026-06-13 15:37:40,0.5338853112542165,0
914,0515,0,2026-06-13 15:37:40,0.5338853112542165,1
915,0545,0,2026-06-13 15:37:40,0.9429622815087396,0
916,0733,0,2026-06-13 15:37:40,0.6721864458754984,0
917,0274,0,2026-06-13 15:37:50,0.4363692118981907,0
918,0515,0,2026-06-13 15:37:50,0.5338853112542165,0
919,0545,0,2026-06-13 15:37:50,0.9429622815087396,0
920,0733,0,2026-06-13 15:37:50,0.6721864458754984,0
921,0274,0,2026-06-13 15:38:00,0.4363692118981907,0
922,0515,0,2026-06-13 15:38:00,0.5338853112542165,0
923,0545,0,2026-06-13 15:38:00,0.9429622815087396,0
924,0733,0,2026-06-13 15:38:00,0.6721864458754984,0
925,0244,0,2026-06-13 15:38:10,0.6721864458754984,0
926,0274,0,2026-06-13 15:38:10,0.4363692118981907,0
927,0515,0,2026-06-13 15:38:10,0.5338853112542165,1
928,0515,0,2026-06-13 15:38:10,0.5338853112542165,0
929,0545,0,2026-06-13 15:38:10,0.9429622815087396,0
930,0244,0,2026-06-13 15:38:20,0.6721864458754984,0
931,0274,0,2026-06-13 15:38:20,0.4363692118981907,0
932,0515,0,2026-06-13 15:38:20,0.5338853112542165,0
933,0515,0,2026-06-13 15:38:20,0.5338853112542165,0
934,0545,0,2026-06-13 15:38:20,0.9429622815087396,0
935,0244,0,2026-06-13 15:38:30,0.6721864458754984,1
936,0274,0,2026-06-13 15:38:30,0.4363692118981907,0
937,0515,0,2026-06-13 15:38:30,0.5338853112542165,0
938,0515,0,2026-06-13 15:38:30,0.5338853112542165,0
939,0545,0,2026-06-13 15:38:30,0.9429622815087396,0
940,0244,0,2026-06-13 15:38:40,0.6721864458754984,1
941,0274,0,2026-06-13 15:38:40,0.4363692118981907,0
942,0515,0,2026-06-13 15:38:40,0.5338853112542165,0
943,0515,0,2026-06-13 15:38:40,0.5338853112542165,0
944,0545,0,2026-06-13 15:38:40,0.9429622815087396,0
945,0244,0,2026-06-13 15:38:50,0.6721864458754984,0
946,0274,0,2026-06-13 15:38:50,0.4363692118981907,0
947,0515,0,2026-06-13 15:38:50,0.5338853112542165,0
948,0515,0,2026-06-13 15:38:50,0.5338853112542165,0
949,0545,0,2026-06-13 15:38:50,0.9429622815087396,0
950,0244,0,2026-06-13 15:39:00,0.6721864458754984,0
951,0274,0,2026-06-13 15:39:00,0.4363692118981907,0
952,0515,0,2026-06-13 15:39:00,0.5338853112542165,0
953,0515,0,2026-06-13 15:39:00,0.5338853112542165,0
954,0244,0,2026-06-13 15:39:10,0.6721864458754984,0
955,0274,0,2026-06-13 15:39:10,0.4363692118981907,0
956,0515,0,2026-06-13 15:39:10,0.5338853112542165,0
957,0244,0,2026-06-13 15:39:20,0.6721864458754984,0
958,0274,0,2026-06-13 15:39:20,0.4363692118981907,0
959,0515,0,2026-06-13 15:39:20,0.5338853112542165,0
960,0796,0,2026-06-13 15:39:20,0.3422263109475621,1
961,0244,0,2026-06-13 15:39:30,0.6721864458754984,0
962,0274,0,2026-06-13 15:39:30,0.4363692118981907,0
963,0515,0,2026-06-13 15:39:30,0.5338853112542165,0
964,0796,0,2026-06-13 15:39:30,0.3422263109475621,0
965,0244,0,2026-06-13 15:39:40,0.6721864458754984,0
966,0274,0,2026-06-13 15:39:40,0.4363692118981907,0
967,0796,0,2026-06-13 15:39:40,0.3422263109475621,0
968,0244,0,2026-06-13 15:39:50,0.6721864458754984,0
969,0796,0,2026-06-13 15:39:50,0.3422263109475621,0
970,0796,0,2026-06-13 15:40:00,0.3422263109475621,0
971,0796,0,2026-06-13 15:40:10,0.3422263109475621,0
972,0796,0,2026-06-13 15:40:20,0.3422263109475621,0
973,0796,0,2026-06-13 15:40:30,0.3422263109475621,0
974,0798,0,2026-06-13 15:41:20,0.1536338546458142,0
975,0798,0,2026-06-13 15:41:30,0.1536338546458142,1
976,0798,0,2026-06-13 15:41:40,0.1536338546458142,0
977,0798,0,2026-06-13 15:41:50,0.1536338546458142,0
978,0798,0,2026-06-13 15:42:00,0.1536338546458142,0
979,0798,0,2026-06-13 15:42:10,0.1536338546458142,0
980,0798,0,2026-06-13 15:42:20,0.1536338546458142,0
981,0798,0,2026-06-13 15:42:30,0.1536338546458142,0
982,0588,0,2026-06-13 15:42:40,0.5338853112542165,0
983,0618,0,2026-06-13 15:42:40,0.1536338546458142,0
984,0588,0,2026-06-13 15:42:50,0.5338853112542165,0
985,0618,0,2026-06-13 15:42:50,0.1536338546458142,0
986,0588,0,2026-06-13 15:43:00,0.5338853112542165,1
987,0618,0,2026-06-13 15:43:00,0.1536338546458142,0
988,0588,0,2026-06-13 15:43:10,0.5338853112542165,0
989,0618,0,2026-06-13 15:43:10,0.1536338546458142,0
990,0588,0,2026-06-13 15:43:20,0.5338853112542165,0
991,0618,0,2026-06-13 15:43:20,0.1536338546458142,1
992,0588,0,2026-06-13 15:43:30,0.5338853112542165,0
993,0618,0,2026-06-13 15:43:30,0.1536338546458142,0
994,0588,0,2026-06-13 15:43:40,0.5338853112542165,0
995,0618,0,2026-06-13 15:43:40,0.1536338546458142,0
996,0588,0,2026-06-13 15:43:50,0.5338853112542165,0
997,0618,0,2026-06-13 15:43:50,0.1536338546458142,1
998,0588,0,2026-06-13 15:44:00,0.5338853112542165,0
999,0618,0,2026-06-13 15:44:00,0.1536338546458142,0
1000,0588,0,2026-06-13 15:44:10,0.5338853112542165,0
1001,0618,0,2026-06-13 15:44:10,0.1536338546458142,0
1002,0588,0,2026-06-13 15:44:20,0.5338853112542165,0
1003,0618,0,2026-06-13 15:44:20,0.1536338546458142,0
1004,0618,0,2026-06-13 15:44:30,0.1536338546458142,0
1005,0661,0,2026-06-13 16:51:50,0.7200245323520392,1
1006,0661,0,2026-06-13 16:52:00,0.7200245323520392,1
1007,0661,0,2026-06-13 16:52:10,0.7200245323520392,0
1008,0661,0,2026-06-13 16:52:20,0.7200245323520392,0
1009,0904,0,2026-06-13 17:10:00,0.8613922109782275,0
1010,0904,0,2026-06-13 17:10:10,0.8613922109782275,0
1011,0904,0,2026-06-13 17:10:20,0.8613922109782275,0
1012,0904,0,2026-06-13 17:10:30,0.8613922109782275,0
1013,0904,0,2026-06-13 17:10:40,0.8613922109782275,0
1014,0904,0,2026-06-13 17:10:50,0.8613922109782275,0
1015,0904,0,2026-06-13 17:11:00,0.8613922109782275,0
1016,0005,0,2026-06-13 17:11:10,0.5338853112542165,0
1017,0904,0,2026-06-13 17:11:10,0.8613922109782275,0
1018,0005,0,2026-06-13 17:11:20,0.5338853112542165,1
1019,0904,0,2026-06-13 17:11:20,0.8613922109782275,0
1020,0005,0,2026-06-13 17:11:30,0.5338853112542165,0
1021,0904,0,2026-06-13 17:11:30,0.8613922109782275,0
1022,0005,0,2026-06-13 17:11:40,0.5338853112542165,0
1023,0904,0,2026-06-13 17:11:40,0.8613922109782275,0
1024,0005,0,2026-06-13 17:11:50,0.5338853112542165,0
1025,0904,0,2026-06-13 17:11:50,0.8613922109782275,0
1026,0005,0,2026-06-13 17:12:00,0.5338853112542165,0
1027,0005,0,2026-06-13 17:12:10,0.5338853112542165,0
1028,0005,0,2026-06-13 17:12:20,0.5338853112542165,0
1029,0005,0,2026-06-13 17:12:30,0.5338853112542165,0
1030,0717,0,2026-06-13 17:13:00,1.0000000000000000,0
1031,0717,0,2026-06-13 17:13:10,1.0000000000000000,0
1032,0717,0,2026-06-13 17:13:20,1.0000000000000000,0
1033,0802,0,2026-06-13 17:13:20,0.8613922109782275,0
1034,0717,0,2026-06-13 17:13:30,1.0000000000000000,0
1035,0802,0,2026-06-13 17:13:30,0.8613922109782275,0
1036,0717,0,2026-06-13 17:13:40,1.0000000000000000,0
1037,0802,0,2026-06-13 17:13:40,0.8613922109782275,0
1038,0717,0,2026-06-13 17:13:50,1.0000000000000000,0
1039,0802,0,2026-06-13 17:13:50,0.8613922109782275,0
1040,0717,0,2026-06-13 17:14:00,1.0000000000000000,0
1041,0802,0,2026-06-13 17:14:00,0.8613922109782275,0
1042,0717,0,2026-06-13 17:14:10,1.0000000000000000,0
1043,0802,0,2026-06-13 17:14:10,0.8613922109782275,0
1044,0717,0,2026-06-13 17:14:20,1.0000000000000000,0
1045,0802,0,2026-06-13 17:14:20,0.8613922109782275,0
1046,0717,0,2026-06-13 17:14:30,1.0000000000000000,0
1047,0802,0,2026-06-13 17:14:30,0.8613922109782275,1
1048,0717,0,2026-06-13 17:14:40,1.0000000000000000,0
1049,0802,0,2026-06-13 17:14:40,0.8613922109782275,0
1050,0802,0,2026-06-13 17:14:50,0.8613922109782275,0
1051,0178,0,2026-06-13 17:15:10,0.1536338546458142,0
1052,0178,0,2026-06-13 17:15:20,0.1536338546458142,1
1053,0222,0,2026-06-13 17:15:20,0.1536338546458142,0
1054,0178,0,2026-06-13 17:15:30,0.1536338546458142,0
1055,0222,0,2026-06-13 17:15:30,0.1536338546458142,0
1056,0178,0,2026-06-13 17:15:40,0.1536338546458142,0
1057,0222,0,2026-06-13 17:15:40,0.1536338546458142,1
1058,0178,0,2026-06-13 17:15:50,0.1536338546458142,0
1059,0222,0,2026-06-13 17:15:50,0.1536338546458142,0
1060,0178,0,2026-06-13 17:16:00,0.1536338546458142,0
1061,0222,0,2026-06-13 17:16:00,0.1536338546458142,0
1062,0178,0,2026-06-13 17:16:10,0.1536338546458142,1
1063,0222,0,2026-06-13 17:16:10,0.1536338546458142,0
1064,0178,0,2026-06-13 17:16:20,0.1536338546458142,0
1065,0222,0,2026-06-13 17:16:20,0.1536338546458142,0
1066,0178,0,2026-06-13 17:16:30,0.1536338546458142,0
1067,0222,0,2026-06-13 17:16:30,0.1536338546458142,0
1068,0747,0,2026-06-13 17:16:30,0.3422263109475621,0
1069,0178,0,2026-06-13 17:16:40,0.1536338546458142,0
1070,0222,0,2026-06-13 17:16:40,0.1536338546458142,0
1071,0747,0,2026-06-13 17:16:40,0.3422263109475621,0
1072,0222,0,2026-06-13 17:16:50,0.1536338546458142,0
1073,0747,0,2026-06-13 17:16:50,0.3422263109475621,1
1074,0222,0,2026-06-13 17:17:00,0.1536338546458142,0
1075,0747,0,2026-06-13 17:17:00,0.3422263109475621,0
1076,0118,0,2026-06-13 17:17:10,0.5338853112542165,0
1077,0747,0,2026-06-13 17:17:10,0.3422263109475621,0
1078,0921,0,2026-06-13 17:17:10,0.9429622815087396,1
1079,0118,0,2026-06-13 17:17:20,0.5338853112542165,0
1080,0747,0,2026-06-13 17:17:20,0.3422263109475621,0
1081,0921,0,2026-06-13 17:17:20,0.9429622815087396,0
1082,0118,0,2026-06-13 17:17:30,0.5338853112542165,0
1083,0747,0,2026-06-13 17:17:30,0.3422263109475621,0
1084,0921,0,2026-06-13 17:17:30,0.9429622815087396,0
1085,0118,0,2026-06-13 17:17:40,0.5338853112542165,0
1086,0747,0,2026-06-13 17:17:40,0.3422263109475621,0
1087,0921,0,2026-06-13 17:17:40,0.9429622815087396,0
1088,0118,0,2026-06-13 17:17:50,0.5338853112542165,0
1089,0747,0,2026-06-13 17:17:50,0.3422263109475621,0
1090,0921,0,2026-06-13 17:17:50,0.9429622815087396,0
1091,0118,0,2026-06-13 17:18:00,0.5338853112542165,0
1092,0747,0,2026-06-13 17:18:00,0.3422263109475621,0
1093,0921,0,2026-06-13 17:18:00,0.9429622815087396,0
1094,0118,0,2026-06-13 17:18:10,0.5338853112542165,0
1095,0747,0,2026-06-13 17:18:10,0.3422263109475621,0
1096,0771,0,2026-06-13 17:18:10,0.6041091689665746,0
1097,0921,0,2026-06-13 17:18:10,0.9429622815087396,0
1098,0747,0,2026-06-13 17:18:20,0.3422263109475621,0
1099,0771,0,2026-06-13 17:18:20,0.6041091689665746,0
1100,0771,0,2026-06-13 17:18:30,0.6041091689665746,0
1101,0771,0,2026-06-13 17:18:40,0.6041091689665746,0
1102,0771,0,2026-06-13 17:18:50,0.6041091689665746,0
1103,0771,0,2026-06-13 17:19:00,0.6041091689665746,1
1104,0771,0,2026-06-13 17:19:10,0.6041091689665746,0
1105,0771,0,2026-06-13 17:19:20,0.6041091689665746,0
1106,0771,0,2026-06-13 17:19:30,0.6041091689665746,0
1107,0771,0,2026-06-13 17:19:40,0.6041091689665746,0
1108,0076,0,2026-06-13 18:30:50,0.3422263109475621,0
1109,0076,0,2026-06-13 18:31:00,0.3422263109475621,1
1110,0076,0,2026-06-13 18:31:10,0.3422263109475621,0
1111,0076,0,2026-06-13 18:31:20,0.3422263109475621,0
1112,0076,0,2026-06-13 18:31:30,0.3422263109475621,0
1113,0172,0,2026-06-13 18:31:30,0.4363692118981907,0
1114,0076,0,2026-06-13 18:31:40,0.3422263109475621,0
1115,0172,0,2026-06-13 18:31:40,0.4363692118981907,0
1116,0076,0,2026-06-13 18:31:50,0.3422263109475621,0
1117,0172,0,2026-06-13 18:31:50,0.4363692118981907,0
1118,0076,0,2026-06-13 18:32:00,0.3422263109475621,0
1119,0172,0,2026-06-13 18:32:00,0.4363692118981907,0
1120,0172,0,2026-06-13 18:32:00,0.4363692118981907,0
1121,0076,0,2026-06-13 18:32:10,0.3422263109475621,0
1122,0172,0,2026-06-13 18:32:10,0.4363692118981907,0
1123,0172,0,2026-06-13 18:32:10,0.4363692118981907,0
1124,0076,0,2026-06-13 18:32:20,0.3422263109475621,0
1125,0172,0,2026-06-13 18:32:20,0.4363692118981907,0
1126,0076,0,2026-06-13 18:32:30,0.3422263109475621,0
1127,0172,0,2026-06-13 18:32:30,0.4363692118981907,0
1128,0076,0,2026-06-13 18:32:40,0.3422263109475621,0
1129,0172,0,2026-06-13 18:32:40,0.4363692118981907,0
1130,0981,0,2026-06-13 18:49:00,0.8003679852805887,0
1131,0981,0,2026-06-13 18:49:10,0.8003679852805887,0
1132,0981,0,2026-06-13 18:49:20,0.8003679852805887,0
1133,0981,0,2026-06-13 18:49:30,0.8003679852805887,0
1134,0159,0,2026-06-13 18:49:40,0.9429622815087396,0
1135,0981,0,2026-06-13 18:49:40,0.8003679852805887,0
1136,0159,0,2026-06-13 18:49:50,0.9429622815087396,1
1137,0981,0,2026-06-13 18:49:50,0.8003679852805887,0
1138,0159,0,2026-06-13 18:50:00,0.9429622815087396,1
1139,0981,0,2026-06-13 18:50:00,0.8003679852805887,0
1140,0159,0,2026-06-13 18:50:10,0.9429622815087396,0
1141,0981,0,2026-06-13 18:50:10,0.8003679852805887,0
1142,0095,0,2026-06-13 18:50:20,0.0981294081570070,0
1143,0159,0,2026-06-13 18:50:20,0.9429622815087396,0
1144,0981,0,2026-06-13 18:50:20,0.8003679852805887,0
1145,0095,0,2026-06-13 18:50:30,0.0981294081570070,0
1146,0159,0,2026-06-13 18:50:30,0.9429622815087396,0
1147,0981,0,2026-06-13 18:50:30,0.8003679852805887,0
1148,0095,0,2026-06-13 18:50:40,0.0981294081570070,0
1149,0159,0,2026-06-13 18:50:40,0.9429622815087396,0
1150,0981,0,2026-06-13 18:50:40,0.8003679852805887,0
1151,0095,0,2026-06-13 18:50:50,0.0981294081570070,0
1152,0159,0,2026-06-13 18:50:50,0.9429622815087396,0
1153,0981,0,2026-06-13 18:50:50,0.8003679852805887,0
1154,0095,0,2026-06-13 18:51:00,0.0981294081570070,0
1155,0159,0,2026-06-13 18:51:00,0.9429622815087396,0
1156,0095,0,2026-06-13 18:51:10,0.0981294081570070,0
1157,0159,0,2026-06-13 18:51:10,0.9429622815087396,0
1158,0095,0,2026-06-13 18:51:20,0.0981294081570070,0
1159,0095,0,2026-06-13 18:51:30,0.0981294081570070,0
1160,0095,0,2026-06-13 18:51:40,0.0981294081570070,0
1161,0095,0,2026-06-13 18:51:50,0.0981294081570070,1
1162,0095,0,2026-06-13 18:52:00,0.0981294081570070,1
1163,0908,0,2026-06-13 20:08:30,0.4363692118981907,0
1164,0908,0,2026-06-13 20:08:40,0.4363692118981907,0
1165,0908,0,2026-06-13 20:08:50,0.4363692118981907,0
1166,0908,0,2026-06-13 20:09:00,0.4363692118981907,0
1167,0908,0,2026-06-13 20:09:10,0.4363692118981907,0
1168,0908,0,2026-06-13 20:09:20,0.4363692118981907,0
1169,0908,0,2026-06-13 20:09:30,0.4363692118981907,0
1170,0908,0,2026-06-13 20:09:40,0.4363692118981907,1
1171,0908,0,2026-06-13 20:09:50,0.4363692118981907,0
1172,0668,0,2026-06-13 20:10:00,0.8003679852805887,0
1173,0908,0,2026-06-13 20:10:00,0.4363692118981907,0
1174,0668,0,2026-06-13 20:10:10,0.8003679852805887,0
1175,0668,0,2026-06-13 20:10:20,0.8003679852805887,1
1176,0668,0,2026-06-13 20:10:30,0.8003679852805887,0
1177,0668,0,2026-06-13 20:10:40,0.8003679852805887,0
1178,0668,0,2026-06-13 20:10:50,0.8003679852805887,0
1179,0668,1,2026-06-13 10:27:50,0.8003679852805887,0
1180,0668,1,2026-06-13 10:28:00,0.8003679852805887,0
1181,0668,1,2026-06-13 10:28:10,0.8003679852805887,0
1182,0668,1,2026-06-13 10:28:20,0.8003679852805887,0
1183,0668,1,2026-06-13 10:28:30,0.8003679852805887,0
1184,0668,1,2026-06-13 10:28:40,0.8003679852805887,0
1185,0668,1,2026-06-13 10:28:50,0.8003679852805887,0
1186,0668,1,2026-06-13 10:29:00,0.8003679852805887,0
1187,0668,1,2026-06-13 10:29:10,0.8003679852805887,0
1188,0465,1,2026-06-13 10:29:20,0.2217111315547378,0
1189,0668,1,2026-06-13 10:29:20,0.8003679852805887,0
1190,0094,1,2026-06-13 10:29:30,0.1536338546458142,0
1191,0465,1,2026-06-13 10:29:30,0.2217111315547378,0
1192,0668,1,2026-06-13 10:29:30,0.8003679852805887,0
1193,0094,1,2026-06-13 10:29:40,0.1536338546458142,0
1194,0465,1,2026-06-13 10:29:40,0.2217111315547378,0
1195,0094,1,2026-06-13 10:29:50,0.1536338546458142,0
1196,0459,1,2026-06-13 10:29:50,0.3422263109475621,0
1197,0459,1,2026-06-13 10:29:50,0.3422263109475621,0
1198,0459,1,2026-06-13 10:29:50,0.3422263109475621,0
1199,0465,1,2026-06-13 10:29:50,0.2217111315547378,0
1200,0542,1,2026-06-13 10:29:50,0.4363692118981907,1
1201,0094,1,2026-06-13 10:30:00,0.1536338546458142,0
1202,0280,1,2026-06-13 10:30:00,0.2217111315547378,0
1203,0280,1,2026-06-13 10:30:00,0.2217111315547378,0
1204,0280,1,2026-06-13 10:30:00,0.2217111315547378,0
1205,0459,1,2026-06-13 10:30:00,0.3422263109475621,0
1206,0459,1,2026-06-13 10:30:00,0.3422263109475621,0
1207,0459,1,2026-06-13 10:30:00,0.3422263109475621,0
1208,0465,1,2026-06-13 10:30:00,0.2217111315547378,0
1209,0542,1,2026-06-13 10:30:00,0.4363692118981907,0
1210,0940,1,2026-06-13 10:30:00,0.9429622815087396,0
1211,0094,1,2026-06-13 10:30:10,0.1536338546458142,0
1212,0280,1,2026-06-13 10:30:10,0.2217111315547378,0
1213,0280,1,2026-06-13 10:30:10,0.2217111315547378,0
1214,0280,1,2026-06-13 10:30:10,0.2217111315547378,0
1215,0459,1,2026-06-13 10:30:10,0.3422263109475621,0
1216,0459,1,2026-06-13 10:30:10,0.3422263109475621,0
1217,0459,1,2026-06-13 10:30:10,0.3422263109475621,0
1218,0459,1,2026-06-13 10:30:10,0.3422263109475621,0
1219,0459,1,2026-06-13 10:30:10,0.3422263109475621,0
1220,0465,1,2026-06-13 10:30:10,0.2217111315547378,0
1221,0542,1,2026-06-13 10:30:10,0.4363692118981907,0
1222,0917,1,2026-06-13 10:30:10,0.6721864458754984,0
1223,0940,1,2026-06-13 10:30:10,0.9429622815087396,0
1224,0094,1,2026-06-13 10:30:20,0.1536338546458142,0
1225,0280,1,2026-06-13 10:30:20,0.2217111315547378,0
1226,0280,1,2026-06-13 10:30:20,0.2217111315547378,0
1227,0459,1,2026-06-13 10:30:20,0.3422263109475621,0
1228,0459,1,2026-06-13 10:30:20,0.3422263109475621,0
1229,0459,1,2026-06-13 10:30:20,0.3422263109475621,0
1230,0459,1,2026-06-13 10:30:20,0.3422263109475621,0
1231,0459,1,2026-06-13 10:30:20,0.3422263109475621,0
1232,0459,1,2026-06-13 10:30:20,0.3422263109475621,0
1233,0465,1,2026-06-13 10:30:20,0.2217111315547378,0
1234,0542,1,2026-06-13 10:30:20,0.4363692118981907,0
1235,0917,1,2026-06-13 10:30:20,0.6721864458754984,1
1236,0940,1,2026-06-13 10:30:20,0.9429622815087396,0
1237,0094,1,2026-06-13 10:30:30,0.1536338546458142,0
1238,0280,1,2026-06-13 10:30:30,0.2217111315547378,0
1239,0280,1,2026-06-13 10:30:30,0.2217111315547378,0
1240,0280,1,2026-06-13 10:30:30,0.2217111315547378,0
1241,0280,1,2026-06-13 10:30:30,0.2217111315547378,0
1242,0280,1,2026-06-13 10:30:30,0.2217111315547378,0
1243,0280,1,2026-06-13 10:30:30,0.2217111315547378,0
1244,0459,1,2026-06-13 10:30:30,0.3422263109475621,0
1245,0459,1,2026-06-13 10:30:30,0.3422263109475621,0
1246,0459,1,2026-06-13 10:30:30,0.3422263109475621,0
1247,0459,1,2026-06-13 10:30:30,0.3422263109475621,0
1248,0459,1,2026-06-13 10:30:30,0.3422263109475621,0
1249,0459,1,2026-06-13 10:30:30,0.3422263109475621,0
1250,0465,1,2026-06-13 10:30:30,0.2217111315547378,0
1251,0542,1,2026-06-13 10:30:30,0.4363692118981907,0
1252,0561,1,2026-06-13 10:30:30,0.8613922109782275,0
1253,0917,1,2026-06-13 10:30:30,0.6721864458754984,0
1254,0940,1,2026-06-13 10:30:30,0.9429622815087396,0
1255,0094,1,2026-06-13 10:30:40,0.1536338546458142,0
1256,0280,1,2026-06-13 10:30:40,0.2217111315547378,0
1257,0280,1,2026-06-13 10:30:40,0.2217111315547378,0
1258,0280,1,2026-06-13 10:30:40,0.2217111315547378,0
1259,0280,1,2026-06-13 10:30:40,0.2217111315547378,0
1260,0280,1,2026-06-13 10:30:40,0.2217111315547378,0
1261,0280,1,2026-06-13 10:30:40,0.2217111315547378,1
1262,0459,1,2026-06-13 10:30:40,0.3422263109475621,0
1263,0459,1,2026-06-13 10:30:40,0.3422263109475621,0
1264,0459,1,2026-06-13 10:30:40,0.3422263109475621,0
1265,0459,1,2026-06-13 10:30:40,0.3422263109475621,0
1266,0459,1,2026-06-13 10:30:40,0.3422263109475621,0
1267,0459,1,2026-06-13 10:30:40,0.3422263109475621,0
1268,0465,1,2026-06-13 10:30:40,0.2217111315547378,0
1269,0542,1,2026-06-13 10:30:40,0.4363692118981907,0
1270,0561,1,2026-06-13 10:30:40,0.8613922109782275,0
1271,0917,1,2026-06-13 10:30:40,0.6721864458754984,0
1272,0940,1,2026-06-13 10:30:40,0.9429622815087396,0
1273,0094,1,2026-06-13 10:30:50,0.1536338546458142,0
1274,0280,1,2026-06-13 10:30:50,0.2217111315547378,0
1275,0280,1,2026-06-13 10:30:50,0.2217111315547378,0
1276,0280,1,2026-06-13 10:30:50,0.2217111315547378,0
1277,0280,1,2026-06-13 10:30:50,0.2217111315547378,0
1278,0280,1,2026-06-13 10:30:50,0.2217111315547378,0
1279,0280,1,2026-06-13 10:30:50,0.2217111315547378,0
1280,0459,1,2026-06-13 10:30:50,0.3422263109475621,0
1281,0459,1,2026-06-13 10:30:50,0.3422263109475621,0
1282,0459,1,2026-06-13 10:30:50,0.3422263109475621,0
1283,0459,1,2026-06-13 10:30:50,0.3422263109475621,0
1284,0459,1,2026-06-13 10:30:50,0.3422263109475621,0
1285,0465,1,2026-06-13 10:30:50,0.2217111315547378,0
1286,0542,1,2026-06-13 10:30:50,0.4363692118981907,1
1287,0561,1,2026-06-13 10:30:50,0.8613922109782275,0
1288,0917,1,2026-06-13 10:30:50,0.6721864458754984,0
1289,0940,1,2026-06-13 10:30:50,0.9429622815087396,0
1290,0094,1,2026-06-13 10:31:00,0.1536338546458142,0
1291,0280,1,2026-06-13 10:31:00,0.2217111315547378,0
1292,0280,1,2026-06-13 10:31:00,0.2217111315547378,0
1293,0280,1,2026-06-13 10:31:00,0.2217111315547378,0
1294,0280,1,2026-06-13 10:31:00,0.2217111315547378,0
1295,0280,1,2026-06-13 10:31:00,0.2217111315547378,0
1296,0280,1,2026-06-13 10:31:00,0.2217111315547378,0
1297,0459,1,2026-06-13 10:31:00,0.3422263109475621,0
1298,0459,1,2026-06-13 10:31:00,0.3422263109475621,0
1299,0459,1,2026-06-13 10:31:00,0.3422263109475621,0
1300,0459,1,2026-06-13 10:31:00,0.3422263109475621,0
1301,0459,1,2026-06-13 10:31:00,0.3422263109475621,0
1302,0465,1,2026-06-13 10:31:00,0.2217111315547378,0
1303,0542,1,2026-06-13 10:31:00,0.4363692118981907,0
1304,0561,1,2026-06-13 10:31:00,0.8613922109782275,0
1305,0917,1,2026-06-13 10:31:00,0.6721864458754984,0
1306,0940,1,2026-06-13 10:31:00,0.9429622815087396,0
1307,0094,1,2026-06-13 10:31:10,0.1536338546458142,0
1308,0280,1,2026-06-13 10:31:10,0.2217111315547378,0
1309,0280,1,2026-06-13 10:31:10,0.2217111315547378,0
1310,0280,1,2026-06-13 10:31:10,0.2217111315547378,0
1311,0280,1,2026-06-13 10:31:10,0.2217111315547378,0
1312,0280,1,2026-06-13 10:31:10,0.2217111315547378,1
1313,0280,1,2026-06-13 10:31:10,0.2217111315547378,0
1314,0459,1,2026-06-13 10:31:10,0.3422263109475621,0
1315,0459,1,2026-06-13 10:31:10,0.3422263109475621,0
1316,0459,1,2026-06-13 10:31:10,0.3422263109475621,0
1317,0459,1,2026-06-13 10:31:10,0.3422263109475621,0
1318,0459,1,2026-06-13 10:31:10,0.3422263109475621,0
1319,0459,1,2026-06-13 10:31:10,0.3422263109475621,0
1320,0465,1,2026-06-13 10:31:10,0.2217111315547378,0
1321,0542,1,2026-06-13 10:31:10,0.4363692118981907,0
1322,0561,1,2026-06-13 10:31:10,0.8613922109782275,0
1323,0917,1,2026-06-13 10:31:10,0.6721864458754984,0
1324,0940,1,2026-06-13 10:31:10,0.9429622815087396,0
1325,0280,1,2026-06-13 10:31:20,0.2217111315547378,0
1326,0280,1,2026-06-13 10:31:20,0.2217111315547378,0
1327,0280,1,2026-06-13 10:31:20,0.2217111315547378,0
1328,0280,1,2026-06-13 10:31:20,0.2217111315547378,0
1329,0280,1,2026-06-13 10:31:20,0.2217111315547378,0
1330,0280,1,2026-06-13 10:31:20,0.2217111315547378,0
1331,0459,1,2026-06-13 10:31:20,0.3422263109475621,0
1332,0459,1,2026-06-13 10:31:20,0.3422263109475621,0
1333,0459,1,2026-06-13 10:31:20,0.3422263109475621,0
1334,0459,1,2026-06-13 10:31:20,0.3422263109475621,0
1335,0459,1,2026-06-13 10:31:20,0.3422263109475621,0
1336,0542,1,2026-06-13 10:31:20,0.4363692118981907,0
1337,0561,1,2026-06-13 10:31:20,0.8613922109782275,1
1338,0940,1,2026-06-13 10:31:20,0.9429622815087396,0
1339,0139,1,2026-06-13 10:31:30,0.3422263109475621,0
1340,0280,1,2026-06-13 10:31:30,0.2217111315547378,0
1341,0280,1,2026-06-13 10:31:30,0.2217111315547378,0
1342,0280,1,2026-06-13 10:31:30,0.2217111315547378,0
1343,0280,1,2026-06-13 10:31:30,0.2217111315547378,0
1344,0459,1,2026-06-13 10:31:30,0.3422263109475621,0
1345,0459,1,2026-06-13 10:31:30,0.3422263109475621,0
1346,0459,1,2026-06-13 10:31:30,0.3422263109475621,0
1347,0459,1,2026-06-13 10:31:30,0.3422263109475621,0
1348,0542,1,2026-06-13 10:31:30,0.4363692118981907,0
1349,0561,1,2026-06-13 10:31:30,0.8613922109782275,0
1350,0940,1,2026-06-13 10:31:30,0.9429622815087396,0
1351,0139,1,2026-06-13 10:31:40,0.3422263109475621,0
1352,0280,1,2026-06-13 10:31:40,0.2217111315547378,0
1353,0280,1,2026-06-13 10:31:40,0.2217111315547378,0
1354,0280,1,2026-06-13 10:31:40,0.2217111315547378,0
1355,0280,1,2026-06-13 10:31:40,0.2217111315547378,0
1356,0459,1,2026-06-13 10:31:40,0.3422263109475621,0
1357,0459,1,2026-06-13 10:31:40,0.3422263109475621,0
1358,0459,1,2026-06-13 10:31:40,0.3422263109475621,0
1359,0542,1,2026-06-13 10:31:40,0.4363692118981907,0
1360,0561,1,2026-06-13 10:31:40,0.8613922109782275,0
1361,0940,1,2026-06-13 10:31:40,0.9429622815087396,0
1362,0139,1,2026-06-13 10:31:50,0.3422263109475621,0
1363,0280,1,2026-06-13 10:31:50,0.2217111315547378,0
1364,0280,1,2026-06-13 10:31:50,0.2217111315547378,0
1365,0280,1,2026-06-13 10:31:50,0.2217111315547378,0
1366,0561,1,2026-06-13 10:31:50,0.8613922109782275,0
1367,0940,1,2026-06-13 10:31:50,0.9429622815087396,0
1368,0139,1,2026-06-13 10:32:00,0.3422263109475621,0
1369,0561,1,2026-06-13 10:32:00,0.8613922109782275,0
1370,0139,1,2026-06-13 10:32:10,0.3422263109475621,0
1371,0561,1,2026-06-13 10:32:10,0.8613922109782275,0
1372,0139,1,2026-06-13 10:32:20,0.3422263109475621,0
1373,0561,1,2026-06-13 10:32:20,0.8613922109782275,0
1374,0139,1,2026-06-13 10:32:30,0.3422263109475621,1
1375,0139,1,2026-06-13 10:32:40,0.3422263109475621,0
1376,0371,1,2026-06-13 10:32:40,0.9429622815087396,0
1377,0139,1,2026-06-13 10:32:50,0.3422263109475621,0
1378,0371,1,2026-06-13 10:32:50,0.9429622815087396,0
1379,0864,1,2026-06-13 10:32:50,0.5338853112542165,1
1380,0139,1,2026-06-13 10:33:00,0.3422263109475621,0
1381,0371,1,2026-06-13 10:33:00,0.9429622815087396,0
1382,0864,1,2026-06-13 10:33:00,0.5338853112542165,0
1383,0139,1,2026-06-13 10:33:10,0.3422263109475621,0
1384,0371,1,2026-06-13 10:33:10,0.9429622815087396,0
1385,0692,1,2026-06-13 10:33:10,0.3422263109475621,1
1386,0692,1,2026-06-13 10:33:10,0.3422263109475621,0
1387,0692,1,2026-06-13 10:33:10,0.3422263109475621,0
1388,0864,1,2026-06-13 10:33:10,0.5338853112542165,0
1389,0371,1,2026-06-13 10:33:20,0.9429622815087396,0
1390,0415,1,2026-06-13 10:33:20,0.0981294081570070,0
1391,0692,1,2026-06-13 10:33:20,0.3422263109475621,0
1392,0692,1,2026-06-13 10:33:20,0.3422263109475621,0
1393,0692,1,2026-06-13 10:33:20,0.3422263109475621,0
1394,0692,1,2026-06-13 10:33:20,0.3422263109475621,0
1395,0864,1,2026-06-13 10:33:20,0.5338853112542165,0
1396,0371,1,2026-06-13 10:33:30,0.9429622815087396,0
1397,0415,1,2026-06-13 10:33:30,0.0981294081570070,1
1398,0562,1,2026-06-13 10:33:30,0.0981294081570070,0
1399,0692,1,2026-06-13 10:33:30,0.3422263109475621,0
1400,0692,1,2026-06-13 10:33:30,0.3422263109475621,0
1401,0692,1,2026-06-13 10:33:30,0.3422263109475621,0
1402,0864,1,2026-06-13 10:33:30,0.5338853112542165,0
1403,0371,1,2026-06-13 10:33:40,0.9429622815087396,0
1404,0388,1,2026-06-13 10:33:40,1.0000000000000000,0
1405,0415,1,2026-06-13 10:33:40,0.0981294081570070,0
1406,0562,1,2026-06-13 10:33:40,0.0981294081570070,0
1407,0692,1,2026-06-13 10:33:40,0.3422263109475621,0
1408,0692,1,2026-06-13 10:33:40,0.3422263109475621,0
1409,0692,1,2026-06-13 10:33:40,0.3422263109475621,0
1410,0864,1,2026-06-13 10:33:40,0.5338853112542165,0
1411,0371,1,2026-06-13 10:33:50,0.9429622815087396,0
1412,0388,1,2026-06-13 10:33:50,1.0000000000000000,1
1413,0415,1,2026-06-13 10:33:50,0.0981294081570070,0
1414,0562,1,2026-06-13 10:33:50,0.0981294081570070,0
1415,0692,1,2026-06-13 10:33:50,0.3422263109475621,0
1416,0692,1,2026-06-13 10:33:50,0.3422263109475621,0
1417,0864,1,2026-06-13 10:33:50,0.5338853112542165,0
1418,0371,1,2026-06-13 10:34:00,0.9429622815087396,0
1419,0388,1,2026-06-13 10:34:00,1.0000000000000000,1
1420,0415,1,2026-06-13 10:34:00,0.0981294081570070,0
1421,0562,1,2026-06-13 10:34:00,0.0981294081570070,0
1422,0692,1,2026-06-13 10:34:00,0.3422263109475621,0
1423,0692,1,2026-06-13 10:34:00,0.3422263109475621,0
1424,0864,1,2026-06-13 10:34:00,0.5338853112542165,0
1425,0371,1,2026-06-13 10:34:10,0.9429622815087396,0
1426,0388,1,2026-06-13 10:34:10,1.0000000000000000,0
1427,0415,1,2026-06-13 10:34:10,0.0981294081570070,0
1428,0533,1,2026-06-13 10:34:10,0.7200245323520392,1
1429,0562,1,2026-06-13 10:34:10,0.0981294081570070,0
1430,0692,1,2026-06-13 10:34:10,0.3422263109475621,0
1431,0692,1,2026-06-13 10:34:10,0.3422263109475621,0
1432,0864,1,2026-06-13 10:34:10,0.5338853112542165,0
1433,0371,1,2026-06-13 10:34:20,0.9429622815087396,0
1434,0388,1,2026-06-13 10:34:20,1.0000000000000000,0
1435,0415,1,2026-06-13 10:34:20,0.0981294081570070,0
1436,0533,1,2026-06-13 10:34:20,0.7200245323520392,0
1437,0562,1,2026-06-13 10:34:20,0.0981294081570070,0
1438,0692,1,2026-06-13 10:34:20,0.3422263109475621,0
1439,0692,1,2026-06-13 10:34:20,0.3422263109475621,0
1440,0846,1,2026-06-13 10:34:20,0.9429622815087396,0
1441,0863,1,2026-06-13 10:34:20,0.9429622815087396,0
1442,0864,1,2026-06-13 10:34:20,0.5338853112542165,0
1443,0388,1,2026-06-13 10:34:30,1.0000000000000000,0
1444,0415,1,2026-06-13 10:34:30,0.0981294081570070,0
1445,0533,1,2026-06-13 10:34:30,0.7200245323520392,0
1446,0562,1,2026-06-13 10:34:30,0.0981294081570070,0
1447,0692,1,2026-06-13 10:34:30,0.3422263109475621,0
1448,0692,1,2026-06-13 10:34:30,0.3422263109475621,0
1449,0846,1,2026-06-13 10:34:30,0.9429622815087396,0
1450,0863,1,2026-06-13 10:34:30,0.9429622815087396,0
1451,0864,1,2026-06-13 10:34:30,0.5338853112542165,0
1452,0388,1,2026-06-13 10:34:40,1.0000000000000000,0
1453,0415,1,2026-06-13 10:34:40,0.0981294081570070,0
1454,0533,1,2026-06-13 10:34:40,0.7200245323520392,0
1455,0562,1,2026-06-13 10:34:40,0.0981294081570070,0
1456,0692,1,2026-06-13 10:34:40,0.3422263109475621,0
1457,0846,1,2026-06-13 10:34:40,0.9429622815087396,1
1458,0863,1,2026-06-13 10:34:40,0.9429622815087396,0
1459,0864,1,2026-06-13 10:34:40,0.5338853112542165,0
1460,0993,1,2026-06-13 10:34:40,0.6721864458754984,0
1461,0388,1,2026-06-13 10:34:50,1.0000000000000000,0
1462,0415,1,2026-06-13 10:34:50,0.0981294081570070,0
1463,0533,1,2026-06-13 10:34:50,0.7200245323520392,0
1464,0562,1,2026-06-13 10:34:50,0.0981294081570070,0
1465,0692,1,2026-06-13 10:34:50,0.3422263109475621,0
1466,0692,1,2026-06-13 10:34:50,0.3422263109475621,0
1467,0692,1,2026-06-13 10:34:50,0.3422263109475621,0
1468,0846,1,2026-06-13 10:34:50,0.9429622815087396,0
1469,0863,1,2026-06-13 10:34:50,0.9429622815087396,0
1470,0993,1,2026-06-13 10:34:50,0.6721864458754984,0
1471,0388,1,2026-06-13 10:35:00,1.0000000000000000,0
1472,0533,1,2026-06-13 10:35:00,0.7200245323520392,0
1473,0692,1,2026-06-13 10:35:00,0.3422263109475621,0
1474,0692,1,2026-06-13 10:35:00,0.3422263109475621,0
1475,0692,1,2026-06-13 10:35:00,0.3422263109475621,0
1476,0846,1,2026-06-13 10:35:00,0.9429622815087396,0
1477,0863,1,2026-06-13 10:35:00,0.9429622815087396,0
1478,0993,1,2026-06-13 10:35:00,0.6721864458754984,0
1479,0388,1,2026-06-13 10:35:10,1.0000000000000000,0
1480,0533,1,2026-06-13 10:35:10,0.7200245323520392,0
1481,0846,1,2026-06-13 10:35:10,0.9429622815087396,0
1482,0863,1,2026-06-13 10:35:10,0.9429622815087396,0
1483,0993,1,2026-06-13 10:35:10,0.6721864458754984,0
1484,0533,1,2026-06-13 10:35:20,0.7200245323520392,0
1485,0846,1,2026-06-13 10:35:20,0.9429622815087396,0
1486,0863,1,2026-06-13 10:35:20,0.9429622815087396,0
1487,0993,1,2026-06-13 10:35:20,0.6721864458754984,0
1488,0533,1,2026-06-13 10:35:30,0.7200245323520392,0
1489,0603,1,2026-06-13 10:35:30,0.8613922109782275,0
1490,0846,1,2026-06-13 10:35:30,0.9429622815087396,0
1491,0863,1,2026-06-13 10:35:30,0.9429622815087396,0
1492,0993,1,2026-06-13 10:35:30,0.6721864458754984,0
1493,0533,1,2026-06-13 10:35:40,0.7200245323520392,0
1494,0603,1,2026-06-13 10:35:40,0.8613922109782275,0
1495,0846,1,2026-06-13 10:35:40,0.9429622815087396,0
1496,0863,1,2026-06-13 10:35:40,0.9429622815087396,1
1497,0993,1,2026-06-13 10:35:40,0.6721864458754984,0
1498,0533,1,2026-06-13 10:35:50,0.7200245323520392,0
1499,0603,1,2026-06-13 10:35:50,0.8613922109782275,0
1500,0846,1,2026-06-13 10:35:50,0.9429622815087396,0
1501,0863,1,2026-06-13 10:35:50,0.9429622815087396,1
1502,0993,1,2026-06-13 10:35:50,0.6721864458754984,0
1503,0603,1,2026-06-13 10:36:00,0.8613922109782275,0
1504,0863,1,2026-06-13 10:36:00,0.9429622815087396,0
1505,0993,1,2026-06-13 10:36:00,0.6721864458754984,0
1506,0996,1,2026-06-13 10:36:00,1.0000000000000000,0
1507,0520,1,2026-06-13 10:36:10,0.0981294081570070,0
1508,0603,1,2026-06-13 10:36:10,0.8613922109782275,0
1509,0863,1,2026-06-13 10:36:10,0.9429622815087396,0
1510,0996,1,2026-06-13 10:36:10,1.0000000000000000,0
1511,0520,1,2026-06-13 10:36:20,0.0981294081570070,0
1512,0603,1,2026-06-13 10:36:20,0.8613922109782275,0
1513,0996,1,2026-06-13 10:36:20,1.0000000000000000,0
1514,0520,1,2026-06-13 10:36:30,0.0981294081570070,0
1515,0603,1,2026-06-13 10:36:30,0.8613922109782275,0
1516,0996,1,2026-06-13 10:36:30,1.0000000000000000,0
1517,0520,1,2026-06-13 10:36:40,0.0981294081570070,0
1518,0603,1,2026-06-13 10:36:40,0.8613922109782275,0
1519,0996,1,2026-06-13 10:36:40,1.0000000000000000,0
1520,0520,1,2026-06-13 10:36:50,0.0981294081570070,0
1521,0603,1,2026-06-13 10:36:50,0.8613922109782275,0
1522,0996,1,2026-06-13 10:36:50,1.0000000000000000,0
1523,0520,1,2026-06-13 10:37:00,0.0981294081570070,0
1524,0603,1,2026-06-13 10:37:00,0.8613922109782275,0
1525,0996,1,2026-06-13 10:37:00,1.0000000000000000,0
1526,0520,1,2026-06-13 10:37:10,0.0981294081570070,0
1527,0996,1,2026-06-13 10:37:10,1.0000000000000000,0
1528,0520,1,2026-06-13 10:37:20,0.0981294081570070,0
1529,0996,1,2026-06-13 10:37:20,1.0000000000000000,0
1530,0520,1,2026-06-13 10:37:30,0.0981294081570070,0
1531,0996,1,2026-06-13 10:37:30,1.0000000000000000,0
1532,0520,1,2026-06-13 10:37:40,0.0981294081570070,0
1533,0996,1,2026-06-13 10:37:40,1.0000000000000000,1
1534,0520,1,2026-06-13 10:37:50,0.0981294081570070,0
1535,0520,1,2026-06-13 10:38:00,0.0981294081570070,1
1536,0568,1,2026-06-13 10:41:10,0.5338853112542165,1
1537,0568,1,2026-06-13 10:41:20,0.5338853112542165,0
1538,0780,1,2026-06-13 10:41:20,0.5338853112542165,1
1539,0568,1,2026-06-13 10:41:30,0.5338853112542165,0
1540,0780,1,2026-06-13 10:41:30,0.5338853112542165,1
1541,0103,1,2026-06-13 10:41:40,1.0000000000000000,1
1542,0568,1,2026-06-13 10:41:40,0.5338853112542165,0
1543,0780,1,2026-06-13 10:41:40,0.5338853112542165,0
1544,0854,1,2026-06-13 10:41:40,0.5338853112542165,0
1545,0103,1,2026-06-13 10:41:50,1.0000000000000000,0
1546,0568,1,2026-06-13 10:41:50,0.5338853112542165,0
1547,0780,1,2026-06-13 10:41:50,0.5338853112542165,0
1548,0854,1,2026-06-13 10:41:50,0.5338853112542165,1
1549,0103,1,2026-06-13 10:42:00,1.0000000000000000,0
1550,0464,1,2026-06-13 10:42:00,0.9429622815087396,0
1551,0568,1,2026-06-13 10:42:00,0.5338853112542165,0
1552,0780,1,2026-06-13 10:42:00,0.5338853112542165,0
1553,0854,1,2026-06-13 10:42:00,0.5338853112542165,0
1554,0103,1,2026-06-13 10:42:10,1.0000000000000000,1
1555,0103,1,2026-06-13 10:42:10,1.0000000000000000,0
1556,0464,1,2026-06-13 10:42:10,0.9429622815087396,0
1557,0568,1,2026-06-13 10:42:10,0.5338853112542165,0
1558,0854,1,2026-06-13 10:42:10,0.5338853112542165,0
1559,0103,1,2026-06-13 10:42:20,1.0000000000000000,0
1560,0464,1,2026-06-13 10:42:20,0.9429622815087396,0
1561,0854,1,2026-06-13 10:42:20,0.5338853112542165,0
1562,0103,1,2026-06-13 10:42:30,1.0000000000000000,0
1563,0464,1,2026-06-13 10:42:30,0.9429622815087396,0
1564,0854,1,2026-06-13 10:42:30,0.5338853112542165,0
1565,0103,1,2026-06-13 10:42:40,1.0000000000000000,0
1566,0464,1,2026-06-13 10:42:40,0.9429622815087396,0
1567,0854,1,2026-06-13 10:42:40,0.5338853112542165,0
1568,0464,1,2026-06-13 10:42:50,0.9429622815087396,0
1569,0854,1,2026-06-13 10:42:50,0.5338853112542165,0
1570,0464,1,2026-06-13 10:43:00,0.9429622815087396,0
1571,0464,1,2026-06-13 10:43:10,0.9429622815087396,0
1572,0464,1,2026-06-13 10:43:20,0.9429622815087396,0
1573,0464,1,2026-06-13 10:43:30,0.9429622815087396,1
1574,0464,1,2026-06-13 10:43:40,0.9429622815087396,1
1575,0147,1,2026-06-13 12:24:20,0.6721864458754984,0
1576,0822,1,2026-06-13 12:24:20,0.7200245323520392,0
1577,0147,1,2026-06-13 12:24:30,0.6721864458754984,0
1578,0822,1,2026-06-13 12:24:30,0.7200245323520392,0
1579,0147,1,2026-06-13 12:24:40,0.6721864458754984,0
1580,0434,1,2026-06-13 12:24:40,1.0000000000000000,0
1581,0822,1,2026-06-13 12:24:40,0.7200245323520392,0
1582,0147,1,2026-06-13 12:24:50,0.6721864458754984,0
1583,0434,1,2026-06-13 12:24:50,1.0000000000000000,0
1584,0587,1,2026-06-13 12:24:50,0.4363692118981907,0
1585,0822,1,2026-06-13 12:24:50,0.7200245323520392,0
1586,0822,1,2026-06-13 12:24:50,0.7200245323520392,0
1587,0147,1,2026-06-13 12:25:00,0.6721864458754984,0
1588,0434,1,2026-06-13 12:25:00,1.0000000000000000,0
1589,0587,1,2026-06-13 12:25:00,0.4363692118981907,0
1590,0822,1,2026-06-13 12:25:00,0.7200245323520392,0
1591,0822,1,2026-06-13 12:25:00,0.7200245323520392,1
1592,0147,1,2026-06-13 12:25:10,0.6721864458754984,0
1593,0434,1,2026-06-13 12:25:10,1.0000000000000000,0
1594,0434,1,2026-06-13 12:25:10,1.0000000000000000,0
1595,0587,1,2026-06-13 12:25:10,0.4363692118981907,0
1596,0822,1,2026-06-13 12:25:10,0.7200245323520392,0
1597,0822,1,2026-06-13 12:25:10,0.7200245323520392,0
1598,0147,1,2026-06-13 12:25:20,0.6721864458754984,0
1599,0434,1,2026-06-13 12:25:20,1.0000000000000000,0
1600,0434,1,2026-06-13 12:25:20,1.0000000000000000,0
1601,0587,1,2026-06-13 12:25:20,0.4363692118981907,0
1602,0822,1,2026-06-13 12:25:20,0.7200245323520392,0
1603,0147,1,2026-06-13 12:25:30,0.6721864458754984,0
1604,0434,1,2026-06-13 12:25:30,1.0000000000000000,0
1605,0434,1,2026-06-13 12:25:30,1.0000000000000000,0
1606,0587,1,2026-06-13 12:25:30,0.4363692118981907,0
1607,0822,1,2026-06-13 12:25:30,0.7200245323520392,1
1608,0147,1,2026-06-13 12:25:40,0.6721864458754984,0
1609,0434,1,2026-06-13 12:25:40,1.0000000000000000,0
1610,0587,1,2026-06-13 12:25:40,0.4363692118981907,0
1611,0822,1,2026-06-13 12:25:40,0.7200245323520392,0
1612,0147,1,2026-06-13 12:25:50,0.6721864458754984,0
1613,0434,1,2026-06-13 12:25:50,1.0000000000000000,0
1614,0587,1,2026-06-13 12:25:50,0.4363692118981907,0
1615,0147,1,2026-06-13 12:26:00,0.6721864458754984,0
1616,0434,1,2026-06-13 12:26:00,1.0000000000000000,0
1617,0587,1,2026-06-13 12:26:00,0.4363692118981907,0
1618,0147,1,2026-06-13 12:26:10,0.6721864458754984,0
1619,0587,1,2026-06-13 12:26:10,0.4363692118981907,0
1620,0587,1,2026-06-13 12:26:20,0.4363692118981907,0
1621,0587,1,2026-06-13 12:26:30,0.4363692118981907,1
1622,0055,1,2026-06-13 12:28:00,0.7200245323520392,0
1623,0055,1,2026-06-13 12:28:10,0.7200245323520392,0
1624,0055,1,2026-06-13 12:28:20,0.7200245323520392,0
1625,0055,1,2026-06-13 12:28:30,0.7200245323520392,0
1626,0055,1,2026-06-13 12:28:40,0.7200245323520392,0
1627,0055,1,2026-06-13 12:28:50,0.7200245323520392,0
1628,0116,1,2026-06-13 12:28:50,0.2217111315547378,0
1629,0020,1,2026-06-13 12:29:00,0.4363692118981907,0
1630,0055,1,2026-06-13 12:29:00,0.7200245323520392,0
1631,0116,1,2026-06-13 12:29:00,0.2217111315547378,0
1632,0020,1,2026-06-13 12:29:10,0.4363692118981907,1
1633,0055,1,2026-06-13 12:29:10,0.7200245323520392,0
1634,0116,1,2026-06-13 12:29:10,0.2217111315547378,0
1635,0020,1,2026-06-13 12:29:20,0.4363692118981907,0
1636,0055,1,2026-06-13 12:29:20,0.7200245323520392,0
1637,0116,1,2026-06-13 12:29:20,0.2217111315547378,0
1638,0020,1,2026-06-13 12:29:30,0.4363692118981907,0
1639,0020,1,2026-06-13 12:29:30,0.4363692118981907,0
1640,0055,1,2026-06-13 12:29:30,0.7200245323520392,0
1641,0116,1,2026-06-13 12:29:30,0.2217111315547378,0
1642,0014,1,2026-06-13 12:29:40,0.5338853112542165,0
1643,0020,1,2026-06-13 12:29:40,0.4363692118981907,1
1644,0020,1,2026-06-13 12:29:40,0.4363692118981907,0
1645,0055,1,2026-06-13 12:29:40,0.7200245323520392,0
1646,0063,1,2026-06-13 12:29:40,0.8003679852805887,0
1647,0116,1,2026-06-13 12:29:40,0.2217111315547378,0
1648,0555,1,2026-06-13 12:29:40,0.0981294081570070,0
1649,0953,1,2026-06-13 12:29:40,0.8003679852805887,0
1650,0014,1,2026-06-13 12:29:50,0.5338853112542165,0
1651,0020,1,2026-06-13 12:29:50,0.4363692118981907,0
1652,0020,1,2026-06-13 12:29:50,0.4363692118981907,0
1653,0055,1,2026-06-13 12:29:50,0.7200245323520392,0
1654,0063,1,2026-06-13 12:29:50,0.8003679852805887,0
1655,0116,1,2026-06-13 12:29:50,0.2217111315547378,0
1656,0555,1,2026-06-13 12:29:50,0.0981294081570070,0
1657,0691,1,2026-06-13 12:29:50,0.4363692118981907,0
1658,0953,1,2026-06-13 12:29:50,0.8003679852805887,0
1659,0014,1,2026-06-13 12:30:00,0.5338853112542165,0
1660,0020,1,2026-06-13 12:30:00,0.4363692118981907,0
1661,0020,1,2026-06-13 12:30:00,0.4363692118981907,0
1662,0063,1,2026-06-13 12:30:00,0.8003679852805887,0
1663,0077,1,2026-06-13 12:30:00,0.5338853112542165,0
1664,0116,1,2026-06-13 12:30:00,0.2217111315547378,0
1665,0276,1,2026-06-13 12:30:00,0.9429622815087396,1
1666,0555,1,2026-06-13 12:30:00,0.0981294081570070,0
1667,0691,1,2026-06-13 12:30:00,0.4363692118981907,0
1668,0953,1,2026-06-13 12:30:00,0.8003679852805887,0
1669,0014,1,2026-06-13 12:30:10,0.5338853112542165,0
1670,0020,1,2026-06-13 12:30:10,0.4363692118981907,0
1671,0020,1,2026-06-13 12:30:10,0.4363692118981907,0
1672,0063,1,2026-06-13 12:30:10,0.8003679852805887,0
1673,0063,1,2026-06-13 12:30:10,0.8003679852805887,0
1674,0077,1,2026-06-13 12:30:10,0.5338853112542165,0
1675,0116,1,2026-06-13 12:30:10,0.2217111315547378,0
1676,0276,1,2026-06-13 12:30:10,0.9429622815087396,0
1677,0555,1,2026-06-13 12:30:10,0.0981294081570070,0
1678,0691,1,2026-06-13 12:30:10,0.4363692118981907,0
1679,0834,1,2026-06-13 12:30:10,0.4363692118981907,0
1680,0953,1,2026-06-13 12:30:10,0.8003679852805887,0
1681,0014,1,2026-06-13 12:30:20,0.5338853112542165,0
1682,0020,1,2026-06-13 12:30:20,0.4363692118981907,0
1683,0020,1,2026-06-13 12:30:20,0.4363692118981907,0
1684,0063,1,2026-06-13 12:30:20,0.8003679852805887,0
1685,0063,1,2026-06-13 12:30:20,0.8003679852805887,0
1686,0077,1,2026-06-13 12:30:20,0.5338853112542165,0
1687,0116,1,2026-06-13 12:30:20,0.2217111315547378,0
1688,0131,1,2026-06-13 12:30:20,0.5338853112542165,0
1689,0276,1,2026-06-13 12:30:20,0.9429622815087396,0
1690,0555,1,2026-06-13 12:30:20,0.0981294081570070,0
1691,0691,1,2026-06-13 12:30:20,0.4363692118981907,0
1692,0834,1,2026-06-13 12:30:20,0.4363692118981907,0
1693,0953,1,2026-06-13 12:30:20,0.8003679852805887,0
1694,0014,1,2026-06-13 12:30:30,0.5338853112542165,0
1695,0020,1,2026-06-13 12:30:30,0.4363692118981907,0
1696,0063,1,2026-06-13 12:30:30,0.8003679852805887,0
1697,0063,1,2026-06-13 12:30:30,0.8003679852805887,0
1698,0077,1,2026-06-13 12:30:30,0.5338853112542165,0
1699,0116,1,2026-06-13 12:30:30,0.2217111315547378,0
1700,0131,1,2026-06-13 12:30:30,0.5338853112542165,0
1701,0276,1,2026-06-13 12:30:30,0.9429622815087396,0
1702,0555,1,2026-06-13 12:30:30,0.0981294081570070,0
1703,0691,1,2026-06-13 12:30:30,0.4363692118981907,0
1704,0834,1,2026-06-13 12:30:30,0.4363692118981907,0
1705,0953,1,2026-06-13 12:30:30,0.8003679852805887,0
1706,0014,1,2026-06-13 12:30:40,0.5338853112542165,0
1707,0020,1,2026-06-13 12:30:40,0.4363692118981907,0
1708,0063,1,2026-06-13 12:30:40,0.8003679852805887,0
1709,0063,1,2026-06-13 12:30:40,0.8003679852805887,0
1710,0077,1,2026-06-13 12:30:40,0.5338853112542165,0
1711,0131,1,2026-06-13 12:30:40,0.5338853112542165,0
1712,0276,1,2026-06-13 12:30:40,0.9429622815087396,0
1713,0555,1,2026-06-13 12:30:40,0.0981294081570070,0
1714,0691,1,2026-06-13 12:30:40,0.4363692118981907,0
1715,0834,1,2026-06-13 12:30:40,0.4363692118981907,0
1716,0953,1,2026-06-13 12:30:40,0.8003679852805887,0
1717,0014,1,2026-06-13 12:30:50,0.5338853112542165,0
1718,0020,1,2026-06-13 12:30:50,0.4363692118981907,0
1719,0063,1,2026-06-13 12:30:50,0.8003679852805887,0
1720,0063,1,2026-06-13 12:30:50,0.8003679852805887,0
1721,0077,1,2026-06-13 12:30:50,0.5338853112542165,0
1722,0131,1,2026-06-13 12:30:50,0.5338853112542165,0
1723,0276,1,2026-06-13 12:30:50,0.9429622815087396,0
1724,0555,1,2026-06-13 12:30:50,0.0981294081570070,0
1725,0691,1,2026-06-13 12:30:50,0.4363692118981907,0
1726,0834,1,2026-06-13 12:30:50,0.4363692118981907,0
1727,0953,1,2026-06-13 12:30:50,0.8003679852805887,0
1728,0014,1,2026-06-13 12:31:00,0.5338853112542165,0
1729,0063,1,2026-06-13 12:31:00,0.8003679852805887,0
1730,0063,1,2026-06-13 12:31:00,0.8003679852805887,0
1731,0077,1,2026-06-13 12:31:00,0.5338853112542165,0
1732,0131,1,2026-06-13 12:31:00,0.5338853112542165,0
1733,0276,1,2026-06-13 12:31:00,0.9429622815087396,0
1734,0555,1,2026-06-13 12:31:00,0.0981294081570070,0
1735,0691,1,2026-06-13 12:31:00,0.4363692118981907,0
1736,0834,1,2026-06-13 12:31:00,0.4363692118981907,0
1737,0014,1,2026-06-13 12:31:10,0.5338853112542165,0
1738,0063,1,2026-06-13 12:31:10,0.8003679852805887,0
1739,0131,1,2026-06-13 12:31:10,0.5338853112542165,0
1740,0276,1,2026-06-13 12:31:10,0.9429622815087396,0
1741,0555,1,2026-06-13 12:31:10,0.0981294081570070,0
1742,0834,1,2026-06-13 12:31:10,0.4363692118981907,0
1743,0014,1,2026-06-13 12:31:20,0.5338853112542165,0
1744,0063,1,2026-06-13 12:31:20,0.8003679852805887,0
1745,0131,1,2026-06-13 12:31:20,0.5338853112542165,0
1746,0276,1,2026-06-13 12:31:20,0.9429622815087396,0
1747,0834,1,2026-06-13 12:31:20,0.4363692118981907,1
1748,0063,1,2026-06-13 12:31:30,0.8003679852805887,0
1749,0834,1,2026-06-13 12:31:30,0.4363692118981907,0
1750,0622,1,2026-06-13 12:31:40,0.2217111315547378,0
1751,0834,1,2026-06-13 12:31:40,0.4363692118981907,0
1752,0622,1,2026-06-13 12:31:50,0.2217111315547378,0
1753,0834,1,2026-06-13 12:31:50,0.4363692118981907,0
1754,0622,1,2026-06-13 12:32:00,0.2217111315547378,0
1755,0834,1,2026-06-13 12:32:00,0.4363692118981907,0
1756,0622,1,2026-06-13 12:32:10,0.2217111315547378,1
1757,0622,1,2026-06-13 12:32:20,0.2217111315547378,0
1758,0376,1,2026-06-13 12:32:30,0.7200245323520392,1
1759,0622,1,2026-06-13 12:32:30,0.2217111315547378,0
1760,0376,1,2026-06-13 12:32:40,0.7200245323520392,0
1761,0622,1,2026-06-13 12:32:40,0.2217111315547378,0
1762,0376,1,2026-06-13 12:32:50,0.7200245323520392,0
1763,0376,1,2026-06-13 12:33:00,0.7200245323520392,1
1764,0376,1,2026-06-13 12:33:10,0.7200245323520392,0
1765,0979,1,2026-06-13 12:33:10,0.0981294081570070,0
1766,0376,1,2026-06-13 12:33:20,0.7200245323520392,0
1767,0979,1,2026-06-13 12:33:20,0.0981294081570070,0
1768,0979,1,2026-06-13 12:33:30,0.0981294081570070,0
1769,0979,1,2026-06-13 12:33:40,0.0981294081570070,1
1770,0322,1,2026-06-13 13:59:20,0.3422263109475621,0
1771,0322,1,2026-06-13 13:59:30,0.3422263109475621,0
1772,0322,1,2026-06-13 13:59:40,0.3422263109475621,0
1773,0322,1,2026-06-13 13:59:50,0.3422263109475621,0
1774,0322,1,2026-06-13 14:00:00,0.3422263109475621,0
1775,0322,1,2026-06-13 14:00:10,0.3422263109475621,1
1776,0322,1,2026-06-13 14:00:20,0.3422263109475621,0
1777,0322,1,2026-06-13 14:00:30,0.3422263109475621,0
1778,0322,1,2026-06-13 14:00:40,0.3422263109475621,0
1779,0322,1,2026-06-13 14:00:50,0.3422263109475621,0
1780,0322,1,2026-06-13 14:01:00,0.3422263109475621,0
1781,0322,1,2026-06-13 14:01:10,0.3422263109475621,0
1782,0608,1,2026-06-13 14:06:50,0.0981294081570070,0
1783,0283,1,2026-06-13 14:07:00,0.6041091689665746,0
1784,0608,1,2026-06-13 14:07:00,0.0981294081570070,0
1785,0283,1,2026-06-13 14:07:10,0.6041091689665746,0
1786,0608,1,2026-06-13 14:07:10,0.0981294081570070,0
1787,0283,1,2026-06-13 14:07:20,0.6041091689665746,0
1788,0608,1,2026-06-13 14:07:20,0.0981294081570070,0
1789,0283,1,2026-06-13 14:07:30,0.6041091689665746,0
1790,0608,1,2026-06-13 14:07:30,0.0981294081570070,0
1791,0283,1,2026-06-13 14:07:40,0.6041091689665746,0
1792,0608,1,2026-06-13 14:07:40,0.0981294081570070,0
1793,0283,1,2026-06-13 14:07:50,0.6041091689665746,0
1794,0608,1,2026-06-13 14:07:50,0.0981294081570070,0
1795,0283,1,2026-06-13 14:08:00,0.6041091689665746,0
1796,0608,1,2026-06-13 14:08:00,0.0981294081570070,0
1797,0283,1,2026-06-13 14:08:10,0.6041091689665746,0
1798,0283,1,2026-06-13 14:08:20,0.6041091689665746,0
1799,0304,1,2026-06-13 14:11:10,0.6721864458754984,0
1800,0304,1,2026-06-13 14:11:20,0.6721864458754984,0
1801,0304,1,2026-06-13 14:11:30,0.6721864458754984,0
1802,0677,1,2026-06-13 14:11:30,0.4363692118981907,0
1803,0304,1,2026-06-13 14:11:40,0.6721864458754984,0
1804,0677,1,2026-06-13 14:11:40,0.4363692118981907,0
1805,0304,1,2026-06-13 14:11:50,0.6721864458754984,0
1806,0381,1,2026-06-13 14:11:50,0.5338853112542165,0
1807,0677,1,2026-06-13 14:11:50,0.4363692118981907,1
1808,0304,1,2026-06-13 14:12:00,0.6721864458754984,0
1809,0381,1,2026-06-13 14:12:00,0.5338853112542165,0
1810,0677,1,2026-06-13 14:12:00,0.4363692118981907,0
1811,0304,1,2026-06-13 14:12:10,0.6721864458754984,0
1812,0381,1,2026-06-13 14:12:10,0.5338853112542165,0
1813,0677,1,2026-06-13 14:12:10,0.4363692118981907,1
1814,0304,1,2026-06-13 14:12:20,0.6721864458754984,0
1815,0381,1,2026-06-13 14:12:20,0.5338853112542165,0
1816,0304,1,2026-06-13 14:12:30,0.6721864458754984,0
1817,0381,1,2026-06-13 14:12:30,0.5338853112542165,0
1818,0304,1,2026-06-13 14:12:40,0.6721864458754984,0
1819,0381,1,2026-06-13 14:12:40,0.5338853112542165,0
1820,0304,1,2026-06-13 14:12:50,0.6721864458754984,0
1821,0381,1,2026-06-13 14:12:50,0.5338853112542165,0
1822,0381,1,2026-06-13 14:13:00,0.5338853112542165,0
1823,0381,1,2026-06-13 14:13:10,0.5338853112542165,0
1824,0381,1,2026-06-13 14:13:20,0.5338853112542165,0
1825,0381,1,2026-06-13 14:13:30,0.5338853112542165,0
1826,0469,1,2026-06-13 15:07:10,0.6041091689665746,0
1827,0469,1,2026-06-13 15:07:20,0.6041091689665746,0
1828,0469,1,2026-06-13 15:07:30,0.6041091689665746,0
1829,0469,1,2026-06-13 15:07:40,0.6041091689665746,0
1830,0469,1,2026-06-13 15:07:50,0.6041091689665746,0
1831,0469,1,2026-06-13 15:08:00,0.6041091689665746,0
1832,0469,1,2026-06-13 15:08:10,0.6041091689665746,0
1833,0469,1,2026-06-13 15:08:20,0.6041091689665746,0
1834,0469,1,2026-06-13 15:08:30,0.6041091689665746,0
1835,0469,1,2026-06-13 15:08:40,0.6041091689665746,0
1836,0469,1,2026-06-13 15:08:50,0.6041091689665746,0
1837,0469,1,2026-06-13 15:09:00,0.6041091689665746,0
1838,0580,1,2026-06-13 15:28:20,0.6041091689665746,0
1839,0580,1,2026-06-13 15:28:20,0.6041091689665746,0
1840,0580,1,2026-06-13 15:28:20,0.6041091689665746,0
1841,0580,1,2026-06-13 15:28:20,0.6041091689665746,0
1842,0580,1,2026-06-13 15:28:20,0.6041091689665746,0
1843,0580,1,2026-06-13 15:28:30,0.6041091689665746,0
1844,0580,1,2026-06-13 15:28:30,0.6041091689665746,0
1845,0580,1,2026-06-13 15:28:30,0.6041091689665746,0
1846,0580,1,2026-06-13 15:28:30,0.6041091689665746,0
1847,0580,1,2026-06-13 15:28:30,0.6041091689665746,0
1848,0962,1,2026-06-13 15:28:30,0.5338853112542165,0
1849,0203,1,2026-06-13 15:28:40,0.4363692118981907,0
1850,0580,1,2026-06-13 15:28:40,0.6041091689665746,0
1851,0580,1,2026-06-13 15:28:40,0.6041091689665746,0
1852,0580,1,2026-06-13 15:28:40,0.6041091689665746,0
1853,0580,1,2026-06-13 15:28:40,0.6041091689665746,0
1854,0580,1,2026-06-13 15:28:40,0.6041091689665746,0
1855,0962,1,2026-06-13 15:28:40,0.5338853112542165,0
1856,0203,1,2026-06-13 15:28:50,0.4363692118981907,0
1857,0580,1,2026-06-13 15:28:50,0.6041091689665746,0
1858,0580,1,2026-06-13 15:28:50,0.6041091689665746,0
1859,0580,1,2026-06-13 15:28:50,0.6041091689665746,0
1860,0580,1,2026-06-13 15:28:50,0.6041091689665746,0
1861,0580,1,2026-06-13 15:28:50,0.6041091689665746,0
1862,0962,1,2026-06-13 15:28:50,0.5338853112542165,0
1863,0203,1,2026-06-13 15:29:00,0.4363692118981907,0
1864,0580,1,2026-06-13 15:29:00,0.6041091689665746,0
1865,0580,1,2026-06-13 15:29:00,0.6041091689665746,0
1866,0580,1,2026-06-13 15:29:00,0.6041091689665746,0
1867,0580,1,2026-06-13 15:29:00,0.6041091689665746,0
1868,0580,1,2026-06-13 15:29:00,0.6041091689665746,0
1869,0962,1,2026-06-13 15:29:00,0.5338853112542165,0
1870,0203,1,2026-06-13 15:29:10,0.4363692118981907,0
1871,0580,1,2026-06-13 15:29:10,0.6041091689665746,0
1872,0580,1,2026-06-13 15:29:10,0.6041091689665746,0
1873,0580,1,2026-06-13 15:29:10,0.6041091689665746,0
1874,0580,1,2026-06-13 15:29:10,0.6041091689665746,0
1875,0580,1,2026-06-13 15:29:10,0.6041091689665746,0
1876,0962,1,2026-06-13 15:29:10,0.5338853112542165,0
1877,0203,1,2026-06-13 15:29:20,0.4363692118981907,0
1878,0355,1,2026-06-13 15:29:20,0.7200245323520392,0
1879,0962,1,2026-06-13 15:29:20,0.5338853112542165,0
1880,0203,1,2026-06-13 15:29:30,0.4363692118981907,0
1881,0355,1,2026-06-13 15:29:30,0.7200245323520392,0
1882,0392,1,2026-06-13 15:29:30,0.4363692118981907,0
1883,0710,1,2026-06-13 15:29:30,0.0981294081570070,0
1884,0710,1,2026-06-13 15:29:30,0.0981294081570070,0
1885,0710,1,2026-06-13 15:29:30,0.0981294081570070,0
1886,0710,1,2026-06-13 15:29:30,0.0981294081570070,0
1887,0710,1,2026-06-13 15:29:30,0.0981294081570070,0
1888,0962,1,2026-06-13 15:29:30,0.5338853112542165,0
1889,0203,1,2026-06-13 15:29:40,0.4363692118981907,0
1890,0355,1,2026-06-13 15:29:40,0.7200245323520392,0
1891,0392,1,2026-06-13 15:29:40,0.4363692118981907,0
1892,0710,1,2026-06-13 15:29:40,0.0981294081570070,0
1893,0710,1,2026-06-13 15:29:40,0.0981294081570070,0
1894,0710,1,2026-06-13 15:29:40,0.0981294081570070,0
1895,0710,1,2026-06-13 15:29:40,0.0981294081570070,0
1896,0710,1,2026-06-13 15:29:40,0.0981294081570070,0
1897,0962,1,2026-06-13 15:29:40,0.5338853112542165,0
1898,0203,1,2026-06-13 15:29:50,0.4363692118981907,0
1899,0355,1,2026-06-13 15:29:50,0.7200245323520392,1
1900,0392,1,2026-06-13 15:29:50,0.4363692118981907,0
1901,0710,1,2026-06-13 15:29:50,0.0981294081570070,0
1902,0710,1,2026-06-13 15:29:50,0.0981294081570070,0
1903,0710,1,2026-06-13 15:29:50,0.0981294081570070,0
1904,0710,1,2026-06-13 15:29:50,0.0981294081570070,0
1905,0962,1,2026-06-13 15:29:50,0.5338853112542165,0
1906,0203,1,2026-06-13 15:30:00,0.4363692118981907,0
1907,0355,1,2026-06-13 15:30:00,0.7200245323520392,0
1908,0392,1,2026-06-13 15:30:00,0.4363692118981907,0
1909,0710,1,2026-06-13 15:30:00,0.0981294081570070,0
1910,0710,1,2026-06-13 15:30:00,0.0981294081570070,0
1911,0710,1,2026-06-13 15:30:00,0.0981294081570070,0
1912,0710,1,2026-06-13 15:30:00,0.0981294081570070,0
1913,0912,1,2026-06-13 15:30:00,0.8003679852805887,1
1914,0962,1,2026-06-13 15:30:00,0.5338853112542165,0
1915,0203,1,2026-06-13 15:30:10,0.4363692118981907,0
1916,0355,1,2026-06-13 15:30:10,0.7200245323520392,0
1917,0392,1,2026-06-13 15:30:10,0.4363692118981907,0
1918,0710,1,2026-06-13 15:30:10,0.0981294081570070,0
1919,0710,1,2026-06-13 15:30:10,0.0981294081570070,0
1920,0710,1,2026-06-13 15:30:10,0.0981294081570070,0
1921,0710,1,2026-06-13 15:30:10,0.0981294081570070,0
1922,0912,1,2026-06-13 15:30:10,0.8003679852805887,1
1923,0962,1,2026-06-13 15:30:10,0.5338853112542165,0
1924,0203,1,2026-06-13 15:30:20,0.4363692118981907,0
1925,0355,1,2026-06-13 15:30:20,0.7200245323520392,0
1926,0392,1,2026-06-13 15:30:20,0.4363692118981907,0
1927,0710,1,2026-06-13 15:30:20,0.0981294081570070,0
1928,0710,1,2026-06-13 15:30:20,0.0981294081570070,0
1929,0710,1,2026-06-13 15:30:20,0.0981294081570070,0
1930,0912,1,2026-06-13 15:30:20,0.8003679852805887,0
1931,0962,1,2026-06-13 15:30:20,0.5338853112542165,0
1932,0203,1,2026-06-13 15:30:30,0.4363692118981907,0
1933,0355,1,2026-06-13 15:30:30,0.7200245323520392,0
1934,0392,1,2026-06-13 15:30:30,0.4363692118981907,0
1935,0710,1,2026-06-13 15:30:30,0.0981294081570070,0
1936,0710,1,2026-06-13 15:30:30,0.0981294081570070,0
1937,0710,1,2026-06-13 15:30:30,0.0981294081570070,0
1938,0912,1,2026-06-13 15:30:30,0.8003679852805887,0
1939,0243,1,2026-06-13 15:30:40,0.8613922109782275,1
1940,0355,1,2026-06-13 15:30:40,0.7200245323520392,0
1941,0392,1,2026-06-13 15:30:40,0.4363692118981907,0
1942,0710,1,2026-06-13 15:30:40,0.0981294081570070,0
1943,0710,1,2026-06-13 15:30:40,0.0981294081570070,0
1944,0710,1,2026-06-13 15:30:40,0.0981294081570070,0
1945,0912,1,2026-06-13 15:30:40,0.8003679852805887,0
1946,0243,1,2026-06-13 15:30:50,0.8613922109782275,1
1947,0340,1,2026-06-13 15:30:50,1.0000000000000000,0
1948,0355,1,2026-06-13 15:30:50,0.7200245323520392,0
1949,0560,1,2026-06-13 15:30:50,0.8613922109782275,0
1950,0763,1,2026-06-13 15:30:50,0.8003679852805887,0
1951,0912,1,2026-06-13 15:30:50,0.8003679852805887,0
1952,0930,1,2026-06-13 15:30:50,0.6041091689665746,0
1953,0243,1,2026-06-13 15:31:00,0.8613922109782275,0
1954,0340,1,2026-06-13 15:31:00,1.0000000000000000,0
1955,0355,1,2026-06-13 15:31:00,0.7200245323520392,0
1956,0560,1,2026-06-13 15:31:00,0.8613922109782275,0
1957,0763,1,2026-06-13 15:31:00,0.8003679852805887,0
1958,0806,1,2026-06-13 15:31:00,0.9429622815087396,0
1959,0912,1,2026-06-13 15:31:00,0.8003679852805887,0
1960,0930,1,2026-06-13 15:31:00,0.6041091689665746,0
1961,0243,1,2026-06-13 15:31:10,0.8613922109782275,0
1962,0340,1,2026-06-13 15:31:10,1.0000000000000000,0
1963,0560,1,2026-06-13 15:31:10,0.8613922109782275,0
1964,0763,1,2026-06-13 15:31:10,0.8003679852805887,0
1965,0806,1,2026-06-13 15:31:10,0.9429622815087396,0
1966,0912,1,2026-06-13 15:31:10,0.8003679852805887,0
1967,0930,1,2026-06-13 15:31:10,0.6041091689665746,0
1968,0243,1,2026-06-13 15:31:20,0.8613922109782275,0
1969,0806,1,2026-06-13 15:31:20,0.9429622815087396,0
1970,0912,1,2026-06-13 15:31:20,0.8003679852805887,0
1971,0930,1,2026-06-13 15:31:20,0.6041091689665746,0
1972,0243,1,2026-06-13 15:31:30,0.8613922109782275,0
1973,0305,1,2026-06-13 15:31:30,0.5338853112542165,0
1974,0733,1,2026-06-13 15:31:30,0.6721864458754984,0
1975,0806,1,2026-06-13 15:31:30,0.9429622815087396,0
1976,0930,1,2026-06-13 15:31:30,0.6041091689665746,0
1977,0243,1,2026-06-13 15:31:40,0.8613922109782275,0
1978,0305,1,2026-06-13 15:31:40,0.5338853112542165,0
1979,0733,1,2026-06-13 15:31:40,0.6721864458754984,0
1980,0806,1,2026-06-13 15:31:40,0.9429622815087396,0
1981,0930,1,2026-06-13 15:31:40,0.6041091689665746,1
1982,0243,1,2026-06-13 15:31:50,0.8613922109782275,0
1983,0305,1,2026-06-13 15:31:50,0.5338853112542165,0
1984,0733,1,2026-06-13 15:31:50,0.6721864458754984,0
1985,0806,1,2026-06-13 15:31:50,0.9429622815087396,0
1986,0930,1,2026-06-13 15:31:50,0.6041091689665746,0
1987,0243,1,2026-06-13 15:32:00,0.8613922109782275,0
1988,0305,1,2026-06-13 15:32:00,0.5338853112542165,0
1989,0733,1,2026-06-13 15:32:00,0.6721864458754984,0
1990,0806,1,2026-06-13 15:32:00,0.9429622815087396,0
1991,0930,1,2026-06-13 15:32:00,0.6041091689665746,0
1992,0243,1,2026-06-13 15:32:10,0.8613922109782275,0
1993,0305,1,2026-06-13 15:32:10,0.5338853112542165,0
1994,0733,1,2026-06-13 15:32:10,0.6721864458754984,0
1995,0806,1,2026-06-13 15:32:10,0.9429622815087396,0
1996,0930,1,2026-06-13 15:32:10,0.6041091689665746,0
1997,0305,1,2026-06-13 15:32:20,0.5338853112542165,0
1998,0545,1,2026-06-13 15:32:20,0.9429622815087396,0
1999,0733,1,2026-06-13 15:32:20,0.6721864458754984,0
2000,0806,1,2026-06-13 15:32:20,0.9429622815087396,0
2001,0930,1,2026-06-13 15:32:20,0.6041091689665746,0
2002,0305,1,2026-06-13 15:32:30,0.5338853112542165,0
2003,0545,1,2026-06-13 15:32:30,0.9429622815087396,0
2004,0733,1,2026-06-13 15:32:30,0.6721864458754984,0
2005,0806,1,2026-06-13 15:32:30,0.9429622815087396,0
2006,0930,1,2026-06-13 15:32:30,0.6041091689665746,0
2007,0305,1,2026-06-13 15:32:40,0.5338853112542165,0
2008,0545,1,2026-06-13 15:32:40,0.9429622815087396,0
2009,0733,1,2026-06-13 15:32:40,0.6721864458754984,0
2010,0806,1,2026-06-13 15:32:40,0.9429622815087396,0
2011,0930,1,2026-06-13 15:32:40,0.6041091689665746,0
2012,0545,1,2026-06-13 15:32:50,0.9429622815087396,0
2013,0733,1,2026-06-13 15:32:50,0.6721864458754984,0
2014,0806,1,2026-06-13 15:32:50,0.9429622815087396,0
2015,0545,1,2026-06-13 15:33:00,0.9429622815087396,0
2016,0733,1,2026-06-13 15:33:00,0.6721864458754984,0
2017,0274,1,2026-06-13 15:33:10,0.4363692118981907,0
2018,0545,1,2026-06-13 15:33:10,0.9429622815087396,0
2019,0905,1,2026-06-13 15:33:10,0.2217111315547378,1
2020,0274,1,2026-06-13 15:33:20,0.4363692118981907,0
2021,0515,1,2026-06-13 15:33:20,0.5338853112542165,0
2022,0545,1,2026-06-13 15:33:20,0.9429622815087396,0
2023,0905,1,2026-06-13 15:33:20,0.2217111315547378,1
2024,0274,1,2026-06-13 15:33:30,0.4363692118981907,0
2025,0515,1,2026-06-13 15:33:30,0.5338853112542165,0
2026,0545,1,2026-06-13 15:33:30,0.9429622815087396,0
2027,0274,1,2026-06-13 15:33:40,0.4363692118981907,0
2028,0515,1,2026-06-13 15:33:40,0.5338853112542165,0
2029,0545,1,2026-06-13 15:33:40,0.9429622815087396,0
2030,0274,1,2026-06-13 15:33:50,0.4363692118981907,1
2031,0515,1,2026-06-13 15:33:50,0.5338853112542165,0
2032,0545,1,2026-06-13 15:33:50,0.9429622815087396,0
2033,0244,1,2026-06-13 15:34:00,0.6721864458754984,0
2034,0274,1,2026-06-13 15:34:00,0.4363692118981907,0
2035,0515,1,2026-06-13 15:34:00,0.5338853112542165,0
2036,0244,1,2026-06-13 15:34:10,0.6721864458754984,0
2037,0274,1,2026-06-13 15:34:10,0.4363692118981907,0
2038,0515,1,2026-06-13 15:34:10,0.5338853112542165,0
2039,0244,1,2026-06-13 15:34:20,0.6721864458754984,0
2040,0274,1,2026-06-13 15:34:20,0.4363692118981907,0
2041,0274,1,2026-06-13 15:34:30,0.4363692118981907,0
2042,0274,1,2026-06-13 15:34:40,0.4363692118981907,0
2043,0798,1,2026-06-13 15:36:20,0.1536338546458142,0
2044,0798,1,2026-06-13 15:36:30,0.1536338546458142,0
2045,0798,1,2026-06-13 15:36:40,0.1536338546458142,0
2046,0798,1,2026-06-13 15:36:50,0.1536338546458142,0
2047,0798,1,2026-06-13 15:37:00,0.1536338546458142,0
2048,0571,1,2026-06-13 15:37:10,0.1536338546458142,1
2049,0798,1,2026-06-13 15:37:10,0.1536338546458142,0
2050,0571,1,2026-06-13 15:37:20,0.1536338546458142,0
2051,0798,1,2026-06-13 15:37:20,0.1536338546458142,0
2052,0571,1,2026-06-13 15:37:30,0.1536338546458142,0
2053,0798,1,2026-06-13 15:37:30,0.1536338546458142,0
2054,0571,1,2026-06-13 15:37:40,0.1536338546458142,0
2055,0798,1,2026-06-13 15:37:40,0.1536338546458142,0
2056,0571,1,2026-06-13 15:37:50,0.1536338546458142,0
2057,0798,1,2026-06-13 15:37:50,0.1536338546458142,0
2058,0571,1,2026-06-13 15:38:00,0.1536338546458142,0
2059,0798,1,2026-06-13 15:38:00,0.1536338546458142,0
2060,0571,1,2026-06-13 15:38:10,0.1536338546458142,0
2061,0798,1,2026-06-13 15:38:10,0.1536338546458142,0
2062,0571,1,2026-06-13 15:38:20,0.1536338546458142,0
2063,0618,1,2026-06-13 15:38:20,0.1536338546458142,0
2064,0571,1,2026-06-13 15:38:30,0.1536338546458142,0
2065,0618,1,2026-06-13 15:38:30,0.1536338546458142,0
2066,0571,1,2026-06-13 15:38:40,0.1536338546458142,0
2067,0618,1,2026-06-13 15:38:40,0.1536338546458142,0
2068,0571,1,2026-06-13 15:38:50,0.1536338546458142,0
2069,0618,1,2026-06-13 15:38:50,0.1536338546458142,0
2070,0618,1,2026-06-13 15:39:00,0.1536338546458142,0
2071,0618,1,2026-06-13 15:39:10,0.1536338546458142,0
2072,0666,1,2026-06-13 16:45:50,0.6041091689665746,0
2073,0666,1,2026-06-13 16:46:00,0.6041091689665746,0
2074,0224,1,2026-06-13 16:46:10,0.8003679852805887,1
2075,0666,1,2026-06-13 16:46:10,0.6041091689665746,0
2076,0224,1,2026-06-13 16:46:20,0.8003679852805887,0
2077,0666,1,2026-06-13 16:46:20,0.6041091689665746,0
2078,0224,1,2026-06-13 16:46:30,0.8003679852805887,0
2079,0661,1,2026-06-13 16:46:30,0.7200245323520392,0
2080,0666,1,2026-06-13 16:46:30,0.6041091689665746,0
2081,0224,1,2026-06-13 16:46:40,0.8003679852805887,0
2082,0661,1,2026-06-13 16:46:40,0.7200245323520392,0
2083,0666,1,2026-06-13 16:46:40,0.6041091689665746,0
2084,0661,1,2026-06-13 16:46:50,0.7200245323520392,0
2085,0666,1,2026-06-13 16:46:50,0.6041091689665746,0
2086,0661,1,2026-06-13 16:47:00,0.7200245323520392,0
2087,0666,1,2026-06-13 16:47:00,0.6041091689665746,1
2088,0661,1,2026-06-13 16:47:10,0.7200245323520392,0
2089,0666,1,2026-06-13 16:47:10,0.6041091689665746,0
2090,0661,1,2026-06-13 16:47:20,0.7200245323520392,0
2091,0666,1,2026-06-13 16:47:20,0.6041091689665746,0
2092,0661,1,2026-06-13 16:47:30,0.7200245323520392,0
2093,0666,1,2026-06-13 16:47:30,0.6041091689665746,0
2094,0661,1,2026-06-13 16:47:40,0.7200245323520392,0
2095,0666,1,2026-06-13 16:47:40,0.6041091689665746,0
2096,0661,1,2026-06-13 16:47:50,0.7200245323520392,0
2097,0492,1,2026-06-13 16:48:00,1.0000000000000000,0
2098,0492,1,2026-06-13 16:48:10,1.0000000000000000,0
2099,0492,1,2026-06-13 16:48:20,1.0000000000000000,0
2100,0492,1,2026-06-13 16:48:30,1.0000000000000000,0
2101,0492,1,2026-06-13 16:48:40,1.0000000000000000,0
2102,0492,1,2026-06-13 16:48:50,1.0000000000000000,1
2103,0904,1,2026-06-13 17:05:20,0.8613922109782275,0
2104,0904,1,2026-06-13 17:05:30,0.8613922109782275,0
2105,0904,1,2026-06-13 17:05:40,0.8613922109782275,1
2106,0904,1,2026-06-13 17:05:50,0.8613922109782275,0
2107,0904,1,2026-06-13 17:06:00,0.8613922109782275,0
2108,0904,1,2026-06-13 17:06:10,0.8613922109782275,0
2109,0904,1,2026-06-13 17:06:20,0.8613922109782275,0
2110,0904,1,2026-06-13 17:06:30,0.8613922109782275,0
2111,0904,1,2026-06-13 17:06:40,0.8613922109782275,0
2112,0717,1,2026-06-13 17:08:00,1.0000000000000000,0
2113,0717,1,2026-06-13 17:08:10,1.0000000000000000,0
2114,0802,1,2026-06-13 17:08:10,0.8613922109782275,0
2115,0717,1,2026-06-13 17:08:20,1.0000000000000000,0
2116,0802,1,2026-06-13 17:08:20,0.8613922109782275,0
2117,0717,1,2026-06-13 17:08:30,1.0000000000000000,0
2118,0802,1,2026-06-13 17:08:30,0.8613922109782275,0
2119,0717,1,2026-06-13 17:08:40,1.0000000000000000,1
2120,0802,1,2026-06-13 17:08:40,0.8613922109782275,0
2121,0717,1,2026-06-13 17:08:50,1.0000000000000000,0
2122,0802,1,2026-06-13 17:08:50,0.8613922109782275,0
2123,0717,1,2026-06-13 17:09:00,1.0000000000000000,0
2124,0802,1,2026-06-13 17:09:00,0.8613922109782275,0
2125,0717,1,2026-06-13 17:09:10,1.0000000000000000,0
2126,0802,1,2026-06-13 17:09:10,0.8613922109782275,0
2127,0717,1,2026-06-13 17:09:20,1.0000000000000000,0
2128,0802,1,2026-06-13 17:09:20,0.8613922109782275,0
2129,0717,1,2026-06-13 17:09:30,1.0000000000000000,0
2130,0802,1,2026-06-13 17:09:30,0.8613922109782275,0
2131,0717,1,2026-06-13 17:09:40,1.0000000000000000,0
2132,0802,1,2026-06-13 17:09:40,0.8613922109782275,0
2133,0717,1,2026-06-13 17:09:50,1.0000000000000000,0
2134,0802,1,2026-06-13 17:09:50,0.8613922109782275,0
2135,0802,1,2026-06-13 17:10:00,0.8613922109782275,0
2136,0222,1,2026-06-13 17:10:20,0.1536338546458142,0
2137,0222,1,2026-06-13 17:10:30,0.1536338546458142,0
2138,0222,1,2026-06-13 17:10:40,0.1536338546458142,0
2139,0222,1,2026-06-13 17:10:50,0.1536338546458142,0
2140,0222,1,2026-06-13 17:11:00,0.1536338546458142,0
2141,0334,1,2026-06-13 17:11:00,0.6041091689665746,0
2142,0222,1,2026-06-13 17:11:10,0.1536338546458142,0
2143,0334,1,2026-06-13 17:11:10,0.6041091689665746,1
2144,0222,1,2026-06-13 17:11:20,0.1536338546458142,0
2145,0334,1,2026-06-13 17:11:20,0.6041091689665746,0
2146,0222,1,2026-06-13 17:11:30,0.1536338546458142,0
2147,0222,1,2026-06-13 17:11:40,0.1536338546458142,0
2148,0118,1,2026-06-13 17:11:50,0.5338853112542165,0
2149,0222,1,2026-06-13 17:11:50,0.1536338546458142,0
2150,0747,1,2026-06-13 17:11:50,0.3422263109475621,0
2151,0118,1,2026-06-13 17:12:00,0.5338853112542165,1
2152,0222,1,2026-06-13 17:12:00,0.1536338546458142,0
2153,0747,1,2026-06-13 17:12:00,0.3422263109475621,0
2154,0118,1,2026-06-13 17:12:10,0.5338853112542165,0
2155,0222,1,2026-06-13 17:12:10,0.1536338546458142,0
2156,0747,1,2026-06-13 17:12:10,0.3422263109475621,0
2157,0118,1,2026-06-13 17:12:20,0.5338853112542165,0
2158,0747,1,2026-06-13 17:12:20,0.3422263109475621,0
2159,0118,1,2026-06-13 17:12:30,0.5338853112542165,0
2160,0747,1,2026-06-13 17:12:30,0.3422263109475621,0
2161,0118,1,2026-06-13 17:12:40,0.5338853112542165,0
2162,0747,1,2026-06-13 17:12:40,0.3422263109475621,0
2163,0118,1,2026-06-13 17:12:50,0.5338853112542165,0
2164,0747,1,2026-06-13 17:12:50,0.3422263109475621,0
2165,0118,1,2026-06-13 17:13:00,0.5338853112542165,0
2166,0747,1,2026-06-13 17:13:00,0.3422263109475621,0
2167,0118,1,2026-06-13 17:13:10,0.5338853112542165,0
2168,0747,1,2026-06-13 17:13:10,0.3422263109475621,0
2169,0118,1,2026-06-13 17:13:20,0.5338853112542165,0
2170,0118,1,2026-06-13 17:13:30,0.5338853112542165,0
2171,0076,1,2026-06-13 18:25:50,0.3422263109475621,0
2172,0076,1,2026-06-13 18:26:00,0.3422263109475621,0
2173,0076,1,2026-06-13 18:26:10,0.3422263109475621,0
2174,0076,1,2026-06-13 18:26:20,0.3422263109475621,0
2175,0076,1,2026-06-13 18:26:30,0.3422263109475621,0
2176,0076,1,2026-06-13 18:26:40,0.3422263109475621,0
2177,0076,1,2026-06-13 18:26:50,0.3422263109475621,0
2178,0076,1,2026-06-13 18:27:00,0.3422263109475621,0
2179,0076,1,2026-06-13 18:27:10,0.3422263109475621,0
2180,0076,1,2026-06-13 18:27:20,0.3422263109475621,0
2181,0076,1,2026-06-13 18:27:30,0.3422263109475621,0
2182,0076,1,2026-06-13 18:27:40,0.3422263109475621,0
2183,0981,1,2026-06-13 18:44:10,0.8003679852805887,0
2184,0981,1,2026-06-13 18:44:20,0.8003679852805887,0
2185,0981,1,2026-06-13 18:44:30,0.8003679852805887,0
2186,0981,1,2026-06-13 18:44:40,0.8003679852805887,1
2187,0981,1,2026-06-13 18:44:50,0.8003679852805887,0
2188,0159,1,2026-06-13 18:45:00,0.9429622815087396,0
2189,0981,1,2026-06-13 18:45:00,0.8003679852805887,0
2190,0159,1,2026-06-13 18:45:10,0.9429622815087396,0
2191,0981,1,2026-06-13 18:45:10,0.8003679852805887,0
2192,0159,1,2026-06-13 18:45:20,0.9429622815087396,0
2193,0981,1,2026-06-13 18:45:20,0.8003679852805887,0
2194,0159,1,2026-06-13 18:45:30,0.9429622815087396,0
2195,0981,1,2026-06-13 18:45:30,0.8003679852805887,0
2196,0159,1,2026-06-13 18:45:40,0.9429622815087396,0
2197,0981,1,2026-06-13 18:45:40,0.8003679852805887,0
2198,0095,1,2026-06-13 18:45:50,0.0981294081570070,0
2199,0095,1,2026-06-13 18:46:00,0.0981294081570070,0
2200,0095,1,2026-06-13 18:46:10,0.0981294081570070,0
2201,0095,1,2026-06-13 18:46:20,0.0981294081570070,0
2202,0908,1,2026-06-13 20:03:10,0.4363692118981907,0
2203,0908,1,2026-06-13 20:03:20,0.4363692118981907,0
2204,0908,1,2026-06-13 20:03:30,0.4363692118981907,0
2205,0908,1,2026-06-13 20:03:40,0.4363692118981907,0
2206,0908,1,2026-06-13 20:03:50,0.4363692118981907,0
2207,0908,1,2026-06-13 20:04:00,0.4363692118981907,0
2208,0908,1,2026-06-13 20:04:10,0.4363692118981907,0
2209,0908,1,2026-06-13 20:04:20,0.4363692118981907,0
2210,0668,1,2026-06-13 20:04:30,0.8003679852805887,0
2211,0908,1,2026-06-13 20:04:30,0.4363692118981907,0
2212,0668,1,2026-06-13 20:04:40,0.8003679852805887,0
2213,0908,1,2026-06-13 20:04:40,0.4363692118981907,0
2214,0668,1,2026-06-13 20:04:50,0.8003679852805887,0
2215,0908,1,2026-06-13 20:04:50,0.4363692118981907,0
2216,0668,1,2026-06-13 20:05:00,0.8003679852805887,0
2217,0668,1,2026-06-13 20:05:10,0.8003679852805887,0
2218,0668,1,2026-06-13 20:05:20,0.8003679852805887,0
2219,0668,1,2026-06-13 20:05:30,0.8003679852805887,0
2220,0668,1,2026-06-13 20:05:40,0.8003679852805887,0
2221,0668,1,2026-06-13 20:05:50,0.8003679852805887,0
2222,0166,2,2026-06-13 10:22:00,0.4363692118981907,1
2223,0065,2,2026-06-13 10:22:10,0.6041091689665746,1
2224,0166,2,2026-06-13 10:22:10,0.4363692118981907,0
2225,0908,2,2026-06-13 10:22:10,0.4363692118981907,0
2226,0065,2,2026-06-13 10:22:20,0.6041091689665746,0
2227,0166,2,2026-06-13 10:22:20,0.4363692118981907,0
2228,0908,2,2026-06-13 10:22:20,0.4363692118981907,0
2229,0065,2,2026-06-13 10:22:30,0.6041091689665746,0
2230,0166,2,2026-06-13 10:22:30,0.4363692118981907,0
2231,0616,2,2026-06-13 10:22:30,0.6721864458754984,1
2232,0908,2,2026-06-13 10:22:30,0.4363692118981907,0
2233,0065,2,2026-06-13 10:22:40,0.6041091689665746,0
2234,0166,2,2026-06-13 10:22:40,0.4363692118981907,0
2235,0616,2,2026-06-13 10:22:40,0.6721864458754984,0
2236,0695,2,2026-06-13 10:22:40,0.0981294081570070,0
2237,0908,2,2026-06-13 10:22:40,0.4363692118981907,0
2238,0065,2,2026-06-13 10:22:50,0.6041091689665746,0
2239,0166,2,2026-06-13 10:22:50,0.4363692118981907,0
2240,0616,2,2026-06-13 10:22:50,0.6721864458754984,0
2241,0695,2,2026-06-13 10:22:50,0.0981294081570070,1
2242,0908,2,2026-06-13 10:22:50,0.4363692118981907,0
2243,0065,2,2026-06-13 10:23:00,0.6041091689665746,0
2244,0087,2,2026-06-13 10:23:00,0.7200245323520392,0
2245,0166,2,2026-06-13 10:23:00,0.4363692118981907,0
2246,0509,2,2026-06-13 10:23:00,0.9429622815087396,1
2247,0616,2,2026-06-13 10:23:00,0.6721864458754984,0
2248,0695,2,2026-06-13 10:23:00,0.0981294081570070,0
2249,0908,2,2026-06-13 10:23:00,0.4363692118981907,0
2250,0065,2,2026-06-13 10:23:10,0.6041091689665746,0
2251,0087,2,2026-06-13 10:23:10,0.7200245323520392,1
2252,0157,2,2026-06-13 10:23:10,0.8613922109782275,0
2253,0166,2,2026-06-13 10:23:10,0.4363692118981907,0
2254,0509,2,2026-06-13 10:23:10,0.9429622815087396,0
2255,0616,2,2026-06-13 10:23:10,0.6721864458754984,0
2256,0695,2,2026-06-13 10:23:10,0.0981294081570070,0
2257,0809,2,2026-06-13 10:23:10,0.7200245323520392,0
2258,0908,2,2026-06-13 10:23:10,0.4363692118981907,0
2259,0065,2,2026-06-13 10:23:20,0.6041091689665746,0
2260,0087,2,2026-06-13 10:23:20,0.7200245323520392,0
2261,0157,2,2026-06-13 10:23:20,0.8613922109782275,1
2262,0166,2,2026-06-13 10:23:20,0.4363692118981907,0
2263,0268,2,2026-06-13 10:23:20,0.6041091689665746,0
2264,0509,2,2026-06-13 10:23:20,0.9429622815087396,0
2265,0616,2,2026-06-13 10:23:20,0.6721864458754984,0
2266,0695,2,2026-06-13 10:23:20,0.0981294081570070,0
2267,0809,2,2026-06-13 10:23:20,0.7200245323520392,0
2268,0908,2,2026-06-13 10:23:20,0.4363692118981907,0
2269,0065,2,2026-06-13 10:23:30,0.6041091689665746,0
2270,0087,2,2026-06-13 10:23:30,0.7200245323520392,0
2271,0102,2,2026-06-13 10:23:30,0.8003679852805887,0
2272,0157,2,2026-06-13 10:23:30,0.8613922109782275,0
2273,0166,2,2026-06-13 10:23:30,0.4363692118981907,0
2274,0268,2,2026-06-13 10:23:30,0.6041091689665746,0
2275,0509,2,2026-06-13 10:23:30,0.9429622815087396,0
2276,0616,2,2026-06-13 10:23:30,0.6721864458754984,0
2277,0695,2,2026-06-13 10:23:30,0.0981294081570070,0
2278,0809,2,2026-06-13 10:23:30,0.7200245323520392,1
2279,0065,2,2026-06-13 10:23:40,0.6041091689665746,0
2280,0087,2,2026-06-13 10:23:40,0.7200245323520392,0
2281,0102,2,2026-06-13 10:23:40,0.8003679852805887,0
2282,0157,2,2026-06-13 10:23:40,0.8613922109782275,0
2283,0166,2,2026-06-13 10:23:40,0.4363692118981907,0
2284,0268,2,2026-06-13 10:23:40,0.6041091689665746,0
2285,0379,2,2026-06-13 10:23:40,0.8613922109782275,0
2286,0509,2,2026-06-13 10:23:40,0.9429622815087396,0
2287,0616,2,2026-06-13 10:23:40,0.6721864458754984,0
2288,0683,2,2026-06-13 10:23:40,0.8613922109782275,0
2289,0695,2,2026-06-13 10:23:40,0.0981294081570070,0
2290,0769,2,2026-06-13 10:23:40,0.9429622815087396,0
2291,0809,2,2026-06-13 10:23:40,0.7200245323520392,0
2292,0840,2,2026-06-13 10:23:40,0.9429622815087396,1
2293,0053,2,2026-06-13 10:23:50,0.1536338546458142,0
2294,0065,2,2026-06-13 10:23:50,0.6041091689665746,0
2295,0087,2,2026-06-13 10:23:50,0.7200245323520392,0
2296,0102,2,2026-06-13 10:23:50,0.8003679852805887,0
2297,0157,2,2026-06-13 10:23:50,0.8613922109782275,0
2298,0166,2,2026-06-13 10:23:50,0.4363692118981907,0
2299,0268,2,2026-06-13 10:23:50,0.6041091689665746,0
2300,0379,2,2026-06-13 10:23:50,0.8613922109782275,0
2301,0478,2,2026-06-13 10:23:50,0.0981294081570070,0
2302,0509,2,2026-06-13 10:23:50,0.9429622815087396,0
2303,0530,2,2026-06-13 10:23:50,0.7200245323520392,0
2304,0616,2,2026-06-13 10:23:50,0.6721864458754984,0
2305,0683,2,2026-06-13 10:23:50,0.8613922109782275,1
2306,0684,2,2026-06-13 10:23:50,0.4363692118981907,0
2307,0695,2,2026-06-13 10:23:50,0.0981294081570070,0
2308,0731,2,2026-06-13 10:23:50,0.6721864458754984,0
2309,0769,2,2026-06-13 10:23:50,0.9429622815087396,0
2310,0809,2,2026-06-13 10:23:50,0.7200245323520392,0
2311,0840,2,2026-06-13 10:23:50,0.9429622815087396,0
2312,0841,2,2026-06-13 10:23:50,0.7200245323520392,0
2313,0053,2,2026-06-13 10:24:00,0.1536338546458142,0
2314,0087,2,2026-06-13 10:24:00,0.7200245323520392,0
2315,0102,2,2026-06-13 10:24:00,0.8003679852805887,0
2316,0157,2,2026-06-13 10:24:00,0.8613922109782275,0
2317,0229,2,2026-06-13 10:24:00,0.6721864458754984,0
2318,0268,2,2026-06-13 10:24:00,0.6041091689665746,0
2319,0379,2,2026-06-13 10:24:00,0.8613922109782275,0
2320,0442,2,2026-06-13 10:24:00,0.8003679852805887,0
2321,0478,2,2026-06-13 10:24:00,0.0981294081570070,0
2322,0486,2,2026-06-13 10:24:00,0.5338853112542165,0
2323,0509,2,2026-06-13 10:24:00,0.9429622815087396,0
2324,0530,2,2026-06-13 10:24:00,0.7200245323520392,0
2325,0538,2,2026-06-13 10:24:00,0.5338853112542165,0
2326,0616,2,2026-06-13 10:24:00,0.6721864458754984,0
2327,0683,2,2026-06-13 10:24:00,0.8613922109782275,1
2328,0684,2,2026-06-13 10:24:00,0.4363692118981907,0
2329,0695,2,2026-06-13 10:24:00,0.0981294081570070,0
2330,0731,2,2026-06-13 10:24:00,0.6721864458754984,0
2331,0769,2,2026-06-13 10:24:00,0.9429622815087396,0
2332,0809,2,2026-06-13 10:24:00,0.7200245323520392,0
2333,0840,2,2026-06-13 10:24:00,0.9429622815087396,0
2334,0841,2,2026-06-13 10:24:00,0.7200245323520392,0
2335,0853,2,2026-06-13 10:24:00,0.1536338546458142,0
2336,0053,2,2026-06-13 10:24:10,0.1536338546458142,0
2337,0087,2,2026-06-13 10:24:10,0.7200245323520392,0
2338,0102,2,2026-06-13 10:24:10,0.8003679852805887,0
2339,0157,2,2026-06-13 10:24:10,0.8613922109782275,0
2340,0229,2,2026-06-13 10:24:10,0.6721864458754984,0
2341,0268,2,2026-06-13 10:24:10,0.6041091689665746,0
2342,0317,2,2026-06-13 10:24:10,0.1536338546458142,0
2343,0379,2,2026-06-13 10:24:10,0.8613922109782275,0
2344,0442,2,2026-06-13 10:24:10,0.8003679852805887,0
2345,0478,2,2026-06-13 10:24:10,0.0981294081570070,0
2346,0486,2,2026-06-13 10:24:10,0.5338853112542165,0
2347,0509,2,2026-06-13 10:24:10,0.9429622815087396,0
2348,0530,2,2026-06-13 10:24:10,0.7200245323520392,0
2349,0538,2,2026-06-13 10:24:10,0.5338853112542165,0
2350,0575,2,2026-06-13 10:24:10,0.9429622815087396,0
2351,0616,2,2026-06-13 10:24:10,0.6721864458754984,0
2352,0683,2,2026-06-13 10:24:10,0.8613922109782275,0
2353,0684,2,2026-06-13 10:24:10,0.4363692118981907,0
2354,0695,2,2026-06-13 10:24:10,0.0981294081570070,0
2355,0731,2,2026-06-13 10:24:10,0.6721864458754984,0
2356,0769,2,2026-06-13 10:24:10,0.9429622815087396,0
2357,0809,2,2026-06-13 10:24:10,0.7200245323520392,0
2358,0840,2,2026-06-13 10:24:10,0.9429622815087396,1
2359,0841,2,2026-06-13 10:24:10,0.7200245323520392,0
2360,0853,2,2026-06-13 10:24:10,0.1536338546458142,0
2361,0053,2,2026-06-13 10:24:20,0.1536338546458142,1
2362,0087,2,2026-06-13 10:24:20,0.7200245323520392,0
2363,0102,2,2026-06-13 10:24:20,0.8003679852805887,0
2364,0157,2,2026-06-13 10:24:20,0.8613922109782275,0
2365,0180,2,2026-06-13 10:24:20,0.8003679852805887,0
2366,0229,2,2026-06-13 10:24:20,0.6721864458754984,0
2367,0268,2,2026-06-13 10:24:20,0.6041091689665746,0
2368,0317,2,2026-06-13 10:24:20,0.1536338546458142,0
2369,0379,2,2026-06-13 10:24:20,0.8613922109782275,0
2370,0442,2,2026-06-13 10:24:20,0.8003679852805887,0
2371,0478,2,2026-06-13 10:24:20,0.0981294081570070,0
2372,0478,2,2026-06-13 10:24:20,0.0981294081570070,0
2373,0486,2,2026-06-13 10:24:20,0.5338853112542165,0
2374,0491,2,2026-06-13 10:24:20,1.0000000000000000,0
2375,0509,2,2026-06-13 10:24:20,0.9429622815087396,0
2376,0530,2,2026-06-13 10:24:20,0.7200245323520392,0
2377,0538,2,2026-06-13 10:24:20,0.5338853112542165,0
2378,0575,2,2026-06-13 10:24:20,0.9429622815087396,0
2379,0616,2,2026-06-13 10:24:20,0.6721864458754984,0
2380,0683,2,2026-06-13 10:24:20,0.8613922109782275,0
2381,0684,2,2026-06-13 10:24:20,0.4363692118981907,0
2382,0684,2,2026-06-13 10:24:20,0.4363692118981907,0
2383,0695,2,2026-06-13 10:24:20,0.0981294081570070,0
2384,0731,2,2026-06-13 10:24:20,0.6721864458754984,0
2385,0769,2,2026-06-13 10:24:20,0.9429622815087396,0
2386,0809,2,2026-06-13 10:24:20,0.7200245323520392,0
2387,0840,2,2026-06-13 10:24:20,0.9429622815087396,0
2388,0841,2,2026-06-13 10:24:20,0.7200245323520392,0
2389,0841,2,2026-06-13 10:24:20,0.7200245323520392,0
2390,0853,2,2026-06-13 10:24:20,0.1536338546458142,0
2391,0053,2,2026-06-13 10:24:30,0.1536338546458142,0
2392,0087,2,2026-06-13 10:24:30,0.7200245323520392,0
2393,0102,2,2026-06-13 10:24:30,0.8003679852805887,0
2394,0180,2,2026-06-13 10:24:30,0.8003679852805887,1
2395,0229,2,2026-06-13 10:24:30,0.6721864458754984,0
2396,0268,2,2026-06-13 10:24:30,0.6041091689665746,0
2397,0317,2,2026-06-13 10:24:30,0.1536338546458142,0
2398,0379,2,2026-06-13 10:24:30,0.8613922109782275,0
2399,0424,2,2026-06-13 10:24:30,0.3422263109475621,0
2400,0442,2,2026-06-13 10:24:30,0.8003679852805887,0
2401,0475,2,2026-06-13 10:24:30,0.8003679852805887,0
2402,0478,2,2026-06-13 10:24:30,0.0981294081570070,0
2403,0486,2,2026-06-13 10:24:30,0.5338853112542165,0
2404,0491,2,2026-06-13 10:24:30,1.0000000000000000,0
2405,0509,2,2026-06-13 10:24:30,0.9429622815087396,0
2406,0530,2,2026-06-13 10:24:30,0.7200245323520392,0
2407,0538,2,2026-06-13 10:24:30,0.5338853112542165,0
2408,0575,2,2026-06-13 10:24:30,0.9429622815087396,0
2409,0683,2,2026-06-13 10:24:30,0.8613922109782275,0
2410,0684,2,2026-06-13 10:24:30,0.4363692118981907,0
2411,0695,2,2026-06-13 10:24:30,0.0981294081570070,0
2412,0731,2,2026-06-13 10:24:30,0.6721864458754984,0
2413,0769,2,2026-06-13 10:24:30,0.9429622815087396,0
2414,0809,2,2026-06-13 10:24:30,0.7200245323520392,0
2415,0840,2,2026-06-13 10:24:30,0.9429622815087396,0
2416,0841,2,2026-06-13 10:24:30,0.7200245323520392,0
2417,0841,2,2026-06-13 10:24:30,0.7200245323520392,0
2418,0853,2,2026-06-13 10:24:30,0.1536338546458142,0
2419,0087,2,2026-06-13 10:24:40,0.7200245323520392,0
2420,0102,2,2026-06-13 10:24:40,0.8003679852805887,0
2421,0180,2,2026-06-13 10:24:40,0.8003679852805887,0
2422,0229,2,2026-06-13 10:24:40,0.6721864458754984,0
2423,0268,2,2026-06-13 10:24:40,0.6041091689665746,0
2424,0273,2,2026-06-13 10:24:40,0.8613922109782275,1
2425,0317,2,2026-06-13 10:24:40,0.1536338546458142,0
2426,0379,2,2026-06-13 10:24:40,0.8613922109782275,0
2427,0424,2,2026-06-13 10:24:40,0.3422263109475621,0
2428,0442,2,2026-06-13 10:24:40,0.8003679852805887,0
2429,0475,2,2026-06-13 10:24:40,0.8003679852805887,0
2430,0478,2,2026-06-13 10:24:40,0.0981294081570070,0
2431,0486,2,2026-06-13 10:24:40,0.5338853112542165,0
2432,0491,2,2026-06-13 10:24:40,1.0000000000000000,0
2433,0509,2,2026-06-13 10:24:40,0.9429622815087396,0
2434,0530,2,2026-06-13 10:24:40,0.7200245323520392,0
2435,0538,2,2026-06-13 10:24:40,0.5338853112542165,0
2436,0575,2,2026-06-13 10:24:40,0.9429622815087396,0
2437,0684,2,2026-06-13 10:24:40,0.4363692118981907,0
2438,0731,2,2026-06-13 10:24:40,0.6721864458754984,0
2439,0769,2,2026-06-13 10:24:40,0.9429622815087396,0
2440,0841,2,2026-06-13 10:24:40,0.7200245323520392,0
2441,0841,2,2026-06-13 10:24:40,0.7200245323520392,0
2442,0853,2,2026-06-13 10:24:40,0.1536338546458142,0
2443,0102,2,2026-06-13 10:24:50,0.8003679852805887,0
2444,0180,2,2026-06-13 10:24:50,0.8003679852805887,0
2445,0229,2,2026-06-13 10:24:50,0.6721864458754984,0
2446,0268,2,2026-06-13 10:24:50,0.6041091689665746,0
2447,0273,2,2026-06-13 10:24:50,0.8613922109782275,0
2448,0317,2,2026-06-13 10:24:50,0.1536338546458142,0
2449,0379,2,2026-06-13 10:24:50,0.8613922109782275,0
2450,0424,2,2026-06-13 10:24:50,0.3422263109475621,0
2451,0442,2,2026-06-13 10:24:50,0.8003679852805887,0
2452,0475,2,2026-06-13 10:24:50,0.8003679852805887,0
2453,0478,2,2026-06-13 10:24:50,0.0981294081570070,0
2454,0486,2,2026-06-13 10:24:50,0.5338853112542165,0
2455,0491,2,2026-06-13 10:24:50,1.0000000000000000,0
2456,0509,2,2026-06-13 10:24:50,0.9429622815087396,0
2457,0530,2,2026-06-13 10:24:50,0.7200245323520392,0
2458,0538,2,2026-06-13 10:24:50,0.5338853112542165,0
2459,0575,2,2026-06-13 10:24:50,0.9429622815087396,0
2460,0684,2,2026-06-13 10:24:50,0.4363692118981907,0
2461,0731,2,2026-06-13 10:24:50,0.6721864458754984,0
2462,0769,2,2026-06-13 10:24:50,0.9429622815087396,0
2463,0841,2,2026-06-13 10:24:50,0.7200245323520392,0
2464,0841,2,2026-06-13 10:24:50,0.7200245323520392,0
2465,0180,2,2026-06-13 10:25:00,0.8003679852805887,0
2466,0229,2,2026-06-13 10:25:00,0.6721864458754984,0
2467,0268,2,2026-06-13 10:25:00,0.6041091689665746,0
2468,0273,2,2026-06-13 10:25:00,0.8613922109782275,0
2469,0317,2,2026-06-13 10:25:00,0.1536338546458142,0
2470,0379,2,2026-06-13 10:25:00,0.8613922109782275,0
2471,0424,2,2026-06-13 10:25:00,0.3422263109475621,0
2472,0425,2,2026-06-13 10:25:00,0.8003679852805887,0
2473,0442,2,2026-06-13 10:25:00,0.8003679852805887,0
2474,0475,2,2026-06-13 10:25:00,0.8003679852805887,0
2475,0491,2,2026-06-13 10:25:00,1.0000000000000000,0
2476,0530,2,2026-06-13 10:25:00,0.7200245323520392,0
2477,0538,2,2026-06-13 10:25:00,0.5338853112542165,0
2478,0575,2,2026-06-13 10:25:00,0.9429622815087396,0
2479,0731,2,2026-06-13 10:25:00,0.6721864458754984,0
2480,0769,2,2026-06-13 10:25:00,0.9429622815087396,0
2481,0841,2,2026-06-13 10:25:00,0.7200245323520392,0
2482,0841,2,2026-06-13 10:25:00,0.7200245323520392,1
2483,0180,2,2026-06-13 10:25:10,0.8003679852805887,0
2484,0229,2,2026-06-13 10:25:10,0.6721864458754984,0
2485,0268,2,2026-06-13 10:25:10,0.6041091689665746,0
2486,0273,2,2026-06-13 10:25:10,0.8613922109782275,0
2487,0308,2,2026-06-13 10:25:10,0.3422263109475621,0
2488,0317,2,2026-06-13 10:25:10,0.1536338546458142,0
2489,0375,2,2026-06-13 10:25:10,0.5338853112542165,0
2490,0379,2,2026-06-13 10:25:10,0.8613922109782275,0
2491,0424,2,2026-06-13 10:25:10,0.3422263109475621,0
2492,0425,2,2026-06-13 10:25:10,0.8003679852805887,0
2493,0442,2,2026-06-13 10:25:10,0.8003679852805887,0
2494,0475,2,2026-06-13 10:25:10,0.8003679852805887,0
2495,0491,2,2026-06-13 10:25:10,1.0000000000000000,0
2496,0530,2,2026-06-13 10:25:10,0.7200245323520392,1
2497,0538,2,2026-06-13 10:25:10,0.5338853112542165,0
2498,0575,2,2026-06-13 10:25:10,0.9429622815087396,0
2499,0731,2,2026-06-13 10:25:10,0.6721864458754984,0
2500,0769,2,2026-06-13 10:25:10,0.9429622815087396,0
2501,0841,2,2026-06-13 10:25:10,0.7200245323520392,0
2502,0229,2,2026-06-13 10:25:20,0.6721864458754984,0
2503,0273,2,2026-06-13 10:25:20,0.8613922109782275,0
2504,0308,2,2026-06-13 10:25:20,0.3422263109475621,0
2505,0317,2,2026-06-13 10:25:20,0.1536338546458142,0
2506,0375,2,2026-06-13 10:25:20,0.5338853112542165,0
2507,0379,2,2026-06-13 10:25:20,0.8613922109782275,0
2508,0424,2,2026-06-13 10:25:20,0.3422263109475621,0
2509,0425,2,2026-06-13 10:25:20,0.8003679852805887,0
2510,0442,2,2026-06-13 10:25:20,0.8003679852805887,0
2511,0491,2,2026-06-13 10:25:20,1.0000000000000000,0
2512,0530,2,2026-06-13 10:25:20,0.7200245323520392,0
2513,0538,2,2026-06-13 10:25:20,0.5338853112542165,0
2514,0575,2,2026-06-13 10:25:20,0.9429622815087396,0
2515,0731,2,2026-06-13 10:25:20,0.6721864458754984,0
2516,0769,2,2026-06-13 10:25:20,0.9429622815087396,1
2517,0841,2,2026-06-13 10:25:20,0.7200245323520392,0
2518,0229,2,2026-06-13 10:25:30,0.6721864458754984,0
2519,0273,2,2026-06-13 10:25:30,0.8613922109782275,0
2520,0308,2,2026-06-13 10:25:30,0.3422263109475621,0
2521,0317,2,2026-06-13 10:25:30,0.1536338546458142,0
2522,0375,2,2026-06-13 10:25:30,0.5338853112542165,0
2523,0379,2,2026-06-13 10:25:30,0.8613922109782275,0
2524,0424,2,2026-06-13 10:25:30,0.3422263109475621,0
2525,0425,2,2026-06-13 10:25:30,0.8003679852805887,0
2526,0442,2,2026-06-13 10:25:30,0.8003679852805887,0
2527,0491,2,2026-06-13 10:25:30,1.0000000000000000,0
2528,0530,2,2026-06-13 10:25:30,0.7200245323520392,0
2529,0538,2,2026-06-13 10:25:30,0.5338853112542165,0
2530,0575,2,2026-06-13 10:25:30,0.9429622815087396,0
2531,0731,2,2026-06-13 10:25:30,0.6721864458754984,0
2532,0769,2,2026-06-13 10:25:30,0.9429622815087396,0
2533,0801,2,2026-06-13 10:25:30,0.0981294081570070,0
2534,0841,2,2026-06-13 10:25:30,0.7200245323520392,1
2535,0229,2,2026-06-13 10:25:40,0.6721864458754984,0
2536,0308,2,2026-06-13 10:25:40,0.3422263109475621,0
2537,0317,2,2026-06-13 10:25:40,0.1536338546458142,0
2538,0375,2,2026-06-13 10:25:40,0.5338853112542165,0
2539,0375,2,2026-06-13 10:25:40,0.5338853112542165,0
2540,0424,2,2026-06-13 10:25:40,0.3422263109475621,0
2541,0425,2,2026-06-13 10:25:40,0.8003679852805887,0
2542,0442,2,2026-06-13 10:25:40,0.8003679852805887,1
2543,0491,2,2026-06-13 10:25:40,1.0000000000000000,0
2544,0538,2,2026-06-13 10:25:40,0.5338853112542165,0
2545,0575,2,2026-06-13 10:25:40,0.9429622815087396,0
2546,0731,2,2026-06-13 10:25:40,0.6721864458754984,0
2547,0801,2,2026-06-13 10:25:40,0.0981294081570070,0
2548,0308,2,2026-06-13 10:25:50,0.3422263109475621,0
2549,0317,2,2026-06-13 10:25:50,0.1536338546458142,0
2550,0375,2,2026-06-13 10:25:50,0.5338853112542165,0
2551,0375,2,2026-06-13 10:25:50,0.5338853112542165,0
2552,0424,2,2026-06-13 10:25:50,0.3422263109475621,0
2553,0425,2,2026-06-13 10:25:50,0.8003679852805887,0
2554,0491,2,2026-06-13 10:25:50,1.0000000000000000,0
2555,0575,2,2026-06-13 10:25:50,0.9429622815087396,1
2556,0801,2,2026-06-13 10:25:50,0.0981294081570070,0
2557,0308,2,2026-06-13 10:26:00,0.3422263109475621,0
2558,0375,2,2026-06-13 10:26:00,0.5338853112542165,0
2559,0375,2,2026-06-13 10:26:00,0.5338853112542165,0
2560,0424,2,2026-06-13 10:26:00,0.3422263109475621,0
2561,0425,2,2026-06-13 10:26:00,0.8003679852805887,0
2562,0491,2,2026-06-13 10:26:00,1.0000000000000000,1
2563,0575,2,2026-06-13 10:26:00,0.9429622815087396,0
2564,0308,2,2026-06-13 10:26:10,0.3422263109475621,0
2565,0375,2,2026-06-13 10:26:10,0.5338853112542165,0
2566,0375,2,2026-06-13 10:26:10,0.5338853112542165,0
2567,0424,2,2026-06-13 10:26:10,0.3422263109475621,1
2568,0425,2,2026-06-13 10:26:10,0.8003679852805887,0
2569,0449,2,2026-06-13 10:26:10,0.1536338546458142,0
2570,0308,2,2026-06-13 10:26:20,0.3422263109475621,0
2571,0375,2,2026-06-13 10:26:20,0.5338853112542165,0
2572,0375,2,2026-06-13 10:26:20,0.5338853112542165,0
2573,0425,2,2026-06-13 10:26:20,0.8003679852805887,0
2574,0449,2,2026-06-13 10:26:20,0.1536338546458142,0
2575,0308,2,2026-06-13 10:26:30,0.3422263109475621,0
2576,0375,2,2026-06-13 10:26:30,0.5338853112542165,0
2577,0375,2,2026-06-13 10:26:30,0.5338853112542165,1
2578,0425,2,2026-06-13 10:26:30,0.8003679852805887,0
2579,0449,2,2026-06-13 10:26:30,0.1536338546458142,0
2580,0375,2,2026-06-13 10:26:40,0.5338853112542165,0
2581,0425,2,2026-06-13 10:26:40,0.8003679852805887,1
2582,0449,2,2026-06-13 10:26:40,0.1536338546458142,0
2583,0988,2,2026-06-13 10:26:40,0.8613922109782275,0
2584,0375,2,2026-06-13 10:26:50,0.5338853112542165,0
2585,0988,2,2026-06-13 10:26:50,0.8613922109782275,0
2586,0375,2,2026-06-13 10:27:00,0.5338853112542165,1
2587,0988,2,2026-06-13 10:27:00,0.8613922109782275,0
2588,0988,2,2026-06-13 10:27:10,0.8613922109782275,0
2589,0988,2,2026-06-13 10:27:20,0.8613922109782275,1
2590,0988,2,2026-06-13 10:27:30,0.8613922109782275,0
2591,0995,2,2026-06-13 10:27:30,0.2217111315547378,0
2592,0495,2,2026-06-13 10:27:40,1.0000000000000000,1
2593,0988,2,2026-06-13 10:27:40,0.8613922109782275,0
2594,0995,2,2026-06-13 10:27:40,0.2217111315547378,0
2595,0495,2,2026-06-13 10:27:50,1.0000000000000000,1
2596,0988,2,2026-06-13 10:27:50,0.8613922109782275,0
2597,0995,2,2026-06-13 10:27:50,0.2217111315547378,0
2598,0495,2,2026-06-13 10:28:00,1.0000000000000000,0
2599,0988,2,2026-06-13 10:28:00,0.8613922109782275,0
2600,0995,2,2026-06-13 10:28:00,0.2217111315547378,0
2601,0495,2,2026-06-13 10:28:10,1.0000000000000000,0
2602,0745,2,2026-06-13 10:28:10,0.0981294081570070,1
2603,0988,2,2026-06-13 10:28:10,0.8613922109782275,0
2604,0995,2,2026-06-13 10:28:10,0.2217111315547378,0
2605,0495,2,2026-06-13 10:28:20,1.0000000000000000,0
2606,0745,2,2026-06-13 10:28:20,0.0981294081570070,0
2607,0988,2,2026-06-13 10:28:20,0.8613922109782275,0
2608,0995,2,2026-06-13 10:28:20,0.2217111315547378,0
2609,0495,2,2026-06-13 10:28:30,1.0000000000000000,0
2610,0745,2,2026-06-13 10:28:30,0.0981294081570070,0
2611,0995,2,2026-06-13 10:28:30,0.2217111315547378,0
2612,0495,2,2026-06-13 10:28:40,1.0000000000000000,0
2613,0745,2,2026-06-13 10:28:40,0.0981294081570070,0
2614,0995,2,2026-06-13 10:28:40,0.2217111315547378,0
2615,0495,2,2026-06-13 10:28:50,1.0000000000000000,0
2616,0745,2,2026-06-13 10:28:50,0.0981294081570070,0
2617,0995,2,2026-06-13 10:28:50,0.2217111315547378,0
2618,0495,2,2026-06-13 10:29:00,1.0000000000000000,0
2619,0745,2,2026-06-13 10:29:00,0.0981294081570070,0
2620,0995,2,2026-06-13 10:29:00,0.2217111315547378,0
2621,0495,2,2026-06-13 10:29:10,1.0000000000000000,0
2622,0745,2,2026-06-13 10:29:10,0.0981294081570070,0
2623,0995,2,2026-06-13 10:29:10,0.2217111315547378,1
2624,0495,2,2026-06-13 10:29:20,1.0000000000000000,0
2625,0745,2,2026-06-13 10:29:20,0.0981294081570070,0
2626,0995,2,2026-06-13 10:29:20,0.2217111315547378,0
2627,0745,2,2026-06-13 10:29:30,0.0981294081570070,0
2628,0745,2,2026-06-13 10:29:40,0.0981294081570070,0
2629,0745,2,2026-06-13 10:29:50,0.0981294081570070,0
2630,0745,2,2026-06-13 10:30:00,0.0981294081570070,0
2631,0106,2,2026-06-13 10:33:50,0.4363692118981907,0
2632,0106,2,2026-06-13 10:34:00,0.4363692118981907,1
2633,0106,2,2026-06-13 10:34:10,0.4363692118981907,0
2634,0106,2,2026-06-13 10:34:20,0.4363692118981907,0
2635,0106,2,2026-06-13 10:34:20,0.4363692118981907,0
2636,0106,2,2026-06-13 10:34:30,0.4363692118981907,1
2637,0106,2,2026-06-13 10:34:30,0.4363692118981907,0
2638,0106,2,2026-06-13 10:34:40,0.4363692118981907,0
2639,0106,2,2026-06-13 10:34:40,0.4363692118981907,0
2640,0106,2,2026-06-13 10:34:50,0.4363692118981907,0
2641,0106,2,2026-06-13 10:34:50,0.4363692118981907,0
2642,0106,2,2026-06-13 10:35:00,0.4363692118981907,0
2643,0106,2,2026-06-13 10:35:00,0.4363692118981907,0
2644,0106,2,2026-06-13 10:35:10,0.4363692118981907,0
2645,0106,2,2026-06-13 10:35:20,0.4363692118981907,0
2646,0106,2,2026-06-13 10:35:30,0.4363692118981907,0
2647,0503,2,2026-06-13 10:35:40,0.8003679852805887,1
2648,0171,2,2026-06-13 10:35:50,0.6721864458754984,1
2649,0423,2,2026-06-13 10:35:50,0.9429622815087396,0
2650,0503,2,2026-06-13 10:35:50,0.8003679852805887,0
2651,0832,2,2026-06-13 10:35:50,0.0981294081570070,0
2652,0859,2,2026-06-13 10:35:50,0.3422263109475621,0
2653,0171,2,2026-06-13 10:36:00,0.6721864458754984,0
2654,0423,2,2026-06-13 10:36:00,0.9429622815087396,0
2655,0503,2,2026-06-13 10:36:00,0.8003679852805887,0
2656,0832,2,2026-06-13 10:36:00,0.0981294081570070,1
2657,0859,2,2026-06-13 10:36:00,0.3422263109475621,0
2658,0171,2,2026-06-13 10:36:10,0.6721864458754984,0
2659,0423,2,2026-06-13 10:36:10,0.9429622815087396,0
2660,0503,2,2026-06-13 10:36:10,0.8003679852805887,0
2661,0832,2,2026-06-13 10:36:10,0.0981294081570070,0
2662,0859,2,2026-06-13 10:36:10,0.3422263109475621,0
2663,0171,2,2026-06-13 10:36:20,0.6721864458754984,0
2664,0423,2,2026-06-13 10:36:20,0.9429622815087396,0
2665,0503,2,2026-06-13 10:36:20,0.8003679852805887,0
2666,0832,2,2026-06-13 10:36:20,0.0981294081570070,0
2667,0859,2,2026-06-13 10:36:20,0.3422263109475621,1
2668,0171,2,2026-06-13 10:36:30,0.6721864458754984,0
2669,0423,2,2026-06-13 10:36:30,0.9429622815087396,0
2670,0503,2,2026-06-13 10:36:30,0.8003679852805887,0
2671,0832,2,2026-06-13 10:36:30,0.0981294081570070,0
2672,0859,2,2026-06-13 10:36:30,0.3422263109475621,0
2673,0171,2,2026-06-13 10:36:40,0.6721864458754984,1
2674,0423,2,2026-06-13 10:36:40,0.9429622815087396,0
2675,0462,2,2026-06-13 10:36:40,0.4363692118981907,0
2676,0503,2,2026-06-13 10:36:40,0.8003679852805887,0
2677,0832,2,2026-06-13 10:36:40,0.0981294081570070,0
2678,0859,2,2026-06-13 10:36:40,0.3422263109475621,0
2679,0171,2,2026-06-13 10:36:50,0.6721864458754984,0
2680,0423,2,2026-06-13 10:36:50,0.9429622815087396,0
2681,0462,2,2026-06-13 10:36:50,0.4363692118981907,0
2682,0503,2,2026-06-13 10:36:50,0.8003679852805887,0
2683,0832,2,2026-06-13 10:36:50,0.0981294081570070,1
2684,0859,2,2026-06-13 10:36:50,0.3422263109475621,0
2685,0171,2,2026-06-13 10:37:00,0.6721864458754984,0
2686,0423,2,2026-06-13 10:37:00,0.9429622815087396,1
2687,0462,2,2026-06-13 10:37:00,0.4363692118981907,0
2688,0859,2,2026-06-13 10:37:00,0.3422263109475621,0
2689,0171,2,2026-06-13 10:37:10,0.6721864458754984,0
2690,0423,2,2026-06-13 10:37:10,0.9429622815087396,1
2691,0462,2,2026-06-13 10:37:10,0.4363692118981907,0
2692,0859,2,2026-06-13 10:37:10,0.3422263109475621,0
2693,0423,2,2026-06-13 10:37:20,0.9429622815087396,0
2694,0462,2,2026-06-13 10:37:20,0.4363692118981907,0
2695,0859,2,2026-06-13 10:37:20,0.3422263109475621,0
2696,0462,2,2026-06-13 10:37:30,0.4363692118981907,0
2697,0859,2,2026-06-13 10:37:30,0.3422263109475621,0
2698,0462,2,2026-06-13 10:37:40,0.4363692118981907,1
2699,0859,2,2026-06-13 10:37:40,0.3422263109475621,0
2700,0917,2,2026-06-13 12:01:00,0.6721864458754984,0
2701,0917,2,2026-06-13 12:01:10,0.6721864458754984,0
2702,0917,2,2026-06-13 12:01:20,0.6721864458754984,0
2703,0917,2,2026-06-13 12:01:30,0.6721864458754984,0
2704,0917,2,2026-06-13 12:01:40,0.6721864458754984,1
2705,0917,2,2026-06-13 12:01:50,0.6721864458754984,0
2706,0917,2,2026-06-13 12:02:00,0.6721864458754984,0
2707,0917,2,2026-06-13 12:02:10,0.6721864458754984,0
2708,0917,2,2026-06-13 12:02:20,0.6721864458754984,0
2709,0935,2,2026-06-13 13:56:40,0.6041091689665746,0
2710,0935,2,2026-06-13 13:56:50,0.6041091689665746,1
2711,0935,2,2026-06-13 13:57:00,0.6041091689665746,0
2712,0935,2,2026-06-13 13:57:10,0.6041091689665746,0
2713,0935,2,2026-06-13 13:57:20,0.6041091689665746,0
2714,0935,2,2026-06-13 13:57:30,0.6041091689665746,0
2715,0935,2,2026-06-13 13:57:40,0.6041091689665746,0
2716,0935,2,2026-06-13 13:57:50,0.6041091689665746,0
2717,0407,2,2026-06-13 14:00:40,0.8613922109782275,0
2718,0407,2,2026-06-13 14:00:50,0.8613922109782275,0
2719,0407,2,2026-06-13 14:01:00,0.8613922109782275,0
2720,0407,2,2026-06-13 14:01:10,0.8613922109782275,0
2721,0407,2,2026-06-13 14:01:10,0.8613922109782275,1
2722,0407,2,2026-06-13 14:01:20,0.8613922109782275,0
2723,0407,2,2026-06-13 14:01:20,0.8613922109782275,0
2724,0407,2,2026-06-13 14:01:30,0.8613922109782275,0
2725,0407,2,2026-06-13 14:01:30,0.8613922109782275,0
2726,0407,2,2026-06-13 14:01:40,0.8613922109782275,1
2727,0407,2,2026-06-13 14:01:40,0.8613922109782275,0
2728,0407,2,2026-06-13 14:01:50,0.8613922109782275,0
2729,0407,2,2026-06-13 14:01:50,0.8613922109782275,0
2730,0198,2,2026-06-13 14:02:00,0.0981294081570070,0
2731,0407,2,2026-06-13 14:02:00,0.8613922109782275,0
2732,0407,2,2026-06-13 14:02:00,0.8613922109782275,0
2733,0198,2,2026-06-13 14:02:10,0.0981294081570070,1
2734,0407,2,2026-06-13 14:02:10,0.8613922109782275,0
2735,0543,2,2026-06-13 14:02:10,0.6041091689665746,0
2736,0198,2,2026-06-13 14:02:20,0.0981294081570070,0
2737,0407,2,2026-06-13 14:02:20,0.8613922109782275,0
2738,0543,2,2026-06-13 14:02:20,0.6041091689665746,0
2739,0198,2,2026-06-13 14:02:30,0.0981294081570070,0
2740,0407,2,2026-06-13 14:02:30,0.8613922109782275,0
2741,0543,2,2026-06-13 14:02:30,0.6041091689665746,0
2742,0198,2,2026-06-13 14:02:40,0.0981294081570070,0
2743,0543,2,2026-06-13 14:02:40,0.6041091689665746,0
2744,0198,2,2026-06-13 14:02:50,0.0981294081570070,1
2745,0543,2,2026-06-13 14:02:50,0.6041091689665746,0
2746,0198,2,2026-06-13 14:03:00,0.0981294081570070,0
2747,0543,2,2026-06-13 14:03:00,0.6041091689665746,0
2748,0198,2,2026-06-13 14:03:10,0.0981294081570070,0
2749,0543,2,2026-06-13 14:03:10,0.6041091689665746,0
2750,0198,2,2026-06-13 14:03:20,0.0981294081570070,0
2751,0543,2,2026-06-13 14:03:20,0.6041091689665746,0
2752,0198,2,2026-06-13 14:03:30,0.0981294081570070,0
2753,0543,2,2026-06-13 14:03:30,0.6041091689665746,0
2754,0198,2,2026-06-13 14:03:40,0.0981294081570070,0
2755,0543,2,2026-06-13 14:03:40,0.6041091689665746,0
2756,0198,2,2026-06-13 14:03:50,0.0981294081570070,0
2757,0543,2,2026-06-13 14:03:50,0.6041091689665746,1
2758,0543,2,2026-06-13 14:04:00,0.6041091689665746,0
2759,0272,2,2026-06-13 14:04:20,0.6721864458754984,1
2760,0757,2,2026-06-13 14:04:20,0.3422263109475621,0
2761,0272,2,2026-06-13 14:04:30,0.6721864458754984,0
2762,0757,2,2026-06-13 14:04:30,0.3422263109475621,1
2763,0272,2,2026-06-13 14:04:40,0.6721864458754984,0
2764,0757,2,2026-06-13 14:04:40,0.3422263109475621,1
2765,0179,2,2026-06-13 14:04:50,0.4363692118981907,0
2766,0272,2,2026-06-13 14:04:50,0.6721864458754984,0
2767,0756,2,2026-06-13 14:04:50,0.3422263109475621,0
2768,0757,2,2026-06-13 14:04:50,0.3422263109475621,0
2769,0179,2,2026-06-13 14:05:00,0.4363692118981907,0
2770,0272,2,2026-06-13 14:05:00,0.6721864458754984,0
2771,0756,2,2026-06-13 14:05:00,0.3422263109475621,0
2772,0757,2,2026-06-13 14:05:00,0.3422263109475621,0
2773,0179,2,2026-06-13 14:05:10,0.4363692118981907,1
2774,0272,2,2026-06-13 14:05:10,0.6721864458754984,0
2775,0756,2,2026-06-13 14:05:10,0.3422263109475621,0
2776,0757,2,2026-06-13 14:05:10,0.3422263109475621,0
2777,0179,2,2026-06-13 14:05:20,0.4363692118981907,0
2778,0272,2,2026-06-13 14:05:20,0.6721864458754984,0
2779,0756,2,2026-06-13 14:05:20,0.3422263109475621,0
2780,0757,2,2026-06-13 14:05:20,0.3422263109475621,0
2781,0179,2,2026-06-13 14:05:30,0.4363692118981907,1
2782,0272,2,2026-06-13 14:05:30,0.6721864458754984,0
2783,0756,2,2026-06-13 14:05:30,0.3422263109475621,0
2784,0757,2,2026-06-13 14:05:30,0.3422263109475621,0
2785,0179,2,2026-06-13 14:05:40,0.4363692118981907,0
2786,0272,2,2026-06-13 14:05:40,0.6721864458754984,0
2787,0756,2,2026-06-13 14:05:40,0.3422263109475621,1
2788,0757,2,2026-06-13 14:05:40,0.3422263109475621,0
2789,0179,2,2026-06-13 14:05:50,0.4363692118981907,0
2790,0272,2,2026-06-13 14:05:50,0.6721864458754984,0
2791,0756,2,2026-06-13 14:05:50,0.3422263109475621,0
2792,0757,2,2026-06-13 14:05:50,0.3422263109475621,0
2793,0179,2,2026-06-13 14:06:00,0.4363692118981907,0
2794,0756,2,2026-06-13 14:06:00,0.3422263109475621,0
2795,0757,2,2026-06-13 14:06:00,0.3422263109475621,0
2796,0179,2,2026-06-13 14:06:10,0.4363692118981907,0
2797,0754,2,2026-06-13 14:06:10,0.0981294081570070,1
2798,0756,2,2026-06-13 14:06:10,0.3422263109475621,0
2799,0757,2,2026-06-13 14:06:10,0.3422263109475621,0
2800,0179,2,2026-06-13 14:06:20,0.4363692118981907,0
2801,0754,2,2026-06-13 14:06:20,0.0981294081570070,1
2802,0756,2,2026-06-13 14:06:20,0.3422263109475621,0
2803,0179,2,2026-06-13 14:06:30,0.4363692118981907,0
2804,0754,2,2026-06-13 14:06:30,0.0981294081570070,0
2805,0756,2,2026-06-13 14:06:30,0.3422263109475621,0
2806,0179,2,2026-06-13 14:06:40,0.4363692118981907,0
2807,0754,2,2026-06-13 14:06:40,0.0981294081570070,0
2808,0662,2,2026-06-13 15:28:50,0.6041091689665746,0
2809,0662,2,2026-06-13 15:29:00,0.6041091689665746,0
2810,0662,2,2026-06-13 15:29:10,0.6041091689665746,0
2811,0662,2,2026-06-13 15:29:20,0.6041091689665746,0
2812,0662,2,2026-06-13 15:29:30,0.6041091689665746,0
2813,0662,2,2026-06-13 15:29:40,0.6041091689665746,0
2814,0662,2,2026-06-13 15:29:50,0.6041091689665746,0
2815,0662,2,2026-06-13 15:30:00,0.6041091689665746,1
2816,0662,2,2026-06-13 15:30:10,0.6041091689665746,0
2817,0662,2,2026-06-13 15:30:20,0.6041091689665746,0
2818,0662,2,2026-06-13 15:30:30,0.6041091689665746,0
2819,0662,2,2026-06-13 15:30:40,0.6041091689665746,0
2820,0255,2,2026-06-13 15:30:50,0.0981294081570070,1
2821,0694,2,2026-06-13 15:30:50,0.3422263109475621,0
2822,0223,2,2026-06-13 15:31:00,0.5338853112542165,0
2823,0255,2,2026-06-13 15:31:00,0.0981294081570070,0
2824,0694,2,2026-06-13 15:31:00,0.3422263109475621,0
2825,0223,2,2026-06-13 15:31:10,0.5338853112542165,0
2826,0255,2,2026-06-13 15:31:10,0.0981294081570070,0
2827,0694,2,2026-06-13 15:31:10,0.3422263109475621,0
2828,0223,2,2026-06-13 15:31:20,0.5338853112542165,0
2829,0255,2,2026-06-13 15:31:20,0.0981294081570070,0
2830,0694,2,2026-06-13 15:31:20,0.3422263109475621,1
2831,0223,2,2026-06-13 15:31:30,0.5338853112542165,0
2832,0255,2,2026-06-13 15:31:30,0.0981294081570070,1
2833,0694,2,2026-06-13 15:31:30,0.3422263109475621,0
2834,0223,2,2026-06-13 15:31:40,0.5338853112542165,1
2835,0255,2,2026-06-13 15:31:40,0.0981294081570070,0
2836,0694,2,2026-06-13 15:31:40,0.3422263109475621,0
2837,0223,2,2026-06-13 15:31:50,0.5338853112542165,0
2838,0255,2,2026-06-13 15:31:50,0.0981294081570070,0
2839,0694,2,2026-06-13 15:31:50,0.3422263109475621,0
2840,0223,2,2026-06-13 15:32:00,0.5338853112542165,0
2841,0255,2,2026-06-13 15:32:00,0.0981294081570070,0
2842,0694,2,2026-06-13 15:32:00,0.3422263109475621,0
2843,0202,2,2026-06-13 15:32:10,0.3422263109475621,0
2844,0223,2,2026-06-13 15:32:10,0.5338853112542165,0
2845,0255,2,2026-06-13 15:32:10,0.0981294081570070,0
2846,0345,2,2026-06-13 15:32:10,1.0000000000000000,1
2847,0455,2,2026-06-13 15:32:10,0.4363692118981907,0
2848,0694,2,2026-06-13 15:32:10,0.3422263109475621,0
2849,0202,2,2026-06-13 15:32:20,0.3422263109475621,0
2850,0223,2,2026-06-13 15:32:20,0.5338853112542165,0
2851,0255,2,2026-06-13 15:32:20,0.0981294081570070,0
2852,0279,2,2026-06-13 15:32:20,0.3422263109475621,0
2853,0345,2,2026-06-13 15:32:20,1.0000000000000000,0
2854,0455,2,2026-06-13 15:32:20,0.4363692118981907,1
2855,0694,2,2026-06-13 15:32:20,0.3422263109475621,0
2856,0696,2,2026-06-13 15:32:20,0.8003679852805887,0
2857,0202,2,2026-06-13 15:32:30,0.3422263109475621,0
2858,0223,2,2026-06-13 15:32:30,0.5338853112542165,0
2859,0255,2,2026-06-13 15:32:30,0.0981294081570070,0
2860,0279,2,2026-06-13 15:32:30,0.3422263109475621,0
2861,0345,2,2026-06-13 15:32:30,1.0000000000000000,0
2862,0455,2,2026-06-13 15:32:30,0.4363692118981907,1
2863,0694,2,2026-06-13 15:32:30,0.3422263109475621,0
2864,0696,2,2026-06-13 15:32:30,0.8003679852805887,0
2865,0202,2,2026-06-13 15:32:40,0.3422263109475621,1
2866,0223,2,2026-06-13 15:32:40,0.5338853112542165,0
2867,0255,2,2026-06-13 15:32:40,0.0981294081570070,0
2868,0279,2,2026-06-13 15:32:40,0.3422263109475621,0
2869,0345,2,2026-06-13 15:32:40,1.0000000000000000,0
2870,0455,2,2026-06-13 15:32:40,0.4363692118981907,0
2871,0694,2,2026-06-13 15:32:40,0.3422263109475621,0
2872,0696,2,2026-06-13 15:32:40,0.8003679852805887,0
2873,0045,2,2026-06-13 15:32:50,0.8003679852805887,0
2874,0202,2,2026-06-13 15:32:50,0.3422263109475621,0
2875,0223,2,2026-06-13 15:32:50,0.5338853112542165,0
2876,0279,2,2026-06-13 15:32:50,0.3422263109475621,0
2877,0345,2,2026-06-13 15:32:50,1.0000000000000000,0
2878,0455,2,2026-06-13 15:32:50,0.4363692118981907,0
2879,0696,2,2026-06-13 15:32:50,0.8003679852805887,1
2880,0045,2,2026-06-13 15:33:00,0.8003679852805887,0
2881,0202,2,2026-06-13 15:33:00,0.3422263109475621,0
2882,0279,2,2026-06-13 15:33:00,0.3422263109475621,0
2883,0345,2,2026-06-13 15:33:00,1.0000000000000000,0
2884,0455,2,2026-06-13 15:33:00,0.4363692118981907,0
2885,0696,2,2026-06-13 15:33:00,0.8003679852805887,0
2886,0045,2,2026-06-13 15:33:10,0.8003679852805887,0
2887,0202,2,2026-06-13 15:33:10,0.3422263109475621,0
2888,0265,2,2026-06-13 15:33:10,0.3422263109475621,1
2889,0279,2,2026-06-13 15:33:10,0.3422263109475621,0
2890,0345,2,2026-06-13 15:33:10,1.0000000000000000,0
2891,0455,2,2026-06-13 15:33:10,0.4363692118981907,0
2892,0696,2,2026-06-13 15:33:10,0.8003679852805887,0
2893,0045,2,2026-06-13 15:33:20,0.8003679852805887,0
2894,0045,2,2026-06-13 15:33:20,0.8003679852805887,0
2895,0112,2,2026-06-13 15:33:20,1.0000000000000000,0
2896,0202,2,2026-06-13 15:33:20,0.3422263109475621,0
2897,0265,2,2026-06-13 15:33:20,0.3422263109475621,1
2898,0279,2,2026-06-13 15:33:20,0.3422263109475621,0
2899,0345,2,2026-06-13 15:33:20,1.0000000000000000,0
2900,0455,2,2026-06-13 15:33:20,0.4363692118981907,0
2901,0696,2,2026-06-13 15:33:20,0.8003679852805887,0
2902,0045,2,2026-06-13 15:33:30,0.8003679852805887,0
2903,0045,2,2026-06-13 15:33:30,0.8003679852805887,0
2904,0112,2,2026-06-13 15:33:30,1.0000000000000000,0
2905,0202,2,2026-06-13 15:33:30,0.3422263109475621,0
2906,0265,2,2026-06-13 15:33:30,0.3422263109475621,0
2907,0279,2,2026-06-13 15:33:30,0.3422263109475621,0
2908,0345,2,2026-06-13 15:33:30,1.0000000000000000,0
2909,0455,2,2026-06-13 15:33:30,0.4363692118981907,0
2910,0696,2,2026-06-13 15:33:30,0.8003679852805887,0
2911,0045,2,2026-06-13 15:33:40,0.8003679852805887,0
2912,0045,2,2026-06-13 15:33:40,0.8003679852805887,0
2913,0112,2,2026-06-13 15:33:40,1.0000000000000000,0
2914,0202,2,2026-06-13 15:33:40,0.3422263109475621,0
2915,0265,2,2026-06-13 15:33:40,0.3422263109475621,0
2916,0279,2,2026-06-13 15:33:40,0.3422263109475621,0
2917,0345,2,2026-06-13 15:33:40,1.0000000000000000,0
2918,0455,2,2026-06-13 15:33:40,0.4363692118981907,0
2919,0696,2,2026-06-13 15:33:40,0.8003679852805887,0
2920,0045,2,2026-06-13 15:33:50,0.8003679852805887,0
2921,0045,2,2026-06-13 15:33:50,0.8003679852805887,0
2922,0112,2,2026-06-13 15:33:50,1.0000000000000000,0
2923,0202,2,2026-06-13 15:33:50,0.3422263109475621,0
2924,0265,2,2026-06-13 15:33:50,0.3422263109475621,0
2925,0279,2,2026-06-13 15:33:50,0.3422263109475621,1
2926,0345,2,2026-06-13 15:33:50,1.0000000000000000,0
2927,0455,2,2026-06-13 15:33:50,0.4363692118981907,0
2928,0483,2,2026-06-13 15:33:50,0.2217111315547378,0
2929,0696,2,2026-06-13 15:33:50,0.8003679852805887,0
2930,0045,2,2026-06-13 15:34:00,0.8003679852805887,0
2931,0045,2,2026-06-13 15:34:00,0.8003679852805887,0
2932,0112,2,2026-06-13 15:34:00,1.0000000000000000,0
2933,0265,2,2026-06-13 15:34:00,0.3422263109475621,0
2934,0345,2,2026-06-13 15:34:00,1.0000000000000000,0
2935,0455,2,2026-06-13 15:34:00,0.4363692118981907,0
2936,0483,2,2026-06-13 15:34:00,0.2217111315547378,0
2937,0696,2,2026-06-13 15:34:00,0.8003679852805887,0
2938,0045,2,2026-06-13 15:34:10,0.8003679852805887,0
2939,0045,2,2026-06-13 15:34:10,0.8003679852805887,1
2940,0112,2,2026-06-13 15:34:10,1.0000000000000000,0
2941,0265,2,2026-06-13 15:34:10,0.3422263109475621,0
2942,0483,2,2026-06-13 15:34:10,0.2217111315547378,0
2943,0045,2,2026-06-13 15:34:20,0.8003679852805887,0
2944,0112,2,2026-06-13 15:34:20,1.0000000000000000,1
2945,0265,2,2026-06-13 15:34:20,0.3422263109475621,0
2946,0483,2,2026-06-13 15:34:20,0.2217111315547378,0
2947,0045,2,2026-06-13 15:34:30,0.8003679852805887,0
2948,0112,2,2026-06-13 15:34:30,1.0000000000000000,0
2949,0265,2,2026-06-13 15:34:30,0.3422263109475621,0
2950,0483,2,2026-06-13 15:34:30,0.2217111315547378,0
2951,0045,2,2026-06-13 15:34:40,0.8003679852805887,1
2952,0112,2,2026-06-13 15:34:40,1.0000000000000000,0
2953,0265,2,2026-06-13 15:34:40,0.3422263109475621,0
2954,0483,2,2026-06-13 15:34:40,0.2217111315547378,0
2955,0112,2,2026-06-13 15:34:50,1.0000000000000000,0
2956,0265,2,2026-06-13 15:34:50,0.3422263109475621,0
2957,0483,2,2026-06-13 15:34:50,0.2217111315547378,0
2958,0112,2,2026-06-13 15:35:00,1.0000000000000000,0
2959,0254,2,2026-06-13 15:35:00,0.7200245323520392,0
2960,0483,2,2026-06-13 15:35:00,0.2217111315547378,1
2961,0112,2,2026-06-13 15:35:10,1.0000000000000000,0
2962,0254,2,2026-06-13 15:35:10,0.7200245323520392,0
2963,0483,2,2026-06-13 15:35:10,0.2217111315547378,1
2964,0254,2,2026-06-13 15:35:20,0.7200245323520392,0
2965,0483,2,2026-06-13 15:35:20,0.2217111315547378,0
2966,0254,2,2026-06-13 15:35:30,0.7200245323520392,0
2967,0254,2,2026-06-13 15:35:40,0.7200245323520392,0
2968,0254,2,2026-06-13 15:35:50,0.7200245323520392,0
2969,0254,2,2026-06-13 15:36:00,0.7200245323520392,0
2970,0686,2,2026-06-13 15:36:00,0.2217111315547378,1
2971,0254,2,2026-06-13 15:36:10,0.7200245323520392,0
2972,0254,2,2026-06-13 15:36:20,0.7200245323520392,1
2973,0899,2,2026-06-13 17:00:20,0.9429622815087396,1
2974,0195,2,2026-06-13 17:00:30,0.5338853112542165,0
2975,0899,2,2026-06-13 17:00:30,0.9429622815087396,1
2976,0195,2,2026-06-13 17:00:40,0.5338853112542165,0
2977,0899,2,2026-06-13 17:00:40,0.9429622815087396,0
2978,0007,2,2026-06-13 17:00:50,0.5338853112542165,0
2979,0195,2,2026-06-13 17:00:50,0.5338853112542165,1
2980,0899,2,2026-06-13 17:00:50,0.9429622815087396,0
2981,0007,2,2026-06-13 17:01:00,0.5338853112542165,0
2982,0064,2,2026-06-13 17:01:00,1.0000000000000000,1
2983,0195,2,2026-06-13 17:01:00,0.5338853112542165,0
2984,0899,2,2026-06-13 17:01:00,0.9429622815087396,0
2985,0007,2,2026-06-13 17:01:10,0.5338853112542165,0
2986,0064,2,2026-06-13 17:01:10,1.0000000000000000,0
2987,0195,2,2026-06-13 17:01:10,0.5338853112542165,0
2988,0215,2,2026-06-13 17:01:10,0.6721864458754984,0
2989,0262,2,2026-06-13 17:01:10,0.6721864458754984,0
2990,0899,2,2026-06-13 17:01:10,0.9429622815087396,0
2991,0007,2,2026-06-13 17:01:20,0.5338853112542165,0
2992,0064,2,2026-06-13 17:01:20,1.0000000000000000,0
2993,0195,2,2026-06-13 17:01:20,0.5338853112542165,0
2994,0215,2,2026-06-13 17:01:20,0.6721864458754984,1
2995,0262,2,2026-06-13 17:01:20,0.6721864458754984,0
2996,0899,2,2026-06-13 17:01:20,0.9429622815087396,0
2997,0007,2,2026-06-13 17:01:30,0.5338853112542165,0
2998,0064,2,2026-06-13 17:01:30,1.0000000000000000,0
2999,0195,2,2026-06-13 17:01:30,0.5338853112542165,0
3000,0215,2,2026-06-13 17:01:30,0.6721864458754984,0
3001,0262,2,2026-06-13 17:01:30,0.6721864458754984,1
3002,0827,2,2026-06-13 17:01:30,0.8003679852805887,0
3003,0899,2,2026-06-13 17:01:30,0.9429622815087396,0
3004,0007,2,2026-06-13 17:01:40,0.5338853112542165,0
3005,0064,2,2026-06-13 17:01:40,1.0000000000000000,0
3006,0195,2,2026-06-13 17:01:40,0.5338853112542165,0
3007,0215,2,2026-06-13 17:01:40,0.6721864458754984,0
3008,0262,2,2026-06-13 17:01:40,0.6721864458754984,0
3009,0827,2,2026-06-13 17:01:40,0.8003679852805887,0
3010,0899,2,2026-06-13 17:01:40,0.9429622815087396,0
3011,0007,2,2026-06-13 17:01:50,0.5338853112542165,0
3012,0064,2,2026-06-13 17:01:50,1.0000000000000000,0
3013,0195,2,2026-06-13 17:01:50,0.5338853112542165,0
3014,0215,2,2026-06-13 17:01:50,0.6721864458754984,0
3015,0262,2,2026-06-13 17:01:50,0.6721864458754984,0
3016,0827,2,2026-06-13 17:01:50,0.8003679852805887,1
3017,0899,2,2026-06-13 17:01:50,0.9429622815087396,0
3018,0007,2,2026-06-13 17:02:00,0.5338853112542165,0
3019,0195,2,2026-06-13 17:02:00,0.5338853112542165,0
3020,0215,2,2026-06-13 17:02:00,0.6721864458754984,0
3021,0262,2,2026-06-13 17:02:00,0.6721864458754984,0
3022,0827,2,2026-06-13 17:02:00,0.8003679852805887,1
3023,0899,2,2026-06-13 17:02:00,0.9429622815087396,0
3024,0007,2,2026-06-13 17:02:10,0.5338853112542165,0
3025,0195,2,2026-06-13 17:02:10,0.5338853112542165,0
3026,0215,2,2026-06-13 17:02:10,0.6721864458754984,0
3027,0262,2,2026-06-13 17:02:10,0.6721864458754984,0
3028,0827,2,2026-06-13 17:02:10,0.8003679852805887,0
3029,0835,2,2026-06-13 17:02:10,0.2217111315547378,0
3030,0007,2,2026-06-13 17:02:20,0.5338853112542165,0
3031,0215,2,2026-06-13 17:02:20,0.6721864458754984,0
3032,0262,2,2026-06-13 17:02:20,0.6721864458754984,0
3033,0730,2,2026-06-13 17:02:20,0.6041091689665746,0
3034,0827,2,2026-06-13 17:02:20,0.8003679852805887,0
3035,0835,2,2026-06-13 17:02:20,0.2217111315547378,0
3036,0007,2,2026-06-13 17:02:30,0.5338853112542165,0
3037,0215,2,2026-06-13 17:02:30,0.6721864458754984,0
3038,0262,2,2026-06-13 17:02:30,0.6721864458754984,0
3039,0730,2,2026-06-13 17:02:30,0.6041091689665746,1
3040,0827,2,2026-06-13 17:02:30,0.8003679852805887,0
3041,0835,2,2026-06-13 17:02:30,0.2217111315547378,0
3042,0215,2,2026-06-13 17:02:40,0.6721864458754984,0
3043,0262,2,2026-06-13 17:02:40,0.6721864458754984,0
3044,0730,2,2026-06-13 17:02:40,0.6041091689665746,1
3045,0827,2,2026-06-13 17:02:40,0.8003679852805887,0
3046,0835,2,2026-06-13 17:02:40,0.2217111315547378,0
3047,0215,2,2026-06-13 17:02:50,0.6721864458754984,0
3048,0262,2,2026-06-13 17:02:50,0.6721864458754984,0
3049,0730,2,2026-06-13 17:02:50,0.6041091689665746,0
3050,0775,2,2026-06-13 17:02:50,0.2217111315547378,0
3051,0827,2,2026-06-13 17:02:50,0.8003679852805887,0
3052,0835,2,2026-06-13 17:02:50,0.2217111315547378,1
3053,0215,2,2026-06-13 17:03:00,0.6721864458754984,0
3054,0262,2,2026-06-13 17:03:00,0.6721864458754984,0
3055,0730,2,2026-06-13 17:03:00,0.6041091689665746,0
3056,0775,2,2026-06-13 17:03:00,0.2217111315547378,0
3057,0827,2,2026-06-13 17:03:00,0.8003679852805887,0
3058,0835,2,2026-06-13 17:03:00,0.2217111315547378,1
3059,0730,2,2026-06-13 17:03:10,0.6041091689665746,0
3060,0775,2,2026-06-13 17:03:10,0.2217111315547378,0
3061,0835,2,2026-06-13 17:03:10,0.2217111315547378,0
3062,0775,2,2026-06-13 17:03:20,0.2217111315547378,0
3063,0794,2,2026-06-13 17:03:20,0.7200245323520392,0
3064,0835,2,2026-06-13 17:03:20,0.2217111315547378,0
3065,0775,2,2026-06-13 17:03:30,0.2217111315547378,0
3066,0794,2,2026-06-13 17:03:30,0.7200245323520392,0
3067,0835,2,2026-06-13 17:03:30,0.2217111315547378,0
3068,0775,2,2026-06-13 17:03:40,0.2217111315547378,0
3069,0794,2,2026-06-13 17:03:40,0.7200245323520392,0
3070,0775,2,2026-06-13 17:03:50,0.2217111315547378,0
3071,0794,2,2026-06-13 17:03:50,0.7200245323520392,1
3072,0775,2,2026-06-13 17:04:00,0.2217111315547378,0
3073,0794,2,2026-06-13 17:04:00,0.7200245323520392,0
3074,0017,2,2026-06-13 17:04:10,0.8003679852805887,0
3075,0775,2,2026-06-13 17:04:10,0.2217111315547378,0
3076,0794,2,2026-06-13 17:04:10,0.7200245323520392,0
3077,0903,2,2026-06-13 17:04:10,0.8003679852805887,0
3078,0974,2,2026-06-13 17:04:10,1.0000000000000000,1
3079,0017,2,2026-06-13 17:04:20,0.8003679852805887,0
3080,0775,2,2026-06-13 17:04:20,0.2217111315547378,0
3081,0903,2,2026-06-13 17:04:20,0.8003679852805887,0
3082,0974,2,2026-06-13 17:04:20,1.0000000000000000,0
3083,0017,2,2026-06-13 17:04:30,0.8003679852805887,0
3084,0903,2,2026-06-13 17:04:30,0.8003679852805887,1
3085,0974,2,2026-06-13 17:04:30,1.0000000000000000,0
3086,0017,2,2026-06-13 17:04:40,0.8003679852805887,0
3087,0903,2,2026-06-13 17:04:40,0.8003679852805887,0
3088,0974,2,2026-06-13 17:04:40,1.0000000000000000,0
3089,0017,2,2026-06-13 17:04:50,0.8003679852805887,1
3090,0093,2,2026-06-13 17:04:50,0.4363692118981907,0
3091,0903,2,2026-06-13 17:04:50,0.8003679852805887,0
3092,0974,2,2026-06-13 17:04:50,1.0000000000000000,0
3093,0017,2,2026-06-13 17:05:00,0.8003679852805887,0
3094,0093,2,2026-06-13 17:05:00,0.4363692118981907,0
3095,0974,2,2026-06-13 17:05:00,1.0000000000000000,0
3096,0017,2,2026-06-13 17:05:10,0.8003679852805887,0
3097,0093,2,2026-06-13 17:05:10,0.4363692118981907,1
3098,0017,2,2026-06-13 17:05:20,0.8003679852805887,0
3099,0093,2,2026-06-13 17:05:20,0.4363692118981907,0
3100,0017,2,2026-06-13 17:05:30,0.8003679852805887,0
3101,0093,2,2026-06-13 17:05:30,0.4363692118981907,0
3102,0017,2,2026-06-13 17:05:40,0.8003679852805887,0
3103,0017,2,2026-06-13 17:05:50,0.8003679852805887,1
3104,0793,2,2026-06-13 17:07:00,0.5338853112542165,0
3105,0793,2,2026-06-13 17:07:10,0.5338853112542165,0
3106,0793,2,2026-06-13 17:07:20,0.5338853112542165,1
3107,0793,2,2026-06-13 17:07:30,0.5338853112542165,0
3108,0880,2,2026-06-13 17:07:30,0.1536338546458142,0
3109,0793,2,2026-06-13 17:07:40,0.5338853112542165,0
3110,0880,2,2026-06-13 17:07:40,0.1536338546458142,1
3111,0793,2,2026-06-13 17:07:50,0.5338853112542165,0
3112,0880,2,2026-06-13 17:07:50,0.1536338546458142,0
3113,0228,2,2026-06-13 17:08:00,0.6041091689665746,1
3114,0793,2,2026-06-13 17:08:00,0.5338853112542165,0
3115,0813,2,2026-06-13 17:08:00,0.3422263109475621,0
3116,0880,2,2026-06-13 17:08:00,0.1536338546458142,0
3117,0793,2,2026-06-13 17:08:10,0.5338853112542165,0
3118,0813,2,2026-06-13 17:08:10,0.3422263109475621,1
3119,0880,2,2026-06-13 17:08:10,0.1536338546458142,0
3120,0793,2,2026-06-13 17:08:20,0.5338853112542165,0
3121,0813,2,2026-06-13 17:08:20,0.3422263109475621,0
3122,0880,2,2026-06-13 17:08:20,0.1536338546458142,0
3123,0793,2,2026-06-13 17:08:30,0.5338853112542165,0
3124,0813,2,2026-06-13 17:08:30,0.3422263109475621,0
3125,0880,2,2026-06-13 17:08:30,0.1536338546458142,0
3126,0793,2,2026-06-13 17:08:40,0.5338853112542165,1
3127,0813,2,2026-06-13 17:08:40,0.3422263109475621,0
3128,0880,2,2026-06-13 17:08:40,0.1536338546458142,0
3129,0813,2,2026-06-13 17:08:50,0.3422263109475621,0
3130,0880,2,2026-06-13 17:08:50,0.1536338546458142,0
3131,0172,2,2026-06-13 18:20:30,0.4363692118981907,0
3132,0172,2,2026-06-13 18:20:40,0.4363692118981907,0
3133,0172,2,2026-06-13 18:20:50,0.4363692118981907,0
3134,0172,2,2026-06-13 18:21:00,0.4363692118981907,0
3135,0172,2,2026-06-13 18:21:00,0.4363692118981907,0
3136,0172,2,2026-06-13 18:21:10,0.4363692118981907,0
3137,0172,2,2026-06-13 18:21:10,0.4363692118981907,0
3138,0172,2,2026-06-13 18:21:20,0.4363692118981907,0
3139,0172,2,2026-06-13 18:21:20,0.4363692118981907,0
3140,0172,2,2026-06-13 18:21:30,0.4363692118981907,0
3141,0172,2,2026-06-13 18:21:30,0.4363692118981907,1
3142,0172,2,2026-06-13 18:21:40,0.4363692118981907,0
3143,0172,2,2026-06-13 18:21:50,0.4363692118981907,0
3144,0172,2,2026-06-13 18:22:00,0.4363692118981907,1
3145,0593,2,2026-06-13 18:36:50,0.8003679852805887,1
3146,0593,2,2026-06-13 18:37:00,0.8003679852805887,0
3147,0593,2,2026-06-13 18:37:10,0.8003679852805887,0
3148,0593,2,2026-06-13 18:37:20,0.8003679852805887,0
3149,0593,2,2026-06-13 18:37:30,0.8003679852805887,0
3150,0593,2,2026-06-13 18:37:40,0.8003679852805887,0
3151,0593,2,2026-06-13 18:37:50,0.8003679852805887,0
3152,0593,2,2026-06-13 18:38:00,0.8003679852805887,0
3153,0593,2,2026-06-13 18:38:10,0.8003679852805887,0
3154,0760,2,2026-06-13 18:38:40,0.0981294081570070,0
3155,0760,2,2026-06-13 18:38:50,0.0981294081570070,0
3156,0760,2,2026-06-13 18:39:00,0.0981294081570070,0
3157,0760,2,2026-06-13 18:39:10,0.0981294081570070,0
3158,0760,2,2026-06-13 18:39:20,0.0981294081570070,0
3159,0760,2,2026-06-13 18:39:30,0.0981294081570070,0
3160,0760,2,2026-06-13 18:39:40,0.0981294081570070,0
3161,0760,2,2026-06-13 18:39:50,0.0981294081570070,1
3162,0770,2,2026-06-13 18:40:20,0.6721864458754984,0
3163,0770,2,2026-06-13 18:40:30,0.6721864458754984,0
3164,0770,2,2026-06-13 18:40:40,0.6721864458754984,0
3165,0770,2,2026-06-13 18:40:50,0.6721864458754984,1
3166,0770,2,2026-06-13 18:41:00,0.6721864458754984,0
3167,0770,2,2026-06-13 18:41:10,0.6721864458754984,0
3168,0945,2,2026-06-13 18:41:10,0.6041091689665746,1
3169,0770,2,2026-06-13 18:41:20,0.6721864458754984,0
3170,0945,2,2026-06-13 18:41:20,0.6041091689665746,1
3171,0770,2,2026-06-13 18:41:30,0.6721864458754984,0
3172,0945,2,2026-06-13 18:41:30,0.6041091689665746,0
3173,0227,2,2026-06-13 18:41:40,0.8003679852805887,0
3174,0945,2,2026-06-13 18:41:40,0.6041091689665746,0
3175,0973,2,2026-06-13 18:41:40,0.7200245323520392,1
3176,0071,2,2026-06-13 18:41:50,0.6041091689665746,0
3177,0227,2,2026-06-13 18:41:50,0.8003679852805887,0
3178,0576,2,2026-06-13 18:41:50,0.0981294081570070,0
3179,0706,2,2026-06-13 18:41:50,0.1536338546458142,0
3180,0945,2,2026-06-13 18:41:50,0.6041091689665746,0
3181,0973,2,2026-06-13 18:41:50,0.7200245323520392,0
3182,0071,2,2026-06-13 18:42:00,0.6041091689665746,1
3183,0134,2,2026-06-13 18:42:00,0.1536338546458142,0
3184,0227,2,2026-06-13 18:42:00,0.8003679852805887,0
3185,0576,2,2026-06-13 18:42:00,0.0981294081570070,0
3186,0706,2,2026-06-13 18:42:00,0.1536338546458142,0
3187,0811,2,2026-06-13 18:42:00,0.0981294081570070,0
3188,0945,2,2026-06-13 18:42:00,0.6041091689665746,0
3189,0973,2,2026-06-13 18:42:00,0.7200245323520392,0
3190,0071,2,2026-06-13 18:42:10,0.6041091689665746,0
3191,0134,2,2026-06-13 18:42:10,0.1536338546458142,0
3192,0227,2,2026-06-13 18:42:10,0.8003679852805887,0
3193,0576,2,2026-06-13 18:42:10,0.0981294081570070,0
3194,0706,2,2026-06-13 18:42:10,0.1536338546458142,0
3195,0811,2,2026-06-13 18:42:10,0.0981294081570070,0
3196,0945,2,2026-06-13 18:42:10,0.6041091689665746,0
3197,0973,2,2026-06-13 18:42:10,0.7200245323520392,1
3198,0973,2,2026-06-13 18:42:10,0.7200245323520392,0
3199,0071,2,2026-06-13 18:42:20,0.6041091689665746,0
3200,0134,2,2026-06-13 18:42:20,0.1536338546458142,0
3201,0227,2,2026-06-13 18:42:20,0.8003679852805887,1
3202,0576,2,2026-06-13 18:42:20,0.0981294081570070,0
3203,0706,2,2026-06-13 18:42:20,0.1536338546458142,0
3204,0811,2,2026-06-13 18:42:20,0.0981294081570070,0
3205,0945,2,2026-06-13 18:42:20,0.6041091689665746,0
3206,0973,2,2026-06-13 18:42:20,0.7200245323520392,0
3207,0973,2,2026-06-13 18:42:20,0.7200245323520392,0
3208,0028,2,2026-06-13 18:42:30,0.0981294081570070,0
3209,0071,2,2026-06-13 18:42:30,0.6041091689665746,0
3210,0134,2,2026-06-13 18:42:30,0.1536338546458142,0
3211,0227,2,2026-06-13 18:42:30,0.8003679852805887,0
3212,0576,2,2026-06-13 18:42:30,0.0981294081570070,0
3213,0706,2,2026-06-13 18:42:30,0.1536338546458142,1
3214,0811,2,2026-06-13 18:42:30,0.0981294081570070,0
3215,0945,2,2026-06-13 18:42:30,0.6041091689665746,0
3216,0973,2,2026-06-13 18:42:30,0.7200245323520392,0
3217,0973,2,2026-06-13 18:42:30,0.7200245323520392,0
3218,0028,2,2026-06-13 18:42:40,0.0981294081570070,0
3219,0134,2,2026-06-13 18:42:40,0.1536338546458142,0
3220,0227,2,2026-06-13 18:42:40,0.8003679852805887,0
3221,0576,2,2026-06-13 18:42:40,0.0981294081570070,0
3222,0706,2,2026-06-13 18:42:40,0.1536338546458142,1
3223,0811,2,2026-06-13 18:42:40,0.0981294081570070,0
3224,0945,2,2026-06-13 18:42:40,0.6041091689665746,0
3225,0973,2,2026-06-13 18:42:40,0.7200245323520392,0
3226,0028,2,2026-06-13 18:42:50,0.0981294081570070,0
3227,0134,2,2026-06-13 18:42:50,0.1536338546458142,0
3228,0227,2,2026-06-13 18:42:50,0.8003679852805887,0
3229,0576,2,2026-06-13 18:42:50,0.0981294081570070,0
3230,0706,2,2026-06-13 18:42:50,0.1536338546458142,0
3231,0811,2,2026-06-13 18:42:50,0.0981294081570070,1
3232,0973,2,2026-06-13 18:42:50,0.7200245323520392,0
3233,0028,2,2026-06-13 18:43:00,0.0981294081570070,0
3234,0134,2,2026-06-13 18:43:00,0.1536338546458142,1
3235,0227,2,2026-06-13 18:43:00,0.8003679852805887,0
3236,0576,2,2026-06-13 18:43:00,0.0981294081570070,0
3237,0706,2,2026-06-13 18:43:00,0.1536338546458142,0
3238,0811,2,2026-06-13 18:43:00,0.0981294081570070,0
3239,0973,2,2026-06-13 18:43:00,0.7200245323520392,0
3240,0028,2,2026-06-13 18:43:10,0.0981294081570070,0
3241,0134,2,2026-06-13 18:43:10,0.1536338546458142,0
3242,0227,2,2026-06-13 18:43:10,0.8003679852805887,0
3243,0576,2,2026-06-13 18:43:10,0.0981294081570070,1
3244,0706,2,2026-06-13 18:43:10,0.1536338546458142,0
3245,0811,2,2026-06-13 18:43:10,0.0981294081570070,0
3246,0028,2,2026-06-13 18:43:20,0.0981294081570070,0
3247,0134,2,2026-06-13 18:43:20,0.1536338546458142,0
3248,0227,2,2026-06-13 18:43:20,0.8003679852805887,0
3249,0576,2,2026-06-13 18:43:20,0.0981294081570070,0
3250,0706,2,2026-06-13 18:43:20,0.1536338546458142,0
3251,0811,2,2026-06-13 18:43:20,0.0981294081570070,0
3252,0028,2,2026-06-13 18:43:30,0.0981294081570070,1
3253,0134,2,2026-06-13 18:43:30,0.1536338546458142,0
3254,0576,2,2026-06-13 18:43:30,0.0981294081570070,0
3255,0811,2,2026-06-13 18:43:30,0.0981294081570070,0
3256,0028,2,2026-06-13 18:43:40,0.0981294081570070,0
3257,0134,2,2026-06-13 18:43:40,0.1536338546458142,0
3258,0576,2,2026-06-13 18:43:40,0.0981294081570070,0
3259,0811,2,2026-06-13 18:43:40,0.0981294081570070,0
3260,0134,2,2026-06-13 18:43:50,0.1536338546458142,0
